"state","lga","longitude","latitude","SLR","SWL_AEPPC","MTWL_AEPPC","SWL_MFSLR_50","SWL_MFSLR_10","SWL_MFSLR_90","MTWL_MFSLR_50","MTWL_MFSLR_10","MTWL_MFSLR_90"
"WANorth","Broome",122.211631774902,-18.0006217956543,0.9,6.29,6.49,2959.91,1046.68,12063,1473.4,574.81,5239.52
"NT","East Arnhem",136.368728637695,-13.844162940979,0.9,2.72,3.17,1358.08,500.85,5392.01,163.05,80.34,434.52
"QLDNorth","Townsville",147.064956665039,-19.2769813537598,0.9,3.23,4.49,62913.34,14654.91,455136.78,125.09,62.89,327.14
"QLDNorth","Livingstone",150.762512207031,-23.1382923126221,0.9,3.9,5,17038.05,4690.58,98482.34,171.14,85.05,447.2
"NSW","Wollongong",150.916046142578,-34.4743537902832,0.9,2.39,3.13,178625.05,39943.66,1308081.89,482.05,210.06,1501.57
"VIC","Surf Coast",143.978164672852,-38.5659713745117,0.9,2.6,2.93,125061.02,25765.41,1086280.06,24740.35,6174.5,167566.44
"SA","Onkaparinga",138.461669921875,-35.1174468994141,0.9,3.3,4.17,9979.5,2922.66,53264.08,423.67,191.44,1244.29
"SA","Ceduna",133.674819946289,-32.189151763916,0.9,3.13,5.39,1332.68,487.63,5379.2,23.37,15.39,41.27
"WASouth","Esperance",121.899345397949,-33.8684463500977,0.9,2.23,2.82,17094.64,4655.86,100777.14,827.44,343.85,2716.93
"TAS","Burnie",145.898666381836,-41.0429649353027,0.9,2.96,3.67,290469.79,53590.8,2929742.31,6065.24,1746.68,34662.77
"WASouth","Joondalup",115.727348327637,-31.8087615966797,0.9,2.1,4.52,34428.23,8840.93,216306.42,28.66,18.31,52.82
"NT","Darwin",130.873245239258,-12.3418684005737,0.9,5,5.08,30436.04,8360.51,170577.16,11715.93,3664.35,54971.43
"VIC","Bass Coast",145.221298217773,-38.5328369140625,0.9,2.94,3.63,178705.95,35979.48,1582262.52,3684.97,1182.26,17749.81
"VIC","Glenelg",141.63020324707,-38.4082489013672,0.9,1.99,2.89,29319541.66,2968460.35,665231067.25,2542.08,863.86,11272.48
"TAS","Glamorgan-Spring Bay",148.082138061523,-42.5678176879883,0.9,1.99,2.78,8700266.61,1020381.93,162746977.38,1034.53,411.84,3624.49
"WASouth","Fremantle",115.73705291748,-32.0583763122559,0.9,2.1,3.26,26960.02,7410.2,151971.01,199.01,98.89,514.86
"NSW","Waverley",151.290802001953,-33.871639251709,0.9,2.4,3.6,319099.36,65470.82,2636615.67,127.1,67.82,296.8
"SA","Port Pirie",138.000579833984,-33.1267433166504,0.9,3.81,4.23,317.82,151.51,861.65,269.3,127.81,743.78
"SA","Port Adelaide Enfield",138.475845336914,-34.7812461853027,0.9,3.25,3.55,5068.03,1647.03,23314.79,1336.04,522.62,4756.48
"QLDNorth","Townsville",146.846267700195,-19.251106262207,0.9,3.35,4.38,33603.49,8717.22,207558.47,264.17,119.76,797.21
"SA","Charles Sturt",138.472106933594,-34.8702430725098,0.9,3.32,3.77,5837.87,1861.39,27566.37,841.11,351.37,2732.74
"VIC","Queenscliffe",144.617172241211,-38.2871551513672,0.9,2.24,3.37,1574844.18,228250.54,22255226.48,583.38,244.28,1933.12
"NT","Darwin",130.81266784668,-12.4085102081299,0.9,5,5.16,29650.49,8062.5,169463.3,7230.78,2285.58,34229.74
"SA","Victor Harbor",138.605804443359,-35.594554901123,0.9,2.54,3.84,8030.6,2622.48,35635.8,197.22,96.68,523.56
"WASouth","Albany",117.89533996582,-35.1227531433105,0.9,2.08,3.25,139683.2,29950.31,1118899.39,425.82,192.98,1243.41
"SA","Unincorporated SA",135.905776977539,-34.6888732910156,0.9,2.57,2.86,137155.52,30890.38,1006360.57,16537.07,4628.1,92911.03
"SA","Unincorporated SA",133.05322265625,-32.1064491271973,0.9,3.07,3.77,2922.54,969.87,13422.66,278.26,129.1,800.14
"WASouth","Greater Geraldton",114.582710266113,-28.7869205474854,0.9,2.03,3.11,213444.73,44832.72,1730277.56,2580.05,892.5,11050.81
"NSW","Newcastle",151.791976928711,-32.9030685424805,0.9,2.35,3.78,353038.14,71247.16,2987191.86,95.69,52.83,213.67
"VIC","Hobsons Bay",144.897003173828,-37.8736267089844,0.9,2.01,2.48,678078.46,113501.5,7748807.5,10096.61,2727.32,62805.72
"QLDSouth","Bundaberg",152.412872314453,-24.7567653656006,0.9,3.01,3.65,3259677.84,426145.79,53188891.97,1621.08,562.08,7155.3
"WASouth","Bunbury",115.637229919434,-33.3057746887207,0.9,2.36,4.27,1360.89,559.53,4425.81,33.94,21.24,64.29
"TAS","Clarence",147.393463134766,-42.9977607727051,0.9,2.13,2.27,1217112.93,176332.37,17529136.43,492381.66,77308.85,6500995.28
"WANorth","Port Hedland",118.570663452148,-20.2921123504639,0.9,4.85,6.03,1866.31,646.62,8158.97,24.72,15.31,48.94
"WANorth","Wyndham-East Kimberley",128.095184326172,-15.3794431686401,0.9,4.96,5.03,9605901.02,1122550.67,179704713.22,4238849.47,526872.92,74698658.03
"QLDSouth","Brisbane",153.156661987305,-27.3602046966553,0.9,2.64,3.01,52024443.96,4772553.06,1365365879,43288.2,10195.7,314497.88
"VIC","Greater Geelong",144.419860839844,-38.2895736694336,0.9,2.07,2.4,112799.66,24223.09,913263.43,29909.31,6958.71,228566.05
"TAS","Burnie",145.878601074219,-41.0355949401855,0.9,2.96,3.38,303665.25,55874.79,3069076.54,9468.54,2729.18,52253.55
"WANorth","Carnarvon",113.636138916016,-24.8981914520264,0.9,2.34,3.05,18460.86,4843.23,116132.93,462.28,189.95,1617.54
"TAS","George Town",146.792098999023,-41.052360534668,0.9,2.95,4.21,193166.93,39530.03,1651564.76,284.26,137.1,759.55
"WANorth","Broome",122.209922790527,-17.9969673156738,0.9,6.29,6.49,2974.78,1051.15,12136.45,1479.12,576.67,5264.87
"QLDNorth","Cairns",145.847991943359,-16.8677730560303,0.9,2.88,3.28,691970.61,113133.06,8251177.09,19544.98,5030.34,126984.33
"QLDNorth","Aurukun",141.797592163086,-12.6793203353882,0.9,3.06,4.02,1004,382.91,3822.16,72.76,40.11,165.93
"QLDNorth","Gladstone",151.407104492188,-23.962682723999,0.9,3.58,3.91,341467.12,63015.86,3405725.77,11513.96,3318.38,62719.64
"NSW","Kempsey",153.09098815918,-30.9209632873535,0.9,2.28,3.1,4679072.56,663820.23,64193667.58,501.68,215.23,1604.8
"VIC","East Gippsland",147.9462890625,-37.9042129516602,0.9,1.89,2.6,2714972.6,355146.4,44824919.45,1341.83,502.8,5173.32
"QLDNorth","Gladstone",151.320953369141,-23.7948703765869,0.9,3.59,3.71,264153.97,49541.03,2600524.39,48292.22,11365.08,348778.52
"VIC","Bass Coast",145.121734619141,-38.5073280334473,0.9,2.97,3.85,85016.43,18445.58,688039.63,889.43,351.21,3196.75
"NSW","Bega Valley",149.936981201172,-37.097900390625,0.9,2.37,4.36,185469.57,40123.84,1437535.59,30.65,18.87,60.29
"NT","East Arnhem",136.425445556641,-13.8104448318481,0.9,2.68,3.2,2477.57,837.6,11116.11,183.92,86.96,526.13
"SA","Grant",140.672210693359,-38.0639533996582,0.9,2.02,3.57,6137073.02,777900.69,101686353.11,197.16,96.97,520.17
"NSW","Northern Beaches",151.305068969727,-33.8254356384277,0.9,2.4,3.74,324372.49,66315.35,2694811.93,107.44,58.28,245.97
"WANorth","Karratha",116.761528015137,-20.5944957733154,0.9,4.73,5.13,16310.25,4337.18,100893.12,376.15,156.17,1312.17
"SA","Copper Coast",137.588287353516,-33.9396820068359,0.9,3.04,3.18,889.73,359.64,3060.46,483.38,213.75,1464.91
"TAS","Devonport",146.352432250977,-41.1579093933105,0.9,2.98,3.42,217996.7,42197.87,2049364.07,7055.48,2120.57,36726.89
"NSW","Randwick",151.252304077148,-33.9962577819824,0.9,2.39,4.03,283052.59,59221.9,2273969.47,68.46,39.35,144.99
"QLDNorth","Mackay",149.297515869141,-21.2697410583496,0.9,4.98,5.34,2450.72,894.98,9528.13,435.89,192.22,1336.85
"QLDNorth","Cassowary Coast",146.139678955078,-17.6090087890625,0.9,2.89,3.37,144687.59,29865.25,1240243.13,1750.96,637.88,6988.33
"TAS","Glamorgan-Spring Bay",148.067794799805,-42.5660400390625,0.9,2,2.37,7541788.67,897176.75,138707120.98,149147.23,29594.43,1373535.09
"QLDNorth","Cassowary Coast",146.334701538086,-18.4832286834717,0.9,3.31,3.64,13566.13,3781.41,77787.75,1206.09,458.34,4561.95
"WANorth","Ashburton",115.163749694824,-21.6142768859863,0.9,2.73,3.21,20211.46,4892.47,147450.99,329.54,139.96,1111.11
"WANorth","Karratha",117.169364929199,-20.5933799743652,0.9,4.78,5.75,5162.87,1530.9,28225.19,37.81,21.91,82.49
"QLDSouth","Sunshine Coast",153.139892578125,-26.6974658966064,0.9,2.37,3.18,106519403.83,9088210.85,3050762434.46,1336.98,498.6,5202.68
"QLDNorth","Whitsunday",148.842590332031,-20.2819118499756,0.9,3.71,4.54,8816.87,2625.02,46015.51,86.1,47.49,193.87
"QLDNorth","Torres",142.155624389648,-10.5569248199463,0.9,3.27,3.73,5868.04,1881.53,27415.36,460.51,206.63,1362.83
"QLDSouth","Fraser Coast",152.941467285156,-25.2762908935547,0.9,3.3,3.73,2015231.03,309727.69,25148819.07,4679.65,1387.79,25779.6
"SA","Unincorporated SA",137.602798461914,-33.023551940918,0.9,3.66,4.07,310.5,148.52,837.8,273.81,132.06,733.38
"WANorth","Karratha",116.678909301758,-20.5885372161865,0.9,2.76,3.45,12367.62,3372.91,74377.42,87.22,44.71,226.28
"QLDNorth","Torres",142.315673828125,-10.5067167282104,0.9,3.18,3.88,21106.18,5705.51,124449.88,10078.1,2681.99,64560.69
"QLDNorth","Douglas",145.468811035156,-16.4769401550293,0.9,2.88,3.1,503084.73,86424.03,5587615.34,65811.4,14584.65,520902.51
"NSW","Clarence Valley",153.367126464844,-29.4367237091064,0.9,2.28,2.93,1860228.89,311125.47,20043418.28,1457.49,530.62,5900.74
"QLDNorth","Torres Strait Island",142.210647583008,-10.522177696228,0.9,3.24,3.84,7908.23,2407.35,39891.32,304.71,144.8,832.92
"VIC","Greater Geelong",144.724807739258,-38.1704139709473,0.9,2,2.32,373646.77,73103.71,3331170.82,90694.29,18497.81,821524.47
"VIC","Mornington Peninsula",144.899749755859,-38.3481216430664,0.9,2.06,2.55,74193.77,18117.17,487860.93,4582.25,1451.23,22270.53
"SA","Onkaparinga",138.470275878906,-35.0958251953125,0.9,3.3,3.88,9376.87,2773.24,49346.04,682.71,288.64,2198.41
"QLDNorth","Livingstone",150.760681152344,-23.1353740692139,0.9,3.9,5,16733.31,4631.33,95883.16,169.11,84.19,440.75
"VIC","Surf Coast",144.035140991211,-38.4956665039062,0.9,2.6,2.9,114631.4,24048.04,968228.52,26905.2,6602.7,187027.17
"SA","Yorke Peninsula",137.767929077148,-35.0375442504883,0.9,2.96,3.87,44913.04,10583.63,325176.23,633.24,274.11,1962.04
"QLDNorth","Whitsunday",148.079605102539,-19.8762283325195,0.9,3.19,3.98,29551.34,7442.96,194330.17,203.92,98.29,557.61
"WANorth","Exmouth",114.142883300781,-21.9546566009521,0.9,2.72,3.6,27135.37,6797.97,181291.61,77.78,42.53,179.32
"NSW","Shoalhaven",150.768478393555,-35.0744934082031,0.9,2.39,3.37,97574.1,23604.13,642579.88,175.54,91.9,416.25
"NSW","Coffs Harbour",153.156051635742,-30.3061962127686,0.9,2.42,3.07,13443360.88,1652063.23,224577096.04,1744.83,661.3,6473.06
"VIC","Moyne",142.245132446289,-38.4012489318848,0.9,2.02,2.33,4477829.26,622502.05,63893838.16,387221.12,63059.81,4851834.97
"SA","Onkaparinga",138.458389282227,-35.1697807312012,0.9,3.29,4.02,10911.93,3146.57,59592.06,609.74,260.08,1945.78
"WANorth","Ashburton",115.466323852539,-20.6898097991943,0.9,2.81,3.86,4095.56,1228.57,22300.49,40.61,23.98,84.83
"QLDNorth","Isaac",149.473999023438,-21.7463283538818,0.9,4.96,6.12,3405.89,1147.82,15033.14,49.25,28.95,102.21
"QLDNorth","Cook",145.285095214844,-15.4928417205811,0.9,2.81,3.18,781076.13,128764.46,9097067.25,70076.58,15287.51,568876.94
"VIC","Greater Geelong",144.635314941406,-38.1060447692871,0.9,2.02,2.38,900653.38,153316.16,9801565.01,104027.95,20786.65,970200.71
"WANorth","Ashburton",115.375946044922,-20.6875629425049,0.9,2.63,3.76,458218.31,80844.95,4872761.16,112.46,56.06,301.78
"TAS","West Coast",145.027053833008,-41.8157424926758,0.9,2.84,4,465786702.63,31371082.49,18790336621.42,1525.71,569.73,5868.41
"WASouth","Dundas",128.882766723633,-31.7294902801514,0.9,2.96,4.17,28021.07,7443.2,167623.67,226.05,111.44,588.6
"SA","Kingston (SA)",139.666198730469,-36.9562568664551,0.9,2.56,3.5,5860.59,1966.33,25223.13,547.33,242.15,1644.42
"SA","Kangaroo Island",137.180358886719,-36.0086135864258,0.9,2.95,3.56,56975.71,14212.23,366106.26,10952.55,3118.14,61246.67
"TAS","Circular Head",145.312255859375,-40.7651710510254,0.9,2.94,3.28,665009.31,108529.59,7978128.61,36636.19,8362.92,286002.45
"SA","Elliston",134.854675292969,-33.6464500427246,0.9,2.76,4.66,2032.02,733.02,8177.77,75.53,41.88,169.96
"WANorth","Shark Bay",113.513900756836,-25.9233150482178,0.9,2.43,3.2,3119.14,1006.44,15047.05,146.34,73.63,377.7
"VIC","Greater Geelong",144.474060058594,-38.2902946472168,0.9,2.31,2.8,103895.54,22477.21,834136.48,5853.35,1735.92,31680.92
"QLDSouth","Noosa",153.108322143555,-26.3750782012939,0.9,2.38,3.22,44275628.88,4240265.91,1084035769.49,1321.99,500.54,5003.04
"SA","Unincorporated SA",132.431213378906,-32.0147438049316,0.9,2.98,4.04,16040.16,4214.89,101613.59,262.44,124.27,729.14
"SA","Unincorporated SA",136.499649047852,-35.1658554077148,0.9,2.65,3.87,15095.21,4461.27,77242.79,560.8,247.19,1693.73
"WANorth","Derby-West Kimberley",123.719276428223,-16.1033020019531,0.9,6.28,6.92,3173.01,1113.56,13055.76,131.42,65.35,349.85
"WANorth","Ashburton",115.097961425781,-21.6335697174072,0.9,2.73,3.67,22940.48,5493.71,169201.75,61.7,33.77,144.58
"SA","Wattle Range",139.998825073242,-37.4942817687988,0.9,2.08,3.65,254227,54479.4,1969177.53,234.17,117.35,590.62
"QLDNorth","Torres",142.626602172852,-10.716986656189,0.9,3.2,4.03,15823.58,4470.7,87608.53,5372.79,1586.27,29529.2
"TAS","Huon Valley",147.098419189453,-43.2927169799805,0.9,2.15,2.28,381837.92,68091,4029255.89,129061.86,27128.38,1077680.66
"QLDNorth","Torres",142.322967529297,-10.5164833068848,0.9,3.14,3.89,70966.55,15935.83,545190.12,20104.82,5038.9,137141
"SA","Kangaroo Island",136.535095214844,-35.8576393127441,0.9,2.66,3.85,12422.57,3706.8,63194.11,372.52,174.6,1031.53
"SA","Wattle Range",139.879470825195,-37.3767509460449,0.9,2.15,2.73,29393.64,8019.03,167090.26,5442.3,1747.61,25478.98
"SA","Unincorporated SA",136.156509399414,-34.9915504455566,0.9,2.63,2.99,26597.65,7219.92,153455.1,3342.98,1175.7,13658.71
"VIC","Unincorporated Vic",146.515869140625,-38.9114189147949,0.9,2.87,3.09,4130880.38,517493.88,71854776.65,140561.7,30943.05,1072980.28
"QLDSouth","Fraser Coast",153.356964111328,-24.9777183532715,0.9,3.27,3.89,11134832.3,1256281.03,220238989.17,6133.35,1898.57,30499.23
"WASouth","Rockingham",115.701889038086,-32.3069496154785,0.9,2.08,3.3,55948.34,13522.95,381023.43,313.62,142.57,929.36
"WASouth","Nedlands",115.749351501465,-31.9685497283936,0.9,2.1,3.49,28262.43,7814.13,157220.57,83.14,46.38,183.72
"WANorth","Exmouth",114.09871673584,-22.0990867614746,0.9,2.74,3.42,16407.21,4362.87,101454.43,112.24,57.9,281.64
"WANorth","Ashburton",115.477195739746,-20.836986541748,0.9,2.8,3.89,5370.27,1554.84,30671.13,36.58,21.62,76.94
"SA","Kangaroo Island",137.937957763672,-35.7128486633301,0.9,2.47,3.39,48075.82,12125.93,305828.98,750.26,319.8,2366.12
"SA","Cleve",136.576965332031,-33.9472122192383,0.9,2.86,3.54,17442.99,4783.15,101406.97,1410.3,528.86,5410.65
"SA","Lower Eyre Peninsula",136.023025512695,-34.8660087585449,0.9,2.61,2.91,42477.56,11058.94,257093.49,11068.57,3383.05,54286.59
"SA","Whyalla",137.786407470703,-32.9926872253418,0.9,3.65,4.06,329.52,156.73,895.02,279.67,133.18,765.73
"SA","Yorke Peninsula",137.354400634766,-34.9310340881348,0.9,3.12,3.65,1955.81,722.87,7543.72,270.95,130.11,732
"QLDNorth","Mackay",149.895462036133,-21.0195617675781,0.9,4.89,5.83,13527.41,3930.67,71846.05,121.14,63.02,297.38
"VIC","East Gippsland",147.987808227539,-37.8907623291016,0.9,1.89,2.58,2464306.42,325895.48,40128503.87,1402.68,526.91,5365.94
NA,"Whitsunday",149.818756103516,-20.0906581878662,0.9,3.59,4.83,283530.89,54509.84,2653662.89,61.49,35.7,128.72
"NSW","Ballina",153.61018371582,-28.8397369384766,0.9,2.34,3.06,14524715.66,1813590.42,234748289.8,3888.38,1256.25,18411.25
"NT","Unincorporated NT",130.514770507812,-12.6257009506226,0.9,4.98,5.08,51728.84,12591.95,349447.56,14427,4180.31,76713.92
"SA","Yankalilla",138.086761474609,-35.6061515808105,0.9,2.51,3.49,17479.7,5024.34,93231.68,476.62,210.06,1454.73
"NSW","Port Stephens",152.201217651367,-32.7411689758301,0.9,2.4,3.57,494638.22,94928.07,4491967.09,121.52,66.63,270.92
"QLDNorth","Cook",144.883728027344,-14.5548992156982,0.9,2.81,3.28,2039248.34,298533.82,27801269.59,21838.37,5570.46,143181.02
"QLDNorth","Gladstone",151.92448425293,-23.306095123291,0.9,3.54,4.57,2299200.36,335961.64,31212529.79,348.15,153.72,1082.48
"VIC","Bass Coast",145.359298706055,-38.569507598877,0.9,2.95,4.58,119512.34,24677.42,1036938.21,157.09,79.46,399.39
"WASouth","Dundas",126.06566619873,-32.2820434570312,0.9,2.18,3.33,56663.22,13736.24,383521.09,215.24,105.06,572.68
"VIC","Mornington Peninsula",144.762985229492,-38.345573425293,0.9,2.03,2.24,62799.26,15910.18,390360.26,39316.65,9744.84,261423.44
"QLDNorth","Cook",143.415405273438,-12.5892887115479,0.9,2.72,3.34,7191184.69,890498.16,123133640.22,230784.27,43054.85,2315923.14
"QLDNorth","Gladstone",151.908676147461,-23.4388313293457,0.9,3.54,4.26,2303259.83,334229.01,31665897.63,901.31,334.98,3640.15
"VIC","Mornington Peninsula",145.036819458008,-38.4872627258301,0.9,2.95,4.24,167388.59,33497.06,1505329.51,268.43,127.9,736.16
"VIC","Kingston (Vic.)",145.111022949219,-38.0797386169434,0.9,2.03,2.66,300217.68,56339.7,2927254.46,2703.96,918.98,11934.77
"WANorth","Wyndham-East Kimberley",124.291732788086,-15.322434425354,0.9,6.26,6.94,4406.07,1447.81,20040.39,309.51,140.4,921.8
"VIC","Bass Coast",145.368392944336,-38.5389366149902,0.9,2.96,3.91,102945.74,21725.26,866187.34,659.16,273.24,2207.17
"VIC","Wyndham",144.678146362305,-37.9899787902832,0.9,2.02,2.45,1349963.99,211395.27,16689982.08,32197.05,7309.59,256613.53
"VIC","Surf Coast",144.363662719727,-38.3202171325684,0.9,2.07,2.31,129215.25,27205.41,1075593.81,72446.74,15495.01,609178.65
"SA","Elliston",134.446472167969,-33.7753486633301,0.9,2.68,3.94,7651.65,2373.73,37353.1,147.1,75.75,363.3
"QLDNorth","Lockhart River",143.524948120117,-13.1872329711914,0.9,2.72,3.86,6690382.81,826918.62,115502789.09,2959.69,973.84,13804.74
"VIC","Mornington Peninsula",145.015808105469,-38.2528228759766,0.9,2.04,2.61,131851.36,29073.99,1007268.12,3640.43,1186.87,17022.43
"QLDNorth","Cook",145.479095458984,-14.6609563827515,0.9,2.83,3.7,998493.57,157198.65,12464968.2,2552.42,873.71,11159.51
"WASouth","Dandaragan",115.017585754395,-30.3131942749023,0.9,2.07,3.84,100525.39,22962.26,732209.19,104.03,55.7,244.51
"QLDNorth","Livingstone",150.680480957031,-21.9535064697266,0.9,3.85,4.42,55897.61,13212.65,396608.14,700.97,280.94,2491.69
"QLDNorth","Cook",143.597961425781,-13.4578561782837,0.9,2.73,3.47,3379935.94,445585.85,54154661.59,11250.35,2965.3,72795.39
"QLDNorth","Gladstone",151.36018371582,-23.8441028594971,0.9,3.58,3.7,293940.21,54716.68,2913527.98,58977.05,13472,444327.76
"SA","Franklin Harbour",136.89794921875,-33.7826766967773,0.9,2.92,3.73,5093.67,1652.05,23511.83,402.37,178.32,1229.47
"WANorth","Broome",122.920036315918,-16.39599609375,0.9,6.21,8.11,13133.2,3714.07,73461.26,14.69,10.12,24.62
"QLDNorth","Palm Island",146.692947387695,-18.7623119354248,0.9,3.27,4.26,40896.44,10235.83,266429.4,223.78,105.84,630.14
"VIC","Greater Geelong",144.608428955078,-38.1155853271484,0.9,2.02,2.41,973920.46,163460.85,10823433.68,68395.8,14091.53,620799.54
"NT","Roper Gulf",136.516967773438,-15.5269403457642,0.9,2.76,3.18,850.2,329.59,3176.04,157.51,77.16,425.64
"VIC","Mornington Peninsula",144.682495117188,-38.3029098510742,0.9,1.99,2.27,249222.75,54688.82,1853532.18,99883.92,21357.3,821741.56
"VIC","Mornington Peninsula",144.72526550293,-38.3128089904785,0.9,2.02,2.23,89827.86,22213.28,571636.44,35210.33,9126.77,217182.61
"VIC","Bayside (Vic.)",145.012969970703,-37.9861907958984,0.9,2.01,2.55,606381.14,102359.91,6872264.14,11369.98,3012.32,72769.87
"VIC","Port Phillip",144.961761474609,-37.8651657104492,0.9,2,2.48,757452.28,121829.95,9256006.14,9495.09,2582.72,58551.16
"NT","Roper Gulf",135.730651855469,-14.306037902832,0.9,2.86,3.58,339.99,145.55,1125.14,64.82,34.83,157.02
"QLDNorth","Torres",142.951507568359,-9.85594081878662,0.9,3.08,3.57,455228.64,82003.38,4660498.18,137361.29,28966.89,1135551.67
"SA","Port Augusta",137.856109619141,-32.7116355895996,0.9,3.68,3.91,266.05,131.09,686.63,291.75,139.28,793.02
"WANorth","Ashburton",115.418029785156,-20.6629943847656,0.9,2.66,4.16,154982.18,31134.18,1390925.56,39.99,22.99,88.19
"NT","East Arnhem",135.162536621094,-12.2201509475708,0.9,3.19,3.67,9091.13,2594.66,51265.08,322.86,140.54,1038.29
"TAS","Circular Head",144.763442993164,-40.4397125244141,0.9,2.89,3.94,6946215.05,825844.92,128612062.45,6341.76,1968.68,31298.25
"TAS","King Island",144.104827880859,-40.0475730895996,0.9,2.48,3.16,36981333.69,3260830.24,1071939603.99,12546.22,3505.3,72006.67
"QLDNorth","Cook",145.447540283203,-15.7513809204102,0.9,2.81,3.39,658745.41,109269.62,7670871.49,15553.59,4215.76,93114.6
NA,"Mackay",150.928894042969,-20.4258937835693,0.9,4.58,6.03,1950275.43,289089.57,26058123.96,64.27,36.04,143.2
"VIC","Bass Coast",145.272766113281,-38.5111198425293,0.9,2.95,3.52,124151.92,25435.47,1090295.1,4074.22,1288.3,20029.26
"QLDNorth","Pormpuraaw",141.524032592773,-14.5044069290161,0.9,3.05,4.48,1010.45,386.54,3822.62,30.12,19.26,55.24
"WANorth","Broome",121.965843200684,-18.4140720367432,0.9,6.3,7.15,2427.75,877.51,9623.46,96.67,51,234.89
"VIC","Wyndham",144.801208496094,-37.9131851196289,0.9,2.01,2.46,685124.36,118045.85,7417372.72,12218.14,3221.3,78499.37
"WASouth","Manjimup",115.999702453613,-34.846134185791,0.9,2.1,3.16,541240.85,95315.98,5713466.78,663.56,285.62,2071.27
NA,"Whitsunday",149.715850830078,-20.0136013031006,0.9,3.59,4.47,272177.31,52474.72,2540819.62,166.09,82.38,436.45
"QLDNorth","Whitsunday",148.560501098633,-19.9888191223145,0.9,3.2,4.3,22018.55,5839.34,134132.46,59.17,33.5,130.22
"SA","Yankalilla",138.237152099609,-35.4988975524902,0.9,2.49,3.56,24176.27,6230.75,154371.61,240.38,114.45,664.92
"VIC","Mornington Peninsula",144.851089477539,-38.3629608154297,0.9,2.07,2.41,58423.75,14803.25,364542.32,14001.3,3826.51,83130.38
"WANorth","Exmouth",114.142738342285,-21.7975425720215,0.9,2.67,4.68,113476.75,24745.51,892794,13.31,9.12,22.71
"WANorth","Wyndham-East Kimberley",128.772811889648,-14.8344984054565,0.9,5.03,5.86,327622.13,63480.53,2995824.62,261.3,122.09,744.63
"WASouth","Manjimup",116.738777160645,-35.0417938232422,0.9,2.08,2.46,175641.61,36181.57,1492524.04,16360.38,4731.73,86632.06
"QLDNorth","Mornington",139.676879882812,-16.4017772674561,0.9,4.14,5.34,180.81,91.08,459.01,19.8,13.33,33.91
"QLDNorth","Torres",142.168746948242,-10.2303152084351,0.9,3.17,3.81,38704.58,9296.34,273134.48,402.28,184.96,1148.16
"WANorth","Karratha",116.95361328125,-20.6833477020264,0.9,4.9,6.1,1038.8,380.46,4268.4,19.34,12.43,36.28
"QLDNorth","Cairns",145.972595214844,-16.7534255981445,0.9,2.88,3.46,853926.24,134519.26,10761786.19,5086.62,1598.1,24916.38
"WASouth","Rockingham",115.689399719238,-32.2365188598633,0.9,2.12,2.5,16829.02,4905.13,87734.92,1345.49,532.96,4679.93
"QLDNorth","Burdekin",147.409255981445,-19.3074054718018,0.9,3.24,3.78,51162.63,12176.23,360518.36,884.35,354.39,3092.58
"NT","East Arnhem",135.678955078125,-11.9292297363281,0.9,3.17,3.43,13628.3,3808.47,77747.82,1274.4,476.77,4946.21
"QLDNorth","Northern Peninsula Area",142.102737426758,-10.9672031402588,0.9,3.27,3.58,1799.27,648.2,7319.78,361.74,163.2,1076.67
"WASouth","Augusta Margaret River",115.021179199219,-34.2565498352051,0.9,2.2,4.26,21546.4,5509.63,140738.53,42.42,25.94,82.65
"QLDNorth","Torres",142.871856689453,-10.0437240600586,0.9,3.12,3.6,143166.52,30368.79,1167797.61,212264.24,40976.9,2009169.83
"WANorth","East Pilbara",119.774200439453,-19.9569301605225,0.9,4.84,5.21,2251.67,806.63,9117.58,238.51,110.93,690.33
"WANorth","Broome",122.248458862305,-17.1136341094971,0.9,6.18,6.73,23153.46,6187.67,138611.02,673.45,268.94,2417.89
"QLDNorth","Cassowary Coast",146.335098266602,-18.3602714538574,0.9,3.27,3.49,35041.3,8760.06,231039.77,3746.45,1250.13,16738.33
"SA","Whyalla",137.440902709961,-33.2315673828125,0.9,3.63,3.94,403.09,185.68,1146.48,404.95,184.01,1180.49
"SA","Yorke Peninsula",137.768692016602,-35.0113372802734,0.9,2.96,3.62,44860.8,10559.94,325481.3,842.65,356.83,2670.78
"WANorth","Broome",123.314888000488,-17.0903549194336,0.9,6.2,6.63,14654.65,4188.17,79832.15,435.06,179.75,1513.45
"QLDNorth","Torres",142.684844970703,-10.917688369751,0.9,3.06,3.39,1325889.66,207563.54,16420116.38,129126.83,27489.73,1053149.23
"QLDNorth","Mornington",139.580749511719,-17.1097755432129,0.9,4.25,5.44,97.59,52.45,228.71,14.12,9.94,22.75
"WANorth","Broome",123.159187316895,-16.3905277252197,0.9,6.17,6.98,32936.84,8469.13,207005.91,102.09,52.96,255.2
"WANorth","Karratha",116.191215515137,-20.8251476287842,0.9,2.66,4.03,146391.04,30005.68,1270311.34,29.03,17.58,59.32
"QLDSouth","Gold Coast",153.519638061523,-28.1603393554688,0.9,2.28,2.82,17416409.43,2071224.73,304021102.63,3354.96,1058.64,16806.88
"QLDNorth","Torres",142.706924438477,-10.9305419921875,0.9,3.06,3.41,1471712.56,225208.3,18880538.41,101834.88,22622.64,779680.25
"WANorth","Shark Bay",113.505187988281,-25.5005359649658,0.9,2.38,3.16,8653.71,2418.07,51009.45,211.95,100.62,594.97
"SA","Unincorporated SA",133.50520324707,-32.3217849731445,0.9,3.03,4.78,5837.05,1755.48,30760.77,67.55,38.3,146.83
"QLDNorth","Palm Island",146.686508178711,-18.7334079742432,0.9,3.25,4.36,59990.54,14278.43,418400.66,205.01,97.64,573.32
"WANorth","Wyndham-East Kimberley",127.829887390137,-14.3628454208374,0.9,5.03,5.82,330868.36,69562.91,2613327.45,267.42,121.74,799.69
"WANorth","Wyndham-East Kimberley",125.901412963867,-14.5167436599731,0.9,5.12,5.24,22723.26,5895.57,143891.81,20439.58,5030.99,144205.02
"NT","East Arnhem",136.830047607422,-13.7504892349243,0.9,2.67,3.52,2869.68,961.22,12965.41,69.2,38.25,157.59
"QLDNorth","Lockhart River",143.545196533203,-12.843300819397,0.9,2.72,3.54,8351609.48,1012597.27,147261701.26,55351.38,12555.12,424402.71
"QLDNorth","Cook",143.759353637695,-13.9299163818359,0.9,2.81,3.21,2147130.08,294615.98,32923588.26,108498.95,21296.56,1044001.3
"QLDNorth","Torres",142.325164794922,-10.6027498245239,0.9,3.14,3.36,60854.42,13881.03,458725.59,73052.13,14992.83,664640.77
"WANorth","Karratha",115.705352783203,-21.2753944396973,0.9,2.71,3.03,33481.04,7766.72,255107.78,1280.22,451.09,5581.63
"QLDNorth","Isaac",149.581100463867,-22.1410808563232,0.9,4.99,5.4,2208.25,781.81,9152.32,261.8,122.04,749.31
"WANorth","Karratha",116.686172485352,-20.527889251709,0.9,4.73,5.63,15184,4055.3,93628.75,62.56,33.78,150.52
"WANorth","Wyndham-East Kimberley",125.128280639648,-14.4441356658936,0.9,5.12,6.08,20243.97,5436.51,121150.46,87.63,46.27,214.24
"TAS","George Town",146.958847045898,-41.0102310180664,0.9,2.95,4.35,185910.31,38975.01,1524668.52,238.01,118.18,609.81
"SA","Lower Eyre Peninsula",135.109100341797,-34.590259552002,0.9,2.66,3.8,11551.75,3431.05,59521.01,337.66,154.04,988.89
"NT","West Daly",129.409133911133,-14.2268543243408,0.9,5.04,5.44,201280.52,40257.91,1790205.26,3726.73,1172.27,18630.67
"SA","Lower Eyre Peninsula",135.106781005859,-34.5828094482422,0.9,2.73,3.93,3330.85,1157.28,13917.04,189.26,93.25,499.04
"QLDNorth","Cook",143.691986083984,-13.6643896102905,0.9,2.74,3.12,2762362.44,370216.74,43509768.99,84176.17,17340.96,752139.87
"NSW","Richmond Valley",153.452301025391,-29.1151275634766,0.9,2.25,2.86,9798011.59,1296334.8,146013244.28,7199.19,2083.7,40205.15
"QLDNorth","Hope Vale",145.282745361328,-15.387996673584,0.9,2.83,3.05,720303.62,120186.36,8247346.23,135283.84,28355.25,1132147.58
"QLDNorth","Cassowary Coast",146.16064453125,-17.9593524932861,0.9,3.11,3.98,37694.49,9131.31,262257.62,275.93,124.52,837.27
"WANorth","Wyndham-East Kimberley",127.62767791748,-14.1565856933594,0.9,5.01,5.67,891577.3,164773.26,8380639.28,366.09,162.22,1126.3
"QLDNorth","Cook",144.484512329102,-14.1636114120483,0.9,2.83,3.4,993774.29,158531.75,12109374.79,2899.99,890.08,15536.78
"NT","East Arnhem",136.624969482422,-12.9765071868896,0.9,3.19,3.84,10314.62,2917.26,58644.47,488.47,196.05,1782.99
"SA","Yorke Peninsula",137.490112304688,-34.2766609191895,0.9,2.97,4.29,2162.85,782.59,8619.88,70.7,40.7,149.04
"NT","West Arnhem",132.592666625977,-10.9687538146973,0.9,4.89,5.65,2034295.28,303168.71,26841167.68,1144.2,428.73,4462.8
"WANorth","Broome",122.178184509277,-17.6473617553711,0.9,6.28,6.81,3445.39,1204.98,14194.49,308.13,144.14,866.48
"NT","Tiwi Islands",130.145385742188,-11.4755601882935,0.9,4.88,5.63,2372925.01,313465.64,38827259.37,543.24,228.73,1790.43
"TAS","Huon Valley",145.952133178711,-43.3556022644043,0.9,2.09,3.46,6264754.15,880023.96,86039612.24,476.96,214.23,1405.85
"QLDNorth","Mornington",139.748779296875,-16.5429191589355,0.9,4.18,5.03,145.73,75.1,359.61,25.43,16.62,45.25
"WANorth","Wyndham-East Kimberley",126.000129699707,-14.2587823867798,0.9,5.11,5.73,29070.54,7323.42,191302.96,335.04,145.15,1084.2
"NT","West Daly",129.814651489258,-13.4978065490723,0.9,4.94,5.16,192548.6,39476.43,1641045.81,24881.55,6272.56,165274.36
"QLDNorth","Livingstone",150.702621459961,-21.9537868499756,0.9,3.84,5.27,67080.96,15368.33,498345,64,36.58,137.58
"QLDNorth","Cassowary Coast",146.178268432617,-17.9479675292969,0.9,3.09,3.97,71271.81,16169.9,537012.26,342.83,151.71,1062.58
"VIC","Wellington",147.512222290039,-38.1365203857422,0.9,1.95,2.51,197381.63,39983.13,1717081.55,2105.83,721.82,9313.14
"NT","West Arnhem",132.923233032227,-11.1303930282593,0.9,4.91,5.59,567770.32,106877.73,5295691.42,2247.99,797.65,9267.2
"NSW","Ballina",153.611038208008,-28.8455924987793,0.9,2.34,3.03,9742352.98,1301577.73,142733934.39,6317.04,1903.93,32964.98
"QLDSouth","Fraser Coast",153.267807006836,-24.7002735137939,0.9,3.3,4.47,1472238.54,217001.56,20251294.84,411.72,180.86,1276.97
"WANorth","Wyndham-East Kimberley",125.676094055176,-14.159613609314,0.9,5.1,6.38,33120.94,8151.34,225683.09,37.39,22.32,76.89
"NSW","Bega Valley",150.083282470703,-36.422550201416,0.9,2.35,3.84,204047.04,44262.22,1565493.64,46.25,27.52,94.3
"WANorth","Port Hedland",119.190498352051,-19.9453086853027,0.9,4.82,5.09,2760.95,961.59,11623.44,583.34,238.95,2015.97
"VIC","Glenelg",141.072341918945,-38.0935173034668,0.9,2.04,2.63,1527498.95,240114.64,18608327.62,5263.26,1644.73,25982.34
"VIC","Glenelg",141.174133300781,-38.1464004516602,0.9,2.02,2.68,5443180.15,698443.07,88858287.05,9105.36,2640.01,49829.59
"VIC","Glenelg",141.239898681641,-38.1865692138672,0.9,2.02,2.71,5677310.9,722814.53,93773789.57,7676.03,2294.25,40144.32
"VIC","Glenelg",141.342407226562,-38.2694435119629,0.9,2.02,2.65,4675414.74,613089.81,74047555.52,11935.86,3355.76,67933.54
"VIC","Glenelg",141.362701416016,-38.3697319030762,0.9,2.01,2.74,9697629.03,1165646.22,172091589.34,9108.07,2711.44,47442.82
"VIC","Glenelg",141.41227722168,-38.4009056091309,0.9,1.99,2.57,42868873.28,4163724.13,1024706817.38,73260.22,15632.65,618251.62
"VIC","Glenelg",141.492294311523,-38.3837089538574,0.9,2.01,2.45,8302065.25,978848.09,154255390.24,55359.75,11934.52,467741.3
"VIC","Glenelg",141.535110473633,-38.4397430419922,0.9,1.99,4.48,33893777.34,3377365.45,784578225.69,80.86,44.56,183.23
"VIC","Glenelg",141.640731811523,-38.2952766418457,0.9,2.01,2.28,9175930.42,1148393.9,151740671.22,613055.37,92690.81,8563377.52
"VIC","Glenelg",141.667434692383,-38.280647277832,0.9,2.01,2.42,7215151.03,938509.93,112867211.43,60821.23,12730.41,540266.57
"VIC","Glenelg",141.718215942383,-38.2639350891113,0.9,2.02,2.26,5588879.67,755488.96,82794637.18,423222.9,67893.3,5422730.01
"VIC","Glenelg",141.857879638672,-38.2674942016602,0.9,2.03,2.38,3097495.37,449777.16,41756516.88,99545.12,19354.5,982230.56
"VIC","Moyne",141.972457885742,-38.3012351989746,0.9,2.04,2.44,1778068.09,272921.49,22413114.16,37558.92,8420.49,303063.21
"VIC","Moyne",142.069732666016,-38.361385345459,0.9,2.02,2.48,4754293.72,648433.9,69980745.3,50504.38,11005.31,420888.93
"VIC","Moyne",142.159042358398,-38.3936805725098,0.9,2.02,2.55,3504431.9,493262.48,49624728.76,26347.66,6296.73,193015.5
"VIC","Moyne",142.317962646484,-38.3637771606445,0.9,2.03,2.33,2196877.95,320735.98,29957201.15,110678.99,21187.58,1116338.18
"VIC","Moyne",142.368423461914,-38.3553047180176,0.9,2.04,2.49,1931263.16,279932.1,26914117.79,22099.87,5331.23,161165.82
"VIC","Warrnambool",142.473266601562,-38.4061393737793,0.9,2.04,2.77,1983580.92,295390.75,26249765.38,4830.89,1493.2,24497.39
"VIC","Warrnambool",142.593643188477,-38.4447784423828,0.9,2.05,4.17,886992.5,134721.38,11945384.58,84.09,46.03,192.4
"VIC","Moyne",142.699172973633,-38.5162963867188,0.9,2.04,2.63,1777269.6,261734.15,24180007.12,13493.26,3593.13,84395.88
"VIC","Moyne",142.760925292969,-38.5590782165527,0.9,2.04,2.4,1600733.55,240393,21146513.1,77885.87,16013.67,702675.16
"VIC","Moyne",142.855392456055,-38.6059112548828,0.9,2.56,4.42,427168.83,73539.09,4778615.09,102.17,54.6,241.3
"VIC","Corangamite",142.938079833984,-38.6286964416504,0.9,2.54,3.02,1170755.59,183188.81,14628898.72,33445.05,7889.63,246762.8
"VIC","Corangamite",143.061187744141,-38.6513214111328,0.9,2.56,4.99,453132.84,78426.14,4998237.11,48.59,28.54,101.15
"VIC","Corangamite",143.12614440918,-38.6886444091797,0.9,2.55,4.4,655435.46,106977.11,7869738.34,120.7,62.64,297.81
"VIC","Corangamite",143.220077514648,-38.765064239502,0.9,2.55,4.94,901921.48,138863.7,11823068.11,58.58,33.59,125.92
"VIC","Corangamite",143.258102416992,-38.7737083435059,0.9,2.54,4.71,1398127.19,200119.26,20400731.88,76.99,42.5,174.46
"VIC","Colac Otway",143.322082519531,-38.7615127563477,0.9,2.54,3.89,979264.35,145270.87,13695797.41,351.97,157.79,1062.17
"VIC","Colac Otway",143.442535400391,-38.8025894165039,0.9,2.54,3.76,992980.83,145236.78,14254489.77,482.96,204.24,1592.03
"VIC","Colac Otway",143.474304199219,-38.8234748840332,0.9,2.55,3.83,718170.34,108468.87,9930378.37,414.54,179.33,1323.27
"VIC","Colac Otway",143.489456176758,-38.8496475219727,0.9,2.54,4.4,1243646.02,176740.42,18553783.78,141.77,71.79,362.26
"VIC","Colac Otway",143.561721801758,-38.8537979125977,0.9,2.55,4.17,864308.19,129442,11979625.94,167.99,85.5,420.39
"VIC","Colac Otway",143.609146118164,-38.8103332519531,0.9,2.55,3.81,675090.49,104915.4,8876966.24,296.79,137.39,853.2
"VIC","Colac Otway",143.670211791992,-38.7791442871094,0.9,2.56,3.57,559900.2,89687.34,7044207.45,782.02,318.52,2674.96
"VIC","Colac Otway",143.721633911133,-38.7261772155762,0.9,2.57,3.45,375301.99,64021.26,4311197.91,949.58,371.23,3462.15
"VIC","Colac Otway",143.830795288086,-38.6988716125488,0.9,2.58,3.8,209634.96,39201.54,2108545.68,300.95,137.39,887.34
"VIC","Colac Otway",143.908462524414,-38.6325874328613,0.9,2.6,3.45,124256.04,25401.2,1095639.01,1119.9,413.51,4501.25
"VIC","Colac Otway",143.922714233398,-38.6115913391113,0.9,2.6,3.32,127279.68,25980.73,1123574.76,2008.91,687.63,8940.84
"VIC","Surf Coast",144.006912231445,-38.5137557983398,0.9,2.6,2.86,115043.6,24094.46,974493.81,30897.08,7640.07,209663.89
"VIC","Surf Coast",144.112899780273,-38.4712715148926,0.9,2.59,2.99,131728.85,27183.17,1136751.2,16082.32,4105.33,107696.79
"VIC","Surf Coast",144.18293762207,-38.4305267333984,0.9,2.59,2.93,145439.73,29673.46,1273490.72,30078.59,7125.24,221892.3
"VIC","Surf Coast",144.246520996094,-38.4009552001953,0.9,2.6,3.24,129253.49,26976.51,1093473.98,2560.19,830.09,12426.52
"VIC","Surf Coast",144.299911499023,-38.3594818115234,0.9,2.07,2.85,135378.78,28216.32,1144721.99,2790.85,860.98,14848.59
"VIC","Greater Geelong",144.483413696289,-38.2930297851562,0.9,2.3,2.77,116744.35,24878.9,956554.57,8410.1,2378.3,48545.45
"VIC","Greater Geelong",144.531326293945,-38.2786865234375,0.9,2.31,2.72,94790.15,20812.44,744938.09,13145.72,3470.65,83758.03
"VIC","Greater Geelong",144.583847045898,-38.2871780395508,0.9,2.31,2.95,95657.6,20855.07,761200.26,2000.25,696.76,8609.62
"VIC","Greater Geelong",144.711074829102,-38.2048835754395,0.9,1.99,2.34,473107.81,89331.41,4435026.61,58841.15,12830.52,484144.96
"VIC","Greater Geelong",144.672241210938,-38.1073417663574,0.9,2.03,2.39,794909.51,138587.74,8346249.28,88093.94,18059.34,791902.62
"VIC","Greater Geelong",144.566375732422,-38.0351142883301,0.9,2.01,2.41,1830707.64,273929.44,24137760.43,74630.01,14957.96,709978.27
"VIC","Wyndham",144.640426635742,-38.0052757263184,0.9,2.01,2.43,1818545.16,272355.03,23947789.58,45972.59,9918.12,393546.36
"VIC","Wyndham",144.715637207031,-37.9673156738281,0.9,2.02,2.46,1132116.55,181894.72,13500675.19,27242.61,6345.02,209289.83
"VIC","Wyndham",144.800323486328,-37.9226760864258,0.9,2,2.46,749782.63,127701.48,8244540.3,13541.21,3520.91,88667.57
"VIC","Bayside (Vic.)",144.973785400391,-37.9034385681152,0.9,2,2.48,733230.6,119152.78,8808506.31,9841.62,2669.87,60831.84
"VIC","Kingston (Vic.)",145.104125976562,-38.0440711975098,0.9,2.02,2.61,389421.15,69659.22,4080171.08,5297.14,1591.87,28160.72
"VIC","Mornington Peninsula",145.069442749023,-38.1770629882812,0.9,2.03,2.67,174078.28,36280.15,1448811.84,2296.59,813.92,9475.04
"VIC","Mornington Peninsula",145.028579711914,-38.2162742614746,0.9,2.04,2.64,157580.67,33632.29,1263572.1,2948.27,998.81,13013.21
"VIC","Mornington Peninsula",144.98030090332,-38.2909278869629,0.9,2.05,2.58,105617.42,24244.25,760296.01,4117.47,1317.48,19775.41
"VIC","Mornington Peninsula",144.711502075195,-38.3453521728516,0.9,2.02,2.97,86409.5,19056.33,677619.36,556.79,237,1794.66
"VIC","Mornington Peninsula",144.799087524414,-38.4085922241211,0.9,2.05,3.82,86575.87,19000.27,685008.24,87.44,48.62,193.77
"VIC","Mornington Peninsula",144.880584716797,-38.4909248352051,0.9,2.05,3.58,102591.33,21996.4,838220.01,141.99,73.03,352.32
"VIC","Mornington Peninsula",144.889007568359,-38.5022506713867,0.9,2.03,3.42,223400.91,43563.67,2068287.71,239.52,115.09,651.51
"VIC","Mornington Peninsula",144.935150146484,-38.499584197998,0.9,2.04,3.65,158190.02,32251.57,1379317.43,140.6,72.99,343.07
"VIC","Mornington Peninsula",145.001846313477,-38.4880523681641,0.9,2.04,3.52,131320.71,27251.26,1121691.22,171.94,86.89,435.24
"VIC","Bass Coast",145.211959838867,-38.5279922485352,0.9,2.95,3.64,140741.67,29032.7,1210006.66,2893.14,959.73,13307.43
"VIC","Bass Coast",145.113464355469,-38.5205268859863,0.9,2.96,4.04,119117.02,24565.49,1036136.14,421.14,186.08,1289.97
"VIC","Bass Coast",145.319030761719,-38.5331535339355,0.9,2.96,4.53,110577.69,23187.93,936990.63,163.66,82.68,415.91
"VIC","Bass Coast",145.344192504883,-38.5650634765625,0.9,2.96,4.84,117329.97,24598.45,990658.17,83.75,46.44,187.1
"VIC","Bass Coast",145.450881958008,-38.5514945983887,0.9,2.96,4.26,91730.12,19625.72,758162.98,315.82,143.79,932.73
"VIC","Bass Coast",145.509979248047,-38.5911598205566,0.9,2.97,4.64,71569.59,15808.09,566742.43,130.36,67.06,325.27
"VIC","Bass Coast",145.600509643555,-38.6806640625,0.9,2.97,4.52,84645.89,18135.83,701616.26,188.27,91.16,513.34
"VIC","Bass Coast",145.620834350586,-38.6789741516113,0.9,2.95,5.22,130079.63,26213.46,1174623.87,68.32,38.7,148.68
"VIC","Bass Coast",145.671844482422,-38.6737289428711,0.9,2.96,4.61,109330.63,22558.26,955786.84,179.61,88.37,476.56
"VIC","South Gippsland",145.793563842773,-38.702205657959,0.9,2.98,3.82,62235.95,13804.59,493699.78,1194.56,444.93,4697.8
"VIC","South Gippsland",145.814971923828,-38.7238578796387,0.9,2.98,3.87,62614.17,13863.11,498208.51,1034.84,394.41,3935.74
"VIC","South Gippsland",145.868545532227,-38.8068962097168,0.9,2.97,4.02,70421.92,15292.25,576487.5,562.58,236.22,1859.22
"VIC","South Gippsland",145.91276550293,-38.9055824279785,0.9,2.95,3.82,132735.34,26456.12,1222047.79,1039.81,405.6,3783.03
"VIC","South Gippsland",145.990966796875,-38.8922653198242,0.9,2.94,3.63,186809.34,35441.94,1843185.42,2439.78,831.19,10798.93
"VIC","South Gippsland",146.011672973633,-38.8788261413574,0.9,2.95,3.53,147394.55,28916.7,1387969.29,3695.86,1177.39,18041.26
"VIC","South Gippsland",146.120162963867,-38.8356971740723,0.9,2.97,3.33,84056.62,17944.57,701843.8,6611.51,1968.95,35181.46
"VIC","South Gippsland",146.194381713867,-38.8833122253418,0.9,2.99,3.49,37920.02,9052.26,271082.82,2853.74,953.59,12957.62
"VIC","South Gippsland",146.262420654297,-38.9875793457031,0.9,2.98,4.35,53458.1,12190.75,406754.91,193.56,95.76,505.73
"VIC","South Gippsland",146.313919067383,-39.0818901062012,0.9,2.96,3.62,90949.97,19301.58,763717.92,1027.54,418.03,3460.89
"VIC","South Gippsland",146.323608398438,-39.0979347229004,0.9,2.95,3.61,120959.48,24707.25,1070188.17,1090.07,443.53,3657.46
"VIC","Unincorporated Vic",146.365310668945,-39.1418838500977,0.9,2.91,4.34,741266.35,118433.25,9186277,497.96,213.21,1599.69
"VIC","South Gippsland",146.425231933594,-39.1314163208008,0.9,2.9,3.65,941322.07,142761.9,12658656.01,4186.79,1345.71,19914.31
"VIC","South Gippsland",146.476226806641,-39.0241432189941,0.9,2.89,4,1856063.62,255218.29,28640953.63,272.29,126.41,783.27
"VIC","South Gippsland",146.483413696289,-39.0663795471191,0.9,2.9,4.78,1293458.77,186879.55,18644247.18,44.23,26.41,89.8
"VIC","South Gippsland",146.450546264648,-38.9980163574219,0.9,2.88,3.71,2363948.94,314587.92,38152241.98,1012.98,397.84,3644.82
"VIC","South Gippsland",146.461624145508,-38.9421501159668,0.9,2.88,4.01,3223464.49,412646.22,54774009.25,244.75,111.92,730.64
"VIC","Unincorporated Vic",146.514770507812,-38.9172515869141,0.9,2.88,3.1,3392841.92,434079.73,57504947.8,136696.17,30202.94,1038277.9
"VIC","Wellington",146.535461425781,-38.7930603027344,0.9,2.86,3.08,8289524.12,984255.59,152033060.72,141096.53,30662.86,1102226.34
"VIC","Wellington",146.522018432617,-38.7835998535156,0.9,2.86,3.01,9566094.37,1101467.65,184025762.56,344587.4,64856.14,3312363.14
"VIC","Wellington",146.433959960938,-38.730281829834,0.9,2.84,3.24,41775527.48,3849176.12,1103899632.72,41664.16,10618.47,262331.06
"VIC","Wellington",147.02409362793,-38.519416809082,0.9,1.96,2.24,136191.34,29659.47,1062098.24,30573.25,7655.14,202808.75
"VIC","Wellington",147.07096862793,-38.4757423400879,0.9,1.98,2.25,90075.04,20683.14,654186.07,18930.91,5021.74,116436.88
"VIC","Wellington",147.189910888672,-38.3921127319336,0.9,1.97,2.35,100930.98,22224.61,785830.94,7800.16,2269.44,42875.06
"VIC","Wellington",147.261337280273,-38.3325843811035,0.9,1.96,2.4,169763.85,33825.72,1537609.64,4240.06,1341.84,20751.6
"VIC","Wellington",147.33967590332,-38.2696342468262,0.9,1.95,2.41,228309.82,43617.7,2192738.34,3902.55,1235.2,19211.15
"VIC","Wellington",147.453384399414,-38.1829528808594,0.9,1.96,2.46,160377.88,33405.38,1343045.99,2866.49,934.66,13638.72
"VIC","Wellington",147.522064208984,-38.1248092651367,0.9,1.95,2.51,220108.72,43762.86,1967960.45,2101.06,720.21,9292.93
"VIC","Wellington",147.615447998047,-38.0626106262207,0.9,1.93,2.39,467853.24,81895.13,5041915.64,3645.84,1185.93,17119.76
"VIC","Wellington",147.695892333984,-38.0107536315918,0.9,1.91,2.42,946969.1,147300.49,12134975.67,2904.11,983.44,12841.64
"VIC","East Gippsland",147.829528808594,-37.9416542053223,0.9,1.9,2.57,2152430.94,292498.61,33609162,1364.12,510.72,5261.48
"VIC","East Gippsland",147.875839233398,-37.9240379333496,0.9,1.9,2.6,2315085.87,311654.42,36609976.24,1214.08,462.62,4566.73
"VIC","East Gippsland",148.034805297852,-37.877140045166,0.9,1.9,2.61,2278503.04,305156.56,36426225.74,1296.24,492.23,4885.41
"VIC","East Gippsland",148.155181884766,-37.8430023193359,0.9,1.9,2.55,1554825.6,220202.24,22973239.98,1675.76,616.76,6580.62
"VIC","East Gippsland",148.258483886719,-37.8193511962891,0.9,1.9,2.58,1775332.97,248188.66,26632804.35,1679.88,618.35,6594.34
"VIC","East Gippsland",148.356628417969,-37.8117446899414,0.9,1.91,2.6,1377782.14,198811.24,19817716.64,1762.68,646.08,6951.88
"VIC","East Gippsland",148.521102905273,-37.804370880127,0.9,1.9,2.63,1749257.82,245605.84,26054340.67,2325.18,811.34,9868.65
"VIC","East Gippsland",148.585525512695,-37.8069458007812,0.9,1.9,2.64,1505561.95,213042.42,22333085.49,2389.14,833.27,10129.8
"VIC","East Gippsland",148.72981262207,-37.8159523010254,0.9,1.88,2.71,4793207.1,598842.22,82940766.6,3073.91,1014.82,14206.1
"VIC","East Gippsland",148.786849975586,-37.7952995300293,0.9,1.9,2.84,1450318.81,211387.04,20395693.44,1967.4,689.06,8390.59
"VIC","East Gippsland",148.886962890625,-37.7905311584473,0.9,1.92,2.91,702213.49,113392.82,8561891.92,1364.61,507.4,5332.18
"VIC","East Gippsland",149.046005249023,-37.7861557006836,0.9,1.92,2.88,876590,141120.43,10589023.32,2029.11,716.07,8511.07
"VIC","East Gippsland",149.16242980957,-37.7828369140625,0.9,2.33,3.34,788831.54,130253.53,9153973.04,1682.27,614.56,6697.46
"VIC","East Gippsland",149.273971557617,-37.8057403564453,0.9,2.31,3.47,2385273.45,341366.83,33567746.61,1050.81,411.65,3789.6
"VIC","East Gippsland",149.366806030273,-37.7815475463867,0.9,2.33,3.31,958288.16,155613.69,11325644.24,1721.99,626.53,6896.84
"VIC","East Gippsland",149.426132202148,-37.7818412780762,0.9,2.32,3.45,1113081.64,178226.34,13371783.11,992.89,391.53,3550.5
"VIC","East Gippsland",149.480285644531,-37.7810363769531,0.9,2.32,3.35,1178412.17,184765.03,14662553.67,1366.93,514.08,5226.97
"VIC","East Gippsland",149.494430541992,-37.7751312255859,0.9,2.32,3.13,1331474.48,207511.49,16620718.09,3168.38,1038.42,14814.84
"VIC","East Gippsland",149.602462768555,-37.7272529602051,0.9,2.32,3.22,1228442.81,192285.96,15291372.12,1581.82,573.42,6418.35
"VIC","East Gippsland",149.671539306641,-37.6921310424805,0.9,2.32,3.98,1307694.21,203955.16,16320614.56,143.91,74.3,354.19
"VIC","East Gippsland",149.713882446289,-37.6465682983398,0.9,2.32,3.46,1156030.12,183223.98,14117228.16,433.39,192.61,1310.51
"VIC","East Gippsland",149.721771240234,-37.6194801330566,0.9,2.33,3.68,974897.54,157465.08,11623625.21,237.92,114.54,645.14
"VIC","East Gippsland",149.768264770508,-37.5742301940918,0.9,2.33,3.05,933137.51,152694.56,10892263.62,2036.71,714.36,8640.71
"TAS","Huon Valley",146.70002746582,-43.6302795410156,0.9,2.13,2.63,826515.67,126998.14,10943801.04,22442.76,5627.9,151691.73
"TAS","Huon Valley",146.725952148438,-43.6302185058594,0.9,2.15,2.57,511683.98,85292.45,6007123.09,15956.44,4238.18,99075.32
"TAS","Huon Valley",146.823883056641,-43.6396865844727,0.9,2.17,3.36,208548.34,40079.27,1993011.48,832.29,329.08,2998.22
"TAS","Huon Valley",146.83642578125,-43.6413917541504,0.9,2.17,3.01,216036.6,41970.26,2018496.11,4182.73,1326.71,20402.62
"TAS","Huon Valley",146.875350952148,-43.6377182006836,0.9,2.18,3.22,161073.08,33094.33,1382881.04,1162.63,446.11,4329.34
"TAS","Huon Valley",146.65266418457,-43.6085815429688,0.9,2.12,2.63,1644021.82,225869.16,25635470.24,16223.25,4276.33,102079.92
"TAS","Huon Valley",146.925216674805,-43.5979690551758,0.9,2.18,4.44,137857.93,28928.65,1149797.62,36.79,22.31,73.52
"TAS","Huon Valley",146.024490356445,-43.5679931640625,0.9,2.09,5.4,10733701.71,1396540.66,163966309.78,35.19,21.92,67.09
"TAS","Huon Valley",146.041366577148,-43.5667343139648,0.9,2.06,2.39,60394891.3,6006425.75,1352956111.41,506444.11,85173.07,5850876.58
"TAS","Huon Valley",146.100540161133,-43.5627288818359,0.9,2.08,2.58,20046118.53,2266018.32,380420226.31,26589.81,6507.33,185968.72
"TAS","Huon Valley",146.117294311523,-43.5540924072266,0.9,2.07,2.32,44163310.17,4360488.3,1022138271.36,552596.67,89976.41,6745452.06
"TAS","Huon Valley",146.204208374023,-43.5411643981934,0.9,2.07,3.9,30114728.53,3068853.86,673899341.67,218.07,101.04,640.28
"TAS","Huon Valley",146.289398193359,-43.5471343994141,0.9,2.07,2.9,36459114.87,3407977.13,946579613.97,2583.68,897.06,10988.97
"TAS","Huon Valley",146.330108642578,-43.5856704711914,0.9,2.09,4.16,10852705.11,1213302.79,218754297.46,91.8,52.24,194.59
"TAS","Huon Valley",146.375564575195,-43.5824508666992,0.9,2.08,3.02,15554241.1,1548520.49,380870863.39,2837.56,995.3,11769.33
"TAS","Huon Valley",146.386032104492,-43.586597442627,0.9,2.08,3.33,12507980.81,1274833.21,297568288.7,419.75,183.98,1305.65
"TAS","Huon Valley",146.461120605469,-43.5462989807129,0.9,2.09,2.48,7147034.41,786556.37,152965797.29,40435.9,9462.95,298782.77
"TAS","Huon Valley",146.527770996094,-43.5751419067383,0.9,2.1,4.38,5253126.75,602656.87,106213762.29,84.72,45.83,198.16
"TAS","Huon Valley",146.597885131836,-43.5658683776855,0.9,2.14,2.66,755847.66,118259.07,9732135.13,4074.56,1297.1,19775.48
"TAS","Huon Valley",146.925354003906,-43.5755615234375,0.9,2.18,3.01,147171.29,30578.67,1244875.61,961.54,383.45,3374.15
"TAS","Huon Valley",146.02912902832,-43.5403099060059,0.9,2.07,2.68,25858432.43,2995182.58,462560115.71,15970.68,4273.27,97786.8
"TAS","Huon Valley",146.963455200195,-43.5297203063965,0.9,2.17,2.36,168143.36,34290.5,1459541.83,150564.15,29345.4,1433398.92
"TAS","Kingborough",147.287857055664,-43.5285034179688,0.9,2.17,4.29,180106.8,35916.19,1622393.46,96.16,51.46,227.49
"TAS","Kingborough",147.299224853516,-43.5296592712402,0.9,2.13,3.68,1011596.44,156206.64,13083029.45,441.87,194.68,1356.32
"TAS","Huon Valley",145.998428344727,-43.4649772644043,0.9,2.08,2.87,15554347.03,1930580.95,253102459.82,7583.79,2294.61,38795.63
"TAS","Huon Valley",146.991561889648,-43.4864807128906,0.9,2.17,2.42,191211.36,38126.03,1716063.65,92457.69,19387.68,793248.69
"TAS","Kingborough",147.1865234375,-43.4901275634766,0.9,2.17,3.04,227089.6,43539.74,2167311.89,1848.87,659.84,7641.94
"TAS","Kingborough",147.331878662109,-43.4914779663086,0.9,2.13,3.47,1049855.22,156379.07,14496147.93,323.27,148.82,933.48
"TAS","Huon Valley",145.960891723633,-43.4287185668945,0.9,2.07,3.22,26974253.16,3066241,497857186.76,1084.45,429.41,3825.57
"TAS","Huon Valley",147.029708862305,-43.4380493164062,0.9,2.17,2.62,209126.29,40940.46,1930421.54,7051.45,2155.13,35573.86
"TAS","Kingborough",147.205184936523,-43.4563064575195,0.9,2.17,2.43,230749.02,44177.2,2205847.33,69960.64,15383.93,559546.98
"TAS","Kingborough",147.349029541016,-43.4391441345215,0.9,2.13,2.77,983343.52,147972.64,13379874.81,4943.85,1621.05,22409.16
"TAS","Huon Valley",145.957672119141,-43.4231262207031,0.9,2.18,3.52,149865.54,30840.57,1288889.78,263.64,126.5,714.43
"TAS","Huon Valley",147.029922485352,-43.4311828613281,0.9,2.17,2.46,229793.5,44380.27,2161873.69,27334.03,6952.76,177394.27
"TAS","Kingborough",147.169281005859,-43.4217338562012,0.9,2.16,2.21,270991.52,50791.91,2666357.58,210845.13,40079.4,2055260.75
"TAS","Kingborough",147.381912231445,-43.3907890319824,0.9,2.13,3.4,993648.79,149320.07,13544976.42,248.8,118.69,684.19
"TAS","Huon Valley",145.953216552734,-43.3851013183594,0.9,2.18,3.16,164424.27,32785.01,1490474.77,447.55,207.91,1245.95
"TAS","Kingborough",147.100143432617,-43.3887329101562,0.9,2.16,2.3,321033.18,58613.81,3279704.35,145519.04,29173.96,1316596.58
"TAS","Kingborough",147.174331665039,-43.3735466003418,0.9,2.16,2.38,317550.87,58219.67,3221395.54,132136.64,26995.6,1161574.87
"TAS","Kingborough",147.388381958008,-43.3743095397949,0.9,2.13,3.29,1023920.29,153704.47,13956078.89,421.66,186.66,1286.89
"TAS","West Coast",145.860122680664,-43.3240089416504,0.9,2.07,4.34,35631274.74,3902195.35,691915858.17,125.34,63.88,319.23
"TAS","West Coast",145.872009277344,-43.3267440795898,0.9,2.06,4.3,65011125.24,6520067.23,1428110203.48,181.17,87.69,495.69
"TAS","Huon Valley",147.072708129883,-43.332218170166,0.9,2.16,2.68,343576.31,62239.28,3545632.18,9886.46,2867.77,53754.03
"TAS","Kingborough",147.175140380859,-43.3535766601562,0.9,2.16,2.34,340564.49,61784.53,3506982.11,214583.85,41407.31,2031235.79
"TAS","Kingborough",147.387649536133,-43.3644943237305,0.9,2.13,3.2,1020370.42,153252.5,13897202.63,618.42,258.22,2051.77
"TAS","West Coast",145.809722900391,-43.2847747802734,0.9,2.12,5.36,1744698.41,272788.77,21289464.79,20.18,13.77,33.69
"TAS","Huon Valley",147.145385742188,-43.2968673706055,0.9,2.15,2.28,385311.31,68618.72,4073578.63,172116.58,34906.36,1507172.13
"TAS","Kingborough",147.343643188477,-43.2917823791504,0.9,2.13,2.5,1127302.32,166830.2,15678319.02,12216.69,3741.01,59378.31
"TAS","West Coast",145.810775756836,-43.2693901062012,0.9,2.21,5.38,51890.47,12565.46,353839.21,18.68,12.89,30.72
"TAS","Kingborough",147.368865966797,-43.2646980285645,0.9,2.13,2.56,1177183.2,173117.02,16518092.77,11861.78,3514.95,61278.61
"TAS","Kingborough",147.424240112305,-43.2564239501953,0.9,2.13,2.48,1188079.39,174212.54,16752191.24,75733.5,16740.74,596548.46
"TAS","Tasman",147.774551391602,-43.2328567504883,0.9,2.13,4.1,1079483.92,161367.95,14775141.8,99.29,53.47,231.61
"TAS","Tasman",147.796905517578,-43.2448196411133,0.9,2.12,4.2,1624230.03,226242.07,24691487.65,83.79,46.32,188.22
"TAS","West Coast",145.780456542969,-43.2245597839355,0.9,2.2,3.06,72554.69,17516.34,487532.48,750.84,313.22,2463.22
"TAS","Kingborough",147.43603515625,-43.2273254394531,0.9,2.13,2.37,1146893.13,169252.49,16016518.95,149380.84,30585.16,1297151.95
"TAS","Tasman",147.715576171875,-43.1994171142578,0.9,2.13,3.83,1212698.76,176858.28,17251591.53,120.97,63.8,289.54
"TAS","Tasman",147.862182617188,-43.2088279724121,0.9,2.12,3.09,1847349.33,252664.27,28808253.26,1690.01,604.31,7005.09
"TAS","Tasman",147.872680664062,-43.2120361328125,0.9,2.12,3.03,1784483,245837.86,27515789.6,2517.09,857.64,11113.2
"TAS","Tasman",147.958618164062,-43.2214050292969,0.9,2.11,4.3,2136336.13,286087.13,34319201.77,82.89,45.66,187.57
"TAS","Tasman",147.998931884766,-43.2302474975586,0.9,2.11,3.26,2224095.87,297034.88,35809134.03,948.63,389.65,3155.07
"TAS","West Coast",145.754043579102,-43.1833763122559,0.9,2.07,3.49,23607107.2,2652365.55,448507197.13,263.96,127.79,703.74
"TAS","Kingborough",147.433731079102,-43.2078018188477,0.9,2.13,2.37,1132724.99,167473.11,15776844.4,113122.58,24382.18,909495.11
"TAS","Tasman",147.696899414062,-43.1781997680664,0.9,2.13,3.7,1129078.13,167013.11,15715513.31,165.38,83.01,425.05
"TAS","Tasman",148.010375976562,-43.2168273925781,0.9,2.09,3.53,8372185.95,939122.73,170772816.38,130.47,67.65,320.69
"TAS","West Coast",145.696655273438,-43.1235504150391,0.9,2.04,2.92,254409775.23,19810981.15,8154214855.95,3718.7,1251,16373.4
"TAS","Kingborough",147.411727905273,-43.1649971008301,0.9,2.13,2.43,1162023.83,170872.04,16323334.12,40828.36,10379.87,258534.52
"TAS","Tasman",147.666564941406,-43.140209197998,0.9,2.13,3.47,1157728.85,170450.78,16229202.92,319.3,148.33,907.46
"TAS","Tasman",148.008834838867,-43.1421737670898,0.9,2.09,3.36,8446228.14,945609.68,172804183.29,368.98,162.47,1148.45
"TAS","West Coast",145.685073852539,-43.112190246582,0.9,2.17,3.14,219367.84,44793.1,1868473.5,535.03,239.39,1577.12
"TAS","Kingborough",147.404937744141,-43.1275825500488,0.9,2.13,2.69,1130373.45,167096.42,15751621.01,5937.61,1836.7,29629.56
"TAS","Tasman",147.647872924805,-43.0914535522461,0.9,2.13,2.34,1212395.42,176869,17237395.77,319013.25,57272.25,3365058.33
"TAS","Tasman",148.007949829102,-43.133716583252,0.9,2.09,3.45,7195207.5,822402.38,143164356.96,214.27,102.04,597.31
"TAS","West Coast",145.647384643555,-43.0529747009277,0.9,2.21,3.02,57262.57,14028.36,380002.82,747.86,322.56,2309.27
"TAS","Clarence",147.42106628418,-43.0523529052734,0.9,2.13,2.36,1179070.12,172909.64,16630904.97,218273.95,41721.41,2100745.16
"TAS","Tasman",147.63232421875,-43.0770645141602,0.9,2.13,2.33,1247196.02,180777.58,17914323.71,380778.55,65907,4250581.66
"TAS","Tasman",147.969223022461,-43.0835113525391,0.9,2.09,3.32,6961003.48,801207.87,137003165.51,204.34,100,542.97
"TAS","West Coast",145.606002807617,-43.012264251709,0.9,2.17,6.68,219926.54,45413.71,1835233.98,12.41,8.83,19.81
"TAS","Kingborough",147.348052978516,-43.0447425842285,0.9,2.13,2.26,1050077.44,155990.11,14573694.69,278767.28,52681.82,2696083.3
"TAS","Clarence",147.474639892578,-43.0356559753418,0.9,2.13,2.32,1227096.13,178147.04,17592970.94,451715.83,73121,5659371.18
"TAS","Clarence",147.52082824707,-43.0234298706055,0.9,2.13,2.39,1198620.47,174084.25,17200489.78,210042.41,37904.07,2261024.95
"TAS","Tasman",147.620849609375,-43.0335884094238,0.9,2.12,2.3,1581392.84,218880.1,24381242.78,619457.48,99680.52,7670017.92
"TAS","Tasman",147.953903198242,-43.0417671203613,0.9,2.09,2.78,6847233.52,789895.65,134345136.21,2072.39,749.92,8281.13
"TAS","West Coast",145.525390625,-42.9875373840332,0.9,2.04,4.14,605263234.11,40748232.14,24007854594.44,129.02,64.63,339.03
"TAS","West Coast",145.598937988281,-42.99365234375,0.9,2.19,6.91,106276.4,23030.58,849382.74,9.25,6.8,14.13
"TAS","Clarence",147.553817749023,-42.989860534668,0.9,2.12,2.36,1509717.04,209103.61,23325106.82,312283.66,52599.33,3726567.36
"TAS","Tasman",147.631622314453,-42.9938316345215,0.9,2.11,2.56,2491342.16,318944.63,43134338.6,53640.94,11688.6,444997.61
"TAS","Tasman",147.986022949219,-42.9831314086914,0.9,2,3.06,6468767.11,753607.7,125079387.7,526.35,220.35,1757.89
"TAS","West Coast",145.488647460938,-42.9550094604492,0.9,2.05,5.17,106200584.01,8720502.5,3267952549.99,23.71,15.79,40.94
"TAS","Clarence",147.554840087891,-42.9659843444824,0.9,2.11,2.35,2118587.26,276414.2,35799213.92,272067.94,46600.74,3176313.46
"TAS","Tasman",147.632385253906,-42.9556884765625,0.9,2.11,2.29,2825249.77,354139.75,50464808,471934.49,76485.5,5879726.47
"TAS","Tasman",148.003829956055,-42.9639625549316,0.9,2,3.21,5755991.7,681454.56,108849857.34,326.02,147.03,978.1
"TAS","West Coast",145.449157714844,-42.9071311950684,0.9,2.18,4.02,155468.12,34382.74,1170127.47,88.84,50.43,189.45
"TAS","Clarence",147.537948608398,-42.9388542175293,0.9,2.11,2.32,2356806.36,301906.4,40927600.47,444464.87,70281.56,5834393.42
"TAS","Tasman",147.640472412109,-42.9432792663574,0.9,2.11,2.23,3105687.43,384783.48,56330369.57,822801.06,120127.65,12023484.49
"TAS","Tasman",148.00407409668,-42.916877746582,0.9,2,3.35,5755933.98,687779.31,106957790.64,196.23,95.54,527.92
"TAS","West Coast",145.431121826172,-42.8805046081543,0.9,2.21,4.2,48916.88,12044.95,324714.47,56.71,33.36,116.45
"TAS","Clarence",147.515411376953,-42.879077911377,0.9,2.11,2.37,2766125.58,347988.01,49142986.37,231582.17,40347.35,2648563.96
"TAS","Sorell",147.600143432617,-42.8698997497559,0.9,2.11,2.25,2749446.01,348930.73,48052803.18,612927.41,95882.06,8015871.69
"TAS","Tasman",147.98518371582,-42.8885726928711,0.9,2,3.11,5827726.66,697509.22,107860034.28,203.31,102.97,507.33
"TAS","West Coast",145.415832519531,-42.836971282959,0.9,2.08,5.36,17503566.7,1855469.43,377316754.59,21.2,14.29,36.1
"TAS","Clarence",147.536834716797,-42.8490219116211,0.9,2.11,2.27,2283282.61,296470.53,38723432.82,548850.75,86387.81,7152419.33
"TAS","Clarence",147.579864501953,-42.8435554504395,0.9,2.11,2.3,2705665.69,343003.99,47442685.78,552990.33,84603.44,7609749.5
"TAS","Tasman",147.924240112305,-42.8430862426758,0.9,2,2.77,6290843.62,753388.48,115682314.62,1008.27,409.18,3415.2
"TAS","West Coast",145.382736206055,-42.7888107299805,0.9,2.04,5.17,473162911.53,30052669.32,21305383999.42,29.42,18.6,55.18
"TAS","West Coast",145.376937866211,-42.7676277160645,0.9,2.12,3.53,1483723.12,217298.73,20644960.95,228.78,107.91,646.44
"TAS","Sorell",147.932952880859,-42.7424583435059,0.9,2,2.3,6840475.94,809109.27,128018321.23,74355.11,16976.48,552218.78
"TAS","West Coast",145.368698120117,-42.7230072021484,0.9,2.08,3.55,12810899.51,1393128.05,268927810.77,262.81,124.76,726.66
"TAS","Glamorgan-Spring Bay",148.006561279297,-42.7278175354004,0.9,2,2.66,6474802.33,771344.29,120012438.78,4045.37,1347.56,18040.3
"TAS","Glamorgan-Spring Bay",148.054504394531,-42.7257995605469,0.9,2,2.87,7328862.44,856692.79,139576612.36,878.07,359.75,2948.26
"TAS","Glamorgan-Spring Bay",148.096984863281,-42.7202072143555,0.9,1.99,2.9,8280351.86,952276.57,161240085.76,760.34,315.17,2521.92
"TAS","West Coast",145.331405639648,-42.6594543457031,0.9,2.07,2.79,43494521.36,3964139.89,1169898658.42,5033.04,1646.09,22894.72
"TAS","Glamorgan-Spring Bay",148.148025512695,-42.669303894043,0.9,1.99,3.48,10128333.44,1128595.63,206409626.8,118.22,62.35,283.34
"TAS","West Coast",145.32160949707,-42.6448287963867,0.9,2.22,3.61,39945.42,10121.22,254837.66,125.17,67.16,289.65
"TAS","Glamorgan-Spring Bay",148.169342041016,-42.6512565612793,0.9,1.99,3.46,11491322.44,1254733.87,241199451.47,138.56,70.95,347.27
"TAS","West Coast",145.264724731445,-42.6105651855469,0.9,2.13,3.2,851996.98,132643.03,10980296.96,594.09,245.21,2020.57
"TAS","Glamorgan-Spring Bay",148.160095214844,-42.6400108337402,0.9,1.99,3.27,11751339.02,1300565.23,240089591.07,189.41,93.52,497.49
"TAS","West Coast",145.27473449707,-42.5649108886719,0.9,2.15,3.55,453720.58,78000.67,5067909.77,238.33,113.93,654.81
"TAS","Glamorgan-Spring Bay",148.055892944336,-42.579460144043,0.9,2,2.27,7562754.97,904554.72,137666770.97,501239.52,87842.16,5365576.57
"TAS","Glamorgan-Spring Bay",148.107009887695,-42.5763397216797,0.9,1.99,2.9,9142631.31,1062992.76,173239793.63,498.08,221.17,1495.03
"TAS","Glamorgan-Spring Bay",148.123977661133,-42.5849571228027,0.9,1.99,3.23,9398917.68,1086469.11,179702762.37,158.04,82.09,382.42
"TAS","West Coast",145.262847900391,-42.5347366333008,0.9,3.08,4.07,9782.3,2872.06,52038.81,317.07,144.1,939.39
"TAS","West Coast",145.237335205078,-42.4822196960449,0.9,2.95,4.04,511788.66,85994.65,5918320.94,441.64,189.98,1418.44
"TAS","Glamorgan-Spring Bay",148.008987426758,-42.5015869140625,0.9,2,3.1,7601021.66,910556.4,137912914.21,137.41,72.83,323.28
"TAS","West Coast",145.231674194336,-42.466968536377,0.9,2.9,4.03,3872729.9,479624.77,69162922.29,490.96,207.76,1614.52
"TAS","Glamorgan-Spring Bay",148.014312744141,-42.4557800292969,0.9,1.99,2.93,8335679.96,983601.12,154605786.13,344.77,159.45,982.99
"TAS","West Coast",145.232315063477,-42.4186172485352,0.9,3.03,3.86,35404.35,9240.44,215600.93,813.59,324.1,2894.18
"TAS","Glamorgan-Spring Bay",148.011306762695,-42.4395561218262,0.9,2,2.9,8145888.47,963635.02,150608043.38,449.25,199.14,1361.86
"TAS","West Coast",145.21257019043,-42.3617858886719,0.9,2.98,3.86,142357.55,28676.3,1278458.02,696.44,280.73,2449.64
"TAS","Glamorgan-Spring Bay",148.015411376953,-42.372974395752,0.9,1.99,2.82,9762320.98,1116790.15,189834992.23,916.76,358.93,3341.41
"TAS","West Coast",145.191223144531,-42.3330688476562,0.9,2.84,3.74,270649181.63,18504566.4,11027246062.32,2466.74,859.76,10449.02
"TAS","Glamorgan-Spring Bay",148.02897644043,-42.3470230102539,0.9,1.99,2.8,10482374.64,1185641.39,207208996.68,1271.96,471.41,5026.75
"TAS","Glamorgan-Spring Bay",148.258193969727,-42.3345336914062,0.9,1.98,3.38,28750994.81,2755286.11,724090966.41,161.39,83.02,397.03
"TAS","Glamorgan-Spring Bay",148.319534301758,-42.3450050354004,0.9,1.97,3.39,34862267.82,3278197.96,897799403.24,174.88,87.9,446.68
"TAS","West Coast",145.176895141602,-42.2989883422852,0.9,2.91,3.82,2413080.99,335222.85,35863504.28,1449.39,530.8,5804.32
"TAS","Glamorgan-Spring Bay",148.017181396484,-42.2893524169922,0.9,1.99,2.57,12077954.22,1318200.69,252845064.34,6488.01,1944.37,34159.78
"TAS","Glamorgan-Spring Bay",148.228851318359,-42.3110466003418,0.9,1.97,2.98,31194936.04,2899973.74,827488059.39,876.72,373.42,2743.72
"TAS","Glamorgan-Spring Bay",148.330047607422,-42.3185920715332,0.9,1.98,3.49,25525679.76,2596205.74,579551580.39,86.96,48.44,192.22
"TAS","West Coast",145.188659667969,-42.2482681274414,0.9,2.91,3.97,3038365.18,404811.72,48074738.55,788.63,316.6,2770.64
"TAS","Glamorgan-Spring Bay",148.029907226562,-42.2586402893066,0.9,1.99,2.44,14691230.76,1539243.55,327695213.43,21548.9,5498.61,141319.98
"TAS","Glamorgan-Spring Bay",148.251510620117,-42.2540512084961,0.9,1.97,2.25,42504758.35,3658585.09,1277143361.06,721717.53,116519.16,8786400.8
"TAS","Glamorgan-Spring Bay",148.324981689453,-42.2534446716309,0.9,1.98,2.79,27755588.78,2766823.25,650627423.55,792.09,319.49,2757.08
"TAS","West Coast",145.171859741211,-42.2119636535645,0.9,3.03,4.22,30202.53,8070.36,177938.86,269.85,125.23,777.25
"TAS","Glamorgan-Spring Bay",148.071105957031,-42.1934814453125,0.9,1.98,2.62,23139576.75,2189186.97,606689371.19,6482.67,1941.02,34192.27
"TAS","Glamorgan-Spring Bay",148.248123168945,-42.2307014465332,0.9,1.97,2.33,39558072.88,3422986.83,1182946943.54,209989.15,39558.88,2082545.35
"TAS","Glamorgan-Spring Bay",148.34782409668,-42.2207717895508,0.9,1.97,3.38,31485990.81,3054254.73,770139446.43,112.69,59.88,267.16
"TAS","West Coast",145.199859619141,-42.1949310302734,0.9,2.86,3.78,52846571.9,4628869.1,1511542862.61,1241.99,482.14,4505.17
"TAS","West Coast",145.25276184082,-42.1763648986816,0.9,2.96,3.55,312674.57,57120.71,3196537.53,1918.83,699.15,7608.49
"TAS","Glamorgan-Spring Bay",148.085830688477,-42.1706275939941,0.9,1.98,2.48,24593723.27,2289150.01,662308857,21047.69,5571.3,129052.87
"TAS","Glamorgan-Spring Bay",148.254638671875,-42.1658248901367,0.9,1.97,2.21,43308509.11,3675390.3,1335402428.47,601110.33,101210.98,6849066.11
"TAS","Glamorgan-Spring Bay",148.357803344727,-42.1832542419434,0.9,1.97,4.53,44997823.35,4067565.75,1226361522.57,26.94,17.41,48.82
"TAS","West Coast",145.259750366211,-42.1467628479004,0.9,3.02,3.57,37480.6,9430.84,243135.7,1846.07,668.26,7429.51
"TAS","Glamorgan-Spring Bay",148.082427978516,-42.1415100097656,0.9,1.98,3.45,27260484.86,2484114.61,758839679.87,136.37,70.85,332.93
"TAS","Glamorgan-Spring Bay",148.243194580078,-42.1159973144531,0.9,1.97,2.25,41821506.83,3616466.57,1246990352.96,337746.25,61362.17,3470493.34
"TAS","Glamorgan-Spring Bay",148.341522216797,-42.1320266723633,0.9,1.97,2.74,48151136.04,4269588.94,1354540182.38,927.35,366.61,3315.96
"TAS","West Coast",145.255340576172,-42.1075897216797,0.9,2.91,3.53,3265650.16,428907.34,52817540.98,3137.04,1072.38,13557.96
"TAS","Glamorgan-Spring Bay",148.108413696289,-42.0997619628906,0.9,1.97,2.25,42622242.76,3587855.06,1336719443.33,316160.89,58898.35,3114329.89
"TAS","Glamorgan-Spring Bay",148.15641784668,-42.0934715270996,0.9,1.97,2.25,52221857.93,4281811.99,1696731017.43,401235.78,71519.23,4223335.41
"TAS","Glamorgan-Spring Bay",148.218154907227,-42.1014633178711,0.9,1.97,2.25,54379554.97,4500272.35,1730113151.06,374523.36,66757.63,3960439.13
"TAS","Glamorgan-Spring Bay",148.35368347168,-42.1143798828125,0.9,1.97,2.8,38832966.54,3612747.92,1012777207.45,1258.81,473.09,4847.76
"TAS","West Coast",145.247283935547,-42.0595054626465,0.9,2.97,3.55,220309.03,43353.48,2007419.15,3032.6,1025.51,13405.17
"TAS","Glamorgan-Spring Bay",148.329803466797,-42.0832252502441,0.9,1.97,2.73,49115936.73,4340314.01,1388684488.76,2139.91,733.86,9443.67
"TAS","West Coast",145.229965209961,-42.0238990783691,0.9,2.93,3.93,825043.75,134737.58,9743518.24,864.67,343.44,3079.69
"TAS","Glamorgan-Spring Bay",148.290771484375,-42.0331077575684,0.9,1.97,2.64,48955357.94,4319114.74,1388734714.97,2606.73,876.58,11771.25
"TAS","West Coast",145.205535888672,-41.9772605895996,0.9,2.93,3.9,1259975.92,194254.43,16104057.01,1029.29,401.06,3755.06
"TAS","West Coast",145.210815429688,-41.987922668457,0.9,2.9,3.87,4912452.09,624959.26,82033880.98,1244.36,472.88,4696.48
"TAS","Glamorgan-Spring Bay",148.293594360352,-41.9944076538086,0.9,1.97,2.76,62319370.73,5248103.48,1898280091.43,682.99,281.99,2298.63
"TAS","West Coast",145.151718139648,-41.9276809692383,0.9,2.84,3.81,596238107.08,37463895.49,26951304825.13,3822.8,1291.57,16668.8
"TAS","Glamorgan-Spring Bay",148.326049804688,-41.9238891601562,0.9,1.96,2.56,131691025.22,9793660.8,4816434315.82,5410.76,1681.37,26942.43
"TAS","West Coast",145.123046875,-41.9068222045898,0.9,2.83,5.52,836172617.54,49787881.85,40863027441.12,69.89,39.63,151.6
"TAS","Glamorgan-Spring Bay",148.32600402832,-41.9160652160645,0.9,1.96,2.53,100771867.02,7849515.84,3439912385.91,7048.05,2103.99,37164.42
"TAS","West Coast",145.065216064453,-41.8570671081543,0.9,2.83,3.99,747300138.11,45255719.64,35649800942.8,1813.46,665.18,7128.72
"TAS","Glamorgan-Spring Bay",148.313522338867,-41.8726387023926,0.9,1.96,2.73,105221172.93,8131831.11,3634745471.83,1857.36,649.66,7975.21
"TAS","Glamorgan-Spring Bay",148.285293579102,-41.8549880981445,0.9,1.96,2.63,135009279.55,10091165.94,4881372112.96,3294.32,1055.92,16030.85
"TAS","West Coast",144.993347167969,-41.7665786743164,0.9,2.92,3.88,1531424.86,221247.95,21814686.21,1088.95,421.23,4011.74
"TAS","Break O'Day",148.276168823242,-41.7884788513184,0.9,1.95,2.5,256944267.47,17282222.2,10844030282.68,4653.44,1523.18,21242.22
"TAS","West Coast",144.968856811523,-41.7353935241699,0.9,2.91,3.42,2662045.38,358778.81,41595658.01,6761.31,2114.15,32787.1
"TAS","Break O'Day",148.304916381836,-41.7495002746582,0.9,1.95,2.56,187819420.23,13277212.39,7374410651.51,4814.06,1545.17,22739.45
"TAS","West Coast",144.913070678711,-41.7110061645508,0.9,2.99,3.56,104532.44,22722.94,831564.35,3574.5,1157.44,16954.62
"TAS","Break O'Day",148.29084777832,-41.712272644043,0.9,1.95,2.64,235886448.85,16355944.58,9450835997.53,1624.69,603.8,6278.4
"TAS","West Coast",144.905609130859,-41.6852493286133,0.9,2.86,3.37,100565003.67,8350933.62,3041357317.84,18463.77,5025.24,108440.15
"TAS","Break O'Day",148.295654296875,-41.6715774536133,0.9,1.95,2.68,221080209.49,15685056.62,8518251194.21,1452.78,547.13,5517.86
"TAS","Circular Head",144.895599365234,-41.6370429992676,0.9,2.9,3.43,4701643.27,584276.11,82286885.01,5461.03,1739.05,25959.05
"TAS","Break O'Day",148.323333740234,-41.622428894043,0.9,1.95,2.7,172155767.61,12853015.42,6129418064.09,1528.25,571.22,5867.01
"TAS","Circular Head",144.87744140625,-41.5798988342285,0.9,2.92,3.57,1609548.01,236142.19,22198603.7,3579.2,1185.62,16260.77
"TAS","Break O'Day",148.323577880859,-41.5981369018555,0.9,1.95,3.07,155900848.32,11875270.53,5381405482.96,264.42,123.95,748.28
"TAS","Circular Head",144.852844238281,-41.5486030578613,0.9,2.84,3.43,471999350.16,32200469.71,18571213221.89,18074.12,4938.51,105530.32
"TAS","Break O'Day",148.303894042969,-41.5573692321777,0.9,1.95,3.04,162180012.41,12295299.59,5632749012.66,222.87,109.69,582.57
"TAS","Circular Head",144.818405151367,-41.5034866333008,0.9,2.87,3.9,30649069.47,3056509.36,713137900.93,1475.77,542.68,5856.55
"TAS","Break O'Day",148.286987304688,-41.5200653076172,0.9,1.95,3.22,190055154.31,13988400.42,6903526444.04,115.62,62.26,267.04
"TAS","Circular Head",144.797225952148,-41.4758071899414,0.9,2.85,3.43,107606018.71,9191393.78,3073312310.29,12607.56,3591.46,69761.61
"TAS","Break O'Day",148.269668579102,-41.4799690246582,0.9,1.95,2.7,179780634.34,13367483.26,6430916090.92,783.68,321.42,2645.73
"TAS","Circular Head",144.749847412109,-41.4273529052734,0.9,2.86,4.36,102166857.72,8698678.97,2945603582.24,415.51,182.53,1287.88
"TAS","Break O'Day",148.28434753418,-41.4291572570801,0.9,2.82,3.5,224423680.9,16066237.94,8491163446.4,2074.65,741.92,8474.4
"TAS","Circular Head",144.751449584961,-41.4097518920898,0.9,2.89,3.46,8901449.09,1097236.11,151635353.07,9267.09,2737.22,48924.22
"TAS","Break O'Day",148.297515869141,-41.3928070068359,0.9,2.83,3.51,167429507.35,12627191.27,5859611881.87,2155.7,761.36,8990.05
"TAS","Circular Head",144.760650634766,-41.350212097168,0.9,2.87,3.54,37377436.06,3766024.94,842305597.3,6813.5,2121.36,33286.27
"TAS","Break O'Day",148.308197021484,-41.3584861755371,0.9,2.83,3.57,136941648.52,10823117.24,4449230127.09,1821.79,649.32,7556.91
"TAS","Circular Head",144.714797973633,-41.298942565918,0.9,2.9,3.55,4068718.45,539756.82,63642705.93,6911.22,2151.21,33749.26
"TAS","Break O'Day",148.335403442383,-41.3010597229004,0.9,2.83,3.43,164415978.84,12700607.03,5506863131.13,3876.56,1274.54,17763.8
"TAS","Circular Head",144.707702636719,-41.2828521728516,0.9,2.93,3.58,1087640.2,169834.34,13708695.72,4501.67,1466.58,20774.52
"TAS","Break O'Day",148.365814208984,-41.2782859802246,0.9,2.83,3.57,153206702.98,11892261.92,5109676215.04,1747.22,645.52,6793.64
"TAS","Circular Head",144.682250976562,-41.2399520874023,0.9,2.96,4.01,336710.94,61398.06,3437060.59,1179.09,443.47,4555.78
"TAS","Break O'Day",148.316146850586,-41.2480316162109,0.9,2.83,5.37,112772458.27,9340014.72,3400818831.59,19.43,13.05,33.49
"TAS","Circular Head",144.684188842773,-41.2004814147949,0.9,2.96,3.7,318758.45,58770.87,3199114.52,3035.38,992.04,14315.21
"TAS","Circular Head",144.669128417969,-41.1608581542969,0.9,2.97,3.72,216079.51,41325.53,2078829.37,2856.26,949.06,13108.68
"TAS","Break O'Day",148.287109375,-41.1660232543945,0.9,2.85,4.14,28750503.39,2922870.4,648180808.29,81.74,45.99,178.02
"TAS","Circular Head",144.661819458008,-41.1233596801758,0.9,2.96,3.9,337817.85,62129.52,3393153.06,2120.28,727.87,9344.93
"TAS","Central Coast (Tas.)",146.15837097168,-41.1372108459473,0.9,2.97,3.34,314907.86,57655.57,3204607.63,13685.13,3720.2,82208.43
"TAS","Central Coast (Tas.)",146.198120117188,-41.1493263244629,0.9,2.97,3.42,272121.91,50756.62,2701111.39,8466.68,2464.21,46237.03
"TAS","Central Coast (Tas.)",146.2568359375,-41.1485290527344,0.9,2.97,3.33,281291.68,52530.01,2779707.27,12792.2,3505.53,76045.53
"TAS","Devonport",146.321304321289,-41.1522064208984,0.9,2.97,3.35,252934.62,47920.23,2450533.75,11716.54,3258.92,68137.03
"TAS","Latrobe (Tas.)",146.430786132812,-41.155158996582,0.9,2.98,3.48,197807.03,39009.55,1807841.03,6119.96,1843.81,32033.03
"TAS","Latrobe (Tas.)",146.492980957031,-41.1431465148926,0.9,2.98,3.5,196145.31,38884.52,1776335.89,6598.36,1984.04,34480.44
"TAS","Latrobe (Tas.)",146.525863647461,-41.1228256225586,0.9,2.98,3.52,225292.42,44204.89,2060953.1,5938.91,1827.32,29934.74
"TAS","Latrobe (Tas.)",146.589111328125,-41.1430435180664,0.9,2.99,3.29,157320.84,32214.5,1361192.11,10765.82,3098.27,59065.93
"TAS","Break O'Day",148.282577514648,-41.1071319580078,0.9,2.84,4.55,75216764.28,6779832.93,1990411369.77,44.47,27.21,86.32
"TAS","Circular Head",144.664001464844,-41.0789909362793,0.9,2.95,3.72,421349.96,78907.88,4036878.8,3000.14,991.97,13849.66
"TAS","Central Coast (Tas.)",146.043014526367,-41.0946350097656,0.9,2.96,3.5,329238.64,59840.14,3386374.89,10650.8,2898.41,65037.68
"TAS","Central Coast (Tas.)",146.093994140625,-41.1137771606445,0.9,2.96,3.45,328697.17,59812.59,3373699.76,9996.7,2792.89,58310.03
"TAS","Latrobe (Tas.)",146.640960693359,-41.0928993225098,0.9,2.95,3.46,204645.46,40948.82,1816742.75,5003.1,1614.26,23344.26
"TAS","Break O'Day",148.294143676758,-41.0832061767578,0.9,2.84,4.17,67505347.81,6179436.62,1748255448.67,106.24,57.22,246.61
"TAS","Circular Head",144.630340576172,-41.0435943603516,0.9,2.94,5.17,580533.21,102550.63,6066810.99,84.33,46.23,192.35
"TAS","Burnie",145.97412109375,-41.0647888183594,0.9,2.95,3.72,350475.02,63421.41,3619198.88,4530.06,1367.31,24170.61
"TAS","West Tamar",146.705780029297,-41.0612106323242,0.9,2.94,3.46,230448.62,45721.86,2062438.6,5528.18,1766.12,26100.84
"TAS","West Tamar",146.720199584961,-41.0631256103516,0.9,2.95,3.44,213046.31,42831.96,1870186.38,5029.26,1632.28,23204.17
"TAS","Break O'Day",148.299789428711,-41.0481185913086,0.9,2.84,3.78,57475265.04,5405505.3,1430700412.44,386.95,173.04,1165.52
"TAS","Circular Head",144.602462768555,-41.0091133117676,0.9,2.93,3.77,1155196.73,191343.7,13014369.38,3913.69,1268.54,18409.07
"TAS","Waratah-Wynyard",145.83430480957,-41.0343780517578,0.9,2.96,3.35,247391.18,46598.41,2426579.16,9550.22,2749.79,52779.19
"TAS","Burnie",145.913665771484,-41.0499877929688,0.9,2.96,3.76,318955.14,58304.22,3252610.44,2519,835.75,11704.27
"TAS","George Town",146.850326538086,-41.0287094116211,0.9,2.95,3.7,207789.04,42602.81,1762525.53,1699.98,644.81,6307.81
"TAS","George Town",146.880859375,-41.0161895751953,0.9,2.95,3.67,220241.13,44960.9,1876257.24,2231.28,814.13,8739.19
"TAS","Break O'Day",148.353164672852,-40.994701385498,0.9,2.85,3.57,37287760.48,3719056.74,856300038.39,1716.11,634.47,6671.96
"TAS","Circular Head",144.611099243164,-40.9469757080078,0.9,2.92,5.48,1538530.34,244290.95,18394661.47,85.86,47.27,194.03
"TAS","Waratah-Wynyard",145.757232666016,-40.9896659851074,0.9,2.96,3.55,293669.54,54285.96,2949161.22,3807.17,1224.11,18219.51
"TAS","George Town",147.00080871582,-40.9813957214355,0.9,2.94,4.98,272531.85,53923.89,2425914.39,68.75,40.18,141.25
"TAS","George Town",147.050521850586,-40.9833717346191,0.9,2.94,4.04,237113.37,47845.08,2053980.64,492.58,224.37,1412.76
"TAS","George Town",147.10888671875,-40.9926414489746,0.9,2.94,3.39,254872.14,51051.07,2227791.6,15401.19,4433.61,82541.6
"TAS","George Town",147.168502807617,-41.000904083252,0.9,2.95,3.78,227403.54,46540.72,1924675.42,1424.61,568.02,4880.38
"TAS","Dorset",147.230133056641,-40.9747161865234,0.9,2.94,3.82,242148.45,49262.83,2064030.62,1634.68,643.54,5684.24
"TAS","Dorset",147.39714050293,-40.9836044311523,0.9,2.95,4.56,180590.09,38981.66,1407436.63,129.04,69.74,294.15
"TAS","Dorset",147.488128662109,-40.9723701477051,0.9,2.94,3.99,242594.12,50078.93,2013856.52,670.73,295.66,2004.3
"TAS","Break O'Day",148.352798461914,-40.9916381835938,0.9,2.85,3.59,37177323.95,3731604.7,843996810.92,1572.32,587.17,6034.8
"TAS","Circular Head",144.626983642578,-40.9217834472656,0.9,2.88,5.13,20969454.05,2171387.17,466551380.69,119.75,63.44,284.43
"TAS","Waratah-Wynyard",145.689300537109,-40.935115814209,0.9,2.97,4.05,208971.76,40485.34,1966949.91,833.91,323.23,3120.61
"TAS","Waratah-Wynyard",145.72607421875,-40.9378356933594,0.9,2.97,3.56,212827.15,41047.91,2017591.06,7227.55,2060.24,41559.63
"TAS","Dorset",147.282119750977,-40.9394226074219,0.9,2.94,3.79,327273.72,63108.41,3019182.75,2023.92,779,7239.18
"TAS","Dorset",147.329818725586,-40.9436912536621,0.9,2.94,4.28,240817.13,49521.26,2013868.84,344.42,164.26,928.56
"TAS","Dorset",147.349945068359,-40.9411163330078,0.9,2.94,4.22,251515.56,51307.43,2128586.58,452.78,208.77,1276.77
"TAS","Dorset",147.537063598633,-40.9300727844238,0.9,2.93,4.08,360010.53,70538.74,3208120.35,696.46,299.72,2168.38
"TAS","Break O'Day",148.306838989258,-40.9382095336914,0.9,2.86,5.21,16278843.4,1846770.89,310907684.01,22.65,15.03,39.47
"TAS","Circular Head",144.646362304688,-40.8981094360352,0.9,2.88,3.75,15607911.28,1634462.55,346991469.59,2618.85,922.37,10836.04
"TAS","Waratah-Wynyard",145.581344604492,-40.9089317321777,0.9,2.96,3.4,257125.98,48438.63,2514882.76,11650.52,3229.64,68215.02
"TAS","Waratah-Wynyard",145.614685058594,-40.9245758056641,0.9,2.97,3.56,229128.98,43941.26,2184494.64,6583.03,1916.93,36584.1
"TAS","Dorset",147.556701660156,-40.8995056152344,0.9,2.93,4.12,411942.89,79514.74,3741628.12,663.48,285.02,2078.57
"TAS","Dorset",148.261993408203,-40.8855972290039,0.9,2.87,4.2,9799798.39,1209007.23,165682308.96,123.72,65.67,292.13
"TAS","Circular Head",144.696090698242,-40.8595733642578,0.9,2.88,3.83,16185096.66,1744274.54,340077991.17,3099.25,1035.12,14002.79
"TAS","Circular Head",145.410034179688,-40.8539161682129,0.9,2.95,3.62,439117.78,76171.07,4833659.9,4561.35,1384.56,24057.74
"TAS","Circular Head",145.476165771484,-40.8643913269043,0.9,2.96,3.17,339689.26,61226.72,3541312.22,57955.29,12936.09,456600.85
"TAS","Circular Head",145.514511108398,-40.8528327941895,0.9,2.96,3.17,349514.16,62819.26,3656055.11,59095.55,13266.72,459916.99
"TAS","Dorset",147.594696044922,-40.8484535217285,0.9,2.93,4.21,407559.21,79908.85,3601600.05,496.91,220.53,1493.24
"TAS","Dorset",147.740966796875,-40.8519058227539,0.9,2.92,3.39,534088.91,107633.05,4430912.19,7102.7,2359.95,30772.88
"TAS","Dorset",147.760986328125,-40.8531341552734,0.9,2.92,3.19,554446.14,111270.39,4624489.2,30179.58,8196,172703.16
"TAS","Dorset",147.860855102539,-40.8730316162109,0.9,2.92,3.67,615181.22,120481.61,5326000.69,2636.47,963.54,10191.79
"TAS","Dorset",147.899719238281,-40.844913482666,0.9,2.91,3.84,812887.32,154301.58,7326203.67,1804.35,683.33,6689.57
"TAS","Dorset",148.210830688477,-40.8399543762207,0.9,2.88,4.06,5526044.02,755886.45,80182217.66,217.88,106.13,581.43
"TAS","Circular Head",144.69287109375,-40.8074645996094,0.9,2.9,3.57,3839249.91,513808.44,59308155.97,8782.78,2537.73,48500.62
"TAS","Circular Head",145.299163818359,-40.8147354125977,0.9,2.94,3.2,533798.31,89702.33,6153700.9,61090.34,12998.32,525455.76
"TAS","Circular Head",145.357513427734,-40.8470153808594,0.9,2.95,3.16,442407.55,76429.32,4904781.41,103368.86,20523.73,976425.57
"TAS","Dorset",147.636962890625,-40.8108901977539,0.9,2.92,4.05,552383.17,108704.53,4769133.68,1119.48,440.39,3988.89
"TAS","Dorset",147.674896240234,-40.8212509155273,0.9,2.92,3.23,640663.83,125465.63,5535388.83,27064.8,7438.32,152552.61
"TAS","Dorset",147.923492431641,-40.8156623840332,0.9,2.91,3.87,819898.03,155744.78,7376752.11,1637.78,622.16,6074.28
"TAS","Dorset",148.176132202148,-40.8186264038086,0.9,2.88,3.73,4338754.56,619314.39,59133122.77,1318.32,513.83,4728.56
"TAS","Circular Head",144.680114746094,-40.7445640563965,0.9,2.88,3.96,16020529.88,1702855.32,345682597.57,6969.83,2044.98,38011.29
"TAS","Circular Head",145.095779418945,-40.7816848754883,0.9,2.93,3.38,1061964.24,158752.08,14551722.7,9871.19,2727.47,58869.86
"TAS","Circular Head",145.150955200195,-40.7978782653809,0.9,2.93,3.26,845367.87,130812.35,11027099.08,20236.43,5133.64,134805.72
"TAS","Circular Head",145.227600097656,-40.7947006225586,0.9,2.94,3.25,571672.82,94579.31,6754653.17,29554.38,7137.54,210377.62
"TAS","Circular Head",145.260818481445,-40.762882232666,0.9,2.95,4.52,497228.12,84508.36,5638894.59,297.54,133.6,906.42
"TAS","Dorset",147.937637329102,-40.7492599487305,0.9,2.92,3.8,723518.3,142581.52,6145103.09,3419.03,1137.67,15450.83
"TAS","Dorset",148.090866088867,-40.7719078063965,0.9,2.9,4.19,1575606.29,250019.38,18832480.18,409.8,186.9,1185.68
"TAS","Circular Head",144.673858642578,-40.7176933288574,0.9,2.99,9.33,117165.47,24751.78,975432.63,7.13,5.52,10.11
"TAS","Circular Head",145.071640014648,-40.7180595397949,0.9,2.93,3.36,1129027.29,174493.46,14469626.09,11538.46,3152.76,69491.32
"TAS","Dorset",147.945587158203,-40.7393455505371,0.9,2.94,4.57,270454.28,60280.26,1949439.05,318.3,149.4,887.63
"TAS","Dorset",147.998031616211,-40.7403450012207,0.9,2.89,4.31,2449582.29,371122.18,31009381.31,1052.68,415.47,3743.37
"TAS","Dorset",148.086532592773,-40.7328948974609,0.9,2.91,3.85,1083212.99,176067.99,12680559.65,1500.4,571.22,5573.45
"TAS","Circular Head",144.668197631836,-40.6715774536133,0.9,2.88,8.14,12587126.31,1376465.56,261784765.05,12.84,9.11,20.56
"TAS","Circular Head",144.773864746094,-40.6976509094238,0.9,2.93,3.48,1036144.7,152596.76,14633282.44,6910.78,2043.75,37147.49
"TAS","Circular Head",144.836822509766,-40.6881294250488,0.9,2.94,3.47,732728.17,117355.06,9046099.79,10594.83,2944.49,62157.66
"TAS","Circular Head",145.048599243164,-40.685546875,0.9,2.93,3.36,1049618.03,166521.92,12874795.38,12843.66,3433.97,80006.2
"TAS","Circular Head",144.684814453125,-40.6413726806641,0.9,2.88,4.12,12383797.7,1348540.33,259898262.52,3527.75,1145.1,16671.08
"TAS","Circular Head",144.734970092773,-40.6459159851074,0.9,2.92,3.91,1645014.7,236993.31,23440304.59,8716.14,2533.66,47614.15
"TAS","Circular Head",144.87516784668,-40.6708221435547,0.9,2.94,3.46,585566.92,100741.93,6421113.23,15494.46,4126.99,95898.42
"TAS","Circular Head",144.982803344727,-40.6565856933594,0.9,2.93,3.29,850795.86,139772.49,9917582.72,19537.83,4889.8,133930.24
"TAS","Circular Head",144.737701416016,-40.5971183776855,0.9,2.9,3.67,3591685.72,456342.49,61432253.49,34340.47,8312.75,240785.65
"TAS","Circular Head",144.770690917969,-40.5964431762695,0.9,2.91,3.26,2914294.07,379988.76,48168002.79,24081.38,6010.5,163395.99
"TAS","Circular Head",144.912780761719,-40.6128616333008,0.9,2.94,3.11,675346.3,114982.04,7480494.38,89283.72,19551.59,707879.38
"TAS","Circular Head",144.948745727539,-40.6073684692383,0.9,2.92,3.16,1303925.47,198233.68,17067074.36,64902.23,14075.34,535745.26
"TAS","Flinders (Tas.)",148.176834106445,-40.5959587097168,0.9,2.92,4.35,750145.06,131763.64,7797402.68,1604.84,603.77,6067.17
"TAS","Flinders (Tas.)",148.200256347656,-40.5891304016113,0.9,2.89,4.64,2137843.19,316483.56,28465580.87,64.18,36.73,137.56
"TAS","Circular Head",144.675552368164,-40.5673217773438,0.9,2.9,4.02,4048558.03,528247.61,65331963.79,5039.36,1564.35,25268.72
"TAS","Circular Head",144.779983520508,-40.5709533691406,0.9,2.91,3.26,2359822.39,316801.87,37462093.94,27029.68,6612.82,188936.83
"TAS","Flinders (Tas.)",148.112411499023,-40.5633201599121,0.9,2.93,5.18,371980.21,73401.03,3266762.52,334.07,150.93,997.21
"TAS","Flinders (Tas.)",148.227340698242,-40.5468826293945,0.9,2.87,4.13,8013970.24,1033732.54,126477174.69,155.12,78.62,393.27
"TAS","Circular Head",144.703262329102,-40.5109214782715,0.9,2.9,3.92,3980450.71,516322.33,65014814.65,6603.31,1957.37,35454.6
"TAS","Circular Head",144.791122436523,-40.5122032165527,0.9,2.92,3.44,1979468.44,276567.04,29501432.13,6417.75,1921.68,33871.16
"TAS","Flinders (Tas.)",148.098937988281,-40.5235214233398,0.9,2.92,4.11,584744.26,105949.92,5831987.04,2173.29,770.89,8985.28
"TAS","Flinders (Tas.)",148.236694335938,-40.5198822021484,0.9,2.86,3.84,11242421.49,1392824.71,187055274.22,341.59,156.12,996.18
"TAS","Flinders (Tas.)",148.315460205078,-40.5186309814453,0.9,2.85,3.93,25972273.38,2849342.45,512324088.39,267.19,128.7,718.35
"TAS","Flinders (Tas.)",148.353866577148,-40.5163421630859,0.9,2.85,5.37,32734601.46,3481839.55,673546213.28,27.17,17.59,49.04
"TAS","Circular Head",144.706481933594,-40.4838218688965,0.9,2.91,4,2660466.19,360585.49,41136173.52,3692.13,1207.08,17156.51
"TAS","Circular Head",144.85026550293,-40.4683647155762,0.9,2.92,3.12,1682241.78,242713.76,23867813.51,254743.68,45669.68,2737631.88
"TAS","Circular Head",144.891799926758,-40.4872550964355,0.9,2.91,3.09,2117660.89,293307.43,31933604.67,229088.83,42975.99,2276196.47
"TAS","Circular Head",144.935012817383,-40.4715118408203,0.9,2.91,3.24,2447807.74,336292.84,37107839.81,36129.82,8342.65,276153.64
"TAS","Flinders (Tas.)",148.047439575195,-40.475944519043,0.9,2.91,4.13,1174270.04,194876.8,13170325.39,2955.05,995.05,13190.99
"TAS","Flinders (Tas.)",148.053924560547,-40.4809074401855,0.9,2.91,4.1,1088179.61,183816.18,11873666.26,3676.83,1208.71,16914
"TAS","Flinders (Tas.)",148.087585449219,-40.4819755554199,0.9,2.91,4.05,822793.48,142213.7,8757446.29,2609.83,903.26,11158.96
"TAS","Flinders (Tas.)",148.406112670898,-40.480110168457,0.9,2.84,4.19,46786620.9,4609203.98,1083331725.34,133.17,70.91,311.24
"TAS","Circular Head",144.792694091797,-40.4443855285645,0.9,2.91,3.9,2843489.21,378757.1,45217527.76,876.62,347.61,3128.9
"TAS","Circular Head",144.837173461914,-40.449146270752,0.9,2.91,3.14,2371754.87,321437.73,36968816.98,219823.25,40211.73,2297715.99
"TAS","Circular Head",144.968170166016,-40.4310569763184,0.9,2.91,3.2,2183675.9,307059.04,31940344.61,80935.75,16139.44,772651.57
"TAS","Flinders (Tas.)",147.980758666992,-40.4205627441406,0.9,2.9,3.95,1223374.58,198733.41,14229016.17,3729.29,1215.57,17415.83
"TAS","Flinders (Tas.)",148.474563598633,-40.4437446594238,0.9,2.83,5.25,151368676.13,12108852.31,4775106324.52,27.14,17.67,48.44
"TAS","Circular Head",144.84391784668,-40.4292869567871,0.9,2.9,3.56,3921589.69,491528.63,68398323.07,17545.47,4456.81,117833.5
"TAS","Circular Head",144.970901489258,-40.4216804504395,0.9,2.91,3.24,2852156.88,379806.96,45369335.88,77925.39,15921.82,711578.51
"TAS","Flinders (Tas.)",147.9794921875,-40.4032287597656,0.9,2.91,3.92,953411.64,158882.63,10748165.64,4213.67,1335.98,20558.55
"TAS","Flinders (Tas.)",148.460372924805,-40.4083251953125,0.9,2.85,4.2,41137013.85,4018422.11,975569219.76,100.69,53.8,238.12
"TAS","Circular Head",144.893737792969,-40.386287689209,0.9,2.9,3.61,4002570.24,498809.41,70471674.77,22409.09,5624.82,151205.28
"TAS","Circular Head",144.950103759766,-40.3884658813477,0.9,2.91,4.63,2780749.83,367092.75,45044987.94,228.02,109.37,624.36
"TAS","Flinders (Tas.)",148.002624511719,-40.3662147521973,0.9,2.91,3.92,990565.7,159788.56,11826574.01,4525.03,1419.04,22428.23
"TAS","Flinders (Tas.)",148.423919677734,-40.3693313598633,0.9,2.86,4.01,14631647.32,1668529.42,278676400.89,235.71,113.05,644.02
"TAS","Flinders (Tas.)",148.006896972656,-40.3459854125977,0.9,2.92,3.59,748072.01,124386.6,8599375.56,13004.2,3482.43,80684.32
"TAS","Flinders (Tas.)",148.36750793457,-40.3207015991211,0.9,2.88,4.12,4669836.07,628170.46,70574195.86,114.62,59.66,282.22
"TAS","Flinders (Tas.)",147.946670532227,-40.276180267334,0.9,2.9,3.49,1895826.3,282363.45,25154179.51,18561.53,4714.07,124171.45
"TAS","Flinders (Tas.)",148.024673461914,-40.2296142578125,0.9,2.9,3.61,1251390.45,189686.39,16515448.91,29787.38,7090.15,217886.57
"TAS","Flinders (Tas.)",148.303619384766,-40.2542572021484,0.9,2.89,4.36,3090061.77,439027.69,43352023.17,97.98,52.41,231.66
"TAS","Flinders (Tas.)",147.987350463867,-40.1960487365723,0.9,2.91,3.6,1185918.61,181712.61,15394500.3,29795.57,7038.3,221161.4
"TAS","Flinders (Tas.)",148.005523681641,-40.1689033508301,0.9,2.92,3.66,514709.28,85634.35,6061806.18,15714.83,4138.61,99278.34
"TAS","Flinders (Tas.)",148.317733764648,-40.1645240783691,0.9,2.9,3.86,1379917.35,222732.8,16119234.56,276.97,129.93,780.28
"TAS","King Island",143.895416259766,-40.1236953735352,0.9,2.63,3.73,44567.56,10688,312439.49,560.74,236.5,1838
"TAS","King Island",143.947296142578,-40.123161315918,0.9,2.51,3.33,7166162.35,857763.91,130738227.06,6254.41,1854.14,33709.25
"TAS","King Island",143.980819702148,-40.114086151123,0.9,2.5,3.35,9583790.61,1083869.11,190660657.55,5851.21,1849.41,28075.48
"TAS","Flinders (Tas.)",147.951965332031,-40.0990562438965,0.9,2.91,3.97,1112928.04,167625.67,14985208.43,3545.48,1203.19,15408.17
"TAS","Flinders (Tas.)",148.005310058594,-40.1181678771973,0.9,2.93,4.28,378483.35,65133.46,4273155.37,1179.76,473.13,4044.18
"TAS","Flinders (Tas.)",148.307266235352,-40.1286659240723,0.9,2.9,3.84,1477759.47,235344.78,17615280.43,293.01,135.39,846.04
"TAS","King Island",143.863250732422,-40.0790481567383,0.9,2.51,3.36,5274868.36,653894.44,92017360.32,6285.67,1909.77,32317.1
"TAS","King Island",144.046844482422,-40.0782127380371,0.9,2.49,3.34,14339570.29,1476069.69,331358267.21,1759.6,632.4,7202.05
"TAS","Flinders (Tas.)",147.892807006836,-40.0879211425781,0.9,2.9,3.66,1715931.62,259009.65,22355225.76,27467.73,6618.94,197415.43
"TAS","Flinders (Tas.)",148.2958984375,-40.0857315063477,0.9,2.9,3.91,1401624.87,224217.81,16626134.95,223.16,107.49,607.2
"TAS","King Island",143.860076904297,-40.0594444274902,0.9,2.53,3.4,1561226.83,221720.19,22940591.65,3990.64,1301.5,18528.69
"TAS","King Island",144.106567382812,-40.0429611206055,0.9,2.48,3.1,41685543.58,3591357.2,1252152277.29,21152.13,5550.33,131776.96
"TAS","Flinders (Tas.)",147.846771240234,-40.0310707092285,0.9,2.89,3.59,3273290.03,455443.94,47545874.26,34593.74,8127.18,256613.08
"TAS","Flinders (Tas.)",148.293029785156,-40.0547065734863,0.9,2.9,3.97,1442359.28,231653.14,16956561.64,174.31,87.31,448.18
"TAS","King Island",143.882369995117,-39.9975700378418,0.9,2.6,3.79,116528.15,24602.81,971527.17,726.52,297.12,2478.7
"TAS","King Island",144.128204345703,-39.9970970153809,0.9,2.47,2.74,90891095.84,6881212.11,3302899495.04,1043899.01,160124.39,13641338.1
"TAS","Flinders (Tas.)",147.855865478516,-40.0175628662109,0.9,2.89,3.82,2724526.33,399854.79,36306205.23,5418.18,1659.99,27710.83
"TAS","Flinders (Tas.)",148.283706665039,-40.0074615478516,0.9,2.91,3.99,928979.24,159545.75,9930193.23,146.01,74.87,363.64
"TAS","King Island",143.853927612305,-39.9506721496582,0.9,2.59,3.47,156772.03,32421.28,1332177.75,2386.43,825.92,10267.55
"TAS","King Island",144.139312744141,-39.9654006958008,0.9,2.46,3.05,174694599.19,12005625.61,7283018657.52,28549.74,7561.2,171514.06
"TAS","Flinders (Tas.)",147.798294067383,-39.918342590332,0.9,2.88,3.13,3473540.32,505545.85,46311886.7,936542.81,135521,13785876.89
"TAS","Flinders (Tas.)",147.89599609375,-39.9532318115234,0.9,2.89,3.42,2156954.65,332620.16,26646009.63,82456.6,16755.28,757719.12
"TAS","Flinders (Tas.)",148.263214111328,-39.9630470275879,0.9,2.9,4.38,1508520.95,240359.82,17943719.62,111.79,58.96,268.92
"TAS","King Island",143.829513549805,-39.9180564880371,0.9,2.59,3.51,131293.54,27490.21,1103019.3,2006.2,711.67,8339.56
"TAS","King Island",144.143463134766,-39.9264678955078,0.9,2.46,3.29,153892525.18,11081633.37,5918979779.93,6499.5,2067.83,30605.73
"TAS","Flinders (Tas.)",147.766845703125,-39.9082679748535,0.9,2.88,3.7,4125705.61,597383.52,54963041.4,21688.56,5307.5,154043.49
"TAS","Flinders (Tas.)",148.205902099609,-39.9435615539551,0.9,2.9,4.37,1595372.68,251571.44,19273056.97,94.62,51.06,220.56
"TAS","King Island",143.839248657227,-39.884334564209,0.9,2.66,3.53,20571.64,5525.06,122960.26,1612.37,596.29,6291.44
"TAS","King Island",144.136596679688,-39.9176254272461,0.9,2.47,3.26,112907017.16,8674510.64,3924137722.71,8451.34,2632.56,40699.78
"TAS","Flinders (Tas.)",147.744827270508,-39.8761138916016,0.9,2.88,4.55,4868189.32,683633.09,67870135.16,630.08,274.18,1934.23
"TAS","Flinders (Tas.)",148.139068603516,-39.9053268432617,0.9,2.9,3.71,1496456.59,237064.84,17997015.07,562.31,238.59,1822.1
"TAS","King Island",143.854507446289,-39.8473930358887,0.9,2.65,3.6,24461.71,6367.5,153198.17,986.72,386.42,3576.05
"TAS","King Island",144.132369995117,-39.8418426513672,0.9,2.47,3.18,131988628.04,10210792.32,4476705976,10608.53,3281.9,51036.99
"TAS","Flinders (Tas.)",147.771362304688,-39.8409767150879,0.9,2.9,3.54,1619094.44,279869.22,16583963.98,11556.48,3206.65,67580.23
"TAS","Flinders (Tas.)",148.091217041016,-39.8570404052734,0.9,2.9,3.75,1260817.98,204905.38,14625907.5,552.26,233.58,1802.48
"TAS","King Island",143.85676574707,-39.7956581115723,0.9,2.6,3.47,97038.94,20614.68,809675.61,2299.02,789.98,10054.17
"TAS","King Island",144.12744140625,-39.817554473877,0.9,2.47,3.2,116977528.99,9190650.37,3886038512.99,7396.91,2439.39,32403.05
"TAS","Flinders (Tas.)",147.811630249023,-39.8306541442871,0.9,2.9,3.59,1384856.89,243966.02,13833639.15,8891.99,2563.86,49257.68
"TAS","Flinders (Tas.)",148.043655395508,-39.8109970092773,0.9,2.91,3.73,1033981.65,171349.41,11717183.81,604.66,254.03,1986.13
"TAS","King Island",143.844787597656,-39.7591819763184,0.9,2.61,5.29,93763.99,20205.6,763482.34,51.36,30.32,105.48
"TAS","King Island",144.107025146484,-39.7624244689941,0.9,2.46,3.29,139934829.85,10796308.89,4750862670.94,2658.22,957.68,10540.87
"TAS","Flinders (Tas.)",147.84489440918,-39.7629585266113,0.9,2.9,4.15,1758911.15,286656.19,19906999.82,3616.36,1227.67,15685.99
"TAS","Flinders (Tas.)",148.013427734375,-39.7826461791992,0.9,2.9,3.7,1255830.61,201926.5,14858211.72,675.82,281.37,2240.72
"TAS","King Island",143.820816040039,-39.6965179443359,0.9,2.54,3.86,1413592.35,234375.73,15708779.86,1250.31,467.76,4859.44
"TAS","King Island",144.110992431641,-39.7095756530762,0.9,2.47,3.32,115653387,9096345.02,3837365933.59,1931.24,703.01,7667.88
"TAS","Flinders (Tas.)",147.898330688477,-39.7129211425781,0.9,2.91,3.49,968862.85,168548.4,10094439.65,21507.23,5898.05,123376.63
"TAS","Flinders (Tas.)",147.947769165039,-39.7199745178223,0.9,2.92,3.46,644569.44,115879.6,6482528.92,56489.68,13640.5,385165.72
"TAS","Flinders (Tas.)",147.965942382812,-39.7286834716797,0.9,2.89,3.63,3042501.55,437307.43,41830218.85,1298.62,486,5030.05
"TAS","King Island",143.838088989258,-39.6834030151367,0.9,2.54,3.49,1461474.33,239699.3,16528857.55,3199.24,1052.74,14835.07
"TAS","King Island",144.111511230469,-39.6770706176758,0.9,2.47,3.82,107555607.11,8539109.67,3523947013.57,296.51,136.61,860.02
"TAS","King Island",143.924285888672,-39.651180267334,0.9,2.53,3.48,2335450.48,341814.04,31578750.66,2672.74,900.9,11993.18
"TAS","King Island",144.095275878906,-39.6545829772949,0.9,2.47,3.8,86914001.42,7210199.59,2660166701.06,733.55,313.92,2300
"TAS","King Island",143.921173095703,-39.6032028198242,0.9,2.53,5.88,1843378.87,273239.86,24720184.04,29.16,18.49,54.41
"TAS","King Island",144.043029785156,-39.6161041259766,0.9,2.48,4.06,45364970.35,4305360.8,1127791532.93,666.48,275.15,2247.22
"TAS","King Island",143.951919555664,-39.575366973877,0.9,2.49,5.1,26119004.39,2684359.67,580744888.97,128.97,66.46,320.99
"TAS","King Island",143.97900390625,-39.5885543823242,0.9,2.49,3.75,24083781.97,2554863.27,507650023.38,1506.85,567.14,5715.9
"VIC","South Gippsland",146.421844482422,-39.1332206726074,0.9,2.9,4.14,930518.64,141639.78,12437176.18,2121.49,729.63,9316.83
"VIC","South Gippsland",146.439544677734,-39.1008491516113,0.9,2.9,4.86,1185957.02,173393.02,16817738.93,34.14,20.95,67.02
"VIC","Unincorporated Vic",146.250122070312,-39.0228652954102,0.9,2.95,3.85,127548.3,25887.91,1137889.81,932.52,381.39,3129.34
"VIC","Unincorporated Vic",146.224090576172,-38.9649429321289,0.9,2.98,3.66,49865.41,11485.82,374135.03,1205.2,467.71,4382.93
"VIC","South Gippsland",146.248489379883,-38.9512329101562,0.9,2.99,3.59,39366.12,9402.43,280413.92,1145.27,456.67,3974.69
"VIC","South Gippsland",145.947830200195,-38.8994636535645,0.9,2.94,3.68,196078.76,36922.68,1955603.84,1602.95,594.36,6226.66
"VIC","Colac Otway",143.527114868164,-38.8592071533203,0.9,2.56,4.38,519484.41,82759.1,6641476.29,115.4,60.02,284.45
"VIC","South Gippsland",145.891571044922,-38.8503303527832,0.9,2.97,3.79,79673.91,17011.82,667552.03,1274.66,481.02,4866.56
"VIC","South Gippsland",146.166641235352,-38.8644256591797,0.9,2.98,3.43,51143.11,11729.8,386150.38,4043.14,1281.24,19805.6
"VIC","South Gippsland",146.313766479492,-38.8775672912598,0.9,2.87,3.18,5048007.51,597952.63,96272485.35,83805.47,17891.34,699864.77
"VIC","South Gippsland",146.37321472168,-38.8578033447266,0.9,2.87,3.2,4490364.34,542175.84,83272071.61,73352.9,16442.99,564114.81
"VIC","South Gippsland",146.484771728516,-38.8814544677734,0.9,2.87,3.04,5078980.69,635517.78,87287917.48,225910.48,45018.77,2008103.27
"VIC","South Gippsland",146.266677856445,-38.8223075866699,0.9,2.87,3.13,6104183.45,759866,104625801.83,347275.71,61325.83,3756651.11
"VIC","South Gippsland",146.389358520508,-38.8456001281738,0.9,2.87,3.2,5217302.94,622681.19,97848291.83,71235.5,16292.59,528804.22
"VIC","Colac Otway",143.380554199219,-38.7705993652344,0.9,2.54,4.11,962149.47,142007.1,13605839.66,173.66,85.74,458.96
"VIC","Colac Otway",143.422012329102,-38.7849884033203,0.9,2.56,4.31,412450.57,67105.76,5152298.34,101.92,54.44,241.03
"VIC","South Gippsland",145.861663818359,-38.7764129638672,0.9,2.99,4.01,40946.25,9599.95,301237.32,493.15,209.71,1606.12
"VIC","South Gippsland",146.223907470703,-38.7741508483887,0.9,2.85,3.09,13021182.35,1475474.79,252833140.02,1109595.97,167379.18,14900492.28
"VIC","South Gippsland",146.418823242188,-38.8024101257324,0.9,2.85,3.1,19302669.23,1936921.59,458315448.32,198847.41,39509.76,1791654.08
"VIC","Corangamite",143.173309326172,-38.7280006408691,0.9,2.57,4.06,339079.61,59339.54,3737511.8,261.88,120.89,763.6
"VIC","Colac Otway",143.785034179688,-38.7066078186035,0.9,2.58,3.7,265228.05,47732.65,2821254.72,371.85,164.41,1147.54
"VIC","South Gippsland",146.206741333008,-38.7418212890625,0.9,2.85,3.07,19315603.14,2061716.89,408354114.05,2434162.64,330487.55,37745042.54
"VIC","Wellington",146.462844848633,-38.7444381713867,0.9,2.83,3.13,68689659.87,5942029.81,1974848297,136090.23,29509.39,1069743.76
"VIC","Colac Otway",143.866333007812,-38.6734504699707,0.9,2.59,3.65,165970.05,32221.08,1580929.84,533,221.54,1803.13
"VIC","South Gippsland",145.768341064453,-38.6752052307129,0.9,2.98,3.73,59453.28,13321.07,464208.69,1604.6,570.59,6748.32
"VIC","South Gippsland",146.262573242188,-38.702880859375,0.9,2.85,3.14,13752395.21,1561448.71,265098420.5,345752.27,67057.01,3145929.07
"VIC","South Gippsland",146.317321777344,-38.6941146850586,0.9,2.84,3.17,24683709.37,2474577.88,577102688.81,159656.58,33856.22,1294298.18
"VIC","South Gippsland",146.425537109375,-38.7058410644531,0.9,2.84,3.22,26169479.11,2602014.83,618888116.01,60222.14,14427.32,414941.24
"VIC","Wellington",146.637847900391,-38.696403503418,0.9,2.87,3.76,3698989.3,520378.93,52254875.59,1644.78,576.32,7104.28
"VIC","Wellington",146.734375,-38.6946296691895,0.9,2.93,3.39,287059.9,57319.93,2505358.48,19195.44,5059.53,119372.52
"VIC","Wellington",146.782333374023,-38.6860198974609,0.9,1.94,2.42,366632.05,69376.11,3476392.55,16166.71,4360.01,97442.83
"VIC","Corangamite",143.002075195312,-38.6296424865723,0.9,2.55,4.62,746013.44,122119.82,8830190.12,87.66,48.08,199.18
"VIC","Bass Coast",145.551666259766,-38.6480751037598,0.9,2.97,4.49,65200.69,14606.34,506009.61,166.42,82.12,441.66
"VIC","Wellington",146.872207641602,-38.6447563171387,0.9,1.9,2.41,2270797.22,307800.41,35493712.42,11173.27,3229.69,60651.38
"VIC","Moyne",142.796737670898,-38.5771369934082,0.9,2.54,4.12,1316519.08,201757.91,16966181.81,317.99,144.18,946.13
"VIC","Corangamite",142.901062011719,-38.6155624389648,0.9,2.57,3.15,335426.56,59327.54,3626394.19,5619.05,1692.54,29607.45
"VIC","Wellington",146.93049621582,-38.6043281555176,0.9,1.91,2.34,1342145.18,197601.03,18619543.71,14946.8,4110.76,87307.31
"VIC","Wellington",146.974472045898,-38.5582618713379,0.9,1.93,2.34,397417.81,72132.23,4047509.78,13325.99,3647.19,79179.66
"VIC","Bass Coast",145.148681640625,-38.5175552368164,0.9,2.95,3.95,143239.03,29114.14,1264393.56,664.72,274.39,2242.26
"VIC","Wellington",146.998046875,-38.5383987426758,0.9,1.95,2.35,223785.66,44896.28,1966014.11,11819.22,3302.88,68088.09
"VIC","Moyne",142.64680480957,-38.4789199829102,0.9,2.04,3.1,1419523.1,207902.15,19810952.08,1116.78,421.2,4309.3
"VIC","Surf Coast",144.097763061523,-38.4742584228516,0.9,2.6,3,111188.21,23470.03,930296.88,15685.27,3954.93,107801.68
"VIC","Wellington",147.049911499023,-38.4927177429199,0.9,1.98,2.25,91525.35,21136.14,657265.05,20548.81,5397.66,128018.74
"VIC","Glenelg",141.558639526367,-38.4331817626953,0.9,1.99,4.16,43414796.31,4173829.3,1056764957.54,139.9,70.11,365.06
"VIC","Surf Coast",144.1611328125,-38.4358596801758,0.9,2.6,2.93,128248.11,26629.36,1095964.32,29036.78,6984.5,208551.59
"VIC","Mornington Peninsula",144.849258422852,-38.4480476379395,0.9,2.06,3.54,77547.87,17239.19,603460.46,144.78,74.7,356.69
"VIC","Wellington",147.098709106445,-38.4510116577148,0.9,1.98,2.29,92895.63,21226.72,679424.35,12177.79,3381.72,70844.21
"VIC","Moyne",142.142532348633,-38.3927955627441,0.9,2.02,2.55,5814706.39,771075.01,88985443.38,29551.58,6985,219224.22
"VIC","Moyne",142.209732055664,-38.3974876403809,0.9,2.02,2.34,3528854.66,499794.95,49386197.66,212125.24,37030.75,2433392.82
"VIC","Warrnambool",142.44255065918,-38.3908538818359,0.9,2.04,2.76,1949164.92,279199.25,27753183.49,3522.46,1137.64,16808.63
"VIC","Warrnambool",142.532409667969,-38.4123992919922,0.9,2.04,2.74,1711342.61,246384.43,24349847.96,4409,1373.84,22163.82
"VIC","Wellington",147.159881591797,-38.413703918457,0.9,1.98,2.34,90790.72,20537.88,677278.09,8950.23,2558.79,50364.51
"VIC","Glenelg",141.650573730469,-38.3856811523438,0.9,1.99,2.51,23170224.6,2436288.21,497705522.2,46742.47,10467.65,371715.55
"VIC","Mornington Peninsula",144.78840637207,-38.361759185791,0.9,2.08,2.39,43547.77,11567.64,253961.11,18731.83,4921.77,117381.67
"VIC","Wellington",147.212829589844,-38.3721466064453,0.9,1.97,2.35,107777.77,23300.65,864378.9,7023.16,2076.74,37716.2
"VIC","Glenelg",141.382507324219,-38.3421783447266,0.9,2.01,2.57,7388883.55,925382.26,123692861.84,41605.58,9990.74,292301.43
"VIC","Moyne",142.009292602539,-38.324577331543,0.9,2.02,2.43,4009012.62,560469.69,57003618.79,72932.48,14934.16,666588.89
"VIC","Glenelg",141.795745849609,-38.2637748718262,0.9,2.02,2.32,4135061.23,582125.58,57949091.4,162052.78,29630.83,1734741.12
"VIC","Moyne",141.895767211914,-38.2744064331055,0.9,2.03,2.33,2612908.27,386162.13,34466569.43,149883.87,27439.38,1610515.25
"VIC","Wellington",147.313613891602,-38.292350769043,0.9,1.95,2.41,217004.86,41641.5,2074108.69,3655.17,1172.42,17624.59
"VIC","Glenelg",141.286392211914,-38.2221336364746,0.9,2.01,2.63,6712455.73,833122.75,114963798.68,15359.08,4128.97,93466.97
"VIC","Wellington",147.365676879883,-38.2471771240234,0.9,1.95,2.45,225695.73,43386.76,2144324.73,3399.58,1080.56,16773.36
"VIC","Glenelg",141.269760131836,-38.2036285400391,0.9,2.05,2.86,1128974.65,180514.34,13585979.46,1649.49,606.91,6488.22
"VIC","Wellington",147.417602539062,-38.2067680358887,0.9,1.95,2.47,202961.15,40259.88,1831940.4,3114.48,1001.83,15116.77
"VIC","Glenelg",141.208801269531,-38.1662750244141,0.9,2.02,2.69,5775453.83,731726.24,96154542.24,8845.47,2567.36,48409.12
"VIC","Wellington",147.474075317383,-38.162956237793,0.9,1.96,2.49,157129.65,33046.42,1294420.87,2439.62,814.76,11219.17
"VIC","Glenelg",141.108062744141,-38.1139183044434,0.9,2.02,2.64,5566460.99,713574.03,90900935.36,11705.8,3264.8,67729.3
"VIC","Greater Geelong",144.714935302734,-38.134162902832,0.9,2.04,2.35,537585.71,99572.72,5178245.55,115704.61,22805.49,1099110.7
"VIC","Mornington Peninsula",145.081008911133,-38.163745880127,0.9,2.03,2.67,189832.46,38881.05,1622261.99,2071.21,747.13,8325.54
"SA","Grant",140.74040222168,-38.0601692199707,0.9,2.04,2.62,1280307.26,208831.84,14740283.03,6278.58,1953.27,30882.85
"SA","Grant",140.77214050293,-38.0627479553223,0.9,2.01,2.53,6586390.56,834713.54,108671322.93,28745.39,6972.35,203342.32
"SA","Grant",140.85432434082,-38.0498161315918,0.9,2.04,2.87,1960089.59,293273.88,25734136.34,1546.82,578.73,5922.67
"SA","Grant",140.912155151367,-38.0582466125488,0.9,2.03,2.62,2207692.9,324372.93,29744608.19,7509.12,2202.04,40772.55
"SA","Grant",140.955093383789,-38.0625228881836,0.9,2.01,2.51,6533247.08,810654.41,112150827.8,42391.8,9454.64,342304.02
"VIC","Glenelg",141.0107421875,-38.069766998291,0.9,2.03,2.56,2207431.63,323258.1,29923805.72,10655.43,2948.36,63013.23
"VIC","Glenelg",141.052200317383,-38.088062286377,0.9,2.02,2.52,4949910,643084.02,79458918.81,31435.57,7431.43,232052.79
"VIC","Wellington",147.582229614258,-38.0834007263184,0.9,1.94,2.4,365224.23,66734.81,3694003.11,3374.89,1107.61,15667.9
"SA","Grant",140.5830078125,-38.033863067627,0.9,2.01,4.28,7930436.78,990279.97,132884886.19,74.96,42.51,161.84
"SA","Grant",140.631912231445,-38.0421752929688,0.9,2.06,3.41,653031.67,109025.15,7517476.76,236.93,115.14,631.51
"VIC","Kingston (Vic.)",145.088943481445,-38.0244255065918,0.9,2.02,2.6,439200.63,77128.75,4724535.31,5588.26,1664.34,30105.57
"VIC","Wellington",147.637832641602,-38.044059753418,0.9,1.92,2.4,590890.16,99444.83,6746093.5,3336.78,1102.22,15314.13
"SA","Grant",140.501113891602,-37.987247467041,0.9,2.05,3.08,919823.98,162039.24,9398138.32,694.19,303.09,2106.16
"SA","Grant",140.524429321289,-37.9978141784668,0.9,2.06,3.19,607965.05,111246.73,5942943.44,486.41,217.94,1438.34
"SA","Grant",140.429992675781,-37.9360847473145,0.9,2.07,3.45,469720.59,88439.7,4427816.46,249.33,123.32,641.52
"VIC","Wyndham",144.773010253906,-37.9353256225586,0.9,2,2.48,938518.17,155352.47,10721846.03,13342.68,3475.74,87153.01
"VIC","Bayside (Vic.)",144.991851806641,-37.947208404541,0.9,2.01,2.54,676930.94,112038.58,7900737.83,12166.33,3204.2,78356.27
"SA","Grant",140.370849609375,-37.9024505615234,0.9,2.06,3.96,679124.8,125576.92,6473624.51,109.87,61.36,238.36
"VIC","East Gippsland",147.893478393555,-37.9159851074219,0.9,1.89,2.61,2742982.32,362057.84,44487510.03,1131.07,433.19,4234.66
"SA","Grant",140.36296081543,-37.8788871765137,0.9,2.09,4.08,184915.64,38927.52,1505643.09,82.92,48.2,170.25
"VIC","East Gippsland",148.105895996094,-37.8565101623535,0.9,1.9,2.55,2066968.18,281443.2,32246243.63,1635.38,603.01,6410.7
"VIC","East Gippsland",148.20671081543,-37.8326759338379,0.9,1.9,2.58,1774353.4,247137.29,26806190.81,1672.24,616.71,6543.09
"SA","Grant",140.326446533203,-37.8215484619141,0.9,2.09,6.04,182217.41,40227.29,1363583.96,15.54,11.07,24.41
"VIC","East Gippsland",148.314437866211,-37.8126602172852,0.9,1.9,2.58,1705767,240083.81,25334658.7,1763.92,645.69,6973.4
"VIC","East Gippsland",148.414672851562,-37.8078994750977,0.9,1.91,2.63,1385370.53,199375.59,20019782.35,1664.6,614.64,6500.43
"VIC","East Gippsland",148.627105712891,-37.814079284668,0.9,1.89,2.64,3468870.56,448882.58,57454248.47,3130.67,1042.85,14205.7
"VIC","East Gippsland",148.685501098633,-37.8060111999512,0.9,1.9,2.67,1702986.96,239351.94,25364512.04,3187.63,1052.38,14692.58
"VIC","East Gippsland",148.844741821289,-37.7903251647949,0.9,1.91,2.86,1112167.56,168661.57,14783810.68,1908.32,670.51,8107.11
"VIC","East Gippsland",149.202941894531,-37.7846832275391,0.9,2.32,3.73,1012158.6,162475.65,12177055.88,355.63,163.72,1020.46
"VIC","East Gippsland",149.285018920898,-37.8005218505859,0.9,2.31,3.33,1828385.12,271697.62,24418639.41,1639.12,592.31,6673.89
"SA","Grant",140.317901611328,-37.7939872741699,0.9,2.1,4.1,143850.61,30438.49,1178360.02,71.3,42.04,143.9
"VIC","East Gippsland",148.474594116211,-37.8038063049316,0.9,1.91,2.64,1160488.35,172338.3,16001077.23,1847.04,666.49,7477.66
"VIC","East Gippsland",148.576080322266,-37.8049087524414,0.9,1.91,2.62,1290417.65,188179.48,18278388.92,2758.22,934.55,12227.83
"VIC","East Gippsland",148.945434570312,-37.7836303710938,0.9,1.91,2.85,1069709.72,166242.27,13617876.55,2093.55,729.12,8984.41
"VIC","East Gippsland",148.998153686523,-37.7844581604004,0.9,1.91,2.86,1166655.51,180482.8,14892421.32,2041.03,712.56,8734.48
"VIC","East Gippsland",149.103958129883,-37.7829399108887,0.9,1.91,2.9,1003209.98,160371.27,12169623.04,1762.83,637.07,7139.47
"SA","Wattle Range",140.281753540039,-37.7494964599609,0.9,2.08,3.82,252125.59,54673.97,1913345.08,145.83,78.22,334.63
"VIC","East Gippsland",149.590057373047,-37.7298011779785,0.9,2.32,3.3,1085416.21,171816.41,13339988.15,1125.15,432.52,4184.64
"SA","Wattle Range",140.263427734375,-37.7113876342773,0.9,2.11,3.5,113463.77,26529.27,787126.75,235,118.31,587.8
"SA","Wattle Range",140.215057373047,-37.6637725830078,0.9,2.06,3.35,540712.48,104329.5,4839487.39,445.54,205.8,1253.39
"SA","Wattle Range",140.162246704102,-37.6170768737793,0.9,2.06,3.31,542199.21,104059.04,4898309.18,607.71,267.58,1830.14
"SA","Wattle Range",140.13639831543,-37.5949974060059,0.9,2.13,3.88,61338.57,15153.58,399322.8,116.02,63.45,260.5
"VIC","East Gippsland",149.841262817383,-37.5509033203125,0.9,2.33,3.01,797767.36,132118.38,9200500.12,3205.93,1050.99,14970.3
"VIC","Unincorporated Vic",149.903854370117,-37.5688209533691,0.9,2.33,3.12,861601.61,142211.68,9949036.9,3172.38,1073.79,13955.3
"SA","Wattle Range",140.121139526367,-37.5391845703125,0.9,2.14,2.95,41338.58,10842.66,247279.78,1272.3,510.63,4335.95
"VIC","East Gippsland",149.93977355957,-37.5252494812012,0.9,2.33,3,762040.81,129289.83,8430226.06,2229.42,772.47,9617.68
"SA","Wattle Range",140.065521240234,-37.5013771057129,0.9,2.11,2.92,107899.93,25257.25,749100.35,1646.56,636.53,5913.39
"VIC","Bega Valley",149.979309082031,-37.5064086914062,0.9,2.34,3.66,506188.11,93038.01,4962038.49,212.55,103.49,568.57
"SA","Wattle Range",139.950042724609,-37.4479713439941,0.9,2.12,3.09,83760.55,20699.71,535609.48,750.86,321.65,2346.73
"NSW","Bega Valley",149.979293823242,-37.4584083557129,0.9,2.34,3.41,443423.35,82162.11,4318061.49,196.99,92.35,569.84
"SA","Wattle Range",139.912963867188,-37.4064483642578,0.9,2.13,3.03,50179.04,13074.97,300442.96,1498.67,580.5,5393.74
"NSW","Bega Valley",149.966171264648,-37.4288520812988,0.9,2.35,3.3,384353.91,72729.47,3633898.8,185.62,88.59,520.91
"SA","Wattle Range",139.891525268555,-37.3818130493164,0.9,2.14,3.11,42462.27,10992.75,259619.24,745.33,321.22,2305.15
"NSW","Bega Valley",149.957244873047,-37.3762359619141,0.9,2.35,4.13,342781.07,65968.41,3164669,31.85,19.62,62.4
"NSW","Bega Valley",149.980178833008,-37.325008392334,0.9,2.35,3.53,297214.43,58332.44,2670839.75,133.39,66.38,354.08
"NSW","Bega Valley",149.968536376953,-37.3025817871094,0.9,2.35,3.34,282522.91,55898.94,2509497.91,142.77,70.7,380.66
"NSW","Bega Valley",150.048004150391,-37.2452239990234,0.9,2.35,3.86,299203.65,59618.91,2614886.87,57.53,32.55,127.03
"NSW","Bega Valley",150.03337097168,-37.2239723205566,0.9,2.36,3.52,275101.92,55440.85,2367294.84,94.77,50.07,230
"SA","Robe",139.739883422852,-37.1650085449219,0.9,2.5,3.54,19307.52,5562.53,101967.92,1144.87,459.09,3932.65
"NSW","Bega Valley",150.023971557617,-37.1834716796875,0.9,2.36,3.84,238064.78,49167.89,1976696.77,49.23,28.54,104.91
"SA","Robe",139.747909545898,-37.153434753418,0.9,2.5,3.4,21695.24,6235.51,114316.66,1812.52,680.15,6831.79
"NSW","Bega Valley",149.985443115234,-37.1308708190918,0.9,2.36,3.47,201304.38,42802.33,1601867.76,128.21,64.57,333.54
"SA","Robe",139.742889404297,-37.0785598754883,0.9,2.5,4.13,19783.62,5830.83,100210.53,225.78,113.74,565.35
"SA","Robe",139.734085083008,-37.0505256652832,0.9,2.52,3.48,13151.62,3979.18,65037.62,1459.45,557.11,5404.34
"NSW","Bega Valley",149.942672729492,-37.0398750305176,0.9,2.37,4.05,156247.64,34547.56,1176120.23,34.58,21.08,68.75
"SA","Kingston (SA)",139.690048217773,-36.9901237487793,0.9,2.53,3.51,11128.78,3479.91,52385.32,1280.09,496.19,4646.96
"NSW","Bega Valley",149.936935424805,-37.0071754455566,0.9,2.37,3.62,154651.46,34371.14,1154113.74,78.62,42.58,184.48
"NSW","Bega Valley",149.943054199219,-36.950023651123,0.9,2.37,3.6,147517.83,33133.1,1083247.18,75.78,41.18,177.1
"SA","Kingston (SA)",139.687896728516,-36.9373512268066,0.9,2.62,3.56,2245.84,839.4,8416.67,260.3,126.63,688.41
"NSW","Bega Valley",149.938751220703,-36.9044761657715,0.9,2.37,4.04,153905.21,34142.06,1152664.11,33.14,20.49,64.31
"SA","Kingston (SA)",139.751434326172,-36.9028358459473,0.9,2.65,4.95,1566.42,611.19,5548.66,47,28.86,90.29
"SA","Kingston (SA)",139.796524047852,-36.8766288757324,0.9,2.66,4.97,1268.47,507.96,4341.01,43.87,27.18,83.33
"SA","Kingston (SA)",139.82112121582,-36.8556785583496,0.9,2.67,4.98,1177.9,475.98,3983.09,43.39,26.91,82.27
"NSW","Bega Valley",149.933685302734,-36.8700866699219,0.9,2.37,3.64,159678.78,35312.88,1200059.32,59.44,34.01,128.18
"SA","Kingston (SA)",139.839019775391,-36.8294143676758,0.9,2.68,5.03,1082.82,442.21,3610.22,39.93,25.01,74.76
"NSW","Bega Valley",149.947814941406,-36.8517150878906,0.9,2.37,3.64,149216.11,33430.8,1099908.23,64.97,36.64,143.1
"SA","Kingston (SA)",139.852264404297,-36.7863502502441,0.9,2.68,3.23,1034.49,427.69,3382.69,216.55,109.88,536.6
"NSW","Bega Valley",149.974624633789,-36.7799644470215,0.9,2.37,3.48,172761.43,37866.45,1313388.64,92.12,50.21,211.1
"SA","Kingston (SA)",139.858383178711,-36.74951171875,0.9,2.69,3.17,914.22,384.13,2924.69,226.18,114.37,562.52
"NSW","Bega Valley",149.989532470703,-36.7394943237305,0.9,2.36,3.75,171465.87,37645.3,1300211.3,48.36,28.76,98.39
"SA","Kingston (SA)",139.854141235352,-36.6967544555664,0.9,2.69,3.41,949.33,399.72,3019.06,168.1,88.08,398.98
"NSW","Bega Valley",150.001571655273,-36.6849975585938,0.9,2.35,3.78,190861.52,41340.98,1473689.55,45.68,27.59,90.62
"SA","Kingston (SA)",139.844863891602,-36.6574974060059,0.9,2.69,3.56,952.49,401.92,3016.76,141.67,75.92,326.11
"NSW","Bega Valley",150.015930175781,-36.6494674682617,0.9,2.35,3.35,206407.98,44064.6,1628329.53,139.73,72.81,338.71
"SA","Kingston (SA)",139.830047607422,-36.6085319519043,0.9,2.69,3.71,893.2,380.46,2792.02,115.82,63.69,257.53
"NSW","Bega Valley",150.035064697266,-36.616138458252,0.9,2.35,3.76,193028.64,41927.55,1482058.29,48.99,29.6,96.68
"SA","Kingston (SA)",139.821029663086,-36.5684852600098,0.9,2.71,4.01,745.58,325.18,2257.26,76.99,44.52,160.17
"NSW","Bega Valley",150.059936523438,-36.5766220092773,0.9,2.35,3.51,191355.64,41805.41,1454860.28,87.49,48.66,193.83
"SA","Kingston (SA)",139.803558349609,-36.5380020141602,0.9,2.69,3.95,964.57,408.03,3039.33,88.62,50.42,188.26
"NSW","Bega Valley",150.06852722168,-36.5477447509766,0.9,2.35,3.48,190023.15,41550.58,1443048.21,94.44,51.38,216.87
"SA","Kingston (SA)",139.791915893555,-36.4919242858887,0.9,2.71,3.91,770.7,335.57,2335.89,89.78,50.92,191.68
"NSW","Bega Valley",150.063095092773,-36.4972381591797,0.9,2.35,3.72,212318.45,45648.64,1651275.82,52.85,30.89,110.35
"SA","Kingston (SA)",139.775497436523,-36.4551124572754,0.9,2.73,3.73,598.64,270.75,1719.92,107.59,59.74,236.15
"NSW","Bega Valley",150.081558227539,-36.442684173584,0.9,2.35,3.42,209426.64,45129.13,1623465.33,104.33,56.71,238.36
"SA","Kingston (SA)",139.756973266602,-36.4185371398926,0.9,2.72,3.63,669.35,297.73,1968.59,109.82,61.1,239.91
"SA","Kingston (SA)",139.731491088867,-36.3667602539062,0.9,2.72,3.73,673.03,299.39,1978.46,102.68,57.45,222.89
"NSW","Eurobodalla",150.091186523438,-36.3569068908691,0.9,2.35,3.62,245687.05,51955.82,1951953.51,73.62,41.94,157.75
"SA","Kingston (SA)",139.714538574219,-36.3330459594727,0.9,2.72,3.63,668.54,297.5,1964.88,117.95,64.8,262.48
"NSW","Eurobodalla",150.136993408203,-36.3149375915527,0.9,2.35,3.34,215435.04,46457.23,1665285.74,181.02,91.06,460.63
"SA","Kingston (SA)",139.683654785156,-36.2842216491699,0.9,2.71,3.72,715.33,316.14,2120.21,109.06,60.47,239.72
"NSW","Eurobodalla",150.148056030273,-36.2723121643066,0.9,2.35,3.28,196927.73,43293.84,1478284.91,201.63,99.69,526.07
"NSW","Eurobodalla",150.148941040039,-36.2385597229004,0.9,2.36,3.25,177086.61,39777.72,1287183.54,196.79,97.27,514.52
"SA","Coorong",139.628814697266,-36.1987915039062,0.9,2.71,4.15,748.8,329.06,2236.2,65.52,38.37,134.46
"NSW","Eurobodalla",150.134841918945,-36.1971473693848,0.9,2.35,3.65,194053.61,43010.82,1437030.91,71.22,39.99,157.13
"NSW","Eurobodalla",150.13459777832,-36.165225982666,0.9,2.35,3.44,207315.67,45545.14,1553873.18,120.66,63.12,293.23
"SA","Coorong",139.571441650391,-36.1088409423828,0.9,2.71,5.64,760.67,331.59,2302.4,17.81,12.17,29.86
"NSW","Eurobodalla",150.140396118164,-36.108341217041,0.9,2.35,3.55,194049.8,43014.07,1436762.11,87.25,47.84,198.44
"SA","Kangaroo Island",136.905456542969,-36.0443840026855,0.9,2.94,3.74,75360.74,17804.33,525370.51,6076.34,1822.64,32088.95
"SA","Kangaroo Island",136.928207397461,-36.0405349731445,0.9,2.94,4.25,78656.81,18432.97,555040.74,591.42,251.37,1903.69
"SA","Kangaroo Island",137.016082763672,-36.029296875,0.9,2.94,4.7,81010.41,18852.47,577908.78,181.23,91.02,462.49
"SA","Kangaroo Island",137.049743652344,-36.0282287597656,0.9,2.94,4.59,75909.11,17926.74,529345.83,305.38,142.09,867.73
"SA","Kangaroo Island",137.123550415039,-36.0327224731445,0.9,2.94,3.64,70415.89,16775.63,485492.99,7528.16,2310.92,37509.95
"SA","Kangaroo Island",137.13444519043,-36.034538269043,0.9,2.94,3.53,68622,16616.47,460124.75,11098.22,3279.25,57874.69
"SA","Kangaroo Island",137.426620483398,-36.0531272888184,0.9,2.96,3.54,44342.26,11462.29,271165.56,9375.45,2850.23,46897.55
"SA","Kangaroo Island",137.475936889648,-36.0683212280273,0.9,2.46,2.92,60271.5,15035.32,385992.35,8725.06,2852.01,38478.29
"SA","Kangaroo Island",137.515167236328,-36.0489692687988,0.9,2.47,3.7,46660.73,12104.86,282705.48,773.55,318.54,2594.37
"SA","Kangaroo Island",137.568801879883,-36.0300827026367,0.9,2.47,3.91,44449.71,11591.68,267541.29,360.96,166.4,1032.22
"NSW","Eurobodalla",150.143844604492,-36.0624465942383,0.9,2.34,3.77,192057.25,42707.62,1414859.12,51.87,30.46,107.56
"SA","Kangaroo Island",136.690704345703,-36.0229301452637,0.9,2.96,3.62,39762.9,10133.14,251100.18,6147.95,1984.68,28287.31
"SA","Kangaroo Island",136.73811340332,-36.0450325012207,0.9,2.95,4.06,67680.42,16270.75,460126.37,1370.12,530.24,4966.81
"SA","Kangaroo Island",136.788467407227,-36.0343894958496,0.9,2.95,3.34,63429.75,15602.53,415352.59,13615.76,4082.22,68305.53
"SA","Kangaroo Island",136.846450805664,-36.0241584777832,0.9,2.95,3.41,60288.55,15021.75,386915.63,15048.7,4371.2,79460.38
"SA","Kangaroo Island",137.273880004883,-35.9951553344727,0.9,2.96,3.45,45111.92,11644.29,276319.68,6126.18,2081.28,25724.2
"SA","Kangaroo Island",137.32177734375,-35.9999389648438,0.9,3,3.55,17532.67,5198.19,88459.54,11870.07,3275.01,70032.27
"SA","Kangaroo Island",137.382507324219,-36.0181884765625,0.9,2.96,3.76,40388.25,10572.96,242752.13,3132.33,1094.74,12996.72
"SA","Kangaroo Island",137.603118896484,-36.0112037658691,0.9,2.47,3.75,42682.05,11166.98,255999.44,567.46,245.45,1772.99
"NSW","Eurobodalla",150.156890869141,-36.0260467529297,0.9,2.34,3.93,189805.76,42272.6,1395330.77,40.21,24.36,80
"SA","Kangaroo Island",136.633361816406,-35.9650650024414,0.9,2.97,3.85,33125.87,8680.41,201067.99,5012.03,1535.26,25789.5
"SA","Kangaroo Island",137.626693725586,-35.9808921813965,0.9,2.48,3.38,36894.67,9912.25,212806,1013.85,412.15,3422.31
"NSW","Eurobodalla",150.16096496582,-35.9916725158691,0.9,2.34,3.86,187787.93,42038.36,1368850.88,45,26.99,90.52
"SA","Kangaroo Island",136.578521728516,-35.9429016113281,0.9,2.99,4.17,22592.92,6292.99,125627.74,734.41,306.35,2412.98
"SA","Kangaroo Island",137.603698730469,-35.9404640197754,0.9,2.48,3.08,37412.29,10053.46,215543.19,2812.79,985.57,11696.02
"SA","Coorong",139.421813964844,-35.9398231506348,0.9,2.68,5.57,999.71,420.11,3181.15,18.44,12.57,30.99
"NSW","Eurobodalla",150.163665771484,-35.9351654052734,0.9,2.34,3.49,183372.12,41117.54,1334487.37,96.49,52.07,224.63
"SA","Kangaroo Island",136.536087036133,-35.896728515625,0.9,2.65,3.87,14888.32,4444.55,74885.91,345.35,162.4,954.98
"SA","Kangaroo Island",137.677032470703,-35.8850936889648,0.9,2.49,2.74,28293.13,7917.3,154054.06,16020.63,4960.63,75254.16
"SA","Kangaroo Island",137.725204467773,-35.8824005126953,0.9,2.49,2.84,27951.25,7834.92,151836.83,9337.2,3074.02,40519.97
"SA","Kangaroo Island",137.788360595703,-35.8557510375977,0.9,2.49,3.55,26951.24,7593.4,145371.97,543.33,237.7,1666.91
"SA","Kangaroo Island",137.871337890625,-35.8728942871094,0.9,2.49,3.36,26558.83,7505.1,142618.43,1201.28,482.01,4109.76
"SA","Kangaroo Island",137.88493347168,-35.8728485107422,0.9,2.49,3.35,26965.85,7603.42,145246.78,1345.89,528.98,4747.95
"SA","Kangaroo Island",137.96125793457,-35.8787040710449,0.9,2.49,3.58,23920.72,6848.87,126222.84,620.26,265.62,1962.77
"SA","Kangaroo Island",138.001083374023,-35.8967895507812,0.9,2.49,3.55,23409.94,6714.94,123271.7,601.17,259.77,1874.85
"SA","Kangaroo Island",138.052825927734,-35.8993873596191,0.9,2.49,3.34,28063.73,7879.89,151954.62,1229.42,492.99,4204.94
"SA","Kangaroo Island",138.082214355469,-35.8790435791016,0.9,2.49,3.51,26392.5,7451.88,141983.45,505.77,224.18,1521.71
"SA","Coorong",139.373916625977,-35.8965225219727,0.9,2.67,5.35,1111.65,460.4,3608.67,22.74,15.09,39.66
"NSW","Eurobodalla",150.189926147461,-35.8637771606445,0.9,2.34,3.38,176182.46,39800.04,1268205.31,139.06,71.73,343.68
"SA","Kangaroo Island",138.135406494141,-35.8457832336426,0.9,2.46,3.75,54731.41,13606.89,354632.07,576.21,241.18,1912.52
"SA","Coorong",139.319274902344,-35.8516044616699,0.9,2.66,4.98,1284.24,527.38,4198.58,33.16,21,61.53
"NSW","Eurobodalla",150.194900512695,-35.8571395874023,0.9,2.34,3.39,178546.57,40206.15,1291512.95,135.76,70.1,335.36
"SA","Kangaroo Island",136.559677124023,-35.8249588012695,0.9,2.66,5.2,12639.84,3775.06,64127.97,37.61,24.26,67.02
"SA","Kangaroo Island",138.12907409668,-35.8107795715332,0.9,2.47,3.21,50760.87,12745.94,324490.67,1907.61,665.66,8211.9
"SA","Coorong",139.272583007812,-35.809326171875,0.9,2.66,5.38,1314.65,536.26,4343.79,23.6,15.6,41.34
"NSW","Eurobodalla",150.236907958984,-35.8035354614258,0.9,2.34,3.42,164197.67,37495.93,1164021.28,116.68,61.59,279.46
"SA","Kangaroo Island",136.564651489258,-35.7734603881836,0.9,2.66,5.1,12100.62,3658.61,60203.7,61.43,36.4,123.9
"SA","Kangaroo Island",138.073806762695,-35.774959564209,0.9,2.46,2.76,53444.05,13214.21,350229.02,19658.41,5444.38,111376.84
"SA","Coorong",139.215682983398,-35.7648048400879,0.9,2.66,5.5,1319.82,537.56,4371.59,22.44,14.93,39.01
"NSW","Eurobodalla",150.236831665039,-35.7761192321777,0.9,2.34,3.56,171542.8,38898.08,1228401.51,81.48,45.23,182
"SA","Kangaroo Island",136.588409423828,-35.7481994628906,0.9,2.67,4.14,10303.47,3181.26,49828.88,74.36,42.38,159.16
"SA","Kangaroo Island",136.626861572266,-35.7417831420898,0.9,3.02,4.84,9907.01,3077.6,47496.32,43.29,26.45,84.33
"SA","Kangaroo Island",138.066772460938,-35.7513809204102,0.9,2.47,3.28,51373.52,12548.81,345006.96,810.04,323.64,2866.24
"SA","Yankalilla",138.176651000977,-35.6691741943359,0.9,2.5,3.11,23014.35,6505.65,124497.1,2553.32,942.97,9704.33
"SA","Yankalilla",138.198532104492,-35.6705513000488,0.9,2.5,3.12,21893.16,6251.37,116650.62,3670.36,1252.48,15754.11
"SA","Coorong",139.162200927734,-35.7285499572754,0.9,2.64,4.85,1794.43,707.62,6188.95,47.18,28.46,93.63
"NSW","Eurobodalla",150.282455444336,-35.7173690795898,0.9,2.34,4.04,155138.03,35635.7,1091789.86,36.31,22.64,68.96
"SA","Kangaroo Island",136.706756591797,-35.725227355957,0.9,3.03,3.95,8643.53,2743.58,40181.91,244.7,120.15,638.72
"SA","Kangaroo Island",136.731002807617,-35.7152709960938,0.9,3.03,5.51,8238.7,2637.29,37827.98,22.5,15.06,38.65
"SA","Kangaroo Island",136.78987121582,-35.6979751586914,0.9,3.04,5.17,7309.29,2390.47,32519.2,33.43,21.28,61.41
"SA","Kangaroo Island",137.616470336914,-35.674991607666,0.9,2.92,3.61,159999.26,32653.24,1391462.59,2455.42,905.23,9382.98
"SA","Kangaroo Island",137.649337768555,-35.6554565429688,0.9,2.92,3.56,162509.69,33060.82,1420161.12,2747.51,1001.47,10646.01
"SA","Kangaroo Island",137.763717651367,-35.7223281860352,0.9,2.93,3.68,109974.17,23768.23,881345.83,1191.76,488.43,3926.28
"SA","Kangaroo Island",137.775573730469,-35.7165031433105,0.9,2.93,3.68,106372.5,23162.96,842562.62,1110.7,460.56,3598.08
"SA","Kangaroo Island",137.890029907227,-35.723461151123,0.9,2.45,3.44,71161.7,16581.49,510522.36,759.52,323.11,2402.19
"SA","Kangaroo Island",137.907119750977,-35.714672088623,0.9,2.46,3.4,57000.88,13775.4,387847,769.71,327.44,2432.54
"SA","Kangaroo Island",137.988906860352,-35.7158203125,0.9,2.48,3.49,34475.46,9008.66,209827.4,584.11,250.92,1844.83
"SA","Kangaroo Island",138.013977050781,-35.7265586853027,0.9,2.47,3.12,46726.82,11572.66,307774.98,971.87,398.16,3242.88
"SA","Yankalilla",138.130722045898,-35.6500282287598,0.9,2.51,3.12,17256.75,5103.95,87520.77,1950.2,726.09,7423.08
"SA","Yankalilla",138.246475219727,-35.6603355407715,0.9,2.51,3.2,16288.5,4855.31,81733.83,1869.76,687.02,7311.72
"SA","Yankalilla",138.312057495117,-35.6453323364258,0.9,2.53,3.45,11590.43,3643.78,53922.41,731.06,302.65,2436.73
"SA","Yankalilla",138.3759765625,-35.6453437805176,0.9,2.52,3.6,11958.04,3741.95,55995.4,644.11,271.42,2094.95
"SA","Yankalilla",138.414459228516,-35.6428642272949,0.9,2.52,3.35,11817.41,3694.32,55468.33,800.72,334.99,2602.33
"SA","Victor Harbor",138.478042602539,-35.6393089294434,0.9,2.54,3.44,9434.69,3035.3,42611.98,659.28,282.36,2077.72
"SA","Victor Harbor",138.513809204102,-35.6463623046875,0.9,2.55,3.42,7795.8,2573.98,33981.66,682.51,290.85,2166.05
"SA","Coorong",139.103012084961,-35.6852188110352,0.9,2.63,4.67,1890.9,739.18,6604.27,61.89,36.02,128.97
"NSW","Eurobodalla",150.305648803711,-35.6829795837402,0.9,2.34,3.85,150916.48,34799.57,1056470.26,46.82,28.18,93.31
"SA","Kangaroo Island",136.849060058594,-35.6847915649414,0.9,3.04,4.85,6941.91,2290.5,30489.57,45.16,27.67,87.34
"SA","Kangaroo Island",136.900344848633,-35.6795883178711,0.9,3.04,5.49,7541.3,2456.54,33731.52,24.21,16.09,41.91
"SA","Kangaroo Island",136.94677734375,-35.6725311279297,0.9,3.03,5.07,8270.46,2664.33,37536.84,37.47,23.45,70.52
"SA","Kangaroo Island",137.011520385742,-35.6639022827148,0.9,3.03,4.54,7943.68,2586.2,35462.77,75.23,43.31,157.99
"SA","Kangaroo Island",137.058792114258,-35.6631202697754,0.9,3.03,4.14,9196,2944.66,41939.59,159.84,82.77,388.67
"SA","Kangaroo Island",137.106231689453,-35.6534042358398,0.9,3.02,3.71,10290.39,3252.09,47740.77,472.02,214.64,1361.37
"SA","Kangaroo Island",137.630981445312,-35.6381607055664,0.9,2.92,3.56,149638.61,30703.02,1294135.53,2962.65,1047.19,12083.4
"SA","Yankalilla",138.093200683594,-35.6287651062012,0.9,2.51,3.38,15908.82,4691.71,81472.34,591.23,256.68,1829.86
"SA","Victor Harbor",138.55793762207,-35.6218681335449,0.9,2.54,3.28,8724.99,2823.27,39171.81,779.89,330.2,2484.08
"SA","Coorong",139.046203613281,-35.6484336853027,0.9,2.63,5.03,2089.22,805.56,7436.02,47.79,28.67,95.71
"NSW","Shoalhaven",150.336212158203,-35.6333694458008,0.9,2.35,4.46,140365.17,32742.95,966549.28,22.12,14.82,37.93
"SA","Kangaroo Island",137.179275512695,-35.6163673400879,0.9,2.99,4.06,18617.69,5450.84,95738.13,268.6,131,705.75
"SA","Kangaroo Island",137.632522583008,-35.5992774963379,0.9,2.92,3.17,167941.97,33930.17,1483406.58,23417.51,6301.85,138318.04
"NSW","Shoalhaven",150.376419067383,-35.5752372741699,0.9,2.35,3.51,141173.57,32797.36,978820.84,99.17,54.94,219.56
"SA","Kangaroo Island",137.239776611328,-35.6021537780762,0.9,2.98,4.02,24268.94,6776.6,133793.08,304.89,145.55,826.48
"SA","Kangaroo Island",137.285034179688,-35.5917587280273,0.9,2.98,4.23,28835.33,7812.73,166137.34,232.56,114.61,604.91
"SA","Kangaroo Island",137.310577392578,-35.5752601623535,0.9,2.95,4.28,53123.71,13186.03,345820.49,258.17,125.96,679.56
"SA","Kangaroo Island",137.372985839844,-35.5833930969238,0.9,2.95,3.77,65926.66,15598.57,462100.92,625.74,274.68,1891.52
"SA","Kangaroo Island",137.425735473633,-35.5836410522461,0.9,2.94,3.86,81469.75,18585.68,602474.24,670.03,286.1,2121.2
"SA","Kangaroo Island",137.48600769043,-35.574275970459,0.9,2.94,4.05,81295.08,18399.49,610075.59,429.21,193.27,1267.58
"SA","Kangaroo Island",137.555801391602,-35.571605682373,0.9,2.93,3.79,95502.66,20981.7,749326.96,1078.58,429.81,3761.72
"SA","Kangaroo Island",137.586929321289,-35.5594902038574,0.9,2.93,4.05,103542.32,22446.68,828341.55,530.57,231.64,1636.52
"SA","Yankalilla",138.115966796875,-35.5587463378906,0.9,2.5,3.61,19774.94,5380.18,115705.11,225.66,109.7,603.05
"SA","Alexandrina",138.684585571289,-35.5412063598633,0.9,2.55,4.3,7020.53,2324.6,30623.55,86.54,47.73,194.81
"SA","Alexandrina",138.741424560547,-35.5217819213867,0.9,2.57,3.29,5060.71,1746.73,20880,493.12,221.41,1451.44
"NSW","Shoalhaven",150.421203613281,-35.5334854125977,0.9,2.35,3.48,121502.92,28930.87,813217.77,108.26,59.09,244.94
"SA","Yankalilla",138.144882202148,-35.5329360961914,0.9,2.5,3.61,22205.73,5868.09,136092.24,217.59,105.83,582.29
"NSW","Shoalhaven",150.419357299805,-35.5245475769043,0.9,2.35,3.32,119806.9,28540.96,801774.43,148.08,76.91,359.86
"SA","Yankalilla",138.167190551758,-35.5175514221191,0.9,2.49,3.67,23417.69,6109.05,146487.84,174.83,87.65,448.73
"SA","Yankalilla",138.272125244141,-35.4736175537109,0.9,2.5,3.4,19191.81,5110.78,117077.76,395.53,175.84,1202.76
"NSW","Shoalhaven",150.401947021484,-35.463996887207,0.9,2.35,3.4,126971.64,30060.53,856405.75,102.8,55.54,237.75
"SA","Yankalilla",138.296783447266,-35.4467391967773,0.9,2.5,3.58,19447.92,5159.51,119371.54,257.77,123,706.84
"NSW","Shoalhaven",150.448516845703,-35.4087524414062,0.9,2.38,3.57,124570.15,29549.29,838193.59,84.93,47.81,184.38
"SA","Yankalilla",138.328460693359,-35.4014854431152,0.9,2.51,3.61,16760.53,4543.9,99790.19,240.01,115.68,649.05
"NSW","Shoalhaven",150.472244262695,-35.379711151123,0.9,2.38,3.61,121002.83,28715.22,814838.7,79.71,45.62,168.54
"SA","Yankalilla",138.377059936523,-35.3707275390625,0.9,2.51,3.58,15760.48,4303.29,92980.97,264.38,125.23,733.77
"NSW","Shoalhaven",150.476806640625,-35.3392028808594,0.9,2.38,3.34,116794.75,27907.52,778530.81,125.96,65.99,304.34
"SA","Yorke Peninsula",136.892074584961,-35.2995147705078,0.9,3.03,4.17,9104.4,2883.78,42358.72,601.49,259.72,1878.25
"SA","Yorke Peninsula",136.94612121582,-35.2843360900879,0.9,3.02,3.65,10834.66,3319.24,52984.02,1273.73,515.43,4276.73
"SA","Onkaparinga",138.437393188477,-35.2955360412598,0.9,2.52,2.93,12985.39,3646.4,73652.56,1122.21,443.28,3967.7
"NSW","Shoalhaven",150.514236450195,-35.2721939086914,0.9,2.38,3,126065.56,29498.59,868332.86,410.74,182.74,1244.03
"SA","Yorke Peninsula",136.833374023438,-35.2586517333984,0.9,3.1,3.7,2730.48,1023.24,10072.81,1036.23,425.16,3434.98
"SA","Yorke Peninsula",136.983993530273,-35.2511100769043,0.9,3.01,3.61,14153.43,4184.65,72641.55,1126.14,461.27,3726.15
"SA","Yorke Peninsula",137.068176269531,-35.2329216003418,0.9,3,3.93,15625.9,4522.7,82855.88,523.85,238.52,1498.21
"SA","Yorke Peninsula",137.108047485352,-35.2438087463379,0.9,3,3.76,17746.69,5027.82,97077.99,729.17,317.87,2212.23
"SA","Yorke Peninsula",137.158889770508,-35.2424430847168,0.9,2.98,3.82,24264.4,6633.35,138969.16,735.98,318.14,2265.71
"SA","Onkaparinga",138.437713623047,-35.2665901184082,0.9,2.52,2.92,12718.85,3581.96,71849.98,1159.6,454.82,4145.14
"NSW","Shoalhaven",150.545104980469,-35.2491569519043,0.9,2.38,3.36,125553.88,29594.38,853925.15,162.5,85.72,381.81
"SA","Yorke Peninsula",136.839752197266,-35.2131881713867,0.9,3.1,3.97,2601.91,986.88,9420.92,918.81,373.42,3122.12
"SA","Yorke Peninsula",137.194564819336,-35.2126617431641,0.9,2.98,4.24,26506.09,7220.71,151979.04,304.52,147.08,808.28
"SA","Onkaparinga",138.463119506836,-35.2146835327148,0.9,3.29,3.74,10659.34,3081.27,58038.01,964.84,387.77,3336.42
"NSW","Shoalhaven",150.567932128906,-35.2025871276855,0.9,2.38,3.48,128628.44,30050.75,887496.9,116.55,64.73,254.54
"NSW","Unincorp. Other Territories",150.691772460938,-35.2010726928711,0.9,2.39,3.38,107596.08,25588.24,726402.48,198.57,103.68,469.87
"NSW","Unincorp. Other Territories",150.708023071289,-35.1964263916016,0.9,2.39,4.46,97707.15,23634.73,643485.43,29.04,18.97,51.35
"WASouth","Albany",117.603546142578,-35.1297760009766,0.9,2.08,5.82,170036.79,35541.93,1409659.11,23.26,15.39,40.71
"WASouth","Albany",117.638542175293,-35.136344909668,0.9,2.07,5.33,204862.22,42037.42,1736592.1,42.14,25.79,82.02
"SA","Yorke Peninsula",136.848587036133,-35.1861114501953,0.9,3.06,4.27,4744.72,1644.72,19497.01,405.33,183.96,1184.07
"SA","Yorke Peninsula",137.264556884766,-35.1675338745117,0.9,2.98,4.22,23958.92,6556.58,137068.19,291.88,140.98,776.65
"SA","Yorke Peninsula",137.310241699219,-35.1675987243652,0.9,2.97,4.33,30211.08,7990.83,181299.54,232.62,115.1,600.63
"SA","Yorke Peninsula",137.348373413086,-35.1653175354004,0.9,2.94,4.05,68957.76,15712.92,516527.28,352.14,168.49,942.72
"SA","Yorke Peninsula",137.610473632812,-35.1551742553711,0.9,2.95,3.81,66997.48,14968.45,521621.41,648.4,282.63,1981.02
"SA","Yorke Peninsula",137.634674072266,-35.1674423217773,0.9,2.94,3.85,81422.51,17657.58,661478.62,643.57,280.46,1967.94
"SA","Yorke Peninsula",137.679443359375,-35.1711044311523,0.9,2.93,4.48,97749.34,20651.74,823654.25,176.3,91.98,420.49
"NSW","Unincorp. Other Territories",150.762313842773,-35.1617126464844,0.9,2.39,4.34,90310.85,22132.68,583705.2,27.79,18.23,48.86
"WASouth","Albany",117.537940979004,-35.0852127075195,0.9,2.08,2.97,137083.89,29217.04,1111502.33,1320.13,522.13,4609.46
"WASouth","Albany",117.644309997559,-35.1269073486328,0.9,2.07,4.04,200184.07,41029.91,1702933.26,73.37,40.57,166.26
"WASouth","Albany",117.856033325195,-35.1080741882324,0.9,2.08,3.47,169587.27,35538.27,1399647.98,424.5,192.56,1237.63
"WASouth","Albany",117.946891784668,-35.1290817260742,0.9,2.07,3.45,234423.14,47885.31,1987382.54,583.29,259.61,1727.04
"SA","Yorke Peninsula",136.918487548828,-35.1413688659668,0.9,3.06,3.72,5205.25,1773.92,21933.53,745.31,315.44,2382.12
"SA","Yorke Peninsula",137.412414550781,-35.1113395690918,0.9,2.95,3.95,63784.81,14600.06,476219.66,367.13,174.57,991.55
"SA","Yorke Peninsula",137.487014770508,-35.1126708984375,0.9,2.95,4.01,53590.36,12458.85,393212.97,361.2,171.44,979.58
"SA","Yorke Peninsula",137.524642944336,-35.1180801391602,0.9,2.95,4.09,59225.35,13545.5,445038.68,310.05,150.28,817.02
"SA","Yorke Peninsula",137.740158081055,-35.1296997070312,0.9,2.94,4.42,81760.3,17857.04,655263.86,174.48,91.41,413.36
"SA","Onkaparinga",138.462600708008,-35.1263885498047,0.9,3.29,4.18,10040.35,2937.57,53665.98,427.37,192.73,1258.94
"NSW","Unincorp. Other Territories",150.775543212891,-35.1180725097656,0.9,2.39,4.3,91142.89,22325.61,589304.4,28.35,18.57,49.98
"WASouth","Manjimup",116.499481201172,-35.039623260498,0.9,2.08,2.83,175348,36591.55,1455325.38,1840.27,694.17,6864.03
"WASouth","Manjimup",116.626121520996,-35.0582046508789,0.9,2.08,2.43,140981.46,29678.1,1167322.65,12115.89,3477.74,66274.55
"WASouth","Manjimup",116.632537841797,-35.0628356933594,0.9,2.08,2.4,170759.34,35305.78,1443808.35,18186.66,4945.18,107103.88
"WASouth","Manjimup",116.657424926758,-35.0581321716309,0.9,2.08,2.33,146562.94,31045.02,1196870.07,30377.73,7830.17,191039.54
"WASouth","Denmark",116.862083435059,-35.0571975708008,0.9,2.07,2.98,236157.39,46898.61,2106646.46,1329.32,529.44,4581.43
"WASouth","Denmark",116.911567687988,-35.0656433105469,0.9,2.08,2.55,161375.31,33564.8,1354444.06,5504.56,1786.52,25252.55
"WASouth","Denmark",116.92749786377,-35.0664024353027,0.9,2.07,3.47,193466.63,39518.54,1659550.08,585.79,252.97,1831.96
"WASouth","Denmark",117.01692199707,-35.0369186401367,0.9,2.1,2.81,83525.18,18816.07,631140.37,1967.74,738.59,7375.82
"WASouth","Denmark",117.070243835449,-35.0396041870117,0.9,2.08,2.96,148076.59,31158.05,1223253.09,1534.75,589.41,5602.31
"WASouth","Denmark",117.12614440918,-35.0523452758789,0.9,2.09,2.79,131270.9,27930.93,1070591.14,1231.28,495.26,4187.53
"WASouth","Albany",117.43677520752,-35.0582695007324,0.9,2.09,4.22,123640.17,26616.47,990684.58,91.9,50.71,205.9
"WASouth","Albany",117.478675842285,-35.0829620361328,0.9,2.11,4.5,61243.99,14358.61,438564.21,55.03,32.48,112.53
"WASouth","Albany",117.654037475586,-35.0811538696289,0.9,2.07,2.98,199072.24,40765.26,1696846.47,543.46,231.13,1757.37
"WASouth","Albany",117.752479553223,-35.0632133483887,0.9,2.08,3.58,152261.49,32286.85,1238027.72,693.9,290.68,2270.52
"WASouth","Albany",117.799957275391,-35.0789680480957,0.9,2.08,3.9,151960.82,32299.79,1230383.92,246.02,120.59,643.99
"WASouth","Albany",117.998588562012,-35.083553314209,0.9,2.06,2.18,299308.42,58478.43,2710717.62,324154.64,59188.71,3308922.7
"SA","Yorke Peninsula",136.942672729492,-35.1013793945312,0.9,3.06,3.95,4720.32,1628.71,19562.8,546.72,238.03,1691.66
"SA","Yorke Peninsula",137.752334594727,-35.0895500183105,0.9,2.96,3.95,50067.85,11692.06,365983.38,447.87,204.63,1284.66
"WASouth","Manjimup",116.492492675781,-35.0378036499023,0.9,2.08,2.9,190104.29,39116.55,1610810.38,1318.34,521.62,4600.54
"WASouth","Denmark",116.80200958252,-35.027214050293,0.9,2.08,2.64,155746.69,32412.65,1308759.2,2485.83,912.22,9571.98
"WASouth","Denmark",117.164962768555,-35.040657043457,0.9,2.07,2.72,205202.97,41269.9,1804404.03,4974.8,1683.72,21278.65
"WASouth","Denmark",117.215309143066,-35.0246772766113,0.9,2.12,2.88,49418.59,11973.62,337670.66,1836.51,687.2,6952.59
"WASouth","Denmark",117.261695861816,-35.0279731750488,0.9,2.09,2.73,104728.58,22949.92,820735.39,2260.91,838.1,8596.57
"WASouth","Denmark",117.314033508301,-35.0409965515137,0.9,2.09,2.59,118580.55,25787.53,935079.1,2576.51,933.38,10133.99
"WASouth","Albany",117.37866973877,-35.0329399108887,0.9,2.09,2.69,118298.88,25644.75,938442.22,2288.65,849.73,8670.95
"WASouth","Albany",118.054786682129,-35.0434722900391,0.9,2.06,2.47,279552.55,55258.4,2489027.93,12528.5,3653.13,66433.49
"WASouth","Albany",118.068359375,-35.0635223388672,0.9,2.07,2.56,267820.49,53445.12,2349814.04,11074.7,3375.56,54586.41
"SA","Yorke Peninsula",136.928436279297,-35.0313949584961,0.9,3.08,3.75,3425.29,1245.76,13159.75,659.54,283.38,2066.38
"SA","Marion",138.500640869141,-35.0439109802246,0.9,3.31,3.99,7970.26,2418.66,40417.09,572.38,248.84,1770.63
"NSW","Shoalhaven",150.76676940918,-35.0225372314453,0.9,2.38,2.89,111321.77,26332.2,757337.8,1307.85,531.82,4346.75
"WASouth","Manjimup",116.441963195801,-34.986400604248,0.9,2.09,2.81,116934.65,25087.86,946161.8,1846.43,692.64,6955.76
"WASouth","Albany",118.160102844238,-34.9965553283691,0.9,2.11,3.32,68501.37,16791.07,449401.76,628.42,266.76,2019.4
"WASouth","Albany",118.208679199219,-35.0000228881836,0.9,2.06,2.51,280514.26,55717.35,2475222.38,9207.57,2816.44,45594.86
"SA","Lower Eyre Peninsula",135.93977355957,-34.9993171691895,0.9,2.67,3.49,9027.66,2743.46,45295.88,1034.52,422.5,3458.52
"SA","Lower Eyre Peninsula",136.003768920898,-34.9874534606934,0.9,2.65,3.31,14766.69,4262.45,78955.01,1399.52,566.59,4670.39
"SA","Yorke Peninsula",136.9482421875,-35.0069999694824,0.9,3.05,4.03,6281.01,2092.26,27275.4,430.49,194.78,1259.96
"SA","Holdfast Bay",138.505004882812,-34.9957733154297,0.9,3.31,4.05,6881.28,2132.75,33879.22,464.29,208.35,1372.97
"NSW","Shoalhaven",150.793502807617,-34.9941062927246,0.9,2.31,3.2,97486.19,23718.75,635566.63,329.69,147.54,1003.04
"WASouth","Manjimup",116.376663208008,-34.9477043151855,0.9,2.09,2.88,102876.17,22499.15,810099.45,1230.85,486.76,4317.17
"WASouth","Albany",118.245780944824,-34.9216423034668,0.9,2.07,2.47,268792.92,53817.74,2343655.96,13155.94,3928.93,66597.59
"WASouth","Albany",118.293395996094,-34.9157218933105,0.9,2.07,2.61,255450.65,51251.54,2225849.62,8934.14,2697.23,45402.16
"WASouth","Albany",118.388008117676,-34.9172668457031,0.9,2.07,3.6,265586.86,53186.19,2316552.97,899.66,364.86,3073.34
"WASouth","Albany",118.43773651123,-34.9264717102051,0.9,2.07,3.93,210327.29,43201.08,1776899.63,301.5,142.84,829.39
"SA","Lower Eyre Peninsula",135.62873840332,-34.9475173950195,0.9,2.64,3.65,20831.03,5696.79,120341.53,2055.9,763.27,7840.54
"SA","Lower Eyre Peninsula",135.686218261719,-34.951774597168,0.9,2.63,3.3,23275.4,6260.93,137638.56,1723.84,687.31,5843.51
"SA","Lower Eyre Peninsula",135.875335693359,-34.9482650756836,0.9,2.67,3.2,9679.38,2927.25,48787.48,2016.85,778.05,7185.92
"SA","Lower Eyre Peninsula",136.05680847168,-34.9548683166504,0.9,2.63,3.42,27121.46,7344.94,156957.64,947,403.18,2953.23
"SA","Yorke Peninsula",136.970291137695,-34.9538307189941,0.9,3.04,4,6770.13,2239.71,29637.65,385.55,176.67,1110.17
"SA","Yorke Peninsula",137.790176391602,-34.9498023986816,0.9,2.96,3.59,40982.9,9802.05,290378.29,924.88,387.23,2975.75
"SA","Charles Sturt",138.493499755859,-34.9453239440918,0.9,3.32,3.77,6404.96,2011.62,30913.46,929.61,380.65,3113.35
"NSW","Shoalhaven",150.779983520508,-34.9549674987793,0.9,2.3,3.43,109581.69,26213.86,731463.29,111.68,59.08,267.19
"WASouth","Manjimup",116.278388977051,-34.8926849365234,0.9,2.1,3.03,93150.74,20396.44,736617.95,577.28,252.34,1767.15
"WASouth","Manjimup",116.313697814941,-34.9120445251465,0.9,2.1,2.6,87503.75,19261.99,687991.99,3145.19,1095.18,13135.5
"WASouth","Albany",118.473320007324,-34.9040679931641,0.9,2.06,2.77,331603.32,65252.46,2946375.27,2116.52,792.65,7931.02
"SA","Lower Eyre Peninsula",135.60270690918,-34.892707824707,0.9,2.71,5.01,4402.1,1468.56,19472.61,65.94,38.04,139.01
"SA","Lower Eyre Peninsula",135.708190917969,-34.9039306640625,0.9,2.67,2.95,9748.12,2952.27,48983.66,7853.29,2569.02,34785.02
"SA","Lower Eyre Peninsula",135.813537597656,-34.8753776550293,0.9,2.67,3.13,9416.4,2841.46,47735.83,2117.44,821.54,7448.32
"SA","Lower Eyre Peninsula",135.850769042969,-34.9092292785645,0.9,2.67,3.21,9241.2,2799.65,46563.57,1300.49,532.08,4276.78
"SA","Lower Eyre Peninsula",136.040588378906,-34.9115982055664,0.9,2.61,3.1,41948.37,10973.15,251922.83,3513.81,1314.52,12831.22
"SA","Yorke Peninsula",137.007171630859,-34.9160041809082,0.9,3.04,3.87,6735.4,2223.68,29601.71,406.52,184.5,1187.35
"SA","Yorke Peninsula",137.434066772461,-34.916015625,0.9,3.14,3.67,1486.76,567.27,5503.67,248.69,120.49,664.52
"SA","Yorke Peninsula",137.805541992188,-34.9134864807129,0.9,2.96,3.58,39216.69,9469.32,273773.57,911.35,383.46,2908.64
"SA","Charles Sturt",138.486358642578,-34.9103393554688,0.9,3.32,3.78,5868.99,1865.57,27861.26,814.78,340.41,2651.83
"NSW","Shoalhaven",150.770278930664,-34.9090614318848,0.9,2.3,3.31,116651.5,27647.01,788858.87,136.88,70.64,338.39
"WASouth","Manjimup",116.05086517334,-34.8465347290039,0.9,2.08,2.82,137291.44,28593.66,1161435.03,1567.35,596.08,5817.13
"WASouth","Manjimup",116.111457824707,-34.850944519043,0.9,2.09,2.69,118602.66,25252.77,972360.83,2719.65,972.59,10915.58
"WASouth","Manjimup",116.154434204102,-34.8547859191895,0.9,2.09,2.88,118615.53,25307.36,968778.69,1418.28,552.13,5075.03
"WASouth","Manjimup",116.210372924805,-34.8674583435059,0.9,2.11,2.99,68049.03,15497.57,510669.37,576.29,251.13,1774.2
"WASouth","Albany",118.456573486328,-34.9003067016602,0.9,2.06,2.68,367697.04,71555.61,3312992.28,6536.3,2224.43,27268.74
"SA","Lower Eyre Peninsula",135.545608520508,-34.8329162597656,0.9,2.72,4.99,3659.73,1251.42,15652.33,74.65,42.06,163.12
"SA","Yorke Peninsula",137.037017822266,-34.8975028991699,0.9,3.04,3.49,6670.71,2203.39,29307.76,738.84,318.42,2286.4
"SA","Yorke Peninsula",137.119888305664,-34.9118118286133,0.9,3.06,3.86,5130.79,1726.8,22128.89,296.49,140.87,812.17
"SA","Yorke Peninsula",137.17822265625,-34.8988838195801,0.9,3.08,4.11,3779.4,1309.37,15751.81,162.29,83.5,398.93
"SA","Yorke Peninsula",137.205261230469,-34.896785736084,0.9,3.08,4.13,3557.93,1238.77,14749.31,155.13,79.99,380.96
"SA","Yorke Peninsula",137.259643554688,-34.8906936645508,0.9,3.09,3.89,2965.16,1048.14,12091.57,193.35,97.04,492.02
"SA","Yorke Peninsula",137.289123535156,-34.893238067627,0.9,3.1,3.9,2667.88,952.59,10751.37,182.87,92.38,461.47
"SA","Yorke Peninsula",137.451095581055,-34.8677635192871,0.9,3.14,3.65,1483.8,567.09,5476.44,256.48,123.65,690.25
"SA","Yorke Peninsula",137.813827514648,-34.8672142028809,0.9,2.97,3.52,36257.41,8870.78,248272.74,1185.57,479.51,4000.98
"NSW","Shoalhaven",150.753067016602,-34.8636322021484,0.9,2.3,2.94,121950.87,28701.56,832937.41,554.17,235.98,1785.34
"WASouth","Manjimup",115.992393493652,-34.8286247253418,0.9,2.15,2.8,87278.41,19427.8,672312.36,2443.81,861.39,10143.29
"WASouth","Albany",118.413291931152,-34.8083572387695,0.9,2.05,2.63,437582.48,83189.01,4070499.97,2872.5,964.87,12908.26
"SA","Lower Eyre Peninsula",135.501922607422,-34.7913246154785,0.9,2.73,4.63,3357.22,1161.11,14138.58,175.95,87.25,460.73
"SA","Lower Eyre Peninsula",136.003540039062,-34.8275985717773,0.9,2.61,2.87,44060.38,11483.72,265594.27,14122.79,4164.07,72855.69
"SA","Yorke Peninsula",137.45246887207,-34.8243675231934,0.9,3.13,4.16,1636.11,618.49,6123.42,129.88,67.93,314.22
"SA","Yorke Peninsula",137.853607177734,-34.7996711730957,0.9,2.98,3.53,28215.83,7172.27,182956.8,1096.6,447.49,3658.57
"SA","Port Adelaide Enfield",138.478958129883,-34.8245964050293,0.9,3.33,3.76,5210.12,1684.05,24166.63,894.06,369.46,2951.7
"NSW","Shoalhaven",150.768356323242,-34.8201484680176,0.9,2.3,3,131034.19,30512.76,908424.5,357.46,163.36,1039.46
"WASouth","Manjimup",115.960182189941,-34.7667274475098,0.9,2.15,3.62,98624.18,21333.13,794770.2,174.55,89.67,428.42
"WASouth","Albany",118.439796447754,-34.7701377868652,0.9,2.05,2.42,408261.43,78393.35,3745236.82,13113.48,3847.72,68551.69
"SA","Lower Eyre Peninsula",135.476257324219,-34.7575340270996,0.9,2.74,4.04,2841.17,1002.75,11649.91,308.47,141.31,901.91
"SA","Lower Eyre Peninsula",136.013534545898,-34.7910461425781,0.9,2.6,2.99,56452.57,14287.39,353641.9,6592.44,2167.62,29220.91
"SA","Yorke Peninsula",137.45524597168,-34.7916793823242,0.9,3.13,4.16,1643.9,621.18,6155.33,126.94,66.53,306.36
"SA","Yorke Peninsula",137.865936279297,-34.7779502868652,0.9,2.98,3.54,26334.31,6762.51,168319.67,1085.86,441.91,3642.78
"NSW","Kiama",150.826202392578,-34.774356842041,0.9,2.3,3.18,130136.39,30269.65,904329.6,207.05,103.24,530.87
"WASouth","Manjimup",115.928855895996,-34.7108383178711,0.9,2.16,3.57,70158.75,15670.75,544787.19,225.64,109.44,605.49
"WASouth","Albany",118.513496398926,-34.7271842956543,0.9,2.06,2.49,354164.79,69258.64,3170142.96,9841.77,2943.23,50582.09
"WASouth","Albany",118.577919006348,-34.7082405090332,0.9,2.06,2.5,302900.02,60293.33,2650194.24,10015.73,3027.4,50423.94
"WASouth","Albany",118.641914367676,-34.6965713500977,0.9,2.07,2.49,244309.15,49863.74,2069178.9,8462.83,2709.64,38782.21
"SA","Lower Eyre Peninsula",135.335220336914,-34.7054634094238,0.9,2.7,3.88,6003.32,1929.14,27894.59,383.33,174.74,1114.89
"SA","Lower Eyre Peninsula",135.439056396484,-34.7274475097656,0.9,2.72,3.95,3736.71,1271.05,16115.24,470.39,203.77,1484.11
"SA","Port Lincoln",135.892684936523,-34.7439880371094,0.9,2.57,2.76,138862.68,31424.38,1009544.86,30079.17,7840.63,185425.65
"SA","Lower Eyre Peninsula",135.999130249023,-34.7331199645996,0.9,2.59,2.95,79133.06,19181.78,525295.53,7261.66,2377.58,32254.28
"SA","Yorke Peninsula",137.474060058594,-34.7379150390625,0.9,3.14,4.17,1466.96,562.51,5385.32,124.13,65.16,299.15
"SA","Yorke Peninsula",137.876220703125,-34.7336845397949,0.9,2.99,3.55,21607.61,5726.86,131941.24,1080.19,439.18,3631.15
"SA","Port Adelaide Enfield",138.491088867188,-34.7511978149414,0.9,3.27,3.56,3966.13,1329.04,17516.34,1147.33,457.04,3988.53
"NSW","Kiama",150.849090576172,-34.726978302002,0.9,2.3,3.81,127707.49,29785.47,884105.57,43,26.54,82.32
"WASouth","Manjimup",115.905700683594,-34.6893005371094,0.9,2.16,3.64,64580.13,14547.23,496369.94,163.82,83.99,405.07
"WASouth","Albany",118.657928466797,-34.6917991638184,0.9,2.06,2.91,283575.29,57148.81,2435829.29,3041.8,1067.29,12553.48
"SA","Lower Eyre Peninsula",135.325469970703,-34.6993713378906,0.9,2.75,3.98,2397.96,866.52,9517.21,282.09,131.3,805.47
"SA","Yorke Peninsula",137.485076904297,-34.6953315734863,0.9,3.14,4.17,1433.19,551.9,5228.18,123.5,64.86,297.51
"SA","Yorke Peninsula",137.889953613281,-34.6969833374023,0.9,3,3.5,18257.13,4972.26,107174.5,1271.16,505.01,4412.8
"SA","Playford",138.471588134766,-34.7015037536621,0.9,3.26,4.14,4138.45,1386.19,18241.97,292.75,140.28,790.12
"NSW","Kiama",150.860687255859,-34.6920127868652,0.9,2.4,4.43,133984.5,31041.01,936156.96,22.38,14.99,38.38
"WASouth","Manjimup",115.858764648438,-34.6483764648438,0.9,2.15,3.07,74856.83,16684.8,581035.47,600.03,263.25,1820.27
"WASouth","Albany",118.732460021973,-34.6475105285645,0.9,2.07,3.73,221695.71,46066.99,1828298.96,151.14,76.75,382.45
"SA","Lower Eyre Peninsula",135.326873779297,-34.6681861877441,0.9,2.76,3.77,2137.79,782.73,8342.5,280.96,131.59,793.05
"SA","Lower Eyre Peninsula",135.921951293945,-34.6428375244141,0.9,2.57,2.96,127153.25,28604.03,939003.47,12161.89,3570.89,63794.25
"SA","Yorke Peninsula",137.49104309082,-34.6620597839355,0.9,3.14,3.85,1512.39,578.42,5567.99,175.73,88.53,446.8
"SA","Yorke Peninsula",137.904342651367,-34.6358642578125,0.9,3.01,3.45,14048.31,3982.35,77891.33,1658.34,632.29,6104.52
"SA","Adelaide Plains",138.42643737793,-34.6480331420898,0.9,3.26,4.07,4274.38,1422.1,19037.19,338.17,158.81,938.56
"WASouth","Manjimup",115.80005645752,-34.5957412719727,0.9,2.16,2.94,72176.81,16309.96,547421.41,1016.52,412.23,3446.06
"WASouth","Albany",118.748977661133,-34.5954666137695,0.9,2.07,2.69,248836.04,51190.48,2075464.71,1766.48,651.84,6879.06
"SA","Lower Eyre Peninsula",135.316162109375,-34.6103324890137,0.9,2.82,3.59,946.37,385.55,3195.61,366.5,162.84,1121.73
"SA","Lower Eyre Peninsula",135.936264038086,-34.6104278564453,0.9,2.58,2.97,116974.6,26468.2,858978.99,11822.55,3542.58,59863.59
"SA","Yorke Peninsula",137.500183105469,-34.6044120788574,0.9,3.15,3.86,1340.57,522.28,4807.02,163.88,83.31,411.67
"SA","Yorke Peninsula",137.912384033203,-34.618537902832,0.9,3.01,3.44,13224.4,3786.17,72273.07,1731.98,653.79,6475.93
"SA","Adelaide Plains",138.403396606445,-34.6134872436523,0.9,3.26,4.07,4192.95,1403.59,18487.71,357.11,166.5,1000.89
"NSW","Shellharbour",150.893783569336,-34.6025238037109,0.9,2.39,3.16,149140.4,34042.79,1063571.36,287.98,141.18,746.69
"WASouth","Manjimup",115.731224060059,-34.5361518859863,0.9,2.16,2.95,73436.57,16306.32,574796.32,877.96,361.13,2926.68
"WASouth","Manjimup",115.753326416016,-34.553165435791,0.9,2.16,3,60241.89,13698.7,457064.93,653.92,280.2,2060.05
"WASouth","Albany",118.747589111328,-34.5683937072754,0.9,2.07,2.66,213461.22,44906.8,1725514.66,2276.83,811.84,9293.04
"WASouth","Jerramungup",119.227691650391,-34.534309387207,0.9,2.08,2.96,157593.56,34261.74,1222157.89,994.91,412.23,3247.86
"WASouth","Jerramungup",119.256904602051,-34.5356292724609,0.9,2.08,2.81,190990.05,41309.08,1478436.35,3938.64,1349.13,16715.86
"SA","Unincorporated SA",135.946823120117,-34.5628547668457,0.9,2.57,3.01,120819.13,27016.48,904627.94,7942.75,2496.38,37775.09
"SA","Yorke Peninsula",137.492401123047,-34.5622596740723,0.9,3.15,3.86,1332.81,521.55,4742.47,164.59,83.7,413
"SA","Yorke Peninsula",137.893447875977,-34.5577239990234,0.9,3.01,3.41,13861.87,3939.51,76563.04,1974.66,728.46,7638.21
"SA","Adelaide Plains",138.351638793945,-34.5736656188965,0.9,3.26,4.02,4110.74,1379.84,18056.86,415.38,189.46,1200.65
"WASouth","Manjimup",115.672386169434,-34.4941368103027,0.9,2.16,3.15,71886.1,16204.61,547842.37,577.93,251.27,1786.51
"WASouth","Albany",118.791877746582,-34.5268898010254,0.9,2.08,2.85,186130.45,39892.14,1466739.82,1212.33,469.91,4416.96
"WASouth","Albany",118.840110778809,-34.5116996765137,0.9,2.08,3.84,165089.86,35855.56,1279129.68,120.01,62.75,292.05
"WASouth","Albany",118.897109985352,-34.504997253418,0.9,2.08,3.23,156401.1,34112.55,1206407.85,771.69,318.15,2582.82
"WASouth","Jerramungup",119.158416748047,-34.4976654052734,0.9,2.09,2.99,119035.15,26677.25,888453.07,942.8,389.98,3097
"WASouth","Jerramungup",119.285186767578,-34.5118827819824,0.9,2.08,2.99,178246.43,38281.94,1402891.4,1272.58,503.43,4451.72
"SA","Lower Eyre Peninsula",135.998809814453,-34.5188331604004,0.9,2.58,3.01,101813.59,22943.59,759455.28,5874.44,1923.09,26423.38
"SA","Tumby Bay",136.073135375977,-34.512020111084,0.9,2.59,2.86,75497.47,17490.86,545349.94,6172.65,2025.87,27555.82
"SA","Tumby Bay",136.107116699219,-34.5229568481445,0.9,2.59,3.2,72030.42,17143.34,496839.72,3225.57,1151.38,12857.14
"SA","Unincorporated SA",137.380996704102,-34.5214958190918,0.9,3.1,4.26,2440.65,887.53,9565.02,117.15,62.38,276.04
"SA","Yorke Peninsula",137.895538330078,-34.509952545166,0.9,3.01,3.41,14060.37,3984.55,77997.59,1820.89,679.7,6927.93
"SA","Adelaide Plains",138.315139770508,-34.5217552185059,0.9,3.27,3.98,3816.74,1295.77,16496.7,461.31,207.39,1360.19
"WASouth","Nannup",115.607223510742,-34.447395324707,0.9,2.15,2.76,75683.35,17037.88,576258.66,2158.56,780.21,8620.72
"WASouth","Jerramungup",118.949409484863,-34.4593963623047,0.9,2.08,3.04,135894.08,30182.3,1022910.85,1041.69,421.04,3547.37
"WASouth","Jerramungup",119.00870513916,-34.4599838256836,0.9,2.09,3.37,122350.7,27460.72,909303.97,472.21,207.87,1445.38
"WASouth","Jerramungup",119.048156738281,-34.4653663635254,0.9,2.09,3.48,128895.23,28697.17,969005.74,477.59,210.3,1459.88
"WASouth","Jerramungup",119.108016967773,-34.4735145568848,0.9,2.1,2.95,91401.14,21290.95,646245.37,1344.22,518.1,4915.64
"WASouth","Jerramungup",119.282707214355,-34.4768371582031,0.9,2.08,2.41,176331.5,37935.02,1384458.31,13665.67,3906.45,74741.25
"WASouth","Jerramungup",119.363868713379,-34.4838829040527,0.9,2.08,3.02,164926.82,35671.85,1287516.91,1134.72,454.24,3912.13
"SA","Lower Eyre Peninsula",135.302597045898,-34.5082473754883,0.9,2.86,3.84,630.67,273.74,1944.85,48.27,29.02,96.21
"SA","Tumby Bay",136.126312255859,-34.4671478271484,0.9,2.6,3.36,57389.5,13883.71,389592.13,791.57,340.79,2444.39
"SA","Yorke Peninsula",137.419784545898,-34.4762954711914,0.9,2.98,4.07,1902.18,711.32,7193.63,110.2,59.24,256.13
"SA","Yorke Peninsula",137.918411254883,-34.4620323181152,0.9,3.2,3.65,13609.27,3871.27,75129.59,1406.53,542.83,5116.25
"SA","Adelaide Plains",138.260284423828,-34.4787826538086,0.9,3.25,3.97,4984.51,1622.8,22879.03,502.85,223.52,1505.59
"WASouth","Nannup",115.485870361328,-34.3908157348633,0.9,2.14,2.75,106929.05,23021.92,864590.71,3118.06,1075.45,13259.91
"WASouth","Nannup",115.538330078125,-34.4236183166504,0.9,2.15,2.7,92592.91,20229.45,735509.32,2777.59,962.96,11788.99
"WASouth","Jerramungup",119.406532287598,-34.4336967468262,0.9,2.08,2.2,184591.08,39706.54,1445824.37,210899.7,42025.63,1883001.76
"SA","Lower Eyre Peninsula",135.355972290039,-34.4217758178711,0.9,2.86,4.1,637.82,273.26,2013.05,44.35,26.53,89.74
"SA","Tumby Bay",136.143707275391,-34.4139289855957,0.9,2.6,2.87,54887.43,13220.49,376626.84,8415.85,2573.39,41934.58
"SA","Yorke Peninsula",137.425506591797,-34.4361991882324,0.9,2.97,4.09,2225.83,804.47,8872.96,95.22,52.32,214.56
"SA","Yorke Peninsula",137.946380615234,-34.4078636169434,0.9,2.87,3.32,11718.26,3405.93,62769.77,1318.16,511.96,4758.73
"SA","Adelaide Plains",138.249923706055,-34.4341163635254,0.9,3.25,3.75,5118.04,1659.41,23631.56,593,258.49,1821.52
"NSW","Wollongong",150.911224365234,-34.4259948730469,0.9,2.39,3.64,180147.85,40224.91,1322061.47,80.75,45.32,176.81
"WASouth","Nannup",115.451011657715,-34.36767578125,0.9,2.14,2.96,107525.21,23047.31,876306.69,1111.13,446.44,3810
"WASouth","Jerramungup",119.408996582031,-34.3939018249512,0.9,2.07,3.04,200204.07,42686.72,1585698.08,246.49,116.63,688.73
"WASouth","Jerramungup",119.474838256836,-34.3979911804199,0.9,2.08,2.66,162595.71,35476.38,1250556.56,5060.04,1672.59,22566.63
"SA","Lower Eyre Peninsula",135.348175048828,-34.3730888366699,0.9,2.84,4.12,817.15,339.52,2686,55.86,32.17,119.45
"SA","Tumby Bay",136.145538330078,-34.4058647155762,0.9,2.6,2.86,53138.45,12842.69,363101.49,9464.85,2845.55,48292.37
"SA","Yorke Peninsula",137.440673828125,-34.3979988098145,0.9,2.97,4.04,2350.43,844.31,9443.26,102.23,55.64,233.36
"SA","Yorke Peninsula",137.983108520508,-34.3797225952148,0.9,2.88,3.32,11364.7,3304.59,60947.76,1379.25,531.34,5040.12
"SA","Adelaide Plains",138.239547729492,-34.3977470397949,0.9,3.26,3.75,4778.17,1570.44,21610.61,614.36,266.78,1896.09
"NSW","Wollongong",150.927154541016,-34.380241394043,0.9,2.39,3.13,185934.33,41260.72,1377177.92,366.56,169.84,1037.53
"WASouth","Augusta Margaret River",115.114120483398,-34.3457527160645,0.9,2.15,2.93,78239.75,17638.37,592881.52,1786.16,663.64,6862.75
"WASouth","Augusta Margaret River",115.169120788574,-34.3554878234863,0.9,2.11,2.71,412222.31,75805.79,4088596.77,20381.17,5327.63,128210.47
"WASouth","Augusta Margaret River",115.178131103516,-34.3455810546875,0.9,2.11,2.6,380441.44,69966.63,3792138.85,19754.2,5235.27,121361.7
"WASouth","Augusta Margaret River",115.252731323242,-34.3154830932617,0.9,2.12,2.57,258391.43,48999.76,2495515.13,9167.7,2729.49,47723.21
"WASouth","Augusta Margaret River",115.323333740234,-34.3184242248535,0.9,2.13,2.67,197016.67,38818.5,1804126.91,3840.99,1302.29,16635.02
"WASouth","Nannup",115.369979858398,-34.3293151855469,0.9,2.13,2.67,155560.67,31585.28,1368303.55,3619.92,1235.63,15542.91
"WASouth","Jerramungup",119.521812438965,-34.3588638305664,0.9,2.07,2.51,213453.51,45730,1670142.29,28349.3,7220.22,183100.89
"SA","Lower Eyre Peninsula",135.353698730469,-34.3556213378906,0.9,2.84,4.19,767.23,321.01,2499.81,54.43,31.43,116.06
"SA","Tumby Bay",136.194808959961,-34.336181640625,0.9,2.61,3.16,39135.15,9740.6,258290.58,5172.82,1680.6,23778.35
"SA","Yorke Peninsula",137.474868774414,-34.3563575744629,0.9,2.99,4.07,1763.56,656.25,6762.37,91.77,50.67,205.41
"SA","Yorke Peninsula",138.00910949707,-34.3484191894531,0.9,2.89,3.32,9321.34,2805,47525.16,1392.83,536.25,5092.08
"SA","Adelaide Plains",138.221740722656,-34.3510093688965,0.9,3.25,3.74,4844.29,1588.38,21986.57,711.29,302.07,2265.81
"NSW","Wollongong",150.933074951172,-34.3690643310547,0.9,2.39,3.07,179151.45,40202.43,1303613.12,570.74,248.31,1763.42
"WASouth","Augusta Margaret River",115.064079284668,-34.2983169555664,0.9,2.16,3.21,68035.43,15343.62,519951.17,731.8,309.04,2351.13
"WASouth","Jerramungup",119.510375976562,-34.2989196777344,0.9,2.07,2.9,231944.36,49129.46,1843374.73,1356.85,508.77,5220.47
"SA","Lower Eyre Peninsula",135.345321655273,-34.3000869750977,0.9,2.83,4.48,857.67,353.08,2858.85,48.1,28.41,99.12
"SA","Tumby Bay",136.242691040039,-34.2956275939941,0.9,2.62,3.15,34759.86,8763.82,225733.21,4562.53,1511.67,20391.94
"SA","Yorke Peninsula",137.495086669922,-34.3133583068848,0.9,2.98,4.31,1869.41,689.78,7253.7,66.36,38.45,138.79
"SA","Yorke Peninsula",138.025238037109,-34.3000411987305,0.9,2.89,3.32,8197.5,2519.9,40519.34,1509.77,576.74,5571.1
"SA","Wakefield",138.20783996582,-34.3054428100586,0.9,3.26,3.73,4084.42,1383.93,17642.38,789.94,329.9,2577.75
"NSW","Wollongong",150.955596923828,-34.2879600524902,0.9,2.38,3.48,206152.01,45147.29,1554241.97,129.37,69.45,298.48
"WASouth","Ravensthorpe",119.522560119629,-34.2559394836426,0.9,2.07,2.4,227965.42,48319.2,1811341.31,33705.39,8488.32,219780.04
"SA","Lower Eyre Peninsula",135.336288452148,-34.2558555603027,0.9,2.82,4.13,961.48,390.28,3265.22,71.46,40,158.59
"SA","Tumby Bay",136.272445678711,-34.2473526000977,0.9,2.62,3.22,35653.96,8937.79,233623.91,1890.24,713.68,7027.07
"SA","Yorke Peninsula",137.493392944336,-34.2675590515137,0.9,2.98,4.3,2068.62,752.42,8188.66,69.37,40.02,145.82
"SA","Yorke Peninsula",138.024490356445,-34.2730674743652,0.9,2.91,3.31,6005.56,1934.6,27779.44,1654.15,620.65,6272.44
"NSW","Wollongong",151.004867553711,-34.2265319824219,0.9,2.4,3.86,222308.17,48227.38,1697325.16,76.33,43.46,163.33
"WASouth","Augusta Margaret River",115.019226074219,-34.2258415222168,0.9,2.18,4.57,36807.68,8962.61,254036.53,37.63,23.29,72.27
"WASouth","Ravensthorpe",119.571472167969,-34.1985282897949,0.9,2.07,2.68,216653.12,45937.39,1725366.59,3447.45,1167.06,15077.78
"SA","Lower Eyre Peninsula",135.308288574219,-34.2018508911133,0.9,2.83,3.88,847.43,347.86,2841.88,112.73,59.79,268.22
"SA","Tumby Bay",136.297836303711,-34.2082405090332,0.9,2.62,3.43,34692.01,8710.39,227058.78,524.49,232.02,1580.25
"SA","Yorke Peninsula",137.487152099609,-34.211742401123,0.9,2.98,4.02,1933.25,710.32,7544.1,101.99,56.03,228.9
"SA","Yorke Peninsula",138.039840698242,-34.2096405029297,0.9,2.94,3.32,3728.34,1296.23,15452.73,1806.01,662.86,7093.21
"SA","Wakefield",138.137710571289,-34.197338104248,0.9,2.95,3.36,3031.33,1082.51,12118.11,1366.06,522.71,5057.85
"SA","Wakefield",138.154418945312,-34.217830657959,0.9,2.96,3.38,2659.48,969.65,10319.46,1159.73,456.92,4111.22
"NSW","Wollongong",151.033432006836,-34.201286315918,0.9,2.4,3.48,234519.3,50521.04,1807628.81,160.2,83.87,381.83
"WASouth","Augusta Margaret River",115.017852783203,-34.1611366271973,0.9,2.17,4.05,52207.47,12284.66,375208.42,61.68,35.95,128.18
"WASouth","Ravensthorpe",119.584747314453,-34.1779365539551,0.9,2.07,2.85,211702.81,44897.16,1687540.76,1294.19,490.23,4901
"SA","Lower Eyre Peninsula",135.263961791992,-34.1757392883301,0.9,2.86,4.26,642.77,271.95,2075.13,61.21,35.15,130.84
"SA","Tumby Bay",136.332229614258,-34.1622657775879,0.9,2.62,3.33,33332.48,8411.08,216708.64,1054.36,425.47,3598.59
"SA","Yorke Peninsula",137.466354370117,-34.1796340942383,0.9,2.97,4.02,2096.79,762.42,8297.63,104.93,57.45,236.57
"NSW","Sutherland",151.091796875,-34.1674118041992,0.9,2.4,3.69,230469.56,49729.05,1773017.76,110.05,60.06,248.83
"WASouth","Augusta Margaret River",114.989479064941,-34.1106071472168,0.9,2.15,3.51,93381.87,22342.85,628575.29,157.69,82.13,379.75
"WASouth","Ravensthorpe",119.627433776855,-34.1215400695801,0.9,2.07,2.61,198921.42,42321.01,1582291.01,3091.03,1074.75,12958.22
"SA","Lower Eyre Peninsula",135.259216308594,-34.1289978027344,0.9,2.81,4.01,1157.96,457.12,4090.57,77.73,42.89,176.13
"SA","Tumby Bay",136.357025146484,-34.1231880187988,0.9,2.62,2.88,31366.2,7988.78,201243.05,5811.1,1884.84,26599.3
"SA","Yorke Peninsula",137.476531982422,-34.1326103210449,0.9,3.01,3.85,1336.4,512.9,4927.71,93.89,52.77,203.23
"NSW","Sutherland",151.151580810547,-34.1166496276855,0.9,2.4,3.58,247963.33,52977.26,1933544,136.63,73.03,316.66
"WASouth","Augusta Margaret River",114.983840942383,-34.0987014770508,0.9,2.18,3.49,41153.13,10925.68,240972.17,205.79,102.16,532.18
"WASouth","Ravensthorpe",119.679878234863,-34.0835838317871,0.9,2.07,2.61,200319.94,42442.37,1604667.14,5239.3,1663.03,25125
"WASouth","Ravensthorpe",119.736351013184,-34.0652923583984,0.9,2.08,2.64,181326.01,38500.62,1455384.87,2969.84,1027.9,12588.18
"SA","Lower Eyre Peninsula",135.268127441406,-34.0861625671387,0.9,2.81,4.44,1111.41,440.21,3912.3,51.25,29.97,107.18
"SA","Tumby Bay",136.383270263672,-34.0608139038086,0.9,2.63,3.19,26546.94,6925.4,164707.47,2891.06,1014.07,11976.93
"SA","Yorke Peninsula",137.464599609375,-34.1275482177734,0.9,3,3.84,1446.82,549.16,5417.36,97.94,54.76,213.39
"NSW","Sutherland",151.175872802734,-34.086238861084,0.9,2.4,4.32,253922.72,53984.73,1994717.15,43.74,26.68,85.42
"WASouth","Augusta Margaret River",114.994148254395,-34.0478363037109,0.9,2.2,3.65,21121.15,5544.09,131513.24,111.81,59.58,263.84
"WASouth","Ravensthorpe",119.777717590332,-34.0355567932129,0.9,2.15,3.27,175377.63,37223.69,1411387.8,477.21,203.56,1548.62
"WASouth","Esperance",122.129608154297,-34.036491394043,0.9,2.21,3.47,25059.77,6518.4,156907.41,457.82,202.16,1396.08
"WASouth","Esperance",122.158882141113,-34.0404090881348,0.9,2.2,3.4,40339.77,9957,269843.7,663.21,276.28,2199.37
"WASouth","Esperance",122.19255065918,-34.019962310791,0.9,2.2,3.81,33472.53,8439.78,217876.86,445.05,192.94,1407.58
"WASouth","Esperance",123.199317932129,-34.0090293884277,0.9,2.2,3.12,40994.04,10011.6,279367.75,1420.28,538.17,5341.26
"WASouth","Esperance",123.259063720703,-34.0275497436523,0.9,2.18,3.25,59685.06,14039.63,425495.79,1593.12,596.49,6079.75
"SA","Lower Eyre Peninsula",135.266265869141,-34.0398864746094,0.9,2.8,4.44,1203.42,471.16,4305.85,55.24,32.1,116.22
"SA","Tumby Bay",136.467895507812,-34.0074310302734,0.9,2.64,3.22,20426.68,5533.66,120219.72,2626.53,918.29,11015.08
"SA","Copper Coast",137.5546875,-34.0558128356934,0.9,3.04,3.37,945.16,378.75,3290.63,283.05,134.8,774.25
"NSW","Sutherland",151.212707519531,-34.0421981811523,0.9,2.4,3.61,232549.58,49644.2,1822373.03,129.6,69.35,300.74
"WASouth","Augusta Margaret River",114.982078552246,-33.9913940429688,0.9,2.2,4.18,23644.36,6794.82,124030.08,55.75,32.9,113.99
"WASouth","Ravensthorpe",119.835670471191,-33.984977722168,0.9,2.15,3.08,163786.42,34748.11,1324598.03,1044.61,397.98,3973.07
"WASouth","Ravensthorpe",119.896675109863,-33.9748725891113,0.9,2.15,3.09,156599.6,33274.43,1266396.22,927.95,357.82,3479.16
"WASouth","Ravensthorpe",119.948829650879,-33.9792556762695,0.9,2.15,2.71,148041.67,31463.68,1200798.87,3599,1234.16,15328.67
"WASouth","Ravensthorpe",120.384895324707,-33.9631729125977,0.9,2.17,3.76,91158.05,19944.15,722954.62,182.43,89.68,484.36
"WASouth","Ravensthorpe",120.430442810059,-33.9766540527344,0.9,2.16,3.16,130159.1,27162.91,1100826.51,570.26,247.96,1763.9
"WASouth","Esperance",122.088882446289,-33.9997787475586,0.9,2.23,2.99,19172.64,5138.07,115597.35,810.51,331.15,2749.68
"WASouth","Esperance",122.26456451416,-34.0004653930664,0.9,2.2,2.76,32463.64,8230.59,209584.64,1772.76,668.52,6630.89
"WASouth","Esperance",123.162498474121,-33.998233795166,0.9,2.24,3.46,14399.89,4020.65,81980.1,338.39,158.11,947.88
"WASouth","Esperance",123.292617797852,-33.9784812927246,0.9,2.18,2.65,57791.21,13510.41,417588.89,10376.12,3097.86,53313.95
"SA","Lower Eyre Peninsula",135.241180419922,-33.9765129089355,0.9,2.8,4.86,1206.8,470.82,4345.36,39.02,23.99,75.65
"SA","Cleve",136.513595581055,-33.9877281188965,0.9,2.64,3.22,20436.44,5506.6,121472.88,2072.3,749.86,8281.3
"SA","Copper Coast",137.526107788086,-33.9984512329102,0.9,3.03,3.87,1046.14,413.27,3715.27,83.5,47.77,176.21
"WASouth","Augusta Margaret River",114.978302001953,-33.9600410461426,0.9,2.25,4.43,7983.78,2451.49,39609.26,38.93,23.96,75.34
"WASouth","Ravensthorpe",119.990600585938,-33.9527015686035,0.9,2.15,2.69,145727.09,30848.93,1191815.31,3859.95,1313.67,16596.77
"WASouth","Ravensthorpe",120.067375183105,-33.9367523193359,0.9,2.18,3.32,72647.6,16604.33,539279.28,377.86,165.22,1189.76
"WASouth","Ravensthorpe",120.110610961914,-33.9537506103516,0.9,2.18,3.38,64123.43,14866.9,467351.59,476.36,201.51,1571.07
"WASouth","Ravensthorpe",120.155662536621,-33.949275970459,0.9,2.15,3.67,144007.93,29795.53,1229381.55,288.38,130.75,864.19
"WASouth","Ravensthorpe",120.205429077148,-33.9425849914551,0.9,2.17,3.95,100188.1,21750.55,801106.05,140.34,70.54,364.01
"WASouth","Ravensthorpe",120.269660949707,-33.9437828063965,0.9,2.17,3.37,101610.65,21950.78,819193.21,372.17,167.92,1105.34
"WASouth","Ravensthorpe",120.316528320312,-33.9492568969727,0.9,2.17,3.42,89034.59,19523.5,704257.1,431.78,187.85,1359.35
"WASouth","Ravensthorpe",120.475532531738,-33.958179473877,0.9,2.18,3.78,72043.03,16609.82,526585.07,194.6,93.83,533.58
"WASouth","Esperance",122.307563781738,-33.9434776306152,0.9,2.19,2.93,42894.01,10501.44,290135.31,1390.1,514.12,5480.2
"WASouth","Esperance",122.350654602051,-33.9339904785156,0.9,2.2,3.11,38855.14,9624.83,258829.84,816.77,328.8,2847.46
"WASouth","Esperance",122.439010620117,-33.9241828918457,0.9,2.21,3.31,28991.91,7413.84,185575,1005.28,391.35,3679.81
"WASouth","Esperance",122.489768981934,-33.9406089782715,0.9,2.23,2.8,19524.9,5318.4,114087.48,2604.92,896.94,11247.29
"WASouth","Esperance",122.522109985352,-33.9573936462402,0.9,2.2,2.7,37645.95,9360.79,249529.4,4429.12,1451.71,20232.88
"WASouth","Esperance",122.577781677246,-33.9543342590332,0.9,2.2,3.1,37484.11,9292.86,249896.73,1676.1,615.11,6617.63
"WASouth","Esperance",123.143653869629,-33.9761924743652,0.9,2.24,2.72,12932.28,3660.64,72286.28,2216.35,780.63,9273.19
"WASouth","Esperance",123.313140869141,-33.9525032043457,0.9,2.18,3.1,57398.23,13438.27,413806.28,1182.47,468.95,4136.48
"WASouth","Esperance",123.50643157959,-33.945240020752,0.9,2.19,3.13,53823.53,12719.19,383004.13,2043.12,744.12,8074.54
"WASouth","Esperance",123.522392272949,-33.9453659057617,0.9,2.18,3.08,70225.25,16046.44,522692.22,3700.45,1240.3,16409.52
"SA","Elliston",135.191772460938,-33.9253692626953,0.9,2.8,4.72,1290.45,498.79,4706.67,50.36,29.82,102.96
"SA","Copper Coast",137.537673950195,-33.9754905700684,0.9,3.03,3.87,1054.91,416.02,3756.35,81.86,46.94,172.26
"NSW","Randwick",151.263778686523,-33.9545822143555,0.9,2.39,3.5,306521.79,63323.06,2507596.98,133.15,70.19,316.96
"WASouth","Augusta Margaret River",114.979377746582,-33.9190673828125,0.9,2.2,3.78,22737.56,6601.19,117393.93,107.64,58.01,249.38
"WASouth","Ravensthorpe",120.530181884766,-33.9330368041992,0.9,2.17,3.43,79553.22,17723.86,615503.5,375.51,163.58,1191.46
"WASouth","Ravensthorpe",120.561729431152,-33.9172248840332,0.9,2.16,3.11,115733.65,24388.54,968770.45,927.42,360.39,3426.18
"WASouth","Esperance",121.641616821289,-33.89892578125,0.9,2.22,3.38,24211.45,6343.07,149930.79,345.98,158.32,1005.81
"WASouth","Esperance",121.652870178223,-33.8976516723633,0.9,2.2,2.93,38543.12,9456.36,261491.51,1385.24,526.96,5180.27
"WASouth","Esperance",121.746528625488,-33.8893661499023,0.9,2.22,3.28,19888.26,5328.41,119681.91,442.04,196.24,1337.67
"WASouth","Esperance",121.791038513184,-33.910774230957,0.9,2.22,2.56,19696.6,5269.28,118929.96,2830.26,1003.8,11504.28
"WASouth","Esperance",121.825714111328,-33.8972702026367,0.9,2.22,2.65,22301.69,5867.04,137785.98,2630.15,939.68,10597.01
"WASouth","Esperance",122.075332641602,-33.9008560180664,0.9,2.25,2.59,10607.3,3065.32,57805.41,1917.4,709,7398.64
"WASouth","Esperance",122.627914428711,-33.8959465026855,0.9,2.21,3.03,31103.32,7925.81,199479.42,1534.2,573.93,5879.03
"WASouth","Esperance",122.692840576172,-33.8993530273438,0.9,2.22,3.02,22660,6028.78,136967.54,1799.08,648.78,7305.25
"WASouth","Esperance",122.749076843262,-33.9037475585938,0.9,2.22,2.81,20451.12,5498.93,122029.94,2107.63,750.65,8665.64
"WASouth","Esperance",122.814529418945,-33.914665222168,0.9,2.23,2.79,16681.97,4594.09,96496.49,1520.2,572.8,5751.28
"WASouth","Esperance",122.836570739746,-33.9121932983398,0.9,2.2,3.15,35261.49,8870.35,229730.45,1258.6,478.82,4736.63
"WASouth","Esperance",122.881294250488,-33.91748046875,0.9,2.2,2.84,37276.57,9261.68,247597.26,2701.69,939.99,11411.87
"WASouth","Esperance",122.969390869141,-33.9028396606445,0.9,2.22,2.82,21542.83,5764.67,129256.89,2533.14,879.02,10799.77
"WASouth","Esperance",122.980453491211,-33.8986015319824,0.9,2.21,2.48,25589.45,6667.5,159502.38,12612.68,3632.43,68390.17
"WASouth","Esperance",123.074066162109,-33.8747062683105,0.9,2.22,3.1,20775.26,5565.33,124693.44,1318.82,507.15,4849.28
"WASouth","Esperance",123.112289428711,-33.8946113586426,0.9,2.23,3.24,19447.97,5257.1,115283.14,866.67,350.21,2988
"WASouth","Esperance",123.35466003418,-33.9087448120117,0.9,2.18,2.88,58650.21,13705.62,423710.87,3626.19,1256.3,15150.75
"WASouth","Esperance",123.423583984375,-33.9012565612793,0.9,2.19,2.85,50779.43,12096.02,357391.03,4165.24,1400.22,18231.03
"WASouth","Esperance",123.561981201172,-33.9116134643555,0.9,2.18,2.63,69964.9,16070.22,515905.69,14760.69,4205.9,80814.61
"SA","Elliston",135.183670043945,-33.9124450683594,0.9,2.8,4.73,1293.05,500.05,4711.11,50.53,29.84,103.79
"SA","Cleve",136.623336791992,-33.8943176269531,0.9,2.87,3.73,12991.94,3711.69,71364.06,669.71,276.79,2252.69
"NSW","Waverley",151.286361694336,-33.8932914733887,0.9,2.39,3.58,319261.91,65457.14,2641254.41,142.27,75.19,335.71
"WASouth","Augusta Margaret River",114.972427368164,-33.8668975830078,0.9,2.2,3.21,24150.05,6580.68,139170.69,362.47,165.09,1059.72
"WASouth","Ravensthorpe",120.643753051758,-33.8913230895996,0.9,2.18,3.23,61391.85,14413.56,438417.25,652.46,266.65,2246.14
"WASouth","Ravensthorpe",120.786590576172,-33.8891334533691,0.9,2.21,3.36,27539.08,7115.42,173516.57,343.22,153,1048.89
"WASouth","Esperance",120.841262817383,-33.8698654174805,0.9,2.2,3.92,39454.12,9830.1,259769.48,132.87,66.82,345.74
"WASouth","Esperance",120.897163391113,-33.8647308349609,0.9,2.23,3.26,17028.04,4683.86,98582.39,461.64,197.14,1498.59
"WASouth","Esperance",120.947532653809,-33.8675231933594,0.9,2.25,3.47,12289.37,3583.15,65252.43,431.8,186.75,1374.88
"WASouth","Esperance",120.997116088867,-33.8714256286621,0.9,2.24,3.37,14469.13,4128.14,79130.55,404.36,177.07,1263.38
"WASouth","Esperance",121.051406860352,-33.8629264831543,0.9,2.22,3.27,21988.48,5894.92,131304.4,477.96,204.77,1538.15
"WASouth","Esperance",121.09969329834,-33.8558502197266,0.9,2.23,3.05,19366.11,5264.87,113626.87,873.44,346.54,3115.19
"WASouth","Esperance",121.158401489258,-33.8698081970215,0.9,2.24,3.1,14433.38,4074.59,80500.72,650.54,270.1,2173.76
"WASouth","Esperance",121.199333190918,-33.857551574707,0.9,2.19,2.73,47312.67,11340.67,330689.13,2527.93,876.39,10798.07
"WASouth","Esperance",121.49040222168,-33.8397407531738,0.9,2.21,3.33,31729.79,8024.99,206075.88,620.16,259.82,2044.06
"WASouth","Esperance",121.509407043457,-33.8433074951172,0.9,2.2,3.2,41813.87,10200.2,285188.31,1063.22,414.57,3865.02
"WASouth","Esperance",121.590721130371,-33.8551177978516,0.9,2.25,3.33,11252.5,3241.05,61457.88,367.87,166.09,1092.18
"WASouth","Esperance",121.952407836914,-33.8378562927246,0.9,2.24,2.56,14162.69,3965.02,80317.49,1895.88,725.27,6881.51
"WASouth","Esperance",122.021957397461,-33.846851348877,0.9,2.25,2.58,11113.01,3199.46,60796.17,2013.18,748.51,7667.09
"WASouth","Esperance",122.052398681641,-33.8732948303223,0.9,2.26,2.57,9599.63,2811.18,51376.87,2038.65,749.93,7911.07
"WASouth","Esperance",123.628372192383,-33.8802452087402,0.9,2.18,2.6,69151.24,16128.69,496103.45,10830.89,3175.16,57394.17
"WASouth","Esperance",123.665222167969,-33.847297668457,0.9,2.17,2.88,90630.72,20244.76,691976.62,4921.77,1615.23,22279.12
"SA","Elliston",135.132369995117,-33.8521461486816,0.9,2.79,4.35,1423.73,542.78,5293.14,84.29,46.09,193.2
"SA","Franklin Harbour",136.682769775391,-33.8711814880371,0.9,2.88,3.53,9889.42,2934.16,51557.89,829.81,334.91,2875.96
"SA","Franklin Harbour",136.719573974609,-33.8524932861328,0.9,2.89,3.53,9452.68,2812.64,49163.48,765.36,312.59,2608.43
"SA","Copper Coast",137.596405029297,-33.8713722229004,0.9,3.05,3.32,798.4,328.36,2678.32,269,130.18,716.8
"WASouth","Augusta Margaret River",114.987022399902,-33.829517364502,0.9,2.22,3.5,14725.94,4538,70058.96,192.66,95.74,499.46
"WASouth","Esperance",121.280387878418,-33.843448638916,0.9,2.24,3.34,13338.28,3874.64,70939.03,443.51,191.44,1414.64
"WASouth","Esperance",121.314628601074,-33.8270721435547,0.9,2.23,3.91,15821.1,4472.58,87502.71,181.77,87.89,498.26
"WASouth","Esperance",121.366172790527,-33.8207740783691,0.9,2.21,2.59,29996.96,7660.22,192075.56,2470.17,902.37,9593.66
"WASouth","Esperance",121.41983795166,-33.8288307189941,0.9,2.21,3.04,28687.83,7350.13,183104.59,1012.5,395.37,3682.88
"WASouth","Esperance",123.736099243164,-33.8149719238281,0.9,2.17,2.85,85779.02,19444.87,639700.98,5715.6,1824.66,26964.1
"SA","Elliston",135.083557128906,-33.8100700378418,0.9,2.78,4.16,1674.62,625.27,6402.56,102.9,54.78,244.63
"SA","Franklin Harbour",136.784591674805,-33.8199996948242,0.9,2.9,3.59,6444.01,2030.3,30908.96,584.9,247.14,1905
"SA","Franklin Harbour",136.845489501953,-33.804817199707,0.9,2.9,3.75,6488.13,2038.3,31273.17,492.24,210.38,1588.05
"SA","Copper Coast",137.638153076172,-33.8278846740723,0.9,3.06,4.09,703.04,294.49,2298.72,50.99,31.47,96.66
"WASouth","Busselton",114.985389709473,-33.7757682800293,0.9,2.2,3.37,19770.67,5852.33,99386.45,282.85,134.36,777.38
"WASouth","Esperance",123.750137329102,-33.7754058837891,0.9,2.15,2.84,146906.42,31358.82,1182705.07,5390.48,1742.85,24935.66
"SA","Elliston",135.027328491211,-33.7490158081055,0.9,2.79,4.49,1521.89,572.85,5768.19,75.18,41.67,169.26
"SA","Copper Coast",137.661575317383,-33.8095550537109,0.9,3.08,4.09,617.19,263.62,1962.94,49.87,30.87,94.18
"NSW","Northern Beaches",151.298721313477,-33.7817840576172,0.9,2.4,3.14,361784.43,72942.06,3062258.96,441.91,199.62,1295.17
"WASouth","Busselton",114.974868774414,-33.7236289978027,0.9,2.2,3.03,22395.28,6626.61,111924.72,959.59,380.12,3410.21
"WASouth","Esperance",123.760238647461,-33.7437705993652,0.9,2.15,2.85,151030.76,32207.13,1216051.32,4770.72,1571.75,21484.18
"SA","Elliston",134.969116210938,-33.7140197753906,0.9,2.77,4.55,1807.77,665.57,7058.83,73.43,40.75,165.23
"SA","Franklin Harbour",136.99674987793,-33.7267532348633,0.9,2.95,3.81,2927.15,1035.27,11934.12,280.46,131.73,787.59
"SA","Franklin Harbour",137.026382446289,-33.7231864929199,0.9,2.95,3.81,3021.99,1053.91,12617.14,212.5,105.32,550.04
"SA","Franklin Harbour",137.09440612793,-33.7078552246094,0.9,2.97,3.85,2129,780.02,8300.3,173.35,88.62,429.39
"SA","Franklin Harbour",137.143447875977,-33.7029075622559,0.9,2.99,3.85,1665.96,630.59,6213.11,179.02,90.65,450.39
"SA","Barunga West",137.72705078125,-33.7447700500488,0.9,3.11,4.16,435.4,195.87,1286.97,42.82,27.15,78.16
"NSW","Northern Beaches",151.316345214844,-33.7400131225586,0.9,2.4,3.14,306894.22,63183.84,2525760.34,556.74,240.48,1746.01
"WASouth","Busselton",114.971221923828,-33.6970252990723,0.9,2.23,3.22,10634.71,3430.97,47492.45,337.53,152.65,1004.84
"WASouth","Esperance",123.784126281738,-33.6931953430176,0.9,2.16,2.85,139794.1,30491.96,1085386.37,3690.6,1246.67,16134.2
"SA","Elliston",134.905166625977,-33.6764717102051,0.9,2.77,4.58,1875.51,685.69,7401.17,74.39,41.29,167.26
"SA","Franklin Harbour",137.193161010742,-33.6765327453613,0.9,3,3.9,1574.18,592.88,5946.82,151.71,78.65,369.38
"SA","Barunga West",137.754730224609,-33.7102966308594,0.9,3.13,4.15,376.55,174.1,1068.14,44.46,28.04,81.72
"NSW","Northern Beaches",151.322494506836,-33.6744499206543,0.9,2.41,3.6,383994.74,76809.98,3285398.52,113.29,61.16,260.81
"WASouth","Busselton",114.992866516113,-33.6648063659668,0.9,2.24,3.11,9325.58,3042.92,41109.06,357.04,159.48,1083.92
"WASouth","Esperance",123.83927154541,-33.6523323059082,0.9,2.16,2.78,113261.91,25369.91,848684.3,4488.25,1438.82,21350.87
"WASouth","Esperance",123.876846313477,-33.6351661682129,0.9,2.17,2.78,94999.1,21857.34,685270.58,4223.16,1361.86,19951.58
"SA","Franklin Harbour",137.219360351562,-33.6563186645508,0.9,3,3.88,1573.84,589.78,6001.24,161.47,83.19,396.1
"SA","Barunga West",137.806015014648,-33.665843963623,0.9,3.15,4.13,323.39,153.41,883.63,49.44,30.65,93.11
"NSW","Northern Beaches",151.336761474609,-33.6438484191895,0.9,2.41,3.61,380923.81,76281.83,3254036.01,117.43,63.03,272.55
"WASouth","Busselton",115.012512207031,-33.5945281982422,0.9,2.21,3.69,16771.29,5148.01,79798.41,144.15,74.79,351.62
"WASouth","Busselton",115.151664733887,-33.6266975402832,0.9,2.31,3.68,2538.3,986.69,8815.58,67.52,38.7,143.88
"WASouth","Busselton",115.188926696777,-33.6407012939453,0.9,2.33,3.74,1961.53,784.78,6564.76,57.75,33.95,118.61
"WASouth","Busselton",115.269371032715,-33.6505737304688,0.9,2.34,3.96,1682.76,680.8,5566.97,41.13,25.32,79.28
"WASouth","Busselton",115.340866088867,-33.6405715942383,0.9,2.35,4.18,1572.29,636.32,5217.03,31.56,20.1,58.18
"WASouth","Busselton",115.384063720703,-33.627025604248,0.9,2.34,4.2,1728.62,684.93,5923.77,30.33,19.41,55.52
"WASouth","Esperance",123.928314208984,-33.5916633605957,0.9,2.17,2.84,87830.53,20701.28,609408.16,2167.63,768.45,8972.9
"SA","Elliston",134.83757019043,-33.6056938171387,0.9,2.79,4.11,1375.39,519.45,5215.59,83.83,46.1,190.16
"SA","Franklin Harbour",137.260025024414,-33.6035957336426,0.9,3.03,3.79,1014.26,404.74,3542.36,178.85,90.82,447.69
"SA","Barunga West",137.861618041992,-33.6160011291504,0.9,3.17,4.02,274.57,133.77,721.94,73.21,42.72,150.29
"NSW","Northern Beaches",151.343338012695,-33.6173553466797,0.9,2.41,3.54,381648.94,76313.87,3268493.24,125.45,66.87,293.69
"WASouth","Busselton",115.001991271973,-33.5661087036133,0.9,2.18,3.54,34659.51,9214.05,204436.65,145.25,74.61,360.72
"WASouth","Busselton",115.089622497559,-33.5697364807129,0.9,2.27,2.97,5119.22,1830.24,19843.81,413.48,184.03,1250.87
"WASouth","Busselton",115.447860717773,-33.5788192749023,0.9,2.33,4.12,1925.51,747.08,6808.6,33.5,20.97,63.46
"WASouth","Esperance",123.98070526123,-33.5565719604492,0.9,2.16,2.5,133440.41,30025.12,982303.23,13954.29,4068.15,73527.87
"SA","Elliston",134.845581054688,-33.563663482666,0.9,2.79,4.15,1422.83,531.8,5489.29,45.58,27.48,90.71
"SA","Franklin Harbour",137.272903442383,-33.5749588012695,0.9,3.04,3.78,874.93,356.91,2962.11,190.53,95.34,487.98
"SA","Barunga West",137.894073486328,-33.5795211791992,0.9,3.84,4.49,250.75,123.61,648.9,124.99,67.23,287.99
"NSW","Central Coast (NSW)",151.353622436523,-33.5448226928711,0.9,2.41,3.39,365950.73,73318.05,3130512.43,262.21,127.86,690.19
"WASouth","Busselton",115.005264282227,-33.5277900695801,0.9,2.18,3.44,32898.36,9305.01,174392.64,224.99,108.23,613.22
"WASouth","Busselton",115.056182861328,-33.5393142700195,0.9,2.25,3.01,7228.83,2481.04,29561.54,371.55,169.25,1084.25
"WASouth","Capel",115.485954284668,-33.5348243713379,0.9,2.34,4.12,1786.44,699.53,6240.21,33.02,20.69,62.52
"WASouth","Esperance",123.98902130127,-33.5160102844238,0.9,2.16,2.78,130297.71,29890.9,927856.73,7057.78,2108.66,37153.35
"SA","Elliston",134.854598999023,-33.5280914306641,0.9,2.8,3.98,1257.64,477,4760.51,59.3,34.34,125.03
"SA","Franklin Harbour",137.299240112305,-33.5179252624512,0.9,3.06,3.77,716.86,300.74,2334.26,207.95,102.46,544.92
"SA","Barunga West",137.930084228516,-33.5152359008789,0.9,3.87,4.48,205.17,104.58,505.77,138.16,72.62,329.88
"NSW","Central Coast (NSW)",151.421768188477,-33.517707824707,0.9,2.41,3.56,386411.2,76890.87,3335784.05,151.68,79.08,365.46
"WASouth","Capel",115.542381286621,-33.4798927307129,0.9,2.35,3.93,1551.18,617.48,5303.71,38.93,23.81,76.23
"WASouth","Esperance",123.998306274414,-33.4730606079102,0.9,2.16,2.55,123928.61,28674.56,871579.41,13069.7,3777.78,70236.13
"SA","Elliston",134.85090637207,-33.4759483337402,0.9,2.84,4.09,763.48,308.87,2649.45,48.14,28.66,97.73
"SA","Franklin Harbour",137.316253662109,-33.4741325378418,0.9,3.57,4.14,666.45,282.27,2142.23,268.54,128.53,730.23
"SA","Barunga West",137.905914306641,-33.4793663024902,0.9,3.87,4.46,211.72,107.62,523.6,161.75,82.81,401.38
"NSW","Central Coast (NSW)",151.447479248047,-33.477481842041,0.9,2.41,3.52,380987.86,75730.95,3297845.03,129.71,68.94,304.66
"WASouth","Capel",115.56462097168,-33.4566841125488,0.9,2.36,3.94,1385.87,559.7,4647.46,38.27,23.46,74.74
"WASouth","Esperance",124.001518249512,-33.4332008361816,0.9,2.15,2.41,167989.67,37296.95,1250147.49,25616.99,6926.44,149187.45
"SA","Elliston",134.839385986328,-33.4370346069336,0.9,2.83,4.07,935.8,368.06,3376.62,51.88,30.53,107.11
"SA","Franklin Harbour",137.363555908203,-33.4304351806641,0.9,3.58,4.1,628.98,269.03,1992.96,321.09,149.59,907.33
"SA","Port Pirie",137.885498046875,-33.4337196350098,0.9,3.86,4.4,215.78,109.44,535.19,228.57,109.32,629.2
"NSW","Central Coast (NSW)",151.46369934082,-33.4218559265137,0.9,2.41,3.79,382654.05,75915.45,3322883.05,99.9,54.77,225.34
"WASouth","Capel",115.598304748535,-33.3883094787598,0.9,2.37,3.89,1270.67,523.93,4126.9,45.85,27.41,92.64
"WASouth","Esperance",124.031120300293,-33.369686126709,0.9,2.15,2.39,167054.38,36933.35,1252940.36,39490.69,9892.94,257407.52
"SA","Elliston",134.814239501953,-33.3729438781738,0.9,3.11,4.4,1613.17,588.88,6450.14,57.67,33.41,121.73
"SA","Franklin Harbour",137.388092041016,-33.3740463256836,0.9,3.6,4.06,534.41,235.06,1625.2,357.01,164.39,1023.88
"SA","Port Pirie",137.862121582031,-33.3922424316406,0.9,3.85,4.36,248.22,123.38,633.24,267.95,125.06,763.89
"NSW","Central Coast (NSW)",151.485321044922,-33.3851432800293,0.9,2.41,3.52,340313.9,68516.66,2897696.83,147,77.15,350.67
"WASouth","Bunbury",115.611457824707,-33.3525466918945,0.9,2.37,3.89,1194.22,498.91,3802.52,45.96,27.48,92.89
"WASouth","Esperance",124.039123535156,-33.342414855957,0.9,2.15,2.51,197072.18,42636.64,1522052.56,25603.62,6518.31,166627.05
"SA","Elliston",134.80207824707,-33.3401069641113,0.9,3.13,4.37,1276.12,480.58,4890.66,61.62,35.35,131.83
"SA","Franklin Harbour",137.386566162109,-33.3469276428223,0.9,3.6,4.03,503.45,223.43,1511.75,369.73,169.89,1062.03
"SA","Port Pirie",137.850677490234,-33.3456192016602,0.9,3.84,4.36,264.87,130.42,684.62,273.52,127.46,780.97
"WASouth","Esperance",124.060096740723,-33.3062896728516,0.9,2.14,2.57,204818.85,44077.79,1593484.31,11547.18,3283.95,64468.11
"SA","Elliston",134.750427246094,-33.2929801940918,0.9,3.11,4.99,1685.55,609.85,6832.98,35.96,22.27,69.12
"SA","Whyalla",137.401565551758,-33.2910270690918,0.9,3.62,3.95,441.63,200.15,1286.59,414.63,188.06,1210.94
"SA","Port Pirie",137.810272216797,-33.2857513427734,0.9,3.82,4.27,292.91,141.42,779.83,353.38,161.37,1029.88
"WASouth","Harvey",115.675010681152,-33.2608871459961,0.9,2.36,3.43,1281.98,528.65,4160.85,96.51,52.31,222.83
"WASouth","Esperance",124.076385498047,-33.2642440795898,0.9,2.14,2.65,232850.81,49123.12,1863527.57,8729.75,2518.65,48365.23
"SA","Streaky Bay",134.629516601562,-33.2479209899902,0.9,3.08,5.07,2690.25,913.3,11903.77,39.29,24.07,76.63
"SA","Elliston",134.684005737305,-33.254810333252,0.9,3.08,4.95,2391.9,825.06,10354.76,42.58,25.77,84.57
"SA","Whyalla",137.418273925781,-33.2557182312012,0.9,3.62,3.96,414.61,189.95,1188.8,394.52,180,1143.41
"SA","Port Pirie",137.807678222656,-33.2593383789062,0.9,3.82,4.26,308.78,148.16,828.7,350.53,160.02,1022.73
"NSW","Central Coast (NSW)",151.566528320312,-33.2575988769531,0.9,2.41,3.61,354993.07,71314.6,3027388.99,113.4,61.67,257.58
"WASouth","Harvey",115.679985046387,-33.2147789001465,0.9,2.35,3.44,1506.62,606.85,5052.97,96.13,52.15,221.65
"WASouth","Esperance",124.094741821289,-33.2096214294434,0.9,2.14,2.35,246462.7,51463.33,2002550.57,244373.6,43424.51,2679263.83
"SA","Streaky Bay",134.545349121094,-33.1910858154297,0.9,3.07,4.96,2725.17,921.59,12135.56,44.22,26.67,88.15
"SA","Streaky Bay",134.581817626953,-33.2057342529297,0.9,3.08,4.88,2561.15,872.84,11289.04,49.88,29.64,101.39
"SA","Whyalla",137.442199707031,-33.2197113037109,0.9,3.63,3.94,405.74,186.66,1156.21,405.45,184.2,1182.24
"SA","Port Pirie",137.821151733398,-33.226146697998,0.9,3.81,4.26,320.32,152.83,866.67,331.85,152.81,956.16
"NSW","Central Coast (NSW)",151.619323730469,-33.2048263549805,0.9,2.34,3.86,375330.66,74724.02,3242494.09,88.65,49.37,195.76
"WASouth","Harvey",115.676567077637,-33.1664352416992,0.9,2.34,3.5,1860.27,731.07,6442.35,93.73,51.05,214.92
"WASouth","Esperance",124.107475280762,-33.1698188781738,0.9,2.14,2.4,250017.14,51951.84,2047547.45,164606.39,30084.35,1761455.9
"SA","Streaky Bay",134.309631347656,-33.1851959228516,0.9,3.07,5.06,2884.97,971.48,12899.27,45.74,27.4,92.09
"SA","Streaky Bay",134.414978027344,-33.1612815856934,0.9,3.07,3.74,2957.71,988.34,13394.98,439.33,192.74,1359.82
"SA","Streaky Bay",134.478668212891,-33.1595458984375,0.9,3.07,3.94,2837.7,953.47,12755.63,271.74,126.93,772.68
"SA","Whyalla",137.450042724609,-33.1701965332031,0.9,3.64,3.98,365.79,170.99,1018.87,356.75,165.19,1012.68
"SA","Port Pirie",137.850769042969,-33.1842231750488,0.9,3.82,4.28,308.35,148.22,824.96,292.16,137.53,814.92
"SA","Port Pirie",137.893035888672,-33.1661376953125,0.9,3.81,4.27,323.4,154.71,870.33,294.98,138.56,825.46
"SA","Port Pirie",137.92903137207,-33.1640663146973,0.9,3.82,4.27,306.8,147.61,819.76,291.04,136.77,814.51
"NSW","Lake Macquarie",151.640899658203,-33.1763343811035,0.9,2.34,3.35,385319.75,76418.38,3346745.55,232.48,115.75,593.53
"WASouth","Harvey",115.681144714355,-33.1313514709473,0.9,2.33,3.52,2095.66,806.42,7484.4,92.48,50.46,211.47
"WASouth","Esperance",124.141700744629,-33.1211471557617,0.9,2.14,2.45,218967.78,46176.35,1759799.89,73994.1,15159.75,674819.6
"SA","Streaky Bay",134.260528564453,-33.1256637573242,0.9,3.15,4.63,1031.26,395.32,3880.16,58.34,33.45,125.48
"SA","Whyalla",137.474792480469,-33.1270484924316,0.9,3.64,4,369.32,172.2,1032.86,328.63,154.29,914.16
"SA","Whyalla",137.517532348633,-33.113525390625,0.9,3.64,4.06,350.3,164.81,966.88,278.98,134.3,748.89
"NSW","Lake Macquarie",151.655502319336,-33.1222267150879,0.9,2.35,3.33,345864.95,69895.99,2922662.73,241.13,119.85,616.24
"WASouth","Harvey",115.677635192871,-33.08251953125,0.9,2.31,3.83,2734.6,1013.34,10290.32,60.82,35.25,127.82
"WASouth","Esperance",124.195610046387,-33.0619583129883,0.9,2.15,2.53,197480.04,42125.56,1564046.86,24347.15,5949.73,171879.03
"SA","Streaky Bay",134.238632202148,-33.0751266479492,0.9,3.07,4.28,2717.63,917.91,12132.85,117.16,60.93,288.48
"SA","Unincorporated SA",137.564193725586,-33.0747947692871,0.9,3.65,4.06,325.45,154.72,885.43,290.04,138.8,785.2
"SA","Mount Remarkable",138.025192260742,-33.0680351257324,0.9,3.81,4.24,319.96,152.48,867.54,248.47,119.76,670.41
"NSW","Lake Macquarie",151.668395996094,-33.088306427002,0.9,2.34,3.28,457880.07,88605.1,4114995.22,312.89,150.3,837.38
"WASouth","Harvey",115.671043395996,-33.0336990356445,0.9,2.3,3.81,3205.15,1162.82,12413.75,63.09,36.26,134.29
"WASouth","Esperance",124.212295532227,-33.0435600280762,0.9,2.17,2.56,99010.26,22748.35,714262.06,12966.2,3430.13,82380.65
"WASouth","Dundas",124.258407592773,-33.0132904052734,0.9,2.15,2.45,157706.66,34523.71,1207897.82,33888.61,8242.87,235693.53
"SA","Streaky Bay",134.156143188477,-33.0373878479004,0.9,3.08,4.32,2491.87,846.79,11065.76,108.56,57.14,262.77
"SA","Whyalla",137.719528198242,-32.996898651123,0.9,3.66,4.11,311.81,149.27,839.85,247.21,120.41,654.4
"SA","Whyalla",137.738174438477,-32.996997833252,0.9,3.66,4.11,315.1,150.64,850.29,247.7,120.49,657.24
"SA","Mount Remarkable",138.005615234375,-33.0324020385742,0.9,3.81,4.23,328.7,155.96,896.9,252.41,121.46,682.37
"NSW","Lake Macquarie",151.689636230469,-33.0369644165039,0.9,2.34,3.7,409840.6,80810.02,3584375.17,135.13,71.09,322.55
"NSW","Lake Macquarie",151.726165771484,-33.0187072753906,0.9,2.34,3.81,371777.12,74288.78,3192539.4,116.84,62.28,274.77
"WASouth","Harvey",115.667030334473,-32.9907722473145,0.9,2.01,3.57,3739.18,1324.12,14990.85,60.94,35.17,129.04
"WASouth","Dundas",124.308197021484,-32.9843902587891,0.9,2.15,2.58,142601.06,31613.21,1073973,8248.39,2440.33,43754.69
"WASouth","Dundas",124.355827331543,-32.9667816162109,0.9,2.16,2.62,118968.68,26945.42,871247.82,5224.55,1675.43,24585.6
"SA","Streaky Bay",134.16569519043,-33.0062026977539,0.9,3.1,4.17,1991.32,697.51,8483.42,99.51,52.99,237.03
"SA","Mount Remarkable",137.944869995117,-32.9926071166992,0.9,3.81,4.23,328.64,156.25,893.47,255.43,122.71,692.04
"NSW","Newcastle",151.755249023438,-32.9575996398926,0.9,2.34,3.42,416998.56,82064.62,3655847.35,210.36,106.44,524.72
"WASouth","Harvey",115.652122497559,-32.9409255981445,0.9,2,3.56,4871.64,1672.39,20338.01,68.4,38.64,149.57
"WASouth","Dundas",124.42024230957,-32.9471321105957,0.9,2.16,2.75,103702.49,23858.76,744262.62,2071.14,739.06,8495.38
"WASouth","Dundas",124.475952148438,-32.9387512207031,0.9,2.17,2.63,100772.06,23317.44,717030.47,4669.4,1520.51,21515.7
"WASouth","Dundas",124.519393920898,-32.935474395752,0.9,2.17,2.58,93833.81,21889.97,660667.26,6311.3,1973.76,30732.57
"WASouth","Dundas",124.575134277344,-32.9283485412598,0.9,2.17,2.65,90012.27,21067.59,631551.58,3569.94,1197.02,15856.98
"WASouth","Dundas",124.627891540527,-32.9224433898926,0.9,2.17,3.4,87561.09,20517.77,614056.59,385.14,162.93,1291.5
"WASouth","Dundas",124.666984558105,-32.9171752929688,0.9,2.17,3.41,91015.57,21186.12,644501.37,383.47,162.63,1280.06
"WASouth","Dundas",124.72811126709,-32.9045333862305,0.9,2.17,3.42,86409.41,20188.23,609689.49,390.35,165.3,1304.98
"SA","Streaky Bay",134.147842407227,-32.9440498352051,0.9,3.08,4.17,2414.68,818.44,10801.21,138.87,70.47,354
"SA","Whyalla",137.792358398438,-32.912654876709,0.9,3.65,3.86,324.61,155.05,875.81,368.37,170.3,1046.62
"SA","Mount Remarkable",137.931793212891,-32.945686340332,0.9,3.81,4.09,318.63,152.34,859.08,346.28,159.93,989.52
"NSW","Newcastle",151.778686523438,-32.9410057067871,0.9,2.34,3.53,472734.82,91359.48,4250790.96,169.01,87.49,409.86
"WASouth","Waroona",115.648643493652,-32.900691986084,0.9,1.99,4.48,5480.75,1850.06,23423.18,24.37,15.94,43.44
"WASouth","Dundas",124.776504516602,-32.8932876586914,0.9,2.17,3.43,94953.65,21897.19,682120.21,420.15,175.53,1433.89
"WASouth","Dundas",124.827789306641,-32.8737030029297,0.9,2.16,3.46,113446.72,25518.78,843517.67,387.68,164.3,1294.73
"SA","Streaky Bay",134.106796264648,-32.9153175354004,0.9,3.1,4.51,1769.42,624.25,7500.23,83.32,45.7,190.03
"SA","Whyalla",137.802703857422,-32.8964157104492,0.9,3.65,3.83,321.1,153.6,864.62,364.03,169.26,1024.29
"SA","Mount Remarkable",137.92333984375,-32.8952827453613,0.9,3.81,4.1,319.93,152.95,862.52,332.03,154.6,937.17
"WASouth","Waroona",115.629905700684,-32.8495674133301,0.9,1.98,4.53,6957.42,2282.4,30870.27,24.76,16.18,44.18
"WASouth","Dundas",124.886604309082,-32.8456764221191,0.9,2.16,3.39,139985.78,30592.81,1082990.65,486.04,199.54,1696.5
"SA","Streaky Bay",134.102554321289,-32.8653297424316,0.9,3.08,5.16,2454.63,843.22,10689.87,29.27,18.62,54.32
"SA","Whyalla",137.811965942383,-32.8540534973145,0.9,3.66,3.86,306.31,147.57,816.52,349.08,163.16,975.41
"SA","Mount Remarkable",137.904113769531,-32.858211517334,0.9,3.66,3.91,316.41,151.66,849.56,335.41,156.74,939.88
"NSW","Port Stephens",151.845993041992,-32.8574409484863,0.9,2.34,3.83,406133.15,80050.68,3556015.01,103.51,55.82,240.16
"NSW","Port Stephens",151.886505126953,-32.8415222167969,0.9,2.34,3.91,403039.18,79737.2,3507071.89,80.48,44.94,177.96
"NSW","Port Stephens",151.931243896484,-32.826171875,0.9,2.34,3.31,415400.18,81834.26,3635940.15,256.03,125.59,667.66
"WASouth","Waroona",115.620826721191,-32.8227729797363,0.9,1.97,4.52,8565.45,2742.34,39229.6,26.12,16.91,47.27
"WASouth","Dundas",124.93709564209,-32.7966690063477,0.9,2.15,3.21,165427.99,35398.63,1316438.48,793.5,305.87,3013.28
"SA","Streaky Bay",134.122131347656,-32.8045616149902,0.9,3.09,4.16,2219.53,763.42,9713.07,120.75,62.41,300.17
"SA","Whyalla",137.813766479492,-32.8274917602539,0.9,3.66,3.87,302.94,146.27,804.83,336.86,158.23,934.85
"SA","Mount Remarkable",137.896591186523,-32.8130378723145,0.9,3.66,3.92,305.52,147.21,814.32,322.36,151.47,896.38
"NSW","Port Stephens",151.995193481445,-32.8015251159668,0.9,2.41,3.47,392888.06,77948.94,3406433.73,155.5,80.99,374.77
"NSW","Port Stephens",152.049957275391,-32.7904014587402,0.9,2.4,3.55,420474.57,82702.61,3688262.72,125.46,66.92,293.38
"NSW","Port Stephens",152.105438232422,-32.7936248779297,0.9,2.4,3.57,483943.23,93121.84,4379518.67,118.42,63.99,271.41
"WASouth","Mandurah",115.612747192383,-32.7587585449219,0.9,1.96,3.5,10138.95,3190.42,47439.73,96.15,51.55,226.69
"WASouth","Dundas",124.992477416992,-32.7677345275879,0.9,2.15,3.37,169193.93,36123.85,1350037.54,487.03,201.47,1674.54
"WASouth","Dundas",125.016464233398,-32.7507400512695,0.9,2.15,3.29,167130.81,35756.76,1329598.15,600.26,239.52,2178.37
"WASouth","Dundas",125.090019226074,-32.7265357971191,0.9,2.15,3.51,174703.89,37211.73,1397342.57,386.48,164.71,1276.88
"SA","Streaky Bay",134.071029663086,-32.7439575195312,0.9,3.08,4.12,2469.67,837.9,11008.12,140.43,71.28,357.49
"SA","Whyalla",137.80729675293,-32.7693710327148,0.9,3.67,3.88,291.62,141.68,767.86,301.57,143.84,819.34
"SA","Port Augusta",137.890808105469,-32.7710227966309,0.9,3.67,3.89,281.23,137.22,736.37,323.69,152.09,900.01
"NSW","Port Stephens",152.155685424805,-32.7658233642578,0.9,2.41,3.59,405067.67,79869.73,3544908.27,107.8,58.85,243.9
"WASouth","Mandurah",115.607124328613,-32.7169036865234,0.9,1.94,3.48,14878.13,4461.98,74226.3,107.05,56.48,258.15
"WASouth","Dundas",125.125335693359,-32.7073822021484,0.9,2.15,3.46,177128.79,37642.4,1421419.51,425.92,179.05,1434.25
"SA","Streaky Bay",134.058029174805,-32.7256622314453,0.9,3.09,4.3,2146.54,735.62,9483.31,106.61,56.2,257.64
"WASouth","Mandurah",115.599494934082,-32.6866264343262,0.9,1.95,3.54,13336.84,4081.14,64587.24,94.02,50.43,221.77
"WASouth","Dundas",125.198837280273,-32.6661796569824,0.9,2.15,3.46,181853.97,38488.64,1467886.13,430.89,181.23,1448.34
"SA","Streaky Bay",134.09358215332,-32.7097091674805,0.9,3.12,4.15,1386.62,504.7,5637.2,122.91,63.12,309
"SA","Streaky Bay",134.139633178711,-32.713020324707,0.9,3.16,4.18,857.38,334.56,3160.62,107.35,56.12,263.42
"SA","Streaky Bay",134.258987426758,-32.6792335510254,0.9,3.22,4.06,508.09,215.11,1665.11,102.16,53.83,247.81
"NSW","Mid-Coast",152.217864990234,-32.6861267089844,0.9,2.4,3.51,474016.98,91733.07,4251243.49,132.68,72.12,298.88
"WASouth","Mandurah",115.612724304199,-32.6398010253906,0.9,1.96,3.57,17558,5144.3,90468.83,84.49,46,195.22
"WASouth","Dundas",125.261291503906,-32.639404296875,0.9,2.15,3.54,179399.24,38083.64,1441369.78,381.04,163.09,1249.79
"WASouth","Dundas",125.299919128418,-32.6206016540527,0.9,2.15,3.5,166944.62,35828.79,1320718.6,378.3,162.48,1233.12
"WASouth","Dundas",125.356552124023,-32.6046524047852,0.9,2.15,3.59,169128.78,36317.81,1335624.48,299.28,133.31,925.48
"WASouth","Dundas",125.411148071289,-32.5926475524902,0.9,2.15,3.61,171769.69,36911.73,1353469.41,233.12,109.31,665.38
"WASouth","Dundas",125.445678710938,-32.5863265991211,0.9,2.15,3.64,170809.41,36761.41,1342649.38,194.51,94.71,523.52
"SA","Streaky Bay",134.27360534668,-32.6319274902344,0.9,3.21,5.06,512.03,216.46,1681.85,37.6,22.78,75.16
"SA","Port Augusta",137.836624145508,-32.6410903930664,0.9,3.69,3.95,244.66,121.6,624.75,229.88,113.09,600.27
"NSW","Mid-Coast",152.209411621094,-32.6361770629883,0.9,2.4,3.4,483036.74,92957.19,4370957.57,194.66,100.22,472.79
"NSW","Mid-Coast",152.243713378906,-32.6129608154297,0.9,2.4,3.57,484846.87,93165.54,4398191.95,124.9,67.5,285.29
"WASouth","Mandurah",115.633392333984,-32.5939178466797,0.9,2.1,3.51,9300.07,2884.33,44884.53,89.91,48.76,208.34
"WASouth","Dundas",125.525924682617,-32.5580215454102,0.9,2.15,3.68,167919.63,36323.51,1309222.23,127.5,67.54,301.64
"SA","Streaky Bay",134.260116577148,-32.5783805847168,0.9,3.2,5.32,565.75,235.53,1899.59,27.28,17.43,50.44
"NSW","Mid-Coast",152.320205688477,-32.6055908203125,0.9,2.4,3.38,527199.35,100326.94,4842855.66,230.1,117.13,565.01
"WASouth","Mandurah",115.670928955078,-32.5409622192383,0.9,1.92,3.23,16502.34,4888.78,83660.22,131.9,67.95,327.92
"WASouth","Dundas",125.567039489746,-32.530704498291,0.9,2.15,3.65,178146.58,38329.06,1397643.97,132.38,69.61,316.68
"SA","Ceduna",133.895065307617,-32.5452919006348,0.9,3.05,4.14,4013.32,1264.38,19891.71,166.87,83.34,432.76
"SA","Ceduna",133.908020019531,-32.5220603942871,0.9,3.07,5.56,2956.98,965.33,14003.09,34.34,21.26,66.32
"SA","Streaky Bay",134.228332519531,-32.5367660522461,0.9,3.19,5.32,640.9,261.65,2213.51,27.42,17.52,50.65
"NSW","Mid-Coast",152.313705444336,-32.5493583679199,0.9,2.4,3.5,522122.92,99246.42,4808757,127.66,69.96,284.09
"NSW","Mid-Coast",152.340133666992,-32.5278701782227,0.9,2.4,3.64,516066.63,98301.94,4738263.55,91.46,51.99,194.26
"WASouth","Mandurah",115.695930480957,-32.521125793457,0.9,1.92,3.24,16473.3,4860.39,84128.26,126.53,65.55,312.19
"WASouth","Dundas",125.627700805664,-32.4908752441406,0.9,2.15,3.57,169563.05,36745.16,1317013.27,154.55,79.11,384.74
"WASouth","Dundas",125.654495239258,-32.473217010498,0.9,2.15,3.5,162959.36,35532,1254694.9,186.26,92.52,484.29
"SA","Ceduna",133.845886230469,-32.5071868896484,0.9,3.12,3.79,1516.14,545.57,6258.89,206.33,98.94,569.24
"SA","Ceduna",133.997283935547,-32.5039138793945,0.9,3.09,4.59,2144.43,731.14,9568.72,79.76,44.17,179.2
"SA","Ceduna",134.070877075195,-32.4695320129395,0.9,3.13,5.16,1245.9,459.45,4979.15,33.55,21.07,63.19
"SA","Ceduna",134.090408325195,-32.47021484375,0.9,3.14,5.2,1133.93,423.92,4444.95,30.5,19.42,56.36
"SA","Streaky Bay",134.175994873047,-32.4855194091797,0.9,3.17,4.72,831.52,325.92,3046.04,43.8,26.49,86.9
"NSW","Mid-Coast",152.412338256836,-32.4907112121582,0.9,2.4,3.92,502030.8,95970.82,4587209.03,52.29,31.76,101.84
"NSW","Mid-Coast",152.456039428711,-32.4739952087402,0.9,2.15,3.72,496231.41,95302.46,4499822.95,49.04,30.01,94.58
"WASouth","Mandurah",115.740791320801,-32.4680099487305,0.9,1.91,3.95,18937.23,5404.78,101827.35,47.8,28.15,99.09
"WASouth","Dundas",125.706619262695,-32.4370346069336,0.9,2.15,3.57,154167.76,33889.13,1173579.13,159.15,80.97,399.93
"SA","Ceduna",133.846725463867,-32.4609375,0.9,3.08,4.97,2385.23,801.4,10860.94,40.46,24.69,79.36
"NSW","Mid-Coast",152.521682739258,-32.4567642211914,0.9,2.14,3.24,662123.83,121268.3,6429721.29,150.68,81.29,341.68
"WASouth","Rockingham",115.721504211426,-32.3826293945312,0.9,1.89,3.45,30952.47,8176.01,185927.38,93.08,49.99,219.15
"WASouth","Dundas",125.731330871582,-32.4147415161133,0.9,2.15,3.47,146367.55,32438.97,1101244.1,205.81,100.62,547.55
"WASouth","Dundas",125.770309448242,-32.396053314209,0.9,2.16,3.51,126206.72,28481.28,927122.09,167.68,84.41,428.26
"SA","Ceduna",133.860244750977,-32.413387298584,0.9,3.13,4.84,1277.76,469.35,5135.4,38.94,23.98,75.3
"NSW","Mid-Coast",152.54020690918,-32.4330139160156,0.9,2.14,3.52,616793.42,115547.3,5775583.34,73.26,42.77,150.23
"WASouth","Rockingham",115.711723327637,-32.3763732910156,0.9,1.89,3.45,32838.68,8589.72,200079.82,92.27,49.65,216.63
"WASouth","Dundas",125.829124450684,-32.3588104248047,0.9,2.16,3.69,114233.49,26073.5,826988.34,106.4,57.43,245.99
"NSW","Mid-Coast",152.537170410156,-32.3683662414551,0.9,2.14,3.51,597435.85,112695.62,5535857.79,65.17,38.69,130.57
"WASouth","Dundas",125.890777587891,-32.3272438049316,0.9,2.17,3.48,89652.87,21110.74,622374.46,175.43,87.78,451.8
"WASouth","Dundas",125.939956665039,-32.3042793273926,0.9,2.17,3.7,84749.44,20039.7,585838.79,100.57,54.65,230.46
"WASouth","Dundas",125.983673095703,-32.2883224487305,0.9,2.17,3.29,82421.27,19471.58,571599.8,273.09,128.26,768.32
"WASouth","Dundas",126.580444335938,-32.3081016540527,0.9,2.23,4.34,15998,4543.41,87680.17,50.52,29.76,104.29
"WASouth","Dundas",126.625343322754,-32.3101997375488,0.9,2.23,3.96,15737.39,4502.09,85198.86,88.09,47.99,202.73
"WASouth","Dundas",126.683471679688,-32.3130416870117,0.9,2.24,3.88,12611.66,3747.18,64595.96,102.75,54.76,243.8
"WASouth","Dundas",126.734107971191,-32.3103523254395,0.9,2.22,3.2,23957.19,6616.96,134789.43,452.81,196.73,1424.45
"WASouth","Dundas",126.778480529785,-32.3013000488281,0.9,2.23,3.21,19347,5448.38,106437.86,413.8,181.7,1284.11
"WASouth","Dundas",126.848419189453,-32.3034362792969,0.9,2.23,3,16000.88,4594.07,85970.17,592.87,248.49,1958.64
"SA","Unincorporated SA",133.836181640625,-32.352294921875,0.9,3.16,5.27,928.27,357.45,3489.49,28.54,18.23,52.62
"WASouth","Rockingham",115.688369750977,-32.2748413085938,0.9,2.11,4.31,21116.75,5885.33,117762.32,42.25,25.26,85.89
"WASouth","Dundas",126.101448059082,-32.2738990783691,0.9,2.19,3.35,45720.58,11307.18,302345.12,196.63,97.08,515.21
"WASouth","Dundas",126.13289642334,-32.2580986022949,0.9,2.19,3.3,48957.55,11989.97,328192.44,236.56,113.68,643.87
"WASouth","Dundas",126.229583740234,-32.2429428100586,0.9,2.23,3.94,18609.96,5031.54,110593.74,62.11,35.7,132.38
"WASouth","Dundas",126.268409729004,-32.2527847290039,0.9,2.24,3.92,15118.2,4216.49,85973.47,66.44,37.81,143.64
"WASouth","Dundas",126.315170288086,-32.2620964050293,0.9,2.24,3.96,15008.4,4203.55,84725.8,66.17,37.65,143.16
"WASouth","Dundas",126.37329864502,-32.2812156677246,0.9,2.23,3.91,16618.09,4634.41,93944.32,78.17,43.42,174.91
"WASouth","Dundas",126.418922424316,-32.2886085510254,0.9,2.24,3.91,12543.82,3624.86,67616.86,78.62,43.57,176.59
"WASouth","Dundas",126.471771240234,-32.2922630310059,0.9,2.24,3.91,12654.12,3667.17,67817.15,79.92,44.18,180.15
"WASouth","Dundas",126.52661895752,-32.3000717163086,0.9,2.24,3.9,12833.86,3731.86,68294.39,85.38,46.74,195.08
"WASouth","Dundas",126.894958496094,-32.3038711547852,0.9,2.23,3.61,18070.23,5150.75,97658.32,191.61,92.92,520.22
"WASouth","Dundas",126.948722839355,-32.3001441955566,0.9,2.24,3.72,12933.58,3829.83,66552.31,146.59,73.8,377.82
"WASouth","Dundas",127.008438110352,-32.2939224243164,0.9,2.24,3.72,14785.89,4312.57,77574.64,132.19,67.82,331.21
"WASouth","Dundas",127.05305480957,-32.2870330810547,0.9,2.25,3.69,12401.17,3688.82,63451.36,132.69,68.4,329.38
"WASouth","Dundas",127.107360839844,-32.2873420715332,0.9,2.24,3.67,15137.09,4396.51,79910.94,143.5,73.11,362.19
"WASouth","Dundas",127.156761169434,-32.2812728881836,0.9,2.24,3.7,14461.43,4210.68,76210.57,136.58,70.1,341.15
"WASouth","Dundas",127.212768554688,-32.2844657897949,0.9,2.23,3.26,18334.91,5189.76,100264,293.23,136.21,838.25
"WASouth","Dundas",127.259368896484,-32.2746429443359,0.9,2.23,3.54,16163.21,4621.81,87434.06,171.18,85.71,441.05
"WASouth","Dundas",127.314971923828,-32.2637634277344,0.9,2.23,3.47,18529.35,5216.1,102276.3,187.81,93,490.96
"WASouth","Dundas",127.354232788086,-32.2527313232422,0.9,2.22,3.73,20114.25,5611.64,112291.72,116.25,61.96,273.56
"SA","Ceduna",133.767166137695,-32.2666244506836,0.9,3.13,4.78,1256.74,463.21,5024.1,40.6,24.78,79.61
"SA","Ceduna",133.777847290039,-32.2665901184082,0.9,3.13,4.79,1245.38,459.94,4962.84,40.23,24.58,78.75
"SA","Ceduna",133.851272583008,-32.2766571044922,0.9,3.16,4.35,892.54,346.27,3317.02,68.14,38.52,148.85
"NSW","Mid-Coast",152.529312133789,-32.286075592041,0.9,2.14,3.13,616951.37,116334.23,5710155.95,204.25,99.43,548.08
"WASouth","Kwinana",115.753379821777,-32.2424011230469,0.9,2.13,2.68,13568.36,4055.87,68447.54,577.61,253.88,1750.41
"WASouth","Dundas",127.42276763916,-32.2359275817871,0.9,2.22,2.96,22342.88,6167.17,126372.89,501.77,220.44,1535.36
"WASouth","Dundas",127.463645935059,-32.2284698486328,0.9,2.22,2.91,24457.89,6657.61,141104.24,618.62,264.16,1968.23
"WASouth","Dundas",127.521705627441,-32.2205200195312,0.9,2.2,2.87,36672.99,9555.47,223539.02,871.35,356.11,2940.54
"SA","Ceduna",133.239868164062,-32.2043533325195,0.9,3.03,3.73,5568.72,1675.64,29420.21,388.72,172.34,1189.62
"SA","Ceduna",133.253402709961,-32.2127876281738,0.9,3.01,3.68,8501.17,2439.64,47670.1,589.95,246.6,1959.73
"SA","Unincorporated SA",133.678817749023,-32.2343902587891,0.9,3.11,4.32,1717.16,607.76,7250,88.55,48.51,201.56
"WASouth","Kwinana",115.763900756836,-32.2021522521973,0.9,2.13,2.51,14642.95,4326.7,75088.76,1232.01,492.17,4242.11
"WASouth","Dundas",127.576217651367,-32.1881370544434,0.9,2.2,3.43,37492.2,9659.73,232923.08,185.48,93.48,469.63
"WASouth","Dundas",127.615257263184,-32.1755561828613,0.9,2.2,3.45,39235.48,10064.17,245050.61,179.48,90.85,451.79
"SA","Unincorporated SA",133.150283813477,-32.1936683654785,0.9,3,3.7,9614.78,2703.61,55551.54,548.59,232.48,1784.77
"SA","Ceduna",133.3134765625,-32.1855735778809,0.9,3.03,3.79,5747.95,1731.58,30228.79,353.18,159.42,1051.89
"SA","Ceduna",133.368133544922,-32.1918525695801,0.9,3.04,3.88,4471.99,1390.4,22551.98,263.02,123.69,740.2
"SA","Ceduna",133.427627563477,-32.1941261291504,0.9,3.06,4.03,3500.69,1122.5,16944.66,172,85.68,447.25
"NSW","Mid-Coast",152.538162231445,-32.1926536560059,0.9,2.14,2.98,645563.27,121508.76,5979196.4,371.76,163.76,1155.48
"WASouth","Cockburn",115.744827270508,-32.1371726989746,0.9,2.11,2.33,23578.44,6535.16,131948.68,4398.89,1498.67,18727.77
"WASouth","Dundas",127.685852050781,-32.149528503418,0.9,2.94,4.21,41674.77,10618.83,262499.11,173.56,88.45,432.33
"WASouth","Dundas",127.734603881836,-32.137565612793,0.9,2.95,4.23,36385.57,9363.13,226962.56,162.45,83.56,399.51
"SA","Unincorporated SA",133.109451293945,-32.1493606567383,0.9,3.04,3.76,4816.91,1466.61,25149.68,298.97,137.44,870.23
"SA","Ceduna",133.520812988281,-32.1467399597168,0.9,3.14,4.76,1148.66,434.98,4389.03,45.29,27.18,90.95
"SA","Ceduna",133.578567504883,-32.1495704650879,0.9,3.1,4.73,1875.61,655.84,8052.57,51.08,30.15,104.97
"NSW","Mid-Coast",152.512573242188,-32.1440925598145,0.9,2.14,2.74,647837.51,121739.22,6016403.06,1423.8,528.72,5560.57
"WASouth","Cockburn",115.75496673584,-32.0969123840332,0.9,2.12,2.67,20070.07,5677.73,109277.15,854.1,352.09,2840.49
"WASouth","Dundas",127.791816711426,-32.1241111755371,0.9,2.95,4.22,30157.56,7987.57,180549.57,166.1,85.12,410.67
"WASouth","Dundas",127.841194152832,-32.1121406555176,0.9,2.95,4.2,31494.33,8305.3,189556.33,180.79,91.53,454.67
"WASouth","Dundas",127.893455505371,-32.1038360595703,0.9,2.96,4.24,28330.32,7566.86,167676.39,171.77,87.57,427.87
"WASouth","Dundas",127.937492370605,-32.0988807678223,0.9,2.95,4.24,34638.17,9048.62,210866.49,169.62,87.08,417.49
"WASouth","Dundas",127.981498718262,-32.089427947998,0.9,2.95,4.24,35212.98,9254.3,211840.93,177.57,90.58,440.92
"WASouth","Dundas",128.041961669922,-32.0753326416016,0.9,2.95,4.21,32964.62,8773.86,194590.39,187.53,95.33,467.01
"SA","Unincorporated SA",132.977661132812,-32.1035575866699,0.9,2.99,4.13,11502.71,3151.99,68913.68,195.74,95.08,528.96
"SA","Unincorporated SA",132.992446899414,-32.105827331543,0.9,3,4.03,11163.87,3065.47,66766.32,260.41,121.82,740.69
"NSW","Mid-Coast",152.524337768555,-32.1037445068359,0.9,2.14,2.81,649560.07,121856.49,6049685.19,790.25,330.93,2565.89
"WASouth","Dundas",128.103988647461,-32.0477027893066,0.9,2.96,4.19,23341.21,6547.59,127907.91,198.48,99.98,500.86
"WASouth","Dundas",128.147399902344,-32.0388107299805,0.9,2.96,4.17,25179.86,6964.67,140893.57,214.77,107.16,548.84
"WASouth","Dundas",128.200286865234,-32.0213279724121,0.9,2.96,4.19,24450.53,6748.87,137560.77,197.38,99.65,496.28
"SA","Unincorporated SA",132.216537475586,-32.0306205749512,0.9,2.95,4,30282.32,7383.84,211293.48,353.41,159.82,1048.85
"SA","Unincorporated SA",132.265014648438,-32.0361747741699,0.9,2.96,3.99,22867.17,5786.61,151710.4,339.3,154.58,995.92
"SA","Unincorporated SA",132.311965942383,-32.0363311767578,0.9,2.96,3.98,25315.06,6320.3,171057.04,378.93,170.39,1131.19
"SA","Unincorporated SA",132.916961669922,-32.0495147705078,0.9,3,4.15,9857.07,2746.69,57843.88,179.03,88.13,474.75
"NSW","Mid-Coast",152.54850769043,-32.0601654052734,0.9,2.14,3.05,696951.88,129211.75,6602968.29,246.19,121.21,639.24
"WASouth","Cottesloe",115.748397827148,-32.0159225463867,0.9,2.11,3.17,25569.84,7160.17,139837.05,240.19,116.67,640.26
"WASouth","Dundas",128.256439208984,-31.9999656677246,0.9,2.96,4.43,24611.39,6843.09,136607.73,161.37,82.31,403.26
"WASouth","Dundas",128.312133789062,-31.983757019043,0.9,2.96,4.36,24914.39,6879.89,139907.59,165.37,84.62,410.15
"SA","Unincorporated SA",132.165283203125,-32.0149269104004,0.9,3.01,4.55,7777.7,2286.59,41922.97,99.06,52.69,236.61
"SA","Unincorporated SA",132.368988037109,-32.0129013061523,0.9,2.97,3.91,19474.76,5001.41,127084.12,451.31,198.78,1384.08
"SA","Unincorporated SA",132.472396850586,-32.0139274597168,0.9,2.96,3.59,24545.8,6080.06,168741.83,1046.4,411.64,3745.37
"SA","Unincorporated SA",132.848297119141,-32.009693145752,0.9,2.98,4.08,16542.77,4298.63,106820.35,237.84,113,661.15
"NSW","Mid-Coast",152.568206787109,-32.0073547363281,0.9,2.14,2.89,664055.1,123683.15,6256631.77,505.17,228.85,1461.04
"WASouth","Dundas",128.368698120117,-31.96462059021,0.9,2.96,4.24,25348.48,6979.23,142955.72,198.11,99.66,501.2
"SA","Unincorporated SA",132.113922119141,-31.9684658050537,0.9,3,4.81,10379.94,2943.43,58698,72.7,40.45,162.93
"SA","Unincorporated SA",132.520324707031,-31.9427661895752,0.9,2.96,3.48,24032.84,5919.38,167273.62,1407.57,528.99,5378.68
"SA","Unincorporated SA",132.580688476562,-31.937349319458,0.9,2.97,3.6,21060.54,5275.17,143333.34,902.66,361.07,3163.13
"SA","Unincorporated SA",132.633117675781,-31.9477863311768,0.9,2.97,3.82,17597.6,4523.55,115482.42,484.07,210.22,1517.14
"SA","Unincorporated SA",132.677658081055,-31.9606323242188,0.9,2.97,4.05,21714.07,5429.93,147912.48,290.91,135.6,826.6
"SA","Unincorporated SA",132.737106323242,-31.957389831543,0.9,2.98,4.14,15617.94,4071.84,100634.6,203.41,99.99,536.09
"SA","Unincorporated SA",132.793395996094,-31.9670734405518,0.9,3.03,4.36,5353.79,1629.59,27748.81,108.78,57.91,257.68
"NSW","Mid-Coast",152.607528686523,-31.9559078216553,0.9,2.47,3.15,816462.95,148116.06,7969437.49,822.37,352.5,2553.82
"WASouth","Cambridge",115.747932434082,-31.9169654846191,0.9,2.1,3.46,34262.55,9281,195562.59,92.37,50.77,208.36
"WASouth","Dundas",128.386245727539,-31.9521999359131,0.9,2.96,4.24,24404.04,6797.68,135085.29,206.98,103.23,530.56
"WASouth","Dundas",128.428405761719,-31.9378452301025,0.9,2.97,4.23,18894.3,5370.15,102374.54,188.78,95.71,472.29
"WASouth","Dundas",128.470016479492,-31.9254741668701,0.9,2.96,4.07,25839.17,7091.38,146409.07,317.99,149.72,881.78
"SA","Unincorporated SA",132.013717651367,-31.8924770355225,0.9,3.01,3.75,8117.24,2368.94,44232.51,545.17,230.59,1780.82
"SA","Unincorporated SA",132.059448242188,-31.9186496734619,0.9,3,3.73,9925.78,2821.28,56056.58,644.39,266.11,2176.7
"NSW","Mid-Coast",152.631057739258,-31.9270057678223,0.9,2.47,3.22,867682.3,156191.92,8557982.86,513.3,233.86,1468.19
"WASouth","Stirling",115.745735168457,-31.8783321380615,0.9,2.1,3.68,38671.34,10294.13,226153.12,69.86,39.67,151.14
"WASouth","Dundas",128.533950805664,-31.8932571411133,0.9,2.96,3.87,22893.97,6411.24,125979.51,557.65,242.91,1721.75
"WASouth","Dundas",128.580505371094,-31.8804798126221,0.9,2.96,3.8,26002.93,7114.77,148086.94,756.4,315.58,2479.58
"WASouth","Dundas",128.611724853516,-31.8646335601807,0.9,2.96,3.82,22303.71,6234,123340.98,679.24,287.64,2181.36
"SA","Unincorporated SA",131.970077514648,-31.8648357391357,0.9,3,4.36,9701.42,2758.12,54855.76,146.98,74.46,374.29
"WASouth","Dundas",128.681121826172,-31.8330821990967,0.9,2.96,3.75,27328.88,7426.2,157124.79,930.65,377.74,3167.41
"SA","Unincorporated SA",131.866165161133,-31.8002967834473,0.9,2.99,4.33,12991.52,3562.21,77061.65,169.51,84.53,440.32
"SA","Unincorporated SA",131.903350830078,-31.8179912567139,0.9,3.02,4.38,7401.04,2187.03,39646.4,127,65.85,312.78
"NSW","Mid-Coast",152.739624023438,-31.8378868103027,0.9,2.47,3.61,682341.21,127700.31,6364670.56,121.34,67.18,265.92
"WASouth","Joondalup",115.724632263184,-31.7862281799316,0.9,2.09,4.48,42839.88,11122.6,260441.34,31.97,20.15,59.98
"WASouth","Dundas",128.707641601562,-31.8146839141846,0.9,2.96,4.07,26067.07,7093.59,149895.94,314.28,147.9,872.99
"WASouth","Dundas",128.745147705078,-31.7919063568115,0.9,2.96,4.19,27134.99,7253.78,160771.43,206.41,102.57,532.65
"WASouth","Dundas",128.780517578125,-31.7762622833252,0.9,2.95,4.25,28583.1,7625.71,169430.76,195.14,97.97,495.95
"WASouth","Dundas",128.817230224609,-31.7588386535645,0.9,2.96,4.2,27810.97,7412.1,165435.19,223.81,110.15,584.92
"SA","Unincorporated SA",131.816452026367,-31.7617855072021,0.9,3.01,4.69,9122.45,2618.76,50864.99,79.85,44.25,179.17
"NSW","Mid-Coast",152.768844604492,-31.7700748443604,0.9,2.46,3.45,944101.54,170006.69,9262468.58,207.67,106.65,504.87
"WASouth","Joondalup",115.711456298828,-31.7327613830566,0.9,2.08,3.42,54476.31,13747.48,343719.94,162.24,81.62,415.83
"WASouth","Dundas",128.923278808594,-31.7160186767578,0.9,2.95,4.19,29141.61,7684.52,176239.02,222.04,109.75,576.01
"WASouth","Dundas",128.980865478516,-31.6983222961426,0.9,2.96,4.18,27577.73,7328.11,165022.93,226.94,111.89,590.64
"SA","Unincorporated SA",131.749893188477,-31.7228736877441,0.9,2.99,4.61,13062.09,3557.56,78444.17,94.85,51.42,219.13
"NSW","Mid-Coast",152.789184570312,-31.7463817596436,0.9,2.46,3.56,1037930.32,184723.84,10342934.29,151.58,81.33,346.94
"WASouth","Wanneroo",115.685127258301,-31.6741313934326,0.9,2.08,3.86,53895.65,13593.66,340591.1,76.89,42.92,170.59
"SA","Unincorporated SA",129.05632019043,-31.6806087493896,0.9,2.96,4.02,26160.72,6998.61,155131.99,368.99,171.04,1043.21
"SA","Unincorporated SA",129.103088378906,-31.6748466491699,0.9,2.96,4.23,26533.81,7061.86,158695.13,232.43,113.8,611.82
"SA","Unincorporated SA",129.161315917969,-31.6735076904297,0.9,2.96,4.29,27546.13,7320.99,164793.06,231.26,113.12,610.04
"SA","Unincorporated SA",129.220596313477,-31.6642150878906,0.9,2.96,4.19,28182.67,7467.74,169287.89,309.11,145.28,861.47
"SA","Unincorporated SA",129.265991210938,-31.6626873016357,0.9,2.96,4.22,26697.3,7090.25,160234.78,281.5,133.53,775.98
"SA","Unincorporated SA",129.315948486328,-31.6522197723389,0.9,2.96,4.21,26761.38,7087.71,161406.67,285.55,135.42,786.73
"SA","Unincorporated SA",129.355773925781,-31.6487083435059,0.9,2.96,4.31,26482.7,7003.49,160265.32,233.68,113.3,626.04
"SA","Unincorporated SA",129.425933837891,-31.6450424194336,0.9,2.96,4.34,27363.8,7175.84,167829.05,221.03,107.77,588.22
"SA","Unincorporated SA",129.472854614258,-31.6405601501465,0.9,2.96,4.35,26378.69,6923.99,161883.64,216.67,105.92,574.57
"SA","Unincorporated SA",131.651901245117,-31.6733074188232,0.9,3,4.61,10921.02,3046.51,63477.1,91.09,49.72,208.41
"SA","Unincorporated SA",131.689712524414,-31.6900215148926,0.9,3,4.62,11196.33,3112.72,65382.25,88.33,48.4,200.99
"NSW","Port Macquarie-Hastings",152.797271728516,-31.7039813995361,0.9,2.46,3.38,930892.66,168291.89,9076129.25,266.58,131.06,690.71
"WASouth","Wanneroo",115.66731262207,-31.6364288330078,0.9,2.08,3.34,55762.72,13952.82,356767.81,187.05,92.38,491.5
"SA","Unincorporated SA",129.529388427734,-31.6297702789307,0.9,2.96,4.3,27122.54,7069.68,168305.34,237.77,114.84,640.85
"SA","Unincorporated SA",129.572463989258,-31.6263446807861,0.9,2.96,4.37,27771.59,7193.96,174057.9,205.7,100.92,543.69
"SA","Unincorporated SA",129.628784179688,-31.62229347229,0.9,2.96,4.4,25632.49,6682.45,159587.65,183.97,91.54,477.22
"SA","Unincorporated SA",129.693832397461,-31.6235198974609,0.9,2.96,4.46,26491.89,6857.1,166786.93,154.82,78.76,389.84
"SA","Unincorporated SA",129.735946655273,-31.6218967437744,0.9,2.96,4.45,27374.21,7039.4,174066.03,155.43,78.97,392.15
"SA","Unincorporated SA",129.787750244141,-31.6160411834717,0.9,2.95,4.41,28649.35,7327.14,183483.01,168.12,84.57,429.84
"SA","Unincorporated SA",129.832595825195,-31.6155910491943,0.9,2.96,4.34,27329.82,7006.23,174805.68,183.12,91.04,475.82
"SA","Unincorporated SA",131.550842285156,-31.6270198822021,0.9,2.98,4.53,14216.54,3820.85,87032.14,111.1,59.11,263.06
"SA","Unincorporated SA",131.594345092773,-31.6472778320312,0.9,2.98,4.51,14920.31,3988.79,91946.63,118.3,62.42,283.31
"NSW","Port Macquarie-Hastings",152.835205078125,-31.6545162200928,0.9,2.46,3.49,1018428.92,181649.7,10119897.91,182.05,94.97,433.58
"WASouth","Wanneroo",115.648307800293,-31.6077747344971,0.9,2.08,3.31,64910.94,16195.26,413851.16,225.9,108.79,614.29
"SA","Unincorporated SA",129.888397216797,-31.5991954803467,0.9,2.96,4.2,26422.93,6768.99,169605.46,228.32,110.73,612.38
"SA","Unincorporated SA",129.949752807617,-31.5961685180664,0.9,2.96,4.44,25330.26,6513.55,161910.43,156.1,79.1,395.76
"SA","Unincorporated SA",129.994247436523,-31.5926780700684,0.9,2.96,4.38,24102.19,6228.57,153150.38,162.69,82.07,414.77
"SA","Unincorporated SA",130.050231933594,-31.5961151123047,0.9,2.96,4.51,22725.84,5916.03,143008.21,125.95,65.69,306.95
"SA","Unincorporated SA",130.118804931641,-31.5930976867676,0.9,2.97,4.54,21692.45,5685.01,135229.08,115.48,60.94,276.94
"SA","Unincorporated SA",130.15576171875,-31.5828647613525,0.9,2.97,4.43,22012.88,5759.8,137499.92,148.58,75.71,373.93
"SA","Unincorporated SA",130.215423583984,-31.5854110717773,0.9,2.97,4.5,21640.28,5677.3,134661.32,129.14,67.05,316.83
"SA","Unincorporated SA",130.254623413086,-31.5786609649658,0.9,2.97,4.44,20948.53,5520.06,129572.23,141.42,72.57,352.56
"SA","Unincorporated SA",130.329986572266,-31.5885944366455,0.9,2.97,4.56,20082.99,5327.25,123035.85,109.79,58.27,261.35
"SA","Unincorporated SA",130.372512817383,-31.5924854278564,0.9,2.97,4.61,19760.35,5267.1,120101.47,105.62,56.34,249.72
"SA","Unincorporated SA",130.413299560547,-31.5909996032715,0.9,2.97,4.59,18937.43,5075.65,114246.92,111.48,59.03,266.25
"SA","Unincorporated SA",130.47998046875,-31.599027633667,0.9,2.97,4.56,19219.03,5134.6,116527.37,115.47,60.88,277.33
"SA","Unincorporated SA",130.524963378906,-31.5999298095703,0.9,2.97,4.53,19896.97,5277.75,121979.1,123.67,64.64,300.53
"SA","Unincorporated SA",130.587509155273,-31.5946865081787,0.9,2.97,4.51,20101.08,5312.35,123993.2,124.54,65.12,302.31
"SA","Unincorporated SA",130.632949829102,-31.6012134552002,0.9,2.97,4.58,20106.39,5297.24,124748.06,112.59,59.59,268.97
"SA","Unincorporated SA",130.681182861328,-31.6080703735352,0.9,2.97,4.55,21762.95,5669.5,137163.35,119.71,62.92,288.53
"SA","Unincorporated SA",130.739852905273,-31.609992980957,0.9,2.96,4.6,23198.39,5967.2,149082.2,107.5,57.34,253.9
"SA","Unincorporated SA",130.789611816406,-31.6127681732178,0.9,2.96,4.59,22333.76,5762.85,143054.77,118.84,62.56,285.81
"SA","Unincorporated SA",130.838287353516,-31.6013946533203,0.9,2.96,4.45,25017.01,6354.82,163749.96,157.4,79.87,397.75
"SA","Unincorporated SA",130.885787963867,-31.5917358398438,0.9,2.96,4.41,24009.25,6107.42,157184.19,159.36,80.9,401.99
"SA","Unincorporated SA",130.931213378906,-31.5771179199219,0.9,2.96,4.33,23310.03,5939.29,152448.53,184.65,91.75,480.07
"SA","Unincorporated SA",131.437576293945,-31.5794830322266,0.9,2.98,4.5,16144.18,4263.02,101277.13,123.03,64.61,296.39
"SA","Unincorporated SA",131.485397338867,-31.5951290130615,0.9,2.99,4.55,11505.24,3177.25,67914.38,96.67,52.45,222.76
"NSW","Port Macquarie-Hastings",152.850280761719,-31.6034832000732,0.9,2.31,3.17,1178423.61,206469.52,11989570.88,360.33,169.09,997.61
"WASouth","Wanneroo",115.60888671875,-31.5414657592773,0.9,2.06,3.72,103915.16,24627.84,707193,108.61,57.92,256.38
"SA","Unincorporated SA",130.997650146484,-31.5531368255615,0.9,2.96,4.32,24634.71,6212.56,163638.09,195.52,96.39,513.92
"SA","Unincorporated SA",131.023834228516,-31.5464344024658,0.9,2.96,4.34,24623.2,6203.06,163895.74,184.45,91.71,478.98
"SA","Unincorporated SA",131.380752563477,-31.5541572570801,0.9,2.99,4.29,12393.24,3380.88,74479.02,164.28,82.99,417.43
"NSW","Port Macquarie-Hastings",152.86848449707,-31.545295715332,0.9,2.31,3.17,1160582.03,203834.12,11767562.47,323.03,154.35,871.21
"WASouth","Wanneroo",115.579460144043,-31.5047473907471,0.9,2.06,3.85,95052.32,22820.02,635345.23,81.32,45.07,182.2
"SA","Unincorporated SA",131.073684692383,-31.5080394744873,0.9,2.96,3.79,25571.52,6386.82,172538.91,663.1,276.99,2187.84
"SA","Unincorporated SA",131.278564453125,-31.5154247283936,0.9,2.97,4.13,19148.78,4934.15,124316.13,280.41,131.51,789.71
"SA","Unincorporated SA",131.315841674805,-31.5268726348877,0.9,2.99,4.22,13866.95,3722.46,85237.64,196.24,96.78,515.32
"NSW","Port Macquarie-Hastings",152.907958984375,-31.5069618225098,0.9,2.31,3.24,1285431.11,222787.77,13268772.66,266.51,131.43,686.72
"WASouth","Wanneroo",115.559936523438,-31.4665012359619,0.9,2.08,3.35,62518.15,15517.18,403173.96,186.32,92.16,488.28
"SA","Unincorporated SA",131.15950012207,-31.4727210998535,0.9,2.97,4.02,21141.93,5365.3,140292.86,338.8,154.99,986.89
"SA","Unincorporated SA",131.206832885742,-31.4837474822998,0.9,2.98,4.11,16251.08,4264.07,103139.82,258.95,122.85,717.55
"NSW","Port Macquarie-Hastings",152.940475463867,-31.4754161834717,0.9,2.3,3.22,1402540.97,239838.42,14756099.32,286.9,139.18,758.22
"WASouth","Gingin",115.536895751953,-31.418773651123,0.9,2.08,3.35,59333.81,14842.03,378466.94,184.78,91.49,483.62
"NSW","Port Macquarie-Hastings",152.928359985352,-31.4325828552246,0.9,2.3,3.1,1742828.98,291689.76,18822533.9,442.31,197.53,1323.76
"WASouth","Gingin",115.504013061523,-31.3707466125488,0.9,2.08,3.36,53733.57,13564.19,339113.89,174.57,87.24,450.71
"NSW","Port Macquarie-Hastings",152.935363769531,-31.3760375976562,0.9,2.3,3.1,1827180.31,303805.63,19912828.26,429.57,193.94,1262.46
"WASouth","Gingin",115.452171325684,-31.3046283721924,0.9,2.07,3.95,78709.71,18975.64,527748.89,68.38,38.63,149.6
"NSW","Port Macquarie-Hastings",152.950302124023,-31.3485851287842,0.9,2.3,3.16,1809264.44,300704.28,19742506.9,334.74,156.99,931.87
"WASouth","Gingin",115.442108154297,-31.2915267944336,0.9,2.09,3.97,49366.91,12618.46,306148.04,63.54,36.26,137.03
"NSW","Port Macquarie-Hastings",152.975173950195,-31.3107528686523,0.9,2.29,3.12,2476703.34,392994.32,28838343.59,421.77,186.25,1293.17
"WASouth","Gingin",115.419357299805,-31.245044708252,0.9,2.08,3.94,56758.79,14365.8,355411.96,64.57,36.91,138.68
"NSW","Kempsey",152.973022460938,-31.2520561218262,0.9,2.29,2.92,2882544.53,446836.49,34692898.67,1283.61,492.07,4755.88
"WASouth","Gingin",115.392807006836,-31.1863384246826,0.9,2.05,4.1,181709.84,39480.72,1399180.25,58.22,33.7,123.03
"NSW","Kempsey",152.983184814453,-31.1969738006592,0.9,2.29,3.1,2805358.22,435771.58,33690963.45,437.19,196.07,1299.22
"WASouth","Gingin",115.385330200195,-31.1538333892822,0.9,2.05,4.11,156925.15,34618.63,1185739.81,57.05,33.09,120.24
"NSW","Kempsey",152.991317749023,-31.1546783447266,0.9,2.29,3.03,3448570.3,518711.6,43357084.76,600.23,258.77,1879.95
"WASouth","Gingin",115.362205505371,-31.1025295257568,0.9,2.04,4.13,225334.64,47188.84,1830739.33,63.27,36.1,136.56
"NSW","Kempsey",153.032028198242,-31.1024646759033,0.9,2.29,3.13,3460581.62,521304.55,43382495.77,375.59,174.46,1056.66
"WASouth","Gingin",115.342430114746,-31.0608196258545,0.9,2.04,4.02,230302.65,47589.19,1914195.52,70.24,39.48,154.84
"NSW","Kempsey",153.056930541992,-31.0748081207275,0.9,2.29,3.16,2549960.26,399135.77,30372144.69,328.01,154.34,908.87
"WASouth","Gingin",115.320510864258,-31.0287113189697,0.9,2.02,3.98,431047.95,82089.7,4000667.7,84.77,46.45,193.49
"NSW","Kempsey",153.043502807617,-31.0297470092773,0.9,2.28,2.95,4146448.79,598725.03,55499008.68,1070.6,408.37,4055.27
"WASouth","Gingin",115.295783996582,-30.9604682922363,0.9,2.02,3.95,433911.35,81748.64,4104947.57,89.72,48.4,210.03
"NSW","Kempsey",153.046813964844,-30.9842147827148,0.9,2.28,3.02,4864965.52,689138.3,66776577.23,651.1,270.29,2176.2
"WASouth","Gingin",115.276443481445,-30.930419921875,0.9,2.02,3.92,493379.29,90589.69,4853139.95,91.23,49.2,213.44
"NSW","Kempsey",153.088363647461,-30.9275894165039,0.9,2.29,3.11,2881554.82,439742.23,35665383.16,453.53,202.68,1353.41
"WASouth","Dandaragan",115.240005493164,-30.8705768585205,0.9,2.02,3.95,516878.27,93514.8,5207952.03,87.52,47.49,202.97
"NSW","Kempsey",153.085525512695,-30.8952293395996,0.9,2.28,3.04,6159982.83,838204.96,89651982.43,759.38,300.81,2744.36
"WASouth","Dandaragan",115.187698364258,-30.8250331878662,0.9,2.02,3.98,431149.48,80145.05,4181200.05,92.07,49.64,215.42
"NSW","Kempsey",153.030914306641,-30.8714618682861,0.9,2.27,2.9,10226088.64,1284151.19,166973553.71,1648.52,593.06,6766.45
"WASouth","Dandaragan",115.184829711914,-30.798412322998,0.9,2.02,3.96,464574.17,86196.35,4500237.13,90.73,49.13,210.73
"NSW","Kempsey",153.005218505859,-30.7961273193359,0.9,2.42,3.12,9981608.57,1256538.32,162491945.92,1101.65,409.43,4377.71
"WASouth","Dandaragan",115.154327392578,-30.7313938140869,0.9,2.02,4.02,573773.85,102981.37,5828682.89,82.75,45.32,189.41
"NSW","Nambucca Valley",153.005493164062,-30.7533626556396,0.9,2.42,3.13,9744723.74,1228111.77,158537773.69,1097.54,411.82,4282.64
"WASouth","Dandaragan",115.146286010742,-30.7076206207275,0.9,2.02,4.82,533679.2,96041.71,5419065.94,35.44,21.73,69.53
"NSW","Nambucca Valley",152.995315551758,-30.7101802825928,0.9,2.42,3.02,11049319.06,1368657.28,184093323.24,2356.13,797.09,10596.7
"WASouth","Dandaragan",115.127380371094,-30.6585559844971,0.9,2.02,4.26,454752.36,82921.12,4552941.95,59.27,33.91,127.86
"NSW","Nambucca Valley",153.004257202148,-30.6698932647705,0.9,2.42,3.02,11192746.33,1381863.39,187455465.46,2548.68,866.83,11281.47
"WASouth","Dandaragan",115.111801147461,-30.6207237243652,0.9,2.06,4.31,112067.45,25086.24,841247.39,53.49,30.96,113.67
"NSW","Nambucca Valley",153.019149780273,-30.6265201568604,0.9,2.42,3.18,11768459.33,1446357.28,198129146.05,854.92,336.26,3104.49
"WASouth","Dandaragan",115.083290100098,-30.5732135772705,0.9,2.04,4.29,263543.01,51731.73,2385182.52,58.13,33.33,125.06
"NSW","Nambucca Valley",153.019500732422,-30.5769462585449,0.9,2.42,3.19,12594717.8,1538535.65,213515184.94,784.4,314.63,2761.19
"WASouth","Dandaragan",115.075393676758,-30.5281600952148,0.9,2.07,4.33,90500.04,21150.29,636474.82,54.65,31.55,116.51
"NSW","Bellingen",153.031387329102,-30.5263671875,0.9,2.42,3.16,12980896.19,1581340.93,220765230.39,950.19,372.72,3442.26
"WASouth","Dandaragan",115.053398132324,-30.501594543457,0.9,2.04,4.26,200271.02,40794.27,1723015.86,61,34.69,132.79
"NSW","Bellingen",153.044219970703,-30.4817237854004,0.9,2.42,3.13,13643094.9,1650707.96,234214891.07,1102.41,429.33,4006.79
"WASouth","Dandaragan",115.047470092773,-30.4367961883545,0.9,2.04,3.67,209545.61,42894.18,1781702.86,156.51,79.09,398.74
"NSW","Coffs Harbour",153.076995849609,-30.4302654266357,0.9,2.42,3.11,14062448.76,1713329.64,237965083.87,1103.25,431.1,3984.55
"WASouth","Dandaragan",115.044143676758,-30.4008903503418,0.9,2.05,3.66,157646.08,33716.18,1259307.87,145.49,74.35,364.82
"NSW","Coffs Harbour",153.092559814453,-30.3893413543701,0.9,2.42,3.1,14514876.23,1751205.17,249541350.63,1336.04,517.62,4841.16
"WASouth","Dandaragan",115.02587890625,-30.3309841156006,0.9,2.06,3.82,126985.87,28123.62,964624.17,113.1,59.84,270.33
"NSW","Coffs Harbour",153.126800537109,-30.3319225311279,0.9,2.42,3.08,15252429.52,1826496.89,265005798.23,1557.65,598.17,5681.3
"WASouth","Dandaragan",114.994132995605,-30.235387802124,0.9,2.02,4.18,532223.17,95281.33,5457009.2,81,44.49,184.67
"NSW","Coffs Harbour",153.156356811523,-30.2409725189209,0.9,2.42,3.84,14324074.89,1748790.52,241234419.03,124.67,63.25,320.5
"WASouth","Dandaragan",114.994964599609,-30.2107048034668,0.9,2.1,3.94,38423.65,10208.8,225546.87,88.83,48.77,201.31
"NSW","Coffs Harbour",153.176498413086,-30.1921348571777,0.9,2.42,3.17,15067062.69,1831556.09,254976807.24,902.63,370.18,3019.95
"WASouth","Dandaragan",115.000297546387,-30.169246673584,0.9,2.06,4.13,129885.37,28544.51,999196.16,88.45,47.61,208.16
"NSW","Coffs Harbour",153.206909179688,-30.1587238311768,0.9,2.42,3.01,13534783.2,1686152.5,220531897.83,3203.77,1117.1,13331.3
"WASouth","Coorow",114.99592590332,-30.1270275115967,0.9,2.09,4.57,45858.63,11954.87,275712.71,51.24,29.61,109.58
"NSW","Coffs Harbour",153.213607788086,-30.1134433746338,0.9,2.42,3.23,16010641.98,1937601.74,272160281.91,787.71,322.37,2669.25
"WASouth","Coorow",114.980415344238,-30.0796737670898,0.9,2.11,4.21,29451.74,8185.34,161961.15,72.36,40.38,161.31
"NSW","Coffs Harbour",153.208786010742,-30.0711421966553,0.9,2.41,2.99,17565658.49,2097173.03,304316908.73,2917.16,1017.25,12209.12
"WASouth","Coorow",114.954887390137,-30.0253677368164,0.9,2.08,3.97,56964.79,14408.19,357059.8,100.46,54.15,233.72
"NSW","Coffs Harbour",153.215179443359,-30.0229415893555,0.9,2.42,3.37,15324540.25,1875289.72,255995640.01,559.6,234.04,1864
"WASouth","Coorow",114.95531463623,-29.9851188659668,0.9,2.08,4.92,72509.71,17548.49,485105.17,32.27,20.3,60.7
"NSW","Coffs Harbour",153.238662719727,-29.9773464202881,0.9,2.42,3.03,14146141.5,1757681.5,230995532.37,2735.01,962.75,11296.27
"WASouth","Coorow",114.968734741211,-29.9450035095215,0.9,2.06,3.32,115870.1,26229.93,850659.92,268.57,129.4,721.52
"NSW","Clarence Valley",153.275238037109,-29.9223747253418,0.9,2.41,3.64,16330736.06,1988767.92,274176254.91,266.66,122.16,788
"WASouth","Carnamah",114.973503112793,-29.8855590820312,0.9,2.06,3.57,102280.03,23761.62,721913.27,190.78,95.05,492.52
"NSW","Clarence Valley",153.280456542969,-29.8977203369141,0.9,2.42,2.97,14380719.23,1788573.25,234194092.83,4909.65,1594.85,22650.95
"WASouth","Carnamah",114.972312927246,-29.8436660766602,0.9,2.07,3.78,91842.44,21774.33,628965.15,147.6,75.47,369.33
"NSW","Clarence Valley",153.294281005859,-29.8302783966064,0.9,2.24,3.3,15151882.89,1871789.14,249012979.29,477.97,203.35,1558.81
"WASouth","Carnamah",114.957695007324,-29.8063068389893,0.9,2.07,3.62,88477.65,21132.77,599212.62,196.04,96.84,513.24
"NSW","Clarence Valley",153.29426574707,-29.8049736022949,0.9,2.24,3.13,15549404.35,1922268.21,254841970.16,883.29,346.06,3224.13
"WASouth","Carnamah",114.952522277832,-29.757698059082,0.9,2.09,3.57,47082.14,12298.75,281637.57,170.76,87.24,423.83
"NSW","Clarence Valley",153.297424316406,-29.755256652832,0.9,2.24,3.02,16338644.14,2003315.76,270975736.94,1280.09,473.44,5076.7
"WASouth","Carnamah",114.951667785645,-29.71044921875,0.9,2.09,3.68,50515.76,13102.83,304800.97,150.96,78.13,368.81
"NSW","Clarence Valley",153.313415527344,-29.7081756591797,0.9,2.24,3.03,18960352.97,2256539.37,328886931.44,1491.32,538.27,6128.09
"WASouth","Irwin",114.953964233398,-29.6772804260254,0.9,2.1,3.88,37548.85,10111.97,215459.23,105.55,57.04,243.67
"NSW","Clarence Valley",153.332794189453,-29.6719799041748,0.9,2.24,2.99,17680797.52,2117931.83,304372939.24,1990.67,701.45,8385.2
"WASouth","Irwin",114.954727172852,-29.6415576934814,0.9,2.09,3.58,47226.12,12322.3,283023.53,189.99,95.95,478.54
"NSW","Clarence Valley",153.342529296875,-29.6138515472412,0.9,2.24,3,18841953.81,2239590.45,327702432.58,2094.92,727.55,9038.31
"WASouth","Irwin",114.970321655273,-29.5824966430664,0.9,2.1,3.57,33099.8,9107.5,184102.13,178.35,90.73,445.01
"NSW","Clarence Valley",153.343475341797,-29.5742435455322,0.9,2.24,2.96,19541574.66,2320505.34,339741902.13,2284.66,775.83,10224.76
"WASouth","Irwin",114.977729797363,-29.5372772216797,0.9,2.11,3.58,30269.3,8457.63,164646.02,177.24,90.28,441.33
"WASouth","Irwin",114.978500366211,-29.4595909118652,0.9,2.1,3.54,29183.59,8239.31,156170.79,219.76,108.72,569.57
"NSW","Clarence Valley",153.368377685547,-29.4821014404297,0.9,2.24,2.98,15763807.33,1939803.05,260295087.11,2303.25,776.04,10458.42
"WASouth","Irwin",114.967781066895,-29.4326305389404,0.9,2.09,3.32,33844.57,9362.97,186231.37,358.98,166.04,1020.61
"WASouth","Irwin",114.954193115234,-29.3937854766846,0.9,2.1,3.35,31612.2,8813.98,172198.42,349.14,161.69,992.18
"NSW","Clarence Valley",153.371276855469,-29.3912181854248,0.9,2.24,3.02,17208116.78,2082528.86,291292398.89,1792.42,623.14,7808.81
"WASouth","Irwin",114.926536560059,-29.3203926086426,0.9,2.07,3.44,64553.71,16377.49,399677.51,316.38,148.49,882.65
"NSW","Clarence Valley",153.365295410156,-29.3581199645996,0.9,2.24,2.87,14433116.92,1793293.36,235420481.99,4376.82,1359.2,22157.87
"WASouth","Irwin",114.913864135742,-29.2869644165039,0.9,2.07,3.41,60623.11,15475.06,372556.11,336.86,156.48,954.07
"NSW","Clarence Valley",153.348754882812,-29.3042602539062,0.9,2.24,2.82,14840595.88,1832038.55,244497947.58,5836.55,1744.27,31133.64
"WASouth","Irwin",114.909912109375,-29.2444686889648,0.9,2.06,3.03,80797,19805.88,525149.26,1322.92,502.69,4972.87
"NSW","Richmond Valley",153.368148803711,-29.2545299530029,0.9,2.24,2.83,15605749.15,1911044.15,260090894.25,7612.22,2217.31,41824.11
"WASouth","Irwin",114.88712310791,-29.1897125244141,0.9,2.05,3.01,108018.54,25317.21,748181,1545.73,574.88,5985.12
"NSW","Richmond Valley",153.411026000977,-29.1963233947754,0.9,2.25,3.02,11811233.69,1505483.5,186165663.22,3058.72,999.2,14429.79
"WASouth","Irwin",114.873435974121,-29.1469745635986,0.9,2.06,3.02,100954.5,23866.65,691197.66,1818.09,655.18,7386.88
"NSW","Richmond Valley",153.452331542969,-29.1486778259277,0.9,2.24,3.03,13071105.54,1646810.52,209141999.63,4189.07,1304.21,21173.22
"WASouth","Irwin",114.856018066406,-29.1050128936768,0.9,2.05,3.28,108792.83,25396.46,758650.93,836.37,338.16,2887.4
"WASouth","Greater Geraldton",114.816383361816,-29.0628108978271,0.9,2.04,3.25,178558.46,38493.33,1395745.56,1389.07,518.86,5374.29
"NSW","Richmond Valley",153.446487426758,-29.0618591308594,0.9,2.25,2.89,10373029.52,1359740.67,156657947.26,5805.77,1729.78,31164.31
"WASouth","Greater Geraldton",114.758316040039,-29.0034446716309,0.9,2.04,2.97,181450.4,39025.65,1422981.01,4130.08,1315.73,19997.68
"NSW","Richmond Valley",153.464874267578,-29.0198650360107,0.9,2.25,2.95,6948027.76,968679.9,96154450.74,3977.01,1265.93,19339.32
"WASouth","Greater Geraldton",114.707145690918,-28.9571838378906,0.9,2.03,3.1,214488.57,44802.02,1755742.68,2507.33,863.54,10850.08
"NSW","Ballina",153.507629394531,-28.9700202941895,0.9,2.34,3.06,8670715.98,1169775.97,125659184.77,5426.05,1662.3,27751.34
"WASouth","Greater Geraldton",114.663841247559,-28.9155330657959,0.9,2.04,3.15,202971.94,42746.24,1642356.04,2193.5,769.74,9248.13
"NSW","Ballina",153.529373168945,-28.9397678375244,0.9,2.34,3.09,8889947.56,1194195.57,129647802.96,4433.43,1394.33,21886.18
"WASouth","Greater Geraldton",114.63501739502,-28.8812580108643,0.9,2.03,3.21,217693.72,45302.73,1792405.29,1594.8,587.74,6268.42
"NSW","Ballina",153.580993652344,-28.8838138580322,0.9,2.35,3.11,6564904.83,933964.44,87924377.14,3702.3,1194.86,17627.14
"WASouth","Greater Geraldton",114.618743896484,-28.8406734466553,0.9,2.04,3.17,151487.64,33340.4,1151834.96,1592.45,591.48,6168.72
"NSW","Ballina",153.611129760742,-28.808500289917,0.9,2.33,3.51,16669690.05,2045449.25,275777040.76,312.82,143.24,914.53
"WASouth","Greater Geraldton",114.592399597168,-28.7682914733887,0.9,2.06,3.12,77613.57,18611.12,525857.31,2251.01,803.6,9173.95
"NSW","Byron",153.61198425293,-28.7380924224854,0.9,2.33,2.97,18553937.16,2229273.48,316784874.66,6095.5,1850.48,31455.99
"WASouth","Greater Geraldton",114.604347229004,-28.6926441192627,0.9,2.07,2.88,70825.47,17214.4,470849.51,3507.49,1194.61,15151.99
"NSW","Byron",153.620986938477,-28.7066612243652,0.9,2.33,3.25,15300252.97,1898107.04,249420814.29,739.15,303.05,2506.89
"WASouth","Chapman Valley",114.600944519043,-28.645206451416,0.9,2.07,2.86,58935.36,14701.71,377932.62,4469.28,1457.99,20583.36
"NSW","Byron",153.631103515625,-28.6545715332031,0.9,2.33,2.97,15946863.89,1954998.19,264914272.32,7719.04,2281.95,41195.11
"WASouth","Chapman Valley",114.577018737793,-28.5933303833008,0.9,2.05,2.81,109041.36,25028.52,783586.61,8666.85,2552.23,46220.95
"NSW","Byron",153.582260131836,-28.6068649291992,0.9,2.33,2.87,27495586.53,3096498.51,515489953.78,4632.89,1423.31,23843.61
"WASouth","Chapman Valley",114.562286376953,-28.5574893951416,0.9,2.08,3.18,55792.28,14064.42,352222.68,1596.18,609.52,5873.42
"NSW","Byron",153.569381713867,-28.5657405853271,0.9,2.33,2.93,25685000.75,2919596.38,475443887.34,3279.28,1035.34,16439.17
"WASouth","Northampton",114.522659301758,-28.5005149841309,0.9,2.05,3.11,136671.49,30461.56,1021959.8,2862.71,1007.16,11801.05
"NSW","Byron",153.555862426758,-28.5195655822754,0.9,2.33,2.94,26331006.43,2976598.62,491543821.61,3005.16,975.62,14367.26
"WASouth","Northampton",114.488052368164,-28.4559593200684,0.9,2.04,3.02,172210.43,37405.39,1330834.52,5043.53,1630.32,23439.79
"NSW","Tweed",153.559204101562,-28.4693031311035,0.9,2.33,2.94,23965023.23,2740125.85,440725273.81,3339.76,1079.19,15983.8
"WASouth","Northampton",114.442192077637,-28.413272857666,0.9,2.04,2.74,167561.1,36389.7,1297324.53,15172.85,4136.2,90015.64
"NSW","Tweed",153.563735961914,-28.4232139587402,0.9,2.33,2.94,25813917.38,2897466.34,488688961.51,3863.07,1219.92,19114.7
"WASouth","Northampton",114.402420043945,-28.3563499450684,0.9,2.05,2.69,122923.55,27760.97,903175.04,14042.94,3866.91,82187.42
"NSW","Tweed",153.575973510742,-28.3762855529785,0.9,2.33,3.06,24669149.64,2771023.55,467653816.08,2057.3,714.91,8877.74
"WASouth","Northampton",114.371124267578,-28.3124885559082,0.9,2.05,2.62,130712.94,29336.93,967759.03,22454,5758.03,145461.14
"NSW","Tweed",153.579727172852,-28.3339424133301,0.9,2.28,3.01,23970924.11,2703613.71,451843419.47,1795.74,630.85,7665.83
"WASouth","Northampton",114.337631225586,-28.2735595703125,0.9,2.05,2.77,116547.58,26508.4,848096.71,11242.86,3177.46,63626.09
"NSW","Tweed",153.582611083984,-28.2861995697021,0.9,2.28,2.9,21403140.8,2456915.93,393426616.78,5479.4,1644.64,29123.61
"WASouth","Northampton",114.274604797363,-28.2169628143311,0.9,2.04,2.76,170666.82,36885.35,1331487.32,8238.19,2432.77,43857.63
"NSW","Tweed",153.573059082031,-28.2406616210938,0.9,2.28,2.86,21936758.66,2510722.6,404808433.15,4222.93,1313.61,21367.21
"WASouth","Northampton",114.231704711914,-28.1851711273193,0.9,2.04,2.81,150013.11,32884.29,1149496.62,4389.9,1428.36,20340.43
"NSW","Tweed",153.579681396484,-28.1937599182129,0.9,2.28,2.79,24020745.2,2674273.44,463520923.66,8327.36,2414.75,45848.62
"WASouth","Northampton",114.173194885254,-28.1166114807129,0.9,2.04,2.96,173176.98,37018.81,1376913.61,1997.15,717.72,8104.06
"WASouth","Northampton",114.164390563965,-28.0951652526855,0.9,2.07,3.19,72739.37,17273.53,503464.33,332.42,155.35,931.9
"QLDSouth","Gold Coast",153.467559814453,-28.1045627593994,0.9,2.28,2.96,16504142.79,1971520.38,286691511.49,1288.63,460.51,5460.45
"WASouth","Northampton",114.156120300293,-28.0480766296387,0.9,2.05,3.13,118740.27,26719.22,879923.1,446.02,201.12,1310.7
"QLDSouth","Gold Coast",153.447174072266,-28.0567150115967,0.9,2.31,2.88,13924701.43,1702636.43,234251203.7,3491.98,1109.28,17213.42
"WASouth","Northampton",114.14404296875,-27.9935626983643,0.9,2.04,3.16,157721.44,34014.83,1240979.02,516.35,222.7,1632.02
"QLDSouth","Gold Coast",153.434448242188,-28.0055713653564,0.9,2.31,2.89,14191956.48,1719942.36,242342439.79,3707.68,1176.41,18235.21
"WASouth","Northampton",114.133796691895,-27.9583473205566,0.9,2.04,3.93,176152.24,37906.25,1382489.68,141.23,70.82,367.86
"WASouth","Northampton",114.119079589844,-27.9107761383057,0.9,2.03,4.04,248814.73,51199.72,2074304.38,121.83,62.28,309.1
"WASouth","Northampton",114.106117248535,-27.8597660064697,0.9,2.03,4.17,231211,47994.67,1905623.18,90.65,48.47,215.7
"WASouth","Northampton",114.104621887207,-27.8098220825195,0.9,2.03,3.49,256044.17,52381.29,2153474.76,290.44,131.6,871.02
"WASouth","Northampton",114.114044189453,-27.7759704589844,0.9,2.03,3.38,291143.04,58492.74,2510932.08,386.43,168.46,1221.8
"QLDSouth","Gold Coast",153.447219848633,-27.773681640625,0.9,2.32,2.92,9794890.82,1234906.01,159194491.22,10331.57,2805.14,63515.41
"WASouth","Northampton",114.135856628418,-27.7431621551514,0.9,2.03,3.32,234300.64,49130.44,1894888.65,418.2,183,1305.28
"QLDSouth","Redland",153.458358764648,-27.7240924835205,0.9,2.32,2.98,9472140.52,1195590.19,153937628.45,6320.42,1829.71,35637.74
"WASouth","Northampton",114.146865844727,-27.6679363250732,0.9,2.02,3.31,348613.21,68267.88,3115528.02,493.52,206.8,1653.24
"QLDSouth","Redland",153.468841552734,-27.6832008361816,0.9,2.32,3.01,10027721.64,1254863.86,164966089.76,4930.43,1482.03,26343.45
"WASouth","Northampton",114.140434265137,-27.6351852416992,0.9,2.02,3.3,393471.95,75672.87,3607137.73,651.22,261.4,2321.08
"QLDSouth","Redland",153.46989440918,-27.6331539154053,0.9,2.31,3.01,17057114.49,1962126.17,316669619.9,4935.88,1486.57,26270.5
"WASouth","Northampton",114.118461608887,-27.5770015716553,0.9,2.02,4.01,390692.21,75655.97,3539039.27,132.11,67.06,337.79
"QLDSouth","Redland",153.488403320312,-27.5784130096436,0.9,2.66,3.34,10193836.73,1256783.32,172135541.26,7760.45,2244.72,43151.69
"WASouth","Northampton",114.10563659668,-27.5376720428467,0.9,2.02,3.84,385313.95,75114.21,3451427.51,172.31,83.89,467.91
"QLDSouth","Redland",153.295120239258,-27.5337238311768,0.9,2.65,2.99,26709277.85,2783658.32,577840086.37,38641.6,9215.87,276367.85
"QLDSouth","Redland",153.505752563477,-27.5359077453613,0.9,2.66,3.34,9709209.63,1203843.69,162750752.99,7821.19,2293.01,42362.84
"WASouth","Northampton",114.091400146484,-27.4873790740967,0.9,2.02,4.05,419090.4,80722.28,3817334.44,118.4,61.14,295.32
"QLDSouth","Redland",153.333679199219,-27.4929122924805,0.9,2.64,2.98,38143661.09,3766235.41,891147292.71,53861.82,12376.23,403819.14
"QLDSouth","Redland",153.37434387207,-27.4909057617188,0.9,2.64,2.98,35467808.04,3584250.88,797577800.36,47779.54,11192.19,348345.97
"QLDSouth","Redland",153.531661987305,-27.4719638824463,0.9,2.66,3.38,10430105.62,1280192.17,177313486.32,4749.37,1492.62,23362.54
"WASouth","Northampton",114.061492919922,-27.4315166473389,0.9,2.02,3.44,399855.06,78212.61,3552424.24,432.61,187.21,1375.71
"QLDSouth","Redland",153.244369506836,-27.4651298522949,0.9,2.64,2.99,47305356.77,4381596.66,1227237289.36,42425.64,10136.03,300510.93
"QLDSouth","Redland",153.359146118164,-27.4843215942383,0.9,2.64,2.98,33123103.09,3360873.45,742568840.3,50682.7,11802.88,372096.87
"QLDSouth","Redland",153.547256469727,-27.4374237060547,0.9,2.65,3.37,18283658.64,2066384.71,349075777.03,5230.54,1580.47,27541.49
"WASouth","Northampton",114.043167114258,-27.3897266387939,0.9,2.02,3.28,432935.74,83307.53,3942937.09,810.73,316.41,3000.35
"QLDSouth","Brisbane",153.401565551758,-27.3549575805664,0.9,2.65,2.89,26718784.6,2790153.75,575927040.58,190103.12,38254.32,1678064.87
"QLDSouth","Redland",153.522552490234,-27.4183692932129,0.9,2.64,3.22,30923818.57,3221707.47,663236354.46,2830.11,914.97,13704.04
"WASouth","Northampton",114.017066955566,-27.3340930938721,0.9,2.02,3.79,419092.15,81368.02,3763136.35,182.18,89.68,482.51
"QLDSouth","Brisbane",153.416473388672,-27.3524513244629,0.9,2.65,2.89,26784789.14,2814864.42,570533760.05,195460.86,39274.08,1727012.44
"QLDSouth","Brisbane",153.440856933594,-27.340763092041,0.9,2.64,3.77,41412507.91,4104980.02,955476778.59,200.98,94.33,579.08
"WASouth","Northampton",113.987716674805,-27.2875595092773,0.9,2.01,3.63,472739.49,90225.76,4346989.6,252.08,118.39,713.3
"QLDSouth","Brisbane",153.186660766602,-27.3478660583496,0.9,2.63,3.01,68899343.22,6083596.63,1905711260.29,52957.21,12109.9,401116.01
"WASouth","Northampton",113.968650817871,-27.2540225982666,0.9,2.01,3.65,477474.43,90780.65,4418319.5,262.73,122.84,747.47
"QLDSouth","Moreton Bay",153.117752075195,-27.249116897583,0.9,2.63,3.02,63233704.89,5685922.34,1700290106.75,35687.28,8558.5,253993.06
"WANorth","Shark Bay",113.934410095215,-27.1946182250977,0.9,2.01,3.29,547498.87,101839.8,5227980.4,651.79,269.38,2196.62
"QLDSouth","Moreton Bay",153.122039794922,-27.206563949585,0.9,2.63,3.03,62293950.16,5633083.04,1659156654.24,33730.15,8150.55,237595.99
"WANorth","Shark Bay",113.906616210938,-27.1532363891602,0.9,2.01,3.56,656103.52,118423.25,6544389.38,317.8,145.73,925.63
"QLDSouth","Moreton Bay",153.116012573242,-27.1891937255859,0.9,2.63,3.03,65783183.33,5893386.89,1776350048.43,31280.39,7639.74,217083.92
"WANorth","Shark Bay",113.880958557129,-27.1076793670654,0.9,2,3.14,699901.22,124923.7,7096512.75,1050.27,412.53,3769.13
"QLDSouth","Moreton Bay",153.197082519531,-27.0994625091553,0.9,2.63,3.25,61947110.51,5633493.5,1633223844.8,5183.13,1622,25545.35
"WANorth","Shark Bay",113.85131072998,-27.0595798492432,0.9,2,3.77,767941.93,134947.98,7964981.55,216.1,104.16,588.46
"QLDSouth","Moreton Bay",153.209136962891,-27.0748748779297,0.9,2.64,3.24,59833366.27,5366551.51,1622547159.98,6283.74,1887.43,33017.63
"WANorth","Shark Bay",113.82349395752,-27.0176544189453,0.9,2,3.72,878441.57,151428.47,9358130.96,232.32,110.61,644.27
"QLDSouth","Moreton Bay",153.187713623047,-27.0352001190186,0.9,2.63,3.29,62706834.87,5725547.44,1639609833.17,3785,1212.95,18236.19
"WANorth","Shark Bay",113.789260864258,-26.9580612182617,0.9,2,3.77,947065.6,161080.43,10291240.95,220.66,105.49,609.46
"QLDSouth","Moreton Bay",153.166458129883,-26.9934272766113,0.9,2.37,3.04,98602780.88,8406918.03,2842196328.35,3685.58,1178.1,17878.3
"WANorth","Shark Bay",113.756118774414,-26.9057579040527,0.9,2.22,4.03,1076541.14,180108.69,11960701.86,233.1,109.87,658.64
"QLDSouth","Sunshine Coast",153.150405883789,-26.933385848999,0.9,2.36,2.81,310601066.41,21856901.32,11865180239.68,25768.9,6425.18,174336.57
"WANorth","Shark Bay",113.716842651367,-26.859920501709,0.9,2.22,4.02,1165207.14,192430.07,13191157.36,257.99,119.67,746.16
"QLDSouth","Sunshine Coast",153.138488769531,-26.8879661560059,0.9,2.36,3.14,371330132.54,25504962.77,14664595562.7,1020.07,387.72,3904.16
"WANorth","Shark Bay",113.699493408203,-26.8327312469482,0.9,2.21,4,1292401.08,209460.43,15044938.81,288.09,131.67,850.21
"QLDSouth","Sunshine Coast",153.137466430664,-26.8345317840576,0.9,2.36,3,282590487.08,20412344.53,10344641008.06,3369.6,1099.1,15829.16
"WANorth","Shark Bay",113.653076171875,-26.7785549163818,0.9,2.21,3.99,1389100.93,222310.7,16473604.57,308.86,140.62,913.69
"QLDSouth","Sunshine Coast",153.154235839844,-26.7919158935547,0.9,2.36,3.76,227235103.72,17180735.57,7750390444.31,142.71,72.19,365.2
"WANorth","Shark Bay",113.611312866211,-26.7192153930664,0.9,2.21,4.01,1435316.15,228488.11,17153098.32,282.37,131.61,804.06
"QLDSouth","Sunshine Coast",153.140274047852,-26.7403335571289,0.9,2.37,3.19,140677529.38,11507781.05,4277736730.32,1150.7,436.17,4388.41
"WANorth","Shark Bay",113.591339111328,-26.6928386688232,0.9,2.21,4,1511613.26,238203.99,18343942.63,277.91,129.86,788.48
"WANorth","Shark Bay",113.548553466797,-26.6462440490723,0.9,2.21,3.97,1512982.05,236711.57,18602329.45,309.69,143.47,886.39
"QLDSouth","Sunshine Coast",153.140197753906,-26.6791191101074,0.9,2.37,3.17,122021767.43,10223380.98,3582544071.45,1521.75,556.43,6090.72
"WANorth","Shark Bay",113.485038757324,-26.5832023620605,0.9,2.21,4.01,1867200.04,280884.68,24347701.11,263.07,125.41,721.7
"QLDSouth","Sunshine Coast",153.102966308594,-26.6068859100342,0.9,2.37,3.11,88451501.11,7726953.62,2454454303.59,2098.28,737.77,8841.63
"WANorth","Shark Bay",113.431434631348,-26.5368385314941,0.9,2.21,3.96,1834735.49,274935.5,24122119.66,341.26,157.71,974.93
"QLDSouth","Sunshine Coast",153.10090637207,-26.5563278198242,0.9,2.38,3.16,56867212.84,5276653.87,1452410723.49,1483.96,549.99,5800.04
"WANorth","Shark Bay",113.392501831055,-26.5031471252441,0.9,2.21,4.01,1879198.09,278330.67,25205736.57,272.39,128.43,760.89
"QLDSouth","Sunshine Coast",153.098251342773,-26.5055313110352,0.9,2.38,3.11,58330720.39,5384197.7,1501829960.94,2639.19,906.5,11437.98
"WANorth","Shark Bay",113.339424133301,-26.4473876953125,0.9,2.21,4.03,1870778.32,275931.68,25294271.33,277.37,130.81,773.59
"QLDSouth","Noosa",153.107833862305,-26.4570808410645,0.9,2.38,3.13,53547300.98,5002870.05,1355629311.15,2575.64,889.79,11060.77
"WANorth","Shark Bay",113.295753479004,-26.400369644165,0.9,2.21,2.95,1780670.59,266560.84,23500508.13,2860.82,1019.31,11523.86
"QLDSouth","Noosa",153.120483398438,-26.4043865203857,0.9,2.38,3.18,46417662.89,4422251.21,1143994373.48,1976.4,708.7,8058.59
"WANorth","Shark Bay",113.287734985352,-26.361421585083,0.9,2.21,3.33,1913018.09,280289.11,26148374.88,1003.57,401.08,3497.71
"WANorth","Shark Bay",113.277931213379,-26.3147201538086,0.9,2.21,3.32,1887197.71,277276.48,25685530.03,1540.23,576.23,5899.74
"QLDSouth","Noosa",153.066970825195,-26.3208141326904,0.9,2.38,2.95,36506318.79,3595454.07,859373882.36,7116.46,2149.89,36667.35
"WANorth","Shark Bay",113.243339538574,-26.2524394989014,0.9,2.21,3.99,1841712.17,271415.91,24965611.13,264.54,124.89,738.71
"QLDSouth","Noosa",153.074661254883,-26.273588180542,0.9,2.39,3.01,27173024.82,2787425.48,604722995.9,5090.48,1614.44,24497.03
"WANorth","Shark Bay",113.19229888916,-26.1995239257812,0.9,2.21,3.89,1857767.55,273231.5,25263057.26,373.6,169.82,1094.11
"QLDSouth","Noosa",153.084457397461,-26.2195510864258,0.9,2.39,3.14,23981010.93,2498906.41,522632358.44,2729.84,940.11,11745.38
"WANorth","Shark Bay",113.170143127441,-26.1732273101807,0.9,2.21,3.88,1888832.98,276711.76,25845166.96,379.57,170.72,1132.44
"QLDSouth","Noosa",153.100616455078,-26.1734504699707,0.9,2.39,3.18,21968930.77,2313881.68,472070497.52,2365.49,831.14,9898.24
"WANorth","Shark Bay",113.158309936523,-26.1391716003418,0.9,2.21,3.36,1694253.57,249403.77,23141670.74,317.52,149.54,880.16
"QLDSouth","Gympie",153.111801147461,-26.1201992034912,0.9,2.39,3.18,22393386.04,2348212.76,484537273.22,2586.73,896.24,11044.22
"WANorth","Shark Bay",113.15983581543,-26.0855331420898,0.9,2.21,3.88,1585110.66,237231.48,21087358.51,251.49,119.31,698.26
"QLDSouth","Gympie",153.129623413086,-26.08131980896,0.9,2.39,3.25,20582090.91,2178709.69,440057103.38,1960.51,707.98,7893.38
"WANorth","Shark Bay",113.12956237793,-26.0266876220703,0.9,2.21,3.99,1441574.24,219090.94,18755044.17,270,126.85,759.81
"WANorth","Shark Bay",113.279312133789,-26.0415687561035,0.9,2.45,3.25,2380.77,782.06,11329.22,93.13,49.34,225.14
"WANorth","Shark Bay",113.360961914062,-26.0402011871338,0.9,2.47,3.28,1812.32,619.94,8141.49,79.33,43.18,184.23
"WANorth","Carnarvon",114.206573486328,-26.0333461761475,0.9,2.56,3.33,667.87,275.61,2253.4,61.26,35.46,128.96
"QLDSouth","Gympie",153.154998779297,-26.0190143585205,0.9,2.39,3.3,19831866.03,2103907.92,423328921.56,1576.5,588.99,6044.67
"WANorth","Shark Bay",113.074462890625,-25.9681720733643,0.9,2.21,4.01,1297563.23,200157.44,16535945.19,325.96,149.4,948.59
"WANorth","Shark Bay",113.201103210449,-25.997106552124,0.9,2.46,3.24,2088.71,700.24,9650.77,96.09,50.54,234.99
"WANorth","Shark Bay",113.549812316895,-25.973316192627,0.9,2.44,3.23,2659.96,879.86,12379.65,123.57,63.77,307.55
"WANorth","Carnarvon",114.191688537598,-25.990837097168,0.9,2.56,3.32,667.93,275.11,2261.59,64.59,37.18,136.92
"QLDSouth","Gympie",153.177352905273,-25.9748039245605,0.9,2.39,3.29,16989272.94,1835730.4,354088589.66,1741.21,642.87,6780.04
"WANorth","Shark Bay",113.044639587402,-25.9309673309326,0.9,2.21,4.07,1412011.53,214428.81,18422375.23,185.08,92.21,478.71
"WANorth","Shark Bay",113.154029846191,-25.9391899108887,0.9,2.45,3.23,2275.78,752.24,10736.75,100.68,52.53,249.12
"WANorth","Carnarvon",114.213706970215,-25.9665393829346,0.9,2.57,3.35,586.43,243.96,1966.68,59.25,34.51,123.59
"QLDSouth","Gympie",153.196014404297,-25.9365634918213,0.9,3.26,4.2,18400096.56,1965874.14,389561805.42,1378.77,527.82,5097.3
"WANorth","Shark Bay",113.02271270752,-25.891149520874,0.9,2.22,3.88,1067508.88,167808.99,13305087.02,358.26,161.52,1068.33
"WANorth","Shark Bay",113.157447814941,-25.8942527770996,0.9,2.45,3.21,2363.85,780.69,11137.09,110,56.73,276.52
"WANorth","Shark Bay",113.517280578613,-25.8920707702637,0.9,2.43,3.2,3415.29,1086.78,16808.16,141.24,71.41,362.1
"WANorth","Carnarvon",114.233070373535,-25.8787040710449,0.9,2.56,3.33,666.16,270.3,2321.4,65.26,37.58,138.11
"QLDSouth","Gympie",153.175277709961,-25.9199466705322,0.9,3.26,4.27,21713408.36,2273544.46,472081519.84,746.9,306.29,2530.44
"WANorth","Shark Bay",112.98983001709,-25.8296146392822,0.9,2.22,3.95,933124.37,148965.81,11402096.73,272.13,128.03,763.4
"WANorth","Shark Bay",113.149253845215,-25.8800354003906,0.9,2.44,3.2,2979.56,952.37,14692.82,115.9,59.44,293.41
"WANorth","Shark Bay",113.464241027832,-25.8200645446777,0.9,2.41,3.16,4657.67,1412.98,24553.62,187.74,91.12,509.64
"WANorth","Shark Bay",113.765983581543,-25.8768615722656,0.9,2.48,3.25,1589.67,563.01,6742.61,89.43,48.43,207.89
"WANorth","Carnarvon",114.18896484375,-25.8362445831299,0.9,2.52,3.27,1010.9,386.18,3834.29,86.21,47.49,194.56
"QLDSouth","Gympie",153.084014892578,-25.8544025421143,0.9,3.27,4.01,11943744.96,1355299.84,232626341.87,2556.13,892.81,10758.74
"WANorth","Shark Bay",112.966743469238,-25.7923622131348,0.9,2.22,4,905317.8,144773.69,11049393.14,231.44,111.28,630.25
"WANorth","Shark Bay",113.11368560791,-25.8178024291992,0.9,2.43,3.18,3442.01,1082.46,17321.35,128.66,64.78,334.8
"WANorth","Shark Bay",113.455863952637,-25.8108425140381,0.9,2.41,3.16,4755.25,1436.12,25246.9,186.82,90.85,505.46
"WANorth","Shark Bay",113.72785949707,-25.8003177642822,0.9,2.46,3.23,2110.77,711.24,9648.1,97.51,51.67,234.82
"WANorth","Carnarvon",114.133605957031,-25.7802562713623,0.9,2.48,3.21,1658,588.94,6970.18,117.76,61.99,283.29
"QLDSouth","Fraser Coast",153.085327148438,-25.7930164337158,0.9,3.29,3.82,3351185.69,460774,49680762.06,8367.37,2472.35,44449.55
"WANorth","Shark Bay",112.969444274902,-25.7448596954346,0.9,2.23,3.86,621774.67,103674.2,7198357.2,265.09,124.16,751.21
"WANorth","Shark Bay",113.079116821289,-25.7502117156982,0.9,2.42,3.16,4051.57,1247.12,20988.95,144.41,70.93,390.87
"WANorth","Shark Bay",113.432159423828,-25.7516574859619,0.9,2.4,3.13,5173.8,1548.46,27773.61,243.11,113.83,693.64
"WANorth","Shark Bay",113.673324584961,-25.7584323883057,0.9,2.46,3.22,1983.37,675.45,8923.54,108.89,56.26,273.04
"WANorth","Carnarvon",114.111671447754,-25.7504196166992,0.9,2.46,3.19,1976.56,679.5,8734.05,132.35,68.56,325.58
"QLDSouth","Fraser Coast",153.09001159668,-25.7552299499512,0.9,3.29,4.05,3704786.66,492235.34,58141836.81,2228.36,792.68,9148.43
"WANorth","Shark Bay",112.942481994629,-25.6842365264893,0.9,2.23,3.93,490004.62,84396.87,5425492.2,295.74,136.01,860.94
"WANorth","Shark Bay",113.072257995605,-25.7167644500732,0.9,2.41,3.16,4904.33,1475.54,26168.11,146.98,72.21,396.98
"WANorth","Shark Bay",113.410232543945,-25.70237159729,0.9,2.39,3.12,6202.57,1816.27,34254.19,262.79,121.33,765.89
"WANorth","Shark Bay",113.616310119629,-25.7126617431641,0.9,2.45,3.2,2487.22,820.36,11701.06,120.17,61.1,308.5
"WANorth","Carnarvon",114.065330505371,-25.6924648284912,0.9,2.45,3.19,2361.06,785.71,10961.22,135.38,69.68,336.52
"QLDSouth","Fraser Coast",153.086318969727,-25.7141304016113,0.9,3.28,4,7114329.18,860564.33,127329164.96,3098.49,1057.8,13435.35
"WANorth","Shark Bay",112.930847167969,-25.6511478424072,0.9,2.23,3.91,490712.72,84374.42,5450197.74,289.58,133.68,838.29
"WANorth","Shark Bay",113.055541992188,-25.6734848022461,0.9,2.39,3.2,6601.13,1903.29,37386.6,126.19,63.08,333.6
"WANorth","Shark Bay",113.414222717285,-25.6686573028564,0.9,2.39,3.11,6883.36,1991.59,38597.92,265.92,122.36,779.34
"WANorth","Shark Bay",113.595527648926,-25.656852722168,0.9,2.43,3.19,3077.6,985.64,15079.52,129.62,65.25,337.24
"WANorth","Carnarvon",114.020736694336,-25.6579189300537,0.9,2.46,3.2,2182.51,737.89,9885.26,126.81,65.83,311.56
"QLDSouth","Fraser Coast",153.081512451172,-25.658296585083,0.9,3.28,4.06,4208850.58,546304.79,68404870.86,2249.39,806.22,9100.26
"WANorth","Shark Bay",112.91576385498,-25.6081619262695,0.9,2.24,3.85,481815.19,82559.75,5392679.84,279.26,129.49,803.69
"WANorth","Shark Bay",113.042152404785,-25.6116275787354,0.9,2.37,3.19,9098.03,2527.15,54041.8,131.87,65.49,351.82
"WANorth","Shark Bay",113.432960510254,-25.6172618865967,0.9,2.38,3.14,7505.49,2147.22,42732.45,236.35,110.45,678.24
"WANorth","Shark Bay",113.57640838623,-25.6127490997314,0.9,2.42,3.18,3799.3,1179.64,19450.65,132.44,66.44,346.38
"WANorth","Carnarvon",113.997688293457,-25.6122951507568,0.9,2.46,3.2,2016.97,690.19,8979.07,125.8,65.15,310.7
"QLDSouth","Fraser Coast",153.105392456055,-25.5856399536133,0.9,3.28,4.1,5396734.94,674220.87,92640302.04,2080.88,760.16,8168.31
"WANorth","Shark Bay",112.919387817383,-25.572078704834,0.9,2.25,3.8,299266.27,54267.22,3111607.81,281.28,129.84,816.03
"WANorth","Shark Bay",113.019607543945,-25.5678997039795,0.9,2.36,3.46,11673.18,3146.79,72088.77,67.18,37.08,153.77
"WANorth","Shark Bay",113.466903686523,-25.5642185211182,0.9,2.37,3.18,9854.68,2718.82,58949.23,195.4,94,538
"WANorth","Shark Bay",113.521896362305,-25.5663013458252,0.9,2.4,3.16,5291.62,1573.35,28720.8,150.36,73.91,405.02
"QLDSouth","Fraser Coast",153.117279052734,-25.5545215606689,0.9,3.28,4.1,4633457.08,590820.99,77346493.48,2034.9,749.25,7883.95
"WANorth","Shark Bay",112.919868469238,-25.5312461853027,0.9,2.24,3.75,377947.27,66518.54,4090319.08,172.93,87.55,436.13
"WANorth","Shark Bay",113.022674560547,-25.5107650756836,0.9,2.34,3.44,16908.98,4383.21,109513.43,71.57,39.19,165.61
"WANorth","Carnarvon",113.957572937012,-25.5122013092041,0.9,2.44,3.18,2953.15,957.99,14158.98,137.15,69.79,348.04
"QLDSouth","Fraser Coast",153.13655090332,-25.5028553009033,0.9,3.28,4.12,5294489.11,660946.67,91131279.27,1912.99,710.83,7316.64
"WANorth","Shark Bay",112.958602905273,-25.4818725585938,0.9,2.25,3.86,301264.28,54306.72,3166071.26,70.91,39.85,156.27
"WANorth","Shark Bay",112.978309631348,-25.4784851074219,0.9,2.27,3.68,120406.74,24186.46,1099892.4,46.28,26.88,98.81
"WANorth","Carnarvon",113.931976318359,-25.4735069274902,0.9,2.43,3.18,3153.73,1016.95,15219.98,135.95,69.06,346.41
"QLDSouth","Fraser Coast",153.157104492188,-25.4490642547607,0.9,3.28,4.14,4180832.93,538788.95,68896943.48,1761.84,661.79,6640.44
"WANorth","Carnarvon",113.905830383301,-25.4210529327393,0.9,2.42,3.16,3764.76,1191.94,18571.98,159.26,79.07,419
"QLDSouth","Fraser Coast",153.173034667969,-25.4173946380615,0.9,3.28,4.16,5839072.32,718268.1,102632334.98,1620.14,616.9,5987.25
"WANorth","Carnarvon",113.887504577637,-25.375415802002,0.9,2.41,3.15,4315.92,1344.14,21751.94,169.22,83.25,451.02
"QLDSouth","Fraser Coast",152.920608520508,-25.3752250671387,0.9,3.28,3.43,7094597,828131.04,135785232.7,202478.02,37309.66,2099726.01
"QLDSouth","Fraser Coast",153.016967773438,-25.3915557861328,0.9,3.29,3.44,3097017.11,415480.97,48310926.95,139187.75,27032.41,1341646.82
"QLDSouth","Fraser Coast",153.20832824707,-25.3429145812988,0.9,3.29,4.17,4023950.57,519913.07,66162818.96,1849.21,691.25,7010.6
"WANorth","Carnarvon",113.86693572998,-25.3127536773682,0.9,2.4,3.14,5573.62,1678.37,29401.89,185.69,90.2,503.73
"QLDSouth","Fraser Coast",152.960266113281,-25.3060207366943,0.9,3.28,3.93,5745939.83,706938.75,101071522.91,973.09,360.95,3920.24
"QLDSouth","Fraser Coast",152.996765136719,-25.3283252716064,0.9,3.29,3.47,3449560.27,460719.37,53868564.42,107313.97,21862.93,962248.14
"QLDSouth","Fraser Coast",153.220764160156,-25.3178386688232,0.9,3.29,4.08,3721179.12,486695.44,60121016.83,2422.53,872.17,9673.83
"WANorth","Carnarvon",113.848014831543,-25.2753429412842,0.9,2.38,3.11,8068.51,2317.78,45331.23,220.71,104.67,618.87
"QLDSouth","Fraser Coast",152.975250244141,-25.2924308776855,0.9,3.29,3.55,2879600.3,411417.46,40164878.39,44652.51,10330.27,334843.6
"QLDSouth","Fraser Coast",153.246276855469,-25.2687702178955,0.9,3.29,4.07,3304650.61,441549.54,51713773.54,2588.97,924.6,10449.21
"WANorth","Carnarvon",113.834495544434,-25.2315101623535,0.9,2.38,3.11,7552.95,2184.98,42071.49,268.23,123.15,788.9
"QLDSouth","Fraser Coast",152.680648803711,-25.2434177398682,0.9,3.29,3.92,3761144.78,483597.93,62698257.66,1008.86,369.75,4149.58
"QLDSouth","Fraser Coast",152.735366821289,-25.2627124786377,0.9,3.29,4.33,3946963.04,513590,64126705.23,155.81,74.91,437.16
"QLDSouth","Fraser Coast",152.803985595703,-25.2456855773926,0.9,3.29,4.33,3965918.89,524729.31,62444670.18,158.93,76.24,447.19
"QLDSouth","Fraser Coast",152.830856323242,-25.2454967498779,0.9,3.29,3.46,3768103.77,514561.31,56148410.97,127260.61,25797.58,1138150.85
"QLDSouth","Fraser Coast",152.900268554688,-25.2767868041992,0.9,3.3,3.51,1996394.14,307946.69,24764372.02,62183.05,13574.83,508462.9
"QLDSouth","Fraser Coast",152.999938964844,-25.2313385009766,0.9,3.3,3.58,1959120.8,303759.16,24103123.01,25267.68,6274.36,172526.58
"QLDSouth","Fraser Coast",153.269393920898,-25.2187080383301,0.9,3.29,4.08,3131031.74,420279.06,48754561.84,2569.68,913.27,10469.22
"WANorth","Carnarvon",113.809951782227,-25.180456161499,0.9,2.36,3.06,11245.96,3091.29,67084.6,375.53,164.16,1183.63
"QLDSouth","Fraser Coast",152.638671875,-25.2031402587891,0.9,3.29,3.69,3119485,404370.29,51883423.34,6724.91,1861.39,41212.72
"QLDSouth","Fraser Coast",153.007949829102,-25.1947975158691,0.9,3.28,3.95,4347308.77,569153,69384031.39,531.29,219.66,1816.41
"QLDSouth","Fraser Coast",153.290267944336,-25.1729202270508,0.9,3.28,4.06,4147979.38,535726.1,68112677.47,2886.94,1005.69,12113.56
"WANorth","Carnarvon",113.73747253418,-25.1302757263184,0.9,2.34,3.02,20816.29,5312.96,136789.6,654.36,260.91,2361.9
"QLDSouth","Bundaberg",152.623168945312,-25.1364898681641,0.9,3.3,3.69,2304749.94,315002.75,35427940.8,7701.41,2095.47,48278.8
"QLDSouth","Fraser Coast",153.071655273438,-25.1507892608643,0.9,3.27,3.94,7280538.11,849105.99,139317846.83,603.09,245.03,2112.03
"QLDSouth","Fraser Coast",153.315719604492,-25.1182537078857,0.9,3.28,4,4736339.47,600159.83,79878905.85,3711.26,1243.24,16471.19
"WANorth","Carnarvon",113.69261932373,-25.0909976959229,0.9,2.33,3.01,23312.18,5922.43,153308.65,707.71,277.18,2628.83
"QLDSouth","Bundaberg",152.568420410156,-25.0996189117432,0.9,3.3,3.71,2191085.12,299828.98,33723059.52,7604.95,2069.26,47722.89
"QLDSouth","Fraser Coast",153.126556396484,-25.1073627471924,0.9,3.27,3.82,8707782.41,982097.29,175304237.77,1221.28,453.98,4813.52
"QLDSouth","Fraser Coast",153.333526611328,-25.0741291046143,0.9,3.28,4.02,5116850.71,638053.08,88463788.61,3409.85,1153.37,14947.14
"WANorth","Carnarvon",113.661598205566,-25.0344772338867,0.9,2.34,3.07,20002.48,5218.96,126431.31,416.1,176.01,1386.96
"QLDSouth","Bundaberg",152.544769287109,-25.056697845459,0.9,3.02,3.63,2445335.89,330028.63,38335472.07,1471.86,509.98,6557.88
"QLDSouth","Fraser Coast",153.170776367188,-25.055944442749,0.9,3.27,3.81,8371173.38,948409.15,167558183.13,1309.29,482.95,5210.47
"QLDSouth","Fraser Coast",153.357498168945,-25.0332279205322,0.9,3.27,3.98,8225980.61,964146.85,154641533.27,4552.75,1463.43,21527.46
"WANorth","Carnarvon",113.656776428223,-24.9929332733154,0.9,2.35,3.1,13412.63,3663.51,79962.61,301.17,132.86,948.73
"QLDSouth","Bundaberg",152.508392333984,-25.0020694732666,0.9,3.02,3.63,2692382.6,358046.82,43109996.84,1431.56,497.63,6352.15
"QLDSouth","Fraser Coast",153.204940795898,-25.0136394500732,0.9,3.27,3.86,8734722.5,983228.06,176454545.6,920.88,364.29,3290.37
"QLDSouth","Fraser Coast",153.356231689453,-24.9981651306152,0.9,3.27,4.03,10635111.78,1205701.71,209113891.72,3155.11,1067.94,13884.65
"WANorth","Carnarvon",113.6591796875,-24.9584560394287,0.9,2.36,3.11,11083.17,3097.58,64121.85,277.39,123.53,863.43
"QLDSouth","Bundaberg",152.489791870117,-24.9415721893311,0.9,3.02,3.37,2719897.92,362848.75,43261182.65,12863.6,3317.2,85951.84
"QLDSouth","Fraser Coast",153.2265625,-24.9354839324951,0.9,3.28,3.73,6689117.53,790968.71,125451257.55,2950.11,1004.91,12887.84
"QLDSouth","Fraser Coast",153.353256225586,-24.9639568328857,0.9,3.27,4.06,12809592.94,1417383.02,260280281.08,2324.42,813.24,9816.1
"QLDSouth","Bundaberg",152.498428344727,-24.9030914306641,0.9,3.01,3.56,3063426.52,403569.27,49483132.49,2653.57,843.95,13340.42
"QLDSouth","Fraser Coast",153.194808959961,-24.8763370513916,0.9,3.28,3.72,6003044.26,726243.76,108656297.03,4297.07,1399.56,19901.79
"QLDSouth","Fraser Coast",153.281875610352,-24.8999462127686,0.9,3.27,3.99,12869322.36,1427606.04,260175249.94,1999.98,710.56,8291.26
"WANorth","Carnarvon",113.614540100098,-24.8525638580322,0.9,2.34,3.05,19714.96,5128.41,125453.2,466.82,191.62,1635.46
"QLDSouth","Bundaberg",152.485946655273,-24.8502807617188,0.9,3.01,3.39,3454589.49,448083.17,56982019.85,11891.12,3118.57,77355.48
"QLDSouth","Fraser Coast",153.168518066406,-24.8398494720459,0.9,3.28,3.75,5938238.93,723019.95,106277112.62,3877.13,1267.79,17949.11
"QLDSouth","Fraser Coast",153.268493652344,-24.8464603424072,0.9,3.27,4.27,11661106.55,1312282.36,231037394.63,887.69,352.83,3151.68
"WANorth","Carnarvon",113.626899719238,-24.8038711547852,0.9,2.35,3,16105.76,4320.47,98080.28,509.76,206.42,1821.21
"QLDSouth","Bundaberg",152.467620849609,-24.8112659454346,0.9,3.01,3.39,3964331.52,505850.06,66797419.41,12373.22,3235.16,80716.29
"QLDSouth","Fraser Coast",153.143753051758,-24.8237190246582,0.9,3.28,3.79,6204898.52,752359.48,111581857.36,3556.46,1167.5,16441.68
"QLDSouth","Fraser Coast",153.267044067383,-24.805269241333,0.9,3.27,4.22,10902808.72,1239436.9,212925717.67,1259.97,475.94,4805.36
"WANorth","Carnarvon",113.607635498047,-24.7339878082275,0.9,2.33,3.17,24195.26,6207.15,155814.95,294.53,130.69,918.83
"QLDSouth","Fraser Coast",153.160522460938,-24.7521915435791,0.9,3.27,3.95,9423214.1,1133583.29,167278588.7,802.53,319.2,2866.03
"QLDSouth","Fraser Coast",153.270690917969,-24.7551422119141,0.9,3.27,4.32,8466166.54,996022.87,157738483.57,835.62,334.91,2932.87
"WANorth","Carnarvon",113.585609436035,-24.7049198150635,0.9,2.32,3.16,28003.8,7077.73,183625.01,322.51,141.2,1025.51
"QLDSouth","Bundaberg",152.309967041016,-24.727632522583,0.9,3.02,3.66,2144341.84,297672.21,32171312.72,1388.81,494.96,5880.94
"QLDSouth","Bundaberg",152.36669921875,-24.7287845611572,0.9,3.01,3.65,3044789.81,403713.88,48608244.2,1581.27,553.74,6858.88
"QLDSouth","Fraser Coast",153.216064453125,-24.7082195281982,0.9,3.27,3.94,8800006.17,1106874.02,144572164.39,1232.86,459.36,4833.97
"QLDSouth","Fraser Coast",153.269912719727,-24.7052879333496,0.9,3.29,4.44,3310179.05,442266.85,51799147.1,453.35,197.13,1423.9
"WANorth","Carnarvon",113.536682128906,-24.6466579437256,0.9,2.31,3.14,41010.08,9978.75,281383.36,489.2,203.98,1655.65
"QLDSouth","Bundaberg",152.235336303711,-24.6748962402344,0.9,3.02,3.78,1800812.2,258149.21,25741332.93,813.49,314.71,3061.54
"WANorth","Carnarvon",113.49870300293,-24.5978164672852,0.9,2.3,3.19,47905.31,11603.59,328153.44,439.69,188.24,1425.63
"QLDSouth","Bundaberg",152.14875793457,-24.6201496124268,0.9,3.03,3.56,1517664.32,223566.52,20855876.85,2943.63,937.61,14629.25
"QLDSouth","Bundaberg",152.196136474609,-24.648962020874,0.9,3.02,3.58,1839725.49,264446.62,26125809.31,2816.63,906.94,13751.95
"WANorth","Carnarvon",113.43839263916,-24.5435962677002,0.9,2.29,3.3,71098.12,16393.86,520002.96,388.16,170,1216.05
"QLDSouth","Bundaberg",152.125793457031,-24.5961494445801,0.9,3.03,3.57,1436835.92,212601.87,19654489.76,2932.45,934.34,14569.44
"WANorth","Carnarvon",113.420707702637,-24.5145587921143,0.9,2.29,3.3,77798.25,17712.23,579146.66,353.91,158.4,1071.02
"QLDSouth","Bundaberg",152.082656860352,-24.5386180877686,0.9,3.03,3.83,1551796.75,230769.34,20919850.46,672.51,268,2424.72
"WANorth","Carnarvon",113.398574829102,-24.4680690765381,0.9,2.27,3.4,115708.91,25196.82,911591.62,341.02,154.22,1014.55
"QLDNorth","Gladstone",152.020217895508,-24.4516868591309,0.9,3.03,3.84,1409768.08,213109.29,18552403.31,718.06,284.81,2599.53
"WANorth","Carnarvon",113.398719787598,-24.4143238067627,0.9,2.27,3.43,147050.25,30974.57,1212968.09,257.45,121.49,720.87
"QLDNorth","Gladstone",152.00390625,-24.4185047149658,0.9,3.03,3.94,1329768.2,202524.9,17324744.19,468.2,198.24,1543.42
"WANorth","Carnarvon",113.398071289062,-24.371509552002,0.9,2.26,2.82,178910.12,36722.6,1528588.5,2058.16,712.3,8950.63
"QLDNorth","Gladstone",151.990173339844,-24.3746223449707,0.9,3.03,3.96,1424991.88,215763.93,18682414.36,475.49,201.26,1566.71
"WANorth","Carnarvon",113.395683288574,-24.3264846801758,0.9,2.26,3.73,183919.78,37459.89,1591108.78,241.28,112.72,691.8
"QLDNorth","Gladstone",151.977767944336,-24.3355083465576,0.9,3.03,3.96,1412956.49,214724.61,18409622.73,492.98,207.72,1634.15
"WANorth","Carnarvon",113.393569946289,-24.2762565612793,0.9,2.26,3.71,217605.54,43616,1918319.97,442.67,188.01,1456.68
"QLDNorth","Gladstone",151.961639404297,-24.2890186309814,0.9,3.03,4,1492522.87,225465.38,19592500.1,438.26,188.54,1408.14
"WANorth","Carnarvon",113.387710571289,-24.2301483154297,0.9,2.25,3.77,279265.54,54308.09,2561823.13,217.71,101,637.77
"QLDNorth","Gladstone",151.950286865234,-24.2453994750977,0.9,3.03,4.19,1467186.72,222149.89,19199192.7,245.45,115.96,688
"WANorth","Carnarvon",113.393035888672,-24.2194747924805,0.9,2.25,3.72,237036.71,46795.03,2137113.59,85.16,45.19,206.63
"QLDNorth","Gladstone",151.922622680664,-24.207914352417,0.9,3.55,4.74,1526637.77,230566.91,20019066.95,236.12,112.6,652.07
"WANorth","Carnarvon",113.411437988281,-24.0960292816162,0.9,2.24,3.32,380058.96,70822.42,3697967.57,556.15,229.74,1897.79
"QLDNorth","Gladstone",151.814437866211,-24.1448230743408,0.9,3.55,3.9,1349923.91,207783.55,17227932.39,19288.7,4923.61,127427.04
"QLDNorth","Gladstone",151.889343261719,-24.1459865570068,0.9,3.54,4.46,1594133.91,240257.22,20926306.99,591.63,244.64,2005.78
"QLDNorth","Gladstone",151.77946472168,-24.0869579315186,0.9,3.55,3.87,1209779.25,189511.26,15052418.9,26362.63,6545.65,179489.72
"WANorth","Carnarvon",113.421440124512,-24.0452919006348,0.9,2.24,3.4,396184.64,73324.53,3893330.14,715.05,285.88,2550.06
"QLDNorth","Gladstone",151.57682800293,-24.0359382629395,0.9,3.57,3.85,601070.69,101832.17,6770194.68,16624.33,4489.37,99761.72
"QLDNorth","Gladstone",151.636505126953,-24.0335903167725,0.9,3.58,3.96,307727.3,57125.11,3056609.85,8757.82,2638.1,44746.91
"QLDNorth","Gladstone",151.771438598633,-24.0289821624756,0.9,3.55,3.89,1115051.97,177705.08,13510425.49,23672.93,5931.69,159631.07
"WANorth","Carnarvon",113.456199645996,-24.0021705627441,0.9,2.24,3.83,398970.59,74013.8,3902142.3,84.09,45.22,199.02
"QLDNorth","Gladstone",151.470016479492,-23.9934921264648,0.9,3.57,3.8,425270.41,76632.81,4370123.49,23637.87,6124.61,149662.47
"QLDNorth","Gladstone",151.501342773438,-24.0050964355469,0.9,3.57,3.8,502021.49,88199.81,5348537.18,25593.38,6569.31,164031.91
"QLDNorth","Gladstone",151.680267333984,-23.9906253814697,0.9,3.56,3.9,836981.15,139369.25,9526899.7,19447.25,5035.52,124953.29
"QLDNorth","Gladstone",151.735366821289,-24.0024108886719,0.9,3.55,3.81,1067001.6,171959.86,12700179.45,45448.82,10798.13,323781.62
"WANorth","Carnarvon",113.464424133301,-23.9410152435303,0.9,2.24,3.16,468755.41,85404.56,4691293.45,865.51,336.42,3212.34
"WANorth","Carnarvon",113.464508056641,-23.9073162078857,0.9,2.24,3.41,471879.15,85538.62,4764669.15,314.26,139.48,974.86
"QLDNorth","Gladstone",151.389236450195,-23.8761157989502,0.9,3.59,3.82,230531.53,45032.16,2123127.53,21158.52,5663.12,127045.48
"WANorth","Carnarvon",113.499412536621,-23.8566093444824,0.9,2.24,3.44,433982.17,79373.9,4333607.92,154.53,75.43,421.01
"WANorth","Carnarvon",113.511947631836,-23.8013381958008,0.9,2.23,3.43,538401.54,96190.93,5537035.17,256.28,116.88,766.16
"WANorth","Carnarvon",113.532752990723,-23.7624130249023,0.9,2.23,3.5,592081.99,104513.26,6188286.2,128.89,64.01,344.46
"QLDNorth","Gladstone",151.310440063477,-23.7504730224609,0.9,3.61,4.21,155015.72,31682.74,1347234.11,1856.45,649.1,7977.56
"WANorth","Carnarvon",113.574127197266,-23.7141151428223,0.9,2.23,3.46,598049.53,105517.5,6252078.53,155.08,75.46,425.07
"QLDNorth","Gladstone",151.297271728516,-23.700216293335,0.9,3.61,4.22,151086.07,30956.74,1309218.41,1725.85,610.92,7282.16
"WANorth","Carnarvon",113.593322753906,-23.6568756103516,0.9,2.23,3.44,685614.09,119216.62,7298944.74,192.24,90.65,550.82
"QLDNorth","Gladstone",151.289306640625,-23.676664352417,0.9,3.61,3.98,150845.09,30863.39,1310725.97,7165.54,2100.02,39084.21
"WANorth","Carnarvon",113.636512756348,-23.6082191467285,0.9,2.25,3.61,230471.6,44337.26,2183676.16,83.07,43.88,203.75
"QLDNorth","Gladstone",151.242279052734,-23.6224479675293,0.9,3.61,3.87,147444.85,30186.22,1281643.58,13870.22,3739.99,84534.83
"WANorth","Carnarvon",113.703742980957,-23.5669136047363,0.9,2.23,3.48,551058.74,97730.08,5735847.56,68.49,36.87,164.39
"QLDNorth","Gladstone",150.956024169922,-23.5482921600342,0.9,3.99,4.6,117547.78,25142.85,956154.2,796.14,317.58,2829.12
"QLDNorth","Gladstone",151.234588623047,-23.5500907897949,0.9,3.61,4.23,158804.01,32177.56,1400272.65,1260.73,467.23,4986.07
"WANorth","Carnarvon",113.761253356934,-23.5080471038818,0.9,2.23,3.23,590409.19,103857.4,6211215.03,148.67,72.94,402.27
"QLDNorth","Gladstone",150.974456787109,-23.4952774047852,0.9,3.99,4.6,105848.55,22752.82,858967.87,769.29,307.88,2723.39
"QLDNorth","Gladstone",151.209365844727,-23.5071468353271,0.9,3.98,4.4,177765.7,35427.55,1604524.41,2817.89,952.08,12540.25
"WANorth","Carnarvon",113.772033691406,-23.4601707458496,0.9,2.23,3.12,718648.34,123809.17,7758570.74,512.11,212.44,1744.28
"QLDNorth","Livingstone",150.843444824219,-23.4517154693604,0.9,4.02,4.28,44029.19,10525.94,310718.19,3468.83,1156.17,15611.43
"QLDNorth","Gladstone",150.974609375,-23.4806785583496,0.9,3.99,4.65,103573.64,22236.71,843613.88,521.59,217.44,1757.38
"QLDNorth","Gladstone",151.099014282227,-23.4751281738281,0.9,3.99,4.28,125644.03,26306.48,1058667.75,5108.63,1615.71,24706.53
"QLDNorth","Gladstone",151.132568359375,-23.4932537078857,0.9,3.98,4.49,136208.2,28125.78,1171375.01,1300.29,487.78,5013.5
"WANorth","Carnarvon",113.771347045898,-23.3920345306396,0.9,2.62,3.82,818808.96,139475.23,8952274.38,319.2,142.66,975.88
"QLDNorth","Livingstone",150.832336425781,-23.4267768859863,0.9,4.02,4.28,42402.44,10194.72,296834.21,3412.11,1140.02,15303.81
"QLDNorth","Gladstone",151.013870239258,-23.4507179260254,0.9,3.99,4.31,109644.38,23365.71,902088.89,3403.29,1134.18,15340.08
"QLDNorth","Gladstone",151.050552368164,-23.4423084259033,0.9,3.99,4.32,114734.09,24277.91,953603.4,3161.94,1067.38,13982.66
"WANorth","Carnarvon",113.773536682129,-23.3757648468018,0.9,2.62,3.82,801406.53,137256.6,8686809.15,289.98,131.44,869.06
"QLDNorth","Livingstone",150.804550170898,-23.3733062744141,0.9,3.86,4.12,37337.38,9111.36,256402.3,3123.93,1054.2,13834.56
"WANorth","Carnarvon",113.783485412598,-23.3198261260986,0.9,2.62,3.85,710768.26,122904.24,7627097.77,375.23,165.35,1164.69
"QLDNorth","Livingstone",150.836380004883,-23.2843856811523,0.9,3.86,4.57,37826.01,9270.83,257438.35,397.69,176.16,1217.19
"WANorth","Carnarvon",113.776527404785,-23.2587833404541,0.9,2.62,4.01,765320.25,131284.17,8295204.95,326.06,146.45,985.95
"QLDNorth","Livingstone",150.83283996582,-23.2611503601074,0.9,3.87,4.58,33677.29,8410.56,223040.73,386.39,171.83,1176.26
"WANorth","Carnarvon",113.767364501953,-23.2190113067627,0.9,2.62,3.81,752468.74,129090.65,8163197.81,557.17,232.43,1865.61
"QLDNorth","Livingstone",150.821975708008,-23.2208461761475,0.9,3.87,4.47,29399.9,7510.71,188361.39,505.65,221.24,1558.2
"WANorth","Carnarvon",113.757820129395,-23.1649322509766,0.9,2.62,3.85,728194.38,123994.55,8025485.83,504.19,212.23,1671.7
"QLDNorth","Livingstone",150.802597045898,-23.1794948577881,0.9,3.88,4.63,22437.83,5956.85,136251.44,414.86,180.58,1308.66
"WANorth","Carnarvon",113.759071350098,-23.1218738555908,0.9,2.62,3.6,695625.85,119379.26,7579011.24,1289.76,478.11,5089.81
"WANorth","Carnarvon",113.759391784668,-23.1155128479004,0.9,2.62,3.56,665718.32,115341.63,7147042.17,1718.55,608.55,7248.74
"QLDNorth","Livingstone",150.776229858398,-23.0662536621094,0.9,3.89,4.17,21237.42,5703.29,126702.85,2130.38,768.58,8545.32
"WANorth","Carnarvon",113.822196960449,-23.0233879089355,0.9,2.63,4.05,519957.64,90915.59,5576101.61,185.1,88.76,514.88
"QLDNorth","Livingstone",150.778533935547,-23.0282688140869,0.9,3.88,4.17,25791.33,6742.71,159684.3,2317.82,824.76,9485.26
"WANorth","Carnarvon",113.818969726562,-22.9798755645752,0.9,2.63,4.13,532672.99,91776.26,5861536.09,257.6,118.41,758.17
"QLDNorth","Livingstone",150.783172607422,-22.9765396118164,0.9,3.87,4.17,28660.57,7420.66,179426.53,2525.72,891.05,10443
"WANorth","Exmouth",113.79313659668,-22.888729095459,0.9,2.63,3.78,510970.87,88419.33,5592979.31,994.16,387.36,3635.94
"QLDNorth","Livingstone",150.801406860352,-22.9300155639648,0.9,3.86,4.18,39316.94,9756.5,260853.11,2650.39,930.08,11032.15
"WANorth","Exmouth",113.785163879395,-22.8669662475586,0.9,2.63,3.79,460116.49,80315.59,4990016.64,1074.36,412.51,4017.87
"QLDNorth","Livingstone",150.796310424805,-22.8725109100342,0.9,3.87,4.32,33976.16,8590.2,219831.03,1124.39,446.41,3937.78
"WANorth","Exmouth",113.774269104004,-22.8148746490479,0.9,2.63,4.03,429452.45,75018.07,4672713.48,842.07,331.27,3060.19
"QLDNorth","Livingstone",150.8115234375,-22.820463180542,0.9,3.86,4.33,37168.91,9297.24,243882.05,1125.93,448.88,3912.84
"WANorth","Exmouth",113.681175231934,-22.7242183685303,0.9,2.63,3.93,423901.58,74405.82,4574986.38,1053.49,406.49,3908.7
"QLDNorth","Livingstone",150.817886352539,-22.7990493774414,0.9,3.86,4.6,47139.49,11438.35,322186.14,375.42,172.77,1074.32
"QLDNorth","Livingstone",150.825561523438,-22.7294273376465,0.9,3.85,4.55,55296.16,13158.46,387787.99,457.39,207.22,1330.47
"WANorth","Exmouth",113.668655395508,-22.6922779083252,0.9,2.63,3.94,477895.71,83002.72,5218179.32,925.71,365.2,3323.68
"QLDNorth","Livingstone",150.842880249023,-22.6821880340576,0.9,3.83,4.35,115999.43,24948.48,934828.64,1231.08,480.83,4417.94
"WANorth","Exmouth",113.664154052734,-22.6289138793945,0.9,2.63,4.02,427548.26,75546.85,4554793.82,246.61,113.31,728.82
"QLDNorth","Livingstone",150.809143066406,-22.6473770141602,0.9,3.84,4.17,69630.16,16039.3,510884.43,3507.27,1183.14,15422.49
"WANorth","Exmouth",113.648719787598,-22.5804042816162,0.9,2.63,3.82,467459.96,83512.19,4851106.96,316.57,140.03,988.07
"QLDNorth","Livingstone",150.785873413086,-22.5828475952148,0.9,3.84,4.2,70987.22,16245.03,526526.69,2689.31,944.13,11174.82
"WANorth","Exmouth",113.655250549316,-22.5566005706787,0.9,2.63,3.86,397487.82,72361.73,4025785.77,349.56,153.1,1103.66
"QLDNorth","Livingstone",150.481338500977,-22.5306873321533,0.9,3.89,4.14,17629.82,4742.92,106124.71,1967.29,706.59,7999.45
"QLDNorth","Livingstone",150.518493652344,-22.543851852417,0.9,3.89,4.14,18691.69,4978.14,114206.87,2067.07,735.53,8524.75
"QLDNorth","Livingstone",150.789123535156,-22.5385704040527,0.9,3.84,4.29,86584.58,19216.1,670991.75,1711.73,643.14,6460.2
"WANorth","Exmouth",113.706253051758,-22.4973945617676,0.9,2.63,4.03,396247.31,71272.54,4104564.5,125.29,62.25,335.46
"WANorth","Exmouth",114.213005065918,-22.48708152771,0.9,2.92,4.01,891.59,332.89,3571.51,21.49,13.82,39.92
"QLDNorth","Livingstone",150.419281005859,-22.4931488037109,0.9,3.89,4.07,18592.58,4984.14,112265.52,2971.16,1016.67,12863.99
"QLDNorth","Livingstone",150.547119140625,-22.4826602935791,0.9,3.9,4.14,16591.51,4503.44,98631.38,1921.55,692.07,7785.61
"QLDNorth","Livingstone",150.758605957031,-22.4766330718994,0.9,3.84,4.5,81059.77,17989.53,630919.43,518.28,229.94,1554.4
"WANorth","Exmouth",113.735389709473,-22.4571781158447,0.9,2.65,4.01,241523.03,45805.9,2342658.94,108.25,54.7,283.68
"WANorth","Exmouth",114.224952697754,-22.4546546936035,0.9,2.89,3.86,1293.89,458.7,5568.35,27.97,17.31,54.84
"QLDNorth","Livingstone",150.359985351562,-22.4498634338379,0.9,3.89,4.23,18469.23,4958.97,111239.15,1010.18,396.22,3644.52
"QLDNorth","Livingstone",150.528945922852,-22.4351024627686,0.9,3.89,4.14,19031.92,5075.55,115853.47,1958.83,701.42,8013.05
"QLDNorth","Livingstone",150.767425537109,-22.4484996795654,0.9,3.83,4.48,87178.97,19064.77,694037.53,607.95,263.94,1878.38
"WANorth","Exmouth",113.743804931641,-22.4039268493652,0.9,2.64,4.02,311920.17,58226.45,3063716.32,103.74,52.54,271.66
"WANorth","Exmouth",114.187675476074,-22.4033355712891,0.9,2.85,3.92,2195.24,728.39,10309.49,26.27,16.45,50.64
"WANorth","Exmouth",114.276000976562,-22.4289703369141,0.9,2.87,3.84,1550.77,535.21,6933.09,29.46,18.1,58.41
"WANorth","Exmouth",114.305541992188,-22.4293174743652,0.9,2.88,3.85,1399.42,490.11,6129.33,28.98,17.84,57.3
"WANorth","Exmouth",114.374900817871,-22.3959865570068,0.9,2.86,3.92,1975.64,656.9,9320.21,26.39,16.48,51.14
"QLDNorth","Livingstone",149.840850830078,-22.4018707275391,0.9,4.04,4.35,1499.63,573.97,5516.51,321.93,148.72,923.82
"QLDNorth","Livingstone",149.919509887695,-22.381275177002,0.9,4.04,4.35,1489.82,571.74,5455.8,342.5,157.27,989.96
"QLDNorth","Livingstone",150.33137512207,-22.4234485626221,0.9,3.89,4.05,17796.46,4801.08,106505.95,3365.03,1134.63,14850.57
"QLDNorth","Livingstone",150.507949829102,-22.3832931518555,0.9,3.89,4.15,21109.4,5562.9,130480.27,2026.63,718.7,8423.19
"QLDNorth","Livingstone",150.744201660156,-22.4067668914795,0.9,3.83,5.18,97890.91,20936.89,806023.21,120.29,62.36,297.39
"WANorth","Exmouth",113.773399353027,-22.3664436340332,0.9,2.64,3.87,245765.08,46838.38,2359470.46,130.7,63.75,361.7
"WANorth","Exmouth",114.185302734375,-22.3393878936768,0.9,2.82,3.81,3503.45,1097.39,17743.92,33.53,20.29,67.76
"WANorth","Exmouth",114.399909973145,-22.360279083252,0.9,2.83,3.89,2739.52,867.03,13869.96,28.44,17.57,55.96
"QLDNorth","Isaac",149.685317993164,-22.3411979675293,0.9,4.97,5.34,3005.75,1006.37,13546.49,315.43,144.25,923.88
"QLDNorth","Livingstone",149.908767700195,-22.347017288208,0.9,4.01,4.35,2178.08,781.92,8804.19,322.59,149.43,920.96
"QLDNorth","Livingstone",150.267608642578,-22.3510284423828,0.9,3.9,4.09,16712.41,4557.92,98423.57,2080.56,750.69,8356.67
"QLDNorth","Livingstone",150.275543212891,-22.3539543151855,0.9,3.9,4.08,16476.41,4500.96,96828.2,2359.66,837.24,9696.81
"QLDNorth","Livingstone",150.4775390625,-22.3421993255615,0.9,3.89,4.09,19997.37,5323.48,121734.31,2405.22,853.43,9870.89
"QLDNorth","Livingstone",150.672607421875,-22.3479309082031,0.9,3.84,4.24,66385.22,14990.12,506994.29,2096.19,759.92,8341.79
"WANorth","Exmouth",113.81721496582,-22.2944831848145,0.9,2.65,4.38,223340.88,43134.2,2105118.68,43.74,25.09,96.14
"WANorth","Exmouth",114.16007232666,-22.2972526550293,0.9,2.8,3.78,4747.26,1436.22,25121.89,36.3,21.76,74.28
"WANorth","Exmouth",114.423095703125,-22.2974071502686,0.9,2.8,3.85,4404.42,1298.67,24665.51,31.4,19.13,62.95
"QLDNorth","Isaac",149.629516601562,-22.2910251617432,0.9,4.98,5.45,2411.21,832.45,10414.94,202.65,98.3,547.79
"QLDNorth","Livingstone",149.909851074219,-22.3037395477295,0.9,4.97,5.32,3102.71,1042.88,13850.44,355.72,161.44,1048.19
"QLDNorth","Livingstone",150.209350585938,-22.3132019042969,0.9,3.9,4.45,14684.45,4078.56,84314.17,390.49,173.88,1184.93
"QLDNorth","Livingstone",150.420547485352,-22.2935523986816,0.9,3.89,4.11,21120.84,5589.54,129520.33,2049.93,736.14,8315.03
"QLDNorth","Livingstone",150.563858032227,-22.2944946289062,0.9,3.86,4.59,37347.01,9184.64,252787.95,322.3,150.71,904.29
"QLDNorth","Livingstone",150.624313354492,-22.3247718811035,0.9,3.86,4.11,46345.52,11036.01,328357.96,3792.73,1270.65,16805.89
"WANorth","Exmouth",113.828514099121,-22.2524871826172,0.9,2.65,4.34,244827.15,47049.48,2314982.13,56.1,31.15,128.82
"WANorth","Exmouth",114.139190673828,-22.259407043457,0.9,2.79,3.46,5956.68,1758.58,32480.44,83.02,44.15,200.99
"WANorth","Ashburton",114.440048217773,-22.2445259094238,0.9,2.78,3.81,6471.34,1822.62,38436.95,35.1,21.05,71.92
"QLDNorth","Isaac",149.585418701172,-22.2349853515625,0.9,4.99,5.44,2095.84,743.39,8687.34,230.05,109.26,641.37
"QLDNorth","Livingstone",149.88264465332,-22.2331867218018,0.9,4.96,5.31,3289.6,1095.14,14891.97,386.34,171.7,1177.56
"QLDNorth","Livingstone",150.259246826172,-22.2268581390381,0.9,3.9,4.4,15404.46,4268.19,88566.85,500.47,213.98,1611.46
"QLDNorth","Livingstone",150.429077148438,-22.24778175354,0.9,3.89,4.06,20803.55,5635.69,122297.79,3652.7,1205.17,16695.72
"QLDNorth","Livingstone",150.539779663086,-22.2625122070312,0.9,3.87,4.51,34859.25,8661.43,232538.66,407.38,185.78,1179.3
"WANorth","Exmouth",113.84489440918,-22.2057456970215,0.9,2.64,4.27,249618.14,48227.46,2334067.53,78.36,41.52,191.99
"WANorth","Exmouth",114.094535827637,-22.2017135620117,0.9,2.77,3.63,8148.58,2338.19,45844.87,53.99,30.67,118.85
"WANorth","Ashburton",114.451126098633,-22.2074108123779,0.9,2.78,3.83,7414.32,2043.1,45467.96,34.87,20.87,71.8
"QLDNorth","Isaac",149.570358276367,-22.2017345428467,0.9,5,5.46,1942.95,698.88,7885.43,213.18,102.24,586.59
"QLDNorth","Livingstone",149.860214233398,-22.1910495758057,0.9,4.99,5.35,2163.45,769.42,8903.45,289.85,134.17,834.61
"QLDNorth","Livingstone",150.111770629883,-22.2227210998535,0.9,3.92,4.47,11179.33,3220.81,61055.35,256.55,124.76,679.61
"QLDNorth","Livingstone",150.477203369141,-22.2052268981934,0.9,3.87,4.47,30152.54,7740.91,191124.9,577.83,242.44,1908.69
"QLDNorth","Livingstone",150.508102416992,-22.2125854492188,0.9,3.87,4.83,35392.03,8813.95,234859,153.33,78.93,377.91
"WANorth","Exmouth",113.860366821289,-22.1519222259521,0.9,2.64,4.19,327334.89,62066.27,3114152.66,81.18,42.54,202.74
"WANorth","Exmouth",114.088935852051,-22.1467437744141,0.9,2.75,3.62,12196.62,3347.72,72529.61,60.86,34.17,135.85
"WANorth","Ashburton",114.473571777344,-22.1524887084961,0.9,2.78,3.85,7077.28,1978.98,42326.12,34.38,20.49,71.43
"QLDNorth","Livingstone",149.845794677734,-22.1490898132324,0.9,4.99,5.35,2271.22,811.18,9243.05,315.93,144.74,922.08
"QLDNorth","Livingstone",150.084350585938,-22.1551055908203,0.9,4.91,6.25,9364.51,2771.78,49212.71,60.3,34.86,127.41
"WANorth","Exmouth",113.880325317383,-22.1101894378662,0.9,2.65,4.38,193114.58,38151.55,1761952.09,65.95,35.8,156.25
"WANorth","Ashburton",114.487449645996,-22.1168785095215,0.9,2.76,3.81,11137.31,2926.23,72571.86,38.76,22.71,82.49
"QLDNorth","Isaac",149.580337524414,-22.1141452789307,0.9,4.99,5.47,2253.29,801.17,9252,238.09,111.75,677.23
"QLDNorth","Livingstone",149.869140625,-22.1042213439941,0.9,4.95,5.17,3883.52,1288.85,17485.21,888.09,357.28,3082.15
"QLDNorth","Livingstone",149.999053955078,-22.1032848358154,0.9,4.95,5.58,4507.87,1498.42,20043.26,266.56,127.26,728.59
"QLDNorth","Livingstone",150.043960571289,-22.1081066131592,0.9,4.91,5.57,7974.63,2420.54,40420.56,260.04,126.35,689.25
"WANorth","Exmouth",113.901153564453,-22.0508842468262,0.9,2.65,4.73,236167.86,46104.73,2174124.21,43.26,24.89,94.59
"WANorth","Exmouth",114.119369506836,-22.0527305603027,0.9,2.73,3.58,20592.21,5318.56,132407.22,76.18,41.65,175.99
"WANorth","Ashburton",114.524040222168,-22.0527877807617,0.9,2.74,3.77,15456.15,3901.01,106146.54,44.88,25.7,98.78
"QLDNorth","Isaac",149.526382446289,-22.0507965087891,0.9,4.98,5.62,2633.76,915.88,11154.59,154.58,76.6,409.14
"QLDNorth","Livingstone",149.895233154297,-22.0504837036133,0.9,4.94,5.2,5252.46,1666.1,25215.15,1031.32,409.73,3627.72
"QLDNorth","Livingstone",149.968475341797,-22.0432682037354,0.9,4.93,5.59,5671.97,1819.26,26540.51,242.49,117.25,651.45
"WANorth","Exmouth",113.920783996582,-22.0038871765137,0.9,2.65,4.13,174826.38,35185.13,1551212.75,83.37,43.6,208.62
"WANorth","Exmouth",114.133293151855,-22.0002117156982,0.9,2.72,3.77,24541.77,6202.69,162390.67,50.84,29.47,108.14
"QLDNorth","Isaac",149.515625,-22.0066356658936,0.9,4.97,5.29,3056.34,1049.37,13124.9,450.72,197.01,1402.3
"WANorth","Exmouth",113.929954528809,-21.9716148376465,0.9,2.65,3.97,201873.75,40137.71,1814912.78,119.94,59.42,324.13
"WANorth","Ashburton",114.576477050781,-21.9789524078369,0.9,2.77,3.82,8658.94,2374.64,52933.07,37.97,22.28,80.7
"QLDNorth","Isaac",149.488876342773,-21.957181930542,0.9,4.96,5.29,3353.25,1134.45,14709.8,461.08,202.53,1419.2
"WANorth","Exmouth",113.963989257812,-21.9190444946289,0.9,2.66,4.1,168711.79,34190.17,1481333.5,62.57,33.7,151.34
"WANorth","Exmouth",114.149383544922,-21.9102783203125,0.9,2.71,3.59,34028.94,8279.06,236491.51,86.16,46.6,201.31
"WANorth","Ashburton",114.639312744141,-21.9034576416016,0.9,2.75,3.39,13304.39,3474.65,86490.44,131.6,64.05,365.58
"QLDNorth","Isaac",149.473205566406,-21.9128932952881,0.9,4.97,5.52,3162.53,1079.67,13694.26,210.16,101.72,568.91
"WANorth","Exmouth",113.988929748535,-21.8793773651123,0.9,2.65,4.21,185846.21,37640.23,1623406.33,31.81,18.96,66.6
"WANorth","Exmouth",114.161590576172,-21.857177734375,0.9,2.7,3.92,43195.03,10171.9,313975.44,44.73,26.48,92.28
"WANorth","Ashburton",114.639007568359,-21.8556880950928,0.9,2.73,3.35,17829.99,4547.4,118671.55,161.49,76.4,466.45
"QLDNorth","Isaac",149.497985839844,-21.8373069763184,0.9,4.96,5.93,3415.26,1151.96,15047.69,72.38,40.43,161.1
"WANorth","Exmouth",114.026725769043,-21.8443050384521,0.9,2.65,4.22,225029.12,45394.17,1956538.53,26.15,16.1,52.14
"WANorth","Exmouth",114.072372436523,-21.8131542205811,0.9,2.65,4.68,232401.19,46998.62,2007485.72,14.78,9.93,25.98
"WANorth","Exmouth",114.106651306152,-21.8011608123779,0.9,2.66,4.62,158463.94,33570.09,1287536.31,14.38,9.75,24.91
"WANorth","Ashburton",114.694152832031,-21.8100566864014,0.9,2.75,4.39,13351.42,3548.44,83887.89,16.29,10.8,29.15
"WANorth","Ashburton",114.732940673828,-21.7966442108154,0.9,2.77,4.43,9556.45,2634.59,57381.08,15.15,10.16,26.68
"QLDNorth","Isaac",149.49885559082,-21.8184833526611,0.9,4.96,5.94,3406.23,1149.03,15007.81,70.94,39.81,156.69
"WANorth","Ashburton",114.803909301758,-21.7612190246582,0.9,2.76,4.3,12293.65,3279.53,77167.43,17.81,11.64,32.56
"WANorth","Ashburton",114.852874755859,-21.73219871521,0.9,2.75,4.09,15257.3,3942.05,100213.92,24,15.01,46.76
"WANorth","Ashburton",114.893501281738,-21.7101440429688,0.9,2.75,4.1,15380.51,3935.61,102872.88,23.55,14.78,45.62
"QLDNorth","Isaac",149.473403930664,-21.7105274200439,0.9,4.95,5.71,4370.63,1429.71,20056.53,153.12,76.62,397.99
"WANorth","Ashburton",114.962005615234,-21.6720962524414,0.9,2.73,4.19,24534.4,5878.57,179818.66,20.83,13.31,39.34
"WANorth","Ashburton",114.987686157227,-21.6752738952637,0.9,2.74,3.53,19205.6,4712.4,137000.45,89.32,46.3,226.12
"WANorth","Ashburton",115.063972473145,-21.6700992584229,0.9,2.74,3.71,16881.74,4199.01,118466.02,53.56,29.93,121.94
"QLDNorth","Mackay",149.501937866211,-21.6074867248535,0.9,4.95,5.3,4216.56,1395.68,18975.23,607.15,254.37,2004.16
"WANorth","Ashburton",115.10912322998,-21.6282291412354,0.9,2.73,3.67,21325.4,5146.63,155825.89,60.48,33.21,141.09
"WANorth","Ashburton",115.226104736328,-21.5682563781738,0.9,2.72,3.16,31076.13,7140.84,242578.62,468.42,188.06,1715.01
"WANorth","Ashburton",115.250549316406,-21.56858253479,0.9,2.74,3.61,18544.01,4509.66,134998.34,71.98,38.33,175.85
"WANorth","Ashburton",115.32438659668,-21.5746021270752,0.9,2.74,3.31,15871.98,3924.88,113233.93,191.84,87.77,583.98
"WANorth","Ashburton",115.359649658203,-21.5610389709473,0.9,2.75,3.31,14642.09,3669.48,102413.93,193.44,88.17,592.8
"QLDNorth","Mackay",149.420806884766,-21.5454864501953,0.9,4.97,5.74,2902.57,1025.06,11872.23,141.49,71.7,361.12
"QLDNorth","Mackay",149.487106323242,-21.5661678314209,0.9,4.96,5.3,3598.47,1223.59,15566.46,616.88,258.51,2033.05
"WANorth","Ashburton",115.47191619873,-21.51194190979,0.9,2.73,3.71,22130.98,5294.17,164043.35,79.48,42.44,191.57
"QLDNorth","Mackay",149.368225097656,-21.5004806518555,0.9,4.99,5.14,2266.76,823.47,8940.84,1141.4,443.55,4155.46
"WANorth","Ashburton",115.511497497559,-21.4501342773438,0.9,2.72,3.59,27004.67,6314.1,206033.71,110.84,54.11,310.91
"QLDNorth","Mackay",149.29914855957,-21.4694633483887,0.9,4.98,5.13,2600.11,929.89,10464.04,1243.49,478.8,4579.26
"WANorth","Karratha",115.55899810791,-21.4032878875732,0.9,2.71,3.04,38304.91,8594.21,308154.1,1102.95,387.92,4889.98
"QLDNorth","Mackay",149.340362548828,-21.4251403808594,0.9,4.98,5.45,2433.53,880.33,9630.23,269.61,126.65,758.94
"WANorth","Karratha",115.591316223145,-21.3698673248291,0.9,2.7,3,48412.84,10518.94,407068.28,1608.71,538.69,7616.24
"QLDNorth","Mackay",149.318893432617,-21.3723621368408,0.9,4.99,5.2,2363.29,857.53,9317.25,780.72,319.73,2643.78
"WANorth","Karratha",115.636985778809,-21.3276233673096,0.9,2.7,3.05,49976.7,10918.54,414743.87,1192.71,417.24,5308.52
"QLDNorth","Mackay",149.32356262207,-21.3195629119873,0.9,4.99,5.17,2346.85,857.05,9148.38,917.99,369.69,3172.81
"WANorth","Karratha",115.699020385742,-21.2780055999756,0.9,2.7,3.01,47208.06,10469.45,382236.16,1651.27,560.79,7582.5
"WANorth","Karratha",115.73405456543,-21.2697048187256,0.9,2.73,3.02,23941.81,5798.87,172162.5,1250.62,441.39,5445.67
"WANorth","Karratha",115.788192749023,-21.262508392334,0.9,2.78,2.98,7301.83,2109.27,40889.22,1579.42,547.61,6986.8
"QLDNorth","Mackay",149.262390136719,-21.2634410858154,0.9,4.99,5.38,2260.32,827.63,8789.13,341.97,155.32,1008.88
"WANorth","Karratha",115.833740234375,-21.2164745330811,0.9,2.74,2.91,18547.2,4706.27,124294.22,3615.82,1117.12,18765.62
"WANorth","Karratha",115.851295471191,-21.1703968048096,0.9,2.71,3.71,36048.2,8321.33,275734.07,72.74,38.8,176.98
"QLDNorth","Mackay",149.202774047852,-21.1665744781494,0.9,4.84,5.52,1794.47,672.85,6777.56,128.3,65.67,323.53
"WANorth","Karratha",115.883941650391,-21.1121234893799,0.9,2.7,3.7,45461.11,10337.22,351837.68,79.51,41.68,198.8
"WANorth","Karratha",115.945236206055,-21.0636043548584,0.9,2.71,3.3,39120.3,9049.26,296238.71,257.63,112.51,839.27
"QLDNorth","Mackay",149.23371887207,-21.0691242218018,0.9,4.82,5.59,2420.57,881.18,9472.53,116.51,60.48,288.08
"WANorth","Karratha",116.00074005127,-21.0321044921875,0.9,2.71,3.3,36040.08,8441.41,268086.13,258.43,113.03,839
"WANorth","Karratha",116.048873901367,-21.0148506164551,0.9,2.71,3,38178.76,8953.89,282114.93,1543.37,515.67,7367.04
"QLDNorth","Mackay",149.189743041992,-21.0312118530273,0.9,4.82,5.28,2584.39,928.46,10318.73,272.08,127.42,769.81
"WANorth","Karratha",116.110061645508,-20.9945011138916,0.9,2.7,2.94,42959.12,9978.54,320577.8,2732.02,849.08,14347.81
"WANorth","Karratha",116.153228759766,-20.9728336334229,0.9,2.69,2.9,70692.89,15434.41,572652.31,3936.86,1181.24,21497.18
"QLDNorth","Mackay",149.048797607422,-20.9769611358643,0.9,4.82,5.77,2482.5,894.59,9881.34,81.4,44.33,188.53
"QLDNorth","Mackay",149.100326538086,-20.9781055450439,0.9,4.81,5.47,2707.37,965.74,10919.98,150.98,76.08,387.66
"QLDNorth","Mackay",149.155029296875,-20.9785442352295,0.9,4.81,5.12,2789.22,992.75,11274.74,592.77,250.16,1933.23
"WANorth","Karratha",116.15380859375,-20.929069519043,0.9,2.69,3.51,56653.5,12735.65,441092.3,90.49,46.28,235.06
"QLDNorth","Mackay",149.051864624023,-20.9236888885498,0.9,4.82,5.03,2551.91,917.9,10174.75,862.91,348.17,2984.31
"WANorth","Ashburton",115.397163391113,-20.8932819366455,0.9,2.72,3.03,25593.58,6373.78,173630.57,1439.5,498.4,6435.01
"WANorth","Karratha",116.189353942871,-20.8822536468506,0.9,2.68,3.77,86336.52,18611.12,706512.03,45.21,25.72,100.77
"QLDNorth","Mackay",148.945083618164,-20.8749885559082,0.9,4.81,5.05,2986.67,1040.2,12509.67,712.64,290.76,2445.43
"QLDNorth","Mackay",148.993865966797,-20.8916931152344,0.9,4.81,5.27,2986.07,1045.28,12391.03,303.8,138.06,902.95
"WANorth","Karratha",116.207725524902,-20.8317775726318,0.9,2.71,4.14,38098.02,9028.49,276052.81,22.11,13.92,42.76
"WANorth","Karratha",116.338638305664,-20.8400115966797,0.9,2.72,3.48,30155.7,7330.81,211681.02,91.72,46.79,239.24
"WANorth","Karratha",116.370178222656,-20.8314571380615,0.9,2.72,3.48,29540.43,7173.05,208119.67,91.41,46.68,237.97
"WANorth","Karratha",116.419342041016,-20.82692527771,0.9,2.72,2.93,29658.56,7239.41,206832.03,2218.8,724.45,10747.55
"QLDNorth","Mackay",148.842803955078,-20.8253059387207,0.9,4.82,5.23,2408.38,858.96,9789.19,287.14,131.58,843.34
"WANorth","Ashburton",115.300354003906,-20.7760372161865,0.9,2.63,4.74,485370.02,86692.28,5026955,19.03,12.33,35.19
"WANorth","Ashburton",115.487831115723,-20.7847900390625,0.9,2.81,3.42,4430.78,1310.19,24659.71,126.13,61.35,352.12
"WANorth","Karratha",116.49250793457,-20.7913150787354,0.9,2.68,2.89,76380.92,16786.15,607868.92,4013.44,1216.3,21452.32
"QLDNorth","Mackay",148.845092773438,-20.78391456604,0.9,4.82,5.23,2513.44,889.75,10329.97,282.24,129.65,826.23
"WANorth","Ashburton",115.352661132812,-20.7395095825195,0.9,2.64,4.01,387320.38,70542.4,3926130.51,56.82,31.15,133.69
"WANorth","Ashburton",115.492980957031,-20.7369003295898,0.9,2.9,4.72,1226.06,426.87,5496.18,12.85,8.84,21.83
"WANorth","Karratha",116.54035949707,-20.746467590332,0.9,2.69,2.85,74771.42,16826.01,570179.77,8858.8,2446.71,53315.37
"QLDNorth","Mackay",148.822952270508,-20.7695465087891,0.9,3.79,4.2,2559.03,903.21,10562.89,281.49,129.4,822.92
"WANorth","Karratha",116.580741882324,-20.6878547668457,0.9,2.68,3.14,82515.58,18297.12,642507.36,591.58,233.99,2187.16
"WANorth","Karratha",116.834449768066,-20.7047786712646,0.9,4.97,6.22,469.63,189.24,1706.36,15.71,10.42,28.2
"WANorth","Karratha",116.889343261719,-20.715892791748,0.9,4.94,6.17,676.84,260.91,2604.16,17.15,11.23,31.34
"WANorth","Karratha",117.254760742188,-20.7014217376709,0.9,4.85,5.64,1804.42,606.98,8381.81,43.45,24.58,98.31
"WANorth","Karratha",117.30729675293,-20.723934173584,0.9,4.84,5.01,2193.14,720.96,10491.2,520.36,205.63,1948.76
"WANorth","Karratha",117.371124267578,-20.7290821075439,0.9,4.82,5.11,2709.75,868.42,13394.99,324.6,136.76,1113.79
"WANorth","Karratha",117.407180786133,-20.7229251861572,0.9,4.82,4.97,3068.27,970.16,15418.56,797.81,298.33,3216.31
"WANorth","Karratha",117.478233337402,-20.7161254882812,0.9,4.8,5.14,3808.68,1164.63,20087.1,307.14,130.66,1038.59
"WANorth","Karratha",117.53833770752,-20.70654296875,0.9,4.8,5.31,4156.24,1251.25,22443.55,137.86,65.91,395.32
"WANorth","Karratha",117.576545715332,-20.6753768920898,0.9,4.79,6.42,4371.88,1313.4,23608.8,13.72,9.31,23.81
"QLDNorth","Mackay",148.733520507812,-20.6849021911621,0.9,3.81,4.07,1820.89,663.21,7250.97,400.48,175.19,1254.5
"QLDNorth","Mackay",148.759948730469,-20.7212963104248,0.9,3.8,4.16,2071.12,745.83,8351.64,298.64,135.98,885.37
"WANorth","Karratha",116.56339263916,-20.6260738372803,0.9,2.68,3.55,78534.54,17585.8,602444.77,94.79,48.41,245.92
"WANorth","Karratha",116.816337585449,-20.6157131195068,0.9,4.97,5.98,482.34,193.65,1761.43,21.85,13.76,42.33
"WANorth","Karratha",117.007186889648,-20.6498851776123,0.9,4.87,5.8,1401.03,491.34,6119.44,31.61,18.79,66.55
"WANorth","Karratha",117.050231933594,-20.6246738433838,0.9,4.85,5.77,1900.59,640.58,8756.85,34.15,20.07,73.05
"WANorth","Karratha",117.200706481934,-20.6297302246094,0.9,4.84,5.64,2097.27,691.31,10015.99,45.06,25.35,102.69
"WANorth","Karratha",117.641456604004,-20.6586017608643,0.9,4.8,4.93,3887.23,1193.29,20311.54,1345.87,467.19,6020.15
"QLDNorth","Mackay",148.729705810547,-20.6312599182129,0.9,3.82,3.9,1684.81,616.16,6693.19,930.27,365.44,3365.77
"WANorth","Karratha",116.63346862793,-20.5624713897705,0.9,2.73,3.85,24849.22,6289.95,163812.44,37.41,21.78,80.92
"WANorth","Karratha",116.853927612305,-20.5505542755127,0.9,4.93,5.97,691.34,264.89,2687.46,23.01,14.38,45.03
"WANorth","Karratha",117.088943481445,-20.6125068664551,0.9,4.83,5.55,2414.07,788.03,11617.33,58.17,31.53,139.75
"WANorth","Karratha",117.70694732666,-20.609338760376,0.9,4.8,6.37,4168.85,1279.35,21675.75,15.31,10.22,27.2
"WANorth","Karratha",117.731239318848,-20.6048641204834,0.9,4.82,6.43,2976.23,946.74,14816.43,13.89,9.4,24.25
"WANorth","Port Hedland",117.788162231445,-20.5817928314209,0.9,4.82,5.98,2822.21,914.44,13609.68,25.95,15.96,51.86
"WANorth","Port Hedland",117.855735778809,-20.5904445648193,0.9,4.82,5.47,2917.21,948.67,13932.86,91.77,46.5,242.65
"QLDNorth","Whitsunday",148.675888061523,-20.5708465576172,0.9,3.84,4.04,1246.41,471.13,4751.46,393.36,172.33,1230.4
"QLDNorth","Whitsunday",148.85710144043,-20.5329475402832,0.9,3.8,4.44,2085.87,740.85,8626.97,99.88,53.7,233.6
"QLDNorth","Whitsunday",148.89958190918,-20.547945022583,0.9,3.77,4.58,3120.02,1061.94,13598.73,73.05,40.78,162.62
"WANorth","Karratha",116.695823669434,-20.5156555175781,0.9,4.75,5.98,10998.92,3040.53,65011.25,23.78,14.83,46.6
"WANorth","Karratha",116.8779296875,-20.5187358856201,0.9,4.92,6.13,785.78,297.18,3100.89,18.37,11.92,34.01
"WANorth","Port Hedland",117.895408630371,-20.5413818359375,0.9,4.82,4.93,3039.88,977.53,14791.42,1299.74,452.59,5794.82
"QLDNorth","Whitsunday",148.694717407227,-20.5426292419434,0.9,3.84,4.04,1275.41,480.18,4890.65,401.02,175.12,1260.37
"QLDNorth","Whitsunday",148.712020874023,-20.5181045532227,0.9,3.84,4.04,1250.83,471.08,4800.03,390.59,170.95,1224.65
"QLDNorth","Whitsunday",148.81755065918,-20.5104503631592,0.9,3.82,4.67,1619.91,591.84,6465.07,58.33,33.51,124.98
"QLDNorth","Whitsunday",148.934631347656,-20.5306968688965,0.9,3.73,4.59,6003.08,1889.88,28968.57,85.11,46.45,195.68
"WANorth","Karratha",116.779930114746,-20.5041923522949,0.9,4.73,5.55,16324.96,4341.19,100973.34,66.16,35.28,162.44
"WANorth","Karratha",116.891662597656,-20.4834842681885,0.9,4.9,5.9,943.18,347.16,3868.48,26.2,16.07,52.63
"WANorth","Port Hedland",117.913688659668,-20.4775104522705,0.9,4.8,5.95,4060.84,1259.44,20727.2,28.73,17.43,58.49
"QLDNorth","Whitsunday",148.913909912109,-20.4831104278564,0.9,3.75,5.19,4200.58,1376.76,19257.23,28.07,17.65,53.39
"WANorth","Karratha",116.801399230957,-20.432638168335,0.9,4.71,5.86,26451.34,6680.42,174361.16,33.72,19.93,71.37
"WANorth","Karratha",116.898109436035,-20.4479827880859,0.9,4.87,5.56,1343.18,472.72,5846.21,54.41,29.79,128.89
"WANorth","Port Hedland",117.92943572998,-20.4624061584473,0.9,4.81,5.98,3167.99,1006.88,15719.09,26.69,16.36,53.59
"WANorth","Port Hedland",118.020324707031,-20.4503135681152,0.9,4.84,6.03,2219.51,733.9,10485.2,23.87,14.85,46.96
"QLDNorth","Whitsunday",148.889389038086,-20.4597663879395,0.9,3.74,4.81,5854.07,1836.4,28484.92,46.6,27.62,95.58
"WANorth","Port Hedland",118.058555603027,-20.4135265350342,0.9,4.84,6.03,2237.97,743.33,10472.86,23.74,14.78,46.69
"QLDNorth","Whitsunday",148.895095825195,-20.3785915374756,0.9,3.73,4.29,7082.29,2176.03,35369.65,193.28,94.05,521
"QLDNorth","Whitsunday",148.952117919922,-20.3802852630615,0.9,3.73,4.59,6238.1,1946.7,30520.3,78.45,43.07,179.38
"QLDNorth","Mackay",149.021896362305,-20.3936939239502,0.9,3.74,4.35,5770.07,1826.88,27623.76,147.31,72.39,397.65
"WANorth","Port Hedland",118.129188537598,-20.370532989502,0.9,4.83,5.95,2387.3,791.03,11166.7,28.42,17.25,57.92
"WANorth","Port Hedland",118.167083740234,-20.3465995788574,0.9,4.83,5.66,2453.04,813.94,11419.01,51.41,28.53,119.08
"WANorth","Port Hedland",118.196533203125,-20.3357353210449,0.9,4.86,5.72,1700.11,589.72,7469.69,43.6,24.74,97.94
"WANorth","Port Hedland",118.26683807373,-20.3528156280518,0.9,4.86,5.49,1718.35,592.83,7623.95,78.43,40.69,200.57
"WANorth","Port Hedland",118.31844329834,-20.3370609283447,0.9,4.86,6.13,1739.51,602.51,7650.81,21,13.33,40.15
"WANorth","Port Hedland",118.367660522461,-20.3476428985596,0.9,4.87,5.42,1406.37,496.99,6049.22,97.03,48.66,260.77
"QLDNorth","Whitsunday",148.919830322266,-20.3214683532715,0.9,3.72,4.04,8397.44,2531.75,42953.58,651.09,269.56,2187.19
"QLDNorth","Whitsunday",149.051406860352,-20.3108921051025,0.9,3.74,4.83,5433.58,1725.38,25974.54,53.05,30.94,111.21
"WANorth","Port Hedland",118.455070495605,-20.3152179718018,0.9,4.86,5.95,1669.55,584.37,7217.89,27.8,16.9,56.57
"WANorth","Port Hedland",118.461875915527,-20.3154773712158,0.9,4.86,6.66,1639.87,575.73,7057.66,11.31,7.89,18.85
"WANorth","Port Hedland",118.53050994873,-20.3007946014404,0.9,4.85,6.54,1795.44,627.53,7740.49,12.86,8.81,22.03
"WANorth","Port Hedland",118.634323120117,-20.2938327789307,0.9,4.85,6.03,1833.18,639.67,7915.72,25.05,15.5,49.68
"WANorth","Port Hedland",118.696647644043,-20.3080749511719,0.9,4.85,5.62,1782.36,624.74,7646.12,58.51,31.88,139.06
"WANorth","Port Hedland",118.741676330566,-20.2921085357666,0.9,4.85,6.61,1868.08,653.21,8022.51,12.47,8.6,21.11
"QLDNorth","Whitsunday",148.906173706055,-20.2758388519287,0.9,3.71,4.03,10017.04,2943.01,53136.09,687.24,279.2,2383.77
"QLDNorth","Whitsunday",149.048431396484,-20.2850322723389,0.9,3.7,4.08,11023.06,3210.47,59054.78,546.13,225.55,1867.04
"WANorth","Port Hedland",118.827583312988,-20.2426986694336,0.9,4.84,5.31,2184.03,754.54,9488.37,174.03,80.82,518.46
"WANorth","Port Hedland",118.840995788574,-20.229076385498,0.9,4.83,5.31,2342.42,801.27,10318.42,177.13,82.19,527.67
"QLDNorth","Whitsunday",148.831161499023,-20.2356262207031,0.9,3.69,4.19,13453.46,3822.55,74482.69,250.71,114.83,744.6
"QLDNorth","Whitsunday",148.910110473633,-20.2499942779541,0.9,3.68,4.01,16916.85,4675.77,97110.33,679.13,273.26,2401.61
"QLDNorth","Whitsunday",149.029388427734,-20.2381935119629,0.9,3.7,4.6,11363.83,3297.86,61164.85,72.94,39.89,168.96
"WANorth","Port Hedland",118.865966796875,-20.2053852081299,0.9,4.82,5.3,2681.88,902.06,12080.34,190.18,87.35,574.8
"QLDNorth","Whitsunday",148.681640625,-20.1868515014648,0.9,3.68,4.65,18365.27,5003.82,107683.94,56.9,31.67,129.84
"QLDNorth","Whitsunday",148.752014160156,-20.2341957092285,0.9,3.67,4.75,20928.71,5614.95,125202.85,35.93,21.11,76.53
"QLDNorth","Whitsunday",148.811904907227,-20.2081069946289,0.9,3.68,4.27,20076.48,5432.69,118534.41,164.9,79.28,460.51
"QLDNorth","Whitsunday",148.89094543457,-20.1693572998047,0.9,3.68,4.1,17201.47,4747.61,98900.36,479.52,208.62,1498.6
"QLDNorth","Whitsunday",149.0478515625,-20.1767330169678,0.9,3.7,4.66,11573.94,3349.39,62547.14,69.69,39.54,150.99
"WANorth","Port Hedland",118.907958984375,-20.1533355712891,0.9,4.82,5.29,2784.81,936.83,12506.24,197.03,90.3,596.15
"QLDNorth","Whitsunday",148.616928100586,-20.1395874023438,0.9,3.68,4.85,16657.98,4604.61,95704.67,42.62,24.89,90.58
"QLDNorth","Whitsunday",148.878921508789,-20.1377506256104,0.9,3.67,4.17,22306.98,6002.15,132194.95,265.66,119.71,810.83
"QLDNorth","Whitsunday",149.020416259766,-20.1534824371338,0.9,3.69,4.18,14475.55,4121.35,79467.77,316.02,140.31,979.35
"WANorth","Port Hedland",118.972709655762,-20.0898818969727,0.9,4.81,5.2,3341.1,1105.51,15283.86,315.3,135.3,1045.21
"QLDNorth","Whitsunday",148.307312011719,-20.1071434020996,0.9,3.19,3.8,29240.78,7516.43,185274.9,306.17,137.71,927.52
"QLDNorth","Whitsunday",148.337829589844,-20.1377258300781,0.9,3.18,3.79,32700.14,8320.38,209619.45,324.46,144.34,999.61
"QLDNorth","Whitsunday",148.644317626953,-20.0960540771484,0.9,3.68,4.44,19479.62,5294.04,114317.03,96.29,49.31,248.13
"QLDNorth","Whitsunday",148.877655029297,-20.0655612945557,0.9,3.66,4.14,26734.55,6998.57,164740.56,434.26,187.39,1388.07
"QLDNorth","Whitsunday",148.969421386719,-20.0698776245117,0.9,3.69,5.01,14785.92,4186.16,81903.14,36.06,22.34,69.32
"WANorth","Port Hedland",118.997650146484,-20.0329113006592,0.9,4.82,5.21,3067.59,1021.74,13942.16,298.32,129.94,964.41
"WANorth","East Pilbara",119.519950866699,-20.0433902740479,0.9,4.84,5.47,2034.78,742.68,8011.7,95.86,49.19,246.1
"WANorth","East Pilbara",119.583999633789,-20.0681285858154,0.9,4.84,5.11,2149.87,780.14,8525.95,432.22,184.63,1409.27
"WANorth","East Pilbara",119.636421203613,-20.0477066040039,0.9,4.84,5.1,2214.89,802.83,8785.2,443.01,189.98,1430.93
"QLDNorth","Whitsunday",148.298141479492,-20.0416526794434,0.9,3.19,3.85,26168.79,6784.08,164407.13,251.55,116.45,731.7
"QLDNorth","Whitsunday",148.433990478516,-20.0228958129883,0.9,3.18,4.08,35748.93,8983.26,233165.53,79.59,42.06,195.83
"QLDNorth","Whitsunday",148.536437988281,-20.0547847747803,0.9,3.2,3.86,22226.7,5917.08,134365.56,194.73,92.18,553.23
"QLDNorth","Whitsunday",148.565017700195,-20.0668964385986,0.9,3.68,4.43,17772.33,4880.21,102932.66,136.4,68.6,354.21
"QLDNorth","Whitsunday",148.895431518555,-20.0388641357422,0.9,3.67,4.73,21206.82,5699.17,126364.38,53.34,30.4,116.82
"QLDNorth","Whitsunday",148.955841064453,-20.0561389923096,0.9,3.68,4.81,19798.55,5377.34,116202.15,44.64,26.16,93.95
"WANorth","Port Hedland",119.073089599609,-20.0058364868164,0.9,4.81,5.9,3431.98,1127.46,15884.16,38.88,22.5,84.82
"WANorth","Port Hedland",119.086044311523,-19.9914436340332,0.9,4.81,4.91,3414.83,1119.71,15867.13,1609.29,573.12,6746.97
"WANorth","Port Hedland",119.365753173828,-19.9896373748779,0.9,4.82,4.95,2937.27,1016.9,12452.86,1216.79,461.75,4611.87
"WANorth","Port Hedland",119.421737670898,-19.9905967712402,0.9,4.83,5.21,2559.51,906.83,10490.47,281.74,125.78,871.7
"WANorth","Port Hedland",119.469665527344,-20.003963470459,0.9,4.83,5.14,2659.7,937.63,10974.97,412.62,176.04,1353.39
"WANorth","East Pilbara",119.688293457031,-19.9963130950928,0.9,4.84,5.1,2264.17,818.38,9014.83,436.72,188.84,1389.97
"QLDNorth","Whitsunday",148.267623901367,-19.9859199523926,0.9,3.19,3.89,25648.85,6644.52,161567.6,232.52,109.81,654.76
"QLDNorth","Whitsunday",148.433792114258,-19.9874267578125,0.9,3.18,3.97,35416.37,8865.4,232788.36,116.56,58.51,307.54
"QLDNorth","Whitsunday",148.552749633789,-19.9927291870117,0.9,3.18,4.16,31366.25,8014.37,200059.47,82.51,44.47,194.75
"WANorth","Port Hedland",119.168464660645,-19.9530563354492,0.9,4.82,5.09,2888.14,986.82,12562.98,576.34,234.65,2017.35
"WANorth","Port Hedland",119.206848144531,-19.9463481903076,0.9,4.82,5.09,2926.96,1010.03,12487.49,578.37,237.12,1996.75
"WANorth","Port Hedland",119.25757598877,-19.9648323059082,0.9,4.81,4.98,3625.57,1208.93,16255.06,1153.56,430.52,4531.11
"WANorth","Port Hedland",119.307754516602,-19.9808597564697,0.9,4.82,5.01,2774.05,968.92,11613.16,844.21,332.46,3061.34
"WANorth","East Pilbara",119.744606018066,-19.9636402130127,0.9,4.83,5.21,2492.76,883.39,10229.97,255.35,117.91,745.59
"WANorth","East Pilbara",119.843452453613,-19.9636344909668,0.9,4.84,4.95,2077.13,746.73,8400.71,948.72,372.73,3426.99
"WANorth","East Pilbara",119.89623260498,-19.9465560913086,0.9,4.84,4.97,2192.88,785.54,8895.5,856.95,341.42,3036.44
"WANorth","East Pilbara",119.945373535156,-19.9375991821289,0.9,4.84,4.98,2041.3,736.91,8201.39,807.88,323.93,2839.97
"WANorth","East Pilbara",119.996444702148,-19.9295768737793,0.9,4.85,4.99,1783.72,655.16,7001.9,734.51,298.01,2541.88
"QLDNorth","Whitsunday",148.151626586914,-19.9428615570068,0.9,3.19,4.03,27154.29,6959.63,173831.33,155.39,78,401.15
"QLDNorth","Whitsunday",148.206604003906,-19.9486331939697,0.9,3.19,3.96,25535.72,6595.96,161775.58,190.82,92.76,515.91
"QLDNorth","Whitsunday",148.441223144531,-19.9711360931396,0.9,3.18,4.02,30588.21,7740.72,198926.02,99.5,51.31,252.17
"QLDNorth","Whitsunday",148.452850341797,-19.9661026000977,0.9,3.19,4.3,26964.34,6916.67,172430.05,61.98,35.03,136.39
"WANorth","Broome",120.065490722656,-19.9218635559082,0.9,4.85,4.98,1816.36,664.68,7170.79,764.36,307.69,2677.36
"WANorth","Broome",120.112655639648,-19.914041519165,0.9,4.85,5.13,1811.51,663.22,7146.42,357.41,157.73,1110.15
"WANorth","Broome",120.158889770508,-19.9079303741455,0.9,4.85,5.08,1764.62,648.18,6931.16,459.37,196.34,1489.35
"WANorth","Broome",120.213424682617,-19.9057884216309,0.9,4.85,5.07,1915.77,695.5,7649.05,482.12,204.6,1578.83
"QLDNorth","Whitsunday",148.089401245117,-19.8941669464111,0.9,3.21,4,16795.52,4554.79,99927.17,179.09,88.05,476.02
"WANorth","Broome",120.28434753418,-19.8830451965332,0.9,4.84,5.07,2244.84,805.18,9070.89,493.59,209.84,1608.2
"WANorth","Broome",120.331367492676,-19.8702392578125,0.9,4.84,5.07,2028.65,738.95,8018.91,489,208.49,1585.62
"WANorth","Broome",120.376899719238,-19.8509407043457,0.9,4.86,5.09,1568.57,592.23,5899.91,432.01,187.73,1363.04
"QLDNorth","Whitsunday",147.870895385742,-19.8506202697754,0.9,3.2,3.85,22283.75,5795.25,140670.3,296.55,135.66,871.86
"QLDNorth","Whitsunday",147.89860534668,-19.8779392242432,0.9,3.19,3.83,24226.47,6249.24,154413.99,339.26,152.22,1024.92
"QLDNorth","Whitsunday",148.025787353516,-19.8905639648438,0.9,3.18,4.11,30140.01,7635.59,195806.22,136.36,69.24,347.59
"QLDNorth","Whitsunday",148.049194335938,-19.880392074585,0.9,3.19,3.99,29185.63,7413.97,189049.84,197.13,95.42,535.94
"WANorth","Broome",120.446357727051,-19.824390411377,0.9,4.85,5.06,1961.4,719.18,7675.99,510.16,216.92,1657.77
"WANorth","Broome",120.484565734863,-19.8106021881104,0.9,4.85,5.07,1892.79,698.54,7336.01,495.82,211.94,1598.28
"WANorth","Broome",120.529876708984,-19.7982482910156,0.9,4.85,5.07,1818.35,675.36,6982.94,481.07,206.4,1543.19
"QLDNorth","Burdekin",147.636581420898,-19.7879085540771,0.9,3.17,3.65,39434.96,9547.21,273840.1,780.77,312.69,2757.44
"QLDNorth","Burdekin",147.66423034668,-19.8059043884277,0.9,3.17,3.61,47154.14,11185.71,336088,1066.02,407.05,4031.17
"QLDNorth","Whitsunday",147.857131958008,-19.801721572876,0.9,3.2,3.86,22267.43,5792.37,140512.4,296.85,135.84,872.09
"WANorth","Broome",120.579978942871,-19.7765197753906,0.9,4.86,5.07,1682.01,633.62,6324.57,484.89,209.54,1533.59
"WANorth","Broome",120.65160369873,-19.7546901702881,0.9,4.85,5.06,1743.29,654.47,6581.41,525.53,224.32,1691.68
"WANorth","Broome",120.687477111816,-19.7428932189941,0.9,4.85,5.06,1852.2,688.41,7095.63,544.25,231.31,1762.02
"WANorth","Broome",120.729225158691,-19.7241172790527,0.9,4.86,5.05,1719.4,647.06,6468.07,588.16,247.36,1931.74
"QLDNorth","Burdekin",147.605331420898,-19.7488174438477,0.9,3.18,3.67,32160.4,7981.29,216171.66,670.89,274.59,2298.24
"QLDNorth","Whitsunday",147.738739013672,-19.7649955749512,0.9,3.17,3.83,45643.52,10927.81,320469.92,399.52,173.5,1269.41
"QLDNorth","Whitsunday",147.856964111328,-19.7432193756104,0.9,3.19,3.5,24630.45,6329.4,157929.59,1671.03,607.9,6708.86
"WANorth","Broome",120.793174743652,-19.6948852539062,0.9,6.33,6.52,1578.45,605.11,5770.66,553.94,235.91,1784.3
"QLDNorth","Whitsunday",147.75080871582,-19.702392578125,0.9,3.18,3.99,33589.68,8320.79,225889.49,217.99,102.6,620.79
"QLDNorth","Whitsunday",147.780395507812,-19.7049865722656,0.9,3.18,3.92,33044.12,8205.12,221480.14,251.79,116.38,734.5
"QLDNorth","Whitsunday",147.826461791992,-19.7084178924561,0.9,3.19,4.17,24588.55,6315.7,157815.8,119.28,61.53,297.97
"WANorth","Broome",120.856033325195,-19.6699066162109,0.9,6.33,6.53,1623.1,614.06,6068.82,501.26,216.26,1586.69
"WANorth","Broome",120.902053833008,-19.6542224884033,0.9,6.32,6.52,1716.59,648.89,6405.62,580.64,245.77,1885.92
"WANorth","Broome",120.94229888916,-19.6378479003906,0.9,6.36,6.54,1155.53,463.8,3960.24,493.88,214.81,1541.2
"QLDNorth","Burdekin",147.608001708984,-19.6527614593506,0.9,3.26,3.61,29861.76,7474.67,198518.91,1423.31,531.29,5504.45
"WANorth","Broome",121.010299682617,-19.5989818572998,0.9,6.34,6.47,1353.45,528.61,4828.34,695.12,290.16,2289.23
"QLDNorth","Burdekin",147.57568359375,-19.5920028686523,0.9,3.27,3.93,23995.87,6162.93,154292.42,317.06,143.33,948.89
"WANorth","Broome",121.067588806152,-19.5578746795654,0.9,6.31,6.43,2224.07,809.32,8755.91,1014.06,402.04,3584.71
"QLDNorth","Burdekin",147.566986083984,-19.5536823272705,0.9,3.27,4.07,26673.71,6783.03,173478.16,220.19,104.76,613.76
"WANorth","Broome",121.12336730957,-19.5209617614746,0.9,6.33,6.45,1553.64,598.34,5638.03,814.47,335.1,2726.79
"WANorth","Broome",121.15958404541,-19.4946613311768,0.9,6.33,6.82,1552.81,598.65,5624.44,196.92,94.3,546.6
"QLDNorth","Burdekin",147.518493652344,-19.4948139190674,0.9,3.27,4.11,25294.03,6469.18,163335.29,188.16,91.63,507.48
"WANorth","Broome",121.21656036377,-19.4481582641602,0.9,6.32,6.81,1716.03,648.68,6403.53,212.73,100.42,603.5
"QLDNorth","Burdekin",147.482009887695,-19.440486907959,0.9,3.27,3.87,24896.31,6380.36,160331.23,435.64,190.15,1362.29
"WANorth","Broome",121.255737304688,-19.4106731414795,0.9,6.32,6.8,1947.38,722.45,7461.76,224.63,105.37,642.52
"QLDNorth","Townsville",147.112716674805,-19.3939304351807,0.9,3.27,3.5,63294.76,14669.44,462009.14,6272.5,1922.59,31724.57
"QLDNorth","Burdekin",147.154144287109,-19.4040985107422,0.9,3.26,3.46,74953.86,16945.07,566615.01,10104.17,2893.26,56204.26
"QLDNorth","Burdekin",147.201370239258,-19.4158000946045,0.9,3.26,4.04,83726.25,18539.07,653040.58,371.8,160.95,1195.11
"QLDNorth","Burdekin",147.27033996582,-19.4202575683594,0.9,3.22,4,110764.68,23603.28,910779.98,381.91,164.67,1234.55
"QLDNorth","Burdekin",147.316925048828,-19.4074878692627,0.9,3.22,4.11,106001.4,22710.44,865423.73,259.45,117.75,782.35
"QLDNorth","Burdekin",147.366546630859,-19.4134864807129,0.9,3.22,4.1,102583.07,22058.31,833663.54,265.15,119.88,804.09
"QLDNorth","Burdekin",147.444625854492,-19.380880355835,0.9,3.23,3.66,68849.3,15856.72,505679.31,1829.16,654.04,7539.27
"WANorth","Broome",121.288803100586,-19.3769283294678,0.9,6.31,6.79,2158.86,790.69,8414.55,233.09,108.76,671.6
"QLDNorth","Townsville",147.091766357422,-19.3602600097656,0.9,3.27,3.49,64093.07,14859.49,467166.07,6336.32,1946.24,31898.95
"WANorth","Broome",121.341453552246,-19.3204784393311,0.9,6.31,6.59,2110.61,773.36,8231.64,558.46,234.95,1839.74
"WANorth","Broome",121.361099243164,-19.2930088043213,0.9,6.31,6.65,2255.97,818.48,8922.37,431.51,186.46,1376.3
"QLDNorth","Townsville",146.900085449219,-19.3002738952637,0.9,3.35,3.96,39893.52,10075.78,256016.37,1030.19,394.11,3891.35
"QLDNorth","Townsville",146.94758605957,-19.2947425842285,0.9,3.28,3.98,47774.81,11749.36,318305.93,634.73,257.69,2217.48
"WANorth","Broome",121.392044067383,-19.2532920837402,0.9,6.31,6.65,2244.78,813.65,8896.43,428.08,185.34,1361.09
"QLDNorth","Townsville",146.981781005859,-19.2680759429932,0.9,3.28,3.98,50313.22,12229.74,341370.69,659.35,266.91,2309.79
"QLDNorth","Townsville",147.061813354492,-19.2527599334717,0.9,3.27,4.52,63091.75,14730.12,454425.11,128.63,64.45,337.99
"WANorth","Broome",121.431411743164,-19.2021427154541,0.9,6.31,6.47,2184.38,792.71,8652.95,1006.2,399.4,3550.85
"QLDNorth","Townsville",147.002349853516,-19.2261600494385,0.9,3.28,3.94,47153.1,11568.83,315794.95,802.17,317.5,2891.81
"QLDNorth","Townsville",147.045791625977,-19.2077312469482,0.9,3.28,4.17,48379.41,11793.8,327313.85,304.16,136.03,932.12
"WANorth","Broome",121.471351623535,-19.1473999023438,0.9,6.31,6.47,2074.9,757.07,8164.48,976.58,389.68,3419.77
"QLDNorth","Townsville",146.617416381836,-19.1560077667236,0.9,3.37,3.7,24206.92,6669.02,136734.7,2445.98,869.34,9996.31
"QLDNorth","Townsville",146.672744750977,-19.1812114715576,0.9,3.36,4.65,26173.52,7145.58,149597.71,149.59,72.26,417.2
"QLDNorth","Townsville",146.745254516602,-19.1750354766846,0.9,3.36,3.89,30025.77,7995.39,178070.46,1215.87,461.02,4615.88
"QLDNorth","Townsville",146.884170532227,-19.1261463165283,0.9,3.35,3.65,37633.88,9587.77,238582.12,3323.36,1133.12,14378.19
"QLDNorth","Townsville",147.014053344727,-19.1807861328125,0.9,3.28,3.93,50259.51,12221.11,340802.43,841.72,330.89,3063.37
"QLDNorth","Townsville",147.022735595703,-19.1852207183838,0.9,3.28,3.97,50334.95,12226.56,341942.27,671.8,272.52,2340.75
"WANorth","Broome",121.51439666748,-19.0784320831299,0.9,6.3,6.6,2361.6,843.38,9588.07,579.39,241.98,1930.21
"QLDNorth","Townsville",146.524719238281,-19.0995292663574,0.9,3.37,3.6,23667.98,6538.16,133217.63,3435.26,1190.52,14392.68
"QLDNorth","Townsville",146.544876098633,-19.1108875274658,0.9,3.37,3.75,23951.36,6604.19,135169.72,1753.44,646.53,6841.38
"QLDNorth","Townsville",146.780822753906,-19.1178245544434,0.9,3.35,4.54,33311.29,8717.36,202615.14,166.57,80.09,464.68
"QLDNorth","Townsville",146.884262084961,-19.1123752593994,0.9,3.35,4.35,39869.74,10067.71,255969.09,247.49,114.21,725.22
"WANorth","Broome",121.520469665527,-19.0504398345947,0.9,6.3,6.61,2407.15,857.35,9809.39,547.18,229.9,1809.71
"QLDNorth","Townsville",146.468566894531,-19.0711936950684,0.9,3.37,4.26,21258.82,5940.97,117929.34,314.36,137.74,1000.04
"QLDNorth","Townsville",146.793090820312,-19.1095657348633,0.9,3.35,4.54,35206.08,9128.27,217045.52,168.55,80.88,471.6
"QLDNorth","Townsville",146.837158203125,-19.102445602417,0.9,3.35,4.19,37902.05,9679.35,239126.76,393.9,171.52,1246.36
"WANorth","Broome",121.545501708984,-18.9979515075684,0.9,6.3,6.39,2440.55,866.61,9992.61,1793.79,662.99,6957.49
"QLDNorth","Townsville",146.406478881836,-19.0029544830322,0.9,3.37,3.81,20550.42,5723.67,114929.65,1267.25,479,4825.27
"WANorth","Broome",121.551979064941,-18.9434871673584,0.9,6.3,6.47,2468.67,876.18,10109.13,1173.12,455.46,4270.53
"QLDNorth","Townsville",146.331924438477,-18.9381656646729,0.9,3.31,3.49,14324.58,4102.38,77847.55,3039.73,1053.43,12834.82
"QLDNorth","Townsville",146.365142822266,-18.9604206085205,0.9,3.3,3.49,17838.41,5009.67,99118.8,3474.65,1189.23,14884.41
"WANorth","Broome",121.59538269043,-18.8983860015869,0.9,6.29,6.39,2619.77,925.07,10787.99,1972.71,721.15,7760.46
"QLDNorth","Hinchinbrook",146.309585571289,-18.9009704589844,0.9,3.31,3.55,12828.12,3707.02,69050.93,1905.29,700.64,7430.32
"WANorth","Broome",121.602256774902,-18.8637847900391,0.9,6.3,6.87,2570.33,911.06,10523.51,200.08,95.54,557.75
"QLDNorth","Hinchinbrook",146.279510498047,-18.8430213928223,0.9,3.33,3.76,9974.57,2942.82,52516.6,860.9,334.39,3200.78
"QLDNorth","Palm Island",146.553527832031,-18.8467845916748,0.9,3.28,4.09,28488.1,7553.69,170802.76,397.92,171.45,1283.98
"QLDNorth","Palm Island",146.644714355469,-18.7806949615479,0.9,3.27,4.18,33050.58,8511.35,207096.87,312.53,140.74,943.2
"QLDNorth","Palm Island",146.662719726562,-18.7778167724609,0.9,3.27,4.27,35296.33,9009.65,223860.07,224.92,105.65,641.53
"WANorth","Broome",121.630653381348,-18.8212699890137,0.9,6.3,6.43,2517.31,896.2,10236.77,1466.54,558.48,5452.99
"QLDNorth","Hinchinbrook",146.28483581543,-18.788667678833,0.9,3.33,3.97,9204.19,2734.23,48100.13,313.47,137.98,988.58
"QLDNorth","Palm Island",146.537780761719,-18.7881507873535,0.9,3.27,3.77,36813.11,9357.81,234648.74,1245.5,476.95,4633.36
"WANorth","Broome",121.633827209473,-18.7459316253662,0.9,6.29,6.73,2730.61,960.31,11298.81,347.41,154.96,1059.54
"QLDNorth","Hinchinbrook",146.29362487793,-18.7438869476318,0.9,3.33,3.99,8870.23,2635.97,46437.05,278.79,124.72,859.79
"QLDNorth","Palm Island",146.530319213867,-18.7633838653564,0.9,3.26,3.64,43787.28,10877.28,287987.94,1291.96,508.05,4564.92
"QLDNorth","Palm Island",146.695037841797,-18.7528095245361,0.9,3.26,4.25,53821.2,13002.66,367734.92,244.88,114.35,701.96
"WANorth","Broome",121.631500244141,-18.6964435577393,0.9,6.31,7.08,2225.16,806.15,8831.53,101.58,53.3,248.51
"QLDNorth","Hinchinbrook",146.313293457031,-18.6965656280518,0.9,3.33,3.99,9824.3,2877.86,52468.21,264.44,119.61,801.54
"QLDNorth","Palm Island",146.530151367188,-18.6977615356445,0.9,3.27,3.69,35406.05,9000.97,226191.5,657.5,274.17,2177.71
"WANorth","Broome",121.702735900879,-18.6924514770508,0.9,6.32,6.62,1907.84,705.17,7369.8,496.17,214.17,1570.26
"WANorth","Broome",121.748542785645,-18.6694412231445,0.9,6.32,6.58,1932.7,714.93,7448.68,575.74,245.38,1847
"QLDNorth","Palm Island",146.55891418457,-18.6555709838867,0.9,3.26,4.17,56863.46,13692.04,389560.08,271.14,124.08,801.8
"QLDNorth","Palm Island",146.595520019531,-18.6801776885986,0.9,3.25,4.22,60039.49,14311.01,417600.83,251.19,116.3,730.55
"WANorth","Broome",121.738983154297,-18.5859107971191,0.9,6.3,6.47,2385.32,855.47,9602.64,1145.02,449.11,4096.34
"QLDNorth","Hinchinbrook",146.3427734375,-18.5997543334961,0.9,3.31,3.8,13394.05,3776.99,75223.24,429.4,186.5,1356.82
"WANorth","Broome",121.748870849609,-18.5592384338379,0.9,6.29,6.64,2623.99,934.39,10638.04,516.97,221.54,1653.68
"QLDNorth","Hinchinbrook",146.348968505859,-18.5500183105469,0.9,3.3,3.95,16567.85,4539.06,96806.93,298.68,134.14,909.16
"WANorth","Broome",121.770851135254,-18.5249538421631,0.9,6.3,6.51,2456.65,881.68,9858.27,958.51,383.1,3350.24
"WANorth","Broome",121.808464050293,-18.4525394439697,0.9,6.29,6.81,2865.3,1007.09,11832.23,269.44,125.38,772.09
"QLDNorth","Cassowary Coast",146.347763061523,-18.4298896789551,0.9,3.29,4.21,21620.75,5720.47,132439.88,220.28,102.66,638.99
"WANorth","Broome",121.834434509277,-18.4405097961426,0.9,6.29,6.81,2835.38,998.33,11678.58,276.73,128.07,799.79
"WANorth","Broome",121.935127258301,-18.4399223327637,0.9,6.3,7.16,2478.05,891.46,9895.8,92.6,49.11,223.49
"QLDNorth","Cassowary Coast",146.356842041016,-18.4150352478027,0.9,3.27,4.14,38846.12,9663.96,256734.03,318.78,141.65,985.69
"WANorth","Broome",122.028900146484,-18.3615627288818,0.9,6.3,7,2324.22,846.56,9109.41,152.81,77.61,386.27
"WANorth","Broome",122.058647155762,-18.32155418396,0.9,6.3,7,2379.74,862.01,9407.76,149.81,76.37,376.51
"WANorth","Broome",122.108795166016,-18.3069400787354,0.9,6.3,6.87,2385.32,867.79,9353.79,211.76,103.36,564.05
"QLDNorth","Cassowary Coast",146.284317016602,-18.2905540466309,0.9,3.44,4.06,25445.38,6558.11,161906.37,580.79,237.57,2013.29
"WANorth","Broome",122.169158935547,-18.2484817504883,0.9,6.31,6.58,2074.13,767.04,7962.43,864.09,366.61,2725.36
"QLDNorth","Cassowary Coast",146.306060791016,-18.244478225708,0.9,3.42,4.24,45159.39,10967.76,308988.53,359.9,157.32,1138.13
"WANorth","Broome",122.210594177246,-18.1955833435059,0.9,6.3,6.56,2359.81,857.54,9279.19,953.11,400.4,3042.74
"WANorth","Broome",122.253555297852,-18.1877174377441,0.9,6.29,6.57,2808.14,1006.43,11204.03,934.14,393.79,2967.14
"QLDNorth","Cassowary Coast",146.217025756836,-18.1993274688721,0.9,3.41,3.74,59055.29,13835.08,424466.3,3029.5,1023.06,13426.85
"QLDNorth","Cassowary Coast",146.232025146484,-18.1985282897949,0.9,3.42,3.75,46152.46,11167.22,317520.53,2641.64,904.29,11520.83
"WANorth","Broome",122.322677612305,-18.1571865081787,0.9,6.29,6.56,2842.85,1003.57,11651.7,1018.46,419.54,3355.11
"QLDNorth","Cassowary Coast",146.008666992188,-18.1486492156982,0.9,3.42,3.52,41653.58,10150.31,284726.1,13972.63,3804.45,83558.72
"QLDNorth","Cassowary Coast",146.012237548828,-18.1618804931641,0.9,3.42,3.52,43026.08,10446.55,295479.02,14996.71,4052.08,90541.93
"QLDNorth","Cassowary Coast",146.143829345703,-18.1560192108154,0.9,3.41,4.06,56468.69,13273.27,404551.75,704.93,281.39,2524.33
"QLDNorth","Cassowary Coast",146.157608032227,-18.1430225372314,0.9,3.41,4.06,60301.61,14054.34,436988.18,741.61,293.27,2693.71
"WANorth","Broome",122.358604431152,-18.1208782196045,0.9,6.28,6.57,3060.39,1075.85,12581.71,991.75,412.38,3217.48
"WANorth","Broome",122.369987487793,-18.0450019836426,0.9,6.28,6.56,3341.01,1174.44,13663.17,1019.04,423.49,3304.16
"WANorth","Broome",122.270835876465,-17.9692668914795,0.9,6.28,6.34,3397.85,1181.22,14165.04,2556.77,925.36,10078.23
"QLDNorth","Cassowary Coast",146.065887451172,-18.0073947906494,0.9,3.13,4.14,23591.7,6061.83,151742.5,166.76,80.42,462.52
"QLDNorth","Cassowary Coast",146.101272583008,-17.9797477722168,0.9,3.12,4.09,35522.56,8714.05,242373.18,198.75,93.82,566.87
"WANorth","Broome",122.174751281738,-17.9715633392334,0.9,6.3,6.45,2417.44,887.46,9317.57,1421.16,564.83,4897.28
"WANorth","Broome",122.201286315918,-17.9162635803223,0.9,6.3,6.44,2525.03,923.02,9782.15,1595.08,624.05,5616.67
"QLDNorth","Carpentaria",140.368133544922,-17.6779441833496,0.9,4.26,5.29,91.52,49.71,211.27,17.58,11.91,30
"QLDNorth","Carpentaria",140.385818481445,-17.6716804504395,0.9,4.26,5.28,93.04,50.41,215.49,17.75,12.01,30.35
"QLDNorth","Cassowary Coast",146.154861450195,-17.9221496582031,0.9,3.09,3.98,67281.18,15314.7,505774.25,322.74,144.05,988.43
"WANorth","Broome",122.204780578613,-17.8366279602051,0.9,6.3,6.44,2608.33,948.61,10179.14,1659.24,645.22,5893.38
"QLDNorth","Carpentaria",140.214996337891,-17.7029590606689,0.9,4.27,5.31,86.62,47.21,199.36,16.84,11.47,28.52
"QLDNorth","Carpentaria",140.218505859375,-17.7027893066406,0.9,4.27,5.31,86.99,47.4,200.29,16.88,11.5,28.61
"QLDNorth","Carpentaria",140.310592651367,-17.6870975494385,0.9,4.27,5.3,89.91,48.86,207.53,17.31,11.75,29.46
"QLDNorth","Carpentaria",140.340316772461,-17.6828422546387,0.9,4.27,5.29,90.64,49.26,209.08,17.42,11.81,29.67
"QLDNorth","Carpentaria",140.464904785156,-17.6438846588135,0.9,4.26,4.79,92.43,50.28,212.56,32.3,20.14,61.83
"QLDNorth","Cassowary Coast",146.120620727539,-17.8555068969727,0.9,3.08,3.37,84885.44,18827.45,659421.7,4611.32,1492.33,21511.64
"WANorth","Broome",122.197250366211,-17.7924537658691,0.9,6.29,6.45,2644.96,956.88,10412.37,1577.04,615.42,5582.51
"QLDNorth","Carpentaria",140.121520996094,-17.7146682739258,0.9,4.3,5.36,78.61,43.37,178.06,15.48,10.68,25.77
"QLDNorth","Carpentaria",140.515335083008,-17.6259860992432,0.9,4.26,5.26,93.95,51.15,215.49,18.46,12.44,31.74
"QLDNorth","Cassowary Coast",146.116027832031,-17.7777137756348,0.9,3.1,3.7,57634.21,13421.3,419548.51,778.59,307.92,2817.3
"WANorth","Broome",122.193878173828,-17.746509552002,0.9,6.29,6.7,2742.57,987.28,10870.65,454.19,205.14,1329.23
"QLDNorth","Carpentaria",140.021530151367,-17.7132759094238,0.9,4.3,5.39,75.21,41.62,169.91,14.92,10.34,24.67
"QLDNorth","Carpentaria",140.043045043945,-17.7161026000977,0.9,4.3,5.38,76.54,42.26,173.4,15.06,10.43,24.94
"QLDNorth","Carpentaria",140.105361938477,-17.7150611877441,0.9,4.3,5.37,77.25,42.75,174.19,15.33,10.59,25.44
"QLDNorth","Cassowary Coast",146.113525390625,-17.7575416564941,0.9,3.09,3.7,79104.81,17781.42,602250.81,755.08,300.5,2705.63
"WANorth","Broome",122.194747924805,-17.6895713806152,0.9,6.28,6.7,3289.64,1160.1,13387.57,458.4,205.69,1356.84
"QLDNorth","Carpentaria",139.965087890625,-17.6877937316895,0.9,4.31,5.41,72.14,40.13,161.85,14.5,10.09,23.85
"QLDNorth","Carpentaria",140.540557861328,-17.6130619049072,0.9,4.25,5.25,96.38,52.36,221.58,18.84,12.66,32.49
"QLDNorth","Cassowary Coast",146.128433227539,-17.6823272705078,0.9,2.9,4.43,88219.61,19514.38,687021.1,58.45,32.92,130.07
"QLDNorth","Carpentaria",139.905807495117,-17.6179084777832,0.9,4.3,4.54,78.42,43.3,177.33,45.61,27.1,93.31
"QLDNorth","Cassowary Coast",146.151962280273,-17.6473865509033,0.9,2.88,4.27,161414.31,32870.43,1408630.5,94.87,50.22,229.32
"WANorth","Broome",122.145599365234,-17.5740623474121,0.9,6.27,6.72,4153.45,1413.04,17790.01,431.48,194.26,1274.26
"QLDNorth","Burke",139.55126953125,-17.4675235748291,0.9,4.29,5.4,81.45,44.75,185.49,14.88,10.34,24.5
"QLDNorth","Carpentaria",139.797378540039,-17.5743885040283,0.9,4.28,5.38,85.39,46.63,196.07,15.28,10.57,25.34
"QLDNorth","Carpentaria",139.846939086914,-17.5938262939453,0.9,4.3,4.6,75.38,41.9,168.84,39.71,24.06,79.09
"QLDNorth","Carpentaria",140.616607666016,-17.5751857757568,0.9,4.25,5.24,98.32,53.47,225.28,19.37,12.97,33.55
"WANorth","Broome",122.140846252441,-17.5468120574951,0.9,6.26,7.17,4645.28,1555.17,20347.88,127.23,65.2,320.35
"QLDNorth","Burke",139.340286254883,-17.3700885772705,0.9,4.28,5.38,84.07,46.01,192.44,15.04,10.44,24.79
"QLDNorth","Carpentaria",140.6748046875,-17.5273208618164,0.9,4.24,5.22,101.82,55.3,233.41,19.88,13.28,34.58
"QLDNorth","Cassowary Coast",146.119018554688,-17.5732955932617,0.9,2.89,3.42,147197.52,30389.29,1259884.14,1388.78,522.46,5301.69
"WANorth","Broome",122.137870788574,-17.4900321960449,0.9,6.25,6.76,5764.71,1870.67,26377.46,437.05,193.76,1326.97
"WANorth","Derby-West Kimberley",123.531455993652,-17.4072303771973,0.9,6.19,6.7,18624.32,4983.84,112815.5,245.01,110.25,754.85
"WANorth","Derby-West Kimberley",123.539482116699,-17.4078960418701,0.9,6.19,6.75,19339.24,5154.5,117726.09,162.55,77.95,456.86
"QLDNorth","Burke",139.318740844727,-17.3607711791992,0.9,4.3,5.41,77.65,42.9,175.56,14.49,10.1,23.73
"QLDNorth","Carpentaria",140.74006652832,-17.4942760467529,0.9,4.23,4.55,106.72,57.71,245.79,52.93,31.04,109.85
"QLDNorth","Cassowary Coast",146.081176757812,-17.4951591491699,0.9,2.89,4.18,142130.76,29425.03,1213028.06,93.83,50.06,223.69
"WANorth","Broome",122.141387939453,-17.4324226379395,0.9,6.24,6.76,6778.11,2144.64,32156.54,467.31,205.79,1430.33
"QLDNorth","Burke",139.308685302734,-17.3560638427734,0.9,4.3,5.4,78.3,43.23,177.14,14.54,10.14,23.83
"QLDNorth","Carpentaria",140.830657958984,-17.4451560974121,0.9,4.22,5.19,114.84,61.45,268.46,21.05,13.95,36.99
"QLDNorth","Cassowary Coast",146.071960449219,-17.4340782165527,0.9,2.89,4.14,144182.47,29821.96,1231514.96,104.31,54.88,253.31
"WANorth","Broome",122.144454956055,-17.3932991027832,0.9,6.23,6.76,7941.66,2450.46,39062.49,483.17,210.01,1511.92
"WANorth","Derby-West Kimberley",123.528343200684,-17.3937339782715,0.9,6.19,6.76,19171.04,5095.98,117357.41,164.8,78.62,467.36
"WANorth","Derby-West Kimberley",123.563148498535,-17.3763256072998,0.9,6.18,6.73,25368.52,6576.51,159709.05,211.23,96.67,637.16
"QLDNorth","Burke",139.288360595703,-17.3449077606201,0.9,4.29,5.4,78.93,43.49,179.15,14.56,10.14,23.87
"QLDNorth","Carpentaria",140.88053894043,-17.3816585540771,0.9,4.21,5.14,118.99,63.48,279.12,23.15,15.12,41.55
"QLDNorth","Cairns",146.078048706055,-17.395055770874,0.9,2.88,4.01,175865.28,35317.59,1566107.94,158.29,78.72,415.28
"WANorth","Broome",122.144874572754,-17.3518562316895,0.9,6.22,7.38,10086.79,2996.56,52396.3,63.89,35.71,143.25
"WANorth","Derby-West Kimberley",123.475112915039,-17.3458309173584,0.9,6.18,6.66,26412.57,6655.4,174872.38,344.41,146.26,1156.93
"QLDNorth","Burke",139.23600769043,-17.3140430450439,0.9,4.31,5.44,72.11,40.21,161.05,13.92,9.76,22.62
"QLDNorth","Carpentaria",140.888717651367,-17.3429565429688,0.9,4.21,5.13,124.12,65.97,292.31,23.94,15.57,43.2
"QLDNorth","Cairns",146.073608398438,-17.3865737915039,0.9,2.88,3.47,223475.83,43361.83,2088138.25,2006.2,689.6,8857.11
"WANorth","Broome",122.160667419434,-17.3047370910645,0.9,6.21,7.12,12917.53,3706.45,70416.21,121.88,62.57,306.79
"WANorth","Derby-West Kimberley",123.417602539062,-17.2973575592041,0.9,6.17,6.68,32034.26,8035.81,211112.4,255.65,113.22,810.1
"QLDNorth","Burke",139.219177246094,-17.2945404052734,0.9,4.32,5.45,71.04,39.65,158.54,13.82,9.7,22.45
"QLDNorth","Carpentaria",140.901763916016,-17.2915172576904,0.9,4.2,5.12,126,66.9,297.04,24.44,15.85,44.27
"QLDNorth","Cairns",146.0078125,-17.3007183074951,0.9,2.88,3.78,192175.89,37954.19,1754974.92,339.45,153.22,1013.89
"WANorth","Broome",122.169792175293,-17.2573261260986,0.9,6.2,6.85,16259.66,4518.92,92630.23,342.96,151.91,1061.05
"WANorth","Derby-West Kimberley",123.392692565918,-17.2516899108887,0.9,6.2,6.65,15005.44,4329.25,80224.54,354.93,149.82,1203.79
"WANorth","Derby-West Kimberley",123.563186645508,-17.2601871490479,0.9,6.19,6.61,19244.61,5473.12,104043.12,458.93,186.54,1641.96
"QLDNorth","Burke",139.198165893555,-17.2524547576904,0.9,4.31,5.15,72.48,40.35,162.33,17.71,12,30.2
"QLDNorth","Carpentaria",140.907333374023,-17.2408676147461,0.9,4.2,4.86,126.8,67.31,298.96,33.86,21.04,65.04
"WANorth","Broome",122.218925476074,-17.1958827972412,0.9,6.19,6.8,18240.71,5037.6,104363.26,443.08,189.31,1441.36
"WANorth","Broome",123.373954772949,-17.2132339477539,0.9,6.22,6.67,9803.48,3011,48003.7,311.67,134.18,1027.54
"WANorth","Derby-West Kimberley",123.616088867188,-17.2128028869629,0.9,6.21,6.58,12295.5,3731.57,60704.36,629.61,244.24,2407.02
"QLDNorth","Burke",139.170349121094,-17.1922702789307,0.9,4.31,4.97,72.47,40.35,162.27,22.03,14.47,39.2
"QLDNorth","Carpentaria",140.935958862305,-17.1837463378906,0.9,4.2,4.64,131.47,69.36,312.76,47.94,28.48,97.73
"QLDNorth","Cairns",146.008026123047,-17.1673545837402,0.9,2.91,3.95,201806.43,39482.32,1869457.99,265.05,124.74,744.43
"WANorth","Broome",122.239624023438,-17.1622047424316,0.9,6.18,6.8,21169.71,5737.77,124198.33,453.81,191.11,1515.42
"WANorth","Broome",123.347625732422,-17.1607532501221,0.9,6.21,6.66,12129.72,3570.94,63327.06,319.43,137.74,1047.45
"WANorth","Derby-West Kimberley",123.597160339355,-17.134859085083,0.9,6.21,6.58,12383.8,3699.61,62873.93,641.66,250.41,2419.92
"WANorth","Derby-West Kimberley",123.795593261719,-17.1432876586914,0.9,6.12,6.4,121211.05,28020.37,854892.72,6476.39,1826.14,38377.36
"WANorth","Derby-West Kimberley",123.834739685059,-17.142276763916,0.9,6.08,6.41,597614.37,107702.77,6010728.07,5500.02,1558.31,32727.47
"QLDNorth","Carpentaria",140.943267822266,-17.1466102600098,0.9,4.19,4.45,134.83,70.98,321.55,71.11,40.27,154.47
"QLDNorth","Cairns",145.999618530273,-17.1491031646729,0.9,2.9,3.61,329672.29,60192.67,3361814.15,910.73,355.8,3334.79
"WANorth","Derby-West Kimberley",123.582817077637,-17.0903625488281,0.9,6.2,6.6,14532.27,4218.19,76993.88,570.52,228.51,2063.54
"WANorth","Derby-West Kimberley",123.755851745605,-17.0817451477051,0.9,6.17,6.44,29702.68,8034.5,171346.72,3520.88,1073.81,18787.17
"WANorth","Derby-West Kimberley",123.821250915527,-17.0902347564697,0.9,6.13,6.43,87575.27,20752.8,601882.52,3787.85,1143.39,20503.74
"QLDNorth","Carpentaria",140.948135375977,-17.0974521636963,0.9,4.19,4.44,138.2,72.61,330.23,73.29,41.36,159.89
"QLDNorth","Cairns",146.005630493164,-17.1468601226807,0.9,2.9,3.37,338844.83,61617.05,3475200.82,3587.03,1164.92,16914.98
"WANorth","Broome",122.289863586426,-17.0664482116699,0.9,6.19,6.87,20153.87,5532.14,115877.95,390.41,165.48,1302.8
"WANorth","Broome",123.285797119141,-17.0445117950439,0.9,6.19,6.66,20740.51,5591.9,123026.51,342.38,146.65,1131.25
"WANorth","Derby-West Kimberley",123.660873413086,-17.0353832244873,0.9,6.21,6.48,11406.36,3479.27,56048.32,2014.23,679.93,9208.96
"WANorth","Derby-West Kimberley",123.807083129883,-17.038854598999,0.9,6.16,6.42,35655.65,9461.1,210677.37,5200.68,1531.77,28792.22
"QLDNorth","Doomadgee",139.092681884766,-16.9999408721924,0.9,4.24,5.26,105.5,56.03,251.55,20.05,13.3,35.26
"QLDNorth","Burke",139.120666503906,-17.0100116729736,0.9,4.23,5.06,107.5,56.92,257.41,25.32,16.26,46.57
"QLDNorth","Carpentaria",140.943222045898,-17.0436038970947,0.9,4.19,4.46,137.28,72.07,328.66,69.28,39.37,149.75
"WANorth","Broome",122.361793518066,-16.9978256225586,0.9,6.2,6.82,14432.41,4148.97,77854.43,462.73,190.18,1618.35
"WANorth","Broome",122.368659973145,-16.9945831298828,0.9,6.2,6.83,13807.47,3989.18,74009.64,433.75,179.63,1502.22
"WANorth","Broome",123.275177001953,-17.0187091827393,0.9,6.18,6.62,25594.19,6697.47,158266.53,443.63,183.07,1544.53
"WANorth","Derby-West Kimberley",123.796585083008,-16.9986591339111,0.9,6.19,6.44,20014.2,5737.34,106432.21,3652.05,1141.66,18508.01
"QLDNorth","Doomadgee",139.04817199707,-16.9529838562012,0.9,4.22,5.25,115.01,60.4,278.41,20.41,13.51,36.02
"QLDNorth","Carpentaria",140.95344543457,-16.9973220825195,0.9,4.19,4.46,138.73,72.76,332.53,69.49,39.52,149.95
"QLDNorth","Yarrabah",145.916687011719,-16.9676456451416,0.9,2.91,3.31,267682,50279.27,2625442.03,4731.67,1547.5,21609.33
"WANorth","Broome",122.425003051758,-16.9580631256104,0.9,6.2,6.9,13567.43,3928.57,72506.29,260.68,116.23,813.58
"WANorth","Broome",122.47590637207,-16.9466228485107,0.9,6.19,6.63,17202.99,4774.91,97884.67,1010.29,372.9,4097.37
"WANorth","Broome",123.236099243164,-16.9667892456055,0.9,6.17,6.62,33393.65,8351.4,220711.61,448.24,185.77,1545.96
"WANorth","Derby-West Kimberley",123.84156036377,-16.9431324005127,0.9,6.19,6.39,20959.02,6108.93,107932.49,8781.87,2406.78,53692.81
"QLDNorth","Doomadgee",138.942565917969,-16.880672454834,0.9,4.09,4.79,262.85,123.57,740.19,45.45,26.93,93.46
"QLDNorth","Carpentaria",140.999237060547,-16.9440288543701,0.9,4.19,4.63,136.35,71.64,326.13,50.11,29.7,102.3
"QLDNorth","Cairns",146.001770019531,-16.9421482086182,0.9,2.9,3.72,354249.05,64010.75,3665528.38,520.08,224.34,1642.62
"WANorth","Broome",122.545806884766,-16.8801078796387,0.9,6.19,6.53,16908.8,4718.53,95369.24,1474.44,539.73,5902.55
"WANorth","Broome",123.184837341309,-16.9275875091553,0.9,6.16,6.56,42919.15,10226.46,305297.69,664.94,260.81,2475.37
"WANorth","Derby-West Kimberley",123.777725219727,-16.902904510498,0.9,6.18,6.44,24329.58,6691.34,137812.09,4345.74,1363.02,21596.67
"QLDNorth","Burke",138.850082397461,-16.8656177520752,0.9,4.09,5.15,266.59,124.83,755.62,25.96,16.64,47.89
"QLDNorth","Doomadgee",138.892303466797,-16.8733081817627,0.9,4.08,5.14,277.82,129.27,794.58,26.53,16.95,49.14
"QLDNorth","Carpentaria",141.049575805664,-16.8861103057861,0.9,4.19,4.63,135.69,71.39,323.81,50.39,29.9,102.64
"QLDNorth","Cairns",145.999176025391,-16.9174575805664,0.9,2.88,3.63,683558.52,111384.17,8209048.73,1067.57,415.1,3900.32
"WANorth","Broome",122.530799865723,-16.841724395752,0.9,6.19,6.65,17988.52,4991.61,102115.93,945.08,353.77,3748.45
"WANorth","Broome",123.180473327637,-16.8580284118652,0.9,6.15,6.54,52415.84,12126.2,388717.7,851.66,322.34,3333.4
"WANorth","Derby-West Kimberley",123.741958618164,-16.8319988250732,0.9,6.19,6.44,18999.64,5509.49,99274.95,4039.59,1294.71,19366.69
"QLDNorth","Burke",138.785995483398,-16.8390083312988,0.9,4.09,4.71,261.73,123,737.63,51.85,30.25,108.81
"QLDNorth","Carpentaria",141.066116333008,-16.8559246063232,0.9,4.19,4.49,136.94,72,326.97,65.44,37.65,138.7
"QLDNorth","Yarrabah",145.912048339844,-16.8647308349609,0.9,2.88,3.64,710760.78,115542.73,8550911.86,1671.18,616.49,6535.81
"QLDNorth","Yarrabah",145.929809570312,-16.8617134094238,0.9,2.88,3.68,643819.51,106353.24,7566938.71,1353.56,514.49,5077.19
"WANorth","Broome",122.552360534668,-16.8030338287354,0.9,6.18,7.05,21040.59,5694.69,123810.89,138.52,68.35,372.79
"WANorth","Broome",123.154022216797,-16.7992839813232,0.9,6.14,6.56,64430.81,14653.51,486502.22,819.28,311.61,3185.85
"WANorth","Derby-West Kimberley",123.67862701416,-16.7564373016357,0.9,6.2,6.41,16036.04,4766.8,80935.84,6511.13,1978.11,33399.42
"WANorth","Derby-West Kimberley",123.710670471191,-16.7799625396729,0.9,6.17,6.41,30042.6,8063.27,175642.31,6419.88,1965.29,32494.93
"QLDNorth","Burke",138.382385253906,-16.7451858520508,0.9,4.09,5.09,271.66,126.7,774.76,28.44,18.01,53.32
"QLDNorth","Burke",138.429443359375,-16.7687435150146,0.9,4.09,5.29,263.29,123.26,747.16,21.17,13.97,37.46
"QLDNorth","Burke",138.473739624023,-16.7738361358643,0.9,4.08,5.26,280.13,130.04,804.26,22.15,14.54,39.49
"QLDNorth","Burke",138.525970458984,-16.7795276641846,0.9,4.08,4.95,282.99,131.24,813.35,33.63,20.85,64.84
"QLDNorth","Burke",138.579299926758,-16.7746887207031,0.9,4.08,4.49,290.91,134.63,837.82,84.12,46.06,192.36
"QLDNorth","Burke",138.636611938477,-16.7679862976074,0.9,4.07,5.07,297.3,137.38,857.39,28.9,18.3,54.13
"QLDNorth","Burke",138.680358886719,-16.7960319519043,0.9,4.1,4.8,250.15,118.35,698.38,42.67,25.61,86.07
"QLDNorth","Burke",138.737106323242,-16.8132152557373,0.9,4.09,4.49,269.34,125.97,764.46,83.49,45.7,191.08
"QLDNorth","Carpentaria",141.103515625,-16.7927532196045,0.9,4.2,4.81,128.61,68.06,304.68,37.53,23.16,72.48
"QLDNorth","Cairns",145.726104736328,-16.8030052185059,0.9,2.88,3.53,652720.65,107678.5,7683765.53,1993.83,709.05,8252.51
"QLDNorth","Cairns",145.737869262695,-16.8133316040039,0.9,2.88,3.53,643082,106306.82,7548821.84,1996.99,709.78,8273.42
"WANorth","Broome",122.583396911621,-16.7595157623291,0.9,6.17,7.02,27721.05,7112.26,176877.14,143.87,70.48,391.54
"WANorth","Broome",122.612152099609,-16.7646045684814,0.9,6.18,6.58,25494.25,6609.58,160426.83,1162.19,423.91,4770.23
"WANorth","Broome",122.693992614746,-16.7739105224609,0.9,6.18,6.58,21846.37,5783.04,133606.89,1225.1,444.13,5067.73
"WANorth","Broome",122.743278503418,-16.7536392211914,0.9,6.19,6.57,19323.89,5202.49,115456.75,1293.09,464.95,5412.17
"WANorth","Broome",123.140037536621,-16.7331829071045,0.9,6.15,6.51,55326.19,13140.02,389377.17,1307.62,468.29,5511.42
"WANorth","Derby-West Kimberley",123.621742248535,-16.6970691680908,0.9,6.17,6.29,27735.73,7559.86,158451.14,33688.41,8413.96,223078.96
"QLDNorth","Carpentaria",141.156280517578,-16.7444496154785,0.9,4.19,4.61,136.05,71.43,325.81,51.08,30.38,103.47
"QLDNorth","Cairns",145.689025878906,-16.7297172546387,0.9,2.89,3.35,623540,103504.62,7278046.44,8158.49,2349.04,45597.92
"WANorth","Broome",122.739082336426,-16.6962604522705,0.9,6.18,6.62,23990.82,6267.7,149427.14,1189.41,432.16,4910.02
"WANorth","Broome",123.093902587891,-16.7009868621826,0.9,6.18,6.6,24348.16,6624.97,140615.73,571.59,230.45,2040.6
"WANorth","Derby-West Kimberley",123.527755737305,-16.6688785552979,0.9,6.16,6.31,43321.66,11070.77,270809.84,37351.71,9080.58,258305.37
"QLDNorth","Burke",138.204544067383,-16.6965427398682,0.9,4.09,4.52,265.14,123.82,755.52,78.81,43.38,179.27
"QLDNorth","Mornington",139.103439331055,-16.673942565918,0.9,4,4.96,552.56,233.76,1802.67,39.35,23.84,78.41
"QLDNorth","Mornington",139.483444213867,-16.6868915557861,0.9,4.19,4.52,133.22,68.64,330.82,56,32.58,117.48
"QLDNorth","Carpentaria",141.201629638672,-16.6889476776123,0.9,4.18,4.7,142.38,74.32,343.69,43.77,26.59,86.16
"QLDNorth","Cairns",145.686981201172,-16.7215843200684,0.9,2.88,3.35,672727.04,110534.42,7962687.14,8773.84,2499.04,49795.36
"WANorth","Broome",122.758804321289,-16.6481990814209,0.9,6.17,6.96,27794.92,7098.48,178839.55,185.9,88.74,521.47
"WANorth","Broome",123.038879394531,-16.6411304473877,0.9,6.18,6.56,23305.51,6311.09,136130.85,822.13,314,3169.87
"WANorth","Derby-West Kimberley",123.477340698242,-16.6396064758301,0.9,6.15,6.29,47442.36,11926.51,303852.93,59598.2,13137.92,479836.85
"QLDNorth","Burke",138.109039306641,-16.6342353820801,0.9,4.09,4.46,269.05,125.22,770.87,91.61,49.31,215.04
"QLDNorth","Burke",138.141159057617,-16.6566505432129,0.9,4.09,4.64,264.08,123.35,752.5,60.95,34.68,132.53
NA,"Mornington",139.094833374023,-16.6291751861572,0.9,4,5.03,539.53,229.57,1743.98,35.37,21.76,68.94
"QLDNorth","Mornington",139.505645751953,-16.6401557922363,0.9,4.19,5.02,132.66,68.6,327.35,23.21,15.28,41.05
"QLDNorth","Carpentaria",141.220474243164,-16.645679473877,0.9,4.17,4.83,153.04,79.14,374.1,36.53,22.71,69.7
"QLDNorth","Douglas",145.626510620117,-16.6954975128174,0.9,2.88,3.59,676138.59,111157.66,7991882.02,1806.47,645.35,7464.93
"WANorth","Broome",122.767601013184,-16.5899047851562,0.9,6.16,6.95,36221.44,8920.7,245007.64,204.79,96.48,584.9
"WANorth","Broome",123.041023254395,-16.6141128540039,0.9,6.18,6.55,24290.98,6554.82,142438.84,938,351.06,3723.84
"WANorth","Derby-West Kimberley",123.402015686035,-16.5954914093018,0.9,6.14,6.33,79964.53,19096.4,544848.55,21769.9,5203.11,161865.99
"QLDNorth","Burke",138.054504394531,-16.585880279541,0.9,4.09,4.3,263.45,122.88,752.82,134.26,68.54,339.18
"QLDNorth","Mornington",139.134765625,-16.5949783325195,0.9,4,4.42,556.6,235.76,1810.69,130.81,67.1,328.07
"QLDNorth","Mornington",139.533416748047,-16.5946025848389,0.9,4.19,5.01,136.95,70.52,339.9,23.85,15.64,42.37
"QLDNorth","Carpentaria",141.229339599609,-16.5890846252441,0.9,4.16,4.86,160.17,82.43,393.85,34.52,21.61,65.28
"QLDNorth","Douglas",145.550155639648,-16.6172313690186,0.9,2.88,3.48,589792.45,98978.73,6770217.37,3585.18,1153.2,17218.99
"WANorth","Broome",122.802848815918,-16.5510406494141,0.9,6.16,6.85,37586.36,9226.46,255174.78,302.61,134.17,943.42
"WANorth","Broome",123.010116577148,-16.5286808013916,0.9,6.18,6.46,21703.25,5930.26,125257.51,2455.4,806.65,11653.34
"WANorth","Derby-West Kimberley",123.426895141602,-16.5296878814697,0.9,6.14,6.28,77926.21,18825.79,520855.95,51995.96,11082.76,451324.54
"QLDNorth","Burke",138.031524658203,-16.5585155487061,0.9,4.09,4.32,265.94,123.83,761.89,128.62,66,322.77
"QLDNorth","Mornington",139.182846069336,-16.5619888305664,0.9,3.98,4.95,667.43,273.54,2281.44,42.94,25.75,86.71
"QLDNorth","Mornington",139.554794311523,-16.5441150665283,0.9,4.19,4.79,134.3,69.5,330.69,33.55,21.01,63.51
"QLDNorth","Mornington",139.640274047852,-16.5737686157227,0.9,4.18,4.45,140.88,72.33,350.85,68.68,38.96,148.97
"QLDNorth","Carpentaria",141.271575927734,-16.54079246521,0.9,4.17,5.19,155.41,80.34,379.8,23.61,15.46,42.11
"QLDNorth","Douglas",145.504592895508,-16.550365447998,0.9,2.88,3.41,548980.91,93198.63,6197211.08,4904.95,1523.45,24617.2
"WANorth","Broome",122.856956481934,-16.5005264282227,0.9,6.16,6.86,35762.47,8865.66,239171.03,304.03,134.67,949.36
"WANorth","Broome",123.044677734375,-16.4756278991699,0.9,6.18,6.4,24907.8,6710.25,146268.14,7195.26,2041.88,41749.97
"WANorth","Derby-West Kimberley",123.427047729492,-16.498477935791,0.9,6.14,6.51,74073.08,17861.85,498192.33,1866.13,629.95,8584.23
"NT","Roper Gulf",137.948471069336,-16.4930438995361,0.9,4.09,4.71,254.25,118.89,724.92,52.18,30.13,111.56
"NT","Roper Gulf",137.986282348633,-16.5220470428467,0.9,4.09,4.7,269.41,125.15,774.62,53.75,30.96,115.27
"QLDNorth","Mornington",139.221939086914,-16.4744396209717,0.9,4.04,4.6,387.83,174.2,1158.35,78.25,43.3,176.3
"QLDNorth","Mornington",139.733795166016,-16.4616641998291,0.9,4.16,5.8,162.58,83.59,400.12,12.13,8.71,19.03
"QLDNorth","Douglas",145.473693847656,-16.4987049102783,0.9,2.88,3.1,498591.44,85808.51,5522204.8,61367.95,13749.54,478136.89
"WANorth","Broome",122.892707824707,-16.4416065216064,0.9,6.18,6.98,23284.72,6100.89,144534.37,174.3,83.54,487.51
"WANorth","Broome",123.053565979004,-16.4397144317627,0.9,6.15,6.92,49426.43,12022.27,335313.9,128.83,64.21,341.92
"WANorth","Derby-West Kimberley",123.479637145996,-16.4148178100586,0.9,6.2,6.5,16159.29,4580.31,88823.71,3848.92,1213,19124.33
"NT","Roper Gulf",137.893630981445,-16.4424781799316,0.9,2.89,3.98,255.37,119.12,731.19,26.54,16.8,50.03
"QLDNorth","Mornington",139.308975219727,-16.4366893768311,0.9,4.11,4.66,233.71,113.48,624.41,61.86,35.44,132.67
"QLDNorth","Mornington",139.36604309082,-16.4459438323975,0.9,4.12,4.73,217.2,106.7,570.65,52.25,30.66,108.41
"QLDNorth","Mornington",139.394424438477,-16.4029521942139,0.9,4.1,4.71,247.39,119.53,664.67,57.34,33.25,120.83
"QLDNorth","Mornington",139.715118408203,-16.4232425689697,0.9,4.14,5.73,186.12,93.62,472.77,13.29,9.43,21.19
"QLDNorth","Carpentaria",141.302947998047,-16.4548301696777,0.9,4.15,5.16,178.44,90.52,447.52,25.01,16.25,45.05
"QLDNorth","Douglas",145.413314819336,-16.4441947937012,0.9,2.88,3.68,501904.79,86227.01,5574704.6,846.66,337.9,2992.74
"WANorth","Broome",123.036972045898,-16.390869140625,0.9,6.15,7.33,45848.57,11338.76,303142.37,37.79,22.63,77.23
"WANorth","Derby-West Kimberley",123.528800964355,-16.3856620788574,0.9,6.21,6.48,12338.85,3596.85,65523.08,2977.74,1003.77,13258.23
"WANorth","Derby-West Kimberley",124.572593688965,-16.4047241210938,0.9,6,6.03,75310117.05,6317006.44,2280207891.86,35020000.05,3343200.52,876265154.28
"WANorth","Derby-West Kimberley",124.624954223633,-16.3990993499756,0.9,6,6.02,69612960.55,5973331.57,2030290956.02,54344148.83,4821957.61,1513855406.37
"NT","Roper Gulf",137.843139648438,-16.3875751495361,0.9,2.9,4.39,236.55,111.42,668.69,17.02,11.48,29.37
"QLDNorth","Mornington",139.448699951172,-16.3945960998535,0.9,4.09,5.16,258.37,124.2,698.72,28.26,18.01,52.38
"QLDNorth","Mornington",139.506072998047,-16.3825073242188,0.9,4.11,4.84,219.6,108.11,574.39,41.33,25.1,81.67
"QLDNorth","Mornington",139.564331054688,-16.3767108917236,0.9,4.13,5.33,201.74,100.57,518.39,20.87,13.88,36.44
"QLDNorth","Mornington",139.626251220703,-16.3750514984131,0.9,4.15,5.35,175.31,88.68,442.44,19.29,13.04,32.85
"QLDNorth","Carpentaria",141.296936035156,-16.3879909515381,0.9,4.15,5.03,173.77,88.49,433.49,29.17,18.61,53.86
"QLDNorth","Douglas",145.420806884766,-16.3844795227051,0.9,2.89,3.65,468508.68,81322.49,5128347.87,992.79,384.33,3676.14
"WANorth","Broome",122.928512573242,-16.3830013275146,0.9,6.21,7.68,10929.9,3201.51,57974.32,25.05,16,46.61
"WANorth","Broome",123.008804321289,-16.3651638031006,0.9,6.21,7.57,10978.37,3275.12,56290.59,27.31,17.25,51.56
"WANorth","Derby-West Kimberley",123.510055541992,-16.3647518157959,0.9,6.22,6.49,10294.5,3075.85,52846.19,2870.68,970.04,12755.58
"WANorth","Derby-West Kimberley",124.230072021484,-16.3460998535156,0.9,6.33,6.43,1581.41,604.89,5804.57,1707.09,626.59,6729.34
"WANorth","Derby-West Kimberley",124.337013244629,-16.3533782958984,0.9,6.35,6.45,1213.58,486.9,4149.96,1551.2,576.39,6015.09
"NT","Roper Gulf",137.798065185547,-16.3308277130127,0.9,2.89,3.62,252.06,117.61,722.12,45.18,26.48,94.93
"QLDNorth","Carpentaria",141.316589355469,-16.3420944213867,0.9,4.14,5.01,180.27,91.32,452.94,30.5,19.32,56.86
"QLDNorth","Douglas",145.437911987305,-16.3215923309326,0.9,2.89,3.07,413566.57,73281.59,4392597.31,88187.98,18831.94,733486.27
"WANorth","Derby-West Kimberley",124.182273864746,-16.3045463562012,0.9,6.32,6.44,1931.24,707.89,7570.16,1601.04,587.39,6344.83
"WANorth","Derby-West Kimberley",124.370468139648,-16.30246925354,0.9,6.35,6.47,1253.67,496.5,4380.65,1247.68,480.84,4585.98
"NT","Roper Gulf",137.776031494141,-16.2903213500977,0.9,2.88,3.71,283.65,130.37,829.12,40.73,24.25,83.66
"QLDNorth","Carpentaria",141.331832885742,-16.2933940887451,0.9,4.14,4.5,182.67,92.39,459.94,69.38,39.71,147.96
"QLDNorth","Douglas",145.472015380859,-16.2848663330078,0.9,2.89,3.02,440864.52,77483.87,4734060.56,162291.01,32144.62,1490939.92
"WANorth","Derby-West Kimberley",123.464195251465,-16.2380619049072,0.9,6.16,6.58,40165.76,9911.27,268893.45,1753.64,638.48,7005.93
"WANorth","Derby-West Kimberley",123.998580932617,-16.2509937286377,0.9,6.3,6.53,2609.03,918.65,10803.7,1095.99,409.67,4308.76
"WANorth","Derby-West Kimberley",124.046356201172,-16.2391033172607,0.9,6.3,6.55,2329.97,833.62,9435.72,796.22,313.58,2899.51
"WANorth","Derby-West Kimberley",124.106101989746,-16.2285804748535,0.9,6.3,6.5,2318.8,829.08,9404.84,1276.91,479.63,4917.63
"WANorth","Derby-West Kimberley",124.146224975586,-16.244119644165,0.9,6.31,6.45,2211.6,793.9,8931.89,2194.51,752.11,9677.97
"NT","Roper Gulf",137.735229492188,-16.2372245788574,0.9,2.85,4.26,371.99,165.24,1137.89,21.13,13.91,37.59
"QLDNorth","Carpentaria",141.344482421875,-16.2220611572266,0.9,4.14,5.62,181.92,92.07,457.63,17.22,11.73,29.1
"WANorth","Derby-West Kimberley",123.46981048584,-16.2051620483398,0.9,6.22,6.65,9109.16,2733.33,46757.44,678.62,279.02,2303.01
"WANorth","Derby-West Kimberley",123.890998840332,-16.1812705993652,0.9,6.3,6.68,2466.3,889.87,9798.25,380.2,163.37,1237.74
"WANorth","Derby-West Kimberley",123.949371337891,-16.1897735595703,0.9,6.29,6.64,2624.07,931.29,10704.27,526.06,215.37,1834.69
"WANorth","Derby-West Kimberley",124.384140014648,-16.1881065368652,0.9,6.32,6.53,1882.99,686.05,7476.78,901.43,356.96,3219.46
"NT","Roper Gulf",137.585739135742,-16.1782817840576,0.9,2.81,3.57,520.47,219.8,1710.83,57.61,33.17,123.05
"NT","Roper Gulf",137.62516784668,-16.1928215026855,0.9,2.81,3.58,521.83,220.16,1718.19,56.51,32.63,120.22
"NT","Roper Gulf",137.675552368164,-16.215633392334,0.9,2.8,3.38,542.71,227.62,1802.02,85.35,46.48,196.94
"QLDNorth","Carpentaria",141.367401123047,-16.18971824646,0.9,4.14,5.61,182.86,92.47,460.53,17.47,11.87,29.64
"QLDNorth","Douglas",145.470916748047,-16.209602355957,0.9,2.88,3.1,533134,91055.34,5962706.76,81032.09,17602.93,656416.41
"WANorth","Derby-West Kimberley",123.523788452148,-16.1400356292725,0.9,6.25,6.62,5318.8,1721.21,24584.55,665.48,265.71,2392.38
"WANorth","Derby-West Kimberley",123.58341217041,-16.1436748504639,0.9,6.26,6.63,4398.87,1474.05,19300.76,797.42,317.08,2850.56
"WANorth","Derby-West Kimberley",123.629730224609,-16.1565017700195,0.9,6.28,6.53,3544.78,1233.8,14706.64,1587.67,564.32,6688.11
"WANorth","Derby-West Kimberley",123.801727294922,-16.1375675201416,0.9,6.3,6.73,2561.93,926.12,10119.42,315.11,136.79,1020.92
"WANorth","Derby-West Kimberley",124.400367736816,-16.1646690368652,0.9,6.32,6.53,1894.5,688.29,7559.21,882.88,349.57,3158.63
"NT","Roper Gulf",137.377471923828,-16.1210117340088,0.9,2.83,3.48,416.91,180.14,1333.34,69.5,38.76,155.54
"NT","Roper Gulf",137.422714233398,-16.1368770599365,0.9,2.83,3.47,442.73,189.95,1428.73,71.95,39.99,161.66
"QLDNorth","Carpentaria",141.388519287109,-16.1479759216309,0.9,4.13,5.29,191.12,96.04,485.64,23.84,15.52,42.94
"QLDNorth","Douglas",145.466705322266,-16.1219749450684,0.9,2.88,3.06,529131.54,90409.04,5916376.19,125475.68,26072.03,1072429.3
"WANorth","Derby-West Kimberley",123.690673828125,-16.1033382415771,0.9,6.28,6.91,3458.49,1201.16,14427.09,136.89,67.91,364.9
"WANorth","Derby-West Kimberley",123.783554077148,-16.1084957122803,0.9,6.28,6.92,3057.53,1071.39,12644.99,123.96,62.43,323.33
"WANorth","Derby-West Kimberley",124.438056945801,-16.0885257720947,0.9,6.34,6.5,1469.33,555.26,5541.16,1116.83,433.62,4078.72
"WANorth","Derby-West Kimberley",124.480964660645,-16.0828495025635,0.9,6.34,6.4,1358.04,520.98,5006.2,1453.91,554.71,5390.33
"WANorth","Derby-West Kimberley",124.484535217285,-16.0912246704102,0.9,6.35,6.4,1321.53,510.23,4822.77,1420.57,544.4,5231.54
"WANorth","Derby-West Kimberley",124.582328796387,-16.0861358642578,0.9,6.35,6.41,1173.14,467.34,4072.26,1227.11,481.75,4363.08
"NT","Roper Gulf",137.314041137695,-16.0900917053223,0.9,2.84,3.8,389.74,170.5,1223.2,39.99,24.11,80.31
"QLDNorth","Carpentaria",141.423645019531,-16.0846576690674,0.9,4.13,5.28,201.31,100.44,516.52,24.58,15.92,44.59
"QLDNorth","Douglas",145.476913452148,-16.0783138275146,0.9,2.88,3.05,574083.79,96859.93,6536135.3,141266.12,29005.94,1224741.42
"WANorth","Wyndham-East Kimberley",124.507705688477,-16.0009384155273,0.9,6.37,6.42,1021.39,409.92,3528.17,1077.05,427.36,3786.69
"WANorth","Derby-West Kimberley",124.578079223633,-16.0340747833252,0.9,6.36,6.42,1057.8,421.68,3691.49,955.29,385.39,3282.37
"QLDNorth","Carpentaria",141.412094116211,-16.0328712463379,0.9,4.12,4.48,210.46,104.4,544.23,81.94,45.69,181.43
"QLDNorth","Douglas",145.469268798828,-16.0456676483154,0.9,2.88,3.11,580346.17,97739.93,6624918.33,93162.45,20223.41,748629.11
"WANorth","Wyndham-East Kimberley",124.469848632812,-15.9841394424438,0.9,6.32,6.51,1857.17,688.4,7148.86,900.12,368.88,3016.15
"NT","Roper Gulf",136.775665283203,-15.9081058502197,0.9,2.9,3.99,242.57,113.6,691.92,22.92,14.88,41.59
"NT","Roper Gulf",137.174819946289,-15.9785556793213,0.9,2.84,3.37,391.96,172.64,1213.94,89.18,48.04,209.42
"NT","Roper Gulf",137.203567504883,-15.9930019378662,0.9,2.83,3.37,418.31,182.36,1314.92,91.12,48.93,214.94
"QLDNorth","Carpentaria",141.398162841797,-15.9851207733154,0.9,4.1,4.4,236.89,115.53,627.36,99.73,54.32,227.72
"QLDNorth","Douglas",145.451736450195,-16.007360458374,0.9,2.88,3.03,642767.85,106566.57,7504142.36,159627.75,32967.69,1358227.52
"WANorth","Wyndham-East Kimberley",124.447868347168,-15.9390983581543,0.9,6.33,6.49,1510.21,568.46,5726.67,1229.4,474.91,4503.49
"QLDNorth","Carpentaria",141.376220703125,-15.9288063049316,0.9,4.1,5.33,247.81,120.41,658.81,25.32,16.38,45.97
"QLDNorth","Douglas",145.425979614258,-15.9622201919556,0.9,2.88,3.01,585529.3,98454.06,6700232.68,185384.87,37677.69,1609289.18
"WANorth","Wyndham-East Kimberley",124.418724060059,-15.8794136047363,0.9,6.33,6.45,1639.43,610.88,6300.71,1269.85,498.52,4505.47
"QLDNorth","Carpentaria",141.395263671875,-15.8902997970581,0.9,4.11,4.67,224.16,110.32,585.77,63.5,36.36,136.11
"QLDNorth","Cook",145.369812011719,-15.8689947128296,0.9,2.82,3.44,567901.53,95987.36,6449004.64,11487.99,3292.54,63238.09
"WANorth","Wyndham-East Kimberley",124.400871276855,-15.8417091369629,0.9,6.32,6.47,1770.03,649.52,6963.8,2073.93,737.3,8565.89
"NT","Roper Gulf",137.051300048828,-15.8476610183716,0.9,2.84,3.48,383.72,171.35,1159.6,66.81,37.59,147.46
"QLDNorth","Carpentaria",141.408508300781,-15.8355550765991,0.9,4.1,4.66,236.09,115.24,624.3,67.76,38.42,147.22
"QLDNorth","Cook",145.38166809082,-15.8379240036011,0.9,2.82,3.43,594252.19,99936.99,6791229.66,12289.3,3495.89,68293.14
"WANorth","Wyndham-East Kimberley",124.391937255859,-15.7801294326782,0.9,6.3,6.64,2265.86,807.41,9262.15,1080.84,426.99,3830.14
"NT","Roper Gulf",137.115844726562,-15.7986011505127,0.9,2.85,3.77,354.62,159.89,1058.2,36.92,22.6,72.45
"QLDNorth","Carpentaria",141.415649414062,-15.7776660919189,0.9,4.09,4.58,258.29,124.43,695.84,81.75,45.23,183.66
"QLDNorth","Cook",145.443222045898,-15.754828453064,0.9,2.82,3.38,583581.33,98577.12,6622537.95,12772.54,3549.15,73968.82
"WANorth","Wyndham-East Kimberley",124.383842468262,-15.7301540374756,0.9,6.29,6.42,2683.14,943.36,11120.41,2977.19,1037.71,12454.49
"NT","Roper Gulf",136.50260925293,-15.6994524002075,0.9,2.78,3.68,683.65,275.57,2408.16,42.81,25.27,89.11
"NT","Roper Gulf",136.530364990234,-15.7224197387695,0.9,2.78,3.76,673.86,272.55,2360.68,37.42,22.64,75
"NT","Roper Gulf",136.583251953125,-15.7246532440186,0.9,2.78,3.75,686.6,277.09,2412.19,38.7,23.34,77.86
"NT","Roper Gulf",137.107421875,-15.7500600814819,0.9,2.81,3.81,487.65,209.83,1554.35,36.59,22.48,71.37
"QLDNorth","Carpentaria",141.415817260742,-15.7341289520264,0.9,4.09,4.57,269.31,128.93,731.91,85.23,46.87,193.15
"QLDNorth","Cook",145.440780639648,-15.7468500137329,0.9,2.81,3.36,751056.02,122283.2,8975861.75,17706.39,4744.93,107336.84
"WANorth","Wyndham-East Kimberley",124.368858337402,-15.680926322937,0.9,6.29,6.44,2992.55,1040.29,12576.23,2500.72,901.96,9933.22
"NT","Roper Gulf",136.482788085938,-15.6775360107422,0.9,2.77,3.32,750.13,297.54,2706.51,97.63,51.19,239.91
"NT","Roper Gulf",136.633483886719,-15.6840410232544,0.9,2.77,3.22,749.4,299.05,2672.84,136.42,68.74,352.91
"NT","Roper Gulf",137.102600097656,-15.6938915252686,0.9,2.8,3.69,549.47,234.79,1759.79,45.32,27.03,92.11
"QLDNorth","Carpentaria",141.420745849609,-15.6999979019165,0.9,4.08,4.62,277.99,132.29,762.36,80.24,44.41,180.42
"QLDNorth","Cook",145.357162475586,-15.698748588562,0.9,2.81,3.27,668087.31,111291.25,7710973.45,32121.97,7847.99,222367.08
"WANorth","Wyndham-East Kimberley",124.379577636719,-15.6583852767944,0.9,6.28,6.41,3312.61,1136.65,14167.19,3344.02,1143.11,14392.75
"NT","Roper Gulf",136.423294067383,-15.6278944015503,0.9,2.77,3.27,799.52,312.22,2958.69,113.48,58.28,287.02
"NT","Roper Gulf",136.684539794922,-15.6152477264404,0.9,2.77,3.93,786.17,311.2,2837.6,31.36,19.53,60.2
"NT","Roper Gulf",137.087982177734,-15.6364164352417,0.9,2.78,3.2,681.47,277.52,2354.37,141.58,72.35,355.64
"QLDNorth","Carpentaria",141.44123840332,-15.6337203979492,0.9,4.08,4.63,290.44,137.03,807.04,83.6,45.88,190.41
"QLDNorth","Cook",145.337219238281,-15.609429359436,0.9,2.81,2.96,723630.6,119717.6,8414939.31,123766.04,27045.17,964855.81
"WANorth","Wyndham-East Kimberley",124.410972595215,-15.5899610519409,0.9,6.28,6.65,3062.27,1064.44,12852.15,880.84,370.25,2822.1
"NT","Roper Gulf",136.316452026367,-15.5838413238525,0.9,2.78,3.71,673.94,269.31,2416.63,39.56,23.56,81.43
"NT","Roper Gulf",136.367736816406,-15.6125822067261,0.9,2.77,3.67,741.43,292.36,2708.06,43.46,25.62,90.56
"NT","Roper Gulf",136.777084350586,-15.574107170105,0.9,2.76,3.63,846.21,331.2,3104.38,53.91,31.08,115.41
"NT","Roper Gulf",136.833297729492,-15.5383195877075,0.9,2.75,3.64,924.65,357.41,3451.7,53.04,30.69,112.87
"NT","Roper Gulf",136.904006958008,-15.5475959777832,0.9,2.8,3.41,578.95,242.53,1917.8,74.59,41.51,166.84
"NT","Roper Gulf",136.937316894531,-15.5774364471436,0.9,2.77,3.9,756.43,304.21,2656.41,30.54,19.26,57.42
"NT","Roper Gulf",137.014739990234,-15.586576461792,0.9,2.78,3.25,687.17,280.71,2358.84,126.26,65.46,311.08
"NT","Roper Gulf",137.050201416016,-15.6158323287964,0.9,2.78,3.19,710.79,289.31,2450.68,147.03,74.88,370.71
"QLDNorth","Carpentaria",141.450454711914,-15.5829486846924,0.9,4.07,4.62,312.12,145.7,880.37,88.67,48.23,204.57
"QLDNorth","Cook",145.330215454102,-15.5912666320801,0.9,2.81,3.31,761277.5,125240.36,8915746.31,26511.17,6585.18,180291.71
"WANorth","Wyndham-East Kimberley",124.418167114258,-15.539116859436,0.9,6.3,6.41,2536.14,910.64,10148.07,3410.19,1139.04,15304.39
"NT","Roper Gulf",136.270355224609,-15.5267705917358,0.9,2.79,3.2,612.07,247.5,2160.88,121.71,61.64,314.5
"QLDNorth","Carpentaria",141.461395263672,-15.5369548797607,0.9,4.07,4.61,314.59,146.41,891.86,90.07,48.84,208.77
"QLDNorth","Cook",145.320785522461,-15.5653171539307,0.9,2.81,3.14,793119.02,129837.7,9348758.79,68362.54,15165.78,538618.85
"WANorth","Wyndham-East Kimberley",124.443572998047,-15.4937057495117,0.9,6.29,6.66,2765.94,984.29,11190.02,1106.7,452.7,3674.34
"WANorth","Wyndham-East Kimberley",125.000709533691,-15.4780082702637,0.9,5.18,5.2,5552.79,1785.2,25906.32,5862.41,1841.47,28451.96
"WANorth","Wyndham-East Kimberley",125.047920227051,-15.468729019165,0.9,5.2,5.19,4618.24,1524.17,20773.75,7362.54,2234.37,37527.42
"NT","Roper Gulf",136.261825561523,-15.4813098907471,0.9,2.79,3.19,628.94,253.35,2232.23,122.49,61.82,318.49
"QLDNorth","Carpentaria",141.469650268555,-15.5078430175781,0.9,4.06,4.61,324.76,150.37,927.56,91.66,49.57,213.27
"WANorth","Wyndham-East Kimberley",124.463150024414,-15.4064741134644,0.9,6.26,6.55,4216.33,1424.71,18267.7,2559.48,949.7,9644.72
"WANorth","Wyndham-East Kimberley",124.99584197998,-15.4311647415161,0.9,5.19,5.2,4815.02,1575.47,21947.05,6276.9,1950.11,30952.83
"WANorth","Wyndham-East Kimberley",125.066184997559,-15.428539276123,0.9,5.2,5.2,4242.72,1414.42,18835,5601.72,1762.82,27176.01
"NT","Roper Gulf",136.219879150391,-15.4033269882202,0.9,2.78,3.23,681.02,270.74,2464.5,112.56,57.37,289.03
"QLDNorth","Kowanyama",141.508316040039,-15.4334802627563,0.9,4.06,4.5,344.05,157.86,995.54,115.74,60.64,281.3
"WANorth","Wyndham-East Kimberley",124.356224060059,-15.3932209014893,0.9,6.27,6.56,3583.93,1233.34,15170.04,2306.91,867.81,8532.55
"WANorth","Wyndham-East Kimberley",124.443748474121,-15.3779649734497,0.9,6.25,6.52,5322.91,1750.06,23898.24,3202.55,1155.95,12518.16
"WANorth","Wyndham-East Kimberley",125.003211975098,-15.3864412307739,0.9,5.18,5.18,5618.31,1791.59,26589.49,7612.33,2302.88,38943.33
"WANorth","Wyndham-East Kimberley",125.033515930176,-15.3738317489624,0.9,5.2,5.2,3939.67,1326.87,17245.01,5887.94,1843.94,28728.1
"WANorth","Wyndham-East Kimberley",128.090316772461,-15.3669605255127,0.9,4.96,5.03,9424622.42,1102024.18,176340602.1,4032273.2,502708.27,70904533.44
"WANorth","Wyndham-East Kimberley",128.120590209961,-15.3749618530273,0.9,4.96,5.03,10329309.58,1205969.96,192645863.23,4299687.74,543975.74,73209949.15
"NT","Roper Gulf",136.115036010742,-15.3544836044312,0.9,2.79,3.69,617.84,248.11,2209.16,40.24,23.72,84.41
"NT","Roper Gulf",136.154373168945,-15.3790369033813,0.9,2.79,3.07,631.45,253.1,2262.3,187.76,88.82,535.66
"QLDNorth","Kowanyama",141.528915405273,-15.3784799575806,0.9,4.05,4.5,359.52,163.36,1056.24,116.68,61.02,284.42
"QLDNorth","Hope Vale",145.302627563477,-15.3452205657959,0.9,2.83,3.25,784235.68,129330.92,9125484.75,52574.35,11816.46,411655.8
"WANorth","Wyndham-East Kimberley",124.32071685791,-15.3089828491211,0.9,6.24,7.13,6605.23,2065.1,32085.43,110.7,56.94,279.6
"WANorth","Wyndham-East Kimberley",128.066925048828,-15.3209896087646,0.9,4.96,5.03,9412950.57,1092711.16,178533766.95,2445285.52,326174.49,39195011.82
"WANorth","Wyndham-East Kimberley",128.124252319336,-15.3248014450073,0.9,4.96,5.02,14638078.36,1596137.3,302956632.48,6400050.26,767282.63,117315793.29
"WANorth","Wyndham-East Kimberley",128.128356933594,-15.3167791366577,0.9,4.95,5.01,19502703.49,2032800.93,430732581.89,10692049.07,1182798.81,220067250.77
"NT","Roper Gulf",136.055770874023,-15.3226823806763,0.9,2.8,3.71,539.71,220.19,1891.18,37.95,22.53,78.83
"QLDNorth","Kowanyama",141.540954589844,-15.3341646194458,0.9,4.04,4.49,389.61,174.7,1167.14,121.47,63.2,298.13
"QLDNorth","Hope Vale",145.352462768555,-15.2814426422119,0.9,2.83,3.2,749322.77,124458.82,8630229.65,80680.01,17174.57,679266.71
"WANorth","Wyndham-East Kimberley",124.343971252441,-15.2859258651733,0.9,6.22,7.05,10664.5,3141.87,56055.14,130.32,65.51,339.88
"WANorth","Wyndham-East Kimberley",128.255874633789,-15.2712717056274,0.9,4.94,5.01,61946697.8,5595453.59,1653955059.85,10733678.42,1151310.14,234181865.09
"NT","Roper Gulf",135.992614746094,-15.2876634597778,0.9,2.81,3.71,500.17,205.71,1735.59,37.83,22.38,79.2
"QLDNorth","Kowanyama",141.570571899414,-15.2726631164551,0.9,4.03,4.48,411.55,182.55,1253.37,122.31,63.64,300.01
"QLDNorth","Hope Vale",145.360290527344,-15.2734632492065,0.9,2.83,3.19,1021609.9,161710.73,12606556.5,71690.68,15642.09,580877.73
"WANorth","Wyndham-East Kimberley",124.378463745117,-15.2625865936279,0.9,6.21,7.33,12643.63,3641.06,68556.98,53.68,30.62,117.34
"WANorth","Wyndham-East Kimberley",124.414283752441,-15.2452163696289,0.9,6.2,8.23,16142.84,4477.45,92349.66,12.32,8.7,19.94
"WANorth","Wyndham-East Kimberley",124.460670471191,-15.2325954437256,0.9,6.2,7.61,16120.11,4470.03,92271.05,27.11,17.06,51.63
"WANorth","Wyndham-East Kimberley",124.546234130859,-15.2495212554932,0.9,5.15,5.81,11968.26,3490.12,63633.85,220.62,103.1,636.45
"WANorth","Wyndham-East Kimberley",124.58065032959,-15.2420091629028,0.9,5.15,5.8,9998.7,3004.7,50882.35,194.92,90.92,569.99
"WANorth","Wyndham-East Kimberley",124.621078491211,-15.2665252685547,0.9,5.16,6.13,8976.63,2744.55,44557.9,56.01,31.05,128.99
"WANorth","Wyndham-East Kimberley",124.679168701172,-15.2518796920776,0.9,5.16,5.53,8877.73,2716.96,44018.86,873.91,338.38,3265.16
"WANorth","Wyndham-East Kimberley",124.713401794434,-15.2531232833862,0.9,5.16,5.24,9365.54,2838.97,47100.58,14262.87,3848.5,86641.95
"WANorth","Wyndham-East Kimberley",124.784233093262,-15.2281265258789,0.9,5.16,5.59,9523.8,2871.77,48310.59,721.39,294.26,2474.4
"WANorth","Wyndham-East Kimberley",124.837158203125,-15.2363758087158,0.9,5.18,5.27,6625.33,2080.2,31925.76,14833.86,4083.86,86526.96
"NT","Roper Gulf",135.923324584961,-15.2407388687134,0.9,2.82,3.7,448.11,187.18,1521.88,39.06,22.89,83
"QLDNorth","Kowanyama",141.574462890625,-15.2235231399536,0.9,4.03,4.47,442.6,193.92,1372.63,127.44,65.92,315.19
"QLDNorth","Hope Vale",145.327423095703,-15.2295150756836,0.9,2.83,3.52,895481.6,143919.37,10835832.18,10897.27,2940.78,67510.85
"WANorth","Wyndham-East Kimberley",124.837196350098,-15.1718883514404,0.9,5.16,5.57,9307.7,2782.85,48029.09,941.38,370.59,3389.5
"NT","Roper Gulf",135.844009399414,-15.1683340072632,0.9,2.83,3.69,424.88,178.6,1431.31,40.74,23.69,87.7
"QLDNorth","Kowanyama",141.595138549805,-15.185079574585,0.9,4.02,4.56,447.43,194.85,1402.48,101.3,54.06,240
"QLDNorth","Hope Vale",145.333099365234,-15.2225074768066,0.9,2.83,3.52,960233.18,152862.59,11772603.67,11138.02,2999.18,69178.97
"WANorth","Wyndham-East Kimberley",124.855361938477,-15.1429424285889,0.9,5.16,5.66,9082.11,2751.24,45818.43,509.35,217.22,1646.11
"WANorth","Wyndham-East Kimberley",125.304618835449,-15.1396646499634,0.9,5.23,5.23,2471.66,873.51,10200.85,4011.08,1291.14,19082.54
"WANorth","Wyndham-East Kimberley",125.365219116211,-15.1228294372559,0.9,5.25,5.28,2112.1,767.8,8358.14,2113.98,750.48,8743
"NT","Victoria Daly",129.229110717773,-15.0611801147461,0.9,5.01,5.79,864346.96,148106.23,9317942.27,432.51,190.33,1332.4
"NT","Victoria Daly",129.627670288086,-15.1251249313354,0.9,5.1,5.76,35618.02,9512.65,208037.12,373.44,163.32,1176.44
"NT","Roper Gulf",135.742385864258,-15.1108503341675,0.9,2.82,3.7,461.71,189.24,1623.83,41.02,23.79,88.65
"NT","Roper Gulf",135.779724121094,-15.1316137313843,0.9,2.83,3.7,438.67,181.77,1516.17,40.74,23.65,87.99
"QLDNorth","Kowanyama",141.624618530273,-15.1111812591553,0.9,3.12,3.86,491.94,211.13,1574.71,69.02,39,150.84
"QLDNorth","Hope Vale",145.26692199707,-15.0901155471802,0.9,2.83,3.38,785055.39,129025.9,9192299.41,18951.49,4773.78,128598.33
"WANorth","Wyndham-East Kimberley",124.845108032227,-15.0398464202881,0.9,5.16,5.66,9509.5,2863.82,48355.08,702.73,290.45,2355.75
"WANorth","Wyndham-East Kimberley",125.261390686035,-15.0821933746338,0.9,5.21,5.25,3574.04,1198.43,15873.14,5039.37,1548.36,25768.63
"WANorth","Wyndham-East Kimberley",125.309417724609,-15.0748262405396,0.9,5.22,5.28,3317.51,1124.09,14521.72,5496.06,1677.31,28289.05
"WANorth","Wyndham-East Kimberley",125.366409301758,-15.0749502182007,0.9,5.23,5.26,2591.01,911.68,10747.47,3170.05,1064.9,14145.41
"NT","Victoria Daly",129.252014160156,-15.0351524353027,0.9,5.01,5.95,905834.01,162287.59,8988439.77,156.24,79.58,392.24
"NT","Victoria Daly",129.529296875,-15.0264749526978,0.9,5.05,5.55,165675.39,35793.7,1295625.34,1370.76,500.74,5538.68
"NT","Victoria Daly",129.635375976562,-15.0729827880859,0.9,5.09,5.52,44063.09,11368.06,270494.76,3635.11,1158.48,17753.82
"NT","Roper Gulf",135.683929443359,-15.0744066238403,0.9,2.83,3.71,428.3,176.7,1496.33,39.15,22.86,83.83
"QLDNorth","Kowanyama",141.639617919922,-15.0733003616333,0.9,3.12,3.86,517.93,220.05,1683.71,68.85,38.92,150.32
"QLDNorth","Hope Vale",145.285614013672,-15.0589323043823,0.9,2.83,3.38,781395.24,128539.39,9137051.2,20275.69,5057.92,139474.62
"WANorth","Wyndham-East Kimberley",124.898864746094,-15.0271453857422,0.9,5.16,5.52,9377.34,2834.4,47404.73,2106.63,771.27,8229.5
"WANorth","Wyndham-East Kimberley",125.158798217773,-15.0236616134644,0.9,5.21,5.44,3357.56,1144.12,14531.97,1457.66,521.76,6097.45
"WANorth","Wyndham-East Kimberley",125.227180480957,-14.9999437332153,0.9,5.21,5.29,3603.02,1210.43,15937.37,5987.32,1814.49,31039.2
"WANorth","Wyndham-East Kimberley",125.245780944824,-15.0001363754272,0.9,5.21,5.22,3477.5,1168.9,15402.53,5408.56,1718.7,25827.16
"WANorth","Wyndham-East Kimberley",128.104248046875,-15.0200548171997,0.9,5.03,5.17,277704.48,51482.17,2784396.51,85422.62,17184.23,798264.62
"WANorth","Wyndham-East Kimberley",128.151580810547,-15.0434598922729,0.9,5.04,5.19,273854.79,51303.79,2695065.28,96535.65,18965.33,935685.83
"WANorth","Wyndham-East Kimberley",128.215484619141,-15.0266199111938,0.9,5.03,5.23,346953.48,62947.62,3567910.32,92001.67,17699.59,932768.36
"WANorth","Wyndham-East Kimberley",128.357131958008,-15.0189142227173,0.9,4.97,5.67,5819882.5,712115.07,103341058.85,989.28,369.74,3921.39
"NT","Victoria Daly",129.629501342773,-15.0235919952393,0.9,5.07,5.51,72394.04,17728.96,474229.78,4287.14,1331.9,21720.43
"NT","Roper Gulf",135.525787353516,-15.0083923339844,0.9,2.84,3.28,374.66,156,1299.99,86.99,44.66,225.07
"NT","Roper Gulf",135.573394775391,-15.031590461731,0.9,2.84,3.3,397.33,164.5,1387.33,88.13,45.18,228.38
"NT","Roper Gulf",135.638565063477,-15.0378141403198,0.9,2.83,3.72,424.07,174.76,1486.12,39.48,22.99,84.93
"QLDNorth","Pormpuraaw",141.660873413086,-15.0223045349121,0.9,3.11,4.17,546.38,230.27,1796.81,40.52,24.64,80.03
"QLDNorth","Hope Vale",145.338073730469,-14.9985475540161,0.9,2.83,3.42,946798.4,151186.38,11552696.48,16251.96,4228.41,104825.19
"WANorth","Wyndham-East Kimberley",124.953239440918,-14.9682312011719,0.9,5.17,5.42,7939.27,2418.18,39995.31,2487.44,775.11,13102.59
"WANorth","Wyndham-East Kimberley",125.014305114746,-14.9793424606323,0.9,5.17,5.55,7684.55,2355.77,38332.96,640.55,255.16,2320.3
"WANorth","Wyndham-East Kimberley",125.059196472168,-14.981104850769,0.9,5.18,5.6,6387.14,1996.76,31098.29,480.55,198.89,1652.37
"WANorth","Wyndham-East Kimberley",125.21174621582,-14.9692764282227,0.9,5.21,5.31,3681.39,1235.21,16298.74,4260.38,1373.82,20116.19
"WANorth","Wyndham-East Kimberley",128.115615844727,-14.9633541107178,0.9,5.04,5.21,218546.14,42190.03,2064555.88,65534.59,13449.93,601373.17
"WANorth","Wyndham-East Kimberley",128.265228271484,-14.9804067611694,0.9,5.02,5.29,587269.41,98821.37,6709314.42,39783.88,8663.27,338321.51
"WANorth","Wyndham-East Kimberley",128.327514648438,-14.9675893783569,0.9,5,5.39,1285991.34,191628.39,17492159.3,17868.37,4412.78,126580.9
"NT","Roper Gulf",135.472869873047,-14.9671669006348,0.9,2.86,3.42,336.37,141.85,1148.35,59.19,32.27,140.32
"QLDNorth","Pormpuraaw",141.634017944336,-14.9669532775879,0.9,3.1,4.15,593.05,247.62,1973.5,43.38,26.14,86.71
"QLDNorth","Hope Vale",145.355865478516,-14.9762773513794,0.9,2.82,3.44,1167511.56,180937.27,14853288.3,11556.72,3122.59,71106.88
"WANorth","Wyndham-East Kimberley",128.126541137695,-14.9274501800537,0.9,5.03,5.23,336023.67,61215.46,3436498.03,67770.74,13704.18,638539.71
"NT","Roper Gulf",135.433349609375,-14.9105844497681,0.9,2.88,3.49,287.2,123.49,956.11,51.56,28.63,119.28
"QLDNorth","Pormpuraaw",141.608688354492,-14.9055852890015,0.9,3.1,3.67,644.41,265.85,2180.89,106.93,56.79,254.66
"QLDNorth","Hope Vale",145.317611694336,-14.9490919113159,0.9,2.82,3.14,1165291.84,180385.46,14858728.29,18899.33,4666.33,133348.7
"WANorth","Wyndham-East Kimberley",125.209754943848,-14.8662157058716,0.9,5.19,5.29,5346.48,1716.19,25076.91,9250.98,2679,50685.94
"WANorth","Wyndham-East Kimberley",128.150115966797,-14.8587427139282,0.9,5.02,5.21,432010.23,75782.02,4661962.64,39599.52,9046.97,306823.84
"WANorth","Wyndham-East Kimberley",128.806945800781,-14.8499422073364,0.9,5.04,5.85,235902.88,48826.03,1952235.09,272.05,126.43,781.09
"NT","Roper Gulf",135.423721313477,-14.8675756454468,0.9,2.88,3.69,286.21,123.02,953.86,41.36,23.6,92.34
"QLDNorth","Pormpuraaw",141.589569091797,-14.8615064620972,0.9,3.09,3.67,679.63,277.94,2329.84,108.8,57.69,259.64
"QLDNorth","Hope Vale",145.222076416016,-14.8688898086548,0.9,2.82,3.39,1186516.03,184839.82,14934216.93,9142.51,2528.82,54730.87
"QLDNorth","Hope Vale",145.231597900391,-14.8859167098999,0.9,2.82,3.4,1169728.55,182155.17,14747135.53,8843.46,2456.42,52645.06
"WANorth","Wyndham-East Kimberley",125.15340423584,-14.8067455291748,0.9,5.17,5.61,7064.64,2194.4,34582.23,877.14,355.49,3005
"WANorth","Wyndham-East Kimberley",128.195236206055,-14.8283796310425,0.9,5.01,5.28,853072.27,137779.49,10261553.05,25434.11,5963.44,193921.71
"WANorth","Wyndham-East Kimberley",128.527557373047,-14.7843637466431,0.9,5.02,5.08,432988.26,77270.14,4524782.33,370389.29,62570.88,4338829
"WANorth","Wyndham-East Kimberley",128.601577758789,-14.79909324646,0.9,5.01,5.19,748506.05,126229.34,8382426.45,114548.62,21353.2,1213931.02
"NT","West Daly",129.684432983398,-14.8089656829834,0.9,5.05,5.37,144105.69,31108.42,1138010.7,7889.96,2411.69,39503.45
"NT","Roper Gulf",135.404830932617,-14.8228092193604,0.9,2.88,3.69,270.29,116.95,893.31,41.96,23.87,94.16
"QLDNorth","Pormpuraaw",141.578353881836,-14.8152437210083,0.9,3.09,4.16,713.71,289.71,2472.76,42.95,25.98,85.33
"QLDNorth","Cook",145.107711791992,-14.8189258575439,0.9,2.83,3.42,896958.96,144858.79,10755008.51,5736.41,1676.81,31981.97
"QLDNorth","Hope Vale",145.155731201172,-14.8298187255859,0.9,2.83,3.41,1069245.6,170210.91,13017892.44,6751.82,1931.62,38756.3
"WANorth","Wyndham-East Kimberley",125.15779876709,-14.771409034729,0.9,5.17,5.57,7395.12,2296.1,36122.13,488.49,202.37,1674.4
"WANorth","Wyndham-East Kimberley",128.211807250977,-14.7566795349121,0.9,5,5.05,1043900.67,166782.8,12643610.97,561147.35,94958.27,6363327.15
"NT","West Daly",129.680160522461,-14.7723655700684,0.9,5.05,5.36,191129.21,39078.87,1637839.12,10938.99,3146.83,59997.2
"NT","Roper Gulf",135.40104675293,-14.7666997909546,0.9,2.89,3.7,253.56,110.75,826.99,41.93,23.83,94.22
"QLDNorth","Pormpuraaw",141.563537597656,-14.7555322647095,0.9,3.08,4.43,767.7,307.97,2705.98,30.35,19.3,56.21
"QLDNorth","Cook",145.004684448242,-14.765022277832,0.9,2.83,3.44,816921.51,131872.37,9864633.91,4647.21,1404.97,24666.97
"QLDNorth","Cook",145.046966552734,-14.7957363128662,0.9,2.83,3.43,848955.91,137043.75,10225160.45,5484.28,1612.78,30326.92
"WANorth","Wyndham-East Kimberley",125.162040710449,-14.7307987213135,0.9,5.16,5.78,9022.63,2781.3,44108.89,357.05,161.51,1058.29
"WANorth","Wyndham-East Kimberley",128.21858215332,-14.7112264633179,0.9,4.99,5.06,1683261.01,247729.59,23011165.21,685017.87,107828.62,8780847.25
"NT","Roper Gulf",135.432189941406,-14.722728729248,0.9,2.9,3.69,245.45,107.81,793.77,42.17,23.94,94.98
"QLDNorth","Pormpuraaw",141.559204101562,-14.7273426055908,0.9,3.08,4.06,796.78,317.38,2838.87,51.09,30.17,104.85
"QLDNorth","Cook",144.987640380859,-14.7468757629395,0.9,2.83,3.34,947989.59,150210.53,11734020.93,16189.96,4320.07,99549.49
"WANorth","Wyndham-East Kimberley",125.128555297852,-14.6601362228394,0.9,5.15,5.67,10730.19,3215.97,54630.91,731.91,303.43,2433.06
"WANorth","Wyndham-East Kimberley",125.160118103027,-14.6572942733765,0.9,5.15,5.54,10151.91,3083.73,50610.7,1828.51,677.64,7048.21
"WANorth","Wyndham-East Kimberley",128.201126098633,-14.7053632736206,0.9,5,5.28,1145109.23,177027.87,14654300.22,29768.25,6903.71,228998.3
"NT","Roper Gulf",135.452590942383,-14.6908016204834,0.9,2.9,3.7,242.01,106.62,778.9,41.28,23.5,92.67
"NT","Roper Gulf",135.470809936523,-14.6745538711548,0.9,2.9,3.04,242.84,106.93,781.98,153.33,71.93,452.68
"QLDNorth","Pormpuraaw",141.550689697266,-14.6618461608887,0.9,3.07,4.04,877.4,343.37,3210.82,54.98,32.15,114.4
"QLDNorth","Cook",144.95671081543,-14.6787748336792,0.9,2.82,3.34,1203249.42,186055.12,15341745.06,17602.33,4659.98,109219.24
"WANorth","Wyndham-East Kimberley",125.084785461426,-14.6038780212402,0.9,5.13,5.88,16855.62,4692.07,95521.74,202.34,97.39,555.09
"WANorth","Wyndham-East Kimberley",128.091583251953,-14.6392116546631,0.9,5.02,5.89,517478.52,89749.77,5635541.28,244.47,112.47,721.23
"WANorth","Wyndham-East Kimberley",128.13264465332,-14.6603422164917,0.9,5.02,5.6,615675.51,103636.77,7007176.62,1257.26,459.87,5100.85
"NT","West Daly",129.684371948242,-14.6120672225952,0.9,5.01,5.43,662130.72,128159.16,5829440.84,6373.12,1875.68,34782.33
"NT","Roper Gulf",135.524978637695,-14.6124706268311,0.9,2.88,3.13,274,119.05,896.88,115.79,57.05,317.36
"QLDNorth","Pormpuraaw",141.548477172852,-14.6105136871338,0.9,3.06,4.04,902.22,350.88,3334.62,54.42,31.9,112.85
"QLDNorth","Cook",144.940582275391,-14.6089067459106,0.9,2.81,3.36,1892033.1,278390.27,25677977.67,19774.5,5173.03,124473.18
"WANorth","Wyndham-East Kimberley",125.078704833984,-14.5518770217896,0.9,5.12,5.94,19040.75,5165.41,112280.72,158.5,77.83,426.14
"WANorth","Wyndham-East Kimberley",128.000030517578,-14.5617656707764,0.9,5.02,5.46,551661.83,97304.02,5799621.93,2977.66,979.95,13876.76
"WANorth","Wyndham-East Kimberley",128.045211791992,-14.5876274108887,0.9,5.02,5.98,464468.75,83200.87,4798230.51,160.84,78.62,435.73
"NT","West Daly",129.531127929688,-14.5545520782471,0.9,5.03,5.44,287702.93,60572.41,2283839.23,4746.59,1445.03,24815.98
"NT","West Daly",129.581802368164,-14.5655689239502,0.9,5.05,5.43,178681.93,40020.53,1304773.25,6489.96,1979.29,33057.68
"NT","Roper Gulf",135.567230224609,-14.5412082672119,0.9,2.88,3.07,271.4,118.37,882.32,137.93,66.33,390.9
"QLDNorth","Pormpuraaw",141.536666870117,-14.5556573867798,0.9,3.06,4.03,972.95,374.05,3656.06,56.8,33.12,118.57
"QLDNorth","Cook",144.880081176758,-14.5607309341431,0.9,2.81,3.28,2032377.52,297426.92,27731062.69,21376.55,5460.53,139982.3
"QLDNorth","Cook",144.893249511719,-14.5655660629272,0.9,2.81,3.29,2182464.97,315426.17,30334726.4,19720.18,5111.41,126337.09
"WANorth","Wyndham-East Kimberley",125.1201171875,-14.514669418335,0.9,5.13,5.95,18897.36,5169.91,109767.79,162.04,79.47,435.9
"WANorth","Wyndham-East Kimberley",125.262313842773,-14.4960641860962,0.9,5.13,5.41,18507.34,5073.27,107252.47,2834.91,921.26,13588.38
"WANorth","Wyndham-East Kimberley",125.319488525391,-14.5248193740845,0.9,5.12,5.86,19173.41,5196.64,113203.8,122.87,60.78,332.3
"WANorth","Wyndham-East Kimberley",125.367393493652,-14.5112953186035,0.9,5.1,5.9,35983.31,8846.19,244317.21,105.69,53.46,276.93
"WANorth","Wyndham-East Kimberley",125.427215576172,-14.5262870788574,0.9,5.1,5.49,37473.03,9197.61,254508.91,1216,434.29,5183.59
"WANorth","Wyndham-East Kimberley",125.949760437012,-14.5220060348511,0.9,5.12,5.39,22051.47,5709.55,140462.98,2323.6,764.57,11042.04
"WANorth","Wyndham-East Kimberley",126.010581970215,-14.5180864334106,0.9,5.12,5.18,21551.19,5606.72,136265.61,34790.93,8190.82,256926.63
"WANorth","Wyndham-East Kimberley",127.942878723145,-14.513729095459,0.9,5.02,5.16,602312.67,107349.1,6178790.09,121842.23,26207.68,978671.62
"NT","West Daly",129.44775390625,-14.5041465759277,0.9,5.03,5.44,354612.68,71333.12,3017154.58,5288.98,1578.32,28504.59
"NT","West Daly",129.479934692383,-14.5016145706177,0.9,5.03,5.46,290492.24,59981.21,2385730.07,4059.14,1250.47,20991.79
"NT","Roper Gulf",135.578796386719,-14.5139532089233,0.9,2.89,3.74,267.66,116.9,868.79,40.26,23.12,88.92
"QLDNorth","Pormpuraaw",141.527404785156,-14.5103921890259,0.9,3.06,4.48,988.4,379.26,3723.36,29.87,19.12,54.71
"QLDNorth","Cook",144.739639282227,-14.5463800430298,0.9,2.81,3.55,2787972.84,386259.5,41244899.09,11470.21,3344.21,61173.93
"QLDNorth","Cook",144.774948120117,-14.5439920425415,0.9,2.81,3.2,2530052.8,358683.01,36094653.5,49800.45,11670.21,361795.75
"WANorth","Wyndham-East Kimberley",125.131568908691,-14.4704513549805,0.9,5.12,6.1,21099.23,5612.21,128182.39,82.01,43.62,198.67
"WANorth","Wyndham-East Kimberley",125.27473449707,-14.4618988037109,0.9,5.11,5.58,30312.66,7617.87,199818.9,586.92,234.71,2124.62
"WANorth","Wyndham-East Kimberley",125.482887268066,-14.480881690979,0.9,5.11,6,29000.68,7447,184203.57,79.14,42.01,193.03
"WANorth","Wyndham-East Kimberley",125.520492553711,-14.4681940078735,0.9,5.13,6.02,16167,4595.48,88405.82,74.99,40.34,178.92
"WANorth","Wyndham-East Kimberley",125.86164855957,-14.4677419662476,0.9,5.12,5.33,23826.91,6140.96,152279.39,5524.69,1618.11,30774.67
"WANorth","Wyndham-East Kimberley",125.997909545898,-14.4545955657959,0.9,5.12,5.18,23202.43,5985.81,148286.4,44801.07,9817.9,372722.55
"WANorth","Wyndham-East Kimberley",127.930953979492,-14.5009260177612,0.9,5.02,5.68,557370.2,101268.65,5547231.71,596.71,243.31,2076.94
"NT","West Daly",129.366073608398,-14.4294281005859,0.9,5.03,5.66,403098.1,79618.58,3517798.31,810.56,320.49,2925.47
"NT","Roper Gulf",135.625366210938,-14.4839658737183,0.9,2.87,3.63,296.87,128.33,974.8,51.86,28.6,121.64
"QLDNorth","Pormpuraaw",141.526031494141,-14.4617919921875,0.9,3.06,4.49,987.05,378.88,3716.21,29.37,18.87,53.47
"QLDNorth","Cook",143.846130371094,-14.4575262069702,0.9,2.85,3.29,451734.85,77331.16,5087600.03,4921.85,1477.58,26365.92
"QLDNorth","Cook",143.895843505859,-14.4822654724121,0.9,2.83,3.26,708447.03,113469.36,8766374.27,4431.15,1344.19,23452.98
"QLDNorth","Cook",143.938598632812,-14.4828338623047,0.9,2.84,3.25,639490.37,104541.34,7668290.18,4183.93,1283.87,21751.44
"QLDNorth","Cook",144.004318237305,-14.4783716201782,0.9,2.84,3.24,553113.61,91811.59,6509718.53,4544.05,1369.83,24298.31
"QLDNorth","Cook",144.050003051758,-14.4639005661011,0.9,2.84,3.23,543696.92,90379.54,6389042,4430.58,1338.91,23625.27
"QLDNorth","Cook",144.09049987793,-14.4441137313843,0.9,2.84,3.22,498312.32,83829.52,5760297.5,5322.17,1570.56,29300.63
"QLDNorth","Cook",144.660003662109,-14.5000143051147,0.9,2.8,3.64,3803034.99,501337.86,60457347.69,6904.23,2160.02,33401.84
"WANorth","Wyndham-East Kimberley",125.152992248535,-14.4271259307861,0.9,5.12,6.08,19088.79,5181.81,112410.35,85.22,45.15,207.39
"WANorth","Wyndham-East Kimberley",125.198593139648,-14.4466991424561,0.9,5.13,5.88,17039.91,4700.01,98146.8,134.5,66.46,361.84
"WANorth","Wyndham-East Kimberley",125.596481323242,-14.4360542297363,0.9,5.11,5.13,27081.47,6941.21,173384.82,82330.93,17348.74,705660.53
"WANorth","Wyndham-East Kimberley",125.736625671387,-14.406229019165,0.9,5.11,5.22,24193.2,6239.14,154286.11,29164.39,7370.02,190765.14
"WANorth","Wyndham-East Kimberley",125.759918212891,-14.4194965362549,0.9,5.11,5.22,24782.58,6361.34,159172.98,30459.17,7548.98,206010.44
"WANorth","Wyndham-East Kimberley",125.813087463379,-14.4428367614746,0.9,5.11,5.18,25548.5,6516.46,165711.01,73303.39,14910.71,678442.7
"WANorth","Wyndham-East Kimberley",125.943725585938,-14.396312713623,0.9,5.11,5.33,26455.32,6706.93,173143.26,6781.69,1954.31,38368.71
"WANorth","Wyndham-East Kimberley",127.869132995605,-14.4294986724854,0.9,5.02,5.64,512302.2,97940.48,4675167.9,618.49,252.78,2137.26
"NT","West Daly",129.354202270508,-14.4140396118164,0.9,5.05,5.32,180387.4,39641.84,1361653.79,13945.22,3618.99,91446.3
"NT","Roper Gulf",135.675582885742,-14.4104404449463,0.9,2.87,3.62,310.68,133.87,1022.67,53.19,29.26,125.05
"QLDNorth","Pormpuraaw",141.536483764648,-14.4148235321045,0.9,3.05,4.42,1027.28,392.43,3891.87,33.18,20.96,61.83
"QLDNorth","Cook",143.791213989258,-14.4109144210815,0.9,2.84,3.52,469554.16,79373.04,5401116.96,1643.9,575.74,7107.22
"QLDNorth","Cook",144.63346862793,-14.4088802337646,0.9,2.8,2.93,4088027.68,532559.58,66119704.7,729645.9,127082.89,7714726.82
"WANorth","Wyndham-East Kimberley",125.573066711426,-14.3610992431641,0.9,5.12,5.13,23221.34,6131.62,142109.62,79721.9,17099.43,662216.22
"WANorth","Wyndham-East Kimberley",125.721366882324,-14.3566665649414,0.9,5.11,5.22,25365.95,6509.98,162715.99,29473.54,7483.65,190954.78
"WANorth","Wyndham-East Kimberley",125.943374633789,-14.3472080230713,0.9,5.11,5.33,24664.28,6319.45,159006,7057.16,1999.29,41147.31
"WANorth","Wyndham-East Kimberley",127.786949157715,-14.3601789474487,0.9,5.03,5.21,379532.74,78474.29,3064495.18,28687.68,7656.89,169881.37
"NT","West Daly",129.357345581055,-14.3789148330688,0.9,5.05,5.32,182379.28,38802.17,1458038.76,15187.03,3866.61,102680.44
"NT","Roper Gulf",135.690505981445,-14.3648252487183,0.9,2.86,3.63,318.19,136.64,1052.44,53.98,29.66,126.98
"QLDNorth","Pormpuraaw",141.546737670898,-14.3721208572388,0.9,3.05,4.42,1024.54,392.19,3866.99,32.57,20.64,60.43
"QLDNorth","Cook",143.766632080078,-14.372615814209,0.9,2.84,3.26,517649.11,86765.49,6009169.63,6621.89,1930.58,36697.64
"QLDNorth","Cook",144.168395996094,-14.3686866760254,0.9,2.83,3.14,802324.21,128514.31,9842004.74,6927.3,1963.71,40401.1
"QLDNorth","Cook",144.629440307617,-14.3544597625732,0.9,2.8,3.19,3322042.43,448886.77,50891594.47,78170.14,17136.96,624012.08
"WANorth","Wyndham-East Kimberley",125.580001831055,-14.3071508407593,0.9,5.12,5.87,23120,6112.45,141204.67,173.49,83.46,482.02
"WANorth","Wyndham-East Kimberley",125.727348327637,-14.30442237854,0.9,5.1,5.26,31048.29,7745.81,207151.57,19882.83,5043.14,132661.49
"WANorth","Wyndham-East Kimberley",126.016021728516,-14.2939434051514,0.9,5.11,5.21,29910.76,7497.15,198316.52,30913.71,7512.12,216781.02
"WANorth","Wyndham-East Kimberley",127.774642944336,-14.3200511932373,0.9,5.03,5.52,363867.6,76261.77,2875390.13,1148.33,436.9,4348.9
"NT","West Daly",129.381134033203,-14.3171844482422,0.9,5.04,5.21,199547.89,40774.25,1707391.82,45981.72,10597.4,346583.49
"NT","East Arnhem",136.577545166016,-14.2649507522583,0.9,2.73,3.29,1131.95,439.12,4136.71,139.69,69.98,364.74
"NT","East Arnhem",136.647308349609,-14.2961120605469,0.9,2.73,3.52,1223.56,469.55,4539.04,89.12,47.26,215.74
"NT","East Arnhem",136.682022094727,-14.3022203445435,0.9,2.72,3.41,1270.9,484.53,4760.62,110.95,57.15,279.43
"NT","East Arnhem",136.715728759766,-14.275164604187,0.9,2.73,3.2,1246.56,477.71,4630.7,162.12,79.79,433.2
"NT","East Arnhem",136.803085327148,-14.2928056716919,0.9,2.71,3.73,1531.35,567.14,5980.3,54.77,31.03,121.06
"NT","East Arnhem",136.842132568359,-14.308614730835,0.9,2.7,3.68,1770.65,638.08,7207.42,65.39,36.25,148.75
"NT","East Arnhem",136.895416259766,-14.3086071014404,0.9,2.69,3.31,1888.34,669.28,7896.39,99.31,52.87,236.71
"NT","East Arnhem",136.947952270508,-14.3060808181763,0.9,2.7,4.1,1832.32,649.76,7671.17,52.73,29.74,118.04
"QLDNorth","Pormpuraaw",141.573165893555,-14.3067054748535,0.9,3.06,4.99,997.07,383.92,3728.77,17.1,11.86,28.01
"QLDNorth","Cook",143.746032714844,-14.3179607391357,0.9,2.83,3.28,787214.07,122554.93,10202612.28,13167.54,3482.16,83618.96
"QLDNorth","Cook",144.194366455078,-14.3142557144165,0.9,2.83,3.57,910725.09,143971.9,11352227.21,342.44,144.46,1166.32
"QLDNorth","Cook",144.641754150391,-14.3458023071289,0.9,2.81,3.22,2982615.47,410753.16,44421395.42,73120.13,16198.98,574940.05
"WANorth","Wyndham-East Kimberley",125.72924041748,-14.2765264511108,0.9,5.1,5.35,34184.57,8407.72,232711.3,6897.58,1976.16,39416.44
"WANorth","Wyndham-East Kimberley",127.733703613281,-14.2567291259766,0.9,5.02,5.44,487577.1,98175.65,4070332.51,2243.64,793.13,9315.39
"NT","West Daly",129.402877807617,-14.2470359802246,0.9,5.04,5.43,226774.45,44999.42,2031074.32,3970.7,1240.39,20020.83
"NT","Roper Gulf",135.780624389648,-14.2482147216797,0.9,2.85,3.25,372.27,158.24,1240.12,108.58,54.28,290.56
"NT","East Arnhem",136.480056762695,-14.2389888763428,0.9,2.74,3.19,1001.42,394.11,3592.28,194.49,92.13,551.77
"NT","East Arnhem",136.533569335938,-14.2534112930298,0.9,2.74,3.39,1055.09,413.08,3808.29,109.87,57.04,272.76
"NT","East Arnhem",136.982574462891,-14.2515935897827,0.9,2.7,3.73,1720.88,618.37,7057.21,42.14,24.85,88.02
"QLDNorth","Pormpuraaw",141.591522216797,-14.2600746154785,0.9,3.06,3.98,999.17,385.29,3725.64,62.2,36.01,130.8
"QLDNorth","Cook",143.734222412109,-14.2576913833618,0.9,2.83,3.08,817060.64,126804.07,10624314.4,69350.14,14409.33,618542.26
"QLDNorth","Cook",144.19091796875,-14.2678756713867,0.9,2.83,3.39,965471.4,151994.84,12080654.26,969.4,352.63,4061.22
"QLDNorth","Cook",144.300506591797,-14.2970142364502,0.9,2.83,3.23,736750.91,122521.65,8475430.74,50729.85,11436.06,395973.96
"QLDNorth","Cook",144.381118774414,-14.2772159576416,0.9,2.84,3.19,694198.73,116053.04,7939390.16,83591.72,17763.84,704304.3
"QLDNorth","Cook",144.427124023438,-14.2571153640747,0.9,2.84,3.6,669350.22,111920.77,7670832.54,1194.4,409.85,5528.18
"QLDNorth","Cook",144.601455688477,-14.263840675354,0.9,2.81,3.85,2606588.64,362656.43,38430763.44,1493.13,515.33,6696.4
"WANorth","Wyndham-East Kimberley",125.630767822266,-14.2305307388306,0.9,5.1,5.8,36567.7,8873.96,254104.1,207.47,96.18,610.89
"WANorth","Wyndham-East Kimberley",125.686218261719,-14.1855096817017,0.9,5.1,5.61,37117.43,9025.18,256711.53,1287.68,465.33,5338.75
"WANorth","Wyndham-East Kimberley",126.042518615723,-14.224796295166,0.9,5.11,5.28,27688.44,6967.82,183174.68,24518.82,6030.9,170847.58
"WANorth","Wyndham-East Kimberley",126.132736206055,-14.2032327651978,0.9,5.11,5.16,25866.06,6574.12,168745.97,57150.56,12733.82,452230.03
"WANorth","Wyndham-East Kimberley",127.686531066895,-14.2098894119263,0.9,5.01,6.39,667478.75,127886.68,5979995.3,51.03,28.96,113.08
"NT","Roper Gulf",135.844604492188,-14.2093830108643,0.9,2.83,3.29,425.27,179.53,1420.55,104.44,52.68,275.54
"NT","East Arnhem",136.419189453125,-14.2032737731934,0.9,2.76,3.17,883.97,354.49,3087.22,213.11,99.28,620.19
"NT","East Arnhem",136.963241577148,-14.2206211090088,0.9,2.71,3.85,1567.99,574.26,6243.49,40.01,23.59,83.9
"QLDNorth","Pormpuraaw",141.593063354492,-14.1998119354248,0.9,3.05,4.1,1035.08,397.59,3878.39,49.18,29.45,98.66
"QLDNorth","Cook",143.710388183594,-14.2167491912842,0.9,2.83,3.2,789866.54,123567.82,10140577.73,27804.71,6568.67,207438.07
"QLDNorth","Cook",144.20654296875,-14.2234354019165,0.9,2.82,3.13,1155549.02,177020.03,15032729.55,9503.41,2567.9,59363.42
"QLDNorth","Cook",144.288970947266,-14.1891584396362,0.9,2.82,3.14,1109225.85,175135.49,13678197.37,86262.32,18262.66,730364.95
"QLDNorth","Cook",144.447326660156,-14.2399959564209,0.9,2.83,3.42,729463.18,120563.12,8493886.84,2188.41,697.27,11146.57
"QLDNorth","Cook",144.59228515625,-14.2512350082397,0.9,2.81,3.43,2658738.73,367314.83,39665214.86,11443,3014.12,74035.63
"WANorth","Wyndham-East Kimberley",126.033889770508,-14.0990734100342,0.9,5.11,5.25,29536.86,7392.5,196546.18,33608.45,7985.24,244507.11
"WANorth","Wyndham-East Kimberley",126.139549255371,-14.1599235534668,0.9,5.11,5.14,26170.38,6647.68,170777.94,50254.68,11359.95,390495.31
"WANorth","Wyndham-East Kimberley",126.578201293945,-14.1569900512695,0.9,5.14,5.39,14648.43,4337.81,74820.47,4804.5,1516.91,23409.82
"WANorth","Wyndham-East Kimberley",126.645851135254,-14.1546716690063,0.9,5.14,5.25,12965.64,3906.8,64644.94,23537.37,5943,156493.65
"NT","West Daly",129.446716308594,-14.1922149658203,0.9,5.05,5.64,158913.59,32628.84,1367213.54,787.24,312.6,2824.17
"NT","West Daly",129.476287841797,-14.1537313461304,0.9,5.05,5.15,144317.62,30046.7,1217702.73,44346.59,11052.18,289707.75
"NT","Roper Gulf",135.888412475586,-14.1528549194336,0.9,2.83,3.4,428.18,184.08,1379.86,92.75,47.8,236.83
"NT","East Arnhem",136.377975463867,-14.182258605957,0.9,2.75,3.17,909.57,358.31,3278.59,214.54,101.3,607.93
"NT","East Arnhem",136.787506103516,-14.1503791809082,0.9,2.7,3.37,1736.69,627.72,7038.94,75.48,41.58,171.99
"NT","East Arnhem",136.825744628906,-14.1678810119629,0.9,2.7,3.33,1809.9,650.18,7399.69,77.34,42.64,175.59
"NT","East Arnhem",136.907073974609,-14.1549377441406,0.9,2.69,3.72,2007.07,711.37,8356.26,38.42,23.29,76.58
"NT","East Arnhem",136.944778442383,-14.155933380127,0.9,2.69,3.5,1994.07,705.96,8323.96,59.01,33.84,126.74
"QLDNorth","Aurukun",141.590240478516,-14.1565055847168,0.9,3.05,3.36,1067.11,408.13,4022.43,282.31,132.62,792.18
"QLDNorth","Cook",143.708038330078,-14.1611928939819,0.9,2.83,3.19,1012735.55,152930.47,13659829.74,42687.99,9429.89,350982.26
"QLDNorth","Cook",144.21662902832,-14.1610956192017,0.9,2.83,3.16,1072263.11,168407.51,13382379.17,4863.64,1427.45,27261.94
"QLDNorth","Cook",144.263366699219,-14.1565418243408,0.9,2.82,3.18,1320820.17,203090.21,16913424.97,76134.86,16264.03,639383.27
"QLDNorth","Cook",144.520553588867,-14.162109375,0.9,2.82,3.58,1728646.01,255668.4,23374395.48,16480.45,4064.41,117835.24
"QLDNorth","Cook",144.534255981445,-14.1781358718872,0.9,2.81,3.86,2184966.6,311332.31,31178800.81,3179.69,975.46,16915.09
"WANorth","Wyndham-East Kimberley",126.014038085938,-14.0954818725586,0.9,5.11,5.31,30419.88,7587.7,203306.31,23522.35,5672.82,170795.79
"WANorth","Wyndham-East Kimberley",126.298713684082,-14.1234483718872,0.9,5.1,5.11,35444.67,9257.66,215549.61,171236.78,33839.43,1574084.34
"WANorth","Wyndham-East Kimberley",126.313087463379,-14.0980167388916,0.9,5.1,5.1,36483.27,9515.47,222052.9,146447.28,29913.49,1278975.31
"WANorth","Wyndham-East Kimberley",126.524612426758,-14.096697807312,0.9,5.13,5.29,15498.94,4566.84,79616.43,13960.59,3797.71,83635.7
"WANorth","Wyndham-East Kimberley",126.68187713623,-14.1017875671387,0.9,5.14,5.64,13832.72,4135.49,69685.45,849.75,336.92,3040.39
"NT","West Daly",129.490707397461,-14.098578453064,0.9,5.06,5.16,134756.61,28281.99,1125276.04,38124.14,9700,242073.78
"NT","Roper Gulf",135.908020019531,-14.0824317932129,0.9,2.82,3.56,451.76,193.76,1456.76,92.43,47.36,238.82
"NT","East Arnhem",136.42448425293,-14.0986757278442,0.9,2.75,2.81,909.33,361.33,3224.71,764.79,305.31,2721.61
"NT","East Arnhem",136.755783081055,-14.0889873504639,0.9,2.7,3.24,1782.84,643.81,7225.12,113.84,59.2,281
"QLDNorth","Aurukun",141.590698242188,-14.1019258499146,0.9,3.05,4.3,1069.56,409.33,4026.09,38.23,23.65,73.36
"QLDNorth","Cook",143.702667236328,-14.1184825897217,0.9,2.82,2.91,1111744.73,165012.4,15391127.5,452497.7,76083.19,5271424.53
"WANorth","Wyndham-East Kimberley",125.972518920898,-14.0407934188843,0.9,5.1,5.81,37096.25,8999.54,257669.54,278.8,124.21,866.85
"WANorth","Wyndham-East Kimberley",126.228637695312,-14.0332412719727,0.9,5.09,5.31,41111.12,10580.71,254505.2,9902.89,2938.81,51602.52
"WANorth","Wyndham-East Kimberley",126.331893920898,-14.051061630249,0.9,5.09,5.2,41149.55,10584.89,254977.08,76797.59,16301.28,652418.8
"WANorth","Wyndham-East Kimberley",126.521423339844,-14.0760927200317,0.9,5.13,5.29,15772.28,4643.43,81062.94,14629.53,3995.97,86687.66
"WANorth","Wyndham-East Kimberley",126.666862487793,-14.0784797668457,0.9,5.14,5.33,13340.9,4019.23,66426.22,9244.71,2628.54,52444.1
"NT","West Daly",129.530151367188,-14.0496559143066,0.9,5.04,5.12,192205.09,40301.96,1572635.42,128446.57,26365.55,1121378.94
"NT","West Daly",129.587509155273,-14.0334911346436,0.9,4.94,5,208585.37,43325.19,1727659.17,152691.38,30761.82,1364430.98
"NT","Roper Gulf",135.917938232422,-14.0449848175049,0.9,2.82,3.15,482.43,205.17,1573.44,158.07,75.62,447.31
"NT","East Arnhem",136.414459228516,-14.0482530593872,0.9,2.75,3.17,928.97,368.16,3305.96,212.08,100.42,598.2
"NT","East Arnhem",136.786849975586,-14.0534343719482,0.9,2.69,3.48,1923.4,687.09,7913.68,59.08,33.4,130.37
"QLDNorth","Aurukun",141.541442871094,-14.034857749939,0.9,3.05,4.28,1123.98,426.96,4276.09,40.13,24.65,77.82
"QLDNorth","Cook",143.690872192383,-14.0502414703369,0.9,2.82,3.25,1413627.55,203471.2,20393262.53,53286.08,11508.94,449909.9
"WANorth","Wyndham-East Kimberley",125.969436645508,-13.9986400604248,0.9,5.08,5.47,63444.58,14179.71,495479.55,2724.15,879.67,13261.64
"WANorth","Wyndham-East Kimberley",126.224334716797,-13.9877023696899,0.9,5.09,5.33,46512.13,11761.64,295091.07,9656.1,2841.86,51181.27
"WANorth","Wyndham-East Kimberley",126.36644744873,-14.0002393722534,0.9,5.09,5.11,42046.79,10792.35,261221.96,480394.31,80234.65,5643878.92
"WANorth","Wyndham-East Kimberley",126.519927978516,-13.9991483688354,0.9,5.13,5.38,15194.41,4503.16,77332.91,4879.26,1558.54,23235.76
"WANorth","Wyndham-East Kimberley",126.740211486816,-13.9950771331787,0.9,5.13,5.74,18278.65,5268.1,96771.87,522.14,218.73,1742.75
"WANorth","Wyndham-East Kimberley",127.473075866699,-13.999174118042,0.9,4.99,5.97,2423181.73,387984.26,27800488.21,167.58,80.04,473.42
"NT","West Daly",129.604217529297,-14.014591217041,0.9,4.94,5.53,201026.47,42077.31,1645673.21,798.99,321.87,2786.13
"NT","Roper Gulf",135.917770385742,-14.008355140686,0.9,2.81,3.16,503.58,212.54,1661.13,156.28,75.03,439.59
"NT","East Arnhem",136.404632568359,-13.9819993972778,0.9,2.74,2.98,1078.64,415.48,4008.44,372.4,162.12,1183.95
"NT","East Arnhem",136.793899536133,-14.0192241668701,0.9,2.69,3.48,1999.72,709.44,8312.98,56.96,32.39,124.69
"QLDNorth","Aurukun",141.489639282227,-13.9769620895386,0.9,3.04,4.31,1180.58,445.32,4535.89,39.06,24.06,75.48
"QLDNorth","Aurukun",141.517471313477,-14.0072603225708,0.9,3.04,4.28,1139.27,432.56,4334.05,40.62,24.92,78.9
"QLDNorth","Cook",143.684951782227,-14.0090351104736,0.9,2.82,3.1,1220778.96,178525.54,17268055.68,164241.98,29899.38,1771436.01
"WANorth","Wyndham-East Kimberley",126.018661499023,-13.9406747817993,0.9,5.08,6.51,55899.43,12907.69,414216.13,34.97,21.46,68.59
"WANorth","Wyndham-East Kimberley",126.209922790527,-13.9621143341064,0.9,5.08,5.53,54250,13427.46,354525.51,1285.14,468.7,5234.7
"WANorth","Wyndham-East Kimberley",126.43628692627,-13.981466293335,0.9,5.08,5.83,55510.26,13657.62,366198.92,422.59,182.08,1357.49
"WANorth","Wyndham-East Kimberley",126.494590759277,-13.9557723999023,0.9,5.09,5.95,50825.89,12789.42,323640.85,248.94,116.87,705.45
"WANorth","Wyndham-East Kimberley",126.748107910156,-13.9697885513306,0.9,5.13,5.48,17296.72,5042.63,89993.87,1848.62,678.9,7241.41
"WANorth","Wyndham-East Kimberley",127.454193115234,-13.9779281616211,0.9,4.98,5.7,2863879.22,446488.57,34131728.35,344.62,154.97,1035.52
"NT","West Daly",129.725326538086,-13.9901609420776,0.9,4.94,5.34,189571.51,40535.74,1498487.81,3006.05,1009.97,13459.25
"NT","Roper Gulf",135.945587158203,-13.9546432495117,0.9,2.8,2.99,534.01,223.74,1778.88,260.36,118.32,782.79
"NT","East Arnhem",136.406616210938,-13.9645318984985,0.9,2.73,2.98,1157.88,440.59,4381.56,371.11,161.75,1177.3
"NT","East Arnhem",136.852249145508,-13.9145517349243,0.9,2.68,3.32,2420.51,837.29,10414.01,98.19,51.63,239.88
"QLDNorth","Aurukun",141.467864990234,-13.9421710968018,0.9,3.04,4.27,1211.3,455.05,4681.37,43.08,26.14,85.03
"QLDNorth","Cook",143.621948242188,-13.9459381103516,0.9,2.75,3.37,1459751.93,207253.08,21563903.55,17267.74,4540.57,108669.98
"WANorth","Wyndham-East Kimberley",126.073684692383,-13.9132490158081,0.9,5.08,5.41,60173.97,13981.75,438599.78,3404.5,1059.9,17490.53
"WANorth","Wyndham-East Kimberley",126.102348327637,-13.9015130996704,0.9,5.07,5.78,84290.44,19427.34,610482.8,321.53,139.99,1033.86
"WANorth","Wyndham-East Kimberley",126.156257629395,-13.9100437164307,0.9,5.08,5.48,65695.03,15768.98,448680.89,2441.22,806.31,11470.45
"WANorth","Wyndham-East Kimberley",126.701133728027,-13.931342124939,0.9,5.11,5.74,24547.5,6803.81,137047.79,453.43,197.07,1425.37
"WANorth","Wyndham-East Kimberley",127.361793518066,-13.9075660705566,0.9,4.98,6.29,2906509.5,451488.41,34836105.38,51.5,29.56,111.56
"WANorth","Wyndham-East Kimberley",127.42244720459,-13.9399271011353,0.9,4.98,6.01,4264414.54,637351.95,53587267.75,126.54,63.91,327.72
"NT","West Daly",129.710052490234,-13.8956184387207,0.9,4.93,5.1,297071.84,58937.73,2617823.41,48137.2,11356.59,346136.03
"NT","Roper Gulf",135.993499755859,-13.8954582214355,0.9,2.78,3.2,670.63,270.88,2356.38,131.16,65.73,343.97
"NT","East Arnhem",136.345336914062,-13.8505373001099,0.9,2.73,3.53,1183.33,443.67,4598.38,76.72,41.43,181.39
"NT","East Arnhem",136.868759155273,-13.882004737854,0.9,2.68,3.37,2436.82,841.08,10522.88,90.17,47.9,217.31
"QLDNorth","Aurukun",141.463897705078,-13.8970031738281,0.9,3.04,5.1,1183.9,446.55,4548.07,17.24,11.89,28.5
"QLDNorth","Cook",143.606674194336,-13.9073543548584,0.9,2.75,3.36,1510357.25,214405.19,22263432.14,14142.6,3768.88,88023.8
"WANorth","Wyndham-East Kimberley",126.756301879883,-13.8336124420166,0.9,5.11,5.4,25021.7,7003.65,137111.8,2479.73,901.64,9710.65
"WANorth","Wyndham-East Kimberley",127.0849609375,-13.8453769683838,0.9,5.03,6.21,286205.62,56755.95,2529801.78,86.95,45.91,212.71
"WANorth","Wyndham-East Kimberley",127.163055419922,-13.8812484741211,0.9,5.03,6.56,315580.56,62094.64,2812666.34,37.91,22.81,76.76
"WANorth","Wyndham-East Kimberley",127.195587158203,-13.9027318954468,0.9,5.01,6.04,859811.92,149878.53,8988336.89,114.72,59.65,283.03
"WANorth","Wyndham-East Kimberley",127.261611938477,-13.8989562988281,0.9,5,5.8,1394306.73,232119.88,15394008.91,271.35,125.15,790.48
"WANorth","Wyndham-East Kimberley",127.329704284668,-13.9112453460693,0.9,4.99,6.05,1781754.98,293461.74,19774640.88,121.48,61.73,311.97
"NT","West Daly",129.714584350586,-13.8510875701904,0.9,4.92,5.49,361338.79,69448.87,3333286.36,1014.9,396.16,3693.75
"NT","Roper Gulf",136.021408081055,-13.8357791900635,0.9,2.77,3,797.25,312.5,2929.49,228.08,107.22,648.9
"NT","East Arnhem",136.115585327148,-13.8337821960449,0.9,2.76,3.28,872.77,339.56,3231.4,127.46,63.84,335.37
"NT","East Arnhem",136.152740478516,-13.8414268493652,0.9,2.76,3.29,852.37,334.02,3118.01,118.34,60,305.82
"NT","East Arnhem",136.209655761719,-13.8589363098145,0.9,2.74,2.92,1017.75,390.17,3832.41,342.84,153.56,1038.31
"NT","East Arnhem",136.263244628906,-13.8416576385498,0.9,2.72,3.26,1301.75,480.79,5169.88,104.76,54.5,259.91
"NT","East Arnhem",136.924163818359,-13.8113698959351,0.9,2.66,3.48,3338.28,1103.27,15306.13,69.99,39.01,156.78
"QLDNorth","Aurukun",141.467193603516,-13.8500452041626,0.9,3.05,5.08,1133.71,429.95,4323.89,17.62,12.11,29.27
"QLDNorth","Cook",143.580123901367,-13.8419332504272,0.9,2.75,3.21,1240024.7,180601.51,17657024.87,35263.38,8232.11,264405.15
"WANorth","Wyndham-East Kimberley",126.742919921875,-13.7974071502686,0.9,5.11,6.04,28519.85,7862.26,159401.11,201.68,97.35,550.4
"WANorth","Wyndham-East Kimberley",127.049758911133,-13.8056221008301,0.9,5.07,6.26,80673.44,18558.02,587916.39,91.74,47.56,231.62
"NT","West Daly",129.717864990234,-13.8392305374146,0.9,4.93,5.06,318638.56,62011.03,2895433.89,76042.64,17404.1,561424.39
"NT","East Arnhem",136.287124633789,-13.7903299331665,0.9,2.71,3.37,1461.12,529.79,5960.46,84.15,44.86,202.61
"NT","East Arnhem",136.72135925293,-13.8025722503662,0.9,2.68,3.32,2420.6,828.91,10615.48,108.58,56.38,269.65
"NT","East Arnhem",136.806213378906,-13.8089094161987,0.9,2.68,3.48,2482.82,848.72,10905.04,73.19,40.15,168.46
"NT","East Arnhem",136.927230834961,-13.795804977417,0.9,2.65,3.42,3413.54,1117.14,15919.53,80.75,44.15,185.67
"QLDNorth","Aurukun",141.476669311523,-13.7923936843872,0.9,3.05,5.05,1037.83,399.13,3879,18.23,12.46,30.54
"QLDNorth","Cook",143.563735961914,-13.8142957687378,0.9,2.75,3.32,1335428.86,194286.46,18954226.41,17430.3,4481.26,114430.13
"WANorth","Wyndham-East Kimberley",126.795379638672,-13.7659044265747,0.9,5.08,6.04,56191.58,13746.5,374276.67,124.61,64.87,304.91
"WANorth","Wyndham-East Kimberley",126.84765625,-13.7543077468872,0.9,5.1,5.39,37779.49,9868.21,228856.26,2786.37,971.17,11706.97
"WANorth","Wyndham-East Kimberley",126.985702514648,-13.7518939971924,0.9,5.08,6.36,54645.95,13169.77,374684.89,85.77,44.61,216.37
"NT","West Daly",129.780822753906,-13.7513618469238,0.9,4.93,5.38,312332.08,61004.08,2822940.05,2027.77,710.91,8612.77
"NT","East Arnhem",136.306167602539,-13.73899269104,0.9,2.68,3.43,2211.38,757.67,9752.28,70.98,39.07,162.68
"NT","East Arnhem",136.466705322266,-13.7519035339355,0.9,2.67,3.08,2799.48,931.07,12844.01,298.04,132.46,926.09
"NT","East Arnhem",136.734405517578,-13.7678565979004,0.9,2.67,3.11,2640.49,894.38,11749.53,199.97,96.34,548.03
"NT","East Arnhem",136.915512084961,-13.7706165313721,0.9,2.65,3.58,3429.25,1124.56,15926.03,65.5,36.5,147.5
"QLDNorth","Aurukun",141.487823486328,-13.7472305297852,0.9,3.06,5.05,977.76,379.09,3613.91,18.01,12.32,30.13
"QLDNorth","Cook",143.545227050781,-13.7256336212158,0.9,2.74,3.1,1934679.48,266583.92,29647965.75,88159.87,18368.74,768217.02
"WANorth","Wyndham-East Kimberley",126.91707611084,-13.7416133880615,0.9,5.1,5.57,32996.65,8675.75,199110.27,1540.67,557.05,6294.54
"WANorth","Wyndham-East Kimberley",126.945388793945,-13.7392282485962,0.9,5.12,6.58,23385.69,6458.9,131769.08,59.12,32.28,139.71
"NT","West Daly",129.780227661133,-13.6986417770386,0.9,4.93,5.4,263266.49,52713.67,2298147.91,1840.48,653.37,7686.88
"NT","Roper Gulf",135.890579223633,-13.6950063705444,0.9,2.71,3.54,1549.53,565.18,6223.32,67.24,36.35,160.32
"NT","Roper Gulf",135.923812866211,-13.6842212677002,0.9,2.7,3.54,1814.12,648.16,7492.57,68.25,36.86,162.83
"NT","Roper Gulf",136.056793212891,-13.6940355300903,0.9,2.69,3.28,1966.53,676.59,8679.71,103.97,53.78,261.05
"NT","East Arnhem",136.121627807617,-13.7175912857056,0.9,2.68,3.42,2355.48,794.35,10659.04,84.06,44.46,205.51
"NT","East Arnhem",136.29817199707,-13.7048635482788,0.9,2.67,3.35,2577.02,869.12,11582.29,81.32,44.22,188.86
"NT","East Arnhem",136.528045654297,-13.6917581558228,0.9,2.65,3.38,3390.61,1101.93,16031.67,106.66,54.85,270.29
"NT","East Arnhem",136.736801147461,-13.7012596130371,0.9,2.66,3.27,3189.2,1053.13,14693.12,126.11,64.58,318.17
"NT","East Arnhem",136.840972900391,-13.7422332763672,0.9,2.67,3.6,2878.34,964.37,12995.33,76.61,41.47,180.26
"NT","East Arnhem",136.905517578125,-13.683892250061,0.9,2.65,3.45,3970.69,1287.37,18648.78,107.39,55.29,271.42
"QLDNorth","Aurukun",141.496292114258,-13.7013731002808,0.9,3.06,4.96,922.86,360.3,3380.2,19.89,13.4,34.02
"QLDNorth","Cook",143.547515869141,-13.6934080123901,0.9,2.74,3.51,2064950.28,282389.99,31953146.48,7062.1,2017.05,40525.65
"NT","West Daly",129.785232543945,-13.6622085571289,0.9,4.93,5.42,325900.87,62814.78,3009814.75,1561.33,566.57,6328.78
"NT","Roper Gulf",135.901000976562,-13.657675743103,0.9,2.69,3.53,1883.39,666.25,7906.02,69.87,37.6,167.6
"NT","East Arnhem",136.211380004883,-13.6547632217407,0.9,2.67,3.29,2649.63,887.06,12052.7,98.47,52.05,238.06
"NT","East Arnhem",136.247131347656,-13.6674661636353,0.9,2.67,3.61,2888.57,954.77,13379.89,53.99,30.59,119.52
"NT","East Arnhem",136.631286621094,-13.6539487838745,0.9,2.65,3.4,3784.81,1215.17,18170.15,97.83,51.36,239.78
"QLDNorth","Aurukun",141.500549316406,-13.6437864303589,0.9,3.07,4.55,892.93,349.48,3262.87,30.18,19.18,55.97
"QLDNorth","Cook",143.552429199219,-13.6366357803345,0.9,2.74,2.93,2109453.56,289073.92,32465054.66,294723.38,52762.63,3142761.15
"NT","West Daly",129.814453125,-13.5995311737061,0.9,4.93,5.36,244818.1,48683.27,2173714.06,2806.25,940.01,12698.4
"NT","Roper Gulf",135.870178222656,-13.563102722168,0.9,2.7,3.27,1789.15,629.87,7608.57,113.54,57.68,293.26
"QLDNorth","Aurukun",141.509521484375,-13.6043281555176,0.9,3.07,4.57,840.56,331.4,3042.43,29.43,18.75,54.42
"QLDNorth","Cook",143.572219848633,-13.5790777206421,0.9,2.74,3.54,2661956.14,355691.89,42274507.2,6990.04,2004.42,39835.23
"NT","West Daly",129.821243286133,-13.5355777740479,0.9,4.94,5.15,234480.41,46789.78,2074292.26,24730.83,6248.51,163651.44
"NT","Roper Gulf",135.869903564453,-13.5495548248291,0.9,2.7,3.34,1831.88,643.14,7817.9,88.99,46.99,217.24
"QLDNorth","Aurukun",141.527908325195,-13.5470037460327,0.9,3.08,4.56,737.99,295.6,2616.32,29.67,18.83,55.18
"QLDNorth","Cook",143.588241577148,-13.5460176467896,0.9,2.73,3.48,3154902.45,413553.34,51336669.59,8535.35,2371.57,50919.99
"NT","West Daly",129.850234985352,-13.5061693191528,0.9,4.94,5.4,175600.27,36047.46,1501752.82,1720.96,623.45,6949.69
"NT","West Daly",129.902450561523,-13.4935579299927,0.9,4.95,5.64,164333.78,33676.35,1415856.98,347.5,157.78,1024.72
"NT","West Daly",129.940780639648,-13.5258026123047,0.9,4.94,5.19,168067,34258.49,1460215.69,12673.94,3619.17,69788.84
"NT","West Daly",130.027862548828,-13.5131816864014,0.9,4.95,5.31,148826.81,30694.4,1275319.32,3664.48,1215.63,16576.46
"NT","West Daly",130.057388305664,-13.4979190826416,0.9,4.95,5.31,145667.75,30184.82,1239131.88,3561.11,1183.08,16095.64
"NT","Roper Gulf",135.865219116211,-13.4958066940308,0.9,2.7,3.34,1845.22,643.4,7974.95,89.86,47.28,220.72
"QLDNorth","Aurukun",141.570724487305,-13.4818162918091,0.9,3.1,3.52,620.19,254.09,2132.8,178.75,87.56,478.48
"QLDNorth","Cook",143.5888671875,-13.4853553771973,0.9,2.73,3.42,3009560.75,401887.87,47446888.4,12153.17,3154.48,80540.52
"NT","West Daly",130.10905456543,-13.4542531967163,0.9,4.95,5.11,151256.77,31274.46,1288747.13,32928.23,8339.2,212821.06
"QLDNorth","Aurukun",141.59033203125,-13.4536457061768,0.9,3.1,3.51,614.93,252.19,2111.92,182.32,88.95,491.09
"QLDNorth","Cook",143.600875854492,-13.4387683868408,0.9,2.73,3.46,3726118.87,486539.23,60381304.13,11431.01,2998.95,74546.46
"NT","West Daly",130.180389404297,-13.402871131897,0.9,4.95,5.15,157820.04,32393.6,1359241.91,20745.99,5473.54,128103.22
"QLDNorth","Aurukun",141.609786987305,-13.3996906280518,0.9,3.1,3.58,600.4,246.95,2054.14,146.08,73.31,378.94
"QLDNorth","Lockhart River",143.600570678711,-13.4083948135376,0.9,2.73,3.13,3887775.98,505069.32,63421499.65,126397.01,23903.39,1291975.43
"QLDNorth","Lockhart River",143.567672729492,-13.3663196563721,0.9,2.73,3.02,3775625.68,493932.97,60914001.94,561673.52,86495.59,7622199.4
"NT","East Arnhem",135.911361694336,-13.2851896286011,0.9,2.67,3.31,2587.73,846.09,12344.52,232.08,104.4,718.73
"NT","East Arnhem",136.093765258789,-13.2874994277954,0.9,2.62,3.1,5769.27,1736.26,30390.88,289.42,129.31,892.07
"NT","East Arnhem",136.160675048828,-13.2757520675659,0.9,2.62,3.05,6144.78,1840.06,32528.58,341.31,149.34,1081.66
"NT","East Arnhem",136.188018798828,-13.277271270752,0.9,2.61,3.04,7258.24,2124.4,39651.82,337.14,148.56,1054.94
"NT","East Arnhem",136.379623413086,-13.2866468429565,0.9,2.62,3.25,6477.89,1924.44,34683.42,235.37,106.99,713.15
"NT","East Arnhem",136.388229370117,-13.2718229293823,0.9,2.62,3.16,6631.71,1964.5,35640.69,243.9,111.25,731.83
"QLDNorth","Aurukun",141.660064697266,-13.3204278945923,0.9,3.1,3.57,602.65,247.44,2068.21,152.19,75.85,398.85
"QLDNorth","Lockhart River",143.526992797852,-13.2824659347534,0.9,2.72,3.48,5205017.67,660799.84,86922563.42,22598.54,5376.87,169011.46
"NT","Unincorporated NT",130.206604003906,-13.2379312515259,0.9,4.94,5.62,202196.73,40088.2,1827176.65,448.5,193.29,1433.74
"NT","East Arnhem",136.249847412109,-13.2145385742188,0.9,2.59,3.12,10144.86,2820.46,59665.83,338.15,146.72,1090.16
"NT","East Arnhem",136.478103637695,-13.2370557785034,0.9,2.61,3.13,7431.95,2171.36,40669.53,236.49,109.74,687.87
"QLDNorth","Cook",141.656646728516,-13.2088060379028,0.9,3.09,3.53,714.78,286.58,2535.4,191.69,92.4,526.45
"QLDNorth","Lockhart River",143.523818969727,-13.2410411834717,0.9,2.72,3.3,5436220.68,687799.77,91099542.62,111997.87,21079.81,1166710.4
"NT","Unincorporated NT",130.160278320312,-13.1823720932007,0.9,4.94,5.13,201756.58,39670.7,1851703.55,20835.81,5589.52,124703.77
"NT","East Arnhem",136.527069091797,-13.1586847305298,0.9,2.6,3.28,8305.12,2390.02,46403.04,208.77,96.8,614.26
"QLDNorth","Cook",141.630081176758,-13.16588306427,0.9,3.07,3.51,812.72,320.55,2946.64,212.69,101.03,596.25
"NT","Unincorporated NT",130.114105224609,-13.1344156265259,0.9,4.94,5.31,218694.7,41966.24,2089123.77,2409.17,858.98,9797.82
"NT","East Arnhem",136.537155151367,-13.1309747695923,0.9,2.6,3.29,8418.75,2429.84,46729.61,212.71,98.28,629.27
"QLDNorth","Cook",141.620162963867,-13.124195098877,0.9,3.07,3.74,883.92,343.32,3280.13,130.84,66.45,334.41
"QLDNorth","Lockhart River",143.518127441406,-13.1592617034912,0.9,2.72,3.86,7385166.7,901371.54,129668322.36,3014.54,990.61,14076.02
"NT","Unincorporated NT",130.114456176758,-13.0841131210327,0.9,4.94,5.33,234288.78,44314.94,2288611.08,1950.37,716,7618.61
"NT","East Arnhem",136.566558837891,-13.0734424591064,0.9,2.6,3.14,9322.07,2658.77,52540.62,299.1,132.69,932.35
"QLDNorth","Cook",141.6103515625,-13.0873231887817,0.9,3.06,3.73,984.71,376.05,3744.69,139.86,70.31,362.75
"QLDNorth","Lockhart River",143.515731811523,-13.0599708557129,0.9,2.72,3.69,8140818.62,978258.81,146186673.98,8571.95,2480.61,47280.42
"NT","Unincorporated NT",130.122955322266,-13.0372858047485,0.9,4.93,5.33,250781.41,46821.2,2498604.16,1966.11,719.31,7724.81
"NT","East Arnhem",136.57878112793,-13.0233087539673,0.9,3.19,3.73,10230.86,2882.84,58613.42,385.29,163.97,1276.9
"QLDNorth","Cook",141.586227416992,-13.0197448730469,0.9,3.03,4.6,1309.56,481.02,5253.69,34.13,20.99,66.76
"QLDNorth","Lockhart River",143.51904296875,-13.0131874084473,0.9,2.72,3.34,8012930.88,963232.18,143945688.36,185519.29,33657.52,1995318.68
"NT","Unincorporated NT",130.12239074707,-12.9755773544312,0.9,4.93,5.07,273050.85,50240.03,2779833.26,57162.6,12928.21,439719.2
"QLDNorth","Cook",141.588531494141,-12.9803609848022,0.9,3.03,4.2,1344.8,491.12,5444.54,61.46,34.76,135.14
"QLDNorth","Lockhart River",143.517974853516,-12.9657983779907,0.9,2.72,3.44,8867313.98,1049960.28,162736975,84735.52,17644.77,741346.07
"NT","Unincorporated NT",130.135223388672,-12.9322748184204,0.9,4.93,5.07,253162.9,47025.57,2544936.25,57181.91,12931.28,439940.85
"NT","East Arnhem",136.641296386719,-12.9444522857666,0.9,3.16,3.9,18977.87,4840.55,125707.61,224.42,102.68,673.94
"QLDNorth","Cook",141.600860595703,-12.9469728469849,0.9,3.03,4.94,1378.43,501.24,5616.8,25.48,16.31,47.22
"QLDNorth","Lockhart River",143.529708862305,-12.8848037719727,0.9,2.72,3.59,8604693.56,1029827.97,155115089.52,24801.7,6294.73,162699.8
"NT","Unincorporated NT",130.171524047852,-12.906626701355,0.9,4.94,5.31,233495.4,43659.61,2331232.97,2436.97,857.79,10142.95
"NT","Unincorporated NT",130.196426391602,-12.9086303710938,0.9,4.94,5.64,188295.78,36055.17,1824668.86,255.73,122.28,698.86
"NT","Unincorporated NT",130.296234130859,-12.9128503799438,0.9,4.94,5.98,186762.87,35709.33,1815865.66,86.23,47.39,195.53
"NT","Unincorporated NT",130.328811645508,-12.8758211135864,0.9,4.95,6.36,143772.53,28990.64,1287847.07,38.49,23.56,75.3
"NT","East Arnhem",136.557159423828,-12.8782138824463,0.9,3.16,3.73,16374.59,4291.9,104077.89,332.77,144.11,1078.24
"QLDNorth","Cook",141.638122558594,-12.9087953567505,0.9,3.03,4.6,1309.38,479.14,5291.38,36.14,22.03,71.61
"QLDNorth","Lockhart River",143.539016723633,-12.8579549789429,0.9,2.71,3.6,9298836.11,1104396.52,169169647.82,22680.51,5866.16,144480.82
"NT","Unincorporated NT",130.34684753418,-12.8370552062988,0.9,4.94,6.38,172748.33,33711.26,1624948.74,37.27,22.92,72.44
"NT","East Arnhem",136.584808349609,-12.8217754364014,0.9,3.17,3.67,15952.08,4211.78,100181.44,401.67,170.56,1332.57
"QLDNorth","Cook",141.722412109375,-12.8567161560059,0.9,3.05,4,1101.62,412.18,4320.99,83.34,45.04,195.5
"QLDNorth","Lockhart River",143.435653686523,-12.8476600646973,0.9,2.72,3.7,6183158.13,796005.53,99513517.22,11874.86,3319.01,68363.39
"QLDNorth","Lockhart River",143.455703735352,-12.8457956314087,0.9,2.72,3.7,6470084.3,824866.85,105709418.59,12429.99,3446,72435.6
"QLDNorth","Lockhart River",143.529418945312,-12.8364248275757,0.9,2.72,3.5,5858327.69,749412.72,95723233.48,74052.19,15807.88,623979.73
"NT","Unincorporated NT",130.347030639648,-12.7727603912354,0.9,4.94,5.31,170722,33456.98,1594467.88,2294.87,811.82,9500.81
"NT","East Arnhem",136.627563476562,-12.7711372375488,0.9,3.14,3.6,31004.36,7343.77,228250.14,497.28,206.65,1691.92
"QLDNorth","Aurukun",141.76823425293,-12.7761564254761,0.9,3.05,4.01,1050,395.79,4074.82,75.78,41.48,174.67
"QLDNorth","Lockhart River",143.409057617188,-12.7623558044434,0.9,2.72,2.85,6882024.15,869668.22,113835019.6,44811086.95,4380903.4,1055230856.37
"NT","Unincorporated NT",130.343002319336,-12.7198734283447,0.9,4.94,5.7,173300.93,33927.72,1619992.17,212.96,104.2,564.43
"NT","East Arnhem",136.684844970703,-12.7146396636963,0.9,3.13,3.73,40153.28,9163.94,311414.84,345.01,149.15,1118.46
"QLDNorth","Aurukun",141.782638549805,-12.7518548965454,0.9,3.05,4.02,1013.69,384.1,3904.87,73.48,40.41,168.3
"QLDNorth","Cook",143.39924621582,-12.7117786407471,0.9,2.72,3.22,7762880.54,956510.07,133492619.29,1270517.85,192298.86,16797481.05
"NT","Unincorporated NT",130.332962036133,-12.6523551940918,0.9,4.94,5.58,185816.31,36045.72,1758734.49,353.04,161.82,1021.77
"NT","East Arnhem",136.700820922852,-12.7017507553101,0.9,3.12,3.67,48899.83,10869.08,393182.12,356.38,153.68,1157.99
"QLDNorth","Cook",143.423385620117,-12.6772890090942,0.9,2.72,2.87,8066580.2,984072.11,140943921.34,41555100.85,4028429.48,998857280.16
"NT","Unincorporated NT",130.377838134766,-12.6138553619385,0.9,4.95,5.12,134174.95,27510.25,1170413.85,15633.31,4277.26,91931.05
"NT","Unincorporated NT",130.419662475586,-12.6096591949463,0.9,4.97,5.03,77769.34,17786.95,574090.54,34733.32,8800.27,223540.01
"NT","Unincorporated NT",130.484481811523,-12.6222324371338,0.9,4.97,5.03,82386.04,18770.89,610240.79,36486.53,9202.49,236059.9
"NT","East Arnhem",136.719665527344,-12.6018924713135,0.9,3.11,3.75,57948.54,12629.28,477817.14,288.63,127.64,907.99
"QLDNorth","Cook",141.622665405273,-12.5852575302124,0.9,3.01,3.85,1717.27,608.98,7223.5,106.88,55.91,261.99
"QLDNorth","Napranum",141.674560546875,-12.5665149688721,0.9,3.01,3.67,1668.14,592.17,7018.22,178.07,86.62,483.23
"QLDNorth","Napranum",141.770690917969,-12.5717830657959,0.9,3.03,4.29,1282.82,471.35,5151.35,44.71,26.44,92.42
"QLDNorth","Napranum",141.81477355957,-12.6042404174805,0.9,3.05,4.04,1085.25,408.39,4214.65,71.63,39.6,162.72
"QLDNorth","Cook",143.452697753906,-12.6201343536377,0.9,2.72,3.63,7660014.25,940433.66,132719518.24,17537.51,4667.85,107748.32
"NT","Unincorporated NT",130.523040771484,-12.5665369033813,0.9,4.98,5.35,54993.56,13330.39,372958.66,1658.24,610.22,6518.32
"NT","East Arnhem",136.779830932617,-12.5793428421021,0.9,3.11,4.08,75094.34,15796.3,650132.9,152.16,72.73,432.72
"QLDNorth","Napranum",141.583908081055,-12.562424659729,0.9,3,4.06,2051.95,709.74,8935.72,71.22,39.48,160.99
"NT","Unincorporated NT",130.521713256836,-12.5568056106567,0.9,4.98,5.08,56939.41,13728.92,389084.32,16609.2,4656.81,92977.77
"NT","East Arnhem",136.790542602539,-12.5159950256348,0.9,3.11,3.93,76660.65,16096.44,664998.15,210.29,95.99,637.92
"QLDNorth","Napranum",141.599563598633,-12.5275497436523,0.9,3.02,4.06,1611.1,573.33,6763.85,70.75,39.15,160.6
"QLDNorth","Cook",143.351959228516,-12.5580320358276,0.9,2.72,3.5,7540504.91,929706.92,129757619.1,57571.53,12893.42,450930.01
"NT","Unincorporated NT",130.579360961914,-12.4699602127075,0.9,4.98,5.56,55817.61,13410.32,384397.63,554.71,235.64,1795.15
"NT","East Arnhem",136.007431030273,-12.4501485824585,0.9,3.18,3.59,11089.74,3042.87,66449.24,321.17,139.91,1031.65
"NT","East Arnhem",136.043746948242,-12.4668569564819,0.9,3.18,3.59,11179.28,3068.28,66910.83,324.85,141.55,1042.09
"NT","East Arnhem",136.096862792969,-12.4541425704956,0.9,3.19,3.63,9975.97,2776.05,58642.14,260.45,118.26,784.41
"NT","East Arnhem",136.16194152832,-12.4605350494385,0.9,3.2,3.62,8420.02,2402.1,47785.79,292.34,132.25,878.88
"NT","East Arnhem",136.208679199219,-12.4597396850586,0.9,3.2,3.62,7729.83,2233.37,43085.99,276.98,126.6,819.69
"NT","East Arnhem",136.842422485352,-12.4660263061523,0.9,3.1,3.57,103759.76,21137.74,932730.01,642.79,254.82,2349.8
"QLDNorth","Napranum",141.621734619141,-12.4828300476074,0.9,3.02,4.65,1493.28,537.1,6176.83,30.36,18.94,58.3
"QLDNorth","Cook",143.280548095703,-12.4559621810913,0.9,2.72,3.26,8161915.14,1003044.04,140582311.67,237858.27,43757.17,2445784.68
"NT","Unincorporated NT",130.574981689453,-12.4141578674316,0.9,4.98,5.07,57075.69,13682.06,394120.67,19158.12,5270.58,110050.83
"NT","Unincorporated NT",130.737930297852,-12.4244041442871,0.9,5,5.27,33200.24,8918.34,192689.77,3652.59,1216.12,16413.92
"NT","East Arnhem",136.007141113281,-12.4255781173706,0.9,3.18,3.59,11133.06,3056.11,66633.28,317.77,138.62,1018.89
"NT","East Arnhem",136.269180297852,-12.4234352111816,0.9,3.2,3.63,7719.97,2241.69,42625.87,271.04,124.66,793.92
"NT","East Arnhem",136.891830444336,-12.411304473877,0.9,3.12,3.68,55162.33,12386.02,431240.31,354.79,151.57,1174.88
"QLDNorth","Napranum",141.647598266602,-12.4201831817627,0.9,3.02,4.59,1524.9,546.81,6334.64,33.57,20.64,65.74
"QLDNorth","Cook",143.277847290039,-12.4190196990967,0.9,2.72,3.28,8064207.66,992073.54,138738704.58,157445.09,30788.5,1484802.8
"NT","Unincorporated NT",130.635986328125,-12.3838605880737,0.9,4.99,5.1,37810.15,10036.04,222532.78,17599.24,4834.8,101912.15
"NT","Unincorporated NT",130.667068481445,-12.3975095748901,0.9,5,5.09,29487.53,8144.34,163951.9,13098.13,3959.38,64894.07
"NT","Darwin",130.817459106445,-12.4013233184814,0.9,5.01,5.15,27030.33,7482.87,150406.77,8140.82,2497.18,40413.79
"NT","East Arnhem",135.99885559082,-12.3609342575073,0.9,3.17,3.46,13118.76,3527.41,80711.74,667.66,265.07,2426.31
"NT","East Arnhem",136.310104370117,-12.3572044372559,0.9,3.2,3.62,8406.34,2423.83,46754.71,276.2,126.91,809.43
"NT","East Arnhem",136.953399658203,-12.3545627593994,0.9,3.13,4.29,33541.07,8034.46,240296.09,57.86,32.83,127
"QLDNorth","Napranum",141.668304443359,-12.3724431991577,0.9,3.02,4.74,1597.4,567.55,6731.41,29.19,18.32,55.56
"QLDNorth","Cook",143.267303466797,-12.3943920135498,0.9,2.72,3.58,8346623.44,1017105.65,145814860.42,10991.52,3065.79,63873.06
"NT","Darwin",130.900207519531,-12.3259315490723,0.9,4.99,5.08,41812.03,10914.16,252111.44,12753.73,3959.79,60342.97
"NT","Litchfield",130.947967529297,-12.3396530151367,0.9,4.99,5.08,42902.9,11119.81,261608.19,12261.86,3805.88,58172.19
"NT","Unincorporated NT",132.011322021484,-12.290732383728,0.9,4.9,5.61,893691.61,142633.34,10957053.97,739.97,297.28,2607.85
"NT","East Arnhem",136.320724487305,-12.3121032714844,0.9,3.19,3.61,9596.07,2719.33,54638.13,300.03,136.26,893.54
"NT","East Arnhem",136.937927246094,-12.3128938674927,0.9,3.13,4.07,42354.81,9872.69,314292.96,92.44,49.53,218.81
"QLDNorth","Napranum",141.679977416992,-12.3266019821167,0.9,3.02,4.72,1618.18,572.88,6859.4,30.34,18.96,58.03
"QLDNorth","Cook",143.083145141602,-12.314151763916,0.9,2.72,2.88,6228744.1,792615.68,102365013.86,8785351.19,1033432.47,163321622.36
"QLDNorth","Cook",143.162658691406,-12.3421659469604,0.9,2.72,3.4,6699199.41,838940.92,112869344.67,39909.8,9220.32,302499.74
"QLDNorth","Cook",143.197570800781,-12.3469867706299,0.9,2.72,3.21,7558201.74,929748.9,130596251.54,209023.69,39558.1,2055757
"QLDNorth","Cook",143.218353271484,-12.3574123382568,0.9,2.72,3.21,7815006.38,960098.66,135064207.14,230525.13,42704.01,2344565.69
"NT","Litchfield",130.999145507812,-12.2127170562744,0.9,4.98,5.12,50723.79,12888.6,317429.27,19051.34,5167.56,112368.36
"NT","Unincorporated NT",131.4208984375,-12.2685308456421,0.9,4.92,5.44,360834.58,64575.58,3796770.35,1837.55,616.7,8561.97
"NT","Unincorporated NT",131.472625732422,-12.2777271270752,0.9,4.93,5.44,309986.96,57053.56,3127054.68,1752.94,595.75,7997.84
"NT","Unincorporated NT",131.535339355469,-12.2733945846558,0.9,4.92,5.51,354063.32,63673.99,3696377.36,1069.41,399.38,4219.43
"NT","Unincorporated NT",131.577728271484,-12.2796277999878,0.9,4.92,5.51,510476.39,86541.58,5806132.52,1073.82,400.85,4239.24
"NT","Unincorporated NT",131.631881713867,-12.2783536911011,0.9,4.9,5.51,1035471.89,157322.25,13784515.22,1117.02,415.56,4425.39
"NT","Unincorporated NT",131.682693481445,-12.2791233062744,0.9,4.9,5.53,1073007.88,162353.03,14360259.37,969.48,370.69,3682.37
"NT","Unincorporated NT",131.736846923828,-12.2702016830444,0.9,4.91,6.31,581986.2,97530.6,6704354.9,60.7,34.14,135.04
"NT","Unincorporated NT",131.78694152832,-12.2552947998047,0.9,4.91,6.51,642728.84,105278.37,7675895.15,41.57,25.15,82.73
"NT","Unincorporated NT",131.943099975586,-12.2689266204834,0.9,4.9,5.59,818572.76,134495.75,9563682.93,797.18,317.69,2837.73
"NT","West Arnhem",132.108551025391,-12.2662086486816,0.9,4.9,5.62,1013046.61,158442.34,12790717.5,702.96,284.7,2448.75
"NT","East Arnhem",135.691482543945,-12.2486267089844,0.9,3.2,3.75,7688.47,2185.42,44242.6,130.85,64.18,358.03
"NT","East Arnhem",135.742370605469,-12.2635383605957,0.9,3.19,3.74,9234.48,2574.75,54392.68,143.58,69.81,396.65
"NT","East Arnhem",135.998382568359,-12.260082244873,0.9,3.18,3.34,11348.08,3085.19,69092.96,1588.99,562.04,6756.9
"NT","East Arnhem",136.234939575195,-12.2211036682129,0.9,3.17,3.46,13766.05,3705.75,84210.61,780.97,315.04,2720.6
"NT","East Arnhem",136.256134033203,-12.2178087234497,0.9,3.17,3.59,13262.87,3591.91,80421.71,363.44,160.23,1129.77
"NT","East Arnhem",136.341003417969,-12.2645406723022,0.9,3.19,3.6,10104.31,2859.34,57472.98,322.29,145.09,970.98
"NT","East Arnhem",136.929595947266,-12.2793607711792,0.9,3.13,4.08,39509.59,9324.4,287788.56,98.52,52.03,238.58
"QLDNorth","Napranum",141.701065063477,-12.2661838531494,0.9,3.02,4.59,1537.48,546.9,6483.15,35.69,21.84,70.25
"QLDNorth","Cook",143.099166870117,-12.2576332092285,0.9,2.72,3.06,5881557.16,755834.66,95271232.71,1092790.95,166743.37,14376974.04
"NT","Litchfield",130.989242553711,-12.1898794174194,0.9,4.98,5.11,58908.29,14664.79,379162.76,23916.77,6274.02,147867.59
"NT","Unincorporated NT",131.348663330078,-12.2170190811157,0.9,4.92,5.58,471686.5,80412.41,5337961.89,573.04,231.52,2036.94
"NT","Unincorporated NT",131.858276367188,-12.2237243652344,0.9,4.92,5.68,438946,77096.92,4720507.66,434.57,189.28,1364.67
"NT","Unincorporated NT",131.896331787109,-12.2106943130493,0.9,4.91,5.65,730701.44,120384.15,8557862.17,550.66,231.53,1817.92
"NT","West Arnhem",132.162353515625,-12.21364402771,0.9,4.9,5.68,979991.24,157475.66,11792083.21,1224.31,460.63,4714.54
"NT","East Arnhem",135.002471923828,-12.2035093307495,0.9,3.19,3.69,9267.9,2632.61,52662.29,337.45,145.03,1108.81
"NT","East Arnhem",135.035659790039,-12.2280006408691,0.9,3.21,3.7,6693.78,2012.28,34958.64,302.11,132.27,965.68
"NT","East Arnhem",135.105743408203,-12.2389240264893,0.9,3.21,3.67,6537.93,1953.49,34599.53,306.96,134.39,979.93
"NT","East Arnhem",135.218414306641,-12.1919298171997,0.9,3.18,3.76,10466.4,2946,59989.42,252.08,112.84,782.91
"NT","East Arnhem",135.662689208984,-12.2106456756592,0.9,3.2,3.76,7295.33,2067.77,42384.91,126.1,62.02,344.3
"NT","East Arnhem",135.787216186523,-12.2126140594482,0.9,3.19,3.79,9838.62,2724.64,58434.16,119.79,59.74,319.52
"NT","East Arnhem",136.014984130859,-12.2320241928101,0.9,3.18,3.59,12695.61,3411.62,78386.29,310.3,136.58,979.45
"NT","East Arnhem",136.150787353516,-12.1998643875122,0.9,3.16,3.6,16059.07,4206.06,102362.85,375.07,163.98,1181.96
"NT","East Arnhem",136.623153686523,-12.2152996063232,0.9,3.14,4.09,32530.51,7770.06,234847.8,69.7,38.61,158.04
"NT","East Arnhem",136.877563476562,-12.2180404663086,0.9,3.14,4.36,28545.81,7048.7,195294.6,57.99,32.35,131.52
"QLDNorth","Napranum",141.713638305664,-12.2316465377808,0.9,3.02,4.56,1624.21,573.27,6923.79,37.96,23.06,75.46
"QLDNorth","Cook",143.099227905273,-12.2135963439941,0.9,2.72,2.88,5254444.22,687900.13,82845206.77,8210053.47,969196.32,152308215.35
"NT","Litchfield",130.992370605469,-12.1579141616821,0.9,5.03,5.68,16149.86,4610.23,87634.1,422.3,188.46,1269.39
"NT","Litchfield",131.153396606445,-12.1661376953125,0.9,4.94,5.2,186803.42,37811.24,1633050.12,16010.69,4198.96,101818.51
"NT","Unincorporated NT",131.233428955078,-12.1843738555908,0.9,4.94,5.01,229535.65,45735.72,2038737.41,76646.12,17763.06,552783.88
"NT","Unincorporated NT",131.357284545898,-12.1176900863647,0.9,4.92,5.44,511568.34,87050.04,5777247.07,1760.83,599.75,7995.88
"NT","West Arnhem",132.228332519531,-12.1744031906128,0.9,4.89,5.07,1551799.36,233059.91,20539214.64,357309.01,60295.71,4205500.87
"NT","West Arnhem",132.27033996582,-12.1444568634033,0.9,4.89,5.02,1603811.93,244772.17,20562517.37,861628.25,128751.99,11996654.76
"NT","West Arnhem",132.337219238281,-12.1548480987549,0.9,4.89,5.2,1949960.49,292748.42,25450696.68,102563.18,19886.26,1015089.18
"NT","West Arnhem",132.359786987305,-12.1572351455688,0.9,4.85,5.57,22008419.39,2545268.8,398495193.44,1236.01,461.86,4818.78
"NT","West Arnhem",132.430633544922,-12.1582050323486,0.9,4.86,5.46,7281140.04,959785.89,111121991.55,2980.31,992.76,13571.04
"NT","East Arnhem",134.950958251953,-12.1458263397217,0.9,3.15,3.66,22073.65,5547.57,148748.98,459.02,189.12,1598.53
"NT","East Arnhem",135.274459838867,-12.1687259674072,0.9,3.2,3.61,8364.62,2438.25,45585.61,414.56,175.97,1372.65
"NT","East Arnhem",135.686782836914,-12.1477298736572,0.9,3.2,3.75,7304.14,2072.03,42361.94,128.34,62.97,351.48
"NT","East Arnhem",135.699523925781,-12.1348676681519,0.9,3.2,3.56,7601.95,2145.66,44385.67,302.48,131.67,977.94
"NT","East Arnhem",135.855804443359,-12.1677484512329,0.9,3.19,3.74,9826.44,2731.92,57930.46,145.63,70.95,400.21
"NT","East Arnhem",135.897903442383,-12.1618242263794,0.9,3.19,3.79,8761.87,2477.48,50432.93,119.26,59.69,315.92
"NT","East Arnhem",135.946105957031,-12.149995803833,0.9,3.19,3.84,9330.42,2631.25,53729.11,107.4,54.33,280.99
"NT","East Arnhem",136.159606933594,-12.1591968536377,0.9,3.19,3.56,9059.44,2592.65,50835.9,423.87,182.04,1369.8
"NT","East Arnhem",136.60107421875,-12.1814622879028,0.9,3.13,4.16,35208.38,8294.34,259469.96,57.1,32.25,126.59
"NT","East Arnhem",136.733840942383,-12.1676731109619,0.9,3.13,4.03,36673.69,8658.31,268361.38,102.03,53.48,250
"NT","East Arnhem",136.786148071289,-12.1561899185181,0.9,3.15,3.79,22857.75,5711.7,155337.28,242.28,112.6,701.31
"NT","East Arnhem",136.828033447266,-12.1474151611328,0.9,3.15,3.95,23956.6,6067.8,158144.92,155.48,75.2,431.18
"QLDNorth","Mapoon",141.757308959961,-12.1580944061279,0.9,3.03,3.9,1386.36,499.9,5739.3,103.46,54.63,249.75
"QLDNorth","Cook",143.101211547852,-12.1522407531738,0.9,2.73,2.84,4045735.38,551344.44,60240756.79,6440435.28,793049.09,112246922.19
"NT","Unincorporated NT",131.005920410156,-12.1143760681152,0.9,4.95,5.58,139562.35,30747.07,1064298.15,815.16,337.41,2698.74
"NT","Unincorporated NT",131.092559814453,-12.0813102722168,0.9,4.93,5.22,317727.28,58475.86,3200108.7,13857.91,3808.67,81470.45
"NT","Unincorporated NT",131.246597290039,-12.1323003768921,0.9,4.93,5.19,263624.26,51529.05,2404450.97,35001.18,8110.52,266355.17
"NT","Unincorporated NT",131.364242553711,-12.101393699646,0.9,4.91,5.41,586369.5,98322.72,6744024.09,1801.1,619.06,8019.7
"NT","West Arnhem",132.488006591797,-12.1299524307251,0.9,4.87,5.46,4528107.02,628416.99,64768310.98,2985.07,991.61,13662.66
"NT","West Arnhem",132.530609130859,-12.1093482971191,0.9,4.86,5.47,10120090.3,1275683.97,164210465.58,2724.77,922.84,12099.33
"NT","East Arnhem",134.950317382812,-12.1034984588623,0.9,3.14,3.64,30272.31,7299.03,215782.34,534.11,215.02,1922.95
"NT","East Arnhem",135.318801879883,-12.110463142395,0.9,3.18,3.38,10444.55,2980.46,58341.08,1857.36,647.72,8021.37
"NT","East Arnhem",135.761627197266,-12.0824356079102,0.9,3.2,3.65,8074.4,2269.57,47303.71,198.02,91.65,587.3
"NT","East Arnhem",136.12760925293,-12.083664894104,0.9,3.18,3.62,11687.49,3230.51,68793.64,323.95,144.16,997.62
"NT","East Arnhem",136.58869934082,-12.1013021469116,0.9,3.13,3.95,37217.3,8653.92,280063.27,90.37,47.44,222.91
"QLDNorth","Mapoon",141.770416259766,-12.1294441223145,0.9,3.04,3.91,1255.72,459.62,5088.28,99.19,52.74,236.97
"QLDNorth","Cook",143.139129638672,-12.0931539535522,0.9,2.73,3.16,3749072.64,515743.69,55131729.29,202530.58,38100.81,2019002.07
"NT","Unincorporated NT",131.270263671875,-12.0644159317017,0.9,4.93,5.65,343294.99,65866.96,3186694.23,824.83,322.01,3046.67
"NT","Unincorporated NT",131.307174682617,-12.0514507293701,0.9,4.9,5.6,828631.1,134085.26,9951728.27,666.83,259.85,2514.16
"NT","West Arnhem",132.623382568359,-12.0515365600586,0.9,4.88,5,3487923.3,518102.45,44816462.91,578412.96,96186.5,6763186.12
"NT","West Arnhem",134.370147705078,-12.0470180511475,0.9,3.09,4.25,127777.52,24487.77,1271749.99,82.08,42.33,211.45
"NT","West Arnhem",134.421295166016,-12.060338973999,0.9,3.1,3.65,103022.4,20331.49,984854.78,478.15,193.18,1725.47
"NT","West Arnhem",134.468276977539,-12.0629529953003,0.9,3.1,3.65,83151.66,16878.39,765204.23,462.49,187.96,1654.02
"NT","West Arnhem",134.524398803711,-12.0610952377319,0.9,3.11,3.95,68174.11,14191.66,606637.11,175.23,81.8,516.26
"NT","West Arnhem",134.58024597168,-12.052583694458,0.9,3.11,3.94,61113.93,12893.29,534371.61,188.06,87.3,556.91
"NT","East Arnhem",135.373519897461,-12.0797023773193,0.9,3.18,3.38,10474.41,3001.56,58036.39,1909.07,665.07,8243.86
"NT","East Arnhem",135.420715332031,-12.078875541687,0.9,3.18,3.41,11814.1,3295.58,68289.28,1507.83,541.87,6242.73
"NT","East Arnhem",135.498672485352,-12.0264129638672,0.9,3.17,3.55,12861.69,3556.73,75128.38,631.02,259.5,2151.77
"NT","East Arnhem",135.816177368164,-12.0222206115723,0.9,3.2,3.44,8407.54,2359.81,49240.04,685.45,266.36,2592.56
"NT","East Arnhem",136.111434936523,-12.0630779266357,0.9,3.16,3.68,19144.61,4854.91,128143.63,268.41,122.15,802.94
"NT","East Arnhem",136.56086730957,-12.0609130859375,0.9,3.13,4.15,34053.89,7991.61,253432,56.63,31.48,129.63
"QLDNorth","Mapoon",141.803771972656,-12.0563097000122,0.9,3.04,3.94,1143.49,424.73,4536.14,92.22,49.86,214.58
"QLDNorth","Cook",143.156799316406,-12.0544710159302,0.9,2.73,2.86,3735468.19,513596.96,54998372.31,5026431.94,638061.85,84151456.48
"NT","West Arnhem",132.620742797852,-11.9969520568848,0.9,4.89,5.01,1911628.75,294604.74,23814396.68,541969.99,89880.7,6398508.12
"NT","West Arnhem",134.184463500977,-11.9982357025146,0.9,3.08,3.58,164994.02,30399.21,1737877.81,864.32,313.53,3679.23
"NT","West Arnhem",134.250152587891,-12.0107345581055,0.9,3.08,3.34,163132.59,29994.89,1726603.1,4872.97,1381.42,29271.89
"NT","West Arnhem",134.316650390625,-12.0093860626221,0.9,3.08,3.36,164139.66,30575.63,1693246.01,3582.45,1102.04,18765.57
"NT","West Arnhem",134.649963378906,-12.0148496627808,0.9,3.11,3.99,67897.16,14059.32,610616.76,173.14,81.76,498.95
"NT","East Arnhem",134.843780517578,-12.0023307800293,0.9,3.1,3.95,82887.67,17394.86,715632.66,161.6,79.29,434.43
"NT","East Arnhem",134.901092529297,-12.0129470825195,0.9,3.11,3.56,58139.56,12876.9,464744.03,633.06,261.72,2136.65
"NT","East Arnhem",135.511871337891,-12.0182876586914,0.9,3.17,3.55,12867.48,3560.38,75078.26,637.42,261.88,2176.04
"NT","East Arnhem",135.835510253906,-12.0029325485229,0.9,3.19,3.44,8884.46,2473.89,52618.64,683.43,265.78,2581.68
"NT","East Arnhem",136.157913208008,-12.0233201980591,0.9,3.19,3.56,9051.22,2601.34,50384.92,424.8,181.28,1389.48
"NT","East Arnhem",136.545349121094,-12.0239019393921,0.9,3.13,3.84,33824.03,7913.83,253306.18,132.19,63.95,371.52
"QLDNorth","Mapoon",141.819412231445,-12.0283946990967,0.9,3.05,3.86,1057.58,397.25,4129.92,110.4,58.42,264.21
"QLDNorth","Cook",143.176895141602,-12.0172853469849,0.9,2.73,2.79,3552192.33,489652.97,52219906.32,7505142.08,929749.77,128060769.78
"NT","Tiwi Islands",130.948303222656,-11.9423351287842,0.9,4.94,5.04,194544.47,41574.34,1537140.96,136489.84,28511.29,1148757.74
"NT","Tiwi Islands",130.982147216797,-11.933723449707,0.9,4.92,5.35,431536.6,76106.32,4610793.51,3682.85,1185.41,17630.79
"NT","West Arnhem",132.631072998047,-11.9484176635742,0.9,4.88,5,2414326.13,363146.19,30993001.21,543992.94,92523.16,6123437.85
"NT","West Arnhem",134.210144042969,-11.9517621994019,0.9,3.07,3.65,242218.71,43558.21,2597301.72,674.27,253.36,2732.64
"NT","West Arnhem",134.68896484375,-11.9589719772339,0.9,3.09,3.79,121952.25,23826.52,1173583.75,334.26,145.33,1074.33
"NT","West Arnhem",134.740509033203,-11.9548368453979,0.9,3.09,3.64,117646.24,23108.85,1123544.25,513.11,213.2,1742.07
"NT","East Arnhem",134.776611328125,-11.9581813812256,0.9,3.08,3.68,153672.58,29465.66,1507033.31,431.12,185.17,1391.27
"NT","East Arnhem",135.581314086914,-11.9595603942871,0.9,3.17,3.84,14742.89,4038.77,86833.67,163.23,81.06,428.52
"NT","East Arnhem",135.61979675293,-11.9580116271973,0.9,3.17,3.73,13459.35,3747.77,77365.87,227.99,108.28,636.01
"NT","East Arnhem",136.275833129883,-11.9708499908447,0.9,3.17,3.61,14324.87,3873.12,86656.27,434.4,185.93,1410.44
"NT","East Arnhem",136.313903808594,-11.9524831771851,0.9,3.16,3.49,16773.46,4440.63,104425.78,839.79,329.68,3064.77
"NT","East Arnhem",136.343872070312,-11.947639465332,0.9,3.16,3.42,19771.91,5100.75,127779.89,1211.41,455.82,4667.57
"NT","East Arnhem",136.528594970703,-11.9510841369629,0.9,3.13,3.64,33757.26,7859.38,255252.45,323.06,136.96,1095.19
"QLDNorth","Mapoon",141.865600585938,-11.9639463424683,0.9,3.07,3.67,885.35,341.35,3331.99,143.26,73.11,360.51
"QLDNorth","Mapoon",141.897277832031,-11.9500980377197,0.9,3.08,3.7,770.12,302,2834.97,122.89,64.16,299.43
"QLDNorth","Cook",143.157455444336,-11.9466142654419,0.9,2.72,3.03,5944616.77,750624.41,99403503.88,469875.16,80793.58,5233896.48
"NT","Tiwi Islands",130.504669189453,-11.8403720855713,0.9,4.96,5.09,94012.11,21049.6,713049.2,18712.87,5167.32,106918.24
"NT","Tiwi Islands",130.807876586914,-11.8504104614258,0.9,5.01,5.1,27405.6,7682.5,149015.2,11305.97,3540.59,53032.77
"NT","Tiwi Islands",130.874359130859,-11.8713722229004,0.9,5,5.09,34089.8,9247.15,194146.72,15358.56,4630.23,75780.43
"NT","Tiwi Islands",130.89582824707,-11.8893566131592,0.9,4.99,5.13,36795.46,9869.96,212863.86,10622.75,3300.74,50702.08
"NT","Tiwi Islands",131.043060302734,-11.8865613937378,0.9,4.93,5.11,307265.55,56317.2,3125691.85,34386.49,8467.21,233485.54
"NT","West Arnhem",132.639907836914,-11.9028997421265,0.9,4.88,5,2437459.41,361355.68,32106681.74,414618.29,73621.19,4385960.82
"NT","West Arnhem",133.896774291992,-11.9072465896606,0.9,3.09,3.49,132106.37,26638.34,1190252.94,1739.91,581.14,8222.98
"NT","West Arnhem",133.951324462891,-11.9031887054443,0.9,3.08,3.99,154760.81,30588.19,1432116.57,212.23,94.74,673.01
"NT","West Arnhem",134.137069702148,-11.9051790237427,0.9,3.06,3.91,341018.21,59585.21,3768556.1,266.6,115.83,874.8
"NT","East Arnhem",135.756454467773,-11.911205291748,0.9,3.17,3.48,13075.18,3673.01,74075.21,817.51,325.91,2902.79
"NT","East Arnhem",135.790130615234,-11.9003629684448,0.9,3.18,3.58,12525.18,3529.76,70741.11,416.72,183.31,1288.07
"NT","East Arnhem",136.375,-11.9009981155396,0.9,3.15,3.98,21133.17,5445.61,136235.21,157.48,76.19,436.05
"NT","East Arnhem",136.528915405273,-11.9165210723877,0.9,3.13,3.51,35207.27,8362.7,255422.49,857.48,333.01,3189.98
"QLDNorth","Mapoon",141.884399414062,-11.946722984314,0.9,3.07,3.69,818.98,318.81,3043.52,130.13,67.4,320.53
"QLDNorth","Cook",142.948287963867,-11.8973693847656,0.9,2.72,3.02,5981617.49,725848.7,107679939.2,310256.65,57495.15,3089984.55
"QLDNorth","Cook",142.998092651367,-11.9294691085815,0.9,2.72,3.1,6192334.15,749003.29,111883224.23,224896.75,43215.51,2138867.88
"QLDNorth","Cook",143.058807373047,-11.9179401397705,0.9,2.72,3.07,7722111.24,911613.44,143845770.21,287034.75,53599.18,2832975.94
"QLDNorth","Cook",143.106872558594,-11.8990879058838,0.9,2.72,3.03,7125848.59,865938.6,126431308.1,564835.05,96318.33,6311396.37
"NT","Tiwi Islands",130.048980712891,-11.8261213302612,0.9,4.91,5.68,667258.16,116936.51,7014455.27,500.34,213.91,1611.24
"NT","Tiwi Islands",130.108581542969,-11.8302373886108,0.9,4.92,5.23,475774.73,84660.22,4968143.16,10357.31,2942.87,58359.01
"NT","Tiwi Islands",130.145629882812,-11.8264837265015,0.9,4.9,5.14,816295.13,132971.39,9692505.91,30266.42,7464.45,206697.09
"NT","Tiwi Islands",130.204071044922,-11.8116674423218,0.9,4.93,5.11,314216.81,57742.03,3176069.13,33752.4,8304.75,229795.03
"NT","Tiwi Islands",130.259338378906,-11.7950744628906,0.9,4.93,5.11,289505.17,53519.65,2909780.58,24245.22,6300.55,152406.95
"NT","Tiwi Islands",130.300674438477,-11.7818832397461,0.9,4.93,5.08,265610.87,49670.85,2628014.9,37937.57,9330,256513.61
"NT","Tiwi Islands",130.386657714844,-11.8054189682007,0.9,4.94,5.07,206767.12,40342.57,1922069.4,36177.69,9072.2,236683.49
"NT","Tiwi Islands",130.427810668945,-11.8165292739868,0.9,4.95,5.08,158946.62,32385.81,1387070.39,24550.55,6524.41,147945.69
"NT","Tiwi Islands",130.578720092773,-11.8289165496826,0.9,4.97,5.09,67463.88,16018.07,469216.68,15691.01,4498.16,84642.06
"NT","Tiwi Islands",130.612777709961,-11.8281364440918,0.9,4.99,5.11,45088.08,11405.82,286389.89,9749.66,3015.94,47143.17
"NT","Tiwi Islands",130.671371459961,-11.8170099258423,0.9,5,5.51,32203.63,8630.2,188027.91,837.41,331.92,3001.2
"NT","Tiwi Islands",130.750625610352,-11.8247766494751,0.9,5,5.11,32561.37,8726.78,189967.86,9196.12,2916.92,42653.87
"NT","Tiwi Islands",131.106369018555,-11.8367681503296,0.9,4.92,4.96,352426.38,64316.01,3581196.6,208650.66,40477.65,1959196.45
"NT","Tiwi Islands",131.143173217773,-11.8116655349731,0.9,4.94,4.97,231182.09,45084.87,2135227.98,142218.08,29403.33,1216770.58
"NT","West Arnhem",132.636825561523,-11.8432168960571,0.9,4.87,5.53,4447149.49,598044.37,67450775.53,1149.08,458.36,3984.24
"NT","West Arnhem",133.895065307617,-11.8185167312622,0.9,3.09,3.43,123675.21,25028.99,1111787.44,2741.53,854.02,14326.12
"NT","West Arnhem",134.007934570312,-11.8538293838501,0.9,3.08,3.41,166556.02,33006.54,1525932.32,3903.99,1155.99,21904.04
"NT","West Arnhem",134.056777954102,-11.8575630187988,0.9,3.07,3.4,236007.51,44374.12,2330213.91,4174.45,1222.11,23822.76
"NT","West Arnhem",134.068252563477,-11.8719110488892,0.9,3.07,3.4,262107.02,48273.65,2671036.66,3953.92,1164.89,22385.42
"NT","East Arnhem",136.417495727539,-11.8494110107422,0.9,3.13,4.14,33638.96,8064.46,240575.82,105.89,54.21,270.86
"NT","East Arnhem",136.486282348633,-11.8582954406738,0.9,3.15,3.64,24664.67,6012.3,174788.84,279.64,120.88,923.22
"QLDNorth","Cook",141.949020385742,-11.8594808578491,0.9,3.07,3.58,829.67,321.6,3105.7,164.51,82.54,423.34
"QLDNorth","Cook",142.928421020508,-11.8899345397949,0.9,2.72,3.02,5841407.83,708167.59,105514262.62,271685.93,51246.23,2641340.94
"NT","Tiwi Islands",130.022125244141,-11.793194770813,0.9,4.9,6.29,845077.25,143810.3,9237852.39,65.62,37.72,139.37
"NT","Tiwi Islands",131.195007324219,-11.7888441085815,0.9,4.92,4.97,372051.15,68218.71,3734449.6,338126.66,59417.27,3698744.9
"NT","Tiwi Islands",131.240982055664,-11.7524433135986,0.9,4.92,4.95,467044.65,81882.09,5019092.09,484008.45,80392.67,5743213.54
"NT","West Arnhem",132.578628540039,-11.7922096252441,0.9,4.89,5.52,1456964.95,236182.36,16832221.79,1166.32,465.05,4043.24
"NT","West Arnhem",133.577560424805,-11.8029184341431,0.9,4.91,5.54,645155.97,105775.24,7689303.42,1259.69,448.09,5396.85
"NT","West Arnhem",133.653747558594,-11.8069162368774,0.9,4.91,5.63,685065.99,110804.55,8341443.84,693.52,266.62,2677.12
"NT","West Arnhem",133.939819335938,-11.7774648666382,0.9,3.08,3.46,169790.96,33770.8,1542969.6,2401.19,761.7,12238.73
"QLDNorth","Cook",141.964004516602,-11.8045377731323,0.9,3.07,3.57,887.32,340.66,3366.42,169.28,84.7,436.97
"QLDNorth","Cook",142.860336303711,-11.7837772369385,0.9,2.72,3,5827094.47,715999.04,102649232.63,421855.23,76344.88,4302980.99
"NT","Tiwi Islands",130.024185180664,-11.762095451355,0.9,4.89,5.45,1572268.89,229461.71,21934082.05,1249.71,471.23,4785.15
"NT","Tiwi Islands",131.293151855469,-11.7301988601685,0.9,4.91,4.96,692818.55,114132.52,8144465.18,502053.72,81994.92,6135540.71
"NT","West Arnhem",132.543960571289,-11.7247705459595,0.9,4.89,5.52,1420086.83,230037.03,16452892.01,1089.28,439.54,3710.48
"NT","West Arnhem",133.370880126953,-11.7535991668701,0.9,4.9,5.36,804434.03,129700.88,9745699.12,3596.67,1104.99,18881.76
"NT","West Arnhem",133.417953491211,-11.7414617538452,0.9,4.9,5.06,951621.25,147769.06,12230055.67,108147.64,20272.48,1138940.98
"NT","West Arnhem",133.479400634766,-11.77942943573,0.9,4.9,5.26,835790.12,132117.41,10480593.06,8409.68,2316.56,51082.28
"NT","West Arnhem",133.531616210938,-11.7553157806396,0.9,4.9,5.07,840755.04,132892.01,10540083.23,87514.54,16681.98,907401.41
"NT","West Arnhem",133.672592163086,-11.7725067138672,0.9,4.91,5.44,635248.17,104698.84,7504951.29,2109.76,682.23,10463.82
"NT","West Arnhem",133.738784790039,-11.7747716903687,0.9,3.05,3.61,539458.33,91078.31,6160177.76,1560.61,523.34,7386.73
"NT","West Arnhem",133.928909301758,-11.7508583068848,0.9,3.09,3.71,131859.4,27559.78,1111107.47,642.81,244.4,2554.39
"QLDNorth","Cook",141.98078918457,-11.7673273086548,0.9,3.06,3.57,916.14,350.06,3499.26,172.47,86.12,446.42
"QLDNorth","Cook",142.865814208984,-11.7535581588745,0.9,3.03,3.37,5524517.14,686244.16,95703117.9,199710.35,40250.19,1752304.87
"NT","Tiwi Islands",130.065078735352,-11.6915130615234,0.9,4.89,5.97,1846491.45,258102.31,27630490.54,143.03,74.02,350.67
"NT","Tiwi Islands",131.341598510742,-11.6812562942505,0.9,4.91,5.29,798439.72,128153.02,9760254.05,5490.52,1572.79,31968.48
"NT","West Arnhem",132.489288330078,-11.6818885803223,0.9,4.9,5,1262832.05,205890.92,14562804.19,309550.78,58831.49,2942716.55
"NT","West Arnhem",133.152313232422,-11.6975011825562,0.9,4.94,5.21,198114.4,41421.22,1626542.57,6534.87,1923.03,35607.3
"NT","West Arnhem",133.199630737305,-11.7201299667358,0.9,4.94,5.36,215643.33,44274.27,1820459.95,2139.85,732.02,9488.48
"NT","West Arnhem",133.273788452148,-11.7158880233765,0.9,4.94,5.68,234900.51,47653.88,2016183.64,455.59,193.16,1501.06
"NT","West Arnhem",133.319244384766,-11.6946496963501,0.9,4.93,5.5,246208.13,50001.29,2103195.21,976.98,361.29,3958.46
"NT","West Arnhem",133.797073364258,-11.7242794036865,0.9,3.06,4.32,346957.68,62470.24,3619113.35,119.14,59.89,312.98
"NT","West Arnhem",133.842254638672,-11.7227993011475,0.9,3.08,4.32,190652.81,37550.69,1750861.06,112.55,56.84,294.26
"NT","West Arnhem",133.917892456055,-11.7371520996094,0.9,3.08,3.72,148133.42,30454.09,1277293.35,841.1,307.23,3538.76
"NT","East Arnhem",136.2080078125,-11.6966419219971,0.9,3.16,3.52,16154.99,4259.99,101606.48,679.97,267.66,2509.17
"NT","East Arnhem",136.257858276367,-11.6989812850952,0.9,3.14,3.9,32610.6,7847.2,232085.94,192.55,90.93,550.06
"QLDNorth","Cook",142.005126953125,-11.7086973190308,0.9,3.06,3.58,996.99,375.74,3885.92,181.28,90.03,472.33
"QLDNorth","Cook",142.867462158203,-11.6918067932129,0.9,3.04,3.38,4903305.1,622917.18,82106838.95,172235.92,35004.83,1502239.52
"NT","Tiwi Islands",130.095092773438,-11.669285774231,0.9,4.89,5.66,1379364.94,198297.83,19979955.36,402.24,178.13,1230.66
"NT","Tiwi Islands",130.187530517578,-11.6419429779053,0.9,4.89,5.29,1347974.97,192982.3,19712668.46,4499.09,1412.09,22273.21
"NT","Tiwi Islands",131.36328125,-11.63694190979,0.9,4.9,5.27,1030431.08,159090.47,13313659.47,7542.65,2066.35,46727.23
"NT","Tiwi Islands",131.425994873047,-11.6168279647827,0.9,4.89,4.98,1422954.24,211278.48,19351460.23,404397.45,68471.48,4686606.08
"NT","West Arnhem",132.486053466797,-11.6637868881226,0.9,4.89,5,1758423.43,273669.22,21627434.21,364021.23,67507.08,3583252.89
"NT","West Arnhem",133.131576538086,-11.656457901001,0.9,4.94,5.26,191957.74,40443.15,1557197.28,4022.67,1286.28,19377.08
"NT","East Arnhem",136.146011352539,-11.65256690979,0.9,3.13,3.59,39657,9348.65,289402.1,693.4,280.86,2417.35
"NT","East Arnhem",136.329177856445,-11.6450710296631,0.9,3.13,3.96,38934.69,9207.57,282795.65,139.92,68.53,381.81
"QLDNorth","Cook",142.021499633789,-11.6523866653442,0.9,3.05,3.45,1048.31,391.99,4132.71,269.77,125.83,769.54
"QLDNorth","Cook",142.864364624023,-11.6457834243774,0.9,3.04,3.41,3854104.78,511138.71,60532908.65,65464.04,14875.93,494557.47
"NT","Tiwi Islands",130.177734375,-11.5661220550537,0.9,4.9,5.07,1176602.57,172944.54,16526318.7,161310.59,29267.03,1753777.11
"NT","Tiwi Islands",131.474838256836,-11.591402053833,0.9,4.9,5.24,1024550.4,159827.91,12988711.94,6800.38,1937.61,39324.3
"NT","West Arnhem",132.535293579102,-11.5826101303101,0.9,4.87,5.49,4194571.02,604644.85,56277222.59,1258.08,494.81,4451.17
"NT","West Arnhem",133.107482910156,-11.6077547073364,0.9,4.94,5.28,204050.32,42609.68,1676074.87,4153.89,1332.67,19837.78
"NT","East Arnhem",136.166854858398,-11.6174325942993,0.9,3.14,3.76,29091.75,7445.93,185868.6,310.27,141.5,914.55
"NT","East Arnhem",136.295028686523,-11.5613565444946,0.9,3.13,3.31,36942.56,9208.75,244042.17,4007.74,1316.04,18366.06
"QLDNorth","Cook",142.02815246582,-11.6156911849976,0.9,3.46,3.82,1073.32,400.21,4246.7,332.55,150.31,992.07
"QLDNorth","Cook",142.85791015625,-11.5837736129761,0.9,3.04,3.48,3126816.54,429294.1,46689940.14,31686.34,7918.78,210434.86
"NT","Tiwi Islands",130.175399780273,-11.5458192825317,0.9,4.89,5.5,1602944.86,223883.9,24265384.28,922.64,361.93,3349.05
"NT","Tiwi Islands",131.528823852539,-11.4797439575195,0.9,4.9,5.26,935517.38,149372.82,11425839.94,6715.1,1943.24,37713.39
"NT","West Arnhem",132.061462402344,-11.5261945724487,0.9,4.88,5.08,3069956.65,426808.71,44842377.55,100220.77,22112.78,777760.72
"NT","West Arnhem",132.103866577148,-11.5351600646973,0.9,4.88,4.98,2210375.82,324437.64,29834108.4,854705.95,139833.5,10036949.52
"NT","West Arnhem",132.143127441406,-11.5230531692505,0.9,4.89,4.98,1547577.01,228259.81,21188991.52,344460.83,63432.22,3447292.62
"NT","West Arnhem",132.500518798828,-11.5184679031372,0.9,4.89,5.18,1799238.69,288911.51,20884937.38,28157.06,7294.72,176277.08
"NT","West Arnhem",132.523147583008,-11.5400514602661,0.9,4.89,5.18,1836845.74,298598.13,20832280.54,25590.76,6745.79,156125.27
"NT","West Arnhem",133.083114624023,-11.5242862701416,0.9,4.94,5.32,194068.86,40776.56,1581077.17,3779.59,1236.92,17501.16
"NT","East Arnhem",136.244705200195,-11.5727081298828,0.9,3.13,4.26,36077.65,9010.88,237826.4,102.41,54.08,247.33
"QLDNorth","Cook",142.047119140625,-11.5551748275757,0.9,3.46,3.81,1115.93,414.2,4441.31,351.73,157.87,1059.13
"QLDNorth","Cook",142.848205566406,-11.5669078826904,0.9,3.05,3.57,2898708.67,403995.13,42305244.93,16684.39,4551.27,98229.66
"NT","Tiwi Islands",130.161422729492,-11.4907732009888,0.9,4.89,5.57,1469956.76,209298.88,21586247.8,697.96,284.56,2402.02
"NT","West Arnhem",132.029327392578,-11.4781379699707,0.9,4.87,5.23,3885372.32,519667.52,60040997.03,14864.93,4191.37,82934.71
"NT","West Arnhem",132.208831787109,-11.4825410842896,0.9,4.87,4.95,4511570.92,606998.11,68305839.92,755806.39,129513.54,8214492.07
"NT","West Arnhem",132.270492553711,-11.4668083190918,0.9,4.88,5.16,3402552.48,482383.54,47639311.06,39380.5,9854.25,257264.31
"NT","West Arnhem",132.31298828125,-11.4683017730713,0.9,4.88,5.12,3090338.85,446898.49,41978348.83,57231.01,13831.54,389289.74
"NT","West Arnhem",132.383819580078,-11.4549140930176,0.9,4.88,5.01,2360693.34,356118.84,30184964.68,264615.57,52951.61,2311760.68
"NT","West Arnhem",132.426971435547,-11.4597721099854,0.9,4.88,5,2383715.54,365352.2,29598163.54,346745.08,65564.15,3303717.27
"NT","West Arnhem",133.073486328125,-11.5122003555298,0.9,4.94,5.33,195415.72,41054.05,1591782.9,3711.38,1222.31,17003.2
"QLDNorth","Cook",142.073867797852,-11.4911956787109,0.9,3.45,3.85,1205.65,441.84,4889.04,303.07,139.39,880.57
"QLDNorth","Cook",142.845962524414,-11.4972276687622,0.9,3.05,3.61,1988310.61,295807.3,26355481.3,13337.93,3773.48,74475.14
"NT","Tiwi Islands",130.16975402832,-11.4444332122803,0.9,4.87,6.51,4469456.92,532498.75,85056069.63,51.2,30.05,106.33
"NT","Tiwi Islands",131.536544799805,-11.436595916748,0.9,4.9,5.35,1103537.1,172775.61,13827097.05,3035.25,1004.89,13964.88
"NT","West Arnhem",131.9990234375,-11.4327774047852,0.9,4.87,5.39,4191003.65,555501.86,65533286.26,3096.41,1067.43,13186.32
"NT","West Arnhem",132.640228271484,-11.4434223175049,0.9,4.92,5.48,519278.13,96322.96,4998889.76,6015.75,1843.51,30525.95
"NT","West Arnhem",132.780090332031,-11.4485273361206,0.9,4.91,5.44,680024.73,122554.46,6787303.89,2415.73,830.42,10518.77
"NT","West Arnhem",133.023818969727,-11.4552783966064,0.9,4.94,5.47,187171.56,39527.33,1514215.41,4691.49,1443.42,24054.68
"QLDNorth","Cook",142.083679199219,-11.4627676010132,0.9,3.45,3.85,1253.56,456.84,5123.27,305.35,140.36,887.66
"QLDNorth","Cook",142.857482910156,-11.4085350036621,0.9,3.06,3.47,1558613.94,239275.69,19804079.71,49533.44,11783.71,350038.09
"NT","Tiwi Islands",130.230453491211,-11.3935594558716,0.9,4.87,6.54,5146495.19,640897.68,89163038.63,46.07,27.4,94.04
"NT","Tiwi Islands",131.521224975586,-11.3907089233398,0.9,4.9,5.93,811998.09,130926.75,9830265.89,224.66,104.94,647.82
"NT","West Arnhem",131.914978027344,-11.3621482849121,0.9,4.88,5.47,3159184.03,433067.46,47276911.32,1636.63,604.84,6387.96
"NT","West Arnhem",131.947036743164,-11.3853130340576,0.9,4.88,5.47,3138495.79,426689.09,47714596.16,1590.67,591.31,6152.75
"NT","West Arnhem",132.613983154297,-11.3998851776123,0.9,4.91,5.36,525564.33,95712.93,5227118.89,7662.89,2314.1,39313.27
"NT","West Arnhem",132.787384033203,-11.3777360916138,0.9,4.92,5.51,505953.22,94701.17,4799366.62,2043.99,709.71,8838.2
"NT","West Arnhem",132.997406005859,-11.4216756820679,0.9,4.94,5.39,216160.23,44615.73,1807147.97,5181.32,1633.76,25175.95
"NT","East Arnhem",136.597122192383,-11.4216785430908,0.9,3.12,3.84,44809.92,10179.15,347815,217.5,100.86,637.65
"NT","East Arnhem",136.640731811523,-11.3713369369507,0.9,3.13,3.89,42325.49,9823.06,316690.46,274.3,120.78,873.94
"QLDNorth","Cook",142.103149414062,-11.401725769043,0.9,3.44,3.67,1342.41,483.88,5575.01,557.07,232.49,1863.66
"QLDNorth","Cook",142.872909545898,-11.3809547424316,0.9,3.06,3.65,1485137.62,227357.64,19026921.46,14362.15,4103.13,78388.25
"NT","Tiwi Islands",130.261825561523,-11.3385334014893,0.9,4.87,5.84,5171681.35,620611.46,96053145.74,260.18,122.08,735.8
"NT","Tiwi Islands",130.316619873047,-11.3294315338135,0.9,4.87,5.59,4349503.94,523976.6,81199321.34,589.66,246.95,1951.79
"NT","Tiwi Islands",130.640731811523,-11.3504152297974,0.9,4.87,5.42,3621219.36,494482.92,54101021.03,3654.84,1143.82,18480.34
"NT","Tiwi Islands",130.66682434082,-11.3222599029541,0.9,4.88,5.64,3123070.28,436667.88,45092882.48,959.64,360.98,3765.32
"NT","Tiwi Islands",130.746994018555,-11.371994972229,0.9,4.88,5.44,2893308.34,413177.87,40379536.69,3031.21,967.61,14965.23
"NT","Tiwi Islands",130.799591064453,-11.3583660125732,0.9,4.88,5.54,2416796.97,357179.19,32032688.29,1292.98,469.5,5308.92
"NT","Tiwi Islands",130.853012084961,-11.3462705612183,0.9,4.88,5.42,2131895.29,322504.59,27289658.12,2751.09,894.95,13190.65
"NT","Tiwi Islands",131.466506958008,-11.3359422683716,0.9,4.89,5.58,1271767.26,190293.27,17178063.36,1192.04,442.26,4724.19
"NT","West Arnhem",131.836776733398,-11.317587852478,0.9,4.88,5.47,2175946.05,317374.65,29742700.06,2455.39,865.05,10197.18
"NT","West Arnhem",132.599029541016,-11.3259267807007,0.9,4.91,5.31,560101.61,100802.32,5669918.5,7066.89,2169.16,35362.29
"NT","West Arnhem",132.863540649414,-11.3349733352661,0.9,4.92,5.31,401947.04,78509.99,3579058.91,5948.94,1890.54,28228.49
"NT","West Arnhem",132.894546508789,-11.3347940444946,0.9,4.92,5.31,401088.73,77207.21,3666844.6,5673.86,1805.4,26942.91
"NT","West Arnhem",132.923782348633,-11.3376379013062,0.9,4.93,5.42,293952.17,58181.4,2603067.91,5818.67,1781.5,29645.67
"NT","East Arnhem",136.546264648438,-11.3306303024292,0.9,3.15,3.66,20637.09,5559.84,122621.79,518.42,220.7,1678.79
"NT","East Arnhem",136.668273925781,-11.3229780197144,0.9,3.11,3.46,65900.66,14509.56,528016.15,1493.41,528.3,6379.59
"QLDNorth","Cook",142.11637878418,-11.3324689865112,0.9,3.28,3.62,1437.59,513.88,6035.62,395.73,174.76,1218.58
"QLDNorth","Cook",142.866561889648,-11.3505191802979,0.9,3.06,3.53,1107119.93,174923.75,13636464.44,36369.93,9145.15,236676.84
"NT","Tiwi Islands",130.331573486328,-11.3181953430176,0.9,4.87,5.59,4759800.24,567910.31,89914266.49,586.11,245.81,1935.69
"NT","Tiwi Islands",130.604202270508,-11.2962017059326,0.9,4.88,5.35,3131950.95,437998.53,45196019.23,7227.35,2081.85,40724.98
"NT","Tiwi Islands",130.89421081543,-11.3064479827881,0.9,4.89,5.73,1933009.02,299423.72,23842441.44,547.88,224.45,1902.14
"NT","Tiwi Islands",130.929824829102,-11.3132572174072,0.9,4.89,5.33,1819170.8,284462.7,22138042.65,7557.96,2128.63,44335.19
"NT","Tiwi Islands",131.039672851562,-11.3159465789795,0.9,4.88,5.9,2244029.37,341063.97,28392539.01,278.31,126.13,836.97
"NT","Tiwi Islands",131.068801879883,-11.3014717102051,0.9,4.88,5.91,2604562.02,386629.25,34088731.47,260.49,119.61,767.73
"NT","Tiwi Islands",131.445999145508,-11.2863349914551,0.9,4.9,6.12,956655.48,151307.86,11874346.97,154.43,77.25,401.45
"NT","West Arnhem",131.79248046875,-11.2772884368896,0.9,4.89,6.75,1406977.66,209263.83,19087637.64,30.22,19.07,56.75
"NT","West Arnhem",132.623947143555,-11.2838859558105,0.9,4.91,5.7,625785.23,111403.13,6418179.48,1789.26,625.56,7711.24
"NT","East Arnhem",136.548950195312,-11.2743463516235,0.9,3.09,4.11,145550.54,30379.74,1221747.93,144.86,73.45,368.69
"NT","East Arnhem",136.685302734375,-11.2800846099854,0.9,3.12,3.78,56535.56,12623.82,445891.11,605.17,236.89,2279.75
"QLDNorth","Cook",142.119735717773,-11.2773599624634,0.9,3.28,3.61,1474.43,525.8,6206.95,416.98,182.53,1300.79
"QLDNorth","Cook",142.825485229492,-11.2893285751343,0.9,3.07,3.65,809139.96,132690.38,9494440.25,13928.43,4063.6,73301.76
"NT","Tiwi Islands",130.358932495117,-11.2424116134644,0.9,4.87,5.73,4807239.3,581144.7,88504735.92,365.24,163.42,1103.34
"NT","Tiwi Islands",130.491439819336,-11.2524118423462,0.9,4.88,5.98,3023256.65,418259.95,44606806.11,436.3,183.69,1462.07
"NT","Tiwi Islands",130.565307617188,-11.2675523757935,0.9,4.88,5.28,2707951.52,384852.04,38288788.1,15760.91,4136.07,100223.73
"NT","Tiwi Islands",131.117950439453,-11.2520942687988,0.9,4.88,5.62,2760175.19,406266.98,36558077.67,990.26,376.46,3797.24
"NT","Tiwi Islands",131.151779174805,-11.246729850769,0.9,4.87,5.83,3591069.32,505716.55,50727413.89,400.14,173.68,1272.41
"NT","Tiwi Islands",131.356216430664,-11.2465591430664,0.9,4.88,5.89,2379078.45,343156.87,33005250.23,562.02,232.9,1904.74
"NT","Tiwi Islands",131.412414550781,-11.2522840499878,0.9,4.91,6.14,669917.82,113722.24,7464724.99,205.95,98.15,575.08
"NT","West Arnhem",131.811859130859,-11.2258338928223,0.9,4.88,5.32,2329292.45,322259.62,34968673.89,7187.32,2059.07,40945.57
"NT","West Arnhem",132.621826171875,-11.2328500747681,0.9,4.91,5.2,596388.75,107683.95,5978736.31,9662.7,2839.27,51366.23
NA,"East Arnhem",136.545593261719,-11.2220897674561,0.9,3.08,4.25,173881.78,35622.45,1493535.46,115.61,60.27,283.72
"NT","East Arnhem",136.631530761719,-11.1951751708984,0.9,3.14,3.7,26591.16,7000.21,162230.32,599.39,249.98,1997.43
"QLDNorth","Cook",142.114303588867,-11.2349643707275,0.9,3.28,3.9,1505.06,536.82,6323.45,175.16,87.77,449.96
"QLDNorth","Cook",142.792556762695,-11.2303142547607,0.9,3.07,3.61,791831.18,129817.82,9309084.5,17460.36,4977.64,94530.43
"NT","Tiwi Islands",130.368423461914,-11.1777906417847,0.9,4.89,5.71,1588841.13,246503.29,19776974.92,409.07,180.45,1259.31
"NT","Tiwi Islands",130.446243286133,-11.1971912384033,0.9,4.88,6.05,2689099.02,374661.18,39462664.01,363.43,158.83,1148.94
"NT","Tiwi Islands",131.247192382812,-11.1940431594849,0.9,4.87,6.11,5600345.49,757547.23,82853304.39,163.83,82.29,420.85
"NT","Tiwi Islands",131.261795043945,-11.1898603439331,0.9,4.87,6.55,4216031.28,584452.5,60689775.11,61.25,35.14,131.17
"NT","Tiwi Islands",131.299652099609,-11.2015371322632,0.9,4.88,5.99,2897335.61,406818.92,41709160.14,374.3,164.23,1171.67
"NT","West Arnhem",131.825469970703,-11.2042093276978,0.9,4.88,7.06,2964129.08,388350.12,48489394.24,22.25,14.51,40.16
"NT","West Arnhem",131.895614624023,-11.1854572296143,0.9,4.89,6.73,1449881.48,215031.49,19734654.39,31.67,19.66,61.2
"NT","West Arnhem",131.960083007812,-11.1784086227417,0.9,4.89,6.48,1573220.47,232752.41,21393872.1,46.1,27.2,95.54
"NT","West Arnhem",132.432769775391,-11.2089195251465,0.9,4.9,5.57,1048327.93,168885.7,12500791.97,1024.82,379.64,4121.76
"NT","West Arnhem",132.481201171875,-11.1749544143677,0.9,4.9,5.39,1071980.77,171454.93,12935538.93,2257.25,738.49,10874.63
"NT","West Arnhem",132.62825012207,-11.178165435791,0.9,4.9,5.31,997607.55,166979.96,11125595.51,5112.63,1597.06,25307.9
"QLDNorth","Northern Peninsula Area",142.139755249023,-11.1726818084717,0.9,3.29,3.6,1338.49,490.32,5389.04,464.88,198.65,1506.45
"QLDNorth","Cook",142.804824829102,-11.16344165802,0.9,3.07,3.6,725972.95,120656.98,8368802.51,19376.29,5472.49,106031.39
"NT","Tiwi Islands",130.380508422852,-11.1629219055176,0.9,4.87,6.09,3637434.16,490712.86,55558423.67,267.36,121.92,796.94
"NT","Tiwi Islands",130.402770996094,-11.1618366241455,0.9,4.88,5.94,2128012.79,305138.25,30063938.44,516.89,216.88,1721.15
"NT","West Arnhem",132.001861572266,-11.1261157989502,0.9,4.89,6.18,1882052.75,271964.52,26423830.47,83.46,45.17,195.24
"NT","West Arnhem",132.022277832031,-11.146276473999,0.9,4.88,6.02,2499495.34,346288.35,37247911.79,118.46,60.92,297.73
"NT","West Arnhem",132.134811401367,-11.1272020339966,0.9,4.88,5.92,2714508.98,380730.82,39321878.33,201.42,95.64,567.37
"NT","West Arnhem",132.160491943359,-11.1263208389282,0.9,4.88,5.99,2640121.57,375116.91,37407994.58,171.35,83.45,465.31
"NT","West Arnhem",132.192352294922,-11.1309881210327,0.9,4.88,5.99,2511937.79,360856.83,34987517.81,171.14,83.22,466.03
"NT","West Arnhem",132.287612915039,-11.1635417938232,0.9,4.89,6.32,1568043.75,240625.52,19931161.66,90.32,48.19,215.85
"NT","West Arnhem",132.327835083008,-11.1182298660278,0.9,4.89,6.13,1976147.62,297318.42,25669496.43,160.32,78.84,429.34
"NT","West Arnhem",132.35627746582,-11.1436605453491,0.9,4.89,6.32,1602460.08,247382.46,20118421.47,108.66,56.52,268.93
"NT","West Arnhem",132.478958129883,-11.1468286514282,0.9,4.9,6.36,866261.4,143447.26,9939561.32,101.42,53.29,247.54
"NT","West Arnhem",132.615158081055,-11.129017829895,0.9,4.9,5.54,938014.33,158559.03,10313811.49,7478.07,2214.78,39859.27
"QLDNorth","Northern Peninsula Area",142.14453125,-11.1362314224243,0.9,3.29,3.6,1324.16,486.65,5302.36,461.46,197.06,1498.16
"QLDNorth","Cook",142.804168701172,-11.1530590057373,0.9,3.08,3.6,667641.77,112624.88,7528168.8,19086.09,5426.32,103295.03
"NT","West Arnhem",132.472778320312,-11.0708351135254,0.9,4.89,5.51,1620341.63,250492.59,20276819.04,1580.45,551.43,6905.08
"NT","West Arnhem",132.603607177734,-11.0717344284058,0.9,4.9,5.4,1063571.94,174659.05,12232798.26,11556.49,3391.35,60871.56
"QLDNorth","Northern Peninsula Area",142.138977050781,-11.0583038330078,0.9,3.28,4.06,1534.69,552.4,6326.17,114.58,60.6,273.73
"QLDNorth","Cook",142.794006347656,-11.0856399536133,0.9,3.07,3.73,834809.14,136097.4,9882822.33,13805.67,4061.13,71615.56
"NT","West Arnhem",132.465347290039,-11.0247783660889,0.9,4.88,5.96,2661100.15,394950.45,34794924.97,343.66,151.9,1067.32
"NT","West Arnhem",132.588653564453,-11.0156278610229,0.9,4.89,5.38,1436484.49,224950.88,17689158.46,24119.53,6377.7,146865.41
"QLDNorth","Northern Peninsula Area",142.106628417969,-11.0066871643066,0.9,3.27,4.05,1689.52,604.02,7005.69,120.07,63.01,290.15
"QLDNorth","Cook",142.767959594727,-11.0458612442017,0.9,3.07,3.56,1045507.05,164998.65,12953657.51,25596.96,6981.77,146737.51
"NT","West Arnhem",132.552230834961,-10.9911222457886,0.9,4.88,6.25,2259490.14,345729.1,28230558.91,145.24,73,375.86
"NT","West Arnhem",132.580017089844,-10.9708738327026,0.9,4.88,6.52,2259754.41,332247.19,30363391.65,76.53,42.48,171.68
"QLDNorth","Torres",142.747802734375,-10.9939432144165,0.9,3.06,3.46,1460146.39,220221.63,19252339.49,54481.19,13342.06,362870.14
"QLDNorth","Torres",142.163955688477,-10.9213438034058,0.9,3.23,3.46,3014.18,1024.46,13203.18,670.89,279.12,2228.44
"QLDNorth","Northern Peninsula Area",142.257568359375,-10.9082870483398,0.9,3.21,4.01,4005.44,1303.91,18657.66,86.47,47.99,192.47
"QLDNorth","Northern Peninsula Area",142.328857421875,-10.8887453079224,0.9,3.25,3.86,5454.1,1687.21,27375.48,138.92,72.32,337.51
"QLDNorth","Torres",142.614593505859,-10.8843431472778,0.9,3.06,3.59,1423197.82,217942.74,18273226.44,33911.94,8677.41,214656.37
"QLDNorth","Northern Peninsula Area",142.351898193359,-10.843563079834,0.9,3.25,3.89,5225.11,1642.09,25533.37,131.79,69.19,316.29
"QLDNorth","Northern Peninsula Area",142.582778930664,-10.7971954345703,0.9,3.05,3.22,1770037.83,260605.26,24099053.17,334389.61,60126.71,3505553.83
"QLDNorth","Torres",142.220672607422,-10.7488708496094,0.9,3.23,3.65,3114.76,1077.48,13174.79,275.49,130.74,759.77
"QLDNorth","Torres",142.267517089844,-10.7293510437012,0.9,3.21,3.42,4204.44,1369.01,19511.28,842.15,339.33,2924.74
"QLDNorth","Torres",142.382995605469,-10.7556619644165,0.9,3.22,3.84,9706.32,2681.42,57980.72,118.46,62.37,284.84
"QLDNorth","Torres",142.619384765625,-10.7508888244629,0.9,3.06,3.31,1522125.63,227616.3,20335020.39,162942.26,32860.8,1446949.25
"QLDNorth","Torres",142.309005737305,-10.7149000167847,0.9,3.2,3.55,14665.07,3764.25,97857.79,629.65,254.35,2222.5
"QLDNorth","Torres",142.383987426758,-10.7199859619141,0.9,3.25,4.18,5282.67,1557.45,29153.33,53.93,31.52,112.47
"QLDNorth","Torres",142.31086730957,-10.6337766647339,0.9,3.18,3.36,21613.19,5765.35,130407.32,23172.91,5448.61,177034.37
"QLDNorth","Torres",142.407257080078,-10.7049655914307,0.9,3.15,3.79,47326.88,11214.84,337901.06,810.95,314.01,3047.23
"QLDNorth","Torres",142.471893310547,-10.712628364563,0.9,3.15,4.17,46024.17,10958.55,326283.83,121.05,61.52,310.74
"QLDNorth","Torres",142.525588989258,-10.6800050735474,0.9,3.17,3.39,32033.78,8044.01,210703.61,3696.24,1189.85,17686.47
"QLDNorth","Torres",142.587768554688,-10.7096462249756,0.9,3.16,3.68,40164.56,9972.3,265846.15,690.22,273.06,2519.05
"QLDNorth","Torres",142.314498901367,-10.5469722747803,0.9,3.15,3.81,51563.43,12108.25,372302.21,16129.99,4071.69,110367.48
"QLDNorth","Torres",142.284072875977,-10.5262041091919,0.9,3.15,4.05,49187.45,11085.69,384968.57,295.9,138.64,831.83
"QLDNorth","Torres Strait Island",142.221115112305,-10.2406320571899,0.9,3.14,4.05,100081.06,19513.73,981672.79,209.75,104.65,536.79
"QLDNorth","Torres Strait Island",142.277725219727,-10.2656869888306,0.9,3.18,3.66,27696.64,6605.03,202961.82,3672.68,1147.24,18631.62
"QLDNorth","Torres Strait Island",142.28288269043,-10.2629451751709,0.9,3.19,3.63,26373.98,6398.4,187680.95,7540.3,2149.65,43206.39
"QLDNorth","Torres Strait Island",142.336441040039,-10.2043075561523,0.9,3.16,3.95,59006.81,13625.57,435645.77,154581.1,28597.99,1623411.88
"QLDNorth","Torres Strait Island",142.126220703125,-10.1826858520508,0.9,3.22,3.98,12523.15,3744.92,63426.27,222.98,110.59,574.78
"QLDNorth","Torres",142.147506713867,-10.1988859176636,0.9,3.21,3.55,15147.83,4335.24,82136.94,702.86,294.7,2294
"QLDNorth","Torres Strait Island",142.348922729492,-10.1783800125122,0.9,3.15,3.97,75152.19,16978.59,568717.59,137989.54,26116.08,1398792.77
"QLDNorth","Torres Strait Island",142.08576965332,-10.1318025588989,0.9,3.21,3.76,15925.27,4658.52,82750.15,530.5,234.29,1602.07
"QLDNorth","Torres Strait Island",142.346786499023,-10.1685905456543,0.9,3.15,3.97,79202.43,17724.45,607924.96,136334.97,25797.89,1383823.83
"QLDNorth","Torres Strait Island",142.26741027832,-10.1153011322021,0.9,3.2,3.82,18727.4,5171.45,106991.38,2164.59,753.68,9271.14
"QLDNorth","Torres Strait Island",142.302734375,-10.1241130828857,0.9,3.18,3.55,33814.78,8507.26,220859.98,7026.54,2058.8,38398.06
"QLDNorth","Torres Strait Island",142.120590209961,-10.0592012405396,0.9,3.18,3.78,33193.36,8283.72,220340.99,459.43,208.98,1326.44
"QLDNorth","Torres Strait Island",142.168380737305,-10.0498027801514,0.9,3.16,4.03,54434.98,11757.46,458831.67,324.29,153.15,893.17
"QLDNorth","Torres Strait Island",142.183883666992,-10.0605993270874,0.9,3.18,4,30117.14,7254.5,215158.32,410.37,186.17,1198.85
