"state","lga","longitude","latitude","SLR","SWL_AEPPC","MTWL_AEPPC","SWL_MFSLR_50","SWL_MFSLR_10","SWL_MFSLR_90","MTWL_MFSLR_50","MTWL_MFSLR_10","MTWL_MFSLR_90"
"WANorth","Broome",122.211631774902,-18.0006217956543,0.2,5.59,5.79,5.91,4.69,8.07,5.06,4.1,6.71
"NT","East Arnhem",136.368728637695,-13.844162940979,0.2,2.02,2.47,4.97,3.98,6.75,3.1,2.65,3.86
"QLDNorth","Townsville",147.064956665039,-19.2769813537598,0.2,2.53,3.79,11.65,8.43,18.09,2.92,2.51,3.62
"QLDNorth","Livingstone",150.762512207031,-23.1382923126221,0.2,3.2,4.3,8.72,6.54,12.87,3.14,2.68,3.88
"NSW","Wollongong",150.916046142578,-34.4743537902832,0.2,1.69,2.43,14.69,10.53,22.87,3.95,3.28,5.08
"VIC","Surf Coast",143.978164672852,-38.5659713745117,0.2,1.9,2.23,13.57,9.55,21.94,9.47,6.96,14.49
"SA","Onkaparinga",138.461669921875,-35.1174468994141,0.2,2.6,3.47,7.74,5.89,11.23,3.84,3.21,4.87
"SA","Ceduna",133.674819946289,-32.189151763916,0.2,2.43,4.69,4.95,3.96,6.75,2.01,1.84,2.29
"WASouth","Esperance",121.899345397949,-33.8684463500977,0.2,1.53,2.12,8.72,6.53,12.94,4.45,3.66,5.8
"TAS","Burnie",145.898666381836,-41.0429649353027,0.2,2.26,2.97,16.37,11.24,27.36,6.93,5.25,10.21
"WASouth","Joondalup",115.727348327637,-31.8087615966797,0.2,1.4,3.82,10.19,7.53,15.33,2.11,1.91,2.41
"NT","Darwin",130.873245239258,-12.3418684005737,0.2,4.3,4.38,9.92,7.44,14.54,8.02,6.19,11.31
"VIC","Bass Coast",145.221298217773,-38.5328369140625,0.2,2.24,2.93,14.69,10.29,23.86,6.2,4.82,8.8
"VIC","Glenelg",141.63020324707,-38.4082489013672,0.2,1.29,2.19,45.64,27.44,91.34,5.71,4.49,7.95
"TAS","Glamorgan-Spring Bay",148.082138061523,-42.5678176879883,0.2,1.29,2.08,34.84,21.64,66.8,4.68,3.81,6.18
"WASouth","Fremantle",115.73705291748,-32.0583763122559,0.2,1.4,2.56,9.65,7.24,14.17,3.24,2.78,4
"NSW","Waverley",151.290802001953,-33.871639251709,0.2,1.7,2.9,16.71,11.76,26.72,2.93,2.55,3.54
"SA","Port Pirie",138.000579833984,-33.1267433166504,0.2,3.11,3.53,3.6,3.05,4.49,3.47,2.94,4.35
"SA","Port Adelaide Enfield",138.475845336914,-34.7812461853027,0.2,2.55,2.85,6.66,5.19,9.35,4.95,4.02,6.56
"QLDNorth","Townsville",146.846267700195,-19.251106262207,0.2,2.65,3.68,10.14,7.51,15.19,3.45,2.9,4.41
"SA","Charles Sturt",138.472106933594,-34.8702430725098,0.2,2.62,3.07,6.87,5.33,9.7,4.47,3.68,5.8
"VIC","Queenscliffe",144.617172241211,-38.2871551513672,0.2,1.54,2.67,23.83,15.52,42.93,4.12,3.39,5.37
"NT","Darwin",130.81266784668,-12.4085102081299,0.2,4.3,4.46,9.86,7.38,14.52,7.2,5.58,10.18
"SA","Victor Harbor",138.605804443359,-35.594554901123,0.2,1.84,3.14,7.37,5.75,10.27,3.24,2.76,4.02
"WASouth","Albany",117.89533996582,-35.1227531433105,0.2,1.38,2.55,13.91,9.88,22.09,3.84,3.22,4.87
"SA","Unincorporated SA",135.905776977539,-34.6888732910156,0.2,1.87,2.16,13.85,9.95,21.57,8.66,6.52,12.71
"SA","Unincorporated SA",133.05322265625,-32.1064491271973,0.2,2.37,3.07,5.89,4.61,8.27,3.49,2.95,4.42
"WASouth","Greater Geraldton",114.582710266113,-28.7869205474854,0.2,1.33,2.41,15.29,10.81,24.34,5.73,4.53,7.92
"NSW","Newcastle",151.791976928711,-32.9030685424805,0.2,1.65,3.08,17.09,11.98,27.48,2.76,2.41,3.29
"VIC","Hobsons Bay",144.897003173828,-37.8736267089844,0.2,1.31,1.78,19.76,13.28,33.96,7.76,5.8,11.65
"QLDSouth","Bundaberg",152.412872314453,-24.7567653656006,0.2,2.31,2.95,28.01,17.82,52.1,5.17,4.08,7.19
"WASouth","Bunbury",115.637229919434,-33.3057746887207,0.2,1.66,3.57,4.97,4.08,6.46,2.19,1.97,2.52
"TAS","Clarence",147.393463134766,-42.9977607727051,0.2,1.43,1.57,22.51,14.65,40.71,18.41,12.2,32.66
"WANorth","Port Hedland",118.570663452148,-20.2921123504639,0.2,4.15,5.33,5.33,4.21,7.4,2.04,1.83,2.37
"WANorth","Wyndham-East Kimberley",128.095184326172,-15.3794431686401,0.2,4.26,4.33,35.62,22.1,68.29,29.7,18.68,56.19
"QLDSouth","Brisbane",153.156661987305,-27.3602046966553,0.2,1.94,2.31,51.85,30.49,107.17,10.72,7.78,16.66
"VIC","Greater Geelong",144.419860839844,-38.2895736694336,0.2,1.37,1.7,13.27,9.42,21.11,9.88,7.14,15.52
"TAS","Burnie",145.878601074219,-41.0355949401855,0.2,2.26,2.68,16.53,11.35,27.64,7.65,5.8,11.18
"WANorth","Carnarvon",113.636138916016,-24.8981914520264,0.2,1.64,2.35,8.87,6.59,13.35,3.91,3.21,5.17
"TAS","George Town",146.792098999023,-41.052360534668,0.2,2.25,3.51,14.95,10.51,24.09,3.51,2.98,4.37
"WANorth","Broome",122.209922790527,-17.9969673156738,0.2,5.59,5.79,5.91,4.69,8.08,5.06,4.11,6.71
"QLDNorth","Cairns",145.847991943359,-16.8677730560303,0.2,2.18,2.58,19.85,13.27,34.44,8.99,6.65,13.62
"QLDNorth","Aurukun",141.797592163086,-12.6793203353882,0.2,2.36,3.32,4.65,3.75,6.25,2.59,2.27,3.11
"QLDNorth","Gladstone",151.407104492188,-23.962682723999,0.2,2.88,3.21,16.97,11.66,28.29,7.99,6.06,11.64
"NSW","Kempsey",153.09098815918,-30.9209632873535,0.2,1.58,2.4,30.36,19.67,54.32,3.98,3.3,5.16
"VIC","East Gippsland",147.9462890625,-37.9042129516602,0.2,1.19,1.9,26.9,17.12,50.16,4.96,3.98,6.69
"QLDNorth","Gladstone",151.320953369141,-23.7948703765869,0.2,2.89,3.01,16.03,11.05,26.64,10.99,7.97,17.05
"VIC","Bass Coast",145.121734619141,-38.5073280334473,0.2,2.27,3.15,12.46,8.87,19.83,4.52,3.68,6.01
"NSW","Bega Valley",149.936981201172,-37.097900390625,0.2,1.67,3.66,14.82,10.54,23.35,2.14,1.92,2.49
"NT","East Arnhem",136.425445556641,-13.8104448318481,0.2,1.98,2.5,5.68,4.46,7.93,3.19,2.7,4.02
"SA","Grant",140.672210693359,-38.0639533996582,0.2,1.32,2.87,32.24,20.37,60.17,3.24,2.76,4.01
"NSW","Northern Beaches",151.305068969727,-33.8254356384277,0.2,1.7,3.04,16.78,11.79,26.85,2.83,2.47,3.4
"WANorth","Karratha",116.761528015137,-20.5944957733154,0.2,4.03,4.43,8.63,6.43,12.94,3.74,3.07,4.93
"SA","Copper Coast",137.588287353516,-33.9396820068359,0.2,2.34,2.48,4.52,3.7,5.95,3.95,3.29,5.05
"TAS","Devonport",146.352432250977,-41.1579093933105,0.2,2.28,2.72,15.36,10.66,25.27,7.17,5.49,10.34
"NSW","Randwick",151.252304077148,-33.9962577819824,0.2,1.69,3.33,16.28,11.5,25.86,2.56,2.26,3.02
"QLDNorth","Mackay",149.297515869141,-21.2697410583496,0.2,4.28,4.64,5.66,4.53,7.66,3.86,3.22,4.95
"QLDNorth","Cassowary Coast",146.139678955078,-17.6090087890625,0.2,2.19,2.67,14.02,9.87,22.6,5.26,4.2,7.15
"TAS","Glamorgan-Spring Bay",148.067794799805,-42.5660400390625,0.2,1.3,1.67,33.75,21.03,64.47,14.12,9.85,23.12
"QLDNorth","Cassowary Coast",146.334701538086,-18.4832286834717,0.2,2.61,2.94,8.29,6.24,12.21,4.84,3.9,6.5
"WANorth","Ashburton",115.163749694824,-21.6142768859863,0.2,2.03,2.51,9.05,6.61,14.08,3.63,3,4.75
"WANorth","Karratha",117.169364929199,-20.5933799743652,0.2,4.08,5.05,6.68,5.1,9.75,2.24,1.99,2.67
"QLDSouth","Sunshine Coast",153.139892578125,-26.6974658966064,0.2,1.67,2.48,60.8,35.18,128.13,4.95,3.98,6.7
"QLDNorth","Whitsunday",148.842590332031,-20.2819118499756,0.2,3.01,3.84,7.53,5.75,10.87,2.69,2.36,3.22
"QLDNorth","Torres",142.155624389648,-10.5569248199463,0.2,2.57,3.03,6.88,5.34,9.69,3.91,3.27,4.97
"QLDSouth","Fraser Coast",152.941467285156,-25.2762908935547,0.2,2.6,3.03,25.17,16.6,44.11,6.54,4.99,9.56
"SA","Unincorporated SA",137.602798461914,-33.023551940918,0.2,2.96,3.37,3.58,3.04,4.46,3.48,2.96,4.33
"WANorth","Karratha",116.678909301758,-20.5885372161865,0.2,2.06,2.75,8.12,6.08,12.09,2.7,2.33,3.34
"QLDNorth","Torres",142.315673828125,-10.5067167282104,0.2,2.48,3.18,9.14,6.83,13.56,7.76,5.78,11.72
"QLDNorth","Douglas",145.468811035156,-16.4769401550293,0.2,2.18,2.4,18.49,12.5,31.58,11.77,8.42,18.64
"NSW","Clarence Valley",153.367126464844,-29.4367237091064,0.2,1.58,2.23,24.73,16.62,41.94,5.05,4.03,6.89
"QLDNorth","Torres Strait Island",142.210647583008,-10.522177696228,0.2,2.54,3.14,7.35,5.64,10.53,3.56,3.02,4.46
"VIC","Greater Geelong",144.724807739258,-38.1704139709473,0.2,1.3,1.62,17.31,12.05,28.15,12.64,8.88,20.62
"VIC","Mornington Peninsula",144.899749755859,-38.3481216430664,0.2,1.36,1.85,12.09,8.84,18.37,6.51,5.04,9.25
"SA","Onkaparinga",138.470275878906,-35.0958251953125,0.2,2.6,3.18,7.63,5.82,11.04,4.26,3.52,5.53
"QLDNorth","Livingstone",150.760681152344,-23.1353740692139,0.2,3.2,4.3,8.68,6.53,12.8,3.13,2.68,3.87
"VIC","Surf Coast",144.035140991211,-38.4956665039062,0.2,1.9,2.2,13.31,9.41,21.39,9.65,7.06,14.84
"SA","Yorke Peninsula",137.767929077148,-35.0375442504883,0.2,2.26,3.17,10.81,7.84,16.78,4.19,3.48,5.39
"QLDNorth","Whitsunday",148.079605102539,-19.8762283325195,0.2,2.49,3.28,9.85,7.25,14.97,3.26,2.77,4.08
"WANorth","Exmouth",114.142883300781,-21.9546566009521,0.2,2.02,2.9,9.67,7.11,14.74,2.63,2.3,3.17
"NSW","Shoalhaven",150.768478393555,-35.0744934082031,0.2,1.69,2.67,12.85,9.37,19.53,3.15,2.73,3.82
"NSW","Coffs Harbour",153.156051635742,-30.3061962127686,0.2,1.72,2.37,38.38,24.09,71.76,5.25,4.23,7.03
"VIC","Moyne",142.245132446289,-38.4012489318848,0.2,1.32,1.63,30.06,19.39,54.27,17.45,11.66,30.6
"SA","Onkaparinga",138.458389282227,-35.1697807312012,0.2,2.59,3.32,7.89,5.99,11.51,4.16,3.44,5.38
"WANorth","Ashburton",115.466323852539,-20.6898097991943,0.2,2.11,3.16,6.35,4.86,9.25,2.28,2.03,2.68
"QLDNorth","Isaac",149.473999023438,-21.7463283538818,0.2,4.26,5.42,6.09,4.79,8.48,2.38,2.11,2.8
"QLDNorth","Cook",145.285095214844,-15.4928417205811,0.2,2.11,2.48,20.39,13.66,35.19,11.93,8.51,19.01
"VIC","Greater Geelong",144.635314941406,-38.1060447692871,0.2,1.32,1.68,21.05,14.2,35.78,13.03,9.11,21.4
"WANorth","Ashburton",115.375946044922,-20.6875629425049,0.2,1.93,3.06,18.11,12.32,30.63,2.86,2.45,3.56
"TAS","West Coast",145.027053833008,-41.8157424926758,0.2,2.14,3.3,84.38,46.33,191.91,5.1,4.1,6.88
"WASouth","Dundas",128.882766723633,-31.7294902801514,0.2,2.26,3.47,9.73,7.25,14.49,3.34,2.85,4.13
"SA","Kingston (SA)",139.666198730469,-36.9562568664551,0.2,1.86,2.8,6.88,5.39,9.51,4.06,3.39,5.18
"SA","Kangaroo Island",137.180358886719,-36.0086135864258,0.2,2.25,2.86,11.4,8.37,17.23,7.9,5.98,11.58
"TAS","Circular Head",145.312255859375,-40.7651710510254,0.2,2.24,2.58,19.68,13.15,34.18,10.33,7.44,16.31
"SA","Elliston",134.854675292969,-33.6464500427246,0.2,2.06,3.96,5.43,4.33,7.4,2.61,2.29,3.13
"WANorth","Shark Bay",113.513900756836,-25.9233150482178,0.2,1.73,2.5,5.98,4.65,8.48,3.03,2.6,3.74
"VIC","Greater Geelong",144.474060058594,-38.2902946472168,0.2,1.61,2.1,13.03,9.27,20.69,6.87,5.25,10
"QLDSouth","Noosa",153.108322143555,-26.3750782012939,0.2,1.68,2.52,50.02,29.7,101.81,4.94,3.98,6.64
"SA","Unincorporated SA",132.431213378906,-32.0147438049316,0.2,2.28,3.34,8.6,6.39,12.96,3.45,2.92,4.33
"SA","Unincorporated SA",136.499649047852,-35.1658554077148,0.2,1.95,3.17,8.48,6.47,12.2,4.08,3.4,5.22
"WANorth","Derby-West Kimberley",123.719276428223,-16.1033020019531,0.2,5.58,6.22,6,4.75,8.22,2.96,2.53,3.68
"WANorth","Ashburton",115.097961425781,-21.6335697174072,0.2,2.03,2.97,9.31,6.78,14.52,2.5,2.19,3.02
"SA","Wattle Range",139.998825073242,-37.4942817687988,0.2,1.38,2.95,15.89,11.28,25.05,3.36,2.88,4.13
"QLDNorth","Torres",142.626602172852,-10.716986656189,0.2,2.5,3.33,8.57,6.47,12.54,6.74,5.14,9.85
"TAS","Huon Valley",147.098419189453,-43.2927169799805,0.2,1.45,1.58,17.39,11.86,29.36,13.67,9.67,21.91
"QLDNorth","Torres",142.322967529297,-10.5164833068848,0.2,2.44,3.19,11.97,8.59,18.83,9.04,6.65,13.85
"SA","Kangaroo Island",136.535095214844,-35.8576393127441,0.2,1.96,3.15,8.13,6.21,11.66,3.73,3.15,4.67
"SA","Wattle Range",139.879470825195,-37.3767509460449,0.2,1.45,2.03,9.84,7.37,14.48,6.76,5.25,9.53
"SA","Unincorporated SA",136.156509399414,-34.9915504455566,0.2,1.93,2.29,9.62,7.2,14.2,6.07,4.81,8.3
"VIC","Unincorporated Vic",146.515869140625,-38.9114189147949,0.2,2.17,2.39,29.53,18.61,55.7,13.93,9.95,21.88
"QLDSouth","Fraser Coast",153.356964111328,-24.9777183532715,0.2,2.57,3.19,36.81,22.66,71.45,6.95,5.35,9.92
"WASouth","Rockingham",115.701889038086,-32.3069496154785,0.2,1.38,2.6,11.35,8.28,17.39,3.59,3.01,4.57
"WASouth","Nedlands",115.749351501465,-31.9685497283936,0.2,1.4,2.79,9.75,7.33,14.28,2.67,2.35,3.19
"WANorth","Exmouth",114.09871673584,-22.0990867614746,0.2,2.04,2.72,8.64,6.44,12.96,2.85,2.46,3.5
"WANorth","Ashburton",115.477195739746,-20.836986541748,0.2,2.1,3.19,6.74,5.12,9.93,2.23,1.98,2.63
"SA","Kangaroo Island",137.937957763672,-35.7128486633301,0.2,1.77,2.69,10.98,8.08,16.56,4.35,3.6,5.62
"SA","Cleve",136.576965332031,-33.9472122192383,0.2,2.16,2.84,8.76,6.57,12.96,5.01,4.03,6.75
"SA","Lower Eyre Peninsula",136.023025512695,-34.8660087585449,0.2,1.91,2.21,10.68,7.92,15.93,7.92,6.09,11.28
"SA","Whyalla",137.786407470703,-32.9926872253418,0.2,2.95,3.36,3.63,3.07,4.53,3.5,2.97,4.37
"SA","Yorke Peninsula",137.354400634766,-34.9310340881348,0.2,2.42,2.95,5.39,4.32,7.27,3.47,2.95,4.33
"QLDNorth","Mackay",149.895462036133,-21.0195617675781,0.2,4.19,5.13,8.28,6.29,12,2.9,2.51,3.55
"VIC","East Gippsland",147.987808227539,-37.8907623291016,0.2,1.19,1.88,26.33,16.79,48.94,5,4.03,6.74
NA,"Whitsunday",149.818756103516,-20.0906581878662,0.2,2.89,4.13,16.28,11.29,26.76,2.5,2.21,2.94
"NSW","Ballina",153.61018371582,-28.8397369384766,0.2,1.64,2.36,39.05,24.59,72.47,6.28,4.88,8.87
"NT","Unincorporated NT",130.514770507812,-12.6257009506226,0.2,4.28,4.38,11.16,8.15,17.06,8.4,6.38,12.18
"SA","Yankalilla",138.086761474609,-35.6061515808105,0.2,1.81,2.79,8.77,6.64,12.72,3.94,3.28,5.04
"NSW","Port Stephens",152.201217651367,-32.7411689758301,0.2,1.7,2.87,18.42,12.77,30.08,2.91,2.54,3.47
"QLDNorth","Cook",144.883728027344,-14.5548992156982,0.2,2.11,2.58,25.24,16.47,45.11,9.21,6.8,13.99
"QLDNorth","Gladstone",151.92448425293,-23.306095123291,0.2,2.84,3.87,25.92,16.91,46.28,3.67,3.06,4.72
"VIC","Bass Coast",145.359298706055,-38.569507598877,0.2,2.25,3.88,13.44,9.46,21.72,3.08,2.64,3.79
"WASouth","Dundas",126.06566619873,-32.2820434570312,0.2,1.48,2.63,11.38,8.31,17.41,3.3,2.81,4.1
"VIC","Mornington Peninsula",144.762985229492,-38.345573425293,0.2,1.33,1.54,11.65,8.58,17.48,10.5,7.7,15.99
"QLDNorth","Cook",143.415405273438,-12.5892887115479,0.2,2.02,2.64,33.4,21,62.79,15.55,10.71,25.96
"QLDNorth","Gladstone",151.908676147461,-23.4388313293457,0.2,2.84,3.56,25.93,16.89,46.43,4.54,3.64,6.19
"VIC","Mornington Peninsula",145.036819458008,-38.4872627258301,0.2,2.25,3.54,14.48,10.13,23.59,3.47,2.94,4.34
"VIC","Kingston (Vic.)",145.111022949219,-38.0797386169434,0.2,1.33,1.96,16.49,11.37,27.35,5.79,4.56,8.05
"WANorth","Wyndham-East Kimberley",124.291732788086,-15.322434425354,0.2,5.56,6.24,6.45,5.04,9.04,3.58,3,4.56
"VIC","Bass Coast",145.368392944336,-38.5389366149902,0.2,2.26,3.21,13,9.2,20.87,4.23,3.48,5.53
"VIC","Wyndham",144.678146362305,-37.9899787902832,0.2,1.32,1.75,23.03,15.25,40.27,10.04,7.22,15.92
"VIC","Surf Coast",144.363662719727,-38.3202171325684,0.2,1.37,1.61,13.67,9.67,21.9,12.02,8.53,19.3
"SA","Elliston",134.446472167969,-33.7753486633301,0.2,1.98,3.24,7.3,5.62,10.38,3.03,2.62,3.71
"QLDNorth","Lockhart River",143.524948120117,-13.1872329711914,0.2,2.02,3.16,32.87,20.65,61.9,5.91,4.61,8.32
"VIC","Mornington Peninsula",145.015808105469,-38.2528228759766,0.2,1.34,1.91,13.73,9.81,21.58,6.19,4.82,8.71
"QLDNorth","Cook",145.479095458984,-14.6609563827515,0.2,2.13,3,21.54,14.28,37.74,5.72,4.5,7.93
"WASouth","Dandaragan",115.017585754395,-30.3131942749023,0.2,1.37,3.14,12.93,9.31,20.1,2.81,2.44,3.39
"QLDNorth","Livingstone",150.680480957031,-21.9535064697266,0.2,3.15,3.72,11.35,8.24,17.54,4.29,3.5,5.69
"QLDNorth","Cook",143.597961425781,-13.4578561782837,0.2,2.03,2.77,28.24,18,52.31,7.95,5.91,12.04
"QLDNorth","Gladstone",151.36018371582,-23.8441028594971,0.2,2.88,3,16.41,11.3,27.32,11.49,8.27,17.99
"SA","Franklin Harbour",136.89794921875,-33.7826766967773,0.2,2.22,3.03,6.66,5.19,9.36,3.79,3.16,4.86
"WANorth","Broome",122.920036315918,-16.39599609375,0.2,5.51,7.41,8.23,6.21,12.06,1.82,1.67,2.04
"QLDNorth","Palm Island",146.692947387695,-18.7623119354248,0.2,2.57,3.56,10.59,7.78,16.06,3.33,2.82,4.19
"VIC","Greater Geelong",144.608428955078,-38.1155853271484,0.2,1.32,1.71,21.42,14.41,36.58,11.87,8.36,19.38
"NT","Roper Gulf",136.516967773438,-15.5269403457642,0.2,2.06,2.48,4.48,3.63,6,3.08,2.63,3.84
"VIC","Mornington Peninsula",144.682495117188,-38.3029098510742,0.2,1.29,1.57,15.82,11.29,24.71,12.91,9.16,20.62
"VIC","Mornington Peninsula",144.72526550293,-38.3128089904785,0.2,1.32,1.53,12.61,9.25,19.03,10.24,7.59,15.34
"VIC","Bayside (Vic.)",145.012969970703,-37.9861907958984,0.2,1.31,1.85,19.28,12.98,33.06,7.97,5.93,12.03
"VIC","Port Phillip",144.961761474609,-37.8651657104492,0.2,1.3,1.78,20.25,13.49,35.33,7.65,5.73,11.47
"NT","Roper Gulf",135.730651855469,-14.306037902832,0.2,2.16,2.88,3.65,3.02,4.76,2.53,2.2,3.08
"QLDNorth","Torres",142.951507568359,-9.85594081878662,0.2,2.38,2.87,18.09,12.36,30.33,13.86,9.81,22.16
"SA","Port Augusta",137.856109619141,-32.7116355895996,0.2,2.98,3.21,3.46,2.96,4.27,3.53,3,4.41
"WANorth","Ashburton",115.418029785156,-20.6629943847656,0.2,1.96,3.46,14.24,9.97,23.18,2.27,2.01,2.71
"NT","East Arnhem",135.162536621094,-12.2201509475708,0.2,2.49,2.97,7.58,5.74,11.13,3.61,3,4.68
"TAS","Circular Head",144.763442993164,-40.4397125244141,0.2,2.19,3.24,33.14,20.65,63.4,7,5.4,9.98
"TAS","King Island",144.104827880859,-40.0475730895996,0.2,1.78,2.46,48.06,28.02,101.56,8.14,6.13,12.01
"QLDNorth","Cook",145.447540283203,-15.7513809204102,0.2,2.11,2.69,19.64,13.17,33.88,8.54,6.39,12.71
NA,"Mackay",150.928894042969,-20.4258937835693,0.2,3.88,5.33,24.99,16.35,44.46,2.52,2.22,3.01
"VIC","Bass Coast",145.272766113281,-38.5111198425293,0.2,2.25,2.82,13.55,9.53,21.96,6.34,4.91,9.03
"QLDNorth","Pormpuraaw",141.524032592773,-14.5044069290161,0.2,2.35,3.78,4.65,3.76,6.25,2.13,1.93,2.44
"WANorth","Broome",121.965843200684,-18.4140720367432,0.2,5.6,6.45,5.65,4.51,7.68,2.76,2.4,3.36
"VIC","Wyndham",144.801208496094,-37.9131851196289,0.2,1.31,1.76,19.81,13.4,33.63,8.1,6.02,12.24
"WASouth","Manjimup",115.999702453613,-34.846134185791,0.2,1.4,2.46,18.8,12.78,31.73,4.24,3.51,5.46
NA,"Whitsunday",149.715850830078,-20.0136013031006,0.2,2.89,3.77,16.13,11.19,26.5,3.11,2.67,3.86
"QLDNorth","Whitsunday",148.560501098633,-19.9888191223145,0.2,2.5,3.6,9.23,6.87,13.79,2.48,2.18,2.95
"SA","Yankalilla",138.237152099609,-35.4988975524902,0.2,1.79,2.86,9.42,6.97,14.22,3.38,2.87,4.24
"VIC","Mornington Peninsula",144.851089477539,-38.3629608154297,0.2,1.37,1.71,11.46,8.45,17.22,8.34,6.25,12.4
"WANorth","Exmouth",114.142738342285,-21.7975425720215,0.2,1.97,3.98,13.28,9.47,21.01,1.78,1.63,2
"WANorth","Wyndham-East Kimberley",128.772811889648,-14.8344984054565,0.2,4.33,5.16,16.81,11.67,27.49,3.44,2.91,4.35
"WASouth","Manjimup",116.738777160645,-35.0417938232422,0.2,1.38,1.76,14.64,10.3,23.55,8.64,6.56,12.51
"QLDNorth","Mornington",139.676879882812,-16.4017772674561,0.2,3.44,4.64,3.17,2.73,3.9,1.94,1.78,2.19
"QLDNorth","Torres",142.168746948242,-10.2303152084351,0.2,2.47,3.11,10.46,7.62,16.15,3.79,3.19,4.79
"WANorth","Karratha",116.95361328125,-20.6833477020264,0.2,4.2,5.4,4.68,3.74,6.41,1.93,1.75,2.22
"QLDNorth","Cairns",145.972595214844,-16.7534255981445,0.2,2.18,2.76,20.8,13.8,36.53,6.66,5.15,9.48
"WASouth","Rockingham",115.689399719238,-32.2365188598633,0.2,1.42,1.8,8.69,6.61,12.55,4.96,4.04,6.54
"QLDNorth","Burdekin",147.409255981445,-19.3074054718018,0.2,2.54,3.08,11.13,8.09,17.17,4.52,3.69,5.97
"NT","East Arnhem",135.678955078125,-11.9292297363281,0.2,2.47,2.73,8.29,6.25,12.21,4.9,3.94,6.62
"QLDNorth","Northern Peninsula Area",142.102737426758,-10.9672031402588,0.2,2.57,2.88,5.29,4.22,7.22,3.7,3.1,4.72
"WASouth","Augusta Margaret River",115.021179199219,-34.2565498352051,0.2,1.5,3.56,9.18,6.78,13.93,2.3,2.06,2.67
"QLDNorth","Torres",142.871856689453,-10.0437240600586,0.2,2.42,2.9,13.99,9.91,22.3,15.27,10.59,25.16
"WANorth","East Pilbara",119.774200439453,-19.9569301605225,0.2,4.14,4.51,5.56,4.43,7.59,3.38,2.85,4.27
"WANorth","Broome",122.248458862305,-17.1136341094971,0.2,5.48,6.03,9.33,6.96,13.89,4.25,3.47,5.65
"QLDNorth","Cassowary Coast",146.335098266602,-18.3602714538574,0.2,2.57,2.79,10.23,7.52,15.56,6.22,4.88,8.68
"SA","Whyalla",137.440902709961,-33.2315673828125,0.2,2.93,3.24,3.79,3.19,4.78,3.8,3.19,4.82
"SA","Yorke Peninsula",137.768692016602,-35.0113372802734,0.2,2.26,2.92,10.81,7.84,16.79,4.47,3.69,5.77
"WANorth","Broome",123.314888000488,-17.0903549194336,0.2,5.5,5.93,8.43,6.38,12.28,3.86,3.17,5.09
"QLDNorth","Torres",142.684844970703,-10.917688369751,0.2,2.36,2.69,22.94,15.19,40.13,13.67,9.69,21.79
"QLDNorth","Mornington",139.580749511719,-17.1097755432129,0.2,3.55,4.74,2.77,2.41,3.34,1.8,1.67,2
"WANorth","Broome",123.159187316895,-16.3905277252197,0.2,5.47,6.28,10.09,7.46,15.18,2.8,2.42,3.43
"WANorth","Karratha",116.191215515137,-20.8251476287842,0.2,1.96,3.33,14.06,9.88,22.72,2.11,1.89,2.48
"QLDSouth","Gold Coast",153.519638061523,-28.1603393554688,0.2,1.58,2.12,40.65,25.33,76.75,6.07,4.7,8.69
"QLDNorth","Torres",142.706924438477,-10.9305419921875,0.2,2.36,2.71,23.48,15.47,41.39,12.97,9.28,20.39
"WANorth","Shark Bay",113.505187988281,-25.5005359649658,0.2,1.68,2.46,7.5,5.65,11.12,3.29,2.79,4.14
"SA","Unincorporated SA",133.50520324707,-32.3217849731445,0.2,2.33,4.08,6.87,5.26,9.94,2.55,2.25,3.03
"QLDNorth","Palm Island",146.686508178711,-18.7334079742432,0.2,2.55,3.66,11.53,8.38,17.75,3.26,2.77,4.1
"WANorth","Wyndham-East Kimberley",127.829887390137,-14.3628454208374,0.2,4.33,5.12,16.85,11.91,26.67,3.46,2.91,4.42
"WANorth","Wyndham-East Kimberley",125.901412963867,-14.5167436599731,0.2,4.42,4.54,9.29,6.88,14,9.08,6.65,14.01
"NT","East Arnhem",136.830047607422,-13.7504892349243,0.2,1.97,2.82,5.87,4.6,8.2,2.56,2.25,3.08
"QLDNorth","Lockhart River",143.545196533203,-12.843300819397,0.2,2.02,2.84,34.53,21.6,65.33,11.32,8.14,17.81
"QLDNorth","Cook",143.759353637695,-13.9299163818359,0.2,2.11,2.51,25.53,16.42,46.83,13.15,9.16,21.75
"QLDNorth","Torres",142.325164794922,-10.6027498245239,0.2,2.44,2.66,11.57,8.33,18.12,12.05,8.47,19.67
"WANorth","Karratha",115.705352783203,-21.2753944396973,0.2,2.01,2.33,10.13,7.32,15.9,4.9,3.89,6.8
"QLDNorth","Isaac",149.581100463867,-22.1410808563232,0.2,4.29,4.7,5.54,4.39,7.59,3.45,2.91,4.35
"WANorth","Karratha",116.686172485352,-20.527889251709,0.2,4.03,4.93,8.5,6.34,12.73,2.51,2.19,3.05
"WANorth","Wyndham-East Kimberley",125.128280639648,-14.4441356658936,0.2,4.42,5.38,9.06,6.76,13.48,2.7,2.34,3.3
"TAS","George Town",146.958847045898,-41.0102310180664,0.2,2.25,3.65,14.82,10.48,23.66,3.37,2.89,4.16
"SA","Lower Eyre Peninsula",135.109100341797,-34.590259552002,0.2,1.96,3.1,7.99,6.1,11.51,3.65,3.06,4.63
"NT","West Daly",129.409133911133,-14.2268543243408,0.2,4.34,4.74,15.09,10.55,24.52,6.22,4.81,8.89
"SA","Lower Eyre Peninsula",135.106781005859,-34.5828094482422,0.2,2.03,3.23,6.06,4.79,8.33,3.21,2.74,3.98
"QLDNorth","Cook",143.691986083984,-13.6643896102905,0.2,2.04,2.42,27,17.28,49.83,12.43,8.75,20.22
"NSW","Richmond Valley",153.452301025391,-29.1151275634766,0.2,1.55,2.16,35.78,22.82,65.21,7.2,5.46,10.55
"QLDNorth","Hope Vale",145.282745361328,-15.387996673584,0.2,2.13,2.35,20.03,13.45,34.43,13.81,9.76,22.15
"QLDNorth","Cassowary Coast",146.16064453125,-17.9593524932861,0.2,2.41,3.28,10.4,7.59,16,3.49,2.92,4.46
"WANorth","Wyndham-East Kimberley",127.62767791748,-14.1565856933594,0.2,4.31,4.97,21,14.43,34.55,3.71,3.1,4.77
"QLDNorth","Cook",144.484512329102,-14.1636114120483,0.2,2.13,2.7,21.51,14.31,37.5,5.88,4.52,8.54
"NT","East Arnhem",136.624969482422,-12.9765071868896,0.2,2.49,3.14,7.8,5.89,11.47,3.96,3.23,5.28
"SA","Yorke Peninsula",137.490112304688,-34.2766609191895,0.2,2.27,3.59,5.51,4.4,7.49,2.58,2.28,3.04
"NT","West Arnhem",132.592666625977,-10.9687538146973,0.2,4.19,4.95,25.23,16.53,44.76,4.78,3.85,6.47
"WANorth","Broome",122.178184509277,-17.6473617553711,0.2,5.58,6.11,6.11,4.84,8.37,3.57,3.02,4.5
"NT","Tiwi Islands",130.145385742188,-11.4755601882935,0.2,4.18,4.93,26.11,16.65,48.58,4.05,3.34,5.28
"TAS","Huon Valley",145.952133178711,-43.3556022644043,0.2,1.39,2.76,32.39,20.94,57.98,3.94,3.3,5.01
"QLDNorth","Mornington",139.748779296875,-16.5429191589355,0.2,3.48,4.33,3.03,2.61,3.7,2.05,1.87,2.33
"WANorth","Wyndham-East Kimberley",126.000129699707,-14.2587823867798,0.2,4.41,5.03,9.81,7.22,14.92,3.64,3.02,4.73
"NT","West Daly",129.814651489258,-13.4978065490723,0.2,4.24,4.46,14.94,10.51,24.05,9.48,6.98,14.44
"QLDNorth","Livingstone",150.702621459961,-21.9537868499756,0.2,3.14,4.57,11.82,8.52,18.46,2.52,2.23,2.99
"QLDNorth","Cassowary Coast",146.178268432617,-17.9479675292969,0.2,2.39,3.27,11.98,8.62,18.76,3.66,3.05,4.7
"VIC","Wellington",147.512222290039,-38.1365203857422,0.2,1.25,1.81,15.02,10.54,24.29,5.48,4.32,7.62
"NT","West Arnhem",132.923233032227,-11.1303930282593,0.2,4.21,4.89,19,13.11,31.2,5.56,4.41,7.61
"NSW","Ballina",153.611038208008,-28.8455924987793,0.2,1.64,2.33,35.73,22.84,64.88,6.99,5.36,10.09
"QLDSouth","Fraser Coast",153.267807006836,-24.7002735137939,0.2,2.6,3.77,23.48,15.34,42.04,3.81,3.17,4.9
"WANorth","Wyndham-East Kimberley",125.676094055176,-14.159613609314,0.2,4.4,5.68,10.1,7.4,15.48,2.24,1.99,2.62
"NSW","Bega Valley",150.083282470703,-36.422550201416,0.2,1.65,3.14,15.13,10.78,23.8,2.34,2.09,2.75
"WANorth","Port Hedland",119.190498352051,-19.9453086853027,0.2,4.12,4.39,5.82,4.6,8.01,4.12,3.38,5.42
"VIC","Glenelg",141.072341918945,-38.0935173034668,0.2,1.34,1.93,23.67,15.69,41.26,6.71,5.18,9.57
"VIC","Glenelg",141.174133300781,-38.1464004516602,0.2,1.32,1.98,31.39,19.89,58.4,7.58,5.76,11.06
"VIC","Glenelg",141.239898681641,-38.1865692138672,0.2,1.32,2.01,31.69,20.04,59.1,7.3,5.58,10.54
"VIC","Glenelg",141.342407226562,-38.2694435119629,0.2,1.32,1.95,30.35,19.32,56.08,8.05,6.07,11.85
"VIC","Glenelg",141.362701416016,-38.3697319030762,0.2,1.31,2.04,35.69,22.29,67.63,7.58,5.79,10.94
"VIC","Glenelg",141.41227722168,-38.4009056091309,0.2,1.29,1.87,49.66,29.58,100.54,12.05,8.55,19.36
"VIC","Glenelg",141.492294311523,-38.3837089538574,0.2,1.31,1.75,34.48,21.44,66.01,11.33,8.05,18.2
"VIC","Glenelg",141.535110473633,-38.4397430419922,0.2,1.29,3.78,47.14,28.24,94.75,2.65,2.32,3.18
"VIC","Glenelg",141.640731811523,-38.2952766418457,0.2,1.31,1.58,35.26,22.22,65.77,19.32,12.7,34.72
"VIC","Glenelg",141.667434692383,-38.280647277832,0.2,1.31,1.72,33.42,21.24,61.58,11.56,8.17,18.79
"VIC","Glenelg",141.718215942383,-38.2639350891113,0.2,1.32,1.56,31.58,20.24,57.49,17.8,11.85,31.37
"VIC","Glenelg",141.857879638672,-38.2674942016602,0.2,1.33,1.68,27.7,18.04,49.37,12.9,8.97,21.46
"VIC","Moyne",141.972457885742,-38.3012351989746,0.2,1.34,1.74,24.48,16.14,43,10.39,7.45,16.52
"VIC","Moyne",142.069732666016,-38.361385345459,0.2,1.32,1.78,30.46,19.57,55.38,11.1,7.91,17.78
"VIC","Moyne",142.159042358398,-38.3936805725098,0.2,1.32,1.85,28.47,18.41,51.3,9.6,6.99,14.95
"VIC","Moyne",142.317962646484,-38.3637771606445,0.2,1.33,1.63,25.66,16.73,45.86,13.21,9.15,22.08
"VIC","Moyne",142.368423461914,-38.3553047180176,0.2,1.34,1.79,24.94,16.24,44.78,9.23,6.73,14.36
"VIC","Warrnambool",142.473266601562,-38.4061393737793,0.2,1.34,2.07,25.09,16.43,44.53,6.59,5.07,9.45
"VIC","Warrnambool",142.593643188477,-38.4447784423828,0.2,1.35,3.47,20.98,13.8,37.39,2.68,2.34,3.22
"VIC","Moyne",142.699172973633,-38.5162963867188,0.2,1.34,1.93,24.48,15.99,43.73,8.28,6.17,12.44
"VIC","Moyne",142.760925292969,-38.5590782165527,0.2,1.34,1.7,23.92,15.69,42.45,12.22,8.6,19.92
"VIC","Moyne",142.855392456055,-38.6059112548828,0.2,1.86,3.72,17.83,12.06,30.5,2.8,2.43,3.38
"VIC","Corangamite",142.938079833984,-38.6286964416504,0.2,1.84,2.32,22.31,14.78,39.11,10.13,7.35,15.79
"VIC","Corangamite",143.061187744141,-38.6513214111328,0.2,1.86,4.29,18.07,12.24,30.81,2.37,2.11,2.79
"VIC","Corangamite",143.12614440918,-38.6886444091797,0.2,1.85,3.7,19.61,13.11,34.07,2.9,2.51,3.55
"VIC","Corangamite",143.220077514648,-38.765064239502,0.2,1.85,4.24,21.06,13.89,37.3,2.47,2.18,2.93
"VIC","Corangamite",143.258102416992,-38.7737083435059,0.2,1.84,4.01,23.21,15.07,42.11,2.63,2.3,3.15
"VIC","Colac Otway",143.322082519531,-38.7615127563477,0.2,1.84,3.19,21.44,14.03,38.54,3.68,3.08,4.7
"VIC","Colac Otway",143.442535400391,-38.8025894165039,0.2,1.84,3.06,21.51,14.03,38.88,3.95,3.26,5.15
"VIC","Colac Otway",143.474304199219,-38.8234748840332,0.2,1.85,3.13,20.02,13.15,35.88,3.82,3.17,4.94
"VIC","Colac Otway",143.489456176758,-38.8496475219727,0.2,1.84,3.7,22.61,14.66,41.23,3.01,2.58,3.7
"VIC","Colac Otway",143.561721801758,-38.8537979125977,0.2,1.85,3.47,20.86,13.68,37.41,3.12,2.69,3.83
"VIC","Colac Otway",143.609146118164,-38.8103332519531,0.2,1.85,3.11,19.74,13.05,35,3.54,2.99,4.48
"VIC","Colac Otway",143.670211791992,-38.7791442871094,0.2,1.86,2.87,18.94,12.61,33.25,4.39,3.6,5.78
"VIC","Colac Otway",143.721633911133,-38.7261772155762,0.2,1.87,2.75,17.33,11.7,29.81,4.59,3.72,6.12
"VIC","Colac Otway",143.830795288086,-38.6988716125488,0.2,1.88,3.1,15.22,10.49,25.43,3.55,2.99,4.52
"VIC","Colac Otway",143.908462524414,-38.6325874328613,0.2,1.9,2.75,13.55,9.52,21.99,4.76,3.81,6.48
"VIC","Colac Otway",143.922714233398,-38.6115913391113,0.2,1.9,2.62,13.63,9.57,22.11,5.42,4.27,7.55
"VIC","Surf Coast",144.006912231445,-38.5137557983398,0.2,1.9,2.16,13.32,9.41,21.42,9.95,7.29,15.23
"VIC","Surf Coast",144.112899780273,-38.4712715148926,0.2,1.89,2.29,13.73,9.67,22.17,8.6,6.35,13.13
"VIC","Surf Coast",144.18293762207,-38.4305267333984,0.2,1.89,2.23,14.04,9.86,22.73,9.89,7.18,15.42
"VIC","Surf Coast",144.246520996094,-38.4009552001953,0.2,1.9,2.54,13.67,9.65,21.98,5.72,4.45,8.13
"VIC","Surf Coast",144.299911499023,-38.3594818115234,0.2,1.37,2.15,13.81,9.75,22.2,5.83,4.49,8.45
"VIC","Greater Geelong",144.483413696289,-38.2930297851562,0.2,1.6,2.07,13.37,9.48,21.33,7.45,5.63,11
"VIC","Greater Geelong",144.531326293945,-38.2786865234375,0.2,1.61,2.02,12.76,9.11,20.18,8.23,6.12,12.42
"VIC","Greater Geelong",144.583847045898,-38.2871780395508,0.2,1.61,2.25,12.79,9.12,20.28,5.41,4.28,7.49
"VIC","Greater Geelong",144.711074829102,-38.2048835754395,0.2,1.29,1.64,18.24,12.6,30,11.48,8.18,18.34
"VIC","Greater Geelong",144.672241210938,-38.1073417663574,0.2,1.33,1.69,20.47,13.89,34.52,12.56,8.83,20.46
"VIC","Greater Geelong",144.566375732422,-38.0351142883301,0.2,1.31,1.71,24.64,16.16,43.71,12.1,8.47,19.97
"VIC","Wyndham",144.640426635742,-38.0052757263184,0.2,1.31,1.73,24.61,16.14,43.64,10.87,7.73,17.51
"VIC","Wyndham",144.715637207031,-37.9673156738281,0.2,1.32,1.76,22.15,14.75,38.42,9.67,7,15.22
"VIC","Wyndham",144.800323486328,-37.9226760864258,0.2,1.3,1.76,20.21,13.64,34.43,8.28,6.14,12.57
"VIC","Bayside (Vic.)",144.973785400391,-37.9034385681152,0.2,1.3,1.78,20.11,13.43,34.94,7.72,5.77,11.56
"VIC","Kingston (Vic.)",145.104125976562,-38.0440711975098,0.2,1.32,1.91,17.47,11.92,29.45,6.72,5.15,9.75
"VIC","Mornington Peninsula",145.069442749023,-38.1770629882812,0.2,1.33,1.97,14.61,10.31,23.39,5.58,4.43,7.65
"VIC","Mornington Peninsula",145.028579711914,-38.2162742614746,0.2,1.34,1.94,14.29,10.14,22.69,5.9,4.64,8.21
"VIC","Mornington Peninsula",144.98030090332,-38.2909278869629,0.2,1.35,1.88,13.07,9.43,20.27,6.36,4.93,9.01
"VIC","Mornington Peninsula",144.711502075195,-38.3453521728516,0.2,1.32,2.27,12.5,8.94,19.76,4.08,3.37,5.29
"VIC","Mornington Peninsula",144.799087524414,-38.4085922241211,0.2,1.35,3.12,12.51,8.93,19.81,2.7,2.37,3.22
"VIC","Mornington Peninsula",144.880584716797,-38.4909248352051,0.2,1.35,2.88,12.99,9.23,20.72,3.01,2.59,3.68
"VIC","Mornington Peninsula",144.889007568359,-38.5022506713867,0.2,1.33,2.72,15.44,10.74,25.32,3.38,2.87,4.22
"VIC","Mornington Peninsula",144.935150146484,-38.499584197998,0.2,1.34,2.95,14.3,10.04,23.14,3,2.59,3.66
"VIC","Mornington Peninsula",145.001846313477,-38.4880523681641,0.2,1.34,2.82,13.72,9.67,22.1,3.14,2.7,3.86
"VIC","Bass Coast",145.211959838867,-38.5279922485352,0.2,2.25,2.94,13.93,9.81,22.48,5.88,4.6,8.25
"VIC","Bass Coast",145.113464355469,-38.5205268859863,0.2,2.26,3.34,13.43,9.45,21.71,3.83,3.19,4.91
"VIC","Bass Coast",145.319030761719,-38.5331535339355,0.2,2.26,3.83,13.21,9.33,21.24,3.1,2.67,3.82
"VIC","Bass Coast",145.344192504883,-38.5650634765625,0.2,2.26,4.14,13.38,9.46,21.5,2.68,2.35,3.2
"VIC","Bass Coast",145.450881958008,-38.5514945983887,0.2,2.26,3.56,12.67,8.99,20.26,3.59,3.02,4.57
"VIC","Bass Coast",145.509979248047,-38.5911598205566,0.2,2.27,3.94,11.99,8.57,18.99,2.95,2.55,3.62
"VIC","Bass Coast",145.600509643555,-38.6806640625,0.2,2.27,3.82,12.45,8.84,19.91,3.2,2.73,4
"VIC","Bass Coast",145.620834350586,-38.6789741516113,0.2,2.25,4.52,13.69,9.59,22.33,2.56,2.25,3.04
"VIC","Bass Coast",145.671844482422,-38.6737289428711,0.2,2.26,3.91,13.17,9.28,21.33,3.17,2.71,3.94
"VIC","South Gippsland",145.793563842773,-38.702205657959,0.2,2.28,3.12,11.62,8.32,18.42,4.83,3.88,6.55
"VIC","South Gippsland",145.814971923828,-38.7238578796387,0.2,2.28,3.17,11.64,8.33,18.45,4.68,3.77,6.29
"VIC","South Gippsland",145.868545532227,-38.8068962097168,0.2,2.27,3.32,11.95,8.51,19.06,4.08,3.37,5.33
"VIC","South Gippsland",145.91276550293,-38.9055824279785,0.2,2.25,3.12,13.75,9.61,22.53,4.68,3.8,6.24
"VIC","South Gippsland",145.990966796875,-38.8922653198242,0.2,2.24,2.93,14.84,10.26,24.68,5.66,4.45,7.88
"VIC","South Gippsland",146.011672973633,-38.8788261413574,0.2,2.25,2.83,14.08,9.8,23.17,6.21,4.81,8.83
"VIC","South Gippsland",146.120162963867,-38.8356971740723,0.2,2.27,2.63,12.43,8.82,19.91,7.06,5.4,10.24
"VIC","South Gippsland",146.194381713867,-38.8833122253418,0.2,2.29,2.79,10.41,7.57,16.12,5.86,4.59,8.2
"VIC","South Gippsland",146.262420654297,-38.9875793457031,0.2,2.28,3.65,11.24,8.09,17.64,3.22,2.76,3.99
"VIC","South Gippsland",146.313919067383,-39.0818901062012,0.2,2.26,2.92,12.65,8.96,20.29,4.67,3.82,6.12
"VIC","South Gippsland",146.323608398438,-39.0979347229004,0.2,2.25,2.91,13.47,9.47,21.87,4.73,3.87,6.19
"VIC","Unincorporated Vic",146.365310668945,-39.1418838500977,0.2,2.21,3.64,20.16,13.41,35.27,3.98,3.29,5.15
"VIC","South Gippsland",146.425231933594,-39.1314163208008,0.2,2.2,2.95,21.26,13.98,37.87,6.38,4.96,9.02
"VIC","South Gippsland",146.476226806641,-39.0241432189941,0.2,2.19,3.3,24.72,15.91,45.41,3.48,2.93,4.4
"VIC","South Gippsland",146.483413696289,-39.0663795471191,0.2,2.2,4.08,22.81,14.84,41.27,2.32,2.07,2.72
"VIC","South Gippsland",146.450546264648,-38.9980163574219,0.2,2.18,3.01,26.08,16.66,48.39,4.65,3.78,6.19
"VIC","South Gippsland",146.461624145508,-38.9421501159668,0.2,2.18,3.31,27.94,17.7,52.44,3.39,2.85,4.33
"VIC","Unincorporated Vic",146.514770507812,-38.9172515869141,0.2,2.18,2.4,28.26,17.9,53.01,13.84,9.9,21.72
"VIC","Wellington",146.535461425781,-38.7930603027344,0.2,2.16,2.38,34.47,21.47,65.8,13.94,9.93,22.02
"VIC","Wellington",146.522018432617,-38.7835998535156,0.2,2.16,2.31,35.59,22.01,68.65,17,11.73,28.11
"VIC","Wellington",146.433959960938,-38.730281829834,0.2,2.14,2.54,49.38,29.07,102.22,10.63,7.85,16
"VIC","Wellington",147.02409362793,-38.519416809082,0.2,1.26,1.54,13.83,9.86,21.83,9.93,7.3,15.11
"VIC","Wellington",147.07096862793,-38.4757423400879,0.2,1.28,1.55,12.62,9.1,19.61,8.92,6.64,13.36
"VIC","Wellington",147.189910888672,-38.3921127319336,0.2,1.27,1.65,12.94,9.25,20.42,7.33,5.57,10.7
"VIC","Wellington",147.261337280273,-38.3325843811035,0.2,1.26,1.7,14.53,10.15,23.71,6.4,4.96,9.11
"VIC","Wellington",147.33967590332,-38.2696342468262,0.2,1.25,1.71,15.52,10.74,25.65,6.28,4.86,8.95
"VIC","Wellington",147.453384399414,-38.1829528808594,0.2,1.26,1.76,14.34,10.12,23,5.87,4.57,8.3
"VIC","Wellington",147.522064208984,-38.1248092651367,0.2,1.25,1.81,15.39,10.75,25.04,5.47,4.32,7.62
"VIC","Wellington",147.615447998047,-38.0626106262207,0.2,1.23,1.69,18.2,12.35,30.86,6.19,4.82,8.73
"VIC","Wellington",147.695892333984,-38.0107536315918,0.2,1.21,1.72,21.29,14.08,37.52,5.88,4.62,8.19
"VIC","East Gippsland",147.829528808594,-37.9416542053223,0.2,1.2,1.87,25.55,16.39,47.05,4.97,4,6.71
"VIC","East Gippsland",147.875839233398,-37.9240379333496,0.2,1.2,1.9,25.96,16.63,47.95,4.85,3.91,6.5
"VIC","East Gippsland",148.034805297852,-37.877140045166,0.2,1.2,1.91,25.87,16.55,47.9,4.92,3.97,6.6
"VIC","East Gippsland",148.155181884766,-37.8430023193359,0.2,1.2,1.85,23.76,15.39,43.23,5.21,4.17,7.06
"VIC","East Gippsland",148.258483886719,-37.8193511962891,0.2,1.2,1.88,24.48,15.81,44.68,5.21,4.17,7.06
"VIC","East Gippsland",148.356628417969,-37.8117446899414,0.2,1.21,1.9,23.13,15.05,41.84,5.26,4.21,7.14
"VIC","East Gippsland",148.521102905273,-37.804370880127,0.2,1.2,1.93,24.4,15.77,44.46,5.6,4.43,7.72
"VIC","East Gippsland",148.585525512695,-37.8069458007812,0.2,1.2,1.94,23.6,15.28,42.96,5.63,4.46,7.76
"VIC","East Gippsland",148.72981262207,-37.8159523010254,0.2,1.18,2.01,30.52,19.22,57.51,5.96,4.66,8.37
"VIC","East Gippsland",148.786849975586,-37.7952995300293,0.2,1.2,2.14,23.4,15.25,42.11,5.39,4.27,7.45
"VIC","East Gippsland",148.886962890625,-37.7905311584473,0.2,1.22,2.21,19.92,13.28,34.72,4.97,3.99,6.73
"VIC","East Gippsland",149.046005249023,-37.7861557006836,0.2,1.22,2.18,20.92,13.94,36.4,5.43,4.31,7.47
"VIC","East Gippsland",149.16242980957,-37.7828369140625,0.2,1.63,2.64,20.44,13.7,35.24,5.21,4.17,7.08
"VIC","East Gippsland",149.273971557617,-37.8057403564453,0.2,1.61,2.77,26.14,16.97,47.04,4.69,3.81,6.24
"VIC","East Gippsland",149.366806030273,-37.7815475463867,0.2,1.63,2.61,21.34,14.25,36.95,5.24,4.18,7.13
"VIC","East Gippsland",149.426132202148,-37.7818412780762,0.2,1.62,2.75,22.06,14.69,38.34,4.63,3.77,6.15
"VIC","East Gippsland",149.480285644531,-37.7810363769531,0.2,1.62,2.65,22.34,14.8,39.13,4.98,4,6.7
"VIC","East Gippsland",149.494430541992,-37.7751312255859,0.2,1.62,2.43,22.96,15.19,40.23,6,4.68,8.45
"VIC","East Gippsland",149.602462768555,-37.7272529602051,0.2,1.62,2.52,22.55,14.94,39.5,5.14,4.1,7.02
"VIC","East Gippsland",149.671539306641,-37.6921310424805,0.2,1.62,3.28,22.87,15.13,40.07,3.02,2.6,3.69
"VIC","East Gippsland",149.713882446289,-37.6465682983398,0.2,1.62,2.76,22.25,14.78,38.8,3.85,3.22,4.93
"VIC","East Gippsland",149.721771240234,-37.6194801330566,0.2,1.63,2.98,21.42,14.29,37.16,3.37,2.87,4.21
"VIC","East Gippsland",149.768264770508,-37.5742301940918,0.2,1.63,2.35,21.22,14.19,36.63,5.44,4.31,7.5
"TAS","Huon Valley",146.70002746582,-43.6302795410156,0.2,1.43,1.93,20.65,13.62,36.67,9.27,6.81,14.17
"TAS","Huon Valley",146.725952148438,-43.6302185058594,0.2,1.45,1.87,18.56,12.47,32.09,8.59,6.4,12.89
"TAS","Huon Valley",146.823883056641,-43.6396865844727,0.2,1.47,2.66,15.21,10.54,25.11,4.46,3.63,5.92
"TAS","Huon Valley",146.83642578125,-43.6413917541504,0.2,1.47,2.31,15.33,10.65,25.18,6.38,4.94,9.07
"TAS","Huon Valley",146.875350952148,-43.6377182006836,0.2,1.48,2.52,14.36,10.1,23.15,4.8,3.88,6.43
"TAS","Huon Valley",146.65266418457,-43.6085815429688,0.2,1.42,1.93,24.06,15.48,44.3,8.62,6.41,12.97
"TAS","Huon Valley",146.925216674805,-43.5979690551758,0.2,1.48,3.74,13.87,9.8,22.22,2.23,1.99,2.6
"TAS","Huon Valley",146.024490356445,-43.5679931640625,0.2,1.39,4.7,36.51,23.2,66.91,2.21,1.99,2.55
"TAS","Huon Valley",146.041366577148,-43.5667343139648,0.2,1.36,1.69,53.59,32.09,106.95,18.52,12.46,31.9
"TAS","Huon Valley",146.100540161133,-43.5627288818359,0.2,1.38,1.88,41.94,25.84,80.67,9.62,7.04,14.82
"TAS","Huon Valley",146.117294311523,-43.5540924072266,0.2,1.37,1.62,49.99,29.88,100.49,18.88,12.62,32.93
"TAS","Huon Valley",146.204208374023,-43.5411643981934,0.2,1.37,3.2,45.91,27.64,91.6,3.31,2.79,4.2
"TAS","Huon Valley",146.289398193359,-43.5471343994141,0.2,1.37,2.2,47.91,28.29,98.79,5.73,4.53,7.91
"TAS","Huon Valley",146.330108642578,-43.5856704711914,0.2,1.39,3.46,36.6,22.49,71.34,2.73,2.41,3.23
"TAS","Huon Valley",146.375564575195,-43.5824508666992,0.2,1.38,2.32,39.65,23.74,80.69,5.85,4.64,8.03
"TAS","Huon Valley",146.386032104492,-43.586597442627,0.2,1.38,2.63,37.77,22.74,76.39,3.83,3.19,4.92
"TAS","Huon Valley",146.461120605469,-43.5462989807129,0.2,1.39,1.78,33.35,20.43,65.89,10.56,7.65,16.47
"TAS","Huon Valley",146.527770996094,-43.5751419067383,0.2,1.4,3.68,31.15,19.25,60.76,2.68,2.34,3.24
"TAS","Huon Valley",146.597885131836,-43.5658683776855,0.2,1.44,1.96,20.25,13.41,35.72,6.34,4.92,9.01
"TAS","Huon Valley",146.925354003906,-43.5755615234375,0.2,1.48,2.31,14.07,9.93,22.62,4.6,3.75,6.08
"TAS","Huon Valley",146.02912902832,-43.5403099060059,0.2,1.37,1.98,44.39,27.49,84.25,8.59,6.41,12.85
"TAS","Huon Valley",146.963455200195,-43.5297203063965,0.2,1.47,1.66,14.5,10.18,23.43,14.15,9.84,23.34
"TAS","Kingborough",147.287857055664,-43.5285034179688,0.2,1.47,3.59,14.72,10.29,23.99,2.76,2.4,3.34
"TAS","Kingborough",147.299224853516,-43.5296592712402,0.2,1.43,2.98,21.6,14.26,38.15,3.87,3.23,4.97
"TAS","Huon Valley",145.998428344727,-43.4649772644043,0.2,1.38,2.17,39.65,24.94,73.69,7.28,5.58,10.46
"TAS","Huon Valley",146.991561889648,-43.4864807128906,0.2,1.47,1.72,14.92,10.42,24.29,12.69,8.97,20.46
"TAS","Kingborough",147.1865234375,-43.4901275634766,0.2,1.47,2.34,15.5,10.74,25.58,5.32,4.23,7.29
"TAS","Kingborough",147.331878662109,-43.4914779663086,0.2,1.43,2.77,21.78,14.26,39.03,3.61,3.04,4.57
"TAS","Huon Valley",145.960891723633,-43.4287185668945,0.2,1.37,2.52,44.8,27.64,85.64,4.73,3.85,6.25
"TAS","Huon Valley",147.029708862305,-43.4380493164062,0.2,1.47,1.92,15.22,10.59,24.94,7.16,5.51,10.27
"TAS","Kingborough",147.205184936523,-43.4563064575195,0.2,1.47,1.73,15.55,10.77,25.69,11.93,8.52,18.94
"TAS","Kingborough",147.349029541016,-43.4391441345215,0.2,1.43,2.07,21.46,14.09,38.34,6.62,5.17,9.26
"TAS","Huon Valley",145.957672119141,-43.4231262207031,0.2,1.48,2.82,14.13,9.94,22.79,3.45,2.93,4.31
"TAS","Huon Valley",147.029922485352,-43.4311828613281,0.2,1.47,1.76,15.54,10.78,25.57,9.68,7.14,14.67
"TAS","Kingborough",147.169281005859,-43.4217338562012,0.2,1.46,1.51,16.12,11.11,26.79,15.24,10.54,25.28
"TAS","Kingborough",147.381912231445,-43.3907890319824,0.2,1.43,2.7,21.51,14.12,38.44,3.41,2.89,4.27
"TAS","Huon Valley",145.953216552734,-43.3851013183594,0.2,1.48,2.46,14.42,10.08,23.54,3.88,3.27,4.87
"TAS","Kingborough",147.100143432617,-43.3887329101562,0.2,1.46,1.6,16.74,11.47,28.05,14.04,9.82,22.9
"TAS","Kingborough",147.174331665039,-43.3735466003418,0.2,1.46,1.68,16.7,11.45,27.94,13.74,9.65,22.27
"TAS","Kingborough",147.388381958008,-43.3743095397949,0.2,1.43,2.59,21.66,14.21,38.7,3.83,3.2,4.91
"TAS","West Coast",145.860122680664,-43.3240089416504,0.2,1.37,3.64,47.66,29.16,92.14,2.93,2.52,3.6
"TAS","West Coast",145.872009277344,-43.3267440795898,0.2,1.36,3.6,54.48,32.68,108.24,3.18,2.7,3.97
"TAS","Huon Valley",147.072708129883,-43.332218170166,0.2,1.46,1.98,16.99,11.62,28.54,7.72,5.87,11.25
"TAS","Kingborough",147.175140380859,-43.3535766601562,0.2,1.46,1.64,16.96,11.6,28.47,15.3,10.62,25.22
"TAS","Kingborough",147.387649536133,-43.3644943237305,0.2,1.43,2.5,21.64,14.2,38.66,4.17,3.44,5.45
"TAS","West Coast",145.809722900391,-43.2847747802734,0.2,1.42,4.66,24.38,16.14,42.51,1.95,1.79,2.18
"TAS","Huon Valley",147.145385742188,-43.2968673706055,0.2,1.45,1.58,17.43,11.88,29.44,14.57,10.22,23.6
"TAS","Kingborough",147.343643188477,-43.2917823791504,0.2,1.43,1.8,22.13,14.47,39.72,8.09,6.22,11.5
"TAS","West Coast",145.810775756836,-43.2693901062012,0.2,1.51,4.68,11.16,8.15,17.1,1.92,1.76,2.14
"TAS","Kingborough",147.368865966797,-43.2646980285645,0.2,1.43,1.86,22.34,14.59,40.18,8.04,6.14,11.58
"TAS","Kingborough",147.424240112305,-43.2564239501953,0.2,1.43,1.78,22.39,14.61,40.3,12.14,8.68,19.21
"TAS","Tasman",147.774551391602,-43.2328567504883,0.2,1.43,3.4,21.91,14.36,39.19,2.78,2.42,3.35
"TAS","Tasman",147.796905517578,-43.2448196411133,0.2,1.42,3.5,24,15.48,43.93,2.68,2.35,3.2
"TAS","West Coast",145.780456542969,-43.2245597839355,0.2,1.5,2.36,12.03,8.77,18.37,4.36,3.59,5.67
"TAS","Kingborough",147.43603515625,-43.2273254394531,0.2,1.43,1.67,22.21,14.52,39.9,14.12,9.93,22.83
"TAS","Tasman",147.715576171875,-43.1994171142578,0.2,1.43,3.13,22.49,14.66,40.57,2.9,2.52,3.52
"TAS","Tasman",147.862182617188,-43.2088279724121,0.2,1.42,2.39,24.69,15.87,45.46,5.22,4.15,7.15
"TAS","Tasman",147.872680664062,-43.2120361328125,0.2,1.42,2.33,24.5,15.77,45,5.7,4.49,7.93
"TAS","Tasman",147.958618164062,-43.2214050292969,0.2,1.41,3.6,25.5,16.31,47.27,2.67,2.34,3.2
"TAS","Tasman",147.998931884766,-43.2302474975586,0.2,1.41,2.56,25.73,16.45,47.72,4.59,3.76,5.99
"TAS","West Coast",145.754043579102,-43.1833763122559,0.2,1.37,2.79,43.5,26.76,83.68,3.45,2.94,4.29
"TAS","Kingborough",147.433731079102,-43.2078018188477,0.2,1.43,1.67,22.15,14.48,39.77,13.27,9.44,21.09
"TAS","Tasman",147.696899414062,-43.1781997680664,0.2,1.43,3,22.13,14.47,39.74,3.11,2.67,3.84
"TAS","Tasman",148.010375976562,-43.2168273925781,0.2,1.39,2.83,34.55,21.25,67.52,2.95,2.55,3.61
"TAS","West Coast",145.696655273438,-43.1235504150391,0.2,1.34,2.22,73.77,41.83,159.42,6.21,4.88,8.64
"TAS","Kingborough",147.411727905273,-43.1649971008301,0.2,1.43,1.73,22.28,14.55,40.07,10.58,7.81,15.95
"TAS","Tasman",147.666564941406,-43.140209197998,0.2,1.43,2.77,22.26,14.54,40.02,3.6,3.04,4.54
"TAS","Tasman",148.008834838867,-43.1421737670898,0.2,1.39,2.66,34.61,21.28,67.7,3.72,3.1,4.79
"TAS","West Coast",145.685073852539,-43.112190246582,0.2,1.47,2.44,15.38,10.8,24.76,4.04,3.38,5.14
"TAS","Kingborough",147.404937744141,-43.1275825500488,0.2,1.43,1.99,22.14,14.48,39.76,6.9,5.31,9.86
"TAS","Tasman",147.647872924805,-43.0914535522461,0.2,1.43,1.64,22.49,14.66,40.56,16.71,11.41,28.21
"TAS","Tasman",148.007949829102,-43.133716583252,0.2,1.39,2.75,33.4,20.63,64.92,3.3,2.8,4.14
"TAS","West Coast",145.647384643555,-43.0529747009277,0.2,1.51,2.32,11.41,8.35,17.38,4.35,3.61,5.59
"TAS","Clarence",147.42106628418,-43.0523529052734,0.2,1.43,1.66,22.35,14.59,40.24,15.36,10.64,25.41
"TAS","Tasman",147.63232421875,-43.0770645141602,0.2,1.43,1.63,22.63,14.73,40.91,17.38,11.77,29.72
"TAS","Tasman",147.969223022461,-43.0835113525391,0.2,1.39,2.62,33.16,20.51,64.29,3.26,2.78,4.05
"TAS","West Coast",145.606002807617,-43.012264251709,0.2,1.47,5.98,15.39,10.84,24.66,1.75,1.62,1.94
"TAS","Kingborough",147.348052978516,-43.0447425842285,0.2,1.43,1.56,21.78,14.26,39.08,16.22,11.2,26.86
"TAS","Clarence",147.474639892578,-43.0356559753418,0.2,1.43,1.62,22.55,14.68,40.75,18.06,12.05,31.67
"TAS","Clarence",147.52082824707,-43.0234298706055,0.2,1.43,1.69,22.43,14.61,40.54,15.23,10.41,25.83
"TAS","Tasman",147.620849609375,-43.0335884094238,0.2,1.42,1.6,23.85,15.37,43.81,19.37,12.91,33.88
"TAS","Tasman",147.953903198242,-43.0417671203613,0.2,1.39,2.08,33.04,20.44,64.01,5.46,4.35,7.42
"TAS","West Coast",145.525390625,-42.9875373840332,0.2,1.34,3.44,89.44,49.11,202.65,2.94,2.53,3.65
"TAS","West Coast",145.598937988281,-42.99365234375,0.2,1.49,6.21,13.09,9.32,20.78,1.64,1.53,1.8
"TAS","Clarence",147.553817749023,-42.989860534668,0.2,1.42,1.66,23.61,15.22,43.38,16.63,11.2,28.86
"TAS","Tasman",147.631622314453,-42.9938316345215,0.2,1.41,1.86,26.39,16.71,49.73,11.25,8.02,18
"TAS","Tasman",147.986022949219,-42.9831314086914,0.2,1.3,2.36,32.62,20.23,63,4.02,3.32,5.26
"TAS","West Coast",145.488647460938,-42.9550094604492,0.2,1.35,4.47,60.76,34.86,130.1,2.02,1.85,2.28
"TAS","Clarence",147.554840087891,-42.9659843444824,0.2,1.41,1.65,25.46,16.19,47.71,16.13,10.9,27.85
"TAS","Tasman",147.632385253906,-42.9556884765625,0.2,1.41,1.59,27.14,17.11,51.5,18.23,12.17,31.94
"TAS","Tasman",148.003829956055,-42.9639625549316,0.2,1.3,2.51,31.79,19.78,61.09,3.62,3.03,4.62
"TAS","West Coast",145.449157714844,-42.9071311950684,0.2,1.48,3.32,14.25,10.19,22.31,2.71,2.39,3.21
"TAS","Clarence",147.537948608398,-42.9388542175293,0.2,1.41,1.62,26.07,16.51,49.15,17.99,11.94,31.88
"TAS","Tasman",147.640472412109,-42.9432792663574,0.2,1.41,1.53,27.71,17.42,52.77,20.63,13.45,37.44
"TAS","Tasman",148.00407409668,-42.916877746582,0.2,1.3,2.65,31.79,19.82,60.85,3.23,2.75,4.03
"TAS","West Coast",145.431121826172,-42.8805046081543,0.2,1.51,3.5,11.02,8.07,16.78,2.45,2.18,2.88
"TAS","Clarence",147.515411376953,-42.879077911377,0.2,1.41,1.67,27.01,17.04,51.19,15.57,10.56,26.75
"TAS","Sorell",147.600143432617,-42.8698997497559,0.2,1.41,1.55,26.97,17.05,50.94,19.32,12.8,34.21
"TAS","Tasman",147.98518371582,-42.8885726928711,0.2,1.3,2.41,31.87,19.89,60.96,3.26,2.8,3.99
"TAS","West Coast",145.415832519531,-42.836971282959,0.2,1.38,4.66,40.7,24.72,80.53,1.97,1.81,2.22
"TAS","Clarence",147.536834716797,-42.8490219116211,0.2,1.41,1.57,25.88,16.44,48.55,18.86,12.5,33.36
"TAS","Clarence",147.579864501953,-42.8435554504395,0.2,1.41,1.6,26.88,16.99,50.79,18.89,12.44,33.82
"TAS","Tasman",147.924240112305,-42.8430862426758,0.2,1.3,2.07,32.42,20.23,61.92,4.65,3.81,6.1
"TAS","West Coast",145.382736206055,-42.7888107299805,0.2,1.34,4.47,84.68,45.89,197.34,2.12,1.91,2.44
"TAS","West Coast",145.376937866211,-42.7676277160645,0.2,1.42,2.83,23.52,15.35,42.22,3.34,2.83,4.21
"TAS","Sorell",147.932952880859,-42.7424583435059,0.2,1.3,1.6,33.03,20.55,63.33,12.09,8.71,18.88
"TAS","West Coast",145.368698120117,-42.7230072021484,0.2,1.38,2.85,37.97,23.19,74.69,3.45,2.92,4.32
"TAS","Glamorgan-Spring Bay",148.006561279297,-42.7278175354004,0.2,1.3,1.96,32.63,20.34,62.43,6.33,4.96,8.83
"TAS","Glamorgan-Spring Bay",148.054504394531,-42.7257995605469,0.2,1.3,2.17,33.54,20.82,64.56,4.51,3.7,5.9
"TAS","Glamorgan-Spring Bay",148.096984863281,-42.7202072143555,0.2,1.29,2.2,34.46,21.31,66.66,4.37,3.59,5.7
"TAS","West Coast",145.331405639648,-42.6594543457031,0.2,1.37,2.09,49.82,29.26,103.55,6.65,5.19,9.31
"TAS","Glamorgan-Spring Bay",148.148025512695,-42.669303894043,0.2,1.29,2.78,36.04,22.13,70.42,2.89,2.51,3.51
"TAS","West Coast",145.32160949707,-42.6448287963867,0.2,1.52,2.91,10.53,7.76,15.9,2.92,2.55,3.52
"TAS","Glamorgan-Spring Bay",148.169342041016,-42.6512565612793,0.2,1.29,2.76,37.07,22.66,72.9,2.99,2.58,3.67
"TAS","West Coast",145.264724731445,-42.6105651855469,0.2,1.43,2.5,20.79,13.75,36.69,4.13,3.4,5.43
"TAS","Glamorgan-Spring Bay",148.160095214844,-42.6400108337402,0.2,1.29,2.57,37.25,22.84,72.83,3.21,2.74,3.97
"TAS","West Coast",145.27473449707,-42.5649108886719,0.2,1.45,2.85,18.07,12.22,30.9,3.37,2.86,4.22
"TAS","Glamorgan-Spring Bay",148.055892944336,-42.579460144043,0.2,1.3,1.57,33.78,21.07,64.36,18.48,12.55,31.29
"TAS","Glamorgan-Spring Bay",148.107009887695,-42.5763397216797,0.2,1.29,2.2,35.23,21.84,67.73,3.98,3.32,5.08
"TAS","Glamorgan-Spring Bay",148.123977661133,-42.5849571228027,0.2,1.29,2.53,35.45,21.95,68.29,3.08,2.66,3.75
"TAS","West Coast",145.262847900391,-42.5347366333008,0.2,2.38,3.37,7.7,5.87,11.17,3.6,3.02,4.58
"TAS","West Coast",145.237335205078,-42.4822196960449,0.2,2.25,3.34,18.56,12.49,31.98,3.87,3.21,5.02
"TAS","Glamorgan-Spring Bay",148.008987426758,-42.5015869140625,0.2,1.3,2.4,33.81,21.1,64.39,2.99,2.59,3.61
"TAS","West Coast",145.231674194336,-42.466968536377,0.2,2.2,3.33,29.11,18.3,55.23,3.96,3.27,5.16
"TAS","Glamorgan-Spring Bay",148.014312744141,-42.4557800292969,0.2,1.29,2.23,34.51,21.47,66.04,3.66,3.09,4.62
"TAS","West Coast",145.232315063477,-42.4186172485352,0.2,2.33,3.16,10.25,7.61,15.32,4.43,3.61,5.88
"TAS","Glamorgan-Spring Bay",148.011306762695,-42.4395561218262,0.2,1.3,2.2,34.34,21.37,65.66,3.89,3.24,4.97
"TAS","West Coast",145.21257019043,-42.3617858886719,0.2,2.28,3.16,13.97,9.78,22.75,4.28,3.5,5.66
"TAS","Glamorgan-Spring Bay",148.015411376953,-42.372974395752,0.2,1.29,2.12,35.75,22.08,69.13,4.55,3.7,6.07
"TAS","West Coast",145.191223144531,-42.3330688476562,0.2,2.14,3.04,74.79,41.21,170.47,5.67,4.49,7.82
"TAS","Glamorgan-Spring Bay",148.02897644043,-42.3470230102539,0.2,1.29,2.1,36.32,22.38,70.48,4.9,3.93,6.65
"TAS","Glamorgan-Spring Bay",148.258193969727,-42.3345336914062,0.2,1.28,2.68,45.44,26.99,93.08,3.09,2.67,3.78
"TAS","Glamorgan-Spring Bay",148.319534301758,-42.3450050354004,0.2,1.27,2.69,47.43,28.05,97.63,3.15,2.7,3.88
"TAS","West Coast",145.176895141602,-42.2989883422852,0.2,2.21,3.12,26.2,16.9,47.73,5.04,4.03,6.86
"TAS","Glamorgan-Spring Bay",148.017181396484,-42.2893524169922,0.2,1.29,1.87,37.48,22.91,73.67,7.03,5.38,10.17
"TAS","Glamorgan-Spring Bay",148.228851318359,-42.3110466003418,0.2,1.27,2.28,46.28,27.3,95.88,4.51,3.73,5.81
"TAS","Glamorgan-Spring Bay",148.330047607422,-42.3185920715332,0.2,1.28,2.79,44.26,26.63,88.58,2.7,2.37,3.22
"TAS","West Coast",145.188659667969,-42.2482681274414,0.2,2.21,3.27,27.58,17.62,50.94,4.4,3.59,5.82
"TAS","Glamorgan-Spring Bay",148.029907226562,-42.2586402893066,0.2,1.29,1.74,39.15,23.71,78.04,9.18,6.78,13.95
"TAS","Glamorgan-Spring Bay",148.251510620117,-42.2540512084961,0.2,1.27,1.55,49.57,28.74,105.59,20.04,13.36,34.92
"TAS","Glamorgan-Spring Bay",148.324981689453,-42.2534446716309,0.2,1.28,2.09,45.09,27.01,90.89,4.41,3.6,5.81
"TAS","West Coast",145.171859741211,-42.2119636535645,0.2,2.33,3.52,9.9,7.38,14.68,3.47,2.93,4.39
"TAS","Glamorgan-Spring Bay",148.071105957031,-42.1934814453125,0.2,1.28,1.92,43.3,25.64,89.49,7.03,5.38,10.18
"TAS","Glamorgan-Spring Bay",148.248123168945,-42.2307014465332,0.2,1.27,1.63,48.78,28.32,103.8,15.23,10.51,25.36
"TAS","Glamorgan-Spring Bay",148.34782409668,-42.2207717895508,0.2,1.27,2.68,46.37,27.61,94.36,2.86,2.48,3.46
"TAS","West Coast",145.199859619141,-42.1949310302734,0.2,2.16,3.08,52.03,30.28,109.62,4.87,3.95,6.49
"TAS","West Coast",145.25276184082,-42.1763648986816,0.2,2.26,2.85,16.64,11.4,27.89,5.36,4.29,7.29
"TAS","Glamorgan-Spring Bay",148.085830688477,-42.1706275939941,0.2,1.28,1.78,43.89,25.9,91.25,9.14,6.8,13.67
"TAS","Glamorgan-Spring Bay",148.254638671875,-42.1658248901367,0.2,1.27,1.51,49.78,28.77,106.64,19.24,12.95,33.04
"TAS","Glamorgan-Spring Bay",148.357803344727,-42.1832542419434,0.2,1.27,3.83,50.2,29.43,104.64,2.08,1.89,2.37
"TAS","West Coast",145.259750366211,-42.1467628479004,0.2,2.32,2.87,10.38,7.64,15.73,5.32,4.24,7.25
"TAS","Glamorgan-Spring Bay",148.082427978516,-42.1415100097656,0.2,1.28,2.75,44.91,26.37,94.05,2.98,2.58,3.64
"TAS","Glamorgan-Spring Bay",148.243194580078,-42.1159973144531,0.2,1.27,1.55,49.39,28.67,105.03,16.93,11.59,28.41
"TAS","Glamorgan-Spring Bay",148.341522216797,-42.1320266723633,0.2,1.27,2.04,50.96,29.75,106.98,4.56,3.71,6.06
"TAS","West Coast",145.255340576172,-42.1075897216797,0.2,2.21,2.83,28.03,17.85,52.02,5.98,4.71,8.28
"TAS","Glamorgan-Spring Bay",148.108413696289,-42.0997619628906,0.2,1.27,1.55,49.6,28.62,106.66,16.68,11.48,27.73
"TAS","Glamorgan-Spring Bay",148.15641784668,-42.0934715270996,0.2,1.27,1.55,51.89,29.76,112.47,17.59,11.99,29.67
"TAS","Glamorgan-Spring Bay",148.218154907227,-42.1014633178711,0.2,1.27,1.55,52.36,30.1,112.95,17.32,11.81,29.25
"TAS","Glamorgan-Spring Bay",148.35368347168,-42.1143798828125,0.2,1.27,2.1,48.58,28.66,100.28,4.89,3.93,6.59
"TAS","West Coast",145.247283935547,-42.0595054626465,0.2,2.27,2.85,15.39,10.73,25.15,5.94,4.67,8.26
"TAS","Glamorgan-Spring Bay",148.329803466797,-42.0832252502441,0.2,1.27,2.03,51.19,29.85,107.57,5.5,4.33,7.64
"TAS","West Coast",145.229965209961,-42.0238990783691,0.2,2.23,3.23,20.64,13.8,35.73,4.49,3.66,5.96
"TAS","Glamorgan-Spring Bay",148.290771484375,-42.0331077575684,0.2,1.27,1.94,51.15,29.82,107.57,5.74,4.51,8.03
"TAS","West Coast",145.205535888672,-41.9772605895996,0.2,2.23,3.2,22.68,14.97,39.95,4.67,3.79,6.23
"TAS","West Coast",145.210815429688,-41.987922668457,0.2,2.2,3.17,30.69,19.41,57.37,4.87,3.93,6.55
"TAS","Glamorgan-Spring Bay",148.293594360352,-41.9944076538086,0.2,1.27,2.06,53.97,31.14,115.31,4.26,3.5,5.58
"TAS","West Coast",145.151718139648,-41.9276809692383,0.2,2.14,3.11,89.14,48.2,207.92,6.25,4.91,8.67
"TAS","Glamorgan-Spring Bay",148.326049804688,-41.9238891601562,0.2,1.26,1.86,63.73,35.77,141.81,6.75,5.21,9.65
"TAS","West Coast",145.123046875,-41.9068222045898,0.2,2.13,4.82,96.1,51.34,228.07,2.57,2.27,3.05
"TAS","Glamorgan-Spring Bay",148.32600402832,-41.9160652160645,0.2,1.26,1.83,60.05,34.06,131.59,7.16,5.48,10.37
"TAS","West Coast",145.065216064453,-41.8570671081543,0.2,2.13,3.29,93.73,50.26,221.26,5.3,4.24,7.18
"TAS","Glamorgan-Spring Bay",148.313522338867,-41.8726387023926,0.2,1.26,2.03,60.63,34.32,133.21,5.33,4.22,7.36
"TAS","Glamorgan-Spring Bay",148.285293579102,-41.8549880981445,0.2,1.26,1.93,64.08,36.01,142.24,6.05,4.7,8.6
"TAS","West Coast",144.993347167969,-41.7665786743164,0.2,2.22,3.18,23.68,15.41,42.74,4.73,3.83,6.32
"TAS","Break O'Day",148.276168823242,-41.7884788513184,0.2,1.25,1.8,73.94,40.58,169.84,6.53,5.1,9.15
"TAS","West Coast",144.968856811523,-41.7353935241699,0.2,2.21,2.72,26.78,17.16,49.33,7.1,5.48,10.08
"TAS","Break O'Day",148.304916381836,-41.7495002746582,0.2,1.25,1.86,68.96,38.27,155.89,6.58,5.11,9.29
"TAS","West Coast",144.913070678711,-41.7110061645508,0.2,2.29,2.86,13.04,9.29,20.68,6.16,4.79,8.71
"TAS","Break O'Day",148.29084777832,-41.712272644043,0.2,1.25,1.94,72.54,40.09,164.73,5.17,4.15,6.98
"TAS","West Coast",144.905609130859,-41.6852493286133,0.2,2.16,2.67,60.02,34.53,128.04,8.87,6.64,13.15
"TAS","Break O'Day",148.295654296875,-41.6715774536133,0.2,1.25,1.98,71.51,39.72,160.97,5.04,4.06,6.78
"TAS","Circular Head",144.895599365234,-41.6370429992676,0.2,2.2,2.73,30.39,19.12,57.41,6.77,5.25,9.57
"TAS","Break O'Day",148.323333740234,-41.622428894043,0.2,1.25,2,67.64,38,149.62,5.1,4.1,6.88
"TAS","Circular Head",144.87744140625,-41.5798988342285,0.2,2.22,2.87,23.95,15.63,42.91,6.16,4.82,8.63
"TAS","Break O'Day",148.323577880859,-41.5981369018555,0.2,1.25,2.37,66.17,37.34,145.35,3.45,2.92,4.35
"TAS","Circular Head",144.852844238281,-41.5486030578613,0.2,2.14,2.73,84.63,46.6,191.41,8.83,6.62,13.07
"TAS","Break O'Day",148.303894042969,-41.5573692321777,0.2,1.25,2.34,66.75,37.63,146.83,3.32,2.84,4.12
"TAS","Circular Head",144.818405151367,-41.5034866333008,0.2,2.17,3.2,46.09,27.62,92.76,5.06,4.05,6.87
"TAS","Break O'Day",148.286987304688,-41.5200653076172,0.2,1.25,2.52,69.14,38.72,153.62,2.87,2.5,3.46
"TAS","Circular Head",144.797225952148,-41.4758071899414,0.2,2.15,2.73,60.93,35.27,128.34,8.15,6.17,11.92
"TAS","Break O'Day",148.269668579102,-41.4799690246582,0.2,1.25,2,68.29,38.33,151.22,4.4,3.61,5.76
"TAS","Circular Head",144.749847412109,-41.4273529052734,0.2,2.16,3.66,60.23,34.84,127.13,3.82,3.18,4.91
"TAS","Break O'Day",148.28434753418,-41.4291572570801,0.2,2.12,2.8,71.75,39.93,160.86,5.46,4.34,7.46
"TAS","Circular Head",144.751449584961,-41.4097518920898,0.2,2.19,2.76,35.02,21.99,65.76,7.61,5.81,11.02
"TAS","Break O'Day",148.297515869141,-41.3928070068359,0.2,2.13,2.81,67.22,37.85,148.13,5.51,4.37,7.56
"TAS","Circular Head",144.760650634766,-41.350212097168,0.2,2.17,2.84,48.17,28.93,96.26,7.11,5.49,10.11
"TAS","Break O'Day",148.308197021484,-41.3584861755371,0.2,2.13,2.87,64.29,36.58,139.34,5.3,4.22,7.28
"TAS","Circular Head",144.714797973633,-41.298942565918,0.2,2.2,2.85,29.43,18.79,54.22,7.13,5.5,10.15
"TAS","Break O'Day",148.335403442383,-41.3010597229004,0.2,2.13,2.73,66.95,37.9,146.1,6.27,4.9,8.8
"TAS","Circular Head",144.707702636719,-41.2828521728516,0.2,2.23,2.88,21.95,14.53,38.55,6.48,5.05,9.11
"TAS","Break O'Day",148.365814208984,-41.2782859802246,0.2,2.13,2.87,65.91,37.35,143.69,5.25,4.21,7.11
"TAS","Circular Head",144.682250976562,-41.2399520874023,0.2,2.26,3.31,16.92,11.59,28.35,4.81,3.87,6.5
"TAS","Break O'Day",148.316146850586,-41.2480316162109,0.2,2.13,4.67,61.57,35.4,131.26,1.93,1.77,2.18
"TAS","Circular Head",144.684188842773,-41.2004814147949,0.2,2.26,3,16.71,11.48,27.9,5.94,4.63,8.39
"TAS","Circular Head",144.669128417969,-41.1608581542969,0.2,2.27,3.02,15.33,10.61,25.35,5.86,4.59,8.22
"TAS","Break O'Day",148.287109375,-41.1660232543945,0.2,2.15,3.44,45.44,27.34,90.81,2.66,2.34,3.16
"TAS","Circular Head",144.661819458008,-41.1233596801758,0.2,2.26,3.2,16.93,11.62,28.26,5.49,4.33,7.63
"TAS","Central Coast (Tas.)",146.15837097168,-41.1372108459473,0.2,2.27,2.64,16.67,11.43,27.91,8.3,6.22,12.37
"TAS","Central Coast (Tas.)",146.198120117188,-41.1493263244629,0.2,2.27,2.72,16.13,11.11,26.87,7.46,5.67,10.88
"TAS","Central Coast (Tas.)",146.2568359375,-41.1485290527344,0.2,2.27,2.63,16.25,11.19,27.04,8.18,6.13,12.15
"TAS","Devonport",146.321304321289,-41.1522064208984,0.2,2.27,2.65,15.87,10.97,26.29,8.02,6.04,11.86
"TAS","Latrobe (Tas.)",146.430786132812,-41.155158996582,0.2,2.28,2.78,15.03,10.48,24.57,6.94,5.32,10.03
"TAS","Latrobe (Tas.)",146.492980957031,-41.1431465148926,0.2,2.28,2.8,15,10.47,24.48,7.06,5.4,10.19
"TAS","Latrobe (Tas.)",146.525863647461,-41.1228256225586,0.2,2.28,2.82,15.47,10.77,25.3,6.9,5.31,9.88
"TAS","Latrobe (Tas.)",146.589111328125,-41.1430435180664,0.2,2.29,2.59,14.28,10.04,23.07,7.87,5.97,11.49
"TAS","Break O'Day",148.282577514648,-41.1071319580078,0.2,2.14,3.85,56.27,32.96,116.53,2.32,2.08,2.69
"TAS","Circular Head",144.664001464844,-41.0789909362793,0.2,2.25,3.02,17.78,12.25,29.38,5.93,4.63,8.32
"TAS","Central Coast (Tas.)",146.043014526367,-41.0946350097656,0.2,2.26,2.8,16.83,11.52,28.25,7.85,5.88,11.74
"TAS","Central Coast (Tas.)",146.093994140625,-41.1137771606445,0.2,2.26,2.75,16.82,11.52,28.23,7.74,5.83,11.46
"TAS","Latrobe (Tas.)",146.640960693359,-41.0928993225098,0.2,2.25,2.76,15.14,10.59,24.6,6.64,5.16,9.35
"TAS","Break O'Day",148.294143676758,-41.0832061767578,0.2,2.14,3.47,54.94,32.29,113.22,2.82,2.46,3.4
"TAS","Circular Head",144.630340576172,-41.0435943603516,0.2,2.24,4.47,19.09,12.99,32.16,2.68,2.34,3.22
"TAS","Burnie",145.97412109375,-41.0647888183594,0.2,2.25,3.02,17.07,11.67,28.67,6.49,4.98,9.42
"TAS","West Tamar",146.705780029297,-41.0612106323242,0.2,2.24,2.76,15.55,10.85,25.3,6.79,5.27,9.58
"TAS","West Tamar",146.720199584961,-41.0631256103516,0.2,2.25,2.74,15.28,10.7,24.76,6.65,5.18,9.34
"TAS","Break O'Day",148.299789428711,-41.0481185913086,0.2,2.14,3.08,53.01,31.35,108.28,3.76,3.14,4.8
"TAS","Circular Head",144.602462768555,-41.0091133117676,0.2,2.23,3.07,22.25,14.92,38.11,6.29,4.89,8.87
"TAS","Waratah-Wynyard",145.83430480957,-41.0343780517578,0.2,2.26,2.65,15.8,10.9,26.24,7.66,5.81,11.21
"TAS","Burnie",145.913665771484,-41.0499877929688,0.2,2.26,3.06,16.71,11.46,28,5.7,4.46,8.02
"TAS","George Town",146.850326538086,-41.0287094116211,0.2,2.25,3,15.19,10.68,24.44,5.22,4.21,6.99
"TAS","George Town",146.880859375,-41.0161895751953,0.2,2.25,2.97,15.39,10.81,24.78,5.55,4.43,7.51
"TAS","Break O'Day",148.353164672852,-40.994701385498,0.2,2.15,2.87,48.15,28.85,96.61,5.23,4.2,7.08
"TAS","Circular Head",144.611099243164,-40.9469757080078,0.2,2.22,4.78,23.71,15.75,41.15,2.69,2.36,3.22
"TAS","Waratah-Wynyard",145.757232666016,-40.9896659851074,0.2,2.26,2.85,16.41,11.28,27.4,6.25,4.85,8.85
"TAS","George Town",147.00080871582,-40.9813957214355,0.2,2.24,4.28,16.14,11.26,26.23,2.56,2.27,3
"TAS","George Town",147.050521850586,-40.9833717346191,0.2,2.24,3.34,15.65,10.96,25.28,3.97,3.33,5.01
"TAS","George Town",147.10888671875,-40.9926414489746,0.2,2.24,2.69,15.9,11.12,25.74,8.52,6.46,12.38
"TAS","George Town",147.168502807617,-41.000904083252,0.2,2.25,3.08,15.5,10.9,24.92,5.02,4.09,6.6
"TAS","Dorset",147.230133056641,-40.9747161865234,0.2,2.24,3.12,15.72,11.04,25.31,5.18,4.21,6.83
"TAS","Dorset",147.39714050293,-40.9836044311523,0.2,2.25,3.86,14.73,10.48,23.24,2.94,2.57,3.54
"TAS","Dorset",147.488128662109,-40.9723701477051,0.2,2.24,3.29,15.73,11.08,25.17,4.25,3.54,5.42
"TAS","Break O'Day",148.352798461914,-40.9916381835938,0.2,2.15,2.89,48.12,28.87,96.3,5.13,4.12,6.92
"TAS","Circular Head",144.626983642578,-40.9217834472656,0.2,2.18,4.43,42.37,25.6,84.42,2.9,2.51,3.51
"TAS","Waratah-Wynyard",145.689300537109,-40.935115814209,0.2,2.27,3.35,15.21,10.56,25.04,4.46,3.61,5.98
"TAS","Waratah-Wynyard",145.72607421875,-40.9378356933594,0.2,2.27,2.86,15.28,10.6,25.18,7.2,5.45,10.63
"TAS","Dorset",147.282119750977,-40.9394226074219,0.2,2.24,3.09,16.81,11.66,27.54,5.43,4.39,7.21
"TAS","Dorset",147.329818725586,-40.9436912536621,0.2,2.24,3.58,15.7,11.05,25.17,3.66,3.11,4.57
"TAS","Dorset",147.349945068359,-40.9411163330078,0.2,2.24,3.52,15.85,11.14,25.48,3.89,3.28,4.9
"TAS","Dorset",147.537063598633,-40.9300727844238,0.2,2.23,3.38,17.17,11.95,27.91,4.28,3.55,5.51
"TAS","Break O'Day",148.306838989258,-40.9382095336914,0.2,2.16,4.51,40.05,24.69,77.13,2,1.83,2.26
"TAS","Circular Head",144.646362304688,-40.8981094360352,0.2,2.18,3.05,39.68,24.03,79.04,5.75,4.56,7.88
"TAS","Waratah-Wynyard",145.581344604492,-40.9089317321777,0.2,2.26,2.7,15.93,10.99,26.44,8.01,6.02,11.86
"TAS","Waratah-Wynyard",145.614685058594,-40.9245758056641,0.2,2.27,2.86,15.53,10.76,25.63,7.06,5.36,10.33
"TAS","Dorset",147.556701660156,-40.8995056152344,0.2,2.23,3.42,17.69,12.27,28.89,4.24,3.51,5.46
"TAS","Dorset",148.261993408203,-40.8855972290039,0.2,2.17,3.5,35.78,22.47,67.07,2.92,2.53,3.53
"TAS","Circular Head",144.696090698242,-40.8595733642578,0.2,2.18,3.13,40,24.38,78.69,5.97,4.68,8.34
"TAS","Circular Head",145.410034179688,-40.8539161682129,0.2,2.25,2.92,17.94,12.16,30.58,6.5,4.99,9.41
"TAS","Circular Head",145.476165771484,-40.8643913269043,0.2,2.26,2.47,16.95,11.58,28.53,11.44,8.2,18.1
"TAS","Circular Head",145.514511108398,-40.8528327941895,0.2,2.26,2.47,17.06,11.65,28.74,11.49,8.24,18.13
"TAS","Dorset",147.594696044922,-40.8484535217285,0.2,2.23,3.51,17.65,12.29,28.64,3.97,3.32,5.07
"TAS","Dorset",147.740966796875,-40.8519058227539,0.2,2.22,2.69,18.74,13.13,29.99,7.18,5.62,9.94
"TAS","Dorset",147.760986328125,-40.8531341552734,0.2,2.22,2.49,18.9,13.23,30.28,9.9,7.41,14.58
"TAS","Dorset",147.860855102539,-40.8730316162109,0.2,2.22,2.97,19.34,13.46,31.24,5.76,4.6,7.78
"TAS","Dorset",147.899719238281,-40.844913482666,0.2,2.21,3.14,20.58,14.22,33.54,5.29,4.26,7.08
"TAS","Dorset",148.210830688477,-40.8399543762207,0.2,2.18,3.36,31.5,20.25,57.08,3.31,2.82,4.11
"TAS","Circular Head",144.69287109375,-40.8074645996094,0.2,2.2,2.87,29.05,18.58,53.38,7.52,5.71,11
"TAS","Circular Head",145.299163818359,-40.8147354125977,0.2,2.24,2.5,18.74,12.61,32.26,11.58,8.21,18.67
"TAS","Circular Head",145.357513427734,-40.8470153808594,0.2,2.25,2.46,17.97,12.17,30.68,13.01,9.08,21.43
"TAS","Dorset",147.636962890625,-40.8108901977539,0.2,2.22,3.35,18.88,13.16,30.49,4.76,3.87,6.31
"TAS","Dorset",147.674896240234,-40.8212509155273,0.2,2.22,2.53,19.51,13.58,31.51,9.66,7.25,14.19
"TAS","Dorset",147.923492431641,-40.8156623840332,0.2,2.21,3.17,20.61,14.25,33.59,5.18,4.18,6.93
"TAS","Dorset",148.176132202148,-40.8186264038086,0.2,2.18,3.03,29.85,19.37,53.34,4.94,4,6.56
"TAS","Circular Head",144.680114746094,-40.7445640563965,0.2,2.18,3.26,39.91,24.25,78.97,7.15,5.44,10.42
"TAS","Circular Head",145.095779418945,-40.7816848754883,0.2,2.23,2.68,21.83,14.31,39.06,7.72,5.8,11.48
"TAS","Circular Head",145.150955200195,-40.7978782653809,0.2,2.23,2.56,20.75,13.71,36.73,9.06,6.68,13.8
"TAS","Circular Head",145.227600097656,-40.7947006225586,0.2,2.24,2.55,19.03,12.76,32.94,9.85,7.18,15.24
"TAS","Circular Head",145.260818481445,-40.762882232666,0.2,2.25,3.82,18.45,12.44,31.64,3.55,2.97,4.54
"TAS","Dorset",147.937637329102,-40.7492599487305,0.2,2.22,3.1,20.05,13.97,32.25,6.1,4.78,8.53
"TAS","Dorset",148.090866088867,-40.7719078063965,0.2,2.2,3.49,23.83,15.83,41.37,3.81,3.2,4.82
"TAS","Circular Head",144.673858642578,-40.7176933288574,0.2,2.29,8.63,13.38,9.47,21.43,1.55,1.46,1.67
"TAS","Circular Head",145.071640014648,-40.7180595397949,0.2,2.23,2.66,22.13,14.62,39.01,7.99,5.99,11.91
"TAS","Dorset",147.945587158203,-40.7393455505371,0.2,2.24,3.87,16.11,11.54,24.99,3.6,3.04,4.52
"TAS","Dorset",147.998031616211,-40.7403450012207,0.2,2.19,3.61,26.29,17.29,46.21,4.69,3.82,6.22
"TAS","Dorset",148.086532592773,-40.7328948974609,0.2,2.21,3.15,21.93,14.65,37.89,5.08,4.1,6.8
"TAS","Circular Head",144.668197631836,-40.6715774536133,0.2,2.18,7.44,37.82,23.13,74.24,1.76,1.63,1.96
"TAS","Circular Head",144.773864746094,-40.6976509094238,0.2,2.23,2.78,21.72,14.19,39.11,7.13,5.44,10.36
"TAS","Circular Head",144.836822509766,-40.6881294250488,0.2,2.24,2.77,20.11,13.38,35.15,7.84,5.9,11.62
"TAS","Circular Head",145.048599243164,-40.685546875,0.2,2.23,2.66,21.78,14.47,38.01,8.19,6.11,12.29
"TAS","Circular Head",144.684814453125,-40.6413726806641,0.2,2.18,3.42,37.69,23.02,74.12,6.14,4.78,8.67
"TAS","Circular Head",144.734970092773,-40.6459159851074,0.2,2.22,3.21,24.06,15.65,43.43,7.51,5.71,10.95
"TAS","Circular Head",144.87516784668,-40.6708221435547,0.2,2.24,2.76,19.13,12.94,32.57,8.53,6.36,12.8
"TAS","Circular Head",144.982803344727,-40.6565856933594,0.2,2.23,2.59,20.78,13.91,35.87,8.99,6.6,13.78
"TAS","Circular Head",144.737701416016,-40.5971183776855,0.2,2.2,2.97,28.62,18.1,53.8,10.18,7.43,15.7
"TAS","Circular Head",144.770690917969,-40.5964431762695,0.2,2.21,2.56,27.33,17.38,50.97,9.41,6.91,14.4
"TAS","Circular Head",144.912780761719,-40.6128616333008,0.2,2.24,2.41,19.74,13.32,33.69,12.59,8.99,19.95
"TAS","Circular Head",144.948745727539,-40.6073684692383,0.2,2.22,2.46,22.85,15.04,40.47,11.73,8.35,18.75
"TAS","Flinders (Tas.)",148.176834106445,-40.5959587097168,0.2,2.22,3.65,20.21,13.73,34.01,5.16,4.15,6.93
"TAS","Flinders (Tas.)",148.200256347656,-40.5891304016113,0.2,2.19,3.94,25.51,16.68,45.34,2.52,2.23,2.99
"TAS","Circular Head",144.675552368164,-40.5673217773438,0.2,2.2,3.32,29.4,18.7,54.54,6.65,5.13,9.51
"TAS","Circular Head",144.779983520508,-40.5709533691406,0.2,2.21,2.56,26.07,16.69,48.2,9.66,7.06,14.88
"TAS","Flinders (Tas.)",148.112411499023,-40.5633201599121,0.2,2.23,4.48,17.29,12.06,28.03,3.64,3.05,4.64
"TAS","Flinders (Tas.)",148.227340698242,-40.5468826293945,0.2,2.17,3.43,34.21,21.7,63.16,3.07,2.64,3.77
"TAS","Circular Head",144.703262329102,-40.5109214782715,0.2,2.2,3.22,29.29,18.6,54.48,7.06,5.39,10.26
"TAS","Circular Head",144.791122436523,-40.5122032165527,0.2,2.22,2.74,25.07,16.19,45.71,7.02,5.37,10.15
"TAS","Flinders (Tas.)",148.098937988281,-40.5235214233398,0.2,2.22,3.41,19.12,13.08,31.88,5.52,4.38,7.56
"TAS","Flinders (Tas.)",148.236694335938,-40.5198822021484,0.2,2.16,3.14,36.89,23.19,68.9,3.66,3.07,4.64
"TAS","Flinders (Tas.)",148.315460205078,-40.5186309814453,0.2,2.15,3.23,44.43,27.19,86.19,3.46,2.94,4.31
"TAS","Flinders (Tas.)",148.353866577148,-40.5163421630859,0.2,2.15,4.67,46.77,28.43,91.59,2.08,1.89,2.38
"TAS","Circular Head",144.706481933594,-40.4838218688965,0.2,2.21,3.3,26.78,17.17,49.21,6.2,4.84,8.73
"TAS","Circular Head",144.85026550293,-40.4683647155762,0.2,2.22,2.42,24.18,15.73,43.6,15.9,10.85,26.95
"TAS","Circular Head",144.891799926758,-40.4872550964355,0.2,2.21,2.39,25.45,16.4,46.52,15.53,10.71,25.87
"TAS","Circular Head",144.935012817383,-40.4715118408203,0.2,2.21,2.54,26.29,16.91,48.1,10.3,7.44,16.19
"TAS","Flinders (Tas.)",148.047439575195,-40.475944519043,0.2,2.21,3.43,22.33,14.98,38.21,5.91,4.64,8.23
"TAS","Flinders (Tas.)",148.053924560547,-40.4809074401855,0.2,2.21,3.4,21.95,14.79,37.34,6.2,4.84,8.7
"TAS","Flinders (Tas.)",148.087585449219,-40.4819755554199,0.2,2.21,3.35,20.63,13.97,34.89,5.74,4.54,7.93
"TAS","Flinders (Tas.)",148.406112670898,-40.480110168457,0.2,2.14,3.49,50.64,30.26,101.79,2.97,2.58,3.58
"TAS","Circular Head",144.792694091797,-40.4443855285645,0.2,2.21,3.2,27.18,17.36,50.26,4.51,3.67,5.98
"TAS","Circular Head",144.837173461914,-40.449146270752,0.2,2.21,2.44,26.1,16.74,48.06,15.39,10.55,25.92
"TAS","Circular Head",144.968170166016,-40.4310569763184,0.2,2.21,2.5,25.63,16.57,46.52,12.32,8.61,20.34
"TAS","Flinders (Tas.)",147.980758666992,-40.4205627441406,0.2,2.2,3.25,22.53,15.05,38.87,6.22,4.85,8.76
"TAS","Flinders (Tas.)",148.474563598633,-40.4437446594238,0.2,2.13,4.55,65.73,37.5,141.54,2.08,1.89,2.37
"TAS","Circular Head",144.84391784668,-40.4292869567871,0.2,2.2,2.86,29.19,18.4,55.1,8.77,6.47,13.4
"TAS","Circular Head",144.970901489258,-40.4216804504395,0.2,2.21,2.54,27.19,17.37,50.29,12.22,8.59,19.98
"TAS","Flinders (Tas.)",147.9794921875,-40.4032287597656,0.2,2.21,3.22,21.32,14.32,36.52,6.39,4.95,9.09
"TAS","Flinders (Tas.)",148.460372924805,-40.4083251953125,0.2,2.15,3.5,49.21,29.35,99.45,2.79,2.42,3.37
"TAS","Circular Head",144.893737792969,-40.386287689209,0.2,2.2,2.91,29.32,18.46,55.46,9.26,6.81,14.16
"TAS","Circular Head",144.950103759766,-40.3884658813477,0.2,2.21,3.93,27.04,17.24,50.21,3.34,2.84,4.18
"TAS","Flinders (Tas.)",148.002624511719,-40.3662147521973,0.2,2.21,3.22,21.5,14.33,37.3,6.49,5.02,9.26
"TAS","Flinders (Tas.)",148.423919677734,-40.3693313598633,0.2,2.16,3.31,39.11,24.14,75.28,3.37,2.86,4.21
"TAS","Flinders (Tas.)",148.006896972656,-40.3459854125977,0.2,2.22,2.89,20.2,13.56,34.75,8.21,6.12,12.31
"TAS","Flinders (Tas.)",148.36750793457,-40.3207015991211,0.2,2.18,3.42,30.34,19.43,55.48,2.87,2.48,3.5
"TAS","Flinders (Tas.)",147.946670532227,-40.276180267334,0.2,2.2,2.79,24.84,16.27,44.11,8.88,6.55,13.55
"TAS","Flinders (Tas.)",148.024673461914,-40.2296142578125,0.2,2.2,2.91,22.65,14.89,40.18,9.87,7.17,15.36
"TAS","Flinders (Tas.)",148.303619384766,-40.2542572021484,0.2,2.19,3.66,27.68,17.94,49.79,2.77,2.41,3.35
"TAS","Flinders (Tas.)",147.987350463867,-40.1960487365723,0.2,2.21,2.9,22.38,14.75,39.55,9.87,7.16,15.41
"TAS","Flinders (Tas.)",148.005523681641,-40.1689033508301,0.2,2.22,2.96,18.59,12.48,32.15,8.56,6.36,12.89
"TAS","Flinders (Tas.)",148.317733764648,-40.1645240783691,0.2,2.2,3.16,23.14,15.43,39.96,3.49,2.95,4.39
"TAS","King Island",143.895416259766,-40.1236953735352,0.2,1.93,3.03,10.79,7.86,16.64,4.08,3.37,5.31
"TAS","King Island",143.947296142578,-40.123161315918,0.2,1.81,2.63,33.37,20.82,63.63,6.98,5.32,10.14
"TAS","King Island",143.980819702148,-40.114086151123,0.2,1.8,2.65,35.6,21.93,69.19,6.87,5.32,9.74
"TAS","Flinders (Tas.)",147.951965332031,-40.0990562438965,0.2,2.21,3.27,22.06,14.49,39.32,6.15,4.84,8.52
"TAS","Flinders (Tas.)",148.005310058594,-40.1181678771973,0.2,2.23,3.58,17.36,11.74,29.75,4.82,3.93,6.33
"TAS","Flinders (Tas.)",148.307266235352,-40.1286659240723,0.2,2.2,3.14,23.5,15.62,40.76,3.53,2.98,4.47
"TAS","King Island",143.863250732422,-40.0790481567383,0.2,1.81,2.66,31.18,19.6,58.85,6.98,5.36,10.05
"TAS","King Island",144.046844482422,-40.0782127380371,0.2,1.79,2.64,38.94,23.49,78.23,5.26,4.19,7.2
"TAS","Flinders (Tas.)",147.892807006836,-40.0879211425781,0.2,2.2,2.96,24.29,15.96,42.97,9.69,7.06,15.02
"TAS","Flinders (Tas.)",148.2958984375,-40.0857315063477,0.2,2.2,3.21,23.22,15.45,40.24,3.33,2.83,4.15
"TAS","King Island",143.860076904297,-40.0594444274902,0.2,1.83,2.7,23.79,15.42,43.22,6.31,4.92,8.88
"TAS","King Island",144.106567382812,-40.0429611206055,0.2,1.78,2.4,49.35,28.62,105.12,9.15,6.79,13.73
"TAS","Flinders (Tas.)",147.846771240234,-40.0310707092285,0.2,2.19,2.89,28.04,18.09,50.82,10.2,7.39,15.92
"TAS","Flinders (Tas.)",148.293029785156,-40.0547065734863,0.2,2.2,3.27,23.37,15.57,40.41,3.15,2.7,3.88
"TAS","King Island",143.882369995117,-39.9975700378418,0.2,1.9,3.09,13.36,9.46,21.41,4.32,3.54,5.68
"TAS","King Island",144.128204345703,-39.9970970153809,0.2,1.77,2.04,58.69,33.07,130.41,21.75,14.34,38.51
"TAS","Flinders (Tas.)",147.855865478516,-40.0175628662109,0.2,2.19,3.12,26.92,17.57,47.86,6.76,5.19,9.71
"TAS","Flinders (Tas.)",148.283706665039,-40.0074615478516,0.2,2.21,3.29,21.19,14.33,35.88,3.03,2.61,3.71
"TAS","King Island",143.853927612305,-39.9506721496582,0.2,1.89,2.77,14.27,10.06,22.96,5.63,4.45,7.79
"TAS","King Island",144.139312744141,-39.9654006958008,0.2,1.76,2.35,67.86,37.43,155.46,9.78,7.28,14.56
"TAS","Flinders (Tas.)",147.798294067383,-39.918342590332,0.2,2.18,2.43,28.41,18.51,50.52,21.23,13.82,38.6
"TAS","Flinders (Tas.)",147.89599609375,-39.9532318115234,0.2,2.19,2.72,25.56,16.87,44.68,12.37,8.68,20.26
"TAS","Flinders (Tas.)",148.263214111328,-39.9630470275879,0.2,2.2,3.68,23.61,15.69,40.92,2.85,2.47,3.47
"TAS","King Island",143.829513549805,-39.9180564880371,0.2,1.89,2.81,13.72,9.69,22.02,5.42,4.3,7.44
"TAS","King Island",144.143463134766,-39.9264678955078,0.2,1.76,2.59,65.98,36.77,148.46,7.04,5.45,9.93
"TAS","Flinders (Tas.)",147.766845703125,-39.9082679748535,0.2,2.18,3,29.52,19.21,52.48,9.2,6.73,14.22
"TAS","Flinders (Tas.)",148.205902099609,-39.9435615539551,0.2,2.2,3.67,23.9,15.85,41.58,2.75,2.4,3.32
"TAS","King Island",143.839248657227,-39.884334564209,0.2,1.96,2.83,9.09,6.79,13.52,5.16,4.14,6.99
"TAS","King Island",144.136596679688,-39.9176254272461,0.2,1.77,2.56,61.59,34.82,135.5,7.46,5.76,10.58
"TAS","Flinders (Tas.)",147.744827270508,-39.8761138916016,0.2,2.18,3.85,30.63,19.8,55,4.19,3.48,5.37
"TAS","Flinders (Tas.)",148.139068603516,-39.9053268432617,0.2,2.2,3.01,23.56,15.65,40.95,4.08,3.38,5.3
"TAS","King Island",143.854507446289,-39.8473930358887,0.2,1.95,2.9,9.45,7,14.2,4.63,3.76,6.16
"TAS","King Island",144.132369995117,-39.8418426513672,0.2,1.77,2.48,63.76,36.11,139.53,7.84,6.04,11.12
"TAS","Flinders (Tas.)",147.771362304688,-39.8409767150879,0.2,2.2,2.84,23.98,16.23,40.21,8,6.01,11.84
"TAS","Flinders (Tas.)",148.091217041016,-39.8570404052734,0.2,2.2,3.05,22.68,15.15,39.11,4.07,3.36,5.29
"TAS","King Island",143.85676574707,-39.7956581115723,0.2,1.9,2.77,12.83,9.09,20.56,5.58,4.4,7.75
"TAS","King Island",144.12744140625,-39.817554473877,0.2,1.77,2.5,62.07,35.27,135.21,7.24,5.66,10.05
"TAS","Flinders (Tas.)",147.811630249023,-39.8306541442871,0.2,2.2,2.89,23.16,15.75,38.63,7.54,5.72,11.03
"TAS","Flinders (Tas.)",148.043655395508,-39.8109970092773,0.2,2.21,3.03,21.7,14.56,37.23,4.15,3.42,5.41
"TAS","King Island",143.844787597656,-39.7591819763184,0.2,1.91,4.59,12.73,9.05,20.29,2.4,2.13,2.82
"TAS","King Island",144.107025146484,-39.7624244689941,0.2,1.76,2.59,64.6,36.56,141.38,5.77,4.6,7.83
"TAS","Flinders (Tas.)",147.84489440918,-39.7629585266113,0.2,2.2,3.45,24.42,16.32,41.88,6.18,4.86,8.56
"TAS","Flinders (Tas.)",148.013427734375,-39.7826461791992,0.2,2.2,3,22.66,15.1,39.24,4.25,3.5,5.55
"TAS","King Island",143.820816040039,-39.6965179443359,0.2,1.84,3.16,23.27,15.61,39.73,4.88,3.92,6.6
"TAS","King Island",144.110992431641,-39.7095756530762,0.2,1.77,2.62,61.92,35.19,134.83,5.37,4.29,7.3
"TAS","Flinders (Tas.)",147.898330688477,-39.7129211425781,0.2,2.21,2.79,21.39,14.5,36.01,9.18,6.89,13.53
"TAS","Flinders (Tas.)",147.947769165039,-39.7199745178223,0.2,2.22,2.76,19.54,13.35,32.64,11.38,8.3,17.43
"TAS","Flinders (Tas.)",147.965942382812,-39.7286834716797,0.2,2.19,2.93,27.59,17.93,49.39,4.92,3.95,6.65
"TAS","King Island",143.838088989258,-39.6834030151367,0.2,1.84,2.79,23.44,15.68,40.18,6.01,4.69,8.45
"TAS","King Island",144.111511230469,-39.6770706176758,0.2,1.77,3.12,60.93,34.7,132.3,3.54,2.98,4.49
"TAS","King Island",143.924285888672,-39.651180267334,0.2,1.83,2.78,26.01,16.97,46.4,5.77,4.54,8.06
"TAS","King Island",144.095275878906,-39.6545829772949,0.2,1.77,3.1,58.11,33.42,124.29,4.33,3.59,5.59
"TAS","King Island",143.921173095703,-39.6032028198242,0.2,1.83,5.18,24.68,16.15,43.94,2.12,1.91,2.43
"TAS","King Island",144.043029785156,-39.6161041259766,0.2,1.78,3.36,50.29,29.8,102.71,4.24,3.48,5.56
"TAS","King Island",143.951919555664,-39.575366973877,0.2,1.79,4.4,44.48,26.83,88.62,2.94,2.54,3.61
"TAS","King Island",143.97900390625,-39.5885543823242,0.2,1.79,3.05,43.69,26.54,86.01,5.08,4.09,6.84
"VIC","South Gippsland",146.421844482422,-39.1332206726074,0.2,2.2,3.44,21.2,13.95,37.72,5.49,4.33,7.62
"VIC","South Gippsland",146.439544677734,-39.1008491516113,0.2,2.2,4.16,22.38,14.6,40.34,2.19,1.97,2.55
"VIC","Unincorporated Vic",146.250122070312,-39.0228652954102,0.2,2.25,3.15,13.63,9.57,22.17,4.57,3.75,5.98
"VIC","Unincorporated Vic",146.224090576172,-38.9649429321289,0.2,2.28,2.96,11.07,7.98,17.32,4.84,3.92,6.45
"VIC","South Gippsland",146.248489379883,-38.9512329101562,0.2,2.29,2.89,10.5,7.64,16.24,4.78,3.9,6.31
"VIC","South Gippsland",145.947830200195,-38.8994636535645,0.2,2.24,2.98,15,10.35,25.01,5.15,4.13,6.97
"VIC","Colac Otway",143.527114868164,-38.8592071533203,0.2,1.86,3.68,18.63,12.38,32.81,2.87,2.48,3.51
"VIC","South Gippsland",145.891571044922,-38.8503303527832,0.2,2.27,3.09,12.28,8.71,19.69,4.9,3.94,6.6
"VIC","South Gippsland",146.166641235352,-38.8644256591797,0.2,2.28,2.73,11.13,8.02,17.44,6.33,4.9,9.01
"VIC","South Gippsland",146.313766479492,-38.8775672912598,0.2,2.17,2.48,30.87,19.22,59.44,12.42,8.81,19.9
"VIC","South Gippsland",146.37321472168,-38.8578033447266,0.2,2.17,2.5,30.08,18.8,57.56,12.06,8.65,18.97
"VIC","South Gippsland",146.484771728516,-38.8814544677734,0.2,2.17,2.34,30.92,19.48,58.16,15.48,10.82,25.15
"VIC","South Gippsland",146.266677856445,-38.8223075866699,0.2,2.17,2.43,32.2,20.27,60.55,17.03,11.59,28.91
"VIC","South Gippsland",146.389358520508,-38.8456001281738,0.2,2.17,2.5,31.1,19.39,59.66,11.98,8.63,18.7
"VIC","Colac Otway",143.380554199219,-38.7705993652344,0.2,1.84,3.41,21.36,13.96,38.48,3.15,2.69,3.9
"VIC","Colac Otway",143.422012329102,-38.7849884033203,0.2,1.86,3.61,17.7,11.82,31.01,2.79,2.43,3.38
"VIC","South Gippsland",145.861663818359,-38.7764129638672,0.2,2.29,3.31,10.59,7.67,16.5,3.97,3.28,5.16
"VIC","South Gippsland",146.223907470703,-38.7741508483887,0.2,2.15,2.39,38.11,23.49,73.67,22.05,14.48,39.27
"VIC","South Gippsland",146.418823242188,-38.8024101257324,0.2,2.15,2.4,41.59,24.95,84.08,15.05,10.51,24.53
"VIC","Corangamite",143.173309326172,-38.7280006408691,0.2,1.87,3.36,16.94,11.5,28.88,3.45,2.9,4.37
"VIC","Colac Otway",143.785034179688,-38.7066078186035,0.2,1.88,3,16.04,10.96,27.13,3.73,3.11,4.79
"VIC","South Gippsland",146.206741333008,-38.7418212890625,0.2,2.15,2.37,41.6,25.3,81.95,26.25,16.85,48.28
"VIC","Wellington",146.462844848633,-38.7444381713867,0.2,2.13,2.43,55.15,32.01,116.33,13.83,9.85,21.87
"VIC","Colac Otway",143.866333007812,-38.6734504699707,0.2,1.89,2.95,14.45,10.04,23.85,4.04,3.32,5.29
"VIC","South Gippsland",145.768341064453,-38.6752052307129,0.2,2.28,3.03,11.51,8.25,18.17,5.16,4.1,7.09
"VIC","South Gippsland",146.262573242188,-38.702880859375,0.2,2.15,2.44,38.58,23.79,74.45,17.02,11.82,27.79
"VIC","South Gippsland",146.317321777344,-38.6941146850586,0.2,2.14,2.47,43.93,26.35,88.5,14.33,10.15,22.82
"VIC","South Gippsland",146.425537109375,-38.7058410644531,0.2,2.14,2.52,44.5,26.65,89.89,11.54,8.4,17.72
"VIC","Wellington",146.637847900391,-38.696403503418,0.2,2.17,3.06,28.81,18.63,51.9,5.18,4.11,7.18
"VIC","Wellington",146.734375,-38.6946296691895,0.2,2.23,2.69,16.33,11.41,26.42,8.95,6.65,13.43
"VIC","Wellington",146.782333374023,-38.6860198974609,0.2,1.24,1.72,17.24,11.91,28.42,8.61,6.44,12.84
"VIC","Corangamite",143.002075195312,-38.6296424865723,0.2,1.85,3.92,20.19,13.5,34.96,2.7,2.36,3.24
"VIC","Bass Coast",145.551666259766,-38.6480751037598,0.2,2.27,3.79,11.74,8.42,18.52,3.12,2.66,3.87
"VIC","Wellington",146.872207641602,-38.6447563171387,0.2,1.2,1.71,25.85,16.58,47.62,7.94,6.02,11.56
"VIC","Moyne",142.796737670898,-38.5771369934082,0.2,1.84,3.42,22.9,15.1,40.42,3.6,3.02,4.58
"VIC","Corangamite",142.901062011719,-38.6155624389648,0.2,1.87,2.45,16.9,11.5,28.69,6.81,5.22,9.85
"VIC","Wellington",146.93049621582,-38.6043281555176,0.2,1.21,1.64,23,15.03,41.26,8.47,6.35,12.53
"VIC","Wellington",146.974472045898,-38.5582618713379,0.2,1.23,1.64,17.55,12.01,29.39,8.25,6.19,12.26
"VIC","Bass Coast",145.148681640625,-38.5175552368164,0.2,2.25,3.25,13.99,9.82,22.7,4.24,3.48,5.55
"VIC","Wellington",146.998046875,-38.5383987426758,0.2,1.25,1.65,15.45,10.81,25.04,8.04,6.05,11.86
"VIC","Moyne",142.64680480957,-38.4789199829102,0.2,1.34,2.4,23.29,15.2,41.83,4.76,3.83,6.42
"VIC","Surf Coast",144.097763061523,-38.4742584228516,0.2,1.9,2.3,13.22,9.36,21.2,8.56,6.3,13.13
"VIC","Wellington",147.049911499023,-38.4927177429199,0.2,1.28,1.55,12.66,9.14,19.63,9.09,6.75,13.64
"VIC","Glenelg",141.558639526367,-38.4331817626953,0.2,1.29,3.46,49.8,29.6,101.23,3,2.57,3.71
"VIC","Surf Coast",144.1611328125,-38.4358596801758,0.2,1.9,2.23,13.65,9.63,21.99,9.81,7.15,15.21
"VIC","Mornington Peninsula",144.849258422852,-38.4480476379395,0.2,1.36,2.84,12.21,8.74,19.26,3.02,2.61,3.69
"VIC","Wellington",147.098709106445,-38.4510116577148,0.2,1.28,1.59,12.71,9.15,19.77,8.09,6.08,11.96
"VIC","Moyne",142.142532348633,-38.3927955627441,0.2,1.32,1.85,31.86,20.33,58.41,9.85,7.15,15.38
"VIC","Moyne",142.209732055664,-38.3974876403809,0.2,1.32,1.64,28.51,18.47,51.25,15.26,10.36,26.25
"VIC","Warrnambool",142.44255065918,-38.3908538818359,0.2,1.34,2.06,24.99,16.23,45.09,6.14,4.78,8.69
"VIC","Warrnambool",142.532409667969,-38.4123992919922,0.2,1.34,2.04,24.28,15.78,43.8,6.45,4.98,9.24
"VIC","Wellington",147.159881591797,-38.413703918457,0.2,1.28,1.64,12.64,9.09,19.76,7.55,5.72,11.09
"VIC","Glenelg",141.650573730469,-38.3856811523438,0.2,1.29,1.81,43.32,26.26,85.64,10.91,7.82,17.29
"VIC","Mornington Peninsula",144.78840637207,-38.361759185791,0.2,1.38,1.69,10.74,8,15.89,8.9,6.61,13.38
"VIC","Wellington",147.212829589844,-38.3721466064453,0.2,1.27,1.65,13.13,9.34,20.86,7.16,5.46,10.4
"VIC","Glenelg",141.382507324219,-38.3421783447266,0.2,1.31,1.87,33.6,21.18,62.85,10.63,7.74,16.39
"VIC","Moyne",142.009292602539,-38.324577331543,0.2,1.32,1.73,29.33,18.94,52.91,12.04,8.46,19.69
"VIC","Glenelg",141.795745849609,-38.2637748718262,0.2,1.32,1.62,29.53,19.1,53.1,14.38,9.86,24.35
"VIC","Moyne",141.895767211914,-38.2744064331055,0.2,1.33,1.63,26.67,17.44,47.31,14.13,9.69,23.95
"VIC","Wellington",147.313613891602,-38.292350769043,0.2,1.25,1.71,15.34,10.63,25.34,6.19,4.81,8.78
"VIC","Glenelg",141.286392211914,-38.2221336364746,0.2,1.31,1.93,32.89,20.69,61.84,8.52,6.36,12.72
"VIC","Wellington",147.365676879883,-38.2471771240234,0.2,1.25,1.75,15.48,10.73,25.52,6.09,4.72,8.69
"VIC","Glenelg",141.269760131836,-38.2036285400391,0.2,1.35,2.16,22.13,14.73,38.47,5.19,4.15,7.03
"VIC","Wellington",147.417602539062,-38.2067680358887,0.2,1.25,1.77,15.12,10.55,24.65,5.97,4.64,8.49
"VIC","Glenelg",141.208801269531,-38.1662750244141,0.2,1.32,1.99,31.81,20.1,59.43,7.53,5.72,10.99
"VIC","Wellington",147.474075317383,-38.162956237793,0.2,1.26,1.79,14.28,10.1,22.82,5.66,4.44,7.94
"VIC","Glenelg",141.108062744141,-38.1139183044434,0.2,1.32,1.94,31.55,19.99,58.69,8.02,6.04,11.84
"VIC","Greater Geelong",144.714935302734,-38.134162902832,0.2,1.34,1.65,18.77,12.9,31.05,13.34,9.3,22
"VIC","Mornington Peninsula",145.081008911133,-38.163745880127,0.2,1.33,1.97,14.89,10.47,23.99,5.46,4.35,7.43
"SA","Grant",140.74040222168,-38.0601692199707,0.2,1.34,1.92,22.76,15.21,39.17,6.98,5.39,9.95
"SA","Grant",140.77214050293,-38.0627479553223,0.2,1.31,1.83,32.75,20.7,61.07,9.79,7.15,15.12
"SA","Grant",140.85432434082,-38.0498161315918,0.2,1.34,2.17,25.02,16.4,44.34,5.11,4.11,6.89
"SA","Grant",140.912155151367,-38.0582466125488,0.2,1.33,1.92,25.69,16.78,45.79,7.27,5.53,10.58
"SA","Grant",140.955093383789,-38.0625228881836,0.2,1.31,1.81,32.69,20.56,61.5,10.67,7.65,16.98
"VIC","Glenelg",141.0107421875,-38.069766998291,0.2,1.33,1.86,25.69,16.76,45.85,7.85,5.9,11.66
"VIC","Glenelg",141.052200317383,-38.088062286377,0.2,1.32,1.82,30.74,19.53,56.96,9.99,7.25,15.57
"VIC","Wellington",147.582229614258,-38.0834007263184,0.2,1.24,1.7,17.22,11.81,28.8,6.08,4.75,8.56
"SA","Grant",140.5830078125,-38.033863067627,0.2,1.31,3.58,34.13,21.5,63.86,2.61,2.3,3.1
"SA","Grant",140.631912231445,-38.0421752929688,0.2,1.36,2.71,19.6,13.17,33.73,3.37,2.87,4.19
"VIC","Kingston (Vic.)",145.088943481445,-38.0244255065918,0.2,1.32,1.9,17.94,12.19,30.42,6.8,5.2,9.89
"VIC","Wellington",147.637832641602,-38.044059753418,0.2,1.22,1.7,19.17,12.9,32.93,6.07,4.74,8.51
"SA","Grant",140.501113891602,-37.987247467041,0.2,1.35,2.38,21.15,14.38,35.45,4.28,3.56,5.48
"SA","Grant",140.524429321289,-37.9978141784668,0.2,1.36,2.49,19.29,13.23,32.01,3.95,3.31,5.03
"SA","Grant",140.429992675781,-37.9360847473145,0.2,1.37,2.75,18.21,12.57,29.99,3.41,2.92,4.21
"VIC","Wyndham",144.773010253906,-37.9353256225586,0.2,1.3,1.78,21.24,14.24,36.5,8.26,6.12,12.53
"VIC","Bayside (Vic.)",144.991851806641,-37.947208404541,0.2,1.31,1.84,19.75,13.25,34.1,8.09,6.01,12.23
"SA","Grant",140.370849609375,-37.9024505615234,0.2,1.36,3.26,19.77,13.59,32.63,2.84,2.5,3.38
"VIC","East Gippsland",147.893478393555,-37.9159851074219,0.2,1.19,1.91,26.96,17.19,50.07,4.77,3.85,6.4
"SA","Grant",140.36296081543,-37.8788871765137,0.2,1.39,3.38,14.81,10.47,23.6,2.67,2.37,3.13
"VIC","East Gippsland",148.105895996094,-37.8565101623535,0.2,1.2,1.85,25.32,16.25,46.62,5.18,4.15,7.01
"VIC","East Gippsland",148.20671081543,-37.8326759338379,0.2,1.2,1.88,24.47,15.79,44.74,5.2,4.17,7.05
"SA","Grant",140.326446533203,-37.8215484619141,0.2,1.39,5.34,14.76,10.55,23.08,1.84,1.71,2.03
"VIC","East Gippsland",148.314437866211,-37.8126602172852,0.2,1.2,1.88,24.26,15.69,44.18,5.27,4.21,7.15
"VIC","East Gippsland",148.414672851562,-37.8078994750977,0.2,1.21,1.93,23.16,15.06,41.93,5.2,4.17,7.04
"VIC","East Gippsland",148.627105712891,-37.814079284668,0.2,1.19,1.94,28.4,18.03,53,5.98,4.69,8.37
"VIC","East Gippsland",148.685501098633,-37.8060111999512,0.2,1.2,1.97,24.25,15.68,44.2,6.01,4.69,8.43
"VIC","East Gippsland",148.844741821289,-37.7903251647949,0.2,1.21,2.16,22.06,14.51,39.2,5.36,4.25,7.39
"VIC","East Gippsland",149.202941894531,-37.7846832275391,0.2,1.62,3.03,21.6,14.39,37.55,3.69,3.1,4.66
"VIC","East Gippsland",149.285018920898,-37.8005218505859,0.2,1.61,2.63,24.64,16.13,43.82,5.18,4.13,7.08
"SA","Grant",140.317901611328,-37.7939872741699,0.2,1.4,3.4,14,9.92,22.34,2.58,2.3,3.02
"VIC","East Gippsland",148.474594116211,-37.8038063049316,0.2,1.21,1.94,22.27,14.58,39.9,5.32,4.24,7.26
"VIC","East Gippsland",148.576080322266,-37.8049087524414,0.2,1.21,1.92,22.8,14.86,41.09,5.82,4.57,8.1
"VIC","East Gippsland",148.945434570312,-37.7836303710938,0.2,1.21,2.15,21.87,14.46,38.49,5.47,4.33,7.56
"VIC","East Gippsland",148.998153686523,-37.7844581604004,0.2,1.21,2.16,22.3,14.73,39.26,5.44,4.3,7.51
"VIC","East Gippsland",149.103958129883,-37.7829399108887,0.2,1.21,2.2,21.56,14.34,37.54,5.26,4.2,7.18
"SA","Wattle Range",140.281753540039,-37.7494964599609,0.2,1.38,3.12,15.86,11.29,24.89,3.03,2.63,3.64
"VIC","East Gippsland",149.590057373047,-37.7298011779785,0.2,1.62,2.6,21.94,14.57,38.31,4.76,3.85,6.38
"SA","Wattle Range",140.263427734375,-37.7113876342773,0.2,1.41,2.8,13.28,9.62,20.43,3.36,2.89,4.12
"SA","Wattle Range",140.215057373047,-37.6637725830078,0.2,1.36,2.65,18.79,13.04,30.59,3.88,3.27,4.88
"SA","Wattle Range",140.162246704102,-37.6170768737793,0.2,1.36,2.61,18.8,13.03,30.67,4.16,3.46,5.31
"SA","Wattle Range",140.13639831543,-37.5949974060059,0.2,1.43,3.18,11.59,8.49,17.57,2.88,2.52,3.44
"VIC","East Gippsland",149.841262817383,-37.5509033203125,0.2,1.63,2.31,20.49,13.74,35.28,6.01,4.69,8.47
"VIC","Unincorporated Vic",149.903854370117,-37.5688209533691,0.2,1.63,2.42,20.84,13.97,35.9,6,4.72,8.34
"SA","Wattle Range",140.121139526367,-37.5391845703125,0.2,1.44,2.25,10.61,7.88,15.79,4.9,4,6.43
"VIC","East Gippsland",149.93977355957,-37.5252494812012,0.2,1.63,2.3,20.28,13.67,34.6,5.55,4.38,7.68
"SA","Wattle Range",140.065521240234,-37.5013771057129,0.2,1.41,2.22,13.14,9.51,20.2,5.19,4.2,6.89
"VIC","Bega Valley",149.979309082031,-37.5064086914062,0.2,1.64,2.96,18.52,12.71,30.76,3.29,2.8,4.09
"SA","Wattle Range",139.950042724609,-37.4479713439941,0.2,1.42,2.39,12.42,9.1,18.75,4.36,3.61,5.61
"NSW","Bega Valley",149.979293823242,-37.4584083557129,0.2,1.64,2.71,17.98,12.36,29.82,3.24,2.73,4.1
"SA","Wattle Range",139.912963867188,-37.4064483642578,0.2,1.43,2.33,11.08,8.22,16.49,5.08,4.11,6.75
"NSW","Bega Valley",149.966171264648,-37.4288520812988,0.2,1.65,2.6,17.42,12.03,28.7,3.19,2.71,4.02
"SA","Wattle Range",139.891525268555,-37.3818130493164,0.2,1.44,2.41,10.68,7.91,15.97,4.35,3.61,5.59
"NSW","Bega Valley",149.957244873047,-37.3762359619141,0.2,1.65,3.43,16.98,11.78,27.83,2.16,1.94,2.51
"NSW","Bega Valley",149.980178833008,-37.325008392334,0.2,1.65,2.83,16.45,11.46,26.8,2.97,2.54,3.69
"NSW","Bega Valley",149.968536376953,-37.3025817871094,0.2,1.65,2.64,16.27,11.35,26.43,3.01,2.58,3.75
"NSW","Bega Valley",150.048004150391,-37.2452239990234,0.2,1.65,3.16,16.48,11.51,26.67,2.46,2.17,2.93
"NSW","Bega Valley",150.03337097168,-37.2239723205566,0.2,1.66,2.82,16.17,11.33,26.09,2.75,2.39,3.35
"SA","Robe",139.739883422852,-37.1650085449219,0.2,1.8,2.84,8.96,6.8,12.97,4.78,3.9,6.29
"NSW","Bega Valley",150.023971557617,-37.1834716796875,0.2,1.66,3.14,15.66,11.03,25.07,2.38,2.11,2.81
"SA","Robe",139.747909545898,-37.153434753418,0.2,1.8,2.7,9.2,6.97,13.31,5.3,4.26,7.11
"NSW","Bega Valley",149.985443115234,-37.1308708190918,0.2,1.66,2.77,15.09,10.7,23.92,2.94,2.52,3.64
"SA","Robe",139.742889404297,-37.0785598754883,0.2,1.8,3.43,9.01,6.87,12.92,3.33,2.86,4.09
"SA","Robe",139.734085083008,-37.0505256652832,0.2,1.82,2.78,8.23,6.31,11.74,5.05,4.08,6.75
"NSW","Bega Valley",149.942672729492,-37.0398750305176,0.2,1.67,3.35,14.26,10.2,22.34,2.2,1.97,2.56
"SA","Kingston (SA)",139.690048217773,-36.9901237487793,0.2,1.83,2.81,7.93,6.12,11.19,4.9,3.97,6.53
"NSW","Bega Valley",149.936935424805,-37.0071754455566,0.2,1.67,2.92,14.23,10.19,22.24,2.64,2.3,3.19
"NSW","Bega Valley",149.943054199219,-36.950023651123,0.2,1.67,2.9,14.08,10.1,21.93,2.62,2.28,3.16
"SA","Kingston (SA)",139.687896728516,-36.9373512268066,0.2,1.92,2.86,5.56,4.46,7.45,3.44,2.93,4.27
"NSW","Bega Valley",149.938751220703,-36.9044761657715,0.2,1.67,3.34,14.21,10.17,22.24,2.18,1.96,2.52
"SA","Kingston (SA)",139.751434326172,-36.9028358459473,0.2,1.95,4.25,5.13,4.16,6.79,2.35,2.11,2.72
"SA","Kingston (SA)",139.796524047852,-36.8766288757324,0.2,1.96,4.27,4.89,3.99,6.43,2.32,2.08,2.67
"SA","Kingston (SA)",139.82112121582,-36.8556785583496,0.2,1.97,4.28,4.81,3.94,6.31,2.31,2.08,2.66
"NSW","Bega Valley",149.933685302734,-36.8700866699219,0.2,1.67,2.94,14.33,10.25,22.44,2.48,2.19,2.94
"SA","Kingston (SA)",139.839019775391,-36.8294143676758,0.2,1.98,4.33,4.72,3.87,6.17,2.27,2.04,2.61
"NSW","Bega Valley",149.947814941406,-36.8517150878906,0.2,1.67,2.94,14.12,10.12,22.01,2.53,2.23,3.01
"SA","Kingston (SA)",139.852264404297,-36.7863502502441,0.2,1.98,2.53,4.68,3.84,6.09,3.3,2.84,4.04
"NSW","Bega Valley",149.974624633789,-36.7799644470215,0.2,1.67,2.78,14.58,10.41,22.89,2.73,2.39,3.29
"SA","Kingston (SA)",139.858383178711,-36.74951171875,0.2,1.99,2.47,4.55,3.75,5.89,3.34,2.87,4.08
"NSW","Bega Valley",149.989532470703,-36.7394943237305,0.2,1.66,3.05,14.56,10.4,22.84,2.37,2.11,2.77
"SA","Kingston (SA)",139.854141235352,-36.6967544555664,0.2,1.99,2.71,4.59,3.79,5.93,3.12,2.71,3.78
"NSW","Bega Valley",150.001571655273,-36.6849975585938,0.2,1.65,3.08,14.91,10.61,23.48,2.34,2.09,2.72
"SA","Kingston (SA)",139.844863891602,-36.6574974060059,0.2,1.99,2.86,4.59,3.79,5.93,3.01,2.62,3.62
"NSW","Bega Valley",150.015930175781,-36.6494674682617,0.2,1.65,2.65,15.17,10.77,24.01,3,2.59,3.65
"SA","Kingston (SA)",139.830047607422,-36.6085319519043,0.2,1.99,3.01,4.53,3.74,5.83,2.87,2.52,3.43
"NSW","Bega Valley",150.035064697266,-36.616138458252,0.2,1.65,3.06,14.95,10.65,23.51,2.37,2.12,2.76
"SA","Kingston (SA)",139.821029663086,-36.5684852600098,0.2,2.01,3.31,4.35,3.62,5.56,2.63,2.32,3.09
"NSW","Bega Valley",150.059936523438,-36.5766220092773,0.2,1.65,2.81,14.92,10.64,23.42,2.7,2.37,3.22
"SA","Kingston (SA)",139.803558349609,-36.5380020141602,0.2,1.99,3.25,4.6,3.8,5.94,2.71,2.39,3.2
"NSW","Bega Valley",150.06852722168,-36.5477447509766,0.2,1.65,2.78,14.9,10.63,23.37,2.75,2.4,3.3
"SA","Kingston (SA)",139.791915893555,-36.4919242858887,0.2,2.01,3.21,4.38,3.64,5.6,2.72,2.39,3.22
"NSW","Bega Valley",150.063095092773,-36.4972381591797,0.2,1.65,3.02,15.27,10.85,24.08,2.41,2.14,2.84
"SA","Kingston (SA)",139.775497436523,-36.4551124572754,0.2,2.03,3.03,4.14,3.47,5.24,2.83,2.48,3.37
"NSW","Bega Valley",150.081558227539,-36.442684173584,0.2,1.65,2.72,15.22,10.82,23.99,2.81,2.45,3.38
"SA","Kingston (SA)",139.756973266602,-36.4185371398926,0.2,2.02,2.93,4.25,3.55,5.4,2.84,2.49,3.38
"SA","Kingston (SA)",139.731491088867,-36.3667602539062,0.2,2.02,3.03,4.25,3.55,5.4,2.8,2.46,3.33
"NSW","Eurobodalla",150.091186523438,-36.3569068908691,0.2,1.65,2.92,15.77,11.17,25,2.6,2.29,3.08
"SA","Kingston (SA)",139.714538574219,-36.3330459594727,0.2,2.02,2.93,4.24,3.55,5.39,2.89,2.53,3.45
"NSW","Eurobodalla",150.136993408203,-36.3149375915527,0.2,1.65,2.64,15.32,10.89,24.13,3.17,2.73,3.91
"SA","Kingston (SA)",139.683654785156,-36.2842216491699,0.2,2.01,3.02,4.31,3.59,5.49,2.84,2.49,3.38
"NSW","Eurobodalla",150.148056030273,-36.2723121643066,0.2,1.65,2.58,15.01,10.72,23.5,3.25,2.78,4.02
"NSW","Eurobodalla",150.148941040039,-36.2385597229004,0.2,1.66,2.55,14.66,10.52,22.79,3.23,2.77,4
"SA","Coorong",139.628814697266,-36.1987915039062,0.2,2.01,3.45,4.35,3.63,5.55,2.53,2.25,2.97
"NSW","Eurobodalla",150.134841918945,-36.1971473693848,0.2,1.65,2.95,14.97,10.71,23.35,2.58,2.27,3.08
"NSW","Eurobodalla",150.13459777832,-36.165225982666,0.2,1.65,2.74,15.19,10.84,23.76,2.9,2.51,3.53
"SA","Coorong",139.571441650391,-36.1088409423828,0.2,2.01,4.94,4.37,3.63,5.59,1.9,1.74,2.13
"NSW","Eurobodalla",150.140396118164,-36.108341217041,0.2,1.65,2.85,14.97,10.71,23.35,2.7,2.36,3.24
"SA","Kangaroo Island",136.905456542969,-36.0443840026855,0.2,2.24,3.04,12.13,8.8,18.67,6.93,5.3,10.03
"SA","Kangaroo Island",136.928207397461,-36.0405349731445,0.2,2.24,3.55,12.24,8.87,18.9,4.13,3.42,5.36
"SA","Kangaroo Island",137.016082763672,-36.029296875,0.2,2.24,4,12.32,8.91,19.07,3.18,2.73,3.91
"SA","Kangaroo Island",137.049743652344,-36.0282287597656,0.2,2.24,3.89,12.15,8.82,18.7,3.57,3.01,4.5
"SA","Kangaroo Island",137.123550415039,-36.0327224731445,0.2,2.24,2.94,11.95,8.69,18.35,7.27,5.59,10.39
"SA","Kangaroo Island",137.13444519043,-36.034538269043,0.2,2.24,2.83,11.88,8.67,18.13,7.92,6.04,11.44
"SA","Kangaroo Island",137.426620483398,-36.0531272888184,0.2,2.26,2.84,10.78,7.98,16.12,7.63,5.86,10.92
"SA","Kangaroo Island",137.475936889648,-36.0683212280273,0.2,1.76,2.22,11.54,8.48,17.44,7.51,5.86,10.45
"SA","Kangaroo Island",137.515167236328,-36.0489692687988,0.2,1.77,3,10.9,8.08,16.27,4.38,3.6,5.74
"SA","Kangaroo Island",137.568801879883,-36.0300827026367,0.2,1.77,3.21,10.79,8,16.07,3.7,3.12,4.67
"NSW","Eurobodalla",150.143844604492,-36.0624465942383,0.2,1.64,3.07,14.93,10.69,23.27,2.4,2.14,2.83
"SA","Kangaroo Island",136.690704345703,-36.0229301452637,0.2,2.26,2.92,10.52,7.77,15.85,6.95,5.41,9.76
"SA","Kangaroo Island",136.73811340332,-36.0450325012207,0.2,2.25,3.36,11.84,8.63,18.13,4.98,4.03,6.63
"SA","Kangaroo Island",136.788467407227,-36.0343894958496,0.2,2.25,2.64,11.67,8.55,17.72,8.29,6.34,11.87
"SA","Kangaroo Island",136.846450805664,-36.0241584777832,0.2,2.25,2.71,11.54,8.48,17.45,8.48,6.44,12.27
"SA","Kangaroo Island",137.273880004883,-35.9951553344727,0.2,2.26,2.75,10.82,8.01,16.19,6.94,5.46,9.55
"SA","Kangaroo Island",137.32177734375,-35.9999389648438,0.2,2.3,2.85,8.77,6.69,12.57,8.04,6.04,11.93
"SA","Kangaroo Island",137.382507324219,-36.0181884765625,0.2,2.26,3.06,10.56,7.84,15.73,5.98,4.74,8.21
"SA","Kangaroo Island",137.603118896484,-36.0112037658691,0.2,1.77,3.05,10.69,7.93,15.92,4.09,3.4,5.27
"NSW","Eurobodalla",150.156890869141,-36.0260467529297,0.2,1.64,3.23,14.89,10.67,23.2,2.27,2.03,2.65
"SA","Kangaroo Island",136.633361816406,-35.9650650024414,0.2,2.27,3.15,10.1,7.5,15.08,6.64,5.11,9.56
"SA","Kangaroo Island",137.626693725586,-35.9808921813965,0.2,1.78,2.68,10.35,7.73,15.28,4.66,3.81,6.1
"NSW","Eurobodalla",150.16096496582,-35.9916725158691,0.2,1.64,3.16,14.86,10.65,23.1,2.33,2.08,2.72
"SA","Kangaroo Island",136.578521728516,-35.9429016113281,0.2,2.29,3.47,9.28,6.99,13.59,4.33,3.57,5.65
"SA","Kangaroo Island",137.603698730469,-35.9404640197754,0.2,1.78,2.38,10.38,7.75,15.32,5.84,4.63,8.02
"SA","Coorong",139.421813964844,-35.9398231506348,0.2,1.98,4.87,4.64,3.83,6,1.91,1.76,2.14
"NSW","Eurobodalla",150.163665771484,-35.9351654052734,0.2,1.64,2.79,14.78,10.6,22.97,2.76,2.41,3.33
"SA","Kangaroo Island",136.536087036133,-35.896728515625,0.2,1.95,3.17,8.46,6.47,12.11,3.66,3.1,4.59
"SA","Kangaroo Island",137.677032470703,-35.8850936889648,0.2,1.79,2.04,9.76,7.35,14.22,8.6,6.63,12.12
"SA","Kangaroo Island",137.725204467773,-35.8824005126953,0.2,1.79,2.14,9.73,7.33,14.17,7.63,5.96,10.57
"SA","Kangaroo Island",137.788360595703,-35.8557510375977,0.2,1.79,2.85,9.65,7.28,14.04,4.05,3.37,5.2
"SA","Kangaroo Island",137.871337890625,-35.8728942871094,0.2,1.79,2.66,9.62,7.26,13.98,4.83,3.95,6.35
"SA","Kangaroo Island",137.88493347168,-35.8728485107422,0.2,1.79,2.65,9.65,7.29,14.03,4.96,4.03,6.56
"SA","Kangaroo Island",137.96125793457,-35.8787040710449,0.2,1.79,2.88,9.4,7.12,13.6,4.17,3.46,5.39
"SA","Kangaroo Island",138.001083374023,-35.8967895507812,0.2,1.79,2.85,9.35,7.09,13.53,4.15,3.44,5.34
"SA","Kangaroo Island",138.052825927734,-35.8993873596191,0.2,1.79,2.64,9.74,7.34,14.17,4.86,3.97,6.39
"SA","Kangaroo Island",138.082214355469,-35.8790435791016,0.2,1.79,2.81,9.61,7.25,13.96,3.99,3.33,5.1
"SA","Coorong",139.373916625977,-35.8965225219727,0.2,1.97,4.65,4.75,3.91,6.17,2,1.83,2.27
"NSW","Eurobodalla",150.189926147461,-35.8637771606445,0.2,1.64,2.68,14.65,10.52,22.71,2.99,2.58,3.66
"SA","Kangaroo Island",138.135406494141,-35.8457832336426,0.2,1.76,3.05,11.3,8.29,17.11,4.11,3.38,5.36
"SA","Coorong",139.319274902344,-35.8516044616699,0.2,1.96,4.28,4.91,4.03,6.38,2.18,1.97,2.5
"NSW","Eurobodalla",150.194900512695,-35.8571395874023,0.2,1.64,2.69,14.69,10.55,22.8,2.98,2.57,3.64
"SA","Kangaroo Island",136.559677124023,-35.8249588012695,0.2,1.96,4.5,8.16,6.24,11.7,2.24,2.03,2.55
"SA","Kangaroo Island",138.12907409668,-35.8107795715332,0.2,1.77,2.51,11.11,8.17,16.78,5.36,4.24,7.41
"SA","Coorong",139.272583007812,-35.809326171875,0.2,1.96,4.68,4.93,4.04,6.43,2.02,1.84,2.29
"NSW","Eurobodalla",150.236907958984,-35.8035354614258,0.2,1.64,2.72,14.42,10.39,22.28,2.88,2.5,3.5
"SA","Kangaroo Island",136.564651489258,-35.7734603881836,0.2,1.96,4.4,8.08,6.19,11.54,2.5,2.22,2.92
"SA","Kangaroo Island",138.073806762695,-35.774959564209,0.2,1.76,2.06,11.24,8.24,17.06,9,6.76,13.23
"SA","Coorong",139.215682983398,-35.7648048400879,0.2,1.96,4.8,4.94,4.04,6.44,2,1.82,2.26
"NSW","Eurobodalla",150.236831665039,-35.7761192321777,0.2,1.64,2.86,14.56,10.47,22.55,2.66,2.33,3.18
"SA","Kangaroo Island",136.588409423828,-35.7481994628906,0.2,1.97,3.44,7.79,6,11.06,2.61,2.3,3.09
"SA","Kangaroo Island",136.626861572266,-35.7417831420898,0.2,2.32,4.14,7.73,5.96,10.95,2.31,2.07,2.68
"SA","Kangaroo Island",138.066772460938,-35.7513809204102,0.2,1.77,2.58,11.14,8.14,17.01,4.43,3.61,5.87
"SA","Yankalilla",138.176651000977,-35.6691741943359,0.2,1.8,2.41,9.32,7.04,13.56,5.72,4.58,7.69
"SA","Yankalilla",138.198532104492,-35.6705513000488,0.2,1.8,2.42,9.22,6.98,13.37,6.2,4.88,8.57
"SA","Coorong",139.162200927734,-35.7285499572754,0.2,1.94,4.15,5.29,4.3,6.96,2.35,2.1,2.74
"NSW","Eurobodalla",150.282455444336,-35.7173690795898,0.2,1.64,3.34,14.24,10.27,21.97,2.22,2,2.56
"SA","Kangaroo Island",136.706756591797,-35.725227355957,0.2,2.33,3.25,7.5,5.81,10.55,3.39,2.9,4.2
"SA","Kangaroo Island",136.731002807617,-35.7152709960938,0.2,2.33,4.81,7.42,5.76,10.41,2,1.83,2.25
"SA","Kangaroo Island",136.78987121582,-35.6979751586914,0.2,2.34,4.47,7.22,5.63,10.06,2.18,1.97,2.5
"SA","Kangaroo Island",137.616470336914,-35.674991607666,0.2,2.22,2.91,14.34,10.07,23.19,5.67,4.54,7.63
"SA","Kangaroo Island",137.649337768555,-35.6554565429688,0.2,2.22,2.86,14.39,10.1,23.29,5.81,4.64,7.85
"SA","Kangaroo Island",137.763717651367,-35.7223281860352,0.2,2.23,2.98,13.19,9.39,20.95,4.83,3.96,6.29
"SA","Kangaroo Island",137.775573730469,-35.7165031433105,0.2,2.23,2.98,13.09,9.33,20.74,4.75,3.91,6.17
"SA","Kangaroo Island",137.890029907227,-35.723461151123,0.2,1.75,2.74,11.98,8.66,18.55,4.37,3.61,5.64
"SA","Kangaroo Island",137.907119750977,-35.714672088623,0.2,1.76,2.7,11.4,8.31,17.46,4.38,3.62,5.66
"SA","Kangaroo Island",137.988906860352,-35.7158203125,0.2,1.78,2.79,10.19,7.57,15.23,4.12,3.41,5.32
"SA","Kangaroo Island",138.013977050781,-35.7265586853027,0.2,1.77,2.42,10.91,8,16.58,4.61,3.78,6.03
"SA","Yankalilla",138.130722045898,-35.6500282287598,0.2,1.81,2.42,8.74,6.67,12.54,5.38,4.32,7.25
"SA","Yankalilla",138.246475219727,-35.6603355407715,0.2,1.81,2.5,8.63,6.59,12.35,5.33,4.27,7.22
"SA","Yankalilla",138.312057495117,-35.6453323364258,0.2,1.83,2.75,8,6.19,11.26,4.33,3.56,5.66
"SA","Yankalilla",138.3759765625,-35.6453437805176,0.2,1.82,2.9,8.06,6.22,11.35,4.21,3.47,5.47
"SA","Yankalilla",138.414459228516,-35.6428642272949,0.2,1.82,2.65,8.04,6.21,11.33,4.42,3.64,5.74
"SA","Victor Harbor",138.478042602539,-35.6393089294434,0.2,1.84,2.74,7.64,5.94,10.69,4.23,3.5,5.46
"SA","Victor Harbor",138.513809204102,-35.6463623046875,0.2,1.85,2.72,7.33,5.73,10.16,4.26,3.53,5.51
"SA","Coorong",139.103012084961,-35.6852188110352,0.2,1.93,3.97,5.35,4.34,7.06,2.5,2.22,2.94
"NSW","Eurobodalla",150.305648803711,-35.6829795837402,0.2,1.64,3.15,14.15,10.22,21.81,2.35,2.1,2.74
"SA","Kangaroo Island",136.849060058594,-35.6847915649414,0.2,2.34,4.15,7.14,5.58,9.92,2.33,2.09,2.7
"SA","Kangaroo Island",136.900344848633,-35.6795883178711,0.2,2.34,4.79,7.27,5.67,10.14,2.03,1.85,2.29
"SA","Kangaroo Island",136.94677734375,-35.6725311279297,0.2,2.33,4.37,7.42,5.77,10.39,2.24,2.02,2.57
"SA","Kangaroo Island",137.011520385742,-35.6639022827148,0.2,2.33,3.84,7.36,5.73,10.26,2.61,2.31,3.08
"SA","Kangaroo Island",137.058792114258,-35.6631202697754,0.2,2.33,3.44,7.6,5.9,10.65,3.09,2.67,3.76
"SA","Kangaroo Island",137.106231689453,-35.6534042358398,0.2,2.32,3.01,7.79,6.03,10.96,3.93,3.3,4.97
"SA","Kangaroo Island",137.630981445312,-35.6381607055664,0.2,2.22,2.86,14.13,9.93,22.81,5.91,4.69,8.08
"SA","Yankalilla",138.093200683594,-35.6287651062012,0.2,1.81,2.68,8.58,6.54,12.34,4.13,3.43,5.31
"SA","Victor Harbor",138.55793762207,-35.6218681335449,0.2,1.84,2.58,7.51,5.85,10.49,4.39,3.63,5.68
"SA","Coorong",139.046203613281,-35.6484336853027,0.2,1.93,4.33,5.47,4.42,7.25,2.36,2.11,2.76
"NSW","Shoalhaven",150.336212158203,-35.6333694458008,0.2,1.65,3.76,13.93,10.08,21.38,1.99,1.82,2.24
"SA","Kangaroo Island",137.179275512695,-35.6163673400879,0.2,2.29,3.36,8.89,6.77,12.79,3.47,2.95,4.3
"SA","Kangaroo Island",137.632522583008,-35.5992774963379,0.2,2.22,2.47,14.49,10.16,23.52,9.35,6.99,13.88
"NSW","Shoalhaven",150.376419067383,-35.5752372741699,0.2,1.65,2.81,13.94,10.08,21.44,2.78,2.44,3.31
"SA","Kangaroo Island",137.239776611328,-35.6021537780762,0.2,2.28,3.32,9.43,7.1,13.78,3.56,3.02,4.45
"SA","Kangaroo Island",137.285034179688,-35.5917587280273,0.2,2.28,3.53,9.8,7.33,14.46,3.36,2.87,4.15
"SA","Kangaroo Island",137.310577392578,-35.5752601623535,0.2,2.25,3.58,11.22,8.23,17.02,3.44,2.93,4.26
"SA","Kangaroo Island",137.372985839844,-35.5833930969238,0.2,2.25,3.07,11.77,8.55,18.15,4.18,3.48,5.35
"SA","Kangaroo Island",137.425735473633,-35.5836410522461,0.2,2.24,3.16,12.34,8.89,19.25,4.25,3.51,5.49
"SA","Kangaroo Island",137.48600769043,-35.574275970459,0.2,2.24,3.35,12.33,8.87,19.3,3.85,3.22,4.89
"SA","Kangaroo Island",137.555801391602,-35.571605682373,0.2,2.23,3.09,12.78,9.13,20.21,4.72,3.85,6.23
"SA","Kangaroo Island",137.586929321289,-35.5594902038574,0.2,2.23,3.35,13.02,9.27,20.66,4.03,3.35,5.18
"SA","Yankalilla",138.115966796875,-35.5587463378906,0.2,1.8,2.91,9.01,6.75,13.34,3.33,2.84,4.15
"SA","Alexandrina",138.684585571289,-35.5412063598633,0.2,1.85,3.6,7.16,5.6,9.93,2.69,2.36,3.23
"SA","Alexandrina",138.741424560547,-35.5217819213867,0.2,1.87,2.59,6.66,5.25,9.12,3.97,3.32,5.04
"NSW","Shoalhaven",150.421203613281,-35.5334854125977,0.2,1.65,2.78,13.49,9.8,20.58,2.83,2.48,3.4
"SA","Yankalilla",138.144882202148,-35.5329360961914,0.2,1.8,2.91,9.24,6.88,13.83,3.31,2.82,4.12
"NSW","Shoalhaven",150.419357299805,-35.5245475769043,0.2,1.65,2.62,13.44,9.77,20.51,3.04,2.62,3.7
"SA","Yankalilla",138.167190551758,-35.5175514221191,0.2,1.79,2.97,9.35,6.94,14.06,3.15,2.7,3.88
"SA","Yankalilla",138.272125244141,-35.4736175537109,0.2,1.8,2.7,8.95,6.67,13.38,3.78,3.15,4.84
"NSW","Shoalhaven",150.401947021484,-35.463996887207,0.2,1.65,2.7,13.62,9.89,20.81,2.8,2.44,3.37
"SA","Yankalilla",138.296783447266,-35.4467391967773,0.2,1.8,2.88,8.98,6.68,13.43,3.43,2.91,4.3
"NSW","Shoalhaven",150.448516845703,-35.4087524414062,0.2,1.68,2.87,13.56,9.85,20.72,2.68,2.36,3.19
"SA","Yankalilla",138.328460693359,-35.4014854431152,0.2,1.81,2.91,8.68,6.5,12.91,3.38,2.87,4.22
"NSW","Shoalhaven",150.472244262695,-35.379711151123,0.2,1.68,2.91,13.47,9.79,20.59,2.65,2.34,3.12
"SA","Yankalilla",138.377059936523,-35.3707275390625,0.2,1.81,2.88,8.57,6.42,12.71,3.45,2.93,4.33
"NSW","Shoalhaven",150.476806640625,-35.3392028808594,0.2,1.68,2.64,13.37,9.73,20.38,2.93,2.54,3.56
"SA","Yorke Peninsula",136.892074584961,-35.2995147705078,0.2,2.33,3.47,7.58,5.87,10.67,4.15,3.44,5.34
"SA","Yorke Peninsula",136.94612121582,-35.2843360900879,0.2,2.32,2.95,7.88,6.06,11.22,4.9,4.01,6.41
"SA","Onkaparinga",138.437393188477,-35.2955360412598,0.2,1.82,2.23,8.21,6.19,12.07,4.76,3.87,6.3
"NSW","Shoalhaven",150.514236450195,-35.2721939086914,0.2,1.68,2.3,13.6,9.85,20.88,3.81,3.18,4.87
"SA","Yorke Peninsula",136.833374023438,-35.2586517333984,0.2,2.4,3,5.8,4.67,7.76,4.68,3.84,6.11
"SA","Yorke Peninsula",136.983993530273,-35.2511100769043,0.2,2.31,2.91,8.36,6.38,12.03,4.77,3.91,6.22
"SA","Yorke Peninsula",137.068176269531,-35.2329216003418,0.2,2.3,3.23,8.55,6.49,12.39,4.02,3.38,5.08
"SA","Yorke Peninsula",137.108047485352,-35.2438087463379,0.2,2.3,3.06,8.8,6.65,12.83,4.33,3.6,5.54
"SA","Yorke Peninsula",137.158889770508,-35.2424430847168,0.2,2.28,3.12,9.43,7.07,13.9,4.34,3.6,5.57
"SA","Onkaparinga",138.437713623047,-35.2665901184082,0.2,1.82,2.22,8.17,6.16,12,4.8,3.9,6.37
"NSW","Shoalhaven",150.545104980469,-35.2491569519043,0.2,1.68,2.66,13.59,9.85,20.8,3.1,2.69,3.75
"SA","Yorke Peninsula",136.839752197266,-35.2131881713867,0.2,2.4,3.27,5.74,4.63,7.64,4.56,3.73,5.98
"SA","Yorke Peninsula",137.194564819336,-35.2126617431641,0.2,2.28,3.54,9.62,7.2,14.17,3.56,3.03,4.43
"SA","Onkaparinga",138.463119506836,-35.2146835327148,0.2,2.59,3.04,7.85,5.96,11.44,4.6,3.76,6.07
"NSW","Shoalhaven",150.567932128906,-35.2025871276855,0.2,1.68,2.78,13.66,9.89,20.98,2.88,2.53,3.42
"NSW","Unincorp. Other Territories",150.691772460938,-35.2010726928711,0.2,1.69,2.68,13.13,9.54,20.07,3.24,2.81,3.92
"NSW","Unincorp. Other Territories",150.708023071289,-35.1964263916016,0.2,1.69,3.76,12.85,9.37,19.53,2.11,1.92,2.4
"WASouth","Albany",117.603546142578,-35.1297760009766,0.2,1.38,5.12,14.53,10.26,23.25,2.01,1.84,2.28
"WASouth","Albany",117.638542175293,-35.136344909668,0.2,1.37,4.63,15.15,10.65,24.36,2.3,2.06,2.66
"SA","Yorke Peninsula",136.848587036133,-35.1861114501953,0.2,2.36,3.57,6.56,5.18,8.98,3.8,3.19,4.82
"SA","Yorke Peninsula",137.264556884766,-35.1675338745117,0.2,2.28,3.52,9.4,7.05,13.85,3.53,3,4.39
"SA","Yorke Peninsula",137.310241699219,-35.1675987243652,0.2,2.27,3.63,9.9,7.37,14.74,3.36,2.87,4.14
"SA","Yorke Peninsula",137.348373413086,-35.1653175354004,0.2,2.24,3.35,11.89,8.56,18.6,3.68,3.12,4.58
"SA","Yorke Peninsula",137.610473632812,-35.1551742553711,0.2,2.25,3.11,11.82,8.47,18.64,4.22,3.51,5.4
"SA","Yorke Peninsula",137.634674072266,-35.1674423217773,0.2,2.24,3.15,12.34,8.79,19.65,4.21,3.5,5.4
"SA","Yorke Peninsula",137.679443359375,-35.1711044311523,0.2,2.23,3.78,12.85,9.1,20.64,3.16,2.73,3.83
"NSW","Unincorp. Other Territories",150.762313842773,-35.1617126464844,0.2,1.69,3.64,12.63,9.24,19.12,2.09,1.91,2.37
"WASouth","Albany",117.537940979004,-35.0852127075195,0.2,1.38,2.27,13.85,9.83,22.06,4.94,4.02,6.52
"WASouth","Albany",117.644309997559,-35.1269073486328,0.2,1.37,3.34,15.07,10.6,24.25,2.6,2.28,3.12
"WASouth","Albany",117.856033325195,-35.1080741882324,0.2,1.38,2.77,14.52,10.26,23.22,3.84,3.22,4.87
"WASouth","Albany",117.946891784668,-35.1290817260742,0.2,1.37,2.75,15.61,10.97,25.1,4.12,3.44,5.24
"SA","Yorke Peninsula",136.918487548828,-35.1413688659668,0.2,2.36,3.02,6.7,5.27,9.22,4.35,3.59,5.63
"SA","Yorke Peninsula",137.412414550781,-35.1113395690918,0.2,2.25,3.25,11.69,8.42,18.27,3.72,3.15,4.63
"SA","Yorke Peninsula",137.487014770508,-35.1126708984375,0.2,2.25,3.31,11.24,8.13,17.51,3.7,3.14,4.62
"SA","Yorke Peninsula",137.524642944336,-35.1180801391602,0.2,2.25,3.39,11.5,8.28,18,3.58,3.05,4.44
"SA","Yorke Peninsula",137.740158081055,-35.1296997070312,0.2,2.24,3.72,12.35,8.81,19.61,3.15,2.73,3.81
"SA","Onkaparinga",138.462600708008,-35.1263885498047,0.2,2.59,3.48,7.75,5.9,11.25,3.84,3.22,4.89
"NSW","Unincorp. Other Territories",150.775543212891,-35.1180725097656,0.2,1.69,3.6,12.65,9.26,19.16,2.1,1.91,2.39
"WASouth","Manjimup",116.499481201172,-35.039623260498,0.2,1.38,2.13,14.63,10.33,23.42,5.32,4.28,7.12
"WASouth","Manjimup",116.626121520996,-35.0582046508789,0.2,1.38,1.73,13.94,9.86,22.3,8.08,6.12,11.79
"WASouth","Manjimup",116.632537841797,-35.0628356933594,0.2,1.38,1.7,14.55,10.25,23.38,8.84,6.62,13.11
"WASouth","Manjimup",116.657424926758,-35.0581321716309,0.2,1.38,1.63,14.06,9.96,22.42,9.91,7.33,14.91
"WASouth","Denmark",116.862083435059,-35.0571975708008,0.2,1.37,2.28,15.63,10.92,25.42,4.94,4.03,6.51
"WASouth","Denmark",116.911567687988,-35.0656433105469,0.2,1.38,1.85,14.36,10.13,23.05,6.78,5.28,9.51
"WASouth","Denmark",116.92749786377,-35.0664024353027,0.2,1.37,2.77,14.96,10.51,24.11,4.12,3.42,5.31
"WASouth","Denmark",117.01692199707,-35.0369186401367,0.2,1.4,2.11,12.41,8.91,19.45,5.4,4.34,7.24
"WASouth","Denmark",117.070243835449,-35.0396041870117,0.2,1.38,2.26,14.09,9.97,22.53,5.11,4.13,6.81
"WASouth","Denmark",117.12614440918,-35.0523452758789,0.2,1.39,2.09,13.72,9.73,21.87,4.86,3.97,6.38
"WASouth","Albany",117.43677520752,-35.0582695007324,0.2,1.39,3.52,13.54,9.62,21.5,2.73,2.39,3.27
"WASouth","Albany",117.478675842285,-35.0829620361328,0.2,1.41,3.8,11.58,8.39,17.94,2.44,2.17,2.86
"WASouth","Albany",117.654037475586,-35.0811538696289,0.2,1.37,2.28,15.05,10.58,24.23,4.05,3.35,5.26
"WASouth","Albany",117.752479553223,-35.0632133483887,0.2,1.38,2.88,14.18,10.05,22.59,4.28,3.53,5.57
"WASouth","Albany",117.799957275391,-35.0789680480957,0.2,1.38,3.2,14.17,10.05,22.56,3.4,2.9,4.21
"WASouth","Albany",117.998588562012,-35.083553314209,0.2,1.36,1.48,16.48,11.46,26.89,16.77,11.49,28.11
"SA","Yorke Peninsula",136.942672729492,-35.1013793945312,0.2,2.36,3.25,6.55,5.17,8.99,4.06,3.37,5.22
"SA","Yorke Peninsula",137.752334594727,-35.0895500183105,0.2,2.26,3.25,11.08,8.02,17.23,3.88,3.26,4.91
"WASouth","Manjimup",116.492492675781,-35.0378036499023,0.2,1.38,2.2,14.9,10.48,23.95,4.94,4.02,6.52
"WASouth","Denmark",116.80200958252,-35.027214050293,0.2,1.38,1.94,14.25,10.05,22.87,5.68,4.55,7.67
"WASouth","Denmark",117.164962768555,-35.040657043457,0.2,1.37,2.02,15.15,10.61,24.56,6.63,5.21,9.16
"WASouth","Denmark",117.215309143066,-35.0246772766113,0.2,1.42,2.18,11.04,8.06,16.93,5.31,4.27,7.14
"WASouth","Denmark",117.261695861816,-35.0279731750488,0.2,1.39,2.03,13.05,9.31,20.62,5.56,4.46,7.49
"WASouth","Denmark",117.314033508301,-35.0409965515137,0.2,1.39,1.89,13.41,9.56,21.23,5.73,4.57,7.77
"WASouth","Albany",117.37866973877,-35.0329399108887,0.2,1.39,1.99,13.41,9.55,21.24,5.58,4.48,7.5
"WASouth","Albany",118.054786682129,-35.0434722900391,0.2,1.36,1.77,16.23,11.32,26.38,8.14,6.19,11.79
"WASouth","Albany",118.068359375,-35.0635223388672,0.2,1.37,1.86,16.08,11.24,26.05,7.92,6.08,11.29
"SA","Yorke Peninsula",136.928436279297,-35.0313949584961,0.2,2.38,3.05,6.1,4.87,8.23,4.23,3.51,5.45
"SA","Marion",138.500640869141,-35.0439109802246,0.2,2.61,3.29,7.36,5.65,10.56,4.1,3.41,5.27
"NSW","Shoalhaven",150.76676940918,-35.0225372314453,0.2,1.68,2.19,13.23,9.6,20.25,4.93,4.03,6.43
"WASouth","Manjimup",116.441963195801,-34.986400604248,0.2,1.39,2.11,13.37,9.5,21.28,5.32,4.28,7.14
"WASouth","Albany",118.160102844238,-34.9965553283691,0.2,1.41,2.62,11.87,8.69,18.04,4.19,3.46,5.43
"WASouth","Albany",118.208679199219,-35.0000228881836,0.2,1.36,1.81,16.24,11.34,26.35,7.6,5.84,10.85
"SA","Lower Eyre Peninsula",135.93977355957,-34.9993171691895,0.2,1.97,2.79,7.57,5.81,10.83,4.68,3.83,6.12
"SA","Lower Eyre Peninsula",136.003768920898,-34.9874534606934,0.2,1.95,2.61,8.44,6.41,12.25,5,4.09,6.54
"SA","Yorke Peninsula",136.9482421875,-35.0069999694824,0.2,2.35,3.33,6.98,5.47,9.68,3.85,3.23,4.89
"SA","Holdfast Bay",138.505004882812,-34.9957733154297,0.2,2.61,3.35,7.13,5.49,10.15,3.91,3.28,4.98
"NSW","Shoalhaven",150.793502807617,-34.9941062927246,0.2,1.61,2.5,12.84,9.38,19.48,3.63,3.03,4.64
"WASouth","Manjimup",116.376663208008,-34.9477043151855,0.2,1.39,2.18,13,9.27,20.56,4.86,3.96,6.42
"WASouth","Albany",118.245780944824,-34.9216423034668,0.2,1.37,1.77,16.09,11.25,26.03,8.23,6.29,11.8
"WASouth","Albany",118.293395996094,-34.9157218933105,0.2,1.37,1.91,15.91,11.13,25.74,7.55,5.79,10.84
"WASouth","Albany",118.388008117676,-34.9172668457031,0.2,1.37,2.9,16.05,11.22,25.97,4.53,3.71,5.96
"WASouth","Albany",118.43773651123,-34.9264717102051,0.2,1.37,3.23,15.24,10.72,24.48,3.56,3.01,4.45
"SA","Lower Eyre Peninsula",135.62873840332,-34.9475173950195,0.2,1.94,2.95,9.11,6.83,13.46,5.45,4.37,7.34
"SA","Lower Eyre Peninsula",135.686218261719,-34.951774597168,0.2,1.93,2.6,9.34,6.98,13.87,5.24,4.27,6.87
"SA","Lower Eyre Peninsula",135.875335693359,-34.9482650756836,0.2,1.97,2.5,7.69,5.89,11.01,5.42,4.39,7.19
"SA","Lower Eyre Peninsula",136.05680847168,-34.9548683166504,0.2,1.93,2.72,9.66,7.23,14.28,4.59,3.79,5.9
"SA","Yorke Peninsula",136.970291137695,-34.9538307189941,0.2,2.34,3.3,7.1,5.55,9.86,3.76,3.16,4.75
"SA","Yorke Peninsula",137.790176391602,-34.9498023986816,0.2,2.26,2.89,10.59,7.71,16.37,4.56,3.76,5.91
"SA","Charles Sturt",138.493499755859,-34.9453239440918,0.2,2.62,3.07,7.01,5.42,9.95,4.57,3.74,5.97
"NSW","Shoalhaven",150.779983520508,-34.9549674987793,0.2,1.6,2.73,13.18,9.59,20.1,2.85,2.48,3.46
"WASouth","Manjimup",116.278388977051,-34.8926849365234,0.2,1.4,2.33,12.71,9.07,20.13,4.11,3.42,5.27
"WASouth","Manjimup",116.313697814941,-34.9120445251465,0.2,1.4,1.9,12.54,8.96,19.83,5.99,4.74,8.23
"WASouth","Albany",118.473320007324,-34.9040679931641,0.2,1.36,2.07,16.86,11.75,27.39,5.48,4.41,7.35
"SA","Lower Eyre Peninsula",135.60270690918,-34.892707824707,0.2,2.01,4.31,6.45,5.06,8.98,2.54,2.24,2.99
"SA","Lower Eyre Peninsula",135.708190917969,-34.9039306640625,0.2,1.97,2.25,7.7,5.9,11.02,7.34,5.72,10.21
"SA","Lower Eyre Peninsula",135.813537597656,-34.8753776550293,0.2,1.97,2.43,7.64,5.85,10.96,5.48,4.44,7.25
"SA","Lower Eyre Peninsula",135.850769042969,-34.9092292785645,0.2,1.97,2.51,7.61,5.83,10.9,4.92,4.03,6.41
"SA","Lower Eyre Peninsula",136.040588378906,-34.9115982055664,0.2,1.91,2.4,10.65,7.9,15.86,6.14,4.93,8.18
"SA","Yorke Peninsula",137.007171630859,-34.9160041809082,0.2,2.34,3.17,7.09,5.54,9.85,3.8,3.19,4.82
"SA","Yorke Peninsula",137.434066772461,-34.916015625,0.2,2.44,2.97,5.07,4.09,6.78,3.41,2.9,4.24
"SA","Yorke Peninsula",137.805541992188,-34.9134864807129,0.2,2.26,2.88,10.49,7.65,16.16,4.55,3.75,5.88
"SA","Charles Sturt",138.486358642578,-34.9103393554688,0.2,2.62,3.08,6.88,5.33,9.72,4.44,3.65,5.76
"NSW","Shoalhaven",150.770278930664,-34.9090614318848,0.2,1.6,2.61,13.37,9.71,20.44,2.98,2.58,3.65
"WASouth","Manjimup",116.05086517334,-34.8465347290039,0.2,1.38,2.12,13.86,9.78,22.27,5.13,4.14,6.86
"WASouth","Manjimup",116.111457824707,-34.850944519043,0.2,1.39,1.99,13.41,9.51,21.41,5.8,4.61,7.89
"WASouth","Manjimup",116.154434204102,-34.8547859191895,0.2,1.39,2.18,13.41,9.52,21.39,5.02,4.07,6.66
"WASouth","Manjimup",116.210372924805,-34.8674583435059,0.2,1.41,2.29,11.86,8.53,18.56,4.11,3.41,5.27
"WASouth","Albany",118.456573486328,-34.9003067016602,0.2,1.36,1.98,17.25,11.99,28.11,7.04,5.54,9.68
"SA","Lower Eyre Peninsula",135.545608520508,-34.8329162597656,0.2,2.02,4.29,6.19,4.88,8.55,2.61,2.3,3.1
"SA","Yorke Peninsula",137.037017822266,-34.8975028991699,0.2,2.34,2.79,7.08,5.53,9.83,4.34,3.6,5.58
"SA","Yorke Peninsula",137.119888305664,-34.9118118286133,0.2,2.36,3.16,6.68,5.24,9.24,3.54,3,4.43
"SA","Yorke Peninsula",137.17822265625,-34.8988838195801,0.2,2.38,3.41,6.24,4.93,8.57,3.1,2.67,3.78
"SA","Yorke Peninsula",137.205261230469,-34.896785736084,0.2,2.38,3.43,6.15,4.87,8.44,3.07,2.65,3.75
"SA","Yorke Peninsula",137.259643554688,-34.8906936645508,0.2,2.39,3.19,5.91,4.69,8.08,3.22,2.76,3.96
"SA","Yorke Peninsula",137.289123535156,-34.893238067627,0.2,2.4,3.2,5.77,4.59,7.87,3.18,2.73,3.91
"SA","Yorke Peninsula",137.451095581055,-34.8677635192871,0.2,2.44,2.95,5.07,4.09,6.77,3.43,2.92,4.27
"SA","Yorke Peninsula",137.813827514648,-34.8672142028809,0.2,2.27,2.82,10.31,7.54,15.81,4.82,3.94,6.32
"NSW","Shoalhaven",150.753067016602,-34.8636322021484,0.2,1.6,2.24,13.5,9.79,20.69,4.07,3.37,5.28
"WASouth","Manjimup",115.992393493652,-34.8286247253418,0.2,1.45,2.1,12.53,8.97,19.72,5.66,4.49,7.77
"WASouth","Albany",118.413291931152,-34.8083572387695,0.2,1.35,1.93,17.93,12.4,29.43,5.87,4.6,8.19
"SA","Lower Eyre Peninsula",135.501922607422,-34.7913246154785,0.2,2.03,3.93,6.08,4.8,8.36,3.15,2.7,3.91
"SA","Lower Eyre Peninsula",136.003540039062,-34.8275985717773,0.2,1.91,2.17,10.76,7.98,16.05,8.36,6.37,12.04
"SA","Yorke Peninsula",137.45246887207,-34.8243675231934,0.2,2.43,3.46,5.18,4.17,6.94,2.95,2.55,3.59
"SA","Yorke Peninsula",137.853607177734,-34.7996711730957,0.2,2.28,2.83,9.75,7.19,14.77,4.74,3.88,6.19
"SA","Port Adelaide Enfield",138.478958129883,-34.8245964050293,0.2,2.63,3.06,6.7,5.21,9.42,4.53,3.72,5.9
"NSW","Shoalhaven",150.768356323242,-34.8201484680176,0.2,1.6,2.3,13.72,9.92,21.09,3.69,3.1,4.68
"WASouth","Manjimup",115.960182189941,-34.7667274475098,0.2,1.45,2.92,12.88,9.16,20.47,3.15,2.72,3.84
"WASouth","Albany",118.439796447754,-34.7701377868652,0.2,1.35,1.72,17.66,12.24,28.89,8.22,6.26,11.88
"SA","Lower Eyre Peninsula",135.476257324219,-34.7575340270996,0.2,2.04,3.34,5.85,4.64,8.01,3.57,3,4.54
"SA","Lower Eyre Peninsula",136.013534545898,-34.7910461425781,0.2,1.9,2.29,11.37,8.38,17.1,7.06,5.51,9.83
"SA","Yorke Peninsula",137.45524597168,-34.7916793823242,0.2,2.43,3.46,5.18,4.18,6.95,2.93,2.54,3.57
"SA","Yorke Peninsula",137.865936279297,-34.7779502868652,0.2,2.28,2.84,9.6,7.1,14.5,4.73,3.87,6.19
"NSW","Kiama",150.826202392578,-34.774356842041,0.2,1.6,2.48,13.69,9.9,21.07,3.27,2.8,4.03
"WASouth","Manjimup",115.928855895996,-34.7108383178711,0.2,1.46,2.87,11.94,8.56,18.82,3.33,2.84,4.15
"WASouth","Albany",118.513496398926,-34.7271842956543,0.2,1.36,1.79,17.11,11.9,27.84,7.72,5.9,11.1
"WASouth","Albany",118.577919006348,-34.7082405090332,0.2,1.36,1.8,16.52,11.54,26.75,7.75,5.94,11.09
"WASouth","Albany",118.641914367676,-34.6965713500977,0.2,1.37,1.79,15.75,11.07,25.32,7.46,5.79,10.46
"SA","Lower Eyre Peninsula",135.335220336914,-34.7054634094238,0.2,2,3.18,6.91,5.37,9.73,3.75,3.15,4.76
"SA","Lower Eyre Peninsula",135.439056396484,-34.7274475097656,0.2,2.02,3.25,6.22,4.9,8.61,3.93,3.26,5.07
"SA","Port Lincoln",135.892684936523,-34.7439880371094,0.2,1.87,2.06,13.89,9.99,21.59,9.89,7.34,14.82
"SA","Lower Eyre Peninsula",135.999130249023,-34.7331199645996,0.2,1.89,2.25,12.26,8.95,18.67,7.21,5.63,10.04
"SA","Yorke Peninsula",137.474060058594,-34.7379150390625,0.2,2.44,3.47,5.05,4.08,6.75,2.92,2.53,3.55
"SA","Yorke Peninsula",137.876220703125,-34.7336845397949,0.2,2.29,2.85,9.19,6.84,13.74,4.72,3.87,6.18
"SA","Port Adelaide Enfield",138.491088867188,-34.7511978149414,0.2,2.57,2.86,6.3,4.94,8.77,4.79,3.9,6.31
"NSW","Kiama",150.849090576172,-34.726978302002,0.2,1.6,3.11,13.64,9.87,20.96,2.31,2.07,2.66
"WASouth","Manjimup",115.905700683594,-34.6893005371094,0.2,1.46,2.94,11.72,8.42,18.44,3.11,2.68,3.8
"WASouth","Albany",118.657928466797,-34.6917991638184,0.2,1.36,2.21,16.28,11.41,26.26,5.94,4.71,8.14
"SA","Lower Eyre Peninsula",135.325469970703,-34.6993713378906,0.2,2.05,3.28,5.64,4.5,7.66,3.5,2.96,4.42
"SA","Yorke Peninsula",137.485076904297,-34.6953315734863,0.2,2.44,3.47,5.03,4.07,6.7,2.92,2.53,3.55
"SA","Yorke Peninsula",137.889953613281,-34.6969833374023,0.2,2.3,2.8,8.85,6.63,13.12,4.9,3.99,6.46
"SA","Playford",138.471588134766,-34.7015037536621,0.2,2.56,3.44,6.36,4.99,8.85,3.53,3,4.4
"NSW","Kiama",150.860687255859,-34.6920127868652,0.2,1.7,3.73,13.78,9.96,21.23,2,1.83,2.25
"WASouth","Manjimup",115.858764648438,-34.6483764648438,0.2,1.45,2.37,12.11,8.68,19.1,4.14,3.45,5.3
"WASouth","Albany",118.732460021973,-34.6475105285645,0.2,1.37,3.03,15.42,10.87,24.64,3.05,2.62,3.75
"SA","Lower Eyre Peninsula",135.326873779297,-34.6681861877441,0.2,2.06,3.07,5.5,4.4,7.44,3.5,2.96,4.41
"SA","Lower Eyre Peninsula",135.921951293945,-34.6428375244141,0.2,1.87,2.26,13.62,9.78,21.25,8.09,6.16,11.69
"SA","Yorke Peninsula",137.49104309082,-34.6620597839355,0.2,2.44,3.15,5.09,4.11,6.8,3.15,2.71,3.88
"SA","Yorke Peninsula",137.904342651367,-34.6358642578125,0.2,2.31,2.75,8.35,6.31,12.22,5.19,4.19,6.94
"SA","Adelaide Plains",138.42643737793,-34.6480331420898,0.2,2.56,3.37,6.41,5.02,8.93,3.65,3.08,4.58
"WASouth","Manjimup",115.80005645752,-34.5957412719727,0.2,1.46,2.24,12.01,8.63,18.84,4.66,3.81,6.11
"WASouth","Albany",118.748977661133,-34.5954666137695,0.2,1.37,1.99,15.82,11.13,25.34,5.27,4.22,7.12
"SA","Lower Eyre Peninsula",135.316162109375,-34.6103324890137,0.2,2.12,2.89,4.59,3.76,6.01,3.71,3.1,4.76
"SA","Lower Eyre Peninsula",135.936264038086,-34.6104278564453,0.2,1.88,2.27,13.37,9.61,20.83,8.04,6.15,11.52
"SA","Yorke Peninsula",137.500183105469,-34.6044120788574,0.2,2.45,3.16,4.95,4.02,6.58,3.11,2.67,3.81
"SA","Yorke Peninsula",137.912384033203,-34.618537902832,0.2,2.31,2.74,8.24,6.24,12.02,5.24,4.22,7.03
"SA","Adelaide Plains",138.403396606445,-34.6134872436523,0.2,2.56,3.37,6.38,5,8.88,3.69,3.12,4.64
"NSW","Shellharbour",150.893783569336,-34.6025238037109,0.2,1.69,2.46,14.12,10.17,21.84,3.52,3,4.35
"WASouth","Manjimup",115.731224060059,-34.5361518859863,0.2,1.46,2.25,12.06,8.63,19.05,4.51,3.7,5.89
"WASouth","Manjimup",115.753326416016,-34.553165435791,0.2,1.46,2.3,11.54,8.3,18.1,4.22,3.5,5.45
"WASouth","Albany",118.747589111328,-34.5683937072754,0.2,1.37,1.96,15.29,10.81,24.32,5.57,4.43,7.62
"WASouth","Jerramungup",119.227691650391,-34.534309387207,0.2,1.38,2.26,14.29,10.18,22.53,4.64,3.81,6.03
"WASouth","Jerramungup",119.256904602051,-34.5356292724609,0.2,1.38,2.11,14.91,10.61,23.5,6.29,4.96,8.68
"SA","Unincorporated SA",135.946823120117,-34.5628547668457,0.2,1.87,2.31,13.47,9.66,21.07,7.36,5.69,10.4
"SA","Yorke Peninsula",137.492401123047,-34.5622596740723,0.2,2.45,3.16,4.95,4.02,6.56,3.11,2.67,3.81
"SA","Yorke Peninsula",137.893447875977,-34.5577239990234,0.2,2.31,2.71,8.33,6.29,12.17,5.4,4.33,7.29
"SA","Adelaide Plains",138.351638793945,-34.5736656188965,0.2,2.56,3.32,6.35,4.99,8.83,3.82,3.21,4.83
"WASouth","Manjimup",115.672386169434,-34.4941368103027,0.2,1.46,2.45,12,8.62,18.85,4.11,3.41,5.28
"WASouth","Albany",118.791877746582,-34.5268898010254,0.2,1.38,2.15,14.83,10.53,23.46,4.84,3.92,6.46
"WASouth","Albany",118.840110778809,-34.5116996765137,0.2,1.38,3.14,14.44,10.28,22.76,2.9,2.51,3.53
"WASouth","Albany",118.897109985352,-34.504997253418,0.2,1.38,2.53,14.27,10.17,22.46,4.38,3.6,5.73
"WASouth","Jerramungup",119.158416748047,-34.4976654052734,0.2,1.39,2.29,13.43,9.63,20.99,4.58,3.77,5.97
"WASouth","Jerramungup",119.285186767578,-34.5118827819824,0.2,1.38,2.29,14.69,10.43,23.23,4.9,3.99,6.47
"SA","Lower Eyre Peninsula",135.998809814453,-34.5188331604004,0.2,1.88,2.31,12.97,9.31,20.27,6.88,5.37,9.61
"SA","Tumby Bay",136.073135375977,-34.512020111084,0.2,1.89,2.16,12.13,8.77,18.83,6.96,5.43,9.7
"SA","Tumby Bay",136.107116699219,-34.5229568481445,0.2,1.89,2.5,12.01,8.73,18.44,6.02,4.79,8.19
"SA","Unincorporated SA",137.380996704102,-34.5214958190918,0.2,2.4,3.56,5.66,4.52,7.67,2.88,2.51,3.49
"SA","Yorke Peninsula",137.895538330078,-34.509952545166,0.2,2.31,2.71,8.35,6.31,12.22,5.3,4.26,7.14
"SA","Adelaide Plains",138.315139770508,-34.5217552185059,0.2,2.57,3.28,6.25,4.92,8.65,3.91,3.27,4.97
"WASouth","Nannup",115.607223510742,-34.447395324707,0.2,1.45,2.06,12.14,8.72,19.06,5.51,4.39,7.49
"WASouth","Jerramungup",118.949409484863,-34.4593963623047,0.2,1.38,2.34,13.83,9.9,21.65,4.68,3.83,6.15
"WASouth","Jerramungup",119.00870513916,-34.4599838256836,0.2,1.39,2.67,13.51,9.69,21.09,3.93,3.27,5.04
"WASouth","Jerramungup",119.048156738281,-34.4653663635254,0.2,1.39,2.78,13.66,9.79,21.39,3.94,3.28,5.05
"WASouth","Jerramungup",119.108016967773,-34.4735145568848,0.2,1.4,2.25,12.66,9.16,19.55,4.96,4.01,6.61
"WASouth","Jerramungup",119.282707214355,-34.4768371582031,0.2,1.38,1.71,14.65,10.41,23.16,8.3,6.28,12.11
"WASouth","Jerramungup",119.363868713379,-34.4838829040527,0.2,1.38,2.32,14.43,10.27,22.79,4.77,3.89,6.29
"SA","Lower Eyre Peninsula",135.302597045898,-34.5082473754883,0.2,2.16,3.14,4.19,3.48,5.38,2.37,2.11,2.76
"SA","Tumby Bay",136.126312255859,-34.4671478271484,0.2,1.9,2.66,11.42,8.33,17.47,4.41,3.65,5.66
"SA","Yorke Peninsula",137.419784545898,-34.4762954711914,0.2,2.28,3.37,5.35,4.3,7.2,2.84,2.48,3.43
"SA","Yorke Peninsula",137.918411254883,-34.4620323181152,0.2,2.5,2.95,8.29,6.27,12.12,5.01,4.05,6.67
"SA","Adelaide Plains",138.260284423828,-34.4787826538086,0.2,2.55,3.27,6.63,5.17,9.31,3.98,3.33,5.08
"WASouth","Nannup",115.485870361328,-34.3908157348633,0.2,1.44,2.05,13.11,9.32,20.86,5.98,4.72,8.24
"WASouth","Nannup",115.538330078125,-34.4236183166504,0.2,1.45,2,12.7,9.05,20.12,5.82,4.6,8.03
"WASouth","Jerramungup",119.406532287598,-34.4336967468262,0.2,1.38,1.5,14.8,10.52,23.38,15.25,10.65,24.8
"SA","Lower Eyre Peninsula",135.355972290039,-34.4217758178711,0.2,2.16,3.4,4.2,3.48,5.42,2.32,2.07,2.72
"SA","Tumby Bay",136.143707275391,-34.4139289855957,0.2,1.9,2.17,11.3,8.24,17.34,7.45,5.73,10.65
"SA","Yorke Peninsula",137.425506591797,-34.4361991882324,0.2,2.27,3.39,5.54,4.42,7.54,2.75,2.41,3.3
"SA","Yorke Peninsula",137.946380615234,-34.4078636169434,0.2,2.17,2.62,8.02,6.09,11.65,4.94,4,6.56
"SA","Adelaide Plains",138.249923706055,-34.4341163635254,0.2,2.55,3.05,6.67,5.19,9.37,4.13,3.44,5.3
"NSW","Wollongong",150.911224365234,-34.4259948730469,0.2,1.69,2.94,14.72,10.55,22.92,2.65,2.33,3.16
"WASouth","Nannup",115.451011657715,-34.36767578125,0.2,1.44,2.26,13.13,9.32,20.92,4.75,3.88,6.25
"WASouth","Jerramungup",119.408996582031,-34.3939018249512,0.2,1.37,2.34,15.07,10.69,23.87,3.4,2.88,4.27
"WASouth","Jerramungup",119.474838256836,-34.3979911804199,0.2,1.38,1.96,14.39,10.26,22.64,6.65,5.2,9.28
"SA","Lower Eyre Peninsula",135.348175048828,-34.3730888366699,0.2,2.14,3.42,4.44,3.65,5.78,2.44,2.16,2.89
"SA","Tumby Bay",136.145538330078,-34.4058647155762,0.2,1.9,2.16,11.22,8.19,17.2,7.65,5.86,10.99
"SA","Yorke Peninsula",137.440673828125,-34.3979988098145,0.2,2.27,3.34,5.61,4.47,7.64,2.8,2.44,3.36
"SA","Yorke Peninsula",137.983108520508,-34.3797225952148,0.2,2.18,2.62,7.97,6.05,11.57,4.99,4.03,6.65
"SA","Adelaide Plains",138.239547729492,-34.3977470397949,0.2,2.56,3.05,6.57,5.13,9.19,4.17,3.46,5.35
"NSW","Wollongong",150.927154541016,-34.380241394043,0.2,1.69,2.43,14.82,10.61,23.13,3.71,3.13,4.68
"WASouth","Augusta Margaret River",115.114120483398,-34.3457527160645,0.2,1.45,2.23,12.23,8.78,19.18,5.28,4.24,7.12
"WASouth","Augusta Margaret River",115.169120788574,-34.3554878234863,0.2,1.41,2.01,17.69,12.14,29.46,9.07,6.73,13.65
"WASouth","Augusta Margaret River",115.178131103516,-34.3455810546875,0.2,1.41,1.9,17.38,11.93,28.97,9.01,6.71,13.48
"WASouth","Augusta Margaret River",115.252731323242,-34.3154830932617,0.2,1.42,1.87,15.95,11.02,26.4,7.59,5.8,10.96
"WASouth","Augusta Margaret River",115.323333740234,-34.3184242248535,0.2,1.43,1.97,15.02,10.47,24.56,6.26,4.92,8.67
"WASouth","Nannup",115.369979858398,-34.3293151855469,0.2,1.43,1.97,14.25,10,23.1,6.18,4.87,8.54
"WASouth","Jerramungup",119.521812438965,-34.3588638305664,0.2,1.37,1.81,15.29,10.85,24.15,9.76,7.2,14.77
"SA","Lower Eyre Peninsula",135.353698730469,-34.3556213378906,0.2,2.14,3.49,4.38,3.61,5.69,2.43,2.15,2.88
"SA","Tumby Bay",136.194808959961,-34.336181640625,0.2,1.91,2.46,10.49,7.7,15.95,6.69,5.21,9.39
"SA","Yorke Peninsula",137.474868774414,-34.3563575744629,0.2,2.29,3.37,5.27,4.23,7.1,2.73,2.39,3.27
"SA","Yorke Peninsula",138.00910949707,-34.3484191894531,0.2,2.19,2.62,7.62,5.84,10.95,5,4.04,6.66
"SA","Adelaide Plains",138.221740722656,-34.3510093688965,0.2,2.55,3.04,6.59,5.14,9.22,4.3,3.56,5.57
"NSW","Wollongong",150.933074951172,-34.3690643310547,0.2,1.69,2.37,14.7,10.55,22.85,4.1,3.41,5.27
"WASouth","Augusta Margaret River",115.064079284668,-34.2983169555664,0.2,1.46,2.51,11.86,8.52,18.63,4.33,3.58,5.61
"WASouth","Jerramungup",119.510375976562,-34.2989196777344,0.2,1.37,2.2,15.57,11.03,24.68,4.97,3.99,6.7
"SA","Lower Eyre Peninsula",135.345321655273,-34.3000869750977,0.2,2.13,3.78,4.49,3.68,5.86,2.36,2.1,2.78
"SA","Tumby Bay",136.242691040039,-34.2956275939941,0.2,1.92,2.45,10.21,7.52,15.48,6.5,5.09,9.07
"SA","Yorke Peninsula",137.495086669922,-34.3133583068848,0.2,2.28,3.61,5.33,4.27,7.21,2.54,2.25,2.99
"SA","Yorke Peninsula",138.025238037109,-34.3000411987305,0.2,2.19,2.62,7.41,5.7,10.57,5.09,4.11,6.8
"SA","Wakefield",138.20783996582,-34.3054428100586,0.2,2.56,3.03,6.35,4.99,8.78,4.4,3.63,5.73
"NSW","Wollongong",150.955596923828,-34.2879600524902,0.2,1.68,2.78,15.17,10.82,23.76,2.95,2.57,3.55
"WASouth","Ravensthorpe",119.522560119629,-34.2559394836426,0.2,1.37,1.7,15.51,10.99,24.58,10.14,7.47,15.39
"SA","Lower Eyre Peninsula",135.336288452148,-34.2558555603027,0.2,2.12,3.43,4.6,3.77,6.04,2.58,2.27,3.08
"SA","Tumby Bay",136.272445678711,-34.2473526000977,0.2,1.92,2.52,10.27,7.55,15.6,5.35,4.31,7.16
"SA","Yorke Peninsula",137.493392944336,-34.2675590515137,0.2,2.28,3.6,5.46,4.36,7.41,2.57,2.27,3.03
"SA","Yorke Peninsula",138.024490356445,-34.2730674743652,0.2,2.21,2.61,6.91,5.37,9.72,5.19,4.17,6.98
"NSW","Wollongong",151.004867553711,-34.2265319824219,0.2,1.7,3.16,15.42,10.98,24.23,2.62,2.31,3.1
"WASouth","Augusta Margaret River",115.019226074219,-34.2258415222168,0.2,1.48,3.87,10.34,7.56,15.89,2.24,2.01,2.59
"WASouth","Ravensthorpe",119.571472167969,-34.1985282897949,0.2,1.37,1.98,15.34,10.87,24.32,6.11,4.8,8.48
"SA","Lower Eyre Peninsula",135.308288574219,-34.2018508911133,0.2,2.13,3.18,4.47,3.67,5.85,2.86,2.48,3.46
"SA","Tumby Bay",136.297836303711,-34.2082405090332,0.2,1.92,2.73,10.21,7.51,15.5,4.02,3.35,5.14
"SA","Yorke Peninsula",137.487152099609,-34.211742401123,0.2,2.28,3.32,5.37,4.3,7.27,2.79,2.45,3.34
"SA","Yorke Peninsula",138.039840698242,-34.2096405029297,0.2,2.24,2.62,6.22,4.92,8.53,5.29,4.24,7.17
"SA","Wakefield",138.137710571289,-34.197338104248,0.2,2.25,2.66,5.94,4.72,8.08,4.97,4.02,6.65
"SA","Wakefield",138.154418945312,-34.217830657959,0.2,2.26,2.68,5.77,4.61,7.8,4.8,3.9,6.35
"NSW","Wollongong",151.033432006836,-34.201286315918,0.2,1.7,2.78,15.61,11.1,24.57,3.09,2.68,3.75
"WASouth","Augusta Margaret River",115.017852783203,-34.1611366271973,0.2,1.47,3.35,11.18,8.1,17.33,2.5,2.22,2.94
"WASouth","Ravensthorpe",119.584747314453,-34.1779365539551,0.2,1.37,2.15,15.26,10.81,24.2,4.92,3.96,6.61
"SA","Lower Eyre Peninsula",135.263961791992,-34.1757392883301,0.2,2.16,3.56,4.21,3.48,5.46,2.5,2.21,2.95
"SA","Tumby Bay",136.332229614258,-34.1622657775879,0.2,1.92,2.63,10.12,7.45,15.34,4.7,3.84,6.17
"SA","Yorke Peninsula",137.466354370117,-34.1796340942383,0.2,2.27,3.32,5.47,4.37,7.43,2.81,2.46,3.37
"NSW","Sutherland",151.091796875,-34.1674118041992,0.2,1.7,2.99,15.55,11.06,24.47,2.84,2.48,3.41
"WASouth","Augusta Margaret River",114.989479064941,-34.1106071472168,0.2,1.45,2.81,12.72,9.26,19.43,3.08,2.66,3.74
"WASouth","Ravensthorpe",119.627433776855,-34.1215400695801,0.2,1.37,1.91,15.05,10.67,23.86,5.96,4.72,8.2
"SA","Lower Eyre Peninsula",135.259216308594,-34.1289978027344,0.2,2.11,3.31,4.8,3.9,6.35,2.63,2.31,3.16
"SA","Tumby Bay",136.357025146484,-34.1231880187988,0.2,1.92,2.18,9.98,7.37,15.09,6.86,5.34,9.62
"SA","Yorke Peninsula",137.476531982422,-34.1326103210449,0.2,2.31,3.15,4.95,4,6.62,2.74,2.41,3.26
"NSW","Sutherland",151.151580810547,-34.1166496276855,0.2,1.7,2.88,15.8,11.21,24.94,2.98,2.59,3.59
"WASouth","Augusta Margaret River",114.983840942383,-34.0987014770508,0.2,1.48,2.79,10.6,7.9,15.7,3.27,2.8,4.03
"WASouth","Ravensthorpe",119.679878234863,-34.0835838317871,0.2,1.37,1.91,15.07,10.68,23.93,6.71,5.2,9.5
"WASouth","Ravensthorpe",119.736351013184,-34.0652923583984,0.2,1.38,1.94,14.74,10.45,23.42,5.91,4.67,8.15
"SA","Lower Eyre Peninsula",135.268127441406,-34.0861625671387,0.2,2.11,3.74,4.75,3.87,6.29,2.4,2.13,2.83
"SA","Tumby Bay",136.383270263672,-34.0608139038086,0.2,1.93,2.49,9.62,7.14,14.43,5.88,4.66,8.06
"SA","Yorke Peninsula",137.464599609375,-34.1275482177734,0.2,2.3,3.14,5.04,4.06,6.76,2.77,2.43,3.29
"NSW","Sutherland",151.175872802734,-34.086238861084,0.2,1.7,3.62,15.89,11.26,25.12,2.32,2.07,2.69
"WASouth","Augusta Margaret River",114.994148254395,-34.0478363037109,0.2,1.5,2.95,9.14,6.79,13.73,2.85,2.48,3.45
"WASouth","Ravensthorpe",119.777717590332,-34.0355567932129,0.2,1.45,2.57,14.63,10.37,23.26,3.94,3.26,5.12
"WASouth","Esperance",122.129608154297,-34.036491394043,0.2,1.51,2.77,9.5,7.04,14.28,3.9,3.25,5
"WASouth","Esperance",122.158882141113,-34.0404090881348,0.2,1.5,2.7,10.56,7.74,16.1,4.24,3.49,5.53
"WASouth","Esperance",122.19255065918,-34.019962310791,0.2,1.5,3.11,10.13,7.46,15.36,3.88,3.22,5.01
"WASouth","Esperance",123.199317932129,-34.0090293884277,0.2,1.5,2.42,10.59,7.74,16.23,5.02,4.04,6.74
"WASouth","Esperance",123.259063720703,-34.0275497436523,0.2,1.48,2.55,11.52,8.35,17.82,5.15,4.14,6.93
"SA","Lower Eyre Peninsula",135.266265869141,-34.0398864746094,0.2,2.1,3.74,4.84,3.93,6.42,2.44,2.16,2.88
"SA","Tumby Bay",136.467895507812,-34.0074310302734,0.2,1.94,2.52,9.07,6.79,13.45,5.75,4.55,7.91
"SA","Copper Coast",137.5546875,-34.0558128356934,0.2,2.34,2.67,4.58,3.74,6.05,3.51,2.97,4.39
"NSW","Sutherland",151.212707519531,-34.0421981811523,0.2,1.7,2.91,15.58,11.05,24.62,2.95,2.57,3.55
"WASouth","Augusta Margaret River",114.982078552246,-33.9913940429688,0.2,1.5,3.48,9.37,7.11,13.55,2.44,2.17,2.86
"WASouth","Ravensthorpe",119.835670471191,-33.984977722168,0.2,1.45,2.38,14.41,10.21,22.93,4.69,3.78,6.31
"WASouth","Ravensthorpe",119.896675109863,-33.9748725891113,0.2,1.45,2.39,14.27,10.11,22.71,4.57,3.69,6.12
"WASouth","Ravensthorpe",119.948829650879,-33.9792556762695,0.2,1.45,2.01,14.09,9.99,22.44,6.17,4.86,8.51
"WASouth","Ravensthorpe",120.384895324707,-33.9631729125977,0.2,1.47,3.06,12.65,9.03,20.05,3.18,2.72,3.95
"WASouth","Ravensthorpe",120.430442810059,-33.9766540527344,0.2,1.46,2.46,13.69,9.67,22.01,4.1,3.4,5.27
"WASouth","Esperance",122.088882446289,-33.9997787475586,0.2,1.53,2.29,8.95,6.68,13.34,4.43,3.63,5.81
"WASouth","Esperance",122.26456451416,-34.0004653930664,0.2,1.5,2.06,10.06,7.41,15.22,5.27,4.24,7.07
"WASouth","Esperance",123.162498474121,-33.998233795166,0.2,1.54,2.76,8.4,6.32,12.36,3.65,3.08,4.59
"WASouth","Esperance",123.292617797852,-33.9784812927246,0.2,1.48,1.95,11.43,8.28,17.74,7.81,5.97,11.23
"SA","Lower Eyre Peninsula",135.241180419922,-33.9765129089355,0.2,2.1,4.16,4.84,3.93,6.43,2.26,2.03,2.62
"SA","Cleve",136.513595581055,-33.9877281188965,0.2,1.94,2.52,9.08,6.78,13.49,5.46,4.35,7.42
"SA","Copper Coast",137.526107788086,-33.9984512329102,0.2,2.33,3.17,4.69,3.81,6.21,2.67,2.36,3.16
"WASouth","Augusta Margaret River",114.978302001953,-33.9600410461426,0.2,1.55,3.73,7.36,5.67,10.51,2.26,2.03,2.61
"WASouth","Ravensthorpe",119.990600585938,-33.9527015686035,0.2,1.45,1.99,14.04,9.95,22.4,6.27,4.93,8.67
"WASouth","Ravensthorpe",120.067375183105,-33.9367523193359,0.2,1.48,2.62,12.03,8.67,18.78,3.74,3.11,4.82
"WASouth","Ravensthorpe",120.110610961914,-33.9537506103516,0.2,1.48,2.68,11.7,8.46,18.19,3.94,3.25,5.13
"WASouth","Ravensthorpe",120.155662536621,-33.949275970459,0.2,1.45,2.97,14.01,9.87,22.56,3.52,2.95,4.49
"WASouth","Ravensthorpe",120.205429077148,-33.9425849914551,0.2,1.47,3.25,12.92,9.2,20.51,3,2.57,3.71
"WASouth","Ravensthorpe",120.269660949707,-33.9437828063965,0.2,1.47,2.67,12.96,9.22,20.61,3.73,3.12,4.75
"WASouth","Ravensthorpe",120.316528320312,-33.9492568969727,0.2,1.47,2.72,12.59,8.98,19.93,3.85,3.2,4.97
"WASouth","Ravensthorpe",120.475532531738,-33.958179473877,0.2,1.48,3.08,12.01,8.67,18.68,3.23,2.74,4.04
"WASouth","Esperance",122.307563781738,-33.9434776306152,0.2,1.49,2.23,10.7,7.83,16.36,4.99,4,6.77
"WASouth","Esperance",122.350654602051,-33.9339904785156,0.2,1.5,2.41,10.47,7.68,15.95,4.44,3.63,5.86
"WASouth","Esperance",122.439010620117,-33.9241828918457,0.2,1.51,2.61,9.81,7.24,14.82,4.65,3.77,6.2
"WASouth","Esperance",122.489768981934,-33.9406089782715,0.2,1.53,2.1,8.98,6.73,13.3,5.74,4.53,7.95
"WASouth","Esperance",122.522109985352,-33.9573936462402,0.2,1.5,2,10.4,7.63,15.83,6.46,5.04,9.06
"WASouth","Esperance",122.577781677246,-33.9543342590332,0.2,1.5,2.4,10.39,7.62,15.83,5.21,4.17,7.06
"WASouth","Esperance",123.143653869629,-33.9761924743652,0.2,1.54,2.02,8.2,6.19,12.02,5.54,4.39,7.61
"WASouth","Esperance",123.313140869141,-33.9525032043457,0.2,1.48,2.4,11.42,8.27,17.71,4.82,3.92,6.36
"WASouth","Esperance",123.50643157959,-33.945240020752,0.2,1.49,2.43,11.25,8.17,17.41,5.44,4.35,7.38
"WASouth","Esperance",123.522392272949,-33.9453659057617,0.2,1.48,2.38,11.94,8.6,18.65,6.21,4.87,8.64
"SA","Elliston",135.191772460938,-33.9253692626953,0.2,2.1,4.02,4.91,3.98,6.55,2.39,2.13,2.8
"SA","Copper Coast",137.537673950195,-33.9754905700684,0.2,2.33,3.17,4.7,3.82,6.23,2.66,2.35,3.14
"NSW","Randwick",151.263778686523,-33.9545822143555,0.2,1.69,2.8,16.57,11.67,26.43,2.97,2.57,3.6
"WASouth","Augusta Margaret River",114.979377746582,-33.9190673828125,0.2,1.5,3.08,9.29,7.06,13.38,2.83,2.47,3.41
"WASouth","Ravensthorpe",120.530181884766,-33.9330368041992,0.2,1.47,2.73,12.28,8.79,19.34,3.73,3.1,4.83
"WASouth","Ravensthorpe",120.561729431152,-33.9172248840332,0.2,1.46,2.41,13.34,9.44,21.39,4.56,3.7,6.1
"WASouth","Esperance",121.641616821289,-33.89892578125,0.2,1.52,2.68,9.42,7,14.13,3.67,3.08,4.65
"WASouth","Esperance",121.652870178223,-33.8976516723633,0.2,1.5,2.23,10.45,7.65,15.99,4.99,4.03,6.69
"WASouth","Esperance",121.746528625488,-33.8893661499023,0.2,1.52,2.58,9.02,6.73,13.44,3.87,3.23,4.95
"WASouth","Esperance",121.791038513184,-33.910774230957,0.2,1.52,1.86,9,6.72,13.42,5.85,4.65,7.99
"WASouth","Esperance",121.825714111328,-33.8972702026367,0.2,1.52,1.95,9.25,6.88,13.87,5.75,4.58,7.84
"WASouth","Esperance",122.075332641602,-33.9008560180664,0.2,1.55,1.89,7.84,5.95,11.43,5.36,4.3,7.24
"WASouth","Esperance",122.627914428711,-33.8959465026855,0.2,1.51,2.33,9.96,7.35,15.06,5.1,4.1,6.88
"WASouth","Esperance",122.692840576172,-33.8993530273438,0.2,1.52,2.32,9.29,6.92,13.85,5.29,4.22,7.22
"WASouth","Esperance",122.749076843262,-33.9037475585938,0.2,1.52,2.11,9.08,6.78,13.5,5.48,4.35,7.5
"WASouth","Esperance",122.814529418945,-33.914665222168,0.2,1.53,2.09,8.68,6.51,12.81,5.09,4.1,6.85
"WASouth","Esperance",122.836570739746,-33.9121932983398,0.2,1.5,2.45,10.24,7.54,15.54,4.88,3.94,6.56
"WASouth","Esperance",122.881294250488,-33.91748046875,0.2,1.5,2.14,10.37,7.61,15.8,5.79,4.58,7.97
"WASouth","Esperance",122.969390869141,-33.9028396606445,0.2,1.52,2.12,9.18,6.85,13.67,5.71,4.51,7.88
"WASouth","Esperance",122.980453491211,-33.8986015319824,0.2,1.51,1.78,9.54,7.08,14.33,8.15,6.18,11.87
"WASouth","Esperance",123.074066162109,-33.8747062683105,0.2,1.52,2.4,9.11,6.8,13.56,4.94,3.99,6.59
"WASouth","Esperance",123.112289428711,-33.8946113586426,0.2,1.53,2.54,8.98,6.71,13.33,4.5,3.68,5.92
"WASouth","Esperance",123.35466003418,-33.9087448120117,0.2,1.48,2.18,11.47,8.3,17.8,6.18,4.88,8.49
"WASouth","Esperance",123.423583984375,-33.9012565612793,0.2,1.49,2.15,11.11,8.08,17.14,6.37,5,8.85
"WASouth","Esperance",123.561981201172,-33.9116134643555,0.2,1.48,1.93,11.93,8.6,18.6,8.44,6.39,12.32
"SA","Elliston",135.183670043945,-33.9124450683594,0.2,2.1,4.03,4.91,3.98,6.55,2.39,2.13,2.81
"SA","Cleve",136.623336791992,-33.8943176269531,0.2,2.17,3.03,8.21,6.21,11.98,4.25,3.49,5.56
"NSW","Waverley",151.286361694336,-33.8932914733887,0.2,1.69,2.88,16.72,11.75,26.73,3.01,2.61,3.64
"WASouth","Augusta Margaret River",114.972427368164,-33.8668975830078,0.2,1.5,2.51,9.42,7.06,13.9,3.7,3.11,4.7
"WASouth","Ravensthorpe",120.643753051758,-33.8913230895996,0.2,1.48,2.53,11.59,8.4,17.94,4.22,3.46,5.56
"WASouth","Ravensthorpe",120.786590576172,-33.8891334533691,0.2,1.51,2.66,9.7,7.18,14.6,3.66,3.06,4.69
"WASouth","Esperance",120.841262817383,-33.8698654174805,0.2,1.5,3.22,10.5,7.71,15.97,2.96,2.54,3.67
"WASouth","Esperance",120.897163391113,-33.8647308349609,0.2,1.53,2.56,8.71,6.54,12.87,3.91,3.24,5.08
"WASouth","Esperance",120.947532653809,-33.8675231933594,0.2,1.55,2.77,8.11,6.16,11.75,3.85,3.2,4.98
"WASouth","Esperance",120.997116088867,-33.8714256286621,0.2,1.54,2.67,8.41,6.36,12.26,3.8,3.16,4.89
"WASouth","Esperance",121.051406860352,-33.8629264831543,0.2,1.52,2.57,9.22,6.88,13.72,3.94,3.26,5.11
"WASouth","Esperance",121.09969329834,-33.8558502197266,0.2,1.53,2.35,8.97,6.71,13.29,4.5,3.67,5.97
"WASouth","Esperance",121.158401489258,-33.8698081970215,0.2,1.54,2.4,8.4,6.34,12.31,4.22,3.47,5.52
"WASouth","Esperance",121.199333190918,-33.857551574707,0.2,1.49,2.03,10.94,7.96,16.85,5.7,4.51,7.88
"WASouth","Esperance",121.49040222168,-33.8397407531738,0.2,1.51,2.63,10.01,7.37,15.17,4.17,3.44,5.44
"WASouth","Esperance",121.509407043457,-33.8433074951172,0.2,1.5,2.5,10.64,7.78,16.3,4.71,3.82,6.27
"WASouth","Esperance",121.590721130371,-33.8551177978516,0.2,1.55,2.63,7.95,6.03,11.59,3.72,3.11,4.73
"WASouth","Esperance",121.952407836914,-33.8378562927246,0.2,1.54,1.86,8.37,6.3,12.3,5.35,4.32,7.13
"WASouth","Esperance",122.021957397461,-33.846851348877,0.2,1.55,1.88,7.93,6.01,11.56,5.42,4.35,7.3
"WASouth","Esperance",122.052398681641,-33.8732948303223,0.2,1.56,1.87,7.67,5.84,11.14,5.44,4.35,7.35
"WASouth","Esperance",123.628372192383,-33.8802452087402,0.2,1.48,1.9,11.9,8.61,18.44,7.88,6,11.42
"WASouth","Esperance",123.665222167969,-33.847297668457,0.2,1.47,2.18,12.64,9.06,19.85,6.61,5.16,9.25
"SA","Elliston",135.132369995117,-33.8521461486816,0.2,2.09,3.65,5.02,4.05,6.72,2.68,2.34,3.22
"SA","Franklin Harbour",136.682769775391,-33.8711814880371,0.2,2.18,2.83,7.72,5.9,11.15,4.45,3.64,5.87
"SA","Franklin Harbour",136.719573974609,-33.8524932861328,0.2,2.19,2.83,7.65,5.84,11.03,4.37,3.58,5.74
"SA","Copper Coast",137.596405029297,-33.8713722229004,0.2,2.35,2.62,4.42,3.62,5.78,3.47,2.95,4.31
"WASouth","Augusta Margaret River",114.987022399902,-33.829517364502,0.2,1.52,2.8,8.44,6.5,11.93,3.22,2.76,3.98
"WASouth","Esperance",121.280387878418,-33.843448638916,0.2,1.54,2.64,8.25,6.27,11.97,3.87,3.21,5.01
"WASouth","Esperance",121.314628601074,-33.8270721435547,0.2,1.53,3.21,8.57,6.47,12.54,3.18,2.7,3.98
"WASouth","Esperance",121.366172790527,-33.8207740783691,0.2,1.51,1.89,9.88,7.3,14.93,5.67,4.54,7.67
"WASouth","Esperance",121.41983795166,-33.8288307189941,0.2,1.51,2.34,9.79,7.23,14.77,4.65,3.78,6.2
"WASouth","Esperance",123.736099243164,-33.8149719238281,0.2,1.47,2.15,12.48,8.98,19.51,6.84,5.31,9.65
"SA","Elliston",135.083557128906,-33.8100700378418,0.2,2.08,3.46,5.21,4.18,7.01,2.8,2.43,3.39
"SA","Franklin Harbour",136.784591674805,-33.8199996948242,0.2,2.2,2.89,7.02,5.43,9.95,4.12,3.4,5.36
"SA","Franklin Harbour",136.845489501953,-33.804817199707,0.2,2.2,3.05,7.03,5.44,9.98,3.97,3.28,5.14
"SA","Copper Coast",137.638153076172,-33.8278846740723,0.2,2.36,3.39,4.29,3.54,5.58,2.4,2.15,2.76
"WASouth","Busselton",114.985389709473,-33.7757682800293,0.2,1.5,2.67,9.01,6.87,12.9,3.51,2.97,4.39
"WASouth","Esperance",123.750137329102,-33.7754058837891,0.2,1.45,2.14,14.07,9.98,22.36,6.75,5.25,9.49
"SA","Elliston",135.027328491211,-33.7490158081055,0.2,2.09,3.79,5.1,4.1,6.85,2.61,2.29,3.13
"SA","Copper Coast",137.661575317383,-33.8095550537109,0.2,2.38,3.39,4.17,3.45,5.39,2.38,2.14,2.75
"NSW","Northern Beaches",151.298721313477,-33.7817840576172,0.2,1.7,2.44,17.19,12.04,27.63,3.87,3.24,4.92
"WASouth","Busselton",114.974868774414,-33.7236289978027,0.2,1.5,2.33,9.26,7.07,13.24,4.6,3.74,6.1
"WASouth","Esperance",123.760238647461,-33.7437705993652,0.2,1.45,2.15,14.15,10.04,22.5,6.57,5.13,9.18
"SA","Elliston",134.969116210938,-33.7140197753906,0.2,2.07,3.85,5.29,4.24,7.17,2.6,2.28,3.11
"SA","Franklin Harbour",136.99674987793,-33.7267532348633,0.2,2.25,3.11,5.89,4.68,8.05,3.5,2.96,4.4
"SA","Franklin Harbour",137.026382446289,-33.7231864929199,0.2,2.25,3.11,5.93,4.7,8.15,3.29,2.81,4.06
"SA","Franklin Harbour",137.09440612793,-33.7078552246094,0.2,2.27,3.15,5.49,4.39,7.43,3.14,2.71,3.85
"SA","Franklin Harbour",137.143447875977,-33.7029075622559,0.2,2.29,3.15,5.2,4.19,6.97,3.17,2.72,3.89
"SA","Barunga West",137.72705078125,-33.7447700500488,0.2,2.41,3.46,3.86,3.23,4.91,2.3,2.08,2.63
"NSW","Northern Beaches",151.316345214844,-33.7400131225586,0.2,1.7,2.44,16.57,11.66,26.47,4.08,3.38,5.25
"WASouth","Busselton",114.971221923828,-33.6970252990723,0.2,1.53,2.52,7.85,6.1,10.95,3.65,3.06,4.65
"WASouth","Esperance",123.784126281738,-33.6931953430176,0.2,1.46,2.15,13.91,9.92,21.94,6.2,4.87,8.61
"SA","Elliston",134.905166625977,-33.6764717102051,0.2,2.07,3.88,5.34,4.27,7.24,2.61,2.29,3.12
"SA","Franklin Harbour",137.193161010742,-33.6765327453613,0.2,2.3,3.2,5.13,4.13,6.9,3.05,2.64,3.72
"SA","Barunga West",137.754730224609,-33.7102966308594,0.2,2.43,3.45,3.74,3.15,4.71,2.32,2.1,2.66
"NSW","Northern Beaches",151.322494506836,-33.6744499206543,0.2,1.71,2.9,17.42,12.18,28.06,2.86,2.49,3.44
"WASouth","Busselton",114.992866516113,-33.6648063659668,0.2,1.54,2.41,7.62,5.94,10.6,3.69,3.09,4.73
"WASouth","Esperance",123.83927154541,-33.6523323059082,0.2,1.46,2.08,13.28,9.52,20.77,6.48,5.03,9.16
"WASouth","Esperance",123.876846313477,-33.6351661682129,0.2,1.47,2.08,12.77,9.21,19.81,6.39,4.97,9.03
"SA","Franklin Harbour",137.219360351562,-33.6563186645508,0.2,2.3,3.18,5.13,4.13,6.91,3.1,2.67,3.78
"SA","Barunga West",137.806015014648,-33.665843963623,0.2,2.45,3.43,3.61,3.06,4.52,2.38,2.14,2.74
"NSW","Northern Beaches",151.336761474609,-33.6438484191895,0.2,1.71,2.91,17.39,12.16,28,2.88,2.51,3.48
"WASouth","Busselton",115.012512207031,-33.5945281982422,0.2,1.51,2.99,8.69,6.68,12.28,3.02,2.61,3.68
"WASouth","Busselton",115.151664733887,-33.6266975402832,0.2,1.61,2.98,5.71,4.63,7.53,2.55,2.25,3.02
"WASouth","Busselton",115.188926696777,-33.6407012939453,0.2,1.63,3.04,5.39,4.4,7.05,2.46,2.19,2.89
"WASouth","Busselton",115.269371032715,-33.6505737304688,0.2,1.64,3.26,5.21,4.26,6.8,2.28,2.05,2.64
"WASouth","Busselton",115.340866088867,-33.6405715942383,0.2,1.65,3.48,5.13,4.2,6.7,2.15,1.95,2.47
"WASouth","Busselton",115.384063720703,-33.627025604248,0.2,1.64,3.5,5.24,4.27,6.89,2.13,1.93,2.44
"WASouth","Esperance",123.928314208984,-33.5916633605957,0.2,1.47,2.14,12.55,9.1,19.3,5.51,4.38,7.56
"SA","Elliston",134.83757019043,-33.6056938171387,0.2,2.09,3.41,4.98,4.01,6.7,2.68,2.34,3.21
"SA","Franklin Harbour",137.260025024414,-33.6035957336426,0.2,2.33,3.09,4.66,3.8,6.15,3.17,2.72,3.88
"SA","Barunga West",137.861618041992,-33.6160011291504,0.2,2.47,3.32,3.48,2.97,4.32,2.6,2.3,3.05
"NSW","Northern Beaches",151.343338012695,-33.6173553466797,0.2,1.71,2.84,17.39,12.16,28.03,2.93,2.54,3.54
"WASouth","Busselton",115.001991271973,-33.5661087036133,0.2,1.48,2.84,10.21,7.6,15.14,3.02,2.61,3.7
"WASouth","Busselton",115.089622497559,-33.5697364807129,0.2,1.57,2.27,6.67,5.31,9.02,3.81,3.19,4.88
"WASouth","Busselton",115.447860717773,-33.5788192749023,0.2,1.63,3.42,5.37,4.35,7.11,2.18,1.97,2.52
"WASouth","Esperance",123.98070526123,-33.5565719604492,0.2,1.46,1.8,13.77,9.89,21.46,8.34,6.34,12.06
"SA","Elliston",134.845581054688,-33.563663482666,0.2,2.09,3.45,5.02,4.03,6.78,2.34,2.09,2.72
"SA","Franklin Harbour",137.272903442383,-33.5749588012695,0.2,2.34,3.08,4.51,3.69,5.91,3.21,2.75,3.96
"SA","Barunga West",137.894073486328,-33.5795211791992,0.2,3.14,3.79,3.41,2.92,4.22,2.92,2.55,3.52
"NSW","Central Coast (NSW)",151.353622436523,-33.5448226928711,0.2,1.71,2.69,17.23,12.05,27.76,3.45,2.94,4.27
"WASouth","Busselton",115.005264282227,-33.5277900695801,0.2,1.48,2.74,10.09,7.62,14.61,3.33,2.83,4.16
"WASouth","Busselton",115.056182861328,-33.5393142700195,0.2,1.55,2.31,7.2,5.68,9.85,3.72,3.13,4.73
"WASouth","Capel",115.485954284668,-33.5348243713379,0.2,1.64,3.42,5.28,4.29,6.97,2.18,1.96,2.51
"WASouth","Esperance",123.98902130127,-33.5160102844238,0.2,1.46,2.08,13.7,9.88,21.19,7.17,5.48,10.36
"SA","Elliston",134.854598999023,-33.5280914306641,0.2,2.1,3.28,4.88,3.94,6.57,2.48,2.19,2.92
"SA","Franklin Harbour",137.299240112305,-33.5179252624512,0.2,2.36,3.07,4.31,3.55,5.6,3.27,2.8,4.06
"SA","Barunga West",137.930084228516,-33.5152359008789,0.2,3.17,3.78,3.26,2.81,3.99,2.99,2.59,3.63
"NSW","Central Coast (NSW)",151.421768188477,-33.517707824707,0.2,1.71,2.86,17.44,12.18,28.16,3.05,2.64,3.71
"WASouth","Capel",115.542381286621,-33.4798927307129,0.2,1.65,3.23,5.12,4.17,6.72,2.26,2.02,2.62
"WASouth","Esperance",123.998306274414,-33.4730606079102,0.2,1.46,1.85,13.55,9.78,20.9,8.22,6.24,11.94
"SA","Elliston",134.85090637207,-33.4759483337402,0.2,2.14,3.39,4.37,3.58,5.76,2.37,2.11,2.77
"SA","Franklin Harbour",137.316253662109,-33.4741325378418,0.2,2.87,3.44,4.24,3.5,5.5,3.47,2.94,4.33
"SA","Barunga West",137.905914306641,-33.4793663024902,0.2,3.17,3.76,3.29,2.83,4.02,3.1,2.67,3.79
"NSW","Central Coast (NSW)",151.447479248047,-33.477481842041,0.2,1.71,2.82,17.39,12.14,28.09,2.95,2.56,3.56
"WASouth","Capel",115.56462097168,-33.4566841125488,0.2,1.66,3.24,4.99,4.08,6.53,2.25,2.02,2.61
"WASouth","Esperance",124.001518249512,-33.4332008361816,0.2,1.45,1.71,14.49,10.37,22.64,9.54,7.14,14.12
"SA","Elliston",134.839385986328,-33.4370346069336,0.2,2.13,3.37,4.57,3.72,6.08,2.4,2.14,2.83
"SA","Franklin Harbour",137.363555908203,-33.4304351806641,0.2,2.88,3.4,4.19,3.47,5.41,3.61,3.04,4.54
"SA","Port Pirie",137.885498046875,-33.4337196350098,0.2,3.16,3.7,3.3,2.84,4.04,3.34,2.84,4.19
"NSW","Central Coast (NSW)",151.46369934082,-33.4218559265137,0.2,1.71,3.09,17.4,12.15,28.13,2.78,2.43,3.33
"WASouth","Capel",115.598304748535,-33.3883094787598,0.2,1.67,3.19,4.9,4.02,6.36,2.34,2.09,2.74
"WASouth","Esperance",124.031120300293,-33.369686126709,0.2,1.45,1.69,14.48,10.35,22.65,10.51,7.72,15.94
"SA","Elliston",134.814239501953,-33.3729438781738,0.2,2.41,3.7,5.16,4.13,7.02,2.46,2.18,2.91
"SA","Franklin Harbour",137.388092041016,-33.3740463256836,0.2,2.9,3.36,4.04,3.36,5.17,3.69,3.11,4.67
"SA","Port Pirie",137.862121582031,-33.3922424316406,0.2,3.15,3.66,3.41,2.92,4.19,3.46,2.92,4.37
"NSW","Central Coast (NSW)",151.485321044922,-33.3851432800293,0.2,1.71,2.82,16.96,11.87,27.29,3.03,2.63,3.68
"WASouth","Bunbury",115.611457824707,-33.3525466918945,0.2,1.67,3.19,4.83,3.98,6.25,2.34,2.09,2.74
"WASouth","Esperance",124.039123535156,-33.342414855957,0.2,1.45,1.81,15.02,10.69,23.65,9.54,7.04,14.47
"SA","Elliston",134.80207824707,-33.3401069641113,0.2,2.43,3.67,4.9,3.94,6.6,2.5,2.21,2.96
"SA","Franklin Harbour",137.386566162109,-33.3469276428223,0.2,2.9,3.33,3.99,3.33,5.09,3.72,3.13,4.7
"SA","Port Pirie",137.850677490234,-33.3456192016602,0.2,3.14,3.66,3.46,2.95,4.27,3.48,2.94,4.39
"WASouth","Esperance",124.060096740723,-33.3062896728516,0.2,1.44,1.87,15.15,10.77,23.89,7.99,6.05,11.72
"SA","Elliston",134.750427246094,-33.2929801940918,0.2,2.41,4.29,5.21,4.16,7.11,2.22,1.99,2.56
"SA","Whyalla",137.401565551758,-33.2910270690918,0.2,2.92,3.25,3.87,3.25,4.91,3.82,3.2,4.84
"SA","Port Pirie",137.810272216797,-33.2857513427734,0.2,3.12,3.57,3.53,3.01,4.39,3.68,3.09,4.67
"WASouth","Harvey",115.675010681152,-33.2608871459961,0.2,1.66,2.73,4.91,4.03,6.37,2.76,2.41,3.32
"WASouth","Esperance",124.076385498047,-33.2642440795898,0.2,1.44,1.95,15.58,11.03,24.74,7.51,5.7,10.99
"SA","Streaky Bay",134.629516601562,-33.2479209899902,0.2,2.38,4.37,5.78,4.55,8.05,2.26,2.03,2.62
"SA","Elliston",134.684005737305,-33.254810333252,0.2,2.38,4.25,5.63,4.45,7.8,2.3,2.06,2.68
"SA","Whyalla",137.418273925781,-33.2557182312012,0.2,2.92,3.26,3.82,3.21,4.82,3.77,3.17,4.78
"SA","Port Pirie",137.807678222656,-33.2593383789062,0.2,3.12,3.56,3.57,3.04,4.45,3.68,3.09,4.66
"NSW","Central Coast (NSW)",151.566528320312,-33.2575988769531,0.2,1.71,2.91,17.12,11.98,27.56,2.86,2.5,3.43
"WASouth","Harvey",115.679985046387,-33.2147789001465,0.2,1.65,2.74,5.08,4.15,6.65,2.76,2.41,3.32
"WASouth","Esperance",124.094741821289,-33.2096214294434,0.2,1.44,1.65,15.78,11.14,25.14,15.75,10.73,26.82
"SA","Streaky Bay",134.545349121094,-33.1910858154297,0.2,2.37,4.26,5.8,4.56,8.08,2.32,2.07,2.71
"SA","Streaky Bay",134.581817626953,-33.2057342529297,0.2,2.38,4.18,5.72,4.5,7.95,2.38,2.12,2.79
"SA","Whyalla",137.442199707031,-33.2197113037109,0.2,2.93,3.24,3.8,3.2,4.79,3.8,3.19,4.82
"SA","Port Pirie",137.821151733398,-33.226146697998,0.2,3.11,3.56,3.6,3.06,4.5,3.63,3.06,4.6
"NSW","Central Coast (NSW)",151.619323730469,-33.2048263549805,0.2,1.64,3.16,17.33,12.11,27.98,2.71,2.38,3.23
"WASouth","Harvey",115.676567077637,-33.1664352416992,0.2,1.64,2.8,5.33,4.33,7.02,2.74,2.4,3.3
"WASouth","Esperance",124.107475280762,-33.1698188781738,0.2,1.44,1.7,15.83,11.17,25.26,14.43,9.89,24.43
"SA","Streaky Bay",134.309631347656,-33.1851959228516,0.2,2.37,4.36,5.87,4.61,8.19,2.34,2.09,2.73
"SA","Streaky Bay",134.414978027344,-33.1612815856934,0.2,2.37,3.04,5.91,4.63,8.26,3.87,3.22,4.97
"SA","Streaky Bay",134.478668212891,-33.1595458984375,0.2,2.37,3.24,5.85,4.59,8.17,3.47,2.93,4.38
"SA","Whyalla",137.450042724609,-33.1701965332031,0.2,2.94,3.28,3.71,3.13,4.66,3.69,3.11,4.65
"SA","Port Pirie",137.850769042969,-33.1842231750488,0.2,3.12,3.58,3.57,3.04,4.45,3.53,2.99,4.44
"SA","Port Pirie",137.893035888672,-33.1661376953125,0.2,3.11,3.57,3.61,3.07,4.5,3.54,2.99,4.45
"SA","Port Pirie",137.92903137207,-33.1640663146973,0.2,3.12,3.57,3.57,3.03,4.44,3.53,2.98,4.43
"NSW","Lake Macquarie",151.640899658203,-33.1763343811035,0.2,1.64,2.65,17.43,12.17,28.18,3.36,2.87,4.13
"WASouth","Harvey",115.681144714355,-33.1313514709473,0.2,1.63,2.82,5.47,4.42,7.26,2.73,2.39,3.29
"WASouth","Esperance",124.141700744629,-33.1211471557617,0.2,1.44,1.75,15.37,10.88,24.43,12.08,8.49,19.74
"SA","Streaky Bay",134.260528564453,-33.1256637573242,0.2,2.45,3.93,4.67,3.78,6.27,2.47,2.18,2.93
"SA","Whyalla",137.474792480469,-33.1270484924316,0.2,2.94,3.3,3.72,3.14,4.68,3.62,3.06,4.55
"SA","Whyalla",137.517532348633,-33.113525390625,0.2,2.94,3.36,3.68,3.11,4.61,3.5,2.97,4.35
"NSW","Lake Macquarie",151.655502319336,-33.1222267150879,0.2,1.65,2.63,17.02,11.93,27.34,3.38,2.9,4.17
"WASouth","Harvey",115.677635192871,-33.08251953125,0.2,1.61,3.13,5.8,4.66,7.79,2.49,2.21,2.94
"WASouth","Esperance",124.195610046387,-33.0619583129883,0.2,1.45,1.83,15.02,10.66,23.8,9.44,6.9,14.57
"SA","Streaky Bay",134.238632202148,-33.0751266479492,0.2,2.37,3.58,5.8,4.55,8.08,2.88,2.49,3.52
"SA","Unincorporated SA",137.564193725586,-33.0747947692871,0.2,2.95,3.36,3.62,3.07,4.52,3.53,2.99,4.4
"SA","Mount Remarkable",138.025192260742,-33.0680351257324,0.2,3.11,3.54,3.6,3.06,4.5,3.41,2.9,4.25
"NSW","Lake Macquarie",151.668395996094,-33.088306427002,0.2,1.64,2.58,18.11,12.57,29.5,3.59,3.05,4.46
"WASouth","Harvey",115.671043395996,-33.0336990356445,0.2,1.6,3.11,6.01,4.8,8.12,2.51,2.22,2.97
"WASouth","Esperance",124.212295532227,-33.0435600280762,0.2,1.47,1.86,12.89,9.29,19.99,8.2,6.1,12.37
"WASouth","Dundas",124.258407592773,-33.0132904052734,0.2,1.45,1.75,14.29,10.2,22.47,10.15,7.42,15.63
"SA","Streaky Bay",134.156143188477,-33.0373878479004,0.2,2.38,3.62,5.69,4.47,7.92,2.83,2.46,3.45
"SA","Whyalla",137.719528198242,-32.996898651123,0.2,2.96,3.41,3.58,3.04,4.47,3.4,2.9,4.22
"SA","Whyalla",137.738174438477,-32.996997833252,0.2,2.96,3.41,3.59,3.05,4.48,3.4,2.9,4.23
"SA","Mount Remarkable",138.005615234375,-33.0324020385742,0.2,3.11,3.53,3.62,3.07,4.53,3.42,2.91,4.26
"NSW","Lake Macquarie",151.689636230469,-33.0369644165039,0.2,1.64,3,17.67,12.32,28.61,2.98,2.58,3.61
"NSW","Lake Macquarie",151.726165771484,-33.0187072753906,0.2,1.64,3.11,17.29,12.09,27.88,2.88,2.5,3.48
"WASouth","Harvey",115.667030334473,-32.9907722473145,0.2,1.31,2.87,6.22,4.94,8.47,2.49,2.21,2.94
"WASouth","Dundas",124.308197021484,-32.9843902587891,0.2,1.45,1.88,13.98,10,21.89,7.42,5.66,10.75
"WASouth","Dundas",124.355827331543,-32.9667816162109,0.2,1.46,1.92,13.42,9.65,20.89,6.7,5.21,9.46
"SA","Streaky Bay",134.16569519043,-33.0062026977539,0.2,2.4,3.47,5.41,4.28,7.46,2.78,2.42,3.37
"SA","Mount Remarkable",137.944869995117,-32.9926071166992,0.2,3.11,3.53,3.62,3.07,4.53,3.43,2.91,4.28
"NSW","Newcastle",151.755249023438,-32.9575996398926,0.2,1.64,2.72,17.74,12.36,28.74,3.28,2.82,4.02
"WASouth","Harvey",115.652122497559,-32.9409255981445,0.2,1.3,2.86,6.6,5.2,9.07,2.56,2.25,3.04
"WASouth","Dundas",124.42024230957,-32.9471321105957,0.2,1.46,2.05,13.02,9.39,20.18,5.46,4.34,7.47
"WASouth","Dundas",124.475952148438,-32.9387512207031,0.2,1.47,1.93,12.94,9.35,20.01,6.54,5.09,9.18
"WASouth","Dundas",124.519393920898,-32.935474395752,0.2,1.47,1.88,12.73,9.22,19.65,6.99,5.4,9.94
"WASouth","Dundas",124.575134277344,-32.9283485412598,0.2,1.47,1.95,12.62,9.14,19.45,6.16,4.83,8.58
"WASouth","Dundas",124.627891540527,-32.9224433898926,0.2,1.47,2.7,12.54,9.08,19.33,3.75,3.1,4.91
"WASouth","Dundas",124.666984558105,-32.9171752929688,0.2,1.47,2.71,12.65,9.15,19.54,3.75,3.1,4.9
"WASouth","Dundas",124.72811126709,-32.9045333862305,0.2,1.47,2.72,12.5,9.05,19.3,3.77,3.11,4.92
"SA","Streaky Bay",134.147842407227,-32.9440498352051,0.2,2.38,3.47,5.65,4.44,7.88,2.99,2.57,3.69
"SA","Whyalla",137.792358398438,-32.912654876709,0.2,2.95,3.16,3.61,3.07,4.51,3.72,3.13,4.69
"SA","Mount Remarkable",137.931793212891,-32.945686340332,0.2,3.11,3.39,3.6,3.06,4.49,3.67,3.09,4.63
"NSW","Newcastle",151.778686523438,-32.9410057067871,0.2,1.64,2.83,18.24,12.66,29.72,3.13,2.7,3.81
"WASouth","Waroona",115.648643493652,-32.900691986084,0.2,1.29,3.78,6.77,5.32,9.35,2.03,1.85,2.31
"WASouth","Dundas",124.776504516602,-32.8932876586914,0.2,1.47,2.73,12.77,9.22,19.79,3.83,3.15,5.03
"WASouth","Dundas",124.827789306641,-32.8737030029297,0.2,1.46,2.76,13.28,9.53,20.74,3.76,3.11,4.92
"SA","Streaky Bay",134.106796264648,-32.9153175354004,0.2,2.4,3.81,5.27,4.18,7.26,2.67,2.34,3.21
"SA","Whyalla",137.802703857422,-32.8964157104492,0.2,2.95,3.13,3.61,3.06,4.49,3.71,3.13,4.67
"SA","Mount Remarkable",137.92333984375,-32.8952827453613,0.2,3.11,3.4,3.6,3.06,4.49,3.63,3.07,4.58
"WASouth","Waroona",115.629905700684,-32.8495674133301,0.2,1.28,3.83,7.14,5.58,9.95,2.04,1.86,2.32
"WASouth","Dundas",124.886604309082,-32.8456764221191,0.2,1.46,2.69,13.92,9.93,21.93,3.95,3.24,5.22
"SA","Streaky Bay",134.102554321289,-32.8653297424316,0.2,2.38,4.46,5.67,4.47,7.86,2.12,1.92,2.43
"SA","Whyalla",137.811965942383,-32.8540534973145,0.2,2.96,3.16,3.57,3.03,4.44,3.67,3.1,4.62
"SA","Mount Remarkable",137.904113769531,-32.858211517334,0.2,2.96,3.21,3.59,3.05,4.48,3.64,3.07,4.58
"NSW","Port Stephens",151.845993041992,-32.8574409484863,0.2,1.64,3.13,17.63,12.29,28.56,2.8,2.44,3.38
"NSW","Port Stephens",151.886505126953,-32.8415222167969,0.2,1.64,3.21,17.6,12.28,28.47,2.65,2.33,3.16
"NSW","Port Stephens",151.931243896484,-32.826171875,0.2,1.64,2.61,17.72,12.35,28.7,3.43,2.93,4.24
"WASouth","Waroona",115.620826721191,-32.8227729797363,0.2,1.27,3.82,7.48,5.81,10.49,2.06,1.87,2.36
"WASouth","Dundas",124.93709564209,-32.7966690063477,0.2,1.45,2.51,14.44,10.25,22.9,4.41,3.57,5.93
"SA","Streaky Bay",134.122131347656,-32.8045616149902,0.2,2.39,3.46,5.54,4.37,7.69,2.9,2.51,3.55
"SA","Whyalla",137.813766479492,-32.8274917602539,0.2,2.96,3.17,3.56,3.03,4.42,3.64,3.08,4.57
"SA","Mount Remarkable",137.896591186523,-32.8130378723145,0.2,2.96,3.22,3.57,3.03,4.43,3.61,3.05,4.53
"NSW","Port Stephens",151.995193481445,-32.8015251159668,0.2,1.71,2.77,17.51,12.22,28.29,3.07,2.66,3.73
"NSW","Port Stephens",152.049957275391,-32.7904014587402,0.2,1.7,2.85,17.77,12.38,28.79,2.93,2.54,3.53
"NSW","Port Stephens",152.105438232422,-32.7936248779297,0.2,1.7,2.87,18.34,12.71,29.91,2.89,2.52,3.47
"WASouth","Mandurah",115.612747192383,-32.7587585449219,0.2,1.26,2.8,7.77,6.01,10.94,2.76,2.4,3.34
"WASouth","Dundas",124.992477416992,-32.7677345275879,0.2,1.45,2.67,14.52,10.3,23.03,3.96,3.25,5.21
"WASouth","Dundas",125.016464233398,-32.7507400512695,0.2,1.45,2.59,14.48,10.28,22.95,4.14,3.38,5.52
"WASouth","Dundas",125.090019226074,-32.7265357971191,0.2,1.45,2.81,14.62,10.37,23.21,3.76,3.11,4.9
"SA","Streaky Bay",134.071029663086,-32.7439575195312,0.2,2.38,3.42,5.67,4.46,7.91,3,2.58,3.69
"SA","Whyalla",137.80729675293,-32.7693710327148,0.2,2.97,3.18,3.53,3.01,4.38,3.56,3.02,4.44
"SA","Port Augusta",137.890808105469,-32.7710227966309,0.2,2.97,3.19,3.5,2.99,4.34,3.61,3.05,4.53
"NSW","Port Stephens",152.155685424805,-32.7658233642578,0.2,1.71,2.89,17.62,12.29,28.54,2.83,2.47,3.39
"WASouth","Mandurah",115.607124328613,-32.7169036865234,0.2,1.24,2.78,8.46,6.47,12.09,2.83,2.45,3.44
"WASouth","Dundas",125.125335693359,-32.7073822021484,0.2,1.45,2.76,14.67,10.39,23.3,3.84,3.17,5.03
"SA","Streaky Bay",134.058029174805,-32.7256622314453,0.2,2.39,3.6,5.5,4.34,7.65,2.82,2.45,3.43
"WASouth","Mandurah",115.599494934082,-32.6866264343262,0.2,1.25,2.84,8.25,6.34,11.72,2.74,2.39,3.32
"WASouth","Dundas",125.198837280273,-32.6661796569824,0.2,1.45,2.76,14.75,10.45,23.46,3.85,3.18,5.04
"SA","Streaky Bay",134.09358215332,-32.7097091674805,0.2,2.42,3.45,4.99,3.99,6.82,2.91,2.51,3.58
"SA","Streaky Bay",134.139633178711,-32.713020324707,0.2,2.46,3.48,4.49,3.64,5.99,2.83,2.45,3.45
"SA","Streaky Bay",134.258987426758,-32.6792335510254,0.2,2.52,3.36,3.99,3.3,5.2,2.8,2.42,3.4
"NSW","Mid-Coast",152.217864990234,-32.6861267089844,0.2,1.7,2.81,18.25,12.67,29.72,2.96,2.59,3.55
"WASouth","Mandurah",115.612724304199,-32.6398010253906,0.2,1.26,2.87,8.77,6.68,12.63,2.68,2.34,3.23
"WASouth","Dundas",125.261291503906,-32.639404296875,0.2,1.45,2.84,14.71,10.42,23.37,3.75,3.1,4.88
"WASouth","Dundas",125.299919128418,-32.6206016540527,0.2,1.45,2.8,14.47,10.28,22.92,3.74,3.1,4.86
"WASouth","Dundas",125.356552124023,-32.6046524047852,0.2,1.45,2.89,14.52,10.31,22.98,3.55,2.97,4.56
"WASouth","Dundas",125.411148071289,-32.5926475524902,0.2,1.45,2.91,14.57,10.35,23.04,3.36,2.84,4.24
"WASouth","Dundas",125.445678710938,-32.5863265991211,0.2,1.45,2.94,14.55,10.34,23,3.23,2.75,4.02
"SA","Streaky Bay",134.27360534668,-32.6319274902344,0.2,2.51,4.36,4,3.3,5.21,2.24,2,2.61
"SA","Port Augusta",137.836624145508,-32.6410903930664,0.2,2.99,3.25,3.39,2.91,4.18,3.35,2.86,4.14
"NSW","Mid-Coast",152.209411621094,-32.6361770629883,0.2,1.7,2.7,18.33,12.71,29.9,3.23,2.78,3.93
"NSW","Mid-Coast",152.243713378906,-32.6129608154297,0.2,1.7,2.87,18.34,12.71,29.94,2.92,2.55,3.51
"WASouth","Mandurah",115.633392333984,-32.5939178466797,0.2,1.4,2.81,7.62,5.87,10.81,2.72,2.37,3.28
"WASouth","Dundas",125.525924682617,-32.5580215454102,0.2,1.45,2.98,14.49,10.31,22.87,2.94,2.55,3.56
"SA","Streaky Bay",134.260116577148,-32.5783805847168,0.2,2.5,4.62,4.09,3.37,5.35,2.08,1.89,2.39
"NSW","Mid-Coast",152.320205688477,-32.6055908203125,0.2,1.7,2.68,18.69,12.92,30.59,3.35,2.88,4.09
"WASouth","Mandurah",115.670928955078,-32.5409622192383,0.2,1.22,2.53,8.65,6.6,12.41,2.96,2.55,3.62
"WASouth","Dundas",125.567039489746,-32.530704498291,0.2,1.45,2.95,14.68,10.44,23.21,2.96,2.57,3.59
"SA","Ceduna",133.895065307617,-32.5452919006348,0.2,2.35,3.44,6.32,4.89,9.02,3.12,2.67,3.85
"SA","Ceduna",133.908020019531,-32.5220603942871,0.2,2.37,4.86,5.91,4.61,8.34,2.19,1.97,2.54
"SA","Streaky Bay",134.228332519531,-32.5367660522461,0.2,2.49,4.62,4.2,3.45,5.54,2.09,1.89,2.39
"NSW","Mid-Coast",152.313705444336,-32.5493583679199,0.2,1.7,2.8,18.65,12.89,30.54,2.94,2.57,3.51
"NSW","Mid-Coast",152.340133666992,-32.5278701782227,0.2,1.7,2.94,18.6,12.87,30.44,2.73,2.41,3.23
"WASouth","Mandurah",115.695930480957,-32.521125793457,0.2,1.22,2.54,8.65,6.6,12.43,2.93,2.53,3.58
"WASouth","Dundas",125.627700805664,-32.4908752441406,0.2,1.45,2.87,14.52,10.34,22.9,3.07,2.64,3.75
"WASouth","Dundas",125.654495239258,-32.473217010498,0.2,1.45,2.8,14.4,10.26,22.66,3.2,2.73,3.95
"SA","Ceduna",133.845886230469,-32.5071868896484,0.2,2.42,3.09,5.09,4.06,6.98,3.27,2.78,4.1
"SA","Ceduna",133.997283935547,-32.5039138793945,0.2,2.39,3.89,5.5,4.33,7.67,2.65,2.32,3.17
"SA","Ceduna",134.070877075195,-32.4695320129395,0.2,2.43,4.46,4.87,3.9,6.63,2.18,1.97,2.51
"SA","Ceduna",134.090408325195,-32.47021484375,0.2,2.44,4.5,4.77,3.84,6.47,2.14,1.93,2.45
"SA","Streaky Bay",134.175994873047,-32.4855194091797,0.2,2.47,4.02,4.46,3.62,5.95,2.32,2.07,2.7
"NSW","Mid-Coast",152.412338256836,-32.4907112121582,0.2,1.7,3.22,18.49,12.8,30.22,2.41,2.16,2.79
"NSW","Mid-Coast",152.456039428711,-32.4739952087402,0.2,1.45,3.02,18.44,12.78,30.09,2.38,2.13,2.75
"WASouth","Mandurah",115.740791320801,-32.4680099487305,0.2,1.21,3.25,8.92,6.75,12.97,2.36,2.1,2.78
"WASouth","Dundas",125.706619262695,-32.4370346069336,0.2,1.45,2.87,14.22,10.16,22.32,3.09,2.66,3.79
"SA","Ceduna",133.846725463867,-32.4609375,0.2,2.38,4.27,5.63,4.42,7.89,2.28,2.04,2.64
"NSW","Mid-Coast",152.521682739258,-32.4567642211914,0.2,1.44,2.54,19.66,13.48,32.58,3.05,2.66,3.66
"WASouth","Rockingham",115.721504211426,-32.3826293945312,0.2,1.19,2.75,9.95,7.4,14.82,2.74,2.39,3.31
"WASouth","Dundas",125.731330871582,-32.4147415161133,0.2,1.45,2.77,14.06,10.06,22.01,3.27,2.79,4.06
"WASouth","Dundas",125.770309448242,-32.396053314209,0.2,1.46,2.81,13.6,9.77,21.19,3.12,2.68,3.84
"SA","Ceduna",133.860244750977,-32.413387298584,0.2,2.43,4.14,4.9,3.92,6.68,2.26,2.03,2.61
"NSW","Mid-Coast",152.54020690918,-32.4330139160156,0.2,1.44,2.82,19.35,13.34,31.81,2.6,2.3,3.05
"WASouth","Rockingham",115.711723327637,-32.3763732910156,0.2,1.19,2.75,10.08,7.49,15.07,2.73,2.38,3.3
"WASouth","Dundas",125.829124450684,-32.3588104248047,0.2,1.46,2.99,13.3,9.58,20.65,2.82,2.46,3.4
"NSW","Mid-Coast",152.537170410156,-32.3683662414551,0.2,1.44,2.81,19.21,13.26,31.51,2.53,2.25,2.95
"WASouth","Dundas",125.890777587891,-32.3272438049316,0.2,1.47,2.78,12.61,9.14,19.39,3.15,2.7,3.89
"WASouth","Dundas",125.939956665039,-32.3042793273926,0.2,1.47,3,12.45,9.04,19.13,2.79,2.43,3.35
"WASouth","Dundas",125.983673095703,-32.2883224487305,0.2,1.47,2.59,12.37,8.98,19.03,3.48,2.94,4.38
"WASouth","Dundas",126.580444335938,-32.3081016540527,0.2,1.53,3.64,8.59,6.5,12.54,2.39,2.13,2.81
"WASouth","Dundas",126.625343322754,-32.3101997375488,0.2,1.53,3.26,8.56,6.48,12.46,2.71,2.36,3.26
"WASouth","Dundas",126.683471679688,-32.3130416870117,0.2,1.54,3.18,8.15,6.23,11.72,2.8,2.43,3.39
"WASouth","Dundas",126.734107971191,-32.3103523254395,0.2,1.52,2.5,9.4,7.06,13.8,3.89,3.23,5.02
"WASouth","Dundas",126.778480529785,-32.3013000488281,0.2,1.53,2.51,8.97,6.77,13.1,3.82,3.18,4.91
"WASouth","Dundas",126.848419189453,-32.3034362792969,0.2,1.53,2.3,8.6,6.51,12.49,4.13,3.41,5.39
"SA","Unincorporated SA",133.836181640625,-32.352294921875,0.2,2.46,4.57,4.57,3.69,6.13,2.11,1.91,2.41
"WASouth","Rockingham",115.688369750977,-32.2748413085938,0.2,1.41,3.61,9.14,6.88,13.39,2.3,2.05,2.69
"WASouth","Dundas",126.101448059082,-32.2738990783691,0.2,1.49,2.65,10.85,7.96,16.52,3.23,2.76,4.01
"WASouth","Dundas",126.13289642334,-32.2580986022949,0.2,1.49,2.6,11.02,8.06,16.82,3.37,2.86,4.21
"WASouth","Dundas",126.229583740234,-32.2429428100586,0.2,1.53,3.24,8.89,6.65,13.21,2.5,2.21,2.96
"WASouth","Dundas",126.268409729004,-32.2527847290039,0.2,1.54,3.22,8.49,6.39,12.49,2.54,2.24,3.02
"WASouth","Dundas",126.315170288086,-32.2620964050293,0.2,1.54,3.26,8.47,6.39,12.45,2.54,2.24,3.01
"WASouth","Dundas",126.37329864502,-32.2812156677246,0.2,1.53,3.21,8.67,6.53,12.74,2.63,2.31,3.15
"WASouth","Dundas",126.418922424316,-32.2886085510254,0.2,1.54,3.21,8.14,6.18,11.84,2.64,2.31,3.16
"WASouth","Dundas",126.471771240234,-32.2922630310059,0.2,1.54,3.21,8.16,6.2,11.85,2.65,2.32,3.17
"WASouth","Dundas",126.52661895752,-32.3000717163086,0.2,1.54,3.2,8.18,6.22,11.87,2.69,2.35,3.23
"WASouth","Dundas",126.894958496094,-32.3038711547852,0.2,1.53,2.91,8.83,6.68,12.85,3.22,2.74,4.01
"WASouth","Dundas",126.948722839355,-32.3001441955566,0.2,1.54,3.02,8.2,6.26,11.8,3.03,2.6,3.74
"WASouth","Dundas",127.008438110352,-32.2939224243164,0.2,1.54,3.02,8.45,6.42,12.21,2.96,2.55,3.63
"WASouth","Dundas",127.05305480957,-32.2870330810547,0.2,1.55,2.99,8.12,6.2,11.67,2.96,2.56,3.63
"WASouth","Dundas",127.107360839844,-32.2873420715332,0.2,1.54,2.97,8.49,6.45,12.29,3.02,2.6,3.7
"WASouth","Dundas",127.156761169434,-32.2812728881836,0.2,1.54,3,8.4,6.39,12.16,2.98,2.57,3.65
"WASouth","Dundas",127.212768554688,-32.2844657897949,0.2,1.53,2.56,8.86,6.69,12.92,3.53,2.98,4.46
"WASouth","Dundas",127.259368896484,-32.2746429443359,0.2,1.53,2.84,8.61,6.52,12.54,3.14,2.69,3.87
"WASouth","Dundas",127.314971923828,-32.2637634277344,0.2,1.53,2.77,8.88,6.7,12.98,3.2,2.74,3.96
"WASouth","Dundas",127.354232788086,-32.2527313232422,0.2,1.52,3.03,9.04,6.81,13.25,2.88,2.5,3.48
"SA","Ceduna",133.767166137695,-32.2666244506836,0.2,2.43,4.08,4.88,3.91,6.64,2.28,2.04,2.65
"SA","Ceduna",133.777847290039,-32.2665901184082,0.2,2.43,4.09,4.87,3.91,6.63,2.27,2.04,2.64
"SA","Ceduna",133.851272583008,-32.2766571044922,0.2,2.46,3.65,4.53,3.67,6.06,2.56,2.25,3.04
"NSW","Mid-Coast",152.529312133789,-32.286075592041,0.2,1.44,2.43,19.35,13.36,31.73,3.26,2.78,4.06
"WASouth","Kwinana",115.753379821777,-32.2424011230469,0.2,1.43,1.98,8.29,6.34,11.87,4.11,3.42,5.26
"WASouth","Dundas",127.42276763916,-32.2359275817871,0.2,1.52,2.26,9.26,6.95,13.61,3.98,3.32,5.11
"WASouth","Dundas",127.463645935059,-32.2284698486328,0.2,1.52,2.21,9.45,7.07,13.94,4.17,3.45,5.4
"WASouth","Dundas",127.521705627441,-32.2205200195312,0.2,1.5,2.17,10.33,7.66,15.44,4.5,3.69,5.9
"SA","Ceduna",133.239868164062,-32.2043533325195,0.2,2.33,3.03,6.8,5.21,9.84,3.76,3.14,4.82
"SA","Ceduna",133.253402709961,-32.2127876281738,0.2,2.31,2.98,7.47,5.66,10.95,4.13,3.4,5.39
"SA","Unincorporated SA",133.678817749023,-32.2343902587891,0.2,2.41,3.62,5.23,4.16,7.21,2.71,2.37,3.25
"WASouth","Kwinana",115.763900756836,-32.2021522521973,0.2,1.43,1.81,8.43,6.43,12.12,4.86,3.97,6.4
"WASouth","Dundas",127.576217651367,-32.1881370544434,0.2,1.5,2.73,10.39,7.68,15.59,3.19,2.74,3.92
"WASouth","Dundas",127.615257263184,-32.1755561828613,0.2,1.5,2.75,10.49,7.75,15.76,3.17,2.72,3.89
"SA","Unincorporated SA",133.150283813477,-32.1936683654785,0.2,2.3,3,7.68,5.79,11.33,4.06,3.36,5.28
"SA","Ceduna",133.3134765625,-32.1855735778809,0.2,2.33,3.09,6.85,5.24,9.9,3.68,3.09,4.69
"SA","Ceduna",133.368133544922,-32.1918525695801,0.2,2.34,3.18,6.47,4.99,9.28,3.45,2.92,4.34
"SA","Ceduna",133.427627563477,-32.1941261291504,0.2,2.36,3.33,6.13,4.76,8.71,3.14,2.69,3.88
"NSW","Mid-Coast",152.538162231445,-32.1926536560059,0.2,1.44,2.28,19.55,13.49,32.06,3.73,3.1,4.79
"WASouth","Cockburn",115.744827270508,-32.1371726989746,0.2,1.41,1.63,9.37,7.04,13.74,6.45,5.08,8.9
"WASouth","Dundas",127.685852050781,-32.149528503418,0.2,2.24,3.51,10.63,7.85,16,3.15,2.71,3.85
"WASouth","Dundas",127.734603881836,-32.137565612793,0.2,2.25,3.53,10.32,7.63,15.5,3.1,2.67,3.79
"SA","Unincorporated SA",133.109451293945,-32.1493606567383,0.2,2.34,3.06,6.58,5.05,9.5,3.55,2.99,4.5
"SA","Ceduna",133.520812988281,-32.1467399597168,0.2,2.44,4.06,4.79,3.86,6.45,2.33,2.08,2.72
"SA","Ceduna",133.578567504883,-32.1495704650879,0.2,2.4,4.03,5.34,4.23,7.38,2.4,2.13,2.81
"NSW","Mid-Coast",152.512573242188,-32.1440925598145,0.2,1.44,2.04,19.56,13.49,32.1,5.02,4.03,6.8
"WASouth","Cockburn",115.75496673584,-32.0969123840332,0.2,1.42,1.97,9.04,6.83,13.17,4.48,3.68,5.85
"WASouth","Dundas",127.791816711426,-32.1241111755371,0.2,2.25,3.52,9.9,7.37,14.73,3.11,2.68,3.81
"WASouth","Dundas",127.841194152832,-32.1121406555176,0.2,2.25,3.5,9.99,7.43,14.89,3.17,2.73,3.9
"WASouth","Dundas",127.893455505371,-32.1038360595703,0.2,2.26,3.54,9.76,7.28,14.49,3.14,2.7,3.84
"WASouth","Dundas",127.937492370605,-32.0988807678223,0.2,2.25,3.54,10.2,7.57,15.24,3.13,2.7,3.82
"WASouth","Dundas",127.981498718262,-32.089427947998,0.2,2.25,3.54,10.24,7.61,15.26,3.16,2.72,3.87
"WASouth","Dundas",128.041961669922,-32.0753326416016,0.2,2.25,3.51,10.09,7.52,14.97,3.2,2.75,3.92
"SA","Unincorporated SA",132.977661132812,-32.1035575866699,0.2,2.29,3.43,7.99,5.99,11.89,3.23,2.75,4.03
"SA","Unincorporated SA",132.992446899414,-32.105827331543,0.2,2.3,3.33,7.93,5.95,11.81,3.44,2.91,4.34
"NSW","Mid-Coast",152.524337768555,-32.1037445068359,0.2,1.44,2.11,19.57,13.5,32.14,4.41,3.63,5.72
"WASouth","Dundas",128.103988647461,-32.0477027893066,0.2,2.26,3.49,9.35,7.05,13.64,3.24,2.78,3.98
"WASouth","Dundas",128.147399902344,-32.0388107299805,0.2,2.26,3.47,9.51,7.14,13.94,3.3,2.83,4.06
"WASouth","Dundas",128.200286865234,-32.0213279724121,0.2,2.26,3.49,9.44,7.09,13.86,3.24,2.78,3.97
"SA","Unincorporated SA",132.216537475586,-32.0306205749512,0.2,2.25,3.3,9.9,7.24,15.25,3.68,3.09,4.69
"SA","Unincorporated SA",132.265014648438,-32.0361747741699,0.2,2.26,3.29,9.3,6.86,14.17,3.65,3.07,4.64
"SA","Unincorporated SA",132.311965942383,-32.0363311767578,0.2,2.26,3.28,9.52,6.99,14.55,3.74,3.13,4.77
"SA","Unincorporated SA",132.916961669922,-32.0495147705078,0.2,2.3,3.45,7.72,5.81,11.44,3.17,2.71,3.93
"NSW","Mid-Coast",152.54850769043,-32.0601654052734,0.2,1.44,2.35,19.88,13.67,32.77,3.4,2.9,4.2
"WASouth","Cottesloe",115.748397827148,-32.0159225463867,0.2,1.41,2.47,9.54,7.19,13.91,3.38,2.88,4.2
"WASouth","Dundas",128.256439208984,-31.9999656677246,0.2,2.26,3.73,9.46,7.12,13.84,3.09,2.66,3.79
"WASouth","Dundas",128.312133789062,-31.983757019043,0.2,2.26,3.66,9.48,7.13,13.92,3.11,2.68,3.81
"SA","Unincorporated SA",132.165283203125,-32.0149269104004,0.2,2.31,3.85,7.32,5.58,10.65,2.78,2.41,3.37
"SA","Unincorporated SA",132.368988037109,-32.0129013061523,0.2,2.27,3.21,8.98,6.64,13.62,3.89,3.24,4.99
"SA","Unincorporated SA",132.472396850586,-32.0139274597168,0.2,2.26,2.89,9.45,6.93,14.51,4.69,3.81,6.22
"SA","Unincorporated SA",132.848297119141,-32.009693145752,0.2,2.28,3.38,8.66,6.42,13.11,3.37,2.86,4.23
"NSW","Mid-Coast",152.568206787109,-32.0073547363281,0.2,1.44,2.19,19.67,13.54,32.38,3.99,3.34,5.05
"WASouth","Dundas",128.368698120117,-31.96462059021,0.2,2.26,3.54,9.52,7.15,13.98,3.24,2.78,3.98
"SA","Unincorporated SA",132.113922119141,-31.9684658050537,0.2,2.3,4.11,7.81,5.9,11.47,2.59,2.28,3.1
"SA","Unincorporated SA",132.520324707031,-31.9427661895752,0.2,2.26,2.78,9.41,6.89,14.48,5.01,4.03,6.75
"SA","Unincorporated SA",132.580688476562,-31.937349319458,0.2,2.27,2.9,9.14,6.72,13.99,4.54,3.7,6
"SA","Unincorporated SA",132.633117675781,-31.9477863311768,0.2,2.27,3.12,8.78,6.49,13.34,3.95,3.28,5.09
"SA","Unincorporated SA",132.677658081055,-31.9606323242188,0.2,2.27,3.35,9.2,6.76,14.09,3.53,2.98,4.45
"SA","Unincorporated SA",132.737106323242,-31.957389831543,0.2,2.28,3.44,8.55,6.34,12.93,3.26,2.78,4.04
"SA","Unincorporated SA",132.793395996094,-31.9670734405518,0.2,2.33,3.66,6.74,5.17,9.71,2.84,2.46,3.43
"NSW","Mid-Coast",152.607528686523,-31.9559078216553,0.2,1.77,2.45,20.6,14.09,34.17,4.44,3.68,5.72
"WASouth","Cambridge",115.747932434082,-31.9169654846191,0.2,1.4,2.76,10.18,7.62,14.99,2.73,2.39,3.28
"WASouth","Dundas",128.386245727539,-31.9521999359131,0.2,2.26,3.54,9.44,7.11,13.81,3.27,2.8,4.03
"WASouth","Dundas",128.428405761719,-31.9378452301025,0.2,2.27,3.53,8.92,6.74,12.98,3.2,2.76,3.93
"WASouth","Dundas",128.470016479492,-31.9254741668701,0.2,2.26,3.37,9.56,7.17,14.06,3.6,3.04,4.51
"SA","Unincorporated SA",132.013717651367,-31.8924770355225,0.2,2.31,3.05,7.39,5.62,10.77,4.06,3.35,5.28
"SA","Unincorporated SA",132.059448242188,-31.9186496734619,0.2,2.3,3.03,7.73,5.84,11.36,4.21,3.46,5.52
"NSW","Mid-Coast",152.631057739258,-31.9270057678223,0.2,1.77,2.52,20.88,14.26,34.72,4,3.36,5.06
"WASouth","Stirling",115.745735168457,-31.8783321380615,0.2,1.4,2.98,10.46,7.79,15.48,2.57,2.27,3.05
"WASouth","Dundas",128.533950805664,-31.8932571411133,0.2,2.26,3.17,9.31,7.01,13.6,4.08,3.39,5.24
"WASouth","Dundas",128.580505371094,-31.8804798126221,0.2,2.26,3.1,9.57,7.18,14.09,4.36,3.59,5.68
"WASouth","Dundas",128.611724853516,-31.8646335601807,0.2,2.26,3.12,9.25,6.97,13.53,4.26,3.52,5.52
"SA","Unincorporated SA",131.970077514648,-31.8648357391357,0.2,2.3,3.66,7.69,5.82,11.3,3.03,2.61,3.73
"WASouth","Dundas",128.681121826172,-31.8330821990967,0.2,2.26,3.05,9.68,7.25,14.28,4.57,3.74,6
"SA","Unincorporated SA",131.866165161133,-31.8002967834473,0.2,2.29,3.63,8.21,6.16,12.19,3.13,2.68,3.87
"SA","Unincorporated SA",131.903350830078,-31.8179912567139,0.2,2.32,3.68,7.24,5.52,10.52,2.93,2.54,3.59
"NSW","Mid-Coast",152.739624023438,-31.8378868103027,0.2,1.77,2.91,19.79,13.64,32.51,2.9,2.55,3.46
"WASouth","Joondalup",115.724632263184,-31.7862281799316,0.2,1.39,3.78,10.7,7.93,15.98,2.16,1.95,2.48
"WASouth","Dundas",128.707641601562,-31.8146839141846,0.2,2.26,3.37,9.58,7.17,14.13,3.59,3.04,4.5
"WASouth","Dundas",128.745147705078,-31.7919063568115,0.2,2.26,3.49,9.67,7.21,14.35,3.27,2.8,4.04
"WASouth","Dundas",128.780517578125,-31.7762622833252,0.2,2.25,3.55,9.78,7.29,14.52,3.23,2.77,3.97
"WASouth","Dundas",128.817230224609,-31.7588386535645,0.2,2.26,3.5,9.72,7.24,14.44,3.33,2.84,4.12
"SA","Unincorporated SA",131.816452026367,-31.7617855072021,0.2,2.31,3.99,7.59,5.75,11.11,2.65,2.32,3.17
"NSW","Mid-Coast",152.768844604492,-31.7700748443604,0.2,1.76,2.75,21.27,14.53,35.33,3.27,2.82,3.99
"WASouth","Joondalup",115.711456298828,-31.7327613830566,0.2,1.38,2.72,11.28,8.31,16.99,3.1,2.66,3.82
"WASouth","Dundas",128.923278808594,-31.7160186767578,0.2,2.25,3.49,9.82,7.3,14.65,3.32,2.84,4.11
"WASouth","Dundas",128.980865478516,-31.6983222961426,0.2,2.26,3.48,9.7,7.23,14.44,3.34,2.85,4.13
"SA","Unincorporated SA",131.749893188477,-31.7228736877441,0.2,2.29,3.91,8.22,6.15,12.24,2.75,2.4,3.31
"NSW","Mid-Coast",152.789184570312,-31.7463817596436,0.2,1.76,2.86,21.72,14.8,36.21,3.05,2.66,3.67
"WASouth","Wanneroo",115.685127258301,-31.6741313934326,0.2,1.38,3.16,11.26,8.29,16.96,2.62,2.31,3.13
"SA","Unincorporated SA",129.05632019043,-31.6806087493896,0.2,2.26,3.32,9.59,7.15,14.24,3.72,3.14,4.69
"SA","Unincorporated SA",129.103088378906,-31.6748466491699,0.2,2.26,3.53,9.62,7.17,14.31,3.36,2.86,4.16
"SA","Unincorporated SA",129.161315917969,-31.6735076904297,0.2,2.26,3.59,9.7,7.22,14.43,3.35,2.86,4.16
"SA","Unincorporated SA",129.220596313477,-31.6642150878906,0.2,2.26,3.49,9.75,7.26,14.52,3.58,3.02,4.49
"SA","Unincorporated SA",129.265991210938,-31.6626873016357,0.2,2.26,3.52,9.63,7.17,14.34,3.5,2.97,4.39
"SA","Unincorporated SA",129.315948486328,-31.6522197723389,0.2,2.26,3.51,9.64,7.17,14.37,3.51,2.98,4.4
"SA","Unincorporated SA",129.355773925781,-31.6487083435059,0.2,2.26,3.61,9.61,7.15,14.34,3.36,2.86,4.18
"SA","Unincorporated SA",129.425933837891,-31.6450424194336,0.2,2.26,3.64,9.68,7.19,14.49,3.32,2.83,4.13
"SA","Unincorporated SA",129.472854614258,-31.6405601501465,0.2,2.26,3.65,9.61,7.14,14.37,3.3,2.82,4.1
"SA","Unincorporated SA",131.651901245117,-31.6733074188232,0.2,2.3,3.91,7.9,5.95,11.67,2.73,2.38,3.28
"SA","Unincorporated SA",131.689712524414,-31.6900215148926,0.2,2.3,3.92,7.94,5.97,11.75,2.71,2.37,3.25
"NSW","Port Macquarie-Hastings",152.797271728516,-31.7039813995361,0.2,1.76,2.68,21.2,14.5,35.17,3.46,2.95,4.28
"WASouth","Wanneroo",115.66731262207,-31.6364288330078,0.2,1.38,2.64,11.34,8.34,17.13,3.2,2.73,3.96
"SA","Unincorporated SA",129.529388427734,-31.6297702789307,0.2,2.26,3.6,9.66,7.17,14.5,3.37,2.87,4.2
"SA","Unincorporated SA",129.572463989258,-31.6263446807861,0.2,2.26,3.67,9.72,7.2,14.61,3.27,2.79,4.05
"SA","Unincorporated SA",129.628784179688,-31.62229347229,0.2,2.26,3.7,9.54,7.08,14.33,3.19,2.73,3.94
"SA","Unincorporated SA",129.693832397461,-31.6235198974609,0.2,2.26,3.76,9.61,7.12,14.47,3.07,2.64,3.76
"SA","Unincorporated SA",129.735946655273,-31.6218967437744,0.2,2.26,3.75,9.68,7.16,14.61,3.07,2.64,3.77
"SA","Unincorporated SA",129.787750244141,-31.6160411834717,0.2,2.25,3.71,9.78,7.23,14.78,3.12,2.68,3.85
"SA","Unincorporated SA",129.832595825195,-31.6155910491943,0.2,2.26,3.64,9.68,7.15,14.62,3.18,2.73,3.94
"SA","Unincorporated SA",131.550842285156,-31.6270198822021,0.2,2.28,3.83,8.37,6.25,12.52,2.85,2.48,3.45
"SA","Unincorporated SA",131.594345092773,-31.6472778320312,0.2,2.28,3.81,8.46,6.31,12.68,2.89,2.51,3.51
"NSW","Port Macquarie-Hastings",152.835205078125,-31.6545162200928,0.2,1.76,2.79,21.63,14.75,36.03,3.18,2.75,3.85
"WASouth","Wanneroo",115.648307800293,-31.6077747344971,0.2,1.38,2.61,11.73,8.62,17.71,3.33,2.84,4.17
"SA","Unincorporated SA",129.888397216797,-31.5991954803467,0.2,2.26,3.5,9.61,7.1,14.52,3.34,2.85,4.16
"SA","Unincorporated SA",129.949752807617,-31.5961685180664,0.2,2.26,3.74,9.52,7.04,14.38,3.07,2.64,3.78
"SA","Unincorporated SA",129.994247436523,-31.5926780700684,0.2,2.26,3.68,9.41,6.97,14.2,3.1,2.66,3.82
"SA","Unincorporated SA",130.050231933594,-31.5961151123047,0.2,2.26,3.81,9.29,6.89,13.98,2.93,2.53,3.57
"SA","Unincorporated SA",130.118804931641,-31.5930976867676,0.2,2.27,3.84,9.2,6.83,13.81,2.87,2.49,3.49
"SA","Unincorporated SA",130.15576171875,-31.5828647613525,0.2,2.27,3.73,9.23,6.85,13.86,3.04,2.62,3.73
"SA","Unincorporated SA",130.215423583984,-31.5854110717773,0.2,2.27,3.8,9.19,6.83,13.8,2.95,2.55,3.6
"SA","Unincorporated SA",130.254623413086,-31.5786609649658,0.2,2.27,3.74,9.13,6.78,13.68,3.01,2.59,3.68
"SA","Unincorporated SA",130.329986572266,-31.5885944366455,0.2,2.27,3.86,9.04,6.73,13.52,2.84,2.47,3.44
"SA","Unincorporated SA",130.372512817383,-31.5924854278564,0.2,2.27,3.91,9.01,6.71,13.45,2.82,2.45,3.41
"SA","Unincorporated SA",130.413299560547,-31.5909996032715,0.2,2.27,3.89,8.92,6.66,13.3,2.85,2.48,3.46
"SA","Unincorporated SA",130.47998046875,-31.599027633667,0.2,2.27,3.86,8.95,6.68,13.36,2.87,2.49,3.49
"SA","Unincorporated SA",130.524963378906,-31.5999298095703,0.2,2.27,3.83,9.02,6.72,13.5,2.92,2.53,3.55
"SA","Unincorporated SA",130.587509155273,-31.5946865081787,0.2,2.27,3.81,9.04,6.73,13.55,2.92,2.53,3.56
"SA","Unincorporated SA",130.632949829102,-31.6012134552002,0.2,2.27,3.88,9.04,6.72,13.57,2.86,2.48,3.47
"SA","Unincorporated SA",130.681182861328,-31.6080703735352,0.2,2.27,3.85,9.2,6.83,13.86,2.9,2.51,3.52
"SA","Unincorporated SA",130.739852905273,-31.609992980957,0.2,2.26,3.9,9.33,6.9,14.11,2.83,2.46,3.42
"SA","Unincorporated SA",130.789611816406,-31.6127681732178,0.2,2.26,3.89,9.26,6.85,13.99,2.89,2.51,3.51
"SA","Unincorporated SA",130.838287353516,-31.6013946533203,0.2,2.26,3.75,9.49,7,14.41,3.08,2.65,3.78
"SA","Unincorporated SA",130.885787963867,-31.5917358398438,0.2,2.26,3.71,9.41,6.94,14.28,3.09,2.65,3.79
"SA","Unincorporated SA",130.931213378906,-31.5771179199219,0.2,2.26,3.63,9.34,6.9,14.18,3.19,2.73,3.94
"SA","Unincorporated SA",131.437576293945,-31.5794830322266,0.2,2.28,3.8,8.61,6.41,12.95,2.91,2.53,3.54
"SA","Unincorporated SA",131.485397338867,-31.5951290130615,0.2,2.29,3.85,7.99,6,11.85,2.76,2.41,3.32
"NSW","Port Macquarie-Hastings",152.850280761719,-31.6034832000732,0.2,1.61,2.47,22.34,15.17,37.42,3.7,3.13,4.64
"WASouth","Wanneroo",115.60888671875,-31.5414657592773,0.2,1.36,3.02,13.03,9.46,19.95,2.83,2.46,3.43
"SA","Unincorporated SA",130.997650146484,-31.5531368255615,0.2,2.26,3.62,9.46,6.97,14.41,3.23,2.76,4
"SA","Unincorporated SA",131.023834228516,-31.5464344024658,0.2,2.26,3.64,9.46,6.96,14.41,3.19,2.73,3.94
"SA","Unincorporated SA",131.380752563477,-31.5541572570801,0.2,2.29,3.59,8.12,6.08,12.1,3.11,2.67,3.82
"NSW","Port Macquarie-Hastings",152.86848449707,-31.545295715332,0.2,1.61,2.47,22.27,15.13,37.26,3.61,3.06,4.5
"WASouth","Wanneroo",115.579460144043,-31.5047473907471,0.2,1.36,3.15,12.77,9.3,19.48,2.66,2.33,3.18
"SA","Unincorporated SA",131.073684692383,-31.5080394744873,0.2,2.26,3.09,9.54,7.01,14.58,4.24,3.49,5.52
"SA","Unincorporated SA",131.278564453125,-31.5154247283936,0.2,2.27,3.43,8.95,6.62,13.56,3.5,2.96,4.4
"SA","Unincorporated SA",131.315841674805,-31.5268726348877,0.2,2.29,3.52,8.33,6.22,12.47,3.23,2.76,4.01
"NSW","Port Macquarie-Hastings",152.907958984375,-31.5069618225098,0.2,1.61,2.54,22.78,15.43,38.27,3.46,2.96,4.27
"WASouth","Wanneroo",115.559936523438,-31.4665012359619,0.2,1.38,2.65,11.64,8.54,17.61,3.2,2.73,3.96
"SA","Unincorporated SA",131.15950012207,-31.4727210998535,0.2,2.27,3.32,9.14,6.74,13.92,3.65,3.07,4.63
"SA","Unincorporated SA",131.206832885742,-31.4837474822998,0.2,2.28,3.41,8.62,6.41,13,3.44,2.91,4.31
"NSW","Port Macquarie-Hastings",152.940475463867,-31.4754161834717,0.2,1.6,2.52,23.23,15.69,39.18,3.52,2.99,4.36
"WASouth","Gingin",115.536895751953,-31.418773651123,0.2,1.38,2.65,11.5,8.45,17.36,3.19,2.73,3.95
"NSW","Port Macquarie-Hastings",152.928359985352,-31.4325828552246,0.2,1.6,2.4,24.38,16.38,41.36,3.87,3.24,4.94
"WASouth","Gingin",115.504013061523,-31.3707466125488,0.2,1.38,2.66,11.25,8.29,16.94,3.15,2.7,3.89
"NSW","Port Macquarie-Hastings",152.935363769531,-31.3760375976562,0.2,1.6,2.4,24.63,16.53,41.88,3.85,3.22,4.89
"WASouth","Gingin",115.452171325684,-31.3046283721924,0.2,1.37,3.25,12.25,8.93,18.69,2.56,2.25,3.04
"NSW","Port Macquarie-Hastings",152.950302124023,-31.3485851287842,0.2,1.6,2.46,24.58,16.5,41.8,3.64,3.08,4.57
"WASouth","Gingin",115.442108154297,-31.2915267944336,0.2,1.39,3.27,11.04,8.15,16.56,2.52,2.22,2.98
"NSW","Port Macquarie-Hastings",152.975173950195,-31.3107528686523,0.2,1.59,2.42,26.35,17.51,45.47,3.83,3.19,4.91
"WASouth","Gingin",115.419357299805,-31.245044708252,0.2,1.38,3.24,11.39,8.39,17.12,2.52,2.23,2.99
"NSW","Kempsey",152.973022460938,-31.2520561218262,0.2,1.59,2.22,27.26,18.01,47.38,4.91,3.96,6.56
"WASouth","Gingin",115.392807006836,-31.1863384246826,0.2,1.35,3.4,14.75,10.51,23.21,2.47,2.19,2.91
"NSW","Kempsey",152.983184814453,-31.1969738006592,0.2,1.59,2.4,27.09,17.91,47.07,3.86,3.23,4.92
"WASouth","Gingin",115.385330200195,-31.1538333892822,0.2,1.35,3.41,14.28,10.2,22.38,2.46,2.18,2.9
"NSW","Kempsey",152.991317749023,-31.1546783447266,0.2,1.59,2.33,28.37,18.62,49.79,4.14,3.44,5.34
"WASouth","Gingin",115.362205505371,-31.1025295257568,0.2,1.34,3.43,15.47,10.93,24.64,2.51,2.22,2.98
"NSW","Kempsey",153.032028198242,-31.1024646759033,0.2,1.59,2.43,28.39,18.64,49.79,3.73,3.15,4.7
"WASouth","Gingin",115.342430114746,-31.0608196258545,0.2,1.34,3.32,15.55,10.95,24.89,2.57,2.26,3.07
"NSW","Kempsey",153.056930541992,-31.0748081207275,0.2,1.59,2.46,26.53,17.57,46,3.62,3.06,4.54
"WASouth","Gingin",115.320510864258,-31.0287113189697,0.2,1.32,3.28,17.87,12.36,29.32,2.68,2.35,3.22
"NSW","Kempsey",153.043502807617,-31.0297470092773,0.2,1.58,2.25,29.55,19.22,52.6,4.71,3.8,6.34
"WASouth","Gingin",115.295783996582,-30.9604682922363,0.2,1.32,3.25,17.9,12.35,29.49,2.72,2.37,3.28
"NSW","Kempsey",153.046813964844,-30.9842147827148,0.2,1.58,2.32,30.62,19.83,54.8,4.22,3.47,5.52
"WASouth","Gingin",115.276443481445,-30.930419921875,0.2,1.32,3.22,18.41,12.63,30.6,2.73,2.38,3.29
"NSW","Kempsey",153.088363647461,-30.9275894165039,0.2,1.59,2.41,27.26,17.95,47.67,3.89,3.26,4.96
"WASouth","Dandaragan",115.240005493164,-30.8705768585205,0.2,1.32,3.25,18.61,12.72,31.09,2.7,2.36,3.26
"NSW","Kempsey",153.085525512695,-30.8952293395996,0.2,1.58,2.34,32.27,20.72,58.51,4.37,3.55,5.81
"WASouth","Dandaragan",115.187698364258,-30.8250331878662,0.2,1.32,3.28,17.87,12.3,29.61,2.73,2.38,3.3
"NSW","Kempsey",153.030914306641,-30.8714618682861,0.2,1.57,2.2,36.12,22.78,67.18,5.19,4.13,7.1
"WASouth","Dandaragan",115.184829711914,-30.798412322998,0.2,1.32,3.26,18.17,12.5,30.1,2.72,2.38,3.28
"NSW","Kempsey",153.005218505859,-30.7961273193359,0.2,1.72,2.42,35.92,22.67,66.78,4.74,3.81,6.44
"WASouth","Dandaragan",115.154327392578,-30.7313938140869,0.2,1.32,3.32,19.04,13,31.88,2.67,2.33,3.21
"NSW","Nambucca Valley",153.005493164062,-30.7533626556396,0.2,1.72,2.43,35.73,22.55,66.41,4.74,3.81,6.41
"WASouth","Dandaragan",115.146286010742,-30.7076206207275,0.2,1.32,4.12,18.74,12.8,31.36,2.21,1.98,2.57
"NSW","Nambucca Valley",152.995315551758,-30.7101802825928,0.2,1.72,2.32,36.74,23.1,68.66,5.62,4.41,7.84
"WASouth","Dandaragan",115.127380371094,-30.6585559844971,0.2,1.32,3.56,18.08,12.39,30.17,2.48,2.19,2.94
"NSW","Nambucca Valley",153.004257202148,-30.6698932647705,0.2,1.72,2.32,36.85,23.15,68.93,5.71,4.5,7.95
"WASouth","Dandaragan",115.111801147461,-30.6207237243652,0.2,1.36,3.61,13.25,9.5,20.73,2.42,2.14,2.86
"NSW","Nambucca Valley",153.019149780273,-30.6265201568604,0.2,1.72,2.48,37.26,23.39,69.79,4.48,3.64,5.97
"WASouth","Dandaragan",115.083290100098,-30.5732135772705,0.2,1.34,3.59,16.02,11.16,26.14,2.47,2.18,2.92
"NSW","Nambucca Valley",153.019500732422,-30.5769462585449,0.2,1.72,2.49,37.83,23.71,70.96,4.4,3.59,5.82
"WASouth","Dandaragan",115.075393676758,-30.5281600952148,0.2,1.37,3.63,12.63,9.14,19.49,2.43,2.15,2.88
"NSW","Bellingen",153.031387329102,-30.5263671875,0.2,1.72,2.46,38.08,23.85,71.48,4.59,3.73,6.11
"WASouth","Dandaragan",115.053398132324,-30.501594543457,0.2,1.34,3.56,15.07,10.58,24.31,2.49,2.2,2.96
"NSW","Bellingen",153.044219970703,-30.4817237854004,0.2,1.72,2.43,38.51,24.08,72.43,4.74,3.85,6.32
"WASouth","Dandaragan",115.047470092773,-30.4367961883545,0.2,1.34,2.97,15.22,10.7,24.49,3.07,2.64,3.78
"NSW","Coffs Harbour",153.076995849609,-30.4302654266357,0.2,1.72,2.41,38.77,24.28,72.69,4.74,3.85,6.31
"WASouth","Dandaragan",115.044143676758,-30.4008903503418,0.2,1.35,2.96,14.29,10.14,22.68,3.02,2.61,3.71
"NSW","Coffs Harbour",153.092559814453,-30.3893413543701,0.2,1.72,2.4,39.04,24.4,73.46,4.95,4.01,6.59
"WASouth","Dandaragan",115.02587890625,-30.3309841156006,0.2,1.36,3.12,13.62,9.74,21.37,2.86,2.48,3.47
"NSW","Coffs Harbour",153.126800537109,-30.3319225311279,0.2,1.72,2.38,39.47,24.63,74.44,5.12,4.14,6.83
"WASouth","Dandaragan",114.994132995605,-30.235387802124,0.2,1.32,3.48,18.73,12.78,31.41,2.66,2.32,3.19
"NSW","Coffs Harbour",153.156356811523,-30.2409725189209,0.2,1.72,3.14,38.93,24.39,72.91,2.92,2.51,3.6
"WASouth","Dandaragan",114.994964599609,-30.2107048034668,0.2,1.4,3.24,10.44,7.78,15.47,2.71,2.37,3.25
"NSW","Coffs Harbour",153.176498413086,-30.1921348571777,0.2,1.72,2.47,39.37,24.65,73.81,4.54,3.72,5.93
"WASouth","Dandaragan",115.000297546387,-30.169246673584,0.2,1.36,3.43,13.69,9.77,21.54,2.71,2.36,3.27
"NSW","Coffs Harbour",153.206909179688,-30.1587238311768,0.2,1.72,2.31,38.44,24.2,71.47,6.01,4.76,8.25
"WASouth","Coorow",114.99592590332,-30.1270275115967,0.2,1.39,3.87,10.86,8.06,16.18,2.4,2.12,2.84
"NSW","Coffs Harbour",153.213607788086,-30.1134433746338,0.2,1.72,2.53,39.9,24.96,74.89,4.4,3.61,5.77
"WASouth","Coorow",114.980415344238,-30.0796737670898,0.2,1.41,3.51,9.84,7.41,14.38,2.59,2.27,3.09
"NSW","Coffs Harbour",153.208786010742,-30.0711421966553,0.2,1.71,2.29,40.73,25.4,76.77,5.89,4.66,8.09
"WASouth","Coorow",114.954887390137,-30.0253677368164,0.2,1.38,3.27,11.4,8.4,17.14,2.79,2.43,3.36
"NSW","Coffs Harbour",153.215179443359,-30.0229415893555,0.2,1.72,2.67,39.51,24.78,73.87,4.08,3.36,5.33
"WASouth","Coorow",114.95531463623,-29.9851188659668,0.2,1.38,4.22,12.03,8.77,18.35,2.16,1.95,2.49
"NSW","Coffs Harbour",153.238662719727,-29.9773464202881,0.2,1.72,2.33,38.82,24.42,72.21,5.8,4.6,7.96
"WASouth","Coorow",114.968734741211,-29.9450035095215,0.2,1.36,2.62,13.35,9.59,20.78,3.47,2.95,4.32
"NSW","Clarence Valley",153.275238037109,-29.9223747253418,0.2,1.71,2.94,40.08,25.1,75.01,3.46,2.91,4.4
"WASouth","Carnamah",114.973503112793,-29.8855590820312,0.2,1.36,2.87,12.98,9.38,20.04,3.21,2.75,3.97
"NSW","Clarence Valley",153.280456542969,-29.8977203369141,0.2,1.72,2.27,38.96,24.52,72.43,6.61,5.15,9.29
"WASouth","Carnamah",114.972312927246,-29.8436660766602,0.2,1.37,3.08,12.67,9.2,19.43,3.03,2.61,3.72
"NSW","Clarence Valley",153.294281005859,-29.8302783966064,0.2,1.54,2.6,39.41,24.76,73.42,3.94,3.26,5.12
"WASouth","Carnamah",114.957695007324,-29.8063068389893,0.2,1.37,2.92,12.57,9.14,19.23,3.23,2.76,4
"NSW","Clarence Valley",153.29426574707,-29.8049736022949,0.2,1.54,2.43,39.64,24.91,73.8,4.52,3.67,6.02
"WASouth","Carnamah",114.952522277832,-29.757698059082,0.2,1.39,2.87,10.92,8.11,16.26,3.13,2.7,3.84
"NSW","Clarence Valley",153.297424316406,-29.755256652832,0.2,1.54,2.32,40.08,25.14,74.81,4.9,3.93,6.66
"WASouth","Carnamah",114.951667785645,-29.71044921875,0.2,1.39,2.98,11.1,8.22,16.55,3.05,2.63,3.72
"NSW","Clarence Valley",153.313415527344,-29.7081756591797,0.2,1.54,2.33,41.43,25.82,78.1,5.07,4.04,6.94
"WASouth","Irwin",114.953964233398,-29.6772804260254,0.2,1.4,3.18,10.39,7.76,15.32,2.82,2.46,3.39
"NSW","Clarence Valley",153.332794189453,-29.6719799041748,0.2,1.54,2.29,40.79,25.45,76.77,5.41,4.29,7.45
"WASouth","Irwin",114.954727172852,-29.6415576934814,0.2,1.39,2.88,10.93,8.11,16.27,3.21,2.76,3.94
"NSW","Clarence Valley",153.342529296875,-29.6138515472412,0.2,1.54,2.3,41.37,25.77,78.04,5.47,4.32,7.57
"WASouth","Irwin",114.970321655273,-29.5824966430664,0.2,1.4,2.87,10.1,7.58,14.79,3.16,2.72,3.88
"NSW","Clarence Valley",153.343475341797,-29.5742435455322,0.2,1.54,2.26,41.71,25.98,78.67,5.58,4.39,7.78
"WASouth","Irwin",114.977729797363,-29.5372772216797,0.2,1.41,2.88,9.9,7.46,14.43,3.16,2.72,3.87
"WASouth","Irwin",114.978500366211,-29.4595909118652,0.2,1.4,2.84,9.82,7.42,14.26,3.31,2.83,4.1
"NSW","Clarence Valley",153.368377685547,-29.4821014404297,0.2,1.54,2.28,39.76,24.96,74.15,5.59,4.39,7.82
"WASouth","Irwin",114.967781066895,-29.4326305389404,0.2,1.39,2.62,10.15,7.63,14.83,3.7,3.11,4.66
"WASouth","Irwin",114.954193115234,-29.3937854766846,0.2,1.4,2.65,10,7.53,14.57,3.67,3.1,4.63
"NSW","Clarence Valley",153.371276855469,-29.3912181854248,0.2,1.54,2.32,40.55,25.36,76.03,5.28,4.18,7.33
"WASouth","Irwin",114.926536560059,-29.3203926086426,0.2,1.37,2.74,11.72,8.64,17.57,3.59,3.04,4.51
"NSW","Clarence Valley",153.365295410156,-29.3581199645996,0.2,1.54,2.17,38.99,24.53,72.51,6.44,4.97,9.24
"WASouth","Irwin",114.913864135742,-29.2869644165039,0.2,1.37,2.71,11.56,8.53,17.3,3.64,3.07,4.59
"NSW","Clarence Valley",153.348754882812,-29.3042602539062,0.2,1.54,2.12,39.23,24.65,73.12,6.87,5.25,9.97
"WASouth","Irwin",114.909912109375,-29.2444686889648,0.2,1.36,2.33,12.32,9.01,18.67,4.94,3.98,6.63
"NSW","Richmond Valley",153.368148803711,-29.2545299530029,0.2,1.54,2.13,39.67,24.88,74.14,7.29,5.54,10.64
"WASouth","Irwin",114.88712310791,-29.1897125244141,0.2,1.35,2.31,13.14,9.52,20.2,5.11,4.1,6.91
"NSW","Richmond Valley",153.411026000977,-29.1963233947754,0.2,1.55,2.32,37.29,23.59,68.83,5.95,4.64,8.4
"WASouth","Irwin",114.873435974121,-29.1469745635986,0.2,1.36,2.32,12.94,9.39,19.85,5.3,4.23,7.24
"NSW","Richmond Valley",153.452331542969,-29.1486778259277,0.2,1.54,2.33,38.14,24.07,70.63,6.38,4.92,9.15
"WASouth","Irwin",114.856018066406,-29.1050128936768,0.2,1.35,2.58,13.16,9.52,20.26,4.46,3.65,5.87
"WASouth","Greater Geraldton",114.816383361816,-29.0628108978271,0.2,1.34,2.55,14.69,10.45,23.2,4.99,4.01,6.74
"NSW","Richmond Valley",153.446487426758,-29.0618591308594,0.2,1.55,2.19,36.23,23.07,66.24,6.86,5.24,9.97
"WASouth","Greater Geraldton",114.758316040039,-29.0034446716309,0.2,1.34,2.27,14.74,10.48,23.3,6.36,4.93,9.03
"NSW","Richmond Valley",153.464874267578,-29.0198650360107,0.2,1.55,2.25,33.14,21.39,59.43,6.31,4.89,8.96
"WASouth","Greater Geraldton",114.707145690918,-28.9571838378906,0.2,1.33,2.4,15.3,10.8,24.42,5.69,4.49,7.88
"NSW","Ballina",153.507629394531,-28.9700202941895,0.2,1.64,2.36,34.82,22.31,63.07,6.76,5.2,9.71
"WASouth","Greater Geraldton",114.663841247559,-28.9155330657959,0.2,1.34,2.45,15.12,10.69,24.06,5.53,4.38,7.61
"NSW","Ballina",153.529373168945,-28.9397678375244,0.2,1.64,2.39,35.01,22.41,63.51,6.46,5,9.21
"WASouth","Greater Geraldton",114.63501739502,-28.8812580108643,0.2,1.33,2.51,15.35,10.83,24.53,5.15,4.12,6.98
"NSW","Ballina",153.580993652344,-28.8838138580322,0.2,1.65,2.41,32.73,21.22,58.26,6.21,4.83,8.78
"WASouth","Greater Geraldton",114.618743896484,-28.8406734466553,0.2,1.34,2.47,14.16,10.12,22.23,5.15,4.13,6.95
"NSW","Ballina",153.611129760742,-28.808500289917,0.2,1.63,2.81,40.26,25.26,75.11,3.59,3.01,4.55
"WASouth","Greater Geraldton",114.592399597168,-28.7682914733887,0.2,1.36,2.42,12.21,8.89,18.68,5.56,4.42,7.6
"NSW","Byron",153.61198425293,-28.7380924224854,0.2,1.63,2.27,41.23,25.75,77.46,6.94,5.32,9.99
"WASouth","Greater Geraldton",114.604347229004,-28.6926441192627,0.2,1.37,2.18,11.96,8.74,18.22,6.13,4.83,8.49
"NSW","Byron",153.620986938477,-28.7066612243652,0.2,1.63,2.55,39.5,24.84,73.45,4.34,3.56,5.69
"WASouth","Chapman Valley",114.600944519043,-28.645206451416,0.2,1.37,2.16,11.48,8.43,17.36,6.47,5.05,9.09
"NSW","Byron",153.631103515625,-28.6545715332031,0.2,1.63,2.27,39.87,25.01,74.44,7.31,5.58,10.61
"WASouth","Chapman Valley",114.577018737793,-28.5933303833008,0.2,1.35,2.11,13.17,9.49,20.41,7.5,5.72,10.88
"NSW","Byron",153.582260131836,-28.6068649291992,0.2,1.63,2.17,45,27.7,86.31,6.53,5.02,9.39
"WASouth","Chapman Valley",114.562286376953,-28.5574893951416,0.2,1.38,2.48,11.34,8.35,17.09,5.15,4.16,6.88
"NSW","Byron",153.569381713867,-28.5657405853271,0.2,1.63,2.23,44.32,27.34,84.77,6.04,4.68,8.65
"WASouth","Northampton",114.522659301758,-28.5005149841309,0.2,1.35,2.41,13.84,9.92,21.65,5.86,4.65,8.03
"NSW","Byron",153.555862426758,-28.5195655822754,0.2,1.63,2.24,44.56,27.45,85.4,5.93,4.62,8.39
"WASouth","Northampton",114.488052368164,-28.4559593200684,0.2,1.34,2.32,14.57,10.38,22.96,6.65,5.17,9.36
"NSW","Tweed",153.559204101562,-28.4693031311035,0.2,1.63,2.24,43.64,26.95,83.35,6.07,4.72,8.59
"WASouth","Northampton",114.442192077637,-28.413272857666,0.2,1.34,2.04,14.49,10.32,22.83,8.49,6.36,12.62
"NSW","Tweed",153.563735961914,-28.4232139587402,0.2,1.63,2.24,44.37,27.29,85.29,6.27,4.85,8.94
"WASouth","Northampton",114.402420043945,-28.3563499450684,0.2,1.35,1.99,13.52,9.71,21.06,8.35,6.27,12.36
"NSW","Tweed",153.575973510742,-28.3762855529785,0.2,1.63,2.36,43.92,27.02,84.46,5.45,4.31,7.54
"WASouth","Northampton",114.371124267578,-28.3124885559082,0.2,1.35,1.92,13.71,9.83,21.39,9.27,6.85,14.04
"NSW","Tweed",153.579727172852,-28.3339424133301,0.2,1.58,2.31,43.64,26.87,83.82,5.29,4.19,7.3
"WASouth","Northampton",114.337631225586,-28.2735595703125,0.2,1.35,2.07,13.36,9.62,20.77,7.95,6,11.68
"NSW","Tweed",153.582611083984,-28.2861995697021,0.2,1.58,2.2,42.56,26.31,81.28,6.77,5.18,9.82
"WASouth","Northampton",114.274604797363,-28.2169628143311,0.2,1.34,2.06,14.54,10.35,22.96,7.42,5.66,10.75
"NSW","Tweed",153.573059082031,-28.2406616210938,0.2,1.58,2.16,42.79,26.43,81.79,6.39,4.93,9.17
"WASouth","Northampton",114.231704711914,-28.1851711273193,0.2,1.34,2.11,14.13,10.09,22.22,6.45,5.02,9.07
"NSW","Tweed",153.579681396484,-28.1937599182129,0.2,1.58,2.09,43.66,26.81,84.29,7.43,5.65,10.86
"WASouth","Northampton",114.173194885254,-28.1166114807129,0.2,1.34,2.26,14.59,10.36,23.13,5.41,4.31,7.39
"WASouth","Northampton",114.164390563965,-28.0951652526855,0.2,1.37,2.49,12.03,8.74,18.5,3.63,3.07,4.57
"QLDSouth","Gold Coast",153.467559814453,-28.1045627593994,0.2,1.58,2.26,40.17,25.05,75.76,4.91,3.91,6.77
"WASouth","Northampton",114.156120300293,-28.0480766296387,0.2,1.35,2.43,13.42,9.63,20.94,3.88,3.25,4.93
"QLDSouth","Gold Coast",153.447174072266,-28.0567150115967,0.2,1.61,2.18,38.68,24.25,72.43,6.13,4.75,8.74
"WASouth","Northampton",114.14404296875,-27.9935626983643,0.2,1.34,2.46,14.29,10.16,22.6,4.01,3.32,5.18
"QLDSouth","Gold Coast",153.434448242188,-28.0055713653564,0.2,1.61,2.19,38.85,24.3,72.98,6.21,4.81,8.85
"WASouth","Northampton",114.133796691895,-27.9583473205566,0.2,1.34,3.23,14.65,10.41,23.15,3,2.58,3.72
"WASouth","Northampton",114.119079589844,-27.9107761383057,0.2,1.33,3.34,15.82,11.13,25.34,2.91,2.5,3.58
"WASouth","Northampton",114.106117248535,-27.8597660064697,0.2,1.33,3.47,15.56,10.97,24.86,2.72,2.37,3.3
"WASouth","Northampton",114.104621887207,-27.8098220825195,0.2,1.33,2.79,15.92,11.19,25.55,3.53,2.96,4.5
"WASouth","Northampton",114.114044189453,-27.7759704589844,0.2,1.33,2.68,16.38,11.46,26.44,3.76,3.12,4.85
"QLDSouth","Gold Coast",153.447219848633,-27.773681640625,0.2,1.62,2.22,35.77,22.58,66.47,7.8,5.84,11.68
"WASouth","Northampton",114.135856628418,-27.7431621551514,0.2,1.33,2.62,15.61,11.03,24.83,3.82,3.18,4.92
"QLDSouth","Redland",153.458358764648,-27.7240924835205,0.2,1.62,2.28,35.51,22.42,65.98,6.99,5.31,10.27
"WASouth","Northampton",114.146865844727,-27.6679363250732,0.2,1.32,2.61,17.05,11.87,27.73,3.97,3.27,5.19
"QLDSouth","Redland",153.468841552734,-27.6832008361816,0.2,1.62,2.31,35.96,22.66,67,6.62,5.07,9.6
"WASouth","Northampton",114.140434265137,-27.6351852416992,0.2,1.32,2.6,17.51,12.14,28.65,4.22,3.44,5.6
"QLDSouth","Redland",153.46989440918,-27.6331539154053,0.2,1.61,2.31,40.47,25.03,77.45,6.62,5.07,9.6
"WASouth","Northampton",114.118461608887,-27.5770015716553,0.2,1.32,3.31,17.48,12.14,28.53,2.96,2.55,3.65
"QLDSouth","Redland",153.488403320312,-27.5784130096436,0.2,1.96,2.64,36.09,22.67,67.64,7.32,5.56,10.72
"WASouth","Northampton",114.10563659668,-27.5376720428467,0.2,1.32,3.14,17.43,12.12,28.37,3.14,2.68,3.92
"QLDSouth","Redland",153.295120239258,-27.5337238311768,0.2,1.95,2.29,44.71,27.05,88.53,10.46,7.6,16.19
"QLDSouth","Redland",153.505752563477,-27.5359077453613,0.2,1.96,2.64,35.7,22.45,66.8,7.33,5.58,10.67
"WASouth","Northampton",114.091400146484,-27.4873790740967,0.2,1.32,3.35,17.76,12.32,29.01,2.89,2.49,3.54
"QLDSouth","Redland",153.333679199219,-27.4929122924805,0.2,1.94,2.28,48.39,28.93,97.47,11.26,8.12,17.61
"QLDSouth","Redland",153.37434387207,-27.4909057617188,0.2,1.94,2.28,47.61,28.61,95.1,10.96,7.94,17.04
"QLDSouth","Redland",153.531661987305,-27.4719638824463,0.2,1.96,2.68,36.28,22.76,68.09,6.56,5.07,9.35
"WASouth","Northampton",114.061492919922,-27.4315166473389,0.2,1.32,2.74,17.57,12.23,28.55,3.85,3.2,4.98
"QLDSouth","Redland",153.244369506836,-27.4651298522949,0.2,1.94,2.29,50.76,29.92,104.66,10.67,7.77,16.49
"QLDSouth","Redland",153.359146118164,-27.4843215942383,0.2,1.94,2.28,46.9,28.2,93.6,11.11,8.03,17.3
"QLDSouth","Redland",153.547256469727,-27.4374237060547,0.2,1.95,2.67,41.1,25.32,79.15,6.7,5.14,9.7
"WASouth","Northampton",114.043167114258,-27.3897266387939,0.2,1.32,2.58,17.89,12.4,29.22,4.43,3.59,5.93
"QLDSouth","Brisbane",153.401565551758,-27.3549575805664,0.2,1.95,2.19,44.71,27.06,88.46,14.9,10.43,24.17
"QLDSouth","Redland",153.522552490234,-27.4183692932129,0.2,1.94,2.52,46.19,27.94,91.28,5.85,4.55,8.3
"WASouth","Northampton",114.017066955566,-27.3340930938721,0.2,1.32,3.09,17.76,12.34,28.92,3.18,2.72,3.95
"QLDSouth","Brisbane",153.416473388672,-27.3524513244629,0.2,1.95,2.19,44.73,27.12,88.28,14.99,10.49,24.33
"QLDSouth","Brisbane",153.440856933594,-27.340763092041,0.2,1.94,3.07,49.28,29.49,98.99,3.25,2.75,4.11
"WASouth","Northampton",113.987716674805,-27.2875595092773,0.2,1.31,2.93,18.24,12.62,29.86,3.42,2.89,4.31
"QLDSouth","Brisbane",153.186660766602,-27.3478660583496,0.2,1.93,2.31,55.19,32.18,115.41,11.21,8.08,17.59
"WASouth","Northampton",113.968650817871,-27.2540225982666,0.2,1.31,2.95,18.28,12.64,29.97,3.45,2.91,4.35
"QLDSouth","Moreton Bay",153.117752075195,-27.249116897583,0.2,1.93,2.32,54.14,31.7,112.52,10.27,7.48,15.89
"WANorth","Shark Bay",113.934410095215,-27.1946182250977,0.2,1.31,2.59,18.85,12.97,31.11,4.22,3.47,5.53
"QLDSouth","Moreton Bay",153.122039794922,-27.206563949585,0.2,1.93,2.33,53.96,31.63,111.91,10.14,7.4,15.65
"WANorth","Shark Bay",113.906616210938,-27.1532363891602,0.2,1.31,2.86,19.62,13.41,32.71,3.6,3.03,4.56
"QLDSouth","Moreton Bay",153.116012573242,-27.1891937255859,0.2,1.93,2.33,54.62,31.95,113.62,9.98,7.29,15.34
"WANorth","Shark Bay",113.880958557129,-27.1076793670654,0.2,1.3,2.44,19.9,13.57,33.3,4.69,3.81,6.23
"QLDSouth","Moreton Bay",153.197082519531,-27.0994625091553,0.2,1.93,2.55,53.9,31.64,111.52,6.69,5.17,9.54
"WANorth","Shark Bay",113.85131072998,-27.0595798492432,0.2,1.3,3.07,20.32,13.81,34.17,3.3,2.81,4.13
"QLDSouth","Moreton Bay",153.209136962891,-27.0748748779297,0.2,1.94,2.54,53.48,31.3,111.36,6.98,5.35,10.1
"WANorth","Shark Bay",113.82349395752,-27.0176544189453,0.2,1.3,3.02,20.93,14.16,35.41,3.36,2.85,4.21
"QLDSouth","Moreton Bay",153.187713623047,-27.0352001190186,0.2,1.93,2.59,54.04,31.75,111.61,6.24,4.85,8.85
"WANorth","Shark Bay",113.789260864258,-26.9580612182617,0.2,1.3,3.07,21.29,14.36,36.17,3.32,2.82,4.16
"QLDSouth","Moreton Bay",153.166458129883,-26.9934272766113,0.2,1.67,2.34,59.76,34.58,126.13,6.2,4.81,8.81
"WANorth","Shark Bay",113.756118774414,-26.9057579040527,0.2,1.52,3.33,21.9,14.72,37.4,3.36,2.84,4.23
"QLDSouth","Sunshine Coast",153.150405883789,-26.933385848999,0.2,1.66,2.11,77.12,42.76,173.27,9.56,7.02,14.61
"WANorth","Shark Bay",113.716842651367,-26.859920501709,0.2,1.52,3.32,22.29,14.94,38.22,3.43,2.9,4.35
"QLDSouth","Sunshine Coast",153.138488769531,-26.8879661560059,0.2,1.66,2.44,80.24,44.25,181.62,4.66,3.76,6.28
"WANorth","Shark Bay",113.699493408203,-26.8327312469482,0.2,1.51,3.3,22.81,15.22,39.35,3.52,2.96,4.48
"QLDSouth","Sunshine Coast",153.137466430664,-26.8345317840576,0.2,1.66,2.3,75.52,42.11,168.07,6.08,4.74,8.57
"WANorth","Shark Bay",113.653076171875,-26.7785549163818,0.2,1.51,3.29,23.18,15.42,40.15,3.58,3,4.55
"QLDSouth","Sunshine Coast",153.154235839844,-26.7919158935547,0.2,1.66,3.06,71.94,40.53,157.63,3.01,2.59,3.71
"WANorth","Shark Bay",113.611312866211,-26.7192153930664,0.2,1.51,3.31,23.35,15.52,40.52,3.5,2.96,4.42
"QLDSouth","Sunshine Coast",153.140274047852,-26.7403335571289,0.2,1.67,2.49,64.67,37.08,138.12,4.79,3.86,6.45
"WANorth","Shark Bay",113.591339111328,-26.6928386688232,0.2,1.51,3.3,23.62,15.66,41.13,3.49,2.95,4.4
"WANorth","Shark Bay",113.548553466797,-26.6462440490723,0.2,1.51,3.27,23.62,15.64,41.25,3.58,3.01,4.52
"QLDSouth","Sunshine Coast",153.140197753906,-26.6791191101074,0.2,1.67,2.47,62.66,36.12,132.79,5.1,4.07,6.93
"WANorth","Shark Bay",113.485038757324,-26.5832023620605,0.2,1.51,3.31,24.75,16.25,43.8,3.45,2.93,4.32
"QLDSouth","Sunshine Coast",153.102966308594,-26.6068859100342,0.2,1.67,2.41,58.34,33.94,122.08,5.47,4.34,7.53
"WANorth","Shark Bay",113.431434631348,-26.5368385314941,0.2,1.51,3.26,24.66,16.17,43.71,3.66,3.08,4.62
"QLDSouth","Sunshine Coast",153.10090637207,-26.5563278198242,0.2,1.68,2.46,52.88,31.18,108.65,5.07,4.06,6.86
"WANorth","Shark Bay",113.392501831055,-26.5031471252441,0.2,1.51,3.31,24.79,16.21,44.13,3.48,2.94,4.37
"QLDSouth","Sunshine Coast",153.098251342773,-26.5055313110352,0.2,1.68,2.41,53.18,31.32,109.46,5.76,4.54,7.98
"WANorth","Shark Bay",113.339424133301,-26.4473876953125,0.2,1.51,3.33,24.76,16.18,44.17,3.49,2.95,4.38
"QLDSouth","Noosa",153.107833862305,-26.4570808410645,0.2,1.68,2.43,52.18,30.81,107,5.73,4.52,7.92
"WANorth","Shark Bay",113.295753479004,-26.400369644165,0.2,1.51,2.25,24.49,16.06,43.45,5.86,4.66,7.99
"QLDSouth","Noosa",153.120483398438,-26.4043865203857,0.2,1.68,2.48,50.55,29.98,103.03,5.4,4.3,7.38
"WANorth","Shark Bay",113.287734985352,-26.361421585083,0.2,1.51,2.63,24.88,16.24,44.5,4.65,3.79,6.13
"WANorth","Shark Bay",113.277931213379,-26.3147201538086,0.2,1.51,2.62,24.81,16.2,44.32,5.11,4.11,6.89
"QLDSouth","Noosa",153.066970825195,-26.3208141326904,0.2,1.68,2.25,47.92,28.63,96.69,7.18,5.5,10.33
"WANorth","Shark Bay",113.243339538574,-26.2524394989014,0.2,1.51,3.29,24.68,16.12,44.04,3.45,2.92,4.34
"QLDSouth","Noosa",153.074661254883,-26.273588180542,0.2,1.69,2.31,44.88,27.06,89.42,6.66,5.16,9.45
"WANorth","Shark Bay",113.19229888916,-26.1995239257812,0.2,1.51,3.19,24.72,16.15,44.16,3.73,3.13,4.74
"QLDSouth","Noosa",153.084457397461,-26.2195510864258,0.2,1.69,2.44,43.65,26.41,86.57,5.8,4.58,8.02
"WANorth","Shark Bay",113.170143127441,-26.1732273101807,0.2,1.51,3.18,24.81,16.19,44.38,3.74,3.13,4.77
"QLDSouth","Noosa",153.100616455078,-26.1734504699707,0.2,1.69,2.48,42.81,25.96,84.64,5.62,4.45,7.73
"WANorth","Shark Bay",113.158309936523,-26.1391716003418,0.2,1.51,2.66,24.22,15.82,43.3,3.6,3.04,4.51
"QLDSouth","Gympie",153.111801147461,-26.1201992034912,0.2,1.69,2.48,42.99,26.04,85.13,5.73,4.53,7.92
"WANorth","Shark Bay",113.15983581543,-26.0855331420898,0.2,1.51,3.18,23.87,15.65,42.42,3.42,2.89,4.29
"QLDSouth","Gympie",153.129623413086,-26.08131980896,0.2,1.69,2.55,42.19,25.61,83.33,5.39,4.3,7.35
"WANorth","Shark Bay",113.12956237793,-26.0266876220703,0.2,1.51,3.29,23.37,15.37,41.33,3.47,2.93,4.37
"WANorth","Shark Bay",113.279312133789,-26.0415687561035,0.2,1.75,2.55,5.63,4.39,7.96,2.74,2.38,3.33
"WANorth","Shark Bay",113.360961914062,-26.0402011871338,0.2,1.77,2.58,5.3,4.17,7.4,2.64,2.31,3.19
"WANorth","Carnarvon",114.206573486328,-26.0333461761475,0.2,1.86,2.63,4.24,3.49,5.56,2.5,2.21,2.94
"QLDSouth","Gympie",153.154998779297,-26.0190143585205,0.2,1.69,2.6,41.84,25.42,82.61,5.14,4.13,6.92
"WANorth","Shark Bay",113.074462890625,-25.9681720733643,0.2,1.51,3.31,22.83,15.07,40.19,3.62,3.04,4.59
"WANorth","Shark Bay",113.201103210449,-25.997106552124,0.2,1.76,2.54,5.47,4.29,7.68,2.76,2.39,3.36
"WANorth","Shark Bay",113.549812316895,-25.973316192627,0.2,1.74,2.53,5.77,4.51,8.12,2.92,2.52,3.57
"WANorth","Carnarvon",114.191688537598,-25.990837097168,0.2,1.86,2.62,4.24,3.48,5.56,2.53,2.23,2.98
"QLDSouth","Gympie",153.177352905273,-25.9748039245605,0.2,1.69,2.59,40.43,24.66,79.4,5.25,4.21,7.1
"WANorth","Shark Bay",113.044639587402,-25.9309673309326,0.2,1.51,3.37,23.26,15.3,41.16,3.19,2.73,3.94
"WANorth","Shark Bay",113.154029846191,-25.9391899108887,0.2,1.75,2.53,5.57,4.36,7.87,2.79,2.41,3.41
"WANorth","Carnarvon",114.213706970215,-25.9665393829346,0.2,1.87,2.65,4.12,3.39,5.39,2.48,2.2,2.92
"QLDSouth","Gympie",153.196014404297,-25.9365634918213,0.2,2.56,3.5,41.15,25.04,81.1,4.98,4.03,6.67
"WANorth","Shark Bay",113.02271270752,-25.891149520874,0.2,1.52,3.18,21.86,14.49,38.29,3.69,3.1,4.71
"WANorth","Shark Bay",113.157447814941,-25.8942527770996,0.2,1.75,2.51,5.62,4.39,7.93,2.84,2.45,3.49
"WANorth","Shark Bay",113.517280578613,-25.8920707702637,0.2,1.73,2.5,6.1,4.73,8.69,3,2.58,3.7
"WANorth","Carnarvon",114.233070373535,-25.8787040710449,0.2,1.86,2.63,4.24,3.47,5.6,2.53,2.24,2.99
"QLDSouth","Gympie",153.175277709961,-25.9199466705322,0.2,2.56,3.57,42.7,25.86,84.64,4.35,3.57,5.71
"WANorth","Shark Bay",112.98983001709,-25.8296146392822,0.2,1.52,3.25,21.22,14.11,37,3.48,2.94,4.37
"WANorth","Shark Bay",113.149253845215,-25.8800354003906,0.2,1.74,2.5,5.92,4.59,8.43,2.88,2.48,3.53
"WANorth","Shark Bay",113.464241027832,-25.8200645446777,0.2,1.71,2.46,6.53,5.01,9.45,3.2,2.73,4
"WANorth","Shark Bay",113.765983581543,-25.8768615722656,0.2,1.78,2.55,5.15,4.09,7.09,2.71,2.37,3.27
"WANorth","Carnarvon",114.18896484375,-25.8362445831299,0.2,1.82,2.57,4.65,3.76,6.26,2.69,2.36,3.23
"QLDSouth","Gympie",153.084014892578,-25.8544025421143,0.2,2.57,3.31,37.39,23.05,72.32,5.72,4.53,7.87
"WANorth","Shark Bay",112.966743469238,-25.7923622131348,0.2,1.52,3.3,21.07,14.02,36.74,3.35,2.85,4.19
"WANorth","Shark Bay",113.11368560791,-25.8178024291992,0.2,1.73,2.48,6.11,4.72,8.75,2.94,2.53,3.64
"WANorth","Shark Bay",113.455863952637,-25.8108425140381,0.2,1.71,2.46,6.56,5.03,9.51,3.2,2.72,3.99
"WANorth","Shark Bay",113.72785949707,-25.8003177642822,0.2,1.76,2.53,5.48,4.3,7.68,2.77,2.4,3.36
"WANorth","Carnarvon",114.133605957031,-25.7802562713623,0.2,1.78,2.51,5.19,4.13,7.15,2.89,2.5,3.51
"QLDSouth","Fraser Coast",153.085327148438,-25.7930164337158,0.2,2.59,3.12,28.19,18.14,51.32,7.44,5.68,10.79
"WANorth","Shark Bay",112.969444274902,-25.7448596954346,0.2,1.53,3.16,19.39,13.02,33.41,3.46,2.92,4.36
"WANorth","Shark Bay",113.079116821289,-25.7502117156982,0.2,1.72,2.46,6.33,4.88,9.13,3.02,2.58,3.77
"WANorth","Shark Bay",113.432159423828,-25.7516574859619,0.2,1.7,2.43,6.69,5.12,9.72,3.39,2.86,4.28
"WANorth","Shark Bay",113.673324584961,-25.7584323883057,0.2,1.76,2.52,5.4,4.25,7.55,2.84,2.45,3.48
"WANorth","Carnarvon",114.111671447754,-25.7504196166992,0.2,1.76,2.49,5.4,4.26,7.51,2.96,2.56,3.62
"QLDSouth","Fraser Coast",153.09001159668,-25.7552299499512,0.2,2.59,3.35,28.82,18.4,53.14,5.55,4.41,7.59
"WANorth","Shark Bay",112.942481994629,-25.6842365264893,0.2,1.53,3.23,18.39,12.44,31.37,3.54,2.98,4.49
"WANorth","Shark Bay",113.072257995605,-25.7167644500732,0.2,1.71,2.46,6.61,5.06,9.59,3.03,2.59,3.78
"WANorth","Shark Bay",113.410232543945,-25.70237159729,0.2,1.69,2.42,6.96,5.3,10.18,3.45,2.9,4.37
"WANorth","Shark Bay",113.616310119629,-25.7126617431641,0.2,1.75,2.5,5.68,4.44,8.02,2.9,2.49,3.57
"WANorth","Carnarvon",114.065330505371,-25.6924648284912,0.2,1.75,2.49,5.62,4.4,7.9,2.98,2.57,3.64
"QLDSouth","Fraser Coast",153.086318969727,-25.7141304016113,0.2,2.58,3.3,33.32,20.84,63.26,5.97,4.7,8.27
"WANorth","Shark Bay",112.930847167969,-25.6511478424072,0.2,1.53,3.21,18.39,12.44,31.4,3.52,2.97,4.46
"WANorth","Shark Bay",113.055541992188,-25.6734848022461,0.2,1.69,2.5,7.06,5.36,10.38,2.93,2.51,3.64
"WANorth","Shark Bay",113.414222717285,-25.6686573028564,0.2,1.69,2.41,7.13,5.41,10.45,3.46,2.91,4.39
"WANorth","Shark Bay",113.595527648926,-25.656852722168,0.2,1.73,2.49,5.96,4.63,8.48,2.95,2.53,3.65
"WANorth","Carnarvon",114.020736694336,-25.6579189300537,0.2,1.76,2.5,5.52,4.34,7.72,2.93,2.54,3.58
"QLDSouth","Fraser Coast",153.081512451172,-25.658296585083,0.2,2.58,3.36,29.65,18.84,55.1,5.56,4.42,7.58
"WANorth","Shark Bay",112.91576385498,-25.6081619262695,0.2,1.54,3.15,18.32,12.38,31.33,3.5,2.95,4.42
"WANorth","Shark Bay",113.042152404785,-25.6116275787354,0.2,1.67,2.49,7.58,5.7,11.26,2.96,2.53,3.68
"WANorth","Shark Bay",113.432960510254,-25.6172618865967,0.2,1.68,2.44,7.26,5.5,10.69,3.37,2.84,4.26
"WANorth","Shark Bay",113.57640838623,-25.6127490997314,0.2,1.72,2.48,6.24,4.82,8.98,2.96,2.54,3.67
"WANorth","Carnarvon",113.997688293457,-25.6122951507568,0.2,1.76,2.5,5.42,4.27,7.56,2.93,2.53,3.58
"QLDSouth","Fraser Coast",153.105392456055,-25.5856399536133,0.2,2.58,3.4,31.33,19.74,58.94,5.46,4.37,7.4
"WANorth","Shark Bay",112.919387817383,-25.572078704834,0.2,1.55,3.1,16.48,11.28,27.73,3.5,2.95,4.44
"WANorth","Shark Bay",113.019607543945,-25.5678997039795,0.2,1.66,2.76,8.01,5.99,12.01,2.55,2.23,3.06
"WANorth","Shark Bay",113.466903686523,-25.5642185211182,0.2,1.67,2.48,7.72,5.8,11.48,3.23,2.74,4.04
"WANorth","Shark Bay",113.521896362305,-25.5663013458252,0.2,1.7,2.46,6.72,5.13,9.79,3.05,2.6,3.8
"QLDSouth","Fraser Coast",153.117279052734,-25.5545215606689,0.2,2.58,3.4,30.29,19.17,56.62,5.44,4.35,7.34
"WANorth","Shark Bay",112.919868469238,-25.5312461853027,0.2,1.54,3.05,17.36,11.8,29.46,3.14,2.7,3.86
"WANorth","Shark Bay",113.022674560547,-25.5107650756836,0.2,1.64,2.74,8.7,6.45,13.18,2.58,2.26,3.11
"WANorth","Carnarvon",113.957572937012,-25.5122013092041,0.2,1.74,2.48,5.9,4.6,8.36,2.98,2.57,3.67
"QLDSouth","Fraser Coast",153.13655090332,-25.5028553009033,0.2,2.58,3.42,31.2,19.65,58.72,5.36,4.3,7.22
"WANorth","Shark Bay",112.958602905273,-25.4818725585938,0.2,1.55,3.16,16.5,11.28,27.83,2.58,2.27,3.07
"WANorth","Shark Bay",112.978309631348,-25.4784851074219,0.2,1.57,2.98,13.46,9.42,22.01,2.34,2.08,2.78
"WANorth","Carnarvon",113.931976318359,-25.4735069274902,0.2,1.73,2.48,5.99,4.66,8.5,2.98,2.56,3.67
"QLDSouth","Fraser Coast",153.157104492188,-25.4490642547607,0.2,2.58,3.44,29.61,18.78,55.19,5.26,4.23,7.07
"WANorth","Carnarvon",113.905830383301,-25.4210529327393,0.2,1.72,2.46,6.23,4.83,8.88,3.09,2.64,3.83
"QLDSouth","Fraser Coast",153.173034667969,-25.4173946380615,0.2,2.58,3.46,31.89,20.02,60.3,5.17,4.17,6.91
"WANorth","Carnarvon",113.887504577637,-25.375415802002,0.2,1.71,2.45,6.42,4.96,9.2,3.13,2.67,3.89
"QLDSouth","Fraser Coast",152.920608520508,-25.3752250671387,0.2,2.58,2.73,33.3,20.66,64.17,15.11,10.37,25.41
"QLDSouth","Fraser Coast",153.016967773438,-25.3915557861328,0.2,2.59,2.74,27.7,17.72,51,13.9,9.66,23
"QLDSouth","Fraser Coast",153.20832824707,-25.3429145812988,0.2,2.59,3.47,29.36,18.63,54.69,5.32,4.28,7.16
"WANorth","Carnarvon",113.86693572998,-25.3127536773682,0.2,1.7,2.44,6.8,5.21,9.84,3.19,2.72,3.99
"QLDSouth","Fraser Coast",152.960266113281,-25.3060207366943,0.2,2.58,3.23,31.77,19.95,60.09,4.61,3.7,6.29
"QLDSouth","Fraser Coast",152.996765136719,-25.3283252716064,0.2,2.59,2.77,28.37,18.14,52.25,13.12,9.21,21.36
"QLDSouth","Fraser Coast",153.220764160156,-25.3178386688232,0.2,2.59,3.38,28.85,18.36,53.54,5.65,4.5,7.69
"WANorth","Carnarvon",113.848014831543,-25.2753429412842,0.2,1.68,2.41,7.38,5.59,10.83,3.32,2.81,4.17
"QLDSouth","Fraser Coast",152.975250244141,-25.2924308776855,0.2,2.59,2.85,27.25,17.69,48.95,10.8,7.8,16.89
"QLDSouth","Fraser Coast",153.246276855469,-25.2687702178955,0.2,2.59,3.37,28.1,17.97,51.78,5.73,4.56,7.82
"WANorth","Carnarvon",113.834495544434,-25.2315101623535,0.2,1.68,2.41,7.27,5.52,10.65,3.46,2.91,4.4
"QLDSouth","Fraser Coast",152.680648803711,-25.2434177398682,0.2,2.59,3.22,28.92,18.33,54.04,4.65,3.72,6.37
"QLDSouth","Fraser Coast",152.735366821289,-25.2627124786377,0.2,2.59,3.63,29.23,18.58,54.31,3.07,2.61,3.86
"QLDSouth","Fraser Coast",152.803985595703,-25.2456855773926,0.2,2.59,3.63,29.26,18.67,53.99,3.08,2.62,3.88
"QLDSouth","Fraser Coast",152.830856323242,-25.2454967498779,0.2,2.59,2.76,28.93,18.59,52.73,13.63,9.56,22.17
"QLDSouth","Fraser Coast",152.900268554688,-25.2767868041992,0.2,2.6,2.81,25.12,16.58,43.96,11.62,8.29,18.54
"QLDSouth","Fraser Coast",152.999938964844,-25.2313385009766,0.2,2.6,2.88,25.02,16.53,43.7,9.51,6.98,14.58
"QLDSouth","Fraser Coast",153.269393920898,-25.2187080383301,0.2,2.59,3.38,27.76,17.77,51.1,5.72,4.55,7.82
"WANorth","Carnarvon",113.809951782227,-25.180456161499,0.2,1.66,2.36,7.95,5.96,11.82,3.73,3.11,4.82
"QLDSouth","Fraser Coast",152.638671875,-25.2031402587891,0.2,2.59,2.99,27.74,17.62,51.81,7.09,5.33,10.61
"QLDSouth","Fraser Coast",153.007949829102,-25.1947975158691,0.2,2.58,3.25,29.86,19.01,55.27,4.03,3.31,5.3
"QLDSouth","Fraser Coast",153.290267944336,-25.1729202270508,0.2,2.58,3.36,29.55,18.75,55.04,5.87,4.65,8.08
"WANorth","Carnarvon",113.73747253418,-25.1302757263184,0.2,1.64,2.32,9.11,6.73,13.85,4.22,3.44,5.62
"QLDSouth","Bundaberg",152.623168945312,-25.1364898681641,0.2,2.6,2.99,25.94,16.67,47.6,7.31,5.47,10.99
"QLDSouth","Fraser Coast",153.071655273438,-25.1507892608643,0.2,2.57,3.24,33.49,20.78,64.53,4.15,3.4,5.48
"QLDSouth","Fraser Coast",153.315719604492,-25.1182537078857,0.2,2.58,3.3,30.44,19.23,57.03,6.21,4.87,8.65
"WANorth","Carnarvon",113.69261932373,-25.0909976959229,0.2,1.63,2.31,9.34,6.89,14.2,4.3,3.49,5.75
"QLDSouth","Bundaberg",152.568420410156,-25.0996189117432,0.2,2.6,3.01,25.65,16.48,47.08,7.29,5.46,10.96
"QLDSouth","Fraser Coast",153.126556396484,-25.1073627471924,0.2,2.57,3.12,34.85,21.46,67.91,4.85,3.89,6.58
"QLDSouth","Fraser Coast",153.333526611328,-25.0741291046143,0.2,2.58,3.32,30.97,19.5,58.34,6.1,4.79,8.47
"WANorth","Carnarvon",113.661598205566,-25.0344772338867,0.2,1.64,2.37,9.03,6.7,13.61,3.82,3.16,4.99
"QLDSouth","Bundaberg",152.544769287109,-25.056697845459,0.2,2.32,2.93,26.28,16.84,48.44,5.06,4,7.05
"QLDSouth","Fraser Coast",153.170776367188,-25.055944442749,0.2,2.57,3.11,34.55,21.29,67.23,4.93,3.95,6.7
"QLDSouth","Fraser Coast",153.357498168945,-25.0332279205322,0.2,2.57,3.28,34.41,21.37,66.05,6.5,5.05,9.18
"WANorth","Carnarvon",113.656776428223,-24.9929332733154,0.2,1.65,2.4,8.26,6.19,12.29,3.56,2.96,4.59
"QLDSouth","Bundaberg",152.508392333984,-25.0020694732666,0.2,2.32,2.93,26.85,17.15,49.72,5.03,3.97,7
"QLDSouth","Fraser Coast",153.204940795898,-25.0136394500732,0.2,2.57,3.16,34.87,21.46,68.01,4.56,3.71,6.05
"QLDSouth","Fraser Coast",153.356231689453,-24.9981651306152,0.2,2.57,3.33,36.43,22.46,70.63,5.99,4.71,8.33
"WANorth","Carnarvon",113.6591796875,-24.9584560394287,0.2,1.66,2.41,7.92,5.97,11.7,3.49,2.92,4.49
"QLDSouth","Bundaberg",152.489791870117,-24.9415721893311,0.2,2.32,2.67,26.91,17.2,49.76,8.19,6.06,12.49
"QLDSouth","Fraser Coast",153.2265625,-24.9354839324951,0.2,2.58,3.03,32.87,20.45,63.05,5.9,4.65,8.19
"QLDSouth","Fraser Coast",153.353256225586,-24.9639568328857,0.2,2.57,3.36,37.97,23.28,74.15,5.6,4.43,7.71
"QLDSouth","Bundaberg",152.498428344727,-24.9030914306641,0.2,2.31,2.86,27.63,17.61,51.27,5.77,4.47,8.25
"QLDSouth","Fraser Coast",153.194808959961,-24.8763370513916,0.2,2.58,3.02,32.09,20.07,61.06,6.42,5,9.02
"QLDSouth","Fraser Coast",153.281875610352,-24.8999462127686,0.2,2.57,3.29,38.01,23.32,74.14,5.41,4.3,7.43
"WANorth","Carnarvon",113.614540100098,-24.8525638580322,0.2,1.64,2.35,9,6.67,13.58,3.92,3.22,5.18
"QLDSouth","Bundaberg",152.485946655273,-24.8502807617188,0.2,2.31,2.69,28.38,18.02,52.91,8.05,5.98,12.2
"QLDSouth","Fraser Coast",153.168518066406,-24.8398494720459,0.2,2.58,3.05,32.01,20.05,60.76,6.27,4.89,8.82
"QLDSouth","Fraser Coast",153.268493652344,-24.8464603424072,0.2,2.57,3.57,37.19,22.89,72.21,4.52,3.68,5.99
"WANorth","Carnarvon",113.626899719238,-24.8038711547852,0.2,1.65,2.3,8.61,6.43,12.86,4,3.27,5.3
"QLDSouth","Bundaberg",152.467620849609,-24.8112659454346,0.2,2.31,2.69,29.26,18.52,54.81,8.12,6.03,12.32
"QLDSouth","Fraser Coast",153.143753051758,-24.8237190246582,0.2,2.58,3.09,32.32,20.22,61.43,6.15,4.8,8.65
"QLDSouth","Fraser Coast",153.267044067383,-24.805269241333,0.2,2.57,3.52,36.64,22.6,70.91,4.89,3.94,6.58
"WANorth","Carnarvon",113.607635498047,-24.7339878082275,0.2,1.63,2.47,9.42,6.96,14.25,3.54,2.95,4.56
"QLDSouth","Fraser Coast",153.160522460938,-24.7521915435791,0.2,2.57,3.25,35.47,22.15,67.21,4.42,3.6,5.87
"QLDSouth","Fraser Coast",153.270690917969,-24.7551422119141,0.2,2.57,3.62,34.63,21.53,66.34,4.46,3.64,5.9
"WANorth","Carnarvon",113.585609436035,-24.7049198150635,0.2,1.62,2.46,9.73,7.17,14.78,3.61,3,4.67
"QLDSouth","Bundaberg",152.309967041016,-24.727632522583,0.2,2.32,2.96,25.52,16.46,46.59,4.99,3.97,6.88
"QLDSouth","Bundaberg",152.36669921875,-24.7287845611572,0.2,2.31,2.95,27.59,17.61,51.07,5.14,4.07,7.12
"QLDSouth","Fraser Coast",153.216064453125,-24.7082195281982,0.2,2.57,3.24,34.93,22.04,65.07,4.86,3.9,6.59
"QLDSouth","Fraser Coast",153.269912719727,-24.7052879333496,0.2,2.59,3.74,28.11,17.97,51.8,3.89,3.24,5.02
"WANorth","Carnarvon",113.536682128906,-24.6466579437256,0.2,1.61,2.44,10.59,7.74,16.25,3.96,3.26,5.19
"QLDSouth","Bundaberg",152.235336303711,-24.6748962402344,0.2,2.32,3.08,24.55,15.95,44.34,4.43,3.59,5.95
"WANorth","Carnarvon",113.49870300293,-24.5978164672852,0.2,1.6,2.49,10.97,8,16.82,3.87,3.2,5.02
"QLDSouth","Bundaberg",152.14875793457,-24.6201496124268,0.2,2.33,2.86,23.64,15.44,42.32,5.9,4.58,8.43
"QLDSouth","Bundaberg",152.196136474609,-24.648962020874,0.2,2.32,2.88,24.67,16.03,44.49,5.84,4.54,8.31
"WANorth","Carnarvon",113.43839263916,-24.5435962677002,0.2,1.59,2.6,11.97,8.64,18.63,3.76,3.13,4.85
"QLDSouth","Bundaberg",152.125793457031,-24.5961494445801,0.2,2.33,2.87,23.35,15.27,41.76,5.9,4.57,8.42
"WANorth","Carnarvon",113.420707702637,-24.5145587921143,0.2,1.59,2.6,12.21,8.79,19.08,3.68,3.08,4.71
"QLDSouth","Bundaberg",152.082656860352,-24.5386180877686,0.2,2.33,3.13,23.75,15.55,42.34,4.25,3.46,5.65
"WANorth","Carnarvon",113.398574829102,-24.4680690765381,0.2,1.57,2.7,13.34,9.51,21.11,3.65,3.06,4.66
"QLDNorth","Gladstone",152.020217895508,-24.4516868591309,0.2,2.33,3.14,23.25,15.28,41.23,4.31,3.51,5.74
"WANorth","Carnarvon",113.398719787598,-24.4143238067627,0.2,1.57,2.73,14.07,9.95,22.49,3.43,2.91,4.32
"QLDNorth","Gladstone",152.00390625,-24.4185047149658,0.2,2.33,3.24,22.95,15.11,40.61,3.92,3.24,5.11
"WANorth","Carnarvon",113.398071289062,-24.371509552002,0.2,1.56,2.12,14.7,10.34,23.67,5.45,4.3,7.55
"QLDNorth","Gladstone",151.990173339844,-24.3746223449707,0.2,2.33,3.26,23.31,15.32,41.29,3.93,3.25,5.13
"WANorth","Carnarvon",113.395683288574,-24.3264846801758,0.2,1.56,3.03,14.79,10.38,23.89,3.38,2.86,4.28
"QLDNorth","Gladstone",151.977767944336,-24.3355083465576,0.2,2.33,3.26,23.26,15.31,41.16,3.97,3.27,5.18
"WANorth","Carnarvon",113.393569946289,-24.2762565612793,0.2,1.56,3.01,15.35,10.74,24.9,3.87,3.2,5.05
"QLDNorth","Gladstone",151.961639404297,-24.2890186309814,0.2,2.33,3.3,23.55,15.47,41.73,3.86,3.2,5.01
"WANorth","Carnarvon",113.387710571289,-24.2301483154297,0.2,1.55,3.07,16.23,11.28,26.55,3.31,2.79,4.2
"QLDNorth","Gladstone",151.950286865234,-24.2453994750977,0.2,2.33,3.49,23.46,15.42,41.54,3.4,2.88,4.27
"WANorth","Carnarvon",113.393035888672,-24.2194747924805,0.2,1.55,3.02,15.65,10.91,25.51,2.68,2.33,3.27
"QLDNorth","Gladstone",151.922622680664,-24.207914352417,0.2,2.85,4.04,23.67,15.55,41.93,3.37,2.86,4.22
"WANorth","Carnarvon",113.411437988281,-24.0960292816162,0.2,1.54,2.62,17.38,11.96,28.81,4.07,3.35,5.35
"QLDNorth","Gladstone",151.814437866211,-24.1448230743408,0.2,2.85,3.2,23.03,15.19,40.56,8.96,6.61,13.63
"QLDNorth","Gladstone",151.889343261719,-24.1459865570068,0.2,2.84,3.76,23.9,15.69,42.35,4.13,3.39,5.42
"QLDNorth","Gladstone",151.77946472168,-24.0869579315186,0.2,2.85,3.17,22.48,14.89,39.36,9.6,7.05,14.71
"WANorth","Carnarvon",113.421440124512,-24.0452919006348,0.2,1.54,2.7,17.54,12.05,29.14,4.31,3.51,5.71
"QLDNorth","Gladstone",151.57682800293,-24.0359382629395,0.2,2.87,3.15,19.24,12.97,32.95,8.67,6.48,12.91
"QLDNorth","Gladstone",151.636505126953,-24.0335903167725,0.2,2.88,3.26,16.58,11.4,27.62,7.52,5.76,10.8
"QLDNorth","Gladstone",151.771438598633,-24.0289821624756,0.2,2.85,3.19,22.07,14.68,38.42,9.38,6.89,14.33
"WANorth","Carnarvon",113.456199645996,-24.0021705627441,0.2,1.54,3.13,17.57,12.08,29.16,2.68,2.33,3.24
"QLDNorth","Gladstone",151.470016479492,-23.9934921264648,0.2,2.87,3.1,17.82,12.17,29.9,9.37,6.94,14.13
"QLDNorth","Gladstone",151.501342773438,-24.0050964355469,0.2,2.87,3.1,18.49,12.56,31.27,9.54,7.05,14.42
"QLDNorth","Gladstone",151.680267333984,-23.9906253814697,0.2,2.86,3.2,20.71,13.9,35.55,8.98,6.65,13.57
"QLDNorth","Gladstone",151.735366821289,-24.0024108886719,0.2,2.85,3.11,21.86,14.57,37.9,10.84,7.88,16.77
"WANorth","Carnarvon",113.464424133301,-23.9410152435303,0.2,1.54,2.46,18.21,12.47,30.37,4.49,3.64,6.02
"WANorth","Carnarvon",113.464508056641,-23.9073162078857,0.2,1.54,2.71,18.23,12.47,30.48,3.59,3,4.62
"QLDNorth","Gladstone",151.389236450195,-23.8761157989502,0.2,2.89,3.12,15.55,10.82,25.47,9.15,6.82,13.62
"WANorth","Carnarvon",113.499412536621,-23.8566093444824,0.2,1.54,2.74,17.9,12.27,29.84,3.07,2.61,3.83
"WANorth","Carnarvon",113.511947631836,-23.8013381958008,0.2,1.53,2.73,18.77,12.8,31.51,3.43,2.88,4.37
"WANorth","Carnarvon",113.532752990723,-23.7624130249023,0.2,1.53,2.8,19.18,13.04,32.3,2.94,2.52,3.66
"QLDNorth","Gladstone",151.310440063477,-23.7504730224609,0.2,2.91,3.51,14.24,10,23.02,5.33,4.22,7.36
"WANorth","Carnarvon",113.574127197266,-23.7141151428223,0.2,1.53,2.76,19.22,13.07,32.38,3.07,2.61,3.84
"QLDNorth","Gladstone",151.297271728516,-23.700216293335,0.2,2.91,3.52,14.16,9.95,22.87,5.24,4.16,7.22
"WANorth","Carnarvon",113.593322753906,-23.6568756103516,0.2,1.53,2.74,19.81,13.43,33.51,3.22,2.72,4.07
"QLDNorth","Gladstone",151.289306640625,-23.676664352417,0.2,2.91,3.28,14.15,9.95,22.88,7.19,5.47,10.48
"WANorth","Carnarvon",113.636512756348,-23.6082191467285,0.2,1.55,2.91,15.55,10.78,25.63,2.67,2.32,3.26
"QLDNorth","Gladstone",151.242279052734,-23.6224479675293,0.2,2.91,3.17,14.08,9.9,22.77,8.33,6.22,12.44
"WANorth","Carnarvon",113.703742980957,-23.5669136047363,0.2,1.53,2.78,18.87,12.85,31.76,2.56,2.23,3.11
"QLDNorth","Gladstone",150.956024169922,-23.5482921600342,0.2,3.29,3.9,13.39,9.5,21.33,4.41,3.6,5.85
"QLDNorth","Gladstone",151.234588623047,-23.5500907897949,0.2,2.91,3.53,14.31,10.04,23.22,4.89,3.92,6.63
"WANorth","Carnarvon",113.761253356934,-23.5080471038818,0.2,1.53,2.53,19.16,13.02,32.33,3.04,2.59,3.79
"QLDNorth","Gladstone",150.974456787109,-23.4952774047852,0.2,3.29,3.9,13.08,9.29,20.83,4.38,3.57,5.8
"QLDNorth","Gladstone",151.209365844727,-23.5071468353271,0.2,3.28,3.7,14.68,10.26,23.93,5.84,4.59,8.14
"WANorth","Carnarvon",113.772033691406,-23.4601707458496,0.2,1.53,2.42,20.02,13.54,33.97,4,3.29,5.25
"QLDNorth","Livingstone",150.843444824219,-23.4517154693604,0.2,3.32,3.58,10.76,7.83,16.62,6.12,4.79,8.55
"QLDNorth","Gladstone",150.974609375,-23.4806785583496,0.2,3.29,3.95,13.02,9.25,20.75,4.02,3.31,5.26
"QLDNorth","Gladstone",151.099014282227,-23.4751281738281,0.2,3.29,3.58,13.59,9.6,21.82,6.67,5.16,9.47
"QLDNorth","Gladstone",151.132568359375,-23.4932537078857,0.2,3.28,3.79,13.83,9.74,22.32,4.92,3.96,6.64
"WANorth","Carnarvon",113.771347045898,-23.3920345306396,0.2,1.92,3.12,20.61,13.91,35.07,3.6,3.01,4.62
"QLDNorth","Livingstone",150.832336425781,-23.4267768859863,0.2,3.32,3.58,10.67,7.78,16.45,6.1,4.78,8.51
"QLDNorth","Gladstone",151.013870239258,-23.4507179260254,0.2,3.29,3.61,13.18,9.35,21.06,6.09,4.77,8.51
"QLDNorth","Gladstone",151.050552368164,-23.4423084259033,0.2,3.29,3.62,13.32,9.43,21.32,5.99,4.71,8.34
"WANorth","Carnarvon",113.773536682129,-23.3757648468018,0.2,1.92,3.12,20.51,13.86,34.83,3.53,2.96,4.5
"QLDNorth","Livingstone",150.804550170898,-23.3733062744141,0.2,3.16,3.42,10.38,7.58,15.92,5.98,4.7,8.32
"WANorth","Carnarvon",113.783485412598,-23.3198261260986,0.2,1.92,3.15,19.97,13.52,33.84,3.73,3.11,4.8
"QLDNorth","Livingstone",150.836380004883,-23.2843856811523,0.2,3.16,3.87,10.41,7.61,15.94,3.78,3.16,4.85
"WANorth","Carnarvon",113.776527404785,-23.2587833404541,0.2,1.92,3.31,20.3,13.72,34.48,3.62,3.03,4.63
"QLDNorth","Livingstone",150.83283996582,-23.2611503601074,0.2,3.17,3.88,10.14,7.45,15.44,3.76,3.14,4.81
"WANorth","Carnarvon",113.767364501953,-23.2190113067627,0.2,1.92,3.11,20.22,13.67,34.35,4.08,3.36,5.33
"QLDNorth","Livingstone",150.821975708008,-23.2208461761475,0.2,3.17,3.77,9.84,7.27,14.87,3.99,3.32,5.12
"WANorth","Carnarvon",113.757820129395,-23.1649322509766,0.2,1.92,3.15,20.08,13.55,34.22,3.99,3.29,5.2
"QLDNorth","Livingstone",150.802597045898,-23.1794948577881,0.2,3.18,3.93,9.27,6.9,13.83,3.82,3.17,4.93
"WANorth","Carnarvon",113.759071350098,-23.1218738555908,0.2,1.92,2.9,19.87,13.43,33.79,4.91,3.94,6.66
"WANorth","Carnarvon",113.759391784668,-23.1155128479004,0.2,1.92,2.86,19.68,13.33,33.35,5.24,4.16,7.21
"QLDNorth","Livingstone",150.776229858398,-23.0662536621094,0.2,3.19,3.47,9.15,6.83,13.61,5.49,4.38,7.48
"WANorth","Carnarvon",113.822196960449,-23.0233879089355,0.2,1.93,3.35,18.63,12.65,31.56,3.19,2.71,4
"QLDNorth","Livingstone",150.778533935547,-23.0282688140869,0.2,3.18,3.47,9.56,7.09,14.33,5.59,4.45,7.65
"WANorth","Carnarvon",113.818969726562,-22.9798755645752,0.2,1.93,3.43,18.73,12.67,31.92,3.43,2.89,4.36
"QLDNorth","Livingstone",150.783172607422,-22.9765396118164,0.2,3.17,3.47,9.78,7.25,14.71,5.7,4.52,7.82
"WANorth","Exmouth",113.79313659668,-22.888729095459,0.2,1.93,3.08,18.56,12.57,31.58,4.64,3.76,6.18
"QLDNorth","Livingstone",150.801406860352,-22.9300155639648,0.2,3.16,3.48,10.5,7.7,15.98,5.76,4.57,7.91
"WANorth","Exmouth",113.785163879395,-22.8669662475586,0.2,1.93,3.09,18.13,12.3,30.79,4.72,3.81,6.32
"QLDNorth","Livingstone",150.796310424805,-22.8725109100342,0.2,3.17,3.62,10.16,7.49,15.39,4.76,3.88,6.29
"WANorth","Exmouth",113.774269104004,-22.8148746490479,0.2,1.93,3.33,17.85,12.12,30.35,4.47,3.63,5.95
"QLDNorth","Livingstone",150.8115234375,-22.820463180542,0.2,3.16,3.63,10.37,7.62,15.75,4.77,3.88,6.29
"WANorth","Exmouth",113.681175231934,-22.7242183685303,0.2,1.93,3.23,17.8,12.09,30.21,4.7,3.8,6.28
"QLDNorth","Livingstone",150.817886352539,-22.7990493774414,0.2,3.16,3.9,10.93,7.98,16.75,3.73,3.14,4.72
"QLDNorth","Livingstone",150.825561523438,-22.7294273376465,0.2,3.15,3.85,11.32,8.23,17.45,3.9,3.27,4.95
"WANorth","Exmouth",113.668655395508,-22.6922779083252,0.2,1.93,3.24,18.28,12.39,31.1,4.56,3.71,6.06
"QLDNorth","Livingstone",150.842880249023,-22.6821880340576,0.2,3.13,3.65,13.35,9.49,21.22,4.86,3.94,6.46
"WANorth","Exmouth",113.664154052734,-22.6289138793945,0.2,1.93,3.32,17.84,12.14,30.18,3.4,2.86,4.33
"QLDNorth","Livingstone",150.809143066406,-22.6473770141602,0.2,3.14,3.47,11.92,8.6,18.56,6.13,4.82,8.53
"WANorth","Exmouth",113.648719787598,-22.5804042816162,0.2,1.93,3.12,18.19,12.41,30.6,3.59,3,4.63
"QLDNorth","Livingstone",150.785873413086,-22.5828475952148,0.2,3.14,3.5,11.97,8.62,18.68,5.78,4.58,7.94
"WANorth","Exmouth",113.655250549316,-22.5566005706787,0.2,1.93,3.16,17.55,12.02,29.36,3.67,3.06,4.74
"QLDNorth","Livingstone",150.481338500977,-22.5306873321533,0.2,3.19,3.44,8.78,6.56,13.09,5.39,4.3,7.37
"QLDNorth","Livingstone",150.518493652344,-22.543851852417,0.2,3.19,3.44,8.9,6.63,13.3,5.45,4.34,7.47
"QLDNorth","Livingstone",150.789123535156,-22.5385704040527,0.2,3.14,3.59,12.51,8.95,19.72,5.23,4.21,7.03
"WANorth","Exmouth",113.706253051758,-22.4973945617676,0.2,1.93,3.33,17.54,11.98,29.49,2.93,2.5,3.64
"WANorth","Exmouth",114.213005065918,-22.48708152771,0.2,2.22,3.31,4.52,3.64,6.16,1.98,1.79,2.27
"QLDNorth","Livingstone",150.419281005859,-22.4931488037109,0.2,3.19,3.37,8.89,6.63,13.25,5.91,4.66,8.19
"QLDNorth","Livingstone",150.547119140625,-22.4826602935791,0.2,3.2,3.44,8.66,6.48,12.88,5.37,4.28,7.32
"QLDNorth","Livingstone",150.758605957031,-22.4766330718994,0.2,3.14,3.8,12.33,8.82,19.45,4.01,3.35,5.12
"WANorth","Exmouth",113.735389709473,-22.4571781158447,0.2,1.95,3.31,15.71,10.86,26.03,2.83,2.43,3.51
"WANorth","Exmouth",114.224952697754,-22.4546546936035,0.2,2.19,3.16,4.92,3.9,6.8,2.1,1.88,2.43
"QLDNorth","Livingstone",150.359985351562,-22.4498634338379,0.2,3.19,3.53,8.87,6.63,13.22,4.65,3.78,6.19
"QLDNorth","Livingstone",150.528945922852,-22.4351024627686,0.2,3.19,3.44,8.93,6.66,13.34,5.39,4.29,7.37
"QLDNorth","Livingstone",150.767425537109,-22.4484996795654,0.2,3.13,3.78,12.53,8.94,19.86,4.16,3.45,5.34
"WANorth","Exmouth",113.743804931641,-22.4039268493652,0.2,1.94,3.32,16.63,11.45,27.63,2.81,2.41,3.47
"WANorth","Exmouth",114.187675476074,-22.4033355712891,0.2,2.15,3.22,5.53,4.33,7.8,2.07,1.86,2.39
"WANorth","Exmouth",114.276000976562,-22.4289703369141,0.2,2.17,3.14,5.12,4.04,7.14,2.12,1.9,2.47
"WANorth","Exmouth",114.305541992188,-22.4293174743652,0.2,2.18,3.15,5,3.96,6.94,2.11,1.9,2.46
"WANorth","Exmouth",114.374900817871,-22.3959865570068,0.2,2.16,3.22,5.4,4.23,7.62,2.07,1.86,2.4
"QLDNorth","Livingstone",149.840850830078,-22.4018707275391,0.2,3.34,3.65,5.08,4.1,6.78,3.61,3.04,4.56
"QLDNorth","Livingstone",149.919509887695,-22.381275177002,0.2,3.34,3.65,5.07,4.1,6.77,3.66,3.08,4.63
"QLDNorth","Livingstone",150.33137512207,-22.4234485626221,0.2,3.19,3.35,8.8,6.58,13.1,6.08,4.77,8.45
"QLDNorth","Livingstone",150.507949829102,-22.3832931518555,0.2,3.19,3.45,9.14,6.8,13.7,5.43,4.31,7.45
"QLDNorth","Livingstone",150.744201660156,-22.4067668914795,0.2,3.13,4.48,12.85,9.12,20.54,2.9,2.51,3.55
"WANorth","Exmouth",113.773399353027,-22.3664436340332,0.2,1.94,3.17,15.77,10.91,26.07,2.95,2.52,3.7
"WANorth","Exmouth",114.185302734375,-22.3393878936768,0.2,2.12,3.11,6.13,4.74,8.79,2.18,1.95,2.55
"WANorth","Exmouth",114.399909973145,-22.360279083252,0.2,2.13,3.19,5.81,4.5,8.33,2.1,1.89,2.45
"QLDNorth","Isaac",149.685317993164,-22.3411979675293,0.2,4.27,4.64,5.93,4.65,8.28,3.59,3.02,4.56
"QLDNorth","Livingstone",149.908767700195,-22.347017288208,0.2,3.31,3.65,5.52,4.39,7.53,3.61,3.04,4.56
"QLDNorth","Livingstone",150.267608642578,-22.3510284423828,0.2,3.2,3.39,8.68,6.5,12.87,5.46,4.36,7.44
"QLDNorth","Livingstone",150.275543212891,-22.3539543151855,0.2,3.2,3.38,8.65,6.48,12.82,5.62,4.46,7.69
"QLDNorth","Livingstone",150.4775390625,-22.3421993255615,0.2,3.19,3.39,9.03,6.73,13.49,5.64,4.48,7.72
"QLDNorth","Livingstone",150.672607421875,-22.3479309082031,0.2,3.14,3.54,11.79,8.47,18.53,5.47,4.37,7.44
"WANorth","Exmouth",113.81721496582,-22.2944831848145,0.2,1.95,3.68,15.44,10.71,25.42,2.32,2.05,2.76
"WANorth","Exmouth",114.16007232666,-22.2972526550293,0.2,2.1,3.08,6.56,5.03,9.5,2.22,1.98,2.6
"WANorth","Exmouth",114.423095703125,-22.2974071502686,0.2,2.1,3.15,6.45,4.92,9.46,2.15,1.93,2.51
"QLDNorth","Isaac",149.629516601562,-22.2910251617432,0.2,4.28,4.75,5.64,4.46,7.81,3.26,2.77,4.06
"QLDNorth","Livingstone",149.909851074219,-22.3037395477295,0.2,4.27,4.62,5.97,4.69,8.32,3.69,3.1,4.69
"QLDNorth","Livingstone",150.209350585938,-22.3132019042969,0.2,3.2,3.75,8.43,6.34,12.43,3.77,3.15,4.82
"QLDNorth","Livingstone",150.420547485352,-22.2935523986816,0.2,3.19,3.41,9.14,6.8,13.68,5.44,4.34,7.43
"QLDNorth","Livingstone",150.563858032227,-22.2944946289062,0.2,3.16,3.89,10.38,7.6,15.87,3.61,3.05,4.54
"QLDNorth","Livingstone",150.624313354492,-22.3247718811035,0.2,3.16,3.41,10.89,7.91,16.82,6.24,4.9,8.69
"WANorth","Exmouth",113.828514099121,-22.2524871826172,0.2,1.95,3.64,15.76,10.92,25.96,2.45,2.15,2.94
"WANorth","Exmouth",114.139190673828,-22.259407043457,0.2,2.09,2.76,6.9,5.26,10.06,2.67,2.32,3.25
"WANorth","Ashburton",114.440048217773,-22.2445259094238,0.2,2.08,3.11,7.03,5.3,10.44,2.2,1.97,2.59
"QLDNorth","Isaac",149.585418701172,-22.2349853515625,0.2,4.29,4.74,5.47,4.35,7.5,3.35,2.84,4.21
"QLDNorth","Livingstone",149.88264465332,-22.2331867218018,0.2,4.26,4.61,6.05,4.74,8.46,3.76,3.14,4.81
"QLDNorth","Livingstone",150.259246826172,-22.2268581390381,0.2,3.2,3.7,8.52,6.41,12.57,3.98,3.3,5.16
"QLDNorth","Livingstone",150.429077148438,-22.24778175354,0.2,3.19,3.36,9.11,6.82,13.51,6.19,4.84,8.68
"QLDNorth","Livingstone",150.539779663086,-22.2625122070312,0.2,3.17,3.81,10.22,7.5,15.58,3.8,3.19,4.81
"WANorth","Exmouth",113.84489440918,-22.2057456970215,0.2,1.94,3.57,15.83,10.98,26.01,2.64,2.29,3.22
"WANorth","Exmouth",114.094535827637,-22.2017135620117,0.2,2.07,2.93,7.4,5.61,10.86,2.43,2.14,2.89
"WANorth","Ashburton",114.451126098633,-22.2074108123779,0.2,2.08,3.13,7.24,5.44,10.84,2.2,1.96,2.59
"QLDNorth","Isaac",149.570358276367,-22.2017345428467,0.2,4.3,4.76,5.38,4.29,7.34,3.29,2.8,4.12
"QLDNorth","Livingstone",149.860214233398,-22.1910495758057,0.2,4.29,4.65,5.51,4.38,7.55,3.52,2.97,4.46
"QLDNorth","Livingstone",150.111770629883,-22.2227210998535,0.2,3.22,3.77,7.94,6.02,11.57,3.43,2.92,4.26
"QLDNorth","Livingstone",150.477203369141,-22.2052268981934,0.2,3.17,3.77,9.89,7.31,14.92,4.11,3.39,5.36
"QLDNorth","Livingstone",150.508102416992,-22.2125854492188,0.2,3.17,4.13,10.25,7.53,15.61,3.06,2.64,3.74
"WANorth","Exmouth",113.860366821289,-22.1519222259521,0.2,1.94,3.49,16.81,11.62,27.73,2.66,2.3,3.26
"WANorth","Exmouth",114.088935852051,-22.1467437744141,0.2,2.05,2.92,8.09,6.07,12.03,2.49,2.19,2.98
"WANorth","Ashburton",114.473571777344,-22.1524887084961,0.2,2.08,3.15,7.17,5.4,10.67,2.19,1.96,2.58
"QLDNorth","Livingstone",149.845794677734,-22.1490898132324,0.2,4.29,4.65,5.57,4.43,7.61,3.59,3.02,4.56
"QLDNorth","Livingstone",150.084350585938,-22.1551055908203,0.2,4.21,5.55,7.63,5.82,11.03,2.49,2.2,2.94
"WANorth","Exmouth",113.880325317383,-22.1101894378662,0.2,1.95,3.68,14.95,10.43,24.43,2.54,2.21,3.07
"WANorth","Ashburton",114.487449645996,-22.1168785095215,0.2,2.06,3.11,7.93,5.89,12.03,2.25,2,2.67
"QLDNorth","Isaac",149.580337524414,-22.1141452789307,0.2,4.29,4.77,5.56,4.42,7.61,3.37,2.85,4.26
"QLDNorth","Livingstone",149.869140625,-22.1042213439941,0.2,4.25,4.47,6.27,4.91,8.77,4.52,3.69,5.96
"QLDNorth","Livingstone",149.999053955078,-22.1032848358154,0.2,4.25,4.88,6.49,5.08,9.04,3.46,2.94,4.33
"QLDNorth","Livingstone",150.043960571289,-22.1081066131592,0.2,4.21,4.87,7.36,5.65,10.56,3.44,2.93,4.27
"WANorth","Exmouth",113.901153564453,-22.0508842468262,0.2,1.95,4.03,15.63,10.87,25.6,2.31,2.04,2.75
"WANorth","Exmouth",114.119369506836,-22.0527305603027,0.2,2.03,2.88,9.09,6.73,13.75,2.62,2.29,3.15
"WANorth","Ashburton",114.524040222168,-22.0527877807617,0.2,2.04,3.07,8.53,6.28,13.09,2.33,2.06,2.77
"QLDNorth","Isaac",149.526382446289,-22.0507965087891,0.2,4.28,4.92,5.76,4.55,7.93,3.07,2.62,3.81
"QLDNorth","Livingstone",149.895233154297,-22.0504837036133,0.2,4.24,4.5,6.71,5.2,9.51,4.67,3.81,6.18
"QLDNorth","Livingstone",149.968475341797,-22.0432682037354,0.2,4.23,4.89,6.83,5.3,9.62,3.39,2.88,4.22
"WANorth","Exmouth",113.920783996582,-22.0038871765137,0.2,1.95,3.43,14.62,10.24,23.75,2.67,2.31,3.28
"WANorth","Exmouth",114.133293151855,-22.0002117156982,0.2,2.02,3.07,9.45,6.96,14.38,2.39,2.12,2.83
"QLDNorth","Isaac",149.515625,-22.0066356658936,0.2,4.27,4.59,5.95,4.69,8.22,3.89,3.24,5
"WANorth","Exmouth",113.929954528809,-21.9716148376465,0.2,1.95,3.27,15.1,10.54,24.6,2.9,2.48,3.61
"WANorth","Ashburton",114.576477050781,-21.9789524078369,0.2,2.07,3.12,7.5,5.63,11.21,2.24,1.99,2.65
"QLDNorth","Isaac",149.488876342773,-21.957181930542,0.2,4.26,4.59,6.07,4.77,8.44,3.91,3.26,5.02
"WANorth","Exmouth",113.963989257812,-21.9190444946289,0.2,1.96,3.4,14.51,10.17,23.51,2.51,2.19,3.05
"WANorth","Exmouth",114.149383544922,-21.9102783203125,0.2,2.01,2.89,10.16,7.42,15.64,2.69,2.35,3.25
"WANorth","Ashburton",114.639312744141,-21.9034576416016,0.2,2.05,2.69,8.25,6.12,12.51,2.96,2.52,3.71
"QLDNorth","Isaac",149.473205566406,-21.9128932952881,0.2,4.27,4.82,5.99,4.72,8.3,3.28,2.79,4.09
"WANorth","Exmouth",113.988929748535,-21.8793773651123,0.2,1.95,3.51,14.82,10.39,23.99,2.16,1.92,2.54
"WANorth","Exmouth",114.161590576172,-21.857177734375,0.2,2,3.22,10.72,7.77,16.65,2.33,2.07,2.73
"WANorth","Ashburton",114.639007568359,-21.8556880950928,0.2,2.03,2.65,8.8,6.5,13.42,3.1,2.62,3.92
"QLDNorth","Isaac",149.497985839844,-21.8373069763184,0.2,4.26,5.23,6.1,4.79,8.48,2.59,2.28,3.09
"WANorth","Exmouth",114.026725769043,-21.8443050384521,0.2,1.95,3.52,15.47,10.84,25.01,2.07,1.85,2.41
"WANorth","Exmouth",114.072372436523,-21.8131542205811,0.2,1.95,3.98,15.58,10.92,25.15,1.82,1.67,2.06
"WANorth","Exmouth",114.106651306152,-21.8011608123779,0.2,1.96,3.92,14.31,10.13,22.79,1.81,1.66,2.04
"WANorth","Ashburton",114.694152832031,-21.8100566864014,0.2,2.05,3.69,8.26,6.15,12.42,1.86,1.7,2.12
"WANorth","Ashburton",114.732940673828,-21.7966442108154,0.2,2.07,3.73,7.66,5.76,11.42,1.83,1.67,2.07
"QLDNorth","Isaac",149.49885559082,-21.8184833526611,0.2,4.26,5.24,6.09,4.79,8.47,2.58,2.27,3.07
"WANorth","Ashburton",114.803909301758,-21.7612190246582,0.2,2.06,3.6,8.11,6.04,12.19,1.9,1.73,2.17
"WANorth","Ashburton",114.852874755859,-21.73219871521,0.2,2.05,3.39,8.5,6.3,12.92,2.03,1.83,2.35
"WANorth","Ashburton",114.893501281738,-21.7101440429688,0.2,2.05,3.4,8.52,6.29,13,2.02,1.82,2.34
"QLDNorth","Isaac",149.473403930664,-21.7105274200439,0.2,4.25,5.01,6.44,5.03,9.04,3.06,2.62,3.78
"WANorth","Ashburton",114.962005615234,-21.6720962524414,0.2,2.03,3.49,9.45,6.88,14.71,1.96,1.78,2.26
"WANorth","Ashburton",114.987686157227,-21.6752738952637,0.2,2.04,2.83,8.95,6.55,13.85,2.71,2.34,3.34
"WANorth","Ashburton",115.063972473145,-21.6700992584229,0.2,2.04,3.01,8.7,6.38,13.41,2.42,2.13,2.91
"QLDNorth","Mackay",149.501937866211,-21.6074867248535,0.2,4.25,4.6,6.39,5,8.93,4.15,3.42,5.42
"WANorth","Ashburton",115.10912322998,-21.6282291412354,0.2,2.03,2.97,9.16,6.68,14.25,2.49,2.18,3
"WANorth","Ashburton",115.226104736328,-21.5682563781738,0.2,2.02,2.46,9.96,7.18,15.73,3.92,3.2,5.23
"WANorth","Ashburton",115.250549316406,-21.56858253479,0.2,2.04,2.91,8.88,6.49,13.81,2.59,2.25,3.15
"WANorth","Ashburton",115.32438659668,-21.5746021270752,0.2,2.04,2.61,8.58,6.29,13.28,3.22,2.7,4.12
"WANorth","Ashburton",115.359649658203,-21.5610389709473,0.2,2.05,2.61,8.43,6.2,12.98,3.22,2.71,4.13
"QLDNorth","Mackay",149.420806884766,-21.5454864501953,0.2,4.27,5.04,5.88,4.67,8.04,3.01,2.58,3.7
"QLDNorth","Mackay",149.487106323242,-21.5661678314209,0.2,4.26,4.6,6.17,4.85,8.54,4.17,3.44,5.43
"WANorth","Ashburton",115.47191619873,-21.51194190979,0.2,2.03,3.01,9.24,6.72,14.42,2.64,2.3,3.22
"QLDNorth","Mackay",149.368225097656,-21.5004806518555,0.2,4.29,4.44,5.57,4.45,7.55,4.78,3.87,6.37
"WANorth","Ashburton",115.511497497559,-21.4501342773438,0.2,2.02,2.89,9.66,6.99,15.17,2.85,2.43,3.58
"QLDNorth","Mackay",149.29914855957,-21.4694633483887,0.2,4.28,4.43,5.74,4.57,7.82,4.87,3.94,6.51
"WANorth","Karratha",115.55899810791,-21.4032878875732,0.2,2.01,2.34,10.44,7.49,16.59,4.74,3.76,6.6
"QLDNorth","Mackay",149.340362548828,-21.4251403808594,0.2,4.28,4.75,5.66,4.51,7.68,3.47,2.93,4.37
"WANorth","Karratha",115.591316223145,-21.3698673248291,0.2,2,2.3,10.99,7.83,17.64,5.16,4.05,7.29
"QLDNorth","Mackay",149.318893432617,-21.3723621368408,0.2,4.29,4.5,5.62,4.49,7.62,4.39,3.6,5.76
"WANorth","Karratha",115.636985778809,-21.3276233673096,0.2,2,2.35,11.07,7.9,17.72,4.83,3.82,6.73
"QLDNorth","Mackay",149.32356262207,-21.3195629119873,0.2,4.29,4.47,5.61,4.49,7.59,4.55,3.72,6
"WANorth","Karratha",115.699020385742,-21.2780055999756,0.2,2,2.31,10.93,7.82,17.4,5.19,4.08,7.28
"WANorth","Karratha",115.73405456543,-21.2697048187256,0.2,2.03,2.32,9.4,6.86,14.57,4.88,3.87,6.76
"WANorth","Karratha",115.788192749023,-21.262508392334,0.2,2.08,2.28,7.22,5.48,10.59,5.14,4.06,7.15
"QLDNorth","Mackay",149.262390136719,-21.2634410858154,0.2,4.29,4.68,5.56,4.45,7.52,3.66,3.07,4.65
"WANorth","Karratha",115.833740234375,-21.2164745330811,0.2,2.04,2.21,8.88,6.55,13.56,6.18,4.76,8.91
"WANorth","Karratha",115.851295471191,-21.1703968048096,0.2,2.01,3.01,10.3,7.43,16.18,2.59,2.25,3.16
"QLDNorth","Mackay",149.202774047852,-21.1665744781494,0.2,4.14,4.82,5.29,4.25,7.1,2.94,2.53,3.61
"WANorth","Karratha",115.883941650391,-21.1121234893799,0.2,2,3,10.84,7.8,17.08,2.64,2.29,3.24
"WANorth","Karratha",115.945236206055,-21.0636043548584,0.2,2.01,2.6,10.48,7.57,16.44,3.43,2.86,4.46
"QLDNorth","Mackay",149.23371887207,-21.0691242218018,0.2,4.12,4.89,5.65,4.51,7.65,2.88,2.49,3.52
"WANorth","Karratha",116.00074005127,-21.0321044921875,0.2,2.01,2.6,10.29,7.46,16.08,3.44,2.86,4.46
"WANorth","Karratha",116.048873901367,-21.0148506164551,0.2,2.01,2.3,10.43,7.55,16.26,5.11,4.01,7.23
"QLDNorth","Mackay",149.189743041992,-21.0312118530273,0.2,4.12,4.58,5.73,4.57,7.8,3.48,2.94,4.38
"WANorth","Karratha",116.110061645508,-20.9945011138916,0.2,2,2.24,10.7,7.74,16.73,5.8,4.48,8.39
"WANorth","Karratha",116.153228759766,-20.9728336334229,0.2,1.99,2.2,11.96,8.53,19.03,6.29,4.82,9.18
"QLDNorth","Mackay",149.048797607422,-20.9769611358643,0.2,4.12,5.07,5.68,4.53,7.72,2.66,2.32,3.2
"QLDNorth","Mackay",149.100326538086,-20.9781055450439,0.2,4.11,4.77,5.79,4.61,7.9,3.05,2.62,3.76
"QLDNorth","Mackay",149.155029296875,-20.9785442352295,0.2,4.11,4.42,5.83,4.63,7.95,4.13,3.41,5.37
"WANorth","Karratha",116.15380859375,-20.929069519043,0.2,1.99,2.81,11.38,8.17,17.96,2.72,2.34,3.36
"QLDNorth","Mackay",149.051864624023,-20.9236888885498,0.2,4.12,4.33,5.72,4.55,7.77,4.49,3.67,5.92
"WANorth","Ashburton",115.397163391113,-20.8932819366455,0.2,2.02,2.33,9.54,7.01,14.6,5.03,3.98,7.02
"WANorth","Karratha",116.189353942871,-20.8822536468506,0.2,1.98,3.07,12.5,8.89,19.94,2.33,2.06,2.79
"QLDNorth","Mackay",148.945083618164,-20.8749885559082,0.2,4.11,4.35,5.92,4.68,8.14,4.3,3.53,5.66
"QLDNorth","Mackay",148.993865966797,-20.8916931152344,0.2,4.11,4.57,5.92,4.69,8.12,3.56,2.99,4.54
"WANorth","Karratha",116.207725524902,-20.8317775726318,0.2,2.01,3.44,10.42,7.57,16.18,1.99,1.8,2.3
"WANorth","Karratha",116.338638305664,-20.8400115966797,0.2,2.02,2.78,9.89,7.23,15.26,2.73,2.35,3.38
"WANorth","Karratha",116.370178222656,-20.8314571380615,0.2,2.02,2.78,9.85,7.19,15.2,2.73,2.35,3.37
"WANorth","Karratha",116.419342041016,-20.82692527771,0.2,2.02,2.23,9.86,7.21,15.18,5.54,4.32,7.87
"QLDNorth","Mackay",148.842803955078,-20.8253059387207,0.2,4.12,4.53,5.64,4.49,7.71,3.52,2.96,4.47
"WANorth","Ashburton",115.300354003906,-20.7760372161865,0.2,1.93,4.04,18.35,12.51,30.84,1.92,1.75,2.21
"WANorth","Ashburton",115.487831115723,-20.7847900390625,0.2,2.11,2.72,6.46,4.93,9.46,2.93,2.5,3.68
"WANorth","Karratha",116.49250793457,-20.7913150787354,0.2,1.98,2.19,12.16,8.69,19.29,6.32,4.85,9.17
"QLDNorth","Mackay",148.845092773438,-20.78391456604,0.2,4.12,4.53,5.7,4.52,7.8,3.5,2.95,4.45
"WANorth","Ashburton",115.352661132812,-20.7395095825195,0.2,1.94,3.31,17.45,11.95,29.2,2.45,2.15,2.97
"WANorth","Ashburton",115.492980957031,-20.7369003295898,0.2,2.2,4.02,4.86,3.84,6.78,1.76,1.62,1.98
"WANorth","Karratha",116.54035949707,-20.746467590332,0.2,1.99,2.15,12.11,8.69,19.02,7.54,5.66,11.23
"QLDNorth","Mackay",148.822952270508,-20.7695465087891,0.2,3.09,3.5,5.72,4.54,7.84,3.5,2.95,4.44
"WANorth","Karratha",116.580741882324,-20.6878547668457,0.2,1.98,2.44,12.38,8.86,19.53,4.13,3.36,5.52
"WANorth","Karratha",116.834449768066,-20.7047786712646,0.2,4.27,5.52,3.92,3.21,5.23,1.84,1.68,2.1
"WANorth","Karratha",116.889343261719,-20.715892791748,0.2,4.24,5.47,4.26,3.44,5.74,1.88,1.71,2.15
"WANorth","Karratha",117.254760742188,-20.7014217376709,0.2,4.15,4.94,5.29,4.15,7.44,2.31,2.04,2.77
"WANorth","Karratha",117.30729675293,-20.723934173584,0.2,4.14,4.31,5.53,4.32,7.83,4.01,3.27,5.38
"WANorth","Karratha",117.371124267578,-20.7290821075439,0.2,4.12,4.41,5.79,4.5,8.26,3.61,2.98,4.75
"WANorth","Karratha",117.407180786133,-20.7229251861572,0.2,4.12,4.27,5.95,4.61,8.52,4.41,3.55,6.02
"WANorth","Karratha",117.478233337402,-20.7161254882812,0.2,4.1,4.44,6.25,4.8,9.04,3.57,2.95,4.68
"WANorth","Karratha",117.53833770752,-20.70654296875,0.2,4.1,4.61,6.37,4.88,9.27,2.99,2.54,3.78
"WANorth","Karratha",117.576545715332,-20.6753768920898,0.2,4.09,5.72,6.44,4.93,9.37,1.79,1.64,2.02
"QLDNorth","Mackay",148.733520507812,-20.6849021911621,0.2,3.11,3.37,5.3,4.24,7.21,3.79,3.15,4.88
"QLDNorth","Mackay",148.759948730469,-20.7212963104248,0.2,3.1,3.46,5.46,4.35,7.44,3.55,2.98,4.52
"WANorth","Karratha",116.56339263916,-20.6260738372803,0.2,1.98,2.85,12.24,8.78,19.25,2.75,2.37,3.4
"WANorth","Karratha",116.816337585449,-20.6157131195068,0.2,4.27,5.28,3.95,3.22,5.26,1.98,1.79,2.3
"WANorth","Karratha",117.007186889648,-20.6498851776123,0.2,4.17,5.1,5,3.96,6.94,2.15,1.92,2.54
"WANorth","Karratha",117.050231933594,-20.6246738433838,0.2,4.15,5.07,5.35,4.2,7.52,2.19,1.95,2.6
"WANorth","Karratha",117.200706481934,-20.6297302246094,0.2,4.14,4.94,5.47,4.28,7.75,2.33,2.05,2.8
"WANorth","Karratha",117.641456604004,-20.6586017608643,0.2,4.1,4.23,6.28,4.83,9.06,4.96,3.92,6.92
"QLDNorth","Mackay",148.729705810547,-20.6312599182129,0.2,3.12,3.2,5.21,4.17,7.08,4.57,3.71,6.08
"WANorth","Karratha",116.63346862793,-20.5624713897705,0.2,2.03,3.15,9.48,6.98,14.41,2.24,1.98,2.65
"WANorth","Karratha",116.853927612305,-20.5505542755127,0.2,4.23,5.27,4.28,3.46,5.78,2.01,1.81,2.33
"WANorth","Karratha",117.088943481445,-20.6125068664551,0.2,4.13,4.85,5.65,4.4,8,2.47,2.15,3
"WANorth","Karratha",117.70694732666,-20.609338760376,0.2,4.1,5.67,6.37,4.9,9.19,1.83,1.68,2.08
"WANorth","Karratha",117.731239318848,-20.6048641204834,0.2,4.12,5.73,5.91,4.59,8.45,1.79,1.65,2.03
"WANorth","Port Hedland",117.788162231445,-20.5817928314209,0.2,4.12,5.28,5.85,4.55,8.29,2.06,1.85,2.4
"WANorth","Port Hedland",117.855735778809,-20.5904445648193,0.2,4.12,4.77,5.89,4.59,8.33,2.73,2.35,3.39
"QLDNorth","Whitsunday",148.675888061523,-20.5708465576172,0.2,3.14,3.34,4.87,3.93,6.56,3.77,3.14,4.86
"QLDNorth","Whitsunday",148.85710144043,-20.5329475402832,0.2,3.1,3.74,5.47,4.34,7.49,2.78,2.42,3.36
"QLDNorth","Whitsunday",148.89958190918,-20.547945022583,0.2,3.07,3.88,5.98,4.7,8.29,2.59,2.28,3.1
"WANorth","Karratha",116.695823669434,-20.5156555175781,0.2,4.05,5.28,7.91,5.94,11.74,2.02,1.82,2.35
"WANorth","Karratha",116.8779296875,-20.5187358856201,0.2,4.22,5.43,4.4,3.54,5.97,1.91,1.73,2.19
"WANorth","Port Hedland",117.895408630371,-20.5413818359375,0.2,4.12,4.23,5.94,4.62,8.45,4.92,3.89,6.86
"QLDNorth","Whitsunday",148.694717407227,-20.5426292419434,0.2,3.14,3.34,4.9,3.94,6.6,3.79,3.15,4.89
"QLDNorth","Whitsunday",148.712020874023,-20.5181045532227,0.2,3.14,3.34,4.88,3.93,6.58,3.77,3.13,4.86
"QLDNorth","Whitsunday",148.81755065918,-20.5104503631592,0.2,3.12,3.97,5.17,4.13,7.03,2.47,2.18,2.92
"QLDNorth","Whitsunday",148.934631347656,-20.5306968688965,0.2,3.03,3.89,6.91,5.35,9.81,2.68,2.35,3.23
"WANorth","Karratha",116.779930114746,-20.5041923522949,0.2,4.03,4.85,8.63,6.43,12.94,2.54,2.21,3.1
"WANorth","Karratha",116.891662597656,-20.4834842681885,0.2,4.2,5.2,4.58,3.67,6.27,2.07,1.85,2.41
"WANorth","Port Hedland",117.913688659668,-20.4775104522705,0.2,4.1,5.25,6.34,4.89,9.1,2.11,1.89,2.47
"QLDNorth","Whitsunday",148.913909912109,-20.4831104278564,0.2,3.05,4.49,6.39,4.98,8.96,2.1,1.89,2.42
"WANorth","Karratha",116.801399230957,-20.432638168335,0.2,4.01,5.16,9.61,7.08,14.61,2.19,1.94,2.58
"WANorth","Karratha",116.898109436035,-20.4479827880859,0.2,4.17,4.86,4.96,3.93,6.87,2.43,2.13,2.94
"WANorth","Port Hedland",117.92943572998,-20.4624061584473,0.2,4.11,5.28,6,4.65,8.56,2.07,1.86,2.42
"WANorth","Port Hedland",118.020324707031,-20.4503135681152,0.2,4.14,5.33,5.54,4.33,7.82,2.02,1.82,2.35
"QLDNorth","Whitsunday",148.889389038086,-20.4597663879395,0.2,3.04,4.11,6.87,5.31,9.77,2.35,2.09,2.75
"WANorth","Port Hedland",118.058555603027,-20.4135265350342,0.2,4.14,5.33,5.55,4.35,7.82,2.02,1.82,2.35
"QLDNorth","Whitsunday",148.895095825195,-20.3785915374756,0.2,3.03,3.59,7.17,5.52,10.25,3.22,2.74,4.02
"QLDNorth","Whitsunday",148.952117919922,-20.3802852630615,0.2,3.03,3.89,6.97,5.38,9.92,2.64,2.31,3.17
"QLDNorth","Mackay",149.021896362305,-20.3936939239502,0.2,3.04,3.65,6.85,5.31,9.7,3.03,2.59,3.78
"WANorth","Port Hedland",118.129188537598,-20.370532989502,0.2,4.13,5.25,5.63,4.41,7.93,2.1,1.88,2.46
"WANorth","Port Hedland",118.167083740234,-20.3465995788574,0.2,4.13,4.96,5.67,4.43,7.97,2.4,2.11,2.89
"WANorth","Port Hedland",118.196533203125,-20.3357353210449,0.2,4.16,5.02,5.22,4.13,7.26,2.31,2.04,2.77
"WANorth","Port Hedland",118.26683807373,-20.3528156280518,0.2,4.16,4.79,5.23,4.13,7.29,2.64,2.28,3.25
"WANorth","Port Hedland",118.31844329834,-20.3370609283447,0.2,4.16,5.43,5.25,4.15,7.3,1.97,1.78,2.27
"WANorth","Port Hedland",118.367660522461,-20.3476428985596,0.2,4.17,4.72,5.01,3.97,6.92,2.76,2.37,3.44
"QLDNorth","Whitsunday",148.919830322266,-20.3214683532715,0.2,3.02,3.34,7.45,5.71,10.7,4.22,3.47,5.52
"QLDNorth","Whitsunday",149.051406860352,-20.3108921051025,0.2,3.04,4.13,6.76,5.24,9.57,2.42,2.14,2.85
"WANorth","Port Hedland",118.455070495605,-20.3152179718018,0.2,4.16,5.25,5.2,4.12,7.2,2.09,1.87,2.45
"WANorth","Port Hedland",118.461875915527,-20.3154773712158,0.2,4.16,5.96,5.18,4.11,7.17,1.71,1.58,1.92
"WANorth","Port Hedland",118.53050994873,-20.3007946014404,0.2,4.15,5.84,5.29,4.19,7.31,1.76,1.62,1.99
"WANorth","Port Hedland",118.634323120117,-20.2938327789307,0.2,4.15,5.33,5.31,4.2,7.35,2.05,1.84,2.38
"WANorth","Port Hedland",118.696647644043,-20.3080749511719,0.2,4.15,4.92,5.28,4.18,7.29,2.47,2.16,2.99
"WANorth","Port Hedland",118.741676330566,-20.2921085357666,0.2,4.15,5.91,5.33,4.22,7.37,1.75,1.61,1.97
"QLDNorth","Whitsunday",148.906173706055,-20.2758388519287,0.2,3.01,3.33,7.75,5.9,11.22,4.27,3.5,5.63
"QLDNorth","Whitsunday",149.048431396484,-20.2850322723389,0.2,3,3.38,7.91,6.02,11.49,4.06,3.33,5.33
"WANorth","Port Hedland",118.827583312988,-20.2426986694336,0.2,4.14,4.61,5.52,4.36,7.65,3.15,2.65,4.01
"WANorth","Port Hedland",118.840995788574,-20.229076385498,0.2,4.13,4.61,5.61,4.42,7.8,3.16,2.66,4.03
"QLDNorth","Whitsunday",148.831161499023,-20.2356262207031,0.2,2.99,3.49,8.27,6.25,12.1,3.41,2.87,4.35
"QLDNorth","Whitsunday",148.910110473633,-20.2499942779541,0.2,2.98,3.31,8.7,6.54,12.83,4.26,3.48,5.64
"QLDNorth","Whitsunday",149.029388427734,-20.2381935119629,0.2,3,3.9,7.97,6.05,11.58,2.59,2.27,3.13
"WANorth","Port Hedland",118.865966796875,-20.2053852081299,0.2,4.12,4.6,5.78,4.54,8.07,3.21,2.7,4.1
"QLDNorth","Whitsunday",148.681640625,-20.1868515014648,0.2,2.98,3.95,8.86,6.64,13.13,2.45,2.16,2.95
"QLDNorth","Whitsunday",148.752014160156,-20.2341957092285,0.2,2.97,4.05,9.12,6.81,13.58,2.22,1.97,2.62
"QLDNorth","Whitsunday",148.811904907227,-20.2081069946289,0.2,2.98,3.57,9.04,6.76,13.41,3.11,2.64,3.91
"QLDNorth","Whitsunday",148.89094543457,-20.1693572998047,0.2,2.98,3.4,8.73,6.56,12.88,3.94,3.28,5.08
"QLDNorth","Whitsunday",149.0478515625,-20.1767330169678,0.2,3,3.96,8,6.07,11.64,2.57,2.26,3.05
"WANorth","Port Hedland",118.907958984375,-20.1533355712891,0.2,4.12,4.59,5.83,4.57,8.14,3.24,2.72,4.14
"QLDNorth","Whitsunday",148.616928100586,-20.1395874023438,0.2,2.98,4.15,8.67,6.52,12.79,2.3,2.04,2.72
"QLDNorth","Whitsunday",148.878921508789,-20.1377506256104,0.2,2.97,3.47,9.25,6.91,13.74,3.46,2.9,4.43
"QLDNorth","Whitsunday",149.020416259766,-20.1534824371338,0.2,2.99,3.48,8.41,6.36,12.27,3.59,3,4.62
"WANorth","Port Hedland",118.972709655762,-20.0898818969727,0.2,4.11,4.5,6.07,4.75,8.51,3.59,2.98,4.69
"QLDNorth","Whitsunday",148.307312011719,-20.1071434020996,0.2,2.49,3.1,9.83,7.27,14.81,3.57,2.99,4.56
"QLDNorth","Whitsunday",148.337829589844,-20.1377258300781,0.2,2.48,3.09,10.07,7.43,15.22,3.61,3.02,4.64
"QLDNorth","Whitsunday",148.644317626953,-20.0960540771484,0.2,2.98,3.74,8.98,6.72,13.31,2.76,2.38,3.41
"QLDNorth","Whitsunday",148.877655029297,-20.0655612945557,0.2,2.96,3.44,9.63,7.15,14.43,3.86,3.2,4.99
"QLDNorth","Whitsunday",148.969421386719,-20.0698776245117,0.2,2.99,4.31,8.45,6.38,12.36,2.22,1.99,2.56
"WANorth","Port Hedland",118.997650146484,-20.0329113006592,0.2,4.12,4.51,5.95,4.66,8.34,3.55,2.95,4.6
"WANorth","East Pilbara",119.519950866699,-20.0433902740479,0.2,4.14,4.77,5.44,4.34,7.37,2.76,2.38,3.4
"WANorth","East Pilbara",119.583999633789,-20.0681285858154,0.2,4.14,4.41,5.5,4.39,7.47,3.85,3.19,5.01
"WANorth","East Pilbara",119.636421203613,-20.0477066040039,0.2,4.14,4.4,5.54,4.42,7.52,3.87,3.21,5.03
"QLDNorth","Whitsunday",148.298141479492,-20.0416526794434,0.2,2.49,3.15,9.59,7.1,14.42,3.42,2.88,4.33
"QLDNorth","Whitsunday",148.433990478516,-20.0228958129883,0.2,2.48,3.38,10.28,7.56,15.59,2.64,2.3,3.23
"QLDNorth","Whitsunday",148.536437988281,-20.0547847747803,0.2,2.5,3.16,9.25,6.89,13.79,3.23,2.73,4.07
"QLDNorth","Whitsunday",148.565017700195,-20.0668964385986,0.2,2.98,3.73,8.8,6.6,13,2.98,2.56,3.69
"QLDNorth","Whitsunday",148.895431518555,-20.0388641357422,0.2,2.97,4.03,9.15,6.83,13.6,2.42,2.14,2.88
"QLDNorth","Whitsunday",148.955841064453,-20.0561389923096,0.2,2.98,4.11,9.01,6.75,13.35,2.33,2.07,2.74
"WANorth","Port Hedland",119.073089599609,-20.0058364868164,0.2,4.11,5.2,6.1,4.77,8.58,2.26,2,2.68
"WANorth","Port Hedland",119.086044311523,-19.9914436340332,0.2,4.11,4.21,6.1,4.76,8.58,5.16,4.1,7.09
"WANorth","Port Hedland",119.365753173828,-19.9896373748779,0.2,4.12,4.25,5.9,4.66,8.13,4.85,3.91,6.52
"WANorth","Port Hedland",119.421737670898,-19.9905967712402,0.2,4.13,4.51,5.72,4.54,7.83,3.5,2.93,4.5
"WANorth","Port Hedland",119.469665527344,-20.003963470459,0.2,4.13,4.44,5.77,4.58,7.9,3.81,3.16,4.96
"WANorth","East Pilbara",119.688293457031,-19.9963130950928,0.2,4.14,4.4,5.57,4.44,7.57,3.86,3.2,4.99
"QLDNorth","Whitsunday",148.267623901367,-19.9859199523926,0.2,2.49,3.19,9.55,7.07,14.37,3.36,2.84,4.22
"QLDNorth","Whitsunday",148.433792114258,-19.9874267578125,0.2,2.48,3.27,10.25,7.54,15.58,2.88,2.47,3.57
"QLDNorth","Whitsunday",148.552749633789,-19.9927291870117,0.2,2.48,3.46,9.98,7.37,15.07,2.67,2.32,3.23
"WANorth","Port Hedland",119.168464660645,-19.9530563354492,0.2,4.12,4.39,5.88,4.63,8.15,4.11,3.36,5.42
"WANorth","Port Hedland",119.206848144531,-19.9463481903076,0.2,4.12,4.39,5.89,4.65,8.13,4.11,3.37,5.41
"WANorth","Port Hedland",119.25757598877,-19.9648323059082,0.2,4.11,4.28,6.18,4.84,8.63,4.79,3.85,6.49
"WANorth","Port Hedland",119.307754516602,-19.9808597564697,0.2,4.12,4.31,5.82,4.61,8,4.47,3.63,5.95
"WANorth","East Pilbara",119.744606018066,-19.9636402130127,0.2,4.13,4.51,5.69,4.52,7.78,3.43,2.89,4.35
"WANorth","East Pilbara",119.843452453613,-19.9636344909668,0.2,4.14,4.25,5.46,4.35,7.45,4.59,3.73,6.1
"WANorth","East Pilbara",119.89623260498,-19.9465560913086,0.2,4.14,4.27,5.53,4.4,7.54,4.49,3.66,5.94
"WANorth","East Pilbara",119.945373535156,-19.9375991821289,0.2,4.14,4.28,5.44,4.34,7.41,4.43,3.61,5.85
"WANorth","East Pilbara",119.996444702148,-19.9295768737793,0.2,4.15,4.29,5.28,4.23,7.15,4.33,3.55,5.71
"QLDNorth","Whitsunday",148.151626586914,-19.9428615570068,0.2,2.49,3.33,9.67,7.14,14.6,3.07,2.63,3.79
"QLDNorth","Whitsunday",148.206604003906,-19.9486331939697,0.2,2.49,3.26,9.54,7.06,14.37,3.21,2.74,4.01
"QLDNorth","Whitsunday",148.441223144531,-19.9711360931396,0.2,2.48,3.32,9.93,7.31,15.05,2.78,2.4,3.42
"QLDNorth","Whitsunday",148.452850341797,-19.9661026000977,0.2,2.49,3.6,9.65,7.13,14.58,2.5,2.2,2.98
"WANorth","Broome",120.065490722656,-19.9218635559082,0.2,4.15,4.28,5.3,4.24,7.19,4.37,3.57,5.78
"WANorth","Broome",120.112655639648,-19.914041519165,0.2,4.15,4.43,5.3,4.24,7.19,3.69,3.08,4.75
"WANorth","Broome",120.158889770508,-19.9079303741455,0.2,4.15,4.38,5.27,4.22,7.14,3.9,3.23,5.07
"WANorth","Broome",120.213424682617,-19.9057884216309,0.2,4.15,4.37,5.36,4.28,7.29,3.95,3.26,5.14
"QLDNorth","Whitsunday",148.089401245117,-19.8941669464111,0.2,2.51,3.3,8.69,6.5,12.91,3.17,2.7,3.94
"WANorth","Broome",120.28434753418,-19.8830451965332,0.2,4.14,4.37,5.56,4.42,7.58,3.97,3.28,5.16
"WANorth","Broome",120.331367492676,-19.8702392578125,0.2,4.14,4.37,5.43,4.34,7.37,3.96,3.28,5.14
"WANorth","Broome",120.376899719238,-19.8509407043457,0.2,4.16,4.39,5.13,4.13,6.89,3.85,3.2,4.97
"QLDNorth","Whitsunday",147.870895385742,-19.8506202697754,0.2,2.5,3.15,9.25,6.86,13.93,3.54,2.98,4.5
"QLDNorth","Whitsunday",147.89860534668,-19.8779392242432,0.2,2.49,3.13,9.43,6.97,14.22,3.65,3.05,4.67
"QLDNorth","Whitsunday",148.025787353516,-19.8905639648438,0.2,2.48,3.41,9.89,7.29,15,2.98,2.56,3.67
"QLDNorth","Whitsunday",148.049194335938,-19.880392074585,0.2,2.49,3.29,9.82,7.24,14.88,3.24,2.75,4.04
"WANorth","Broome",120.446357727051,-19.824390411377,0.2,4.15,4.36,5.39,4.31,7.3,4,3.31,5.19
"WANorth","Broome",120.484565734863,-19.8106021881104,0.2,4.15,4.37,5.35,4.29,7.23,3.97,3.29,5.15
"WANorth","Broome",120.529876708984,-19.7982482910156,0.2,4.15,4.37,5.3,4.25,7.15,3.94,3.27,5.11
"QLDNorth","Burdekin",147.636581420898,-19.7879085540771,0.2,2.47,2.95,10.5,7.66,16.16,4.39,3.58,5.82
"QLDNorth","Burdekin",147.66423034668,-19.8059043884277,0.2,2.47,2.91,10.93,7.94,16.91,4.71,3.8,6.33
"QLDNorth","Whitsunday",147.857131958008,-19.801721572876,0.2,2.5,3.16,9.25,6.86,13.93,3.54,2.98,4.5
"WANorth","Broome",120.579978942871,-19.7765197753906,0.2,4.16,4.37,5.21,4.19,6.99,3.95,3.28,5.1
"WANorth","Broome",120.65160369873,-19.7546901702881,0.2,4.15,4.36,5.25,4.22,7.06,4.02,3.33,5.22
"WANorth","Broome",120.687477111816,-19.7428932189941,0.2,4.15,4.36,5.32,4.27,7.17,4.05,3.35,5.26
"WANorth","Broome",120.729225158691,-19.7241172790527,0.2,4.16,4.35,5.24,4.21,7.03,4.13,3.4,5.37
"QLDNorth","Burdekin",147.605331420898,-19.7488174438477,0.2,2.48,2.97,10.04,7.36,15.33,4.25,3.48,5.58
"QLDNorth","Whitsunday",147.738739013672,-19.7649955749512,0.2,2.47,3.13,10.85,7.9,16.73,3.79,3.15,4.89
"QLDNorth","Whitsunday",147.856964111328,-19.7432193756104,0.2,2.49,2.8,9.46,6.99,14.3,5.2,4.16,7.09
"WANorth","Broome",120.793174743652,-19.6948852539062,0.2,5.63,5.82,5.14,4.15,6.85,4.07,3.37,5.28
"QLDNorth","Whitsunday",147.75080871582,-19.702392578125,0.2,2.48,3.29,10.13,7.43,15.48,3.31,2.8,4.17
"QLDNorth","Whitsunday",147.780395507812,-19.7049865722656,0.2,2.48,3.22,10.1,7.41,15.41,3.42,2.88,4.33
"QLDNorth","Whitsunday",147.826461791992,-19.7084178924561,0.2,2.49,3.47,9.46,6.99,14.29,2.89,2.5,3.55
"WANorth","Broome",120.856033325195,-19.6699066162109,0.2,5.63,5.83,5.17,4.16,6.93,3.98,3.3,5.14
"WANorth","Broome",120.902053833008,-19.6542224884033,0.2,5.62,5.82,5.23,4.22,7.01,4.11,3.4,5.34
"WANorth","Broome",120.94229888916,-19.6378479003906,0.2,5.66,5.84,4.79,3.91,6.3,3.97,3.3,5.11
"QLDNorth","Burdekin",147.608001708984,-19.6527614593506,0.2,2.56,2.91,9.87,7.26,15.04,5.02,4.03,6.78
"WANorth","Broome",121.010299682617,-19.5989818572998,0.2,5.64,5.77,4.96,4.03,6.59,4.28,3.53,5.58
"QLDNorth","Burdekin",147.57568359375,-19.5920028686523,0.2,2.57,3.23,9.41,6.95,14.22,3.6,3.01,4.59
"WANorth","Broome",121.067588806152,-19.5578746795654,0.2,5.61,5.73,5.54,4.43,7.52,4.66,3.79,6.16
"QLDNorth","Burdekin",147.566986083984,-19.5536823272705,0.2,2.57,3.37,9.63,7.1,14.6,3.32,2.81,4.16
"WANorth","Broome",121.12336730957,-19.5209617614746,0.2,5.63,5.75,5.12,4.14,6.82,4.43,3.64,5.8
"WANorth","Broome",121.15958404541,-19.4946613311768,0.2,5.63,6.12,5.12,4.14,6.81,3.23,2.75,4.06
"QLDNorth","Burdekin",147.518493652344,-19.4948139190674,0.2,2.57,3.41,9.52,7.03,14.4,3.2,2.73,3.99
"WANorth","Broome",121.21656036377,-19.4481582641602,0.2,5.62,6.11,5.23,4.22,7.01,3.29,2.79,4.15
"QLDNorth","Burdekin",147.482009887695,-19.440486907959,0.2,2.57,3.17,9.48,7.01,14.34,3.86,3.21,4.97
"WANorth","Broome",121.255737304688,-19.4106731414795,0.2,5.62,6.1,5.38,4.32,7.25,3.33,2.82,4.21
"QLDNorth","Townsville",147.112716674805,-19.3939304351807,0.2,2.57,2.8,11.67,8.43,18.15,6.98,5.37,10.01
"QLDNorth","Burdekin",147.154144287109,-19.4040985107422,0.2,2.56,2.76,12.11,8.71,18.99,7.76,5.88,11.36
"QLDNorth","Burdekin",147.201370239258,-19.4158000946045,0.2,2.56,3.34,12.42,8.88,19.6,3.73,3.09,4.83
"QLDNorth","Burdekin",147.27033996582,-19.4202575683594,0.2,2.52,3.3,13.21,9.37,21.1,3.75,3.11,4.86
"QLDNorth","Burdekin",147.316925048828,-19.4074878692627,0.2,2.52,3.41,13.08,9.29,20.86,3.44,2.89,4.4
"QLDNorth","Burdekin",147.366546630859,-19.4134864807129,0.2,2.52,3.4,12.99,9.23,20.69,3.46,2.9,4.42
"QLDNorth","Burdekin",147.444625854492,-19.380880355835,0.2,2.53,2.96,11.89,8.58,18.52,5.31,4.22,7.27
"WANorth","Broome",121.288803100586,-19.3769283294678,0.2,5.61,6.09,5.51,4.41,7.45,3.36,2.83,4.25
"QLDNorth","Townsville",147.091766357422,-19.3602600097656,0.2,2.57,2.79,11.7,8.45,18.19,7,5.38,10.02
"WANorth","Broome",121.341453552246,-19.3204784393311,0.2,5.61,5.89,5.48,4.38,7.41,4.08,3.36,5.31
"WANorth","Broome",121.361099243164,-19.2930088043213,0.2,5.61,5.95,5.56,4.44,7.55,3.85,3.2,4.98
"QLDNorth","Townsville",146.900085449219,-19.3002738952637,0.2,2.65,3.26,10.53,7.76,15.92,4.67,3.77,6.28
"QLDNorth","Townsville",146.94758605957,-19.2947425842285,0.2,2.58,3.28,10.96,8.03,16.71,4.2,3.43,5.54
"WANorth","Broome",121.392044067383,-19.2532920837402,0.2,5.61,5.95,5.56,4.43,7.54,3.84,3.19,4.97
"QLDNorth","Townsville",146.981781005859,-19.2680759429932,0.2,2.58,3.28,11.09,8.1,16.97,4.23,3.46,5.59
"QLDNorth","Townsville",147.061813354492,-19.2527599334717,0.2,2.57,3.82,11.66,8.44,18.08,2.94,2.52,3.65
"WANorth","Broome",121.431411743164,-19.2021427154541,0.2,5.61,5.77,5.52,4.41,7.5,4.65,3.79,6.15
"QLDNorth","Townsville",147.002349853516,-19.2261600494385,0.2,2.58,3.24,10.93,8,16.68,4.42,3.6,5.88
"QLDNorth","Townsville",147.045791625977,-19.2077312469482,0.2,2.58,3.47,10.99,8.03,16.81,3.56,2.98,4.57
"WANorth","Broome",121.471351623535,-19.1473999023438,0.2,5.61,5.77,5.46,4.36,7.4,4.62,3.76,6.1
"QLDNorth","Townsville",146.617416381836,-19.1560077667236,0.2,2.67,3,9.42,7.08,13.85,5.66,4.5,7.74
"QLDNorth","Townsville",146.672744750977,-19.1812114715576,0.2,2.66,3.95,9.59,7.19,14.12,3.04,2.59,3.82
"QLDNorth","Townsville",146.745254516602,-19.1750354766846,0.2,2.66,3.19,9.89,7.37,14.68,4.85,3.91,6.52
"QLDNorth","Townsville",146.884170532227,-19.1261463165283,0.2,2.65,2.95,10.39,7.67,15.67,6.06,4.77,8.39
"QLDNorth","Townsville",147.014053344727,-19.1807861328125,0.2,2.58,3.23,11.08,8.1,16.96,4.47,3.63,5.95
"QLDNorth","Townsville",147.022735595703,-19.1852207183838,0.2,2.58,3.27,11.09,8.1,16.97,4.25,3.48,5.61
"WANorth","Broome",121.51439666748,-19.0784320831299,0.2,5.6,5.9,5.62,4.47,7.67,4.11,3.39,5.37
"QLDNorth","Townsville",146.524719238281,-19.0995292663574,0.2,2.67,2.9,9.38,7.04,13.77,6.11,4.82,8.4
"QLDNorth","Townsville",146.544876098633,-19.1108875274658,0.2,2.67,3.05,9.4,7.06,13.81,5.26,4.21,7.12
"QLDNorth","Townsville",146.780822753906,-19.1178245544434,0.2,2.65,3.84,10.12,7.51,15.11,3.12,2.65,3.91
"QLDNorth","Townsville",146.884262084961,-19.1123752593994,0.2,2.65,3.65,10.53,7.75,15.92,3.4,2.87,4.32
"WANorth","Broome",121.520469665527,-19.0504398345947,0.2,5.6,5.91,5.64,4.49,7.71,4.06,3.35,5.3
"QLDNorth","Townsville",146.468566894531,-19.0711936950684,0.2,2.67,3.56,9.16,6.9,13.4,3.59,2.99,4.64
"QLDNorth","Townsville",146.793090820312,-19.1095657348633,0.2,2.65,3.84,10.24,7.59,15.34,3.12,2.65,3.93
"QLDNorth","Townsville",146.837158203125,-19.102445602417,0.2,2.65,3.49,10.41,7.69,15.68,3.77,3.14,4.87
"WANorth","Broome",121.545501708984,-18.9979515075684,0.2,5.6,5.69,5.66,4.5,7.74,5.29,4.24,7.14
"QLDNorth","Townsville",146.406478881836,-19.0029544830322,0.2,2.67,3.11,9.09,6.84,13.32,4.89,3.94,6.59
"WANorth","Broome",121.551979064941,-18.9434871673584,0.2,5.6,5.77,5.67,4.51,7.76,4.81,3.9,6.41
"QLDNorth","Townsville",146.331924438477,-18.9381656646729,0.2,2.61,2.79,8.39,6.35,12.22,5.94,4.7,8.18
"QLDNorth","Townsville",146.365142822266,-18.9604206085205,0.2,2.6,2.79,8.81,6.64,12.89,6.12,4.82,8.46
"WANorth","Broome",121.59538269043,-18.8983860015869,0.2,5.59,5.69,5.75,4.56,7.87,5.4,4.32,7.32
"QLDNorth","Hinchinbrook",146.309585571289,-18.9009704589844,0.2,2.61,2.85,8.18,6.21,11.9,5.36,4.29,7.25
"WANorth","Broome",121.602256774902,-18.8637847900391,0.2,5.6,6.17,5.72,4.55,7.83,3.25,2.75,4.08
"QLDNorth","Hinchinbrook",146.279510498047,-18.8430213928223,0.2,2.63,3.06,7.74,5.9,11.19,4.49,3.64,6.01
"QLDNorth","Palm Island",146.553527832031,-18.8467845916748,0.2,2.58,3.39,9.77,7.27,14.55,3.78,3.14,4.91
"QLDNorth","Palm Island",146.644714355469,-18.7806949615479,0.2,2.57,3.48,10.1,7.47,15.18,3.58,3,4.58
"QLDNorth","Palm Island",146.662719726562,-18.7778167724609,0.2,2.57,3.57,10.25,7.57,15.45,3.33,2.82,4.21
"WANorth","Broome",121.630653381348,-18.8212699890137,0.2,5.6,5.73,5.7,4.53,7.78,5.05,4.08,6.77
"QLDNorth","Hinchinbrook",146.28483581543,-18.788667678833,0.2,2.63,3.27,7.6,5.8,10.98,3.59,2.99,4.63
"QLDNorth","Palm Island",146.537780761719,-18.7881507873535,0.2,2.57,3.07,10.34,7.63,15.61,4.87,3.94,6.53
"WANorth","Broome",121.633827209473,-18.7459316253662,0.2,5.59,6.03,5.8,4.6,7.96,3.67,3.07,4.7
"QLDNorth","Hinchinbrook",146.29362487793,-18.7438869476318,0.2,2.63,3.29,7.54,5.76,10.89,3.49,2.92,4.49
"QLDNorth","Palm Island",146.530319213867,-18.7633838653564,0.2,2.56,2.94,10.75,7.89,16.34,4.91,3.99,6.5
"QLDNorth","Palm Island",146.695037841797,-18.7528095245361,0.2,2.56,3.55,11.25,8.21,17.25,3.4,2.87,4.29
"WANorth","Broome",121.631500244141,-18.6964435577393,0.2,5.61,6.38,5.54,4.42,7.53,2.79,2.42,3.41
"QLDNorth","Hinchinbrook",146.313293457031,-18.6965656280518,0.2,2.63,3.29,7.71,5.87,11.19,3.45,2.9,4.42
"QLDNorth","Palm Island",146.530151367188,-18.6977615356445,0.2,2.57,2.99,10.25,7.56,15.48,4.23,3.48,5.52
"WANorth","Broome",121.702735900879,-18.6924514770508,0.2,5.62,5.92,5.36,4.29,7.23,3.97,3.3,5.13
"WANorth","Broome",121.748542785645,-18.6694412231445,0.2,5.62,5.88,5.37,4.31,7.25,4.11,3.4,5.32
"QLDNorth","Palm Island",146.55891418457,-18.6555709838867,0.2,2.56,3.47,11.39,8.3,17.47,3.47,2.92,4.42
"QLDNorth","Palm Island",146.595520019531,-18.6801776885986,0.2,2.55,3.52,11.53,8.38,17.74,3.41,2.88,4.33
"WANorth","Broome",121.738983154297,-18.5859107971191,0.2,5.6,5.77,5.63,4.48,7.67,4.78,3.89,6.35
"QLDNorth","Hinchinbrook",146.3427734375,-18.5997543334961,0.2,2.61,3.1,8.26,6.24,12.12,3.85,3.2,4.97
"WANorth","Broome",121.748870849609,-18.5592384338379,0.2,5.59,5.94,5.75,4.57,7.85,4.01,3.32,5.19
"QLDNorth","Hinchinbrook",146.348968505859,-18.5500183105469,0.2,2.6,3.25,8.66,6.5,12.82,3.55,2.97,4.54
"WANorth","Broome",121.770851135254,-18.5249538421631,0.2,5.6,5.81,5.67,4.51,7.72,4.6,3.75,6.07
"WANorth","Broome",121.808464050293,-18.4525394439697,0.2,5.59,6.11,5.86,4.65,8.04,3.47,2.93,4.38
"QLDNorth","Cassowary Coast",146.347763061523,-18.4298896789551,0.2,2.59,3.51,9.19,6.84,13.75,3.32,2.8,4.2
"WANorth","Broome",121.834434509277,-18.4405097961426,0.2,5.59,6.11,5.85,4.64,8.01,3.49,2.94,4.42
"WANorth","Broome",121.935127258301,-18.4399223327637,0.2,5.6,6.46,5.68,4.52,7.72,2.74,2.38,3.33
"QLDNorth","Cassowary Coast",146.356842041016,-18.4150352478027,0.2,2.57,3.44,10.47,7.68,15.93,3.6,3.01,4.63
"WANorth","Broome",122.028900146484,-18.3615627288818,0.2,5.6,6.3,5.6,4.47,7.58,3.06,2.63,3.76
"WANorth","Broome",122.058647155762,-18.32155418396,0.2,5.6,6.3,5.63,4.49,7.64,3.04,2.62,3.74
"WANorth","Broome",122.108795166016,-18.3069400787354,0.2,5.6,6.17,5.63,4.5,7.63,3.29,2.8,4.09
"QLDNorth","Cassowary Coast",146.284317016602,-18.2905540466309,0.2,2.74,3.36,9.53,7.05,14.38,4.11,3.37,5.42
"WANorth","Broome",122.169158935547,-18.2484817504883,0.2,5.61,5.88,5.46,4.38,7.36,4.49,3.71,5.8
"QLDNorth","Cassowary Coast",146.306060791016,-18.244478225708,0.2,2.72,3.54,10.82,7.9,16.6,3.7,3.08,4.78
"WANorth","Broome",122.210594177246,-18.1955833435059,0.2,5.6,5.86,5.62,4.49,7.61,4.59,3.79,5.94
"WANorth","Broome",122.253555297852,-18.1877174377441,0.2,5.59,5.87,5.84,4.65,7.94,4.57,3.77,5.91
"QLDNorth","Cassowary Coast",146.217025756836,-18.1993274688721,0.2,2.71,3.04,11.49,8.32,17.81,5.94,4.67,8.27
"QLDNorth","Cassowary Coast",146.232025146484,-18.1985282897949,0.2,2.72,3.05,10.88,7.93,16.7,5.76,4.54,7.99
"WANorth","Broome",122.322677612305,-18.1571865081787,0.2,5.59,5.86,5.85,4.65,8.01,4.66,3.83,6.07
"QLDNorth","Cassowary Coast",146.008666992188,-18.1486492156982,0.2,2.72,2.82,10.63,7.77,16.3,8.34,6.25,12.41
"QLDNorth","Cassowary Coast",146.012237548828,-18.1618804931641,0.2,2.72,2.82,10.71,7.82,16.43,8.47,6.33,12.63
"QLDNorth","Cassowary Coast",146.143829345703,-18.1560192108154,0.2,2.71,3.36,11.38,8.25,17.62,4.29,3.5,5.7
"QLDNorth","Cassowary Coast",146.157608032227,-18.1430225372314,0.2,2.71,3.36,11.54,8.35,17.92,4.34,3.53,5.78
"WANorth","Broome",122.358604431152,-18.1208782196045,0.2,5.58,5.87,5.95,4.72,8.15,4.63,3.81,6.02
"WANorth","Broome",122.369987487793,-18.0450019836426,0.2,5.58,5.86,6.07,4.81,8.3,4.66,3.83,6.05
"WANorth","Broome",122.270835876465,-17.9692668914795,0.2,5.58,5.64,6.09,4.82,8.37,5.72,4.56,7.76
"QLDNorth","Cassowary Coast",146.065887451172,-18.0073947906494,0.2,2.43,3.44,9.37,6.93,14.17,3.12,2.65,3.91
"QLDNorth","Cassowary Coast",146.101272583008,-17.9797477722168,0.2,2.42,3.39,10.26,7.51,15.72,3.24,2.74,4.09
"WANorth","Broome",122.174751281738,-17.9715633392334,0.2,5.6,5.75,5.65,4.52,7.62,5.02,4.09,6.61
"WANorth","Broome",122.201286315918,-17.9162635803223,0.2,5.6,5.74,5.7,4.56,7.7,5.15,4.18,6.81
"QLDNorth","Carpentaria",140.368133544922,-17.6779441833496,0.2,3.56,4.59,2.73,2.38,3.29,1.89,1.73,2.13
"QLDNorth","Carpentaria",140.385818481445,-17.6716804504395,0.2,3.56,4.58,2.74,2.39,3.3,1.89,1.74,2.13
"QLDNorth","Cassowary Coast",146.154861450195,-17.9221496582031,0.2,2.39,3.28,11.83,8.51,18.52,3.61,3.02,4.63
"WANorth","Broome",122.204780578613,-17.8366279602051,0.2,5.6,5.74,5.74,4.59,7.77,5.19,4.21,6.88
"QLDNorth","Carpentaria",140.214996337891,-17.7029590606689,0.2,3.57,4.61,2.7,2.36,3.24,1.87,1.72,2.11
"QLDNorth","Carpentaria",140.218505859375,-17.7027893066406,0.2,3.57,4.61,2.7,2.36,3.25,1.87,1.72,2.11
"QLDNorth","Carpentaria",140.310592651367,-17.6870975494385,0.2,3.57,4.6,2.72,2.37,3.27,1.88,1.73,2.12
"QLDNorth","Carpentaria",140.340316772461,-17.6828422546387,0.2,3.57,4.59,2.72,2.38,3.28,1.89,1.73,2.12
"QLDNorth","Carpentaria",140.464904785156,-17.6438846588135,0.2,3.56,4.09,2.73,2.39,3.29,2.16,1.95,2.5
"QLDNorth","Cassowary Coast",146.120620727539,-17.8555068969727,0.2,2.38,2.67,12.45,8.91,19.64,6.52,5.07,9.18
"WANorth","Broome",122.197250366211,-17.7924537658691,0.2,5.59,5.75,5.76,4.6,7.81,5.14,4.17,6.8
"QLDNorth","Carpentaria",140.121520996094,-17.7146682739258,0.2,3.6,4.66,2.64,2.31,3.16,1.84,1.69,2.06
"QLDNorth","Carpentaria",140.515335083008,-17.6259860992432,0.2,3.56,4.56,2.74,2.4,3.3,1.91,1.75,2.16
"QLDNorth","Cassowary Coast",146.116027832031,-17.7777137756348,0.2,2.4,3,11.43,8.27,17.76,4.39,3.57,5.84
"WANorth","Broome",122.193878173828,-17.746509552002,0.2,5.59,6,5.81,4.63,7.89,3.89,3.26,4.94
"QLDNorth","Carpentaria",140.021530151367,-17.7132759094238,0.2,3.6,4.69,2.61,2.29,3.13,1.82,1.68,2.04
"QLDNorth","Carpentaria",140.043045043945,-17.7161026000977,0.2,3.6,4.68,2.62,2.3,3.14,1.83,1.68,2.04
"QLDNorth","Carpentaria",140.105361938477,-17.7150611877441,0.2,3.6,4.67,2.63,2.3,3.15,1.83,1.69,2.05
"QLDNorth","Cassowary Coast",146.113525390625,-17.7575416564941,0.2,2.39,3,12.26,8.8,19.25,4.36,3.55,5.79
"WANorth","Broome",122.194747924805,-17.6895713806152,0.2,5.58,6,6.05,4.8,8.26,3.9,3.27,4.97
"QLDNorth","Carpentaria",139.965087890625,-17.6877937316895,0.2,3.61,4.71,2.59,2.27,3.1,1.81,1.67,2.02
"QLDNorth","Carpentaria",140.540557861328,-17.6130619049072,0.2,3.55,4.55,2.76,2.41,3.32,1.92,1.76,2.17
"QLDNorth","Cassowary Coast",146.128433227539,-17.6823272705078,0.2,2.2,3.73,12.56,8.98,19.82,2.47,2.17,2.95
"QLDNorth","Carpentaria",139.905807495117,-17.6179084777832,0.2,3.6,3.84,2.64,2.31,3.16,2.34,2.08,2.74
"QLDNorth","Cassowary Coast",146.151962280273,-17.6473865509033,0.2,2.18,3.57,14.37,10.09,23.25,2.75,2.39,3.35
"WANorth","Broome",122.145599365234,-17.5740623474121,0.2,5.57,6.02,6.37,5.01,8.8,3.85,3.22,4.9
"QLDNorth","Burke",139.55126953125,-17.4675235748291,0.2,3.59,4.7,2.66,2.33,3.19,1.82,1.68,2.04
"QLDNorth","Carpentaria",139.797378540039,-17.5743885040283,0.2,3.58,4.68,2.69,2.35,3.23,1.83,1.69,2.05
"QLDNorth","Carpentaria",139.846939086914,-17.5938262939453,0.2,3.6,3.9,2.61,2.29,3.13,2.27,2.03,2.64
"QLDNorth","Carpentaria",140.616607666016,-17.5751857757568,0.2,3.55,4.54,2.77,2.42,3.33,1.93,1.77,2.18
"WANorth","Broome",122.140846252441,-17.5468120574951,0.2,5.56,6.47,6.53,5.12,9.07,2.94,2.53,3.6
"QLDNorth","Burke",139.340286254883,-17.3700885772705,0.2,3.58,4.68,2.68,2.34,3.22,1.83,1.68,2.04
"QLDNorth","Carpentaria",140.6748046875,-17.5273208618164,0.2,3.54,4.52,2.79,2.44,3.36,1.94,1.78,2.2
"QLDNorth","Cassowary Coast",146.119018554688,-17.5732955932617,0.2,2.19,2.72,14.07,9.91,22.68,4.99,4.02,6.72
"WANorth","Broome",122.137870788574,-17.4900321960449,0.2,5.55,6.06,6.85,5.33,9.6,3.86,3.22,4.94
"WANorth","Derby-West Kimberley",123.531455993652,-17.4072303771973,0.2,5.49,6,8.89,6.63,13.27,3.4,2.84,4.36
"WANorth","Derby-West Kimberley",123.539482116699,-17.4078960418701,0.2,5.49,6.05,8.96,6.68,13.39,3.1,2.63,3.9
"QLDNorth","Burke",139.318740844727,-17.3607711791992,0.2,3.6,4.71,2.63,2.31,3.15,1.81,1.67,2.02
"QLDNorth","Carpentaria",140.74006652832,-17.4942760467529,0.2,3.53,3.85,2.82,2.46,3.4,2.42,2.15,2.84
"QLDNorth","Cassowary Coast",146.081176757812,-17.4951591491699,0.2,2.19,3.48,13.97,9.84,22.49,2.74,2.39,3.33
"WANorth","Broome",122.141387939453,-17.4324226379395,0.2,5.54,6.06,7.1,5.5,10.04,3.92,3.27,5.03
"QLDNorth","Burke",139.308685302734,-17.3560638427734,0.2,3.6,4.7,2.64,2.31,3.16,1.81,1.67,2.02
"QLDNorth","Carpentaria",140.830657958984,-17.4451560974121,0.2,3.52,4.49,2.87,2.5,3.47,1.97,1.8,2.23
"QLDNorth","Cassowary Coast",146.071960449219,-17.4340782165527,0.2,2.19,3.44,14.01,9.87,22.56,2.81,2.44,3.42
"WANorth","Broome",122.144454956055,-17.3932991027832,0.2,5.53,6.06,7.36,5.66,10.48,3.95,3.28,5.09
"WANorth","Derby-West Kimberley",123.528343200684,-17.3937339782715,0.2,5.49,6.06,8.95,6.67,13.38,3.11,2.64,3.92
"WANorth","Derby-West Kimberley",123.563148498535,-17.3763256072998,0.2,5.48,6.03,9.52,7.05,14.33,3.29,2.76,4.2
"QLDNorth","Burke",139.288360595703,-17.3449077606201,0.2,3.59,4.7,2.64,2.31,3.17,1.81,1.67,2.02
"QLDNorth","Carpentaria",140.88053894043,-17.3816585540771,0.2,3.51,4.44,2.89,2.52,3.5,2.01,1.83,2.29
"QLDNorth","Cairns",146.078048706055,-17.395055770874,0.2,2.18,3.31,14.64,10.25,23.8,3.08,2.64,3.82
"WANorth","Broome",122.144874572754,-17.3518562316895,0.2,5.52,6.68,7.76,5.92,11.19,2.52,2.21,3.01
"WANorth","Derby-West Kimberley",123.475112915039,-17.3458309173584,0.2,5.48,5.96,9.61,7.07,14.62,3.66,3.03,4.79
"QLDNorth","Burke",139.23600769043,-17.3140430450439,0.2,3.61,4.74,2.59,2.27,3.09,1.8,1.66,2
"QLDNorth","Carpentaria",140.888717651367,-17.3429565429688,0.2,3.51,4.43,2.92,2.54,3.53,2.03,1.84,2.31
"QLDNorth","Cairns",146.073608398438,-17.3865737915039,0.2,2.18,2.77,15.44,10.73,25.37,5.42,4.27,7.54
"WANorth","Broome",122.160667419434,-17.3047370910645,0.2,5.51,6.42,8.2,6.21,11.95,2.91,2.51,3.57
"WANorth","Derby-West Kimberley",123.417602539062,-17.2973575592041,0.2,5.47,5.98,10.03,7.38,15.25,3.43,2.86,4.43
"QLDNorth","Burke",139.219177246094,-17.2945404052734,0.2,3.62,4.75,2.58,2.27,3.08,1.79,1.66,2
"QLDNorth","Carpentaria",140.901763916016,-17.2915172576904,0.2,3.5,4.42,2.93,2.54,3.54,2.03,1.85,2.32
"QLDNorth","Cairns",146.0078125,-17.3007183074951,0.2,2.18,3.08,14.93,10.41,24.41,3.65,3.06,4.66
"WANorth","Broome",122.169792175293,-17.2573261260986,0.2,5.5,6.15,8.63,6.49,12.7,3.66,3.05,4.7
"WANorth","Derby-West Kimberley",123.392692565918,-17.2516899108887,0.2,5.5,5.95,8.47,6.43,12.3,3.69,3.04,4.84
"WANorth","Derby-West Kimberley",123.563186645508,-17.2601871490479,0.2,5.49,5.91,8.96,6.77,13.03,3.9,3.2,5.18
"QLDNorth","Burke",139.198165893555,-17.2524547576904,0.2,3.61,4.45,2.59,2.27,3.1,1.89,1.74,2.13
"QLDNorth","Carpentaria",140.907333374023,-17.2408676147461,0.2,3.5,4.16,2.93,2.55,3.55,2.19,1.97,2.53
"WANorth","Broome",122.218925476074,-17.1958827972412,0.2,5.49,6.1,8.85,6.65,13.04,3.87,3.21,5.03
"WANorth","Broome",123.373954772949,-17.2132339477539,0.2,5.52,5.97,7.71,5.93,10.97,3.58,2.97,4.67
"WANorth","Derby-West Kimberley",123.616088867188,-17.2128028869629,0.2,5.51,5.88,8.11,6.22,11.56,4.19,3.39,5.64
"QLDNorth","Burke",139.170349121094,-17.1922702789307,0.2,3.61,4.27,2.59,2.27,3.1,1.99,1.81,2.26
"QLDNorth","Carpentaria",140.935958862305,-17.1837463378906,0.2,3.5,3.94,2.96,2.57,3.59,2.36,2.1,2.77
"QLDNorth","Cairns",146.008026123047,-17.1673545837402,0.2,2.21,3.25,15.1,10.51,24.76,3.46,2.92,4.35
"WANorth","Broome",122.239624023438,-17.1622047424316,0.2,5.48,6.1,9.15,6.84,13.55,3.89,3.21,5.09
"WANorth","Broome",123.347625732422,-17.1607532501221,0.2,5.51,5.96,8.08,6.16,11.67,3.6,2.99,4.69
"WANorth","Derby-West Kimberley",123.597160339355,-17.134859085083,0.2,5.51,5.88,8.12,6.21,11.65,4.21,3.41,5.65
"WANorth","Derby-West Kimberley",123.795593261719,-17.1432876586914,0.2,5.42,5.7,13.48,9.73,20.81,7.03,5.31,10.44
"WANorth","Derby-West Kimberley",123.834739685059,-17.142276763916,0.2,5.38,5.71,19.22,13.13,32.09,6.78,5.12,10.08
"QLDNorth","Carpentaria",140.943267822266,-17.1466102600098,0.2,3.49,3.75,2.97,2.58,3.61,2.58,2.27,3.06
"QLDNorth","Cairns",145.999618530273,-17.1491031646729,0.2,2.2,2.91,16.84,11.54,28.21,4.55,3.69,6.07
"WANorth","Derby-West Kimberley",123.582817077637,-17.0903625488281,0.2,5.5,5.9,8.41,6.39,12.19,4.1,3.34,5.45
"WANorth","Derby-West Kimberley",123.755851745605,-17.0817451477051,0.2,5.47,5.74,9.86,7.38,14.56,6.14,4.72,8.91
"WANorth","Derby-West Kimberley",123.821250915527,-17.0902347564697,0.2,5.43,5.73,12.54,9.11,19.25,6.24,4.78,9.08
"QLDNorth","Carpentaria",140.948135375977,-17.0974521636963,0.2,3.49,3.74,2.99,2.59,3.63,2.6,2.29,3.09
"QLDNorth","Cairns",146.005630493164,-17.1468601226807,0.2,2.2,2.67,16.94,11.6,28.42,6.17,4.8,8.7
"WANorth","Broome",122.289863586426,-17.0664482116699,0.2,5.49,6.17,9.05,6.79,13.35,3.77,3.11,4.92
"WANorth","Broome",123.285797119141,-17.0445117950439,0.2,5.49,5.96,9.11,6.8,13.52,3.66,3.03,4.77
"WANorth","Derby-West Kimberley",123.660873413086,-17.0353832244873,0.2,5.51,5.78,7.97,6.12,11.36,5.42,4.26,7.6
"WANorth","Derby-West Kimberley",123.807083129883,-17.038854598999,0.2,5.46,5.72,10.27,7.65,15.24,6.7,5.1,9.79
"QLDNorth","Doomadgee",139.092681884766,-16.9999408721924,0.2,3.54,4.56,2.82,2.45,3.42,1.95,1.78,2.21
"QLDNorth","Burke",139.120666503906,-17.0100116729736,0.2,3.53,4.36,2.83,2.46,3.43,2.05,1.86,2.35
"QLDNorth","Carpentaria",140.943222045898,-17.0436038970947,0.2,3.49,3.76,2.99,2.59,3.62,2.56,2.26,3.04
"WANorth","Broome",122.361793518066,-16.9978256225586,0.2,5.5,6.12,8.4,6.37,12.22,3.91,3.21,5.17
"WANorth","Broome",122.368659973145,-16.9945831298828,0.2,5.5,6.13,8.32,6.31,12.08,3.86,3.17,5.08
"WANorth","Broome",123.275177001953,-17.0187091827393,0.2,5.48,5.92,9.54,7.08,14.3,3.87,3.18,5.11
"WANorth","Derby-West Kimberley",123.796585083008,-16.9986591339111,0.2,5.49,5.74,9.03,6.84,13.1,6.19,4.78,8.88
"QLDNorth","Doomadgee",139.04817199707,-16.9529838562012,0.2,3.52,4.55,2.87,2.49,3.49,1.95,1.78,2.22
"QLDNorth","Carpentaria",140.95344543457,-16.9973220825195,0.2,3.49,3.76,2.99,2.59,3.63,2.57,2.26,3.04
"QLDNorth","Yarrabah",145.916687011719,-16.9676456451416,0.2,2.21,2.61,16.07,11.09,26.7,6.56,5.11,9.19
"WANorth","Broome",122.425003051758,-16.9580631256104,0.2,5.5,6.2,8.29,6.29,12.02,3.44,2.88,4.43
"WANorth","Broome",122.47590637207,-16.9466228485107,0.2,5.49,5.93,8.73,6.57,12.85,4.65,3.73,6.35
"WANorth","Broome",123.236099243164,-16.9667892456055,0.2,5.47,5.92,10.12,7.44,15.4,3.88,3.19,5.11
"WANorth","Derby-West Kimberley",123.84156036377,-16.9431324005127,0.2,5.49,5.69,9.13,6.94,13.14,7.52,5.64,11.25
"QLDNorth","Doomadgee",138.942565917969,-16.880672454834,0.2,3.39,4.09,3.45,2.92,4.34,2.34,2.08,2.74
"QLDNorth","Carpentaria",140.999237060547,-16.9440288543701,0.2,3.49,3.93,2.98,2.58,3.62,2.39,2.12,2.8
"QLDNorth","Cairns",146.001770019531,-16.9421482086182,0.2,2.2,3.02,17.11,11.7,28.75,4.01,3.33,5.18
"WANorth","Broome",122.545806884766,-16.8801078796387,0.2,5.49,5.83,8.7,6.55,12.78,5.06,4.05,6.89
"WANorth","Broome",123.184837341309,-16.9275875091553,0.2,5.46,5.86,10.7,7.78,16.55,4.24,3.44,5.68
"WANorth","Derby-West Kimberley",123.777725219727,-16.902904510498,0.2,5.48,5.74,9.43,7.08,13.87,6.43,4.97,9.19
"QLDNorth","Burke",138.850082397461,-16.8656177520752,0.2,3.39,4.45,3.46,2.92,4.36,2.06,1.87,2.36
"QLDNorth","Doomadgee",138.892303466797,-16.8733081817627,0.2,3.38,4.44,3.49,2.95,4.41,2.07,1.88,2.38
"QLDNorth","Carpentaria",141.049575805664,-16.8861103057861,0.2,3.49,3.93,2.98,2.58,3.61,2.39,2.13,2.8
"QLDNorth","Cairns",145.999176025391,-16.9174575805664,0.2,2.18,2.93,19.8,13.23,34.4,4.71,3.82,6.28
"WANorth","Broome",122.530799865723,-16.841724395752,0.2,5.49,5.95,8.82,6.63,12.98,4.58,3.68,6.23
"WANorth","Broome",123.180473327637,-16.8580284118652,0.2,5.45,5.84,11.19,8.08,17.46,4.48,3.61,6.07
"WANorth","Derby-West Kimberley",123.741958618164,-16.8319988250732,0.2,5.49,5.74,8.93,6.78,12.89,6.33,4.92,8.97
"QLDNorth","Burke",138.785995483398,-16.8390083312988,0.2,3.39,4.01,3.45,2.91,4.34,2.4,2.13,2.84
"QLDNorth","Carpentaria",141.066116333008,-16.8559246063232,0.2,3.49,3.79,2.98,2.59,3.62,2.53,2.24,2.99
"QLDNorth","Yarrabah",145.912048339844,-16.8647308349609,0.2,2.18,2.94,19.97,13.34,34.71,5.2,4.17,7.04
"QLDNorth","Yarrabah",145.929809570312,-16.8617134094238,0.2,2.18,2.98,19.54,13.09,33.78,4.96,4,6.66
"WANorth","Broome",122.552360534668,-16.8030338287354,0.2,5.48,6.35,9.13,6.83,13.54,2.99,2.56,3.73
"WANorth","Broome",123.154022216797,-16.7992839813232,0.2,5.44,5.86,11.71,8.43,18.36,4.44,3.58,6
"WANorth","Derby-West Kimberley",123.67862701416,-16.7564373016357,0.2,5.5,5.71,8.6,6.57,12.32,7.04,5.4,10.12
"WANorth","Derby-West Kimberley",123.710670471191,-16.7799625396729,0.2,5.47,5.71,9.89,7.38,14.64,7.02,5.39,10.06
"QLDNorth","Burke",138.382385253906,-16.7451858520508,0.2,3.39,4.39,3.47,2.93,4.39,2.1,1.9,2.42
"QLDNorth","Burke",138.429443359375,-16.7687435150146,0.2,3.39,4.59,3.45,2.91,4.35,1.97,1.8,2.24
"QLDNorth","Burke",138.473739624023,-16.7738361358643,0.2,3.38,4.56,3.5,2.95,4.42,1.99,1.81,2.26
"QLDNorth","Burke",138.525970458984,-16.7795276641846,0.2,3.38,4.25,3.51,2.96,4.43,2.18,1.96,2.53
"QLDNorth","Burke",138.579299926758,-16.7746887207031,0.2,3.38,3.79,3.53,2.97,4.46,2.68,2.34,3.22
"QLDNorth","Burke",138.636611938477,-16.7679862976074,0.2,3.37,4.37,3.54,2.99,4.49,2.11,1.91,2.43
"QLDNorth","Burke",138.680358886719,-16.7960319519043,0.2,3.4,4.1,3.41,2.89,4.29,2.3,2.06,2.69
"QLDNorth","Burke",138.737106323242,-16.8132152557373,0.2,3.39,3.79,3.47,2.93,4.37,2.67,2.34,3.21
"QLDNorth","Carpentaria",141.103515625,-16.7927532196045,0.2,3.5,4.11,2.94,2.55,3.56,2.24,2.01,2.59
"QLDNorth","Cairns",145.726104736328,-16.8030052185059,0.2,2.18,2.83,19.6,13.13,33.89,5.41,4.3,7.42
"QLDNorth","Cairns",145.737869262695,-16.8133316040039,0.2,2.18,2.83,19.53,13.09,33.76,5.41,4.3,7.42
"WANorth","Broome",122.583396911621,-16.7595157623291,0.2,5.47,6.32,9.71,7.18,14.66,3.02,2.57,3.77
"WANorth","Broome",122.612152099609,-16.7646045684814,0.2,5.48,5.88,9.53,7.06,14.35,4.8,3.84,6.57
"WANorth","Broome",122.693992614746,-16.7739105224609,0.2,5.48,5.88,9.21,6.86,13.77,4.86,3.88,6.66
"WANorth","Broome",122.743278503418,-16.7536392211914,0.2,5.49,5.87,8.96,6.7,13.33,4.91,3.92,6.76
"WANorth","Broome",123.140037536621,-16.7331829071045,0.2,5.45,5.81,11.32,8.23,17.47,4.93,3.92,6.78
"WANorth","Derby-West Kimberley",123.621742248535,-16.6970691680908,0.2,5.47,5.59,9.71,7.28,14.31,10.14,7.45,15.44
"QLDNorth","Carpentaria",141.156280517578,-16.7444496154785,0.2,3.49,3.91,2.98,2.58,3.62,2.4,2.14,2.8
"QLDNorth","Cairns",145.689025878906,-16.7297172546387,0.2,2.19,2.65,19.4,13.01,33.49,7.4,5.61,10.85
"WANorth","Broome",122.739082336426,-16.6962604522705,0.2,5.48,5.92,9.4,6.98,14.12,4.82,3.85,6.61
"WANorth","Broome",123.093902587891,-16.7009868621826,0.2,5.48,5.9,9.44,7.07,13.93,4.1,3.35,5.44
"WANorth","Derby-West Kimberley",123.527755737305,-16.6688785552979,0.2,5.46,5.61,10.72,7.92,16.12,10.38,7.58,15.95
"QLDNorth","Burke",138.204544067383,-16.6965427398682,0.2,3.39,3.82,3.46,2.92,4.36,2.64,2.31,3.17
"QLDNorth","Mornington",139.103439331055,-16.673942565918,0.2,3.3,4.26,4.07,3.36,5.29,2.26,2.02,2.64
"QLDNorth","Mornington",139.483444213867,-16.6868915557861,0.2,3.49,3.82,2.97,2.56,3.63,2.45,2.17,2.88
"QLDNorth","Carpentaria",141.201629638672,-16.6889476776123,0.2,3.48,4,3.01,2.6,3.66,2.32,2.07,2.69
"QLDNorth","Cairns",145.686981201172,-16.7215843200684,0.2,2.18,2.65,19.73,13.21,34.16,7.52,5.69,11.06
"WANorth","Broome",122.758804321289,-16.6481990814209,0.2,5.47,6.26,9.72,7.17,14.7,3.19,2.71,4.02
"WANorth","Broome",123.038879394531,-16.6411304473877,0.2,5.48,5.86,9.34,6.99,13.83,4.44,3.59,6
"WANorth","Derby-West Kimberley",123.477340698242,-16.6396064758301,0.2,5.45,5.59,10.94,8.05,16.53,11.51,8.23,18.3
"QLDNorth","Burke",138.109039306641,-16.6342353820801,0.2,3.39,3.76,3.47,2.93,4.38,2.73,2.38,3.3
"QLDNorth","Burke",138.141159057617,-16.6566505432129,0.2,3.39,3.94,3.45,2.92,4.36,2.49,2.2,2.96
NA,"Mornington",139.094833374023,-16.6291751861572,0.2,3.3,4.33,4.05,3.35,5.25,2.21,1.98,2.56
"QLDNorth","Mornington",139.505645751953,-16.6401557922363,0.2,3.49,4.32,2.96,2.56,3.62,2.01,1.83,2.28
"QLDNorth","Carpentaria",141.220474243164,-16.645679473877,0.2,3.47,4.13,3.06,2.64,3.73,2.22,2,2.57
"QLDNorth","Douglas",145.626510620117,-16.6954975128174,0.2,2.18,2.89,19.75,13.22,34.19,5.29,4.21,7.26
"WANorth","Broome",122.767601013184,-16.5899047851562,0.2,5.46,6.25,10.31,7.55,15.76,3.26,2.76,4.12
"WANorth","Broome",123.041023254395,-16.6141128540039,0.2,5.48,5.85,9.43,7.05,13.97,4.58,3.68,6.22
"WANorth","Derby-West Kimberley",123.402015686035,-16.5954914093018,0.2,5.44,5.63,12.29,8.94,18.82,9.2,6.7,14.37
"QLDNorth","Burke",138.054504394531,-16.585880279541,0.2,3.39,3.6,3.45,2.91,4.36,2.97,2.56,3.65
"QLDNorth","Mornington",139.134765625,-16.5949783325195,0.2,3.3,3.72,4.07,3.37,5.3,2.95,2.55,3.62
"QLDNorth","Mornington",139.533416748047,-16.5946025848389,0.2,3.49,4.31,2.98,2.57,3.65,2.02,1.84,2.3
"QLDNorth","Carpentaria",141.229339599609,-16.5890846252441,0.2,3.46,4.16,3.09,2.67,3.77,2.2,1.98,2.53
"QLDNorth","Douglas",145.550155639648,-16.6172313690186,0.2,2.18,2.78,19.16,12.89,32.95,6.16,4.79,8.74
"WANorth","Broome",122.802848815918,-16.5510406494141,0.2,5.46,6.15,10.39,7.61,15.9,3.56,2.97,4.58
"WANorth","Broome",123.010116577148,-16.5286808013916,0.2,5.48,5.76,9.2,6.89,13.58,5.67,4.43,8.01
"WANorth","Derby-West Kimberley",123.426895141602,-16.5296878814697,0.2,5.44,5.58,12.22,8.91,18.64,11.17,7.92,18.05
"QLDNorth","Burke",138.031524658203,-16.5585155487061,0.2,3.39,3.62,3.46,2.92,4.37,2.94,2.54,3.61
"QLDNorth","Mornington",139.182846069336,-16.5619888305664,0.2,3.28,4.25,4.24,3.48,5.58,2.31,2.06,2.7
"QLDNorth","Mornington",139.554794311523,-16.5441150665283,0.2,3.49,4.09,2.97,2.57,3.63,2.18,1.97,2.52
"QLDNorth","Mornington",139.640274047852,-16.5737686157227,0.2,3.48,3.75,3,2.59,3.68,2.56,2.26,3.04
"QLDNorth","Carpentaria",141.271575927734,-16.54079246521,0.2,3.47,4.49,3.07,2.65,3.74,2.02,1.84,2.3
"QLDNorth","Douglas",145.504592895508,-16.550365447998,0.2,2.18,2.71,18.86,12.71,32.31,6.61,5.1,9.46
"WANorth","Broome",122.856956481934,-16.5005264282227,0.2,5.46,6.16,10.28,7.54,15.68,3.56,2.97,4.59
"WANorth","Broome",123.044677734375,-16.4756278991699,0.2,5.48,5.7,9.48,7.09,14.05,7.2,5.44,10.64
"WANorth","Derby-West Kimberley",123.427047729492,-16.498477935791,0.2,5.44,5.81,12.08,8.81,18.45,5.33,4.19,7.48
"NT","Roper Gulf",137.948471069336,-16.4930438995361,0.2,3.39,4.01,3.42,2.89,4.32,2.41,2.13,2.85
"NT","Roper Gulf",137.986282348633,-16.5220470428467,0.2,3.39,4,3.47,2.92,4.39,2.42,2.14,2.87
"QLDNorth","Mornington",139.221939086914,-16.4744396209717,0.2,3.34,3.9,3.76,3.15,4.8,2.63,2.31,3.16
"QLDNorth","Mornington",139.733795166016,-16.4616641998291,0.2,3.46,5.1,3.1,2.67,3.79,1.74,1.62,1.92
"QLDNorth","Douglas",145.473693847656,-16.4987049102783,0.2,2.18,2.4,18.46,12.48,31.5,11.59,8.31,18.29
"WANorth","Broome",122.892707824707,-16.4416065216064,0.2,5.48,6.28,9.34,6.94,14.02,3.15,2.67,3.96
"WANorth","Broome",123.053565979004,-16.4397144317627,0.2,5.45,6.22,11.04,8.07,16.9,2.94,2.52,3.66
"WANorth","Derby-West Kimberley",123.479637145996,-16.4148178100586,0.2,5.5,5.8,8.61,6.51,12.58,6.26,4.85,8.94
"NT","Roper Gulf",137.893630981445,-16.4424781799316,0.2,2.19,3.28,3.43,2.89,4.33,2.07,1.87,2.39
"QLDNorth","Mornington",139.308975219727,-16.4366893768311,0.2,3.41,3.96,3.36,2.86,4.18,2.5,2.21,2.96
"QLDNorth","Mornington",139.36604309082,-16.4459438323975,0.2,3.42,4.03,3.31,2.82,4.1,2.41,2.14,2.83
"QLDNorth","Mornington",139.394424438477,-16.4029521942139,0.2,3.4,4.01,3.4,2.9,4.24,2.46,2.18,2.9
"QLDNorth","Mornington",139.715118408203,-16.4232425689697,0.2,3.44,5.03,3.19,2.74,3.93,1.78,1.65,1.97
"QLDNorth","Carpentaria",141.302947998047,-16.4548301696777,0.2,3.45,4.46,3.16,2.72,3.88,2.04,1.86,2.33
"QLDNorth","Douglas",145.413314819336,-16.4441947937012,0.2,2.18,2.98,18.48,12.5,31.56,4.47,3.65,5.92
"WANorth","Broome",123.036972045898,-16.390869140625,0.2,5.45,6.63,10.86,7.96,16.53,2.24,2,2.63
"WANorth","Derby-West Kimberley",123.528800964355,-16.3856620788574,0.2,5.51,5.78,8.11,6.17,11.76,5.92,4.65,8.24
"WANorth","Derby-West Kimberley",124.572593688965,-16.4047241210938,0.2,5.3,5.33,56.29,32.45,120.1,47.48,28.17,97.11
"WANorth","Derby-West Kimberley",124.624954223633,-16.3990993499756,0.2,5.3,5.32,55.31,32.05,117.04,52.35,30.56,109.65
"NT","Roper Gulf",137.843139648438,-16.3875751495361,0.2,2.2,3.69,3.37,2.85,4.24,1.88,1.72,2.12
"QLDNorth","Mornington",139.448699951172,-16.3945960998535,0.2,3.39,4.46,3.44,2.92,4.29,2.1,1.9,2.41
"QLDNorth","Mornington",139.506072998047,-16.3825073242188,0.2,3.41,4.14,3.31,2.83,4.1,2.29,2.05,2.66
"QLDNorth","Mornington",139.564331054688,-16.3767108917236,0.2,3.43,4.63,3.25,2.79,4.01,1.96,1.79,2.22
"QLDNorth","Mornington",139.626251220703,-16.3750514984131,0.2,3.45,4.65,3.15,2.71,3.87,1.93,1.77,2.17
"QLDNorth","Carpentaria",141.296936035156,-16.3879909515381,0.2,3.45,4.33,3.15,2.71,3.85,2.12,1.91,2.43
"QLDNorth","Douglas",145.420806884766,-16.3844795227051,0.2,2.19,2.95,18.2,12.34,30.98,4.63,3.75,6.2
"WANorth","Broome",122.928512573242,-16.3830013275146,0.2,5.51,6.98,7.9,6.01,11.44,2.05,1.85,2.35
"WANorth","Broome",123.008804321289,-16.3651638031006,0.2,5.51,6.87,7.9,6.04,11.37,2.09,1.88,2.4
"WANorth","Derby-West Kimberley",123.510055541992,-16.3647518157959,0.2,5.52,5.79,7.79,5.96,11.21,5.87,4.61,8.17
"WANorth","Derby-West Kimberley",124.230072021484,-16.3460998535156,0.2,5.63,5.73,5.14,4.15,6.86,5.23,4.18,7.09
"WANorth","Derby-West Kimberley",124.337013244629,-16.3533782958984,0.2,5.65,5.75,4.85,3.96,6.37,5.12,4.11,6.92
"NT","Roper Gulf",137.798065185547,-16.3308277130127,0.2,2.19,2.92,3.42,2.88,4.32,2.33,2.07,2.75
"QLDNorth","Carpentaria",141.316589355469,-16.3420944213867,0.2,3.44,4.31,3.17,2.73,3.89,2.14,1.93,2.45
"QLDNorth","Douglas",145.437911987305,-16.3215923309326,0.2,2.19,2.37,17.71,12.05,29.93,12.56,8.91,20.11
"WANorth","Derby-West Kimberley",124.182273864746,-16.3045463562012,0.2,5.62,5.74,5.37,4.3,7.28,5.15,4.12,7
"WANorth","Derby-West Kimberley",124.370468139648,-16.30246925354,0.2,5.65,5.77,4.88,3.97,6.45,4.88,3.94,6.51
"NT","Roper Gulf",137.776031494141,-16.2903213500977,0.2,2.18,3.01,3.51,2.95,4.45,2.28,2.03,2.67
"QLDNorth","Carpentaria",141.331832885742,-16.2933940887451,0.2,3.44,3.8,3.18,2.73,3.91,2.57,2.27,3.04
"QLDNorth","Douglas",145.472015380859,-16.2848663330078,0.2,2.19,2.32,17.96,12.2,30.44,14.38,10.04,23.54
"WANorth","Derby-West Kimberley",123.464195251465,-16.2380619049072,0.2,5.46,5.88,10.55,7.73,16.09,5.26,4.2,7.15
"WANorth","Derby-West Kimberley",123.998580932617,-16.2509937286377,0.2,5.6,5.83,5.74,4.55,7.88,4.74,3.81,6.42
"WANorth","Derby-West Kimberley",124.046356201172,-16.2391033172607,0.2,5.6,5.85,5.6,4.46,7.64,4.41,3.59,5.88
"WANorth","Derby-West Kimberley",124.106101989746,-16.2285804748535,0.2,5.6,5.8,5.6,4.45,7.64,4.9,3.94,6.61
"WANorth","Derby-West Kimberley",124.146224975586,-16.244119644165,0.2,5.61,5.75,5.54,4.41,7.55,5.53,4.36,7.69
"NT","Roper Gulf",137.735229492188,-16.2372245788574,0.2,2.15,3.56,3.73,3.11,4.78,1.97,1.8,2.24
"QLDNorth","Carpentaria",141.344482421875,-16.2220611572266,0.2,3.44,4.92,3.18,2.73,3.9,1.88,1.73,2.12
"WANorth","Derby-West Kimberley",123.46981048584,-16.2051620483398,0.2,5.52,5.95,7.58,5.8,10.91,4.26,3.5,5.59
"WANorth","Derby-West Kimberley",123.890998840332,-16.1812705993652,0.2,5.6,5.98,5.67,4.52,7.71,3.74,3.1,4.87
"WANorth","Derby-West Kimberley",123.949371337891,-16.1897735595703,0.2,5.59,5.94,5.75,4.57,7.86,4.02,3.3,5.31
"WANorth","Derby-West Kimberley",124.384140014648,-16.1881065368652,0.2,5.62,5.83,5.34,4.27,7.26,4.54,3.69,6.02
"NT","Roper Gulf",137.585739135742,-16.1782817840576,0.2,2.11,2.87,4.01,3.31,5.23,2.46,2.18,2.91
"NT","Roper Gulf",137.62516784668,-16.1928215026855,0.2,2.11,2.88,4.02,3.32,5.23,2.45,2.17,2.9
"NT","Roper Gulf",137.675552368164,-16.215633392334,0.2,2.1,2.68,4.05,3.34,5.29,2.69,2.35,3.23
"QLDNorth","Carpentaria",141.367401123047,-16.18971824646,0.2,3.44,4.91,3.18,2.73,3.91,1.89,1.73,2.12
"QLDNorth","Douglas",145.470916748047,-16.209602355957,0.2,2.18,2.4,18.73,12.65,32.04,12.33,8.78,19.62
"WANorth","Derby-West Kimberley",123.523788452148,-16.1400356292725,0.2,5.55,5.92,6.73,5.24,9.46,4.24,3.46,5.63
"WANorth","Derby-West Kimberley",123.58341217041,-16.1436748504639,0.2,5.56,5.93,6.45,5.06,8.96,4.41,3.6,5.86
"WANorth","Derby-West Kimberley",123.629730224609,-16.1565017700195,0.2,5.58,5.83,6.15,4.86,8.44,5.14,4.09,7.08
"WANorth","Derby-West Kimberley",123.801727294922,-16.1375675201416,0.2,5.6,6.03,5.72,4.56,7.76,3.59,2.98,4.66
"WANorth","Derby-West Kimberley",124.400367736816,-16.1646690368652,0.2,5.62,5.83,5.35,4.27,7.28,4.51,3.67,5.99
"NT","Roper Gulf",137.377471923828,-16.1210117340088,0.2,2.13,2.78,3.82,3.17,4.95,2.57,2.25,3.07
"NT","Roper Gulf",137.422714233398,-16.1368770599365,0.2,2.13,2.77,3.87,3.21,5.02,2.59,2.27,3.1
"QLDNorth","Carpentaria",141.388519287109,-16.1479759216309,0.2,3.43,4.59,3.21,2.76,3.95,2.02,1.84,2.31
"QLDNorth","Douglas",145.466705322266,-16.1219749450684,0.2,2.18,2.36,18.7,12.63,31.98,13.58,9.58,21.88
"WANorth","Derby-West Kimberley",123.690673828125,-16.1033382415771,0.2,5.58,6.21,6.12,4.83,8.4,2.98,2.55,3.71
"WANorth","Derby-West Kimberley",123.783554077148,-16.1084957122803,0.2,5.58,6.22,5.95,4.71,8.16,2.92,2.51,3.61
"WANorth","Derby-West Kimberley",124.438056945801,-16.0885257720947,0.2,5.64,5.8,5.06,4.07,6.79,4.76,3.86,6.34
"WANorth","Derby-West Kimberley",124.480964660645,-16.0828495025635,0.2,5.64,5.7,4.97,4.02,6.64,5.04,4.07,6.75
"WANorth","Derby-West Kimberley",124.484535217285,-16.0912246704102,0.2,5.65,5.7,4.94,4,6.58,5.02,4.05,6.7
"WANorth","Derby-West Kimberley",124.582328796387,-16.0861358642578,0.2,5.65,5.71,4.81,3.92,6.34,4.86,3.95,6.44
"NT","Roper Gulf",137.314041137695,-16.0900917053223,0.2,2.14,3.1,3.76,3.13,4.85,2.27,2.03,2.65
"QLDNorth","Carpentaria",141.423645019531,-16.0846576690674,0.2,3.43,4.58,3.25,2.79,4.01,2.04,1.85,2.33
"QLDNorth","Douglas",145.476913452148,-16.0783138275146,0.2,2.18,2.35,19.04,12.82,32.7,13.95,9.81,22.54
"WANorth","Wyndham-East Kimberley",124.507705688477,-16.0009384155273,0.2,5.67,5.72,4.66,3.81,6.14,4.72,3.84,6.24
"WANorth","Derby-West Kimberley",124.578079223633,-16.0340747833252,0.2,5.66,5.72,4.7,3.83,6.2,4.59,3.76,6.04
"QLDNorth","Carpentaria",141.412094116211,-16.0328712463379,0.2,3.42,3.78,3.28,2.81,4.05,2.66,2.34,3.18
"QLDNorth","Douglas",145.469268798828,-16.0456676483154,0.2,2.18,2.41,19.09,12.85,32.8,12.71,9.05,20.2
"WANorth","Wyndham-East Kimberley",124.469848632812,-15.9841394424438,0.2,5.62,5.81,5.33,4.27,7.19,4.53,3.72,5.93
"NT","Roper Gulf",136.775665283203,-15.9081058502197,0.2,2.2,3.29,3.39,2.86,4.28,2.01,1.82,2.29
"NT","Roper Gulf",137.174819946289,-15.9785556793213,0.2,2.14,2.67,3.77,3.14,4.85,2.71,2.36,3.28
"NT","Roper Gulf",137.203567504883,-15.9930019378662,0.2,2.13,2.67,3.82,3.18,4.93,2.73,2.37,3.3
"QLDNorth","Carpentaria",141.398162841797,-15.9851207733154,0.2,3.4,3.7,3.37,2.87,4.18,2.78,2.43,3.34
"QLDNorth","Douglas",145.451736450195,-16.007360458374,0.2,2.18,2.33,19.53,13.1,33.72,14.33,10.09,23.06
"WANorth","Wyndham-East Kimberley",124.447868347168,-15.9390983581543,0.2,5.63,5.79,5.09,4.09,6.84,4.86,3.93,6.48
"QLDNorth","Carpentaria",141.376220703125,-15.9288063049316,0.2,3.4,4.63,3.4,2.9,4.23,2.05,1.86,2.34
"QLDNorth","Douglas",145.425979614258,-15.9622201919556,0.2,2.18,2.31,19.13,12.87,32.88,14.81,10.4,23.95
"WANorth","Wyndham-East Kimberley",124.418724060059,-15.8794136047363,0.2,5.63,5.75,5.18,4.16,6.99,4.89,3.98,6.49
"QLDNorth","Carpentaria",141.395263671875,-15.8902997970581,0.2,3.41,3.97,3.33,2.84,4.12,2.52,2.22,2.98
"QLDNorth","Cook",145.369812011719,-15.8689947128296,0.2,2.12,2.74,19,12.8,32.6,7.99,6.05,11.66
"WANorth","Wyndham-East Kimberley",124.400871276855,-15.8417091369629,0.2,5.62,5.77,5.27,4.22,7.14,5.46,4.34,7.48
"NT","Roper Gulf",137.051300048828,-15.8476610183716,0.2,2.14,2.78,3.75,3.14,4.8,2.54,2.24,3.03
"QLDNorth","Carpentaria",141.408508300781,-15.8355550765991,0.2,3.4,3.96,3.37,2.87,4.18,2.55,2.25,3.03
"QLDNorth","Cook",145.38166809082,-15.8379240036011,0.2,2.12,2.73,19.19,12.91,32.98,8.11,6.13,11.87
"WANorth","Wyndham-East Kimberley",124.391937255859,-15.7801294326782,0.2,5.6,5.94,5.57,4.43,7.61,4.72,3.84,6.26
"NT","Roper Gulf",137.115844726562,-15.7986011505127,0.2,2.15,3.07,3.69,3.09,4.7,2.23,2,2.59
"QLDNorth","Carpentaria",141.415649414062,-15.7776660919189,0.2,3.39,3.88,3.44,2.92,4.28,2.66,2.33,3.19
"QLDNorth","Cook",145.443222045898,-15.754828453064,0.2,2.12,2.68,19.11,12.87,32.79,8.18,6.15,12.08
"WANorth","Wyndham-East Kimberley",124.383842468262,-15.7301540374756,0.2,5.59,5.72,5.78,4.58,7.93,5.92,4.68,8.13
"NT","Roper Gulf",136.50260925293,-15.6994524002075,0.2,2.08,2.98,4.27,3.49,5.64,2.3,2.05,2.71
"NT","Roper Gulf",136.530364990234,-15.7224197387695,0.2,2.08,3.06,4.25,3.48,5.62,2.24,2,2.61
"NT","Roper Gulf",136.583251953125,-15.7246532440186,0.2,2.08,3.05,4.27,3.49,5.64,2.25,2.01,2.63
"NT","Roper Gulf",137.107421875,-15.7500600814819,0.2,2.11,3.11,3.96,3.28,5.12,2.23,2,2.58
"QLDNorth","Carpentaria",141.415817260742,-15.7341289520264,0.2,3.39,3.87,3.47,2.94,4.33,2.69,2.35,3.22
"QLDNorth","Cook",145.440780639648,-15.7468500137329,0.2,2.11,2.66,20.22,13.51,35.09,8.79,6.56,13.12
"WANorth","Wyndham-East Kimberley",124.368858337402,-15.680926322937,0.2,5.59,5.74,5.92,4.68,8.15,5.69,4.54,7.73
"NT","Roper Gulf",136.482788085938,-15.6775360107422,0.2,2.07,2.62,4.35,3.55,5.79,2.77,2.4,3.38
"NT","Roper Gulf",136.633483886719,-15.6840410232544,0.2,2.07,2.52,4.35,3.55,5.77,2.98,2.56,3.68
"NT","Roper Gulf",137.102600097656,-15.6938915252686,0.2,2.1,2.99,4.06,3.36,5.26,2.33,2.08,2.73
"QLDNorth","Carpentaria",141.420745849609,-15.6999979019165,0.2,3.38,3.92,3.49,2.96,4.37,2.65,2.32,3.17
"QLDNorth","Cook",145.357162475586,-15.698748588562,0.2,2.11,2.57,19.7,13.23,33.92,10.03,7.34,15.43
"WANorth","Wyndham-East Kimberley",124.379577636719,-15.6583852767944,0.2,5.58,5.71,6.06,4.78,8.37,6.07,4.78,8.4
"NT","Roper Gulf",136.423294067383,-15.6278944015503,0.2,2.07,2.57,4.42,3.58,5.91,2.86,2.47,3.52
"NT","Roper Gulf",136.684539794922,-15.6152477264404,0.2,2.07,3.23,4.4,3.58,5.85,2.15,1.94,2.49
"NT","Roper Gulf",137.087982177734,-15.6364164352417,0.2,2.08,2.5,4.26,3.49,5.61,3.01,2.59,3.69
"QLDNorth","Carpentaria",141.44123840332,-15.6337203979492,0.2,3.38,3.93,3.53,2.98,4.43,2.67,2.34,3.21
"QLDNorth","Cook",145.337219238281,-15.609429359436,0.2,2.11,2.26,20.05,13.44,34.59,13.54,9.66,21.37
"WANorth","Wyndham-East Kimberley",124.410972595215,-15.5899610519409,0.2,5.58,5.95,5.95,4.71,8.19,4.51,3.72,5.85
"NT","Roper Gulf",136.316452026367,-15.5838413238525,0.2,2.08,3.01,4.25,3.47,5.65,2.26,2.02,2.66
"NT","Roper Gulf",136.367736816406,-15.6125822067261,0.2,2.07,2.97,4.34,3.53,5.79,2.31,2.06,2.72
"NT","Roper Gulf",136.777084350586,-15.574107170105,0.2,2.06,2.93,4.47,3.63,5.97,2.43,2.15,2.87
"NT","Roper Gulf",136.833297729492,-15.5383195877075,0.2,2.05,2.94,4.56,3.69,6.11,2.42,2.14,2.86
"NT","Roper Gulf",136.904006958008,-15.5475959777832,0.2,2.1,2.71,4.11,3.39,5.36,2.61,2.29,3.12
"NT","Roper Gulf",136.937316894531,-15.5774364471436,0.2,2.07,3.2,4.36,3.56,5.77,2.14,1.93,2.46
"NT","Roper Gulf",137.014739990234,-15.586576461792,0.2,2.08,2.55,4.27,3.5,5.62,2.93,2.53,3.58
"NT","Roper Gulf",137.050201416016,-15.6158323287964,0.2,2.08,2.49,4.3,3.52,5.66,3.03,2.61,3.72
"QLDNorth","Carpentaria",141.450454711914,-15.5829486846924,0.2,3.37,3.92,3.58,3.03,4.51,2.71,2.37,3.26
"QLDNorth","Cook",145.330215454102,-15.5912666320801,0.2,2.11,2.61,20.28,13.58,35.03,9.62,7.06,14.72
"WANorth","Wyndham-East Kimberley",124.418167114258,-15.539116859436,0.2,5.6,5.71,5.71,4.55,7.77,6.1,4.78,8.51
"NT","Roper Gulf",136.270355224609,-15.5267705917358,0.2,2.09,2.5,4.16,3.4,5.51,2.91,2.5,3.59
"QLDNorth","Carpentaria",141.461395263672,-15.5369548797607,0.2,3.37,3.91,3.59,3.03,4.53,2.72,2.37,3.28
"QLDNorth","Cook",145.320785522461,-15.5653171539307,0.2,2.11,2.44,20.46,13.69,35.4,11.87,8.49,18.78
"WANorth","Wyndham-East Kimberley",124.443572998047,-15.4937057495117,0.2,5.59,5.96,5.82,4.63,7.94,4.75,3.89,6.2
"WANorth","Wyndham-East Kimberley",125.000709533691,-15.4780082702637,0.2,4.48,4.5,6.79,5.28,9.57,6.88,5.32,9.77
"WANorth","Wyndham-East Kimberley",125.047920227051,-15.468729019165,0.2,4.5,4.49,6.52,5.1,9.11,7.23,5.55,10.39
"NT","Roper Gulf",136.261825561523,-15.4813098907471,0.2,2.09,2.49,4.19,3.42,5.55,2.91,2.5,3.6
"QLDNorth","Carpentaria",141.469650268555,-15.5078430175781,0.2,3.36,3.91,3.62,3.05,4.56,2.73,2.38,3.29
"WANorth","Wyndham-East Kimberley",124.463150024414,-15.4064741134644,0.2,5.56,5.85,6.39,5.02,8.85,5.72,4.59,7.68
"WANorth","Wyndham-East Kimberley",124.99584197998,-15.4311647415161,0.2,4.49,4.5,6.58,5.13,9.22,6.98,5.38,9.95
"WANorth","Wyndham-East Kimberley",125.066184997559,-15.428539276123,0.2,4.5,4.5,6.4,5.01,8.91,6.81,5.26,9.67
"NT","Roper Gulf",136.219879150391,-15.4033269882202,0.2,2.08,2.53,4.26,3.47,5.67,2.86,2.46,3.52
"QLDNorth","Kowanyama",141.508316040039,-15.4334802627563,0.2,3.36,3.8,3.66,3.08,4.64,2.87,2.49,3.5
"WANorth","Wyndham-East Kimberley",124.356224060059,-15.3932209014893,0.2,5.57,5.86,6.16,4.86,8.49,5.59,4.5,7.47
"WANorth","Wyndham-East Kimberley",124.443748474121,-15.3779649734497,0.2,5.55,5.82,6.73,5.26,9.4,6.01,4.79,8.14
"WANorth","Wyndham-East Kimberley",125.003211975098,-15.3864412307739,0.2,4.48,4.48,6.81,5.28,9.62,7.29,5.59,10.47
"WANorth","Wyndham-East Kimberley",125.033515930176,-15.3738317489624,0.2,4.5,4.5,6.29,4.94,8.74,6.88,5.32,9.79
"WANorth","Wyndham-East Kimberley",128.090316772461,-15.3669605255127,0.2,4.26,4.33,35.47,22.01,68,29.37,18.49,55.54
"WANorth","Wyndham-East Kimberley",128.120590209961,-15.3749618530273,0.2,4.26,4.33,36.2,22.46,69.35,29.79,18.82,55.93
"NT","Roper Gulf",136.115036010742,-15.3544836044312,0.2,2.09,2.99,4.17,3.41,5.54,2.27,2.02,2.68
"NT","Roper Gulf",136.154373168945,-15.3790369033813,0.2,2.09,2.37,4.19,3.42,5.56,3.2,2.71,4.04
"QLDNorth","Kowanyama",141.528915405273,-15.3784799575806,0.2,3.35,3.8,3.7,3.1,4.7,2.88,2.49,3.51
"QLDNorth","Hope Vale",145.302627563477,-15.3452205657959,0.2,2.13,2.55,20.41,13.68,35.21,11.2,8.04,17.69
"WANorth","Wyndham-East Kimberley",124.32071685791,-15.3089828491211,0.2,5.54,6.43,7.06,5.45,10.03,2.85,2.46,3.5
"WANorth","Wyndham-East Kimberley",128.066925048828,-15.3209896087646,0.2,4.26,4.33,35.46,21.97,68.19,26.28,16.8,48.68
"WANorth","Wyndham-East Kimberley",128.124252319336,-15.3248014450073,0.2,4.26,4.32,39.11,23.9,76.69,32.55,20.31,62.11
"WANorth","Wyndham-East Kimberley",128.128356933594,-15.3167791366577,0.2,4.25,4.31,41.69,25.22,82.93,36.48,22.36,71.43
"NT","Roper Gulf",136.055770874023,-15.3226823806763,0.2,2.1,3.01,4.05,3.32,5.35,2.24,2,2.64
"QLDNorth","Kowanyama",141.540954589844,-15.3341646194458,0.2,3.34,3.79,3.76,3.15,4.8,2.91,2.51,3.55
"QLDNorth","Hope Vale",145.352462768555,-15.2814426422119,0.2,2.13,2.5,20.21,13.56,34.78,12.31,8.73,19.77
"WANorth","Wyndham-East Kimberley",124.343971252441,-15.2859258651733,0.2,5.52,6.35,7.85,5.99,11.36,2.95,2.53,3.65
"WANorth","Wyndham-East Kimberley",128.255874633789,-15.2712717056274,0.2,4.24,4.31,53.9,31.59,111.83,36.51,22.23,72.43
"NT","Roper Gulf",135.992614746094,-15.2876634597778,0.2,2.11,3.01,3.98,3.27,5.25,2.24,2,2.64
"QLDNorth","Kowanyama",141.570571899414,-15.2726631164551,0.2,3.33,3.78,3.81,3.18,4.88,2.91,2.52,3.55
"QLDNorth","Hope Vale",145.360290527344,-15.2734632492065,0.2,2.13,2.49,21.65,14.37,37.84,11.99,8.55,19.09
"WANorth","Wyndham-East Kimberley",124.378463745117,-15.2625865936279,0.2,5.51,6.63,8.16,6.19,11.88,2.42,2.14,2.88
"WANorth","Wyndham-East Kimberley",124.414283752441,-15.2452163696289,0.2,5.5,7.53,8.61,6.48,12.69,1.75,1.62,1.94
"WANorth","Wyndham-East Kimberley",124.460670471191,-15.2325954437256,0.2,5.5,6.91,8.61,6.47,12.69,2.08,1.88,2.4
"WANorth","Wyndham-East Kimberley",124.546234130859,-15.2495212554932,0.2,4.45,5.11,8.06,6.13,11.68,3.32,2.8,4.2
"WANorth","Wyndham-East Kimberley",124.58065032959,-15.2420091629028,0.2,4.45,5.1,7.74,5.93,11.11,3.23,2.72,4.1
"WANorth","Wyndham-East Kimberley",124.621078491211,-15.2665252685547,0.2,4.46,5.43,7.56,5.81,10.79,2.45,2.15,2.94
"WANorth","Wyndham-East Kimberley",124.679168701172,-15.2518796920776,0.2,4.46,4.83,7.54,5.8,10.76,4.5,3.65,6.04
"WANorth","Wyndham-East Kimberley",124.713401794434,-15.2531232833862,0.2,4.46,4.54,7.63,5.85,10.93,8.38,6.26,12.51
"WANorth","Wyndham-East Kimberley",124.784233093262,-15.2281265258789,0.2,4.46,4.89,7.66,5.87,10.99,4.32,3.54,5.68
"WANorth","Wyndham-East Kimberley",124.837158203125,-15.2363758087158,0.2,4.48,4.57,7.07,5.46,10.02,8.45,6.35,12.51
"NT","Roper Gulf",135.923324584961,-15.2407388687134,0.2,2.12,3,3.88,3.2,5.1,2.26,2.01,2.67
"QLDNorth","Kowanyama",141.574462890625,-15.2235231399536,0.2,3.33,3.77,3.87,3.22,4.98,2.94,2.54,3.59
"QLDNorth","Hope Vale",145.327423095703,-15.2295150756836,0.2,2.13,2.82,21.02,14,36.58,7.89,5.9,11.84
"WANorth","Wyndham-East Kimberley",124.837196350098,-15.1718883514404,0.2,4.46,4.87,7.62,5.83,10.97,4.58,3.72,6.09
"NT","Roper Gulf",135.844009399414,-15.1683340072632,0.2,2.13,2.99,3.84,3.17,5.03,2.28,2.02,2.7
"QLDNorth","Kowanyama",141.595138549805,-15.185079574585,0.2,3.32,3.86,3.88,3.23,5,2.79,2.43,3.38
"QLDNorth","Hope Vale",145.333099365234,-15.2225074768066,0.2,2.13,2.82,21.35,14.19,37.27,7.93,5.92,11.9
"WANorth","Wyndham-East Kimberley",124.855361938477,-15.1429424285889,0.2,4.46,4.96,7.58,5.81,10.86,4,3.31,5.19
"WANorth","Wyndham-East Kimberley",125.304618835449,-15.1396646499634,0.2,4.53,4.53,5.68,4.5,7.78,6.32,4.91,8.94
"WANorth","Wyndham-East Kimberley",125.365219116211,-15.1228294372559,0.2,4.55,4.58,5.48,4.38,7.44,5.48,4.35,7.51
"NT","Victoria Daly",129.229110717773,-15.0611801147461,0.2,4.31,5.09,20.86,14.09,35.38,3.85,3.21,4.95
"NT","Victoria Daly",129.627670288086,-15.1251249313354,0.2,4.4,5.06,10.27,7.66,15.2,3.73,3.1,4.81
"NT","Roper Gulf",135.742385864258,-15.1108503341675,0.2,2.12,3,3.91,3.21,5.17,2.28,2.02,2.71
"NT","Roper Gulf",135.779724121094,-15.1316137313843,0.2,2.13,3,3.86,3.18,5.09,2.28,2.02,2.7
"QLDNorth","Kowanyama",141.624618530273,-15.1111812591553,0.2,2.42,3.16,3.96,3.29,5.13,2.56,2.26,3.05
"QLDNorth","Hope Vale",145.26692199707,-15.0901155471802,0.2,2.13,2.68,20.42,13.67,35.27,8.92,6.57,13.66
"WANorth","Wyndham-East Kimberley",124.845108032227,-15.0398464202881,0.2,4.46,4.96,7.66,5.86,10.99,4.29,3.53,5.62
"WANorth","Wyndham-East Kimberley",125.261390686035,-15.0821933746338,0.2,4.51,4.55,6.16,4.83,8.58,6.65,5.12,9.56
"WANorth","Wyndham-East Kimberley",125.309417724609,-15.0748262405396,0.2,4.52,4.58,6.06,4.76,8.41,6.78,5.21,9.76
"WANorth","Wyndham-East Kimberley",125.366409301758,-15.0749502182007,0.2,4.53,4.56,5.74,4.55,7.87,6,4.71,8.36
"NT","Victoria Daly",129.252014160156,-15.0351524353027,0.2,4.31,5.25,21.08,14.38,35.1,3.07,2.64,3.77
"NT","Victoria Daly",129.529296875,-15.0264749526978,0.2,4.35,4.85,14.45,10.28,22.82,4.98,3.98,6.79
"NT","Victoria Daly",129.635375976562,-15.0729827880859,0.2,4.39,4.82,10.77,7.97,16.11,6.18,4.8,8.8
"NT","Roper Gulf",135.683929443359,-15.0744066238403,0.2,2.13,3.01,3.84,3.16,5.08,2.26,2,2.68
"QLDNorth","Kowanyama",141.639617919922,-15.0733003616333,0.2,2.42,3.16,4.01,3.32,5.21,2.56,2.26,3.05
"QLDNorth","Hope Vale",145.285614013672,-15.0589323043823,0.2,2.13,2.68,20.4,13.66,35.22,9.06,6.65,13.91
"WANorth","Wyndham-East Kimberley",124.898864746094,-15.0271453857422,0.2,4.46,4.82,7.63,5.85,10.94,5.48,4.38,7.41
"WANorth","Wyndham-East Kimberley",125.158798217773,-15.0236616134644,0.2,4.51,4.74,6.08,4.78,8.41,5.05,4.02,6.94
"WANorth","Wyndham-East Kimberley",125.227180480957,-14.9999437332153,0.2,4.51,4.59,6.17,4.84,8.59,6.91,5.3,9.96
"WANorth","Wyndham-East Kimberley",125.245780944824,-15.0001363754272,0.2,4.51,4.52,6.12,4.81,8.52,6.75,5.24,9.56
"WANorth","Wyndham-East Kimberley",128.104248046875,-15.0200548171997,0.2,4.33,4.47,16.21,11.14,27.05,12.47,8.73,20.49
"WANorth","Wyndham-East Kimberley",128.151580810547,-15.0434598922729,0.2,4.34,4.49,16.16,11.14,26.85,12.81,8.93,21.23
"WANorth","Wyndham-East Kimberley",128.215484619141,-15.0266199111938,0.2,4.33,4.53,17.03,11.65,28.58,12.68,8.79,21.21
"WANorth","Wyndham-East Kimberley",128.357131958008,-15.0189142227173,0.2,4.27,4.97,31.87,19.98,60.39,4.63,3.72,6.29
"NT","Victoria Daly",129.629501342773,-15.0235919952393,0.2,4.37,4.81,12.02,8.79,18.25,6.41,4.95,9.2
"NT","Roper Gulf",135.525787353516,-15.0083923339844,0.2,2.14,2.58,3.73,3.07,4.92,2.7,2.33,3.33
"NT","Roper Gulf",135.573394775391,-15.031590461731,0.2,2.14,2.6,3.78,3.11,4.99,2.71,2.33,3.34
"NT","Roper Gulf",135.638565063477,-15.0378141403198,0.2,2.13,3.02,3.84,3.15,5.07,2.26,2.01,2.68
"QLDNorth","Pormpuraaw",141.660873413086,-15.0223045349121,0.2,2.41,3.47,4.06,3.35,5.29,2.28,2.04,2.65
"QLDNorth","Hope Vale",145.338073730469,-14.9985475540161,0.2,2.13,2.72,21.28,14.16,37.11,8.62,6.39,13.05
"WANorth","Wyndham-East Kimberley",124.953239440918,-14.9682312011719,0.2,4.47,4.72,7.36,5.65,10.54,5.68,4.39,8.22
"WANorth","Wyndham-East Kimberley",125.014305114746,-14.9793424606323,0.2,4.47,4.85,7.3,5.62,10.44,4.2,3.43,5.6
"WANorth","Wyndham-East Kimberley",125.059196472168,-14.981104850769,0.2,4.48,4.9,7.01,5.41,9.96,3.94,3.24,5.19
"WANorth","Wyndham-East Kimberley",125.21174621582,-14.9692764282227,0.2,4.51,4.61,6.2,4.86,8.63,6.41,4.98,9.04
"WANorth","Wyndham-East Kimberley",128.115615844727,-14.9633541107178,0.2,4.34,4.51,15.37,10.66,25.31,11.76,8.27,19.24
"WANorth","Wyndham-East Kimberley",128.265228271484,-14.9804067611694,0.2,4.32,4.59,19.14,12.88,32.89,10.52,7.5,16.93
"WANorth","Wyndham-East Kimberley",128.327514648438,-14.9675893783569,0.2,4.3,4.69,22.78,14.92,40.69,8.81,6.46,13.61
"NT","Roper Gulf",135.472869873047,-14.9671669006348,0.2,2.16,2.72,3.64,3.01,4.79,2.48,2.16,3
"QLDNorth","Pormpuraaw",141.634017944336,-14.9669532775879,0.2,2.4,3.45,4.13,3.4,5.4,2.31,2.07,2.7
"QLDNorth","Hope Vale",145.355865478516,-14.9762773513794,0.2,2.12,2.74,22.3,14.73,39.24,8,5.98,11.97
"WANorth","Wyndham-East Kimberley",128.126541137695,-14.9274501800537,0.2,4.33,4.53,16.91,11.58,28.34,11.85,8.3,19.5
"NT","Roper Gulf",135.433349609375,-14.9105844497681,0.2,2.18,2.79,3.52,2.92,4.6,2.4,2.11,2.89
"QLDNorth","Pormpuraaw",141.608688354492,-14.9055852890015,0.2,2.4,2.97,4.21,3.46,5.52,2.82,2.45,3.42
"QLDNorth","Hope Vale",145.317611694336,-14.9490919113159,0.2,2.12,2.44,22.29,14.72,39.24,8.92,6.54,13.77
"WANorth","Wyndham-East Kimberley",125.209754943848,-14.8662157058716,0.2,4.49,4.59,6.74,5.23,9.5,7.61,5.78,11.11
"WANorth","Wyndham-East Kimberley",128.150115966797,-14.8587427139282,0.2,4.32,4.51,17.88,12.14,30.33,10.51,7.57,16.57
"WANorth","Wyndham-East Kimberley",128.806945800781,-14.8499422073364,0.2,4.34,5.15,15.63,11.01,25,3.48,2.93,4.39
"NT","Roper Gulf",135.423721313477,-14.8675756454468,0.2,2.18,2.99,3.52,2.91,4.59,2.29,2.02,2.73
"QLDNorth","Pormpuraaw",141.589569091797,-14.8615064620972,0.2,2.39,2.97,4.26,3.49,5.6,2.84,2.46,3.44
"QLDNorth","Hope Vale",145.222076416016,-14.8688898086548,0.2,2.12,2.69,22.38,14.8,39.29,7.59,5.7,11.3
"QLDNorth","Hope Vale",145.231597900391,-14.8859167098999,0.2,2.12,2.7,22.31,14.76,39.18,7.53,5.67,11.2
"WANorth","Wyndham-East Kimberley",125.15340423584,-14.8067455291748,0.2,4.47,4.91,7.17,5.53,10.2,4.51,3.69,5.93
"WANorth","Wyndham-East Kimberley",128.195236206055,-14.8283796310425,0.2,4.31,4.58,20.8,13.87,36.14,9.53,6.9,14.96
"WANorth","Wyndham-East Kimberley",128.527557373047,-14.7843637466431,0.2,4.32,4.38,17.89,12.2,30.13,17.28,11.64,29.85
"WANorth","Wyndham-East Kimberley",128.601577758789,-14.79909324646,0.2,4.31,4.49,20.2,13.6,34.56,13.31,9.16,22.49
"NT","West Daly",129.684432983398,-14.8089656829834,0.2,4.35,4.67,14.01,9.96,22.17,7.35,5.64,10.51
"NT","Roper Gulf",135.404830932617,-14.8228092193604,0.2,2.18,2.99,3.47,2.88,4.53,2.29,2.02,2.75
"QLDNorth","Pormpuraaw",141.578353881836,-14.8152437210083,0.2,2.39,3.46,4.31,3.52,5.68,2.31,2.06,2.69
"QLDNorth","Cook",145.107711791992,-14.8189258575439,0.2,2.13,2.72,21.03,14.02,36.52,6.84,5.21,10.03
"QLDNorth","Hope Vale",145.155731201172,-14.8298187255859,0.2,2.13,2.71,21.87,14.54,38.11,7.1,5.37,10.46
"WANorth","Wyndham-East Kimberley",125.15779876709,-14.771409034729,0.2,4.47,4.87,7.24,5.58,10.3,3.96,3.25,5.2
"WANorth","Wyndham-East Kimberley",128.211807250977,-14.7566795349121,0.2,4.3,4.35,21.75,14.47,37.86,18.95,12.77,32.5
"NT","West Daly",129.680160522461,-14.7723655700684,0.2,4.35,4.66,14.92,10.48,24.04,7.9,5.99,11.53
"NT","Roper Gulf",135.40104675293,-14.7666997909546,0.2,2.19,3,3.42,2.85,4.45,2.29,2.02,2.75
"QLDNorth","Pormpuraaw",141.563537597656,-14.7555322647095,0.2,2.38,3.73,4.38,3.57,5.79,2.13,1.93,2.45
"QLDNorth","Cook",145.004684448242,-14.765022277832,0.2,2.13,2.74,20.6,13.73,35.83,6.53,5.01,9.46
"QLDNorth","Cook",145.046966552734,-14.7957363128662,0.2,2.13,2.73,20.77,13.85,36.12,6.78,5.16,9.91
"WANorth","Wyndham-East Kimberley",125.162040710449,-14.7307987213135,0.2,4.46,5.08,7.57,5.83,10.77,3.69,3.1,4.7
"WANorth","Wyndham-East Kimberley",128.21858215332,-14.7112264633179,0.2,4.29,4.36,24.19,15.8,43.25,19.81,13.13,34.91
"NT","Roper Gulf",135.432189941406,-14.722728729248,0.2,2.2,2.99,3.4,2.83,4.41,2.3,2.03,2.75
"QLDNorth","Pormpuraaw",141.559204101562,-14.7273426055908,0.2,2.38,3.36,4.41,3.6,5.85,2.4,2.13,2.81
"QLDNorth","Cook",144.987640380859,-14.7468757629395,0.2,2.13,2.64,21.29,14.14,37.24,8.62,6.43,12.9
"WANorth","Wyndham-East Kimberley",125.128555297852,-14.6601362228394,0.2,4.45,4.97,7.86,6.02,11.29,4.33,3.56,5.66
"WANorth","Wyndham-East Kimberley",125.160118103027,-14.6572942733765,0.2,4.45,4.84,7.77,5.96,11.1,5.31,4.26,7.16
"WANorth","Wyndham-East Kimberley",128.201126098633,-14.7053632736206,0.2,4.3,4.58,22.2,14.66,39.12,9.87,7.13,15.53
"NT","Roper Gulf",135.452590942383,-14.6908016204834,0.2,2.2,3,3.39,2.82,4.39,2.29,2.02,2.74
"NT","Roper Gulf",135.470809936523,-14.6745538711548,0.2,2.2,2.34,3.39,2.82,4.39,3.06,2.59,3.89
"QLDNorth","Pormpuraaw",141.550689697266,-14.6618461608887,0.2,2.37,3.34,4.51,3.66,6.02,2.44,2.16,2.87
"QLDNorth","Cook",144.95671081543,-14.6787748336792,0.2,2.12,2.64,22.45,14.83,39.52,8.78,6.53,13.17
"WANorth","Wyndham-East Kimberley",125.084785461426,-14.6038780212402,0.2,4.43,5.18,8.7,6.54,12.78,3.25,2.77,4.07
"WANorth","Wyndham-East Kimberley",128.091583251953,-14.6392116546631,0.2,4.32,5.19,18.61,12.61,31.64,3.39,2.86,4.32
"WANorth","Wyndham-East Kimberley",128.13264465332,-14.6603422164917,0.2,4.32,4.9,19.34,13.02,33.21,4.88,3.91,6.67
"NT","West Daly",129.684371948242,-14.6120672225952,0.2,4.31,4.73,19.66,13.65,31.88,7.01,5.34,10.21
"NT","Roper Gulf",135.524978637695,-14.6124706268311,0.2,2.18,2.43,3.48,2.89,4.53,2.87,2.46,3.6
"QLDNorth","Pormpuraaw",141.548477172852,-14.6105136871338,0.2,2.36,3.34,4.54,3.68,6.07,2.43,2.16,2.86
"QLDNorth","Cook",144.940582275391,-14.6089067459106,0.2,2.11,2.66,24.82,16.22,44.32,9.01,6.69,13.56
"WANorth","Wyndham-East Kimberley",125.078704833984,-14.5518770217896,0.2,4.42,5.24,8.93,6.69,13.25,3.08,2.63,3.84
"WANorth","Wyndham-East Kimberley",128.000030517578,-14.5617656707764,0.2,4.32,4.76,18.88,12.84,31.84,5.92,4.62,8.33
"WANorth","Wyndham-East Kimberley",128.045211791992,-14.5876274108887,0.2,4.32,5.28,18.17,12.4,30.53,3.09,2.64,3.86
"NT","West Daly",129.531127929688,-14.5545520782471,0.2,4.33,4.74,16.33,11.55,25.88,6.56,5.04,9.48
"NT","West Daly",129.581802368164,-14.5655689239502,0.2,4.35,4.73,14.69,10.54,22.86,7.03,5.4,10.1
"NT","Roper Gulf",135.567230224609,-14.5412082672119,0.2,2.18,2.37,3.47,2.89,4.51,2.99,2.54,3.77
"QLDNorth","Pormpuraaw",141.536666870117,-14.5556573867798,0.2,2.36,3.33,4.61,3.73,6.19,2.45,2.18,2.89
"QLDNorth","Cook",144.880081176758,-14.5607309341431,0.2,2.11,2.58,25.22,16.46,45.08,9.17,6.77,13.92
"QLDNorth","Cook",144.893249511719,-14.5655660629272,0.2,2.11,2.59,25.62,16.67,45.99,9,6.67,13.6
"WANorth","Wyndham-East Kimberley",125.1201171875,-14.514669418335,0.2,4.43,5.25,8.92,6.69,13.19,3.1,2.64,3.86
"WANorth","Wyndham-East Kimberley",125.262313842773,-14.4960641860962,0.2,4.43,4.71,8.88,6.66,13.12,5.85,4.56,8.29
"WANorth","Wyndham-East Kimberley",125.319488525391,-14.5248193740845,0.2,4.42,5.16,8.95,6.69,13.28,2.91,2.49,3.63
"WANorth","Wyndham-East Kimberley",125.367393493652,-14.5112953186035,0.2,4.4,5.2,10.29,7.53,15.75,2.82,2.42,3.49
"WANorth","Wyndham-East Kimberley",125.427215576172,-14.5262870788574,0.2,4.4,4.79,10.38,7.6,15.9,4.85,3.86,6.69
"WANorth","Wyndham-East Kimberley",125.949760437012,-14.5220060348511,0.2,4.42,4.69,9.23,6.84,13.93,5.6,4.37,7.92
"WANorth","Wyndham-East Kimberley",126.010581970215,-14.5180864334106,0.2,4.42,4.48,9.18,6.81,13.83,10.21,7.41,15.93
"WANorth","Wyndham-East Kimberley",127.942878723145,-14.513729095459,0.2,4.32,4.46,19.25,13.12,32.29,13.5,9.59,21.44
"NT","West Daly",129.44775390625,-14.5041465759277,0.2,4.33,4.74,17.11,11.98,27.54,6.72,5.14,9.77
"NT","West Daly",129.479934692383,-14.5016145706177,0.2,4.33,4.76,16.37,11.53,26.14,6.34,4.88,9.13
"NT","Roper Gulf",135.578796386719,-14.5139532089233,0.2,2.19,3.04,3.46,2.88,4.5,2.27,2.01,2.71
"QLDNorth","Pormpuraaw",141.527404785156,-14.5103921890259,0.2,2.36,3.78,4.63,3.74,6.22,2.13,1.93,2.43
"QLDNorth","Cook",144.739639282227,-14.5463800430298,0.2,2.11,2.85,27.06,17.44,49.24,7.98,6.07,11.58
"QLDNorth","Cook",144.774948120117,-14.5439920425415,0.2,2.11,2.5,26.48,17.15,47.8,11.06,8.01,17.19
"WANorth","Wyndham-East Kimberley",125.131568908691,-14.4704513549805,0.2,4.42,5.4,9.14,6.81,13.65,2.66,2.31,3.24
"WANorth","Wyndham-East Kimberley",125.27473449707,-14.4618988037109,0.2,4.41,4.88,9.91,7.29,15.06,4.12,3.36,5.49
"WANorth","Wyndham-East Kimberley",125.482887268066,-14.480881690979,0.2,4.41,5.3,9.81,7.25,14.79,2.64,2.29,3.22
"WANorth","Wyndham-East Kimberley",125.520492553711,-14.4681940078735,0.2,4.43,5.32,8.61,6.51,12.57,2.61,2.27,3.17
"WANorth","Wyndham-East Kimberley",125.86164855957,-14.4677419662476,0.2,4.42,4.63,9.39,6.95,14.18,6.79,5.17,9.94
"WANorth","Wyndham-East Kimberley",125.997909545898,-14.4545955657959,0.2,4.42,4.48,9.34,6.91,14.1,10.8,7.71,17.3
"WANorth","Wyndham-East Kimberley",127.930953979492,-14.5009260177612,0.2,4.32,4.98,18.92,12.95,31.53,4.14,3.39,5.46
"NT","West Daly",129.366073608398,-14.4294281005859,0.2,4.33,4.96,17.61,12.28,28.49,4.43,3.6,5.89
"NT","Roper Gulf",135.625366210938,-14.4839658737183,0.2,2.17,2.93,3.54,2.94,4.62,2.4,2.11,2.91
"QLDNorth","Pormpuraaw",141.526031494141,-14.4617919921875,0.2,2.36,3.79,4.63,3.74,6.21,2.12,1.92,2.42
"QLDNorth","Cook",143.846130371094,-14.4575262069702,0.2,2.15,2.59,18.06,12.2,30.93,6.61,5.06,9.6
"QLDNorth","Cook",143.895843505859,-14.4822654724121,0.2,2.13,2.56,19.96,13.28,34.9,6.46,4.96,9.36
"QLDNorth","Cook",143.938598632812,-14.4828338623047,0.2,2.14,2.55,19.51,13.04,33.88,6.38,4.91,9.2
"QLDNorth","Cook",144.004318237305,-14.4783716201782,0.2,2.14,2.54,18.89,12.67,32.67,6.5,4.98,9.43
"QLDNorth","Cook",144.050003051758,-14.4639005661011,0.2,2.14,2.53,18.82,12.63,32.53,6.46,4.95,9.37
"QLDNorth","Cook",144.09049987793,-14.4441137313843,0.2,2.14,2.52,18.45,12.42,31.79,6.73,5.13,9.83
"QLDNorth","Cook",144.660003662109,-14.5000143051147,0.2,2.1,2.94,28.99,18.48,53.61,7.13,5.51,10.12
"WANorth","Wyndham-East Kimberley",125.152992248535,-14.4271259307861,0.2,4.42,5.38,8.94,6.69,13.26,2.69,2.33,3.27
"WANorth","Wyndham-East Kimberley",125.198593139648,-14.4466991424561,0.2,4.43,5.18,8.72,6.55,12.86,2.97,2.54,3.7
"WANorth","Wyndham-East Kimberley",125.596481323242,-14.4360542297363,0.2,4.41,4.43,9.66,7.14,14.6,12.37,8.75,19.94
"WANorth","Wyndham-East Kimberley",125.736625671387,-14.406229019165,0.2,4.41,4.52,9.42,6.97,14.22,9.82,7.23,14.91
"WANorth","Wyndham-East Kimberley",125.759918212891,-14.4194965362549,0.2,4.41,4.52,9.47,7,14.32,9.92,7.27,15.17
"WANorth","Wyndham-East Kimberley",125.813087463379,-14.4428367614746,0.2,4.41,4.48,9.54,7.04,14.45,12.05,8.46,19.76
"WANorth","Wyndham-East Kimberley",125.943725585938,-14.396312713623,0.2,4.41,4.63,9.61,7.08,14.59,7.1,5.39,10.44
"WANorth","Wyndham-East Kimberley",127.869132995605,-14.4294986724854,0.2,4.32,4.94,18.57,12.86,30.35,4.17,3.42,5.5
"NT","West Daly",129.354202270508,-14.4140396118164,0.2,4.35,4.62,14.72,10.52,23.07,8.34,6.18,12.66
"NT","Roper Gulf",135.675582885742,-14.4104404449463,0.2,2.17,2.92,3.58,2.97,4.66,2.42,2.12,2.92
"QLDNorth","Pormpuraaw",141.536483764648,-14.4148235321045,0.2,2.35,3.72,4.67,3.77,6.28,2.18,1.97,2.5
"QLDNorth","Cook",143.791213989258,-14.4109144210815,0.2,2.14,2.82,18.21,12.27,31.34,5.18,4.11,7.18
"QLDNorth","Cook",144.63346862793,-14.4088802337646,0.2,2.1,2.23,29.46,18.73,54.68,20.09,13.62,33.92
"WANorth","Wyndham-East Kimberley",125.573066711426,-14.3610992431641,0.2,4.42,4.43,9.34,6.95,13.96,12.28,8.72,19.66
"WANorth","Wyndham-East Kimberley",125.721366882324,-14.3566665649414,0.2,4.41,4.52,9.52,7.04,14.39,9.84,7.26,14.91
"WANorth","Wyndham-East Kimberley",125.943374633789,-14.3472080230713,0.2,4.41,4.63,9.46,6.99,14.32,7.17,5.41,10.6
"WANorth","Wyndham-East Kimberley",127.786949157715,-14.3601789474487,0.2,4.33,4.51,17.37,12.24,27.63,9.79,7.3,14.53
"NT","West Daly",129.357345581055,-14.3789148330688,0.2,4.35,4.62,14.76,10.47,23.43,8.5,6.27,12.99
"NT","Roper Gulf",135.690505981445,-14.3648252487183,0.2,2.16,2.93,3.6,2.98,4.69,2.43,2.12,2.93
"QLDNorth","Pormpuraaw",141.546737670898,-14.3721208572388,0.2,2.35,3.72,4.67,3.77,6.27,2.17,1.96,2.49
"QLDNorth","Cook",143.766632080078,-14.372615814209,0.2,2.14,2.56,18.61,12.51,32.09,7.06,5.37,10.34
"QLDNorth","Cook",144.168395996094,-14.3686866760254,0.2,2.13,2.44,20.52,13.66,35.81,7.14,5.39,10.56
"QLDNorth","Cook",144.629440307617,-14.3544597625732,0.2,2.1,2.49,28.13,18.03,51.59,12.23,8.73,19.4
"WANorth","Wyndham-East Kimberley",125.580001831055,-14.3071508407593,0.2,4.42,5.17,9.33,6.94,13.94,3.14,2.67,3.95
"WANorth","Wyndham-East Kimberley",125.727348327637,-14.30442237854,0.2,4.4,4.56,9.96,7.32,15.18,9.02,6.65,13.75
"WANorth","Wyndham-East Kimberley",126.016021728516,-14.2939434051514,0.2,4.41,4.51,9.88,7.26,15.04,9.95,7.27,15.34
"WANorth","Wyndham-East Kimberley",127.774642944336,-14.3200511932373,0.2,4.33,4.82,17.21,12.16,27.24,4.79,3.86,6.43
"NT","West Daly",129.381134033203,-14.3171844482422,0.2,4.34,4.51,15.06,10.58,24.26,10.87,7.84,17.02
"NT","East Arnhem",136.577545166016,-14.2649507522583,0.2,2.03,2.59,4.77,3.87,6.36,3,2.57,3.71
"NT","East Arnhem",136.647308349609,-14.2961120605469,0.2,2.03,2.82,4.85,3.92,6.5,2.71,2.36,3.3
"NT","East Arnhem",136.682022094727,-14.3022203445435,0.2,2.02,2.71,4.9,3.95,6.57,2.85,2.46,3.5
"NT","East Arnhem",136.715728759766,-14.275164604187,0.2,2.03,2.5,4.87,3.94,6.53,3.1,2.65,3.85
"NT","East Arnhem",136.803085327148,-14.2928056716919,0.2,2.01,3.03,5.1,4.09,6.91,2.43,2.15,2.9
"NT","East Arnhem",136.842132568359,-14.308614730835,0.2,2,2.98,5.27,4.2,7.2,2.53,2.22,3.04
"NT","East Arnhem",136.895416259766,-14.3086071014404,0.2,1.99,2.61,5.35,4.25,7.35,2.78,2.42,3.37
"NT","East Arnhem",136.947952270508,-14.3060808181763,0.2,2,3.4,5.31,4.22,7.3,2.41,2.13,2.89
"QLDNorth","Pormpuraaw",141.573165893555,-14.3067054748535,0.2,2.36,4.29,4.64,3.75,6.22,1.88,1.73,2.1
"QLDNorth","Cook",143.746032714844,-14.3179607391357,0.2,2.13,2.58,20.43,13.51,36.1,8.23,6.12,12.41
"QLDNorth","Cook",144.194366455078,-14.3142557144165,0.2,2.13,2.87,21.1,14.01,36.97,3.66,3.02,4.8
"QLDNorth","Cook",144.641754150391,-14.3458023071289,0.2,2.11,2.52,27.47,17.68,50.06,12.05,8.62,19.05
"WANorth","Wyndham-East Kimberley",125.72924041748,-14.2765264511108,0.2,4.4,4.65,10.17,7.45,15.58,7.13,5.4,10.5
"WANorth","Wyndham-East Kimberley",127.733703613281,-14.2567291259766,0.2,4.32,4.74,18.37,12.86,29.43,5.55,4.41,7.62
"NT","West Daly",129.402877807617,-14.2470359802246,0.2,4.34,4.73,15.49,10.82,25.22,6.31,4.87,9.03
"NT","Roper Gulf",135.780624389648,-14.2482147216797,0.2,2.15,2.55,3.73,3.08,4.87,2.83,2.43,3.53
"NT","East Arnhem",136.480056762695,-14.2389888763428,0.2,2.04,2.49,4.64,3.77,6.17,3.23,2.73,4.07
"NT","East Arnhem",136.533569335938,-14.2534112930298,0.2,2.04,2.69,4.7,3.81,6.25,2.84,2.46,3.48
"NT","East Arnhem",136.982574462891,-14.2515935897827,0.2,2,3.03,5.24,4.17,7.17,2.3,2.04,2.7
"QLDNorth","Pormpuraaw",141.591522216797,-14.2600746154785,0.2,2.36,3.28,4.64,3.76,6.22,2.5,2.22,2.95
"QLDNorth","Cook",143.734222412109,-14.2576913833618,0.2,2.13,2.38,20.6,13.62,36.43,11.91,8.4,19.36
"QLDNorth","Cook",144.19091796875,-14.2678756713867,0.2,2.13,2.69,21.38,14.17,37.48,4.61,3.68,6.34
"QLDNorth","Cook",144.300506591797,-14.2970142364502,0.2,2.13,2.53,20.13,13.51,34.64,11.11,7.98,17.54
"QLDNorth","Cook",144.381118774414,-14.2772159576416,0.2,2.14,2.49,19.87,13.35,34.14,12.41,8.8,19.93
"QLDNorth","Cook",144.427124023438,-14.2571153640747,0.2,2.14,2.9,19.71,13.24,33.88,4.83,3.81,6.79
"QLDNorth","Cook",144.601455688477,-14.263840675354,0.2,2.11,3.15,26.66,17.2,48.47,5.07,4.01,7.08
"WANorth","Wyndham-East Kimberley",125.630767822266,-14.2305307388306,0.2,4.4,5.1,10.33,7.54,15.89,3.27,2.76,4.16
"WANorth","Wyndham-East Kimberley",125.686218261719,-14.1855096817017,0.2,4.4,4.91,10.36,7.57,15.93,4.91,3.92,6.73
"WANorth","Wyndham-East Kimberley",126.042518615723,-14.224796295166,0.2,4.41,4.58,9.71,7.15,14.77,9.45,6.92,14.55
"WANorth","Wyndham-East Kimberley",126.132736206055,-14.2032327651978,0.2,4.41,4.46,9.56,7.05,14.51,11.41,8.17,18.06
"WANorth","Wyndham-East Kimberley",127.686531066895,-14.2098894119263,0.2,4.31,5.69,19.69,13.64,32.06,2.4,2.11,2.86
"NT","Roper Gulf",135.844604492188,-14.2093830108643,0.2,2.13,2.59,3.84,3.17,5.02,2.81,2.41,3.49
"NT","East Arnhem",136.419189453125,-14.2032737731934,0.2,2.06,2.47,4.52,3.69,5.96,3.29,2.78,4.17
"NT","East Arnhem",136.963241577148,-14.2206211090088,0.2,2.01,3.15,5.13,4.1,6.97,2.27,2.02,2.68
"QLDNorth","Pormpuraaw",141.593063354492,-14.1998119354248,0.2,2.35,3.4,4.68,3.78,6.27,2.38,2.12,2.77
"QLDNorth","Cook",143.710388183594,-14.2167491912842,0.2,2.13,2.5,20.44,13.54,36.05,9.72,7.05,15.19
"QLDNorth","Cook",144.20654296875,-14.2234354019165,0.2,2.12,2.43,22.25,14.66,39.35,7.66,5.72,11.5
"QLDNorth","Cook",144.288970947266,-14.1891584396362,0.2,2.12,2.44,22.05,14.63,38.53,12.5,8.85,20.09
"QLDNorth","Cook",144.447326660156,-14.2399959564209,0.2,2.13,2.72,20.09,13.46,34.66,5.52,4.28,7.93
"QLDNorth","Cook",144.59228515625,-14.2512350082397,0.2,2.11,2.73,26.77,17.25,48.81,7.98,5.93,12.08
"WANorth","Wyndham-East Kimberley",126.033889770508,-14.0990734100342,0.2,4.41,4.55,9.85,7.24,15.01,10.14,7.37,15.75
"WANorth","Wyndham-East Kimberley",126.139549255371,-14.1599235534668,0.2,4.41,4.44,9.59,7.07,14.55,11.08,7.97,17.48
"WANorth","Wyndham-East Kimberley",126.578201293945,-14.1569900512695,0.2,4.44,4.69,8.43,6.43,12.11,6.58,5.09,9.35
"WANorth","Wyndham-East Kimberley",126.645851135254,-14.1546716690063,0.2,4.44,4.55,8.2,6.28,11.72,9.36,6.9,14.27
"NT","West Daly",129.446716308594,-14.1922149658203,0.2,4.35,4.94,14.32,10.07,23.1,4.4,3.58,5.85
"NT","West Daly",129.476287841797,-14.1537313461304,0.2,4.35,4.45,14.01,9.89,22.51,10.78,7.92,16.36
"NT","Roper Gulf",135.888412475586,-14.1528549194336,0.2,2.13,2.7,3.84,3.19,4.99,2.74,2.36,3.37
"NT","East Arnhem",136.377975463867,-14.182258605957,0.2,2.05,2.47,4.54,3.69,6.04,3.3,2.79,4.16
"NT","East Arnhem",136.787506103516,-14.1503791809082,0.2,2,2.67,5.25,4.19,7.16,2.61,2.29,3.14
"NT","East Arnhem",136.825744628906,-14.1678810119629,0.2,2,2.63,5.3,4.22,7.24,2.63,2.3,3.15
"NT","East Arnhem",136.907073974609,-14.1549377441406,0.2,1.99,3.02,5.42,4.3,7.44,2.25,2.01,2.62
"NT","East Arnhem",136.944778442383,-14.155933380127,0.2,1.99,2.8,5.41,4.3,7.43,2.47,2.19,2.93
"QLDNorth","Aurukun",141.590240478516,-14.1565055847168,0.2,2.35,2.66,4.71,3.8,6.32,3.5,2.96,4.41
"QLDNorth","Cook",143.708038330078,-14.1611928939819,0.2,2.13,2.49,21.61,14.19,38.52,10.69,7.64,17.07
"QLDNorth","Cook",144.21662902832,-14.1610956192017,0.2,2.13,2.46,21.88,14.5,38.34,6.6,5.02,9.68
"QLDNorth","Cook",144.263366699219,-14.1565418243408,0.2,2.12,2.48,22.92,15.12,40.39,12.16,8.63,19.51
"QLDNorth","Cook",144.520553588867,-14.162109375,0.2,2.12,2.88,24.33,15.91,43.4,8.65,6.34,13.4
"QLDNorth","Cook",144.534255981445,-14.1781358718872,0.2,2.11,3.16,25.63,16.62,46.27,6,4.62,8.7
"WANorth","Wyndham-East Kimberley",126.014038085938,-14.0954818725586,0.2,4.41,4.61,9.91,7.28,15.12,9.36,6.83,14.55
"WANorth","Wyndham-East Kimberley",126.298713684082,-14.1234483718872,0.2,4.4,4.41,10.26,7.61,15.32,14.56,10.15,23.83
"WANorth","Wyndham-East Kimberley",126.313087463379,-14.0980167388916,0.2,4.4,4.4,10.32,7.66,15.42,14.06,9.88,22.76
"WANorth","Wyndham-East Kimberley",126.524612426758,-14.096697807312,0.2,4.43,4.59,8.53,6.51,12.28,8.34,6.24,12.41
"WANorth","Wyndham-East Kimberley",126.68187713623,-14.1017875671387,0.2,4.44,4.94,8.32,6.36,11.92,4.48,3.64,5.94
"NT","West Daly",129.490707397461,-14.098578453064,0.2,4.36,4.46,13.8,9.75,22.12,10.42,7.69,15.72
"NT","Roper Gulf",135.908020019531,-14.0824317932129,0.2,2.12,2.86,3.89,3.22,5.05,2.73,2.36,3.38
"NT","East Arnhem",136.42448425293,-14.0986757278442,0.2,2.05,2.11,4.54,3.7,6.02,4.37,3.57,5.8
"NT","East Arnhem",136.755783081055,-14.0889873504639,0.2,2,2.54,5.28,4.21,7.2,2.86,2.48,3.5
"QLDNorth","Aurukun",141.590698242188,-14.1019258499146,0.2,2.35,3.6,4.71,3.81,6.33,2.25,2.02,2.6
"QLDNorth","Cook",143.702667236328,-14.1184825897217,0.2,2.12,2.21,22.06,14.44,39.55,18.06,12.15,31.17
"WANorth","Wyndham-East Kimberley",125.972518920898,-14.0407934188843,0.2,4.4,5.11,10.36,7.56,15.94,3.49,2.92,4.5
"WANorth","Wyndham-East Kimberley",126.228637695312,-14.0332412719727,0.2,4.39,4.61,10.6,7.84,15.9,7.73,5.9,11.15
"WANorth","Wyndham-East Kimberley",126.331893920898,-14.051061630249,0.2,4.39,4.5,10.6,7.84,15.9,12.18,8.63,19.59
"WANorth","Wyndham-East Kimberley",126.521423339844,-14.0760927200317,0.2,4.43,4.59,8.57,6.53,12.33,8.43,6.31,12.51
"WANorth","Wyndham-East Kimberley",126.666862487793,-14.0784797668457,0.2,4.44,4.63,8.25,6.32,11.79,7.61,5.75,11.19
"NT","West Daly",129.530151367188,-14.0496559143066,0.2,4.34,4.42,14.93,10.55,23.82,13.65,9.6,22.1
"NT","West Daly",129.587509155273,-14.0334911346436,0.2,4.24,4.3,15.21,10.72,24.33,14.19,9.94,23.08
"NT","Roper Gulf",135.917938232422,-14.0449848175049,0.2,2.12,2.45,3.95,3.26,5.13,3.08,2.62,3.88
"NT","East Arnhem",136.414459228516,-14.0482530593872,0.2,2.05,2.47,4.57,3.72,6.05,3.29,2.79,4.14
"NT","East Arnhem",136.786849975586,-14.0534343719482,0.2,1.99,2.78,5.37,4.27,7.35,2.48,2.18,2.95
"QLDNorth","Aurukun",141.541442871094,-14.034857749939,0.2,2.35,3.58,4.76,3.84,6.41,2.27,2.04,2.63
"QLDNorth","Cook",143.690872192383,-14.0502414703369,0.2,2.12,2.55,23.27,15.12,42.1,11.23,7.99,18.04
"WANorth","Wyndham-East Kimberley",125.969436645508,-13.9986400604248,0.2,4.38,4.77,11.67,8.37,18.43,5.8,4.51,8.24
"WANorth","Wyndham-East Kimberley",126.224334716797,-13.9877023696899,0.2,4.39,4.63,10.9,8.03,16.43,7.68,5.85,11.13
"WANorth","Wyndham-East Kimberley",126.36644744873,-14.0002393722534,0.2,4.39,4.41,10.65,7.87,15.99,18.31,12.3,31.65
"WANorth","Wyndham-East Kimberley",126.519927978516,-13.9991483688354,0.2,4.43,4.68,8.5,6.48,12.2,6.6,5.12,9.34
"WANorth","Wyndham-East Kimberley",126.740211486816,-13.9950771331787,0.2,4.43,5.04,8.85,6.71,12.82,4.02,3.31,5.25
"WANorth","Wyndham-East Kimberley",127.473075866699,-13.999174118042,0.2,4.29,5.27,26.23,17.46,45.11,3.12,2.65,3.93
"NT","West Daly",129.604217529297,-14.014591217041,0.2,4.24,4.83,15.08,10.66,24.07,4.42,3.61,5.83
"NT","Roper Gulf",135.917770385742,-14.008355140686,0.2,2.11,2.46,3.99,3.29,5.2,3.07,2.61,3.87
"NT","East Arnhem",136.404632568359,-13.9819993972778,0.2,2.04,2.28,4.72,3.82,6.32,3.73,3.1,4.82
"NT","East Arnhem",136.793899536133,-14.0192241668701,0.2,1.99,2.78,5.41,4.3,7.43,2.46,2.17,2.92
"QLDNorth","Aurukun",141.489639282227,-13.9769620895386,0.2,2.34,3.61,4.82,3.88,6.5,2.26,2.03,2.61
"QLDNorth","Aurukun",141.517471313477,-14.0072603225708,0.2,2.34,3.58,4.78,3.85,6.43,2.28,2.04,2.64
"QLDNorth","Cook",143.684951782227,-14.0090351104736,0.2,2.12,2.4,22.52,14.69,40.58,14.42,9.88,24.46
"WANorth","Wyndham-East Kimberley",126.018661499023,-13.9406747817993,0.2,4.38,5.81,11.35,8.19,17.71,2.2,1.98,2.56
"WANorth","Wyndham-East Kimberley",126.209922790527,-13.9621143341064,0.2,4.38,4.83,11.27,8.27,17.11,4.91,3.92,6.71
"WANorth","Wyndham-East Kimberley",126.43628692627,-13.981466293335,0.2,4.38,5.13,11.33,8.3,17.23,3.83,3.18,4.97
"WANorth","Wyndham-East Kimberley",126.494590759277,-13.9557723999023,0.2,4.39,5.25,11.11,8.18,16.77,3.41,2.88,4.3
"WANorth","Wyndham-East Kimberley",126.748107910156,-13.9697885513306,0.2,4.43,4.78,8.75,6.65,12.62,5.32,4.26,7.21
"WANorth","Wyndham-East Kimberley",127.454193115234,-13.9779281616211,0.2,4.28,5,27.22,18.01,47.21,3.66,3.07,4.68
"NT","West Daly",129.725326538086,-13.9901609420776,0.2,4.24,4.64,14.89,10.57,23.57,5.93,4.65,8.27
"NT","Roper Gulf",135.945587158203,-13.9546432495117,0.2,2.1,2.29,4.04,3.33,5.28,3.44,2.89,4.4
"NT","East Arnhem",136.406616210938,-13.9645318984985,0.2,2.03,2.28,4.8,3.87,6.45,3.72,3.1,4.81
"NT","East Arnhem",136.852249145508,-13.9145517349243,0.2,1.98,2.62,5.65,4.46,7.81,2.77,2.4,3.38
"QLDNorth","Aurukun",141.467864990234,-13.9421710968018,0.2,2.34,3.57,4.84,3.9,6.54,2.31,2.07,2.68
"QLDNorth","Cook",143.621948242188,-13.9459381103516,0.2,2.05,2.67,23.43,15.19,42.63,8.74,6.5,13.16
"WANorth","Wyndham-East Kimberley",126.073684692383,-13.9132490158081,0.2,4.38,4.71,11.54,8.34,17.94,6.09,4.7,8.77
"WANorth","Wyndham-East Kimberley",126.102348327637,-13.9015130996704,0.2,4.37,5.08,12.43,8.97,19.31,3.61,3,4.68
"WANorth","Wyndham-East Kimberley",126.156257629395,-13.9100437164307,0.2,4.38,4.78,11.76,8.57,18.03,5.66,4.42,7.98
"WANorth","Wyndham-East Kimberley",126.701133728027,-13.931342124939,0.2,4.41,5.04,9.45,7.11,13.85,3.89,3.24,5.02
"WANorth","Wyndham-East Kimberley",127.361793518066,-13.9075660705566,0.2,4.28,5.59,27.31,18.05,47.42,2.4,2.12,2.85
"WANorth","Wyndham-East Kimberley",127.42244720459,-13.9399271011353,0.2,4.28,5.31,29.74,19.49,52.19,2.93,2.52,3.62
"NT","West Daly",129.710052490234,-13.8956184387207,0.2,4.23,4.4,16.45,11.48,26.68,10.98,7.96,17.02
"NT","Roper Gulf",135.993499755859,-13.8954582214355,0.2,2.08,2.5,4.25,3.47,5.62,2.96,2.53,3.66
"NT","East Arnhem",136.345336914062,-13.8505373001099,0.2,2.03,2.83,4.82,3.87,6.51,2.62,2.29,3.18
"NT","East Arnhem",136.868759155273,-13.882004737854,0.2,1.98,2.67,5.66,4.47,7.83,2.72,2.36,3.31
"QLDNorth","Aurukun",141.463897705078,-13.8970031738281,0.2,2.34,4.4,4.82,3.88,6.5,1.88,1.73,2.11
"QLDNorth","Cook",143.606674194336,-13.9073543548584,0.2,2.05,2.66,23.61,15.3,42.93,8.36,6.23,12.55
"WANorth","Wyndham-East Kimberley",126.756301879883,-13.8336124420166,0.2,4.41,4.7,9.49,7.15,13.85,5.68,4.54,7.69
"WANorth","Wyndham-East Kimberley",127.0849609375,-13.8453769683838,0.2,4.33,5.51,16.32,11.39,26.48,2.7,2.34,3.29
"WANorth","Wyndham-East Kimberley",127.163055419922,-13.8812484741211,0.2,4.33,5.86,16.67,11.62,27.11,2.24,2,2.62
"WANorth","Wyndham-East Kimberley",127.195587158203,-13.9027318954468,0.2,4.31,5.34,20.83,14.13,35.1,2.87,2.48,3.51
"WANorth","Wyndham-East Kimberley",127.261611938477,-13.8989562988281,0.2,4.3,5.1,23.2,15.57,39.55,3.47,2.92,4.41
"WANorth","Wyndham-East Kimberley",127.329704284668,-13.9112453460693,0.2,4.29,5.35,24.49,16.41,41.82,2.91,2.5,3.58
"NT","West Daly",129.714584350586,-13.8510875701904,0.2,4.22,4.79,17.18,11.91,28.15,4.66,3.78,6.21
"NT","Roper Gulf",136.021408081055,-13.8357791900635,0.2,2.07,2.3,4.41,3.58,5.89,3.34,2.83,4.22
"NT","East Arnhem",136.115585327148,-13.8337821960449,0.2,2.06,2.58,4.5,3.65,6.02,2.94,2.52,3.64
"NT","East Arnhem",136.152740478516,-13.8414268493652,0.2,2.06,2.59,4.48,3.64,5.98,2.89,2.48,3.57
"NT","East Arnhem",136.209655761719,-13.8589363098145,0.2,2.04,2.22,4.66,3.77,6.26,3.66,3.06,4.68
"NT","East Arnhem",136.263244628906,-13.8416576385498,0.2,2.02,2.56,4.92,3.94,6.69,2.81,2.43,3.44
"NT","East Arnhem",136.924163818359,-13.8113698959351,0.2,1.96,2.78,6.07,4.74,8.51,2.57,2.26,3.07
"QLDNorth","Aurukun",141.467193603516,-13.8500452041626,0.2,2.35,4.38,4.77,3.85,6.43,1.89,1.74,2.12
"QLDNorth","Cook",143.580123901367,-13.8419332504272,0.2,2.05,2.51,22.6,14.73,40.78,10.25,7.42,16.03
"WANorth","Wyndham-East Kimberley",126.742919921875,-13.7974071502686,0.2,4.41,5.34,9.77,7.34,14.33,3.25,2.77,4.06
"WANorth","Wyndham-East Kimberley",127.049758911133,-13.8056221008301,0.2,4.37,5.56,12.31,8.88,19.15,2.73,2.36,3.35
"NT","West Daly",129.717864990234,-13.8392305374146,0.2,4.23,4.36,16.71,11.61,27.29,12.15,8.76,18.95
"NT","East Arnhem",136.287124633789,-13.7903299331665,0.2,2.01,2.67,5.05,4.03,6.9,2.68,2.33,3.26
"NT","East Arnhem",136.72135925293,-13.8025722503662,0.2,1.98,2.62,5.65,4.45,7.85,2.83,2.45,3.47
"NT","East Arnhem",136.806213378906,-13.8089094161987,0.2,1.98,2.78,5.68,4.48,7.89,2.6,2.27,3.12
"NT","East Arnhem",136.927230834961,-13.795804977417,0.2,1.95,2.72,6.1,4.76,8.59,2.65,2.32,3.19
"QLDNorth","Aurukun",141.476669311523,-13.7923936843872,0.2,2.35,4.35,4.68,3.78,6.27,1.91,1.75,2.14
"QLDNorth","Cook",143.563735961914,-13.8142957687378,0.2,2.05,2.62,22.97,14.97,41.43,8.76,6.48,13.31
"WANorth","Wyndham-East Kimberley",126.795379638672,-13.7659044265747,0.2,4.38,5.34,11.36,8.31,17.32,2.92,2.53,3.56
"WANorth","Wyndham-East Kimberley",126.84765625,-13.7543077468872,0.2,4.4,4.69,10.4,7.72,15.52,5.83,4.61,8.02
"WANorth","Wyndham-East Kimberley",126.985702514648,-13.7518939971924,0.2,4.38,5.66,11.29,8.23,17.32,2.69,2.33,3.3
"NT","West Daly",129.780822753906,-13.7513618469238,0.2,4.23,4.68,16.64,11.57,27.13,5.43,4.3,7.49
"NT","East Arnhem",136.306167602539,-13.73899269104,0.2,1.98,2.73,5.54,4.36,7.7,2.58,2.26,3.1
"NT","East Arnhem",136.466705322266,-13.7519035339355,0.2,1.97,2.38,5.83,4.57,8.19,3.55,2.96,4.56
"NT","East Arnhem",136.734405517578,-13.7678565979004,0.2,1.97,2.41,5.76,4.53,8.03,3.25,2.76,4.06
"NT","East Arnhem",136.915512084961,-13.7706165313721,0.2,1.95,2.88,6.1,4.76,8.59,2.53,2.22,3.03
"QLDNorth","Aurukun",141.487823486328,-13.7472305297852,0.2,2.36,4.35,4.62,3.74,6.18,1.9,1.75,2.13
"QLDNorth","Cook",143.545227050781,-13.7256336212158,0.2,2.04,2.4,24.95,16.06,45.76,12.56,8.86,20.32
"WANorth","Wyndham-East Kimberley",126.91707611084,-13.7416133880615,0.2,4.4,4.87,10.09,7.5,15.05,5.11,4.08,6.99
"WANorth","Wyndham-East Kimberley",126.945388793945,-13.7392282485962,0.2,4.42,5.88,9.35,7.03,13.73,2.48,2.16,3
"NT","West Daly",129.780227661133,-13.6986417770386,0.2,4.23,4.7,16.02,11.2,25.92,5.32,4.22,7.3
"NT","Roper Gulf",135.890579223633,-13.6950063705444,0.2,2.01,2.84,5.12,4.09,6.97,2.55,2.22,3.09
"NT","Roper Gulf",135.923812866211,-13.6842212677002,0.2,2,2.84,5.3,4.22,7.26,2.56,2.23,3.1
"NT","Roper Gulf",136.056793212891,-13.6940355300903,0.2,1.99,2.58,5.39,4.26,7.5,2.81,2.42,3.44
"NT","East Arnhem",136.121627807617,-13.7175912857056,0.2,1.98,2.72,5.62,4.41,7.85,2.68,2.32,3.27
"NT","East Arnhem",136.29817199707,-13.7048635482788,0.2,1.97,2.65,5.73,4.5,8,2.66,2.32,3.2
"NT","East Arnhem",136.528045654297,-13.6917581558228,0.2,1.95,2.68,6.09,4.74,8.6,2.82,2.43,3.47
"NT","East Arnhem",136.736801147461,-13.7012596130371,0.2,1.96,2.57,6.01,4.7,8.43,2.93,2.52,3.6
"NT","East Arnhem",136.840972900391,-13.7422332763672,0.2,1.97,2.9,5.87,4.6,8.21,2.62,2.29,3.17
"NT","East Arnhem",136.905517578125,-13.683892250061,0.2,1.95,2.75,6.31,4.91,8.89,2.83,2.44,3.47
"QLDNorth","Aurukun",141.496292114258,-13.7013731002808,0.2,2.36,4.26,4.56,3.7,6.08,1.94,1.78,2.19
"QLDNorth","Cook",143.547515869141,-13.6934080123901,0.2,2.04,2.81,25.31,16.27,46.52,7.17,5.42,10.57
"NT","West Daly",129.785232543945,-13.6622085571289,0.2,4.23,4.72,16.79,11.65,27.52,5.12,4.09,6.99
"NT","Roper Gulf",135.901000976562,-13.657675743103,0.2,1.99,2.83,5.34,4.24,7.35,2.57,2.24,3.12
"NT","East Arnhem",136.211380004883,-13.6547632217407,0.2,1.97,2.59,5.76,4.52,8.07,2.77,2.41,3.37
"NT","East Arnhem",136.247131347656,-13.6674661636353,0.2,1.97,2.91,5.88,4.59,8.26,2.43,2.14,2.9
"NT","East Arnhem",136.631286621094,-13.6539487838745,0.2,1.95,2.7,6.24,4.85,8.84,2.77,2.4,3.38
"QLDNorth","Aurukun",141.500549316406,-13.6437864303589,0.2,2.37,3.85,4.53,3.67,6.04,2.13,1.93,2.45
"QLDNorth","Cook",143.552429199219,-13.6366357803345,0.2,2.04,2.23,25.43,16.35,46.69,16.42,11.2,27.79
"NT","West Daly",129.814453125,-13.5995311737061,0.2,4.23,4.66,15.76,11.01,25.6,5.84,4.58,8.16
"NT","Roper Gulf",135.870178222656,-13.563102722168,0.2,2,2.57,5.28,4.19,7.29,2.86,2.46,3.53
"QLDNorth","Aurukun",141.509521484375,-13.6043281555176,0.2,2.37,3.87,4.47,3.63,5.94,2.12,1.92,2.43
"QLDNorth","Cook",143.572219848633,-13.5790777206421,0.2,2.04,2.84,26.78,17.12,49.51,7.15,5.42,10.53
"NT","West Daly",129.821243286133,-13.5355777740479,0.2,4.24,4.45,15.61,10.91,25.34,9.47,6.97,14.41
"NT","Roper Gulf",135.869903564453,-13.5495548248291,0.2,2,2.64,5.31,4.21,7.33,2.71,2.35,3.31
"QLDNorth","Aurukun",141.527908325195,-13.5470037460327,0.2,2.38,3.86,4.34,3.54,5.75,2.12,1.92,2.44
"QLDNorth","Cook",143.588241577148,-13.5460176467896,0.2,2.03,2.78,27.81,17.71,51.69,7.47,5.62,11.12
"NT","West Daly",129.850234985352,-13.5061693191528,0.2,4.24,4.7,14.64,10.3,23.58,5.24,4.18,7.14
"NT","West Daly",129.902450561523,-13.4935579299927,0.2,4.25,4.94,14.42,10.14,23.28,3.67,3.08,4.67
"NT","West Daly",129.940780639648,-13.5258026123047,0.2,4.24,4.49,14.5,10.18,23.44,8.16,6.18,11.92
"NT","West Daly",130.027862548828,-13.5131816864014,0.2,4.25,4.61,14.11,9.93,22.74,6.19,4.85,8.66
"NT","West Daly",130.057388305664,-13.4979190826416,0.2,4.25,4.61,14.04,9.9,22.6,6.16,4.82,8.61
"NT","Roper Gulf",135.865219116211,-13.4958066940308,0.2,2,2.64,5.32,4.21,7.36,2.72,2.36,3.32
"QLDNorth","Aurukun",141.570724487305,-13.4818162918091,0.2,2.4,2.82,4.17,3.42,5.49,3.17,2.7,3.94
"QLDNorth","Cook",143.5888671875,-13.4853553771973,0.2,2.03,2.72,27.52,17.59,50.8,8.09,5.99,12.31
"NT","West Daly",130.10905456543,-13.4542531967163,0.2,4.25,4.41,14.16,9.98,22.79,10.09,7.44,15.28
"QLDNorth","Aurukun",141.59033203125,-13.4536457061768,0.2,2.4,2.81,4.17,3.42,5.48,3.18,2.71,3.96
"QLDNorth","Cook",143.600875854492,-13.4387683868408,0.2,2.03,2.76,28.86,18.36,53.59,7.98,5.92,12.1
"NT","West Daly",130.180389404297,-13.402871131897,0.2,4.25,4.45,14.29,10.05,23.07,9.11,6.77,13.65
"QLDNorth","Aurukun",141.609786987305,-13.3996906280518,0.2,2.4,2.88,4.14,3.4,5.45,3.03,2.6,3.74
"QLDNorth","Lockhart River",143.600570678711,-13.4083948135376,0.2,2.03,2.43,29.13,18.51,54.18,13.61,9.4,22.81
"QLDNorth","Lockhart River",143.567672729492,-13.3663196563721,0.2,2.03,2.32,28.94,18.42,53.7,18.95,12.51,33.83
"NT","East Arnhem",135.911361694336,-13.2851896286011,0.2,1.97,2.61,5.73,4.47,8.11,3.36,2.81,4.31
"NT","East Arnhem",136.093765258789,-13.2874994277954,0.2,1.92,2.4,6.85,5.25,9.91,3.52,2.95,4.53
"NT","East Arnhem",136.160675048828,-13.2757520675659,0.2,1.92,2.35,6.95,5.32,10.06,3.66,3.04,4.72
"NT","East Arnhem",136.188018798828,-13.277271270752,0.2,1.91,2.34,7.21,5.49,10.52,3.65,3.04,4.7
"NT","East Arnhem",136.379623413086,-13.2866468429565,0.2,1.92,2.55,7.03,5.37,10.21,3.37,2.82,4.31
"NT","East Arnhem",136.388229370117,-13.2718229293823,0.2,1.92,2.46,7.07,5.39,10.27,3.39,2.85,4.33
"QLDNorth","Aurukun",141.660064697266,-13.3204278945923,0.2,2.4,2.87,4.15,3.4,5.46,3.05,2.62,3.78
"QLDNorth","Lockhart River",143.526992797852,-13.2824659347534,0.2,2.02,2.78,31.08,19.65,58.11,9.28,6.75,14.51
"NT","Unincorporated NT",130.206604003906,-13.2379312515259,0.2,4.24,4.92,15.1,10.54,24.63,3.88,3.22,5.03
"NT","East Arnhem",136.249847412109,-13.2145385742188,0.2,1.89,2.42,7.77,5.84,11.52,3.65,3.03,4.73
"NT","East Arnhem",136.478103637695,-13.2370557785034,0.2,1.91,2.43,7.25,5.51,10.58,3.37,2.84,4.27
"QLDNorth","Cook",141.656646728516,-13.2088060379028,0.2,2.39,2.83,4.31,3.52,5.71,3.22,2.73,4.02
"QLDNorth","Lockhart River",143.523818969727,-13.2410411834717,0.2,2.02,2.6,31.39,19.83,58.72,13.24,9.14,22.3
"NT","Unincorporated NT",130.160278320312,-13.1823720932007,0.2,4.24,4.43,15.1,10.52,24.71,9.11,6.8,13.56
"NT","East Arnhem",136.527069091797,-13.1586847305298,0.2,1.9,2.58,7.43,5.63,10.89,3.28,2.76,4.17
"QLDNorth","Cook",141.630081176758,-13.16588306427,0.2,2.37,2.81,4.43,3.6,5.9,3.29,2.79,4.14
"NT","Unincorporated NT",130.114105224609,-13.1344156265259,0.2,4.24,4.61,15.37,10.65,25.38,5.64,4.49,7.71
"NT","East Arnhem",136.537155151367,-13.1309747695923,0.2,1.9,2.59,7.45,5.65,10.91,3.29,2.77,4.19
"QLDNorth","Cook",141.620162963867,-13.124195098877,0.2,2.37,3.04,4.52,3.66,6.04,2.95,2.54,3.64
"QLDNorth","Lockhart River",143.518127441406,-13.1592617034912,0.2,2.02,3.16,33.6,21.05,63.51,5.93,4.63,8.35
"NT","Unincorporated NT",130.114456176758,-13.0841131210327,0.2,4.24,4.63,15.61,10.78,25.9,5.38,4.31,7.29
"NT","East Arnhem",136.566558837891,-13.0734424591064,0.2,1.9,2.44,7.62,5.77,11.19,3.55,2.96,4.57
"QLDNorth","Cook",141.6103515625,-13.0873231887817,0.2,2.36,3.03,4.63,3.73,6.22,3,2.57,3.71
"QLDNorth","Lockhart River",143.515731811523,-13.0599708557129,0.2,2.02,2.99,34.33,21.44,65.23,7.48,5.68,10.93
"NT","Unincorporated NT",130.122955322266,-13.0372858047485,0.2,4.23,4.63,15.84,10.91,26.41,5.39,4.31,7.31
"NT","East Arnhem",136.57878112793,-13.0233087539673,0.2,2.49,3.03,7.78,5.87,11.47,3.76,3.11,4.9
"QLDNorth","Cook",141.586227416992,-13.0197448730469,0.2,2.33,3.9,4.93,3.94,6.71,2.19,1.97,2.54
"QLDNorth","Lockhart River",143.51904296875,-13.0131874084473,0.2,2.02,2.64,34.21,21.37,65,14.82,10.14,25.12
"NT","Unincorporated NT",130.12239074707,-12.9755773544312,0.2,4.23,4.37,16.15,11.08,27.04,11.41,8.2,17.95
"QLDNorth","Cook",141.588531494141,-12.9803609848022,0.2,2.33,3.5,4.96,3.96,6.76,2.5,2.2,2.98
"QLDNorth","Lockhart River",143.517974853516,-12.9657983779907,0.2,2.02,2.74,34.99,21.78,66.8,12.45,8.78,20.16
"NT","Unincorporated NT",130.135223388672,-12.9322748184204,0.2,4.23,4.37,15.88,10.92,26.51,11.41,8.2,17.95
"NT","East Arnhem",136.641296386719,-12.9444522857666,0.2,2.46,3.2,8.93,6.59,13.59,3.33,2.8,4.25
"QLDNorth","Cook",141.600860595703,-12.9469728469849,0.2,2.33,4.24,4.98,3.98,6.81,2.05,1.86,2.36
"QLDNorth","Lockhart River",143.529708862305,-12.8848037719727,0.2,2.02,2.89,34.76,21.69,66.09,9.47,6.99,14.39
"NT","Unincorporated NT",130.171524047852,-12.906626701355,0.2,4.24,4.61,15.59,10.74,26,5.66,4.49,7.77
"NT","Unincorporated NT",130.196426391602,-12.9086303710938,0.2,4.24,4.94,14.87,10.3,24.62,3.43,2.91,4.29
"NT","Unincorporated NT",130.296234130859,-12.9128503799438,0.2,4.24,5.28,14.84,10.27,24.6,2.69,2.36,3.23
"NT","Unincorporated NT",130.328811645508,-12.8758211135864,0.2,4.25,5.66,14,9.81,22.79,2.25,2.02,2.61
"NT","East Arnhem",136.557159423828,-12.8782138824463,0.2,2.46,3.03,8.64,6.42,13.03,3.63,3.02,4.72
"QLDNorth","Cook",141.638122558594,-12.9087953567505,0.2,2.33,3.9,4.93,3.94,6.72,2.22,1.99,2.58
"QLDNorth","Lockhart River",143.539016723633,-12.8579549789429,0.2,2.01,2.9,35.36,22.03,67.38,9.29,6.88,14.02
"NT","Unincorporated NT",130.34684753418,-12.8370552062988,0.2,4.24,5.68,14.58,10.14,24,2.23,2.01,2.59
"NT","East Arnhem",136.584808349609,-12.8217754364014,0.2,2.47,2.97,8.59,6.39,12.92,3.79,3.13,4.95
"QLDNorth","Cook",141.722412109375,-12.8567161560059,0.2,2.35,3.3,4.74,3.81,6.43,2.67,2.33,3.23
"QLDNorth","Lockhart River",143.435653686523,-12.8476600646973,0.2,2.02,3,32.3,20.48,59.88,8.04,6.06,11.87
"QLDNorth","Lockhart River",143.455703735352,-12.8457956314087,0.2,2.02,3,32.62,20.64,60.69,8.13,6.11,12.02
"QLDNorth","Lockhart River",143.529418945312,-12.8364248275757,0.2,2.02,2.8,31.91,20.21,59.37,12.08,8.57,19.4
"NT","Unincorporated NT",130.347030639648,-12.7727603912354,0.2,4.24,4.61,14.55,10.13,23.9,5.58,4.43,7.66
"NT","East Arnhem",136.627563476562,-12.7711372375488,0.2,2.44,2.9,9.96,7.23,15.52,3.97,3.27,5.22
"QLDNorth","Aurukun",141.76823425293,-12.7761564254761,0.2,2.35,3.31,4.69,3.78,6.34,2.62,2.29,3.15
"QLDNorth","Lockhart River",143.409057617188,-12.7623558044434,0.2,2.02,2.15,33.07,20.89,61.7,50.15,29.92,101.2
"NT","Unincorporated NT",130.343002319336,-12.7198734283447,0.2,4.24,5,14.59,10.16,23.98,3.29,2.81,4.09
"NT","East Arnhem",136.684844970703,-12.7146396636963,0.2,2.43,3.03,10.55,7.59,16.62,3.66,3.04,4.76
"QLDNorth","Aurukun",141.782638549805,-12.7518548965454,0.2,2.35,3.32,4.66,3.75,6.28,2.6,2.28,3.12
"QLDNorth","Cook",143.39924621582,-12.7117786407471,0.2,2.02,2.52,33.97,21.33,63.92,22.72,14.94,40.33
"NT","Unincorporated NT",130.332962036133,-12.6523551940918,0.2,4.24,4.88,14.82,10.3,24.42,3.68,3.1,4.66
"NT","East Arnhem",136.700820922852,-12.7017507553101,0.2,2.42,2.97,11.02,7.89,17.51,3.69,3.06,4.8
"QLDNorth","Cook",143.423385620117,-12.6772890090942,0.2,2.02,2.17,34.26,21.47,64.7,49.32,29.36,99.97
"NT","Unincorporated NT",130.377838134766,-12.6138553619385,0.2,4.25,4.42,13.79,9.7,22.31,8.55,6.41,12.68
"NT","Unincorporated NT",130.419662475586,-12.6096591949463,0.2,4.27,4.33,12.21,8.8,19.04,10.21,7.53,15.44
"NT","Unincorporated NT",130.484481811523,-12.6222324371338,0.2,4.27,4.33,12.37,8.91,19.3,10.32,7.6,15.63
"NT","East Arnhem",136.719665527344,-12.6018924713135,0.2,2.41,3.05,11.44,8.15,18.28,3.52,2.94,4.54
"QLDNorth","Cook",141.622665405273,-12.5852575302124,0.2,2.31,3.15,5.23,4.16,7.2,2.82,2.45,3.45
"QLDNorth","Napranum",141.674560546875,-12.5665149688721,0.2,2.31,2.97,5.2,4.13,7.16,3.16,2.7,3.95
"QLDNorth","Napranum",141.770690917969,-12.5717830657959,0.2,2.33,3.59,4.91,3.93,6.68,2.33,2.07,2.73
"QLDNorth","Napranum",141.81477355957,-12.6042404174805,0.2,2.35,3.34,4.73,3.8,6.39,2.58,2.26,3.1
"QLDNorth","Cook",143.452697753906,-12.6201343536377,0.2,2.02,2.93,33.87,21.25,63.84,8.77,6.54,13.13
"NT","Unincorporated NT",130.523040771484,-12.5665369033813,0.2,4.28,4.65,11.31,8.25,17.3,5.19,4.16,7.04
"NT","East Arnhem",136.779830932617,-12.5793428421021,0.2,2.41,3.38,12.12,8.57,19.58,3.05,2.59,3.85
"QLDNorth","Napranum",141.583908081055,-12.562424659729,0.2,2.3,3.36,5.45,4.3,7.55,2.58,2.26,3.09
"NT","Unincorporated NT",130.521713256836,-12.5568056106567,0.2,4.28,4.38,11.4,8.31,17.47,8.67,6.53,12.71
"NT","East Arnhem",136.790542602539,-12.5159950256348,0.2,2.41,3.23,12.17,8.61,19.68,3.28,2.76,4.2
"QLDNorth","Napranum",141.599563598633,-12.5275497436523,0.2,2.32,3.36,5.16,4.1,7.1,2.58,2.26,3.09
"QLDNorth","Cook",143.351959228516,-12.5580320358276,0.2,2.02,2.8,33.75,21.2,63.52,11.42,8.19,18.05
"NT","Unincorporated NT",130.579360961914,-12.4699602127075,0.2,4.28,4.86,11.35,8.26,17.42,4.07,3.37,5.29
"NT","East Arnhem",136.007431030273,-12.4501485824585,0.2,2.48,2.89,7.92,5.94,11.79,3.61,3,4.67
"NT","East Arnhem",136.043746948242,-12.4668569564819,0.2,2.48,2.89,7.94,5.95,11.81,3.62,3.01,4.68
"NT","East Arnhem",136.096862792969,-12.4541425704956,0.2,2.49,2.93,7.74,5.82,11.47,3.44,2.89,4.4
"NT","East Arnhem",136.16194152832,-12.4605350494385,0.2,2.5,2.92,7.45,5.64,10.96,3.53,2.96,4.51
"NT","East Arnhem",136.208679199219,-12.4597396850586,0.2,2.5,2.92,7.31,5.55,10.71,3.49,2.93,4.44
"NT","East Arnhem",136.842422485352,-12.4660263061523,0.2,2.4,2.87,13.02,9.14,21.21,4.21,3.43,5.61
"QLDNorth","Napranum",141.621734619141,-12.4828300476074,0.2,2.32,3.95,5.07,4.04,6.96,2.14,1.92,2.47
"QLDNorth","Cook",143.280548095703,-12.4559621810913,0.2,2.02,2.56,34.35,21.56,64.66,15.66,10.75,26.28
"NT","Unincorporated NT",130.574981689453,-12.4141578674316,0.2,4.28,4.37,11.4,8.3,17.52,8.95,6.72,13.19
"NT","Unincorporated NT",130.737930297852,-12.4244041442871,0.2,4.3,4.57,10.11,7.55,14.94,6.19,4.85,8.64
"NT","East Arnhem",136.007141113281,-12.4255781173706,0.2,2.48,2.89,7.93,5.95,11.8,3.6,2.99,4.66
"NT","East Arnhem",136.269180297852,-12.4234352111816,0.2,2.5,2.93,7.31,5.55,10.69,3.47,2.92,4.41
"NT","East Arnhem",136.891830444336,-12.411304473877,0.2,2.42,2.98,11.32,8.12,17.87,3.69,3.05,4.81
"QLDNorth","Napranum",141.647598266602,-12.4201831817627,0.2,2.32,3.89,5.1,4.06,7,2.18,1.96,2.53
"QLDNorth","Cook",143.277847290039,-12.4190196990967,0.2,2.02,2.58,34.26,21.51,64.47,14.29,9.94,23.52
"NT","Unincorporated NT",130.635986328125,-12.3838605880737,0.2,4.29,4.4,10.41,7.75,15.43,8.78,6.59,12.97
"NT","Unincorporated NT",130.667068481445,-12.3975095748901,0.2,4.3,4.39,9.85,7.4,14.42,8.22,6.3,11.73
"NT","Darwin",130.817459106445,-12.4013233184814,0.2,4.31,4.45,9.66,7.26,14.14,7.4,5.69,10.56
"NT","East Arnhem",135.99885559082,-12.3609342575073,0.2,2.47,2.76,8.22,6.14,12.31,4.24,3.46,5.65
"NT","East Arnhem",136.310104370117,-12.3572044372559,0.2,2.5,2.92,7.45,5.65,10.91,3.49,2.93,4.43
"NT","East Arnhem",136.953399658203,-12.3545627593994,0.2,2.43,3.59,10.13,7.38,15.69,2.46,2.17,2.93
"QLDNorth","Napranum",141.668304443359,-12.3724431991577,0.2,2.32,4.04,5.15,4.09,7.09,2.12,1.91,2.44
"QLDNorth","Cook",143.267303466797,-12.3943920135498,0.2,2.02,2.88,34.52,21.63,65.19,7.91,5.95,11.69
"NT","Darwin",130.900207519531,-12.3259315490723,0.2,4.29,4.38,10.64,7.89,15.86,8.17,6.3,11.54
"NT","Litchfield",130.947967529297,-12.3396530151367,0.2,4.29,4.38,10.7,7.93,15.99,8.1,6.25,11.45
"NT","Unincorporated NT",132.011322021484,-12.290732383728,0.2,4.2,4.91,21.01,13.98,36.68,4.34,3.54,5.74
"NT","East Arnhem",136.320724487305,-12.3121032714844,0.2,2.49,2.91,7.67,5.8,11.29,3.55,2.98,4.53
"NT","East Arnhem",136.937927246094,-12.3128938674927,0.2,2.43,3.37,10.67,7.72,16.66,2.73,2.38,3.31
"QLDNorth","Napranum",141.679977416992,-12.3266019821167,0.2,2.32,4.02,5.17,4.1,7.12,2.13,1.92,2.47
"QLDNorth","Cook",143.083145141602,-12.314151763916,0.2,2.02,2.18,32.35,20.46,60.26,34.92,21.7,66.85
"QLDNorth","Cook",143.162658691406,-12.3421659469604,0.2,2.02,2.7,32.88,20.72,61.58,10.53,7.6,16.52
"QLDNorth","Cook",143.197570800781,-12.3469867706299,0.2,2.02,2.51,33.77,21.2,63.61,15.21,10.51,25.29
"QLDNorth","Cook",143.218353271484,-12.3574123382568,0.2,2.02,2.51,34.02,21.35,64.09,15.55,10.69,26.04
"NT","Litchfield",130.999145507812,-12.2127170562744,0.2,4.28,4.42,11.11,8.19,16.7,8.94,6.69,13.25
"NT","Unincorporated NT",131.4208984375,-12.2685308456421,0.2,4.22,4.74,17.18,11.72,28.98,5.31,4.17,7.48
"NT","Unincorporated NT",131.472625732422,-12.2777271270752,0.2,4.23,4.74,16.61,11.4,27.76,5.26,4.14,7.37
"NT","Unincorporated NT",131.535339355469,-12.2733945846558,0.2,4.22,4.81,17.11,11.68,28.81,4.71,3.79,6.39
"NT","Unincorporated NT",131.577728271484,-12.2796277999878,0.2,4.22,4.81,18.55,12.51,31.85,4.72,3.79,6.4
"NT","Unincorporated NT",131.631881713867,-12.2783536911011,0.2,4.2,4.81,21.71,14.28,38.6,4.76,3.82,6.46
"NT","Unincorporated NT",131.682693481445,-12.2791233062744,0.2,4.2,4.83,21.88,14.38,38.95,4.61,3.72,6.2
"NT","Unincorporated NT",131.736846923828,-12.2702016830444,0.2,4.21,5.61,19.1,12.84,32.88,2.49,2.19,2.97
"NT","Unincorporated NT",131.78694152832,-12.2552947998047,0.2,4.21,5.81,19.53,13.06,33.89,2.29,2.05,2.67
"NT","Unincorporated NT",131.943099975586,-12.2689266204834,0.2,4.2,4.89,20.61,13.79,35.58,4.41,3.6,5.85
"NT","West Arnhem",132.108551025391,-12.2662086486816,0.2,4.2,4.92,21.61,14.31,37.96,4.29,3.51,5.66
"NT","East Arnhem",135.691482543945,-12.2486267089844,0.2,2.5,3.05,7.3,5.52,10.77,2.95,2.52,3.69
"NT","East Arnhem",135.742370605469,-12.2635383605957,0.2,2.49,3.04,7.61,5.73,11.28,3.02,2.57,3.78
"NT","East Arnhem",135.998382568359,-12.260082244873,0.2,2.48,2.64,7.96,5.96,11.9,5.14,4.08,7.1
"NT","East Arnhem",136.234939575195,-12.2211036682129,0.2,2.47,2.76,8.31,6.21,12.43,4.39,3.59,5.8
"NT","East Arnhem",136.256134033203,-12.2178087234497,0.2,2.47,2.89,8.24,6.17,12.31,3.71,3.09,4.77
"NT","East Arnhem",136.341003417969,-12.2645406723022,0.2,2.49,2.9,7.76,5.86,11.42,3.61,3.02,4.61
"NT","East Arnhem",136.929595947266,-12.2793607711792,0.2,2.43,3.38,10.51,7.62,16.34,2.77,2.41,3.38
"QLDNorth","Napranum",141.701065063477,-12.2661838531494,0.2,2.32,3.89,5.11,4.06,7.03,2.21,1.98,2.57
"QLDNorth","Cook",143.099166870117,-12.2576332092285,0.2,2.02,2.36,31.94,20.24,59.31,21.97,14.47,38.96
"NT","Litchfield",130.989242553711,-12.1898794174194,0.2,4.28,4.41,11.48,8.43,17.37,9.4,6.98,14.09
"NT","Unincorporated NT",131.348663330078,-12.2170190811157,0.2,4.22,4.88,18.23,12.3,31.26,4.1,3.35,5.44
"NT","Unincorporated NT",131.858276367188,-12.2237243652344,0.2,4.22,4.98,17.94,12.19,30.42,3.86,3.21,4.97
"NT","Unincorporated NT",131.896331787109,-12.2106943130493,0.2,4.21,4.95,20.09,13.46,34.72,4.07,3.35,5.3
"NT","West Arnhem",132.162353515625,-12.21364402771,0.2,4.2,4.98,21.45,14.29,37.28,4.86,3.91,6.55
"NT","East Arnhem",135.002471923828,-12.2035093307495,0.2,2.49,2.99,7.61,5.76,11.2,3.65,3.02,4.75
"NT","East Arnhem",135.035659790039,-12.2280006408691,0.2,2.51,3,7.08,5.42,10.23,3.56,2.96,4.61
"NT","East Arnhem",135.105743408203,-12.2389240264893,0.2,2.51,2.97,7.04,5.39,10.2,3.57,2.97,4.62
"NT","East Arnhem",135.218414306641,-12.1919298171997,0.2,2.48,3.06,7.82,5.9,11.53,3.42,2.86,4.4
"NT","East Arnhem",135.662689208984,-12.2106456756592,0.2,2.5,3.06,7.22,5.45,10.67,2.93,2.5,3.66
"NT","East Arnhem",135.787216186523,-12.2126140594482,0.2,2.49,3.09,7.71,5.8,11.46,2.9,2.48,3.6
"NT","East Arnhem",136.014984130859,-12.2320241928101,0.2,2.48,2.89,8.16,6.1,12.24,3.58,2.98,4.62
"NT","East Arnhem",136.150787353516,-12.1998643875122,0.2,2.46,2.9,8.6,6.39,12.98,3.73,3.11,4.82
"NT","East Arnhem",136.623153686523,-12.2152996063232,0.2,2.44,3.39,10.06,7.32,15.61,2.57,2.25,3.08
"NT","East Arnhem",136.877563476562,-12.2180404663086,0.2,2.44,3.66,9.78,7.16,14.99,2.47,2.17,2.96
"QLDNorth","Napranum",141.713638305664,-12.2316465377808,0.2,2.32,3.86,5.17,4.1,7.14,2.24,2.01,2.61
"QLDNorth","Cook",143.099227905273,-12.2135963439941,0.2,2.02,2.18,31.15,19.83,57.49,34.4,21.4,65.82
"NT","Litchfield",130.992370605469,-12.1579141616821,0.2,4.33,4.98,8.61,6.52,12.54,3.83,3.2,4.89
"NT","Litchfield",131.153396606445,-12.1661376953125,0.2,4.24,4.5,14.84,10.41,24.03,8.6,6.38,12.97
"NT","Unincorporated NT",131.233428955078,-12.1843738555908,0.2,4.24,4.31,15.53,10.85,25.24,12.17,8.8,18.89
"NT","Unincorporated NT",131.357284545898,-12.1176900863647,0.2,4.22,4.74,18.56,12.52,31.81,5.26,4.14,7.37
"NT","West Arnhem",132.228332519531,-12.1744031906128,0.2,4.19,4.37,23.75,15.59,42.17,17.14,11.54,29.65
"NT","West Arnhem",132.27033996582,-12.1444568634033,0.2,4.19,4.32,23.93,15.76,42.18,20.84,13.66,37.42
"NT","West Arnhem",132.337219238281,-12.1548480987549,0.2,4.19,4.5,24.99,16.4,44.23,12.99,9.02,21.62
"NT","West Arnhem",132.359786987305,-12.1572351455688,0.2,4.15,4.87,42.82,26.52,81.51,4.87,3.91,6.58
"NT","West Arnhem",132.430633544922,-12.1582050323486,0.2,4.16,4.76,33.49,21.35,61.37,5.92,4.63,8.29
"NT","East Arnhem",134.950958251953,-12.1458263397217,0.2,2.45,2.96,9.23,6.79,14.11,3.9,3.21,5.15
"NT","East Arnhem",135.274459838867,-12.1687259674072,0.2,2.5,2.91,7.44,5.66,10.85,3.82,3.15,4.98
"NT","East Arnhem",135.686782836914,-12.1477298736572,0.2,2.5,3.05,7.22,5.46,10.67,2.94,2.51,3.68
"NT","East Arnhem",135.699523925781,-12.1348676681519,0.2,2.5,2.86,7.28,5.5,10.78,3.56,2.96,4.62
"NT","East Arnhem",135.855804443359,-12.1677484512329,0.2,2.49,3.04,7.71,5.8,11.44,3.02,2.58,3.79
"NT","East Arnhem",135.897903442383,-12.1618242263794,0.2,2.49,3.09,7.52,5.68,11.09,2.89,2.48,3.59
"NT","East Arnhem",135.946105957031,-12.149995803833,0.2,2.49,3.14,7.62,5.75,11.25,2.83,2.43,3.5
"NT","East Arnhem",136.159606933594,-12.1591968536377,0.2,2.49,2.86,7.57,5.74,11.11,3.84,3.18,4.98
"NT","East Arnhem",136.60107421875,-12.1814622879028,0.2,2.43,3.46,10.24,7.43,15.96,2.46,2.16,2.93
"NT","East Arnhem",136.733840942383,-12.1676731109619,0.2,2.43,3.33,10.33,7.5,16.08,2.79,2.42,3.41
"NT","East Arnhem",136.786148071289,-12.1561899185181,0.2,2.45,3.09,9.3,6.84,14.24,3.39,2.86,4.29
"NT","East Arnhem",136.828033447266,-12.1474151611328,0.2,2.45,3.25,9.4,6.93,14.3,3.07,2.61,3.85
"QLDNorth","Mapoon",141.757308959961,-12.1580944061279,0.2,2.33,3.2,4.99,3.98,6.84,2.8,2.43,3.41
"QLDNorth","Cook",143.101211547852,-12.1522407531738,0.2,2.03,2.14,29.39,18.87,53.56,32.59,20.46,61.51
"NT","Unincorporated NT",131.005920410156,-12.1143760681152,0.2,4.25,4.88,13.91,9.94,21.84,4.44,3.65,5.79
"NT","Unincorporated NT",131.092559814453,-12.0813102722168,0.2,4.23,4.52,16.7,11.46,27.9,8.32,6.25,12.34
"NT","Unincorporated NT",131.246597290039,-12.1323003768921,0.2,4.23,4.49,16.02,11.15,26.18,10.23,7.39,16.06
"NT","Unincorporated NT",131.364242553711,-12.101393699646,0.2,4.21,4.71,19.13,12.87,32.93,5.29,4.17,7.37
"NT","West Arnhem",132.488006591797,-12.1299524307251,0.2,4.17,4.76,30.14,19.43,54.43,5.92,4.63,8.3
"NT","West Arnhem",132.530609130859,-12.1093482971191,0.2,4.16,4.77,36.03,22.74,66.93,5.8,4.56,8.08
"NT","East Arnhem",134.950317382812,-12.1034984588623,0.2,2.44,2.94,9.9,7.22,15.32,4.04,3.3,5.37
"NT","East Arnhem",135.318801879883,-12.110463142395,0.2,2.48,2.68,7.82,5.92,11.46,5.33,4.21,7.37
"NT","East Arnhem",135.761627197266,-12.0824356079102,0.2,2.5,2.95,7.38,5.57,10.94,3.24,2.73,4.12
"NT","East Arnhem",136.12760925293,-12.083664894104,0.2,2.48,2.92,8.02,6.02,11.89,3.61,3.02,4.64
"NT","East Arnhem",136.58869934082,-12.1013021469116,0.2,2.43,3.25,10.37,7.5,16.24,2.72,2.36,3.33
"QLDNorth","Mapoon",141.770416259766,-12.1294441223145,0.2,2.34,3.21,4.88,3.91,6.66,2.78,2.41,3.37
"QLDNorth","Cook",143.139129638672,-12.0931539535522,0.2,2.03,2.46,28.9,18.6,52.52,15.11,10.42,25.18
"NT","Unincorporated NT",131.270263671875,-12.0644159317017,0.2,4.23,4.95,16.99,11.77,27.87,4.45,3.61,5.95
"NT","Unincorporated NT",131.307174682617,-12.0514507293701,0.2,4.2,4.9,20.66,13.79,35.9,4.24,3.44,5.7
"NT","West Arnhem",132.623382568359,-12.0515365600586,0.2,4.18,4.3,28.44,18.62,50.16,19.08,12.8,32.95
"NT","West Arnhem",134.370147705078,-12.0470180511475,0.2,2.39,3.55,13.64,9.45,22.73,2.66,2.3,3.29
"NT","West Arnhem",134.421295166016,-12.060338973999,0.2,2.4,2.95,13,9.07,21.47,3.94,3.22,5.24
"NT","West Arnhem",134.468276977539,-12.0629529953003,0.2,2.4,2.95,12.4,8.7,20.3,3.91,3.2,5.19
"NT","West Arnhem",134.524398803711,-12.0610952377319,0.2,2.41,3.25,11.86,8.37,19.28,3.15,2.66,4.01
"NT","West Arnhem",134.58024597168,-12.052583694458,0.2,2.41,3.24,11.58,8.19,18.74,3.2,2.7,4.08
"NT","East Arnhem",135.373519897461,-12.0797023773193,0.2,2.48,2.68,7.82,5.93,11.44,5.36,4.24,7.42
"NT","East Arnhem",135.420715332031,-12.078875541687,0.2,2.48,2.71,8.03,6.05,11.87,5.09,4.05,6.97
"NT","East Arnhem",135.498672485352,-12.0264129638672,0.2,2.47,2.85,8.19,6.15,12.12,4.19,3.44,5.5
"NT","East Arnhem",135.816177368164,-12.0222206115723,0.2,2.5,2.74,7.45,5.62,11.03,4.27,3.46,5.74
"NT","East Arnhem",136.111434936523,-12.0630779266357,0.2,2.46,2.98,8.94,6.59,13.65,3.47,2.91,4.42
"NT","East Arnhem",136.56086730957,-12.0609130859375,0.2,2.43,3.45,10.17,7.37,15.88,2.45,2.15,2.95
"QLDNorth","Mapoon",141.803771972656,-12.0563097000122,0.2,2.34,3.24,4.78,3.84,6.5,2.73,2.38,3.3
"QLDNorth","Cook",143.156799316406,-12.0544710159302,0.2,2.03,2.16,28.87,18.58,52.49,30.84,19.5,57.69
"NT","West Arnhem",132.620742797852,-11.9969520568848,0.2,4.19,4.31,24.88,16.42,43.58,18.8,12.61,32.54
"NT","West Arnhem",134.184463500977,-11.9982357025146,0.2,2.38,2.88,14.44,9.91,24.36,4.49,3.59,6.2
"NT","West Arnhem",134.250152587891,-12.0107345581055,0.2,2.38,2.64,14.4,9.88,24.32,6.6,4.99,9.83
"NT","West Arnhem",134.316650390625,-12.0093860626221,0.2,2.38,2.66,14.42,9.93,24.22,6.16,4.74,8.91
"NT","West Arnhem",134.649963378906,-12.0148496627808,0.2,2.41,3.29,11.85,8.35,19.31,3.14,2.66,3.98
"NT","East Arnhem",134.843780517578,-12.0023307800293,0.2,2.4,3.25,12.39,8.76,20,3.1,2.64,3.86
"NT","East Arnhem",134.901092529297,-12.0129470825195,0.2,2.41,2.86,11.45,8.19,18.17,4.19,3.45,5.49
"NT","East Arnhem",135.511871337891,-12.0182876586914,0.2,2.47,2.85,8.19,6.15,12.12,4.2,3.45,5.52
"NT","East Arnhem",135.835510253906,-12.0029325485229,0.2,2.49,2.74,7.54,5.68,11.2,4.27,3.46,5.73
"NT","East Arnhem",136.157913208008,-12.0233201980591,0.2,2.49,2.86,7.57,5.74,11.09,3.84,3.18,4.99
"NT","East Arnhem",136.545349121094,-12.0239019393921,0.2,2.43,3.14,10.15,7.35,15.88,2.96,2.52,3.72
"QLDNorth","Mapoon",141.819412231445,-12.0283946990967,0.2,2.35,3.16,4.7,3.78,6.36,2.84,2.47,3.45
"QLDNorth","Cook",143.176895141602,-12.0172853469849,0.2,2.03,2.09,28.55,18.38,51.89,33.72,21.2,63.34
"NT","Tiwi Islands",130.948303222656,-11.9423351287842,0.2,4.24,4.34,14.97,10.63,23.7,13.84,9.77,22.22
"NT","Tiwi Islands",130.982147216797,-11.933723449707,0.2,4.22,4.65,17.87,12.16,30.26,6.2,4.82,8.78
"NT","West Arnhem",132.631072998047,-11.9484176635742,0.2,4.18,4.3,26.21,17.2,46.21,18.82,12.69,32.23
"NT","West Arnhem",134.210144042969,-11.9517621994019,0.2,2.37,2.95,15.72,10.74,26.63,4.25,3.42,5.8
"NT","West Arnhem",134.68896484375,-11.9589719772339,0.2,2.39,3.09,13.5,9.39,22.32,3.64,3.02,4.72
"NT","West Arnhem",134.740509033203,-11.9548368453979,0.2,2.39,2.94,13.39,9.33,22.11,4,3.29,5.25
"NT","East Arnhem",134.776611328125,-11.9581813812256,0.2,2.38,2.98,14.21,9.84,23.6,3.85,3.19,5
"NT","East Arnhem",135.581314086914,-11.9595603942871,0.2,2.47,3.14,8.44,6.33,12.52,3.1,2.66,3.84
"NT","East Arnhem",135.61979675293,-11.9580116271973,0.2,2.47,3.03,8.27,6.23,12.2,3.34,2.83,4.2
"NT","East Arnhem",136.275833129883,-11.9708499908447,0.2,2.47,2.91,8.39,6.27,12.51,3.86,3.19,5.01
"NT","East Arnhem",136.313903808594,-11.9524831771851,0.2,2.46,2.79,8.69,6.46,13.04,4.46,3.63,5.95
"NT","East Arnhem",136.343872070312,-11.947639465332,0.2,2.46,2.72,9.01,6.67,13.64,4.84,3.9,6.54
"NT","East Arnhem",136.528594970703,-11.9510841369629,0.2,2.43,2.94,10.15,7.34,15.91,3.61,2.98,4.74
"QLDNorth","Mapoon",141.865600585938,-11.9639463424683,0.2,2.37,2.97,4.52,3.66,6.06,3.01,2.6,3.7
"QLDNorth","Mapoon",141.897277832031,-11.9500980377197,0.2,2.38,3,4.38,3.56,5.85,2.91,2.52,3.55
"QLDNorth","Cook",143.157455444336,-11.9466142654419,0.2,2.02,2.33,32.02,20.21,59.87,18.22,12.32,31.12
"NT","Tiwi Islands",130.504669189453,-11.8403720855713,0.2,4.26,4.39,12.74,9.14,19.98,8.9,6.69,13.11
"NT","Tiwi Islands",130.807876586914,-11.8504104614258,0.2,4.31,4.4,9.69,7.3,14.11,7.96,6.15,11.22
"NT","Tiwi Islands",130.874359130859,-11.8713722229004,0.2,4.3,4.39,10.17,7.61,14.97,8.52,6.52,12.14
"NT","Tiwi Islands",130.89582824707,-11.8893566131592,0.2,4.29,4.43,10.34,7.72,15.28,7.85,6.05,11.11
"NT","Tiwi Islands",131.043060302734,-11.8865613937378,0.2,4.23,4.41,16.57,11.37,27.75,10.19,7.46,15.59
"NT","West Arnhem",132.639907836914,-11.9028997421265,0.2,4.18,4.3,26.26,17.18,46.57,17.72,12.07,29.92
"NT","West Arnhem",133.896774291992,-11.9072465896606,0.2,2.39,2.79,13.74,9.63,22.39,5.25,4.11,7.41
"NT","West Arnhem",133.951324462891,-11.9031887054443,0.2,2.38,3.29,14.23,9.93,23.33,3.29,2.75,4.25
"NT","West Arnhem",134.137069702148,-11.9051790237427,0.2,2.36,3.21,16.96,11.51,28.93,3.46,2.87,4.51
"NT","East Arnhem",135.756454467773,-11.911205291748,0.2,2.47,2.78,8.22,6.2,12.08,4.44,3.62,5.88
"NT","East Arnhem",135.790130615234,-11.9003629684448,0.2,2.48,2.88,8.14,6.14,11.96,3.82,3.18,4.91
"NT","East Arnhem",136.375,-11.9009981155396,0.2,2.45,3.28,9.14,6.76,13.83,3.08,2.62,3.86
"NT","East Arnhem",136.528915405273,-11.9165210723877,0.2,2.43,2.81,10.24,7.44,15.91,4.49,3.64,6.01
"QLDNorth","Mapoon",141.884399414062,-11.946722984314,0.2,2.37,2.99,4.44,3.6,5.94,2.95,2.55,3.6
"QLDNorth","Cook",142.948287963867,-11.8973693847656,0.2,2.02,2.32,32.06,20.06,60.94,16.61,11.42,27.68
"QLDNorth","Cook",142.998092651367,-11.9294691085815,0.2,2.02,2.4,32.31,20.2,61.46,15.46,10.72,25.51
"QLDNorth","Cook",143.058807373047,-11.9179401397705,0.2,2.02,2.37,33.93,21.11,64.99,16.33,11.24,27.15
"QLDNorth","Cook",143.106872558594,-11.8990879058838,0.2,2.02,2.33,33.33,20.87,63.16,18.98,12.81,32.44
"NT","Tiwi Islands",130.048980712891,-11.8261213302612,0.2,4.21,4.98,19.69,13.37,33.21,3.98,3.29,5.16
"NT","Tiwi Islands",130.108581542969,-11.8302373886108,0.2,4.22,4.53,18.27,12.45,30.76,7.8,5.9,11.46
"NT","Tiwi Islands",130.145629882812,-11.8264837265015,0.2,4.2,4.44,20.59,13.76,35.69,9.9,7.26,15.18
"NT","Tiwi Islands",130.204071044922,-11.8116674423218,0.2,4.23,4.41,16.66,11.43,27.85,10.15,7.43,15.54
"NT","Tiwi Islands",130.259338378906,-11.7950744628906,0.2,4.23,4.41,16.36,11.24,27.32,9.43,6.99,14.18
"NT","Tiwi Islands",130.300674438477,-11.7818832397461,0.2,4.23,4.38,16.05,11.06,26.7,10.41,7.62,15.92
"NT","Tiwi Islands",130.386657714844,-11.8054189682007,0.2,4.24,4.37,15.18,10.56,24.91,10.3,7.58,15.64
"NT","Tiwi Islands",130.427810668945,-11.8165292739868,0.2,4.25,4.38,14.32,10.05,23.17,9.45,7.04,14.09
"NT","Tiwi Islands",130.578720092773,-11.8289165496826,0.2,4.27,4.39,11.83,8.6,18.21,8.56,6.48,12.45
"NT","Tiwi Islands",130.612777709961,-11.8281364440918,0.2,4.29,4.41,10.82,7.97,16.32,7.7,5.93,10.93
"NT","Tiwi Islands",130.671371459961,-11.8170099258423,0.2,4.3,4.81,10.04,7.49,14.86,4.46,3.63,5.93
"NT","Tiwi Islands",130.750625610352,-11.8247766494751,0.2,4.3,4.41,10.07,7.51,14.89,7.6,5.89,10.69
"NT","Tiwi Islands",131.106369018555,-11.8367681503296,0.2,4.22,4.26,17.09,11.71,28.61,15.21,10.56,25.02
"NT","Tiwi Islands",131.143173217773,-11.8116655349731,0.2,4.24,4.27,15.56,10.82,25.5,13.97,9.84,22.5
"NT","West Arnhem",132.636825561523,-11.8432168960571,0.2,4.17,4.83,30.02,19.22,54.93,4.79,3.9,6.31
"NT","West Arnhem",133.895065307617,-11.8185167312622,0.2,2.39,2.73,13.54,9.49,22.06,5.81,4.48,8.39
"NT","West Arnhem",134.007934570312,-11.8538293838501,0.2,2.38,2.71,14.47,10.1,23.67,6.28,4.79,9.22
"NT","West Arnhem",134.056777954102,-11.8575630187988,0.2,2.37,2.7,15.63,10.78,26,6.38,4.85,9.39
"NT","West Arnhem",134.068252563477,-11.8719110488892,0.2,2.37,2.7,16,10.99,26.8,6.3,4.8,9.26
"NT","East Arnhem",136.417495727539,-11.8494110107422,0.2,2.43,3.44,10.14,7.38,15.7,2.82,2.43,3.47
"NT","East Arnhem",136.486282348633,-11.8582954406738,0.2,2.45,2.94,9.46,6.91,14.62,3.5,2.9,4.56
"QLDNorth","Cook",141.949020385742,-11.8594808578491,0.2,2.37,2.88,4.45,3.61,5.97,3.11,2.67,3.83
"QLDNorth","Cook",142.928421020508,-11.8899345397949,0.2,2.02,2.32,31.89,19.95,60.67,16.13,11.13,26.73
"NT","Tiwi Islands",130.022125244141,-11.793194770813,0.2,4.2,5.59,20.75,14,35.31,2.53,2.24,3
"NT","Tiwi Islands",131.195007324219,-11.7888441085815,0.2,4.22,4.27,17.29,11.86,28.87,16.93,11.5,28.81
"NT","Tiwi Islands",131.240982055664,-11.7524433135986,0.2,4.22,4.25,18.19,12.35,30.83,18.34,12.3,31.77
"NT","West Arnhem",132.578628540039,-11.7922096252441,0.2,4.19,4.82,23.42,15.63,40.35,4.8,3.92,6.33
"NT","West Arnhem",133.577560424805,-11.8029184341431,0.2,4.21,4.84,19.55,13.08,33.9,4.89,3.88,6.75
"NT","West Arnhem",133.653747558594,-11.8069162368774,0.2,4.21,4.93,19.81,13.21,34.52,4.28,3.46,5.78
"NT","West Arnhem",133.939819335938,-11.7774648666382,0.2,2.38,2.76,14.53,10.15,23.72,5.64,4.37,8.1
"QLDNorth","Cook",141.964004516602,-11.8045377731323,0.2,2.37,2.87,4.52,3.65,6.08,3.13,2.68,3.86
"QLDNorth","Cook",142.860336303711,-11.7837772369385,0.2,2.02,2.3,31.87,20,60.3,17.78,12.16,29.8
"NT","Tiwi Islands",130.024185180664,-11.762095451355,0.2,4.19,4.75,23.82,15.53,42.79,4.88,3.93,6.57
"NT","Tiwi Islands",131.293151855469,-11.7301988601685,0.2,4.21,4.26,19.86,13.3,34.34,18.49,12.36,32.24
"NT","West Arnhem",132.543960571289,-11.7247705459595,0.2,4.19,4.82,23.29,15.54,40.14,4.73,3.87,6.21
"NT","West Arnhem",133.370880126953,-11.7535991668701,0.2,4.2,4.66,20.53,13.68,35.73,6.17,4.75,8.92
"NT","West Arnhem",133.417953491211,-11.7414617538452,0.2,4.2,4.36,21.31,14.09,37.58,13.14,9.06,22.18
"NT","West Arnhem",133.479400634766,-11.77942943573,0.2,4.2,4.56,20.7,13.74,36.31,7.45,5.59,11.12
"NT","West Arnhem",133.531616210938,-11.7553157806396,0.2,4.2,4.37,20.73,13.76,36.36,12.54,8.68,21.08
"NT","West Arnhem",133.672592163086,-11.7725067138672,0.2,4.21,4.74,19.48,13.05,33.72,5.48,4.26,7.82
"NT","West Arnhem",133.738784790039,-11.7747716903687,0.2,2.35,2.91,18.78,12.65,32.27,5.12,4.02,7.24
"NT","West Arnhem",133.928909301758,-11.7508583068848,0.2,2.39,3.01,13.73,9.7,22.05,4.21,3.39,5.72
"QLDNorth","Cook",141.98078918457,-11.7673273086548,0.2,2.36,2.87,4.55,3.68,6.13,3.14,2.69,3.88
"QLDNorth","Cook",142.865814208984,-11.7535581588745,0.2,2.33,2.67,31.5,19.82,59.37,15.06,10.55,24.4
"NT","Tiwi Islands",130.065078735352,-11.6915130615234,0.2,4.19,5.27,24.69,15.94,45.04,3.01,2.6,3.68
"NT","Tiwi Islands",131.341598510742,-11.6812562942505,0.2,4.21,4.59,20.49,13.65,35.74,6.78,5.13,10.02
"NT","West Arnhem",132.489288330078,-11.6818885803223,0.2,4.2,4.3,22.69,15.16,39.07,16.6,11.48,27.38
"NT","West Arnhem",133.152313232422,-11.6975011825562,0.2,4.24,4.51,15.03,10.62,24,7.04,5.37,10.27
"NT","West Arnhem",133.199630737305,-11.7201299667358,0.2,4.24,4.66,15.32,10.78,24.61,5.5,4.33,7.65
"NT","West Arnhem",133.273788452148,-11.7158880233765,0.2,4.24,4.98,15.61,10.95,25.18,3.9,3.22,5.08
"NT","West Arnhem",133.319244384766,-11.6946496963501,0.2,4.23,4.8,15.78,11.07,25.41,4.62,3.7,6.3
"NT","West Arnhem",133.797073364258,-11.7242794036865,0.2,2.36,3.62,17.03,11.63,28.67,2.89,2.48,3.59
"NT","West Arnhem",133.842254638672,-11.7227993011475,0.2,2.38,3.62,14.91,10.39,24.4,2.86,2.45,3.54
"NT","West Arnhem",133.917892456055,-11.7371520996094,0.2,2.38,3.02,14.09,9.92,22.75,4.47,3.57,6.15
"NT","East Arnhem",136.2080078125,-11.6966419219971,0.2,2.46,2.82,8.61,6.41,12.96,4.26,3.46,5.69
"NT","East Arnhem",136.257858276367,-11.6989812850952,0.2,2.44,3.2,10.07,7.34,15.57,3.22,2.72,4.06
"QLDNorth","Cook",142.005126953125,-11.7086973190308,0.2,2.36,2.88,4.64,3.73,6.28,3.18,2.72,3.93
"QLDNorth","Cook",142.867462158203,-11.6918067932129,0.2,2.34,2.68,30.67,19.39,57.38,14.57,10.23,23.58
"NT","Tiwi Islands",130.095092773438,-11.669285774231,0.2,4.19,4.96,23.14,15.04,41.91,3.79,3.16,4.86
"NT","Tiwi Islands",130.187530517578,-11.6419429779053,0.2,4.19,4.59,23.02,14.95,41.79,6.48,5.01,9.25
"NT","Tiwi Islands",131.36328125,-11.63694190979,0.2,4.2,4.57,21.69,14.32,38.3,7.27,5.45,10.91
"NT","Tiwi Islands",131.425994873047,-11.6168279647827,0.2,4.19,4.28,23.3,15.25,41.62,17.62,11.87,30.37
"NT","West Arnhem",132.486053466797,-11.6637868881226,0.2,4.19,4.3,24.42,16.15,42.66,17.21,11.84,28.61
"NT","West Arnhem",133.131576538086,-11.656457901001,0.2,4.24,4.56,14.93,10.56,23.77,6.32,4.91,8.97
"NT","East Arnhem",136.146011352539,-11.65256690979,0.2,2.43,2.89,10.52,7.63,16.36,4.28,3.5,5.65
"NT","East Arnhem",136.329177856445,-11.6450710296631,0.2,2.43,3.26,10.47,7.6,16.27,3,2.56,3.75
"QLDNorth","Cook",142.021499633789,-11.6523866653442,0.2,2.35,2.75,4.69,3.77,6.36,3.47,2.93,4.38
"QLDNorth","Cook",142.864364624023,-11.6457834243774,0.2,2.34,2.71,29.08,18.56,53.62,11.76,8.46,18.42
"NT","Tiwi Islands",130.177734375,-11.5661220550537,0.2,4.2,4.37,22.34,14.59,40.18,14.36,9.83,24.41
"NT","Tiwi Islands",131.474838256836,-11.591402053833,0.2,4.2,4.54,21.66,14.33,38.09,7.11,5.38,10.5
"NT","West Arnhem",132.535293579102,-11.5826101303101,0.2,4.17,4.79,29.63,19.27,52.76,4.88,3.97,6.47
"NT","West Arnhem",133.107482910156,-11.6077547073364,0.2,4.24,4.58,15.13,10.69,24.16,6.37,4.95,9.02
"NT","East Arnhem",136.166854858398,-11.6174325942993,0.2,2.44,3.06,9.82,7.25,14.82,3.58,3.01,4.55
"NT","East Arnhem",136.295028686523,-11.5613565444946,0.2,2.43,2.61,10.35,7.6,15.75,6.32,4.93,8.86
"QLDNorth","Cook",142.02815246582,-11.6156911849976,0.2,2.76,3.12,4.72,3.79,6.4,3.63,3.05,4.63
"QLDNorth","Cook",142.85791015625,-11.5837736129761,0.2,2.34,2.78,27.76,17.85,50.61,10,7.35,15.24
"NT","Tiwi Islands",130.175399780273,-11.5458192825317,0.2,4.19,4.8,23.93,15.45,43.76,4.56,3.7,6.07
"NT","Tiwi Islands",131.528823852539,-11.4797439575195,0.2,4.2,4.56,21.23,14.12,37.02,7.09,5.38,10.4
"NT","West Arnhem",132.061462402344,-11.5261945724487,0.2,4.18,4.38,27.64,17.83,50.16,12.92,9.24,20.37
"NT","West Arnhem",132.103866577148,-11.5351600646973,0.2,4.18,4.28,25.7,16.78,45.82,20.81,13.91,35.97
"NT","West Arnhem",132.143127441406,-11.5230531692505,0.2,4.19,4.28,23.74,15.52,42.46,17,11.67,28.36
"NT","West Arnhem",132.500518798828,-11.5184679031372,0.2,4.19,4.48,24.55,16.35,42.33,9.75,7.22,14.65
"NT","West Arnhem",132.523147583008,-11.5400514602661,0.2,4.19,4.48,24.66,16.47,42.3,9.54,7.09,14.26
"NT","West Arnhem",133.083114624023,-11.5242862701416,0.2,4.24,4.62,14.97,10.58,23.85,6.24,4.87,8.77
"NT","East Arnhem",136.244705200195,-11.5727081298828,0.2,2.43,3.56,10.3,7.57,15.66,2.8,2.43,3.4
"QLDNorth","Cook",142.047119140625,-11.5551748275757,0.2,2.76,3.11,4.76,3.82,6.46,3.68,3.08,4.7
"QLDNorth","Cook",142.848205566406,-11.5669078826904,0.2,2.35,2.87,27.29,17.61,49.52,8.68,6.5,12.86
"NT","Tiwi Islands",130.161422729492,-11.4907732009888,0.2,4.19,4.87,23.47,15.22,42.64,4.29,3.51,5.64
"NT","West Arnhem",132.029327392578,-11.4781379699707,0.2,4.17,4.53,29.13,18.63,53.52,8.46,6.38,12.39
"NT","West Arnhem",132.208831787109,-11.4825410842896,0.2,4.17,4.25,30.11,19.28,55.08,20.24,13.68,34.4
"NT","West Arnhem",132.270492553711,-11.4668083190918,0.2,4.18,4.46,28.28,18.32,50.84,10.5,7.72,15.93
"NT","West Arnhem",132.31298828125,-11.4683017730713,0.2,4.18,4.42,27.68,18.01,49.43,11.41,8.32,17.47
"NT","West Arnhem",132.383819580078,-11.4549140930176,0.2,4.18,4.31,26.08,17.13,45.94,16.03,11.21,25.95
"NT","West Arnhem",132.426971435547,-11.4597721099854,0.2,4.18,4.3,26.13,17.22,45.74,17.03,11.76,28.1
"NT","West Arnhem",133.073486328125,-11.5122003555298,0.2,4.24,4.63,14.99,10.6,23.89,6.21,4.85,8.71
"QLDNorth","Cook",142.073867797852,-11.4911956787109,0.2,2.75,3.15,4.84,3.87,6.6,3.56,3,4.51
"QLDNorth","Cook",142.845962524414,-11.4972276687622,0.2,2.35,2.91,25.1,16.44,44.57,8.25,6.23,12.1
"NT","Tiwi Islands",130.16975402832,-11.4444332122803,0.2,4.17,5.81,30.05,18.73,57.83,2.4,2.13,2.82
"NT","Tiwi Islands",131.536544799805,-11.436595916748,0.2,4.2,4.65,22.02,14.58,38.62,5.94,4.65,8.34
"NT","West Arnhem",131.9990234375,-11.4327774047852,0.2,4.17,4.69,29.62,18.91,54.57,5.97,4.71,8.23
"NT","West Arnhem",132.640228271484,-11.4434223175049,0.2,4.22,4.78,18.62,12.81,30.81,6.92,5.32,9.92
"NT","West Arnhem",132.780090332031,-11.4485273361206,0.2,4.21,4.74,19.78,13.51,32.97,5.65,4.45,7.83
"NT","West Arnhem",133.023818969727,-11.4552783966064,0.2,4.24,4.77,14.85,10.51,23.63,6.54,5.04,9.41
"QLDNorth","Cook",142.083679199219,-11.4627676010132,0.2,2.75,3.15,4.88,3.9,6.67,3.57,3,4.52
"QLDNorth","Cook",142.857482910156,-11.4085350036621,0.2,2.36,2.77,23.78,15.68,41.83,11.05,8.03,17.06
"NT","Tiwi Islands",130.230453491211,-11.3935594558716,0.2,4.17,5.84,31.01,19.52,58.44,2.34,2.09,2.74
"NT","Tiwi Islands",131.521224975586,-11.3907089233398,0.2,4.2,5.23,20.57,13.71,35.8,3.33,2.81,4.21
"NT","West Arnhem",131.914978027344,-11.3621482849121,0.2,4.18,4.77,27.82,17.89,50.75,5.18,4.15,7.01
"NT","West Arnhem",131.947036743164,-11.3853130340576,0.2,4.18,4.77,27.78,17.83,50.86,5.15,4.13,6.95
"NT","West Arnhem",132.613983154297,-11.3998851776123,0.2,4.21,4.66,18.67,12.79,31.11,7.3,5.59,10.5
"NT","West Arnhem",132.787384033203,-11.3777360916138,0.2,4.22,4.81,18.52,12.76,30.53,5.44,4.3,7.53
"NT","West Arnhem",132.997406005859,-11.4216756820679,0.2,4.24,4.69,15.33,10.79,24.57,6.69,5.18,9.51
"NT","East Arnhem",136.597122192383,-11.4216785430908,0.2,2.42,3.14,10.81,7.77,17.04,3.31,2.79,4.2
"NT","East Arnhem",136.640731811523,-11.3713369369507,0.2,2.43,3.19,10.67,7.71,16.69,3.48,2.9,4.5
"QLDNorth","Cook",142.103149414062,-11.401725769043,0.2,2.74,2.97,4.96,3.95,6.8,4.08,3.36,5.33
"QLDNorth","Cook",142.872909545898,-11.3809547424316,0.2,2.36,2.95,23.52,15.5,41.46,8.39,6.35,12.24
"NT","Tiwi Islands",130.261825561523,-11.3385334014893,0.2,4.17,5.14,31.04,19.38,59.41,3.44,2.91,4.34
"NT","Tiwi Islands",130.316619873047,-11.3294315338135,0.2,4.17,4.89,29.87,18.66,57.24,4.13,3.4,5.39
"NT","Tiwi Islands",130.640731811523,-11.3504152297974,0.2,4.17,4.72,28.68,18.42,52.3,6.19,4.78,8.87
"NT","Tiwi Islands",130.66682434082,-11.3222599029541,0.2,4.18,4.94,27.75,17.92,50.22,4.6,3.7,6.23
"NT","Tiwi Islands",130.746994018555,-11.371994972229,0.2,4.18,4.74,27.28,17.7,49.01,5.94,4.61,8.47
"NT","Tiwi Islands",130.799591064453,-11.3583660125732,0.2,4.18,4.84,26.21,17.14,46.55,4.91,3.92,6.73
"NT","Tiwi Islands",130.853012084961,-11.3462705612183,0.2,4.18,4.72,25.49,16.75,44.92,5.81,4.53,8.23
"NT","Tiwi Islands",131.466506958008,-11.3359422683716,0.2,4.19,4.88,22.73,14.9,40.53,4.83,3.87,6.55
"NT","West Arnhem",131.836776733398,-11.317587852478,0.2,4.18,4.77,25.61,16.69,45.79,5.67,4.49,7.78
"NT","West Arnhem",132.599029541016,-11.3259267807007,0.2,4.21,4.61,18.94,12.94,31.68,7.17,5.51,10.25
"NT","West Arnhem",132.863540649414,-11.3349733352661,0.2,4.22,4.61,17.59,12.24,28.6,6.9,5.35,9.75
"NT","West Arnhem",132.894546508789,-11.3347940444946,0.2,4.22,4.61,17.59,12.19,28.76,6.83,5.29,9.65
"NT","West Arnhem",132.923782348633,-11.3376379013062,0.2,4.23,4.72,16.41,11.45,26.65,6.86,5.28,9.86
"NT","East Arnhem",136.546264648438,-11.3306303024292,0.2,2.45,2.96,9.1,6.8,13.51,4.01,3.32,5.21
"NT","East Arnhem",136.668273925781,-11.3229780197144,0.2,2.41,2.76,11.77,8.41,18.69,5.07,4.03,7.01
"QLDNorth","Cook",142.11637878418,-11.3324689865112,0.2,2.58,2.92,5.03,4,6.92,3.78,3.15,4.85
"QLDNorth","Cook",142.866561889648,-11.3505191802979,0.2,2.36,2.83,22.04,14.62,38.5,10.32,7.59,15.64
"NT","Tiwi Islands",130.331573486328,-11.3181953430176,0.2,4.17,4.89,30.47,19,58.55,4.12,3.4,5.38
"NT","Tiwi Islands",130.604202270508,-11.2962017059326,0.2,4.18,4.65,27.77,17.93,50.25,7.2,5.46,10.58
"NT","Tiwi Islands",130.89421081543,-11.3064479827881,0.2,4.19,5.03,24.94,16.48,43.59,4.06,3.33,5.35
"NT","Tiwi Islands",130.929824829102,-11.3132572174072,0.2,4.19,4.63,24.61,16.29,42.88,7.28,5.49,10.78
"NT","Tiwi Islands",131.039672851562,-11.3159465789795,0.2,4.18,5.2,25.78,16.96,45.32,3.49,2.93,4.46
"NT","Tiwi Islands",131.068801879883,-11.3014717102051,0.2,4.18,5.21,26.65,17.44,47.2,3.44,2.9,4.38
"NT","Tiwi Islands",131.445999145508,-11.2863349914551,0.2,4.2,5.42,21.33,14.16,37.34,3.06,2.63,3.79
"NT","West Arnhem",131.79248046875,-11.2772884368896,0.2,4.19,6.05,23.24,15.22,41.49,2.13,1.93,2.45
"NT","West Arnhem",132.623947143555,-11.2838859558105,0.2,4.21,5,19.41,13.23,32.57,5.28,4.18,7.31
"NT","East Arnhem",136.548950195312,-11.2743463516235,0.2,2.39,3.41,14.04,9.91,22.52,3.02,2.6,3.72
"NT","East Arnhem",136.685302734375,-11.2800846099854,0.2,2.42,3.08,11.38,8.15,18,4.15,3.37,5.57
"QLDNorth","Cook",142.119735717773,-11.2773599624634,0.2,2.58,2.91,5.06,4.02,6.96,3.82,3.18,4.92
"QLDNorth","Cook",142.825485229492,-11.2893285751343,0.2,2.37,2.95,20.55,13.75,35.53,8.33,6.34,12.05
"NT","Tiwi Islands",130.358932495117,-11.2424116134644,0.2,4.17,5.03,30.54,19.1,58.34,3.71,3.1,4.74
"NT","Tiwi Islands",130.491439819336,-11.2524118423462,0.2,4.18,5.28,27.55,17.75,50.1,3.86,3.19,5.05
"NT","Tiwi Islands",130.565307617188,-11.2675523757935,0.2,4.18,4.58,26.88,17.43,48.43,8.57,6.36,12.92
"NT","Tiwi Islands",131.117950439453,-11.2520942687988,0.2,4.18,4.92,27,17.64,47.94,4.63,3.74,6.24
"NT","Tiwi Islands",131.151779174805,-11.246729850769,0.2,4.17,5.13,28.62,18.52,51.56,3.79,3.15,4.9
"NT","Tiwi Islands",131.356216430664,-11.2465591430664,0.2,4.18,5.19,26.12,16.99,46.86,4.08,3.36,5.36
"NT","Tiwi Islands",131.412414550781,-11.2522840499878,0.2,4.21,5.44,19.71,13.29,33.68,3.27,2.77,4.1
"NT","West Arnhem",131.811859130859,-11.2258338928223,0.2,4.18,4.62,26,16.75,47.46,7.19,5.45,10.59
"NT","West Arnhem",132.621826171875,-11.2328500747681,0.2,4.21,4.5,19.21,13.13,32.06,7.68,5.85,11.14
NA,"East Arnhem",136.545593261719,-11.2220897674561,0.2,2.38,3.55,14.6,10.27,23.55,2.87,2.49,3.51
"NT","East Arnhem",136.631530761719,-11.1951751708984,0.2,2.44,3,9.62,7.15,14.38,4.14,3.41,5.41
"QLDNorth","Cook",142.114303588867,-11.2349643707275,0.2,2.58,3.2,5.08,4.04,6.99,3.15,2.7,3.89
"QLDNorth","Cook",142.792556762695,-11.2303142547607,0.2,2.37,2.91,20.46,13.69,35.37,8.76,6.63,12.76
"NT","Tiwi Islands",130.368423461914,-11.1777906417847,0.2,4.19,5.01,23.88,15.78,41.82,3.81,3.17,4.89
"NT","Tiwi Islands",130.446243286133,-11.1971912384033,0.2,4.18,5.35,26.84,17.32,48.76,3.71,3.08,4.79
"NT","Tiwi Islands",131.247192382812,-11.1940431594849,0.2,4.17,5.41,31.59,20.26,57.49,3.11,2.66,3.83
"NT","Tiwi Islands",131.261795043945,-11.1898603439331,0.2,4.17,5.85,29.66,19.12,53.65,2.5,2.21,2.96
"NT","Tiwi Islands",131.299652099609,-11.2015371322632,0.2,4.18,5.29,27.29,17.64,49.36,3.73,3.11,4.81
"NT","West Arnhem",131.825469970703,-11.2042093276978,0.2,4.18,6.36,27.43,17.46,51.04,1.99,1.81,2.27
"NT","West Arnhem",131.895614624023,-11.1854572296143,0.2,4.19,6.03,23.4,15.31,41.8,2.16,1.94,2.49
"NT","West Arnhem",131.960083007812,-11.1784086227417,0.2,4.19,5.78,23.83,15.58,42.56,2.34,2.08,2.75
"NT","West Arnhem",132.432769775391,-11.2089195251465,0.2,4.2,4.87,21.77,14.51,37.77,4.67,3.74,6.36
"NT","West Arnhem",132.481201171875,-11.1749544143677,0.2,4.2,4.69,21.88,14.56,38.05,5.56,4.34,7.89
"NT","West Arnhem",132.62825012207,-11.178165435791,0.2,4.2,4.61,21.53,14.47,36.8,6.67,5.15,9.52
"QLDNorth","Northern Peninsula Area",142.139755249023,-11.1726818084717,0.2,2.59,2.9,4.95,3.96,6.75,3.92,3.24,5.08
"QLDNorth","Cook",142.804824829102,-11.16344165802,0.2,2.37,2.9,20.06,13.47,34.54,8.97,6.77,13.08
"NT","Tiwi Islands",130.380508422852,-11.1629219055176,0.2,4.17,5.39,28.7,18.39,52.61,3.46,2.91,4.41
"NT","Tiwi Islands",130.402770996094,-11.1618366241455,0.2,4.18,5.24,25.48,16.55,45.9,4.01,3.3,5.24
"NT","West Arnhem",132.001861572266,-11.1261157989502,0.2,4.19,5.48,24.79,16.13,44.6,2.67,2.33,3.23
"NT","West Arnhem",132.022277832031,-11.146276473999,0.2,4.18,5.32,26.41,17.02,48.14,2.89,2.49,3.55
"NT","West Arnhem",132.134811401367,-11.1272020339966,0.2,4.18,5.22,26.9,17.38,48.72,3.25,2.76,4.09
"NT","West Arnhem",132.160491943359,-11.1263208389282,0.2,4.18,5.29,26.73,17.33,48.18,3.14,2.67,3.92
"NT","West Arnhem",132.192352294922,-11.1309881210327,0.2,4.18,5.29,26.44,17.18,47.47,3.14,2.67,3.92
"NT","West Arnhem",132.287612915039,-11.1635417938232,0.2,4.19,5.62,23.81,15.7,41.89,2.72,2.37,3.3
"NT","West Arnhem",132.327835083008,-11.1182298660278,0.2,4.19,5.43,25.07,16.45,44.31,3.09,2.64,3.85
"NT","West Arnhem",132.35627746582,-11.1436605453491,0.2,4.19,5.62,23.92,15.8,41.98,2.83,2.45,3.47
"NT","West Arnhem",132.478958129883,-11.1468286514282,0.2,4.2,5.66,20.87,13.99,35.89,2.79,2.42,3.4
"NT","West Arnhem",132.615158081055,-11.129017829895,0.2,4.2,4.84,21.24,14.31,36.19,7.26,5.54,10.53
"QLDNorth","Northern Peninsula Area",142.14453125,-11.1362314224243,0.2,2.59,2.9,4.94,3.96,6.72,3.91,3.24,5.08
"QLDNorth","Cook",142.804168701172,-11.1530590057373,0.2,2.38,2.9,19.69,13.26,33.74,8.94,6.76,13.01
"NT","West Arnhem",132.472778320312,-11.0708351135254,0.2,4.19,4.81,23.98,15.84,42.05,5.14,4.07,7.13
"NT","West Arnhem",132.603607177734,-11.0717344284058,0.2,4.2,4.7,21.84,14.62,37.58,8,6.09,11.57
"QLDNorth","Northern Peninsula Area",142.138977050781,-11.0583038330078,0.2,2.58,3.36,5.11,4.07,6.99,2.87,2.49,3.48
"QLDNorth","Cook",142.794006347656,-11.0856399536133,0.2,2.37,3.03,20.7,13.83,35.84,8.32,6.34,11.99
"NT","West Arnhem",132.465347290039,-11.0247783660889,0.2,4.18,5.26,26.78,17.53,47.41,3.66,3.05,4.71
"NT","West Arnhem",132.588653564453,-11.0156278610229,0.2,4.19,4.68,23.35,15.47,40.79,9.42,7.01,14.07
"QLDNorth","Northern Peninsula Area",142.106628417969,-11.0066871643066,0.2,2.57,3.35,5.22,4.15,7.15,2.9,2.51,3.53
"QLDNorth","Cook",142.767959594727,-11.0458612442017,0.2,2.37,2.86,21.76,14.44,38.07,9.54,7.15,14.06
"NT","West Arnhem",132.552230834961,-10.9911222457886,0.2,4.18,5.55,25.82,17.01,45.26,3.02,2.59,3.73
"NT","West Arnhem",132.580017089844,-10.9708738327026,0.2,4.18,5.82,25.82,16.87,46,2.62,2.3,3.14
"QLDNorth","Torres",142.747802734375,-10.9939432144165,0.2,2.36,2.76,23.44,15.39,41.57,11.28,8.25,17.2
"QLDNorth","Torres",142.163955688477,-10.9213438034058,0.2,2.53,2.76,5.93,4.67,8.24,4.25,3.5,5.55
"QLDNorth","Northern Peninsula Area",142.257568359375,-10.9082870483398,0.2,2.51,3.31,6.32,4.92,8.89,2.69,2.36,3.22
"QLDNorth","Northern Peninsula Area",142.328857421875,-10.8887453079224,0.2,2.55,3.16,6.77,5.21,9.68,2.99,2.59,3.65
"QLDNorth","Torres",142.614593505859,-10.8843431472778,0.2,2.36,2.89,23.3,15.36,41.09,10.16,7.5,15.3
"QLDNorth","Northern Peninsula Area",142.351898193359,-10.843563079834,0.2,2.55,3.19,6.7,5.18,9.54,2.96,2.56,3.59
"QLDNorth","Northern Peninsula Area",142.582778930664,-10.7971954345703,0.2,2.35,2.52,24.46,15.98,43.7,16.89,11.53,28.47
"QLDNorth","Torres",142.220672607422,-10.7488708496094,0.2,2.53,2.95,5.97,4.72,8.23,3.49,2.95,4.37
"QLDNorth","Torres",142.267517089844,-10.7293510437012,0.2,2.51,2.72,6.39,4.98,8.98,4.47,3.65,5.89
"QLDNorth","Torres",142.382995605469,-10.7556619644165,0.2,2.52,3.14,7.69,5.78,11.44,2.89,2.51,3.51
"QLDNorth","Torres",142.619384765625,-10.7508888244629,0.2,2.36,2.61,23.65,15.51,42.08,14.4,10.09,23.39
"QLDNorth","Torres",142.309005737305,-10.7149000167847,0.2,2.5,2.85,8.43,6.23,12.85,4.19,3.42,5.54
"QLDNorth","Torres",142.383987426758,-10.7199859619141,0.2,2.55,3.48,6.72,5.12,9.82,2.43,2.15,2.86
"QLDNorth","Torres",142.31086730957,-10.6337766647339,0.2,2.48,2.66,9.19,6.85,13.7,9.33,6.77,14.66
"QLDNorth","Torres",142.407257080078,-10.7049655914307,0.2,2.45,3.09,10.94,7.94,16.93,4.43,3.59,5.95
"QLDNorth","Torres",142.471893310547,-10.712628364563,0.2,2.45,3.47,10.87,7.9,16.8,2.9,2.5,3.58
"QLDNorth","Torres",142.525588989258,-10.6800050735474,0.2,2.47,2.69,10.03,7.38,15.24,6.21,4.82,8.79
"QLDNorth","Torres",142.587768554688,-10.7096462249756,0.2,2.46,2.98,10.55,7.74,16.05,4.27,3.48,5.7
"QLDNorth","Torres",142.314498901367,-10.5469722747803,0.2,2.45,3.11,11.15,8.08,17.3,8.61,6.34,13.2
"QLDNorth","Torres",142.284072875977,-10.5262041091919,0.2,2.45,3.35,11.03,7.92,17.43,3.54,2.99,4.46
"QLDNorth","Torres Strait Island",142.221115112305,-10.2406320571899,0.2,2.44,3.35,12.92,8.98,21.46,3.28,2.81,4.04
"QLDNorth","Torres Strait Island",142.277725219727,-10.2656869888306,0.2,2.48,2.96,9.71,7.06,15.12,6.2,4.79,8.89
"QLDNorth","Torres Strait Island",142.28288269043,-10.2629451751709,0.2,2.49,2.93,9.6,7.01,14.85,7.27,5.5,10.72
"QLDNorth","Torres Strait Island",142.336441040039,-10.2043075561523,0.2,2.46,3.25,11.49,8.29,17.91,14.23,9.78,23.99
"QLDNorth","Torres Strait Island",142.126220703125,-10.1826858520508,0.2,2.52,3.28,8.14,6.22,11.67,3.33,2.85,4.1
"QLDNorth","Torres",142.147506713867,-10.1988859176636,0.2,2.51,2.85,8.49,6.43,12.36,4.29,3.54,5.58
"QLDNorth","Torres Strait Island",142.348922729492,-10.1783800125122,0.2,2.45,3.27,12.12,8.71,19,13.87,9.58,23.21
"QLDNorth","Torres Strait Island",142.08576965332,-10.1318025588989,0.2,2.51,3.06,8.59,6.53,12.38,4.03,3.36,5.15
"QLDNorth","Torres Strait Island",142.346786499023,-10.1685905456543,0.2,2.45,3.27,12.26,8.79,19.29,13.84,9.56,23.16
"QLDNorth","Torres Strait Island",142.26741027832,-10.1153011322021,0.2,2.5,3.12,8.9,6.69,13.11,5.51,4.36,7.61
"QLDNorth","Torres Strait Island",142.302734375,-10.1241130828857,0.2,2.48,2.85,10.15,7.47,15.4,7.16,5.45,10.44
"QLDNorth","Torres Strait Island",142.120590209961,-10.0592012405396,0.2,2.48,3.08,10.11,7.43,15.39,3.9,3.28,4.94
"QLDNorth","Torres Strait Island",142.168380737305,-10.0498027801514,0.2,2.46,3.33,11.28,8.03,18.12,3.61,3.06,4.53
"QLDNorth","Torres Strait Island",142.183883666992,-10.0605993270874,0.2,2.48,3.3,9.89,7.21,15.31,3.81,3.19,4.83
