"state","lga","longitude","latitude","SLR","SWL_AEPPC","MTWL_AEPPC","SWL_MFSLR_50","SWL_MFSLR_10","SWL_MFSLR_90","MTWL_MFSLR_50","MTWL_MFSLR_10","MTWL_MFSLR_90"
"WANorth","Broome",122.211631774902,-18.0006217956543,0.32,5.71,5.91,17.15,11.85,28.26,13.38,9.58,21.01
"NT","East Arnhem",136.368728637695,-13.844162940979,0.32,2.14,2.59,13,9.12,21.22,6.12,4.76,8.67
"QLDNorth","Townsville",147.064956665039,-19.2769813537598,0.32,2.65,3.91,50.84,30.29,102.75,5.57,4.36,7.84
"QLDNorth","Livingstone",150.762512207031,-23.1382923126221,0.32,3.32,4.42,31.95,20.2,59.62,6.22,4.85,8.76
"NSW","Wollongong",150.916046142578,-34.4743537902832,0.32,1.81,2.55,73.68,43.26,149.56,8.99,6.69,13.47
"VIC","Surf Coast",143.978164672852,-38.5659713745117,0.32,2.02,2.35,64.91,37.01,140,36.48,22.27,72.03
"SA","Onkaparinga",138.461669921875,-35.1174468994141,0.32,2.72,3.59,26.42,17.07,47.92,8.59,6.48,12.6
"SA","Ceduna",133.674819946289,-32.189151763916,0.32,2.55,4.81,12.91,9.03,21.21,3.07,2.64,3.75
"WASouth","Esperance",121.899345397949,-33.8684463500977,0.32,1.65,2.24,31.99,20.15,60.11,10.9,7.98,16.63
"TAS","Burnie",145.898666381836,-41.0429649353027,0.32,2.38,3.09,87.59,48.02,199.21,22.13,14.22,41.13
"WASouth","Joondalup",115.727348327637,-31.8087615966797,0.32,1.52,3.94,41.03,25.3,78.87,3.3,2.81,4.1
"NT","Darwin",130.873245239258,-12.3418684005737,0.32,4.42,4.5,39.27,24.81,72.48,27.97,18.5,48.46
"VIC","Bass Coast",145.221298217773,-38.5328369140625,0.32,2.36,3.05,73.69,41.68,160.03,18.54,12.37,32.42
"VIC","Glenelg",141.63020324707,-38.4082489013672,0.32,1.41,2.31,451.84,200.14,1371.06,16.25,11.07,27.59
"TAS","Glamorgan-Spring Bay",148.082138061523,-42.5678176879883,0.32,1.41,2.2,293.35,136.91,831.09,11.8,8.51,18.43
"WASouth","Fremantle",115.73705291748,-32.0583763122559,0.32,1.52,2.68,37.62,23.77,69.57,6.57,5.12,9.21
"NSW","Waverley",151.290802001953,-33.871639251709,0.32,1.82,3.02,90.56,51.57,191.88,5.6,4.48,7.57
"SA","Port Pirie",138.000579833984,-33.1267433166504,0.32,3.23,3.65,7.76,5.96,11.06,7.31,5.61,10.49
"SA","Port Adelaide Enfield",138.475845336914,-34.7812461853027,0.32,2.67,2.97,20.76,13.92,35.72,12.92,9.26,20.3
"QLDNorth","Townsville",146.846267700195,-19.251106262207,0.32,2.77,3.8,40.68,25.18,77.72,7.26,5.48,10.76
"SA","Charles Sturt",138.472106933594,-34.8702430725098,0.32,2.74,3.19,21.83,14.54,37.91,10.96,8.04,16.67
"VIC","Queenscliffe",144.617172241211,-38.2871551513672,0.32,1.66,2.79,159.76,80.39,409.66,9.63,7.06,14.74
"NT","Darwin",130.81266784668,-12.4085102081299,0.32,4.42,4.58,38.91,24.49,72.31,23.56,15.64,40.95
"SA","Victor Harbor",138.605804443359,-35.594554901123,0.32,1.96,3.26,24.45,16.43,41.54,6.55,5.08,9.26
"WASouth","Albany",117.89533996582,-35.1227531433105,0.32,1.5,2.67,67.51,39.05,141.48,8.61,6.5,12.6
"SA","Unincorporated SA",135.905776977539,-34.6888732910156,0.32,1.99,2.28,67.08,39.48,136.24,31.62,20.1,58.4
"SA","Unincorporated SA",133.05322265625,-32.1064491271973,0.32,2.49,3.19,17.07,11.53,29.35,7.4,5.63,10.77
"WASouth","Greater Geraldton",114.582710266113,-28.7869205474854,0.32,1.45,2.53,78.5,45.07,165.19,16.33,11.2,27.39
"NSW","Newcastle",151.791976928711,-32.9030685424805,0.32,1.77,3.2,93.88,53.14,200.59,5.06,4.1,6.74
"VIC","Hobsons Bay",144.897003173828,-37.8736267089844,0.32,1.43,1.9,118.4,62.71,281.52,26.53,16.66,50.81
"QLDSouth","Bundaberg",152.412872314453,-24.7567653656006,0.32,2.43,3.07,206.92,100.37,558.42,13.84,9.5,23.47
"WASouth","Bunbury",115.637229919434,-33.3057746887207,0.32,1.78,3.69,13.01,9.48,19.79,3.5,2.96,4.39
"TAS","Clarence",147.393463134766,-42.9977607727051,0.32,1.55,1.69,145.77,73.34,376.32,105.66,54.71,264.48
"WANorth","Port Hedland",118.570663452148,-20.2921123504639,0.32,4.27,5.45,14.56,9.98,24.59,3.13,2.64,3.99
"WANorth","Wyndham-East Kimberley",128.095184326172,-15.3794431686401,0.32,4.38,4.45,303.86,141.64,860.9,227.17,108.24,630.09
"QLDSouth","Brisbane",153.156661987305,-27.3602046966553,0.32,2.06,2.43,554.04,236.96,1770.47,44.51,26.62,90.1
"VIC","Greater Geelong",144.419860839844,-38.2895736694336,0.32,1.49,1.82,62.57,36.21,131.62,39.03,23.24,80.43
"TAS","Burnie",145.878601074219,-41.0355949401855,0.32,2.38,2.8,88.98,48.74,202.53,25.93,16.66,47.59
"WANorth","Carnarvon",113.636138916016,-24.8981914520264,0.32,1.76,2.47,32.88,20.43,63.22,8.86,6.46,13.83
"TAS","George Town",146.792098999023,-41.052360534668,0.32,2.37,3.63,75.76,43.1,162.48,7.45,5.75,10.57
"WANorth","Broome",122.209922790527,-17.9969673156738,0.32,5.71,5.91,17.18,11.87,28.32,13.4,9.59,21.05
"QLDNorth","Cairns",145.847991943359,-16.8677730560303,0.32,2.3,2.7,119.25,62.64,287.88,33.55,20.71,65.26
"QLDNorth","Aurukun",141.797592163086,-12.6793203353882,0.32,2.48,3.44,11.68,8.29,18.78,4.59,3.72,6.16
"QLDNorth","Gladstone",151.407104492188,-23.962682723999,0.32,3,3.33,92.77,50.87,210.17,27.8,17.86,50.79
"NSW","Kempsey",153.09098815918,-30.9209632873535,0.32,1.7,2.52,235.29,117.51,597.03,9.12,6.75,13.79
"VIC","East Gippsland",147.9462890625,-37.9042129516602,0.32,1.31,2.02,193.89,94.08,525.46,12.94,9.13,20.91
"QLDNorth","Gladstone",151.320953369141,-23.7948703765869,0.32,3.01,3.13,84.68,46.7,190.95,46.28,27.67,93.47
"VIC","Bass Coast",145.121734619141,-38.5073280334473,0.32,2.39,3.27,56.59,32.87,119.01,11.18,8.04,17.62
"NSW","Bega Valley",149.936981201172,-37.097900390625,0.32,1.79,3.78,74.67,43.33,154.66,3.38,2.84,4.3
"NT","East Arnhem",136.425445556641,-13.8104448318481,0.32,2.1,2.62,16.1,10.95,27.45,6.39,4.89,9.28
"SA","Grant",140.672210693359,-38.0639533996582,0.32,1.44,2.99,259.12,124.32,703.12,6.55,5.09,9.24
"NSW","Northern Beaches",151.305068969727,-33.8254356384277,0.32,1.82,3.16,91.09,51.8,193.38,5.27,4.24,7.08
"WANorth","Karratha",116.761528015137,-20.5944957733154,0.32,4.15,4.55,31.46,19.64,60.14,8.24,6.02,12.84
"SA","Copper Coast",137.588287353516,-33.9396820068359,0.32,2.46,2.6,11.18,8.1,17.35,9,6.74,13.35
"TAS","Devonport",146.352432250977,-41.1579093933105,0.32,2.4,2.84,79.09,44.11,175.44,23.35,15.23,41.99
"NSW","Randwick",151.252304077148,-33.9962577819824,0.32,1.81,3.45,86.78,49.76,182.05,4.49,3.69,5.87
"QLDNorth","Mackay",149.297515869141,-21.2697410583496,0.32,4.4,4.76,16.04,11.21,25.99,8.68,6.49,12.93
"QLDNorth","Cassowary Coast",146.139678955078,-17.6090087890625,0.32,2.31,2.79,68.36,39.01,146.75,14.23,9.94,23.27
"TAS","Glamorgan-Spring Bay",148.067794799805,-42.5660400390625,0.32,1.42,1.79,278.82,130.79,785.18,69.1,38.88,152.17
"QLDNorth","Cassowary Coast",146.334701538086,-18.4832286834717,0.32,2.73,3.06,29.47,18.71,54.83,12.46,8.83,20
"WANorth","Ashburton",115.163749694824,-21.6142768859863,0.32,2.15,2.63,33.95,20.5,68.82,7.86,5.79,12.1
"WANorth","Karratha",117.169364929199,-20.5933799743652,0.32,4.2,5.17,20.9,13.57,38.23,3.64,3,4.8
"QLDSouth","Sunshine Coast",153.139892578125,-26.6974658966064,0.32,1.79,2.6,714.82,297.94,2356.32,12.93,9.1,20.96
"QLDNorth","Whitsunday",148.842590332031,-20.2819118499756,0.32,3.13,3.96,25.28,16.43,45.49,4.88,3.95,6.51
"QLDNorth","Torres",142.155624389648,-10.5569248199463,0.32,2.69,3.15,21.87,14.6,37.84,8.85,6.66,13.02
"QLDSouth","Fraser Coast",152.941467285156,-25.2762908935547,0.32,2.72,3.15,174.4,89.61,427.85,20.18,13.1,37.02
"SA","Unincorporated SA",137.602798461914,-33.023551940918,0.32,3.08,3.49,7.69,5.92,10.95,7.36,5.68,10.44
"WANorth","Karratha",116.678909301758,-20.5885372161865,0.32,2.18,2.87,28.51,17.96,53.96,4.9,3.86,6.87
"QLDNorth","Torres",142.315673828125,-10.5067167282104,0.32,2.6,3.3,34.48,21.66,64.8,26.51,16.56,51.31
"QLDNorth","Douglas",145.468811035156,-16.4769401550293,0.32,2.3,2.52,106.48,56.92,250.62,51.66,30.23,107.8
"NSW","Clarence Valley",153.367126464844,-29.4367237091064,0.32,1.7,2.35,169.5,89.75,394.69,13.33,9.31,21.92
"QLDNorth","Torres Strait Island",142.210647583008,-10.522177696228,0.32,2.66,3.26,24.32,15.93,43.24,7.64,5.87,10.93
"VIC","Greater Geelong",144.724807739258,-38.1704139709473,0.32,1.42,1.74,95.79,53.63,208.52,57.9,32.9,126.76
"VIC","Mornington Peninsula",144.899749755859,-38.3481216430664,0.32,1.48,1.97,53.91,32.66,105.32,20.03,13.31,35.14
"SA","Onkaparinga",138.470275878906,-35.0958251953125,0.32,2.72,3.3,25.84,16.76,46.63,10.18,7.5,15.43
"QLDNorth","Livingstone",150.760681152344,-23.1353740692139,0.32,3.32,4.42,31.75,20.11,59.06,6.2,4.84,8.71
"VIC","Surf Coast",144.035140991211,-38.4956665039062,0.32,2.02,2.32,62.93,36.12,134.38,37.59,22.81,74.9
"SA","Yorke Peninsula",137.767929077148,-35.0375442504883,0.32,2.38,3.29,45.1,26.98,91.17,9.91,7.36,14.82
"QLDNorth","Whitsunday",148.079605102539,-19.8762283325195,0.32,2.61,3.4,38.86,23.8,75.92,6.62,5.11,9.47
"WANorth","Exmouth",114.142883300781,-21.9546566009521,0.32,2.14,3.02,37.7,23.05,74.07,4.7,3.79,6.33
"NSW","Shoalhaven",150.768478393555,-35.0744934082031,0.32,1.81,2.79,59.43,35.88,116.16,6.28,4.99,8.54
"NSW","Coffs Harbour",153.156051635742,-30.3061962127686,0.32,1.84,2.49,342.44,162.5,931.91,14.21,10.06,22.65
"VIC","Moyne",142.245132446289,-38.4012489318848,0.32,1.44,1.75,231.65,114.85,596.04,97.01,50.88,238.35
"SA","Onkaparinga",138.458389282227,-35.1697807312012,0.32,2.71,3.44,27.27,17.53,49.87,9.78,7.22,14.77
"WANorth","Ashburton",115.466323852539,-20.6898097991943,0.32,2.23,3.28,19.25,12.54,35.16,3.73,3.09,4.85
"QLDNorth","Isaac",149.473999023438,-21.7463283538818,0.32,4.38,5.54,18.03,12.24,30.56,4,3.31,5.18
"QLDNorth","Cook",145.285095214844,-15.4928417205811,0.32,2.23,2.6,124.5,65.59,298.04,52.83,30.74,111.23
"VIC","Greater Geelong",144.635314941406,-38.1060447692871,0.32,1.44,1.8,130.97,69.79,306.05,60.8,34.29,134.48
"WANorth","Ashburton",115.375946044922,-20.6875629425049,0.32,2.05,3.18,103,55.58,238.71,5.36,4.19,7.61
"TAS","West Coast",145.027053833008,-41.8157424926758,0.32,2.26,3.42,1207.88,462.84,4497.33,13.55,9.55,21.87
"WASouth","Dundas",128.882766723633,-31.7294902801514,0.32,2.38,3.59,38.14,23.8,72.03,6.87,5.34,9.66
"SA","Kingston (SA)",139.666198730469,-36.9562568664551,0.32,1.98,2.92,21.86,14.83,36.74,9.41,7.04,13.91
"SA","Kangaroo Island",137.180358886719,-36.0086135864258,0.32,2.37,2.98,49.08,29.96,95.1,27.31,17.47,50.36
"TAS","Circular Head",145.312255859375,-40.7651710510254,0.32,2.36,2.7,117.58,61.72,284.45,41.95,24.81,87.1
"SA","Elliston",134.854675292969,-33.6464500427246,0.32,2.18,4.08,15,10.44,24.61,4.65,3.77,6.21
"WANorth","Shark Bay",113.513900756836,-25.9233150482178,0.32,1.85,2.62,17.47,11.69,30.57,5.89,4.61,8.25
"VIC","Greater Geelong",144.474060058594,-38.2902946472168,0.32,1.73,2.22,60.77,35.26,127.45,21.85,14.19,39.84
"QLDSouth","Noosa",153.108322143555,-26.3750782012939,0.32,1.8,2.64,523.16,227.2,1631.02,12.88,9.12,20.67
"SA","Unincorporated SA",132.431213378906,-32.0147438049316,0.32,2.4,3.46,31.27,19.45,60.29,7.25,5.55,10.42
"SA","Unincorporated SA",136.499649047852,-35.1658554077148,0.32,2.07,3.29,30.61,19.84,54.69,9.49,7.09,14.06
"WANorth","Derby-West Kimberley",123.719276428223,-16.1033020019531,0.32,5.7,6.34,17.58,12.11,29.07,5.67,4.42,8.03
"WANorth","Ashburton",115.097961425781,-21.6335697174072,0.32,2.15,3.09,35.52,21.37,72.28,4.33,3.5,5.86
"SA","Wattle Range",139.998825073242,-37.4942817687988,0.32,1.5,3.07,83.53,48.31,172.97,6.96,5.44,9.67
"QLDNorth","Torres",142.626602172852,-10.716986656189,0.32,2.62,3.45,31.12,19.86,57.19,21.2,13.74,38.85
"TAS","Huon Valley",147.098419189453,-43.2927169799805,0.32,1.57,1.7,96.53,52.29,223.11,65.64,37.7,139.6
"QLDNorth","Torres",142.322967529297,-10.5164833068848,0.32,2.56,3.31,53.07,31.2,109.56,33.89,20.72,67.07
"SA","Kangaroo Island",136.535095214844,-35.8576393127441,0.32,2.08,3.27,28.56,18.58,50.92,8.21,6.27,11.79
"SA","Wattle Range",139.879470825195,-37.3767509460449,0.32,1.57,2.15,38.79,24.44,71.95,21.3,14.22,36.87
"SA","Unincorporated SA",136.156509399414,-34.9915504455566,0.32,2.05,2.41,37.43,23.55,69.81,17.91,12.35,29.54
"VIC","Unincorporated Vic",146.515869140625,-38.9114189147949,0.32,2.29,2.51,225.1,107.55,621.45,67.66,39.5,139.38
"QLDSouth","Fraser Coast",153.356964111328,-24.9777183532715,0.32,2.69,3.31,320.25,147.42,925.47,22.22,14.64,39.3
"WASouth","Rockingham",115.701889038086,-32.3069496154785,0.32,1.5,2.72,48.76,29.43,96.46,7.72,5.83,11.36
"WASouth","Nedlands",115.749351501465,-31.9685497283936,0.32,1.52,2.91,38.25,24.22,70.41,4.82,3.91,6.38
"WANorth","Exmouth",114.09871673584,-22.0990867614746,0.32,2.16,2.84,31.53,19.69,60.26,5.36,4.23,7.43
"WANorth","Ashburton",115.477195739746,-20.836986541748,0.32,2.22,3.31,21.19,13.64,39.38,3.6,2.98,4.68
"SA","Kangaroo Island",137.937957763672,-35.7128486633301,0.32,1.89,2.81,46.2,28.31,89.21,10.53,7.77,15.84
"SA","Cleve",136.576965332031,-33.9472122192383,0.32,2.28,2.96,32.22,20.34,60.25,13.18,9.3,21.25
"SA","Lower Eyre Peninsula",136.023025512695,-34.8660087585449,0.32,2.03,2.33,44.21,27.4,83.87,27.41,17.98,48.24
"SA","Whyalla",137.786407470703,-32.9926872253418,0.32,3.07,3.48,7.86,6.03,11.21,7.41,5.69,10.6
"SA","Yorke Peninsula",137.354400634766,-34.9310340881348,0.32,2.54,3.07,14.8,10.39,23.92,7.33,5.65,10.43
"QLDNorth","Mackay",149.895462036133,-21.0195617675781,0.32,4.31,5.25,29.44,18.97,53.3,5.5,4.36,7.58
"VIC","East Gippsland",147.987808227539,-37.8907623291016,0.32,1.31,2,187.33,91.24,505.18,13.15,9.28,21.19
NA,"Whitsunday",149.818756103516,-20.0906581878662,0.32,3.01,4.25,86.84,48.31,192.32,4.33,3.57,5.62
"NSW","Ballina",153.61018371582,-28.8397369384766,0.32,1.76,2.48,351.99,167.98,946.7,18.9,12.64,32.85
"NT","Unincorporated NT",130.514770507812,-12.6257009506226,0.32,4.4,4.5,47.42,28.7,93.54,30.12,19.39,54.56
"SA","Yankalilla",138.086761474609,-35.6061515808105,0.32,1.93,2.91,32.24,20.7,58.47,8.96,6.69,13.32
"NSW","Port Stephens",152.201217651367,-32.7411689758301,0.32,1.82,2.99,105.84,58.85,231.91,5.51,4.45,7.33
"QLDNorth","Cook",144.883728027344,-14.5548992156982,0.32,2.23,2.7,175.13,88.44,443.38,34.9,21.47,68.11
"QLDNorth","Gladstone",151.92448425293,-23.306095123291,0.32,2.96,3.99,182.77,92.24,462.01,8.01,5.99,11.99
"VIC","Bass Coast",145.359298706055,-38.569507598877,0.32,2.37,4,63.87,36.45,137.7,6.04,4.74,8.41
"WASouth","Dundas",126.06566619873,-32.2820434570312,0.32,1.6,2.75,48.98,29.6,96.68,6.75,5.23,9.56
"VIC","Mornington Peninsula",144.762985229492,-38.345573425293,0.32,1.45,1.66,50.81,31.18,97.29,43.02,26.2,84.37
"QLDNorth","Cook",143.415405273438,-12.5892887115479,0.32,2.14,2.76,274.14,130.44,752.62,80.71,44.43,183.24
"QLDNorth","Gladstone",151.908676147461,-23.4388313293457,0.32,2.96,3.68,182.88,92.07,464.38,11.24,7.9,18.46
"VIC","Mornington Peninsula",145.036819458008,-38.4872627258301,0.32,2.37,3.66,72,40.63,157.21,7.3,5.61,10.46
"VIC","Kingston (Vic.)",145.111022949219,-38.0797386169434,0.32,1.45,2.08,88.62,48.89,199.15,16.61,11.31,28.15
"WANorth","Wyndham-East Kimberley",124.291732788086,-15.322434425354,0.32,5.68,6.36,19.75,13.3,33.85,7.68,5.8,11.33
"VIC","Bass Coast",145.368392944336,-38.5389366149902,0.32,2.38,3.33,60.57,34.84,129.17,10.05,7.35,15.45
"VIC","Wyndham",144.678146362305,-37.9899787902832,0.32,1.44,1.87,151.24,78.23,369.81,40.07,23.65,83.81
"VIC","Surf Coast",144.363662719727,-38.3202171325684,0.32,1.49,1.73,65.67,37.74,139.5,53.46,30.89,113.97
"SA","Elliston",134.446472167969,-33.7753486633301,0.32,2.1,3.36,24.04,15.85,42.24,5.9,4.66,8.13
"QLDNorth","Lockhart River",143.524948120117,-13.1872329711914,0.32,2.14,3.28,267.19,127.05,735.7,17.15,11.55,29.65
"VIC","Mornington Peninsula",145.015808105469,-38.2528228759766,0.32,1.46,2.03,66.14,38.64,136.29,18.46,12.39,31.94
"QLDNorth","Cook",145.479095458984,-14.6609563827515,0.32,2.25,3.12,135.86,70.41,333.36,16.27,11.11,27.49
"WASouth","Dandaragan",115.017585754395,-30.3131942749023,0.32,1.49,3.26,60.06,35.53,121.68,5.21,4.18,7.07
"QLDNorth","Livingstone",150.680480957031,-21.9535064697266,0.32,3.27,3.84,48.75,29.19,97.84,10.28,7.42,16.13
"QLDNorth","Cook",143.597961425781,-13.4578561782837,0.32,2.15,2.89,209.6,101.98,562,27.57,17.16,53.55
"QLDNorth","Gladstone",151.36018371582,-23.8441028594971,0.32,3,3.12,87.96,48.38,198.82,49.69,29.39,101.88
"SA","Franklin Harbour",136.89794921875,-33.7826766967773,0.32,2.34,3.15,20.8,13.94,35.83,8.44,6.32,12.55
"WANorth","Broome",122.920036315918,-16.39599609375,0.32,5.63,7.53,29.13,18.59,53.72,2.6,2.28,3.12
"QLDNorth","Palm Island",146.692947387695,-18.7623119354248,0.32,2.69,3.68,43.62,26.66,84.94,6.85,5.25,9.89
"VIC","Greater Geelong",144.608428955078,-38.1155853271484,0.32,1.44,1.83,134.66,71.39,317.04,52.37,29.87,114.74
"NT","Roper Gulf",136.516967773438,-15.5269403457642,0.32,2.18,2.6,11.01,7.86,17.58,6.04,4.69,8.61
"VIC","Mornington Peninsula",144.682495117188,-38.3029098510742,0.32,1.41,1.69,82.94,48.37,169.29,59.92,34.63,126.77
"VIC","Mornington Peninsula",144.72526550293,-38.3128089904785,0.32,1.44,1.65,57.7,35.11,111.42,41.36,25.59,78.98
"VIC","Bayside (Vic.)",145.012969970703,-37.9861907958984,0.32,1.43,1.97,113.79,60.45,269.75,27.67,17.26,53.54
"VIC","Port Phillip",144.961761474609,-37.8651657104492,0.32,1.42,1.9,123.15,64.31,299.88,25.96,16.34,49.56
"NT","Roper Gulf",135.730651855469,-14.306037902832,0.32,2.28,3,7.94,5.88,12.16,4.41,3.53,6.04
"QLDNorth","Torres",142.951507568359,-9.85594081878662,0.32,2.5,2.99,102.76,55.87,234.96,67.11,38.59,142.22
"SA","Port Augusta",137.856109619141,-32.7116355895996,0.32,3.1,3.33,7.28,5.66,10.2,7.52,5.78,10.74
"WANorth","Ashburton",115.418029785156,-20.6629943847656,0.32,2.08,3.58,70.05,39.59,152.86,3.71,3.05,4.92
"NT","East Arnhem",135.162536621094,-12.2201509475708,0.32,2.61,3.09,25.56,16.36,47.27,7.8,5.8,11.82
"TAS","Circular Head",144.763442993164,-40.4397125244141,0.32,2.31,3.36,270.78,126.99,764.36,22.49,14.83,39.66
"TAS","King Island",144.104827880859,-40.0475730895996,0.32,1.9,2.58,490.73,206.94,1624.53,28.66,18.21,53.34
"QLDNorth","Cook",145.447540283203,-15.7513809204102,0.32,2.23,2.81,117.19,61.87,280.51,30.93,19.45,58.45
NA,"Mackay",150.928894042969,-20.4258937835693,0.32,4,5.45,172.38,87.44,433.29,4.39,3.58,5.84
"VIC","Bass Coast",145.272766113281,-38.5111198425293,0.32,2.37,2.94,64.74,36.85,140.18,19.21,12.76,33.84
"QLDNorth","Pormpuraaw",141.524032592773,-14.5044069290161,0.32,2.47,3.9,11.7,8.32,18.78,3.36,2.86,4.16
"WANorth","Broome",121.965843200684,-18.4140720367432,0.32,5.72,6.57,15.98,11.13,26.08,5.08,4.05,6.97
"VIC","Wyndham",144.801208496094,-37.9131851196289,0.32,1.43,1.88,118.83,63.59,277.18,28.39,17.67,55
"WASouth","Manjimup",115.999702453613,-34.846134185791,0.32,1.52,2.58,109.28,58.93,252.61,10.08,7.47,15.1
NA,"Whitsunday",149.715850830078,-20.0136013031006,0.32,3.01,3.89,85.58,47.67,189.38,6.16,4.8,8.68
"QLDNorth","Whitsunday",148.560501098633,-19.9888191223145,0.32,2.62,3.72,35,21.83,66.55,4.27,3.49,5.65
"SA","Yankalilla",138.237152099609,-35.4988975524902,0.32,1.91,2.98,36.19,22.34,69.96,7.02,5.39,10.08
"VIC","Mornington Peninsula",144.851089477539,-38.3629608154297,0.32,1.49,1.83,49.52,30.39,94.95,29.8,18.79,56.14
"WANorth","Exmouth",114.142738342285,-21.7975425720215,0.32,2.09,4.1,62.7,36.49,130.56,2.51,2.19,3.04
"WANorth","Wyndham-East Kimberley",128.772811889648,-14.8344984054565,0.32,4.45,5.28,91.42,51,200.8,7.23,5.52,10.5
"WASouth","Manjimup",116.738777160645,-35.0417938232422,0.32,1.5,1.88,73.24,41.76,156.74,31.49,20.26,56.97
"QLDNorth","Mornington",139.676879882812,-16.4017772674561,0.32,3.56,4.76,6.35,4.97,8.84,2.89,2.51,3.5
"QLDNorth","Torres",142.168746948242,-10.2303152084351,0.32,2.59,3.23,42.78,25.76,85.69,8.43,6.4,12.25
"WANorth","Karratha",116.95361328125,-20.6833477020264,0.32,4.32,5.52,11.82,8.27,19.53,2.87,2.45,3.59
"QLDNorth","Cairns",145.972595214844,-16.7534255981445,0.32,2.3,2.88,128.51,66.61,316.39,20.79,13.77,36.58
"WASouth","Rockingham",115.689399719238,-32.2365188598633,0.32,1.54,1.92,31.81,20.52,57.22,12.96,9.32,20.18
"QLDNorth","Burdekin",147.409255981445,-19.3074054718018,0.32,2.66,3.2,47.24,28.35,94.58,11.16,8.06,17.42
"NT","East Arnhem",135.678955078125,-11.9292297363281,0.32,2.59,2.85,29.51,18.76,54.82,12.71,8.96,20.58
"QLDNorth","Northern Peninsula Area",142.102737426758,-10.9672031402588,0.32,2.69,3,14.37,9.99,23.66,8.12,6.12,11.97
"WASouth","Augusta Margaret River",115.021179199219,-34.2565498352051,0.32,1.62,3.68,34.73,21.39,67.69,3.79,3.18,4.8
"QLDNorth","Torres",142.871856689453,-10.0437240600586,0.32,2.54,3.02,68.11,39.24,143.64,78.34,43.65,174.21
"WANorth","East Pilbara",119.774200439453,-19.9569301605225,0.32,4.26,4.63,15.56,10.8,25.58,7,5.33,10.22
"WANorth","Broome",122.248458862305,-17.1136341094971,0.32,5.6,6.15,35.63,22.29,67.33,10.13,7.31,15.96
"QLDNorth","Cassowary Coast",146.335098266602,-18.3602714538574,0.32,2.69,2.91,41.29,25.22,80.74,18.65,12.62,31.75
"SA","Whyalla",137.440902709961,-33.2315673828125,0.32,3.05,3.36,8.44,6.41,12.24,8.45,6.39,12.37
"SA","Yorke Peninsula",137.768692016602,-35.0113372802734,0.32,2.38,3.04,45.08,26.95,91.2,10.97,8.08,16.53
"WANorth","Broome",123.314888000488,-17.0903549194336,0.32,5.62,6.05,30.29,19.4,55.33,8.67,6.33,13.51
"QLDNorth","Torres",142.684844970703,-10.917688369751,0.32,2.48,2.81,150.28,77.72,367.68,65.65,37.88,138.46
"QLDNorth","Mornington",139.580749511719,-17.1097755432129,0.32,3.67,4.86,5.1,4.09,6.9,2.56,2.26,3.04
"WANorth","Broome",123.159187316895,-16.3905277252197,0.32,5.59,6.4,40.39,24.92,77.65,5.18,4.1,7.17
"WANorth","Karratha",116.191215515137,-20.8251476287842,0.32,2.08,3.45,68.65,39.07,148.01,3.31,2.77,4.27
"QLDSouth","Gold Coast",153.519638061523,-28.1603393554688,0.32,1.7,2.24,375.46,176.1,1037.87,17.93,11.9,31.8
"QLDNorth","Torres",142.706924438477,-10.9305419921875,0.32,2.48,2.83,155.96,80.01,386.39,60.34,35.34,124.42
"WANorth","Shark Bay",113.505187988281,-25.5005359649658,0.32,1.8,2.58,25.11,15.96,47.19,6.72,5.15,9.69
"SA","Unincorporated SA",133.50520324707,-32.3217849731445,0.32,2.45,4.2,21.83,14.24,39.42,4.47,3.66,5.89
"QLDNorth","Palm Island",146.686508178711,-18.7334079742432,0.32,2.67,3.78,49.99,30.01,99.72,6.64,5.1,9.57
"WANorth","Wyndham-East Kimberley",127.829887390137,-14.3628454208374,0.32,4.45,5.24,91.74,52.69,191.28,7.29,5.51,10.77
"WANorth","Wyndham-East Kimberley",125.901412963867,-14.5167436599731,0.32,4.54,4.66,35.4,21.91,68.23,34.09,20.71,68.28
"NT","East Arnhem",136.830047607422,-13.7504892349243,0.32,2.09,2.94,16.96,11.5,29,4.51,3.65,6.04
"QLDNorth","Lockhart River",143.545196533203,-12.843300819397,0.32,2.14,2.96,289.12,136.54,802.07,48.58,28.67,100.23
"QLDNorth","Cook",143.759353637695,-13.9299163818359,0.32,2.23,2.63,178.37,88.03,470.86,61.71,34.59,138.03
"QLDNorth","Torres",142.325164794922,-10.6027498245239,0.32,2.56,2.78,50.24,29.71,103.04,53.62,30.53,117.56
"WANorth","Karratha",115.705352783203,-21.2753944396973,0.32,2.13,2.45,40.63,24.17,83.64,12.73,8.78,21.49
"QLDNorth","Isaac",149.581100463867,-22.1410808563232,0.32,4.41,4.82,15.45,10.68,25.62,7.24,5.52,10.52
"WANorth","Karratha",116.686172485352,-20.527889251709,0.32,4.15,5.05,30.67,19.18,58.56,4.35,3.5,5.95
"WANorth","Wyndham-East Kimberley",125.128280639648,-14.4441356658936,0.32,4.54,5.5,33.97,21.29,64.18,4.91,3.91,6.74
"TAS","George Town",146.958847045898,-41.0102310180664,0.32,2.37,3.77,74.74,42.88,157.93,7,5.46,9.78
"SA","Lower Eyre Peninsula",135.109100341797,-34.590259552002,0.32,2.08,3.22,27.83,18.07,49.85,7.93,6,11.61
"NT","West Daly",129.409133911133,-14.2268543243408,0.32,4.46,4.86,76.88,43.38,167.21,18.61,12.34,32.98
"SA","Lower Eyre Peninsula",135.106781005859,-34.5828094482422,0.32,2.15,3.35,17.88,12.28,29.73,6.45,5.02,9.11
"QLDNorth","Cook",143.691986083984,-13.6643896102905,0.32,2.16,2.54,195.09,95.48,519.93,56.39,32.15,122.84
"NSW","Richmond Valley",153.452301025391,-29.1151275634766,0.32,1.67,2.28,306.01,149.08,799.64,23.52,15.14,43.36
"QLDNorth","Hope Vale",145.282745361328,-15.387996673584,0.32,2.25,2.47,120.97,64,287.83,66.75,38.3,142.07
"QLDNorth","Cassowary Coast",146.16064453125,-17.9593524932861,0.32,2.53,3.4,42.38,25.6,84.46,7.38,5.56,10.95
"WANorth","Wyndham-East Kimberley",127.62767791748,-14.1565856933594,0.32,4.43,5.09,130.5,71.6,289.47,8.16,6.11,12.16
"QLDNorth","Cook",144.484512329102,-14.1636114120483,0.32,2.25,2.82,135.63,70.62,329.95,17.02,11.19,30.92
"NT","East Arnhem",136.624969482422,-12.9765071868896,0.32,2.61,3.26,26.73,17.06,49.59,9.04,6.53,14.32
"SA","Yorke Peninsula",137.490112304688,-34.2766609191895,0.32,2.39,3.71,15.34,10.69,25.08,4.55,3.73,5.93
"NT","West Arnhem",132.592666625977,-10.9687538146973,0.32,4.31,5.07,174.98,88.93,437.88,12.23,8.63,19.84
"WANorth","Broome",122.178184509277,-17.6473617553711,0.32,5.7,6.23,18.1,12.46,29.94,7.67,5.86,11.08
"NT","Tiwi Islands",130.145385742188,-11.4755601882935,0.32,4.3,5.05,184.83,89.99,499.3,9.39,6.9,14.34
"TAS","Huon Valley",145.952133178711,-43.3556022644043,0.32,1.51,2.88,261.02,129.9,662.56,8.96,6.74,13.16
"QLDNorth","Mornington",139.748779296875,-16.5429191589355,0.32,3.6,4.45,5.88,4.64,8.1,3.16,2.72,3.88
"WANorth","Wyndham-East Kimberley",126.000129699707,-14.2587823867798,0.32,4.53,5.15,38.64,23.67,75.5,7.9,5.87,12
"NT","West Daly",129.814651489258,-13.4978065490723,0.32,4.36,4.58,75.67,43.08,162.11,36.56,22.4,71.67
"QLDNorth","Livingstone",150.702621459961,-21.9537868499756,0.32,3.26,4.69,52.01,30.8,106.12,4.39,3.6,5.76
"QLDNorth","Cassowary Coast",146.178268432617,-17.9479675292969,0.32,2.51,3.39,53.15,31.36,108.98,7.97,5.96,11.91
"VIC","Wellington",147.512222290039,-38.1365203857422,0.32,1.37,1.93,76.34,43.27,164.75,15.19,10.38,25.78
"NT","West Arnhem",132.923233032227,-11.1303930282593,0.32,4.33,5.01,111.15,61.38,245.88,15.55,10.76,25.73
"NSW","Ballina",153.611038208008,-28.8455924987793,0.32,1.76,2.45,305.39,149.29,793.21,22.45,14.66,40.4
"QLDSouth","Fraser Coast",153.267807006836,-24.7002735137939,0.32,2.72,3.89,155.98,78.96,396.14,8.5,6.35,12.72
"WANorth","Wyndham-East Kimberley",125.676094055176,-14.159613609314,0.32,4.52,5.8,40.47,24.58,80.07,3.62,3.02,4.68
"NSW","Bega Valley",150.083282470703,-36.422550201416,0.32,1.77,3.26,77.25,44.87,159.42,3.91,3.25,5.04
"WANorth","Port Hedland",119.190498352051,-19.9453086853027,0.32,4.24,4.51,16.73,11.5,27.89,9.63,7.01,14.96
"VIC","Glenelg",141.072341918945,-38.0935173034668,0.32,1.46,2.05,158.03,81.85,384.4,21.04,13.92,37.12
"VIC","Glenelg",141.174133300781,-38.1464004516602,0.32,1.44,2.1,248.3,119.65,670.2,25.57,16.47,46.8
"VIC","Glenelg",141.239898681641,-38.1865692138672,0.32,1.44,2.13,252.04,121.12,683.15,24.06,15.66,43.34
"VIC","Glenelg",141.342407226562,-38.2694435119629,0.32,1.44,2.07,235.23,114.23,628.13,28.15,17.93,52.25
"VIC","Glenelg",141.362701416016,-38.3697319030762,0.32,1.43,2.16,304.89,143.55,847.75,25.57,16.62,45.99
"VIC","Glenelg",141.41227722168,-38.4009056091309,0.32,1.41,1.99,517.19,225.73,1598.71,53.67,30.99,114.57
"VIC","Glenelg",141.492294311523,-38.3837089538574,0.32,1.43,1.87,288.51,134.91,815.41,48.58,28.15,103.75
"VIC","Glenelg",141.535110473633,-38.4397430419922,0.32,1.41,3.9,475.75,209.54,1453.91,4.77,3.86,6.38
"VIC","Glenelg",141.640731811523,-38.2952766418457,0.32,1.43,1.7,298.96,142.79,810.66,114.23,58.35,291.7
"VIC","Glenelg",141.667434692383,-38.280647277832,0.32,1.43,1.84,274.47,132.9,729.68,50.23,28.81,109.21
"VIC","Glenelg",141.718215942383,-38.2639350891113,0.32,1.44,1.68,250.64,123.04,653.57,100.13,52.24,247.96
"VIC","Glenelg",141.857879638672,-38.2674942016602,0.32,1.45,1.8,203.2,102.32,512.38,59.85,33.43,135.07
"VIC","Moyne",141.972457885742,-38.3012351989746,0.32,1.46,1.86,166.8,85.67,410.69,42.32,24.87,88.92
"VIC","Moyne",142.069732666016,-38.361385345459,0.32,1.44,1.9,236.63,116.53,615.64,47.02,27.35,99.93
"VIC","Moyne",142.159042358398,-38.3936805725098,0.32,1.44,1.97,212.31,105.73,544.81,37.31,22.43,75.74
"VIC","Moyne",142.317962646484,-38.3637771606445,0.32,1.45,1.75,179.83,90.73,455.31,62.15,34.53,141.36
"VIC","Moyne",142.368423461914,-38.3553047180176,0.32,1.46,1.91,171.78,86.44,438.3,35.05,21.14,71.04
"VIC","Warrnambool",142.473266601562,-38.4061393737793,0.32,1.46,2.19,173.42,88.11,434.42,20.41,13.45,36.36
"VIC","Warrnambool",142.593643188477,-38.4447784423828,0.32,1.47,3.59,130.26,66.65,328.35,4.83,3.9,6.49
"VIC","Moyne",142.699172973633,-38.5162963867188,0.32,1.46,2.05,166.78,84.4,421.92,29.41,18.37,56.44
"VIC","Moyne",142.760925292969,-38.5590782165527,0.32,1.46,1.82,160.69,81.89,402.28,54.85,31.26,119.91
"VIC","Moyne",142.855392456055,-38.6059112548828,0.32,1.98,3.84,100.46,53.74,237.06,5.18,4.15,7.03
"VIC","Corangamite",142.938079833984,-38.6286964416504,0.32,1.96,2.44,143.77,74.35,352.88,40.61,24.3,82.65
"VIC","Corangamite",143.061187744141,-38.6513214111328,0.32,1.98,4.41,102.59,54.99,240.88,3.98,3.29,5.16
"VIC","Corangamite",143.12614440918,-38.6886444091797,0.32,1.97,3.82,116.98,61.4,283.07,5.5,4.35,7.58
"VIC","Corangamite",143.220077514648,-38.765064239502,0.32,1.97,4.36,131.04,67.37,327.15,4.25,3.49,5.58
"VIC","Corangamite",143.258102416992,-38.7737083435059,0.32,1.96,4.13,153.14,76.72,397.18,4.69,3.79,6.27
"VIC","Colac Otway",143.322082519531,-38.7615127563477,0.32,1.96,3.31,134.93,68.46,344.71,8.04,6.05,11.91
"VIC","Colac Otway",143.442535400391,-38.8025894165039,0.32,1.96,3.18,135.6,68.45,349.64,9,6.63,13.76
"VIC","Colac Otway",143.474304199219,-38.8234748840332,0.32,1.97,3.25,120.84,61.71,307.48,8.52,6.33,12.88
"VIC","Colac Otway",143.489456176758,-38.8496475219727,0.32,1.96,3.82,146.89,73.4,384,5.82,4.57,8.13
"VIC","Colac Otway",143.561721801758,-38.8537979125977,0.32,1.97,3.59,129.07,65.71,328.68,6.18,4.86,8.57
"VIC","Colac Otway",143.609146118164,-38.8103332519531,0.32,1.97,3.23,118.21,60.98,295.46,7.57,5.76,11.02
"VIC","Colac Otway",143.670211791992,-38.7791442871094,0.32,1.98,2.99,110.6,57.67,272.14,10.68,7.76,16.54
"VIC","Colac Otway",143.721633911133,-38.7261772155762,0.32,1.99,2.87,95.94,51.16,228.54,11.45,8.2,18.13
"VIC","Colac Otway",143.830795288086,-38.6988716125488,0.32,2,3.22,78,42.97,177.23,7.61,5.76,11.17
"VIC","Colac Otway",143.908462524414,-38.6325874328613,0.32,2.02,2.87,64.76,36.83,140.42,12.14,8.52,19.91
"VIC","Colac Otway",143.922714233398,-38.6115913391113,0.32,2.02,2.74,65.32,37.12,141.69,14.94,10.21,25.41
"VIC","Surf Coast",144.006912231445,-38.5137557983398,0.32,2.02,2.28,63.01,36.14,134.69,39.48,24.02,78
"VIC","Surf Coast",144.112899780273,-38.4712715148926,0.32,2.01,2.41,66.12,37.73,142.27,31.3,19.26,61.55
"VIC","Surf Coast",144.18293762207,-38.4305267333984,0.32,2.01,2.35,68.49,38.92,148.14,39.11,23.44,79.59
"VIC","Surf Coast",144.246520996094,-38.4009552001953,0.32,2.02,2.66,65.68,37.62,140.32,16.29,10.91,28.56
"VIC","Surf Coast",144.299911499023,-38.3594818115234,0.32,1.49,2.27,66.77,38.23,142.63,16.79,11.05,30.43
"VIC","Greater Geelong",144.483413696289,-38.2930297851562,0.32,1.72,2.19,63.34,36.56,133.81,24.86,15.87,46.36
"VIC","Greater Geelong",144.531326293945,-38.2786865234375,0.32,1.73,2.14,58.82,34.31,122.42,29.14,18.15,56.29
"VIC","Greater Geelong",144.583847045898,-38.2871780395508,0.32,1.73,2.37,59.01,34.33,123.37,14.92,10.25,25.07
"VIC","Greater Geelong",144.711074829102,-38.2048835754395,0.32,1.41,1.76,104.18,57.59,230.86,49.65,28.89,105.03
"VIC","Greater Geelong",144.672241210938,-38.1073417663574,0.32,1.45,1.81,125.28,67.32,289.05,57.31,32.62,125.11
"VIC","Greater Geelong",144.566375732422,-38.0351142883301,0.32,1.43,1.83,168.54,85.78,421.66,54.02,30.51,120.35
"VIC","Wyndham",144.640426635742,-38.0052757263184,0.32,1.43,1.85,168.14,85.6,420.47,45.48,26.36,97.57
"VIC","Wyndham",144.715637207031,-37.9673156738281,0.32,1.44,1.88,142.07,74.16,342.96,37.76,22.49,77.95
"VIC","Wyndham",144.800323486328,-37.9226760864258,0.32,1.42,1.88,122.71,65.39,287.79,29.45,18.24,57.44
"VIC","Bayside (Vic.)",144.973785400391,-37.9034385681152,0.32,1.42,1.9,121.74,63.8,294.64,26.29,16.53,50.24
"VIC","Kingston (Vic.)",145.104125976562,-38.0440711975098,0.32,1.44,2.03,97.21,52.72,224.11,21.09,13.75,38.2
"VIC","Mornington Peninsula",145.069442749023,-38.1770629882812,0.32,1.45,2.09,73.01,41.8,155.09,15.67,10.84,25.94
"VIC","Mornington Peninsula",145.028579711914,-38.2162742614746,0.32,1.46,2.06,70.47,40.69,147.73,17.12,11.65,29.03
"VIC","Mornington Peninsula",144.98030090332,-38.2909278869629,0.32,1.47,2,61.12,36.22,123.32,19.28,12.86,33.69
"VIC","Mornington Peninsula",144.711502075195,-38.3453521728516,0.32,1.44,2.39,56.91,33.25,118.37,9.47,6.99,14.35
"VIC","Mornington Peninsula",144.799087524414,-38.4085922241211,0.32,1.47,3.24,56.95,33.22,118.83,4.9,3.98,6.51
"VIC","Mornington Peninsula",144.880584716797,-38.4909248352051,0.32,1.47,3,60.5,34.99,127.67,5.82,4.6,8.05
"VIC","Mornington Peninsula",144.889007568359,-38.5022506713867,0.32,1.45,2.84,79.78,44.61,176.02,7.01,5.41,10.01
"VIC","Mornington Peninsula",144.935150146484,-38.499584197998,0.32,1.46,3.07,70.57,40.09,152.4,5.8,4.6,7.97
"VIC","Mornington Peninsula",145.001846313477,-38.4880523681641,0.32,1.46,2.94,66.05,37.76,141.6,6.23,4.89,8.67
"VIC","Bass Coast",145.211959838867,-38.5279922485352,0.32,2.37,3.06,67.69,38.62,145.47,17.01,11.49,29.26
"VIC","Bass Coast",145.113464355469,-38.5205268859863,0.32,2.38,3.46,63.8,36.39,137.66,8.57,6.41,12.76
"VIC","Bass Coast",145.319030761719,-38.5331535339355,0.32,2.38,3.95,62.13,35.65,132.83,6.13,4.81,8.53
"VIC","Bass Coast",145.344192504883,-38.5650634765625,0.32,2.38,4.26,63.45,36.41,135.48,4.83,3.91,6.42
"VIC","Bass Coast",145.450881958008,-38.5514945983887,0.32,2.38,3.68,58.14,33.6,123.19,7.74,5.85,11.37
"VIC","Bass Coast",145.509979248047,-38.5911598205566,0.32,2.39,4.06,53.23,31.11,111.08,5.65,4.46,7.82
"VIC","Bass Coast",145.600509643555,-38.6806640625,0.32,2.39,3.94,56.5,32.67,119.84,6.44,4.98,9.2
"VIC","Bass Coast",145.620834350586,-38.6789741516113,0.32,2.37,4.64,65.82,37.24,143.94,4.49,3.67,5.92
"VIC","Bass Coast",145.671844482422,-38.6737289428711,0.32,2.38,4.03,61.88,35.31,133.77,6.33,4.92,8.96
"VIC","South Gippsland",145.793563842773,-38.702205657959,0.32,2.4,3.24,50.65,29.65,105.77,12.42,8.74,20.21
"VIC","South Gippsland",145.814971923828,-38.7238578796387,0.32,2.4,3.29,50.76,29.69,106.11,11.8,8.38,18.98
"VIC","South Gippsland",145.868545532227,-38.8068962097168,0.32,2.39,3.44,52.92,30.75,111.76,9.5,6.98,14.54
"VIC","South Gippsland",145.91276550293,-38.9055824279785,0.32,2.37,3.24,66.3,37.36,145.98,11.82,8.46,18.71
"VIC","South Gippsland",145.990966796875,-38.8922653198242,0.32,2.36,3.05,74.86,41.46,168.95,16.01,10.92,27.17
"VIC","South Gippsland",146.011672973633,-38.8788261413574,0.32,2.37,2.95,68.81,38.56,152.74,18.56,12.36,32.61
"VIC","South Gippsland",146.120162963867,-38.8356971740723,0.32,2.39,2.75,56.36,32.55,119.86,22.82,14.83,41.35
"VIC","South Gippsland",146.194381713867,-38.8833122253418,0.32,2.41,2.91,42.47,25.52,85.46,16.93,11.46,28.99
"VIC","South Gippsland",146.262420654297,-38.9875793457031,0.32,2.4,3.77,47.98,28.37,98.73,6.5,5.06,9.15
"VIC","South Gippsland",146.313919067383,-39.0818901062012,0.32,2.38,3.04,57.96,33.4,123.51,11.77,8.55,18.13
"VIC","South Gippsland",146.323608398438,-39.0979347229004,0.32,2.37,3.03,64.14,36.47,139.25,12.02,8.73,18.49
"VIC","Unincorporated Vic",146.365310668945,-39.1418838500977,0.32,2.33,3.76,122.21,63.67,299.08,9.1,6.73,13.78
"VIC","South Gippsland",146.425231933594,-39.1314163208008,0.32,2.32,3.07,133.04,68.04,335.19,19.4,12.96,33.77
"VIC","South Gippsland",146.476226806641,-39.0241432189941,0.32,2.31,3.42,169.37,83.65,448.1,7.34,5.59,10.69
"VIC","South Gippsland",146.483413696289,-39.0663795471191,0.32,2.32,4.2,148.96,74.87,384.66,3.85,3.2,4.95
"VIC","South Gippsland",146.450546264648,-38.9980163574219,0.32,2.3,3.13,184.58,90.11,496.19,11.71,8.4,18.47
"VIC","South Gippsland",146.461624145508,-38.9421501159668,0.32,2.3,3.43,206.1,99.23,564.28,7.07,5.35,10.43
"VIC","Unincorporated Vic",146.514770507812,-38.9172515869141,0.32,2.3,2.52,209.88,101.03,574.12,67,39.17,137.76
"VIC","Wellington",146.535461425781,-38.7930603027344,0.32,2.28,2.5,288.35,135.17,811.21,67.75,39.38,140.72
"VIC","Wellington",146.522018432617,-38.7835998535156,0.32,2.28,2.43,303.42,140.69,868.21,93.07,51.39,208.1
"VIC","Wellington",146.433959960938,-38.730281829834,0.32,2.26,2.66,512.46,219.51,1641.59,43.91,27.01,84.47
"VIC","Wellington",147.02409362793,-38.519416809082,0.32,1.38,1.66,66.91,38.91,138.88,39.34,24.04,77.08
"VIC","Wellington",147.07096862793,-38.4757423400879,0.32,1.4,1.67,57.76,34.23,116.9,33.17,20.69,63.28
"VIC","Wellington",147.189910888672,-38.3921127319336,0.32,1.39,1.77,60.15,35.12,124.77,24.2,15.6,44.36
"VIC","Wellington",147.261337280273,-38.3325843811035,0.32,1.38,1.82,72.36,40.78,158.4,19.49,12.94,34.27
"VIC","Wellington",147.33967590332,-38.2696342468262,0.32,1.37,1.83,80.4,44.63,179.71,18.92,12.57,33.35
"VIC","Wellington",147.453384399414,-38.1829528808594,0.32,1.38,1.88,70.91,40.59,150.97,16.95,11.38,29.52
"VIC","Wellington",147.522064208984,-38.1248092651367,0.32,1.37,1.93,79.36,44.69,172.93,15.18,10.37,25.76
"VIC","Wellington",147.615447998047,-38.0626106262207,0.32,1.35,1.81,103.76,55.84,241.63,18.47,12.39,32.01
"VIC","Wellington",147.695892333984,-38.0107536315918,0.32,1.33,1.84,133.33,68.8,330.19,17.03,11.59,28.9
"VIC","East Gippsland",147.829528808594,-37.9416542053223,0.32,1.32,1.99,178.53,87.8,474.32,13.02,9.18,21.04
"VIC","East Gippsland",147.875839233398,-37.9240379333496,0.32,1.32,2.02,183.21,89.81,488.97,12.49,8.86,20.01
"VIC","East Gippsland",148.034805297852,-37.877140045166,0.32,1.32,2.03,182.18,89.14,488.09,12.79,9.06,20.49
"VIC","East Gippsland",148.155181884766,-37.8430023193359,0.32,1.32,1.97,159.03,79.37,414.31,14.01,9.82,22.78
"VIC","East Gippsland",148.258483886719,-37.8193511962891,0.32,1.32,2,166.71,82.82,436.66,14.02,9.83,22.8
"VIC","East Gippsland",148.356628417969,-37.8117446899414,0.32,1.33,2.02,152.34,76.54,393.1,14.26,9.98,23.23
"VIC","East Gippsland",148.521102905273,-37.804370880127,0.32,1.32,2.05,165.84,82.51,433.27,15.74,10.82,26.31
"VIC","East Gippsland",148.585525512695,-37.8069458007812,0.32,1.32,2.06,157.22,78.45,410.17,15.89,10.93,26.56
"VIC","East Gippsland",148.72981262207,-37.8159523010254,0.32,1.3,2.13,237.32,113.28,653.98,17.38,11.72,29.95
"VIC","East Gippsland",148.786849975586,-37.7952995300293,0.32,1.32,2.26,155.15,78.23,397.14,14.83,10.21,24.84
"VIC","East Gippsland",148.886962890625,-37.7905311584473,0.32,1.34,2.33,119.88,62.69,291.68,13.02,9.16,21.14
"VIC","East Gippsland",149.046005249023,-37.7861557006836,0.32,1.34,2.3,129.72,67.76,314.58,14.99,10.35,24.96
"VIC","East Gippsland",149.16242980957,-37.7828369140625,0.32,1.75,2.76,124.94,65.86,298.7,14.03,9.81,22.93
"VIC","East Gippsland",149.273971557617,-37.8057403564453,0.32,1.73,2.89,185.17,92.76,474.11,11.87,8.5,18.72
"VIC","East Gippsland",149.366806030273,-37.7815475463867,0.32,1.75,2.73,133.89,70.16,322.19,14.14,9.87,23.17
"VIC","East Gippsland",149.426132202148,-37.7818412780762,0.32,1.74,2.87,141.21,73.62,341.79,11.63,8.35,18.29
"VIC","East Gippsland",149.480285644531,-37.7810363769531,0.32,1.74,2.77,144.11,74.57,353.17,13.03,9.2,20.99
"VIC","East Gippsland",149.494430541992,-37.7751312255859,0.32,1.74,2.55,150.5,77.71,369.27,17.57,11.82,30.4
"VIC","East Gippsland",149.602462768555,-37.7272529602051,0.32,1.74,2.64,146.25,75.64,358.48,13.72,9.57,22.58
"VIC","East Gippsland",149.671539306641,-37.6921310424805,0.32,1.74,3.4,149.54,77.24,366.88,5.85,4.63,8.06
"VIC","East Gippsland",149.713882446289,-37.6465682983398,0.32,1.74,2.88,143.13,74.35,348.44,8.66,6.49,12.84
"VIC","East Gippsland",149.721771240234,-37.6194801330566,0.32,1.75,3.1,134.71,70.45,325.18,7,5.4,9.98
"VIC","East Gippsland",149.768264770508,-37.5742301940918,0.32,1.75,2.47,132.63,69.68,317.75,15.01,10.34,25.1
"TAS","Huon Valley",146.70002746582,-43.6302795410156,0.32,1.55,2.05,127.03,65.27,318.28,35.24,21.55,69.52
"TAS","Huon Valley",146.725952148438,-43.6302185058594,0.32,1.57,1.99,107.12,56.65,257.15,31.22,19.48,59.75
"TAS","Huon Valley",146.823883056641,-43.6396865844727,0.32,1.59,2.78,77.85,43.31,173.71,10.92,7.85,17.23
"TAS","Huon Valley",146.83642578125,-43.6413917541504,0.32,1.59,2.43,78.84,44.03,174.5,19.39,12.89,34.07
"TAS","Huon Valley",146.875350952148,-43.6377182006836,0.32,1.6,2.64,71.02,40.46,152.54,12.3,8.75,19.63
"TAS","Huon Valley",146.65266418457,-43.6085815429688,0.32,1.54,2.05,162.22,80.09,430.78,31.4,19.55,60.39
"TAS","Huon Valley",146.925216674805,-43.5979690551758,0.32,1.6,3.86,67.2,38.57,142.85,3.6,3.02,4.61
"TAS","Huon Valley",146.024490356445,-43.5679931640625,0.32,1.51,4.82,316.1,153.08,833.3,3.55,3,4.46
"TAS","Huon Valley",146.041366577148,-43.5667343139648,0.32,1.48,1.81,584.22,257.14,1764.73,106.73,56.62,254.76
"TAS","Huon Valley",146.100540161133,-43.5627288818359,0.32,1.5,2,394.71,181.82,1123.98,37.43,22.69,74.74
"TAS","Huon Valley",146.117294311523,-43.5540924072266,0.32,1.49,1.74,522.69,229.47,1597.28,110.09,57.74,267.97
"TAS","Huon Valley",146.204208374023,-43.5411643981934,0.32,1.49,3.32,456.16,202.53,1377.39,6.78,5.16,9.95
"TAS","Huon Valley",146.289398193359,-43.5471343994141,0.32,1.49,2.32,488.25,210.22,1554.26,16.34,11.22,27.34
"TAS","Huon Valley",146.330108642578,-43.5856704711914,0.32,1.51,3.58,317.34,145.61,923.25,4.99,4.08,6.51
"TAS","Huon Valley",146.375564575195,-43.5824508666992,0.32,1.5,2.44,360.66,158.8,1124.46,16.89,11.64,28.01
"TAS","Huon Valley",146.386032104492,-43.586597442627,0.32,1.5,2.75,333.77,148.19,1029.98,8.56,6.39,12.82
"TAS","Huon Valley",146.461120605469,-43.5462989807129,0.32,1.51,1.9,273.54,124.81,812.98,43.45,25.92,88.47
"TAS","Huon Valley",146.527770996094,-43.5751419067383,0.32,1.52,3.8,245.18,113.54,714.09,4.85,3.9,6.56
"TAS","Huon Valley",146.597885131836,-43.5658683776855,0.32,1.56,2.08,123.06,63.63,305.28,19.21,12.79,33.69
"TAS","Huon Valley",146.925354003906,-43.5755615234375,0.32,1.6,2.43,68.78,39.34,146.95,11.5,8.29,17.97
"TAS","Huon Valley",146.02912902832,-43.5403099060059,0.32,1.49,2.1,432.11,200.78,1204.89,31.23,19.54,59.47
"TAS","Huon Valley",146.963455200195,-43.5297203063965,0.32,1.59,1.78,72.11,40.97,155.5,69.34,38.77,154.5
"TAS","Kingborough",147.287857055664,-43.5285034179688,0.32,1.59,3.71,73.9,41.65,161.46,5.07,4.06,6.89
"TAS","Kingborough",147.299224853516,-43.5296592712402,0.32,1.55,3.1,136.49,70.25,339.14,8.72,6.52,12.99
"TAS","Huon Valley",145.998428344727,-43.4649772644043,0.32,1.5,2.29,360.66,171.76,972.39,23.96,15.66,42.81
"TAS","Huon Valley",146.991561889648,-43.4864807128906,0.32,1.59,1.84,75.49,42.55,164.71,58.3,33.45,125.19
"TAS","Kingborough",147.1865234375,-43.4901275634766,0.32,1.59,2.46,80.25,44.6,178.97,14.51,10.06,24.03
"TAS","Kingborough",147.331878662109,-43.4914779663086,0.32,1.55,2.89,138.31,70.28,351.74,7.8,5.92,11.38
"TAS","Huon Valley",145.960891723633,-43.4287185668945,0.32,1.49,2.64,438.65,202.46,1236.81,12,8.63,18.79
"TAS","Huon Valley",147.029708862305,-43.4380493164062,0.32,1.59,2.04,77.93,43.64,171.75,23.35,15.32,41.51
"TAS","Kingborough",147.205184936523,-43.4563064575195,0.32,1.59,1.85,80.7,44.84,180.09,52.8,30.81,110.58
"TAS","Kingborough",147.349029541016,-43.4391441345215,0.32,1.55,2.19,135.13,68.91,341.86,20.58,13.84,35.22
"TAS","Huon Valley",145.957672119141,-43.4231262207031,0.32,1.6,2.94,69.22,39.46,148.77,7.26,5.59,10.35
"TAS","Huon Valley",147.029922485352,-43.4311828613281,0.32,1.59,1.88,80.58,44.91,178.81,37.8,23.23,73.5
"TAS","Kingborough",147.169281005859,-43.4217338562012,0.32,1.58,1.63,85.45,47.12,192.65,78.16,43.31,175.62
"TAS","Kingborough",147.381912231445,-43.3907890319824,0.32,1.55,2.82,135.63,69.13,343.36,7.11,5.46,10.19
"TAS","Huon Valley",145.953216552734,-43.3851013183594,0.32,1.6,2.58,71.54,40.32,156.66,8.76,6.67,12.61
"TAS","Kingborough",147.100143432617,-43.3887329101562,0.32,1.58,1.72,90.76,49.58,207.37,68.5,38.69,149.9
"TAS","Kingborough",147.174331665039,-43.3735466003418,0.32,1.58,1.8,90.41,49.46,206.05,66.19,37.63,143.37
"TAS","Kingborough",147.388381958008,-43.3743095397949,0.32,1.55,2.71,137.08,69.85,347.02,8.58,6.42,12.75
"TAS","West Coast",145.860122680664,-43.3240089416504,0.32,1.49,3.76,484.28,220.59,1390.37,5.57,4.38,7.77
"TAS","West Coast",145.872009277344,-43.3267440795898,0.32,1.48,3.72,599.72,264.76,1798.98,6.35,4.91,9.08
"TAS","Huon Valley",147.072708129883,-43.332218170166,0.32,1.58,2.1,92.97,50.65,213.2,26.33,16.96,48.08
"TAS","Kingborough",147.175140380859,-43.3535766601562,0.32,1.58,1.76,92.68,50.52,212.37,78.65,43.82,174.89
"TAS","Kingborough",147.387649536133,-43.3644943237305,0.32,1.55,2.62,136.91,69.78,346.5,9.83,7.2,15.05
"TAS","West Coast",145.809722900391,-43.2847747802734,0.32,1.54,4.78,165.68,85.65,403.25,2.91,2.54,3.49
"TAS","Huon Valley",147.145385742188,-43.2968673706055,0.32,1.57,1.7,96.84,52.44,223.98,72.72,41.23,157.28
"TAS","Kingborough",147.343643188477,-43.2917823791504,0.32,1.55,1.92,141.85,71.91,361.68,28.39,18.64,49.81
"TAS","West Coast",145.810775756836,-43.2693901062012,0.32,1.63,4.8,47.48,28.67,93.95,2.83,2.48,3.38
"TAS","Kingborough",147.368865966797,-43.2646980285645,0.32,1.55,1.98,144.05,72.87,368.46,28.09,18.23,50.37
"TAS","Kingborough",147.424240112305,-43.2564239501953,0.32,1.55,1.9,144.53,73.03,370.3,54.31,31.75,113.13
"TAS","Tasman",147.774551391602,-43.2328567504883,0.32,1.55,3.52,139.68,71.07,354.13,5.13,4.12,6.93
"TAS","Tasman",147.796905517578,-43.2448196411133,0.32,1.54,3.62,161.52,80.14,425.07,4.83,3.91,6.44
"TAS","West Coast",145.780456542969,-43.2245597839355,0.32,1.62,2.48,53.49,32.27,105.29,10.53,7.72,16.06
"TAS","Kingborough",147.43603515625,-43.2273254394531,0.32,1.55,1.79,142.72,72.28,364.44,69.14,39.34,149.11
"TAS","Tasman",147.715576171875,-43.1994171142578,0.32,1.55,3.25,145.58,73.42,374.19,5.5,4.38,7.5
"TAS","Tasman",147.862182617188,-43.2088279724121,0.32,1.54,2.51,169.09,83.35,449.03,14.05,9.75,23.29
"TAS","Tasman",147.872680664062,-43.2120361328125,0.32,1.54,2.45,167.02,82.54,441.76,16.19,11.04,27.45
"TAS","Tasman",147.958618164062,-43.2214050292969,0.32,1.53,3.72,178.05,87.11,477.86,4.81,3.89,6.43
"TAS","Tasman",147.998931884766,-43.2302474975586,0.32,1.53,2.68,180.62,88.29,485.14,11.44,8.34,17.54
"TAS","West Coast",145.754043579102,-43.1833763122559,0.32,1.49,2.91,418.34,192.29,1191.75,7.26,5.61,10.29
"TAS","Kingborough",147.433731079102,-43.2078018188477,0.32,1.55,1.79,142.09,72.01,362.49,62.64,36.3,131.43
"TAS","Tasman",147.696899414062,-43.1781997680664,0.32,1.55,3.12,141.93,71.94,361.99,6.15,4.81,8.6
"TAS","Tasman",148.010375976562,-43.2168273925781,0.32,1.51,2.95,289.37,132.93,845.44,5.65,4.47,7.78
"TAS","West Coast",145.696655273438,-43.1235504150391,0.32,1.46,2.34,974.17,393.06,3342.31,18.6,12.63,31.5
"TAS","Kingborough",147.411727905273,-43.1649971008301,0.32,1.55,1.85,143.39,72.53,366.91,43.6,26.79,84.03
"TAS","Tasman",147.666564941406,-43.140209197998,0.32,1.55,2.89,143.2,72.46,366.15,7.77,5.92,11.26
"TAS","Tasman",148.008834838867,-43.1421737670898,0.32,1.51,2.78,290.28,133.26,849,8.18,6.11,12.25
"TAS","West Coast",145.685073852539,-43.112190246582,0.32,1.59,2.56,79.27,45.06,169.77,9.33,7.01,13.71
"TAS","Kingborough",147.404937744141,-43.1275825500488,0.32,1.55,2.11,141.99,71.95,362.28,21.96,14.47,38.9
"TAS","Tasman",147.647872924805,-43.0914535522461,0.32,1.55,1.76,145.57,73.42,374.08,90.55,49.17,209.27
"TAS","Tasman",148.007949829102,-43.133716583252,0.32,1.51,2.87,274.2,126.81,794.06,6.74,5.18,9.71
"TAS","West Coast",145.647384643555,-43.0529747009277,0.32,1.63,2.44,49.17,29.82,96.37,10.51,7.8,15.7
"TAS","Clarence",147.42106628418,-43.0523529052734,0.32,1.55,1.78,144.14,72.83,369.35,79.12,43.93,176.99
"TAS","Tasman",147.63232421875,-43.0770645141602,0.32,1.55,1.75,147.04,74,379.24,96.44,51.69,227.4
"TAS","Tasman",147.969223022461,-43.0835113525391,0.32,1.51,2.74,270.99,125.63,781.74,6.63,5.14,9.38
"TAS","West Coast",145.606002807617,-43.012264251709,0.32,1.59,6.1,79.34,45.28,168.69,2.45,2.17,2.89
"TAS","Kingborough",147.348052978516,-43.0447425842285,0.32,1.55,1.68,138.32,70.22,352.41,86.31,47.73,193.41
"TAS","Clarence",147.474639892578,-43.0356559753418,0.32,1.55,1.74,146.2,73.61,376.81,102.48,53.63,251.76
"TAS","Clarence",147.52082824707,-43.0234298706055,0.32,1.55,1.81,144.98,73.01,373.8,78.05,42.46,181.68
"TAS","Tasman",147.620849609375,-43.0335884094238,0.32,1.54,1.72,159.99,79.2,423.16,114.65,59.88,280.5
"TAS","Tasman",147.953903198242,-43.0417671203613,0.32,1.51,2.2,269.4,125,776.31,15.11,10.53,24.72
"TAS","West Coast",145.525390625,-42.9875373840332,0.32,1.46,3.56,1325.77,507.94,4906.73,5.63,4.4,7.94
"TAS","West Coast",145.598937988281,-42.99365234375,0.32,1.61,6.33,61.26,35.57,128.27,2.21,1.98,2.56
"TAS","Clarence",147.553817749023,-42.989860534668,0.32,1.54,1.78,157.38,77.93,416.55,89.87,47.71,217
"TAS","Tasman",147.631622314453,-42.9938316345215,0.32,1.53,1.98,188.06,90.55,518.33,48.04,27.95,101.93
"TAS","Tasman",147.986022949219,-42.9831314086914,0.32,1.42,2.48,264.01,122.93,756.83,9.28,6.81,14.25
"TAS","West Coast",145.488647460938,-42.9550094604492,0.32,1.47,4.59,714.06,293.59,2414.65,3.08,2.67,3.74
"TAS","Clarence",147.554840087891,-42.9659843444824,0.32,1.53,1.77,177.53,86.06,485.09,85.57,45.7,205.02
"TAS","Tasman",147.632385253906,-42.9556884765625,0.32,1.53,1.71,196.66,93.98,548.08,104.08,54.5,255.2
"TAS","Tasman",148.003829956055,-42.9639625549316,0.32,1.42,2.63,253.28,118.61,720.34,7.83,5.9,11.57
"TAS","West Coast",145.449157714844,-42.9071311950684,0.32,1.6,3.44,70.13,41.01,143.75,4.93,4.03,6.45
"TAS","Clarence",147.537948608398,-42.9388542175293,0.32,1.53,1.74,184.38,88.8,508.74,101.89,52.88,254.5
"TAS","Tasman",147.640472412109,-42.9432792663574,0.32,1.53,1.65,203.39,96.8,569.93,126.83,63.99,329.11
"TAS","Tasman",148.00407409668,-42.916877746582,0.32,1.42,2.77,253.28,119,715.86,6.53,5.06,9.29
"TAS","West Coast",145.431121826172,-42.8805046081543,0.32,1.63,3.62,46.49,28.25,91.13,4.2,3.48,5.43
"TAS","Clarence",147.515411376953,-42.879077911377,0.32,1.53,1.79,195.18,93.4,542.93,80.81,43.41,192.19
"TAS","Sorell",147.600143432617,-42.8698997497559,0.32,1.53,1.67,194.76,93.49,538.61,114.22,59.06,284.93
"TAS","Tasman",147.98518371582,-42.8885726928711,0.32,1.42,2.53,254.4,119.59,718.01,6.62,5.2,9.16
"TAS","West Coast",145.415832519531,-42.836971282959,0.32,1.5,4.78,376.13,169.35,1120.72,2.96,2.57,3.58
"TAS","Clarence",147.536834716797,-42.8490219116211,0.32,1.53,1.69,182.31,88.23,498.82,109.82,56.91,273.61
"TAS","Clarence",147.579864501953,-42.8435554504395,0.32,1.53,1.72,193.66,92.92,536.17,110.12,56.49,279.71
"TAS","Tasman",147.924240112305,-42.8430862426758,0.32,1.42,2.19,261.41,122.92,736.1,11.69,8.49,18.04
"TAS","West Coast",145.382736206055,-42.7888107299805,0.32,1.46,4.59,1214.64,455.83,4702.75,3.33,2.83,4.16
"TAS","West Coast",145.376937866211,-42.7676277160645,0.32,1.54,2.95,156.41,79,398.86,6.9,5.28,9.98
"TAS","Sorell",147.932952880859,-42.7424583435059,0.32,1.42,1.72,269.31,126.07,763.11,53.95,31.91,110.06
"TAS","West Coast",145.368698120117,-42.7230072021484,0.32,1.5,2.97,336.62,152.94,993.58,7.25,5.56,10.41
"TAS","Glamorgan-Spring Bay",148.006561279297,-42.7278175354004,0.32,1.42,2.08,264.1,123.95,745.79,19.16,12.96,32.61
"TAS","Glamorgan-Spring Bay",148.054504394531,-42.7257995605469,0.32,1.42,2.29,276,128.66,786.93,11.13,8.11,17.12
"TAS","Glamorgan-Spring Bay",148.096984863281,-42.7202072143555,0.32,1.41,2.32,288.24,133.59,828.35,10.58,7.73,16.2
"TAS","West Coast",145.331405639648,-42.6594543457031,0.32,1.49,2.21,519.86,221.82,1675.83,20.71,13.92,35.49
"TAS","Glamorgan-Spring Bay",148.148025512695,-42.669303894043,0.32,1.41,2.9,309.64,141.91,904.37,5.46,4.35,7.45
"TAS","West Coast",145.32160949707,-42.6448287963867,0.32,1.64,3.03,43.26,26.55,83.6,5.57,4.46,7.5
"TAS","Glamorgan-Spring Bay",148.169342041016,-42.6512565612793,0.32,1.41,2.88,323.86,147.36,955.87,5.77,4.55,8
"TAS","West Coast",145.264724731445,-42.6105651855469,0.32,1.55,2.62,128.41,66.28,318.66,9.69,7.07,14.97
"TAS","Glamorgan-Spring Bay",148.160095214844,-42.6400108337402,0.32,1.41,2.69,326.44,149.25,954.31,6.45,5.02,9.1
"TAS","West Coast",145.27473449707,-42.5649108886719,0.32,1.57,2.97,102.64,54.88,242.07,7,5.39,10.03
"TAS","Glamorgan-Spring Bay",148.055892944336,-42.579460144043,0.32,1.42,1.69,279.1,131.17,783.08,106.34,57.25,247.03
"TAS","Glamorgan-Spring Bay",148.107009887695,-42.5763397216797,0.32,1.41,2.32,298.57,138.92,849.76,9.1,6.82,13.45
"TAS","Glamorgan-Spring Bay",148.123977661133,-42.5849571228027,0.32,1.41,2.65,301.52,140,860.9,6.05,4.79,8.28
"TAS","West Coast",145.262847900391,-42.5347366333008,0.32,2.5,3.49,26.23,16.97,47.52,7.75,5.85,11.4
"TAS","West Coast",145.237335205078,-42.4822196960449,0.32,2.37,3.46,107.13,56.82,255.8,8.72,6.46,13.2
"TAS","Glamorgan-Spring Bay",148.008987426758,-42.5015869140625,0.32,1.42,2.52,279.6,131.48,783.58,5.76,4.59,7.8
"TAS","West Coast",145.231674194336,-42.466968536377,0.32,2.32,3.45,219.99,104.68,613.07,9.05,6.67,13.82
"TAS","Glamorgan-Spring Bay",148.014312744141,-42.4557800292969,0.32,1.41,2.35,288.92,135.14,816.06,7.98,6.07,11.59
"TAS","West Coast",145.232315063477,-42.4186172485352,0.32,2.45,3.28,41.44,25.71,78.78,10.83,7.81,17.01
"TAS","Glamorgan-Spring Bay",148.011306762695,-42.4395561218262,0.32,1.42,2.32,286.56,134.16,808.5,8.77,6.57,13.01
"TAS","West Coast",145.21257019043,-42.3617858886719,0.32,2.4,3.28,67.97,38.45,148.34,10.25,7.42,16.03
"TAS","Glamorgan-Spring Bay",148.015411376953,-42.372974395752,0.32,1.41,2.24,305.61,141.38,877.85,11.3,8.1,17.9
"TAS","West Coast",145.191223144531,-42.3330688476562,0.32,2.26,3.16,995.84,383.64,3720.96,16.07,11.05,26.85
"TAS","Glamorgan-Spring Bay",148.02897644043,-42.3470230102539,0.32,1.41,2.22,313.45,144.42,905.62,12.7,8.92,20.7
"TAS","Glamorgan-Spring Bay",148.258193969727,-42.3345336914062,0.32,1.4,2.8,448.71,194.91,1413.02,6.1,4.81,8.4
"TAS","Glamorgan-Spring Bay",148.319534301758,-42.3450050354004,0.32,1.39,2.81,480.54,207.33,1525.29,6.27,4.91,8.75
"TAS","West Coast",145.176895141602,-42.2989883422852,0.32,2.33,3.24,185.93,92.16,485.4,13.3,9.31,21.79
"TAS","Glamorgan-Spring Bay",148.017181396484,-42.2893524169922,0.32,1.41,1.99,329.64,149.97,972.03,22.67,14.77,40.92
"TAS","Glamorgan-Spring Bay",148.228851318359,-42.3110466003418,0.32,1.39,2.4,461.92,198.49,1481.7,11.13,8.21,16.69
"TAS","Glamorgan-Spring Bay",148.330047607422,-42.3185920715332,0.32,1.4,2.91,430.12,190.83,1305.47,4.89,3.97,6.49
"TAS","West Coast",145.188659667969,-42.2482681274414,0.32,2.33,3.39,201.81,98.56,538.7,10.72,7.75,16.75
"TAS","Glamorgan-Spring Bay",148.029907226562,-42.2586402893066,0.32,1.41,1.86,353.42,158.46,1065.92,34.74,21.37,67.79
"TAS","Glamorgan-Spring Bay",148.251510620117,-42.2540512084961,0.32,1.39,1.67,515.62,215.59,1728.92,121.05,63.3,294.38
"TAS","Glamorgan-Spring Bay",148.324981689453,-42.2534446716309,0.32,1.4,2.21,443.12,195.2,1360.28,10.73,7.77,16.72
"TAS","West Coast",145.171859741211,-42.2119636535645,0.32,2.45,3.64,39.17,24.5,73.58,7.32,5.57,10.66
"TAS","Glamorgan-Spring Bay",148.071105957031,-42.1934814453125,0.32,1.4,2.04,415.37,179.61,1326.88,22.66,14.76,40.93
"TAS","Glamorgan-Spring Bay",148.248123168945,-42.2307014465332,0.32,1.39,1.75,502.62,210.54,1682.45,78.04,43.11,176.45
"TAS","Glamorgan-Spring Bay",148.34782409668,-42.2207717895508,0.32,1.39,2.8,463.44,202.18,1444.34,5.36,4.28,7.29
"TAS","West Coast",145.199859619141,-42.1949310302734,0.32,2.28,3.2,557.14,234.39,1835.67,12.59,9,19.91
"TAS","West Coast",145.25276184082,-42.1763648986816,0.32,2.38,2.97,89.91,49.13,205.48,14.7,10.27,23.99
"TAS","Glamorgan-Spring Bay",148.085830688477,-42.1706275939941,0.32,1.4,1.9,424.47,182.48,1368.92,34.45,21.47,65.64
"TAS","Glamorgan-Spring Bay",148.254638671875,-42.1658248901367,0.32,1.39,1.63,519.07,215.94,1756.56,113.43,60.21,269.43
"TAS","Glamorgan-Spring Bay",148.357803344727,-42.1832542419434,0.32,1.39,3.95,526.18,223.86,1704.15,3.23,2.76,3.98
"TAS","West Coast",145.259750366211,-42.1467628479004,0.32,2.44,2.99,42.29,25.89,82.22,14.5,10.1,23.79
"TAS","Glamorgan-Spring Bay",148.082427978516,-42.1415100097656,0.32,1.4,2.87,440.3,187.86,1436.77,5.74,4.55,7.89
"TAS","Glamorgan-Spring Bay",148.243194580078,-42.1159973144531,0.32,1.39,1.67,512.66,214.7,1714.29,92.41,50.39,211.58
"TAS","Glamorgan-Spring Bay",148.341522216797,-42.1320266723633,0.32,1.39,2.16,539.01,227.76,1765.47,11.35,8.16,17.86
"TAS","West Coast",145.255340576172,-42.1075897216797,0.32,2.33,2.95,207.05,100.6,557.03,17.51,11.95,29.46
"TAS","Glamorgan-Spring Bay",148.108413696289,-42.0997619628906,0.32,1.39,1.67,516.13,214.1,1757.17,90.27,49.66,203.59
"TAS","Glamorgan-Spring Bay",148.15641784668,-42.0934715270996,0.32,1.39,1.67,554.79,227.99,1912.67,98.25,53.21,226.88
"TAS","Glamorgan-Spring Bay",148.218154907227,-42.1014633178711,0.32,1.39,1.67,562.83,232.06,1925.97,95.87,51.93,221.75
"TAS","Glamorgan-Spring Bay",148.35368347168,-42.1143798828125,0.32,1.39,2.22,499.32,214.62,1592.06,12.65,8.93,20.44
"TAS","West Coast",145.247283935547,-42.0595054626465,0.32,2.39,2.97,79.39,44.54,174.16,17.3,11.76,29.34
"TAS","Glamorgan-Spring Bay",148.329803466797,-42.0832252502441,0.32,1.39,2.15,542.82,229.09,1781.16,15.28,10.44,25.9
"TAS","West Coast",145.229965209961,-42.0238990783691,0.32,2.35,3.35,126.95,66.65,305.41,11.07,7.97,17.39
"TAS","Glamorgan-Spring Bay",148.290771484375,-42.0331077575684,0.32,1.39,2.06,542.19,228.69,1781.19,16.39,11.13,28.02
"TAS","West Coast",145.205535888672,-41.9772605895996,0.32,2.35,3.32,147.58,75.91,365.15,11.78,8.43,18.66
"TAS","West Coast",145.210815429688,-41.987922668457,0.32,2.32,3.29,239.4,115.01,651.42,12.6,8.93,20.21
"TAS","Glamorgan-Spring Bay",148.293594360352,-41.9944076538086,0.32,1.39,2.18,590.77,245.09,1990.55,10.18,7.43,15.67
"TAS","West Coast",145.151718139648,-41.9276809692383,0.32,2.26,3.23,1318.71,492.99,5112.7,18.78,12.77,31.7
"TAS","Glamorgan-Spring Bay",148.326049804688,-41.9238891601562,0.32,1.38,1.98,770.82,305.96,2771.7,21.25,14.02,37.61
"TAS","West Coast",145.123046875,-41.9068222045898,0.32,2.25,4.94,1487.21,545.45,5928.13,4.53,3.7,5.96
"TAS","Glamorgan-Spring Bay",148.32600402832,-41.9160652160645,0.32,1.38,1.95,700.86,282.81,2459.08,23.35,15.19,42.16
"TAS","West Coast",145.065216064453,-41.8570671081543,0.32,2.25,3.41,1428.96,527.25,5647.32,14.41,10.09,23.44
"TAS","Glamorgan-Spring Bay",148.313522338867,-41.8726387023926,0.32,1.38,2.15,711.71,286.39,2507.72,14.53,10,24.39
"TAS","Glamorgan-Spring Bay",148.285293579102,-41.8549880981445,0.32,1.38,2.05,777.67,309.24,2784.93,17.81,11.89,31.27
"TAS","West Coast",144.993347167969,-41.7665786743164,0.32,2.34,3.3,158.18,79.51,406.76,12.02,8.57,19.11
"TAS","Break O'Day",148.276168823242,-41.7884788513184,0.32,1.37,1.92,977.61,374.43,3698.86,20.14,13.54,34.56
"TAS","West Coast",144.968856811523,-41.7353935241699,0.32,2.33,2.84,192.54,94.42,511.68,23,15.21,40.33
"TAS","Break O'Day",148.304916381836,-41.7495002746582,0.32,1.37,1.98,874.53,340.93,3224.97,20.39,13.61,35.41
"TAS","West Coast",144.913070678711,-41.7110061645508,0.32,2.41,2.98,60.9,35.4,127.31,18.34,12.28,31.9
"TAS","Break O'Day",148.29084777832,-41.712272644043,0.32,1.37,2.06,948.33,367.17,3522.36,13.86,9.74,22.41
"TAS","West Coast",144.905609130859,-41.6852493286133,0.32,2.28,2.79,700.35,289.11,2353.73,32.88,20.7,61.7
"TAS","Break O'Day",148.295654296875,-41.6715774536133,0.32,1.37,2.1,926.73,361.74,3394.62,13.31,9.41,21.4
"TAS","Circular Head",144.895599365234,-41.6370429992676,0.32,2.32,2.85,235.7,112.29,652.14,21.32,14.19,37.11
"TAS","Break O'Day",148.323333740234,-41.622428894043,0.32,1.37,2.12,847.87,337.01,3019.75,13.56,9.55,21.87
"TAS","Circular Head",144.87744140625,-41.5798988342285,0.32,2.34,2.99,161,81.37,409.29,18.35,12.39,31.43
"TAS","Break O'Day",148.323577880859,-41.5981369018555,0.32,1.37,2.49,818.49,327.66,2883.2,7.27,5.55,10.52
"TAS","Circular Head",144.852844238281,-41.5486030578613,0.32,2.26,2.85,1213.58,467.16,4478.61,32.63,20.57,61.11
"TAS","Break O'Day",148.303894042969,-41.5573692321777,0.32,1.37,2.46,830.06,331.74,2930.37,6.84,5.31,9.62
"TAS","Circular Head",144.818405151367,-41.5034866333008,0.32,2.29,3.32,459.03,202.24,1405.38,13.39,9.38,21.86
"TAS","Break O'Day",148.286987304688,-41.5200653076172,0.32,1.37,2.64,878.22,347.31,3150.19,5.41,4.34,7.29
"TAS","Circular Head",144.797225952148,-41.4758071899414,0.32,2.27,2.85,717.4,299.14,2362.5,28.71,18.37,52.74
"TAS","Break O'Day",148.269668579102,-41.4799690246582,0.32,1.37,2.12,861.03,341.75,3071.75,10.69,7.79,16.48
"TAS","Circular Head",144.749847412109,-41.4273529052734,0.32,2.28,3.78,704.3,293.33,2327.11,8.53,6.37,12.76
"TAS","Break O'Day",148.28434753418,-41.4291572570801,0.32,2.24,2.92,931.68,364.84,3390.78,15.11,10.49,24.93
"TAS","Circular Head",144.751449584961,-41.4097518920898,0.32,2.31,2.88,295.75,140.5,810.46,25.73,16.68,46.49
"TAS","Break O'Day",148.297515869141,-41.3928070068359,0.32,2.25,2.93,839.52,334.9,2971.8,15.32,10.58,25.46
"TAS","Circular Head",144.760650634766,-41.350212097168,0.32,2.29,2.96,492.59,217.82,1491.08,23.07,15.23,40.54
"TAS","Break O'Day",148.308197021484,-41.3584861755371,0.32,2.25,2.99,781.61,317.03,2694.64,14.43,10,23.93
"TAS","Circular Head",144.714797973633,-41.298942565918,0.32,2.32,2.97,223.89,109.17,595.2,23.18,15.31,40.74
"TAS","Break O'Day",148.335403442383,-41.3010597229004,0.32,2.25,2.85,834.11,335.59,2906.92,18.88,12.71,32.43
"TAS","Circular Head",144.707702636719,-41.2828521728516,0.32,2.35,3,140.06,72.37,344.82,19.91,13.36,34.29
"TAS","Break O'Day",148.365814208984,-41.2782859802246,0.32,2.25,2.99,813.43,327.83,2830.57,14.22,9.98,23.04
"TAS","Circular Head",144.682250976562,-41.2399520874023,0.32,2.38,3.43,92.31,50.4,210.85,12.36,8.73,19.99
"TAS","Break O'Day",148.316146850586,-41.2480316162109,0.32,2.25,4.79,729.47,300.85,2449.11,2.87,2.49,3.48
"TAS","Circular Head",144.684188842773,-41.2004814147949,0.32,2.38,3.12,90.53,49.63,205.54,17.3,11.63,30.03
"TAS","Circular Head",144.669128417969,-41.1608581542969,0.32,2.39,3.14,78.84,43.78,176.33,16.93,11.44,29.11
"TAS","Break O'Day",148.287109375,-41.1660232543945,0.32,2.27,3.56,448.71,199.05,1358.46,4.79,3.9,6.31
"TAS","Circular Head",144.661819458008,-41.1233596801758,0.32,2.38,3.32,92.42,50.62,209.89,15.23,10.41,25.81
"TAS","Central Coast (Tas.)",146.15837097168,-41.1372108459473,0.32,2.39,2.76,90.14,49.29,205.67,29.56,18.6,55.91
"TAS","Central Coast (Tas.)",146.198120117188,-41.1493263244629,0.32,2.39,2.84,85.58,47.1,193.54,24.92,16.07,45.57
"TAS","Central Coast (Tas.)",146.2568359375,-41.1485290527344,0.32,2.39,2.75,86.59,47.68,195.52,28.86,18.21,54.39
"TAS","Devonport",146.321304321289,-41.1522064208984,0.32,2.39,2.77,83.38,46.15,186.96,27.97,17.75,52.3
"TAS","Latrobe (Tas.)",146.430786132812,-41.155158996582,0.32,2.4,2.9,76.4,42.9,167.79,22.2,14.49,39.99
"TAS","Latrobe (Tas.)",146.492980957031,-41.1431465148926,0.32,2.4,2.92,76.17,42.85,166.75,22.8,14.88,41.05
"TAS","Latrobe (Tas.)",146.525863647461,-41.1228256225586,0.32,2.4,2.94,80.02,44.85,175.79,21.97,14.45,39.04
"TAS","Latrobe (Tas.)",146.589111328125,-41.1430435180664,0.32,2.41,2.71,70.43,40.07,151.69,27.14,17.43,49.71
"TAS","Break O'Day",148.282577514648,-41.1071319580078,0.32,2.26,3.97,631.64,268.46,2024.37,3.85,3.24,4.88
"TAS","Circular Head",144.664001464844,-41.0789909362793,0.32,2.37,3.14,99.97,55.11,223.26,17.23,11.63,29.68
"TAS","Central Coast (Tas.)",146.043014526367,-41.0946350097656,0.32,2.38,2.92,91.58,49.94,209.74,27.04,17.02,51.45
"TAS","Central Coast (Tas.)",146.093994140625,-41.1137771606445,0.32,2.38,2.87,91.52,49.94,209.46,26.43,16.8,49.49
"TAS","Latrobe (Tas.)",146.640960693359,-41.0928993225098,0.32,2.37,2.88,77.33,43.64,168.08,20.67,13.82,35.74
"TAS","Break O'Day",148.294143676758,-41.0832061767578,0.32,2.26,3.59,607.81,259.75,1933.12,5.25,4.22,7.09
"TAS","Circular Head",144.630340576172,-41.0435943603516,0.32,2.36,4.59,112.04,60.49,258.06,4.84,3.91,6.49
"TAS","Burnie",145.97412109375,-41.0647888183594,0.32,2.37,3.14,93.63,50.99,214.76,19.95,13.03,36.18
"TAS","West Tamar",146.705780029297,-41.0612106323242,0.32,2.36,2.88,80.67,45.39,175.84,21.41,14.27,37.18
"TAS","West Tamar",146.720199584961,-41.0631256103516,0.32,2.37,2.86,78.45,44.35,169.83,20.71,13.88,35.66
"TAS","Break O'Day",148.299789428711,-41.0481185913086,0.32,2.26,3.2,574.02,247.68,1800.14,8.32,6.25,12.31
"TAS","Circular Head",144.602462768555,-41.0091133117676,0.32,2.35,3.19,143.09,75.51,338.51,18.94,12.69,32.84
"TAS","Waratah-Wynyard",145.83430480957,-41.0343780517578,0.32,2.38,2.77,82.73,45.69,186.3,26.01,16.71,47.76
"TAS","Burnie",145.913665771484,-41.0499877929688,0.32,2.38,3.18,90.55,49.48,206.76,16.19,10.94,27.96
"TAS","George Town",146.850326538086,-41.0287094116211,0.32,2.37,3.12,77.75,44.26,166.28,14.08,9.97,22.44
"TAS","George Town",146.880859375,-41.0161895751953,0.32,2.37,3.09,79.38,45.12,170.02,15.51,10.84,25.2
"TAS","Break O'Day",148.353164672852,-40.994701385498,0.32,2.27,2.99,492.17,216.85,1499.84,14.13,9.92,22.89
"TAS","Circular Head",144.611099243164,-40.9469757080078,0.32,2.34,4.9,158.44,82.36,382.83,4.87,3.94,6.51
"TAS","Waratah-Wynyard",145.757232666016,-40.9896659851074,0.32,2.38,2.97,87.93,48.24,199.68,18.75,12.53,32.72
"TAS","George Town",147.00080871582,-40.9813957214355,0.32,2.36,4.4,85.62,48.13,186.29,4.5,3.72,5.81
"TAS","George Town",147.050521850586,-40.9833717346191,0.32,2.36,3.46,81.49,46.13,175.58,9.06,6.85,13.18
"TAS","George Town",147.10888671875,-40.9926414489746,0.32,2.36,2.81,83.61,47.2,180.73,30.83,19.8,56
"TAS","George Town",147.168502807617,-41.000904083252,0.32,2.37,3.2,80.29,45.67,171.57,13.22,9.54,20.49
"TAS","Dorset",147.230133056641,-40.9747161865234,0.32,2.36,3.24,82.1,46.61,175.89,13.89,9.97,21.63
"TAS","Dorset",147.39714050293,-40.9836044311523,0.32,2.37,3.98,73.97,42.89,153.5,5.63,4.52,7.55
"TAS","Dorset",147.488128662109,-40.9723701477051,0.32,2.36,3.41,82.15,46.88,174.35,10.12,7.56,14.93
"TAS","Break O'Day",148.352798461914,-40.9916381835938,0.32,2.27,3.01,491.65,217.11,1492.14,13.69,9.65,22.09
"TAS","Circular Head",144.626983642578,-40.9217834472656,0.32,2.3,4.55,401.08,179.09,1208.58,5.48,4.37,7.46
"TAS","Waratah-Wynyard",145.689300537109,-40.935115814209,0.32,2.39,3.47,77.91,43.47,172.9,10.93,7.8,17.47
"TAS","Waratah-Wynyard",145.72607421875,-40.9378356933594,0.32,2.39,2.98,78.42,43.68,174.47,23.56,15.08,43.87
"TAS","Dorset",147.282119750977,-40.9394226074219,0.32,2.36,3.21,91.38,50.9,201.35,14.98,10.67,23.57
"TAS","Dorset",147.329818725586,-40.9436912536621,0.32,2.36,3.7,81.94,46.69,174.35,7.98,6.13,11.36
"TAS","Dorset",147.349945068359,-40.9411163330078,0.32,2.36,3.64,83.21,47.29,177.82,8.8,6.68,12.72
"TAS","Dorset",147.537063598633,-40.9300727844238,0.32,2.35,3.5,94.53,52.95,205.75,10.25,7.6,15.35
"TAS","Break O'Day",148.306838989258,-40.9382095336914,0.32,2.28,4.63,366.55,169.07,1046.17,3.03,2.62,3.69
"TAS","Circular Head",144.646362304688,-40.8981094360352,0.32,2.3,3.17,361.11,161.88,1087.82,16.42,11.33,27.2
"TAS","Waratah-Wynyard",145.581344604492,-40.9089317321777,0.32,2.38,2.82,83.87,46.33,188.69,27.91,17.69,52.33
"TAS","Waratah-Wynyard",145.614685058594,-40.9245758056641,0.32,2.39,2.98,80.5,44.75,179.47,22.79,14.69,41.93
"TAS","Dorset",147.556701660156,-40.8995056152344,0.32,2.35,3.54,99.17,55.26,217.31,10.08,7.46,15.12
"TAS","Dorset",148.261993408203,-40.8855972290039,0.32,2.29,3.62,306.03,145.43,836.39,5.55,4.43,7.53
"TAS","Circular Head",144.696090698242,-40.8595733642578,0.32,2.3,3.25,365.8,165.67,1080.07,17.43,11.8,29.8
"TAS","Circular Head",145.410034179688,-40.8539161682129,0.32,2.37,3.04,101.45,54.42,238.03,20,13.09,36.12
"TAS","Circular Head",145.476165771484,-40.8643913269043,0.32,2.38,2.59,92.6,50.35,213.1,49.38,28.97,102.87
"TAS","Circular Head",145.514511108398,-40.8528327941895,0.32,2.38,2.59,93.54,50.81,215.53,49.72,29.23,103.13
"TAS","Dorset",147.594696044922,-40.8484535217285,0.32,2.35,3.63,98.79,55.35,214.39,9.09,6.81,13.45
"TAS","Dorset",147.740966796875,-40.8519058227539,0.32,2.34,2.81,108.76,61.54,230.78,23.41,15.82,39.43
"TAS","Dorset",147.760986328125,-40.8531341552734,0.32,2.34,2.61,110.22,62.27,234.32,39.15,24.63,72.8
"TAS","Dorset",147.860855102539,-40.8730316162109,0.32,2.34,3.09,114.37,64.05,246.38,16.46,11.51,26.62
"TAS","Dorset",147.899719238281,-40.844913482666,0.32,2.33,3.26,126.28,69.94,275.96,14.38,10.18,22.92
"TAS","Dorset",148.210830688477,-40.8399543762207,0.32,2.3,3.48,249.63,123.06,646.16,6.78,5.25,9.61
"TAS","Circular Head",144.69287109375,-40.8074645996094,0.32,2.32,2.99,219.31,107.28,580.46,25.25,16.24,46.35
"TAS","Circular Head",145.299163818359,-40.8147354125977,0.32,2.36,2.62,108.74,57.68,259.37,50.31,29.02,108.14
"TAS","Circular Head",145.357513427734,-40.8470153808594,0.32,2.37,2.58,101.72,54.48,239.27,60.66,34.14,134.79
"TAS","Dorset",147.636962890625,-40.8108901977539,0.32,2.34,3.47,110.07,61.75,236.9,12.14,8.71,19.07
"TAS","Dorset",147.674896240234,-40.8212509155273,0.32,2.34,2.65,116.03,64.98,249.78,37.67,23.8,69.66
"TAS","Dorset",147.923492431641,-40.8156623840332,0.32,2.33,3.29,126.67,70.18,276.64,13.89,9.85,22.14
"TAS","Dorset",148.176132202148,-40.8186264038086,0.32,2.3,3.15,229.06,114.64,579.85,12.86,9.2,20.26
"TAS","Circular Head",144.680114746094,-40.7445640563965,0.32,2.3,3.38,364.47,164.26,1086.36,23.25,15.04,42.5
"TAS","Circular Head",145.095779418945,-40.7816848754883,0.32,2.35,2.8,138.87,70.66,352.22,26.32,16.66,49.65
"TAS","Circular Head",145.150955200195,-40.7978782653809,0.32,2.35,2.68,128.05,65.96,319.14,33.97,20.86,66.66
"TAS","Circular Head",145.227600097656,-40.7947006225586,0.32,2.36,2.67,111.43,58.77,268.1,38.86,23.45,78.09
"TAS","Circular Head",145.260818481445,-40.762882232666,0.32,2.37,3.94,106.03,56.47,251.43,7.58,5.7,11.26
"TAS","Dorset",147.937637329102,-40.7492599487305,0.32,2.34,3.22,121.16,68.01,259.24,18.05,12.21,30.86
"TAS","Dorset",148.090866088867,-40.7719078063965,0.32,2.32,3.61,159.79,83.04,386.04,8.49,6.42,12.39
"TAS","Circular Head",144.673858642578,-40.7176933288574,0.32,2.41,8.75,63.42,36.49,134.74,2.01,1.84,2.28
"TAS","Circular Head",145.071640014648,-40.7180595397949,0.32,2.35,2.78,141.93,73.07,351.51,27.82,17.54,52.67
"TAS","Dorset",147.945587158203,-40.7393455505371,0.32,2.36,3.99,85.39,50.07,172.35,7.76,5.93,11.18
"TAS","Dorset",147.998031616211,-40.7403450012207,0.32,2.31,3.73,186.93,95.56,460.94,11.87,8.53,18.64
"TAS","Dorset",148.086532592773,-40.7328948974609,0.32,2.33,3.27,139.85,73.3,335.4,13.47,9.55,21.48
"TAS","Circular Head",144.668197631836,-40.6715774536133,0.32,2.3,7.56,334.52,152.29,984.12,2.48,2.19,2.93
"TAS","Circular Head",144.773864746094,-40.6976509094238,0.32,2.35,2.9,137.66,69.67,352.92,23.18,15.03,42.16
"TAS","Circular Head",144.836822509766,-40.6881294250488,0.32,2.36,2.89,121.71,63.46,297.45,26.99,17.12,50.62
"TAS","Circular Head",145.048599243164,-40.685546875,0.32,2.35,2.78,138.3,71.87,337.22,28.9,18.08,55.38
"TAS","Circular Head",144.684814453125,-40.6413726806641,0.32,2.3,3.54,332.59,151.18,981.59,18.25,12.23,31.71
"TAS","Circular Head",144.734970092773,-40.6459159851074,0.32,2.34,3.33,162.25,81.47,417.28,25.18,16.23,46.05
"TAS","Circular Head",144.87516784668,-40.6708221435547,0.32,2.36,2.88,112.38,60.11,263.32,30.89,19.3,59.06
"TAS","Circular Head",144.982803344727,-40.6565856933594,0.32,2.35,2.71,128.35,67.53,307.33,33.55,20.5,66.51
"TAS","Circular Head",144.737701416016,-40.5971183776855,0.32,2.32,3.09,214.18,102.85,587.77,41,24.76,81.93
"TAS","Circular Head",144.770690917969,-40.5964431762695,0.32,2.33,2.68,198.84,96.36,539.07,36.14,22.06,71.38
"TAS","Circular Head",144.912780761719,-40.6128616333008,0.32,2.36,2.53,118.23,63,278.01,57.58,33.55,120.22
"TAS","Circular Head",144.948745727539,-40.6073684692383,0.32,2.34,2.58,149.39,76.46,372.76,51.41,29.85,108.88
"TAS","Flinders (Tas.)",148.176834106445,-40.5959587097168,0.32,2.34,3.77,122.73,66.13,282.14,13.79,9.74,22.13
"TAS","Flinders (Tas.)",148.200256347656,-40.5891304016113,0.32,2.31,4.06,178.1,90.3,447.12,4.39,3.6,5.76
"TAS","Circular Head",144.675552368164,-40.5673217773438,0.32,2.32,3.44,223.49,108.34,600.77,20.72,13.67,36.76
"TAS","Circular Head",144.779983520508,-40.5709533691406,0.32,2.33,2.68,184.46,90.33,492.98,37.65,22.82,75.17
"TAS","Flinders (Tas.)",148.112411499023,-40.5633201599121,0.32,2.35,4.6,95.64,53.71,207.08,7.9,5.95,11.65
"TAS","Flinders (Tas.)",148.227340698242,-40.5468826293945,0.32,2.29,3.55,284.91,137.55,759.83,6.01,4.72,8.37
"TAS","Circular Head",144.703262329102,-40.5109214782715,0.32,2.32,3.34,222.15,107.46,599.74,22.81,14.8,41.46
"TAS","Circular Head",144.791122436523,-40.5122032165527,0.32,2.34,2.86,173.29,86.07,452.84,22.58,14.71,40.79
"TAS","Flinders (Tas.)",148.098937988281,-40.5235214233398,0.32,2.34,3.53,112.33,61.19,254.46,15.36,10.63,25.45
"TAS","Flinders (Tas.)",148.236694335938,-40.5198822021484,0.32,2.28,3.26,321.35,152.93,873.26,7.96,6.02,11.64
"TAS","Flinders (Tas.)",148.315460205078,-40.5186309814453,0.32,2.27,3.35,432.78,197.25,1249.47,7.29,5.62,10.37
"TAS","Flinders (Tas.)",148.353866577148,-40.5163421630859,0.32,2.27,4.79,469.9,211.82,1377.13,3.24,2.77,3.99
"TAS","Circular Head",144.706481933594,-40.4838218688965,0.32,2.33,3.42,192.5,94.59,509.66,18.55,12.47,32.03
"TAS","Circular Head",144.85026550293,-40.4683647155762,0.32,2.34,2.54,163.55,82.17,419.97,83.59,45.37,194.47
"TAS","Circular Head",144.891799926758,-40.4872550964355,0.32,2.33,2.51,177.5,87.89,465.78,80.5,44.4,182.11
"TAS","Circular Head",144.935012817383,-40.4715118408203,0.32,2.33,2.66,186.88,92.27,491.32,41.74,24.79,86.03
"TAS","Flinders (Tas.)",148.047439575195,-40.475944519043,0.32,2.33,3.55,143.93,76,339.95,17.14,11.64,29.17
"TAS","Flinders (Tas.)",148.053924560547,-40.4809074401855,0.32,2.33,3.52,140.08,74.44,327.65,18.52,12.47,31.87
"TAS","Flinders (Tas.)",148.087585449219,-40.4819755554199,0.32,2.33,3.47,126.83,67.94,294.04,16.4,11.24,27.49
"TAS","Flinders (Tas.)",148.406112670898,-40.480110168457,0.32,2.26,3.61,533.52,234.04,1630.65,5.69,4.55,7.7
"TAS","Circular Head",144.792694091797,-40.4443855285645,0.32,2.33,3.32,197.11,96.25,527.09,11.13,8.01,17.49
"TAS","Circular Head",144.837173461914,-40.449146270752,0.32,2.33,2.56,184.8,90.8,490.67,79.32,43.36,182.72
"TAS","Circular Head",144.968170166016,-40.4310569763184,0.32,2.33,2.62,179.45,89.33,465.81,55.61,31.34,124.02
"TAS","Flinders (Tas.)",147.980758666992,-40.4205627441406,0.32,2.32,3.37,146.04,76.53,349.42,18.62,12.5,32.2
"TAS","Flinders (Tas.)",148.474563598633,-40.4437446594238,0.32,2.25,4.67,809.95,329.94,2763.22,3.23,2.78,3.97
"TAS","Circular Head",144.84391784668,-40.4292869567871,0.32,2.32,2.98,220.97,105.6,610.65,32.29,19.83,63.55
"TAS","Circular Head",144.970901489258,-40.4216804504395,0.32,2.33,2.66,197.32,96.35,527.72,54.86,31.19,120.45
"TAS","Flinders (Tas.)",147.9794921875,-40.4032287597656,0.32,2.33,3.34,133.65,70.68,316.25,19.44,12.92,34.16
"TAS","Flinders (Tas.)",148.460372924805,-40.4083251953125,0.32,2.27,3.62,509.66,222.9,1571.02,5.15,4.12,7
"TAS","Circular Head",144.893737792969,-40.386287689209,0.32,2.32,3.03,222.59,106.15,617.17,35.22,21.55,69.44
"TAS","Circular Head",144.950103759766,-40.3884658813477,0.32,2.33,4.05,195.55,95.19,526.38,6.89,5.31,9.86
"TAS","Flinders (Tas.)",148.002624511719,-40.3662147521973,0.32,2.33,3.34,135.48,70.82,327.19,19.94,13.2,35.23
"TAS","Flinders (Tas.)",148.423919677734,-40.3693313598633,0.32,2.28,3.43,352.91,163.07,1006.24,6.97,5.37,9.97
"TAS","Flinders (Tas.)",148.006896972656,-40.3459854125977,0.32,2.34,3.01,122.61,64.79,292.14,29.03,18.17,55.54
"TAS","Flinders (Tas.)",148.36750793457,-40.3207015991211,0.32,2.3,3.54,235.13,115.22,617.49,5.4,4.28,7.44
"TAS","Flinders (Tas.)",147.946670532227,-40.276180267334,0.32,2.32,2.91,170.65,86.71,427.89,32.94,20.23,64.75
"TAS","Flinders (Tas.)",148.024673461914,-40.2296142578125,0.32,2.32,3.03,147.22,75.27,368.44,38.97,23.39,79.07
"TAS","Flinders (Tas.)",148.303619384766,-40.2542572021484,0.32,2.31,3.78,203.02,101.44,519.26,5.1,4.09,6.93
"TAS","Flinders (Tas.)",147.987350463867,-40.1960487365723,0.32,2.33,3.02,144.43,74.13,359.34,38.98,23.33,79.5
"TAS","Flinders (Tas.)",148.005523681641,-40.1689033508301,0.32,2.34,3.08,107.34,56.73,257.98,31.05,19.32,59.79
"TAS","Flinders (Tas.)",148.317733764648,-40.1645240783691,0.32,2.32,3.28,152.43,79.7,365.27,7.39,5.64,10.67
"TAS","King Island",143.895416259766,-40.1236953735352,0.32,2.05,3.15,44.98,27.07,89.89,9.49,6.98,14.48
"TAS","King Island",143.947296142578,-40.123161315918,0.32,1.93,2.75,273.8,128.72,768.83,22.37,14.52,40.73
"TAS","King Island",143.980819702148,-40.114086151123,0.32,1.92,2.77,303.62,139.88,879.21,21.85,14.51,38.16
"TAS","Flinders (Tas.)",147.951965332031,-40.0990562438965,0.32,2.33,3.39,141.21,72.03,355.92,18.29,12.45,30.83
"TAS","Flinders (Tas.)",148.005310058594,-40.1181678771973,0.32,2.35,3.7,96.23,51.47,227.82,12.36,8.94,19.16
"TAS","Flinders (Tas.)",148.307266235352,-40.1286659240723,0.32,2.32,3.26,156.18,81.27,376.98,7.54,5.73,10.99
"TAS","King Island",143.863250732422,-40.0790481567383,0.32,1.93,2.78,245.54,116.88,678.58,22.41,14.67,40.12
"TAS","King Island",144.046844482422,-40.0782127380371,0.32,1.91,2.76,350.39,156.12,1070.14,14.25,9.91,23.53
"TAS","Flinders (Tas.)",147.892807006836,-40.0879211425781,0.32,2.32,3.08,164.71,84.09,410.31,37.87,22.83,76.35
"TAS","Flinders (Tas.)",148.2958984375,-40.0857315063477,0.32,2.32,3.33,153.27,79.88,369.31,6.84,5.28,9.76
"TAS","King Island",143.860076904297,-40.0594444274902,0.32,1.95,2.82,159.27,79.57,414.1,19.07,12.8,32.92
"TAS","King Island",144.106567382812,-40.0429611206055,0.32,1.9,2.52,512.07,214.17,1716.81,34.51,21.44,66.13
"TAS","Flinders (Tas.)",147.846771240234,-40.0310707092285,0.32,2.31,3.01,207.22,102.78,536.59,41.1,24.56,83.81
"TAS","Flinders (Tas.)",148.293029785156,-40.0547065734863,0.32,2.32,3.39,154.84,80.82,371.9,6.26,4.9,8.76
"TAS","King Island",143.882369995117,-39.9975700378418,0.32,2.02,3.21,63.3,36.41,134.55,10.41,7.57,16.1
"TAS","King Island",144.128204345703,-39.9970970153809,0.32,1.89,2.16,675.61,269.88,2423.8,138.03,70.87,344.22
"TAS","Flinders (Tas.)",147.855865478516,-40.0175628662109,0.32,2.31,3.24,194.13,98.13,487.52,21.26,13.96,37.98
"TAS","Flinders (Tas.)",148.283706665039,-40.0074615478516,0.32,2.33,3.41,132.42,70.78,307.47,5.88,4.64,8.14
"TAS","King Island",143.853927612305,-39.9506721496582,0.32,2.01,2.89,70.34,40.17,150.53,15.88,10.89,26.69
"TAS","King Island",144.139312744141,-39.9654006958008,0.32,1.88,2.47,852.29,328.94,3210.7,38.39,23.94,72.62
"TAS","Flinders (Tas.)",147.798294067383,-39.918342590332,0.32,2.3,2.55,211.64,106.66,531.59,132.8,66.79,345.51
"TAS","Flinders (Tas.)",147.89599609375,-39.9532318115234,0.32,2.31,2.84,178.66,91.91,436.74,55.97,31.76,123.17
"TAS","Flinders (Tas.)",148.263214111328,-39.9630470275879,0.32,2.32,3.8,157.33,81.88,379.46,5.35,4.26,7.31
"TAS","King Island",143.829513549805,-39.9180564880371,0.32,2.01,2.93,66.04,37.88,140.76,14.93,10.33,24.78
"TAS","King Island",144.143463134766,-39.9264678955078,0.32,1.88,2.71,814.72,319.7,2982.47,22.68,15.1,39.35
"TAS","Flinders (Tas.)",147.766845703125,-39.9082679748535,0.32,2.3,3.12,225,113.18,564.97,34.82,21.11,69.9
"TAS","Flinders (Tas.)",148.205902099609,-39.9435615539551,0.32,2.32,3.79,160.5,83.22,389.23,5.04,4.05,6.81
"TAS","King Island",143.839248657227,-39.884334564209,0.32,2.08,2.95,34.17,21.41,64.52,13.82,9.7,22.42
"TAS","King Island",144.136596679688,-39.9176254272461,0.32,1.89,2.68,729.78,293.04,2576.97,24.9,16.45,43.55
"TAS","Flinders (Tas.)",147.744827270508,-39.8761138916016,0.32,2.3,3.97,238.63,118.74,608.97,9.89,7.36,14.74
"TAS","Flinders (Tas.)",148.139068603516,-39.9053268432617,0.32,2.32,3.13,156.88,81.48,379.86,9.5,7,14.43
"TAS","King Island",143.854507446289,-39.8473930358887,0.32,2.07,3.02,36.34,22.52,69.77,11.6,8.31,18.34
"TAS","King Island",144.132369995117,-39.8418426513672,0.32,1.89,2.6,771.44,310.53,2700.55,27,17.79,47.2
"TAS","Flinders (Tas.)",147.771362304688,-39.8409767150879,0.32,2.32,2.96,161.34,86.44,368.98,27.83,17.64,52.15
"TAS","Flinders (Tas.)",148.091217041016,-39.8570404052734,0.32,2.32,3.17,147.61,77.37,352.86,9.44,6.95,14.38
"TAS","King Island",143.85676574707,-39.7956581115723,0.32,2.02,2.89,59.31,34.19,126.11,15.68,10.72,26.49
"TAS","King Island",144.12744140625,-39.817554473877,0.32,1.89,2.62,739.02,299.13,2568.04,23.75,16.01,40.16
"TAS","Flinders (Tas.)",147.811630249023,-39.8306541442871,0.32,2.32,3.01,152.62,82.32,345.94,25.36,16.29,46.61
"TAS","Flinders (Tas.)",148.043655395508,-39.8109970092773,0.32,2.33,3.15,137.56,72.6,326.11,9.75,7.16,14.88
"TAS","King Island",143.844787597656,-39.7591819763184,0.32,2.03,4.71,58.59,33.95,123.5,4.06,3.36,5.24
"TAS","King Island",144.107025146484,-39.7624244689941,0.32,1.88,2.71,787.64,316.75,2758.23,16.51,11.48,26.94
"TAS","Flinders (Tas.)",147.84489440918,-39.7629585266113,0.32,2.32,3.57,166.16,87.18,393.73,18.41,12.54,31.03
"TAS","Flinders (Tas.)",148.013427734375,-39.7826461791992,0.32,2.32,3.12,147.4,76.96,354.84,10.14,7.43,15.53
"TAS","King Island",143.820816040039,-39.6965179443359,0.32,1.96,3.28,153.74,81.15,361.93,12.62,8.9,20.45
"TAS","King Island",144.110992431641,-39.7095756530762,0.32,1.89,2.74,736.04,298.03,2556.56,14.73,10.29,24.06
"TAS","Flinders (Tas.)",147.898330688477,-39.7129211425781,0.32,2.33,2.91,134.42,72.18,309.27,34.71,21.91,64.6
"TAS","Flinders (Tas.)",147.947769165039,-39.7199745178223,0.32,2.34,2.88,116.28,63.17,264.21,48.93,29.52,96.83
"TAS","Flinders (Tas.)",147.965942382812,-39.7286834716797,0.32,2.31,3.05,201.91,101.3,512.7,12.79,9.02,20.71
"TAS","King Island",143.838088989258,-39.6834030151367,0.32,1.96,2.91,155.57,81.8,368.54,17.63,11.87,30.42
"TAS","King Island",144.111511230469,-39.6770706176758,0.32,1.89,3.24,717.29,291.41,2480.27,7.57,5.74,11.05
"TAS","King Island",143.924285888672,-39.651180267334,0.32,1.95,2.9,183.78,92.8,463.93,16.54,11.23,28.2
"TAS","King Island",144.095275878906,-39.6545829772949,0.32,1.89,3.22,664.95,274.4,2244.29,10.44,7.72,15.68
"TAS","King Island",143.921173095703,-39.6032028198242,0.32,1.95,5.3,168.96,85.7,425.25,3.32,2.82,4.14
"TAS","King Island",144.043029785156,-39.6161041259766,0.32,1.9,3.48,527.7,228.43,1654.13,10.09,7.37,15.55
"TAS","King Island",143.951919555664,-39.575366973877,0.32,1.91,4.52,433.65,193.11,1306.42,5.63,4.45,7.78
"TAS","King Island",143.97900390625,-39.5885543823242,0.32,1.91,3.17,421.32,189.75,1245.41,13.49,9.53,21.67
"VIC","South Gippsland",146.421844482422,-39.1332206726074,0.32,2.32,3.56,132.5,67.85,333.09,15.23,10.42,25.78
"VIC","South Gippsland",146.439544677734,-39.1008491516113,0.32,2.32,4.28,144.43,72.91,370.82,3.51,2.95,4.46
"VIC","Unincorporated Vic",146.250122070312,-39.0228652954102,0.32,2.37,3.27,65.37,37.08,142.32,11.37,8.28,17.49
"VIC","Unincorporated Vic",146.224090576172,-38.9649429321289,0.32,2.4,3.08,46.81,27.77,95.83,12.46,8.9,19.72
"VIC","South Gippsland",146.248489379883,-38.9512329101562,0.32,2.41,3.01,43.03,25.86,86.5,12.24,8.82,19.04
"VIC","South Gippsland",145.947830200195,-38.8994636535645,0.32,2.36,3.1,76.16,42.07,172.54,13.79,9.69,22.34
"VIC","Colac Otway",143.527114868164,-38.8592071533203,0.32,1.98,3.8,107.7,56.05,266.5,5.41,4.29,7.46
"VIC","South Gippsland",145.891571044922,-38.8503303527832,0.32,2.39,3.21,55.3,31.94,117.74,12.71,8.99,20.47
"VIC","South Gippsland",146.166641235352,-38.8644256591797,0.32,2.4,2.85,47.23,27.98,96.92,19.16,12.73,33.71
"VIC","South Gippsland",146.313766479492,-38.8775672912598,0.32,2.29,2.6,241.73,113.22,689.57,56.3,32.51,119.74
"VIC","South Gippsland",146.37321472168,-38.8578033447266,0.32,2.29,2.62,231.88,109.35,654.9,53.69,31.55,110.9
"VIC","South Gippsland",146.484771728516,-38.8814544677734,0.32,2.29,2.46,242.26,115.7,665.96,80.1,45.14,174.18
"VIC","South Gippsland",146.266677856445,-38.8223075866699,0.32,2.29,2.55,258.62,123.29,710.28,93.33,50.38,217.62
"VIC","South Gippsland",146.389358520508,-38.8456001281738,0.32,2.29,2.62,244.58,114.86,693.56,53.14,31.45,108.38
"VIC","Colac Otway",143.380554199219,-38.7705993652344,0.32,1.96,3.53,134.08,67.91,343.9,6.26,4.87,8.84
"VIC","Colac Otway",143.422012329102,-38.7849884033203,0.32,1.98,3.73,99.21,52.02,243.49,5.18,4.14,7.03
"VIC","South Gippsland",145.861663818359,-38.7764129638672,0.32,2.41,3.43,43.64,26.06,88.73,9.07,6.69,13.8
"VIC","South Gippsland",146.223907470703,-38.7741508483887,0.32,2.27,2.51,338.57,156.1,972.02,141.06,72,355.2
"VIC","South Gippsland",146.418823242188,-38.8024101257324,0.32,2.27,2.52,389.44,171.96,1200.95,76.55,43.09,167.26
"VIC","Corangamite",143.173309326172,-38.7280006408691,0.32,1.99,3.48,92.54,49.8,217.23,7.24,5.5,10.59
"VIC","Colac Otway",143.785034179688,-38.7066078186035,0.32,2,3.12,84.8,46.09,196.56,8.2,6.14,12.24
"VIC","South Gippsland",146.206741333008,-38.7418212890625,0.32,2.27,2.49,389.53,175.82,1152.66,186.51,91.7,494.3
"VIC","Wellington",146.462844848633,-38.7444381713867,0.32,2.25,2.55,611.58,256.16,2018.73,66.89,38.84,139.23
"VIC","Colac Otway",143.866333007812,-38.6734504699707,0.32,2.01,3.07,71.78,40.08,159.98,9.32,6.82,14.38
"VIC","South Gippsland",145.768341064453,-38.6752052307129,0.32,2.4,3.15,49.83,29.28,103.47,13.79,9.55,22.99
"VIC","South Gippsland",146.262573242188,-38.702880859375,0.32,2.27,2.56,345.22,159.27,988.53,93.18,52.01,204.32
"VIC","South Gippsland",146.317321777344,-38.6941146850586,0.32,2.26,2.59,425.02,187.61,1303.5,70.8,40.79,148.99
"VIC","South Gippsland",146.425537109375,-38.7058410644531,0.32,2.26,2.64,433.95,190.98,1336.31,50.06,30.12,99.43
"VIC","Wellington",146.637847900391,-38.696403503418,0.32,2.29,3.18,216.43,107.76,554.91,13.92,9.58,23.41
"VIC","Wellington",146.734375,-38.6946296691895,0.32,2.35,2.81,87.22,49.19,188.43,33.34,20.75,63.84
"VIC","Wellington",146.782333374023,-38.6860198974609,0.32,1.36,1.84,95.15,52.64,211.71,31.36,19.68,59.4
"VIC","Corangamite",143.002075195312,-38.6296424865723,0.32,1.97,4.04,122.49,64.36,294.9,4.91,3.96,6.57
"VIC","Bass Coast",145.551666259766,-38.6480751037598,0.32,2.39,3.91,51.49,30.25,106.7,6.16,4.79,8.72
"VIC","Wellington",146.872207641602,-38.6447563171387,0.32,1.32,1.83,181.96,89.41,483.61,27.5,17.69,50.18
"VIC","Moyne",142.796737670898,-38.5771369934082,0.32,1.96,3.54,149.9,76.94,371.98,7.76,5.86,11.43
"VIC","Corangamite",142.901062011719,-38.6155624389648,0.32,1.99,2.57,92.18,49.79,214.91,21.54,14.06,38.89
"VIC","Wellington",146.93049621582,-38.6043281555176,0.32,1.33,1.76,150.93,76.37,384.48,30.5,19.27,57.12
"VIC","Wellington",146.974472045898,-38.5582618713379,0.32,1.35,1.76,97.91,53.37,223.47,29.28,18.47,55.17
"VIC","Bass Coast",145.148681640625,-38.5175552368164,0.32,2.37,3.37,68.12,38.66,147.76,10.08,7.36,15.54
"VIC","Wellington",146.998046875,-38.5383987426758,0.32,1.37,1.77,79.83,45.09,172.87,28.06,17.83,52.29
"VIC","Moyne",142.64680480957,-38.4789199829102,0.32,1.46,2.52,153.97,77.77,393.06,12.13,8.57,19.6
"VIC","Surf Coast",144.097763061523,-38.4742584228516,0.32,2.02,2.42,62.25,35.81,132.49,31.03,19.01,61.57
"VIC","Wellington",147.049911499023,-38.4927177429199,0.32,1.4,1.67,58.09,34.5,117.09,34.15,21.23,65.45
"VIC","Glenelg",141.558639526367,-38.4331817626953,0.32,1.41,3.58,519.52,225.93,1616.31,5.79,4.53,8.15
"VIC","Surf Coast",144.1611328125,-38.4358596801758,0.32,2.02,2.35,65.49,37.45,140.44,38.62,23.27,77.85
"VIC","Mornington Peninsula",144.849258422852,-38.4480476379395,0.32,1.48,2.96,54.77,32.09,113.59,5.86,4.64,8.08
"VIC","Wellington",147.098709106445,-38.4510116577148,0.32,1.4,1.71,58.4,34.55,118.48,28.36,17.98,53.03
"VIC","Moyne",142.142532348633,-38.3927955627441,0.32,1.44,1.97,254.19,123.93,670.54,38.86,23.27,79.25
"VIC","Moyne",142.209732055664,-38.3974876403809,0.32,1.44,1.76,212.84,106.23,543.88,78.32,42.11,186.49
"VIC","Warrnambool",142.44255065918,-38.3908538818359,0.32,1.46,2.18,172.34,86.36,443.11,18.24,12.21,31.8
"VIC","Warrnambool",142.532409667969,-38.4123992919922,0.32,1.46,2.16,164.55,82.61,422.97,19.76,13.05,35.08
"VIC","Wellington",147.159881591797,-38.413703918457,0.32,1.4,1.76,57.92,34.15,118.35,25.42,16.28,46.97
"VIC","Glenelg",141.650573730469,-38.3856811523438,0.32,1.41,1.93,415.57,186.57,1236.68,45.74,26.87,95.61
"VIC","Mornington Peninsula",144.78840637207,-38.361759185791,0.32,1.5,1.81,44.61,27.84,83.5,33.05,20.55,63.46
"VIC","Wellington",147.212829589844,-38.3721466064453,0.32,1.39,1.77,61.57,35.71,129.07,23.32,15.12,42.38
"VIC","Glenelg",141.382507324219,-38.3421783447266,0.32,1.43,1.99,276.8,132.24,753.84,43.89,26.43,87.78
"VIC","Moyne",142.009292602539,-38.324577331543,0.32,1.44,1.85,222.71,110.64,572.34,53.58,30.49,117.68
"VIC","Glenelg",141.795745849609,-38.2637748718262,0.32,1.44,1.74,225.18,112.15,575.7,71.17,38.9,165.35
"VIC","Moyne",141.895767211914,-38.2744064331055,0.32,1.45,1.75,191.27,96.92,478.59,69.23,37.85,161.04
"VIC","Wellington",147.313613891602,-38.292350769043,0.32,1.37,1.83,78.96,43.9,176.19,18.48,12.34,32.34
"VIC","Glenelg",141.286392211914,-38.2221336364746,0.32,1.43,2.05,267.51,127.39,734.48,30.8,19.3,58.53
"VIC","Wellington",147.365676879883,-38.2471771240234,0.32,1.37,1.87,80.07,44.55,178.29,18.01,11.98,31.78
"VIC","Glenelg",141.269760131836,-38.2036285400391,0.32,1.47,2.28,141.93,73.96,343.72,13.93,9.76,22.67
"VIC","Wellington",147.417602539062,-38.2067680358887,0.32,1.37,1.89,77.1,43.38,168.58,17.46,11.67,30.62
"VIC","Glenelg",141.208801269531,-38.1662750244141,0.32,1.44,2.11,253.58,121.65,689.27,25.31,16.3,46.32
"VIC","Wellington",147.474075317383,-38.162956237793,0.32,1.38,1.91,70.4,40.44,149,16.01,10.84,27.54
"VIC","Glenelg",141.108062744141,-38.1139183044434,0.32,1.44,2.06,250.28,120.57,675.64,27.96,17.76,52.19
"VIC","Greater Geelong",144.714935302734,-38.134162902832,0.32,1.46,1.77,109.02,59.86,243.93,63.14,35.44,140.58
"VIC","Mornington Peninsula",145.081008911133,-38.163745880127,0.32,1.45,2.09,75.29,42.85,161.45,15.1,10.51,24.77
"SA","Grant",140.74040222168,-38.0601692199707,0.32,1.46,2.04,148.42,77.89,353.84,22.41,14.79,39.48
"SA","Grant",140.77214050293,-38.0627479553223,0.32,1.43,1.95,265.71,127.48,719.92,38.48,23.26,77.16
"SA","Grant",140.85432434082,-38.0498161315918,0.32,1.46,2.29,172.68,87.89,431.37,13.62,9.6,21.95
"SA","Grant",140.912155151367,-38.0582466125488,0.32,1.45,2.04,180.15,91.09,454.16,23.88,15.44,43.58
"SA","Grant",140.955093383789,-38.0625228881836,0.32,1.43,1.93,264.95,126.16,728.03,44.18,25.92,92.85
"VIC","Glenelg",141.0107421875,-38.069766998291,0.32,1.45,1.98,180.14,90.98,455.13,27.04,17.12,50.87
"VIC","Glenelg",141.052200317383,-38.088062286377,0.32,1.44,1.94,240.05,116.19,644.08,39.73,23.79,80.87
"VIC","Wellington",147.582229614258,-38.0834007263184,0.32,1.36,1.82,95.02,51.92,216.33,17.97,12.09,31.01
"SA","Grant",140.5830078125,-38.033863067627,0.32,1.43,3.7,283.85,135.46,773.3,4.64,3.79,6.1
"SA","Grant",140.631912231445,-38.0421752929688,0.32,1.48,2.83,116.82,61.82,278.5,6.99,5.41,9.9
"VIC","Kingston (Vic.)",145.088943481445,-38.0244255065918,0.32,1.44,2.02,101.46,54.66,236.11,21.5,13.97,39.12
"VIC","Wellington",147.637832641602,-38.044059753418,0.32,1.34,1.82,112.74,59.83,267.98,17.9,12.07,30.76
"SA","Grant",140.501113891602,-37.987247467041,0.32,1.47,2.5,131.96,71.17,301.51,10.24,7.63,15.19
"SA","Grant",140.524429321289,-37.9978141784668,0.32,1.48,2.61,113.89,62.26,256.17,9.02,6.78,13.27
"SA","Grant",140.429992675781,-37.9360847473145,0.32,1.49,2.87,103.91,57.39,230.72,7.12,5.54,9.96
"VIC","Wyndham",144.773010253906,-37.9353256225586,0.32,1.42,1.9,132.9,70.11,315.97,29.29,18.16,57.09
"VIC","Bayside (Vic.)",144.991851806641,-37.947208404541,0.32,1.43,1.96,118.33,62.42,283.47,28.35,17.64,54.97
"SA","Grant",140.370849609375,-37.9024505615234,0.32,1.48,3.38,118.46,65,264.08,5.32,4.32,7
"VIC","East Gippsland",147.893478393555,-37.9159851074219,0.32,1.31,2.03,194.6,94.72,524.05,12.18,8.66,19.48
"SA","Grant",140.36296081543,-37.8788871765137,0.32,1.51,3.5,74.59,42.86,157.23,4.81,3.97,6.21
"VIC","East Gippsland",148.105895996094,-37.8565101623535,0.32,1.32,1.97,175.98,86.61,467.39,13.89,9.74,22.57
"VIC","East Gippsland",148.20671081543,-37.8326759338379,0.32,1.32,2,166.68,82.7,437.67,14,9.82,22.74
"SA","Grant",140.326446533203,-37.8215484619141,0.32,1.51,5.46,74.2,43.37,151.78,2.65,2.35,3.11
"VIC","East Gippsland",148.314437866211,-37.8126602172852,0.32,1.32,2,164.36,81.85,428.98,14.27,9.98,23.26
"VIC","East Gippsland",148.414672851562,-37.8078994750977,0.32,1.33,2.05,152.64,76.62,394.52,13.98,9.81,22.68
"VIC","East Gippsland",148.627105712891,-37.814079284668,0.32,1.31,2.06,211.54,102.25,573.94,17.49,11.83,29.95
"VIC","East Gippsland",148.685501098633,-37.8060111999512,0.32,1.32,2.09,164.26,81.76,429.15,17.61,11.87,30.31
"VIC","East Gippsland",148.844741821289,-37.7903251647949,0.32,1.33,2.28,141.17,72.19,354.21,14.67,10.11,24.54
"VIC","East Gippsland",149.202941894531,-37.7846832275391,0.32,1.74,3.15,136.52,71.24,330.6,8.07,6.13,11.74
"VIC","East Gippsland",149.285018920898,-37.8005218505859,0.32,1.73,2.75,168.47,85.53,423.39,13.9,9.68,22.9
"SA","Grant",140.317901611328,-37.7939872741699,0.32,1.52,3.52,68.22,39.27,144.1,4.56,3.78,5.85
"VIC","East Gippsland",148.474594116211,-37.8038063049316,0.32,1.33,2.06,143.32,72.75,364.31,14.5,10.09,23.84
"VIC","East Gippsland",148.576080322266,-37.8049087524414,0.32,1.33,2.04,148.83,75.06,381.96,16.72,11.38,28.4
"VIC","East Gippsland",148.945434570312,-37.7836303710938,0.32,1.33,2.27,139.23,71.82,344.01,15.16,10.42,25.45
"VIC","East Gippsland",148.998153686523,-37.7844581604004,0.32,1.33,2.28,143.59,73.95,355.13,15.03,10.34,25.2
"VIC","East Gippsland",149.103958129883,-37.7829399108887,0.32,1.33,2.32,136.09,70.91,330.53,14.26,9.93,23.45
"SA","Wattle Range",140.281753540039,-37.7494964599609,0.32,1.5,3.24,83.29,48.37,171.21,5.88,4.71,7.9
"VIC","East Gippsland",149.590057373047,-37.7298011779785,0.32,1.74,2.72,139.96,72.67,341.5,12.16,8.65,19.4
"SA","Wattle Range",140.263427734375,-37.7113876342773,0.32,1.53,2.92,62.7,37.4,124.85,6.97,5.46,9.65
"SA","Wattle Range",140.215057373047,-37.6637725830078,0.32,1.48,2.77,109.24,60.86,238.13,8.75,6.65,12.63
"SA","Wattle Range",140.162246704102,-37.6170768737793,0.32,1.48,2.73,109.35,60.8,239.16,9.77,7.3,14.45
"SA","Wattle Range",140.13639831543,-37.5949974060059,0.32,1.55,3.3,50.39,30.65,98.08,5.42,4.37,7.23
"VIC","East Gippsland",149.841262817383,-37.5509033203125,0.32,1.75,2.43,125.44,66.19,299.24,17.64,11.87,30.52
"VIC","Unincorporated Vic",149.903854370117,-37.5688209533691,0.32,1.75,2.54,128.92,67.94,307.68,17.58,11.96,29.76
"SA","Wattle Range",140.121139526367,-37.5391845703125,0.32,1.56,2.37,43.79,27.21,82.71,12.7,9.18,19.64
"VIC","East Gippsland",149.93977355957,-37.5252494812012,0.32,1.75,2.42,123.42,65.68,290.08,15.5,10.64,26.07
"SA","Wattle Range",140.065521240234,-37.5013771057129,0.32,1.53,2.34,61.59,36.75,122.67,13.92,9.93,21.93
"VIC","Bega Valley",149.979309082031,-37.5064086914062,0.32,1.76,3.08,106.71,58.43,240.26,6.72,5.2,9.54
"SA","Wattle Range",139.950042724609,-37.4479713439941,0.32,1.54,2.51,56.29,34.24,108.87,10.53,7.79,15.79
"NSW","Bega Valley",149.979293823242,-37.4584083557129,0.32,1.76,2.83,101.8,55.9,228.67,6.54,5,9.55
"SA","Wattle Range",139.912963867188,-37.4064483642578,0.32,1.55,2.45,46.91,29.08,88.64,13.46,9.61,21.23
"NSW","Bega Valley",149.966171264648,-37.4288520812988,0.32,1.77,2.72,96.76,53.53,215.07,6.41,4.93,9.25
"SA","Wattle Range",139.891525268555,-37.3818130493164,0.32,1.56,2.53,44.21,27.34,84.16,10.5,7.79,15.69
"NSW","Bega Valley",149.957244873047,-37.3762359619141,0.32,1.77,3.55,92.9,51.71,204.75,3.42,2.88,4.35
"NSW","Bega Valley",149.980178833008,-37.325008392334,0.32,1.77,2.95,88.3,49.49,192.77,5.7,4.44,8.06
"NSW","Bega Valley",149.968536376953,-37.3025817871094,0.32,1.77,2.76,86.73,48.75,188.54,5.84,4.55,8.27
"NSW","Bega Valley",150.048004150391,-37.2452239990234,0.32,1.77,3.28,88.51,49.88,191.32,4.22,3.45,5.6
"NSW","Bega Valley",150.03337097168,-37.2239723205566,0.32,1.78,2.94,85.91,48.61,184.67,5.04,4.02,6.91
"SA","Robe",139.739883422852,-37.1650085449219,0.32,1.92,2.96,33.41,21.46,60.37,12.23,8.84,18.97
"NSW","Bega Valley",150.023971557617,-37.1834716796875,0.32,1.78,3.26,81.6,46.58,173.2,4,3.29,5.23
"SA","Robe",139.747909545898,-37.153434753418,0.32,1.92,2.82,34.82,22.35,62.87,14.4,10.17,23.09
"NSW","Bega Valley",149.985443115234,-37.1308708190918,0.32,1.78,2.89,76.88,44.33,160.73,5.62,4.4,7.89
"SA","Robe",139.742889404297,-37.0785598754883,0.32,1.92,3.55,33.7,21.82,59.99,6.87,5.38,9.52
"SA","Robe",139.734085083008,-37.0505256652832,0.32,1.94,2.9,29.14,19.05,51.45,13.34,9.47,21.24
"NSW","Bega Valley",149.942672729492,-37.0398750305176,0.32,1.79,3.47,70.26,41.08,144.01,3.52,2.96,4.5
"SA","Kingston (SA)",139.690048217773,-36.9901237487793,0.32,1.95,2.93,27.46,18.16,47.64,12.73,9.09,20.13
"NSW","Bega Valley",149.936935424805,-37.0071754455566,0.32,1.79,3.04,70,41.01,143.04,4.72,3.8,6.39
"NSW","Bega Valley",149.943054199219,-36.950023651123,0.32,1.79,3.02,68.84,40.48,139.86,4.66,3.75,6.3
"SA","Kingston (SA)",139.687896728516,-36.9373512268066,0.32,2.04,2.98,15.55,10.96,24.87,7.22,5.59,10.21
"NSW","Bega Valley",149.938751220703,-36.9044761657715,0.32,1.79,3.46,69.88,40.91,142.98,3.47,2.93,4.39
"SA","Kingston (SA)",139.751434326172,-36.9028358459473,0.32,2.07,4.37,13.68,9.79,21.44,3.93,3.31,4.96
"SA","Kingston (SA)",139.796524047852,-36.8766288757324,0.32,2.08,4.39,12.69,9.16,19.65,3.84,3.24,4.82
"SA","Kingston (SA)",139.82112121582,-36.8556785583496,0.32,2.09,4.4,12.36,8.95,19.06,3.82,3.22,4.8
"NSW","Bega Valley",149.933685302734,-36.8700866699219,0.32,1.79,3.06,70.8,41.4,145.04,4.27,3.5,5.62
"SA","Kingston (SA)",139.839019775391,-36.8294143676758,0.32,2.1,4.45,11.99,8.72,18.4,3.71,3.14,4.64
"NSW","Bega Valley",149.947814941406,-36.8517150878906,0.32,1.79,3.06,69.12,40.61,140.62,4.41,3.6,5.84
"SA","Kingston (SA)",139.852264404297,-36.7863502502441,0.32,2.1,2.65,11.8,8.62,17.98,6.77,5.32,9.34
"NSW","Bega Valley",149.974624633789,-36.7799644470215,0.32,1.79,2.9,72.81,42.44,149.77,4.99,4.02,6.71
"SA","Kingston (SA)",139.858383178711,-36.74951171875,0.32,2.11,2.59,11.29,8.3,17.08,6.87,5.39,9.5
"NSW","Bega Valley",149.989532470703,-36.7394943237305,0.32,1.78,3.17,72.62,42.36,149.24,3.97,3.3,5.11
"SA","Kingston (SA)",139.854141235352,-36.6967544555664,0.32,2.11,2.83,11.45,8.42,17.27,6.18,4.91,8.41
"NSW","Bega Valley",150.001571655273,-36.6849975585938,0.32,1.77,3.2,75.44,43.79,156.03,3.89,3.25,4.96
"SA","Kingston (SA)",139.844863891602,-36.6574974060059,0.32,2.11,2.98,11.46,8.43,17.27,5.82,4.66,7.83
"NSW","Bega Valley",150.015930175781,-36.6494674682617,0.32,1.77,2.77,77.57,44.8,161.67,5.79,4.59,7.93
"SA","Kingston (SA)",139.830047607422,-36.6085319519043,0.32,2.11,3.13,11.2,8.27,16.8,5.42,4.38,7.2
"NSW","Bega Valley",150.035064697266,-36.616138458252,0.32,1.77,3.18,75.74,44.01,156.35,3.99,3.34,5.08
"SA","Kingston (SA)",139.821029663086,-36.5684852600098,0.32,2.13,3.43,10.5,7.82,15.57,4.69,3.86,6.08
"NSW","Bega Valley",150.059936523438,-36.5766220092773,0.32,1.77,2.93,75.51,43.96,155.32,4.9,3.98,6.51
"SA","Kingston (SA)",139.803558349609,-36.5380020141602,0.32,2.11,3.37,11.51,8.48,17.31,4.93,4.03,6.44
"NSW","Bega Valley",150.06852722168,-36.5477447509766,0.32,1.77,2.9,75.32,43.87,154.87,5.04,4.06,6.77
"SA","Kingston (SA)",139.791915893555,-36.4919242858887,0.32,2.13,3.33,10.63,7.91,15.76,4.95,4.04,6.48
"NSW","Bega Valley",150.063095092773,-36.4972381591797,0.32,1.77,3.14,78.35,45.36,162.47,4.1,3.39,5.32
"SA","Kingston (SA)",139.775497436523,-36.4551124572754,0.32,2.15,3.15,9.71,7.33,14.14,5.28,4.28,6.98
"NSW","Bega Valley",150.081558227539,-36.442684173584,0.32,1.77,2.84,77.97,45.18,161.49,5.22,4.2,7
"SA","Kingston (SA)",139.756973266602,-36.4185371398926,0.32,2.14,3.05,10.11,7.58,14.83,5.32,4.32,7.02
"SA","Kingston (SA)",139.731491088867,-36.3667602539062,0.32,2.14,3.15,10.13,7.59,14.86,5.19,4.22,6.84
"NSW","Eurobodalla",150.091186523438,-36.3569068908691,0.32,1.77,3.04,82.52,47.5,172.43,4.61,3.78,6.05
"SA","Kingston (SA)",139.714538574219,-36.3330459594727,0.32,2.14,3.05,10.1,7.58,14.82,5.45,4.41,7.25
"NSW","Eurobodalla",150.136993408203,-36.3149375915527,0.32,1.77,2.76,78.76,45.65,162.96,6.35,4.97,8.85
"SA","Kingston (SA)",139.683654785156,-36.2842216491699,0.32,2.13,3.14,10.35,7.74,15.23,5.3,4.3,7.02
"NSW","Eurobodalla",150.148056030273,-36.2723121643066,0.32,1.77,2.7,76.28,44.52,156.2,6.6,5.14,9.28
"NSW","Eurobodalla",150.148941040039,-36.2385597229004,0.32,1.78,2.67,73.46,43.19,148.7,6.54,5.09,9.21
"SA","Coorong",139.628814697266,-36.1987915039062,0.32,2.13,3.57,10.52,7.85,15.52,4.42,3.66,5.71
"NSW","Eurobodalla",150.134841918945,-36.1971473693848,0.32,1.77,3.07,75.88,44.41,154.64,4.56,3.71,6.04
"NSW","Eurobodalla",150.13459777832,-36.165225982666,0.32,1.77,2.86,77.69,45.32,159,5.5,4.37,7.54
"SA","Coorong",139.571441650391,-36.1088409423828,0.32,2.13,5.06,10.58,7.87,15.68,2.78,2.43,3.35
"NSW","Eurobodalla",150.140396118164,-36.108341217041,0.32,1.77,2.97,75.88,44.41,154.63,4.9,3.96,6.56
"SA","Kangaroo Island",136.905456542969,-36.0443840026855,0.32,2.36,3.16,54.21,32.46,108.13,22.15,14.43,40.02
"SA","Kangaroo Island",136.928207397461,-36.0405349731445,0.32,2.36,3.67,55.04,32.86,110.26,9.67,7.14,14.66
"SA","Kangaroo Island",137.016082763672,-36.029296875,0.32,2.36,4.12,55.62,33.12,111.86,6.35,4.97,8.86
"SA","Kangaroo Island",137.049743652344,-36.0282287597656,0.32,2.36,4.01,54.35,32.54,108.42,7.65,5.83,11.09
"SA","Kangaroo Island",137.123550415039,-36.0327224731445,0.32,2.36,3.06,52.92,31.78,105.14,23.9,15.7,42.3
"SA","Kangaroo Island",137.13444519043,-36.034538269043,0.32,2.36,2.95,52.44,31.67,103.15,27.44,17.78,49.35
"SA","Kangaroo Island",137.426620483398,-36.0531272888184,0.32,2.38,2.96,44.9,27.75,85.47,25.84,16.92,45.8
"SA","Kangaroo Island",137.475936889648,-36.0683212280273,0.32,1.88,2.34,50.07,30.56,96.9,25.19,16.92,42.69
"SA","Kangaroo Island",137.515167236328,-36.0489692687988,0.32,1.89,3.12,45.72,28.3,86.75,10.64,7.76,16.36
"SA","Kangaroo Island",137.568801879883,-36.0300827026367,0.32,1.89,3.33,44.93,27.86,85.06,8.12,6.16,11.79
"NSW","Eurobodalla",150.143844604492,-36.0624465942383,0.32,1.76,3.19,75.61,44.3,153.79,4.07,3.37,5.28
"SA","Kangaroo Island",136.690704345703,-36.0229301452637,0.32,2.38,3.04,43.19,26.56,83.17,22.24,14.88,38.26
"SA","Kangaroo Island",136.73811340332,-36.0450325012207,0.32,2.37,3.48,52.18,31.43,103.15,13.04,9.3,20.61
"SA","Kangaroo Island",136.788467407227,-36.0343894958496,0.32,2.37,2.76,50.99,30.97,99.46,29.5,19.23,52.35
"SA","Kangaroo Island",136.846450805664,-36.0241584777832,0.32,2.37,2.83,50.08,30.55,96.99,30.57,19.7,55.24
"SA","Kangaroo Island",137.273880004883,-35.9951553344727,0.32,2.38,2.87,45.17,27.91,86.04,22.21,15.13,36.99
"SA","Kangaroo Island",137.32177734375,-35.9999389648438,0.32,2.42,2.97,32.28,20.95,57.39,28.1,17.78,52.82
"SA","Kangaroo Island",137.382507324219,-36.0181884765625,0.32,2.38,3.18,43.43,26.97,82.17,17.5,12.04,29.02
"SA","Kangaroo Island",137.603118896484,-36.0112037658691,0.32,1.89,3.17,44.29,27.5,83.74,9.53,7.08,14.29
"NSW","Eurobodalla",150.156890869141,-36.0260467529297,0.32,1.76,3.35,75.29,44.14,153.03,3.72,3.11,4.75
"SA","Kangaroo Island",136.633361816406,-35.9650650024414,0.32,2.39,3.27,40.47,25.14,76.85,20.68,13.58,37.03
"SA","Kangaroo Island",137.626693725586,-35.9808921813965,0.32,1.9,2.8,42.05,26.35,78.41,11.72,8.51,18.06
"NSW","Eurobodalla",150.16096496582,-35.9916725158691,0.32,1.76,3.28,75,44.05,151.99,3.87,3.23,4.96
"SA","Kangaroo Island",136.578521728516,-35.9429016113281,0.32,2.41,3.59,35.32,22.42,65.01,10.45,7.66,15.95
"SA","Kangaroo Island",137.603698730469,-35.9404640197754,0.32,1.9,2.5,42.26,26.49,78.77,16.84,11.6,27.95
"SA","Coorong",139.421813964844,-35.9398231506348,0.32,2.1,4.99,11.66,8.57,17.59,2.82,2.46,3.39
"NSW","Eurobodalla",150.163665771484,-35.9351654052734,0.32,1.76,2.91,74.37,43.71,150.62,5.08,4.08,6.86
"SA","Kangaroo Island",136.536087036133,-35.896728515625,0.32,2.07,3.29,30.46,19.82,54.09,7.99,6.11,11.47
"SA","Kangaroo Island",137.677032470703,-35.8850936889648,0.32,1.91,2.16,38.27,24.33,69.9,31.26,20.6,54.18
"SA","Kangaroo Island",137.725204467773,-35.8824005126953,0.32,1.91,2.26,38.1,24.24,69.55,25.8,17.38,43.48
"SA","Kangaroo Island",137.788360595703,-35.8557510375977,0.32,1.91,2.97,37.61,23.97,68.48,9.39,7,13.98
"SA","Kangaroo Island",137.871337890625,-35.8728942871094,0.32,1.91,2.78,37.42,23.87,68.01,12.44,8.99,19.27
"SA","Kangaroo Island",137.88493347168,-35.8728485107422,0.32,1.91,2.77,37.62,23.98,68.46,12.96,9.3,20.29
"SA","Kangaroo Island",137.96125793457,-35.8787040710449,0.32,1.91,3,36.05,23.11,65.12,9.84,7.28,14.82
"SA","Kangaroo Island",138.001083374023,-35.8967895507812,0.32,1.91,2.97,35.77,22.95,64.58,9.73,7.22,14.58
"SA","Kangaroo Island",138.052825927734,-35.8993873596191,0.32,1.91,2.76,38.16,24.29,69.56,12.55,9.07,19.43
"SA","Kangaroo Island",138.082214355469,-35.8790435791016,0.32,1.91,2.93,37.33,23.81,67.91,9.15,6.85,13.54
"SA","Coorong",139.373916625977,-35.8965225219727,0.32,2.09,4.77,12.11,8.85,18.4,3.04,2.62,3.7
"NSW","Eurobodalla",150.189926147461,-35.8637771606445,0.32,1.76,2.8,73.32,43.2,147.92,5.78,4.57,7.98
"SA","Kangaroo Island",138.135406494141,-35.8457832336426,0.32,1.88,3.17,48.38,29.5,94.03,9.58,7.03,14.68
"SA","Coorong",139.319274902344,-35.8516044616699,0.32,2.08,4.4,12.74,9.29,19.42,3.47,2.95,4.33
"NSW","Eurobodalla",150.194900512695,-35.8571395874023,0.32,1.76,2.81,73.67,43.36,148.88,5.73,4.53,7.91
"SA","Kangaroo Island",136.559677124023,-35.8249588012695,0.32,2.08,4.62,28.73,18.7,51.19,3.63,3.11,4.46
"SA","Kangaroo Island",138.12907409668,-35.8107795715332,0.32,1.89,2.63,47.11,28.82,91.1,14.67,10.09,24.65
"SA","Coorong",139.272583007812,-35.809326171875,0.32,2.08,4.8,12.85,9.34,19.65,3.08,2.66,3.76
"NSW","Eurobodalla",150.236907958984,-35.8035354614258,0.32,1.76,2.84,71.51,42.3,143.48,5.43,4.33,7.41
"SA","Kangaroo Island",136.564651489258,-35.7734603881836,0.32,2.08,4.52,28.29,18.49,50.05,4.32,3.59,5.55
"SA","Kangaroo Island",138.073806762695,-35.774959564209,0.32,1.88,2.18,47.98,29.19,93.61,33.62,21.3,62.29
"SA","Coorong",139.215682983398,-35.7648048400879,0.32,2.08,4.92,12.87,9.35,19.7,3.02,2.61,3.68
"NSW","Eurobodalla",150.236831665039,-35.7761192321777,0.32,1.76,2.98,72.63,42.85,146.25,4.78,3.88,6.36
"SA","Kangaroo Island",136.588409423828,-35.7481994628906,0.32,2.09,3.56,26.72,17.59,46.8,4.63,3.79,6.07
"SA","Kangaroo Island",136.626861572266,-35.7417831420898,0.32,2.44,4.26,26.35,17.39,46.01,3.82,3.2,4.84
"SA","Kangaroo Island",138.066772460938,-35.7513809204102,0.32,1.89,2.7,47.31,28.66,93.11,10.82,7.81,16.95
"SA","Yankalilla",138.176651000977,-35.6691741943359,0.32,1.92,2.53,35.56,22.69,64.81,16.27,11.42,26.16
"SA","Yankalilla",138.198532104492,-35.6705513000488,0.32,1.92,2.54,34.93,22.37,63.32,18.51,12.63,31.07
"SA","Coorong",139.162200927734,-35.7285499572754,0.32,2.06,4.27,14.35,10.31,22.29,3.94,3.29,5.02
"NSW","Eurobodalla",150.282455444336,-35.7173690795898,0.32,1.76,3.46,70.08,41.54,140.25,3.59,3.03,4.51
"SA","Kangaroo Island",136.706756591797,-35.725227355957,0.32,2.45,3.37,25.1,16.69,43.35,7.07,5.49,9.94
"SA","Kangaroo Island",136.731002807617,-35.7152709960938,0.32,2.45,4.93,24.68,16.46,42.43,3.03,2.62,3.67
"SA","Kangaroo Island",136.78987121582,-35.6979751586914,0.32,2.46,4.59,23.65,15.89,40.21,3.48,2.97,4.32
"SA","Kangaroo Island",137.616470336914,-35.674991607666,0.32,2.34,3.03,70.85,40.27,152.88,16.05,11.25,25.85
"SA","Kangaroo Island",137.649337768555,-35.6554565429688,0.32,2.34,2.98,71.25,40.45,153.99,16.7,11.67,27.03
"SA","Kangaroo Island",137.763717651367,-35.7223281860352,0.32,2.35,3.1,62.01,35.97,129.97,12.41,9.04,18.96
"SA","Kangaroo Island",137.775573730469,-35.7165031433105,0.32,2.35,3.1,61.28,35.64,127.9,12.1,8.85,18.38
"SA","Kangaroo Island",137.890029907227,-35.723461151123,0.32,1.87,2.86,53.12,31.65,107.03,10.57,7.8,15.92
"SA","Kangaroo Island",137.907119750977,-35.714672088623,0.32,1.88,2.82,49.09,29.63,97.07,10.62,7.84,15.99
"SA","Kangaroo Island",137.988906860352,-35.7158203125,0.32,1.9,2.91,41.05,25.47,78.02,9.63,7.13,14.5
"SA","Kangaroo Island",138.013977050781,-35.7265586853027,0.32,1.89,2.54,45.74,27.85,89.41,11.54,8.4,17.71
"SA","Yankalilla",138.130722045898,-35.6500282287598,0.32,1.93,2.54,32.1,20.81,57.17,14.78,10.4,23.78
"SA","Yankalilla",138.246475219727,-35.6603355407715,0.32,1.93,2.62,31.45,20.45,55.8,14.56,10.2,23.65
"SA","Yankalilla",138.312057495117,-35.6453323364258,0.32,1.95,2.87,27.86,18.46,48.13,10.43,7.62,16
"SA","Yankalilla",138.3759765625,-35.6453437805176,0.32,1.94,3.02,28.17,18.64,48.78,9.97,7.33,15.17
"SA","Yankalilla",138.414459228516,-35.6428642272949,0.32,1.94,2.77,28.05,18.55,48.62,10.77,7.9,16.38
"SA","Victor Harbor",138.478042602539,-35.6393089294434,0.32,1.96,2.86,25.9,17.3,44.26,10.05,7.44,15.12
"SA","Victor Harbor",138.513809204102,-35.6463623046875,0.32,1.97,2.84,24.2,16.32,40.84,10.18,7.52,15.35
"SA","Coorong",139.103012084961,-35.6852188110352,0.32,2.05,4.09,14.62,10.47,22.81,4.34,3.58,5.63
"NSW","Eurobodalla",150.305648803711,-35.6829795837402,0.32,1.76,3.27,69.4,41.19,138.62,3.93,3.28,5.02
"SA","Kangaroo Island",136.849060058594,-35.6847915649414,0.32,2.46,4.27,23.22,15.65,39.3,3.88,3.26,4.9
"SA","Kangaroo Island",136.900344848633,-35.6795883178711,0.32,2.46,4.91,23.91,16.05,40.74,3.11,2.69,3.77
"SA","Kangaroo Island",136.94677734375,-35.6725311279297,0.32,2.45,4.49,24.71,16.52,42.31,3.63,3.07,4.54
"SA","Kangaroo Island",137.011520385742,-35.6639022827148,0.32,2.45,3.96,24.36,16.35,41.47,4.65,3.82,6.05
"SA","Kangaroo Island",137.058792114258,-35.6631202697754,0.32,2.45,3.56,25.66,17.12,44.01,6.07,4.81,8.33
"SA","Kangaroo Island",137.106231689453,-35.6534042358398,0.32,2.44,3.13,26.71,17.73,46.09,8.93,6.75,13.01
"SA","Kangaroo Island",137.630981445312,-35.6381607055664,0.32,2.34,2.98,69.19,39.4,148.99,17.15,11.85,28.28
"SA","Yankalilla",138.093200683594,-35.6287651062012,0.32,1.93,2.8,31.18,20.2,55.74,9.67,7.19,14.45
"SA","Victor Harbor",138.55793762207,-35.6218681335449,0.32,1.96,2.7,25.19,16.86,42.96,10.67,7.86,16.11
"SA","Coorong",139.046203613281,-35.6484336853027,0.32,2.05,4.45,15.15,10.8,23.79,3.95,3.3,5.06
"NSW","Shoalhaven",150.336212158203,-35.6333694458008,0.32,1.77,3.88,67.63,40.31,134.3,3.01,2.61,3.64
"SA","Kangaroo Island",137.179275512695,-35.6163673400879,0.32,2.41,3.48,32.98,21.31,59.03,7.31,5.66,10.3
"SA","Kangaroo Island",137.632522583008,-35.5992774963379,0.32,2.34,2.59,72.08,40.82,156.4,35.78,22.43,67.28
"NSW","Shoalhaven",150.376419067383,-35.5752372741699,0.32,1.77,2.93,67.77,40.33,134.9,5.13,4.16,6.8
"SA","Kangaroo Island",137.239776611328,-35.6021537780762,0.32,2.4,3.44,36.24,23.02,66.49,7.64,5.88,10.9
"SA","Kangaroo Island",137.285034179688,-35.5917587280273,0.32,2.4,3.65,38.53,24.22,71.81,6.94,5.4,9.75
"SA","Kangaroo Island",137.310577392578,-35.5752601623535,0.32,2.37,3.7,47.87,29.17,93.19,7.2,5.58,10.16
"SA","Kangaroo Island",137.372985839844,-35.5833930969238,0.32,2.37,3.19,51.69,30.97,103.31,9.87,7.36,14.62
"SA","Kangaroo Island",137.425735473633,-35.5836410522461,0.32,2.36,3.28,55.74,32.96,113.52,10.11,7.47,15.23
"SA","Kangaroo Island",137.48600769043,-35.574275970459,0.32,2.36,3.47,55.69,32.84,114.03,8.63,6.5,12.68
"SA","Kangaroo Island",137.555801391602,-35.571605682373,0.32,2.35,3.21,58.98,34.41,122.68,11.98,8.64,18.67
"SA","Kangaroo Island",137.586929321289,-35.5594902038574,0.32,2.35,3.47,60.7,35.24,127.13,9.31,6.93,13.89
"SA","Yankalilla",138.115966796875,-35.5587463378906,0.32,1.92,3.03,33.69,21.21,63.14,6.87,5.31,9.74
"SA","Alexandrina",138.684585571289,-35.5412063598633,0.32,1.97,3.72,23.31,15.74,39.36,4.88,3.95,6.52
"SA","Alexandrina",138.741424560547,-35.5217819213867,0.32,1.99,2.71,20.75,14.22,34.35,9.07,6.82,13.31
"NSW","Shoalhaven",150.421203613281,-35.5334854125977,0.32,1.77,2.9,64.25,38.57,126.3,5.29,4.26,7.07
"SA","Yankalilla",138.144882202148,-35.5329360961914,0.32,1.92,3.03,35.11,21.87,66.89,6.78,5.25,9.62
"NSW","Shoalhaven",150.419357299805,-35.5245475769043,0.32,1.77,2.74,63.93,38.39,125.67,5.91,4.68,8.11
"SA","Yankalilla",138.167190551758,-35.5175514221191,0.32,1.91,3.09,35.78,22.19,68.66,6.27,4.91,8.77
"SA","Yankalilla",138.272125244141,-35.4736175537109,0.32,1.92,2.82,33.33,20.82,63.41,8.38,6.28,12.45
"NSW","Shoalhaven",150.401947021484,-35.463996887207,0.32,1.77,2.82,65.26,39.1,128.65,5.19,4.17,7
"SA","Yankalilla",138.296783447266,-35.4467391967773,0.32,1.92,3,33.49,20.89,63.84,7.2,5.53,10.31
"NSW","Shoalhaven",150.448516845703,-35.4087524414062,0.32,1.8,2.99,64.82,38.86,127.67,4.85,3.96,6.39
"SA","Yankalilla",138.328460693359,-35.4014854431152,0.32,1.93,3.03,31.77,19.97,59.9,7.02,5.42,10
"NSW","Shoalhaven",150.472244262695,-35.379711151123,0.32,1.8,3.03,64.15,38.47,126.39,4.74,3.89,6.19
"SA","Yankalilla",138.377059936523,-35.3707275390625,0.32,1.93,3,31.08,19.59,58.42,7.27,5.57,10.44
"NSW","Shoalhaven",150.476806640625,-35.3392028808594,0.32,1.8,2.76,63.35,38.08,124.36,5.58,4.44,7.64
"SA","Yorke Peninsula",136.892074584961,-35.2995147705078,0.32,2.45,3.59,25.57,16.99,44.17,9.73,7.22,14.59
"SA","Yorke Peninsula",136.94612121582,-35.2843360900879,0.32,2.44,3.07,27.2,17.86,47.83,12.71,9.21,19.55
"SA","Onkaparinga",138.437393188477,-35.2955360412598,0.32,1.94,2.35,29.01,18.47,53.77,12.15,8.73,19.03
"NSW","Shoalhaven",150.514236450195,-35.2721939086914,0.32,1.8,2.42,65.09,38.84,129.28,8.5,6.37,12.6
"SA","Yorke Peninsula",136.833374023438,-35.2586517333984,0.32,2.52,3.12,16.66,11.75,26.51,11.81,8.6,18.08
"SA","Yorke Peninsula",136.983993530273,-35.2511100769043,0.32,2.43,3.03,29.91,19.4,53.51,12.16,8.85,18.61
"SA","Yorke Peninsula",137.068176269531,-35.2329216003418,0.32,2.42,3.35,30.98,19.94,56.07,9.26,7,13.46
"SA","Yorke Peninsula",137.108047485352,-35.2438087463379,0.32,2.42,3.18,32.42,20.7,59.32,10.42,7.76,15.46
"SA","Yorke Peninsula",137.158889770508,-35.2424430847168,0.32,2.4,3.24,36.23,22.85,67.39,10.46,7.76,15.59
"SA","Onkaparinga",138.437713623047,-35.2665901184082,0.32,1.94,2.34,28.8,18.35,53.3,12.29,8.81,19.33
"NSW","Shoalhaven",150.545104980469,-35.2491569519043,0.32,1.8,2.78,65,38.88,128.51,6.11,4.87,8.28
"SA","Yorke Peninsula",136.839752197266,-35.2131881713867,0.32,2.52,3.39,16.38,11.6,25.88,11.31,8.21,17.48
"SA","Yorke Peninsula",137.194564819336,-35.2126617431641,0.32,2.4,3.66,37.39,23.55,69.57,7.64,5.9,10.81
"SA","Onkaparinga",138.463119506836,-35.2146835327148,0.32,2.71,3.16,27.04,17.4,49.4,11.51,8.32,17.89
"NSW","Shoalhaven",150.567932128906,-35.2025871276855,0.32,1.8,2.9,65.56,39.1,130.29,5.43,4.4,7.17
"NSW","Unincorp. Other Territories",150.691772460938,-35.2010726928711,0.32,1.81,2.8,61.53,36.92,121.33,6.56,5.21,8.91
"NSW","Unincorp. Other Territories",150.708023071289,-35.1964263916016,0.32,1.81,3.88,59.46,35.9,116.21,3.31,2.85,4.06
"WASouth","Albany",117.603546142578,-35.1297760009766,0.32,1.5,5.24,72.4,41.5,153.59,3.06,2.64,3.74
"WASouth","Albany",117.638542175293,-35.136344909668,0.32,1.49,4.75,77.36,44.05,165.41,3.78,3.18,4.79
"SA","Yorke Peninsula",136.848587036133,-35.1861114501953,0.32,2.48,3.69,20.28,13.92,33.52,8.46,6.39,12.38
"SA","Yorke Peninsula",137.264556884766,-35.1675338745117,0.32,2.4,3.64,36.07,22.75,67.06,7.53,5.81,10.66
"SA","Yorke Peninsula",137.310241699219,-35.1675987243652,0.32,2.39,3.75,39.17,24.41,74.07,6.94,5.41,9.73
"SA","Yorke Peninsula",137.348373413086,-35.1653175354004,0.32,2.36,3.47,52.53,31.05,107.48,8.04,6.19,11.42
"SA","Yorke Peninsula",137.610473632812,-35.1551742553711,0.32,2.37,3.23,51.99,30.51,107.85,9.99,7.44,14.87
"SA","Yorke Peninsula",137.634674072266,-35.1674423217773,0.32,2.36,3.27,55.72,32.36,117.36,9.97,7.42,14.83
"SA","Yorke Peninsula",137.679443359375,-35.1711044311523,0.32,2.35,3.9,59.47,34.21,126.87,6.29,4.99,8.57
"NSW","Unincorp. Other Territories",150.762313842773,-35.1617126464844,0.32,1.81,3.76,57.82,35.07,112.25,3.26,2.81,3.99
"WASouth","Albany",117.537940979004,-35.0852127075195,0.32,1.5,2.39,67.06,38.71,141.14,12.87,9.25,20.07
"WASouth","Albany",117.644309997559,-35.1269073486328,0.32,1.49,3.46,76.73,43.67,164.26,4.61,3.73,6.16
"WASouth","Albany",117.856033325195,-35.1080741882324,0.32,1.5,2.89,72.33,41.5,153.2,8.6,6.49,12.58
"WASouth","Albany",117.946891784668,-35.1290817260742,0.32,1.49,2.87,81.16,46.14,173.54,9.63,7.22,14.16
"SA","Yorke Peninsula",136.918487548828,-35.1413688659668,0.32,2.48,3.14,20.96,14.29,34.95,10.5,7.74,15.87
"SA","Yorke Peninsula",137.412414550781,-35.1113395690918,0.32,2.37,3.37,51.09,30.25,104.42,8.16,6.27,11.62
"SA","Yorke Peninsula",137.487014770508,-35.1126708984375,0.32,2.37,3.43,48.02,28.59,97.54,8.12,6.23,11.57
"SA","Yorke Peninsula",137.524642944336,-35.1180801391602,0.32,2.37,3.51,49.76,29.45,101.93,7.69,5.94,10.85
"SA","Yorke Peninsula",137.740158081055,-35.1296997070312,0.32,2.36,3.84,55.81,32.49,116.97,6.27,4.98,8.52
"SA","Onkaparinga",138.462600708008,-35.1263885498047,0.32,2.71,3.6,26.48,17.1,48.05,8.62,6.49,12.65
"NSW","Unincorp. Other Territories",150.775543212891,-35.1180725097656,0.32,1.81,3.72,58,35.18,112.64,3.28,2.83,4.02
"WASouth","Manjimup",116.499481201172,-35.039623260498,0.32,1.5,2.25,73.2,41.93,155.34,14.48,10.24,23.13
"WASouth","Manjimup",116.626121520996,-35.0582046508789,0.32,1.5,1.85,67.74,38.92,143.62,28.3,18.16,51.79
"WASouth","Manjimup",116.632537841797,-35.0628356933594,0.32,1.5,1.82,72.51,41.4,154.9,32.7,20.58,61.43
"WASouth","Manjimup",116.657424926758,-35.0581321716309,0.32,1.5,1.75,68.68,39.55,144.91,39.25,24.24,75.46
"WASouth","Denmark",116.862083435059,-35.0571975708008,0.32,1.49,2.4,81.37,45.8,177.17,12.9,9.3,20.03
"WASouth","Denmark",116.911567687988,-35.0656433105469,0.32,1.5,1.97,71.07,40.66,151.42,21.38,14.33,36.75
"WASouth","Denmark",116.92749786377,-35.0664024353027,0.32,1.49,2.89,75.8,43.09,162.76,9.64,7.15,14.46
"WASouth","Denmark",117.01692199707,-35.0369186401367,0.32,1.52,2.23,56.23,33.1,115.42,14.83,10.47,23.73
"WASouth","Denmark",117.070243835449,-35.0396041870117,0.32,1.5,2.38,68.93,39.6,146.03,13.58,9.66,21.52
"WASouth","Denmark",117.12614440918,-35.0523452758789,0.32,1.51,2.21,66.04,38.09,139.27,12.55,9.08,19.4
"WASouth","Albany",117.43677520752,-35.0582695007324,0.32,1.51,3.64,64.65,37.44,135.48,4.99,4.04,6.65
"WASouth","Albany",117.478675842285,-35.0829620361328,0.32,1.53,3.92,50.36,30.07,101.4,4.16,3.45,5.36
"WASouth","Albany",117.654037475586,-35.0811538696289,0.32,1.49,2.4,76.58,43.57,164.05,9.39,6.93,14.25
"WASouth","Albany",117.752479553223,-35.0632133483887,0.32,1.5,3,69.61,40.11,146.66,10.24,7.51,15.61
"WASouth","Albany",117.799957275391,-35.0789680480957,0.32,1.5,3.32,69.57,40.11,146.33,7.08,5.5,9.97
"WASouth","Albany",117.998588562012,-35.083553314209,0.32,1.48,1.6,88.52,49.54,193.78,91.07,49.75,208.02
"SA","Yorke Peninsula",136.942672729492,-35.1013793945312,0.32,2.48,3.37,20.24,13.87,33.56,9.41,7,14.06
"SA","Yorke Peninsula",137.752334594727,-35.0895500183105,0.32,2.38,3.37,46.88,27.95,95.09,8.76,6.63,12.75
"WASouth","Manjimup",116.492492675781,-35.0378036499023,0.32,1.5,2.32,75.33,42.94,161.05,12.86,9.25,20.06
"WASouth","Denmark",116.80200958252,-35.027214050293,0.32,1.5,2.06,70.18,40.16,149.58,16.12,11.28,26.03
"WASouth","Denmark",117.164962768555,-35.040657043457,0.32,1.49,2.14,77.41,43.76,167.68,20.63,14.03,34.58
"WASouth","Denmark",117.215309143066,-35.0246772766113,0.32,1.54,2.3,46.66,28.19,92.4,14.47,10.2,23.23
"WASouth","Denmark",117.261695861816,-35.0279731750488,0.32,1.51,2.15,60.94,35.52,126.71,15.58,10.95,25.05
"WASouth","Denmark",117.314033508301,-35.0409965515137,0.32,1.51,2.01,63.69,37.03,132.73,16.32,11.38,26.56
"WASouth","Albany",117.37866973877,-35.0329399108887,0.32,1.51,2.11,63.64,36.95,132.9,15.65,11,25.13
"WASouth","Albany",118.054786682129,-35.0434722900391,0.32,1.48,1.89,86.4,48.55,187.99,28.64,18.48,51.84
"WASouth","Albany",118.068359375,-35.0635223388672,0.32,1.49,1.98,85.09,47.98,184.19,27.41,17.97,48.34
"SA","Yorke Peninsula",136.928436279297,-35.0313949584961,0.32,2.5,3.17,18.06,12.61,29.15,10.06,7.45,15.09
"SA","Marion",138.500640869141,-35.0439109802246,0.32,2.73,3.41,24.39,15.96,43.44,9.56,7.11,14.29
"NSW","Shoalhaven",150.76676940918,-35.0225372314453,0.32,1.8,2.31,62.28,37.3,123.14,12.83,9.31,19.66
"WASouth","Manjimup",116.441963195801,-34.986400604248,0.32,1.51,2.23,63.38,36.67,133.29,14.5,10.23,23.24
"WASouth","Albany",118.160102844238,-34.9965553283691,0.32,1.53,2.74,52.4,31.79,102.29,9.88,7.29,14.97
"WASouth","Albany",118.208679199219,-35.0000228881836,0.32,1.48,1.93,86.51,48.69,187.62,25.67,16.85,45.34
"SA","Lower Eyre Peninsula",135.93977355957,-34.9993171691895,0.32,2.09,2.91,25.49,16.69,45.24,11.8,8.58,18.12
"SA","Lower Eyre Peninsula",136.003768920898,-34.9874534606934,0.32,2.07,2.73,30.37,19.52,55.12,13.14,9.53,20.17
"SA","Yorke Peninsula",136.9482421875,-35.0069999694824,0.32,2.47,3.45,22.41,15.16,37.77,8.64,6.52,12.66
"SA","Holdfast Bay",138.505004882812,-34.9957733154297,0.32,2.73,3.47,23.15,15.26,40.8,8.88,6.68,13.05
"NSW","Shoalhaven",150.793502807617,-34.9941062927246,0.32,1.73,2.62,59.41,35.94,115.7,7.86,5.9,11.67
"WASouth","Manjimup",116.376663208008,-34.9477043151855,0.32,1.51,2.3,60.56,35.27,126.13,12.55,9.03,19.61
"WASouth","Albany",118.245780944824,-34.9216423034668,0.32,1.49,1.89,85.2,48.1,184.01,29.15,18.97,51.88
"WASouth","Albany",118.293395996094,-34.9157218933105,0.32,1.49,2.03,83.68,47.27,180.67,25.4,16.59,45.27
"WASouth","Albany",118.388008117676,-34.9172668457031,0.32,1.49,3.02,84.84,47.89,183.25,11.23,8.15,17.38
"WASouth","Albany",118.43773651123,-34.9264717102051,0.32,1.49,3.35,78.09,44.48,166.76,7.61,5.84,10.91
"SA","Lower Eyre Peninsula",135.62873840332,-34.9475173950195,0.32,2.06,3.07,34.32,21.64,64.03,15.06,10.59,24.25
"SA","Lower Eyre Peninsula",135.686218261719,-34.951774597168,0.32,2.05,2.72,35.7,22.38,67.16,14.15,10.2,21.84
"SA","Lower Eyre Peninsula",135.875335693359,-34.9482650756836,0.32,2.09,2.62,26.13,17.08,46.45,14.96,10.66,23.51
"SA","Lower Eyre Peninsula",136.05680847168,-34.9548683166504,0.32,2.05,2.84,37.7,23.69,70.37,11.44,8.44,17.13
"SA","Yorke Peninsula",136.970291137695,-34.9538307189941,0.32,2.46,3.42,23.01,15.53,38.9,8.31,6.29,12.1
"SA","Yorke Peninsula",137.790176391602,-34.9498023986816,0.32,2.38,3.01,43.66,26.25,87.58,11.34,8.32,17.18
"SA","Charles Sturt",138.493499755859,-34.9453239440918,0.32,2.74,3.19,22.56,14.95,39.49,11.36,8.27,17.46
"NSW","Shoalhaven",150.779983520508,-34.9549674987793,0.32,1.72,2.85,61.93,37.24,121.63,5.35,4.26,7.29
"WASouth","Manjimup",116.278388977051,-34.8926849365234,0.32,1.52,2.45,58.46,34.06,121.94,9.59,7.15,14.28
"WASouth","Manjimup",116.313697814941,-34.9120445251465,0.32,1.52,2.02,57.17,33.38,119.01,17.52,12.04,29.13
"WASouth","Albany",118.473320007324,-34.9040679931641,0.32,1.48,2.19,91.81,51.51,199.61,15.22,10.73,24.35
"SA","Lower Eyre Peninsula",135.60270690918,-34.892707824707,0.32,2.13,4.43,19.75,13.37,33.51,4.43,3.65,5.78
"SA","Lower Eyre Peninsula",135.708190917969,-34.9039306640625,0.32,2.09,2.37,26.2,17.13,46.51,24.26,16.31,41.18
"SA","Lower Eyre Peninsula",135.813537597656,-34.8753776550293,0.32,2.09,2.55,25.88,16.9,46.09,15.22,10.87,23.81
"SA","Lower Eyre Peninsula",135.850769042969,-34.9092292785645,0.32,2.09,2.63,25.71,16.81,45.68,12.8,9.32,19.55
"SA","Lower Eyre Peninsula",136.040588378906,-34.9115982055664,0.32,2.03,2.52,44.02,27.33,83.26,18.23,12.85,28.89
"SA","Yorke Peninsula",137.007171630859,-34.9160041809082,0.32,2.46,3.29,22.97,15.49,38.89,8.47,6.39,12.39
"SA","Yorke Peninsula",137.434066772461,-34.916015625,0.32,2.56,3.09,13.42,9.53,21.38,7.11,5.49,10.08
"SA","Yorke Peninsula",137.805541992188,-34.9134864807129,0.32,2.38,3,42.98,25.93,85.76,11.28,8.29,17.04
"SA","Charles Sturt",138.486358642578,-34.9103393554688,0.32,2.74,3.2,21.87,14.55,38.06,10.84,7.95,16.49
"NSW","Shoalhaven",150.770278930664,-34.9090614318848,0.32,1.72,2.73,63.32,37.95,124.94,5.75,4.54,7.93
"WASouth","Manjimup",116.05086517334,-34.8465347290039,0.32,1.5,2.24,67.1,38.41,143.36,13.68,9.7,21.81
"WASouth","Manjimup",116.111457824707,-34.850944519043,0.32,1.51,2.11,63.7,36.75,134.59,16.64,11.54,27.27
"WASouth","Manjimup",116.154434204102,-34.8547859191895,0.32,1.51,2.3,63.7,36.78,134.41,13.2,9.44,20.77
"WASouth","Manjimup",116.210372924805,-34.8674583435059,0.32,1.53,2.41,52.28,30.89,107.04,9.58,7.13,14.3
"WASouth","Albany",118.456573486328,-34.9003067016602,0.32,1.48,2.1,95.24,53.22,208.11,22.73,15.49,37.77
"SA","Lower Eyre Peninsula",135.545608520508,-34.8329162597656,0.32,2.14,4.41,18.49,12.63,31,4.63,3.78,6.12
"SA","Yorke Peninsula",137.037017822266,-34.8975028991699,0.32,2.46,2.91,22.89,15.44,38.75,10.47,7.76,15.64
"SA","Yorke Peninsula",137.119888305664,-34.9118118286133,0.32,2.48,3.28,20.85,14.16,35.07,7.57,5.81,10.83
"SA","Yorke Peninsula",137.17822265625,-34.8988838195801,0.32,2.5,3.53,18.71,12.83,31.07,6.11,4.82,8.41
"SA","Yorke Peninsula",137.205261230469,-34.896785736084,0.32,2.5,3.55,18.31,12.58,30.35,6.01,4.75,8.27
"SA","Yorke Peninsula",137.259643554688,-34.8906936645508,0.32,2.51,3.31,17.16,11.86,28.28,6.5,5.09,9.06
"SA","Yorke Peninsula",137.289123535156,-34.893238067627,0.32,2.52,3.32,16.53,11.46,27.13,6.37,5,8.86
"SA","Yorke Peninsula",137.451095581055,-34.8677635192871,0.32,2.56,3.07,13.42,9.53,21.34,7.19,5.54,10.22
"SA","Yorke Peninsula",137.813827514648,-34.8672142028809,0.32,2.39,2.94,41.79,25.33,82.83,12.39,8.98,19.09
"NSW","Shoalhaven",150.753067016602,-34.8636322021484,0.32,1.72,2.36,64.33,38.46,127.38,9.45,6.98,14.33
"WASouth","Manjimup",115.992393493652,-34.8286247253418,0.32,1.57,2.22,57.12,33.48,118.04,16.02,11.06,26.57
"WASouth","Albany",118.413291931152,-34.8083572387695,0.32,1.47,2.05,101.32,56.15,223.92,16.97,11.51,28.95
"SA","Lower Eyre Peninsula",135.501922607422,-34.7913246154785,0.32,2.15,4.05,17.93,12.3,29.9,6.29,4.9,8.85
"SA","Lower Eyre Peninsula",136.003540039062,-34.8275985717773,0.32,2.03,2.29,44.79,27.77,84.84,29.89,19.36,53.56
"SA","Yorke Peninsula",137.45246887207,-34.8243675231934,0.32,2.55,3.58,13.89,9.83,22.21,5.64,4.48,7.73
"SA","Yorke Peninsula",137.853607177734,-34.7996711730957,0.32,2.4,2.95,38.23,23.49,74.31,12.05,8.76,18.49
"SA","Port Adelaide Enfield",138.478958129883,-34.8245964050293,0.32,2.75,3.18,20.97,14.03,36.18,11.2,8.18,17.13
"NSW","Shoalhaven",150.768356323242,-34.8201484680176,0.32,1.72,2.42,66,39.31,131.37,8.09,6.12,11.82
"WASouth","Manjimup",115.960182189941,-34.7667274475098,0.32,1.57,3.04,59.65,34.61,125.27,6.27,4.95,8.63
"WASouth","Albany",118.439796447754,-34.7701377868652,0.32,1.47,1.84,98.86,54.98,217.39,29.11,18.83,52.42
"SA","Lower Eyre Peninsula",135.476257324219,-34.7575340270996,0.32,2.16,3.46,16.9,11.67,27.91,7.67,5.81,11.24
"SA","Lower Eyre Peninsula",136.013534545898,-34.7910461425781,0.32,2.02,2.41,48.92,30.01,93.93,22.8,15.35,38.71
"SA","Yorke Peninsula",137.45524597168,-34.7916793823242,0.32,2.55,3.58,13.91,9.84,22.25,5.6,4.45,7.66
"SA","Yorke Peninsula",137.865936279297,-34.7779502868652,0.32,2.4,2.96,37.3,23,72.14,12.01,8.72,18.46
"NSW","Kiama",150.826202392578,-34.774356842041,0.32,1.72,2.6,65.83,39.2,131.16,6.66,5.2,9.31
"WASouth","Manjimup",115.928855895996,-34.7108383178711,0.32,1.58,2.99,52.85,31.02,109.53,6.87,5.31,9.75
"WASouth","Albany",118.513496398926,-34.7271842956543,0.32,1.48,1.91,93.98,52.61,204.88,26.29,17.11,47.05
"WASouth","Albany",118.577919006348,-34.7082405090332,0.32,1.48,1.92,88.9,50.08,192.23,26.45,17.29,46.99
"WASouth","Albany",118.641914367676,-34.6965713500977,0.32,1.49,1.91,82.36,46.81,176.04,24.91,16.62,42.81
"SA","Lower Eyre Peninsula",135.335220336914,-34.7054634094238,0.32,2.12,3.3,22.05,14.73,38.07,8.29,6.27,12.12
"SA","Lower Eyre Peninsula",135.439056396484,-34.7274475097656,0.32,2.14,3.37,18.63,12.7,31.33,8.92,6.62,13.42
"SA","Port Lincoln",135.892684936523,-34.7439880371094,0.32,1.99,2.18,67.37,39.72,136.4,39.11,24.25,74.67
"SA","Lower Eyre Peninsula",135.999130249023,-34.7331199645996,0.32,2.01,2.37,55.16,33.33,108.12,23.59,15.86,40.09
"SA","Yorke Peninsula",137.474060058594,-34.7379150390625,0.32,2.56,3.59,13.36,9.5,21.22,5.55,4.42,7.59
"SA","Yorke Peninsula",137.876220703125,-34.7336845397949,0.32,2.41,2.97,34.77,21.68,66.16,11.98,8.7,18.44
"SA","Port Adelaide Enfield",138.491088867188,-34.7511978149414,0.32,2.69,2.98,19.03,12.9,32.27,12.24,8.83,19.07
"NSW","Kiama",150.849090576172,-34.726978302002,0.32,1.72,3.23,65.39,38.97,130.11,3.81,3.21,4.8
"WASouth","Manjimup",115.905700683594,-34.6893005371094,0.32,1.58,3.06,51.32,30.21,105.97,6.13,4.83,8.46
"WASouth","Albany",118.657928466797,-34.6917991638184,0.32,1.48,2.33,86.84,49.13,186.56,17.32,11.93,28.66
"SA","Lower Eyre Peninsula",135.325469970703,-34.6993713378906,0.32,2.17,3.4,15.91,11.08,25.98,7.43,5.66,10.8
"SA","Yorke Peninsula",137.485076904297,-34.6953315734863,0.32,2.56,3.59,13.25,9.44,20.99,5.54,4.41,7.58
"SA","Yorke Peninsula",137.889953613281,-34.6969833374023,0.32,2.42,2.92,32.75,20.62,61.44,12.7,9.14,19.77
"SA","Playford",138.471588134766,-34.7015037536621,0.32,2.68,3.56,19.32,13.09,32.74,7.53,5.8,10.72
"NSW","Kiama",150.860687255859,-34.6920127868652,0.32,1.82,3.85,66.52,39.55,132.78,3.02,2.62,3.66
"WASouth","Manjimup",115.858764648438,-34.6483764648438,0.32,1.57,2.49,54.08,31.72,112.07,9.72,7.25,14.43
"WASouth","Albany",118.732460021973,-34.6475105285645,0.32,1.49,3.15,79.56,45.51,168.46,5.96,4.68,8.28
"SA","Lower Eyre Peninsula",135.326873779297,-34.6681861877441,0.32,2.18,3.19,15.28,10.69,24.79,7.42,5.67,10.74
"SA","Lower Eyre Peninsula",135.921951293945,-34.6428375244141,0.32,1.99,2.38,65.29,38.42,132.93,28.34,18.33,51.09
"SA","Yorke Peninsula",137.49104309082,-34.6620597839355,0.32,2.56,3.27,13.51,9.6,21.47,6.28,4.92,8.76
"SA","Yorke Peninsula",137.904342651367,-34.6358642578125,0.32,2.43,2.87,29.83,19.06,54.85,13.96,9.91,22.18
"SA","Adelaide Plains",138.42643737793,-34.6480331420898,0.32,2.68,3.49,19.54,13.21,33.24,7.93,6.06,11.4
"WASouth","Manjimup",115.80005645752,-34.5957412719727,0.32,1.58,2.36,53.39,31.46,109.72,11.73,8.51,18.1
"WASouth","Albany",118.748977661133,-34.5954666137695,0.32,1.49,2.11,82.9,47.25,176.23,14.27,10.01,23.14
"SA","Lower Eyre Peninsula",135.316162109375,-34.6103324890137,0.32,2.24,3.01,11.43,8.31,17.62,8.16,6.12,12.15
"SA","Lower Eyre Peninsula",135.936264038086,-34.6104278564453,0.32,2,2.39,63.39,37.37,128.78,28.06,18.28,49.95
"SA","Yorke Peninsula",137.500183105469,-34.6044120788574,0.32,2.57,3.28,12.94,9.25,20.38,6.13,4.82,8.5
"SA","Yorke Peninsula",137.912384033203,-34.618537902832,0.32,2.43,2.86,29.2,18.72,53.41,14.17,10.02,22.65
"SA","Adelaide Plains",138.403396606445,-34.6134872436523,0.32,2.68,3.49,19.41,13.15,32.89,8.08,6.16,11.66
"NSW","Shellharbour",150.893783569336,-34.6025238037109,0.32,1.81,2.58,69.1,40.87,138.95,7.49,5.81,10.51
"WASouth","Manjimup",115.731224060059,-34.5361518859863,0.32,1.58,2.37,53.72,31.46,111.64,11.13,8.12,17.08
"WASouth","Manjimup",115.753326416016,-34.553165435791,0.32,1.58,2.42,50.06,29.57,102.91,10.02,7.42,15.08
"WASouth","Albany",118.747589111328,-34.5683937072754,0.32,1.49,2.08,78.5,45.1,165.03,15.62,10.83,25.76
"WASouth","Jerramungup",119.227691650391,-34.534309387207,0.32,1.5,2.38,70.47,40.96,145.99,11.64,8.51,17.72
"WASouth","Jerramungup",119.256904602051,-34.5356292724609,0.32,1.5,2.23,75.46,43.78,156.21,18.98,12.97,31.74
"SA","Unincorporated SA",135.946823120117,-34.5628547668457,0.32,1.99,2.43,64.12,37.64,131.18,24.36,16.14,42.41
"SA","Yorke Peninsula",137.492401123047,-34.5622596740723,0.32,2.57,3.28,12.91,9.25,20.28,6.14,4.83,8.51
"SA","Yorke Peninsula",137.893447875977,-34.5577239990234,0.32,2.43,2.83,29.69,18.98,54.52,14.85,10.42,24.02
"SA","Adelaide Plains",138.351638793945,-34.5736656188965,0.32,2.68,3.44,19.27,13.07,32.62,8.53,6.45,12.44
"WASouth","Manjimup",115.672386169434,-34.4941368103027,0.32,1.58,2.57,53.31,31.39,109.75,9.59,7.13,14.33
"WASouth","Albany",118.791877746582,-34.5268898010254,0.32,1.5,2.27,74.77,43.24,155.77,12.49,8.91,19.77
"WASouth","Albany",118.840110778809,-34.5116996765137,0.32,1.5,3.26,71.65,41.63,148.37,5.49,4.36,7.53
"WASouth","Albany",118.897109985352,-34.504997253418,0.32,1.5,2.65,70.28,40.9,145.31,10.63,7.76,16.34
"WASouth","Jerramungup",119.158416748047,-34.4976654052734,0.32,1.51,2.41,63.78,37.47,130.34,11.42,8.34,17.43
"WASouth","Jerramungup",119.285186767578,-34.5118827819824,0.32,1.5,2.41,73.63,42.61,153.32,12.7,9.13,19.83
"SA","Lower Eyre Peninsula",135.998809814453,-34.5188331604004,0.32,2,2.43,60.33,35.52,123.27,21.88,14.71,37.35
"SA","Tumby Bay",136.073135375977,-34.512020111084,0.32,2.01,2.28,54.25,32.25,109.57,22.27,14.99,37.91
"SA","Tumby Bay",136.107116699219,-34.5229568481445,0.32,2.01,2.62,53.35,32.02,106,17.68,12.26,28.91
"SA","Unincorporated SA",137.380996704102,-34.5214958190918,0.32,2.52,3.68,16.01,11.17,26.02,5.44,4.35,7.38
"SA","Yorke Peninsula",137.895538330078,-34.509952545166,0.32,2.43,2.83,29.84,19.06,54.88,14.43,10.16,23.2
"SA","Adelaide Plains",138.315139770508,-34.5217552185059,0.32,2.69,3.4,18.77,12.78,31.59,8.86,6.66,13.01
"WASouth","Nannup",115.607223510742,-34.447395324707,0.32,1.57,2.18,54.29,31.95,111.74,15.33,10.67,25.08
"WASouth","Jerramungup",118.949409484863,-34.4593963623047,0.32,1.5,2.46,66.86,39.16,137.03,11.83,8.57,18.29
"WASouth","Jerramungup",119.00870513916,-34.4599838256836,0.32,1.51,2.79,64.41,37.86,131.42,8.93,6.67,13.29
"WASouth","Jerramungup",119.048156738281,-34.4653663635254,0.32,1.51,2.9,65.61,38.46,134.42,8.97,6.7,13.34
"WASouth","Jerramungup",119.108016967773,-34.4735145568848,0.32,1.52,2.37,58.06,34.59,116.39,12.95,9.23,20.54
"WASouth","Jerramungup",119.282707214355,-34.4768371582031,0.32,1.5,1.83,73.34,42.47,152.6,29.54,18.93,54.05
"WASouth","Jerramungup",119.363868713379,-34.4838829040527,0.32,1.5,2.44,71.62,41.55,148.72,12.2,8.81,18.94
"SA","Lower Eyre Peninsula",135.302597045898,-34.5082473754883,0.32,2.28,3.26,9.9,7.36,14.77,3.97,3.31,5.07
"SA","Tumby Bay",136.126312255859,-34.4671478271484,0.32,2.02,2.78,49.21,29.71,97.22,10.73,7.95,16.02
"SA","Yorke Peninsula",137.419784545898,-34.4762954711914,0.32,2.4,3.49,14.65,10.33,23.52,5.32,4.27,7.18
"SA","Yorke Peninsula",137.918411254883,-34.4620323181152,0.32,2.62,3.07,29.5,18.87,54.15,13.16,9.38,20.83
"SA","Adelaide Plains",138.260284423828,-34.4787826538086,0.32,2.67,3.39,20.64,13.85,35.48,9.13,6.84,13.49
"WASouth","Nannup",115.485870361328,-34.3908157348633,0.32,1.56,2.17,61.39,35.56,129.08,17.47,11.96,29.23
"WASouth","Nannup",115.538330078125,-34.4236183166504,0.32,1.57,2.12,58.33,33.96,121.87,16.77,11.5,28.03
"WASouth","Jerramungup",119.406532287598,-34.4336967468262,0.32,1.5,1.62,74.55,43.17,154.98,78.16,44.05,170.24
"SA","Lower Eyre Peninsula",135.355972290039,-34.4217758178711,0.32,2.28,3.52,9.94,7.35,14.95,3.85,3.21,4.95
"SA","Tumby Bay",136.143707275391,-34.4139289855957,0.32,2.02,2.29,48.43,29.2,96.06,24.87,16.32,44.01
"SA","Yorke Peninsula",137.425506591797,-34.4361991882324,0.32,2.39,3.51,15.5,10.79,25.34,5.05,4.08,6.75
"SA","Yorke Peninsula",137.946380615234,-34.4078636169434,0.32,2.29,2.74,27.97,18.03,50.8,12.86,9.19,20.3
"SA","Adelaide Plains",138.249923706055,-34.4341163635254,0.32,2.67,3.17,20.83,13.96,35.89,9.68,7.21,14.43
"NSW","Wollongong",150.911224365234,-34.4259948730469,0.32,1.81,3.06,73.9,43.37,150.12,4.77,3.88,6.3
"WASouth","Nannup",115.451011657715,-34.36767578125,0.32,1.56,2.38,61.52,35.58,129.7,12.1,8.75,18.76
"WASouth","Jerramungup",119.408996582031,-34.3939018249512,0.32,1.49,2.46,76.73,44.29,160.15,7.09,5.43,10.21
"WASouth","Jerramungup",119.474838256836,-34.3979911804199,0.32,1.5,2.08,71.26,41.47,147.18,20.75,14,35.31
"SA","Lower Eyre Peninsula",135.348175048828,-34.3730888366699,0.32,2.26,3.54,10.85,7.94,16.57,4.18,3.44,5.48
"SA","Tumby Bay",136.145538330078,-34.4058647155762,0.32,2.02,2.28,47.88,28.9,94.82,25.93,16.91,46.28
"SA","Yorke Peninsula",137.440673828125,-34.3979988098145,0.32,2.39,3.46,15.8,10.98,25.9,5.18,4.17,6.95
"SA","Yorke Peninsula",137.983108520508,-34.3797225952148,0.32,2.3,2.74,27.67,17.83,50.27,13.07,9.31,20.72
"SA","Adelaide Plains",138.239547729492,-34.3977470397949,0.32,2.68,3.17,20.33,13.69,34.77,9.8,7.29,14.64
"NSW","Wollongong",150.927154541016,-34.380241394043,0.32,1.81,2.55,74.74,43.76,152.32,8.16,6.21,11.81
"WASouth","Augusta Margaret River",115.114120483398,-34.3457527160645,0.32,1.57,2.35,54.94,32.35,112.88,14.33,10.08,23.13
"WASouth","Augusta Margaret River",115.169120788574,-34.3554878234863,0.32,1.53,2.13,99.2,54.33,224.28,34.05,21.13,65.49
"WASouth","Augusta Margaret River",115.178131103516,-34.3455810546875,0.32,1.53,2.02,96.41,52.8,218.35,33.68,21,64.22
"WASouth","Augusta Margaret River",115.252731323242,-34.3154830932617,0.32,1.54,1.99,84.02,46.52,188.17,25.63,16.66,46.08
"WASouth","Augusta Margaret River",115.323333740234,-34.3184242248535,0.32,1.55,2.09,76.29,42.82,167.67,18.81,12.81,31.68
"WASouth","Nannup",115.369979858398,-34.3293151855469,0.32,1.55,2.09,70.15,39.79,151.97,18.42,12.57,30.93
"WASouth","Jerramungup",119.521812438965,-34.3588638305664,0.32,1.49,1.93,78.5,45.39,163.13,38.29,23.55,74.33
"SA","Lower Eyre Peninsula",135.353698730469,-34.3556213378906,0.32,2.26,3.61,10.61,7.78,16.15,4.14,3.41,5.42
"SA","Tumby Bay",136.194808959961,-34.336181640625,0.32,2.03,2.58,42.95,26.19,84.01,20.91,14.02,35.97
"SA","Yorke Peninsula",137.474868774414,-34.3563575744629,0.32,2.41,3.49,14.26,10.04,23,4.99,4.04,6.64
"SA","Yorke Peninsula",138.00910949707,-34.3484191894531,0.32,2.31,2.74,25.79,16.82,46.02,13.12,9.34,20.8
"SA","Adelaide Plains",138.221740722656,-34.3510093688965,0.32,2.67,3.16,20.43,13.74,34.98,10.33,7.62,15.59
"NSW","Wollongong",150.933074951172,-34.3690643310547,0.32,1.81,2.49,73.76,43.36,149.37,9.55,7.1,14.26
"WASouth","Augusta Margaret River",115.064079284668,-34.2983169555664,0.32,1.58,2.63,52.28,30.78,107.73,10.43,7.68,15.8
"WASouth","Jerramungup",119.510375976562,-34.2989196777344,0.32,1.49,2.32,80.85,46.56,168.96,13,9.17,20.98
"SA","Lower Eyre Peninsula",135.345321655273,-34.3000869750977,0.32,2.25,3.9,11.04,8.05,16.94,3.96,3.29,5.13
"SA","Tumby Bay",136.242691040039,-34.2956275939941,0.32,2.04,2.57,41.17,25.23,80.08,20,13.5,34.06
"SA","Yorke Peninsula",137.495086669922,-34.3133583068848,0.32,2.4,3.73,14.56,10.22,23.59,4.44,3.66,5.78
"SA","Yorke Peninsula",138.025238037109,-34.3000411987305,0.32,2.31,2.74,24.63,16.19,43.48,13.5,9.59,21.47
"SA","Wakefield",138.20783996582,-34.3054428100586,0.32,2.68,3.15,19.23,13.09,32.35,10.72,7.86,16.33
"NSW","Wollongong",150.955596923828,-34.2879600524902,0.32,1.8,2.9,77.53,45.18,159.01,5.63,4.52,7.59
"WASouth","Ravensthorpe",119.522560119629,-34.2559394836426,0.32,1.49,1.82,80.36,46.29,167.91,40.72,24.94,79.32
"SA","Lower Eyre Peninsula",135.336288452148,-34.2558555603027,0.32,2.24,3.55,11.5,8.34,17.76,4.56,3.71,6.06
"SA","Tumby Bay",136.272445678711,-34.2473526000977,0.32,2.04,2.64,41.55,25.4,81.06,14.62,10.34,23.32
"SA","Yorke Peninsula",137.493392944336,-34.2675590515137,0.32,2.4,3.72,15.1,10.54,24.62,4.51,3.71,5.88
"SA","Yorke Peninsula",138.024490356445,-34.2730674743652,0.32,2.33,2.73,22.05,14.74,38.02,13.94,9.84,22.4
"NSW","Wollongong",151.004867553711,-34.2265319824219,0.32,1.82,3.28,79.64,46.26,164.07,4.67,3.82,6.12
"WASouth","Augusta Margaret River",115.019226074219,-34.2258415222168,0.32,1.6,3.99,42.02,25.43,83.51,3.63,3.06,4.58
"WASouth","Ravensthorpe",119.571472167969,-34.1985282897949,0.32,1.49,2.1,78.92,45.46,165.03,18.1,12.32,30.59
"SA","Lower Eyre Peninsula",135.308288574219,-34.2018508911133,0.32,2.25,3.3,10.99,8.01,16.9,5.37,4.28,7.3
"SA","Tumby Bay",136.297836303711,-34.2082405090332,0.32,2.04,2.85,41.14,25.17,80.24,9.27,6.94,13.72
"SA","Yorke Peninsula",137.487152099609,-34.211742401123,0.32,2.4,3.44,14.74,10.32,23.92,5.18,4.18,6.9
"SA","Yorke Peninsula",138.039840698242,-34.2096405029297,0.32,2.36,2.74,18.62,12.79,30.86,14.39,10.07,23.4
"SA","Wakefield",138.137710571289,-34.197338104248,0.32,2.37,2.78,17.29,11.99,28.31,13.03,9.26,20.75
"SA","Wakefield",138.154418945312,-34.217830657959,0.32,2.38,2.8,16.51,11.53,26.73,12.29,8.83,19.27
"NSW","Wollongong",151.033432006836,-34.201286315918,0.32,1.82,2.9,81.17,47.03,167.78,6.08,4.83,8.28
"WASouth","Augusta Margaret River",115.017852783203,-34.1611366271973,0.32,1.59,3.47,47.58,28.44,95.93,4.33,3.57,5.62
"WASouth","Ravensthorpe",119.584747314453,-34.1779365539551,0.32,1.49,2.27,78.27,45.09,163.73,12.78,9.05,20.52
"SA","Lower Eyre Peninsula",135.263961791992,-34.1757392883301,0.32,2.28,3.68,9.96,7.34,15.11,4.32,3.55,5.66
"SA","Tumby Bay",136.332229614258,-34.1622657775879,0.32,2.04,2.75,40.56,24.86,78.92,11.88,8.6,18.38
"SA","Yorke Peninsula",137.466354370117,-34.1796340942383,0.32,2.39,3.44,15.17,10.59,24.74,5.23,4.22,6.98
"NSW","Sutherland",151.091796875,-34.1674118041992,0.32,1.82,3.11,80.67,46.76,166.63,5.32,4.29,7.11
"WASouth","Augusta Margaret River",114.989479064941,-34.1106071472168,0.32,1.57,2.93,58.51,35.19,115.25,6.05,4.79,8.26
"WASouth","Ravensthorpe",119.627433776855,-34.1215400695801,0.32,1.49,2.03,76.56,44.16,160.03,17.42,11.96,28.99
"SA","Lower Eyre Peninsula",135.259216308594,-34.1289978027344,0.32,2.23,3.43,12.28,8.83,19.24,4.7,3.81,6.29
"SA","Tumby Bay",136.357025146484,-34.1231880187988,0.32,2.04,2.3,39.7,24.41,76.87,21.8,14.61,37.44
"SA","Yorke Peninsula",137.476531982422,-34.1326103210449,0.32,2.43,3.27,12.93,9.2,20.56,5.03,4.1,6.62
"NSW","Sutherland",151.151580810547,-34.1166496276855,0.32,1.82,3,82.8,47.83,171.85,5.75,4.6,7.75
"WASouth","Augusta Margaret River",114.983840942383,-34.0987014770508,0.32,1.6,2.91,43.72,27.28,81.96,6.65,5.18,9.32
"WASouth","Ravensthorpe",119.679878234863,-34.0835838317871,0.32,1.49,2.03,76.75,44.2,160.83,21.01,13.97,36.68
"WASouth","Ravensthorpe",119.736351013184,-34.0652923583984,0.32,1.5,2.06,74.08,42.7,155.34,17.17,11.77,28.69
"SA","Lower Eyre Peninsula",135.268127441406,-34.0861625671387,0.32,2.23,3.86,12.11,8.71,18.94,4.05,3.35,5.27
"SA","Tumby Bay",136.383270263672,-34.0608139038086,0.32,2.05,2.61,37.41,23.2,71.59,17.01,11.72,28.19
"SA","Yorke Peninsula",137.464599609375,-34.1275482177734,0.32,2.42,3.26,13.3,9.42,21.26,5.1,4.15,6.73
"NSW","Sutherland",151.175872802734,-34.086238861084,0.32,1.82,3.74,83.5,48.15,173.76,3.83,3.21,4.86
"WASouth","Augusta Margaret River",114.994148254395,-34.0478363037109,0.32,1.62,3.07,34.49,21.44,66.08,5.35,4.28,7.26
"WASouth","Ravensthorpe",119.777717590332,-34.0355567932129,0.32,1.57,2.69,73.2,42.19,153.65,8.96,6.62,13.62
"WASouth","Esperance",122.129608154297,-34.036491394043,0.32,1.63,2.89,36.65,22.71,70.36,8.83,6.6,13.13
"WASouth","Esperance",122.158882141113,-34.0404090881348,0.32,1.62,2.82,43.41,26.4,85.32,10.08,7.38,15.43
"WASouth","Esperance",122.19255065918,-34.019962310791,0.32,1.62,3.23,40.62,24.89,79.07,8.74,6.5,13.17
"WASouth","Esperance",123.199317932129,-34.0090293884277,0.32,1.62,2.54,43.66,26.45,86.38,13.21,9.35,21.15
"WASouth","Esperance",123.259063720703,-34.0275497436523,0.32,1.6,2.67,49.9,29.83,100.32,13.76,9.7,22.15
"SA","Lower Eyre Peninsula",135.266265869141,-34.0398864746094,0.32,2.22,3.86,12.45,8.92,19.59,4.16,3.43,5.42
"SA","Tumby Bay",136.467895507812,-34.0074310302734,0.32,2.06,2.64,34.08,21.42,64,16.44,11.31,27.36
"SA","Copper Coast",137.5546875,-34.0558128356934,0.32,2.46,2.79,11.43,8.26,17.81,7.44,5.72,10.65
"NSW","Sutherland",151.212707519531,-34.0421981811523,0.32,1.82,3.03,80.93,46.73,168.27,5.64,4.51,7.61
"WASouth","Augusta Margaret River",114.982078552246,-33.9913940429688,0.32,1.62,3.6,35.9,23.04,64.72,4.18,3.46,5.39
"WASouth","Ravensthorpe",119.835670471191,-33.984977722168,0.32,1.57,2.5,71.44,41.17,150.22,11.84,8.4,19.04
"WASouth","Ravensthorpe",119.896675109863,-33.9748725891113,0.32,1.57,2.51,70.31,40.54,147.84,11.35,8.09,18.16
"WASouth","Ravensthorpe",119.948829650879,-33.9792556762695,0.32,1.57,2.13,68.92,39.74,145.07,18.38,12.56,30.77
"WASouth","Ravensthorpe",120.384895324707,-33.9631729125977,0.32,1.59,3.18,58.01,33.79,121.13,6.37,4.95,9.01
"WASouth","Ravensthorpe",120.430442810059,-33.9766540527344,0.32,1.58,2.58,65.84,37.72,140.66,9.55,7.1,14.27
"WASouth","Esperance",122.088882446289,-33.9997787475586,0.32,1.65,2.41,33.32,20.86,63.12,10.82,7.87,16.71
"WASouth","Esperance",122.26456451416,-34.0004653930664,0.32,1.62,2.18,40.18,24.67,77.99,14.29,10.1,22.84
"WASouth","Esperance",123.162498474121,-33.998233795166,0.32,1.66,2.88,30.1,19.12,55.86,7.93,6.05,11.44
"WASouth","Esperance",123.292617797852,-33.9784812927246,0.32,1.6,2.07,49.33,29.42,99.65,26.79,17.43,47.94
"SA","Lower Eyre Peninsula",135.241180419922,-33.9765129089355,0.32,2.22,4.28,12.46,8.92,19.66,3.68,3.1,4.66
"SA","Cleve",136.513595581055,-33.9877281188965,0.32,2.06,2.64,34.09,21.38,64.24,15.11,10.52,24.72
"SA","Copper Coast",137.526107788086,-33.9984512329102,0.32,2.45,3.29,11.85,8.52,18.59,4.82,3.95,6.29
"WASouth","Augusta Margaret River",114.978302001953,-33.9600410461426,0.32,1.67,3.85,24.4,16.04,43.13,3.68,3.09,4.65
"WASouth","Ravensthorpe",119.990600585938,-33.9527015686035,0.32,1.57,2.11,68.54,39.46,144.69,18.85,12.85,31.66
"WASouth","Ravensthorpe",120.067375183105,-33.9367523193359,0.32,1.6,2.74,53.51,31.66,109.14,8.25,6.15,12.4
"WASouth","Ravensthorpe",120.110610961914,-33.9537506103516,0.32,1.6,2.8,51.19,30.44,103.72,8.96,6.6,13.69
"WASouth","Ravensthorpe",120.155662536621,-33.949275970459,0.32,1.57,3.09,68.25,38.98,146.29,7.49,5.66,11.07
"WASouth","Ravensthorpe",120.205429077148,-33.9425849914551,0.32,1.59,3.37,59.99,34.85,125.63,5.8,4.54,8.14
"WASouth","Ravensthorpe",120.269660949707,-33.9437828063965,0.32,1.59,2.79,60.29,34.96,126.63,8.2,6.18,12.08
"WASouth","Ravensthorpe",120.316528320312,-33.9492568969727,0.32,1.59,2.84,57.52,33.54,120,8.65,6.43,13
"WASouth","Ravensthorpe",120.475532531738,-33.958179473877,0.32,1.6,3.2,53.35,31.66,108.22,6.52,5.03,9.33
"WASouth","Esperance",122.307563781738,-33.9434776306152,0.32,1.61,2.35,44.37,26.9,87.55,13.11,9.2,21.35
"WASouth","Esperance",122.350654602051,-33.9339904785156,0.32,1.62,2.53,42.84,26.08,84.07,10.85,7.85,16.91
"WASouth","Esperance",122.439010620117,-33.9241828918457,0.32,1.63,2.73,38.6,23.77,74.69,11.68,8.35,18.53
"WASouth","Esperance",122.489768981934,-33.9406089782715,0.32,1.65,2.22,33.54,21.12,62.82,16.39,11.22,27.57
"WASouth","Esperance",122.522109985352,-33.9573936462402,0.32,1.62,2.12,42.36,25.82,82.98,19.79,13.31,33.97
"WASouth","Esperance",122.577781677246,-33.9543342590332,0.32,1.62,2.52,42.29,25.76,83.02,14.01,9.81,22.83
"WASouth","Esperance",123.143653869629,-33.9761924743652,0.32,1.66,2.14,28.97,18.49,53.42,15.47,10.68,25.74
"WASouth","Esperance",123.313140869141,-33.9525032043457,0.32,1.6,2.52,49.21,29.37,99.33,12.38,8.91,19.32
"WASouth","Esperance",123.50643157959,-33.945240020752,0.32,1.61,2.55,48.1,28.8,96.64,15.03,10.5,24.5
"WASouth","Esperance",123.522392272949,-33.9453659057617,0.32,1.6,2.5,52.87,31.28,107.93,18.57,12.59,31.53
"SA","Elliston",135.191772460938,-33.9253692626953,0.32,2.22,4.14,12.77,9.1,20.22,4.03,3.34,5.2
"SA","Copper Coast",137.537673950195,-33.9754905700684,0.32,2.45,3.29,11.88,8.54,18.66,4.79,3.93,6.24
"NSW","Randwick",151.263778686523,-33.9545822143555,0.32,1.81,2.92,89.28,50.96,188.49,5.69,4.53,7.75
"WASouth","Augusta Margaret River",114.979377746582,-33.9190673828125,0.32,1.62,3.2,35.4,22.81,63.47,5.28,4.24,7.12
"WASouth","Ravensthorpe",120.530181884766,-33.9330368041992,0.32,1.59,2.85,55.27,32.4,114.39,8.23,6.12,12.41
"WASouth","Ravensthorpe",120.561729431152,-33.9172248840332,0.32,1.58,2.53,63.15,36.3,134.41,11.35,8.11,18.06
"WASouth","Esperance",121.641616821289,-33.89892578125,0.32,1.64,2.8,36.2,22.49,69.23,7.99,6.05,11.68
"WASouth","Esperance",121.652870178223,-33.8976516723633,0.32,1.62,2.35,42.71,25.92,84.37,13.09,9.28,20.92
"WASouth","Esperance",121.746528625488,-33.8893661499023,0.32,1.64,2.7,33.76,21.14,63.9,8.72,6.53,12.93
"WASouth","Esperance",121.791038513184,-33.910774230957,0.32,1.64,1.98,33.64,21.05,63.76,16.88,11.67,27.79
"WASouth","Esperance",121.825714111328,-33.8972702026367,0.32,1.64,2.07,35.16,21.87,67.19,16.44,11.4,26.99
"WASouth","Esperance",122.075332641602,-33.9008560180664,0.32,1.67,2.01,27,17.36,49.33,14.7,10.32,23.75
"WASouth","Esperance",122.627914428711,-33.8959465026855,0.32,1.63,2.45,39.58,24.34,76.63,13.58,9.57,21.89
"WASouth","Esperance",122.692840576172,-33.8993530273438,0.32,1.64,2.44,35.36,22.08,67.04,14.37,10,23.64
"WASouth","Esperance",122.749076843262,-33.9037475585938,0.32,1.64,2.23,34.1,21.37,64.35,15.2,10.53,25.13
"WASouth","Esperance",122.814529418945,-33.914665222168,0.32,1.65,2.21,31.71,20.05,59.19,13.53,9.56,21.72
"WASouth","Esperance",122.836570739746,-33.9121932983398,0.32,1.62,2.57,41.38,25.33,80.58,12.65,8.97,20.27
"WASouth","Esperance",122.881294250488,-33.91748046875,0.32,1.62,2.26,42.21,25.73,82.75,16.6,11.41,27.71
"WASouth","Esperance",122.969390869141,-33.9028396606445,0.32,1.64,2.24,34.73,21.74,65.68,16.23,11.14,27.17
"WASouth","Esperance",122.980453491211,-33.8986015319824,0.32,1.63,1.9,36.92,22.89,70.77,28.71,18.44,52.37
"WASouth","Esperance",123.074066162109,-33.8747062683105,0.32,1.64,2.52,34.29,21.46,64.84,12.86,9.16,20.44
"WASouth","Esperance",123.112289428711,-33.8946113586426,0.32,1.65,2.66,33.49,21.03,63.06,11.08,8.03,17.21
"WASouth","Esperance",123.35466003418,-33.9087448120117,0.32,1.6,2.3,49.59,29.57,100.17,18.43,12.64,30.65
"WASouth","Esperance",123.423583984375,-33.9012565612793,0.32,1.61,2.27,47.11,28.29,94.29,19.36,13.14,32.73
"WASouth","Esperance",123.561981201172,-33.9116134643555,0.32,1.6,2.05,52.8,31.29,107.43,30.36,19.43,55.58
"SA","Elliston",135.183670043945,-33.9124450683594,0.32,2.22,4.15,12.77,9.11,20.23,4.03,3.35,5.21
"SA","Cleve",136.623336791992,-33.8943176269531,0.32,2.29,3.15,29.02,18.59,53.17,10.11,7.38,15.56
"NSW","Waverley",151.286361694336,-33.8932914733887,0.32,1.81,3,90.58,51.56,192,5.83,4.65,7.91
"WASouth","Augusta Margaret River",114.972427368164,-33.8668975830078,0.32,1.62,2.63,36.17,22.78,67.42,8.13,6.14,11.9
"WASouth","Ravensthorpe",120.643753051758,-33.8913230895996,0.32,1.6,2.65,50.4,30.11,101.39,10.02,7.29,15.55
"WASouth","Ravensthorpe",120.786590576172,-33.8891334533691,0.32,1.63,2.78,37.9,23.42,72.93,7.97,5.98,11.86
"WASouth","Esperance",120.841262817383,-33.8698654174805,0.32,1.62,3.34,43.07,26.28,84.18,5.69,4.45,7.99
"WASouth","Esperance",120.897163391113,-33.8647308349609,0.32,1.65,2.68,31.95,20.19,59.64,8.86,6.55,13.46
"WASouth","Esperance",120.947532653809,-33.8675231933594,0.32,1.67,2.89,28.45,18.35,51.51,8.65,6.42,13.06
"WASouth","Esperance",120.997116088867,-33.8714256286621,0.32,1.66,2.79,30.15,19.3,55.16,8.45,6.3,12.67
"WASouth","Esperance",121.051406860352,-33.8629264831543,0.32,1.64,2.69,34.99,21.91,66.04,8.97,6.63,13.59
"WASouth","Esperance",121.09969329834,-33.8558502197266,0.32,1.65,2.47,33.44,21.05,62.73,11.11,8,17.46
"WASouth","Esperance",121.158401489258,-33.8698081970215,0.32,1.66,2.52,30.12,19.21,55.5,10.01,7.32,15.37
"WASouth","Esperance",121.199333190918,-33.857551574707,0.32,1.61,2.15,45.94,27.65,91.72,16.21,11.12,27.17
"WASouth","Esperance",121.49040222168,-33.8397407531738,0.32,1.63,2.75,39.86,24.45,77.52,9.84,7.22,15.03
"WASouth","Esperance",121.509407043457,-33.8433074951172,0.32,1.62,2.62,43.97,26.62,87.02,11.92,8.53,18.86
"WASouth","Esperance",121.590721130371,-33.8551177978516,0.32,1.67,2.75,27.57,17.71,50.42,8.17,6.16,12.03
"WASouth","Esperance",121.952407836914,-33.8378562927246,0.32,1.66,1.98,29.92,19.03,55.45,14.64,10.4,23.15
"WASouth","Esperance",122.021957397461,-33.846851348877,0.32,1.67,2,27.45,17.63,50.23,14.95,10.52,24.05
"WASouth","Esperance",122.052398681641,-33.8732948303223,0.32,1.68,1.99,26.06,16.84,47.31,15.02,10.53,24.32
"WASouth","Esperance",123.628372192383,-33.8802452087402,0.32,1.6,2.02,52.58,31.34,105.95,27.2,17.58,49.21
"WASouth","Esperance",123.665222167969,-33.847297668457,0.32,1.59,2.3,57.89,33.97,119.26,20.55,13.83,35.15
"SA","Elliston",135.132369995117,-33.8521461486816,0.32,2.21,3.77,13.22,9.38,21.09,4.84,3.9,6.5
"SA","Franklin Harbour",136.682769775391,-33.8711814880371,0.32,2.3,2.95,26.33,17.1,47.37,10.91,7.9,16.97
"SA","Franklin Harbour",136.719573974609,-33.8524932861328,0.32,2.31,2.95,25.91,16.84,46.57,10.6,7.71,16.4
"SA","Copper Coast",137.596405029297,-33.8713722229004,0.32,2.47,2.74,10.76,7.85,16.55,7.31,5.65,10.36
"WASouth","Augusta Margaret River",114.987022399902,-33.829517364502,0.32,1.64,2.92,30.34,19.96,52.82,6.49,5.06,9.11
"WASouth","Esperance",121.280387878418,-33.843448638916,0.32,1.66,2.76,29.29,18.87,53.06,8.73,6.48,13.19
"WASouth","Esperance",121.314628601074,-33.8270721435547,0.32,1.65,3.33,31.12,19.86,57.17,6.36,4.91,9.1
"WASouth","Esperance",121.366172790527,-33.8207740783691,0.32,1.63,2.01,39.07,24.05,75.61,16.08,11.24,26.05
"WASouth","Esperance",121.41983795166,-33.8288307189941,0.32,1.63,2.46,38.46,23.7,74.33,11.71,8.38,18.53
"WASouth","Esperance",123.736099243164,-33.8149719238281,0.32,1.59,2.27,56.77,33.49,115.97,21.67,14.44,37.62
"SA","Elliston",135.083557128906,-33.8100700378418,0.32,2.2,3.58,14,9.87,22.56,5.19,4.15,7.07
"SA","Franklin Harbour",136.784591674805,-33.8199996948242,0.32,2.32,3.01,22.61,15,39.49,9.64,7.09,14.66
"SA","Franklin Harbour",136.845489501953,-33.804817199707,0.32,2.32,3.17,22.67,15.02,39.65,9.06,6.7,13.74
"SA","Copper Coast",137.638153076172,-33.8278846740723,0.32,2.48,3.51,10.29,7.55,15.67,4.05,3.41,5.08
"WASouth","Busselton",114.985389709473,-33.7757682800293,0.32,1.62,2.79,33.69,21.85,59.82,7.44,5.71,10.66
"WASouth","Esperance",123.750137329102,-33.7754058837891,0.32,1.57,2.26,68.73,39.69,144.29,21.22,14.21,36.59
"SA","Elliston",135.027328491211,-33.7490158081055,0.32,2.21,3.91,13.54,9.56,21.74,4.65,3.77,6.2
"SA","Copper Coast",137.661575317383,-33.8095550537109,0.32,2.5,3.51,9.82,7.26,14.82,4.01,3.39,5.03
"NSW","Northern Beaches",151.298721313477,-33.7817840576172,0.32,1.82,2.56,94.7,53.59,202.37,8.72,6.57,12.78
"WASouth","Busselton",114.974868774414,-33.7236289978027,0.32,1.62,2.45,35.21,22.84,62.4,11.49,8.27,18.03
"WASouth","Esperance",123.760238647461,-33.7437705993652,0.32,1.57,2.27,69.41,40.07,145.73,20.32,13.69,34.7
"SA","Elliston",134.969116210938,-33.7140197753906,0.32,2.19,3.97,14.39,10.09,23.36,4.61,3.74,6.15
"SA","Franklin Harbour",136.99674987793,-33.7267532348633,0.32,2.37,3.23,17.08,11.8,28.15,7.42,5.67,10.71
"SA","Franklin Harbour",137.026382446289,-33.7231864929199,0.32,2.37,3.23,17.28,11.88,28.72,6.72,5.24,9.43
"SA","Franklin Harbour",137.09440612793,-33.7078552246094,0.32,2.39,3.27,15.25,10.67,24.74,6.25,4.93,8.63
"SA","Franklin Harbour",137.143447875977,-33.7029075622559,0.32,2.41,3.27,13.98,9.9,22.32,6.32,4.97,8.78
"SA","Barunga West",137.72705078125,-33.7447700500488,0.32,2.53,3.58,8.68,6.53,12.75,3.8,3.23,4.71
"NSW","Northern Beaches",151.316345214844,-33.7400131225586,0.32,1.82,2.56,89.32,50.92,188.98,9.47,7.02,14.21
"WASouth","Busselton",114.971221923828,-33.6970252990723,0.32,1.65,2.64,27.02,18.07,46,7.92,5.98,11.68
"WASouth","Esperance",123.784126281738,-33.6931953430176,0.32,1.58,2.27,67.53,39.3,139.95,18.55,12.61,31.34
"SA","Elliston",134.905166625977,-33.6764717102051,0.32,2.19,4,14.58,10.2,23.75,4.63,3.75,6.17
"SA","Franklin Harbour",137.193161010742,-33.6765327453613,0.32,2.42,3.32,13.7,9.68,21.98,5.96,4.72,8.18
"SA","Barunga West",137.754730224609,-33.7102966308594,0.32,2.55,3.57,8.24,6.26,11.94,3.85,3.27,4.79
"NSW","Northern Beaches",151.322494506836,-33.6744499206543,0.32,1.83,3.02,96.72,54.58,207.5,5.38,4.32,7.23
"WASouth","Busselton",114.992866516113,-33.6648063659668,0.32,1.66,2.53,25.79,17.32,43.7,8.08,6.07,12
"WASouth","Esperance",123.83927154541,-33.6523323059082,0.32,1.58,2.2,62.66,36.81,128.23,19.88,13.27,34.62
"WASouth","Esperance",123.876846313477,-33.6351661682129,0.32,1.59,2.2,58.86,34.91,118.84,19.46,13.01,33.8
"SA","Franklin Harbour",137.219360351562,-33.6563186645508,0.32,2.42,3.3,13.7,9.66,22.05,6.1,4.82,8.39
"SA","Barunga West",137.806015014648,-33.665843963623,0.32,2.57,3.55,7.8,5.99,11.16,4,3.38,5.01
"NSW","Northern Beaches",151.336761474609,-33.6438484191895,0.32,1.83,3.03,96.45,54.45,206.79,5.44,4.36,7.34
"WASouth","Busselton",115.012512207031,-33.5945281982422,0.32,1.63,3.11,31.77,20.88,55.33,5.86,4.64,8.04
"WASouth","Busselton",115.151664733887,-33.6266975402832,0.32,1.73,3.1,16.24,11.6,25.28,4.47,3.67,5.85
"WASouth","Busselton",115.188926696777,-33.6407012939453,0.32,1.75,3.16,14.81,10.7,22.76,4.23,3.5,5.46
"WASouth","Busselton",115.269371032715,-33.6505737304688,0.32,1.76,3.38,14.03,10.17,21.47,3.75,3.16,4.73
"WASouth","Busselton",115.340866088867,-33.6405715942383,0.32,1.77,3.6,13.69,9.93,20.98,3.41,2.91,4.24
"WASouth","Busselton",115.384063720703,-33.627025604248,0.32,1.76,3.62,14.16,10.19,21.95,3.36,2.87,4.17
"WASouth","Esperance",123.928314208984,-33.5916633605957,0.32,1.59,2.26,57.25,34.24,113.99,15.35,10.62,25.44
"SA","Elliston",134.83757019043,-33.6056938171387,0.32,2.21,3.53,13.06,9.24,20.98,4.83,3.9,6.46
"SA","Franklin Harbour",137.260025024414,-33.6035957336426,0.32,2.45,3.21,11.72,8.45,18.28,6.32,4.97,8.76
"SA","Barunga West",137.861618041992,-33.6160011291504,0.32,2.59,3.44,7.36,5.7,10.38,4.6,3.8,5.94
"NSW","Northern Beaches",151.343338012695,-33.6173553466797,0.32,1.83,2.96,96.51,54.45,207.12,5.57,4.46,7.54
"WASouth","Busselton",115.001991271973,-33.5661087036133,0.32,1.6,2.96,41.13,25.68,77.3,5.87,4.63,8.11
"WASouth","Busselton",115.089622497559,-33.5697364807129,0.32,1.69,2.39,20.84,14.45,33.73,8.52,6.39,12.62
"WASouth","Busselton",115.447860717773,-33.5788192749023,0.32,1.75,3.54,14.72,10.51,23.06,3.49,2.95,4.37
"WASouth","Esperance",123.98070526123,-33.5565719604492,0.32,1.58,1.92,66.42,39.08,135.08,29.76,19.2,53.74
"SA","Elliston",134.845581054688,-33.563663482666,0.32,2.21,3.57,13.22,9.31,21.36,3.89,3.25,4.97
"SA","Franklin Harbour",137.272903442383,-33.5749588012695,0.32,2.46,3.2,11.12,8.08,17.15,6.47,5.06,9.03
"SA","Barunga West",137.894073486328,-33.5795211791992,0.32,3.26,3.91,7.13,5.54,10,5.57,4.46,7.49
"NSW","Central Coast (NSW)",151.353622436523,-33.5448226928711,0.32,1.83,2.81,95.08,53.68,203.96,7.24,5.61,10.22
"WASouth","Busselton",115.005264282227,-33.5277900695801,0.32,1.6,2.86,40.37,25.77,73.06,6.86,5.29,9.8
"WASouth","Busselton",115.056182861328,-33.5393142700195,0.32,1.67,2.43,23.56,16.11,38.87,8.2,6.2,12
"WASouth","Capel",115.485954284668,-33.5348243713379,0.32,1.76,3.54,14.33,10.27,22.36,3.47,2.94,4.35
"WASouth","Esperance",123.98902130127,-33.5160102844238,0.32,1.58,2.2,65.86,39.02,132.36,23.36,15.2,42.16
"SA","Elliston",134.854598999023,-33.5280914306641,0.32,2.22,3.4,12.65,8.96,20.31,4.27,3.52,5.57
"SA","Franklin Harbour",137.299240112305,-33.5179252624512,0.32,2.48,3.19,10.36,7.61,15.76,6.67,5.19,9.4
"SA","Barunga West",137.930084228516,-33.5152359008789,0.32,3.29,3.9,6.64,5.22,9.15,5.77,4.59,7.86
"NSW","Central Coast (NSW)",151.421768188477,-33.517707824707,0.32,1.83,2.98,96.94,54.6,208.62,5.96,4.73,8.15
"WASouth","Capel",115.542381286621,-33.4798927307129,0.32,1.77,3.35,13.63,9.82,21.1,3.68,3.09,4.67
"WASouth","Esperance",123.998306274414,-33.4730606079102,0.32,1.58,1.97,64.7,38.45,129.45,29.08,18.7,52.87
"SA","Elliston",134.85090637207,-33.4759483337402,0.32,2.26,3.51,10.59,7.68,16.49,3.96,3.3,5.1
"SA","Franklin Harbour",137.316253662109,-33.4741325378418,0.32,2.99,3.56,10.09,7.44,15.29,7.31,5.62,10.43
"SA","Barunga West",137.905914306641,-33.4793663024902,0.32,3.29,3.88,6.71,5.28,9.26,6.1,4.81,8.43
"NSW","Central Coast (NSW)",151.447479248047,-33.477481842041,0.32,1.83,2.94,96.45,54.31,207.77,5.64,4.5,7.64
"WASouth","Capel",115.56462097168,-33.4566841125488,0.32,1.78,3.36,13.09,9.49,20.13,3.65,3.07,4.64
"WASouth","Esperance",124.001518249512,-33.4332008361816,0.32,1.57,1.83,72.09,42.22,147.17,36.94,23.2,69.11
"SA","Elliston",134.839385986328,-33.4370346069336,0.32,2.25,3.49,11.39,8.17,17.97,4.07,3.37,5.27
"SA","Franklin Harbour",137.363555908203,-33.4304351806641,0.32,3,3.52,9.89,7.31,14.9,7.78,5.93,11.26
"SA","Port Pirie",137.885498046875,-33.4337196350098,0.32,3.28,3.82,6.76,5.31,9.34,6.9,5.31,9.89
"NSW","Central Coast (NSW)",151.46369934082,-33.4218559265137,0.32,1.83,3.21,96.6,54.35,208.33,5.14,4.15,6.86
"WASouth","Capel",115.598304748535,-33.3883094787598,0.32,1.79,3.31,12.7,9.27,19.3,3.9,3.25,5
"WASouth","Esperance",124.031120300293,-33.369686126709,0.32,1.57,1.81,71.95,42.07,147.28,43.08,26.34,83.9
"SA","Elliston",134.814239501953,-33.3729438781738,0.32,2.53,3.82,13.82,9.66,22.62,4.23,3.48,5.51
"SA","Franklin Harbour",137.388092041016,-33.3740463256836,0.32,3.02,3.48,9.33,6.97,13.86,8.08,6.14,11.76
"SA","Port Pirie",137.862121582031,-33.3922424316406,0.32,3.27,3.78,7.1,5.54,9.91,7.3,5.57,10.59
"NSW","Central Coast (NSW)",151.485321044922,-33.3851432800293,0.32,1.83,2.94,92.66,52.41,198.44,5.9,4.69,8.03
"WASouth","Bunbury",115.611457824707,-33.3525466918945,0.32,1.79,3.31,12.42,9.11,18.75,3.9,3.25,5.01
"WASouth","Esperance",124.039123535156,-33.342414855957,0.32,1.57,1.93,76.3,44.27,157.83,36.93,22.71,71.88
"SA","Elliston",134.80207824707,-33.3401069641113,0.32,2.55,3.79,12.72,8.98,20.5,4.33,3.55,5.67
"SA","Franklin Harbour",137.386566162109,-33.3469276428223,0.32,3.02,3.45,9.13,6.84,13.5,8.19,6.21,11.91
"SA","Port Pirie",137.850677490234,-33.3456192016602,0.32,3.26,3.78,7.27,5.65,10.19,7.35,5.6,10.68
"WASouth","Esperance",124.060096740723,-33.3062896728516,0.32,1.56,1.99,77.35,44.8,160.43,27.83,17.79,51.28
"SA","Elliston",134.750427246094,-33.2929801940918,0.32,2.53,4.41,14.04,9.78,23.09,3.57,3.01,4.51
"SA","Whyalla",137.401565551758,-33.2910270690918,0.32,3.04,3.37,8.72,6.58,12.75,8.53,6.44,12.48
"SA","Port Pirie",137.810272216797,-33.2857513427734,0.32,3.24,3.69,7.53,5.82,10.67,8.05,6.1,11.78
"WASouth","Harvey",115.675010681152,-33.2608871459961,0.32,1.78,2.85,12.74,9.29,19.36,5.08,4.08,6.84
"WASouth","Esperance",124.076385498047,-33.2642440795898,0.32,1.56,2.07,80.96,46.56,169.61,25.19,16.19,46.3
"SA","Streaky Bay",134.629516601562,-33.2479209899902,0.32,2.5,4.49,16.58,11.29,28.13,3.69,3.1,4.68
"SA","Elliston",134.684005737305,-33.254810333252,0.32,2.5,4.37,15.9,10.89,26.77,3.8,3.17,4.84
"SA","Whyalla",137.418273925781,-33.2557182312012,0.32,3.04,3.38,8.53,6.46,12.4,8.38,6.34,12.23
"SA","Port Pirie",137.807678222656,-33.2593383789062,0.32,3.24,3.68,7.68,5.91,10.91,8.03,6.08,11.75
"NSW","Central Coast (NSW)",151.566528320312,-33.2575988769531,0.32,1.83,3.03,94.06,53.16,201.55,5.38,4.33,7.2
"WASouth","Harvey",115.679985046387,-33.2147789001465,0.32,1.77,2.86,13.49,9.76,20.74,5.07,4.08,6.82
"WASouth","Esperance",124.094741821289,-33.2096214294434,0.32,1.56,1.77,82.62,47.34,174.01,82.37,44.56,192.98
"SA","Streaky Bay",134.545349121094,-33.1910858154297,0.32,2.49,4.38,16.65,11.33,28.32,3.85,3.21,4.92
"SA","Streaky Bay",134.581817626953,-33.2057342529297,0.32,2.5,4.3,16.29,11.11,27.6,4.02,3.34,5.17
"SA","Whyalla",137.442199707031,-33.2197113037109,0.32,3.05,3.36,8.46,6.42,12.28,8.46,6.39,12.37
"SA","Port Pirie",137.821151733398,-33.226146697998,0.32,3.23,3.68,7.78,5.98,11.08,7.88,5.98,11.47
"NSW","Central Coast (NSW)",151.619323730469,-33.2048263549805,0.32,1.76,3.28,95.94,54.05,206.53,4.93,4,6.53
"WASouth","Harvey",115.676567077637,-33.1664352416992,0.32,1.76,2.92,14.54,10.43,22.61,5.02,4.05,6.75
"WASouth","Esperance",124.107475280762,-33.1698188781738,0.32,1.56,1.82,83.04,47.5,175.39,71.57,39.11,166.25
"SA","Streaky Bay",134.309631347656,-33.1851959228516,0.32,2.49,4.48,16.99,11.54,28.94,3.89,3.24,4.99
"SA","Streaky Bay",134.414978027344,-33.1612815856934,0.32,2.49,3.16,17.14,11.61,29.33,8.7,6.49,13.01
"SA","Streaky Bay",134.478668212891,-33.1595458984375,0.32,2.49,3.36,16.89,11.46,28.83,7.34,5.6,10.64
"SA","Whyalla",137.450042724609,-33.1701965332031,0.32,3.06,3.4,8.15,6.22,11.74,8.08,6.15,11.71
"SA","Port Pirie",137.850769042969,-33.1842231750488,0.32,3.24,3.7,7.67,5.91,10.89,7.53,5.76,10.84
"SA","Port Pirie",137.893035888672,-33.1661376953125,0.32,3.23,3.69,7.8,6,11.1,7.55,5.77,10.89
"SA","Port Pirie",137.92903137207,-33.1640663146973,0.32,3.24,3.69,7.66,5.91,10.86,7.52,5.75,10.84
"NSW","Lake Macquarie",151.640899658203,-33.1763343811035,0.32,1.76,2.77,96.84,54.48,208.87,6.94,5.42,9.69
"WASouth","Harvey",115.681144714355,-33.1313514709473,0.32,1.75,2.94,15.17,10.8,23.85,5,4.03,6.71
"WASouth","Esperance",124.141700744629,-33.1211471557617,0.32,1.56,1.87,79.21,45.55,166.19,53.86,30.65,118.2
"SA","Streaky Bay",134.260528564453,-33.1256637573242,0.32,2.57,4.05,11.79,8.38,18.88,4.25,3.48,5.57
"SA","Whyalla",137.474792480469,-33.1270484924316,0.32,3.06,3.42,8.18,6.24,11.79,7.85,6,11.29
"SA","Whyalla",137.517532348633,-33.113525390625,0.32,3.06,3.48,8.03,6.14,11.52,7.41,5.71,10.52
"NSW","Lake Macquarie",151.655502319336,-33.1222267150879,0.32,1.77,2.75,93.19,52.78,199.04,7.03,5.48,9.82
"WASouth","Harvey",115.677635192871,-33.08251953125,0.32,1.73,3.25,16.67,11.71,26.71,4.31,3.55,5.61
"WASouth","Esperance",124.195610046387,-33.0619583129883,0.32,1.57,1.95,76.36,44.08,159.37,36.28,21.98,72.68
"SA","Streaky Bay",134.238632202148,-33.0751266479492,0.32,2.49,3.7,16.64,11.31,28.32,5.44,4.31,7.49
"SA","Unincorporated SA",137.564193725586,-33.0747947692871,0.32,3.07,3.48,7.82,6,11.17,7.51,5.78,10.7
"SA","Mount Remarkable",138.025192260742,-33.0680351257324,0.32,3.23,3.66,7.77,5.97,11.08,7.11,5.48,10.11
"NSW","Lake Macquarie",151.668395996094,-33.088306427002,0.32,1.76,2.7,102.97,57.42,224.79,7.71,5.94,10.95
"WASouth","Harvey",115.671043395996,-33.0336990356445,0.32,1.72,3.23,17.64,12.3,28.55,4.36,3.58,5.71
"WASouth","Esperance",124.212295532227,-33.0435600280762,0.32,1.59,1.98,59.74,35.41,120.61,29,18.07,55.96
"WASouth","Dundas",124.258407592773,-33.0132904052734,0.32,1.57,1.87,70.49,41.07,145.38,40.8,24.68,81.31
"SA","Streaky Bay",134.156143188477,-33.0373878479004,0.32,2.5,3.74,16.13,10.99,27.41,5.29,4.21,7.25
"SA","Whyalla",137.719528198242,-32.996898651123,0.32,3.08,3.53,7.7,5.93,10.96,7.09,5.49,10.03
"SA","Whyalla",137.738174438477,-32.996997833252,0.32,3.08,3.53,7.73,5.95,11.01,7.1,5.49,10.04
"SA","Mount Remarkable",138.005615234375,-33.0324020385742,0.32,3.23,3.65,7.85,6.02,11.22,7.15,5.51,10.18
"NSW","Lake Macquarie",151.689636230469,-33.0369644165039,0.32,1.76,3.12,98.99,55.57,214.02,5.72,4.55,7.8
"NSW","Lake Macquarie",151.726165771484,-33.0187072753906,0.32,1.76,3.23,95.62,53.94,205.39,5.43,4.34,7.37
"WASouth","Harvey",115.667030334473,-32.9907722473145,0.32,1.43,2.99,18.63,12.88,30.53,4.31,3.55,5.63
"WASouth","Dundas",124.308197021484,-32.9843902587891,0.32,1.57,2,68.01,39.81,139.43,24.69,16.01,44.68
"WASouth","Dundas",124.355827331543,-32.9667816162109,0.32,1.58,2.04,63.77,37.61,129.43,20.99,14.01,36.4
"SA","Streaky Bay",134.16569519043,-33.0062026977539,0.32,2.52,3.59,14.89,10.26,24.94,5.13,4.1,6.99
"SA","Mount Remarkable",137.944869995117,-32.9926071166992,0.32,3.23,3.65,7.85,6.03,11.2,7.18,5.53,10.23
"NSW","Newcastle",151.755249023438,-32.9575996398926,0.32,1.76,2.84,99.6,55.88,215.53,6.7,5.26,9.27
"WASouth","Harvey",115.652122497559,-32.9409255981445,0.32,1.42,2.98,20.47,14,34.03,4.49,3.67,5.93
"WASouth","Dundas",124.42024230957,-32.9471321105957,0.32,1.58,2.17,60.73,36.02,122.38,15.1,10.47,24.95
"WASouth","Dundas",124.475952148438,-32.9387512207031,0.32,1.59,2.05,60.11,35.72,120.77,20.17,13.53,34.72
"WASouth","Dundas",124.519393920898,-32.935474395752,0.32,1.59,2,58.61,34.93,117.31,22.45,14.85,39.41
"WASouth","Dundas",124.575134277344,-32.9283485412598,0.32,1.59,2.07,57.75,34.46,115.44,18.33,12.43,31.15
"WASouth","Dundas",124.627891540527,-32.9224433898926,0.32,1.59,2.82,57.18,34.14,114.3,8.3,6.12,12.77
"WASouth","Dundas",124.666984558105,-32.9171752929688,0.32,1.59,2.83,57.98,34.53,116.28,8.29,6.11,12.73
"WASouth","Dundas",124.72811126709,-32.9045333862305,0.32,1.59,2.84,56.91,33.94,114.01,8.34,6.15,12.82
"SA","Streaky Bay",134.147842407227,-32.9440498352051,0.32,2.5,3.59,15.95,10.86,27.17,5.78,4.54,8.06
"SA","Whyalla",137.792358398438,-32.912654876709,0.32,3.07,3.28,7.82,6.01,11.12,8.17,6.21,11.85
"SA","Mount Remarkable",137.931793212891,-32.945686340332,0.32,3.23,3.51,7.76,5.97,11.05,8,6.08,11.62
"NSW","Newcastle",151.778686523438,-32.9410057067871,0.32,1.76,2.95,104.15,58.05,227.4,6.2,4.9,8.49
"WASouth","Waroona",115.648643493652,-32.900691986084,0.32,1.41,3.9,21.35,14.51,35.78,3.11,2.68,3.82
"WASouth","Dundas",124.776504516602,-32.8932876586914,0.32,1.59,2.85,58.85,34.93,118.65,8.57,6.28,13.25
"WASouth","Dundas",124.827789306641,-32.8737030029297,0.32,1.58,2.88,62.7,36.89,127.95,8.32,6.13,12.78
"SA","Streaky Bay",134.106796264648,-32.9153175354004,0.32,2.52,3.93,14.28,9.86,23.87,4.82,3.89,6.46
"SA","Whyalla",137.802703857422,-32.8964157104492,0.32,3.07,3.25,7.78,5.99,11.07,8.14,6.2,11.76
"SA","Mount Remarkable",137.92333984375,-32.8952827453613,0.32,3.23,3.52,7.77,5.98,11.06,7.88,6,11.39
"WASouth","Waroona",115.629905700684,-32.8495674133301,0.32,1.4,3.95,23.24,15.63,39.47,3.13,2.69,3.85
"WASouth","Dundas",124.886604309082,-32.8456764221191,0.32,1.58,2.81,67.56,39.34,139.84,9.02,6.57,14.07
"SA","Streaky Bay",134.102554321289,-32.8653297424316,0.32,2.5,4.58,16.04,10.97,27.07,3.32,2.83,4.14
"SA","Whyalla",137.811965942383,-32.8540534973145,0.32,3.08,3.28,7.66,5.9,10.85,8.02,6.12,11.56
"SA","Mount Remarkable",137.904113769531,-32.858211517334,0.32,3.08,3.33,7.74,5.96,11,7.91,6.03,11.4
"NSW","Port Stephens",151.845993041992,-32.8574409484863,0.32,1.76,3.25,98.67,55.39,213.42,5.21,4.18,7.02
"NSW","Port Stephens",151.886505126953,-32.8415222167969,0.32,1.76,3.33,98.4,55.31,212.37,4.76,3.87,6.31
"NSW","Port Stephens",151.931243896484,-32.826171875,0.32,1.76,2.73,99.47,55.82,215.11,7.18,5.58,10.1
"WASouth","Waroona",115.620826721191,-32.8227729797363,0.32,1.39,3.94,25.02,16.69,42.98,3.19,2.73,3.94
"WASouth","Dundas",124.93709564209,-32.7966690063477,0.32,1.57,2.63,71.7,41.44,149.89,10.74,7.65,17.26
"SA","Streaky Bay",134.122131347656,-32.8045616149902,0.32,2.51,3.58,15.48,10.59,26.17,5.5,4.35,7.6
"SA","Whyalla",137.813766479492,-32.8274917602539,0.32,3.08,3.29,7.63,5.89,10.79,7.92,6.05,11.38
"SA","Mount Remarkable",137.896591186523,-32.8130378723145,0.32,3.08,3.34,7.65,5.9,10.84,7.8,5.96,11.21
"NSW","Port Stephens",151.995193481445,-32.8015251159668,0.32,1.83,2.89,97.52,54.87,210.18,6.02,4.77,8.22
"NSW","Port Stephens",152.049957275391,-32.7904014587402,0.32,1.82,2.97,99.9,56.03,216.21,5.57,4.46,7.54
"NSW","Port Stephens",152.105438232422,-32.7936248779297,0.32,1.82,2.99,105.02,58.45,229.82,5.46,4.39,7.33
"WASouth","Mandurah",115.612747192383,-32.7587585449219,0.32,1.38,2.92,26.57,17.61,45.99,5.07,4.06,6.88
"WASouth","Dundas",124.992477416992,-32.7677345275879,0.32,1.57,2.79,72.27,41.74,151.24,9.03,6.6,14
"WASouth","Dundas",125.016464233398,-32.7507400512695,0.32,1.57,2.71,71.96,41.59,150.43,9.72,7.01,15.38
"WASouth","Dundas",125.090019226074,-32.7265357971191,0.32,1.57,2.93,73.1,42.18,153.11,8.32,6.14,12.72
"SA","Streaky Bay",134.071029663086,-32.7439575195312,0.32,2.5,3.54,16.08,10.95,27.36,5.8,4.56,8.09
"SA","Whyalla",137.80729675293,-32.7693710327148,0.32,3.09,3.3,7.52,5.82,10.61,7.61,5.85,10.86
"SA","Port Augusta",137.890808105469,-32.7710227966309,0.32,3.09,3.31,7.43,5.75,10.46,7.81,5.97,11.23
"NSW","Port Stephens",152.155685424805,-32.7658233642578,0.32,1.83,3.01,98.58,55.34,213.18,5.28,4.26,7.06
"WASouth","Mandurah",115.607124328613,-32.7169036865234,0.32,1.36,2.9,30.45,19.84,53.92,5.27,4.2,7.2
"WASouth","Dundas",125.125335693359,-32.7073822021484,0.32,1.57,2.88,73.46,42.36,154.04,8.61,6.32,13.25
"SA","Streaky Bay",134.058029174805,-32.7256622314453,0.32,2.51,3.72,15.3,10.45,25.94,5.26,4.19,7.2
"WASouth","Mandurah",115.599494934082,-32.6866264343262,0.32,1.37,2.96,29.29,19.22,51.32,5.03,4.03,6.82
"WASouth","Dundas",125.198837280273,-32.6661796569824,0.32,1.57,2.88,74.15,42.69,155.81,8.64,6.35,13.3
"SA","Streaky Bay",134.09358215332,-32.7097091674805,0.32,2.54,3.57,13.1,9.14,21.56,5.53,4.37,7.68
"SA","Streaky Bay",134.139633178711,-32.713020324707,0.32,2.58,3.6,11.04,7.9,17.55,5.27,4.19,7.26
"SA","Streaky Bay",134.258987426758,-32.6792335510254,0.32,2.64,3.48,9.16,6.75,13.98,5.18,4.13,7.1
"NSW","Mid-Coast",152.217864990234,-32.6861267089844,0.32,1.82,2.93,104.25,58.14,227.41,5.69,4.58,7.59
"WASouth","Mandurah",115.612724304199,-32.6398010253906,0.32,1.38,2.99,32.3,20.87,57.85,4.84,3.9,6.52
"WASouth","Dundas",125.261291503906,-32.639404296875,0.32,1.57,2.96,73.79,42.53,154.81,8.27,6.12,12.62
"WASouth","Dundas",125.299919128418,-32.6206016540527,0.32,1.57,2.92,71.93,41.62,150.07,8.25,6.11,12.56
"WASouth","Dundas",125.356552124023,-32.6046524047852,0.32,1.57,3.01,72.26,41.82,150.67,7.59,5.7,11.34
"WASouth","Dundas",125.411148071289,-32.5926475524902,0.32,1.57,3.03,72.66,42.06,151.38,6.95,5.31,10.09
"WASouth","Dundas",125.445678710938,-32.5863265991211,0.32,1.57,3.06,72.52,42,150.95,6.51,5.04,9.26
"SA","Streaky Bay",134.27360534668,-32.6319274902344,0.32,2.63,4.48,9.19,6.77,14.03,3.63,3.04,4.65
"SA","Port Augusta",137.836624145508,-32.6410903930664,0.32,3.11,3.37,7.07,5.51,9.86,6.91,5.37,9.72
"NSW","Mid-Coast",152.209411621094,-32.6361770629883,0.32,1.82,2.82,104.95,58.41,229.66,6.52,5.15,8.93
"NSW","Mid-Coast",152.243713378906,-32.6129608154297,0.32,1.82,2.99,105.09,58.46,230.17,5.56,4.47,7.46
"WASouth","Mandurah",115.633392333984,-32.5939178466797,0.32,1.52,2.93,25.76,16.99,45.09,4.95,3.98,6.68
"WASouth","Dundas",125.525924682617,-32.5580215454102,0.32,1.57,3.1,72.08,41.82,149.6,5.61,4.47,7.61
"SA","Streaky Bay",134.260116577148,-32.5783805847168,0.32,2.62,4.74,9.52,6.97,14.65,3.24,2.76,4.03
"NSW","Mid-Coast",152.320205688477,-32.6055908203125,0.32,1.82,2.8,108.26,60.02,238.19,6.91,5.44,9.52
"WASouth","Mandurah",115.670928955078,-32.5409622192383,0.32,1.34,2.65,31.59,20.5,56.26,5.67,4.48,7.84
"WASouth","Dundas",125.567039489746,-32.530704498291,0.32,1.57,3.07,73.61,42.63,153.12,5.68,4.52,7.75
"SA","Ceduna",133.895065307617,-32.5452919006348,0.32,2.47,3.56,19.11,12.67,33.76,6.17,4.82,8.66
"SA","Ceduna",133.908020019531,-32.5220603942871,0.32,2.49,4.98,17.14,11.51,29.8,3.52,2.96,4.44
"SA","Streaky Bay",134.228332519531,-32.5367660522461,0.32,2.61,4.74,9.95,7.24,15.47,3.25,2.77,4.04
"NSW","Mid-Coast",152.313705444336,-32.5493583679199,0.32,1.82,2.92,107.89,59.79,237.59,5.61,4.53,7.45
"NSW","Mid-Coast",152.340133666992,-32.5278701782227,0.32,1.82,3.06,107.44,59.58,236.35,4.98,4.07,6.51
"WASouth","Mandurah",115.695930480957,-32.521125793457,0.32,1.34,2.66,31.57,20.46,56.38,5.59,4.42,7.71
"WASouth","Dundas",125.627700805664,-32.4908752441406,0.32,1.57,2.99,72.33,41.99,149.92,6,4.73,8.3
"WASouth","Dundas",125.654495239258,-32.473217010498,0.32,1.57,2.92,71.32,41.5,147.36,6.41,5,9.01
"SA","Ceduna",133.845886230469,-32.5071868896484,0.32,2.54,3.21,13.52,9.4,22.38,6.65,5.12,9.54
"SA","Ceduna",133.997283935547,-32.5039138793945,0.32,2.51,4.01,15.29,10.43,26.03,4.74,3.85,6.33
"SA","Ceduna",134.070877075195,-32.4695320129395,0.32,2.55,4.58,12.61,8.84,20.63,3.49,2.96,4.37
"SA","Ceduna",134.090408325195,-32.47021484375,0.32,2.56,4.62,12.19,8.59,19.82,3.37,2.87,4.19
"SA","Streaky Bay",134.175994873047,-32.4855194091797,0.32,2.59,4.14,10.92,7.83,17.32,3.83,3.21,4.89
"NSW","Mid-Coast",152.412338256836,-32.4907112121582,0.32,1.82,3.34,106.4,59.08,233.64,4.08,3.42,5.18
"NSW","Mid-Coast",152.456039428711,-32.4739952087402,0.32,1.57,3.14,105.96,58.93,232.05,3.99,3.35,5.04
"WASouth","Mandurah",115.740791320801,-32.4680099487305,0.32,1.33,3.37,33.18,21.24,60.34,3.95,3.28,5.13
"WASouth","Dundas",125.706619262695,-32.4370346069336,0.32,1.57,2.99,69.92,40.8,143.9,6.07,4.77,8.42
"SA","Ceduna",133.846725463867,-32.4609375,0.32,2.5,4.39,15.88,10.78,27.23,3.73,3.13,4.74
"NSW","Mid-Coast",152.521682739258,-32.4567642211914,0.32,1.56,2.66,117.4,64.2,263.45,5.95,4.78,7.96
"WASouth","Rockingham",115.721504211426,-32.3826293945312,0.32,1.31,2.87,39.51,24.61,74.74,5.01,4.02,6.8
"WASouth","Dundas",125.731330871582,-32.4147415161133,0.32,1.57,2.89,68.64,40.17,140.68,6.65,5.15,9.41
"WASouth","Dundas",125.770309448242,-32.396053314209,0.32,1.58,2.93,65.12,38.36,132.33,6.18,4.84,8.62
"SA","Ceduna",133.860244750977,-32.413387298584,0.32,2.55,4.26,12.72,8.91,20.86,3.68,3.09,4.65
"NSW","Mid-Coast",152.54020690918,-32.4330139160156,0.32,1.56,2.94,114.48,63.11,253.58,4.6,3.8,5.94
"WASouth","Rockingham",115.711723327637,-32.3763732910156,0.32,1.31,2.87,40.35,25.05,76.71,5,4.01,6.77
"WASouth","Dundas",125.829124450684,-32.3588104248047,0.32,1.58,3.11,62.85,37.17,127.06,5.26,4.22,7.08
"NSW","Mid-Coast",152.537170410156,-32.3683662414551,0.32,1.56,2.93,113.19,62.55,249.79,4.42,3.67,5.65
"WASouth","Dundas",125.890777587891,-32.3272438049316,0.32,1.59,2.9,57.66,34.48,114.84,6.28,4.91,8.79
"WASouth","Dundas",125.939956665039,-32.3042793273926,0.32,1.59,3.12,56.52,33.85,112.4,5.15,4.15,6.92
"WASouth","Dundas",125.983673095703,-32.2883224487305,0.32,1.59,2.71,55.97,33.51,111.42,7.35,5.62,10.62
"WASouth","Dundas",126.580444335938,-32.3081016540527,0.32,1.65,3.76,31.24,19.97,57.21,4.03,3.34,5.22
"WASouth","Dundas",126.625343322754,-32.3101997375488,0.32,1.65,3.38,31.06,19.91,56.63,4.92,3.96,6.61
"WASouth","Dundas",126.683471679688,-32.3130416870117,0.32,1.66,3.3,28.71,18.65,51.32,5.19,4.15,7.06
"WASouth","Dundas",126.734107971191,-32.3103523254395,0.32,1.64,2.62,36.07,22.83,66.66,8.8,6.54,13.22
"WASouth","Dundas",126.778480529785,-32.3013000488281,0.32,1.65,2.63,33.43,21.3,61.29,8.52,6.36,12.74
"WASouth","Dundas",126.848419189453,-32.3034362792969,0.32,1.65,2.42,31.25,20.05,56.81,9.68,7.11,14.81
"SA","Unincorporated SA",133.836181640625,-32.352294921875,0.32,2.58,4.69,11.35,8.09,18.18,3.29,2.81,4.09
"WASouth","Rockingham",115.688369750977,-32.2748413085938,0.32,1.53,3.73,34.49,21.9,63.54,3.79,3.15,4.87
"WASouth","Dundas",126.101448059082,-32.2738990783691,0.32,1.61,2.77,45.39,27.62,88.84,6.54,5.09,9.21
"WASouth","Dundas",126.13289642334,-32.2580986022949,0.32,1.61,2.72,46.5,28.2,91.47,6.98,5.38,9.97
"WASouth","Dundas",126.229583740234,-32.2429428100586,0.32,1.65,3.36,32.97,20.71,62.13,4.34,3.56,5.68
"WASouth","Dundas",126.268409729004,-32.2527847290039,0.32,1.66,3.34,30.62,19.45,56.81,4.45,3.64,5.85
"WASouth","Dundas",126.315170288086,-32.2620964050293,0.32,1.66,3.38,30.54,19.43,56.52,4.44,3.63,5.84
"WASouth","Dundas",126.37329864502,-32.2812156677246,0.32,1.65,3.33,31.67,20.11,58.63,4.71,3.82,6.27
"WASouth","Dundas",126.418922424316,-32.2886085510254,0.32,1.66,3.33,28.66,18.43,52.16,4.72,3.83,6.29
"WASouth","Dundas",126.471771240234,-32.2922630310059,0.32,1.66,3.33,28.75,18.51,52.22,4.75,3.85,6.34
"WASouth","Dundas",126.52661895752,-32.3000717163086,0.32,1.66,3.32,28.89,18.62,52.35,4.86,3.92,6.52
"WASouth","Dundas",126.894958496094,-32.3038711547852,0.32,1.65,3.03,32.63,20.88,59.45,6.48,5.01,9.24
"WASouth","Dundas",126.948722839355,-32.3001441955566,0.32,1.66,3.14,28.97,18.79,51.87,5.89,4.62,8.25
"WASouth","Dundas",127.008438110352,-32.2939224243164,0.32,1.66,3.14,30.38,19.6,54.77,5.68,4.48,7.87
"WASouth","Dundas",127.05305480957,-32.2870330810547,0.32,1.67,3.11,28.54,18.54,51,5.69,4.49,7.86
"WASouth","Dundas",127.107360839844,-32.2873420715332,0.32,1.66,3.09,30.64,19.74,55.35,5.85,4.6,8.13
"WASouth","Dundas",127.156761169434,-32.2812728881836,0.32,1.66,3.12,30.14,19.44,54.43,5.74,4.53,7.95
"WASouth","Dundas",127.212768554688,-32.2844657897949,0.32,1.65,2.68,32.8,20.94,60,7.54,5.74,10.95
"WASouth","Dundas",127.259368896484,-32.2746429443359,0.32,1.65,2.96,31.36,20.09,57.15,6.22,4.87,8.71
"WASouth","Dundas",127.314971923828,-32.2637634277344,0.32,1.65,2.89,32.92,20.98,60.43,6.43,5.01,9.05
"WASouth","Dundas",127.354232788086,-32.2527313232422,0.32,1.64,3.15,33.89,21.53,62.47,5.42,4.34,7.35
"SA","Ceduna",133.767166137695,-32.2666244506836,0.32,2.55,4.2,12.65,8.87,20.7,3.73,3.13,4.74
"SA","Ceduna",133.777847290039,-32.2665901184082,0.32,2.55,4.21,12.61,8.85,20.61,3.72,3.12,4.72
"SA","Ceduna",133.851272583008,-32.2766571044922,0.32,2.58,3.77,11.2,8,17.86,4.49,3.66,5.92
"NSW","Mid-Coast",152.529312133789,-32.286075592041,0.32,1.56,2.55,114.49,63.26,252.56,6.63,5.13,9.41
"WASouth","Kwinana",115.753379821777,-32.2424011230469,0.32,1.55,2.1,29.47,19.18,52.39,9.59,7.16,14.23
"WASouth","Dundas",127.42276763916,-32.2359275817871,0.32,1.64,2.38,35.19,22.26,65.15,9.12,6.81,13.58
"WASouth","Dundas",127.463645935059,-32.2284698486328,0.32,1.64,2.33,36.34,22.88,67.76,9.83,7.26,14.83
"WASouth","Dundas",127.521705627441,-32.2205200195312,0.32,1.62,2.29,41.96,26.01,79.8,11.1,8.08,17.11
"SA","Ceduna",133.239868164062,-32.2043533325195,0.32,2.45,3.15,21.47,14.01,38.8,8.33,6.24,12.4
"SA","Ceduna",133.253402709961,-32.2127876281738,0.32,2.43,3.1,24.95,16.01,46.07,9.66,7.09,14.81
"SA","Unincorporated SA",133.678817749023,-32.2343902587891,0.32,2.53,3.74,14.13,9.77,23.58,4.92,3.98,6.6
"WASouth","Kwinana",115.763900756836,-32.2021522521973,0.32,1.55,1.93,30.28,19.63,54.14,12.56,9.06,19.49
"WASouth","Dundas",127.576217651367,-32.1881370544434,0.32,1.62,2.85,42.3,26.11,80.97,6.4,5.02,8.91
"WASouth","Dundas",127.615257263184,-32.1755561828613,0.32,1.62,2.87,42.98,26.5,82.45,6.33,4.97,8.79
"SA","Unincorporated SA",133.150283813477,-32.1936683654785,0.32,2.42,3.12,26.07,16.61,48.64,9.42,6.94,14.33
"SA","Ceduna",133.3134765625,-32.1855735778809,0.32,2.45,3.21,21.71,14.17,39.18,8.05,6.07,11.87
"SA","Ceduna",133.368133544922,-32.1918525695801,0.32,2.46,3.3,19.86,13.11,35.3,7.25,5.55,10.48
"SA","Ceduna",133.427627563477,-32.1941261291504,0.32,2.48,3.45,18.2,12.15,31.89,6.24,4.87,8.76
"NSW","Mid-Coast",152.538162231445,-32.1926536560059,0.32,1.56,2.4,116.35,64.25,256.73,8.2,6.13,12.27
"WASouth","Cockburn",115.744827270508,-32.1371726989746,0.32,1.53,1.75,35.87,22.73,66.16,19.74,13.46,33.05
"WASouth","Dundas",127.685852050781,-32.149528503418,0.32,2.36,3.63,43.92,27.01,84.49,6.26,4.92,8.65
"WASouth","Dundas",127.734603881836,-32.137565612793,0.32,2.37,3.65,41.85,25.83,80.23,6.11,4.82,8.41
"SA","Unincorporated SA",133.109451293945,-32.1493606567383,0.32,2.46,3.18,20.39,13.36,36.7,7.59,5.76,11.1
"SA","Ceduna",133.520812988281,-32.1467399597168,0.32,2.56,4.18,12.25,8.67,19.73,3.88,3.24,4.97
"SA","Ceduna",133.578567504883,-32.1495704650879,0.32,2.52,4.15,14.58,10.04,24.48,4.05,3.36,5.23
"NSW","Mid-Coast",152.512573242188,-32.1440925598145,0.32,1.56,2.16,116.49,64.29,257.29,13.22,9.3,21.46
"WASouth","Cockburn",115.75496673584,-32.0969123840332,0.32,1.54,2.09,33.87,21.62,61.87,11.02,8.04,16.9
"WASouth","Dundas",127.791816711426,-32.1241111755371,0.32,2.37,3.64,39.14,24.41,73.96,6.16,4.86,8.5
"WASouth","Dundas",127.841194152832,-32.1121406555176,0.32,2.37,3.62,39.75,24.75,75.25,6.35,4.98,8.81
"WASouth","Dundas",127.893455505371,-32.1038360595703,0.32,2.38,3.66,38.28,23.94,72.04,6.23,4.9,8.62
"WASouth","Dundas",127.937492370605,-32.0988807678223,0.32,2.37,3.66,41.12,25.51,78.16,6.2,4.89,8.55
"WASouth","Dundas",127.981498718262,-32.089427947998,0.32,2.37,3.66,41.36,25.72,78.29,6.31,4.96,8.71
"WASouth","Dundas",128.041961669922,-32.0753326416016,0.32,2.37,3.63,40.4,25.24,75.96,6.43,5.06,8.89
"SA","Unincorporated SA",132.977661132812,-32.1035575866699,0.32,2.41,3.55,27.79,17.54,52.52,6.53,5.05,9.3
"SA","Unincorporated SA",132.992446899414,-32.105827331543,0.32,2.42,3.45,27.49,17.36,51.93,7.23,5.52,10.48
"NSW","Mid-Coast",152.524337768555,-32.1037445068359,0.32,1.56,2.23,116.6,64.31,257.8,10.72,7.87,16.3
"WASouth","Dundas",128.103988647461,-32.0477027893066,0.32,2.38,3.61,35.74,22.74,65.43,6.56,5.14,9.12
"WASouth","Dundas",128.147399902344,-32.0388107299805,0.32,2.38,3.59,36.71,23.25,67.72,6.75,5.27,9.42
"WASouth","Dundas",128.200286865234,-32.0213279724121,0.32,2.38,3.61,36.33,22.99,67.15,6.55,5.14,9.09
"SA","Unincorporated SA",132.216537475586,-32.0306205749512,0.32,2.37,3.42,39.2,23.74,78.22,8.05,6.07,11.86
"SA","Unincorporated SA",132.265014648438,-32.0361747741699,0.32,2.38,3.41,35.48,21.76,69.52,7.94,6,11.64
"SA","Unincorporated SA",132.311965942383,-32.0363311767578,0.32,2.38,3.4,36.78,22.46,72.56,8.26,6.21,12.18
"SA","Unincorporated SA",132.916961669922,-32.0495147705078,0.32,2.42,3.57,26.3,16.7,49.35,6.32,4.92,8.95
"NSW","Mid-Coast",152.54850769043,-32.0601654052734,0.32,1.56,2.47,119.56,65.67,265.95,7.08,5.51,9.94
"WASouth","Cottesloe",115.748397827148,-32.0159225463867,0.32,1.53,2.59,36.91,23.48,67.54,7.02,5.43,9.95
"WASouth","Dundas",128.256439208984,-31.9999656677246,0.32,2.38,3.85,36.42,23.1,66.98,6.1,4.8,8.44
"WASouth","Dundas",128.312133789062,-31.983757019043,0.32,2.38,3.78,36.57,23.15,67.55,6.15,4.85,8.49
"SA","Unincorporated SA",132.165283203125,-32.0149269104004,0.32,2.43,3.97,24.18,15.65,44.01,5.12,4.09,6.98
"SA","Unincorporated SA",132.368988037109,-32.0129013061523,0.32,2.39,3.33,33.51,20.66,65.28,8.79,6.56,13.09
"SA","Unincorporated SA",132.472396850586,-32.0139274597168,0.32,2.38,3.01,36.38,22.15,72.21,11.85,8.5,18.65
"SA","Unincorporated SA",132.848297119141,-32.009693145752,0.32,2.4,3.5,31.62,19.58,61.37,7,5.37,10.06
"NSW","Mid-Coast",152.568206787109,-32.0073547363281,0.32,1.56,2.31,117.52,64.65,260.9,9.15,6.9,13.34
"WASouth","Dundas",128.368698120117,-31.96462059021,0.32,2.38,3.66,36.8,23.26,68.07,6.56,5.14,9.12
"SA","Unincorporated SA",132.113922119141,-31.9684658050537,0.32,2.42,4.23,26.79,17.11,49.6,4.59,3.73,6.12
"SA","Unincorporated SA",132.520324707031,-31.9427661895752,0.32,2.38,2.9,36.11,21.94,71.98,13.17,9.3,21.21
"SA","Unincorporated SA",132.580688476562,-31.937349319458,0.32,2.39,3.02,34.45,21.06,68.13,11.24,8.12,17.56
"SA","Unincorporated SA",132.633117675781,-31.9477863311768,0.32,2.39,3.24,32.32,19.94,63.1,9.01,6.7,13.52
"SA","Unincorporated SA",132.677658081055,-31.9606323242188,0.32,2.39,3.47,34.83,21.28,68.9,7.52,5.73,10.9
"SA","Unincorporated SA",132.737106323242,-31.957389831543,0.32,2.4,3.56,30.98,19.21,60.08,6.62,5.14,9.34
"SA","Unincorporated SA",132.793395996094,-31.9670734405518,0.32,2.45,3.78,21.17,13.87,38,5.3,4.23,7.2
"NSW","Mid-Coast",152.607528686523,-31.9559078216553,0.32,1.89,2.57,126.48,68.93,284.34,10.88,8.05,16.27
"WASouth","Cambridge",115.747932434082,-31.9169654846191,0.32,1.52,2.88,40.96,25.75,76.09,5,4.04,6.68
"WASouth","Dundas",128.386245727539,-31.9521999359131,0.32,2.38,3.66,36.31,23.05,66.71,6.66,5.2,9.31
"WASouth","Dundas",128.428405761719,-31.9378452301025,0.32,2.39,3.65,33.15,21.19,60.45,6.45,5.06,8.93
"WASouth","Dundas",128.470016479492,-31.9254741668701,0.32,2.38,3.49,37.05,23.4,68.65,7.76,5.94,11.15
"SA","Unincorporated SA",132.013717651367,-31.8924770355225,0.32,2.43,3.17,24.55,15.84,44.86,9.4,6.92,14.31
"SA","Unincorporated SA",132.059448242188,-31.9186496734619,0.32,2.42,3.15,26.37,16.86,48.8,9.97,7.28,15.37
"NSW","Mid-Coast",152.631057739258,-31.9270057678223,0.32,1.89,2.64,129.25,70.25,291.64,9.2,6.95,13.36
"WASouth","Stirling",115.745735168457,-31.8783321380615,0.32,1.52,3.1,42.76,26.71,80.13,4.53,3.7,5.96
"WASouth","Dundas",128.533950805664,-31.8932571411133,0.32,2.38,3.29,35.49,22.57,65.08,9.47,7.05,14.14
"WASouth","Dundas",128.580505371094,-31.8804798126221,0.32,2.38,3.22,37.14,23.42,68.93,10.56,7.74,16.1
"WASouth","Dundas",128.611724853516,-31.8646335601807,0.32,2.38,3.24,35.16,22.35,64.59,10.16,7.49,15.39
"SA","Unincorporated SA",131.970077514648,-31.8648357391357,0.32,2.42,3.78,26.15,16.72,48.42,5.9,4.63,8.22
"WASouth","Dundas",128.681121826172,-31.8330821990967,0.32,2.38,3.17,37.8,23.78,70.4,11.36,8.25,17.57
"SA","Unincorporated SA",131.866165161133,-31.8002967834473,0.32,2.41,3.75,29.02,18.32,54.64,6.2,4.84,8.71
"SA","Unincorporated SA",131.903350830078,-31.8179912567139,0.32,2.44,3.8,23.75,15.4,43.14,5.6,4.43,7.71
"NSW","Mid-Coast",152.739624023438,-31.8378868103027,0.32,1.89,3.03,118.66,65.39,262.49,5.51,4.46,7.28
"WASouth","Joondalup",115.724632263184,-31.7862281799316,0.32,1.51,3.9,44.35,27.46,84.25,3.43,2.91,4.29
"WASouth","Dundas",128.707641601562,-31.8146839141846,0.32,2.38,3.49,37.17,23.4,69.23,7.73,5.91,11.11
"WASouth","Dundas",128.745147705078,-31.7919063568115,0.32,2.38,3.61,37.7,23.59,70.97,6.65,5.19,9.32
"WASouth","Dundas",128.780517578125,-31.7762622833252,0.32,2.37,3.67,38.41,24.01,72.31,6.52,5.1,9.09
"WASouth","Dundas",128.817230224609,-31.7588386535645,0.32,2.38,3.62,38.03,23.77,71.7,6.85,5.32,9.64
"SA","Unincorporated SA",131.816452026367,-31.7617855072021,0.32,2.43,4.11,25.59,16.42,47.14,4.75,3.85,6.33
"NSW","Mid-Coast",152.768844604492,-31.7700748443604,0.32,1.88,2.87,133.18,72.4,299.96,6.67,5.26,9.14
"WASouth","Joondalup",115.711456298828,-31.7327613830566,0.32,1.5,2.84,48.3,29.61,92.99,6.11,4.78,8.53
"WASouth","Dundas",128.923278808594,-31.7160186767578,0.32,2.37,3.61,38.67,24.07,73.33,6.83,5.31,9.58
"WASouth","Dundas",128.980865478516,-31.6983222961426,0.32,2.38,3.6,37.92,23.67,71.64,6.88,5.35,9.67
"SA","Unincorporated SA",131.749893188477,-31.7228736877441,0.32,2.41,4.03,29.07,18.31,54.99,5.05,4.06,6.8
"NSW","Mid-Coast",152.789184570312,-31.7463817596436,0.32,1.88,2.98,137.75,74.57,311.96,5.96,4.78,8
"WASouth","Wanneroo",115.685127258301,-31.6741313934326,0.32,1.5,3.28,48.12,29.49,92.69,4.68,3.81,6.22
"SA","Unincorporated SA",129.05632019043,-31.6806087493896,0.32,2.38,3.44,37.22,23.29,70.08,8.18,6.22,11.84
"SA","Unincorporated SA",129.103088378906,-31.6748466491699,0.32,2.38,3.65,37.4,23.36,70.65,6.94,5.38,9.79
"SA","Unincorporated SA",129.161315917969,-31.6735076904297,0.32,2.38,3.71,37.9,23.66,71.6,6.93,5.37,9.78
"SA","Unincorporated SA",129.220596313477,-31.6642150878906,0.32,2.38,3.61,38.21,23.83,72.29,7.68,5.87,11.06
"SA","Unincorporated SA",129.265991210938,-31.6626873016357,0.32,2.38,3.64,37.48,23.4,70.89,7.43,5.7,10.65
"SA","Unincorporated SA",129.315948486328,-31.6522197723389,0.32,2.38,3.63,37.52,23.39,71.07,7.47,5.73,10.71
"SA","Unincorporated SA",129.355773925781,-31.6487083435059,0.32,2.38,3.73,37.38,23.29,70.89,6.95,5.38,9.87
"SA","Unincorporated SA",129.425933837891,-31.6450424194336,0.32,2.38,3.76,37.81,23.5,72.07,6.82,5.28,9.65
"SA","Unincorporated SA",129.472854614258,-31.6405601501465,0.32,2.38,3.77,37.33,23.2,71.15,6.77,5.25,9.57
"SA","Unincorporated SA",131.651901245117,-31.6733074188232,0.32,2.42,4.03,27.28,17.33,51,4.97,4.01,6.68
"SA","Unincorporated SA",131.689712524414,-31.6900215148926,0.32,2.42,4.04,27.52,17.46,51.54,4.92,3.97,6.59
"NSW","Port Macquarie-Hastings",152.797271728516,-31.7039813995361,0.32,1.88,2.8,132.52,72.14,297.8,7.29,5.66,10.22
"WASouth","Wanneroo",115.66731262207,-31.6364288330078,0.32,1.5,2.76,48.71,29.76,94.23,6.42,5,9.06
"SA","Unincorporated SA",129.529388427734,-31.6297702789307,0.32,2.38,3.72,37.7,23.37,72.14,7,5.4,9.95
"SA","Unincorporated SA",129.572463989258,-31.6263446807861,0.32,2.38,3.79,38.01,23.52,73.01,6.64,5.16,9.39
"SA","Unincorporated SA",129.628784179688,-31.62229347229,0.32,2.38,3.82,36.95,22.91,70.79,6.39,4.98,8.96
"SA","Unincorporated SA",129.693832397461,-31.6235198974609,0.32,2.38,3.88,37.38,23.12,71.91,6.01,4.72,8.34
"SA","Unincorporated SA",129.735946655273,-31.6218967437744,0.32,2.38,3.87,37.82,23.34,73.01,6.01,4.73,8.36
"SA","Unincorporated SA",129.787750244141,-31.6160411834717,0.32,2.37,3.83,38.44,23.67,74.39,6.18,4.84,8.64
"SA","Unincorporated SA",129.832595825195,-31.6155910491943,0.32,2.38,3.76,37.8,23.3,73.12,6.38,4.97,8.95
"SA","Unincorporated SA",131.550842285156,-31.6270198822021,0.32,2.4,3.95,29.96,18.78,57.06,5.34,4.27,7.25
"SA","Unincorporated SA",131.594345092773,-31.6472778320312,0.32,2.4,3.93,30.48,19.07,58.19,5.46,4.35,7.45
"NSW","Port Macquarie-Hastings",152.835205078125,-31.6545162200928,0.32,1.88,2.91,136.82,74.12,309.55,6.36,5.05,8.66
"WASouth","Wanneroo",115.648307800293,-31.6077747344971,0.32,1.5,2.73,51.41,31.38,99.33,6.87,5.3,9.8
"SA","Unincorporated SA",129.888397216797,-31.5991954803467,0.32,2.38,3.62,37.35,23.01,72.34,6.9,5.33,9.79
"SA","Unincorporated SA",129.949752807617,-31.5961685180664,0.32,2.38,3.86,36.79,22.7,71.15,6.02,4.73,8.39
"SA","Unincorporated SA",129.994247436523,-31.5926780700684,0.32,2.38,3.8,36.15,22.34,69.76,6.11,4.79,8.53
"SA","Unincorporated SA",130.050231933594,-31.5961151123047,0.32,2.38,3.93,35.4,21.94,68.08,5.58,4.43,7.66
"SA","Unincorporated SA",130.118804931641,-31.5930976867676,0.32,2.39,3.96,34.82,21.63,66.74,5.41,4.31,7.39
"SA","Unincorporated SA",130.15576171875,-31.5828647613525,0.32,2.39,3.85,35,21.73,67.14,5.92,4.66,8.22
"SA","Unincorporated SA",130.215423583984,-31.5854110717773,0.32,2.39,3.92,34.79,21.62,66.64,5.63,4.46,7.75
"SA","Unincorporated SA",130.254623413086,-31.5786609649658,0.32,2.39,3.86,34.39,21.4,65.73,5.82,4.59,8.05
"SA","Unincorporated SA",130.329986572266,-31.5885944366455,0.32,2.39,3.98,33.88,21.13,64.53,5.32,4.24,7.24
"SA","Unincorporated SA",130.372512817383,-31.5924854278564,0.32,2.39,4.03,33.68,21.05,63.98,5.24,4.19,7.12
"SA","Unincorporated SA",130.413299560547,-31.5909996032715,0.32,2.39,4.01,33.18,20.77,62.86,5.34,4.26,7.28
"SA","Unincorporated SA",130.47998046875,-31.599027633667,0.32,2.39,3.98,33.35,20.86,63.3,5.41,4.31,7.39
"SA","Unincorporated SA",130.524963378906,-31.5999298095703,0.32,2.39,3.95,33.76,21.06,64.34,5.55,4.4,7.6
"SA","Unincorporated SA",130.587509155273,-31.5946865081787,0.32,2.39,3.93,33.89,21.11,64.71,5.56,4.41,7.62
"SA","Unincorporated SA",130.632949829102,-31.6012134552002,0.32,2.39,4,33.89,21.09,64.85,5.36,4.28,7.31
"SA","Unincorporated SA",130.681182861328,-31.6080703735352,0.32,2.39,3.97,34.86,21.61,67.08,5.48,4.36,7.49
"SA","Unincorporated SA",130.739852905273,-31.609992980957,0.32,2.38,4.02,35.66,22,69.09,5.28,4.22,7.16
"SA","Unincorporated SA",130.789611816406,-31.6127681732178,0.32,2.38,4.01,35.18,21.73,68.09,5.47,4.35,7.47
"SA","Unincorporated SA",130.838287353516,-31.6013946533203,0.32,2.38,3.87,36.63,22.5,71.44,6.04,4.75,8.4
"SA","Unincorporated SA",130.885787963867,-31.5917358398438,0.32,2.38,3.83,36.1,22.19,70.41,6.07,4.77,8.43
"SA","Unincorporated SA",130.931213378906,-31.5771179199219,0.32,2.38,3.75,35.72,21.97,69.64,6.39,4.99,8.98
"SA","Unincorporated SA",131.437576293945,-31.5794830322266,0.32,2.4,3.92,31.35,19.52,60.22,5.53,4.4,7.57
"SA","Unincorporated SA",131.485397338867,-31.5951290130615,0.32,2.41,3.97,27.79,17.59,52.24,5.08,4.09,6.84
"NSW","Port Macquarie-Hastings",152.850280761719,-31.6034832000732,0.32,1.73,2.59,144.11,77.58,328.78,8.11,6.2,11.65
"WASouth","Wanneroo",115.60888671875,-31.5414657592773,0.32,1.48,3.14,60.77,36.42,120.18,5.29,4.23,7.19
"SA","Unincorporated SA",130.997650146484,-31.5531368255615,0.32,2.38,3.74,36.43,22.32,71.42,6.53,5.07,9.2
"SA","Unincorporated SA",131.023834228516,-31.5464344024658,0.32,2.38,3.76,36.42,22.31,71.46,6.39,4.99,8.97
"SA","Unincorporated SA",131.380752563477,-31.5541572570801,0.32,2.41,3.71,28.53,17.98,53.99,6.13,4.81,8.55
"NSW","Port Macquarie-Hastings",152.86848449707,-31.545295715332,0.32,1.73,2.59,143.33,77.22,326.6,7.8,6,11.1
"WASouth","Wanneroo",115.579460144043,-31.5047473907471,0.32,1.48,3.27,58.88,35.45,115.69,4.78,3.87,6.36
"SA","Unincorporated SA",131.073684692383,-31.5080394744873,0.32,2.38,3.21,36.91,22.54,72.78,10.07,7.39,15.4
"SA","Unincorporated SA",131.278564453125,-31.5154247283936,0.32,2.39,3.55,33.31,20.57,64.77,7.42,5.67,10.72
"SA","Unincorporated SA",131.315841674805,-31.5268726348877,0.32,2.41,3.64,29.7,18.6,56.64,6.53,5.08,9.21
"NSW","Port Macquarie-Hastings",152.907958984375,-31.5069618225098,0.32,1.73,2.66,148.63,79.7,340.85,7.29,5.67,10.2
"WASouth","Wanneroo",115.559936523438,-31.4665012359619,0.32,1.5,2.77,50.73,30.91,98.42,6.42,4.99,9.04
"SA","Unincorporated SA",131.15950012207,-31.4727210998535,0.32,2.39,3.44,34.5,21.19,67.62,7.93,6.01,11.6
"SA","Unincorporated SA",131.206832885742,-31.4837474822998,0.32,2.4,3.53,31.42,19.53,60.61,7.21,5.53,10.36
"NSW","Port Macquarie-Hastings",152.940475463867,-31.4754161834717,0.32,1.72,2.64,153.31,81.82,353.97,7.48,5.78,10.57
"WASouth","Gingin",115.536895751953,-31.418773651123,0.32,1.5,2.77,49.79,30.42,96.23,6.4,4.98,9.01
"NSW","Port Macquarie-Hastings",152.928359985352,-31.4325828552246,0.32,1.72,2.52,165.62,87.72,385.97,8.72,6.55,12.88
"WASouth","Gingin",115.504013061523,-31.3707466125488,0.32,1.5,2.78,48.07,29.46,92.54,6.27,4.9,8.78
"NSW","Port Macquarie-Hastings",152.935363769531,-31.3760375976562,0.32,1.72,2.52,168.43,89,393.77,8.63,6.51,12.67
"WASouth","Gingin",115.452171325684,-31.3046283721924,0.32,1.49,3.37,55.06,33.2,108.3,4.49,3.67,5.93
"NSW","Port Macquarie-Hastings",152.950302124023,-31.3485851287842,0.32,1.72,2.58,167.84,88.67,392.57,7.9,6.04,11.37
"WASouth","Gingin",115.442108154297,-31.2915267944336,0.32,1.51,3.39,46.64,28.72,89.24,4.38,3.58,5.75
"NSW","Port Macquarie-Hastings",152.975173950195,-31.3107528686523,0.32,1.71,2.54,187.66,97.52,449.19,8.58,6.41,12.78
"WASouth","Gingin",115.419357299805,-31.245044708252,0.32,1.5,3.36,49.01,30.07,94.1,4.4,3.61,5.78
"NSW","Kempsey",152.973022460938,-31.2520561218262,0.32,1.71,2.34,198.07,102.08,479.71,12.74,9.06,20.3
"WASouth","Gingin",115.392807006836,-31.1863384246826,0.32,1.47,3.52,74.13,43.08,153.18,4.24,3.49,5.53
"NSW","Kempsey",152.983184814453,-31.1969738006592,0.32,1.71,2.52,196.16,101.17,474.73,8.69,6.53,12.8
"WASouth","Gingin",115.385330200195,-31.1538333892822,0.32,1.47,3.53,70.37,41.11,144.42,4.21,3.47,5.49
"NSW","Kempsey",152.991317749023,-31.1546783447266,0.32,1.71,2.45,211.1,107.64,519.28,9.72,7.21,14.59
"WASouth","Gingin",115.362205505371,-31.1025295257568,0.32,1.46,3.55,80.03,45.9,168.54,4.37,3.58,5.74
"NSW","Kempsey",153.032028198242,-31.1024646759033,0.32,1.71,2.55,211.36,107.83,519.39,8.23,6.27,11.89
"WASouth","Gingin",115.342430114746,-31.0608196258545,0.32,1.46,3.44,80.65,46.04,171.24,4.53,3.69,6.01
"NSW","Kempsey",153.056930541992,-31.0748081207275,0.32,1.71,2.58,189.62,98.06,457.55,7.84,6,11.27
"WASouth","Gingin",115.320510864258,-31.0287113189697,0.32,1.44,3.4,100.78,55.89,222.55,4.85,3.91,6.5
"NSW","Kempsey",153.043502807617,-31.0297470092773,0.32,1.7,2.37,225.4,113.27,566.92,11.95,8.48,19.18
"WASouth","Gingin",115.295783996582,-30.9604682922363,0.32,1.44,3.37,101.02,55.8,224.59,4.95,3.97,6.69
"NSW","Kempsey",153.046813964844,-30.9842147827148,0.32,1.7,2.44,238.58,119.08,605.46,10.01,7.32,15.37
"WASouth","Gingin",115.276443481445,-30.930419921875,0.32,1.44,3.34,105.74,57.88,238.37,4.98,4,6.73
"NSW","Kempsey",153.088363647461,-30.9275894165039,0.32,1.71,2.53,198.04,101.5,484.44,8.8,6.61,12.98
"WASouth","Dandaragan",115.240005493164,-30.8705768585205,0.32,1.44,3.37,107.5,58.54,244.43,4.9,3.95,6.61
"NSW","Kempsey",153.085525512695,-30.8952293395996,0.32,1.7,2.46,259.46,127.67,672.32,10.57,7.61,16.69
"WASouth","Dandaragan",115.187698364258,-30.8250331878662,0.32,1.44,3.4,100.79,55.41,226.07,4.99,4.01,6.75
"NSW","Kempsey",153.030914306641,-30.8714618682861,0.32,1.69,2.32,310.7,148.58,838.7,13.93,9.68,23.01
"WASouth","Dandaragan",115.184829711914,-30.798412322998,0.32,1.44,3.38,103.5,56.86,232.06,4.97,3.99,6.7
"NSW","Kempsey",153.005218505859,-30.7961273193359,0.32,1.84,2.54,308.04,147.43,830.63,12.07,8.49,19.71
"WASouth","Dandaragan",115.154327392578,-30.7313938140869,0.32,1.44,3.44,111.57,60.58,254.41,4.81,3.88,6.45
"NSW","Nambucca Valley",153.005493164062,-30.7533626556396,0.32,1.84,2.55,305.42,146.24,823.38,12.05,8.51,19.56
"WASouth","Dandaragan",115.146286010742,-30.7076206207275,0.32,1.44,4.24,108.73,59.09,247.9,3.56,2.99,4.52
"NSW","Nambucca Valley",152.995315551758,-30.7101802825928,0.32,1.84,2.44,319.37,151.98,868.32,15.81,10.76,26.99
"WASouth","Dandaragan",115.127380371094,-30.6585559844971,0.32,1.44,3.68,102.72,56.09,233.02,4.27,3.5,5.61
"NSW","Nambucca Valley",153.004257202148,-30.6698932647705,0.32,1.84,2.44,320.84,152.5,873.93,16.26,11.08,27.6
"WASouth","Dandaragan",115.111801147461,-30.6207237243652,0.32,1.48,3.73,62.43,36.66,127.83,4.12,3.39,5.38
"NSW","Nambucca Valley",153.019149780273,-30.6265201568604,0.32,1.84,2.6,326.61,155,891.3,11.03,7.91,17.44
"WASouth","Dandaragan",115.083290100098,-30.5732135772705,0.32,1.46,3.71,84.61,47.42,185.17,4.24,3.48,5.57
"NSW","Nambucca Valley",153.019500732422,-30.5769462585449,0.32,1.84,2.61,334.59,158.44,915.32,10.69,7.73,16.73
"WASouth","Dandaragan",115.075393676758,-30.5281600952148,0.32,1.49,3.75,57.86,34.51,115.76,4.15,3.41,5.43
"NSW","Bellingen",153.031387329102,-30.5263671875,0.32,1.84,2.58,338.2,159.99,926.26,11.45,8.21,18.09
"WASouth","Dandaragan",115.053398132324,-30.501594543457,0.32,1.46,3.68,76.74,43.58,164.95,4.31,3.53,5.69
"NSW","Bellingen",153.044219970703,-30.4817237854004,0.32,1.84,2.55,344.24,162.45,945.94,12.07,8.63,19.1
"WASouth","Dandaragan",115.047470092773,-30.4367961883545,0.32,1.46,3.09,77.98,44.37,166.92,6.03,4.73,8.41
"NSW","Coffs Harbour",153.076995849609,-30.4302654266357,0.32,1.84,2.53,347.96,164.62,951.3,12.07,8.64,19.06
"WASouth","Dandaragan",115.044143676758,-30.4008903503418,0.32,1.47,3.08,70.48,40.73,147.55,5.88,4.63,8.15
"NSW","Coffs Harbour",153.092559814453,-30.3893413543701,0.32,1.84,2.52,351.9,165.9,967.5,12.92,9.23,20.43
"WASouth","Dandaragan",115.02587890625,-30.3309841156006,0.32,1.48,3.24,65.26,38.18,134.21,5.37,4.28,7.32
"NSW","Coffs Harbour",153.126800537109,-30.3319225311279,0.32,1.84,2.5,358.16,168.4,988.41,13.65,9.71,21.62
"WASouth","Dandaragan",114.994132995605,-30.235387802124,0.32,1.44,3.6,108.63,58.93,248.52,4.77,3.86,6.39
"NSW","Coffs Harbour",153.156356811523,-30.2409725189209,0.32,1.84,3.26,350.25,165.82,955.92,5.56,4.37,7.78
"WASouth","Dandaragan",114.994964599609,-30.2107048034668,0.32,1.52,3.36,42.67,26.63,80.05,4.93,3.98,6.59
"NSW","Coffs Harbour",153.176498413086,-30.1921348571777,0.32,1.84,2.59,356.61,168.57,974.94,11.24,8.19,17.27
"WASouth","Dandaragan",115.000297546387,-30.169246673584,0.32,1.48,3.55,65.79,38.39,135.9,4.92,3.95,6.67
"NSW","Coffs Harbour",153.206909179688,-30.1587238311768,0.32,1.84,2.43,343.26,163.68,925.91,17.64,12.13,29.28
"WASouth","Coorow",114.99592590332,-30.1270275115967,0.32,1.51,3.99,45.44,28.17,85.98,4.05,3.34,5.31
"NSW","Coffs Harbour",153.213607788086,-30.1134433746338,0.32,1.84,2.65,364.39,171.98,997.81,10.71,7.8,16.53
"WASouth","Coorow",114.980415344238,-30.0796737670898,0.32,1.53,3.63,38.82,24.62,71.16,4.58,3.72,6.09
"NSW","Coffs Harbour",153.208786010742,-30.0711421966553,0.32,1.83,2.41,376.6,176.89,1038.23,17.06,11.73,28.38
"WASouth","Coorow",114.954887390137,-30.0253677368164,0.32,1.5,3.39,49.08,30.1,94.26,5.15,4.13,6.95
"NSW","Coffs Harbour",153.215179443359,-30.0229415893555,0.32,1.84,2.79,358.76,169.99,976.32,9.48,6.96,14.55
"WASouth","Coorow",114.95531463623,-29.9851188659668,0.32,1.5,4.34,53.47,32.29,105.11,3.44,2.92,4.31
"NSW","Coffs Harbour",153.238662719727,-29.9773464202881,0.32,1.84,2.45,348.7,166.12,941.29,16.67,11.5,27.61
"WASouth","Coorow",114.968734741211,-29.9450035095215,0.32,1.48,2.74,63.17,37.25,128.34,7.31,5.64,10.38
"NSW","Clarence Valley",153.275238037109,-29.9223747253418,0.32,1.83,3.06,366.96,173.58,1000.43,7.29,5.52,10.71
"WASouth","Carnamah",114.973503112793,-29.8855590820312,0.32,1.48,2.99,60.43,35.96,121.06,6.47,5.05,9.06
"NSW","Clarence Valley",153.280456542969,-29.8977203369141,0.32,1.84,2.39,350.74,167.15,945.91,20.53,13.76,35.36
"WASouth","Carnamah",114.972312927246,-29.8436660766602,0.32,1.49,3.2,58.16,34.86,115.27,5.91,4.65,8.18
"NSW","Clarence Valley",153.294281005859,-29.8302783966064,0.32,1.66,2.72,357.32,169.88,966.77,8.97,6.62,13.65
"WASouth","Carnamah",114.957695007324,-29.8063068389893,0.32,1.49,3.04,57.4,34.5,113.31,6.53,5.08,9.2
"NSW","Clarence Valley",153.29426574707,-29.8049736022949,0.32,1.66,2.55,360.62,171.49,974.76,11.16,7.99,17.68
"WASouth","Carnamah",114.952522277832,-29.757698059082,0.32,1.51,2.99,45.86,28.46,86.63,6.22,4.9,8.59
"NSW","Clarence Valley",153.297424316406,-29.755256652832,0.32,1.66,2.44,367.03,174.03,996.27,12.73,8.94,20.77
"WASouth","Carnamah",114.951667785645,-29.71044921875,0.32,1.51,3.1,47.03,29.1,89.1,5.95,4.71,8.18
"NSW","Clarence Valley",153.313415527344,-29.7081756591797,0.32,1.66,2.45,386.97,181.55,1067.29,13.44,9.35,22.21
"WASouth","Irwin",114.953964233398,-29.6772804260254,0.32,1.52,3.3,42.32,26.54,78.76,5.24,4.21,7.06
"NSW","Clarence Valley",153.332794189453,-29.6719799041748,0.32,1.66,2.41,377.48,177.51,1038.3,14.89,10.28,24.83
"WASouth","Irwin",114.954727172852,-29.6415576934814,0.32,1.51,3,45.91,28.48,86.78,6.46,5.07,8.97
"NSW","Clarence Valley",153.342529296875,-29.6138515472412,0.32,1.66,2.42,386.11,181.07,1065.92,15.17,10.41,25.5
"WASouth","Irwin",114.970321655273,-29.5824966430664,0.32,1.52,2.99,40.46,25.57,74.48,6.32,4.97,8.74
"NSW","Clarence Valley",153.343475341797,-29.5742435455322,0.32,1.66,2.38,391.15,183.37,1079.69,15.64,10.65,26.65
"WASouth","Irwin",114.977729797363,-29.5372772216797,0.32,1.53,3,39.2,24.91,71.58,6.3,4.96,8.72
"WASouth","Irwin",114.978500366211,-29.4595909118652,0.32,1.52,2.96,38.69,24.68,70.24,6.8,5.3,9.54
"NSW","Clarence Valley",153.368377685547,-29.4821014404297,0.32,1.66,2.4,362.38,172.05,982.12,15.69,10.65,26.86
"WASouth","Irwin",114.967781066895,-29.4326305389404,0.32,1.51,2.74,40.78,25.83,74.78,8.1,6.16,11.74
"WASouth","Irwin",114.954193115234,-29.3937854766846,0.32,1.52,2.77,39.81,25.28,72.73,8.02,6.1,11.63
"NSW","Clarence Valley",153.371276855469,-29.3912181854248,0.32,1.66,2.44,373.86,176.45,1022.21,14.35,9.85,24.21
"WASouth","Irwin",114.926536560059,-29.3203926086426,0.32,1.49,2.86,51.31,31.51,98.11,7.74,5.92,11.15
"NSW","Clarence Valley",153.365295410156,-29.3581199645996,0.32,1.66,2.29,351.2,167.31,947.67,19.71,13,35.08
"WASouth","Irwin",114.913864135742,-29.2869644165039,0.32,1.49,2.83,50.18,30.88,95.69,7.92,6.03,11.47
"NSW","Clarence Valley",153.348754882812,-29.3042602539062,0.32,1.66,2.24,354.69,168.59,960.5,21.83,14.21,39.59
"WASouth","Irwin",114.909912109375,-29.2444686889648,0.32,1.48,2.45,55.57,33.71,108.11,12.88,9.13,20.62
"NSW","Richmond Valley",153.368148803711,-29.2545299530029,0.32,1.66,2.25,361.09,171.14,981.85,23.99,15.47,43.97
"WASouth","Irwin",114.88712310791,-29.1897125244141,0.32,1.47,2.43,61.62,36.78,122.61,13.61,9.58,22.03
"NSW","Richmond Valley",153.411026000977,-29.1963233947754,0.32,1.67,2.44,327.03,157.22,871.78,17.35,11.66,30.12
"WASouth","Irwin",114.873435974121,-29.1469745635986,0.32,1.48,2.44,60.15,36.02,119.21,14.42,10.03,23.74
"NSW","Richmond Valley",153.452331542969,-29.1486778259277,0.32,1.66,2.45,339.03,162.32,908.61,19.4,12.81,34.52
"WASouth","Irwin",114.856018066406,-29.1050128936768,0.32,1.47,2.7,61.77,36.82,123.22,10.94,7.93,17
"WASouth","Greater Geraldton",114.816383361816,-29.0628108978271,0.32,1.46,2.67,73.67,42.69,153.05,13.1,9.23,21.2
"NSW","Richmond Valley",153.446487426758,-29.0618591308594,0.32,1.67,2.31,312.28,151.63,819.9,21.79,14.17,39.6
"WASouth","Greater Geraldton",114.758316040039,-29.0034446716309,0.32,1.46,2.39,74.09,42.9,154.1,19.31,12.85,33.82
"NSW","Richmond Valley",153.464874267578,-29.0198650360107,0.32,1.67,2.37,270.81,134.41,689.27,19.05,12.68,33.42
"WASouth","Greater Geraldton",114.707145690918,-28.9571838378906,0.32,1.45,2.52,78.63,45.06,166.06,16.17,11.07,27.22
"NSW","Ballina",153.507629394531,-28.9700202941895,0.32,1.76,2.48,293,143.73,758.08,21.27,13.97,38
"WASouth","Greater Geraldton",114.663841247559,-28.9155330657959,0.32,1.46,2.57,77.11,44.31,162.16,15.42,10.62,25.71
"NSW","Ballina",153.529373168945,-28.9397678375244,0.32,1.76,2.51,295.61,144.79,766.55,19.8,13.12,34.93
"WASouth","Greater Geraldton",114.63501739502,-28.8812580108643,0.32,1.45,2.63,79.05,45.24,167.28,13.76,9.65,22.39
"NSW","Ballina",153.580993652344,-28.8838138580322,0.32,1.77,2.53,265.4,132.67,667.69,18.57,12.42,32.34
"WASouth","Greater Geraldton",114.618743896484,-28.8406734466553,0.32,1.46,2.59,69.49,40.57,142.94,13.76,9.67,22.27
"NSW","Ballina",153.611129760742,-28.808500289917,0.32,1.75,2.93,369.65,175.32,1002.51,7.71,5.84,11.29
"WASouth","Greater Geraldton",114.592399597168,-28.7682914733887,0.32,1.48,2.54,54.78,32.97,108.16,15.56,10.79,25.64
"NSW","Byron",153.61198425293,-28.7380924224854,0.32,1.75,2.39,384,180.77,1053.16,22.17,14.51,39.74
"WASouth","Greater Geraldton",114.604347229004,-28.6926441192627,0.32,1.49,2.3,53.03,32.07,104,18.22,12.42,30.65
"NSW","Byron",153.620986938477,-28.7066612243652,0.32,1.75,2.67,358.56,170.72,967.33,10.47,7.63,16.17
"WASouth","Chapman Valley",114.600944519043,-28.645206451416,0.32,1.49,2.28,49.67,30.32,96.18,19.85,13.33,34.17
"NSW","Byron",153.631103515625,-28.6545715332031,0.32,1.75,2.39,363.87,172.53,988.28,24.11,15.63,43.74
"WASouth","Chapman Valley",114.577018737793,-28.5933303833008,0.32,1.47,2.23,61.82,36.63,124.65,25.13,16.27,45.56
"NSW","Byron",153.582260131836,-28.6068649291992,0.32,1.75,2.29,441.64,203.17,1252.21,20.11,13.22,36.01
"WASouth","Chapman Valley",114.562286376953,-28.5574893951416,0.32,1.5,2.6,48.72,29.85,93.8,13.77,9.78,21.88
"NSW","Byron",153.569381713867,-28.5657405853271,0.32,1.75,2.35,431.07,198.97,1216.72,17.79,11.8,31.55
"WASouth","Northampton",114.522659301758,-28.5005149841309,0.32,1.47,2.53,66.99,39.28,136.99,16.95,11.69,28.04
"NSW","Byron",153.555862426758,-28.5195655822754,0.32,1.75,2.36,434.9,200.34,1231.21,17.24,11.56,30.07
"WASouth","Northampton",114.488052368164,-28.4559593200684,0.32,1.46,2.44,72.73,42.26,150.48,20.73,13.87,35.79
"NSW","Tweed",153.559204101562,-28.4693031311035,0.32,1.75,2.36,420.58,194.53,1184.36,17.9,11.98,31.24
"WASouth","Northampton",114.442192077637,-28.413272857666,0.32,1.46,2.16,72.03,41.85,149.12,30.66,19.32,57.75
"NSW","Tweed",153.563735961914,-28.4232139587402,0.32,1.75,2.36,431.84,198.43,1228.67,18.85,12.51,33.29
"WASouth","Northampton",114.402420043945,-28.3563499450684,0.32,1.47,2.11,64.51,38.01,131.1,29.83,18.86,55.91
"NSW","Tweed",153.575973510742,-28.3762855529785,0.32,1.75,2.48,424.93,195.31,1209.59,15.07,10.35,25.34
"WASouth","Northampton",114.371124267578,-28.3124885559082,0.32,1.47,2.04,65.94,38.76,134.36,35.25,21.73,68.49
"NSW","Tweed",153.579727172852,-28.3339424133301,0.32,1.7,2.43,420.62,193.6,1194.89,14.36,9.9,24.05
"WASouth","Northampton",114.337631225586,-28.2735595703125,0.32,1.47,2.19,63.3,37.39,128.2,27.56,17.59,51.05
"NSW","Tweed",153.582611083984,-28.2861995697021,0.32,1.7,2.32,404.01,187.13,1137.5,21.35,13.92,38.66
"WASouth","Northampton",114.274604797363,-28.2169628143311,0.32,1.46,2.18,72.5,42.05,150.5,24.68,15.99,44.72
"NSW","Tweed",153.573059082031,-28.2406616210938,0.32,1.7,2.28,407.56,188.57,1149.09,19.46,12.85,34.63
"WASouth","Northampton",114.231704711914,-28.1851711273193,0.32,1.46,2.23,69.25,40.37,142.84,19.73,13.23,34.03
"NSW","Tweed",153.579681396484,-28.1937599182129,0.32,1.7,2.21,420.93,192.85,1205.78,24.77,15.95,45.43
"WASouth","Northampton",114.173194885254,-28.1166114807129,0.32,1.46,2.38,72.87,42.1,152.31,14.91,10.36,24.53
"WASouth","Northampton",114.164390563965,-28.0951652526855,0.32,1.49,2.61,53.53,32.11,106.5,7.88,6.01,11.37
"QLDSouth","Gold Coast",153.467559814453,-28.1045627593994,0.32,1.7,2.38,368.35,173.04,1016.44,12.76,8.85,21.32
"WASouth","Northampton",114.156120300293,-28.0480766296387,0.32,1.47,2.55,63.72,37.5,129.89,8.75,6.59,12.84
"QLDSouth","Gold Coast",153.447174072266,-28.0567150115967,0.32,1.73,2.3,346.75,164.25,945.99,18.19,12.1,32.07
"WASouth","Northampton",114.14404296875,-27.9935626983643,0.32,1.46,2.58,70.49,40.86,146.78,9.22,6.84,13.88
"QLDSouth","Gold Coast",153.434448242188,-28.0055713653564,0.32,1.73,2.31,349.1,164.84,957.48,18.58,12.35,32.73
"WASouth","Northampton",114.133796691895,-27.9583473205566,0.32,1.46,3.35,73.32,42.46,152.53,5.81,4.55,8.17
"WASouth","Northampton",114.119079589844,-27.9107761383057,0.32,1.45,3.46,82.9,47.25,176.2,5.52,4.35,7.68
"WASouth","Northampton",114.106117248535,-27.8597660064697,0.32,1.45,3.59,80.76,46.18,170.96,4.97,3.97,6.76
"WASouth","Northampton",114.104621887207,-27.8098220825195,0.32,1.45,2.91,83.74,47.64,178.56,7.51,5.67,11.1
"WASouth","Northampton",114.114044189453,-27.7759704589844,0.32,1.45,2.8,87.66,49.54,188.58,8.31,6.19,12.52
"QLDSouth","Gold Coast",153.447219848633,-27.773681640625,0.32,1.74,2.34,305.98,146.53,824.6,26.75,16.82,51.01
"WASouth","Northampton",114.135856628418,-27.7431621551514,0.32,1.45,2.74,81.14,46.56,170.62,8.55,6.37,12.82
"QLDSouth","Redland",153.458358764648,-27.7240924835205,0.32,1.74,2.4,302.35,144.85,814.81,22.46,14.45,41.54
"WASouth","Northampton",114.146865844727,-27.6679363250732,0.32,1.44,2.73,93.46,52.34,203.62,9.07,6.66,13.94
"QLDSouth","Redland",153.468841552734,-27.6832008361816,0.32,1.74,2.43,308.54,147.36,835.1,20.56,13.41,37.31
"WASouth","Northampton",114.140434265137,-27.6351852416992,0.32,1.44,2.72,97.57,54.29,214.5,10.01,7.24,15.73
"QLDSouth","Redland",153.46989440918,-27.6331539154053,0.32,1.73,2.43,372.69,172.75,1053.02,20.57,13.42,37.27
"WASouth","Northampton",114.118461608887,-27.5770015716553,0.32,1.44,3.43,97.32,54.29,213.06,5.68,4.46,7.93
"QLDSouth","Redland",153.488403320312,-27.5784130096436,0.32,2.08,2.76,310.35,147.44,847.83,24.16,15.54,44.46
"WASouth","Northampton",114.10563659668,-27.5376720428467,0.32,1.44,3.26,96.84,54.15,211.16,6.24,4.83,8.9
"QLDSouth","Redland",153.295120239258,-27.5337238311768,0.32,2.07,2.41,437.11,195.62,1304.1,42.75,25.68,86.05
"QLDSouth","Redland",153.505752563477,-27.5359077453613,0.32,2.08,2.76,305.02,145.2,831.1,24.23,15.66,44.17
"WASouth","Northampton",114.091400146484,-27.4873790740967,0.32,1.44,3.47,99.78,55.55,218.87,5.46,4.32,7.56
"QLDSouth","Redland",153.333679199219,-27.4929122924805,0.32,2.06,2.4,496.15,217.82,1521.26,48.11,28.52,98.47
"QLDSouth","Redland",153.37434387207,-27.4909057617188,0.32,2.06,2.4,483.49,214.02,1462.43,46.1,27.52,93.43
"QLDSouth","Redland",153.531661987305,-27.4719638824463,0.32,2.08,2.8,312.89,148.41,856.81,20.29,13.44,35.75
"WASouth","Northampton",114.061492919922,-27.4315166473389,0.32,1.44,2.86,98.13,54.93,213.34,8.66,6.43,13.06
"QLDSouth","Redland",153.244369506836,-27.4651298522949,0.32,2.06,2.41,535.62,229.86,1704.59,44.2,26.56,88.65
"QLDSouth","Redland",153.359146118164,-27.4843215942383,0.32,2.06,2.4,471.87,209.18,1425.74,47.08,28.04,95.65
"QLDSouth","Redland",153.547256469727,-27.4374237060547,0.32,2.07,2.79,382,175.96,1090.14,21,13.72,37.9
"WASouth","Northampton",114.043167114258,-27.3897266387939,0.32,1.44,2.7,100.94,56.18,221.4,10.82,7.74,17.23
"QLDSouth","Brisbane",153.401565551758,-27.3549575805664,0.32,2.07,2.31,437.17,195.78,1302.56,75.33,42.6,163.4
"QLDSouth","Redland",153.522552490234,-27.4183692932129,0.32,2.06,2.64,460.48,206.06,1369.6,16.88,11.3,29.57
"WASouth","Northampton",114.017066955566,-27.3340930938721,0.32,1.44,3.21,99.78,55.71,217.76,6.36,4.95,9
"QLDSouth","Brisbane",153.416473388672,-27.3524513244629,0.32,2.07,2.31,437.55,196.4,1298.21,76.08,43,165.08
"QLDSouth","Brisbane",153.440856933594,-27.340763092041,0.32,2.06,3.19,510.87,224.59,1559.43,6.59,5.04,9.6
"WASouth","Northampton",113.987716674805,-27.2875595092773,0.32,1.43,3.05,104.15,57.8,229.22,7.14,5.46,10.34
"QLDSouth","Brisbane",153.186660766602,-27.3478660583496,0.32,2.05,2.43,612.24,258.31,1993.31,47.82,28.3,98.24
"WASouth","Northampton",113.968650817871,-27.2540225982666,0.32,1.43,3.07,104.52,57.92,230.55,7.25,5.53,10.51
"QLDSouth","Moreton Bay",153.117752075195,-27.249116897583,0.32,2.05,2.44,593.84,252.18,1914.1,41.56,25.01,83.51
"WANorth","Shark Bay",113.934410095215,-27.1946182250977,0.32,1.43,2.71,109.73,60.34,244.76,10.01,7.31,15.42
"QLDSouth","Moreton Bay",153.122039794922,-27.206563949585,0.32,2.05,2.45,590.69,251.34,1897.5,40.73,24.58,81.55
"WANorth","Shark Bay",113.906616210938,-27.1532363891602,0.32,1.43,2.98,117.02,63.66,265.11,7.76,5.88,11.34
"QLDSouth","Moreton Bay",153.116012573242,-27.1891937255859,0.32,2.05,2.45,602.25,255.41,1944.11,39.66,24.02,78.97
"WANorth","Shark Bay",113.880958557129,-27.1076793670654,0.32,1.42,2.56,119.74,64.88,272.85,11.86,8.51,18.69
"QLDSouth","Moreton Bay",153.197082519531,-27.0994625091553,0.32,2.05,2.67,589.52,251.35,1886.9,20.93,13.85,36.9
"WANorth","Shark Bay",113.85131072998,-27.0595798492432,0.32,1.42,3.19,123.75,66.69,284.29,6.76,5.22,9.66
"QLDSouth","Moreton Bay",153.209136962891,-27.0748748779297,0.32,2.06,2.66,582.28,247.05,1882.51,22.41,14.61,40.43
"WANorth","Shark Bay",113.82349395752,-27.0176544189453,0.32,1.42,3.14,129.81,69.48,301.05,6.94,5.33,9.97
"QLDSouth","Moreton Bay",153.187713623047,-27.0352001190186,0.32,2.05,2.71,592.08,252.8,1889.52,18.72,12.49,32.73
"WANorth","Shark Bay",113.789260864258,-26.9580612182617,0.32,1.42,3.19,133.33,71.02,311.4,6.81,5.24,9.78
"QLDSouth","Moreton Bay",153.166458129883,-26.9934272766113,0.32,1.79,2.46,695.46,289.8,2297.73,18.54,12.36,32.5
"WANorth","Shark Bay",113.756118774414,-26.9057579040527,0.32,1.64,3.45,139.55,73.9,328.5,6.95,5.32,10.05
"QLDSouth","Sunshine Coast",153.150405883789,-26.933385848999,0.32,1.78,2.23,1045.8,407.03,3819.13,37.02,22.59,73.05
"WANorth","Shark Bay",113.716842651367,-26.859920501709,0.32,1.64,3.44,143.53,75.66,340.14,7.2,5.48,10.51
"QLDSouth","Sunshine Coast",153.138488769531,-26.8879661560059,0.32,1.78,2.56,1114.36,430,4117.88,11.74,8.32,18.92
"WANorth","Shark Bay",113.699493408203,-26.8327312469482,0.32,1.63,3.42,148.92,77.97,356.42,7.49,5.67,11.01
"QLDSouth","Sunshine Coast",153.137466430664,-26.8345317840576,0.32,1.78,2.42,1011.24,397.26,3637.37,17.96,12.06,31.13
"WANorth","Shark Bay",113.653076171875,-26.7785549163818,0.32,1.63,3.41,152.79,79.64,368.1,7.68,5.8,11.29
"QLDSouth","Sunshine Coast",153.154235839844,-26.7919158935547,0.32,1.78,3.18,935.82,373.65,3282.49,5.83,4.58,8.15
"WANorth","Shark Bay",113.611312866211,-26.7192153930664,0.32,1.63,3.43,154.57,80.42,373.43,7.44,5.67,10.79
"QLDSouth","Sunshine Coast",153.140274047852,-26.7403335571289,0.32,1.79,2.61,789.13,324.02,2657.25,12.26,8.68,19.73
"WANorth","Shark Bay",113.591339111328,-26.6928386688232,0.32,1.63,3.42,157.45,81.62,382.45,7.4,5.64,10.71
"WANorth","Shark Bay",113.548553466797,-26.6462440490723,0.32,1.63,3.39,157.5,81.44,384.36,7.69,5.85,11.17
"QLDSouth","Sunshine Coast",153.140197753906,-26.6791191101074,0.32,1.79,2.59,750.2,310.67,2494.86,13.54,9.47,22.16
"WANorth","Shark Bay",113.485038757324,-26.5832023620605,0.32,1.63,3.43,169.73,86.55,422.96,7.25,5.57,10.38
"QLDSouth","Sunshine Coast",153.102966308594,-26.6068859100342,0.32,1.79,2.53,669.11,281.24,2180.97,15.17,10.46,25.31
"WANorth","Shark Bay",113.431434631348,-26.5368385314941,0.32,1.63,3.38,168.67,85.89,421.56,7.96,6.05,11.55
"QLDSouth","Sunshine Coast",153.10090637207,-26.5563278198242,0.32,1.8,2.58,571.85,245.57,1809.81,13.42,9.43,21.78
"WANorth","Shark Bay",113.392501831055,-26.5031471252441,0.32,1.63,3.43,170.12,86.27,428.2,7.34,5.62,10.58
"QLDSouth","Sunshine Coast",153.098251342773,-26.5055313110352,0.32,1.8,2.53,577.04,247.34,1831.46,16.46,11.26,27.73
"WANorth","Shark Bay",113.339424133301,-26.4473876953125,0.32,1.63,3.45,169.84,86,428.73,7.39,5.66,10.64
"QLDSouth","Noosa",153.107833862305,-26.4570808410645,0.32,1.8,2.55,559.75,240.96,1765.97,16.32,11.18,27.4
"WANorth","Shark Bay",113.295753479004,-26.400369644165,0.32,1.63,2.37,166.89,84.95,417.66,16.94,11.74,27.81
"QLDSouth","Noosa",153.120483398438,-26.4043865203857,0.32,1.8,2.6,532.02,230.62,1662.54,14.85,10.32,24.48
"WANorth","Shark Bay",113.287734985352,-26.361421585083,0.32,1.63,2.75,171.2,86.48,433.82,11.67,8.43,18.2
"WANorth","Shark Bay",113.277931213379,-26.3147201538086,0.32,1.63,2.74,170.37,86.15,431.08,13.59,9.58,21.91
"QLDSouth","Noosa",153.066970825195,-26.3208141326904,0.32,1.8,2.37,488.47,214.26,1501.75,23.43,15.31,41.96
"WANorth","Shark Bay",113.243339538574,-26.2524394989014,0.32,1.63,3.41,168.9,85.5,426.74,7.27,5.56,10.47
"QLDSouth","Noosa",153.074661254883,-26.273588180542,0.32,1.81,2.43,439.79,195.72,1325.35,20.79,13.82,36.36
"WANorth","Shark Bay",113.19229888916,-26.1995239257812,0.32,1.63,3.31,169.42,85.7,428.54,8.22,6.21,12.04
"QLDSouth","Noosa",153.084457397461,-26.2195510864258,0.32,1.81,2.56,420.68,188.26,1258.35,16.66,11.41,27.99
"WANorth","Shark Bay",113.170143127441,-26.1732273101807,0.32,1.63,3.3,170.43,86.09,432.03,8.26,6.22,12.19
"QLDSouth","Noosa",153.100616455078,-26.1734504699707,0.32,1.81,2.6,407.78,183.18,1213.64,15.83,10.92,26.34
"WANorth","Shark Bay",113.158309936523,-26.1391716003418,0.32,1.63,2.78,163.96,82.97,415.39,7.75,5.93,11.14
"QLDSouth","Gympie",153.111801147461,-26.1201992034912,0.32,1.81,2.6,410.56,184.14,1224.94,16.35,11.21,27.39
"WANorth","Shark Bay",113.15983581543,-26.0855331420898,0.32,1.63,3.3,160.13,81.5,401.88,7.14,5.47,10.26
"QLDSouth","Gympie",153.129623413086,-26.08131980896,0.32,1.81,2.67,398.43,179.3,1183.72,14.81,10.31,24.3
"WANorth","Shark Bay",113.12956237793,-26.0266876220703,0.32,1.63,3.41,154.81,79.23,385.48,7.32,5.6,10.57
"WANorth","Shark Bay",113.279312133789,-26.0415687561035,0.32,1.87,2.67,15.87,10.68,27.64,5.01,4,6.86
"WANorth","Shark Bay",113.360961914062,-26.0402011871338,0.32,1.89,2.7,14.4,9.84,24.57,4.74,3.81,6.39
"WANorth","Carnarvon",114.206573486328,-26.0333461761475,0.32,1.98,2.75,10.1,7.37,15.56,4.32,3.56,5.63
"QLDSouth","Gympie",153.154998779297,-26.0190143585205,0.32,1.81,2.72,393.2,177.09,1167.52,13.71,9.66,22.1
"WANorth","Shark Bay",113.074462890625,-25.9681720733643,0.32,1.63,3.43,149.13,76.72,368.6,7.83,5.93,11.44
"WANorth","Shark Bay",113.201103210449,-25.997106552124,0.32,1.88,2.66,15.15,10.27,26.11,5.07,4.03,6.97
"WANorth","Shark Bay",113.549812316895,-25.973316192627,0.32,1.86,2.65,16.51,11.14,28.52,5.54,4.38,7.67
"WANorth","Carnarvon",114.191688537598,-25.990837097168,0.32,1.98,2.74,10.1,7.37,15.58,4.4,3.62,5.75
"QLDSouth","Gympie",153.177352905273,-25.9748039245605,0.32,1.81,2.71,372.16,168.71,1095.68,14.2,9.96,23.03
"WANorth","Shark Bay",113.044639587402,-25.9309673309326,0.32,1.63,3.49,153.68,78.63,383.03,6.4,5,8.97
"WANorth","Shark Bay",113.154029846191,-25.9391899108887,0.32,1.87,2.65,15.62,10.54,27.11,5.15,4.09,7.11
"WANorth","Carnarvon",114.213706970215,-25.9665393829346,0.32,1.99,2.77,9.64,7.06,14.83,4.27,3.52,5.54
"QLDSouth","Gympie",153.196014404297,-25.9365634918213,0.32,2.68,3.62,382.87,172.87,1133.51,13.07,9.29,20.8
"WANorth","Shark Bay",113.02271270752,-25.891149520874,0.32,1.64,3.3,139.13,72.06,341.18,8.09,6.1,11.94
"WANorth","Shark Bay",113.157447814941,-25.8942527770996,0.32,1.87,2.63,15.83,10.68,27.47,5.32,4.2,7.38
"WANorth","Shark Bay",113.517280578613,-25.8920707702637,0.32,1.85,2.62,18.04,12.01,31.8,5.81,4.56,8.12
"WANorth","Carnarvon",114.233070373535,-25.8787040710449,0.32,1.98,2.75,10.09,7.32,15.73,4.42,3.63,5.77
"QLDSouth","Gympie",153.175277709961,-25.9199466705322,0.32,2.68,3.69,406.08,182.04,1213.65,10.51,7.66,16.22
"WANorth","Shark Bay",112.98983001709,-25.8296146392822,0.32,1.64,3.37,132.63,69.07,322.96,7.34,5.61,10.59
"WANorth","Shark Bay",113.149253845215,-25.8800354003906,0.32,1.86,2.62,17.19,11.46,30.31,5.42,4.27,7.54
"WANorth","Shark Bay",113.464241027832,-25.8200645446777,0.32,1.83,2.58,20.15,13.18,36.39,6.43,4.97,9.17
"WANorth","Shark Bay",113.765983581543,-25.8768615722656,0.32,1.9,2.67,13.75,9.51,22.98,4.94,3.97,6.67
"WANorth","Carnarvon",114.18896484375,-25.8362445831299,0.32,1.94,2.69,11.7,8.31,18.8,4.88,3.95,6.51
"QLDSouth","Gympie",153.084014892578,-25.8544025421143,0.32,2.69,3.43,328.33,151.45,943.65,16.28,11.2,27.13
"WANorth","Shark Bay",112.966743469238,-25.7923622131348,0.32,1.64,3.42,131.21,68.38,319.37,6.93,5.34,9.89
"WANorth","Shark Bay",113.11368560791,-25.8178024291992,0.32,1.85,2.6,18.09,11.99,32.14,5.62,4.41,7.9
"WANorth","Shark Bay",113.455863952637,-25.8108425140381,0.32,1.83,2.58,20.3,13.26,36.75,6.42,4.97,9.15
"WANorth","Shark Bay",113.72785949707,-25.8003177642822,0.32,1.88,2.65,15.21,10.33,26.1,5.1,4.07,6.97
"WANorth","Carnarvon",114.133605957031,-25.7802562713623,0.32,1.9,2.63,13.96,9.66,23.25,5.45,4.34,7.45
"QLDSouth","Fraser Coast",153.085327148438,-25.7930164337158,0.32,2.71,3.24,208.96,103.2,545.03,24.81,16.09,44.93
"WANorth","Shark Bay",112.969444274902,-25.7448596954346,0.32,1.65,3.28,114.8,60.72,274.24,7.27,5.55,10.53
"WANorth","Shark Bay",113.079116821289,-25.7502117156982,0.32,1.84,2.58,19.17,12.61,34.41,5.86,4.55,8.35
"WANorth","Shark Bay",113.432159423828,-25.7516574859619,0.32,1.82,2.55,20.92,13.62,38.02,7.05,5.38,10.24
"WANorth","Shark Bay",113.673324584961,-25.7584323883057,0.32,1.88,2.64,14.87,10.14,25.39,5.3,4.19,7.35
"WANorth","Carnarvon",114.111671447754,-25.7504196166992,0.32,1.88,2.61,14.86,10.16,25.2,5.68,4.5,7.82
"QLDSouth","Fraser Coast",153.09001159668,-25.7552299499512,0.32,2.71,3.47,216.55,105.65,576.38,15.5,10.73,25.61
"WANorth","Shark Bay",112.942481994629,-25.6842365264893,0.32,1.65,3.35,105.48,56.44,248.01,7.56,5.74,11.05
"WANorth","Shark Bay",113.072257995605,-25.7167644500732,0.32,1.83,2.58,20.52,13.39,37.22,5.9,4.58,8.39
"WANorth","Shark Bay",113.410232543945,-25.70237159729,0.32,1.81,2.54,22.31,14.42,40.96,7.25,5.51,10.6
"WANorth","Shark Bay",113.616310119629,-25.7126617431641,0.32,1.87,2.62,16.12,10.87,27.96,5.49,4.32,7.67
"WANorth","Carnarvon",114.065330505371,-25.6924648284912,0.32,1.87,2.61,15.82,10.7,27.31,5.73,4.52,7.92
"QLDSouth","Fraser Coast",153.086318969727,-25.7141304016113,0.32,2.7,3.42,273.1,128.87,761.64,17.43,11.89,29.36
"WANorth","Shark Bay",112.930847167969,-25.6511478424072,0.32,1.65,3.33,105.54,56.43,248.41,7.5,5.7,10.95
"WANorth","Shark Bay",113.055541992188,-25.6734848022461,0.32,1.81,2.62,22.81,14.66,42.25,5.59,4.36,7.89
"WANorth","Shark Bay",113.414222717285,-25.6686573028564,0.32,1.81,2.53,23.15,14.9,42.73,7.28,5.52,10.67
"WANorth","Shark Bay",113.595527648926,-25.656852722168,0.32,1.85,2.61,17.39,11.6,30.59,5.64,4.42,7.92
"WANorth","Carnarvon",114.020736694336,-25.6579189300537,0.32,1.88,2.62,15.39,10.46,26.33,5.59,4.43,7.7
"QLDSouth","Fraser Coast",153.081512451172,-25.658296585083,0.32,2.7,3.48,226.6,109.64,610.67,15.55,10.8,25.57
"WANorth","Shark Bay",112.91576385498,-25.6081619262695,0.32,1.66,3.27,104.85,56,247.47,7.41,5.64,10.79
"WANorth","Shark Bay",113.042152404785,-25.6116275787354,0.32,1.79,2.61,25.56,16.21,48.17,5.67,4.42,8.04
"WANorth","Shark Bay",113.432960510254,-25.6172618865967,0.32,1.8,2.56,23.87,15.3,44.31,6.98,5.33,10.16
"WANorth","Shark Bay",113.57640838623,-25.6127490997314,0.32,1.84,2.6,18.74,12.36,33.49,5.68,4.45,8
"WANorth","Carnarvon",113.997688293457,-25.6122951507568,0.32,1.88,2.62,14.96,10.22,25.44,5.58,4.42,7.69
"QLDSouth","Fraser Coast",153.105392456055,-25.5856399536133,0.32,2.7,3.52,247.54,118.16,680.21,15.13,10.58,24.6
"WANorth","Shark Bay",112.919387817383,-25.572078704834,0.32,1.67,3.22,88.52,48.24,203.52,7.43,5.64,10.85
"WANorth","Shark Bay",113.019607543945,-25.5678997039795,0.32,1.78,2.88,27.93,17.53,53.36,4.46,3.61,5.99
"WANorth","Shark Bay",113.466903686523,-25.5642185211182,0.32,1.79,2.6,26.3,16.64,49.68,6.52,5.03,9.35
"WANorth","Shark Bay",113.521896362305,-25.5663013458252,0.32,1.82,2.58,21.08,13.7,38.47,5.94,4.62,8.45
"QLDSouth","Fraser Coast",153.117279052734,-25.5545215606689,0.32,2.7,3.52,234.48,112.74,637.94,15.01,10.52,24.29
"WANorth","Shark Bay",112.919868469238,-25.5312461853027,0.32,1.66,3.17,96.18,51.86,224.31,6.25,4.9,8.68
"WANorth","Shark Bay",113.022674560547,-25.5107650756836,0.32,1.76,2.86,31.87,19.72,61.92,4.57,3.69,6.15
"WANorth","Carnarvon",113.957572937012,-25.5122013092041,0.32,1.86,2.6,17.13,11.48,29.92,5.75,4.52,8.01
"QLDSouth","Fraser Coast",153.13655090332,-25.5028553009033,0.32,2.7,3.54,245.86,117.33,676.24,14.68,10.33,23.66
"WANorth","Shark Bay",112.958602905273,-25.4818725585938,0.32,1.67,3.28,88.73,48.25,204.78,4.55,3.71,6.03
"WANorth","Shark Bay",112.978309631348,-25.4784851074219,0.32,1.69,3.1,64.04,36.19,140.62,3.91,3.22,5.12
"WANorth","Carnarvon",113.931976318359,-25.4735069274902,0.32,1.85,2.6,17.54,11.73,30.7,5.74,4.51,8
"QLDSouth","Fraser Coast",153.157104492188,-25.4490642547607,0.32,2.7,3.56,226.06,109.1,612.23,14.26,10.07,22.86
"WANorth","Carnarvon",113.905830383301,-25.4210529327393,0.32,1.84,2.58,18.68,12.41,32.95,6.07,4.73,8.56
"QLDSouth","Fraser Coast",153.173034667969,-25.4173946380615,0.32,2.7,3.58,254.57,120.85,705.43,13.84,9.82,22.03
"WANorth","Carnarvon",113.887504577637,-25.375415802002,0.32,1.83,2.57,19.61,12.95,34.85,6.2,4.82,8.78
"QLDSouth","Fraser Coast",152.920608520508,-25.3752250671387,0.32,2.7,2.85,272.83,127.12,779.26,77.04,42.22,176.96
"QLDSouth","Fraser Coast",153.016967773438,-25.3915557861328,0.32,2.71,2.86,203.18,99.47,539.64,67.43,37.65,150.91
"QLDSouth","Fraser Coast",153.20832824707,-25.3429145812988,0.32,2.71,3.59,223.01,107.73,603.48,14.51,10.22,23.3
"WANorth","Carnarvon",113.86693572998,-25.3127536773682,0.32,1.82,2.56,21.48,14.02,38.79,6.41,4.96,9.14
"QLDSouth","Fraser Coast",152.960266113281,-25.3060207366943,0.32,2.7,3.35,253.12,120.17,701.6,11.55,8.12,18.95
"QLDSouth","Fraser Coast",152.996765136719,-25.3283252716064,0.32,2.71,2.89,211.12,103.2,560.94,61.47,34.91,134.09
"QLDSouth","Fraser Coast",153.220764160156,-25.3178386688232,0.32,2.71,3.5,216.89,105.23,583.28,15.97,11.11,26.13
"WANorth","Carnarvon",113.848014831543,-25.2753429412842,0.32,1.8,2.53,24.5,15.72,45.25,6.81,5.23,9.83
"QLDSouth","Fraser Coast",152.975250244141,-25.2924308776855,0.32,2.71,2.97,197.99,99.13,505.35,45.01,26.74,92.13
"QLDSouth","Fraser Coast",153.246276855469,-25.2687702178955,0.32,2.71,3.49,207.93,101.65,552.86,16.35,11.34,26.85
"WANorth","Carnarvon",113.834495544434,-25.2315101623535,0.32,1.8,2.53,23.93,15.39,44.06,7.3,5.54,10.72
"QLDSouth","Fraser Coast",152.680648803711,-25.2434177398682,0.32,2.71,3.34,217.72,104.99,592.05,11.7,8.19,19.34
"QLDSouth","Fraser Coast",152.735366821289,-25.2627124786377,0.32,2.71,3.75,221.48,107.26,596.81,6.02,4.64,8.69
"QLDSouth","Fraser Coast",152.803985595703,-25.2456855773926,0.32,2.71,3.75,221.86,108.08,591.2,6.06,4.67,8.76
"QLDSouth","Fraser Coast",152.830856323242,-25.2454967498779,0.32,2.71,2.88,217.86,107.33,569.27,65.31,37.03,142.34
"QLDSouth","Fraser Coast",152.900268554688,-25.2767868041992,0.32,2.72,2.93,173.82,89.42,425.52,50.63,29.47,106.88
"QLDSouth","Fraser Coast",152.999938964844,-25.2313385009766,0.32,2.72,3,172.65,88.99,421.44,36.76,22.4,72.78
"QLDSouth","Fraser Coast",153.269393920898,-25.2187080383301,0.32,2.71,3.5,203.98,99.88,541.4,16.31,11.29,26.87
"WANorth","Carnarvon",113.809951782227,-25.180456161499,0.32,1.78,2.48,27.56,17.42,52.02,8.23,6.13,12.38
"QLDSouth","Fraser Coast",152.638671875,-25.2031402587891,0.32,2.71,3.11,203.71,98.52,553.5,22.96,14.54,43.74
"QLDSouth","Fraser Coast",153.007949829102,-25.1947975158691,0.32,2.7,3.37,229.22,111.25,613.77,9.31,6.8,14.42
"QLDSouth","Fraser Coast",153.290267944336,-25.1729202270508,0.32,2.7,3.48,225.43,108.88,609.74,17,11.68,28.3
"WANorth","Carnarvon",113.73747253418,-25.1302757263184,0.32,1.76,2.44,34.31,21.11,67.01,10.03,7.23,15.83
"QLDSouth","Bundaberg",152.623168945312,-25.1364898681641,0.32,2.72,3.11,182.92,90.15,483.29,24.09,15.17,46.27
"QLDSouth","Fraser Coast",153.071655273438,-25.1507892608643,0.32,2.69,3.36,275.35,128.26,786.41,9.74,7.07,15.21
"QLDSouth","Fraser Coast",153.315719604492,-25.1182537078857,0.32,2.7,3.42,236.31,113.37,645.29,18.59,12.6,31.57
"WANorth","Carnarvon",113.69261932373,-25.0909976959229,0.32,1.75,2.43,35.72,21.94,69.78,10.31,7.39,16.44
"QLDSouth","Bundaberg",152.568420410156,-25.0996189117432,0.32,2.72,3.13,179.66,88.58,474.89,23.99,15.1,46.08
"QLDSouth","Fraser Coast",153.126556396484,-25.1073627471924,0.32,2.69,3.24,293.44,135.07,853.35,12.52,8.8,20.39
"QLDSouth","Fraser Coast",153.333526611328,-25.0741291046143,0.32,2.7,3.44,242.9,115.86,669.14,18.03,12.27,30.5
"WANorth","Carnarvon",113.661598205566,-25.0344772338867,0.32,1.76,2.49,33.83,20.98,65.16,8.54,6.29,13.1
"QLDSouth","Bundaberg",152.544769287109,-25.056697845459,0.32,2.44,3.05,186.81,91.65,497.04,13.38,9.18,22.75
"QLDSouth","Fraser Coast",153.170776367188,-25.055944442749,0.32,2.69,3.23,289.36,133.4,839.75,12.83,9,20.97
"QLDSouth","Fraser Coast",153.357498168945,-25.0332279205322,0.32,2.69,3.4,287.56,134.18,816.13,19.99,13.35,34.72
"WANorth","Carnarvon",113.656776428223,-24.9929332733154,0.32,1.77,2.52,29.35,18.5,55.37,7.61,5.69,11.44
"QLDSouth","Bundaberg",152.508392333984,-25.0020694732666,0.32,2.44,3.05,193.32,94.35,518.22,13.25,9.1,22.5
"QLDSouth","Fraser Coast",153.204940795898,-25.0136394500732,0.32,2.69,3.28,293.76,135.12,855.33,11.32,8.14,17.81
"QLDSouth","Fraser Coast",153.356231689453,-24.9981651306152,0.32,2.69,3.45,315.06,145.28,908.57,17.54,11.93,29.71
"WANorth","Carnarvon",113.6591796875,-24.9584560394287,0.32,1.78,2.53,27.42,17.43,51.19,7.39,5.54,11.07
"QLDSouth","Bundaberg",152.489791870117,-24.9415721893311,0.32,2.44,2.79,194.02,94.8,518.87,28.91,17.86,56.81
"QLDSouth","Fraser Coast",153.2265625,-24.9354839324951,0.32,2.7,3.15,267.18,125.06,757.63,17.13,11.68,28.93
"QLDSouth","Fraser Coast",153.353256225586,-24.9639568328857,0.32,2.69,3.48,336.61,153.88,982.1,15.74,10.83,26.26
"QLDSouth","Bundaberg",152.498428344727,-24.9030914306641,0.32,2.43,2.98,202.4,98.45,544.26,16.5,10.98,29.29
"QLDSouth","Fraser Coast",153.194808959961,-24.8763370513916,0.32,2.7,3.14,257.09,121.32,719.89,19.58,13.14,33.77
"QLDSouth","Fraser Coast",153.281875610352,-24.8999462127686,0.32,2.69,3.41,337.16,154.28,981.96,14.92,10.33,24.73
"WANorth","Carnarvon",113.614540100098,-24.8525638580322,0.32,1.76,2.47,33.65,20.85,64.98,8.89,6.48,13.89
"QLDSouth","Bundaberg",152.485946655273,-24.8502807617188,0.32,2.43,2.81,211.23,102.18,572.26,28.12,17.47,54.72
"QLDSouth","Fraser Coast",153.168518066406,-24.8398494720459,0.32,2.7,3.17,256.1,121.13,714.24,18.88,12.69,32.55
"QLDSouth","Fraser Coast",153.268493652344,-24.8464603424072,0.32,2.69,3.69,325.55,149.73,941.36,11.18,8.05,17.54
"WANorth","Carnarvon",113.626899719238,-24.8038711547852,0.32,1.77,2.42,31.32,19.62,59.54,9.18,6.65,14.43
"QLDSouth","Bundaberg",152.467620849609,-24.8112659454346,0.32,2.43,2.81,221.83,106.68,605.53,28.52,17.7,55.55
"QLDSouth","Fraser Coast",153.143753051758,-24.8237190246582,0.32,2.7,3.21,260.13,122.86,726.72,18.31,12.32,31.55
"QLDSouth","Fraser Coast",153.267044067383,-24.805269241333,0.32,2.69,3.64,317.86,146.72,914.42,12.66,8.95,20.37
"WANorth","Carnarvon",113.607635498047,-24.7339878082275,0.32,1.75,2.59,36.2,22.31,70.19,7.55,5.66,11.31
"QLDSouth","Fraser Coast",153.160522460938,-24.7521915435791,0.32,2.69,3.37,301.8,142.13,839.25,10.78,7.77,16.95
"QLDSouth","Fraser Coast",153.270690917969,-24.7551422119141,0.32,2.69,3.74,290.52,135.74,821.91,10.94,7.9,17.09
"WANorth","Carnarvon",113.585609436035,-24.7049198150635,0.32,1.74,2.58,38.13,23.38,74.41,7.8,5.81,11.76
"QLDSouth","Bundaberg",152.309967041016,-24.727632522583,0.32,2.44,3.08,178.29,88.35,467.01,13.1,9.08,21.89
"QLDSouth","Bundaberg",152.36669921875,-24.7287845611572,0.32,2.43,3.07,201.96,98.46,540.82,13.72,9.45,23.12
"QLDSouth","Fraser Coast",153.216064453125,-24.7082195281982,0.32,2.69,3.36,294.54,140.93,796.83,12.56,8.84,20.42
"QLDSouth","Fraser Coast",153.269912719727,-24.7052879333496,0.32,2.71,3.86,208.05,101.71,553.18,8.8,6.55,13.22
"WANorth","Carnarvon",113.536682128906,-24.6466579437256,0.32,1.73,2.56,43.67,26.42,86.6,9.04,6.63,13.95
"QLDSouth","Bundaberg",152.235336303711,-24.6748962402344,0.32,2.44,3.2,167.56,83.99,431.41,10.83,7.73,17.36
"WANorth","Carnarvon",113.49870300293,-24.5978164672852,0.32,1.72,2.61,46.15,27.87,91.47,8.71,6.44,13.23
"QLDSouth","Bundaberg",152.14875793457,-24.6201496124268,0.32,2.45,2.98,157.67,79.8,400.31,17.12,11.4,30.27
"QLDSouth","Bundaberg",152.196136474609,-24.648962020874,0.32,2.44,3,168.84,84.71,433.69,16.85,11.26,29.61
"WANorth","Carnarvon",113.43839263916,-24.5435962677002,0.32,1.71,2.72,53.1,31.52,107.74,8.33,6.21,12.5
"QLDSouth","Bundaberg",152.125793457031,-24.5961494445801,0.32,2.45,2.99,154.63,78.39,391.95,17.09,11.38,30.22
"WANorth","Carnarvon",113.420707702637,-24.5145587921143,0.32,1.71,2.72,54.83,32.4,111.94,8.06,6.06,11.95
"QLDSouth","Bundaberg",152.082656860352,-24.5386180877686,0.32,2.45,3.25,158.92,80.71,400.74,10.13,7.3,15.97
"WANorth","Carnarvon",113.398574829102,-24.4680690765381,0.32,1.69,2.82,63.14,36.72,131.53,7.95,6,11.72
"QLDNorth","Gladstone",152.020217895508,-24.4516868591309,0.32,2.45,3.26,153.59,78.45,383.99,10.36,7.46,16.38
"WANorth","Carnarvon",113.398719787598,-24.4143238067627,0.32,1.69,2.85,68.76,39.52,145.59,7.2,5.51,10.38
"QLDNorth","Gladstone",152.00390625,-24.4185047149658,0.32,2.45,3.36,150.43,77.05,374.76,8.9,6.56,13.6
"WANorth","Carnarvon",113.398071289062,-24.371509552002,0.32,1.68,2.24,73.72,41.98,158.07,15.07,10.33,25.42
"QLDNorth","Gladstone",151.990173339844,-24.3746223449707,0.32,2.45,3.38,154.18,78.8,384.94,8.95,6.59,13.68
"WANorth","Carnarvon",113.395683288574,-24.3264846801758,0.32,1.68,3.15,74.45,42.28,160.34,7.03,5.37,10.23
"QLDNorth","Gladstone",151.977767944336,-24.3355083465576,0.32,2.45,3.38,153.71,78.66,382.94,9.07,6.67,13.88
"WANorth","Carnarvon",113.393569946289,-24.2762565612793,0.32,1.68,3.13,79.04,44.63,171.37,8.73,6.44,13.33
"QLDNorth","Gladstone",151.961639404297,-24.2890186309814,0.32,2.45,3.42,156.74,80.04,391.51,8.7,6.44,13.17
"WANorth","Carnarvon",113.387710571289,-24.2301483154297,0.32,1.67,3.19,86.37,48.25,189.93,6.78,5.16,9.94
"QLDNorth","Gladstone",151.950286865234,-24.2453994750977,0.32,2.45,3.61,155.79,79.62,388.7,7.08,5.42,10.21
"WANorth","Carnarvon",113.393035888672,-24.2194747924805,0.32,1.67,3.14,81.48,45.76,178.08,4.86,3.88,6.66
"QLDNorth","Gladstone",151.922622680664,-24.207914352417,0.32,2.97,4.16,158,80.68,394.52,6.98,5.36,10.01
"WANorth","Carnarvon",113.411437988281,-24.0960292816162,0.32,1.66,2.74,96.37,53.03,216.41,9.46,6.91,14.64
"QLDNorth","Gladstone",151.814437866211,-24.1448230743408,0.32,2.97,3.32,151.24,77.75,374.01,33.39,20.55,65.34
"QLDNorth","Gladstone",151.889343261719,-24.1459865570068,0.32,2.96,3.88,160.45,81.87,400.79,9.67,7.07,14.93
"QLDNorth","Gladstone",151.77946472168,-24.0869579315186,0.32,2.97,3.29,145.46,75.25,356.48,37.32,22.74,73.81
"WANorth","Carnarvon",113.421440124512,-24.0452919006348,0.32,1.66,2.82,97.81,53.69,220.41,10.35,7.47,16.26
"QLDNorth","Gladstone",151.57682800293,-24.0359382629395,0.32,2.99,3.27,113.43,60.34,268.32,31.67,19.89,59.9
"QLDNorth","Gladstone",151.636505126953,-24.0335903167725,0.32,3,3.38,89.4,49.13,202.24,25.22,16.46,45.04
"QLDNorth","Gladstone",151.771438598633,-24.0289821624756,0.32,2.97,3.31,141.3,73.55,343.04,35.92,21.96,70.79
"WANorth","Carnarvon",113.456199645996,-24.0021705627441,0.32,1.66,3.25,98.05,53.87,220.58,4.83,3.88,6.57
"QLDNorth","Gladstone",151.470016479492,-23.9934921264648,0.32,2.99,3.22,100.3,54.54,229.65,35.9,22.21,69.19
"QLDNorth","Gladstone",151.501342773438,-24.0050964355469,0.32,2.99,3.22,106.4,57.33,246.75,36.93,22.77,71.48
"QLDNorth","Gladstone",151.680267333984,-23.9906253814697,0.32,2.98,3.32,127.6,67.46,302.97,33.49,20.71,64.89
"QLDNorth","Gladstone",151.735366821289,-24.0024108886719,0.32,2.97,3.23,139.11,72.69,335.58,45.29,27.17,91.03
"WANorth","Carnarvon",113.464424133301,-23.9410152435303,0.32,1.66,2.58,103.83,56.68,235.51,11.08,7.91,17.66
"WANorth","Carnarvon",113.464508056641,-23.9073162078857,0.32,1.66,2.83,104.08,56.71,236.82,7.73,5.79,11.55
"QLDNorth","Gladstone",151.389236450195,-23.8761157989502,0.32,3.01,3.24,80.68,45.14,177.66,34.51,21.6,65.27
"WANorth","Carnarvon",113.499412536621,-23.8566093444824,0.32,1.66,2.86,101.03,55.22,228.96,6,4.65,8.57
"WANorth","Carnarvon",113.511947631836,-23.8013381958008,0.32,1.65,2.85,109.08,59.13,249.81,7.19,5.44,10.61
"WANorth","Carnarvon",113.532752990723,-23.7624130249023,0.32,1.65,2.92,112.82,60.9,259.88,5.63,4.39,7.98
"QLDNorth","Gladstone",151.310440063477,-23.7504730224609,0.32,3.03,3.63,70.06,39.84,151.13,14.53,10,24.4
"WANorth","Carnarvon",113.574127197266,-23.7141151428223,0.32,1.65,2.88,113.23,61.1,260.83,6.01,4.65,8.6
"QLDNorth","Gladstone",151.297271728516,-23.700216293335,0.32,3.03,3.64,69.42,39.51,149.6,14.16,9.79,23.62
"WANorth","Carnarvon",113.593322753906,-23.6568756103516,0.32,1.65,2.86,118.86,63.81,275.59,6.49,4.97,9.43
"QLDNorth","Gladstone",151.289306640625,-23.676664352417,0.32,3.03,3.4,69.38,39.47,149.66,23.48,15.18,42.93
"WANorth","Carnarvon",113.636512756348,-23.6082191467285,0.32,1.67,3.03,80.67,44.89,179.45,4.81,3.84,6.62
"QLDNorth","Gladstone",151.242279052734,-23.6224479675293,0.32,3.03,3.29,68.82,39.16,148.47,29.7,18.64,56.47
"WANorth","Carnarvon",113.703742980957,-23.5669136047363,0.32,1.65,2.9,109.98,59.46,252.96,4.49,3.61,6.14
"QLDNorth","Gladstone",150.956024169922,-23.5482921600342,0.32,3.41,4.02,63.5,36.69,133.79,10.75,7.75,16.88
"QLDNorth","Gladstone",151.234588623047,-23.5500907897949,0.32,3.03,3.65,70.66,40.06,153.22,12.66,8.9,20.64
"WANorth","Carnarvon",113.761253356934,-23.5080471038818,0.32,1.65,2.65,112.71,60.76,260.23,5.92,4.6,8.43
"QLDNorth","Gladstone",150.974456787109,-23.4952774047852,0.32,3.41,4.02,61.17,35.41,128.78,10.62,7.67,16.65
"QLDNorth","Gladstone",151.209365844727,-23.5071468353271,0.32,3.4,3.82,73.56,41.45,160.82,16.85,11.46,28.65
"WANorth","Carnarvon",113.772033691406,-23.4601707458496,0.32,1.65,2.54,120.87,64.68,281.64,9.19,6.72,14.21
"QLDNorth","Livingstone",150.843444824219,-23.4517154693604,0.32,3.44,3.7,44.78,26.92,89.71,18.14,12.28,30.97
"QLDNorth","Gladstone",150.974609375,-23.4806785583496,0.32,3.41,4.07,60.7,35.13,127.96,9.25,6.78,14.25
"QLDNorth","Gladstone",151.099014282227,-23.4751281738281,0.32,3.41,3.7,65.02,37.29,138.72,20.82,13.83,36.47
"QLDNorth","Gladstone",151.132568359375,-23.4932537078857,0.32,3.4,3.91,66.91,38.19,143.8,12.8,9.03,20.68
"WANorth","Carnarvon",113.771347045898,-23.3920345306396,0.32,2.04,3.24,126.61,67.48,296.35,7.77,5.83,11.56
"QLDNorth","Livingstone",150.832336425781,-23.4267768859863,0.32,3.44,3.7,44.19,26.62,88.26,18.04,12.22,30.76
"QLDNorth","Gladstone",151.013870239258,-23.4507179260254,0.32,3.41,3.73,61.94,35.75,131.05,18.02,12.19,30.78
"QLDNorth","Gladstone",151.050552368164,-23.4423084259033,0.32,3.41,3.74,62.95,36.24,133.66,17.56,11.93,29.78
"WANorth","Carnarvon",113.773536682129,-23.3757648468018,0.32,2.04,3.24,125.65,67.09,293.19,7.51,5.67,11.09
"QLDNorth","Livingstone",150.804550170898,-23.3733062744141,0.32,3.28,3.54,42.23,25.58,83.79,17.48,11.88,29.67
"WANorth","Carnarvon",113.783485412598,-23.3198261260986,0.32,2.04,3.27,120.4,64.51,279.94,8.23,6.15,12.31
"QLDNorth","Livingstone",150.836380004883,-23.2843856811523,0.32,3.28,3.99,42.43,25.74,83.91,8.4,6.29,12.5
"WANorth","Carnarvon",113.776527404785,-23.2587833404541,0.32,2.04,3.43,123.6,66.04,288.42,7.83,5.89,11.6
"QLDNorth","Livingstone",150.83283996582,-23.2611503601074,0.32,3.29,4,40.71,24.86,79.73,8.31,6.23,12.35
"WANorth","Carnarvon",113.767364501953,-23.2190113067627,0.32,2.04,3.23,122.86,65.65,286.78,9.47,6.94,14.55
"QLDNorth","Livingstone",150.821975708008,-23.2208461761475,0.32,3.29,3.89,38.79,23.88,75.08,9.15,6.82,13.65
"WANorth","Carnarvon",113.757820129395,-23.1649322509766,0.32,2.04,3.27,121.44,64.71,285.05,9.14,6.72,14
"QLDNorth","Livingstone",150.802597045898,-23.1794948577881,0.32,3.3,4.05,35.24,21.99,66.92,8.53,6.34,12.83
"WANorth","Carnarvon",113.759071350098,-23.1218738555908,0.32,2.04,3.02,119.48,63.85,279.31,12.76,8.97,20.79
"WANorth","Carnarvon",113.759391784668,-23.1155128479004,0.32,2.04,2.98,117.63,63.07,273.54,14.13,9.77,23.58
"QLDNorth","Livingstone",150.776229858398,-23.0662536621094,0.32,3.31,3.59,34.56,21.65,65.21,15.26,10.62,25
"WANorth","Carnarvon",113.822196960449,-23.0233879089355,0.32,2.05,3.47,107.73,57.95,250.44,6.4,4.93,9.21
"QLDNorth","Livingstone",150.778533935547,-23.0282688140869,0.32,3.3,3.59,37.03,22.98,70.8,15.72,10.89,25.95
"WANorth","Carnarvon",113.818969726562,-22.9798755645752,0.32,2.05,3.55,108.66,58.15,254.92,7.2,5.46,10.57
"QLDNorth","Livingstone",150.783172607422,-22.9765396118164,0.32,3.29,3.59,38.44,23.78,73.8,16.21,11.19,26.85
"WANorth","Exmouth",113.79313659668,-22.888729095459,0.32,2.05,3.2,107.07,57.38,250.7,11.63,8.32,18.45
"QLDNorth","Livingstone",150.801406860352,-22.9300155639648,0.32,3.28,3.6,43.02,26.21,84.3,16.49,11.36,27.38
"WANorth","Exmouth",113.785163879395,-22.8669662475586,0.32,2.05,3.21,103.15,55.45,240.74,11.96,8.51,19.12
"QLDNorth","Livingstone",150.796310424805,-22.8725109100342,0.32,3.29,3.74,40.84,25.05,79.32,12.16,8.75,18.98
"WANorth","Exmouth",113.774269104004,-22.8148746490479,0.32,2.05,3.45,100.65,54.12,235.18,10.97,7.87,17.35
"QLDNorth","Livingstone",150.8115234375,-22.820463180542,0.32,3.28,3.75,42.17,25.76,82.31,12.16,8.77,18.94
"WANorth","Exmouth",113.681175231934,-22.7242183685303,0.32,2.05,3.35,100.19,53.97,233.42,11.88,8.47,18.93
"QLDNorth","Livingstone",150.817886352539,-22.7990493774414,0.32,3.28,4.02,45.88,27.73,90.87,8.23,6.25,11.96
"QLDNorth","Livingstone",150.825561523438,-22.7294273376465,0.32,3.27,3.97,48.56,29.15,97.06,8.83,6.66,12.9
"WANorth","Exmouth",113.668655395508,-22.6922779083252,0.32,2.05,3.36,104.55,56.11,244.6,11.34,8.15,17.87
"QLDNorth","Livingstone",150.842880249023,-22.6821880340576,0.32,3.25,3.77,63.2,36.59,132.72,12.55,8.99,19.77
"WANorth","Exmouth",113.664154052734,-22.6289138793945,0.32,2.05,3.44,100.49,54.26,233.05,7.09,5.38,10.42
"QLDNorth","Livingstone",150.809143066406,-22.6473770141602,0.32,3.26,3.59,52.71,31.27,107.06,18.22,12.38,30.84
"WANorth","Exmouth",113.648719787598,-22.5804042816162,0.32,2.05,3.24,103.73,56.23,238.34,7.75,5.8,11.61
"QLDNorth","Livingstone",150.785873413086,-22.5828475952148,0.32,3.26,3.62,53.07,31.42,108.21,16.57,11.42,27.5
"WANorth","Exmouth",113.655250549316,-22.5566005706787,0.32,2.05,3.28,97.92,53.43,223.04,8.02,5.98,12.08
"QLDNorth","Livingstone",150.481338500977,-22.5306873321533,0.32,3.31,3.56,32.34,20.28,61.23,14.83,10.3,24.42
"QLDNorth","Livingstone",150.518493652344,-22.543851852417,0.32,3.31,3.56,33.02,20.63,62.85,15.09,10.45,24.98
"QLDNorth","Livingstone",150.789123535156,-22.5385704040527,0.32,3.26,3.71,56.96,33.35,117.96,14.11,9.97,22.63
"WANorth","Exmouth",113.706253051758,-22.4973945617676,0.32,2.05,3.45,97.81,53.15,224.59,5.57,4.34,7.91
"WANorth","Exmouth",114.213005065918,-22.48708152771,0.32,2.34,3.43,11.19,7.89,18.33,2.98,2.54,3.71
"QLDNorth","Livingstone",150.419281005859,-22.4931488037109,0.32,3.31,3.49,32.96,20.64,62.47,17.17,11.73,28.91
"QLDNorth","Livingstone",150.547119140625,-22.4826602935791,0.32,3.32,3.56,31.65,19.91,59.66,14.71,10.23,24.19
"QLDNorth","Livingstone",150.758605957031,-22.4766330718994,0.32,3.26,3.92,55.64,32.58,115.4,9.23,6.91,13.64
"WANorth","Exmouth",113.735389709473,-22.4571781158447,0.32,2.07,3.43,82.02,45.42,183.99,5.29,4.15,7.45
"WANorth","Exmouth",114.224952697754,-22.4546546936035,0.32,2.31,3.28,12.78,8.84,21.47,3.27,2.76,4.15
"QLDNorth","Livingstone",150.359985351562,-22.4498634338379,0.32,3.31,3.65,32.88,20.6,62.26,11.7,8.39,18.47
"QLDNorth","Livingstone",150.528945922852,-22.4351024627686,0.32,3.31,3.56,33.23,20.77,63.17,14.81,10.28,24.44
"QLDNorth","Livingstone",150.767425537109,-22.4484996795654,0.32,3.25,3.9,57.09,33.26,119.38,9.77,7.26,14.59
"WANorth","Exmouth",113.743804931641,-22.4039268493652,0.32,2.06,3.44,89.83,49.46,202.41,5.21,4.09,7.34
"WANorth","Exmouth",114.187675476074,-22.4033355712891,0.32,2.27,3.34,15.42,10.42,26.73,3.2,2.71,4.04
"WANorth","Exmouth",114.276000976562,-22.4289703369141,0.32,2.29,3.26,13.63,9.34,23.21,3.33,2.8,4.25
"WANorth","Exmouth",114.305541992188,-22.4293174743652,0.32,2.3,3.27,13.14,9.05,22.21,3.31,2.79,4.22
"WANorth","Exmouth",114.374900817871,-22.3959865570068,0.32,2.28,3.34,14.85,10.04,25.78,3.2,2.71,4.05
"QLDNorth","Livingstone",149.840850830078,-22.4018707275391,0.32,3.46,3.77,13.47,9.57,21.4,7.79,5.92,11.34
"QLDNorth","Livingstone",149.919509887695,-22.381275177002,0.32,3.46,3.77,13.43,9.56,21.31,7.97,6.04,11.62
"QLDNorth","Livingstone",150.33137512207,-22.4234485626221,0.32,3.31,3.47,32.45,20.37,61.31,17.95,12.19,30.43
"QLDNorth","Livingstone",150.507949829102,-22.3832931518555,0.32,3.31,3.57,34.48,21.46,65.9,14.99,10.37,24.87
"QLDNorth","Livingstone",150.744201660156,-22.4067668914795,0.32,3.25,4.6,59.5,34.38,125.9,5.49,4.35,7.58
"WANorth","Exmouth",113.773399353027,-22.3664436340332,0.32,2.06,3.29,82.53,45.78,184.45,5.66,4.38,8.12
"WANorth","Exmouth",114.185302734375,-22.3393878936768,0.32,2.24,3.23,18.21,12.05,32.42,3.49,2.92,4.48
"WANorth","Exmouth",114.399909973145,-22.360279083252,0.32,2.25,3.31,16.68,11.08,29.7,3.29,2.77,4.18
"QLDNorth","Isaac",149.685317993164,-22.3411979675293,0.32,4.39,4.76,17.24,11.69,29.45,7.74,5.86,11.34
"QLDNorth","Livingstone",149.908767700195,-22.347017288208,0.32,3.43,3.77,15.38,10.68,25.27,7.8,5.93,11.32
"QLDNorth","Livingstone",150.267608642578,-22.3510284423828,0.32,3.32,3.51,31.73,19.99,59.61,15.13,10.53,24.8
"QLDNorth","Livingstone",150.275543212891,-22.3539543151855,0.32,3.32,3.5,31.57,19.9,59.27,15.82,10.95,26.15
"QLDNorth","Livingstone",150.4775390625,-22.3421993255615,0.32,3.31,3.51,33.82,21.13,64.29,15.93,11.02,26.32
"QLDNorth","Livingstone",150.672607421875,-22.3479309082031,0.32,3.26,3.66,51.82,30.53,106.77,15.17,10.57,24.79
"WANorth","Exmouth",113.81721496582,-22.2944831848145,0.32,2.07,3.8,79.77,44.46,177.12,3.83,3.14,5.07
"WANorth","Exmouth",114.16007232666,-22.2972526550293,0.32,2.22,3.2,20.29,13.26,36.68,3.59,2.99,4.63
"WANorth","Exmouth",114.423095703125,-22.2974071502686,0.32,2.22,3.27,19.75,12.79,36.44,3.41,2.86,4.36
"QLDNorth","Isaac",149.629516601562,-22.2910251617432,0.32,4.4,4.87,15.94,10.92,26.82,6.61,5.11,9.41
"QLDNorth","Livingstone",149.909851074219,-22.3037395477295,0.32,4.39,4.74,17.44,11.83,29.68,8.07,6.1,11.86
"QLDNorth","Livingstone",150.209350585938,-22.3132019042969,0.32,3.32,3.87,30.31,19.22,56.42,8.35,6.26,12.38
"QLDNorth","Livingstone",150.420547485352,-22.2935523986816,0.32,3.31,3.53,34.49,21.5,65.72,15.05,10.46,24.76
"QLDNorth","Livingstone",150.563858032227,-22.2944946289062,0.32,3.28,4.01,42.24,25.65,83.36,7.8,5.95,11.25
"QLDNorth","Livingstone",150.624313354492,-22.3247718811035,0.32,3.28,3.53,45.61,27.38,91.49,18.73,12.7,31.8
"WANorth","Exmouth",113.828514099121,-22.2524871826172,0.32,2.07,3.76,82.42,45.85,183.21,4.19,3.4,5.63
"WANorth","Exmouth",114.139190673828,-22.259407043457,0.32,2.21,2.88,21.99,14.25,40.19,4.81,3.84,6.59
"WANorth","Ashburton",114.440048217773,-22.2445259094238,0.32,2.2,3.23,22.65,14.43,42.67,3.54,2.95,4.57
"QLDNorth","Isaac",149.585418701172,-22.2349853515625,0.32,4.41,4.86,15.17,10.49,25.15,6.91,5.31,9.96
"QLDNorth","Livingstone",149.88264465332,-22.2331867218018,0.32,4.38,4.73,17.8,12.04,30.46,8.31,6.23,12.36
"QLDNorth","Livingstone",150.259246826172,-22.2268581390381,0.32,3.32,3.82,30.83,19.53,57.42,9.12,6.74,13.81
"QLDNorth","Livingstone",150.429077148438,-22.24778175354,0.32,3.31,3.48,34.3,21.56,64.4,18.48,12.46,31.72
"QLDNorth","Livingstone",150.539779663086,-22.2625122070312,0.32,3.29,3.93,41.21,25.12,80.93,8.47,6.41,12.36
"WANorth","Exmouth",113.84489440918,-22.2057456970215,0.32,2.06,3.69,82.99,46.26,183.75,4.71,3.76,6.48
"WANorth","Exmouth",114.094535827637,-22.2017135620117,0.32,2.19,3.05,24.58,15.77,45.43,4.13,3.38,5.47
"WANorth","Ashburton",114.451126098633,-22.2074108123779,0.32,2.2,3.25,23.77,15.03,45.3,3.54,2.95,4.57
"QLDNorth","Isaac",149.570358276367,-22.2017345428467,0.32,4.42,4.88,14.76,10.26,24.3,6.73,5.18,9.64
"QLDNorth","Livingstone",149.860214233398,-22.1910495758057,0.32,4.41,4.77,15.34,10.62,25.37,7.51,5.71,10.93
"QLDNorth","Livingstone",150.111770629883,-22.2227210998535,0.32,3.34,3.89,27.51,17.67,50.3,7.19,5.56,10.16
"QLDNorth","Livingstone",150.477203369141,-22.2052268981934,0.32,3.29,3.89,39.14,24.14,75.47,9.59,7.04,14.67
"QLDNorth","Livingstone",150.508102416992,-22.2125854492188,0.32,3.29,4.25,41.44,25.28,81.21,5.99,4.73,8.25
"WANorth","Exmouth",113.860366821289,-22.1519222259521,0.32,2.06,3.61,91.39,50.6,203.58,4.77,3.79,6.61
"WANorth","Exmouth",114.088935852051,-22.1467437744141,0.32,2.17,3.04,28.37,17.92,53.48,4.31,3.51,5.73
"WANorth","Ashburton",114.473571777344,-22.1524887084961,0.32,2.2,3.27,23.38,14.86,44.16,3.52,2.93,4.56
"QLDNorth","Livingstone",149.845794677734,-22.1490898132324,0.32,4.41,4.77,15.61,10.82,25.71,7.74,5.86,11.33
"QLDNorth","Livingstone",150.084350585938,-22.1551055908203,0.32,4.33,5.67,25.83,16.75,46.59,4.3,3.53,5.6
"WANorth","Exmouth",113.880325317383,-22.1101894378662,0.32,2.07,3.8,75.75,42.56,166.26,4.43,3.57,6.03
"WANorth","Ashburton",114.487449645996,-22.1168785095215,0.32,2.18,3.23,27.47,17.08,53.49,3.67,3.04,4.8
"QLDNorth","Isaac",149.580337524414,-22.1141452789307,0.32,4.41,4.89,15.56,10.78,25.72,7,5.35,10.15
"QLDNorth","Livingstone",149.869140625,-22.1042213439941,0.32,4.37,4.59,18.89,12.76,32.25,11.18,8.09,17.4
"QLDNorth","Livingstone",149.999053955078,-22.1032848358154,0.32,4.37,5,19.92,13.46,33.85,7.29,5.6,10.42
"QLDNorth","Livingstone",150.043960571289,-22.1081066131592,0.32,4.33,4.99,24.39,15.96,43.44,7.22,5.59,10.21
"WANorth","Exmouth",113.901153564453,-22.0508842468262,0.32,2.07,4.15,81.37,45.52,179.17,3.82,3.14,5.04
"WANorth","Exmouth",114.119369506836,-22.0527305603027,0.32,2.15,3,34.18,21.12,66.24,4.67,3.77,6.29
"WANorth","Ashburton",114.524040222168,-22.0527877807617,0.32,2.16,3.19,30.86,18.92,61.23,3.87,3.17,5.12
"QLDNorth","Isaac",149.526382446289,-22.0507965087891,0.32,4.4,5.04,16.45,11.3,27.48,6,4.68,8.49
"QLDNorth","Livingstone",149.895233154297,-22.0504837036133,0.32,4.36,4.62,21.03,13.98,36.73,11.79,8.49,18.44
"QLDNorth","Livingstone",149.968475341797,-22.0432682037354,0.32,4.35,5.01,21.61,14.42,37.41,7.05,5.44,10.01
"WANorth","Exmouth",113.920783996582,-22.0038871765137,0.32,2.07,3.55,73.12,41.35,158.9,4.82,3.83,6.68
"WANorth","Exmouth",114.133293151855,-22.0002117156982,0.32,2.14,3.19,36.38,22.31,71.23,4.04,3.33,5.29
"QLDNorth","Isaac",149.515625,-22.0066356658936,0.32,4.39,4.71,17.35,11.86,29.12,8.78,6.54,13.15
"WANorth","Exmouth",113.929954528809,-21.9716148376465,0.32,2.07,3.39,76.96,43.33,168.02,5.49,4.27,7.81
"WANorth","Ashburton",114.576477050781,-21.9789524078369,0.32,2.19,3.24,25.12,15.86,47.81,3.64,3.01,4.76
"QLDNorth","Isaac",149.488876342773,-21.957181930542,0.32,4.38,4.71,17.93,12.19,30.33,8.85,6.61,13.2
"WANorth","Exmouth",113.963989257812,-21.9190444946289,0.32,2.08,3.52,72.2,40.93,156.32,4.35,3.49,5.96
"WANorth","Exmouth",114.149383544922,-21.9102783203125,0.32,2.13,3.01,40.86,24.72,81.41,4.88,3.92,6.59
"WANorth","Ashburton",114.639312744141,-21.9034576416016,0.32,2.17,2.81,29.26,18.15,56.93,5.67,4.39,8.15
"QLDNorth","Isaac",149.473205566406,-21.9128932952881,0.32,4.39,4.94,17.56,11.98,29.56,6.7,5.17,9.54
"WANorth","Exmouth",113.988929748535,-21.8793773651123,0.32,2.07,3.63,74.73,42.35,161.49,3.42,2.85,4.45
"WANorth","Exmouth",114.161590576172,-21.857177734375,0.32,2.12,3.34,44.48,26.6,90.04,3.86,3.21,5
"WANorth","Ashburton",114.639007568359,-21.8556880950928,0.32,2.15,2.77,32.47,19.98,63.71,6.1,4.67,8.89
"QLDNorth","Isaac",149.497985839844,-21.8373069763184,0.32,4.38,5.35,18.04,12.26,30.57,4.58,3.73,6.09
"WANorth","Exmouth",114.026725769043,-21.8443050384521,0.32,2.07,3.64,79.99,45.27,172.57,3.19,2.69,4.08
"WANorth","Exmouth",114.072372436523,-21.8131542205811,0.32,2.07,4.1,80.91,45.83,174.16,2.61,2.26,3.18
"WANorth","Exmouth",114.106651306152,-21.8011608123779,0.32,2.08,4.04,70.61,40.67,148.72,2.58,2.25,3.14
"WANorth","Ashburton",114.694152832031,-21.8100566864014,0.32,2.17,3.81,29.3,18.29,56.32,2.7,2.33,3.32
"WANorth","Ashburton",114.732940673828,-21.7966442108154,0.32,2.19,3.85,26.01,16.45,49.2,2.63,2.28,3.21
"QLDNorth","Isaac",149.49885559082,-21.8184833526611,0.32,4.38,5.36,18.03,12.25,30.54,4.55,3.71,6.03
"WANorth","Ashburton",114.803909301758,-21.7612190246582,0.32,2.18,3.72,28.45,17.79,54.67,2.78,2.39,3.45
"WANorth","Ashburton",114.852874755859,-21.73219871521,0.32,2.17,3.51,30.72,18.99,59.99,3.1,2.62,3.92
"WANorth","Ashburton",114.893501281738,-21.7101440429688,0.32,2.17,3.52,30.81,18.98,60.56,3.07,2.61,3.89
"QLDNorth","Isaac",149.473403930664,-21.7105274200439,0.32,4.37,5.13,19.7,13.24,33.86,5.98,4.68,8.4
"WANorth","Ashburton",114.962005615234,-21.6720962524414,0.32,2.15,3.61,36.38,21.89,73.86,2.94,2.51,3.69
"WANorth","Ashburton",114.987686157227,-21.6752738952637,0.32,2.16,2.95,33.34,20.23,67.05,4.94,3.91,6.87
"WANorth","Ashburton",115.063972473145,-21.6700992584229,0.32,2.16,3.13,31.85,19.42,63.67,4.12,3.35,5.52
"QLDNorth","Mackay",149.501937866211,-21.6074867248535,0.32,4.37,4.72,19.45,13.13,33.2,9.76,7.17,14.93
"WANorth","Ashburton",115.10912322998,-21.6282291412354,0.32,2.15,3.09,34.61,20.88,70.19,4.3,3.47,5.81
"WANorth","Ashburton",115.226104736328,-21.5682563781738,0.32,2.14,2.58,39.56,23.45,82.15,8.9,6.44,14.12
"WANorth","Ashburton",115.250549316406,-21.56858253479,0.32,2.16,3.03,32.93,19.92,66.7,4.57,3.66,6.28
"WANorth","Ashburton",115.32438659668,-21.5746021270752,0.32,2.16,2.73,31.16,18.96,62.66,6.48,4.91,9.63
"WANorth","Ashburton",115.359649658203,-21.5610389709473,0.32,2.17,2.73,30.28,18.51,60.46,6.5,4.92,9.68
"QLDNorth","Mackay",149.420806884766,-21.5454864501953,0.32,4.39,5.16,17.03,11.76,28.1,5.82,4.57,8.12
"QLDNorth","Mackay",149.487106323242,-21.5661678314209,0.32,4.38,4.72,18.38,12.53,30.94,9.82,7.21,15
"WANorth","Ashburton",115.47191619873,-21.51194190979,0.32,2.15,3.13,35.07,21.09,71.48,4.74,3.79,6.48
"QLDNorth","Mackay",149.368225097656,-21.5004806518555,0.32,4.41,4.56,15.6,10.88,25.41,12.22,8.73,19.35
"WANorth","Ashburton",115.511497497559,-21.4501342773438,0.32,2.14,3.01,37.64,22.45,77.52,5.33,4.13,7.7
"QLDNorth","Mackay",149.29914855957,-21.4694633483887,0.32,4.4,4.55,16.38,11.36,26.87,12.6,8.97,20.03
"WANorth","Karratha",115.55899810791,-21.4032878875732,0.32,2.13,2.46,42.62,25.05,89.45,12.07,8.33,20.5
"QLDNorth","Mackay",149.340362548828,-21.4251403808594,0.32,4.4,4.87,16,11.14,26.09,7.32,5.59,10.57
"WANorth","Karratha",115.591316223145,-21.3698673248291,0.32,2.12,2.42,46.32,26.92,98.75,13.81,9.36,24
"QLDNorth","Mackay",149.318893432617,-21.3723621368408,0.32,4.41,4.62,15.83,11.04,25.78,10.68,7.77,16.47
"WANorth","Karratha",115.636985778809,-21.3276233673096,0.32,2.12,2.47,46.85,27.28,99.41,12.41,8.54,21.11
"QLDNorth","Mackay",149.32356262207,-21.3195629119873,0.32,4.41,4.59,15.79,11.04,25.61,11.31,8.18,17.58
"WANorth","Karratha",115.699020385742,-21.2780055999756,0.32,2.12,2.43,45.91,26.87,96.57,13.94,9.49,23.96
"WANorth","Karratha",115.73405456543,-21.2697048187256,0.32,2.15,2.44,36.06,21.78,72.72,12.62,8.72,21.3
"WANorth","Karratha",115.788192749023,-21.262508392334,0.32,2.2,2.4,23.64,15.2,43.62,13.72,9.41,23.27
"QLDNorth","Mackay",149.262390136719,-21.2634410858154,0.32,4.41,4.8,15.58,10.9,25.25,7.96,6.01,11.7
"WANorth","Karratha",115.833740234375,-21.2164745330811,0.32,2.16,2.33,32.93,20.22,64.77,18.41,12.13,33.07
"WANorth","Karratha",115.851295471191,-21.1703968048096,0.32,2.13,3.13,41.71,24.77,85.98,4.59,3.67,6.3
"QLDNorth","Mackay",149.202774047852,-21.1665744781494,0.32,4.26,4.94,14.35,10.13,23.02,5.62,4.43,7.81
"WANorth","Karratha",115.883941650391,-21.1121234893799,0.32,2.12,3.12,45.29,26.75,93.76,4.74,3.77,6.56
"WANorth","Karratha",115.945236206055,-21.0636043548584,0.32,2.13,2.72,42.94,25.52,88.2,7.2,5.36,10.95
"QLDNorth","Mackay",149.23371887207,-21.0691242218018,0.32,4.24,5.01,15.97,11.15,25.93,5.43,4.3,7.49
"WANorth","Karratha",116.00074005127,-21.0321044921875,0.32,2.13,2.72,41.71,24.89,85.12,7.21,5.37,10.95
"WANorth","Karratha",116.048873901367,-21.0148506164551,0.32,2.13,2.42,42.57,25.42,86.68,13.6,9.21,23.72
"QLDNorth","Mackay",149.189743041992,-21.0312118530273,0.32,4.24,4.7,16.34,11.36,26.73,7.34,5.6,10.62
"WANorth","Karratha",116.110061645508,-20.9945011138916,0.32,2.12,2.36,44.39,26.42,90.71,16.67,11,30.06
"WANorth","Karratha",116.153228759766,-20.9728336334229,0.32,2.11,2.32,52.99,30.85,111.49,18.98,12.37,34.71
"QLDNorth","Mackay",149.048797607422,-20.9769611358643,0.32,4.24,5.19,16.11,11.21,26.33,4.78,3.85,6.44
"QLDNorth","Mackay",149.100326538086,-20.9781055450439,0.32,4.23,4.89,16.61,11.52,27.28,5.95,4.67,8.32
"QLDNorth","Mackay",149.155029296875,-20.9785442352295,0.32,4.23,4.54,16.79,11.63,27.59,9.68,7.12,14.74
"WANorth","Karratha",116.15380859375,-20.929069519043,0.32,2.11,2.93,48.98,28.81,101.61,4.96,3.91,6.97
"QLDNorth","Mackay",149.051864624023,-20.9236888885498,0.32,4.24,4.45,16.27,11.31,26.6,11.06,8.01,17.2
"WANorth","Ashburton",115.397163391113,-20.8932819366455,0.32,2.14,2.45,36.93,22.53,72.94,13.27,9.1,22.6
"WANorth","Karratha",116.189353942871,-20.8822536468506,0.32,2.1,3.19,56.9,32.97,120.14,3.88,3.17,5.16
"QLDNorth","Mackay",148.945083618164,-20.8749885559082,0.32,4.23,4.47,17.2,11.82,28.63,10.34,7.51,16.02
"QLDNorth","Mackay",148.993865966797,-20.8916931152344,0.32,4.23,4.69,17.2,11.84,28.53,7.63,5.77,11.24
"WANorth","Karratha",116.207725524902,-20.8317775726318,0.32,2.13,3.56,42.54,25.49,86.02,3.01,2.55,3.8
"WANorth","Karratha",116.338638305664,-20.8400115966797,0.32,2.14,2.9,39.14,23.67,78.27,4.99,3.92,7.01
"WANorth","Karratha",116.370178222656,-20.8314571380615,0.32,2.14,2.9,38.86,23.49,77.8,4.98,3.92,7
"WANorth","Karratha",116.419342041016,-20.82692527771,0.32,2.14,2.35,38.91,23.57,77.62,15.48,10.4,27.12
"QLDNorth","Mackay",148.842803955078,-20.8253059387207,0.32,4.24,4.65,15.94,11.05,26.24,7.48,5.67,10.97
"WANorth","Ashburton",115.300354003906,-20.7760372161865,0.32,2.05,4.16,105.13,56.98,241.37,2.85,2.44,3.55
"WANorth","Ashburton",115.487831115723,-20.7847900390625,0.32,2.23,2.84,19.79,12.83,36.44,5.58,4.32,8.04
"WANorth","Karratha",116.49250793457,-20.7913150787354,0.32,2.1,2.31,54.47,31.78,113.88,19.11,12.5,34.68
"QLDNorth","Mackay",148.845092773438,-20.78391456604,0.32,4.24,4.65,16.18,11.18,26.74,7.44,5.64,10.89
"WANorth","Ashburton",115.352661132812,-20.7395095825195,0.32,2.06,3.43,97.02,52.95,221.07,4.21,3.4,5.7
"WANorth","Ashburton",115.492980957031,-20.7369003295898,0.32,2.32,4.14,12.54,8.61,21.37,2.48,2.17,2.99
"WANorth","Karratha",116.54035949707,-20.746467590332,0.32,2.11,2.27,54.06,31.81,111.32,25.32,16.03,47.94
"QLDNorth","Mackay",148.822952270508,-20.7695465087891,0.32,3.21,3.62,16.28,11.24,26.96,7.43,5.64,10.88
"WANorth","Karratha",116.580741882324,-20.6878547668457,0.32,2.1,2.56,55.99,32.77,116.15,9.67,6.96,15.4
"WANorth","Karratha",116.834449768066,-20.7047786712646,0.32,4.39,5.64,8.91,6.45,14.1,2.66,2.3,3.28
"WANorth","Karratha",116.889343261719,-20.715892791748,0.32,4.36,5.59,10.15,7.23,16.39,2.75,2.36,3.4
"WANorth","Karratha",117.254760742188,-20.7014217376709,0.32,4.27,5.06,14.38,9.76,24.83,3.82,3.12,5.11
"WANorth","Karratha",117.30729675293,-20.723934173584,0.32,4.26,4.43,15.41,10.38,26.89,9.24,6.64,14.78
"WANorth","Karratha",117.371124267578,-20.7290821075439,0.32,4.24,4.53,16.62,11.09,29.33,7.81,5.75,12.11
"WANorth","Karratha",117.407180786133,-20.7229251861572,0.32,4.24,4.39,17.37,11.53,30.84,10.76,7.58,17.66
"WANorth","Karratha",117.478233337402,-20.7161254882812,0.32,4.22,4.56,18.76,12.31,33.88,7.66,5.65,11.82
"WANorth","Karratha",117.53833770752,-20.70654296875,0.32,4.22,4.73,19.35,12.63,35.24,5.76,4.43,8.38
"WANorth","Karratha",117.576545715332,-20.6753768920898,0.32,4.21,5.84,19.7,12.85,35.88,2.54,2.21,3.09
"QLDNorth","Mackay",148.733520507812,-20.6849021911621,0.32,3.23,3.49,14.43,10.08,23.58,8.42,6.28,12.64
"QLDNorth","Mackay",148.759948730469,-20.7212963104248,0.32,3.22,3.58,15.1,10.5,24.8,7.59,5.74,11.17
"WANorth","Karratha",116.56339263916,-20.6260738372803,0.32,2.1,2.97,55.01,32.31,113.52,5.04,3.97,7.08
"WANorth","Karratha",116.816337585449,-20.6157131195068,0.32,4.39,5.4,9,6.5,14.26,2.99,2.54,3.79
"WANorth","Karratha",117.007186889648,-20.6498851776123,0.32,4.29,5.22,13.14,9.06,22.2,3.41,2.84,4.45
"WANorth","Karratha",117.050231933594,-20.6246738433838,0.32,4.27,5.19,14.65,9.95,25.22,3.51,2.91,4.6
"WANorth","Karratha",117.200706481934,-20.6297302246094,0.32,4.26,5.06,15.17,10.22,26.45,3.87,3.16,5.19
"WANorth","Karratha",117.641456604004,-20.6586017608643,0.32,4.22,4.35,18.89,12.42,34.01,12.96,8.9,22.07
"QLDNorth","Mackay",148.729705810547,-20.6312599182129,0.32,3.24,3.32,14.04,9.82,22.92,11.36,8.15,17.95
"WANorth","Karratha",116.63346862793,-20.5624713897705,0.32,2.15,3.27,36.54,22.42,71.45,3.62,2.99,4.77
"WANorth","Karratha",116.853927612305,-20.5505542755127,0.32,4.35,5.39,10.23,7.27,16.57,3.05,2.58,3.87
"WANorth","Karratha",117.088943481445,-20.6125068664551,0.32,4.25,4.97,15.95,10.71,27.89,4.24,3.41,5.79
"WANorth","Karratha",117.70694732666,-20.609338760376,0.32,4.22,5.79,19.37,12.73,34.81,2.64,2.28,3.24
"WANorth","Karratha",117.731239318848,-20.6048641204834,0.32,4.24,5.85,17.18,11.43,30.4,2.55,2.22,3.11
"WANorth","Port Hedland",117.788162231445,-20.5817928314209,0.32,4.24,5.4,16.86,11.29,29.5,3.18,2.68,4.07
"WANorth","Port Hedland",117.855735778809,-20.5904445648193,0.32,4.24,4.89,17.06,11.44,29.75,4.99,3.92,7.05
"QLDNorth","Whitsunday",148.675888061523,-20.5708465576172,0.32,3.26,3.46,12.61,8.92,20.29,8.37,6.24,12.55
"QLDNorth","Whitsunday",148.85710144043,-20.5329475402832,0.32,3.22,3.86,15.14,10.48,25.09,5.14,4.12,6.95
"QLDNorth","Whitsunday",148.89958190918,-20.547945022583,0.32,3.19,4,17.47,11.91,29.49,4.6,3.74,6.11
"WANorth","Karratha",116.695823669434,-20.5156555175781,0.32,4.17,5.4,27.35,17.31,51.44,3.09,2.61,3.92
"WANorth","Karratha",116.8779296875,-20.5187358856201,0.32,4.34,5.55,10.7,7.57,17.43,2.81,2.41,3.5
"WANorth","Port Hedland",117.895408630371,-20.5413818359375,0.32,4.24,4.35,17.31,11.57,30.39,12.8,8.8,21.78
"QLDNorth","Whitsunday",148.694717407227,-20.5426292419434,0.32,3.26,3.46,12.71,8.98,20.5,8.43,6.28,12.66
"QLDNorth","Whitsunday",148.712020874023,-20.5181045532227,0.32,3.26,3.46,12.62,8.92,20.37,8.35,6.22,12.53
"QLDNorth","Whitsunday",148.81755065918,-20.5104503631592,0.32,3.24,4.09,13.84,9.68,22.64,4.24,3.49,5.57
"QLDNorth","Whitsunday",148.934631347656,-20.5306968688965,0.32,3.15,4.01,22.05,14.62,38.59,4.86,3.91,6.53
"WANorth","Karratha",116.779930114746,-20.5041923522949,0.32,4.15,4.97,31.47,19.65,60.16,4.44,3.55,6.11
"WANorth","Karratha",116.891662597656,-20.4834842681885,0.32,4.32,5.32,11.42,8,18.86,3.19,2.68,4.09
"WANorth","Port Hedland",117.913688659668,-20.4775104522705,0.32,4.22,5.37,19.19,12.66,34.26,3.3,2.76,4.25
"QLDNorth","Whitsunday",148.913909912109,-20.4831104278564,0.32,3.17,4.61,19.42,13.06,33.37,3.27,2.77,4.11
"WANorth","Karratha",116.801399230957,-20.432638168335,0.32,4.13,5.28,37.36,22.9,73.05,3.49,2.9,4.56
"WANorth","Karratha",116.898109436035,-20.4479827880859,0.32,4.29,4.98,12.95,8.93,21.84,4.14,3.34,5.63
"WANorth","Port Hedland",117.92943572998,-20.4624061584473,0.32,4.23,5.4,17.57,11.69,31.05,3.21,2.7,4.12
"WANorth","Port Hedland",118.020324707031,-20.4503135681152,0.32,4.26,5.45,15.48,10.44,26.89,3.09,2.61,3.93
"QLDNorth","Whitsunday",148.889389038086,-20.4597663879395,0.32,3.16,4.23,21.85,14.47,38.36,3.92,3.25,5.06
"WANorth","Port Hedland",118.058555603027,-20.4135265350342,0.32,4.26,5.45,15.53,10.49,26.88,3.08,2.61,3.92
"QLDNorth","Whitsunday",148.895095825195,-20.3785915374756,0.32,3.15,3.71,23.39,15.37,41.43,6.5,5.03,9.25
"QLDNorth","Whitsunday",148.952117919922,-20.3802852630615,0.32,3.15,4.01,22.35,14.78,39.31,4.72,3.81,6.33
"QLDNorth","Mackay",149.021896362305,-20.3936939239502,0.32,3.16,3.77,21.74,14.45,37.94,5.9,4.58,8.4
"WANorth","Port Hedland",118.129188537598,-20.370532989502,0.32,4.25,5.37,15.89,10.73,27.5,3.29,2.75,4.23
"WANorth","Port Hedland",118.167083740234,-20.3465995788574,0.32,4.25,5.08,16.04,10.84,27.71,4.06,3.29,5.47
"WANorth","Port Hedland",118.196533203125,-20.3357353210449,0.32,4.28,5.14,14.08,9.66,23.83,3.83,3.13,5.1
"WANorth","Port Hedland",118.26683807373,-20.3528156280518,0.32,4.28,4.91,14.13,9.68,24.01,4.72,3.73,6.59
"WANorth","Port Hedland",118.31844329834,-20.3370609283447,0.32,4.28,5.55,14.2,9.74,24.04,2.95,2.51,3.72
"WANorth","Port Hedland",118.367660522461,-20.3476428985596,0.32,4.29,4.84,13.16,9.09,22.11,5.09,3.98,7.23
"QLDNorth","Whitsunday",148.919830322266,-20.3214683532715,0.32,3.14,3.46,24.85,16.22,44.39,10.01,7.32,15.4
"QLDNorth","Whitsunday",149.051406860352,-20.3108921051025,0.32,3.16,4.25,21.28,14.15,37.12,4.1,3.39,5.34
"WANorth","Port Hedland",118.455070495605,-20.3152179718018,0.32,4.28,5.37,13.99,9.63,23.54,3.26,2.73,4.2
"WANorth","Port Hedland",118.461875915527,-20.3154773712158,0.32,4.28,6.08,13.9,9.58,23.36,2.37,2.08,2.84
"WANorth","Port Hedland",118.53050994873,-20.3007946014404,0.32,4.27,5.96,14.36,9.88,24.14,2.48,2.17,3
"WANorth","Port Hedland",118.634323120117,-20.2938327789307,0.32,4.27,5.45,14.46,9.95,24.33,3.14,2.65,4.01
"WANorth","Port Hedland",118.696647644043,-20.3080749511719,0.32,4.27,5.04,14.32,9.86,24.03,4.25,3.42,5.78
"WANorth","Port Hedland",118.741676330566,-20.2921085357666,0.32,4.27,6.03,14.56,10.02,24.45,2.45,2.15,2.96
"QLDNorth","Whitsunday",148.906173706055,-20.2758388519287,0.32,3.13,3.45,26.45,17.11,47.88,10.2,7.41,15.88
"QLDNorth","Whitsunday",149.048431396484,-20.2850322723389,0.32,3.12,3.5,27.37,17.65,49.71,9.4,6.87,14.56
"WANorth","Port Hedland",118.827583312988,-20.2426986694336,0.32,4.26,4.73,15.39,10.55,25.95,6.26,4.77,9.23
"WANorth","Port Hedland",118.840995788574,-20.229076385498,0.32,4.25,4.73,15.78,10.78,26.73,6.3,4.8,9.29
"QLDNorth","Whitsunday",148.831161499023,-20.2356262207031,0.32,3.11,3.61,29.38,18.78,53.99,7.13,5.4,10.5
"QLDNorth","Whitsunday",148.910110473633,-20.2499942779541,0.32,3.1,3.43,31.87,20.18,59.33,10.16,7.35,15.92
"QLDNorth","Whitsunday",149.029388427734,-20.2381935119629,0.32,3.12,4.02,27.67,17.82,50.33,4.6,3.71,6.2
"WANorth","Port Hedland",118.865966796875,-20.2053852081299,0.32,4.24,4.72,16.56,11.24,28.28,6.46,4.9,9.58
"QLDNorth","Whitsunday",148.681640625,-20.1868515014648,0.32,3.1,4.07,32.82,20.67,61.55,4.21,3.42,5.64
"QLDNorth","Whitsunday",148.752014160156,-20.2341957092285,0.32,3.09,4.17,34.38,21.53,64.94,3.57,2.96,4.68
"QLDNorth","Whitsunday",148.811904907227,-20.2081069946289,0.32,3.1,3.69,33.87,21.28,63.68,6.14,4.73,8.85
"QLDNorth","Whitsunday",148.89094543457,-20.1693572998047,0.32,3.1,3.52,32.06,20.29,59.71,8.98,6.68,13.46
"QLDNorth","Whitsunday",149.0478515625,-20.1767330169678,0.32,3.12,4.08,27.85,17.92,50.74,4.52,3.7,5.95
"WANorth","Port Hedland",118.907958984375,-20.1533355712891,0.32,4.24,4.71,16.78,11.39,28.63,6.54,4.96,9.7
"QLDNorth","Whitsunday",148.616928100586,-20.1395874023438,0.32,3.1,4.27,31.7,20.07,59.02,3.8,3.14,4.96
"QLDNorth","Whitsunday",148.878921508789,-20.1377506256104,0.32,3.09,3.59,35.17,22.05,66.2,7.28,5.48,10.82
"QLDNorth","Whitsunday",149.020416259766,-20.1534824371338,0.32,3.11,3.6,30.15,19.29,55.24,7.74,5.8,11.57
"WANorth","Port Hedland",118.972709655762,-20.0898818969727,0.32,4.23,4.62,17.9,12.08,30.74,7.73,5.73,11.84
"QLDNorth","Whitsunday",148.307312011719,-20.1071434020996,0.32,2.61,3.22,38.72,23.89,74.65,7.65,5.76,11.35
"QLDNorth","Whitsunday",148.337829589844,-20.1377258300781,0.32,2.6,3.21,40.29,24.76,77.99,7.81,5.86,11.66
"QLDNorth","Whitsunday",148.644317626953,-20.0960540771484,0.32,3.1,3.86,33.51,21.09,62.87,5.07,4,7.1
"QLDNorth","Whitsunday",148.877655029297,-20.0655612945557,0.32,3.08,3.56,37.5,23.29,71.59,8.67,6.43,13.1
"QLDNorth","Whitsunday",148.969421386719,-20.0698776245117,0.32,3.11,4.43,30.38,19.4,55.84,3.58,3.02,4.51
"WANorth","Port Hedland",118.997650146484,-20.0329113006592,0.32,4.24,4.63,17.37,11.75,29.75,7.58,5.64,11.51
"WANorth","East Pilbara",119.519950866699,-20.0433902740479,0.32,4.26,4.89,15.01,10.49,24.43,5.06,4,7.08
"WANorth","East Pilbara",119.583999633789,-20.0681285858154,0.32,4.26,4.53,15.31,10.67,24.98,8.65,6.39,13.17
"WANorth","East Pilbara",119.636421203613,-20.0477066040039,0.32,4.26,4.52,15.47,10.78,25.25,8.73,6.46,13.24
"QLDNorth","Whitsunday",148.298141479492,-20.0416526794434,0.32,2.61,3.27,37.22,23.03,71.54,7.14,5.43,10.43
"QLDNorth","Whitsunday",148.433990478516,-20.0228958129883,0.32,2.6,3.5,41.59,25.45,81,4.74,3.78,6.53
"QLDNorth","Whitsunday",148.536437988281,-20.0547847747803,0.32,2.62,3.28,35.12,21.94,66.59,6.52,4.99,9.45
"QLDNorth","Whitsunday",148.565017700195,-20.0668964385986,0.32,3.1,3.85,32.44,20.49,60.57,5.74,4.5,8.06
"QLDNorth","Whitsunday",148.895431518555,-20.0388641357422,0.32,3.09,4.15,34.54,21.65,65.15,4.11,3.37,5.43
"QLDNorth","Whitsunday",148.955841064453,-20.0561389923096,0.32,3.1,4.23,33.7,21.2,63.24,3.86,3.19,5.03
"WANorth","Port Hedland",119.073089599609,-20.0058364868164,0.32,4.23,5.32,18.08,12.17,31.17,3.67,3.03,4.85
"WANorth","Port Hedland",119.086044311523,-19.9914436340332,0.32,4.23,4.33,18.04,12.14,31.15,13.81,9.57,22.99
"WANorth","Port Hedland",119.365753173828,-19.9896373748779,0.32,4.24,4.37,17.1,11.73,28.58,12.5,8.86,20.08
"WANorth","Port Hedland",119.421737670898,-19.9905967712402,0.32,4.25,4.63,16.29,11.26,26.89,7.43,5.58,11.1
"WANorth","Port Hedland",119.469665527344,-20.003963470459,0.32,4.25,4.56,16.51,11.4,27.33,8.51,6.29,12.98
"WANorth","East Pilbara",119.688293457031,-19.9963130950928,0.32,4.26,4.52,15.59,10.86,25.48,8.68,6.45,13.11
"QLDNorth","Whitsunday",148.267623901367,-19.9859199523926,0.32,2.61,3.31,36.95,22.86,71.1,6.94,5.32,10.03
"QLDNorth","Whitsunday",148.433792114258,-19.9874267578125,0.32,2.6,3.39,41.45,25.33,80.96,5.43,4.25,7.67
"QLDNorth","Whitsunday",148.552749633789,-19.9927291870117,0.32,2.6,3.58,39.7,24.44,76.71,4.8,3.85,6.52
"WANorth","Port Hedland",119.168464660645,-19.9530563354492,0.32,4.24,4.51,17,11.6,28.67,9.58,6.96,14.96
"WANorth","Port Hedland",119.206848144531,-19.9463481903076,0.32,4.24,4.51,17.08,11.7,28.61,9.6,6.99,14.91
"WANorth","Port Hedland",119.25757598877,-19.9648323059082,0.32,4.23,4.4,18.43,12.47,31.42,12.27,8.64,19.95
"WANorth","Port Hedland",119.307754516602,-19.9808597564697,0.32,4.24,4.43,16.76,11.53,27.88,10.98,7.88,17.36
"WANorth","East Pilbara",119.744606018066,-19.9636402130127,0.32,4.25,4.63,16.13,11.16,26.65,7.18,5.45,10.5
"WANorth","East Pilbara",119.843452453613,-19.9636344909668,0.32,4.26,4.37,15.12,10.51,24.85,11.44,8.21,18.07
"WANorth","East Pilbara",119.89623260498,-19.9465560913086,0.32,4.26,4.39,15.41,10.7,25.36,11.04,7.96,17.31
"WANorth","East Pilbara",119.945373535156,-19.9375991821289,0.32,4.26,4.4,15.03,10.46,24.64,10.81,7.81,16.9
"WANorth","East Pilbara",119.996444702148,-19.9295768737793,0.32,4.27,4.41,14.32,10.03,23.29,10.45,7.58,16.25
"QLDNorth","Whitsunday",148.151626586914,-19.9428615570068,0.32,2.61,3.45,37.71,23.24,72.97,6.01,4.71,8.43
"QLDNorth","Whitsunday",148.206604003906,-19.9486331939697,0.32,2.61,3.38,36.9,22.8,71.13,6.47,5.01,9.21
"QLDNorth","Whitsunday",148.441223144531,-19.9711360931396,0.32,2.6,3.44,39.34,24.14,76.56,5.13,4.06,7.14
"QLDNorth","Whitsunday",148.452850341797,-19.9661026000977,0.32,2.61,3.72,37.62,23.19,72.76,4.34,3.54,5.74
"WANorth","Broome",120.065490722656,-19.9218635559082,0.32,4.27,4.4,14.42,10.08,23.49,10.6,7.67,16.55
"WANorth","Broome",120.112655639648,-19.914041519165,0.32,4.27,4.55,14.4,10.08,23.46,8.09,6.05,12.1
"WANorth","Broome",120.158889770508,-19.9079303741455,0.32,4.27,4.5,14.27,9.99,23.21,8.84,6.54,13.43
"WANorth","Broome",120.213424682617,-19.9057884216309,0.32,4.27,4.49,14.69,10.25,24.03,9,6.63,13.71
"QLDNorth","Whitsunday",148.089401245117,-19.8941669464111,0.32,2.63,3.42,31.79,19.99,59.93,6.33,4.91,8.95
"WANorth","Broome",120.28434753418,-19.8830451965332,0.32,4.26,4.49,15.54,10.79,25.54,9.07,6.69,13.8
"WANorth","Broome",120.331367492676,-19.8702392578125,0.32,4.26,4.49,14.99,10.47,24.44,9.04,6.68,13.74
"WANorth","Broome",120.376899719238,-19.8509407043457,0.32,4.28,4.51,13.68,9.68,21.92,8.65,6.43,13.02
"QLDNorth","Whitsunday",147.870895385742,-19.8506202697754,0.32,2.62,3.27,35.15,21.78,67.68,7.57,5.73,11.1
"QLDNorth","Whitsunday",147.89860534668,-19.8779392242432,0.32,2.61,3.25,36.21,22.37,69.96,7.94,5.97,11.76
"QLDNorth","Whitsunday",148.025787353516,-19.8905639648438,0.32,2.6,3.53,39.14,24.02,76.13,5.74,4.51,8.01
"QLDNorth","Whitsunday",148.049194335938,-19.880392074585,0.32,2.61,3.41,38.69,23.77,75.18,6.54,5.06,9.34
"WANorth","Broome",120.446357727051,-19.824390411377,0.32,4.27,4.48,14.81,10.37,24.06,9.18,6.77,13.95
"WANorth","Broome",120.484565734863,-19.8106021881104,0.32,4.27,4.49,14.63,10.26,23.68,9.09,6.72,13.77
"WANorth","Broome",120.529876708984,-19.7982482910156,0.32,4.27,4.49,14.42,10.14,23.27,8.99,6.65,13.6
"QLDNorth","Burdekin",147.636581420898,-19.7879085540771,0.32,2.59,3.07,43.06,26.01,85.77,10.68,7.71,16.72
"QLDNorth","Burdekin",147.66423034668,-19.8059043884277,0.32,2.59,3.03,45.89,27.51,92.25,11.93,8.47,19.14
"QLDNorth","Whitsunday",147.857131958008,-19.801721572876,0.32,2.62,3.28,35.14,21.77,67.65,7.57,5.73,11.11
"WANorth","Broome",120.579978942871,-19.7765197753906,0.32,4.28,4.49,14.03,9.91,22.46,9.01,6.69,13.57
"WANorth","Broome",120.65160369873,-19.7546901702881,0.32,4.27,4.48,14.21,10.03,22.78,9.28,6.85,14.06
"WANorth","Broome",120.687477111816,-19.7428932189941,0.32,4.27,4.48,14.52,10.21,23.4,9.39,6.93,14.26
"WANorth","Broome",120.729225158691,-19.7241172790527,0.32,4.28,4.47,14.14,9.99,22.64,9.65,7.1,14.73
"QLDNorth","Burdekin",147.605331420898,-19.7488174438477,0.32,2.6,3.09,40.05,24.4,78.85,10.12,7.36,15.67
"QLDNorth","Whitsunday",147.738739013672,-19.7649955749512,0.32,2.59,3.25,45.36,27.28,90.7,8.41,6.25,12.69
"QLDNorth","Whitsunday",147.856964111328,-19.7432193756104,0.32,2.61,2.92,36.43,22.47,70.52,13.99,9.77,22.94
"WANorth","Broome",120.793174743652,-19.6948852539062,0.32,5.75,5.94,13.71,9.75,21.74,9.45,6.98,14.32
"QLDNorth","Whitsunday",147.75080871582,-19.702392578125,0.32,2.6,3.41,40.67,24.76,80.1,6.78,5.19,9.84
"QLDNorth","Whitsunday",147.780395507812,-19.7049865722656,0.32,2.6,3.34,40.44,24.64,79.54,7.14,5.43,10.45
"QLDNorth","Whitsunday",147.826461791992,-19.7084178924561,0.32,2.61,3.59,36.4,22.45,70.51,5.47,4.33,7.58
"WANorth","Broome",120.856033325195,-19.6699066162109,0.32,5.75,5.95,13.85,9.8,22.14,9.12,6.76,13.74
"WANorth","Broome",120.902053833008,-19.6542224884033,0.32,5.74,5.94,14.13,10,22.57,9.61,7.08,14.61
"WANorth","Broome",120.94229888916,-19.6378479003906,0.32,5.78,5.96,12.27,8.87,19.02,9.07,6.75,13.6
"QLDNorth","Burdekin",147.608001708984,-19.6527614593506,0.32,2.68,3.03,39.01,23.84,76.5,13.22,9.31,21.38
"WANorth","Broome",121.010299682617,-19.5989818572998,0.32,5.76,5.89,12.98,9.29,20.41,10.24,7.51,15.65
"QLDNorth","Burdekin",147.57568359375,-19.5920028686523,0.32,2.69,3.35,36.09,22.26,69.94,7.75,5.84,11.44
"WANorth","Broome",121.067588806152,-19.5578746795654,0.32,5.73,5.85,15.49,10.81,25.22,11.72,8.43,18.36
"QLDNorth","Burdekin",147.566986083984,-19.5536823272705,0.32,2.69,3.49,37.47,23.03,72.92,6.81,5.23,9.8
"WANorth","Broome",121.12336730957,-19.5209617614746,0.32,5.75,5.87,13.64,9.71,21.56,10.84,7.9,16.66
"WANorth","Broome",121.15958404541,-19.4946613311768,0.32,5.75,6.24,13.63,9.71,21.55,6.54,5.04,9.41
"QLDNorth","Burdekin",147.518493652344,-19.4948139190674,0.32,2.69,3.53,36.77,22.64,71.37,6.44,4.98,9.16
"WANorth","Broome",121.21656036377,-19.4481582641602,0.32,5.74,6.23,14.13,10,22.56,6.72,5.15,9.74
"QLDNorth","Burdekin",147.482009887695,-19.440486907959,0.32,2.69,3.29,36.57,22.53,70.9,8.68,6.46,13.01
"WANorth","Broome",121.255737304688,-19.4106731414795,0.32,5.74,6.22,14.78,10.39,23.82,6.86,5.24,9.96
"QLDNorth","Townsville",147.112716674805,-19.3939304351807,0.32,2.69,2.92,50.95,30.3,103.3,22.4,14.71,39.86
"QLDNorth","Burdekin",147.154144287109,-19.4040985107422,0.32,2.68,2.88,54.11,31.89,111.07,26.54,17.01,48.84
"QLDNorth","Burdekin",147.201370239258,-19.4158000946045,0.32,2.68,3.46,56.28,32.93,116.82,8.2,6.09,12.42
"QLDNorth","Burdekin",147.27033996582,-19.4202575683594,0.32,2.64,3.42,62.17,35.88,131.49,8.28,6.14,12.57
"QLDNorth","Burdekin",147.316925048828,-19.4074878692627,0.32,2.64,3.53,61.2,35.39,129.13,7.22,5.45,10.68
"QLDNorth","Burdekin",147.366546630859,-19.4134864807129,0.32,2.64,3.52,60.49,35.03,127.42,7.27,5.48,10.79
"QLDNorth","Burdekin",147.444625854492,-19.380880355835,0.32,2.65,3.08,52.5,31.15,106.67,14.45,10.03,23.91
"WANorth","Broome",121.288803100586,-19.3769283294678,0.32,5.73,6.21,15.33,10.73,24.86,6.95,5.3,10.12
"QLDNorth","Townsville",147.091766357422,-19.3602600097656,0.32,2.69,2.91,51.18,30.44,103.71,22.48,14.77,39.93
"WANorth","Broome",121.341453552246,-19.3204784393311,0.32,5.73,6.01,15.21,10.64,24.67,9.48,6.97,14.48
"WANorth","Broome",121.361099243164,-19.2930088043213,0.32,5.73,6.07,15.57,10.86,25.39,8.65,6.42,13.06
"QLDNorth","Townsville",146.900085449219,-19.3002738952637,0.32,2.77,3.38,43.24,26.51,83.74,11.78,8.37,18.9
"QLDNorth","Townsville",146.94758605957,-19.2947425842285,0.32,2.7,3.4,46.1,28,90.48,9.92,7.2,15.48
"WANorth","Broome",121.392044067383,-19.2532920837402,0.32,5.73,6.07,15.54,10.83,25.36,8.62,6.4,13.01
"QLDNorth","Townsville",146.981781005859,-19.2680759429932,0.32,2.7,3.4,46.96,28.4,92.76,10.05,7.29,15.7
"QLDNorth","Townsville",147.061813354492,-19.2527599334717,0.32,2.69,3.94,50.89,30.34,102.69,5.62,4.4,7.93
"WANorth","Broome",121.431411743164,-19.2021427154541,0.32,5.73,5.89,15.39,10.73,25.11,11.68,8.41,18.3
"QLDNorth","Townsville",147.002349853516,-19.2261600494385,0.32,2.7,3.36,45.89,27.84,90.23,10.78,7.75,17.01
"QLDNorth","Townsville",147.045791625977,-19.2077312469482,0.32,2.7,3.59,46.31,28.03,91.39,7.64,5.74,11.37
"WANorth","Broome",121.471351623535,-19.1473999023438,0.32,5.73,5.89,15.11,10.56,24.6,11.56,8.34,18.05
"QLDNorth","Townsville",146.617416381836,-19.1560077667236,0.32,2.79,3.12,36.2,22.89,67,16.02,11.09,26.43
"QLDNorth","Townsville",146.672744750977,-19.1812114715576,0.32,2.78,4.07,37.22,23.46,69.18,5.93,4.58,8.54
"QLDNorth","Townsville",146.745254516602,-19.1750354766846,0.32,2.78,3.31,39.08,24.42,73.6,12.5,8.85,20.08
"QLDNorth","Townsville",146.884170532227,-19.1261463165283,0.32,2.77,3.07,42.35,26.04,81.67,17.87,12.19,30.08
"QLDNorth","Townsville",147.014053344727,-19.1807861328125,0.32,2.7,3.35,46.94,28.39,92.71,10.97,7.87,17.36
"QLDNorth","Townsville",147.022735595703,-19.1852207183838,0.32,2.7,3.39,46.97,28.4,92.82,10.12,7.34,15.78
"WANorth","Broome",121.51439666748,-19.0784320831299,0.32,5.72,6.02,15.83,10.97,26.05,9.6,7.04,14.73
"QLDNorth","Townsville",146.524719238281,-19.0995292663574,0.32,2.79,3.02,35.91,22.73,66.38,18.08,12.4,30.09
"QLDNorth","Townsville",146.544876098633,-19.1108875274658,0.32,2.79,3.17,36.07,22.81,66.73,14.24,9.98,23.1
"QLDNorth","Townsville",146.780822753906,-19.1178245544434,0.32,2.77,3.96,40.55,25.18,77.06,6.16,4.75,8.88
"QLDNorth","Townsville",146.884262084961,-19.1123752593994,0.32,2.77,3.77,43.23,26.5,83.74,7.1,5.39,10.4
"WANorth","Broome",121.520469665527,-19.0504398345947,0.32,5.72,6.03,15.93,11.04,26.26,9.41,6.91,14.4
"QLDNorth","Townsville",146.468566894531,-19.0711936950684,0.32,2.79,3.68,34.57,21.97,63.57,7.73,5.76,11.66
"QLDNorth","Townsville",146.793090820312,-19.1095657348633,0.32,2.77,3.96,41.36,25.59,78.97,6.19,4.77,8.92
"QLDNorth","Townsville",146.837158203125,-19.102445602417,0.32,2.77,3.61,42.46,26.13,81.73,8.37,6.23,12.61
"WANorth","Broome",121.545501708984,-18.9979515075684,0.32,5.72,5.81,16.01,11.08,26.43,14.35,10.07,23.24
"QLDNorth","Townsville",146.406478881836,-19.0029544830322,0.32,2.79,3.23,34.15,21.68,62.99,12.68,8.97,20.4
"WANorth","Broome",121.551979064941,-18.9434871673584,0.32,5.72,5.89,16.08,11.12,26.54,12.34,8.82,19.54
"QLDNorth","Townsville",146.331924438477,-18.9381656646729,0.32,2.73,2.91,30.04,19.26,54.84,17.31,11.88,28.89
"QLDNorth","Townsville",146.365142822266,-18.9604206085205,0.32,2.72,2.91,32.48,20.68,59.76,18.15,12.4,30.45
"WANorth","Broome",121.59538269043,-18.8983860015869,0.32,5.71,5.81,16.42,11.34,27.16,14.84,10.38,24.16
"QLDNorth","Hinchinbrook",146.309585571289,-18.9009704589844,0.32,2.73,2.97,28.89,18.58,52.55,14.66,10.27,23.79
"WANorth","Broome",121.602256774902,-18.8637847900391,0.32,5.72,6.29,16.31,11.28,26.92,6.58,5.06,9.47
"QLDNorth","Hinchinbrook",146.279510498047,-18.8430213928223,0.32,2.75,3.18,26.41,17.11,47.68,11.05,7.9,17.63
"QLDNorth","Palm Island",146.553527832031,-18.8467845916748,0.32,2.7,3.51,38.36,23.93,72.52,8.4,6.23,12.74
"QLDNorth","Palm Island",146.644714355469,-18.7806949615479,0.32,2.69,3.6,40.44,24.97,77.66,7.71,5.81,11.42
"QLDNorth","Palm Island",146.662719726562,-18.7778167724609,0.32,2.69,3.69,41.4,25.48,79.84,6.86,5.24,9.96
"WANorth","Broome",121.630653381348,-18.8212699890137,0.32,5.72,5.85,16.19,11.21,26.66,13.36,9.48,21.31
"QLDNorth","Hinchinbrook",146.28483581543,-18.788667678833,0.32,2.75,3.39,25.67,16.67,46.21,7.72,5.77,11.61
"QLDNorth","Palm Island",146.537780761719,-18.7881507873535,0.32,2.69,3.19,42.02,25.82,81.19,12.61,8.96,20.11
"WANorth","Broome",121.633827209473,-18.7459316253662,0.32,5.71,6.15,16.66,11.49,27.61,8.01,6.01,11.9
"QLDNorth","Hinchinbrook",146.29362487793,-18.7438869476318,0.32,2.75,3.41,25.33,16.46,45.64,7.4,5.56,11.05
"QLDNorth","Palm Island",146.530319213867,-18.7633838653564,0.32,2.68,3.06,44.69,27.24,87.32,12.77,9.16,20
"QLDNorth","Palm Island",146.695037841797,-18.7528095245361,0.32,2.68,3.67,48.1,29.02,95.25,7.07,5.39,10.28
"WANorth","Broome",121.631500244141,-18.6964435577393,0.32,5.73,6.5,15.49,10.8,25.3,5.17,4.11,7.11
"QLDNorth","Hinchinbrook",146.313293457031,-18.6965656280518,0.32,2.75,3.41,26.27,16.98,47.66,7.27,5.48,10.78
"QLDNorth","Palm Island",146.530151367188,-18.6977615356445,0.32,2.69,3.11,41.44,25.47,80.13,10.04,7.36,15.38
"WANorth","Broome",121.702735900879,-18.6924514770508,0.32,5.74,6.04,14.67,10.3,23.72,9.09,6.74,13.69
"WANorth","Broome",121.748542785645,-18.6694412231445,0.32,5.74,6,14.74,10.35,23.81,9.58,7.07,14.5
"QLDNorth","Palm Island",146.55891418457,-18.6555709838867,0.32,2.68,3.59,49.05,29.56,97.22,7.33,5.55,10.78
"QLDNorth","Palm Island",146.595520019531,-18.6801776885986,0.32,2.67,3.64,50,30.03,99.65,7.13,5.43,10.43
"WANorth","Broome",121.738983154297,-18.5859107971191,0.32,5.72,5.89,15.88,11.03,26.06,12.23,8.77,19.25
"QLDNorth","Hinchinbrook",146.3427734375,-18.5997543334961,0.32,2.73,3.22,29.33,18.7,54.18,8.63,6.42,13
"WANorth","Broome",121.748870849609,-18.5592384338379,0.32,5.71,6.06,16.43,11.38,27.03,9.22,6.82,13.94
"QLDNorth","Hinchinbrook",146.348968505859,-18.5500183105469,0.32,2.72,3.37,31.64,19.96,59.26,7.59,5.71,11.27
"WANorth","Broome",121.770851135254,-18.5249538421631,0.32,5.72,5.93,16.05,11.15,26.3,11.48,8.29,17.92
"WANorth","Broome",121.808464050293,-18.4525394439697,0.32,5.71,6.23,16.95,11.69,28.07,7.31,5.57,10.63
"QLDNorth","Cassowary Coast",146.347763061523,-18.4298896789551,0.32,2.71,3.63,34.78,21.68,66.25,6.81,5.19,9.94
"WANorth","Broome",121.834434509277,-18.4405097961426,0.32,5.71,6.23,16.89,11.65,27.94,7.38,5.61,10.77
"WANorth","Broome",121.935127258301,-18.4399223327637,0.32,5.72,6.58,16.1,11.19,26.34,5,3.99,6.84
"QLDNorth","Cassowary Coast",146.356842041016,-18.4150352478027,0.32,2.69,3.56,42.83,26.12,83.82,7.76,5.82,11.6
"WANorth","Broome",122.028900146484,-18.3615627288818,0.32,5.72,6.42,15.74,10.99,25.58,5.98,4.7,8.31
"WANorth","Broome",122.058647155762,-18.32155418396,0.32,5.72,6.42,15.87,11.06,25.87,5.94,4.67,8.24
"WANorth","Broome",122.108795166016,-18.3069400787354,0.32,5.72,6.29,15.88,11.09,25.82,6.71,5.2,9.51
"QLDNorth","Cassowary Coast",146.284317016602,-18.2905540466309,0.32,2.86,3.48,36.85,22.75,71.15,9.61,6.99,14.95
"WANorth","Broome",122.169158935547,-18.2484817504883,0.32,5.73,6,15.11,10.61,24.38,11.07,8.16,16.65
"QLDNorth","Cassowary Coast",146.306060791016,-18.244478225708,0.32,2.84,3.66,45.19,27.32,89.53,8.11,6.04,12.21
"WANorth","Broome",122.210594177246,-18.1955833435059,0.32,5.72,5.98,15.82,11.04,25.74,11.46,8.42,17.32
"WANorth","Broome",122.253555297852,-18.1877174377441,0.32,5.71,5.99,16.83,11.69,27.53,11.38,8.37,17.16
"QLDNorth","Cassowary Coast",146.217025756836,-18.1993274688721,0.32,2.83,3.16,49.71,29.67,100.23,17.29,11.75,29.36
"QLDNorth","Cassowary Coast",146.232025146484,-18.1985282897949,0.32,2.84,3.17,45.54,27.5,90.4,16.47,11.25,27.8
"WANorth","Broome",122.322677612305,-18.1571865081787,0.32,5.71,5.98,16.9,11.67,27.91,11.74,8.56,17.93
"QLDNorth","Cassowary Coast",146.008666992188,-18.1486492156982,0.32,2.84,2.94,43.91,26.58,86.97,29.78,18.75,56.24
"QLDNorth","Cassowary Coast",146.012237548828,-18.1618804931641,0.32,2.84,2.94,44.42,26.85,88.12,30.54,19.17,57.87
"QLDNorth","Cassowary Coast",146.143829345703,-18.1560192108154,0.32,2.83,3.48,48.93,29.24,98.54,10.3,7.43,16.21
"QLDNorth","Cassowary Coast",146.157608032227,-18.1430225372314,0.32,2.83,3.48,50.08,29.84,101.27,10.48,7.54,16.58
"WANorth","Broome",122.358604431152,-18.1208782196045,0.32,5.7,5.99,17.35,11.97,28.69,11.62,8.51,17.67
"WANorth","Broome",122.369987487793,-18.0450019836426,0.32,5.7,5.98,17.9,12.35,29.54,11.74,8.59,17.83
"WANorth","Broome",122.270835876465,-17.9692668914795,0.32,5.7,5.76,18.01,12.37,29.92,16.28,11.34,26.51
"QLDNorth","Cassowary Coast",146.065887451172,-18.0073947906494,0.32,2.55,3.56,35.87,22.13,69.53,6.17,4.76,8.86
"QLDNorth","Cassowary Coast",146.101272583008,-17.9797477722168,0.32,2.54,3.51,41.49,25.17,82.13,6.56,5.03,9.53
"WANorth","Broome",122.174751281738,-17.9715633392334,0.32,5.72,5.87,15.96,11.17,25.78,13.21,9.52,20.51
"WANorth","Broome",122.201286315918,-17.9162635803223,0.32,5.72,5.86,16.21,11.33,26.23,13.76,9.86,21.54
"QLDNorth","Carpentaria",140.368133544922,-17.6779441833496,0.32,3.68,4.71,4.98,4.01,6.71,2.77,2.41,3.35
"QLDNorth","Carpentaria",140.385818481445,-17.6716804504395,0.32,3.68,4.7,5.01,4.03,6.76,2.78,2.42,3.36
"QLDNorth","Cassowary Coast",146.154861450195,-17.9221496582031,0.32,2.51,3.4,52.07,30.76,106.68,7.8,5.85,11.61
"WANorth","Broome",122.204780578613,-17.8366279602051,0.32,5.72,5.86,16.39,11.44,26.61,13.96,9.98,21.91
"QLDNorth","Carpentaria",140.214996337891,-17.7029590606689,0.32,3.69,4.73,4.89,3.94,6.57,2.73,2.38,3.29
"QLDNorth","Carpentaria",140.218505859375,-17.7027893066406,0.32,3.69,4.73,4.89,3.94,6.58,2.73,2.38,3.3
"QLDNorth","Carpentaria",140.310592651367,-17.6870975494385,0.32,3.69,4.72,4.95,3.99,6.67,2.76,2.4,3.33
"QLDNorth","Carpentaria",140.340316772461,-17.6828422546387,0.32,3.69,4.71,4.97,4,6.68,2.76,2.41,3.34
"QLDNorth","Carpentaria",140.464904785156,-17.6438846588135,0.32,3.68,4.21,5,4.03,6.72,3.44,2.91,4.33
"QLDNorth","Cassowary Coast",146.120620727539,-17.8555068969727,0.32,2.5,2.79,56.56,33.11,117.23,20.08,13.44,34.71
"WANorth","Broome",122.197250366211,-17.7924537658691,0.32,5.71,5.87,16.48,11.48,26.82,13.71,9.81,21.49
"QLDNorth","Carpentaria",140.121520996094,-17.7146682739258,0.32,3.72,4.78,4.72,3.82,6.31,2.65,2.32,3.17
"QLDNorth","Carpentaria",140.515335083008,-17.6259860992432,0.32,3.68,4.68,5.03,4.05,6.76,2.82,2.45,3.42
"QLDNorth","Cassowary Coast",146.116027832031,-17.7777137756348,0.32,2.52,3.12,49.28,29.35,99.82,10.67,7.67,16.85
"WANorth","Broome",122.193878173828,-17.746509552002,0.32,5.71,6.12,16.69,11.61,27.23,8.81,6.64,12.9
"QLDNorth","Carpentaria",140.021530151367,-17.7132759094238,0.32,3.72,4.81,4.65,3.76,6.21,2.61,2.3,3.13
"QLDNorth","Carpentaria",140.043045043945,-17.7161026000977,0.32,3.72,4.8,4.68,3.79,6.25,2.62,2.3,3.14
"QLDNorth","Carpentaria",140.105361938477,-17.7150611877441,0.32,3.72,4.79,4.69,3.8,6.26,2.64,2.31,3.16
"QLDNorth","Cassowary Coast",146.113525390625,-17.7575416564941,0.32,2.51,3.12,55.15,32.44,113.51,10.55,7.6,16.61
"WANorth","Broome",122.194747924805,-17.6895713806152,0.32,5.7,6.12,17.8,12.29,29.33,8.84,6.64,13
"QLDNorth","Carpentaria",139.965087890625,-17.6877937316895,0.32,3.73,4.83,4.58,3.72,6.1,2.59,2.27,3.09
"QLDNorth","Carpentaria",140.540557861328,-17.6130619049072,0.32,3.67,4.67,5.07,4.09,6.82,2.84,2.47,3.45
"QLDNorth","Cassowary Coast",146.128433227539,-17.6823272705078,0.32,2.32,3.85,57.34,33.53,118.95,4.25,3.46,5.65
"QLDNorth","Carpentaria",139.905807495117,-17.6179084777832,0.32,3.72,3.96,4.72,3.82,6.3,3.89,3.23,5.02
"QLDNorth","Cassowary Coast",146.151962280273,-17.6473865509033,0.32,2.3,3.69,71.07,40.36,153.55,5.05,4.03,6.91
"WANorth","Broome",122.145599365234,-17.5740623474121,0.32,5.69,6.14,19.34,13.18,32.45,8.65,6.51,12.71
"QLDNorth","Burke",139.55126953125,-17.4675235748291,0.32,3.71,4.82,4.78,3.86,6.4,2.61,2.29,3.12
"QLDNorth","Carpentaria",139.797378540039,-17.5743885040283,0.32,3.7,4.8,4.86,3.92,6.53,2.64,2.31,3.16
"QLDNorth","Carpentaria",139.846939086914,-17.5938262939453,0.32,3.72,4.02,4.65,3.77,6.19,3.7,3.1,4.73
"QLDNorth","Carpentaria",140.616607666016,-17.5751857757568,0.32,3.67,4.66,5.11,4.12,6.86,2.87,2.49,3.49
"WANorth","Broome",122.140846252441,-17.5468120574951,0.32,5.68,6.59,20.13,13.64,34.03,5.6,4.42,7.78
"QLDNorth","Burke",139.340286254883,-17.3700885772705,0.32,3.7,4.8,4.83,3.9,6.49,2.62,2.3,3.13
"QLDNorth","Carpentaria",140.6748046875,-17.5273208618164,0.32,3.66,4.64,5.17,4.17,6.95,2.9,2.51,3.52
"QLDNorth","Cassowary Coast",146.119018554688,-17.5732955932617,0.32,2.31,2.84,68.78,39.25,147.57,13.1,9.26,21.1
"WANorth","Broome",122.137870788574,-17.4900321960449,0.32,5.67,6.18,21.74,14.57,37.32,8.69,6.51,12.89
"WANorth","Derby-West Kimberley",123.531455993652,-17.4072303771973,0.32,5.61,6.12,32.98,20.64,62.57,7.07,5.32,10.55
"WANorth","Derby-West Kimberley",123.539482116699,-17.4078960418701,0.32,5.61,6.17,33.42,20.89,63.53,6.11,4.71,8.82
"QLDNorth","Burke",139.318740844727,-17.3607711791992,0.32,3.72,4.83,4.7,3.81,6.28,2.59,2.28,3.08
"QLDNorth","Carpentaria",140.74006652832,-17.4942760467529,0.32,3.65,3.97,5.26,4.23,7.08,4.1,3.39,5.32
"QLDNorth","Cassowary Coast",146.081176757812,-17.4951591491699,0.32,2.31,3.6,67.93,38.8,145.6,5.03,4.02,6.85
"WANorth","Broome",122.141387939453,-17.4324226379395,0.32,5.66,6.18,23.02,15.29,40.05,8.9,6.65,13.24
"QLDNorth","Burke",139.308685302734,-17.3560638427734,0.32,3.72,4.82,4.71,3.82,6.3,2.59,2.28,3.09
"QLDNorth","Carpentaria",140.830657958984,-17.4451560974121,0.32,3.64,4.61,5.4,4.32,7.3,2.95,2.55,3.61
"QLDNorth","Cassowary Coast",146.071960449219,-17.4340782165527,0.32,2.31,3.56,68.28,38.99,146.38,5.22,4.15,7.16
"WANorth","Broome",122.144454956055,-17.3932991027832,0.32,5.65,6.18,24.36,16.03,42.92,9,6.69,13.51
"WANorth","Derby-West Kimberley",123.528343200684,-17.3937339782715,0.32,5.61,6.18,33.32,20.8,63.46,6.14,4.72,8.9
"WANorth","Derby-West Kimberley",123.563148498535,-17.3763256072998,0.32,5.6,6.15,36.81,22.78,70.81,6.71,5.08,9.93
"QLDNorth","Burke",139.288360595703,-17.3449077606201,0.32,3.71,4.82,4.73,3.82,6.33,2.59,2.28,3.09
"QLDNorth","Carpentaria",140.88053894043,-17.3816585540771,0.32,3.63,4.56,5.47,4.37,7.41,3.06,2.63,3.76
"QLDNorth","Cairns",146.078048706055,-17.395055770874,0.32,2.3,3.43,73.27,41.41,159.44,6.05,4.72,8.53
"WANorth","Broome",122.144874572754,-17.3518562316895,0.32,5.64,6.8,26.52,17.22,47.64,4.38,3.57,5.84
"WANorth","Derby-West Kimberley",123.475112915039,-17.3458309173584,0.32,5.6,6.08,37.34,22.87,73.13,7.98,5.89,12.28
"QLDNorth","Burke",139.23600769043,-17.3140430450439,0.32,3.73,4.86,4.58,3.72,6.09,2.55,2.25,3.03
"QLDNorth","Carpentaria",140.888717651367,-17.3429565429688,0.32,3.63,4.55,5.55,4.43,7.53,3.09,2.65,3.81
"QLDNorth","Cairns",146.073608398438,-17.3865737915039,0.32,2.3,2.89,79.79,44.54,176.61,14.93,10.22,25.32
"WANorth","Broome",122.160667419434,-17.3047370910645,0.32,5.63,6.54,28.96,18.58,52.92,5.52,4.35,7.66
"WANorth","Derby-West Kimberley",123.417602539062,-17.2973575592041,0.32,5.59,6.1,39.99,24.46,78.19,7.18,5.37,10.82
"QLDNorth","Burke",139.219177246094,-17.2945404052734,0.32,3.74,4.87,4.55,3.7,6.06,2.54,2.24,3.02
"QLDNorth","Carpentaria",140.901763916016,-17.2915172576904,0.32,3.62,4.54,5.58,4.46,7.57,3.12,2.67,3.85
"QLDNorth","Cairns",146.0078125,-17.3007183074951,0.32,2.3,3.2,75.62,42.48,166.03,7.94,5.98,11.72
"WANorth","Broome",122.169792175293,-17.2573261260986,0.32,5.62,6.27,31.43,19.93,58.34,7.97,5.97,11.91
"WANorth","Derby-West Kimberley",123.392692565918,-17.2516899108887,0.32,5.62,6.07,30.54,19.63,55.43,8.07,5.94,12.45
"WANorth","Derby-West Kimberley",123.563186645508,-17.2601871490479,0.32,5.61,6.03,33.37,21.34,60.8,8.84,6.42,13.91
"QLDNorth","Burke",139.198165893555,-17.2524547576904,0.32,3.73,4.57,4.59,3.72,6.11,2.78,2.42,3.36
"QLDNorth","Carpentaria",140.907333374023,-17.2408676147461,0.32,3.62,4.28,5.59,4.47,7.59,3.5,2.95,4.41
"WANorth","Broome",122.218925476074,-17.1958827972412,0.32,5.61,6.22,32.74,20.72,60.87,8.73,6.45,13.28
"WANorth","Broome",123.373954772949,-17.2132339477539,0.32,5.64,6.09,26.25,17.25,46.18,7.7,5.71,11.77
"WANorth","Derby-West Kimberley",123.616088867188,-17.2128028869629,0.32,5.63,6,28.45,18.62,50.2,9.89,7.06,15.93
"QLDNorth","Burke",139.170349121094,-17.1922702789307,0.32,3.73,4.39,4.59,3.72,6.11,3,2.59,3.69
"QLDNorth","Carpentaria",140.935958862305,-17.1837463378906,0.32,3.62,4.06,5.67,4.51,7.71,3.96,3.29,5.1
"QLDNorth","Cairns",146.008026123047,-17.1673545837402,0.32,2.33,3.37,76.95,43.08,169.8,7.27,5.56,10.5
"WANorth","Broome",122.239624023438,-17.1622047424316,0.32,5.6,6.22,34.52,21.7,64.75,8.8,6.47,13.52
"WANorth","Broome",123.347625732422,-17.1607532501221,0.32,5.63,6.08,28.32,18.33,50.96,7.77,5.76,11.85
"WANorth","Derby-West Kimberley",123.597160339355,-17.134859085083,0.32,5.63,6,28.53,18.56,50.83,9.96,7.13,15.96
"WANorth","Derby-West Kimberley",123.795593261719,-17.1432876586914,0.32,5.54,5.82,64.19,38.14,128.57,22.65,14.44,42.65
"WANorth","Derby-West Kimberley",123.834739685059,-17.142276763916,0.32,5.5,5.83,113.2,61.55,257.21,21.38,13.65,40.3
"QLDNorth","Carpentaria",140.943267822266,-17.1466102600098,0.32,3.61,3.87,5.72,4.55,7.79,4.55,3.72,6
"QLDNorth","Cairns",145.999618530273,-17.1491031646729,0.32,2.32,3.03,91.62,50.05,209.2,11.28,8.07,17.89
"WANorth","Derby-West Kimberley",123.582817077637,-17.0903625488281,0.32,5.62,6.02,30.2,19.45,54.63,9.55,6.9,15.08
"WANorth","Derby-West Kimberley",123.755851745605,-17.0817451477051,0.32,5.59,5.86,38.93,24.46,72.6,18.24,11.96,33.08
"WANorth","Derby-West Kimberley",123.821250915527,-17.0902347564697,0.32,5.55,5.85,57.19,34.27,113.48,18.72,12.23,34.13
"QLDNorth","Carpentaria",140.948135375977,-17.0974521636963,0.32,3.61,3.86,5.77,4.59,7.86,4.6,3.76,6.08
"QLDNorth","Cairns",146.005630493164,-17.1468601226807,0.32,2.32,2.79,92.52,50.47,211.68,18.36,12.31,31.87
"WANorth","Broome",122.289863586426,-17.0664482116699,0.32,5.61,6.29,33.92,21.42,63.17,8.35,6.15,12.81
"WANorth","Broome",123.285797119141,-17.0445117950439,0.32,5.61,6.08,34.27,21.5,64.53,7.96,5.89,12.18
"WANorth","Derby-West Kimberley",123.660873413086,-17.0353832244873,0.32,5.63,5.9,27.7,18.16,48.8,14.96,10.16,25.67
"WANorth","Derby-West Kimberley",123.807083129883,-17.038854598999,0.32,5.58,5.84,41.55,25.92,78.13,20.95,13.57,38.51
"QLDNorth","Doomadgee",139.092681884766,-16.9999408721924,0.32,3.66,4.68,5.24,4.18,7.14,2.9,2.51,3.55
"QLDNorth","Burke",139.120666503906,-17.0100116729736,0.32,3.65,4.48,5.28,4.21,7.2,3.15,2.7,3.92
"QLDNorth","Carpentaria",140.943222045898,-17.0436038970947,0.32,3.61,3.88,5.75,4.58,7.85,4.51,3.69,5.94
"WANorth","Broome",122.361793518066,-16.9978256225586,0.32,5.62,6.24,30.12,19.34,54.84,8.86,6.46,13.84
"WANorth","Broome",122.368659973145,-16.9945831298828,0.32,5.62,6.25,29.65,19.07,53.86,8.66,6.33,13.47
"WANorth","Broome",123.275177001953,-17.0187091827393,0.32,5.6,6.04,36.93,22.93,70.58,8.73,6.38,13.61
"WANorth","Derby-West Kimberley",123.796585083008,-16.9986591339111,0.32,5.61,5.86,33.83,21.7,61.29,18.48,12.22,32.91
"QLDNorth","Doomadgee",139.04817199707,-16.9529838562012,0.32,3.64,4.67,5.4,4.3,7.4,2.92,2.52,3.58
"QLDNorth","Carpentaria",140.95344543457,-16.9973220825195,0.32,3.61,3.88,5.78,4.59,7.88,4.52,3.7,5.94
"QLDNorth","Yarrabah",145.916687011719,-16.9676456451416,0.32,2.33,2.73,85.08,46.95,191.59,20.26,13.62,34.77
"WANorth","Broome",122.425003051758,-16.9580631256104,0.32,5.62,6.32,29.47,18.96,53.47,7.23,5.42,10.83
"WANorth","Broome",122.47590637207,-16.9466228485107,0.32,5.61,6.05,32.06,20.33,59.49,11.7,8.21,19.25
"WANorth","Broome",123.236099243164,-16.9667892456055,0.32,5.59,6.04,40.59,24.8,79.44,8.77,6.41,13.61
"WANorth","Derby-West Kimberley",123.84156036377,-16.9431324005127,0.32,5.61,5.81,34.39,22.19,61.6,25.24,15.93,48.06
"QLDNorth","Doomadgee",138.942565917969,-16.880672454834,0.32,3.51,4.21,7.25,5.54,10.48,3.88,3.23,5.02
"QLDNorth","Carpentaria",140.999237060547,-16.9440288543701,0.32,3.61,4.05,5.74,4.57,7.83,4.02,3.34,5.18
"QLDNorth","Cairns",146.001770019531,-16.9421482086182,0.32,2.32,3.14,93.99,51.16,215.73,9.24,6.85,13.91
"WANorth","Broome",122.545806884766,-16.8801078796387,0.32,5.61,5.95,31.87,20.24,58.95,13.39,9.36,21.92
"WANorth","Broome",123.184837341309,-16.9275875091553,0.32,5.58,5.98,44.38,26.65,89.15,10.08,7.23,16.09
"WANorth","Derby-West Kimberley",123.777725219727,-16.902904510498,0.32,5.6,5.86,36.27,22.92,67.19,19.66,13.02,34.76
"QLDNorth","Burke",138.850082397461,-16.8656177520752,0.32,3.51,4.57,7.29,5.56,10.55,3.18,2.72,3.96
"QLDNorth","Doomadgee",138.892303466797,-16.8733081817627,0.32,3.5,4.56,7.39,5.63,10.74,3.21,2.74,3.99
"QLDNorth","Carpentaria",141.049575805664,-16.8861103057861,0.32,3.61,4.05,5.73,4.56,7.81,4.03,3.35,5.19
"QLDNorth","Cairns",145.999176025391,-16.9174575805664,0.32,2.3,3.05,118.74,62.29,287.35,11.93,8.53,18.92
"WANorth","Broome",122.530799865723,-16.841724395752,0.32,5.61,6.07,32.58,20.65,60.4,11.43,8.06,18.65
"WANorth","Broome",123.180473327637,-16.8580284118652,0.32,5.57,5.96,47.65,28.31,97.15,11.01,7.8,17.89
"WANorth","Derby-West Kimberley",123.741958618164,-16.8319988250732,0.32,5.61,5.86,33.21,21.39,59.79,19.15,12.78,33.44
"QLDNorth","Burke",138.785995483398,-16.8390083312988,0.32,3.51,4.13,7.24,5.53,10.46,4.07,3.36,5.3
"QLDNorth","Carpentaria",141.066116333008,-16.8559246063232,0.32,3.61,3.91,5.75,4.58,7.84,4.42,3.63,5.78
"QLDNorth","Yarrabah",145.912048339844,-16.8647308349609,0.32,2.3,3.06,120.4,63.11,291.55,13.99,9.82,22.73
"QLDNorth","Yarrabah",145.929809570312,-16.8617134094238,0.32,2.3,3.1,116.24,61.28,279.15,12.98,9.21,20.78
"WANorth","Broome",122.552360534668,-16.8030338287354,0.32,5.6,6.47,34.44,21.64,64.68,5.77,4.49,8.21
"WANorth","Broome",123.154022216797,-16.7992839813232,0.32,5.56,5.98,51.27,30.28,105.21,10.86,7.7,17.6
"WANorth","Derby-West Kimberley",123.67862701416,-16.7564373016357,0.32,5.62,5.83,31.27,20.31,55.61,22.7,14.86,40.59
"WANorth","Derby-West Kimberley",123.710670471191,-16.7799625396729,0.32,5.59,5.83,39.09,24.49,73.24,22.58,14.83,40.2
"QLDNorth","Burke",138.382385253906,-16.7451858520508,0.32,3.51,4.51,7.34,5.59,10.65,3.29,2.8,4.11
"QLDNorth","Burke",138.429443359375,-16.7687435150146,0.32,3.51,4.71,7.25,5.54,10.51,2.96,2.55,3.63
"QLDNorth","Burke",138.473739624023,-16.7738361358643,0.32,3.5,4.68,7.42,5.65,10.79,3.01,2.59,3.7
"QLDNorth","Burke",138.525970458984,-16.7795276641846,0.32,3.5,4.37,7.44,5.66,10.83,3.49,2.94,4.41
"QLDNorth","Burke",138.579299926758,-16.7746887207031,0.32,3.5,3.91,7.52,5.72,10.95,4.84,3.9,6.49
"QLDNorth","Burke",138.636611938477,-16.7679862976074,0.32,3.49,4.49,7.57,5.76,11.04,3.31,2.81,4.13
"QLDNorth","Burke",138.680358886719,-16.7960319519043,0.32,3.52,4.22,7.12,5.46,10.26,3.8,3.17,4.87
"QLDNorth","Burke",138.737106323242,-16.8132152557373,0.32,3.51,3.91,7.31,5.58,10.6,4.82,3.89,6.47
"QLDNorth","Carpentaria",141.103515625,-16.7927532196045,0.32,3.62,4.23,5.62,4.48,7.64,3.63,3.06,4.59
"QLDNorth","Cairns",145.726104736328,-16.8030052185059,0.32,2.3,2.95,116.8,61.55,280.68,14.9,10.32,24.69
"QLDNorth","Cairns",145.737869262695,-16.8133316040039,0.32,2.3,2.95,116.19,61.27,278.91,14.91,10.32,24.71
"WANorth","Broome",122.583396911621,-16.7595157623291,0.32,5.59,6.44,37.99,23.42,73.42,5.85,4.54,8.35
"WANorth","Broome",122.612152099609,-16.7646045684814,0.32,5.6,6,36.88,22.82,70.92,12.3,8.59,20.32
"WANorth","Broome",122.693992614746,-16.7739105224609,0.32,5.6,6,34.91,21.76,66.45,12.53,8.74,20.76
"WANorth","Broome",122.743278503418,-16.7536392211914,0.32,5.61,5.99,33.42,20.96,63.09,12.77,8.88,21.25
"WANorth","Broome",123.140037536621,-16.7331829071045,0.32,5.57,5.93,48.57,29.13,97.2,12.83,8.9,21.39
"WANorth","Derby-West Kimberley",123.621742248535,-16.6970691680908,0.32,5.59,5.71,38,23.93,70.61,40.72,24.86,79.74
"QLDNorth","Carpentaria",141.156280517578,-16.7444496154785,0.32,3.61,4.03,5.74,4.56,7.83,4.05,3.37,5.2
"QLDNorth","Cairns",145.689025878906,-16.7297172546387,0.32,2.31,2.77,114.92,60.69,275.31,24.59,15.8,45.34
"WANorth","Broome",122.739082336426,-16.6962604522705,0.32,5.6,6.04,36.09,22.39,69.15,12.4,8.65,20.53
"WANorth","Broome",123.093902587891,-16.7009868621826,0.32,5.6,6.02,36.28,22.84,67.67,9.56,6.92,15.02
"WANorth","Derby-West Kimberley",123.527755737305,-16.6688785552979,0.32,5.58,5.73,44.53,27.41,85.43,42.24,25.55,84.01
"QLDNorth","Burke",138.204544067383,-16.6965427398682,0.32,3.51,3.94,7.27,5.55,10.55,4.72,3.82,6.33
"QLDNorth","Mornington",139.103439331055,-16.673942565918,0.32,3.42,4.38,9.44,6.95,14.38,3.69,3.09,4.72
"QLDNorth","Mornington",139.483444213867,-16.6868915557861,0.32,3.61,3.94,5.69,4.5,7.87,4.18,3.45,5.44
"QLDNorth","Carpentaria",141.201629638672,-16.6889476776123,0.32,3.6,4.12,5.83,4.63,7.98,3.83,3.21,4.88
"QLDNorth","Cairns",145.686981201172,-16.7215843200684,0.32,2.3,2.77,118.06,62.12,284.26,25.24,16.15,46.79
"WANorth","Broome",122.758804321289,-16.6481990814209,0.32,5.59,6.38,38.03,23.4,73.71,6.41,4.93,9.25
"WANorth","Broome",123.038879394531,-16.6411304473877,0.32,5.6,5.98,35.72,22.45,66.9,10.87,7.72,17.57
"WANorth","Derby-West Kimberley",123.477340698242,-16.6396064758301,0.32,5.57,5.71,45.99,28.15,89,49.87,29.13,104.7
"QLDNorth","Burke",138.109039306641,-16.6342353820801,0.32,3.51,3.88,7.31,5.57,10.63,4.98,4,6.75
"QLDNorth","Burke",138.141159057617,-16.6566505432129,0.32,3.51,4.06,7.26,5.54,10.54,4.31,3.53,5.68
NA,"Mornington",139.094833374023,-16.6291751861572,0.32,3.42,4.45,9.36,6.91,14.21,3.55,2.99,4.5
"QLDNorth","Mornington",139.505645751953,-16.6401557922363,0.32,3.61,4.44,5.69,4.5,7.84,3.06,2.64,3.75
"QLDNorth","Carpentaria",141.220474243164,-16.645679473877,0.32,3.59,4.25,5.98,4.73,8.22,3.59,3.04,4.52
"QLDNorth","Douglas",145.626510620117,-16.6954975128174,0.32,2.3,3.01,118.28,62.25,284.63,14.39,9.98,23.83
"WANorth","Broome",122.767601013184,-16.5899047851562,0.32,5.58,6.37,41.78,25.39,82.44,6.63,5.08,9.63
"WANorth","Broome",123.041023254395,-16.6141128540039,0.32,5.6,5.97,36.25,22.75,67.98,11.4,8.04,18.61
"WANorth","Derby-West Kimberley",123.402015686035,-16.5954914093018,0.32,5.56,5.75,55.37,33.27,109.54,34.86,20.96,71.14
"QLDNorth","Burke",138.054504394531,-16.585880279541,0.32,3.51,3.72,7.26,5.53,10.54,5.71,4.5,7.94
"QLDNorth","Mornington",139.134765625,-16.5949783325195,0.32,3.42,3.84,9.47,6.98,14.4,5.66,4.46,7.84
"QLDNorth","Mornington",139.533416748047,-16.5946025848389,0.32,3.61,4.43,5.75,4.54,7.94,3.09,2.66,3.79
"QLDNorth","Carpentaria",141.229339599609,-16.5890846252441,0.32,3.58,4.28,6.08,4.8,8.37,3.52,2.98,4.42
"QLDNorth","Douglas",145.550155639648,-16.6172313690186,0.32,2.3,2.9,112.67,59.73,268.32,18.36,12.27,32.07
"WANorth","Broome",122.802848815918,-16.5510406494141,0.32,5.58,6.27,42.33,25.69,83.64,7.62,5.71,11.42
"WANorth","Broome",123.010116577148,-16.5286808013916,0.32,5.6,5.88,34.82,21.96,64.95,16.05,10.8,27.92
"WANorth","Derby-West Kimberley",123.426895141602,-16.5296878814697,0.32,5.56,5.7,54.86,33.11,107.8,47.51,27.42,102.44
"QLDNorth","Burke",138.031524658203,-16.5585155487061,0.32,3.51,3.74,7.28,5.55,10.58,5.62,4.44,7.8
"QLDNorth","Mornington",139.182846069336,-16.5619888305664,0.32,3.4,4.37,10.1,7.35,15.63,3.81,3.17,4.89
"QLDNorth","Mornington",139.554794311523,-16.5441150665283,0.32,3.61,4.21,5.71,4.52,7.87,3.49,2.95,4.38
"QLDNorth","Mornington",139.640274047852,-16.5737686157227,0.32,3.6,3.87,5.81,4.58,8.03,4.5,3.68,5.92
"QLDNorth","Carpentaria",141.271575927734,-16.54079246521,0.32,3.59,4.61,6.01,4.76,8.26,3.08,2.65,3.78
"QLDNorth","Douglas",145.504592895508,-16.550365447998,0.32,2.3,2.83,109.83,58.47,260.02,20.52,13.54,36.42
"WANorth","Broome",122.856956481934,-16.5005264282227,0.32,5.58,6.28,41.59,25.33,81.74,7.64,5.72,11.45
"WANorth","Broome",123.044677734375,-16.4756278991699,0.32,5.6,5.82,36.57,22.94,68.63,23.52,15.03,43.94
"WANorth","Derby-West Kimberley",123.427047729492,-16.498477935791,0.32,5.56,5.93,53.88,32.49,106.11,14.55,9.89,25.04
"NT","Roper Gulf",137.948471069336,-16.4930438995361,0.32,3.51,4.13,7.16,5.47,10.4,4.08,3.36,5.35
"NT","Roper Gulf",137.986282348633,-16.5220470428467,0.32,3.51,4.12,7.31,5.57,10.65,4.12,3.39,5.41
"QLDNorth","Mornington",139.221939086914,-16.4744396209717,0.32,3.46,4.02,8.33,6.26,12.28,4.71,3.82,6.29
"QLDNorth","Mornington",139.733795166016,-16.4616641998291,0.32,3.58,5.22,6.11,4.82,8.42,2.43,2.16,2.85
"QLDNorth","Douglas",145.473693847656,-16.4987049102783,0.32,2.3,2.52,106.14,56.77,249.57,50.39,29.61,104.57
"WANorth","Broome",122.892707824707,-16.4416065216064,0.32,5.6,6.4,35.71,22.18,68.34,6.26,4.82,9.03
"WANorth","Broome",123.053565979004,-16.4397144317627,0.32,5.57,6.34,46.66,28.23,92.17,5.63,4.39,7.96
"WANorth","Derby-West Kimberley",123.479637145996,-16.4148178100586,0.32,5.62,5.92,31.36,20.03,57.47,18.83,12.49,33.29
"NT","Roper Gulf",137.893630981445,-16.4424781799316,0.32,2.31,3.4,7.18,5.47,10.43,3.21,2.73,4.02
"QLDNorth","Mornington",139.308975219727,-16.4366893768311,0.32,3.53,4.08,6.95,5.38,9.86,4.33,3.56,5.69
"QLDNorth","Mornington",139.36604309082,-16.4459438323975,0.32,3.54,4.15,6.77,5.26,9.55,4.08,3.38,5.29
"QLDNorth","Mornington",139.394424438477,-16.4029521942139,0.32,3.52,4.13,7.1,5.48,10.08,4.22,3.48,5.5
"QLDNorth","Mornington",139.715118408203,-16.4232425689697,0.32,3.56,5.15,6.41,5.02,8.93,2.51,2.22,2.96
"QLDNorth","Carpentaria",141.302947998047,-16.4548301696777,0.32,3.57,4.58,6.32,4.96,8.76,3.14,2.7,3.87
"QLDNorth","Douglas",145.413314819336,-16.4441947937012,0.32,2.3,3.1,106.39,56.87,250.41,10.99,7.93,17.22
"WANorth","Broome",123.036972045898,-16.390869140625,0.32,5.57,6.75,45.43,27.65,88.93,3.64,3.03,4.69
"WANorth","Derby-West Kimberley",123.528800964355,-16.3856620788574,0.32,5.63,5.9,28.49,18.38,51.58,17.19,11.67,29.23
"WANorth","Derby-West Kimberley",124.572593688965,-16.4047241210938,0.32,5.42,5.45,631.92,261.79,2124.61,481.31,208.79,1512.18
"WANorth","Derby-West Kimberley",124.624954223633,-16.3990993499756,0.32,5.42,5.44,614.49,256.64,2038.7,562.7,237.82,1836.67
"NT","Roper Gulf",137.843139648438,-16.3875751495361,0.32,2.32,3.81,6.98,5.34,10.1,2.74,2.38,3.33
"QLDNorth","Mornington",139.448699951172,-16.3945960998535,0.32,3.51,4.58,7.21,5.55,10.26,3.28,2.8,4.09
"QLDNorth","Mornington",139.506072998047,-16.3825073242188,0.32,3.53,4.26,6.8,5.29,9.57,3.76,3.15,4.78
"QLDNorth","Mornington",139.564331054688,-16.3767108917236,0.32,3.55,4.75,6.6,5.15,9.23,2.95,2.55,3.59
"QLDNorth","Mornington",139.626251220703,-16.3750514984131,0.32,3.57,4.77,6.28,4.93,8.72,2.86,2.49,3.46
"QLDNorth","Carpentaria",141.296936035156,-16.3879909515381,0.32,3.57,4.45,6.26,4.92,8.66,3.32,2.83,4.13
"QLDNorth","Douglas",145.420806884766,-16.3844795227051,0.32,2.31,3.07,103.81,55.7,243.09,11.63,8.3,18.52
"WANorth","Broome",122.928512573242,-16.3830013275146,0.32,5.63,7.1,27.29,17.63,49.38,3.14,2.68,3.92
"WANorth","Broome",123.008804321289,-16.3651638031006,0.32,5.63,6.99,27.33,17.78,48.87,3.24,2.75,4.06
"WANorth","Derby-West Kimberley",123.510055541992,-16.3647518157959,0.32,5.64,5.91,26.71,17.38,47.79,16.96,11.53,28.83
"WANorth","Derby-West Kimberley",124.230072021484,-16.3460998535156,0.32,5.75,5.85,13.72,9.75,21.79,14.1,9.87,22.96
"WANorth","Derby-West Kimberley",124.337013244629,-16.3533782958984,0.32,5.77,5.87,12.49,9.03,19.34,13.63,9.58,22.07
"NT","Roper Gulf",137.798065185547,-16.3308277130127,0.32,2.31,3.04,7.14,5.45,10.38,3.88,3.21,5.05
"QLDNorth","Carpentaria",141.316589355469,-16.3420944213867,0.32,3.56,4.43,6.34,4.98,8.8,3.37,2.87,4.21
"QLDNorth","Douglas",145.437911987305,-16.3215923309326,0.32,2.31,2.49,99.31,53.68,230.07,57.33,33.11,121.75
"WANorth","Derby-West Kimberley",124.182273864746,-16.3045463562012,0.32,5.74,5.86,14.73,10.31,23.95,13.78,9.65,22.49
"WANorth","Derby-West Kimberley",124.370468139648,-16.30246925354,0.32,5.77,5.89,12.64,9.09,19.71,12.61,8.99,20.04
"NT","Roper Gulf",137.776031494141,-16.2903213500977,0.32,2.3,3.13,7.45,5.65,10.91,3.74,3.11,4.83
"QLDNorth","Carpentaria",141.331832885742,-16.2933940887451,0.32,3.56,3.92,6.37,5,8.85,4.52,3.7,5.91
"QLDNorth","Douglas",145.472015380859,-16.2848663330078,0.32,2.31,2.44,101.59,54.75,236.27,71.21,40.04,156.68
"WANorth","Derby-West Kimberley",123.464195251465,-16.2380619049072,0.32,5.58,6,43.34,26.35,85.22,14.24,9.94,23.3
"WANorth","Derby-West Kimberley",123.998580932617,-16.2509937286377,0.32,5.72,5.95,16.4,11.31,27.17,12.05,8.49,19.6
"WANorth","Derby-West Kimberley",124.046356201172,-16.2391033172607,0.32,5.72,5.97,15.75,10.93,25.9,10.75,7.72,17.02
"WANorth","Derby-West Kimberley",124.106101989746,-16.2285804748535,0.32,5.72,5.92,15.72,10.91,25.87,12.72,8.98,20.54
"WANorth","Derby-West Kimberley",124.146224975586,-16.244119644165,0.32,5.73,5.87,15.46,10.74,25.4,15.42,10.54,26.13
"NT","Roper Gulf",137.735229492188,-16.2372245788574,0.32,2.27,3.68,8.2,6.15,12.21,2.96,2.55,3.63
"QLDNorth","Carpentaria",141.344482421875,-16.2220611572266,0.32,3.56,5.04,6.36,4.99,8.83,2.75,2.4,3.32
"WANorth","Derby-West Kimberley",123.46981048584,-16.2051620483398,0.32,5.64,6.07,25.57,16.67,45.75,10.16,7.41,15.68
"WANorth","Derby-West Kimberley",123.890998840332,-16.1812705993652,0.32,5.72,6.1,16.07,11.19,26.25,8.27,6.12,12.58
"WANorth","Derby-West Kimberley",123.949371337891,-16.1897735595703,0.32,5.71,6.06,16.43,11.37,27.09,9.28,6.75,14.47
"WANorth","Derby-West Kimberley",124.384140014648,-16.1881065368652,0.32,5.74,5.95,14.6,10.2,23.84,11.24,8.08,17.67
"NT","Roper Gulf",137.585739135742,-16.1782817840576,0.32,2.23,2.99,9.24,6.8,14.11,4.23,3.47,5.54
"NT","Roper Gulf",137.62516784668,-16.1928215026855,0.32,2.23,3,9.25,6.81,14.13,4.2,3.45,5.49
"NT","Roper Gulf",137.675552368164,-16.215633392334,0.32,2.22,2.8,9.38,6.89,14.37,4.86,3.92,6.54
"QLDNorth","Carpentaria",141.367401123047,-16.18971824646,0.32,3.56,5.03,6.37,5,8.85,2.76,2.41,3.34
"QLDNorth","Douglas",145.470916748047,-16.209602355957,0.32,2.3,2.52,108.69,57.98,256.48,55.63,32.33,117.04
"WANorth","Derby-West Kimberley",123.523788452148,-16.1400356292725,0.32,5.67,6.04,21.12,14.14,36.4,10.09,7.28,15.9
"WANorth","Derby-West Kimberley",123.58341217041,-16.1436748504639,0.32,5.68,6.05,19.74,13.38,33.4,10.76,7.75,16.92
"WANorth","Derby-West Kimberley",123.629730224609,-16.1565017700195,0.32,5.7,5.95,18.28,12.56,30.32,13.74,9.51,22.91
"WANorth","Derby-West Kimberley",123.801727294922,-16.1375675201416,0.32,5.72,6.15,16.29,11.35,26.55,7.73,5.75,11.75
"WANorth","Derby-West Kimberley",124.400367736816,-16.1646690368652,0.32,5.74,5.95,14.63,10.21,23.93,11.15,8.02,17.55
"NT","Roper Gulf",137.377471923828,-16.1210117340088,0.32,2.25,2.9,8.54,6.34,12.91,4.52,3.67,6.02
"NT","Roper Gulf",137.422714233398,-16.1368770599365,0.32,2.25,2.89,8.73,6.46,13.24,4.57,3.71,6.1
"QLDNorth","Carpentaria",141.388519287109,-16.1479759216309,0.32,3.55,4.71,6.47,5.07,9.02,3.09,2.65,3.81
"QLDNorth","Douglas",145.466705322266,-16.1219749450684,0.32,2.3,2.48,108.4,57.84,255.77,64.99,37.17,139.36
"WANorth","Derby-West Kimberley",123.690673828125,-16.1033382415771,0.32,5.7,6.33,18.12,12.44,30.12,5.75,4.48,8.15
"WANorth","Derby-West Kimberley",123.783554077148,-16.1084957122803,0.32,5.7,6.34,17.35,11.95,28.74,5.55,4.35,7.8
"WANorth","Derby-West Kimberley",124.438056945801,-16.0885257720947,0.32,5.76,5.92,13.37,9.46,21.43,12.13,8.66,19.22
"WANorth","Derby-West Kimberley",124.480964660645,-16.0828495025635,0.32,5.76,5.82,13,9.25,20.67,13.32,9.46,21.22
"WANorth","Derby-West Kimberley",124.484535217285,-16.0912246704102,0.32,5.77,5.82,12.87,9.18,20.4,13.21,9.39,21
"WANorth","Derby-West Kimberley",124.582328796387,-16.0861358642578,0.32,5.77,5.83,12.34,8.9,19.21,12.54,8.99,19.69
"NT","Roper Gulf",137.314041137695,-16.0900917053223,0.32,2.26,3.22,8.34,6.22,12.52,3.71,3.1,4.76
"QLDNorth","Carpentaria",141.423645019531,-16.0846576690674,0.32,3.55,4.7,6.59,5.15,9.22,3.12,2.68,3.86
"QLDNorth","Douglas",145.476913452148,-16.0783138275146,0.32,2.3,2.47,111.59,59.27,264.99,67.78,38.61,146.1
"WANorth","Wyndham-East Kimberley",124.507705688477,-16.0009384155273,0.32,5.79,5.84,11.75,8.49,18.25,11.97,8.62,18.72
"WANorth","Derby-West Kimberley",124.578079223633,-16.0340747833252,0.32,5.78,5.84,11.89,8.58,18.55,11.47,8.31,17.79
"QLDNorth","Carpentaria",141.412094116211,-16.0328712463379,0.32,3.54,3.9,6.7,5.22,9.39,4.79,3.89,6.35
"QLDNorth","Douglas",145.469268798828,-16.0456676483154,0.32,2.3,2.53,112.02,59.46,266.26,58.46,33.96,122.64
"WANorth","Wyndham-East Kimberley",124.469848632812,-15.9841394424438,0.32,5.74,5.93,14.53,10.21,23.46,11.23,8.18,17.26
"NT","Roper Gulf",136.775665283203,-15.9081058502197,0.32,2.32,3.41,7.05,5.38,10.23,3.05,2.61,3.76
"NT","Roper Gulf",137.174819946289,-15.9785556793213,0.32,2.26,2.79,8.36,6.24,12.49,4.94,3.96,6.69
"NT","Roper Gulf",137.203567504883,-15.9930019378662,0.32,2.25,2.79,8.55,6.37,12.85,4.97,3.99,6.75
"QLDNorth","Carpentaria",141.398162841797,-15.9851207733154,0.32,3.52,3.82,6.99,5.41,9.88,5.14,4.14,6.89
"QLDNorth","Douglas",145.451736450195,-16.007360458374,0.32,2.3,2.45,116.17,61.32,278.32,70.79,40.4,151.57
"WANorth","Wyndham-East Kimberley",124.447868347168,-15.9390983581543,0.32,5.75,5.91,13.5,9.54,21.68,12.55,8.95,19.91
"QLDNorth","Carpentaria",141.376220703125,-15.9288063049316,0.32,3.52,4.75,7.1,5.49,10.05,3.16,2.7,3.9
"QLDNorth","Douglas",145.425979614258,-15.9622201919556,0.32,2.3,2.43,112.38,59.62,267.33,74.66,42.37,160.99
"WANorth","Wyndham-East Kimberley",124.418724060059,-15.8794136047363,0.32,5.75,5.87,13.9,9.79,22.43,12.69,9.1,19.91
"QLDNorth","Carpentaria",141.395263671875,-15.8902997970581,0.32,3.53,4.09,6.85,5.32,9.64,4.38,3.59,5.74
"QLDNorth","Cook",145.369812011719,-15.8689947128296,0.32,2.24,2.86,111.16,59.08,263.73,27.77,17.81,50.93
"WANorth","Wyndham-East Kimberley",124.400871276855,-15.8417091369629,0.32,5.74,5.89,14.28,10,23.25,15.11,10.46,25.02
"NT","Roper Gulf",137.051300048828,-15.8476610183716,0.32,2.26,2.9,8.29,6.23,12.29,4.45,3.63,5.9
"QLDNorth","Carpentaria",141.408508300781,-15.8355550765991,0.32,3.52,4.08,6.98,5.41,9.86,4.48,3.66,5.9
"QLDNorth","Cook",145.38166809082,-15.8379240036011,0.32,2.24,2.85,112.97,59.93,268.62,28.45,18.19,52.35
"WANorth","Wyndham-East Kimberley",124.391937255859,-15.7801294326782,0.32,5.72,6.06,15.59,10.81,25.73,11.99,8.62,18.79
"NT","Roper Gulf",137.115844726562,-15.7986011505127,0.32,2.27,3.19,8.06,6.08,11.9,3.61,3.03,4.59
"QLDNorth","Carpentaria",141.415649414062,-15.7776660919189,0.32,3.51,4,7.21,5.56,10.25,4.79,3.88,6.38
"QLDNorth","Cook",145.443222045898,-15.754828453064,0.32,2.24,2.8,112.25,59.64,266.23,28.84,18.29,53.85
"WANorth","Wyndham-East Kimberley",124.383842468262,-15.7301540374756,0.32,5.71,5.84,16.56,11.42,27.45,17.18,11.81,28.58
"NT","Roper Gulf",136.50260925293,-15.6994524002075,0.32,2.2,3.1,10.18,7.37,15.94,3.8,3.15,4.94
"NT","Roper Gulf",136.530364990234,-15.7224197387695,0.32,2.2,3.18,10.13,7.34,15.82,3.63,3.03,4.64
"NT","Roper Gulf",136.583251953125,-15.7246532440186,0.32,2.2,3.17,10.2,7.39,15.95,3.67,3.06,4.7
"NT","Roper Gulf",137.107421875,-15.7500600814819,0.32,2.23,3.23,9.03,6.69,13.64,3.6,3.02,4.56
"QLDNorth","Carpentaria",141.415817260742,-15.7341289520264,0.32,3.51,3.99,7.31,5.63,10.43,4.86,3.93,6.5
"QLDNorth","Cook",145.440780639648,-15.7468500137329,0.32,2.23,2.78,122.78,64.39,296.62,32.39,20.28,61.48
"WANorth","Wyndham-East Kimberley",124.368858337402,-15.680926322937,0.32,5.71,5.86,17.22,11.82,28.68,16.15,11.24,26.37
"NT","Roper Gulf",136.482788085938,-15.6775360107422,0.32,2.19,2.74,10.53,7.58,16.61,5.1,4.05,7.02
"NT","Roper Gulf",136.633483886719,-15.6840410232544,0.32,2.19,2.64,10.52,7.59,16.54,5.74,4.5,8.05
"NT","Roper Gulf",137.102600097656,-15.6938915252686,0.32,2.22,3.11,9.42,6.96,14.25,3.88,3.23,4.99
"QLDNorth","Carpentaria",141.420745849609,-15.6999979019165,0.32,3.5,4.04,7.4,5.68,10.59,4.75,3.85,6.34
"QLDNorth","Cook",145.357162475586,-15.698748588562,0.32,2.23,2.69,117.77,62.27,281.03,40.03,24.26,79.65
"WANorth","Wyndham-East Kimberley",124.379577636719,-15.6583852767944,0.32,5.7,5.83,17.85,12.2,29.92,17.91,12.23,30.09
"NT","Roper Gulf",136.423294067383,-15.6278944015503,0.32,2.19,2.69,10.77,7.71,17.15,5.38,4.24,7.48
"NT","Roper Gulf",136.684539794922,-15.6152477264404,0.32,2.19,3.35,10.7,7.7,16.89,3.4,2.88,4.29
"NT","Roper Gulf",137.087982177734,-15.6364164352417,0.32,2.2,2.62,10.17,7.39,15.81,5.82,4.58,8.07
"QLDNorth","Carpentaria",141.44123840332,-15.6337203979492,0.32,3.5,4.05,7.51,5.75,10.8,4.82,3.9,6.46
"QLDNorth","Cook",145.337219238281,-15.609429359436,0.32,2.23,2.38,121.17,63.91,289.89,64.67,37.66,134.22
"WANorth","Wyndham-East Kimberley",124.410972595215,-15.5899610519409,0.32,5.7,6.07,17.36,11.92,28.9,11.14,8.19,16.86
"NT","Roper Gulf",136.316452026367,-15.5838413238525,0.32,2.2,3.13,10.13,7.31,15.96,3.7,3.08,4.78
"NT","Roper Gulf",136.367736816406,-15.6125822067261,0.32,2.19,3.09,10.48,7.53,16.62,3.82,3.17,4.96
"NT","Roper Gulf",136.777084350586,-15.574107170105,0.32,2.18,3.05,10.99,7.87,17.44,4.13,3.39,5.41
"NT","Roper Gulf",136.833297729492,-15.5383195877075,0.32,2.17,3.06,11.34,8.09,18.11,4.1,3.38,5.37
"NT","Roper Gulf",136.904006958008,-15.5475959777832,0.32,2.22,2.83,9.6,7.05,14.7,4.63,3.76,6.17
"NT","Roper Gulf",136.937316894531,-15.5774364471436,0.32,2.19,3.32,10.56,7.64,16.5,3.37,2.86,4.22
"NT","Roper Gulf",137.014739990234,-15.586576461792,0.32,2.2,2.67,10.2,7.42,15.82,5.59,4.42,7.7
"NT","Roper Gulf",137.050201416016,-15.6158323287964,0.32,2.2,2.61,10.33,7.5,16.04,5.9,4.64,8.19
"QLDNorth","Carpentaria",141.450454711914,-15.5829486846924,0.32,3.49,4.04,7.71,5.88,11.14,4.93,3.97,6.63
"QLDNorth","Cook",145.330215454102,-15.5912666320801,0.32,2.23,2.73,123.37,64.94,295.92,37.39,22.79,73.93
"WANorth","Wyndham-East Kimberley",124.418167114258,-15.539116859436,0.32,5.72,5.83,16.23,11.28,26.58,18.03,12.21,30.76
"NT","Roper Gulf",136.270355224609,-15.5267705917358,0.32,2.21,2.62,9.79,7.1,15.33,5.51,4.33,7.73
"QLDNorth","Carpentaria",141.461395263672,-15.5369548797607,0.32,3.49,4.03,7.73,5.89,11.19,4.95,3.99,6.68
"QLDNorth","Cook",145.320785522461,-15.5653171539307,0.32,2.23,2.56,125.18,65.78,300.95,52.37,30.66,109.09
"WANorth","Wyndham-East Kimberley",124.443572998047,-15.4937057495117,0.32,5.71,6.08,16.74,11.59,27.52,12.09,8.8,18.52
"WANorth","Wyndham-East Kimberley",125.000709533691,-15.4780082702637,0.32,4.6,4.62,21.45,14.33,37.09,21.87,14.49,38.34
"WANorth","Wyndham-East Kimberley",125.047920227051,-15.468729019165,0.32,4.62,4.61,20.09,13.54,34.29,23.71,15.52,42.31
"NT","Roper Gulf",136.261825561523,-15.4813098907471,0.32,2.21,2.61,9.89,7.16,15.51,5.53,4.33,7.76
"QLDNorth","Carpentaria",141.469650268555,-15.5078430175781,0.32,3.48,4.03,7.82,5.94,11.35,4.99,4.01,6.73
"WANorth","Wyndham-East Kimberley",124.463150024414,-15.4064741134644,0.32,5.68,5.97,19.45,13.22,32.75,16.28,11.45,26.1
"WANorth","Wyndham-East Kimberley",124.99584197998,-15.4311647415161,0.32,4.61,4.62,20.39,13.7,34.96,22.4,14.78,39.51
"WANorth","Wyndham-East Kimberley",125.066184997559,-15.428539276123,0.32,4.62,4.62,19.49,13.19,33.11,21.51,14.26,37.72
"NT","Roper Gulf",136.219879150391,-15.4033269882202,0.32,2.2,2.65,10.17,7.33,16.07,5.36,4.22,7.5
"QLDNorth","Kowanyama",141.508316040039,-15.4334802627563,0.32,3.48,3.92,7.98,6.05,11.64,5.42,4.3,7.43
"WANorth","Wyndham-East Kimberley",124.356224060059,-15.3932209014893,0.32,5.69,5.98,18.36,12.56,30.66,15.69,11.09,24.99
"WANorth","Wyndham-East Kimberley",124.443748474121,-15.3779649734497,0.32,5.67,5.94,21.13,14.23,36.04,17.64,12.28,28.64
"WANorth","Wyndham-East Kimberley",125.003211975098,-15.3864412307739,0.32,4.6,4.6,21.54,14.35,37.43,23.99,15.68,42.87
"WANorth","Wyndham-East Kimberley",125.033515930176,-15.3738317489624,0.32,4.62,4.62,18.98,12.89,32.09,21.9,14.49,38.47
"WANorth","Wyndham-East Kimberley",128.090316772461,-15.3669605255127,0.32,4.38,4.45,301.81,140.71,855.14,223.17,106.45,618.52
"WANorth","Wyndham-East Kimberley",128.120590209961,-15.3749618530273,0.32,4.38,4.45,311.81,145.3,882.45,228.33,109.48,625.59
"NT","Roper Gulf",136.115036010742,-15.3544836044312,0.32,2.21,3.11,9.82,7.1,15.45,3.72,3.08,4.84
"NT","Roper Gulf",136.154373168945,-15.3790369033813,0.32,2.21,2.49,9.9,7.15,15.59,6.43,4.93,9.34
"QLDNorth","Kowanyama",141.528915405273,-15.3784799575806,0.32,3.47,3.92,8.1,6.12,11.89,5.43,4.31,7.46
"QLDNorth","Hope Vale",145.302627563477,-15.3452205657959,0.32,2.25,2.67,124.68,65.69,298.37,47.7,28.05,99.15
"WANorth","Wyndham-East Kimberley",124.32071685791,-15.3089828491211,0.32,5.66,6.55,22.81,15.09,40.02,5.33,4.21,7.41
"WANorth","Wyndham-East Kimberley",128.066925048828,-15.3209896087646,0.32,4.38,4.45,301.68,140.29,858.9,186.81,91.27,500.97
"WANorth","Wyndham-East Kimberley",128.124252319336,-15.3248014450073,0.32,4.38,4.44,352.96,160.52,1036.58,263.01,123.72,739.78
"WANorth","Wyndham-East Kimberley",128.128356933594,-15.3167791366577,0.32,4.37,4.43,390.87,174.94,1174.74,315.66,144.3,925.21
"NT","Roper Gulf",136.055770874023,-15.3226823806763,0.32,2.22,3.13,9.36,6.81,14.62,3.64,3.03,4.72
"QLDNorth","Kowanyama",141.540954589844,-15.3341646194458,0.32,3.46,3.91,8.34,6.27,12.32,5.51,4.37,7.58
"QLDNorth","Hope Vale",145.352462768555,-15.2814426422119,0.32,2.25,2.62,122.68,64.8,292.51,55.54,32.04,118.47
"WANorth","Wyndham-East Kimberley",124.343971252441,-15.2859258651733,0.32,5.64,6.47,27.05,17.52,48.8,5.65,4.42,7.94
"WANorth","Wyndham-East Kimberley",128.255874633789,-15.2712717056274,0.32,4.36,4.43,589.52,250.74,1895.38,316.1,142.92,945.89
"NT","Roper Gulf",135.992614746094,-15.2876634597778,0.32,2.23,3.13,9.11,6.64,14.18,3.64,3.02,4.73
"QLDNorth","Kowanyama",141.570571899414,-15.2726631164551,0.32,3.45,3.9,8.5,6.37,12.63,5.52,4.38,7.6
"QLDNorth","Hope Vale",145.360290527344,-15.2734632492065,0.32,2.25,2.61,136.97,71.12,334.7,53.26,31,112.06
"WANorth","Wyndham-East Kimberley",124.378463745117,-15.2625865936279,0.32,5.63,6.75,28.74,18.46,52.42,4.12,3.38,5.44
"WANorth","Wyndham-East Kimberley",124.414283752441,-15.2452163696289,0.32,5.62,7.65,31.35,19.87,58.28,2.44,2.16,2.9
"WANorth","Wyndham-East Kimberley",124.460670471191,-15.2325954437256,0.32,5.62,7.03,31.33,19.86,58.26,3.23,2.74,4.06
"WANorth","Wyndham-East Kimberley",124.546234130859,-15.2495212554932,0.32,4.57,5.23,28.18,18.18,51.05,6.81,5.2,9.93
"WANorth","Wyndham-East Kimberley",124.58065032959,-15.2420091629028,0.32,4.57,5.22,26.44,17.24,47.15,6.52,4.97,9.55
"WANorth","Wyndham-East Kimberley",124.621078491211,-15.2665252685547,0.32,4.58,5.55,25.44,16.69,44.97,4.18,3.39,5.63
"WANorth","Wyndham-East Kimberley",124.679168701172,-15.2518796920776,0.32,4.58,4.95,25.34,16.63,44.78,11.11,7.93,17.76
"WANorth","Wyndham-East Kimberley",124.713401794434,-15.2531232833862,0.32,4.58,4.66,25.83,16.9,45.87,30,18.83,56.97
"WANorth","Wyndham-East Kimberley",124.784233093262,-15.2281265258789,0.32,4.58,5.01,25.98,16.97,46.28,10.38,7.55,16.09
"WANorth","Wyndham-East Kimberley",124.837158203125,-15.2363758087158,0.32,4.6,4.69,22.84,15.13,39.95,30.42,19.23,56.94
"NT","Roper Gulf",135.923324584961,-15.2407388687134,0.32,2.24,3.12,8.76,6.43,13.54,3.68,3.04,4.81
"QLDNorth","Kowanyama",141.574462890625,-15.2235231399536,0.32,3.45,3.89,8.73,6.51,13.05,5.6,4.43,7.73
"QLDNorth","Hope Vale",145.327423095703,-15.2295150756836,0.32,2.25,2.94,130.7,68.23,317.16,27.26,17.11,52.13
"WANorth","Wyndham-East Kimberley",124.837196350098,-15.1718883514404,0.32,4.58,4.99,25.77,16.78,46.19,11.41,8.19,18
"NT","Roper Gulf",135.844009399414,-15.1683340072632,0.32,2.25,3.11,8.6,6.32,13.24,3.74,3.08,4.91
"QLDNorth","Kowanyama",141.595138549805,-15.185079574585,0.32,3.44,3.98,8.76,6.52,13.15,5.17,4.13,7.02
"QLDNorth","Hope Vale",145.333099365234,-15.2225074768066,0.32,2.25,2.94,133.99,69.71,326.65,27.47,17.23,52.59
"WANorth","Wyndham-East Kimberley",124.855361938477,-15.1429424285889,0.32,4.58,5.08,25.55,16.71,45.42,9.17,6.77,13.92
"WANorth","Wyndham-East Kimberley",125.304618835449,-15.1396646499634,0.32,4.65,4.65,16.08,11.11,26.63,19.11,12.77,33.27
"WANorth","Wyndham-East Kimberley",125.365219116211,-15.1228294372559,0.32,4.67,4.7,15.21,10.61,24.8,15.21,10.53,25.2
"NT","Victoria Daly",129.229110717773,-15.0611801147461,0.32,4.43,5.21,129.07,68.93,300.59,8.65,6.46,12.91
"NT","Victoria Daly",129.627670288086,-15.1251249313354,0.32,4.52,5.18,41.53,25.97,77.78,8.21,6.12,12.35
"NT","Roper Gulf",135.742385864258,-15.1108503341675,0.32,2.24,3.12,8.86,6.45,13.85,3.75,3.09,4.93
"NT","Roper Gulf",135.779724121094,-15.1316137313843,0.32,2.25,3.12,8.7,6.36,13.52,3.74,3.08,4.91
"QLDNorth","Kowanyama",141.624618530273,-15.1111812591553,0.32,2.54,3.28,9.06,6.71,13.7,4.51,3.68,5.95
"QLDNorth","Hope Vale",145.26692199707,-15.0901155471802,0.32,2.25,2.8,124.73,65.63,299.15,33.18,20.33,65.56
"WANorth","Wyndham-East Kimberley",124.845108032227,-15.0398464202881,0.32,4.58,5.08,25.97,16.95,46.3,10.28,7.51,15.81
"WANorth","Wyndham-East Kimberley",125.261390686035,-15.0821933746338,0.32,4.63,4.67,18.34,12.43,31.16,20.72,13.62,37.02
"WANorth","Wyndham-East Kimberley",125.309417724609,-15.0748262405396,0.32,4.64,4.7,17.86,12.15,30.19,21.37,14.01,38.26
"WANorth","Wyndham-East Kimberley",125.366409301758,-15.0749502182007,0.32,4.65,4.68,16.36,11.28,27.12,17.57,11.92,29.91
"NT","Victoria Daly",129.252014160156,-15.0351524353027,0.32,4.43,5.37,131.24,71.21,296.77,6.03,4.74,8.36
"NT","Victoria Daly",129.529296875,-15.0264749526978,0.32,4.47,4.97,71.74,41.6,149.05,13.04,9.12,21.43
"NT","Victoria Daly",129.635375976562,-15.0729827880859,0.32,4.51,4.94,44.79,27.67,85.4,18.45,12.29,32.42
"NT","Roper Gulf",135.683929443359,-15.0744066238403,0.32,2.25,3.13,8.62,6.3,13.46,3.68,3.04,4.83
"QLDNorth","Kowanyama",141.639617919922,-15.0733003616333,0.32,2.54,3.28,9.23,6.81,14.03,4.5,3.68,5.94
"QLDNorth","Hope Vale",145.285614013672,-15.0589323043823,0.32,2.25,2.8,124.52,65.55,298.51,33.99,20.75,67.48
"WANorth","Wyndham-East Kimberley",124.898864746094,-15.0271453857422,0.32,4.58,4.94,25.84,16.89,45.97,15.2,10.63,24.67
"WANorth","Wyndham-East Kimberley",125.158798217773,-15.0236616134644,0.32,4.63,4.86,17.93,12.23,30.2,13.33,9.25,22.17
"WANorth","Wyndham-East Kimberley",125.227180480957,-14.9999437332153,0.32,4.63,4.71,18.39,12.48,31.2,22.03,14.41,39.55
"WANorth","Wyndham-East Kimberley",125.245780944824,-15.0001363754272,0.32,4.63,4.64,18.16,12.32,30.83,21.25,14.13,37.05
"WANorth","Wyndham-East Kimberley",128.104248046875,-15.0200548171997,0.32,4.45,4.59,86.2,47.34,195.64,56.68,32.05,125.47
"WANorth","Wyndham-East Kimberley",128.151580810547,-15.0434598922729,0.32,4.46,4.61,85.77,47.28,193.39,59.2,33.19,132.76
"WANorth","Wyndham-East Kimberley",128.215484619141,-15.0266199111938,0.32,4.45,4.65,93.3,50.85,213.67,58.2,32.39,132.61
"WANorth","Wyndham-East Kimberley",128.357131958008,-15.0189142227173,0.32,4.39,5.09,254.27,120.48,707.16,11.61,8.19,18.95
"NT","Victoria Daly",129.629501342773,-15.0235919952393,0.32,4.49,4.93,53.44,32.41,104.26,19.56,12.91,34.83
"NT","Roper Gulf",135.525787353516,-15.0083923339844,0.32,2.26,2.7,8.22,6.02,12.8,4.89,3.86,6.86
"NT","Roper Gulf",135.573394775391,-15.031590461731,0.32,2.26,2.72,8.4,6.14,13.1,4.92,3.88,6.9
"NT","Roper Gulf",135.638565063477,-15.0378141403198,0.32,2.25,3.14,8.59,6.27,13.42,3.69,3.05,4.85
"QLDNorth","Pormpuraaw",141.660873413086,-15.0223045349121,0.32,2.53,3.59,9.4,6.92,14.36,3.73,3.12,4.75
"QLDNorth","Hope Vale",145.338073730469,-14.9985475540161,0.32,2.25,2.84,133.32,69.44,324.47,31.42,19.47,60.96
"WANorth","Wyndham-East Kimberley",124.953239440918,-14.9682312011719,0.32,4.59,4.84,24.36,15.96,43.28,16.12,10.65,29.1
"WANorth","Wyndham-East Kimberley",125.014305114746,-14.9793424606323,0.32,4.59,4.97,24.07,15.81,42.63,9.95,7.17,15.73
"WANorth","Wyndham-East Kimberley",125.059196472168,-14.981104850769,0.32,4.6,5.02,22.54,14.91,39.57,8.98,6.57,13.94
"WANorth","Wyndham-East Kimberley",125.21174621582,-14.9692764282227,0.32,4.63,4.73,18.53,12.57,31.45,19.52,13.05,33.9
"WANorth","Wyndham-East Kimberley",128.115615844727,-14.9633541107178,0.32,4.46,4.63,79.16,44.11,175.9,51.58,29.38,113.45
"WANorth","Wyndham-East Kimberley",128.265228271484,-14.9804067611694,0.32,4.44,4.71,112.5,59.7,267.46,43.2,25.12,92.47
"WANorth","Wyndham-East Kimberley",128.327514648438,-14.9675893783569,0.32,4.42,4.81,148.65,75.55,376.04,32.5,19.77,65.19
"NT","Roper Gulf",135.472869873047,-14.9671669006348,0.32,2.28,2.84,7.91,5.82,12.25,4.27,3.44,5.8
"QLDNorth","Pormpuraaw",141.634017944336,-14.9669532775879,0.32,2.52,3.57,9.68,7.1,14.85,3.82,3.19,4.89
"QLDNorth","Hope Vale",145.355865478516,-14.9762773513794,0.32,2.24,2.86,143.63,74.02,354.8,27.83,17.48,53.1
"WANorth","Wyndham-East Kimberley",128.126541137695,-14.9274501800537,0.32,4.45,4.65,92.24,50.35,210.84,52.2,29.57,115.9
"NT","Roper Gulf",135.433349609375,-14.9105844497681,0.32,2.3,2.91,7.48,5.54,11.47,4.06,3.3,5.47
"QLDNorth","Pormpuraaw",141.608688354492,-14.9055852890015,0.32,2.52,3.09,9.97,7.28,15.38,5.27,4.2,7.17
"QLDNorth","Hope Vale",145.317611694336,-14.9490919113159,0.32,2.24,2.56,143.53,73.94,354.84,33.15,20.16,66.41
"WANorth","Wyndham-East Kimberley",125.209754943848,-14.8662157058716,0.32,4.61,4.71,21.16,14.13,36.66,25.72,16.55,47.08
"WANorth","Wyndham-East Kimberley",128.150115966797,-14.8587427139282,0.32,4.44,4.63,100.86,54.32,234.99,43.13,25.51,89.31
"WANorth","Wyndham-East Kimberley",128.806945800781,-14.8499422073364,0.32,4.46,5.27,81.34,46.46,172.44,7.34,5.59,10.68
"NT","Roper Gulf",135.423721313477,-14.8675756454468,0.32,2.3,3.11,7.47,5.53,11.46,3.76,3.08,5
"QLDNorth","Pormpuraaw",141.589569091797,-14.8615064620972,0.32,2.51,3.09,10.16,7.4,15.75,5.3,4.23,7.22
"QLDNorth","Hope Vale",145.222076416016,-14.8688898086548,0.32,2.24,2.81,144.46,74.58,355.48,25.61,16.22,48.38
"QLDNorth","Hope Vale",145.231597900391,-14.8859167098999,0.32,2.24,2.82,143.73,74.2,353.89,25.31,16.05,47.72
"WANorth","Wyndham-East Kimberley",125.15340423584,-14.8067455291748,0.32,4.59,5.03,23.36,15.42,41.1,11.13,8.07,17.24
"WANorth","Wyndham-East Kimberley",128.195236206055,-14.8283796310425,0.32,4.43,4.7,128.47,67.18,311.08,36.84,22,75.87
"WANorth","Wyndham-East Kimberley",128.527557373047,-14.7843637466431,0.32,4.44,4.5,100.94,54.7,232.51,95.49,50.74,229.06
"WANorth","Wyndham-East Kimberley",128.601577758789,-14.79909324646,0.32,4.43,4.61,122.63,65.12,289.5,62.91,34.62,145.64
"NT","West Daly",129.684432983398,-14.8089656829834,0.32,4.47,4.79,68.26,39.58,142.33,24.3,15.94,43.09
"NT","Roper Gulf",135.404830932617,-14.8228092193604,0.32,2.3,3.11,7.32,5.44,11.2,3.78,3.09,5.03
"QLDNorth","Pormpuraaw",141.578353881836,-14.8152437210083,0.32,2.51,3.58,10.34,7.51,16.09,3.81,3.18,4.86
"QLDNorth","Cook",145.107711791992,-14.8189258575439,0.32,2.25,2.84,130.78,68.39,316.32,21.7,14.01,39.97
"QLDNorth","Hope Vale",145.155731201172,-14.8298187255859,0.32,2.25,2.83,139.21,72.43,338.54,22.99,14.73,42.8
"WANorth","Wyndham-East Kimberley",125.15779876709,-14.771409034729,0.32,4.59,4.99,23.75,15.67,41.74,9.04,6.61,14
"WANorth","Wyndham-East Kimberley",128.211807250977,-14.7566795349121,0.32,4.42,4.47,138.03,71.91,335.05,110.69,58.86,262.47
"NT","West Daly",129.680160522461,-14.7723655700684,0.32,4.47,4.78,75.48,42.92,162,27.29,17.53,49.99
"NT","Roper Gulf",135.40104675293,-14.7666997909546,0.32,2.31,3.12,7.16,5.33,10.9,3.77,3.09,5.03
"QLDNorth","Pormpuraaw",141.563537597656,-14.7555322647095,0.32,2.5,3.85,10.61,7.67,16.61,3.37,2.86,4.19
"QLDNorth","Cook",145.004684448242,-14.765022277832,0.32,2.25,2.86,126.51,66.15,306.75,20.13,13.16,36.45
"QLDNorth","Cook",145.046966552734,-14.7957363128662,0.32,2.25,2.85,128.25,67.06,310.69,21.35,13.82,39.22
"WANorth","Wyndham-East Kimberley",125.162040710449,-14.7307987213135,0.32,4.58,5.2,25.49,16.77,44.81,8.08,6.1,11.9
"WANorth","Wyndham-East Kimberley",128.21858215332,-14.7112264633179,0.32,4.41,4.48,163.58,82.77,414.55,118.83,61.58,294.32
"NT","Roper Gulf",135.432189941406,-14.722728729248,0.32,2.32,3.11,7.08,5.28,10.74,3.78,3.09,5.05
"QLDNorth","Pormpuraaw",141.559204101562,-14.7273426055908,0.32,2.5,3.48,10.75,7.75,16.9,4.05,3.36,5.23
"QLDNorth","Cook",144.987640380859,-14.7468757629395,0.32,2.25,2.76,133.38,69.28,326.27,31.38,19.62,59.85
"WANorth","Wyndham-East Kimberley",125.128555297852,-14.6601362228394,0.32,4.57,5.09,27.11,17.66,48.35,10.43,7.63,15.99
"WANorth","Wyndham-East Kimberley",125.160118103027,-14.6572942733765,0.32,4.57,4.96,26.58,17.4,47.06,14.45,10.15,23.35
"WANorth","Wyndham-East Kimberley",128.201126098633,-14.7053632736206,0.32,4.42,4.7,142.65,73.45,353.1,38.96,23.17,80.49
"NT","Roper Gulf",135.452590942383,-14.6908016204834,0.32,2.32,3.12,7.04,5.26,10.67,3.75,3.07,5
"NT","Roper Gulf",135.470809936523,-14.6745538711548,0.32,2.32,2.46,7.05,5.27,10.68,5.99,4.57,8.8
"QLDNorth","Pormpuraaw",141.550689697266,-14.6618461608887,0.32,2.49,3.46,11.13,7.97,17.65,4.16,3.43,5.39
"QLDNorth","Cook",144.95671081543,-14.6787748336792,0.32,2.24,2.76,145.18,74.76,358.9,32.32,20.15,61.86
"WANorth","Wyndham-East Kimberley",125.084785461426,-14.6038780212402,0.32,4.55,5.3,31.83,20.2,58.98,6.61,5.09,9.46
"WANorth","Wyndham-East Kimberley",128.091583251953,-14.6392116546631,0.32,4.44,5.31,107.55,57.69,251.38,7.07,5.36,10.38
"WANorth","Wyndham-East Kimberley",128.13264465332,-14.6603422164917,0.32,4.44,5.02,114.4,60.71,271.63,12.65,8.85,20.81
"NT","West Daly",129.684371948242,-14.6120672225952,0.32,4.43,4.85,117.4,65.48,254.42,22.52,14.58,41.18
"NT","Roper Gulf",135.524978637695,-14.6124706268311,0.32,2.3,2.55,7.36,5.47,11.22,5.42,4.21,7.75
"QLDNorth","Pormpuraaw",141.548477172852,-14.6105136871338,0.32,2.48,3.46,11.24,8.03,17.89,4.14,3.43,5.37
"QLDNorth","Cook",144.940582275391,-14.6089067459106,0.32,2.23,2.78,170.53,86.27,431.03,33.69,20.91,64.8
"WANorth","Wyndham-East Kimberley",125.078704833984,-14.5518770217896,0.32,4.54,5.36,33.24,20.9,62.47,6.06,4.7,8.61
"WANorth","Wyndham-East Kimberley",128.000030517578,-14.5617656707764,0.32,4.44,4.88,110.02,59.37,253.96,17.19,11.58,29.7
"WANorth","Wyndham-East Kimberley",128.045211791992,-14.5876274108887,0.32,4.44,5.4,103.49,56.15,237.41,6.09,4.72,8.68
"NT","West Daly",129.531127929688,-14.5545520782471,0.32,4.45,4.86,87.29,50.16,182.33,20.28,13.29,36.52
"NT","West Daly",129.581802368164,-14.5655689239502,0.32,4.47,4.85,73.69,43.29,149.42,22.67,14.86,40.44
"NT","Roper Gulf",135.567230224609,-14.5412082672119,0.32,2.3,2.49,7.33,5.46,11.15,5.76,4.44,8.35
"QLDNorth","Pormpuraaw",141.536666870117,-14.5556573867798,0.32,2.48,3.45,11.55,8.22,18.49,4.21,3.47,5.46
"QLDNorth","Cook",144.880081176758,-14.5607309341431,0.32,2.23,2.7,174.92,88.33,442.98,34.64,21.32,67.56
"QLDNorth","Cook",144.893249511719,-14.5655660629272,0.32,2.23,2.71,179.41,90.19,457.35,33.66,20.83,65.14
"WANorth","Wyndham-East Kimberley",125.1201171875,-14.514669418335,0.32,4.55,5.37,33.15,20.91,61.97,6.1,4.74,8.68
"WANorth","Wyndham-East Kimberley",125.262313842773,-14.4960641860962,0.32,4.55,4.83,32.91,20.77,61.46,16.89,11.32,29.48
"WANorth","Wyndham-East Kimberley",125.319488525391,-14.5248193740845,0.32,4.54,5.28,33.32,20.95,62.65,5.53,4.31,7.88
"WANorth","Wyndham-East Kimberley",125.367393493652,-14.5112953186035,0.32,4.52,5.32,41.68,25.31,82.36,5.24,4.12,7.39
"WANorth","Wyndham-East Kimberley",125.427215576172,-14.5262870788574,0.32,4.52,4.91,42.29,25.66,83.57,12.5,8.67,20.93
"WANorth","Wyndham-East Kimberley",125.949760437012,-14.5220060348511,0.32,4.54,4.81,35.02,21.66,67.65,15.73,10.6,27.39
"WANorth","Wyndham-East Kimberley",126.010581970215,-14.5180864334106,0.32,4.54,4.6,34.74,21.52,66.92,41.19,24.63,83.85
"WANorth","Wyndham-East Kimberley",127.942878723145,-14.513729095459,0.32,4.44,4.58,113.51,61.48,259.74,64.31,37.24,134.9
"NT","West Daly",129.44775390625,-14.5041465759277,0.32,4.45,4.86,94.03,53.16,201.31,21.08,13.71,38.37
"NT","West Daly",129.479934692383,-14.5016145706177,0.32,4.45,4.88,87.59,49.99,185.18,19.19,12.62,34.41
"NT","Roper Gulf",135.578796386719,-14.5139532089233,0.32,2.31,3.16,7.3,5.44,11.09,3.72,3.05,4.93
"QLDNorth","Pormpuraaw",141.527404785156,-14.5103921890259,0.32,2.48,3.9,11.61,8.26,18.61,3.35,2.86,4.15
"QLDNorth","Cook",144.739639282227,-14.5463800430298,0.32,2.23,2.97,195.73,96.93,510.14,27.76,17.91,50.34
"QLDNorth","Cook",144.774948120117,-14.5439920425415,0.32,2.23,2.62,189.09,94.41,486.51,46.79,27.93,94.7
"WANorth","Wyndham-East Kimberley",125.131568908691,-14.4704513549805,0.32,4.54,5.52,34.48,21.53,65.48,4.79,3.83,6.56
"WANorth","Wyndham-East Kimberley",125.27473449707,-14.4618988037109,0.32,4.53,5,39.22,24,76.68,9.65,6.96,15.24
"WANorth","Wyndham-East Kimberley",125.482887268066,-14.480881690979,0.32,4.53,5.42,38.6,23.81,74.49,4.73,3.78,6.5
"WANorth","Wyndham-East Kimberley",125.520492553711,-14.4681940078735,0.32,4.55,5.44,31.36,20.05,57.38,4.64,3.72,6.32
"WANorth","Wyndham-East Kimberley",125.86164855957,-14.4677419662476,0.32,4.54,4.75,36,22.23,69.62,21.41,13.84,39.43
"WANorth","Wyndham-East Kimberley",125.997909545898,-14.4545955657959,0.32,4.54,4.6,35.66,22.03,68.96,45.06,26.27,95.71
"WANorth","Wyndham-East Kimberley",127.930953979492,-14.5009260177612,0.32,4.44,5.1,110.43,60.22,249.97,9.7,7.05,15.12
"NT","West Daly",129.366073608398,-14.4294281005859,0.32,4.45,5.08,98.41,55.28,212.6,10.82,7.78,17.08
"NT","Roper Gulf",135.625366210938,-14.4839658737183,0.32,2.29,3.05,7.57,5.62,11.55,4.07,3.29,5.51
"QLDNorth","Pormpuraaw",141.526031494141,-14.4617919921875,0.32,2.48,3.91,11.61,8.26,18.59,3.33,2.84,4.12
"QLDNorth","Cook",143.846130371094,-14.4575262069702,0.32,2.27,2.71,102.48,54.71,242.4,20.55,13.4,37.32
"QLDNorth","Cook",143.895843505859,-14.4822654724121,0.32,2.25,2.68,120.26,62.7,294.14,19.79,12.95,35.8
"QLDNorth","Cook",143.938598632812,-14.4828338623047,0.32,2.26,2.67,115.96,60.9,280.47,19.39,12.74,34.85
"QLDNorth","Cook",144.004318237305,-14.4783716201782,0.32,2.26,2.66,110.13,58.15,264.61,19.97,13.04,36.25
"QLDNorth","Cook",144.050003051758,-14.4639005661011,0.32,2.26,2.65,109.46,57.83,262.85,19.79,12.93,35.89
"QLDNorth","Cook",144.09049987793,-14.4441137313843,0.32,2.26,2.64,106.12,56.3,253.35,21.13,13.69,38.75
"QLDNorth","Cook",144.660003662109,-14.5000143051147,0.32,2.22,3.06,218.58,106.34,584.44,23.17,15.33,40.59
"WANorth","Wyndham-East Kimberley",125.152992248535,-14.4271259307861,0.32,4.54,5.5,33.27,20.93,62.49,4.86,3.88,6.66
"WANorth","Wyndham-East Kimberley",125.198593139648,-14.4466991424561,0.32,4.55,5.3,31.95,20.21,59.55,5.71,4.45,8.12
"WANorth","Wyndham-East Kimberley",125.596481323242,-14.4360542297363,0.32,4.53,4.55,37.68,23.22,72.91,55.94,32.16,120.09
"WANorth","Wyndham-East Kimberley",125.736625671387,-14.406229019165,0.32,4.53,4.64,36.19,22.36,69.94,38.68,23.72,75.42
"WANorth","Wyndham-East Kimberley",125.759918212891,-14.4194965362549,0.32,4.53,4.64,36.51,22.51,70.72,39.28,23.92,77.51
"WANorth","Wyndham-East Kimberley",125.813087463379,-14.4428367614746,0.32,4.53,4.6,36.9,22.7,71.74,53.68,30.47,118.42
"WANorth","Wyndham-East Kimberley",125.943725585938,-14.396312713623,0.32,4.53,4.75,37.36,22.94,72.87,23.03,14.8,42.64
"WANorth","Wyndham-East Kimberley",127.869132995605,-14.4294986724854,0.32,4.44,5.06,107.17,59.51,235.22,9.83,7.15,15.27
"NT","West Daly",129.354202270508,-14.4140396118164,0.32,4.47,4.74,73.94,43.14,151.71,29.76,18.42,58.07
"NT","Roper Gulf",135.675582885742,-14.4104404449463,0.32,2.29,3.04,7.69,5.7,11.75,4.11,3.32,5.57
"QLDNorth","Pormpuraaw",141.536483764648,-14.4148235321045,0.32,2.47,3.84,11.77,8.36,18.9,3.47,2.95,4.33
"QLDNorth","Cook",143.791213989258,-14.4109144210815,0.32,2.26,2.94,103.9,55.22,247.61,13.91,9.58,23.41
"QLDNorth","Cook",144.63346862793,-14.4088802337646,0.32,2.22,2.35,224.26,108.65,603.34,121.52,65.28,281.08
"WANorth","Wyndham-East Kimberley",125.573066711426,-14.3610992431641,0.32,4.54,4.55,35.67,22.22,67.93,55.31,31.99,117.41
"WANorth","Wyndham-East Kimberley",125.721366882324,-14.3566665649414,0.32,4.53,4.64,36.81,22.7,71.28,38.83,23.85,75.45
"WANorth","Wyndham-East Kimberley",125.943374633789,-14.3472080230713,0.32,4.53,4.75,36.44,22.46,70.7,23.36,14.92,43.72
"WANorth","Wyndham-East Kimberley",127.786949157715,-14.3601789474487,0.32,4.45,4.63,96.32,55,202.42,38.46,24.04,72.38
"NT","West Daly",129.357345581055,-14.3789148330688,0.32,4.47,4.74,74.23,42.81,155.44,30.67,18.86,60.51
"NT","Roper Gulf",135.690505981445,-14.3648252487183,0.32,2.28,3.05,7.76,5.75,11.87,4.13,3.34,5.6
"QLDNorth","Pormpuraaw",141.546737670898,-14.3721208572388,0.32,2.47,3.84,11.76,8.36,18.86,3.45,2.93,4.3
"QLDNorth","Cook",143.766632080078,-14.372615814209,0.32,2.26,2.68,107.56,57,257.18,22.83,14.73,41.97
"QLDNorth","Cook",144.168395996094,-14.3686866760254,0.32,2.25,2.56,125.7,65.54,306.5,23.2,14.82,43.43
"QLDNorth","Cook",144.629440307617,-14.3544597625732,0.32,2.22,2.61,208.32,102.25,549.72,54.92,32.02,114.95
"WANorth","Wyndham-East Kimberley",125.580001831055,-14.3071508407593,0.32,4.54,5.29,35.62,22.19,67.77,6.25,4.82,8.99
"WANorth","Wyndham-East Kimberley",125.727348327637,-14.30442237854,0.32,4.52,4.68,39.55,24.14,77.67,33.76,20.73,66.29
"WANorth","Wyndham-East Kimberley",126.016021728516,-14.2939434051514,0.32,4.53,4.63,39.03,23.86,76.47,39.49,23.88,78.93
"WANorth","Wyndham-East Kimberley",127.774642944336,-14.3200511932373,0.32,4.45,4.94,94.89,54.44,197.89,12.25,8.69,19.66
"NT","West Daly",129.381134033203,-14.3171844482422,0.32,4.46,4.63,76.64,43.58,164.41,45.48,26.99,93.26
"NT","East Arnhem",136.577545166016,-14.2649507522583,0.32,2.15,2.71,12.18,8.7,19.32,5.79,4.53,8.15
"NT","East Arnhem",136.647308349609,-14.2961120605469,0.32,2.15,2.94,12.53,8.91,19.96,4.94,3.94,6.76
"NT","East Arnhem",136.682022094727,-14.3022203445435,0.32,2.14,2.83,12.7,9.01,20.31,5.34,4.21,7.41
"NT","East Arnhem",136.715728759766,-14.275164604187,0.32,2.15,2.62,12.61,8.97,20.11,6.11,4.75,8.66
"NT","East Arnhem",136.803085327148,-14.2928056716919,0.32,2.13,3.15,13.57,9.53,22.02,4.15,3.39,5.5
"NT","East Arnhem",136.842132568359,-14.308614730835,0.32,2.12,3.1,14.29,9.94,23.53,4.42,3.58,5.92
"NT","East Arnhem",136.895416259766,-14.3086071014404,0.32,2.11,2.73,14.62,10.11,24.31,5.13,4.1,6.98
"NT","East Arnhem",136.947952270508,-14.3060808181763,0.32,2.12,3.52,14.46,10,24.06,4.1,3.34,5.45
"QLDNorth","Pormpuraaw",141.573165893555,-14.3067054748535,0.32,2.48,4.41,11.65,8.3,18.62,2.74,2.41,3.27
"QLDNorth","Cook",143.746032714844,-14.3179607391357,0.32,2.25,2.7,124.85,64.44,310.45,29.15,18.17,56.25
"QLDNorth","Cook",144.194366455078,-14.3142557144165,0.32,2.25,2.99,131.49,68.24,322.46,7.96,5.86,12.31
"QLDNorth","Cook",144.641754150391,-14.3458023071289,0.32,2.23,2.64,200.48,99.07,523.77,53.63,31.38,111.65
"WANorth","Wyndham-East Kimberley",125.72924041748,-14.2765264511108,0.32,4.52,4.77,40.93,24.86,80.95,23.17,14.85,43.05
"WANorth","Wyndham-East Kimberley",127.733703613281,-14.2567291259766,0.32,4.44,4.86,105.3,59.56,223.92,15.54,10.74,25.78
"NT","West Daly",129.402877807617,-14.2470359802246,0.32,4.46,4.85,80.21,45.13,174.88,19.04,12.59,33.84
"NT","Roper Gulf",135.780624389648,-14.2482147216797,0.32,2.27,2.67,8.21,6.05,12.59,5.29,4.14,7.51
"NT","East Arnhem",136.480056762695,-14.2389888763428,0.32,2.16,2.61,11.67,8.37,18.37,6.51,4.99,9.44
"NT","East Arnhem",136.533569335938,-14.2534112930298,0.32,2.16,2.81,11.88,8.51,18.76,5.32,4.21,7.35
"NT","East Arnhem",136.982574462891,-14.2515935897827,0.32,2.12,3.15,14.14,9.83,23.36,3.78,3.13,4.91
"QLDNorth","Pormpuraaw",141.591522216797,-14.2600746154785,0.32,2.48,3.4,11.66,8.31,18.61,4.34,3.58,5.66
"QLDNorth","Cook",143.734222412109,-14.2576913833618,0.32,2.25,2.5,126.51,65.23,314.95,52.63,30.1,114.59
"QLDNorth","Cook",144.19091796875,-14.2678756713867,0.32,2.25,2.81,134.25,69.57,329.67,11.53,8.05,19.19
"QLDNorth","Cook",144.300506591797,-14.2970142364502,0.32,2.25,2.65,121.94,64.44,290.63,47.1,27.73,97.79
"QLDNorth","Cook",144.381118774414,-14.2772159576416,0.32,2.26,2.61,119.39,63.21,283.96,56.25,32.43,120.01
"QLDNorth","Cook",144.427124023438,-14.2571153640747,0.32,2.26,3.02,117.85,62.4,280.51,12.42,8.49,21.41
"QLDNorth","Cook",144.601455688477,-14.263840675354,0.32,2.23,3.27,191.1,94.78,497.48,13.45,9.21,22.92
"WANorth","Wyndham-East Kimberley",125.630767822266,-14.2305307388306,0.32,4.52,5.22,41.92,25.34,83.52,6.67,5.07,9.79
"WANorth","Wyndham-East Kimberley",125.686218261719,-14.1855096817017,0.32,4.52,5.03,42.14,25.49,83.82,12.76,8.88,21.15
"WANorth","Wyndham-East Kimberley",126.042518615723,-14.224796295166,0.32,4.53,4.7,37.97,23.25,74.34,36.37,22.09,72.52
"WANorth","Wyndham-East Kimberley",126.132736206055,-14.2032327651978,0.32,4.53,4.58,37.07,22.77,72.21,49.13,28.81,102.52
"WANorth","Wyndham-East Kimberley",127.686531066895,-14.2098894119263,0.32,4.43,5.81,117.74,65.43,256.74,4.05,3.31,5.37
"NT","Roper Gulf",135.844604492188,-14.2093830108643,0.32,2.25,2.71,8.6,6.33,13.21,5.22,4.09,7.37
"NT","East Arnhem",136.419189453125,-14.2032737731934,0.32,2.18,2.59,11.16,8.06,17.41,6.73,5.13,9.84
"NT","East Arnhem",136.963241577148,-14.2206211090088,0.32,2.13,3.27,13.68,9.57,22.36,3.71,3.08,4.83
"QLDNorth","Pormpuraaw",141.593063354492,-14.1998119354248,0.32,2.47,3.52,11.8,8.4,18.88,4,3.33,5.12
"QLDNorth","Cook",143.710388183594,-14.2167491912842,0.32,2.25,2.62,125,64.63,309.77,38.03,22.77,77.71
"QLDNorth","Cook",144.20654296875,-14.2234354019165,0.32,2.24,2.55,143.11,73.45,356.32,25.96,16.3,49.8
"QLDNorth","Cook",144.288970947266,-14.1891584396362,0.32,2.24,2.56,141.04,73.17,344.55,56.88,32.75,121.57
"QLDNorth","Cook",144.447326660156,-14.2399959564209,0.32,2.25,2.84,121.51,64.07,290.86,15.4,10.26,27.48
"QLDNorth","Cook",144.59228515625,-14.2512350082397,0.32,2.23,2.85,192.45,95.21,503.1,27.74,17.26,53.87
"WANorth","Wyndham-East Kimberley",126.033889770508,-14.0990734100342,0.32,4.53,4.67,38.86,23.74,76.23,40.68,24.41,82.38
"WANorth","Wyndham-East Kimberley",126.139549255371,-14.1599235534668,0.32,4.53,4.56,37.22,22.87,72.51,46.94,27.66,97.3
"WANorth","Wyndham-East Kimberley",126.578201293945,-14.1569900512695,0.32,4.56,4.81,30.28,19.64,54.07,20.37,13.52,35.77
"WANorth","Wyndham-East Kimberley",126.645851135254,-14.1546716690063,0.32,4.56,4.67,29,18.93,51.33,35.84,21.97,70.3
"NT","West Daly",129.446716308594,-14.1922149658203,0.32,4.47,5.06,70.68,40.26,151.93,10.71,7.71,16.86
"NT","West Daly",129.476287841797,-14.1537313461304,0.32,4.47,4.57,68.3,39.09,145.8,44.9,27.39,87.5
"NT","Roper Gulf",135.888412475586,-14.1528549194336,0.32,2.25,2.82,8.62,6.39,13.07,5.01,3.95,6.99
"NT","East Arnhem",136.377975463867,-14.182258605957,0.32,2.17,2.59,11.27,8.09,17.78,6.74,5.17,9.77
"NT","East Arnhem",136.787506103516,-14.1503791809082,0.32,2.12,2.79,14.19,9.88,23.33,4.65,3.76,6.24
"NT","East Arnhem",136.825744628906,-14.1678810119629,0.32,2.12,2.75,14.4,10,23.75,4.69,3.8,6.28
"NT","East Arnhem",136.907073974609,-14.1549377441406,0.32,2.11,3.14,14.94,10.33,24.8,3.66,3.06,4.68
"NT","East Arnhem",136.944778442383,-14.155933380127,0.32,2.11,2.92,14.9,10.3,24.77,4.26,3.5,5.59
"QLDNorth","Aurukun",141.590240478516,-14.1565055847168,0.32,2.47,2.78,11.93,8.48,19.12,7.44,5.68,10.73
"QLDNorth","Cook",143.708038330078,-14.1611928939819,0.32,2.25,2.61,136.55,69.72,344.39,44.29,25.89,93.68
"QLDNorth","Cook",144.21662902832,-14.1610956192017,0.32,2.25,2.58,139.35,72.15,341.88,20.46,13.23,37.76
"QLDNorth","Cook",144.263366699219,-14.1565418243408,0.32,2.24,2.6,150.07,77.12,371.57,54.41,31.43,115.95
"QLDNorth","Cook",144.520553588867,-14.162109375,0.32,2.24,3,165.14,83.7,416.87,31.58,19.2,63.55
"QLDNorth","Cook",144.534255981445,-14.1781358718872,0.32,2.23,3.28,179.48,89.77,461.83,17.59,11.56,31.87
"WANorth","Wyndham-East Kimberley",126.014038085938,-14.0954818725586,0.32,4.53,4.73,39.27,23.97,77.15,35.83,21.61,72.52
"WANorth","Wyndham-East Kimberley",126.298713684082,-14.1234483718872,0.32,4.52,4.53,41.46,25.72,78.77,72.58,40.78,159.73
"WANorth","Wyndham-East Kimberley",126.313087463379,-14.0980167388916,0.32,4.52,4.52,41.89,25.97,79.61,68.66,39.03,148.36
"WANorth","Wyndham-East Kimberley",126.524612426758,-14.096697807312,0.32,4.55,4.71,30.89,20.01,55.28,29.77,18.74,56.26
"WANorth","Wyndham-East Kimberley",126.68187713623,-14.1017875671387,0.32,4.56,5.06,29.67,19.31,52.72,11,7.92,17.31
"NT","West Daly",129.490707397461,-14.098578453064,0.32,4.48,4.58,66.66,38.26,141.76,42.55,26.15,82.09
"NT","Roper Gulf",135.908020019531,-14.0824317932129,0.32,2.24,2.98,8.79,6.5,13.33,5,3.94,7.01
"NT","East Arnhem",136.42448425293,-14.0986757278442,0.32,2.17,2.23,11.27,8.12,17.68,10.6,7.65,16.64
"NT","East Arnhem",136.755783081055,-14.0889873504639,0.32,2.12,2.66,14.32,9.97,23.55,5.38,4.27,7.42
"QLDNorth","Aurukun",141.590698242188,-14.1019258499146,0.32,2.47,3.72,11.94,8.49,19.13,3.65,3.08,4.61
"QLDNorth","Cook",143.702667236328,-14.1184825897217,0.32,2.24,2.33,141.15,71.63,359.31,102.54,54.4,245.48
"WANorth","Wyndham-East Kimberley",125.972518920898,-14.0407934188843,0.32,4.52,5.23,42.14,25.47,83.93,7.4,5.55,11.08
"WANorth","Wyndham-East Kimberley",126.228637695312,-14.0332412719727,0.32,4.51,4.73,43.7,26.97,83.57,26.35,17.11,47.38
"WANorth","Wyndham-East Kimberley",126.331893920898,-14.051061630249,0.32,4.51,4.62,43.72,26.98,83.62,54.58,31.45,116.79
"WANorth","Wyndham-East Kimberley",126.521423339844,-14.0760927200317,0.32,4.55,4.71,31.09,20.13,55.64,30.27,19.08,56.98
"WANorth","Wyndham-East Kimberley",126.666862487793,-14.0784797668457,0.32,4.56,4.75,29.29,19.12,51.83,25.71,16.44,47.66
"NT","West Daly",129.530151367188,-14.0496559143066,0.32,4.46,4.54,75.63,43.4,159.68,65.53,37.32,141.59
"NT","West Daly",129.587509155273,-14.0334911346436,0.32,4.36,4.42,77.86,44.53,165.11,69.68,39.42,151.82
"NT","Roper Gulf",135.917938232422,-14.0449848175049,0.32,2.24,2.57,9,6.64,13.7,6.05,4.66,8.76
"NT","East Arnhem",136.414459228516,-14.0482530593872,0.32,2.17,2.59,11.36,8.17,17.84,6.72,5.15,9.71
"NT","East Arnhem",136.786849975586,-14.0534343719482,0.32,2.11,2.9,14.71,10.2,24.33,4.26,3.48,5.65
"QLDNorth","Aurukun",141.541442871094,-14.034857749939,0.32,2.47,3.7,12.15,8.61,19.55,3.72,3.13,4.7
"QLDNorth","Cook",143.690872192383,-14.0502414703369,0.32,2.24,2.67,153.74,77.17,397.13,47.93,27.79,102.33
"WANorth","Wyndham-East Kimberley",125.969436645508,-13.9986400604248,0.32,4.5,4.89,50.99,29.93,105.9,16.65,11.14,29.23
"WANorth","Wyndham-East Kimberley",126.224334716797,-13.9877023696899,0.32,4.51,4.75,45.66,28.01,88.08,26.11,16.9,47.24
"WANorth","Wyndham-East Kimberley",126.36644744873,-14.0002393722534,0.32,4.51,4.53,44.05,27.16,84.34,104.74,55.43,251.51
"WANorth","Wyndham-East Kimberley",126.519927978516,-13.9991483688354,0.32,4.55,4.8,30.68,19.91,54.71,20.48,13.65,35.68
"WANorth","Wyndham-East Kimberley",126.740211486816,-13.9950771331787,0.32,4.55,5.16,32.76,21.05,59.25,9.25,6.79,14.2
"WANorth","Wyndham-East Kimberley",127.473075866699,-13.999174118042,0.32,4.41,5.39,186.21,97.08,443.38,6.18,4.75,8.94
"NT","West Daly",129.604217529297,-14.014591217041,0.32,4.36,4.95,76.84,44.07,162.28,10.77,7.79,16.78
"NT","Roper Gulf",135.917770385742,-14.008355140686,0.32,2.23,2.58,9.14,6.72,13.96,6.03,4.64,8.7
"NT","East Arnhem",136.404632568359,-13.9819993972778,0.32,2.16,2.4,11.98,8.53,19.1,8.21,6.11,12.38
"NT","East Arnhem",136.793899536133,-14.0192241668701,0.32,2.11,2.9,14.92,10.32,24.76,4.21,3.44,5.56
"QLDNorth","Aurukun",141.489639282227,-13.9769620895386,0.32,2.46,3.73,12.37,8.74,19.96,3.68,3.1,4.65
"QLDNorth","Aurukun",141.517471313477,-14.0072603225708,0.32,2.46,3.7,12.21,8.65,19.64,3.73,3.14,4.73
"QLDNorth","Cook",143.684951782227,-14.0090351104736,0.32,2.24,2.52,145.93,73.67,374.32,71.51,39.03,166.58
"WANorth","Wyndham-East Kimberley",126.018661499023,-13.9406747817993,0.32,4.5,5.93,48.75,28.95,99.37,3.54,2.97,4.5
"WANorth","Wyndham-East Kimberley",126.209922790527,-13.9621143341064,0.32,4.5,4.95,48.23,29.36,94.02,12.75,8.91,21
"WANorth","Wyndham-East Kimberley",126.43628692627,-13.981466293335,0.32,4.5,5.25,48.63,29.54,95.11,8.58,6.36,13
"WANorth","Wyndham-East Kimberley",126.494590759277,-13.9557723999023,0.32,4.51,5.37,47.13,28.85,91.02,7.11,5.43,10.3
"WANorth","Wyndham-East Kimberley",126.748107910156,-13.9697885513306,0.32,4.55,4.9,32.12,20.73,57.74,14.51,10.16,23.57
"WANorth","Wyndham-East Kimberley",127.454193115234,-13.9779281616211,0.32,4.4,5.12,197.61,102.05,476.93,7.98,6.01,11.8
"NT","West Daly",129.725326538086,-13.9901609420776,0.32,4.36,4.76,75.26,43.49,156.96,17.24,11.7,29.38
"NT","Roper Gulf",135.945587158203,-13.9546432495117,0.32,2.22,2.41,9.33,6.85,14.31,7.23,5.46,10.69
"NT","East Arnhem",136.406616210938,-13.9645318984985,0.32,2.15,2.4,12.28,8.71,19.72,8.2,6.1,12.36
"NT","East Arnhem",136.852249145508,-13.9145517349243,0.32,2.1,2.74,15.96,10.95,26.82,5.11,4.06,7.02
"QLDNorth","Aurukun",141.467864990234,-13.9421710968018,0.32,2.46,3.69,12.48,8.81,20.18,3.81,3.19,4.85
"QLDNorth","Cook",143.621948242188,-13.9459381103516,0.32,2.17,2.79,155.5,77.68,405.09,32.1,19.97,61.75
"WANorth","Wyndham-East Kimberley",126.073684692383,-13.9132490158081,0.32,4.5,4.83,50.04,29.78,101.41,18.02,11.9,32.25
"WANorth","Wyndham-East Kimberley",126.102348327637,-13.9015130996704,0.32,4.49,5.2,56.41,33.48,114.06,7.79,5.8,11.8
"WANorth","Wyndham-East Kimberley",126.156257629395,-13.9100437164307,0.32,4.5,4.9,51.63,31.09,102.23,16.01,10.8,27.76
"WANorth","Wyndham-East Kimberley",126.701133728027,-13.931342124939,0.32,4.53,5.16,36.38,23.05,67.06,8.8,6.54,13.23
"WANorth","Wyndham-East Kimberley",127.361793518066,-13.9075660705566,0.32,4.4,5.71,198.65,102.46,480.41,4.06,3.33,5.35
"WANorth","Wyndham-East Kimberley",127.42244720459,-13.9399271011353,0.32,4.4,5.43,227.66,115.82,559.9,5.59,4.39,7.84
"NT","West Daly",129.710052490234,-13.8956184387207,0.32,4.35,4.52,88.29,49.68,191.4,46.23,27.66,93.22
"NT","Roper Gulf",135.993499755859,-13.8954582214355,0.32,2.2,2.62,10.12,7.33,15.81,5.66,4.43,7.98
"NT","East Arnhem",136.345336914062,-13.8505373001099,0.32,2.15,2.95,12.38,8.73,20.06,4.68,3.76,6.35
"NT","East Arnhem",136.868759155273,-13.882004737854,0.32,2.1,2.79,16,10.96,26.92,4.96,3.96,6.78
"QLDNorth","Aurukun",141.463897705078,-13.8970031738281,0.32,2.46,4.52,12.38,8.75,19.98,2.75,2.41,3.29
"QLDNorth","Cook",143.606674194336,-13.9073543548584,0.32,2.17,2.78,157.4,78.62,409.71,29.9,18.69,57.29
"WANorth","Wyndham-East Kimberley",126.756301879883,-13.8336124420166,0.32,4.53,4.82,36.63,23.29,67.07,16.1,11.24,26.16
"WANorth","Wyndham-East Kimberley",127.0849609375,-13.8453769683838,0.32,4.45,5.63,87.13,49.01,189.08,4.89,3.9,6.72
"WANorth","Wyndham-East Kimberley",127.163055419922,-13.8812484741211,0.32,4.45,5.98,90.21,50.61,196.34,3.64,3.04,4.68
"WANorth","Wyndham-East Kimberley",127.195587158203,-13.9027318954468,0.32,4.43,5.46,128.83,69.22,296.77,5.4,4.28,7.44
"WANorth","Wyndham-East Kimberley",127.261611938477,-13.8989562988281,0.32,4.42,5.22,152.99,80.87,359.34,7.33,5.57,10.72
"WANorth","Wyndham-East Kimberley",127.329704284668,-13.9112453460693,0.32,4.41,5.47,166.93,87.91,392.8,5.51,4.33,7.71
"NT","West Daly",129.714584350586,-13.8510875701904,0.32,4.34,4.91,94.66,52.66,208.57,11.72,8.39,18.55
"NT","Roper Gulf",136.021408081055,-13.8357791900635,0.32,2.19,2.42,10.76,7.71,17.09,6.89,5.27,10
"NT","East Arnhem",136.115585327148,-13.8337821960449,0.32,2.18,2.7,11.11,7.94,17.69,5.61,4.38,7.91
"NT","East Arnhem",136.152740478516,-13.8414268493652,0.32,2.18,2.71,11.02,7.89,17.47,5.46,4.29,7.65
"NT","East Arnhem",136.209655761719,-13.8589363098145,0.32,2.16,2.34,11.73,8.34,18.8,7.97,5.99,11.82
"NT","East Arnhem",136.263244628906,-13.8416576385498,0.32,2.14,2.68,12.81,8.99,20.91,5.23,4.14,7.22
"NT","East Arnhem",136.924163818359,-13.8113698959351,0.32,2.08,2.9,17.9,12.07,30.76,4.53,3.68,6.03
"QLDNorth","Aurukun",141.467193603516,-13.8500452041626,0.32,2.47,4.5,12.19,8.64,19.62,2.77,2.43,3.32
"QLDNorth","Cook",143.580123901367,-13.8419332504272,0.32,2.17,2.63,146.74,73.97,377.3,41.38,24.67,84.71
"WANorth","Wyndham-East Kimberley",126.742919921875,-13.7974071502686,0.32,4.53,5.46,38.38,24.27,70.76,6.6,5.09,9.43
"WANorth","Wyndham-East Kimberley",127.049758911133,-13.8056221008301,0.32,4.49,5.68,55.54,32.94,112.54,4.99,3.95,6.93
"NT","West Daly",129.717864990234,-13.8392305374146,0.32,4.35,4.48,90.52,50.58,198.38,54.39,32.19,110.71
"NT","East Arnhem",136.287124633789,-13.7903299331665,0.32,2.13,2.79,13.34,9.3,21.99,4.84,3.87,6.61
"NT","East Arnhem",136.72135925293,-13.8025722503662,0.32,2.1,2.74,15.97,10.91,27.01,5.29,4.19,7.32
"NT","East Arnhem",136.806213378906,-13.8089094161987,0.32,2.1,2.9,16.11,11,27.26,4.6,3.72,6.19
"NT","East Arnhem",136.927230834961,-13.795804977417,0.32,2.07,2.84,18.04,12.13,31.19,4.77,3.84,6.41
"QLDNorth","Aurukun",141.476669311523,-13.7923936843872,0.32,2.47,4.47,11.81,8.41,18.88,2.81,2.45,3.37
"QLDNorth","Cook",143.563735961914,-13.8142957687378,0.32,2.17,2.74,150.66,75.92,386.93,32.21,19.87,62.89
"WANorth","Wyndham-East Kimberley",126.795379638672,-13.7659044265747,0.32,4.5,5.46,48.84,29.6,95.85,5.56,4.41,7.64
"WANorth","Wyndham-East Kimberley",126.84765625,-13.7543077468872,0.32,4.52,4.81,42.41,26.31,80.47,16.78,11.54,27.96
"WANorth","Wyndham-East Kimberley",126.985702514648,-13.7518939971924,0.32,4.5,5.78,48.36,29.16,95.88,4.87,3.86,6.77
"NT","West Daly",129.780822753906,-13.7513618469238,0.32,4.35,4.8,89.88,50.29,196.6,14.99,10.33,25.07
"NT","East Arnhem",136.306167602539,-13.73899269104,0.32,2.1,2.85,15.46,10.56,26.2,4.55,3.68,6.11
"NT","East Arnhem",136.466705322266,-13.7519035339355,0.32,2.09,2.5,16.81,11.37,28.9,7.58,5.68,11.35
"NT","East Arnhem",136.734405517578,-13.7678565979004,0.32,2.09,2.53,16.47,11.21,28,6.58,5.07,9.41
"NT","East Arnhem",136.915512084961,-13.7706165313721,0.32,2.07,3,18.07,12.16,31.19,4.42,3.59,5.9
"QLDNorth","Aurukun",141.487823486328,-13.7472305297852,0.32,2.48,4.47,11.57,8.26,18.41,2.79,2.44,3.36
"QLDNorth","Cook",143.545227050781,-13.7256336212158,0.32,2.16,2.52,171.89,84.95,453.64,57.32,32.82,123.77
"WANorth","Wyndham-East Kimberley",126.91707611084,-13.7416133880615,0.32,4.52,4.99,40.42,25.14,76.58,13.6,9.47,22.43
"WANorth","Wyndham-East Kimberley",126.945388793945,-13.7392282485962,0.32,4.54,6,35.76,22.63,66.13,4.27,3.44,5.79
"NT","West Daly",129.780227661133,-13.6986417770386,0.32,4.35,4.82,84.58,47.74,182.74,14.48,10.02,24.08
"NT","Roper Gulf",135.890579223633,-13.6950063705444,0.32,2.13,2.96,13.62,9.52,22.33,4.47,3.59,6.08
"NT","Roper Gulf",135.923812866211,-13.6842212677002,0.32,2.12,2.96,14.41,9.99,23.86,4.49,3.61,6.11
"NT","Roper Gulf",136.056793212891,-13.6940355300903,0.32,2.11,2.7,14.83,10.15,25.14,5.21,4.12,7.23
"NT","East Arnhem",136.121627807617,-13.7175912857056,0.32,2.1,2.84,15.81,10.74,27.04,4.83,3.85,6.64
"NT","East Arnhem",136.29817199707,-13.7048635482788,0.32,2.09,2.77,16.32,11.09,27.86,4.78,3.85,6.45
"NT","East Arnhem",136.528045654297,-13.6917581558228,0.32,2.07,2.8,18,12.07,31.27,5.26,4.15,7.32
"NT","East Arnhem",136.736801147461,-13.7012596130371,0.32,2.08,2.69,17.61,11.88,30.31,5.58,4.4,7.76
"NT","East Arnhem",136.840972900391,-13.7422332763672,0.32,2.09,3.02,16.98,11.51,29.02,4.68,3.76,6.34
"NT","East Arnhem",136.905517578125,-13.683892250061,0.32,2.07,2.87,19.04,12.75,33,5.27,4.16,7.33
"QLDNorth","Aurukun",141.496292114258,-13.7013731002808,0.32,2.48,4.38,11.33,8.11,17.98,2.9,2.52,3.5
"QLDNorth","Cook",143.547515869141,-13.6934080123901,0.32,2.16,2.93,175.91,86.71,465.88,23.36,14.96,43.48
"NT","West Daly",129.785232543945,-13.6622085571289,0.32,4.35,4.84,91.24,50.81,201.13,13.66,9.53,22.47
"NT","Roper Gulf",135.901000976562,-13.657675743103,0.32,2.11,2.95,14.6,10.09,24.32,4.53,3.63,6.18
"NT","East Arnhem",136.211380004883,-13.6547632217407,0.32,2.09,2.71,16.49,11.17,28.25,5.11,4.08,7
"NT","East Arnhem",136.247131347656,-13.6674661636353,0.32,2.09,3.03,17,11.47,29.32,4.13,3.37,5.48
"NT","East Arnhem",136.631286621094,-13.6539487838745,0.32,2.07,2.82,18.72,12.5,32.69,5.1,4.06,7.02
"QLDNorth","Aurukun",141.500549316406,-13.6437864303589,0.32,2.49,3.97,11.2,8.02,17.75,3.36,2.86,4.18
"QLDNorth","Cook",143.552429199219,-13.6366357803345,0.32,2.16,2.35,177.25,87.44,468.52,88.04,47.76,204.25
"NT","West Daly",129.814453125,-13.5995311737061,0.32,4.35,4.78,82.42,46.41,179.15,16.83,11.41,28.78
"NT","Roper Gulf",135.870178222656,-13.563102722168,0.32,2.12,2.69,14.34,9.89,23.99,5.38,4.23,7.54
"QLDNorth","Aurukun",141.509521484375,-13.6043281555176,0.32,2.49,3.99,10.96,7.87,17.32,3.33,2.84,4.14
"QLDNorth","Cook",143.572219848633,-13.5790777206421,0.32,2.16,2.96,192.54,94.13,514.63,23.28,14.93,43.22
"NT","West Daly",129.821243286133,-13.5355777740479,0.32,4.36,4.57,81.17,45.76,176.2,36.48,22.37,71.42
"NT","Roper Gulf",135.869903564453,-13.5495548248291,0.32,2.12,2.76,14.46,9.97,24.22,4.93,3.93,6.78
"QLDNorth","Aurukun",141.527908325195,-13.5470037460327,0.32,2.5,3.98,10.47,7.56,16.41,3.34,2.84,4.16
"QLDNorth","Cook",143.588241577148,-13.5460176467896,0.32,2.15,2.9,204.53,99.31,551.42,24.99,15.85,47.16
"NT","West Daly",129.850234985352,-13.5061693191528,0.32,4.36,4.82,73.24,41.71,157.08,14.14,9.86,23.23
"NT","West Daly",129.902450561523,-13.4935579299927,0.32,4.37,5.06,71.53,40.71,153.83,8.01,6.05,11.76
"NT","West Daly",129.940780639648,-13.5258026123047,0.32,4.36,4.61,72.1,40.96,155.52,28.76,18.42,52.75
"NT","West Daly",130.027862548828,-13.5131816864014,0.32,4.37,4.73,69.05,39.39,148.21,18.5,12.5,31.64
"NT","West Daly",130.057388305664,-13.4979190826416,0.32,4.37,4.73,68.53,39.16,146.7,18.31,12.38,31.31
"NT","Roper Gulf",135.865219116211,-13.4958066940308,0.32,2.12,2.76,14.5,9.97,24.39,4.95,3.94,6.81
"QLDNorth","Aurukun",141.570724487305,-13.4818162918091,0.32,2.52,2.94,9.84,7.16,15.26,6.32,4.9,8.97
"QLDNorth","Cook",143.5888671875,-13.4853553771973,0.32,2.15,2.84,201.13,98.3,536.19,28.34,17.54,55.51
"NT","West Daly",130.10905456543,-13.4542531967163,0.32,4.37,4.53,69.45,39.65,148.77,40.39,24.78,78.42
"QLDNorth","Aurukun",141.59033203125,-13.4536457061768,0.32,2.52,2.93,9.81,7.14,15.21,6.37,4.93,9.05
"QLDNorth","Cook",143.600875854492,-13.4387683868408,0.32,2.15,2.88,216.99,105.22,584.18,27.73,17.23,54
"NT","West Daly",130.180389404297,-13.402871131897,0.32,4.37,4.57,70.51,40.15,151.61,34.27,21.34,65.47
"QLDNorth","Aurukun",141.609786987305,-13.3996906280518,0.32,2.52,3,9.72,7.09,15.06,5.88,4.6,8.26
"QLDNorth","Lockhart River",143.600570678711,-13.4083948135376,0.32,2.15,2.55,220.3,106.62,594.47,65.16,36.04,148.9
"QLDNorth","Lockhart River",143.567672729492,-13.3663196563721,0.32,2.15,2.44,218.01,105.78,586,110.73,56.93,279.87
"NT","East Arnhem",135.911361694336,-13.2851896286011,0.32,2.09,2.73,16.35,10.99,28.49,6.94,5.22,10.37
"NT","East Arnhem",136.093765258789,-13.2874994277954,0.32,2.04,2.52,21.74,14.19,39.25,7.5,5.63,11.2
"NT","East Arnhem",136.160675048828,-13.2757520675659,0.32,2.04,2.47,22.23,14.48,40.21,7.96,5.93,11.99
"NT","East Arnhem",136.188018798828,-13.277271270752,0.32,2.03,2.46,23.59,15.24,43.15,7.92,5.92,11.88
"NT","East Arnhem",136.379623413086,-13.2866468429565,0.32,2.04,2.67,22.66,14.71,41.14,6.97,5.27,10.34
"NT","East Arnhem",136.388229370117,-13.2718229293823,0.32,2.04,2.58,22.85,14.82,41.54,7.06,5.34,10.43
"QLDNorth","Aurukun",141.660064697266,-13.3204278945923,0.32,2.52,2.99,9.74,7.1,15.1,5.97,4.66,8.41
"QLDNorth","Lockhart River",143.526992797852,-13.2824659347534,0.32,2.14,2.9,244.38,117.32,664.97,35.33,21.2,72.25
"NT","Unincorporated NT",130.206604003906,-13.2379312515259,0.32,4.36,5.04,77,43.31,168.43,8.77,6.5,13.25
"NT","East Arnhem",136.249847412109,-13.2145385742188,0.32,2.01,2.54,26.57,16.86,49.89,7.93,5.89,12.02
"NT","East Arnhem",136.478103637695,-13.2370557785034,0.32,2.03,2.55,23.79,15.36,43.54,6.98,5.31,10.21
"QLDNorth","Cook",141.656646728516,-13.2088060379028,0.32,2.51,2.95,10.35,7.48,16.23,6.48,5,9.28
"QLDNorth","Lockhart River",143.523818969727,-13.2410411834717,0.32,2.14,2.72,248.18,119,676.16,62.41,34.46,143.6
"NT","Unincorporated NT",130.160278320312,-13.1823720932007,0.32,4.36,4.55,76.94,43.15,169.23,34.32,21.5,64.84
"NT","East Arnhem",136.527069091797,-13.1586847305298,0.32,2.02,2.7,24.75,15.89,45.63,6.68,5.08,9.8
"QLDNorth","Cook",141.630081176758,-13.16588306427,0.32,2.49,2.93,10.83,7.78,17.12,6.72,5.16,9.7
"NT","Unincorporated NT",130.114105224609,-13.1344156265259,0.32,4.36,4.73,79.18,44.02,176.64,15.94,11.05,26.25
"NT","East Arnhem",136.537155151367,-13.1309747695923,0.32,2.02,2.71,24.87,15.99,45.74,6.72,5.11,9.89
"QLDNorth","Cook",141.620162963867,-13.124195098877,0.32,2.49,3.16,11.16,7.97,17.79,5.66,4.45,7.9
"QLDNorth","Lockhart River",143.518127441406,-13.1592617034912,0.32,2.14,3.28,276.75,131.01,766.59,17.26,11.62,29.85
"NT","Unincorporated NT",130.114456176758,-13.0841131210327,0.32,4.36,4.75,81.14,44.89,182.47,14.78,10.35,24
"NT","East Arnhem",136.566558837891,-13.0734424591064,0.32,2.02,2.56,25.79,16.51,47.69,7.59,5.69,11.37
"QLDNorth","Cook",141.6103515625,-13.0873231887817,0.32,2.48,3.15,11.6,8.23,18.64,5.79,4.54,8.13
"QLDNorth","Lockhart River",143.515731811523,-13.0599708557129,0.32,2.14,3.11,286.5,134.88,799.98,25.03,16.1,45.93
"NT","Unincorporated NT",130.122955322266,-13.0372858047485,0.32,4.35,4.75,83.13,45.77,188.25,14.83,10.37,24.12
"NT","East Arnhem",136.57878112793,-13.0233087539673,0.32,2.61,3.15,26.65,16.99,49.58,8.31,6.13,12.72
"QLDNorth","Cook",141.586227416992,-13.0197448730469,0.32,2.45,4.02,12.83,8.99,21.03,3.51,2.95,4.45
"QLDNorth","Lockhart River",143.51904296875,-13.0131874084473,0.32,2.14,2.76,284.89,134.14,795.6,74.68,40.7,173.78
"NT","Unincorporated NT",130.12239074707,-12.9755773544312,0.32,4.35,4.49,85.68,46.93,195.53,49.14,28.97,101.5
"QLDNorth","Cook",141.588531494141,-12.9803609848022,0.32,2.45,3.62,12.95,9.05,21.3,4.32,3.53,5.72
"QLDNorth","Lockhart River",143.517974853516,-12.9657983779907,0.32,2.14,2.86,295.34,138.31,831.07,56.52,32.35,122.21
"NT","Unincorporated NT",130.135223388672,-12.9322748184204,0.32,4.35,4.49,83.41,45.84,189.48,49.14,28.97,101.52
"NT","East Arnhem",136.641296386719,-12.9444522857666,0.32,2.58,3.32,33.2,20.43,65.03,6.85,5.19,10.13
"QLDNorth","Cook",141.600860595703,-12.9469728469849,0.32,2.45,4.36,13.07,9.12,21.54,3.16,2.7,3.94
"QLDNorth","Lockhart River",143.529708862305,-12.8848037719727,0.32,2.14,3.01,292.2,137.36,817.02,36.52,22.43,71.28
"NT","Unincorporated NT",130.171524047852,-12.906626701355,0.32,4.36,4.73,81.04,44.65,183.67,16,11.04,26.57
"NT","Unincorporated NT",130.196426391602,-12.9086303710938,0.32,4.36,5.06,75.08,41.71,168.34,7.18,5.52,10.26
"NT","Unincorporated NT",130.296234130859,-12.9128503799438,0.32,4.36,5.4,74.86,41.57,168.06,4.88,3.94,6.53
"NT","Unincorporated NT",130.328811645508,-12.8758211135864,0.32,4.37,5.78,68.21,38.6,148.73,3.66,3.08,4.65
"NT","East Arnhem",136.557159423828,-12.8782138824463,0.32,2.58,3.15,31.5,19.57,60.81,7.88,5.86,11.98
"QLDNorth","Cook",141.638122558594,-12.9087953567505,0.32,2.45,4.02,12.83,8.98,21.08,3.58,3,4.57
"QLDNorth","Lockhart River",143.539016723633,-12.8579549789429,0.32,2.13,3.02,300.37,140.82,842.61,35.37,21.87,68.33
"NT","Unincorporated NT",130.34684753418,-12.8370552062988,0.32,4.36,5.8,72.81,40.73,161.55,3.62,3.05,4.58
"NT","East Arnhem",136.584808349609,-12.8217754364014,0.32,2.59,3.09,31.21,19.44,59.99,8.43,6.22,12.91
"QLDNorth","Cook",141.722412109375,-12.8567161560059,0.32,2.47,3.42,12.07,8.51,19.62,4.82,3.87,6.53
"QLDNorth","Lockhart River",143.435653686523,-12.8476600646973,0.32,2.14,3.12,259.81,125.34,697.74,28.1,17.86,52.37
"QLDNorth","Lockhart River",143.455703735352,-12.8457956314087,0.32,2.14,3.12,264.03,126.94,712.88,28.56,18.1,53.45
"QLDNorth","Lockhart River",143.529418945312,-12.8364248275757,0.32,2.14,2.92,254.87,122.68,688.17,53.88,31.11,114.95
"NT","Unincorporated NT",130.347030639648,-12.7727603912354,0.32,4.36,4.73,72.51,40.62,160.46,15.67,10.83,25.96
"NT","East Arnhem",136.627563476562,-12.7711372375488,0.32,2.56,3.02,39.53,23.69,80.39,9.09,6.66,14.06
"QLDNorth","Aurukun",141.76823425293,-12.7761564254761,0.32,2.47,3.43,11.86,8.39,19.21,4.66,3.76,6.27
"QLDNorth","Lockhart River",143.409057617188,-12.7623558044434,0.32,2.14,2.27,269.89,129.35,731.9,525.4,229.85,1615.48
"NT","Unincorporated NT",130.343002319336,-12.7198734283447,0.32,4.36,5.12,72.89,40.82,161.37,6.73,5.22,9.51
"NT","East Arnhem",136.684844970703,-12.7146396636963,0.32,2.55,3.15,43.34,25.63,89.78,7.99,5.93,12.13
"QLDNorth","Aurukun",141.782638549805,-12.7518548965454,0.32,2.47,3.44,11.72,8.3,18.92,4.61,3.73,6.19
"QLDNorth","Cook",143.39924621582,-12.7117786407471,0.32,2.14,2.64,281.7,133.8,774.55,148.01,75.64,370.66
"NT","Unincorporated NT",130.332962036133,-12.6523551940918,0.32,4.36,5,74.72,41.71,166.16,8.05,6.1,11.75
"NT","East Arnhem",136.700820922852,-12.7017507553101,0.32,2.54,3.09,46.48,27.23,97.54,8.08,5.99,12.28
"QLDNorth","Cook",143.423385620117,-12.6772890090942,0.32,2.14,2.29,285.57,135.16,789.66,511.5,223.1,1584.25
"NT","Unincorporated NT",130.377838134766,-12.6138553619385,0.32,4.37,4.54,66.55,37.89,143.76,30.99,19.55,58.18
"NT","Unincorporated NT",130.419662475586,-12.6096591949463,0.32,4.39,4.45,54.82,32.44,111.59,41.16,25.26,79.8
"NT","Unincorporated NT",130.484481811523,-12.6222324371338,0.32,4.39,4.45,55.96,33.07,114.04,41.89,25.67,81.36
"NT","East Arnhem",136.719665527344,-12.6018924713135,0.32,2.53,3.17,49.38,28.73,104.54,7.5,5.61,11.27
"QLDNorth","Cook",141.622665405273,-12.5852575302124,0.32,2.43,3.27,14.13,9.77,23.55,5.26,4.18,7.24
"QLDNorth","Napranum",141.674560546875,-12.5665149688721,0.32,2.43,3.09,13.99,9.68,23.31,6.31,4.89,9
"QLDNorth","Napranum",141.770690917969,-12.5717830657959,0.32,2.45,3.71,12.74,8.92,20.88,3.86,3.2,5
"QLDNorth","Napranum",141.81477355957,-12.6042404174805,0.32,2.47,3.46,12,8.48,19.44,4.57,3.7,6.11
"QLDNorth","Cook",143.452697753906,-12.6201343536377,0.32,2.14,3.05,280.37,133,772.96,32.28,20.16,61.56
"NT","Unincorporated NT",130.523040771484,-12.5665369033813,0.32,4.4,4.77,48.47,29.28,95.73,13.96,9.78,22.71
"NT","East Arnhem",136.779830932617,-12.5793428421021,0.32,2.53,3.5,54.14,31.1,116.64,5.97,4.59,8.66
"QLDNorth","Napranum",141.583908081055,-12.562424659729,0.32,2.42,3.48,15.05,10.32,25.4,4.56,3.69,6.09
"NT","Unincorporated NT",130.521713256836,-12.5568056106567,0.32,4.4,4.5,49.07,29.59,97.18,31.66,20.15,58.42
"NT","East Arnhem",136.790542602539,-12.5159950256348,0.32,2.53,3.35,54.54,31.31,117.58,6.7,5.07,9.94
"QLDNorth","Napranum",141.599563598633,-12.5275497436523,0.32,2.44,3.48,13.81,9.57,23.01,4.55,3.68,6.09
"QLDNorth","Cook",143.351959228516,-12.5580320358276,0.32,2.14,2.92,278.8,132.46,766.78,49.26,28.94,102.41
"NT","Unincorporated NT",130.579360961914,-12.4699602127075,0.32,4.4,4.98,48.72,29.34,96.76,9.46,6.97,14.36
"NT","East Arnhem",136.007431030273,-12.4501485824585,0.32,2.6,3.01,27.43,17.32,51.84,7.79,5.79,11.79
"NT","East Arnhem",136.043746948242,-12.4668569564819,0.32,2.6,3.01,27.51,17.37,51.97,7.82,5.82,11.83
"NT","East Arnhem",136.096862792969,-12.4541425704956,0.32,2.61,3.05,26.42,16.76,49.59,7.23,5.46,10.69
"NT","East Arnhem",136.16194152832,-12.4605350494385,0.32,2.62,3.04,24.87,15.92,46.11,7.53,5.68,11.14
"NT","East Arnhem",136.208679199219,-12.4597396850586,0.32,2.62,3.04,24.12,15.51,44.44,7.39,5.59,10.86
"NT","East Arnhem",136.842422485352,-12.4660263061523,0.32,2.52,2.99,60.74,34.5,132.61,9.96,7.17,15.8
"QLDNorth","Napranum",141.621734619141,-12.4828300476074,0.32,2.44,4.07,13.45,9.35,22.28,3.37,2.85,4.24
"QLDNorth","Cook",143.280548095703,-12.4559621810913,0.32,2.14,2.68,286.76,136.08,788.94,81.58,44.68,186.83
"NT","Unincorporated NT",130.574981689453,-12.4141578674316,0.32,4.4,4.49,49.11,29.56,97.62,33.31,21.05,62.02
"NT","Unincorporated NT",130.737930297852,-12.4244041442871,0.32,4.42,4.69,40.51,25.38,75.69,18.48,12.5,31.53
"NT","East Arnhem",136.007141113281,-12.4255781173706,0.32,2.6,3.01,27.47,17.34,51.89,7.76,5.77,11.74
"NT","East Arnhem",136.269180297852,-12.4234352111816,0.32,2.62,3.05,24.11,15.54,44.27,7.33,5.56,10.74
"NT","East Arnhem",136.891830444336,-12.411304473877,0.32,2.54,3.1,48.52,28.53,100.8,8.07,5.96,12.35
"QLDNorth","Napranum",141.647598266602,-12.4201831817627,0.32,2.44,4.01,13.55,9.41,22.48,3.49,2.93,4.43
"QLDNorth","Cook",143.277847290039,-12.4190196990967,0.32,2.14,2.7,285.54,135.55,785.24,70.45,39.43,156.45
"NT","Unincorporated NT",130.635986328125,-12.3838605880737,0.32,4.41,4.52,42.42,26.47,79.67,32.32,20.42,60.35
"NT","Unincorporated NT",130.667068481445,-12.3975095748901,0.32,4.42,4.51,38.83,24.58,71.47,29.1,19.02,51.41
"NT","Darwin",130.817459106445,-12.4013233184814,0.32,4.43,4.57,37.65,23.85,69.31,24.57,16.14,43.44
"NT","East Arnhem",135.99885559082,-12.3609342575073,0.32,2.59,2.88,29.12,18.25,55.55,10.1,7.27,15.98
"NT","East Arnhem",136.310104370117,-12.3572044372559,0.32,2.62,3.04,24.86,15.97,45.75,7.38,5.6,10.81
"NT","East Arnhem",136.953399658203,-12.3545627593994,0.32,2.55,3.71,40.65,24.46,81.88,4.23,3.46,5.6
"QLDNorth","Napranum",141.668304443359,-12.3724431991577,0.32,2.44,4.16,13.77,9.53,22.97,3.32,2.81,4.17
"QLDNorth","Cook",143.267303466797,-12.3943920135498,0.32,2.14,3,289.06,136.76,799.25,27.34,17.36,51.12
"NT","Darwin",130.900207519531,-12.3259315490723,0.32,4.41,4.5,43.97,27.27,83.28,28.83,19.02,50.09
"NT","Litchfield",130.947967529297,-12.3396530151367,0.32,4.41,4.5,44.37,27.45,84.39,28.43,18.75,49.44
"NT","Unincorporated NT",132.011322021484,-12.290732383728,0.32,4.32,5.03,130.61,68.02,318.42,10.48,7.57,16.39
"NT","East Arnhem",136.320724487305,-12.3121032714844,0.32,2.61,3.03,26.05,16.64,48.36,7.6,5.74,11.2
"NT","East Arnhem",136.937927246094,-12.3128938674927,0.32,2.55,3.49,44.17,26.32,90.08,5,4.01,6.79
"QLDNorth","Napranum",141.679977416992,-12.3266019821167,0.32,2.44,4.14,13.84,9.56,23.12,3.36,2.85,4.24
"QLDNorth","Cook",143.083145141602,-12.314151763916,0.32,2.14,2.3,260.49,125.15,704.78,294.37,137.53,832.13
"QLDNorth","Cook",143.162658691406,-12.3421659469604,0.32,2.14,2.82,267.32,127.71,729.69,43.25,25.69,88.86
"QLDNorth","Cook",143.197570800781,-12.3469867706299,0.32,2.14,2.63,279.04,132.46,768.54,77.92,43.11,175.64
"QLDNorth","Cook",143.218353271484,-12.3574123382568,0.32,2.14,2.63,282.37,133.98,777.78,80.68,44.3,184.04
"NT","Litchfield",130.999145507812,-12.2127170562744,0.32,4.4,4.54,47.09,28.93,90.39,33.25,20.91,62.49
"NT","Unincorporated NT",131.4208984375,-12.2685308456421,0.32,4.34,4.86,94.61,51.32,218.45,14.48,9.82,25.02
"NT","Unincorporated NT",131.472625732422,-12.2777271270752,0.32,4.35,4.86,89.64,49.1,203.88,14.23,9.7,24.42
"NT","Unincorporated NT",131.535339355469,-12.2733945846558,0.32,4.34,4.93,93.97,51.06,216.38,11.94,8.41,19.45
"NT","Unincorporated NT",131.577728271484,-12.2796277999878,0.32,4.34,4.93,107.03,56.95,254.06,11.96,8.42,19.49
"NT","Unincorporated NT",131.631881713867,-12.2783536911011,0.32,4.32,4.93,137.63,70.43,345.5,12.13,8.53,19.79
"NT","Unincorporated NT",131.682693481445,-12.2791233062744,0.32,4.32,4.95,139.38,71.22,350.57,11.53,8.19,18.53
"NT","Unincorporated NT",131.736846923828,-12.2702016830444,0.32,4.33,5.73,112.14,59.42,267.39,4.31,3.51,5.72
"NT","Unincorporated NT",131.78694152832,-12.2552947998047,0.32,4.33,5.93,116.17,61.05,280.57,3.76,3.15,4.81
"NT","Unincorporated NT",131.943099975586,-12.2689266204834,0.32,4.32,5.01,126.6,66.61,303.39,10.76,7.76,16.89
"NT","West Arnhem",132.108551025391,-12.2662086486816,0.32,4.32,5.04,136.56,70.61,336.43,10.29,7.46,16.03
"NT","East Arnhem",135.691482543945,-12.2486267089844,0.32,2.62,3.17,24.08,15.4,44.86,5.66,4.39,8.09
"NT","East Arnhem",135.742370605469,-12.2635383605957,0.32,2.61,3.16,25.7,16.32,48.28,5.85,4.52,8.39
"NT","East Arnhem",135.998382568359,-12.260082244873,0.32,2.6,2.76,27.65,17.4,52.56,13.75,9.5,23
"NT","East Arnhem",136.234939575195,-12.2211036682129,0.32,2.59,2.88,29.62,18.58,56.4,10.68,7.73,16.64
"NT","East Arnhem",136.256134033203,-12.2178087234497,0.32,2.59,3.01,29.23,18.37,55.48,8.14,6.08,12.18
"NT","East Arnhem",136.341003417969,-12.2645406723022,0.32,2.61,3.02,26.54,16.94,49.23,7.8,5.87,11.54
"NT","East Arnhem",136.929595947266,-12.2793607711792,0.32,2.55,3.5,43.09,25.79,87.3,5.11,4.08,7
"QLDNorth","Napranum",141.701065063477,-12.2661838531494,0.32,2.44,4.01,13.59,9.41,22.66,3.56,2.99,4.54
"QLDNorth","Cook",143.099166870117,-12.2576332092285,0.32,2.14,2.48,255.23,123.06,687.01,140.29,71.9,350.71
"NT","Litchfield",130.989242553711,-12.1898794174194,0.32,4.4,4.53,49.67,30.29,96.29,36.05,22.4,68.89
"NT","Unincorporated NT",131.348663330078,-12.2170190811157,0.32,4.34,5,104.06,55.48,246.58,9.57,6.93,15.02
"NT","Unincorporated NT",131.858276367188,-12.2237243652344,0.32,4.34,5.1,101.44,54.65,236.03,8.67,6.45,13.02
"NT","Unincorporated NT",131.896331787109,-12.2106943130493,0.32,4.33,5.07,121.59,64.04,291.64,9.43,6.93,14.42
"NT","West Arnhem",132.162353515625,-12.21364402771,0.32,4.32,5.1,134.96,70.45,326.85,12.53,8.85,20.24
"NT","East Arnhem",135.002471923828,-12.2035093307495,0.32,2.61,3.11,25.73,16.45,47.73,7.92,5.87,12.1
"NT","East Arnhem",135.035659790039,-12.2280006408691,0.32,2.63,3.12,22.92,14.95,41.26,7.62,5.68,11.52
"NT","East Arnhem",135.105743408203,-12.2389240264893,0.32,2.63,3.09,22.73,14.79,41.1,7.66,5.71,11.58
"NT","East Arnhem",135.218414306641,-12.1919298171997,0.32,2.6,3.18,26.87,17.12,49.99,7.14,5.37,10.69
"NT","East Arnhem",135.662689208984,-12.2106456756592,0.32,2.62,3.18,23.63,15.1,44.18,5.58,4.34,7.98
"NT","East Arnhem",135.787216186523,-12.2126140594482,0.32,2.61,3.21,26.29,16.65,49.52,5.48,4.28,7.77
"NT","East Arnhem",136.014984130859,-12.2320241928101,0.32,2.6,3.01,28.78,18.04,54.98,7.69,5.74,11.57
"NT","East Arnhem",136.150787353516,-12.1998643875122,0.32,2.58,3.02,31.29,19.43,60.45,8.23,6.13,12.37
"NT","East Arnhem",136.623153686523,-12.2152996063232,0.32,2.56,3.51,40.21,24.17,81.21,4.52,3.67,6.05
"NT","East Arnhem",136.877563476562,-12.2180404663086,0.32,2.56,3.78,38.39,23.35,76.06,4.24,3.44,5.67
"QLDNorth","Napranum",141.713638305664,-12.2316465377808,0.32,2.44,3.98,13.85,9.57,23.2,3.64,3.05,4.65
"QLDNorth","Cook",143.099227905273,-12.2135963439941,0.32,2.14,2.3,245.2,119,653.71,287.37,134.43,811.73
"NT","Litchfield",130.992370605469,-12.1579141616821,0.32,4.45,5.1,31.35,20.08,57.2,8.58,6.44,12.69
"NT","Litchfield",131.153396606445,-12.1661376953125,0.32,4.36,4.62,74.86,42.42,161.83,31.25,19.42,60.33
"NT","Unincorporated NT",131.233428955078,-12.1843738555908,0.32,4.36,4.43,80.55,45.39,175.12,54.54,32.43,110.1
"NT","Unincorporated NT",131.357284545898,-12.1176900863647,0.32,4.34,4.86,107.11,57.06,253.61,14.26,9.72,24.42
"NT","West Arnhem",132.228332519531,-12.1744031906128,0.32,4.31,4.49,158.92,80.99,398.13,94.28,50.08,226.53
"NT","West Arnhem",132.27033996582,-12.1444568634033,0.32,4.31,4.44,160.8,82.41,398.3,128.92,65.58,328.85
"NT","West Arnhem",132.337219238281,-12.1548480987549,0.32,4.31,4.62,172.37,87.83,429.67,60.49,33.76,136.66
"NT","West Arnhem",132.359786987305,-12.1572351455688,0.32,4.27,4.99,408.04,189.49,1142.69,12.57,8.86,20.39
"NT","West Arnhem",132.430633544922,-12.1582050323486,0.32,4.28,4.88,275.36,133.97,725.65,17.19,11.63,29.47
"NT","East Arnhem",134.950958251953,-12.1458263397217,0.32,2.57,3.08,35.03,21.44,69.04,8.84,6.45,13.78
"NT","East Arnhem",135.274459838867,-12.1687259674072,0.32,2.62,3.03,24.81,16.01,45.34,8.53,6.29,13.05
"NT","East Arnhem",135.686782836914,-12.1477298736572,0.32,2.62,3.17,23.64,15.11,44.17,5.62,4.36,8.04
"NT","East Arnhem",135.699523925781,-12.1348676681519,0.32,2.62,2.98,23.98,15.3,44.91,7.62,5.67,11.57
"NT","East Arnhem",135.855804443359,-12.1677484512329,0.32,2.61,3.16,26.27,16.67,49.37,5.88,4.55,8.42
"NT","East Arnhem",135.897903442383,-12.1618242263794,0.32,2.61,3.21,25.22,16.1,47,5.47,4.28,7.74
"NT","East Arnhem",135.946105957031,-12.149995803833,0.32,2.61,3.26,25.79,16.45,48.07,5.27,4.14,7.42
"NT","East Arnhem",136.159606933594,-12.1591968536377,0.32,2.61,2.98,25.53,16.36,47.13,8.59,6.36,13.04
"NT","East Arnhem",136.60107421875,-12.1814622879028,0.32,2.55,3.58,41.36,24.74,84.14,4.21,3.44,5.59
"NT","East Arnhem",136.733840942383,-12.1676731109619,0.32,2.55,3.45,41.96,25.12,85.16,5.18,4.12,7.12
"NT","East Arnhem",136.786148071289,-12.1561899185181,0.32,2.57,3.21,35.47,21.66,70.11,7.04,5.36,10.28
"NT","East Arnhem",136.828033447266,-12.1474151611328,0.32,2.57,3.37,36.07,22.13,70.56,6.02,4.65,8.65
"QLDNorth","Mapoon",141.757308959961,-12.1580944061279,0.32,2.45,3.32,13.1,9.11,21.7,5.2,4.15,7.12
"QLDNorth","Cook",143.101211547852,-12.1522407531738,0.32,2.15,2.26,223.44,110,583.69,263.6,125.18,728.26
"NT","Unincorporated NT",131.005920410156,-12.1143760681152,0.32,4.37,5,67.49,39.42,138.98,10.84,7.92,16.59
"NT","Unincorporated NT",131.092559814453,-12.0813102722168,0.32,4.35,4.64,90.42,49.54,205.56,29.69,18.76,55.74
"NT","Unincorporated NT",131.246597290039,-12.1323003768921,0.32,4.35,4.61,84.62,47.36,185.7,41.27,24.54,84.93
"NT","Unincorporated NT",131.364242553711,-12.101393699646,0.32,4.33,4.83,112.44,59.59,267.95,14.37,9.83,24.44
"NT","West Arnhem",132.488006591797,-12.1299524307251,0.32,4.29,4.88,232.57,115.24,598.93,17.2,11.62,29.54
"NT","West Arnhem",132.530609130859,-12.1093482971191,0.32,4.28,4.89,309.55,148.23,833.74,16.65,11.33,28.29
"NT","East Arnhem",134.950317382812,-12.1034984588623,0.32,2.56,3.06,39.2,23.64,78.8,9.33,6.75,14.71
"NT","East Arnhem",135.318801879883,-12.110463142395,0.32,2.6,2.8,26.85,17.19,49.5,14.53,9.99,24.44
"NT","East Arnhem",135.761627197266,-12.0824356079102,0.32,2.62,3.07,24.5,15.6,45.94,6.56,4.98,9.65
"NT","East Arnhem",136.12760925293,-12.083664894104,0.32,2.6,3.04,27.94,17.69,52.48,7.81,5.86,11.65
"NT","East Arnhem",136.58869934082,-12.1013021469116,0.32,2.55,3.37,42.18,25.11,86.46,4.96,3.94,6.84
"QLDNorth","Mapoon",141.770416259766,-12.1294441223145,0.32,2.46,3.33,12.64,8.84,20.79,5.13,4.1,6.99
"QLDNorth","Cook",143.139129638672,-12.0931539535522,0.32,2.15,2.58,217.47,107.42,565.59,77.05,42.54,174.51
"NT","Unincorporated NT",131.270263671875,-12.0644159317017,0.32,4.35,5.07,92.95,51.68,205.26,10.89,7.79,17.33
"NT","Unincorporated NT",131.307174682617,-12.0514507293701,0.32,4.32,5.02,127.15,66.54,307.71,10.09,7.22,16.18
"NT","West Arnhem",132.623382568359,-12.0515365600586,0.32,4.3,4.42,211.96,107.6,525.43,111.89,59.13,268.22
"NT","West Arnhem",134.370147705078,-12.0470180511475,0.32,2.51,3.67,65.41,36.35,148.07,4.79,3.79,6.71
"NT","West Arnhem",134.421295166016,-12.060338973999,0.32,2.52,3.07,60.59,34.02,135.2,8.97,6.5,14.15
"NT","West Arnhem",134.468276977539,-12.0629529953003,0.32,2.52,3.07,56.14,31.85,123.6,8.86,6.44,13.94
"NT","West Arnhem",134.524398803711,-12.0610952377319,0.32,2.53,3.37,52.31,29.94,113.8,6.28,4.79,9.22
"NT","West Arnhem",134.58024597168,-12.052583694458,0.32,2.53,3.36,50.32,28.94,108.78,6.44,4.9,9.47
"NT","East Arnhem",135.373519897461,-12.0797023773193,0.32,2.6,2.8,26.88,17.23,49.4,14.67,10.09,24.68
"NT","East Arnhem",135.420715332031,-12.078875541687,0.32,2.6,2.83,28.05,17.82,52.35,13.49,9.38,22.36
"NT","East Arnhem",135.498672485352,-12.0264129638672,0.32,2.59,2.97,28.91,18.31,54.15,9.9,7.22,15.31
"NT","East Arnhem",135.816177368164,-12.0222206115723,0.32,2.62,2.86,24.86,15.82,46.6,10.19,7.28,16.36
"NT","East Arnhem",136.111434936523,-12.0630779266357,0.32,2.58,3.1,33.3,20.45,65.47,7.3,5.52,10.78
"NT","East Arnhem",136.56086730957,-12.0609130859375,0.32,2.55,3.57,40.87,24.41,83.44,4.2,3.41,5.64
"QLDNorth","Mapoon",141.803771972656,-12.0563097000122,0.32,2.46,3.36,12.23,8.6,19.96,5,4.01,6.75
"QLDNorth","Cook",143.156799316406,-12.0544710159302,0.32,2.15,2.28,217.19,107.26,565.1,241.36,115.86,657.35
"NT","West Arnhem",132.620742797852,-11.9969520568848,0.32,4.31,4.43,171.15,88.03,419.64,109.33,57.72,262.99
"NT","West Arnhem",134.184463500977,-11.9982357025146,0.32,2.5,3,71.63,39.26,165.45,11.07,7.72,18.53
"NT","West Arnhem",134.250152587891,-12.0107345581055,0.32,2.5,2.76,71.34,39.07,165.07,20.47,13.08,38.73
"NT","West Arnhem",134.316650390625,-12.0093860626221,0.32,2.5,2.78,71.5,39.34,163.93,18.35,12.07,33.07
"NT","West Arnhem",134.649963378906,-12.0148496627808,0.32,2.53,3.41,52.24,29.84,114.07,6.25,4.79,9.11
"NT","East Arnhem",134.843780517578,-12.0023307800293,0.32,2.52,3.37,56.08,32.19,120.69,6.1,4.73,8.67
"NT","East Arnhem",134.901092529297,-12.0129470825195,0.32,2.53,2.98,49.43,28.92,103.52,9.91,7.24,15.27
"NT","East Arnhem",135.511871337891,-12.0182876586914,0.32,2.59,2.97,28.92,18.31,54.14,9.93,7.24,15.37
"NT","East Arnhem",135.835510253906,-12.0029325485229,0.32,2.61,2.86,25.35,16.09,47.71,10.18,7.28,16.34
"NT","East Arnhem",136.157913208008,-12.0233201980591,0.32,2.61,2.98,25.52,16.38,46.98,8.6,6.35,13.11
"NT","East Arnhem",136.545349121094,-12.0239019393921,0.32,2.55,3.26,40.77,24.33,83.43,5.68,4.39,8.2
"QLDNorth","Mapoon",141.819412231445,-12.0283946990967,0.32,2.47,3.28,11.89,8.4,19.3,5.33,4.25,7.26
"QLDNorth","Cook",143.176895141602,-12.0172853469849,0.32,2.15,2.21,213.34,105.46,554.78,278.34,132.46,763.2
"NT","Tiwi Islands",130.948303222656,-11.9423351287842,0.32,4.36,4.46,75.95,43.88,158.39,66.96,38.37,142.81
"NT","Tiwi Islands",130.982147216797,-11.933723449707,0.32,4.34,4.77,100.82,54.4,234.07,18.53,12.39,32.34
"NT","West Arnhem",132.631072998047,-11.9484176635742,0.32,4.3,4.42,185.97,94.82,460.85,109.48,58.31,258.91
"NT","West Arnhem",134.210144042969,-11.9517621994019,0.32,2.49,3.07,82.11,44.61,190.86,10.13,7.16,16.67
"NT","West Arnhem",134.68896484375,-11.9589719772339,0.32,2.51,3.21,64.33,36,143.9,7.9,5.87,11.96
"NT","West Arnhem",134.740509033203,-11.9548368453979,0.32,2.51,3.06,63.51,35.61,141.68,9.2,6.73,14.2
"NT","East Arnhem",134.776611328125,-11.9581813812256,0.32,2.5,3.1,69.84,38.82,157.28,8.64,6.4,13.11
"NT","East Arnhem",135.581314086914,-11.9595603942871,0.32,2.59,3.26,30.35,19.15,57.01,6.12,4.77,8.63
"NT","East Arnhem",135.61979675293,-11.9580116271973,0.32,2.59,3.15,29.38,18.65,54.72,6.89,5.29,9.93
"NT","East Arnhem",136.275833129883,-11.9708499908447,0.32,2.59,3.03,30.04,18.87,56.97,8.67,6.41,13.18
"NT","East Arnhem",136.313903808594,-11.9524831771851,0.32,2.58,2.91,31.78,19.81,60.88,10.96,7.86,17.36
"NT","East Arnhem",136.343872070312,-11.947639465332,0.32,2.58,2.84,33.69,20.81,65.41,12.48,8.82,20.16
"NT","East Arnhem",136.528594970703,-11.9510841369629,0.32,2.55,3.06,40.75,24.27,83.65,7.8,5.75,12.04
"QLDNorth","Mapoon",141.865600585938,-11.9639463424683,0.32,2.49,3.09,11.17,7.96,17.89,5.84,4.6,8.11
"QLDNorth","Mapoon",141.897277832031,-11.9500980377197,0.32,2.5,3.12,10.63,7.62,16.89,5.53,4.39,7.59
"QLDNorth","Cook",143.157455444336,-11.9466142654419,0.32,2.14,2.45,256.2,122.75,697.46,103.92,55.57,244.86
"NT","Tiwi Islands",130.504669189453,-11.8403720855713,0.32,4.38,4.51,58.65,34.45,120.53,33.04,20.91,61.39
"NT","Tiwi Islands",130.807876586914,-11.8504104614258,0.32,4.43,4.52,37.84,24.07,69.08,27.62,18.28,47.85
"NT","Tiwi Islands",130.874359130859,-11.8713722229004,0.32,4.42,4.51,40.89,25.71,75.9,30.79,20.11,54.32
"NT","Tiwi Islands",130.89582824707,-11.8893566131592,0.32,4.41,4.55,42.01,26.31,78.42,27.01,17.83,47.09
"NT","Tiwi Islands",131.043060302734,-11.8865613937378,0.32,4.35,4.53,89.35,48.88,203.85,41.01,24.92,81.04
"NT","West Arnhem",132.639907836914,-11.9028997421265,0.32,4.3,4.42,186.6,94.66,466.67,99.4,53.76,229.94
"NT","West Arnhem",133.896774291992,-11.9072465896606,0.32,2.51,2.91,66.19,37.46,144.62,14.2,9.61,24.66
"NT","West Arnhem",133.951324462891,-11.9031887054443,0.32,2.5,3.41,70.02,39.34,154.45,6.72,5.04,10.13
"NT","West Arnhem",134.137069702148,-11.9051790237427,0.32,2.48,3.33,92.73,49.87,217.87,7.29,5.42,11.12
"NT","East Arnhem",135.756454467773,-11.911205291748,0.32,2.59,2.9,29.08,18.52,53.88,10.85,7.83,17.03
"NT","East Arnhem",135.790130615234,-11.9003629684448,0.32,2.6,3,28.64,18.26,53.01,8.54,6.38,12.76
"NT","East Arnhem",136.375,-11.9009981155396,0.32,2.57,3.4,34.5,21.3,66.92,6.04,4.67,8.68
"NT","East Arnhem",136.528915405273,-11.9165210723877,0.32,2.55,2.93,41.36,24.81,83.67,11.04,7.89,17.61
"QLDNorth","Mapoon",141.884399414062,-11.946722984314,0.32,2.49,3.11,10.86,7.77,17.32,5.65,4.47,7.78
"QLDNorth","Cook",142.948287963867,-11.8973693847656,0.32,2.14,2.44,256.76,121.3,717.58,89.66,49.24,203.02
"QLDNorth","Cook",142.998092651367,-11.9294691085815,0.32,2.14,2.52,259.95,122.66,727.42,79.97,44.49,178.13
"QLDNorth","Cook",143.058807373047,-11.9179401397705,0.32,2.14,2.49,281.17,131.54,795.4,87.22,48.03,196.85
"QLDNorth","Cook",143.106872558594,-11.8990879058838,0.32,2.14,2.45,273.25,129.15,759.73,110.95,59.15,261.71
"NT","Tiwi Islands",130.048980712891,-11.8261213302612,0.32,4.33,5.1,117.72,63.38,271.73,9.11,6.74,13.81
"NT","Tiwi Islands",130.108581542969,-11.8302373886108,0.32,4.34,4.65,104.38,56.5,240.36,26.77,17.11,49.5
"NT","Tiwi Islands",130.145629882812,-11.8264837265015,0.32,4.32,4.56,126.47,66.34,304.84,39.19,23.83,77.61
"NT","Tiwi Islands",130.204071044922,-11.8116674423218,0.32,4.35,4.53,90.07,49.31,205.01,40.74,24.75,80.59
"NT","Tiwi Islands",130.259338378906,-11.7950744628906,0.32,4.35,4.53,87.48,48,198.73,36.22,22.43,69.64
"NT","Tiwi Islands",130.300674438477,-11.7818832397461,0.32,4.35,4.5,84.84,46.74,191.66,42.47,25.79,83.8
"NT","Tiwi Islands",130.386657714844,-11.8054189682007,0.32,4.36,4.49,77.62,43.41,171.49,41.76,25.54,81.44
"NT","Tiwi Islands",130.427810668945,-11.8165292739868,0.32,4.37,4.5,70.69,40.15,152.71,36.38,22.71,68.91
"NT","Tiwi Islands",130.578720092773,-11.8289165496826,0.32,4.39,4.51,52.12,31.26,103.87,31.03,19.9,56.5
"NT","Tiwi Islands",130.612777709961,-11.8281364440918,0.32,4.41,4.53,45.16,27.7,87.15,26.2,17.26,45.88
"NT","Tiwi Islands",130.671371459961,-11.8170099258423,0.32,4.42,4.93,40.07,25.09,75.04,10.95,7.88,17.23
"NT","Tiwi Islands",130.750625610352,-11.8247766494751,0.32,4.42,4.53,40.23,25.19,75.31,25.66,17.06,44.28
"NT","Tiwi Islands",131.106369018555,-11.8367681503296,0.32,4.34,4.38,93.82,51.24,213.95,77.87,43.46,172.66
"NT","Tiwi Islands",131.143173217773,-11.8116655349731,0.32,4.36,4.39,80.76,45.16,178.02,67.95,38.79,145.76
"NT","West Arnhem",132.636825561523,-11.8432168960571,0.32,4.29,4.95,231.08,113.23,607.63,12.25,8.84,19.06
"NT","West Arnhem",133.895065307617,-11.8185167312622,0.32,2.51,2.85,64.65,36.63,141.16,16.69,11.02,30.04
"NT","West Arnhem",134.007934570312,-11.8538293838501,0.32,2.5,2.83,71.87,40.42,157.98,18.92,12.28,34.94
"NT","West Arnhem",134.056777954102,-11.8575630187988,0.32,2.49,2.82,81.35,44.91,183.64,19.38,12.52,36
"NT","West Arnhem",134.068252563477,-11.8719110488892,0.32,2.49,2.82,84.44,46.27,192.77,19.01,12.31,35.21
"NT","East Arnhem",136.417495727539,-11.8494110107422,0.32,2.55,3.56,40.7,24.49,81.91,5.25,4.14,7.33
"NT","East Arnhem",136.486282348633,-11.8582954406738,0.32,2.57,3.06,36.44,22.06,73.11,7.41,5.5,11.33
"QLDNorth","Cook",141.949020385742,-11.8594808578491,0.32,2.49,3,10.91,7.79,17.44,6.14,4.8,8.59
"QLDNorth","Cook",142.928421020508,-11.8899345397949,0.32,2.14,2.44,254.61,120.24,712.41,85.53,47.27,192.01
"NT","Tiwi Islands",130.022125244141,-11.793194770813,0.32,4.32,5.71,128.04,68.22,299.67,4.43,3.64,5.79
"NT","Tiwi Islands",131.195007324219,-11.7888441085815,0.32,4.34,4.39,95.64,52.33,217.17,92.45,49.82,216.43
"NT","Tiwi Islands",131.240982055664,-11.7524433135986,0.32,4.34,4.37,103.7,55.84,241.24,105.02,55.47,253.08
"NT","West Arnhem",132.578628540039,-11.7922096252441,0.32,4.31,4.94,155.4,81.37,370.93,12.31,8.88,19.16
"NT","West Arnhem",133.577560424805,-11.8029184341431,0.32,4.33,4.96,116.32,61.16,280.75,12.66,8.76,21.23
"NT","West Arnhem",133.653747558594,-11.8069162368774,0.32,4.33,5.05,118.83,62.18,288.99,10.24,7.29,16.55
"NT","West Arnhem",133.939819335938,-11.7774648666382,0.32,2.5,2.88,72.36,40.75,158.6,15.92,10.58,28.41
"QLDNorth","Cook",141.964004516602,-11.8045377731323,0.32,2.49,2.99,11.17,7.95,17.95,6.2,4.85,8.69
"QLDNorth","Cook",142.860336303711,-11.7837772369385,0.32,2.14,2.42,254.39,120.71,705.48,100.01,54.46,228.39
"NT","Tiwi Islands",130.024185180664,-11.762095451355,0.32,4.31,4.87,159.66,80.54,407.55,12.62,8.92,20.34
"NT","Tiwi Islands",131.293151855469,-11.7301988601685,0.32,4.33,4.38,119.31,62.83,286.55,106.4,55.86,259.09
"NT","West Arnhem",132.543960571289,-11.7247705459595,0.32,4.31,4.94,153.99,80.62,367.94,12.02,8.7,18.58
"NT","West Arnhem",133.370880126953,-11.7535991668701,0.32,4.32,4.78,125.81,65.76,305.43,18.38,12.08,33.14
"NT","West Arnhem",133.417953491211,-11.7414617538452,0.32,4.32,4.48,133.56,68.88,331.11,61.64,33.99,142.37
"NT","West Arnhem",133.479400634766,-11.77942943573,0.32,4.32,4.68,127.54,66.19,313.43,24.86,15.72,47.21
"NT","West Arnhem",133.531616210938,-11.7553157806396,0.32,4.32,4.49,127.81,66.33,314.06,57.17,31.71,131.32
"NT","West Arnhem",133.672592163086,-11.7725067138672,0.32,4.33,4.86,115.68,60.94,278.34,15.2,10.18,26.87
"NT","West Arnhem",133.738784790039,-11.7747716903687,0.32,2.47,3.03,109.15,57.99,259.46,13.66,9.26,23.74
"NT","West Arnhem",133.928909301758,-11.7508583068848,0.32,2.51,3.13,66.14,37.91,141.12,9.96,7.06,16.27
"QLDNorth","Cook",141.98078918457,-11.7673273086548,0.32,2.48,2.99,11.3,8.03,18.2,6.24,4.88,8.75
"QLDNorth","Cook",142.865814208984,-11.7535581588745,0.32,2.45,2.79,249.61,118.9,688.12,76.66,43.38,165.94
"NT","Tiwi Islands",130.065078735352,-11.6915130615234,0.32,4.31,5.39,169.06,83.98,442.41,5.84,4.62,8.03
"NT","Tiwi Islands",131.341598510742,-11.6812562942505,0.32,4.33,4.71,125.48,65.48,305.59,21.36,13.7,39.96
"NT","West Arnhem",132.489288330078,-11.6818885803223,0.32,4.32,4.42,147.7,77.5,352.32,89.59,49.64,199.53
"NT","West Arnhem",133.152313232422,-11.6975011825562,0.32,4.36,4.63,76.44,43.82,161.6,22.73,14.71,41.53
"NT","West Arnhem",133.199630737305,-11.7201299667358,0.32,4.36,4.78,78.78,44.87,168.21,15.28,10.44,25.95
"NT","West Arnhem",133.273788452148,-11.7158880233765,0.32,4.36,5.1,81.22,46.06,174.43,8.82,6.5,13.47
"NT","West Arnhem",133.319244384766,-11.6946496963501,0.32,4.35,4.92,82.59,46.85,177.07,11.56,8.12,19.02
"NT","West Arnhem",133.797073364258,-11.7242794036865,0.32,2.48,3.74,93.3,50.71,214.76,5.47,4.28,7.71
"NT","West Arnhem",133.842254638672,-11.7227993011475,0.32,2.5,3.74,75.41,42.32,165.89,5.36,4.21,7.55
"NT","West Arnhem",133.917892456055,-11.7371520996094,0.32,2.5,3.14,68.94,39.28,148.29,10.96,7.66,18.27
"NT","East Arnhem",136.2080078125,-11.6966419219971,0.32,2.58,2.94,31.35,19.52,60.29,10.17,7.3,16.17
"NT","East Arnhem",136.257858276367,-11.6989812850952,0.32,2.56,3.32,40.25,24.25,80.87,6.49,4.97,9.43
"QLDNorth","Cook",142.005126953125,-11.7086973190308,0.32,2.48,3,11.65,8.23,18.89,6.35,4.95,8.93
"QLDNorth","Cook",142.867462158203,-11.6918067932129,0.32,2.46,2.8,239.24,114.88,651.63,72.73,41.28,157.1
"NT","Tiwi Islands",130.095092773438,-11.669285774231,0.32,4.31,5.08,152.4,76.47,394.25,8.43,6.31,12.55
"NT","Tiwi Islands",130.187530517578,-11.6419429779053,0.32,4.31,4.71,151.16,75.73,392.36,19.9,13.18,35.15
"NT","Tiwi Islands",131.36328125,-11.63694190979,0.32,4.32,4.69,137.39,70.71,341.26,23.92,15.09,45.74
"NT","Tiwi Islands",131.425994873047,-11.6168279647827,0.32,4.31,4.4,154.1,78.21,389.79,98.52,52.4,235.43
"NT","West Arnhem",132.486053466797,-11.6637868881226,0.32,4.31,4.42,166.15,85.75,405.51,94.91,52.13,214
"NT","West Arnhem",133.131576538086,-11.656457901001,0.32,4.36,4.68,75.59,43.45,159.12,19.13,12.75,33.45
"NT","East Arnhem",136.146011352539,-11.65256690979,0.32,2.55,3.01,43.15,25.81,87.47,10.24,7.42,15.96
"NT","East Arnhem",136.329177856445,-11.6450710296631,0.32,2.55,3.38,42.87,25.67,86.76,5.79,4.5,8.28
"QLDNorth","Cook",142.021499633789,-11.6523866653442,0.32,2.47,2.87,11.86,8.36,19.31,7.32,5.58,10.62
"QLDNorth","Cook",142.864364624023,-11.6457834243774,0.32,2.46,2.83,219.61,107.08,584.7,51.57,30.45,105.83
"NT","Tiwi Islands",130.177734375,-11.5661220550537,0.32,4.32,4.49,144.03,72.84,368.52,71.06,38.73,165.99
"NT","Tiwi Islands",131.474838256836,-11.591402053833,0.32,4.32,4.66,137.11,70.83,338.27,23.05,14.75,43.02
"NT","West Arnhem",132.535293579102,-11.5826101303101,0.32,4.29,4.91,226.33,113.67,569.74,12.65,9.08,19.83
"NT","West Arnhem",133.107482910156,-11.6077547073364,0.32,4.36,4.7,77.25,44.26,163.34,19.34,12.91,33.73
"NT","East Arnhem",136.166854858398,-11.6174325942993,0.32,2.56,3.18,38.65,23.81,74.73,7.69,5.82,11.29
"NT","East Arnhem",136.295028686523,-11.5613565444946,0.32,2.55,2.73,42.07,25.67,82.33,19.1,12.86,32.82
"QLDNorth","Cook",142.02815246582,-11.6156911849976,0.32,2.88,3.24,11.96,8.42,19.5,7.88,5.94,11.63
"QLDNorth","Cook",142.85791015625,-11.5837736129761,0.32,2.46,2.9,203.88,100.64,533.13,39.84,24.33,78.1
"NT","Tiwi Islands",130.175399780273,-11.5458192825317,0.32,4.31,4.92,160.77,79.84,422.45,11.33,8.12,17.92
"NT","Tiwi Islands",131.528823852539,-11.4797439575195,0.32,4.32,4.68,132.75,69.14,323.2,22.95,14.77,42.38
"NT","West Arnhem",132.061462402344,-11.5261945724487,0.32,4.3,4.5,202.55,100.43,525.53,60,35.06,124.31
"NT","West Arnhem",132.103866577148,-11.5351600646973,0.32,4.3,4.4,180.22,91.1,454.65,128.56,67.54,308.64
"NT","West Arnhem",132.143127441406,-11.5230531692505,0.32,4.31,4.4,158.77,80.39,402.57,93.06,50.99,211.07
"NT","West Arnhem",132.500518798828,-11.5184679031372,0.32,4.31,4.6,167.51,87.42,400.5,38.2,23.63,73.34
"NT","West Arnhem",132.523147583008,-11.5400514602661,0.32,4.31,4.6,168.74,88.45,400.15,36.92,22.98,70.24
"NT","West Arnhem",133.083114624023,-11.5242862701416,0.32,4.36,4.74,75.89,43.58,159.98,18.71,12.57,32.26
"NT","East Arnhem",136.244705200195,-11.5727081298828,0.32,2.55,3.68,41.72,25.48,81.58,5.19,4.13,7.09
"QLDNorth","Cook",142.047119140625,-11.5551748275757,0.32,2.88,3.23,12.12,8.52,19.81,8.04,6.05,11.9
"QLDNorth","Cook",142.848205566406,-11.5669078826904,0.32,2.47,2.99,198.46,98.49,514.76,31.72,19.98,59.57
"NT","Tiwi Islands",130.161422729492,-11.4907732009888,0.32,4.31,4.99,155.89,77.95,405.24,10.26,7.46,15.92
"NT","West Arnhem",132.029327392578,-11.4781379699707,0.32,4.29,4.65,220.25,107.71,583,30.44,19.41,56.09
"NT","West Arnhem",132.208831787109,-11.4825410842896,0.32,4.29,4.37,232.26,113.83,610.36,123.06,65.72,287.42
"NT","West Arnhem",132.270492553711,-11.4668083190918,0.32,4.3,4.58,210.1,104.9,536.96,43.04,26.3,83.89
"NT","West Arnhem",132.31298828125,-11.4683017730713,0.32,4.3,4.54,203.03,102.09,513.34,49.16,29.67,97.2
"NT","West Arnhem",132.383819580078,-11.4549140930176,0.32,4.3,4.43,184.49,94.17,456.54,84.73,47.82,183.12
"NT","West Arnhem",132.426971435547,-11.4597721099854,0.32,4.3,4.42,185.13,95.03,453.37,93.28,51.59,207.91
"NT","West Arnhem",133.073486328125,-11.5122003555298,0.32,4.36,4.75,76.07,43.68,160.37,18.59,12.52,31.93
"QLDNorth","Cook",142.073867797852,-11.4911956787109,0.32,2.87,3.27,12.46,8.72,20.5,7.63,5.79,11.14
"QLDNorth","Cook",142.845962524414,-11.4972276687622,0.32,2.47,3.03,173.56,88.16,435.04,29.29,18.7,53.98
"NT","Tiwi Islands",130.16975402832,-11.4444332122803,0.32,4.29,5.93,231.49,108.65,659.86,4.05,3.35,5.26
"NT","Tiwi Islands",131.536544799805,-11.436595916748,0.32,4.32,4.77,140.78,72.81,345.88,17.3,11.68,29.77
"NT","West Arnhem",131.9990234375,-11.4327774047852,0.32,4.29,4.81,226.26,110.29,601.43,17.43,11.93,29.17
"NT","West Arnhem",132.640228271484,-11.4434223175049,0.32,4.34,4.9,107.68,59.16,240.89,22.07,14.49,39.31
"NT","West Arnhem",132.780090332031,-11.4485273361206,0.32,4.33,4.86,118.52,64.44,268.56,15.95,10.91,26.92
"NT","West Arnhem",133.023818969727,-11.4552783966064,0.32,4.36,4.89,74.92,43.1,157.54,20.2,13.28,36.12
"QLDNorth","Cook",142.083679199219,-11.4627676010132,0.32,2.87,3.27,12.63,8.82,20.84,7.65,5.8,11.18
"QLDNorth","Cook",142.857482910156,-11.4085350036621,0.32,2.48,2.89,159.17,81.75,393.01,46.7,28.03,93.59
"NT","Tiwi Islands",130.230453491211,-11.3935594558716,0.32,4.29,5.96,243.4,116.05,671.02,3.9,3.24,5.03
"NT","Tiwi Islands",131.521224975586,-11.3907089233398,0.32,4.32,5.35,126.23,65.98,306.37,6.86,5.23,9.99
"NT","West Arnhem",131.914978027344,-11.3621482849121,0.32,4.3,4.89,204.63,100.95,535.51,13.89,9.75,22.54
"NT","West Arnhem",131.947036743164,-11.3853130340576,0.32,4.3,4.89,204.15,100.42,537.26,13.75,9.67,22.24
"NT","West Arnhem",132.613983154297,-11.3998851776123,0.32,4.33,4.78,108.14,59.02,244.75,24.05,15.71,43.01
"NT","West Arnhem",132.787384033203,-11.3777360916138,0.32,4.34,4.93,106.69,58.8,237.43,15.03,10.32,25.3
"NT","West Arnhem",132.997406005859,-11.4216756820679,0.32,4.36,4.81,78.85,44.99,167.77,20.93,13.88,36.71
"NT","East Arnhem",136.597122192383,-11.4216785430908,0.32,2.54,3.26,45.06,26.61,93.38,6.78,5.16,9.94
"NT","East Arnhem",136.640731811523,-11.3713369369507,0.32,2.55,3.31,44.16,26.27,90.32,7.36,5.5,11.11
"QLDNorth","Cook",142.103149414062,-11.401725769043,0.32,2.86,3.09,12.95,9.01,21.48,9.47,6.94,14.55
"QLDNorth","Cook",142.872909545898,-11.3809547424316,0.32,2.48,3.07,156.46,80.28,387.45,30.07,19.26,54.98
"NT","Tiwi Islands",130.261825561523,-11.3385334014893,0.32,4.29,5.26,243.82,114.73,689.01,7.22,5.52,10.45
"NT","Tiwi Islands",130.316619873047,-11.3294315338135,0.32,4.29,5.01,229.26,108.03,649.06,9.66,7.09,14.79
"NT","Tiwi Islands",130.640731811523,-11.3504152297974,0.32,4.29,4.84,214.8,105.82,561.8,18.48,12.23,32.89
"NT","Tiwi Islands",130.66682434082,-11.3222599029541,0.32,4.3,5.06,203.79,101.25,526.58,11.49,8.12,18.68
"NT","Tiwi Islands",130.746994018555,-11.371994972229,0.32,4.3,4.86,198.33,99.28,506.31,17.29,11.52,30.51
"NT","Tiwi Islands",130.799591064453,-11.3583660125732,0.32,4.3,4.96,186.04,94.27,466.29,12.77,8.91,21.11
"NT","Tiwi Islands",130.853012084961,-11.3462705612183,0.32,4.3,4.84,177.92,90.91,440.46,16.71,11.21,29.17
"NT","Tiwi Islands",131.466506958008,-11.3359422683716,0.32,4.31,5,148.07,75.36,373.62,12.41,8.72,20.25
"NT","West Arnhem",131.836776733398,-11.317587852478,0.32,4.3,4.89,179.22,90.39,454.15,16.05,11.07,26.62
"NT","West Arnhem",132.599029541016,-11.3259267807007,0.32,4.33,4.73,110.62,60.12,251.93,23.37,15.35,41.42
"NT","West Arnhem",132.863540649414,-11.3349733352661,0.32,4.34,4.73,98.31,55.01,213.91,21.98,14.62,38.24
"NT","West Arnhem",132.894546508789,-11.3347940444946,0.32,4.34,4.73,98.23,54.68,215.76,21.61,14.38,37.61
"NT","West Arnhem",132.923782348633,-11.3376379013062,0.32,4.35,4.84,87.96,49.45,191.01,21.81,14.32,38.91
"NT","East Arnhem",136.546264648438,-11.3306303024292,0.32,2.57,3.08,34.21,21.46,64.46,9.23,6.81,14.02
"NT","East Arnhem",136.668273925781,-11.3229780197144,0.32,2.53,2.88,51.69,30.18,108.32,13.45,9.29,22.53
"QLDNorth","Cook",142.11637878418,-11.3324689865112,0.32,2.7,3.04,13.27,9.2,22.09,8.39,6.27,12.51
"QLDNorth","Cook",142.866561889648,-11.3505191802979,0.32,2.48,2.95,140.94,73.13,344.18,41.84,25.61,81.43
"NT","Tiwi Islands",130.331573486328,-11.3181953430176,0.32,4.29,5.01,236.73,111.16,673.02,9.64,7.08,14.75
"NT","Tiwi Islands",130.604202270508,-11.2962017059326,0.32,4.3,4.77,204,101.36,527,23.55,15.13,43.56
"NT","Tiwi Islands",130.89421081543,-11.3064479827881,0.32,4.31,5.15,171.83,88.54,419.82,9.41,6.85,14.65
"NT","Tiwi Islands",130.929824829102,-11.3132572174072,0.32,4.31,4.75,168.16,86.94,408.89,23.93,15.25,44.89
"NT","Tiwi Islands",131.039672851562,-11.3159465789795,0.32,4.3,5.32,181.19,92.73,446.71,7.4,5.58,10.94
"NT","Tiwi Islands",131.068801879883,-11.3014717102051,0.32,4.3,5.33,191.05,96.96,476.72,7.23,5.48,10.61
"NT","Tiwi Islands",131.445999145508,-11.2863349914551,0.32,4.32,5.54,133.81,69.46,327.65,6,4.69,8.43
"NT","West Arnhem",131.79248046875,-11.2772884368896,0.32,4.31,6.17,153.48,77.95,387.89,3.36,2.85,4.2
"NT","West Arnhem",132.623947143555,-11.2838859558105,0.32,4.33,5.12,115.07,62.29,263.28,14.34,9.87,24.1
"NT","East Arnhem",136.548950195312,-11.2743463516235,0.32,2.51,3.53,68.51,39.25,145.97,5.87,4.61,8.18
"NT","East Arnhem",136.685302734375,-11.2800846099854,0.32,2.54,3.2,48.95,28.72,102,9.75,6.99,15.63
"QLDNorth","Cook",142.119735717773,-11.2773599624634,0.32,2.7,3.03,13.39,9.28,22.31,8.54,6.37,12.8
"QLDNorth","Cook",142.825485229492,-11.2893285751343,0.32,2.49,3.07,126.08,66.29,302.61,29.74,19.19,53.68
"NT","Tiwi Islands",130.358932495117,-11.2424116134644,0.32,4.29,5.15,237.57,112.08,669.25,8.15,6.12,12.07
"NT","Tiwi Islands",130.491439819336,-11.2524118423462,0.32,4.3,5.4,201.45,99.71,524.55,8.68,6.38,13.35
"NT","Tiwi Islands",130.565307617188,-11.2675523757935,0.32,4.3,4.7,193.71,96.8,496.82,31.08,19.32,60
"NT","Tiwi Islands",131.117950439453,-11.2520942687988,0.32,4.3,5.04,195.03,98.68,488.72,11.62,8.24,18.74
"NT","Tiwi Islands",131.151779174805,-11.246729850769,0.32,4.29,5.25,214.16,106.67,549.09,8.42,6.26,12.7
"NT","Tiwi Islands",131.356216430664,-11.2465591430664,0.32,4.3,5.31,185,92.93,471.27,9.5,6.94,14.66
"NT","Tiwi Islands",131.412414550781,-11.2522840499878,0.32,4.33,5.56,117.89,62.75,277.8,6.65,5.11,9.58
"NT","West Arnhem",131.811859130859,-11.2258338928223,0.32,4.3,4.74,183.61,90.88,481.06,23.51,15.07,43.64
"NT","West Arnhem",132.621826171875,-11.2328500747681,0.32,4.33,4.62,113.12,61.55,256.72,26.12,16.9,47.31
NA,"East Arnhem",136.545593261719,-11.2220897674561,0.32,2.5,3.67,72.98,41.53,156.77,5.41,4.29,7.45
"NT","East Arnhem",136.631530761719,-11.1951751708984,0.32,2.56,3.12,37.43,23.29,71.2,9.72,7.12,14.91
"QLDNorth","Cook",142.114303588867,-11.2349643707275,0.32,2.7,3.32,13.48,9.35,22.46,6.28,4.91,8.78
"QLDNorth","Cook",142.792556762695,-11.2303142547607,0.32,2.49,3.03,125.11,65.78,300.49,32.23,20.63,58.76
"NT","Tiwi Islands",130.368423461914,-11.1777906417847,0.32,4.31,5.13,160.26,82.62,392.82,8.48,6.34,12.66
"NT","Tiwi Islands",130.446243286133,-11.1971912384033,0.32,4.3,5.47,193.23,95.88,502.19,8.14,6.06,12.25
"NT","Tiwi Islands",131.247192382812,-11.1940431594849,0.32,4.29,5.53,250.82,123.16,653.73,6.13,4.8,8.57
"NT","Tiwi Islands",131.261795043945,-11.1898603439331,0.32,4.29,5.97,226.74,112.31,585.23,4.32,3.54,5.66
"NT","Tiwi Islands",131.299652099609,-11.2015371322632,0.32,4.3,5.41,198.43,98.73,512.17,8.22,6.13,12.33
"NT","West Arnhem",131.825469970703,-11.2042093276978,0.32,4.3,6.48,200.04,97.11,540.35,3.01,2.59,3.72
"NT","West Arnhem",131.895614624023,-11.1854572296143,0.32,4.31,6.15,155.13,78.7,392.52,3.42,2.88,4.32
"NT","West Arnhem",131.960083007812,-11.1784086227417,0.32,4.31,5.9,159.7,80.95,403.95,3.9,3.24,5.06
"NT","West Arnhem",132.432769775391,-11.2089195251465,0.32,4.32,4.99,138.24,72.23,333.7,11.76,8.26,19.29
"NT","West Arnhem",132.481201171875,-11.1749544143677,0.32,4.32,4.81,139.34,72.62,337.78,15.57,10.47,27.24
"NT","West Arnhem",132.62825012207,-11.178165435791,0.32,4.32,4.73,135.82,71.94,320.15,20.83,13.77,36.78
"QLDNorth","Northern Peninsula Area",142.139755249023,-11.1726818084717,0.32,2.71,3.02,12.93,9.05,21.22,8.88,6.56,13.49
"QLDNorth","Cook",142.804824829102,-11.16344165802,0.32,2.49,3.02,121.31,64.09,289.33,33.45,21.34,61.21
"NT","Tiwi Islands",130.380508422852,-11.1629219055176,0.32,4.29,5.51,215.14,105.54,567.14,7.29,5.52,10.76
"NT","Tiwi Islands",130.402770996094,-11.1618366241455,0.32,4.3,5.36,177.81,89.13,455.89,9.22,6.77,14.14
"NT","West Arnhem",132.001861572266,-11.1261157989502,0.32,4.31,5.6,170.21,85.56,435.44,4.82,3.88,6.52
"NT","West Arnhem",132.022277832031,-11.146276473999,0.32,4.3,5.44,188.27,93.23,491.98,5.46,4.31,7.58
"NT","West Arnhem",132.134811401367,-11.1272020339966,0.32,4.3,5.34,193.88,96.43,501.55,6.6,5.06,9.53
"NT","West Arnhem",132.160491943359,-11.1263208389282,0.32,4.3,5.41,191.97,95.92,492.73,6.23,4.82,8.88
"NT","West Arnhem",132.192352294922,-11.1309881210327,0.32,4.3,5.41,188.61,94.61,481.15,6.22,4.82,8.89
"NT","West Arnhem",132.287612915039,-11.1635417938232,0.32,4.31,5.74,159.51,81.92,393.9,4.96,3.97,6.76
"NT","West Arnhem",132.327835083008,-11.1182298660278,0.32,4.31,5.55,173.19,88.31,430.98,6.08,4.73,8.63
"NT","West Arnhem",132.35627746582,-11.1436605453491,0.32,4.31,5.74,160.75,82.73,395.21,5.3,4.2,7.31
"NT","West Arnhem",132.478958129883,-11.1468286514282,0.32,4.32,5.78,129.17,68.15,307.58,5.17,4.11,7.1
"NT","West Arnhem",132.615158081055,-11.129017829895,0.32,4.32,4.96,132.88,70.62,311.64,23.84,15.47,43.23
"QLDNorth","Northern Peninsula Area",142.14453125,-11.1362314224243,0.32,2.71,3.02,12.88,9.03,21.1,8.86,6.54,13.46
"QLDNorth","Cook",142.804168701172,-11.1530590057373,0.32,2.5,3.02,117.75,62.54,278.64,33.27,21.27,60.64
"NT","West Arnhem",132.472778320312,-11.0708351135254,0.32,4.31,4.93,161.38,83.09,396.32,13.72,9.44,23.18
"NT","West Arnhem",132.603607177734,-11.0717344284058,0.32,4.32,4.82,138.95,73.1,331.14,27.83,18,50.25
"QLDNorth","Northern Peninsula Area",142.138977050781,-11.0583038330078,0.32,2.7,3.48,13.58,9.44,22.47,5.4,4.3,7.36
"QLDNorth","Cook",142.794006347656,-11.0856399536133,0.32,2.49,3.15,127.48,66.89,306.95,29.65,19.19,53.24
"NT","West Arnhem",132.465347290039,-11.0247783660889,0.32,4.3,5.38,192.52,97.7,480.21,7.98,5.97,11.93
"NT","West Arnhem",132.588653564453,-11.0156278610229,0.32,4.31,4.8,154.62,79.98,377.54,36.16,22.53,68.73
"QLDNorth","Northern Peninsula Area",142.106628417969,-11.0066871643066,0.32,2.69,3.47,14.05,9.75,23.3,5.49,4.36,7.51
"QLDNorth","Cook",142.767959594727,-11.0458612442017,0.32,2.49,2.98,138.1,71.63,337.95,36.93,23.27,68.71
"NT","West Arnhem",132.552230834961,-10.9911222457886,0.32,4.3,5.67,181.64,93.18,445.8,5.87,4.6,8.23
"NT","West Arnhem",132.580017089844,-10.9708738327026,0.32,4.3,5.94,181.64,91.87,457.5,4.68,3.79,6.23
"QLDNorth","Torres",142.747802734375,-10.9939432144165,0.32,2.48,2.88,155.52,79.37,389.08,48.31,29.29,94.8
"QLDNorth","Torres",142.163955688477,-10.9213438034058,0.32,2.65,2.88,17.26,11.76,29.18,10.12,7.41,15.5
"QLDNorth","Northern Peninsula Area",142.257568359375,-10.9082870483398,0.32,2.63,3.43,19.1,12.81,33,4.88,3.96,6.49
"QLDNorth","Northern Peninsula Area",142.328857421875,-10.8887453079224,0.32,2.67,3.28,21.31,14.04,37.82,5.78,4.58,7.92
"QLDNorth","Torres",142.614593505859,-10.8843431472778,0.32,2.48,3.01,154.11,79.08,381.93,40.81,25.14,78.66
"QLDNorth","Northern Peninsula Area",142.351898193359,-10.843563079834,0.32,2.67,3.31,20.99,13.91,36.9,5.67,4.51,7.74
"QLDNorth","Northern Peninsula Area",142.582778930664,-10.7971954345703,0.32,2.47,2.64,166.53,84.27,421.42,92.08,50.03,212.34
"QLDNorth","Torres",142.220672607422,-10.7488708496094,0.32,2.65,3.07,17.46,11.97,29.16,7.37,5.66,10.57
"QLDNorth","Torres",142.267517089844,-10.7293510437012,0.32,2.63,2.84,19.43,13.04,33.53,10.97,7.94,17.08
"QLDNorth","Torres",142.382995605469,-10.7556619644165,0.32,2.64,3.26,26.16,16.56,49.39,5.46,4.35,7.46
"QLDNorth","Torres",142.619384765625,-10.7508888244629,0.32,2.48,2.73,157.84,80.31,396.72,71.31,40.36,155.02
"QLDNorth","Torres",142.309005737305,-10.7149000167847,0.32,2.62,2.97,30.29,18.68,59.49,9.89,7.17,15.49
"QLDNorth","Torres",142.383987426758,-10.7199859619141,0.32,2.67,3.6,21.07,13.65,38.68,4.13,3.41,5.36
"QLDNorth","Torres",142.31086730957,-10.6337766647339,0.32,2.6,2.78,34.77,21.74,65.88,35.64,21.3,73.45
"QLDNorth","Torres",142.407257080078,-10.7049655914307,0.32,2.57,3.21,45.95,27.54,92.43,10.82,7.72,17.33
"QLDNorth","Torres",142.471893310547,-10.712628364563,0.32,2.57,3.59,45.49,27.31,91.28,5.5,4.33,7.69
"QLDNorth","Torres",142.525588989258,-10.6800050735474,0.32,2.59,2.81,39.99,24.47,78.14,18.56,12.4,32.38
"QLDNorth","Torres",142.587768554688,-10.7096462249756,0.32,2.58,3.1,43.34,26.41,84.87,10.22,7.35,16.19
"QLDNorth","Torres",142.314498901367,-10.5469722747803,0.32,2.57,3.23,47.37,28.3,95.67,31.34,19.21,62.09
"QLDNorth","Torres",142.284072875977,-10.5262041091919,0.32,2.57,3.47,46.58,27.42,96.81,7.56,5.78,10.92
"QLDNorth","Torres Strait Island",142.221115112305,-10.2406320571899,0.32,2.56,3.47,59.97,33.53,135.04,6.69,5.23,9.35
"QLDNorth","Torres Strait Island",142.277725219727,-10.2656869888306,0.32,2.6,3.08,37.98,22.81,77.1,18.52,12.24,32.98
"QLDNorth","Torres Strait Island",142.28288269043,-10.2629451751709,0.32,2.61,3.05,37.32,22.56,74.99,23.91,15.31,44.48
"QLDNorth","Torres Strait Island",142.336441040039,-10.2043075561523,0.32,2.58,3.37,49.7,29.51,101.16,69.99,38.41,161.49
"QLDNorth","Torres Strait Island",142.126220703125,-10.1826858520508,0.32,2.64,3.4,28.64,18.64,50.99,6.84,5.33,9.58
"QLDNorth","Torres",142.147506713867,-10.1988859176636,0.32,2.63,2.97,30.64,19.64,55.9,10.29,7.55,15.66
"QLDNorth","Torres Strait Island",142.348922729492,-10.1783800125122,0.32,2.57,3.39,54.16,31.91,111.22,67.22,37.19,153.16
"QLDNorth","Torres Strait Island",142.08576965332,-10.1318025588989,0.32,2.63,3.18,31.19,20.15,56.05,9.31,6.96,13.79
"QLDNorth","Torres Strait Island",142.346786499023,-10.1685905456543,0.32,2.57,3.39,55.18,32.4,113.89,66.93,37.03,152.58
"QLDNorth","Torres Strait Island",142.26741027832,-10.1153011322021,0.32,2.62,3.24,33.04,20.91,61.41,15.34,10.54,25.74
"QLDNorth","Torres Strait Island",142.302734375,-10.1241130828857,0.32,2.6,2.97,40.77,24.96,79.46,23.32,15.07,42.66
"QLDNorth","Torres Strait Island",142.120590209961,-10.0592012405396,0.32,2.6,3.2,40.5,24.73,79.39,8.84,6.68,12.89
"QLDNorth","Torres Strait Island",142.168380737305,-10.0498027801514,0.32,2.58,3.45,48.29,28,103.05,7.81,5.98,11.2
"QLDNorth","Torres Strait Island",142.183883666992,-10.0605993270874,0.32,2.6,3.42,39.13,23.59,78.72,8.49,6.41,12.44
