"state","lga","longitude","latitude","SLR","SWL_AEPPC","MTWL_AEPPC","SWL_MFSLR_50","SWL_MFSLR_10","SWL_MFSLR_90","MTWL_MFSLR_50","MTWL_MFSLR_10","MTWL_MFSLR_90"
"WANorth","Broome",122.211631774902,-18.0006217956543,0.38,5.77,5.97,29.22,18.84,52.88,21.76,14.63,37.18
"NT","East Arnhem",136.368728637695,-13.844162940979,0.38,2.2,2.65,21.03,13.8,37.64,8.59,6.37,13
"QLDNorth","Townsville",147.064956665039,-19.2769813537598,0.38,2.71,3.97,106.2,57.41,244.9,7.68,5.75,11.53
"QLDNorth","Livingstone",150.762512207031,-23.1382923126221,0.38,3.38,4.48,61.18,35.49,128.32,8.77,6.53,13.16
"NSW","Wollongong",150.916046142578,-34.4743537902832,0.38,1.87,2.61,165,87.67,382.45,13.58,9.56,21.94
"VIC","Surf Coast",143.978164672852,-38.5659713745117,0.38,2.08,2.41,141.94,72.85,353.6,71.61,39.85,160.61
"SA","Onkaparinga",138.461669921875,-35.1174468994141,0.38,2.78,3.65,48.81,29.06,98.99,12.86,9.19,20.26
"SA","Ceduna",133.674819946289,-32.189151763916,0.38,2.61,4.87,20.86,13.64,37.6,3.78,3.17,4.81
"WASouth","Esperance",121.899345397949,-33.8684463500977,0.38,1.71,2.3,61.26,35.38,129.58,17.06,11.77,28.18
"TAS","Burnie",145.898666381836,-41.0429649353027,0.38,2.44,3.15,202.6,99.25,537.58,39.56,23.38,82.57
"WASouth","Joondalup",115.727348327637,-31.8087615966797,0.38,1.58,4,82.34,46.38,178.89,4.12,3.41,5.34
"NT","Darwin",130.873245239258,-12.3418684005737,0.38,4.48,4.56,78.16,45.3,161.82,52.23,31.97,100.32
"VIC","Bass Coast",145.221298217773,-38.5328369140625,0.38,2.42,3.11,165.03,83.88,414.45,32.05,19.83,62.24
"VIC","Glenelg",141.63020324707,-38.4082489013672,0.38,1.47,2.37,1421.67,540.56,5311.96,27.4,17.37,51.39
"TAS","Glamorgan-Spring Bay",148.082138061523,-42.5678176879883,0.38,1.47,2.26,851.19,344.38,2931.46,18.75,12.71,31.83
"WASouth","Fremantle",115.73705291748,-32.0583763122559,0.38,1.58,2.74,74.26,43.05,154.12,9.35,6.96,13.96
"NSW","Waverley",151.290802001953,-33.871639251709,0.38,1.88,3.08,210.8,108,514.17,7.73,5.93,11.06
"SA","Port Pirie",138.000579833984,-33.1267433166504,0.38,3.29,3.71,11.39,8.33,17.35,10.62,7.75,16.31
"SA","Port Adelaide Enfield",138.475845336914,-34.7812461853027,0.38,2.73,3.03,36.67,22.81,69.84,20.88,14.05,35.7
"QLDNorth","Townsville",146.846267700195,-19.251106262207,0.38,2.83,3.86,81.5,46.1,175.8,10.53,7.54,16.79
"SA","Charles Sturt",138.472106933594,-34.8702430725098,0.38,2.8,3.25,38.92,24.02,74.96,17.18,11.88,28.25
"VIC","Queenscliffe",144.617172241211,-38.2871551513672,0.38,1.72,2.85,413.63,183,1265.46,14.72,10.19,24.41
"NT","Darwin",130.81266784668,-12.4085102081299,0.38,4.48,4.64,77.3,44.61,161.37,42.6,26.2,82.13
"SA","Victor Harbor",138.605804443359,-35.594554901123,0.38,2.02,3.32,44.53,27.76,83.54,9.31,6.89,14.06
"WASouth","Albany",117.89533996582,-35.1227531433105,0.38,1.56,2.73,148.73,77.63,358.04,12.89,9.23,20.26
"SA","Unincorporated SA",135.905776977539,-34.6888732910156,0.38,2.05,2.34,147.59,78.65,342.37,60.41,35.29,125.21
"SA","Unincorporated SA",133.05322265625,-32.1064491271973,0.38,2.55,3.25,29.06,18.24,55.32,10.77,7.79,16.82
"WASouth","Greater Geraldton",114.582710266113,-28.7869205474854,0.38,1.51,2.59,177.89,92.05,430.4,27.57,17.61,50.96
"NSW","Newcastle",151.791976928711,-32.9030685424805,0.38,1.83,3.26,220,111.93,542,6.86,5.34,9.63
"VIC","Hobsons Bay",144.897003173828,-37.8736267089844,0.38,1.49,1.96,289.8,136.25,810.57,49.05,28.23,106.13
"QLDSouth","Bundaberg",152.412872314453,-24.7567653656006,0.38,2.49,3.13,562.35,238.19,1828.16,22.66,14.49,42.41
"WASouth","Bunbury",115.637229919434,-33.3057746887207,0.38,1.84,3.75,21.05,14.46,34.63,4.43,3.63,5.8
"TAS","Clarence",147.393463134766,-42.9977607727051,0.38,1.61,1.75,370.99,164.1,1144.13,253.17,115.86,752.65
"WANorth","Port Hedland",118.570663452148,-20.2921123504639,0.38,4.33,5.51,24.05,15.37,44.83,3.87,3.16,5.17
"WANorth","Wyndham-East Kimberley",128.095184326172,-15.3794431686401,0.38,4.44,4.51,887.53,358.53,3056.74,628.31,260.51,2110.03
"QLDSouth","Brisbane",153.156661987305,-27.3602046966553,0.38,2.12,2.49,1811.15,660.57,7196.23,90.69,49.25,209.52
"VIC","Greater Geelong",144.419860839844,-38.2895736694336,0.38,1.55,1.88,135.89,70.98,328.62,77.59,41.92,183.1
"TAS","Burnie",145.878601074219,-41.0355949401855,0.38,2.44,2.86,206.44,101.01,548.22,47.74,28.23,98.2
"WANorth","Carnarvon",113.636138916016,-24.8981914520264,0.38,1.82,2.53,63.29,35.97,137.57,13.34,9.16,22.64
"TAS","George Town",146.792098999023,-41.052360534668,0.38,2.43,3.69,170.54,87.28,422.02,10.86,7.99,16.45
"WANorth","Broome",122.209922790527,-17.9969673156738,0.38,5.77,5.97,29.28,18.87,53.01,21.8,14.65,37.26
"QLDNorth","Cairns",145.847991943359,-16.8677730560303,0.38,2.36,2.76,292.29,136.06,832.35,64.83,36.55,142.86
"QLDNorth","Aurukun",141.797592163086,-12.6793203353882,0.38,2.54,3.5,18.51,12.32,32.55,6.11,4.75,8.66
"QLDNorth","Gladstone",151.407104492188,-23.962682723999,0.38,3.06,3.39,216.92,106.28,572.85,51.85,30.66,106.06
"NSW","Kempsey",153.09098815918,-30.9209632873535,0.38,1.76,2.58,655.07,287.21,1979.23,13.81,9.66,22.56
"VIC","East Gippsland",147.9462890625,-37.9042129516602,0.38,1.37,2.08,520.57,220.55,1700.75,20.92,13.82,36.99
"QLDNorth","Gladstone",151.320953369141,-23.7948703765869,0.38,3.07,3.19,194.64,96.01,511.19,94.98,51.56,218.87
"VIC","Bass Coast",145.121734619141,-38.5073280334473,0.38,2.45,3.33,120.6,63.26,291.59,17.59,11.88,30.18
"NSW","Bega Valley",149.936981201172,-37.097900390625,0.38,1.85,3.84,167.64,87.83,398,4.24,3.46,5.65
"NT","East Arnhem",136.425445556641,-13.8104448318481,0.38,2.16,2.68,27.1,17.15,51.08,9.04,6.59,14.09
"SA","Grant",140.672210693359,-38.0639533996582,0.38,1.5,3.05,734.56,307.1,2403.5,9.31,6.9,14.02
"NSW","Northern Beaches",151.305068969727,-33.8254356384277,0.38,1.88,3.22,212.27,108.59,518.93,7.2,5.56,10.22
"WANorth","Karratha",116.761528015137,-20.5944957733154,0.38,4.21,4.61,60.06,34.33,129.64,12.23,8.44,20.72
"SA","Copper Coast",137.588287353516,-33.9396820068359,0.38,2.52,2.66,17.59,12,29.63,13.59,9.63,21.71
"TAS","Devonport",146.352432250977,-41.1579093933105,0.38,2.46,2.9,179.48,89.72,462.28,42.16,25.38,84.61
"NSW","Randwick",151.252304077148,-33.9962577819824,0.38,1.87,3.51,200.4,103.53,483.03,5.96,4.71,8.18
"QLDNorth","Mackay",149.297515869141,-21.2697410583496,0.38,4.46,4.82,26.98,17.63,47.87,13.01,9.21,20.89
"QLDNorth","Cassowary Coast",146.139678955078,-17.6090087890625,0.38,2.37,2.85,150.96,77.54,373.95,23.41,15.28,41.99
"TAS","Glamorgan-Spring Bay",148.067794799805,-42.5660400390625,0.38,1.48,1.85,801.35,326.17,2740.15,152.9,77.24,390.42
"QLDNorth","Cassowary Coast",146.334701538086,-18.4832286834717,0.38,2.79,3.12,55.57,32.4,116.16,20,13.29,35.07
"WANorth","Ashburton",115.163749694824,-21.6142768859863,0.38,2.21,2.69,65.75,36.12,152.17,11.56,8.06,19.32
"WANorth","Karratha",117.169364929199,-20.5933799743652,0.38,4.26,5.23,36.95,22.12,75.71,4.64,3.68,6.44
"QLDSouth","Sunshine Coast",153.139892578125,-26.6974658966064,0.38,1.85,2.66,2451.09,867.01,10104.81,20.89,13.77,37.07
"QLDNorth","Whitsunday",148.842590332031,-20.2819118499756,0.38,3.19,4.02,46.32,27.77,93.06,6.56,5.1,9.24
"QLDNorth","Torres",142.155624389648,-10.5569248199463,0.38,2.75,3.21,39.01,24.13,74.79,13.32,9.5,21.06
"QLDSouth","Fraser Coast",152.941467285156,-25.2762908935547,0.38,2.78,3.21,459.01,208.17,1332.49,35.45,21.22,72.87
"SA","Unincorporated SA",137.602798461914,-33.023551940918,0.38,3.14,3.55,11.28,8.26,17.15,10.69,7.86,16.21
"WANorth","Karratha",116.678909301758,-20.5885372161865,0.38,2.24,2.93,53.44,30.87,113.98,6.6,4.98,9.87
"QLDNorth","Torres",142.315673828125,-10.5067167282104,0.38,2.66,3.36,66.97,38.55,141.65,49.01,28.03,107.37
"QLDNorth","Douglas",145.468811035156,-16.4769401550293,0.38,2.36,2.58,255.48,121.44,706.04,108.24,57.29,259.26
"NSW","Clarence Valley",153.367126464844,-29.4367237091064,0.38,1.76,2.41,443.76,208.56,1210.75,21.66,14.14,39.1
"QLDNorth","Torres Strait Island",142.210647583008,-10.522177696228,0.38,2.72,3.32,44.24,26.78,87.62,11.19,8.17,17.11
"VIC","Greater Geelong",144.724807739258,-38.1704139709473,0.38,1.48,1.8,225.33,113.15,567.53,123.94,63.34,314.26
"VIC","Mornington Peninsula",144.899749755859,-38.3481216430664,0.38,1.54,2.03,113.86,62.79,252.19,35.14,21.62,68.5
"SA","Onkaparinga",138.470275878906,-35.0958251953125,0.38,2.78,3.36,47.54,28.43,95.85,15.73,10.93,25.77
"QLDNorth","Livingstone",150.760681152344,-23.1353740692139,0.38,3.38,4.48,60.71,35.3,126.88,8.73,6.5,13.07
"VIC","Surf Coast",144.035140991211,-38.4956665039062,0.38,2.08,2.38,136.82,70.76,336.83,74.2,41,168.23
"SA","Yorke Peninsula",137.767929077148,-35.0375442504883,0.38,2.44,3.35,92.12,50.04,212.49,15.24,10.7,24.56
"QLDNorth","Whitsunday",148.079605102539,-19.8762283325195,0.38,2.67,3.46,77.19,43.13,170.98,9.44,6.94,14.44
"WANorth","Exmouth",114.142883300781,-21.9546566009521,0.38,2.2,3.08,74.46,41.51,166.04,6.29,4.87,8.94
"NSW","Shoalhaven",150.768478393555,-35.0744934082031,0.38,1.87,2.85,127.82,70.21,283.29,8.86,6.74,12.76
"NSW","Coffs Harbour",153.156051635742,-30.3061962127686,0.38,1.9,2.55,1022.86,422.07,3358.4,23.37,15.52,40.66
"VIC","Moyne",142.245132446289,-38.4012489318848,0.38,1.5,1.81,643.03,279.52,1975.32,228.75,106.31,665.18
"SA","Onkaparinga",138.458389282227,-35.1697807312012,0.38,2.77,3.5,50.69,29.98,103.8,15,10.46,24.48
"WANorth","Ashburton",115.466323852539,-20.6898097991943,0.38,2.29,3.34,33.51,20.16,68.54,4.78,3.82,6.52
"QLDNorth","Isaac",149.473999023438,-21.7463283538818,0.38,4.44,5.6,31,19.59,58.03,5.18,4.14,7.05
"QLDNorth","Cook",145.285095214844,-15.4928417205811,0.38,2.29,2.66,307.63,143.7,867.37,111.15,58.44,269.09
"VIC","Greater Geelong",144.635314941406,-38.1060447692871,0.38,1.5,1.86,326.7,154.69,895.12,131.33,66.54,337.12
"WANorth","Ashburton",115.375946044922,-20.6875629425049,0.38,2.11,3.24,245.6,118.06,666.39,7.34,5.47,11.14
"TAS","West Coast",145.027053833008,-41.8157424926758,0.38,2.32,3.48,4569.84,1462.86,21771.26,22.09,14.57,39.01
"WASouth","Dundas",128.882766723633,-31.7294902801514,0.38,2.44,3.65,75.48,43.13,160.63,9.86,7.32,14.77
"SA","Kingston (SA)",139.666198730469,-36.9562568664551,0.38,2.04,2.98,38.99,24.58,72.2,14.33,10.15,22.8
"SA","Kangaroo Island",137.180358886719,-36.0086135864258,0.38,2.43,3.04,101.85,56.67,223.4,50.77,29.87,105.01
"TAS","Circular Head",145.312255859375,-40.7651710510254,0.38,2.42,2.76,287.43,133.7,820.61,84.52,45.3,201.28
"SA","Elliston",134.854675292969,-33.6464500427246,0.38,2.24,4.14,24.93,16.21,44.87,6.21,4.84,8.74
"WANorth","Shark Bay",113.513900756836,-25.9233150482178,0.38,1.91,2.68,29.87,18.53,58.05,8.21,6.14,12.25
"VIC","Greater Geelong",144.474060058594,-38.2902946472168,0.38,1.79,2.28,131.26,68.77,316.28,38.97,23.32,79.49
"QLDSouth","Noosa",153.108322143555,-26.3750782012939,0.38,1.86,2.7,1691.92,628.39,6528.24,20.79,13.8,36.47
"SA","Unincorporated SA",132.431213378906,-32.0147438049316,0.38,2.46,3.52,59.64,33.92,130.03,10.5,7.66,16.17
"SA","Unincorporated SA",136.499649047852,-35.1658554077148,0.38,2.13,3.35,58.13,34.74,115.81,14.47,10.24,23.08
"WANorth","Derby-West Kimberley",123.719276428223,-16.1033020019531,0.38,5.76,6.4,30.09,19.34,54.67,7.84,5.84,11.86
"WANorth","Ashburton",115.097961425781,-21.6335697174072,0.38,2.21,3.15,69.37,37.94,161.27,5.7,4.42,8.17
"SA","Wattle Range",139.998825073242,-37.4942817687988,0.38,1.56,3.13,191.52,99.94,454.56,10.01,7.48,14.79
"QLDNorth","Torres",142.626602172852,-10.716986656189,0.38,2.68,3.51,59.3,34.78,122.14,37.58,22.45,77.17
"TAS","Huon Valley",147.098419189453,-43.2927169799805,0.38,1.63,1.76,227.4,109.81,615,143.84,74.45,352.41
"QLDNorth","Torres",142.322967529297,-10.5164833068848,0.38,2.62,3.37,111.74,59.48,264.3,65.61,36.58,147.58
"SA","Kangaroo Island",136.535095214844,-35.8576393127441,0.38,2.14,3.33,53.54,32.13,106.4,12.18,8.84,18.72
"SA","Wattle Range",139.879470825195,-37.3767509460449,0.38,1.63,2.21,77.02,44.5,160.42,37.79,23.39,72.51
"SA","Unincorporated SA",136.156509399414,-34.9915504455566,0.38,2.11,2.47,73.84,42.58,154.75,30.76,19.79,55.73
"VIC","Unincorporated Vic",146.515869140625,-38.9114189147949,0.38,2.35,2.57,621.5,258.55,2075.73,149.12,78.71,351.76
"QLDSouth","Fraser Coast",153.356964111328,-24.9777183532715,0.38,2.75,3.37,944.64,375.98,3330.85,39.74,24.22,78.23
"WASouth","Rockingham",115.701889038086,-32.3069496154785,0.38,1.56,2.78,101.07,55.49,227.2,11.32,8.12,17.92
"WASouth","Nedlands",115.749351501465,-31.9685497283936,0.38,1.58,2.97,75.75,44.02,156.34,6.47,5.05,9.04
"WANorth","Exmouth",114.09871673584,-22.0990867614746,0.38,2.22,2.9,60.21,34.42,129.94,7.34,5.55,10.82
"WANorth","Ashburton",115.477195739746,-20.836986541748,0.38,2.28,3.37,37.57,22.26,78.41,4.57,3.66,6.26
"SA","Kangaroo Island",137.937957763672,-35.7128486633301,0.38,1.95,2.87,94.8,53,207.06,16.37,11.42,26.58
"SA","Cleve",136.576965332031,-33.9472122192383,0.38,2.34,3.02,61.79,35.78,129.92,21.37,14.12,37.69
"SA","Lower Eyre Peninsula",136.023025512695,-34.8660087585449,0.38,2.09,2.39,89.97,50.97,192.42,50.99,30.91,99.79
"SA","Whyalla",137.786407470703,-32.9926872253418,0.38,3.13,3.54,11.56,8.45,17.63,10.79,7.89,16.51
"SA","Yorke Peninsula",137.354400634766,-34.9310340881348,0.38,2.6,3.13,24.53,16.11,43.37,10.65,7.81,16.2
"QLDNorth","Mackay",149.895462036133,-21.0195617675781,0.38,4.37,5.31,55.5,32.94,112.33,7.58,5.75,11.07
"VIC","East Gippsland",147.987808227539,-37.8907623291016,0.38,1.37,2.06,499.71,212.69,1623.11,21.32,14.1,37.56
NA,"Whitsunday",149.818756103516,-20.0906581878662,0.38,3.07,4.31,200.54,99.96,515.57,5.69,4.52,7.78
"NSW","Ballina",153.61018371582,-28.8397369384766,0.38,1.82,2.54,1056.82,439.03,3421.8,32.79,20.35,63.21
"NT","Unincorporated NT",130.514770507812,-12.6257009506226,0.38,4.46,4.56,97.78,53.85,219.05,57.03,33.8,115.48
"SA","Yankalilla",138.086761474609,-35.6061515808105,0.38,1.99,2.97,61.84,36.53,125.39,13.51,9.56,21.65
"NSW","Port Stephens",152.201217651367,-32.7411689758301,0.38,1.88,3.05,253.66,126.35,643.88,7.59,5.89,10.65
"QLDNorth","Cook",144.883728027344,-14.5548992156982,0.38,2.29,2.76,461.32,204.96,1390.11,67.94,38.16,150.29
"QLDNorth","Gladstone",151.92448425293,-23.306095123291,0.38,3.02,4.05,485.29,215.44,1459.73,11.84,8.38,19.11
"VIC","Bass Coast",145.359298706055,-38.569507598877,0.38,2.43,4.06,139.25,71.54,346.72,8.46,6.34,12.54
"WASouth","Dundas",126.06566619873,-32.2820434570312,0.38,1.66,2.81,101.61,55.86,227.82,9.66,7.14,14.6
"VIC","Mornington Peninsula",144.762985229492,-38.345573425293,0.38,1.51,1.72,106.12,59.43,229.53,87.08,48.32,193.79
"QLDNorth","Cook",143.415405273438,-12.5892887115479,0.38,2.2,2.82,785.4,325.14,2605.77,183.85,90.49,486.77
"QLDNorth","Gladstone",151.908676147461,-23.4388313293457,0.38,3.02,3.74,485.65,214.97,1468.64,17.69,11.64,31.88
"VIC","Mornington Peninsula",145.036819458008,-38.4872627258301,0.38,2.43,3.72,160.54,81.39,405.82,10.6,7.75,16.24
"VIC","Kingston (Vic.)",145.111022949219,-38.0797386169434,0.38,1.51,2.14,205.44,101.37,537.38,28.12,17.83,52.64
"WANorth","Wyndham-East Kimberley",124.291732788086,-15.322434425354,0.38,5.74,6.42,34.56,21.6,65.52,11.26,8.07,17.85
"VIC","Bass Coast",145.368392944336,-38.5389366149902,0.38,2.44,3.39,130.75,67.79,321.36,15.5,10.68,25.81
"VIC","Wyndham",144.678146362305,-37.9899787902832,0.38,1.5,1.93,387.58,177.16,1120.68,80.04,42.8,192.27
"VIC","Surf Coast",144.363662719727,-38.3202171325684,0.38,1.55,1.79,143.92,74.54,352.12,112.72,58.77,276.98
"SA","Elliston",134.446472167969,-33.7753486633301,0.38,2.16,3.42,43.63,26.62,85.22,8.23,6.22,12.05
"QLDNorth","Lockhart River",143.524948120117,-13.1872329711914,0.38,2.2,3.34,761.83,315.13,2536.33,29.22,18.27,55.98
"VIC","Mornington Peninsula",145.015808105469,-38.2528228759766,0.38,1.52,2.09,145.15,76.66,342.5,31.89,19.86,61.15
"QLDNorth","Cook",145.479095458984,-14.6609563827515,0.38,2.31,3.18,341.24,156.33,990.74,27.45,17.45,51.17
"WASouth","Dandaragan",115.017585754395,-30.3131942749023,0.38,1.55,3.32,129.44,69.39,299.35,7.11,5.46,10.2
"QLDNorth","Livingstone",150.680480957031,-21.9535064697266,0.38,3.33,3.9,101.03,54.95,231.07,15.9,10.81,27.17
"QLDNorth","Cook",143.597961425781,-13.4578561782837,0.38,2.21,2.95,571.02,242.72,1842.1,51.34,29.24,112.95
"QLDNorth","Gladstone",151.36018371582,-23.8441028594971,0.38,3.06,3.18,203.62,100.12,536.32,103.34,55.4,242.43
"SA","Franklin Harbour",136.89794921875,-33.7826766967773,0.38,2.4,3.21,36.74,22.84,70.09,12.58,8.92,20.16
"WANorth","Broome",122.920036315918,-16.39599609375,0.38,5.69,7.59,54.81,32.16,113.39,3.11,2.66,3.87
"QLDNorth","Palm Island",146.692947387695,-18.7623119354248,0.38,2.75,3.74,88.54,49.34,195.34,9.82,7.16,15.2
"VIC","Greater Geelong",144.608428955078,-38.1155853271484,0.38,1.5,1.89,337.67,158.93,933.39,110.02,56.47,279.2
"NT","Roper Gulf",136.516967773438,-15.5269403457642,0.38,2.24,2.66,17.25,11.56,30.1,8.47,6.26,12.88
"VIC","Mornington Peninsula",144.682495117188,-38.3029098510742,0.38,1.47,1.75,189.91,100.1,443.09,129.09,67.3,314.29
"VIC","Mornington Peninsula",144.72526550293,-38.3128089904785,0.38,1.5,1.71,123.44,68.43,269.64,83.12,47,179.2
"VIC","Bayside (Vic.)",145.012969970703,-37.9861907958984,0.38,1.49,2.03,276.44,130.43,770.51,51.57,29.44,112.93
"VIC","Port Phillip",144.961761474609,-37.8651657104492,0.38,1.48,1.96,303.66,140.38,873.73,47.8,27.58,103.03
"NT","Roper Gulf",135.730651855469,-14.306037902832,0.38,2.34,3.06,11.72,8.19,19.42,5.82,4.48,8.46
"QLDNorth","Torres",142.951507568359,-9.85594081878662,0.38,2.56,3.05,244.92,118.78,653.97,147.68,76.54,360.28
"SA","Port Augusta",137.856109619141,-32.7116355895996,0.38,3.16,3.39,10.57,7.84,15.77,10.98,8.04,16.75
"WANorth","Ashburton",115.418029785156,-20.6629943847656,0.38,2.14,3.64,155.4,78.91,392.5,4.75,3.76,6.63
"NT","East Arnhem",135.162536621094,-12.2201509475708,0.38,2.67,3.15,46.93,27.64,97.41,11.46,8.07,18.77
"TAS","Circular Head",144.763442993164,-40.4397125244141,0.38,2.37,3.42,773.99,314.95,2654.11,40.31,24.6,79.09
"TAS","King Island",144.104827880859,-40.0475730895996,0.38,1.96,2.64,1568.09,562.43,6497.38,53.76,31.38,112.43
"QLDNorth","Cook",145.447540283203,-15.7513809204102,0.38,2.29,2.87,286.28,134.08,807.11,58.87,33.92,125.32
NA,"Mackay",150.928894042969,-20.4258937835693,0.38,4.06,5.51,452.71,202.19,1352.62,5.8,4.54,8.13
"VIC","Bass Coast",145.272766113281,-38.5111198425293,0.38,2.43,3,141.51,72.46,354.15,33.44,20.56,65.5
"QLDNorth","Pormpuraaw",141.524032592773,-14.5044069290161,0.38,2.53,3.96,18.56,12.37,32.55,4.21,3.49,5.44
"WANorth","Broome",121.965843200684,-18.4140720367432,0.38,5.78,6.63,26.87,17.49,48.07,6.89,5.26,10.02
"VIC","Wyndham",144.801208496094,-37.9131851196289,0.38,1.49,1.94,291.07,138.53,795.74,53.16,30.28,116.61
"WASouth","Manjimup",115.999702453613,-34.846134185791,0.38,1.58,2.64,263.49,126.57,712.71,15.54,10.89,25.13
NA,"Whitsunday",149.715850830078,-20.0136013031006,0.38,3.07,3.95,197.11,98.37,506.2,8.66,6.44,13.02
"QLDNorth","Whitsunday",148.560501098633,-19.9888191223145,0.38,2.68,3.78,68.17,38.93,146.2,5.6,4.4,7.81
"SA","Yankalilla",138.237152099609,-35.4988975524902,0.38,1.97,3.04,70.92,40.01,155.14,10.12,7.4,15.55
"VIC","Mornington Peninsula",144.851089477539,-38.3629608154297,0.38,1.55,1.89,102.93,57.65,222.99,56.31,32.56,119.46
"WANorth","Exmouth",114.142738342285,-21.7975425720215,0.38,2.15,4.16,136.24,71.62,325.49,2.98,2.54,3.74
"WANorth","Wyndham-East Kimberley",128.772811889648,-14.8344984054565,0.38,4.51,5.34,213.16,106.61,542.66,10.49,7.6,16.32
"WASouth","Manjimup",116.738777160645,-35.0417938232422,0.38,1.56,1.94,163.83,84.08,404.36,60.14,35.62,121.56
"QLDNorth","Mornington",139.676879882812,-16.4017772674561,0.38,3.62,4.82,8.98,6.72,13.3,3.53,2.98,4.43
"QLDNorth","Torres",142.168746948242,-10.2303152084351,0.38,2.65,3.29,86.51,47.37,197.41,12.58,9.06,19.59
"WANorth","Karratha",116.95361328125,-20.6833477020264,0.38,4.38,5.58,18.78,12.29,34.1,3.49,2.9,4.56
"QLDNorth","Cairns",145.972595214844,-16.7534255981445,0.38,2.36,2.94,319.43,146.38,931.15,36.72,22.52,71.83
"WASouth","Rockingham",115.689399719238,-32.2365188598633,0.38,1.6,1.98,60.86,36.16,122.21,20.95,14.17,35.45
"QLDNorth","Burdekin",147.409255981445,-19.3074054718018,0.38,2.72,3.26,97.33,53.09,221.95,17.54,11.92,29.76
"NT","East Arnhem",135.678955078125,-11.9292297363281,0.38,2.65,2.91,55.67,32.5,116.13,20.47,13.52,36.29
"QLDNorth","Northern Peninsula Area",142.102737426758,-10.9672031402588,0.38,2.75,3.06,23.68,15.39,42.82,12.03,8.6,19.06
"WASouth","Augusta Margaret River",115.021179199219,-34.2565498352051,0.38,1.68,3.74,67.55,37.98,149.2,4.87,3.95,6.45
"QLDNorth","Torres",142.871856689453,-10.0437240600586,0.38,2.6,3.08,150.28,78.09,364.57,177.47,88.62,458.43
"WANorth","East Pilbara",119.774200439453,-19.9569301605225,0.38,4.32,4.69,26.03,16.88,46.98,10.09,7.3,15.8
"WANorth","Broome",122.248458862305,-17.1136341094971,0.38,5.66,6.21,69.64,39.89,148.25,15.64,10.61,26.83
"QLDNorth","Cassowary Coast",146.335098266602,-18.3602714538574,0.38,2.75,2.97,82.95,46.2,183.94,32.27,20.3,60.72
"SA","Whyalla",137.440902709961,-33.2315673828125,0.38,3.11,3.42,12.59,9.08,19.58,12.62,9.04,19.82
"SA","Yorke Peninsula",137.768692016602,-35.0113372802734,0.38,2.44,3.1,92.07,49.99,212.57,17.19,11.96,27.98
"WANorth","Broome",123.314888000488,-17.0903549194336,0.38,5.68,6.11,57.41,33.83,117.44,13,8.95,22.01
"QLDNorth","Torres",142.684844970703,-10.917688369751,0.38,2.54,2.87,384.64,175.8,1112.99,143.87,74.87,349
"QLDNorth","Mornington",139.580749511719,-17.1097755432129,0.38,3.73,4.92,6.92,5.32,9.91,3.06,2.64,3.74
"WANorth","Broome",123.159187316895,-16.3905277252197,0.38,5.65,6.46,80.81,45.54,175.6,7.05,5.34,10.38
"WANorth","Karratha",116.191215515137,-20.8251476287842,0.38,2.14,3.51,151.7,77.69,377.75,4.15,3.35,5.61
"QLDSouth","Gold Coast",153.519638061523,-28.1603393554688,0.38,1.76,2.3,1141.02,464.36,3816.55,30.81,18.93,60.83
"QLDNorth","Torres",142.706924438477,-10.9305419921875,0.38,2.54,2.89,401.97,181.96,1180.58,130.15,68.96,307.4
"WANorth","Shark Bay",113.505187988281,-25.5005359649658,0.38,1.86,2.64,45.96,26.83,97.2,9.6,7.01,14.84
"SA","Unincorporated SA",133.50520324707,-32.3217849731445,0.38,2.51,4.26,38.92,23.43,78.51,5.92,4.66,8.22
"QLDNorth","Palm Island",146.686508178711,-18.7334079742432,0.38,2.73,3.84,104.09,56.78,236.35,9.46,6.92,14.61
"WANorth","Wyndham-East Kimberley",127.829887390137,-14.3628454208374,0.38,4.51,5.3,214.05,110.81,512.25,10.59,7.59,16.81
"WANorth","Wyndham-East Kimberley",125.901412963867,-14.5167436599731,0.38,4.6,4.72,69.09,39.08,150.6,66.07,36.55,150.74
"NT","East Arnhem",136.830047607422,-13.7504892349243,0.38,2.15,3,28.84,18.17,54.51,5.98,4.66,8.47
"QLDNorth","Lockhart River",143.545196533203,-12.843300819397,0.38,2.2,3.02,836.61,343.26,2810.28,100.61,53.78,237.78
"QLDNorth","Cook",143.759353637695,-13.9299163818359,0.38,2.29,2.69,471.47,203.82,1493,133.68,67.22,347.72
"QLDNorth","Torres",142.325164794922,-10.6027498245239,0.38,2.62,2.84,104.72,56.11,245.72,113.12,57.96,287.36
"WANorth","Karratha",115.705352783203,-21.2753944396973,0.38,2.19,2.51,81.37,43.91,191.8,20.51,13.2,38.19
"QLDNorth","Isaac",149.581100463867,-22.1410808563232,0.38,4.47,4.88,25.82,16.65,47.06,10.49,7.6,16.36
"WANorth","Karratha",116.686172485352,-20.527889251709,0.38,4.21,5.11,58.27,33.37,125.61,5.73,4.42,8.31
"WANorth","Wyndham-East Kimberley",125.128280639648,-14.4441356658936,0.38,4.6,5.56,65.8,37.77,140.05,6.61,5.05,9.64
"TAS","George Town",146.958847045898,-41.0102310180664,0.38,2.43,3.83,167.81,86.76,408.01,10.08,7.5,15
"SA","Lower Eyre Peninsula",135.109100341797,-34.590259552002,0.38,2.14,3.28,51.92,31.1,103.75,11.68,8.39,18.39
"NT","West Daly",129.409133911133,-14.2268543243408,0.38,4.52,4.92,173.53,87.96,436.63,32.2,19.76,63.53
"SA","Lower Eyre Peninsula",135.106781005859,-34.5828094482422,0.38,2.21,3.41,30.71,19.65,56.17,9.15,6.79,13.78
"QLDNorth","Cook",143.691986083984,-13.6643896102905,0.38,2.22,2.6,524.39,224.45,1679.5,120.09,61.64,302.76
"NSW","Richmond Valley",153.452301025391,-29.1151275634766,0.38,1.73,2.34,894.98,381,2800.19,42.52,25.19,87.91
"QLDNorth","Hope Vale",145.282745361328,-15.387996673584,0.38,2.31,2.53,297.29,139.58,832.19,146.73,75.86,359.83
"QLDNorth","Cassowary Coast",146.16064453125,-17.9593524932861,0.38,2.59,3.46,85.55,47.01,194.05,10.73,7.67,17.14
"WANorth","Wyndham-East Kimberley",127.62767791748,-14.1565856933594,0.38,4.49,5.15,325.3,159.47,837.84,12.09,8.57,19.43
"QLDNorth","Cook",144.484512329102,-14.1636114120483,0.38,2.31,2.88,340.56,156.89,978.7,28.97,17.59,58.84
"NT","East Arnhem",136.624969482422,-12.9765071868896,0.38,2.67,3.32,49.5,29.04,103.1,13.65,9.29,23.59
"SA","Yorke Peninsula",137.490112304688,-34.2766609191895,0.38,2.45,3.77,25.59,16.66,45.88,6.04,4.78,8.27
"NT","West Arnhem",132.592666625977,-10.9687538146973,0.38,4.37,5.13,460.84,206.3,1369.64,19.56,12.92,34.75
"WANorth","Broome",122.178184509277,-17.6473617553711,0.38,5.76,6.29,31.15,19.99,56.64,11.24,8.16,17.39
"NT","Tiwi Islands",130.145385742188,-11.4755601882935,0.38,4.36,5.11,491.8,209.22,1600.67,14.28,9.91,23.63
"TAS","Huon Valley",145.952133178711,-43.3556022644043,0.38,1.57,2.94,740.98,323.52,2239.78,13.52,9.64,21.34
"QLDNorth","Mornington",139.748779296875,-16.5429191589355,0.38,3.66,4.51,8.19,6.19,12,3.92,3.28,5
"WANorth","Wyndham-East Kimberley",126.000129699707,-14.2587823867798,0.38,4.59,5.21,76.66,42.83,169.85,11.65,8.18,19.12
"NT","West Daly",129.814651489258,-13.4978065490723,0.38,4.42,4.64,170.31,87.23,420.88,71.79,40.12,159.68
"QLDNorth","Livingstone",150.702621459961,-21.9537868499756,0.38,3.32,4.75,109.12,58.57,254.46,5.79,4.57,8
"QLDNorth","Cassowary Coast",146.178268432617,-17.9479675292969,0.38,2.57,3.45,111.95,59.84,262.62,11.76,8.33,18.96
"VIC","Wellington",147.512222290039,-38.1365203857422,0.38,1.43,1.99,172.11,87.7,429.01,25.31,16.1,47.41
"NT","West Arnhem",132.923233032227,-11.1303930282593,0.38,4.39,5.07,268.87,132.83,690.22,26.01,16.8,47.31
"NSW","Ballina",153.611038208008,-28.8455924987793,0.38,1.82,2.51,892.83,381.65,2773.46,40.24,24.25,80.84
"QLDSouth","Fraser Coast",153.267807006836,-24.7002735137939,0.38,2.78,3.95,402.03,179.13,1216.04,12.7,8.98,20.49
"WANorth","Wyndham-East Kimberley",125.676094055176,-14.159613609314,0.38,4.58,5.86,81,44.81,182.12,4.61,3.71,6.26
"NSW","Bega Valley",150.083282470703,-36.422550201416,0.38,1.83,3.32,174.54,91.55,412.59,5.05,4.05,6.82
"WANorth","Port Hedland",119.190498352051,-19.9453086853027,0.38,4.3,4.57,28.37,18.18,52.06,14.72,10.1,24.84
"VIC","Glenelg",141.072341918945,-38.0935173034668,0.38,1.52,2.11,408.33,186.95,1173.36,37.26,22.8,73.11
"VIC","Glenelg",141.174133300781,-38.1464004516602,0.38,1.5,2.16,698.28,293.44,2270.48,46.96,27.84,96.25
"VIC","Glenelg",141.239898681641,-38.1865692138672,0.38,1.5,2.19,710.8,297.72,2322.68,43.69,26.24,87.85
"VIC","Glenelg",141.342407226562,-38.2694435119629,0.38,1.5,2.13,654.86,277.73,2102.24,52.64,30.81,109.7
"VIC","Glenelg",141.362701416016,-38.3697319030762,0.38,1.49,2.22,891.1,364.28,3001.38,46.96,28.16,94.27
"VIC","Glenelg",141.41227722168,-38.4009056091309,0.38,1.47,2.05,1669.01,623.58,6374.93,113.25,58.99,278.71
"VIC","Glenelg",141.492294311523,-38.3837089538574,0.38,1.49,1.93,834.52,338.39,2865.87,100.62,52.64,247.74
"VIC","Glenelg",141.535110473633,-38.4397430419922,0.38,1.47,3.96,1511.42,570.84,5695.25,6.39,4.97,9.03
"VIC","Glenelg",141.640731811523,-38.2952766418457,0.38,1.49,1.76,870.53,362,2846.05,277.72,125.08,845.51
"VIC","Glenelg",141.667434692383,-38.280647277832,0.38,1.49,1.9,786.51,332.43,2511.73,104.7,54.09,263.29
"VIC","Glenelg",141.718215942383,-38.2639350891113,0.38,1.5,1.74,706.11,303.33,2203.72,237.5,109.67,697.17
"VIC","Glenelg",141.857879638672,-38.2674942016602,0.38,1.51,1.86,550.36,243.68,1650.59,128.91,64.56,338.88
"VIC","Moyne",141.972457885742,-38.3012351989746,0.38,1.52,1.92,435.38,197.34,1269.24,85.42,45.43,206.26
"VIC","Moyne",142.069732666016,-38.361385345459,0.38,1.5,1.96,659.5,284.38,2052.69,96.79,50.87,236.95
"VIC","Moyne",142.159042358398,-38.3936805725098,0.38,1.5,2.03,579.81,253.36,1775.39,73.54,40.19,170.49
"VIC","Moyne",142.317962646484,-38.3637771606445,0.38,1.51,1.81,476.05,211.26,1434.65,134.81,67.08,357.7
"VIC","Moyne",142.368423461914,-38.3553047180176,0.38,1.52,1.97,450.84,199.46,1371.21,68.28,37.46,157.99
"VIC","Warrnambool",142.473266601562,-38.4061393737793,0.38,1.52,2.25,455.96,204.04,1356.81,35.93,21.89,71.32
"VIC","Warrnambool",142.593643188477,-38.4447784423828,0.38,1.53,3.65,324.6,146.47,973.09,6.5,5.04,9.21
"VIC","Moyne",142.699172973633,-38.5162963867188,0.38,1.52,2.11,435.3,193.88,1310.57,55.44,31.71,120.23
"VIC","Moyne",142.760925292969,-38.5590782165527,0.38,1.52,1.88,416.49,187.04,1238.45,116.22,59.6,294.19
"VIC","Moyne",142.855392456055,-38.6059112548828,0.38,2.04,3.9,238.43,113.44,660.92,7.05,5.41,10.14
"VIC","Corangamite",142.938079833984,-38.6286964416504,0.38,2.02,2.5,364.96,166.77,1060.01,81.33,44.2,189.12
"VIC","Corangamite",143.061187744141,-38.6513214111328,0.38,2.04,4.47,244.45,116.56,673.58,5.15,4.12,7.02
"VIC","Corangamite",143.12614440918,-38.6886444091797,0.38,2.03,3.88,285.67,132.89,815.88,7.57,5.74,11.08
"VIC","Corangamite",143.220077514648,-38.765064239502,0.38,2.03,4.42,326.89,148.36,968.87,5.58,4.41,7.7
"VIC","Corangamite",143.258102416992,-38.7737083435059,0.38,2.02,4.19,393.36,173.11,1219.82,6.26,4.87,8.84
"VIC","Colac Otway",143.322082519531,-38.7615127563477,0.38,2.02,3.37,338.45,151.21,1030.92,11.89,8.47,18.96
"VIC","Colac Otway",143.442535400391,-38.8025894165039,0.38,2.02,3.24,340.44,151.2,1048.47,13.59,9.45,22.49
"VIC","Colac Otway",143.474304199219,-38.8234748840332,0.38,2.03,3.31,296.91,133.67,900.07,12.74,8.94,20.8
"VIC","Colac Otway",143.489456176758,-38.8496475219727,0.38,2.02,3.88,374.38,164.26,1171.91,8.1,6.08,12.04
"VIC","Colac Otway",143.561721801758,-38.8537979125977,0.38,2.03,3.65,321.07,144.02,974.26,8.7,6.54,12.82
"VIC","Colac Otway",143.609146118164,-38.8103332519531,0.38,2.03,3.29,289.26,131.8,858.44,11.06,7.99,17.28
"VIC","Colac Otway",143.670211791992,-38.7791442871094,0.38,2.04,3.05,267.29,123.35,778.59,16.66,11.4,28
"VIC","Colac Otway",143.721633911133,-38.7261772155762,0.38,2.05,2.93,225.75,106.99,632.81,18.08,12.16,31.22
"VIC","Colac Otway",143.830795288086,-38.6988716125488,0.38,2.06,3.28,176.54,86.98,467.87,11.13,7.99,17.57
"VIC","Colac Otway",143.908462524414,-38.6325874328613,0.38,2.08,2.93,141.56,72.41,354.88,19.38,12.73,34.88
"VIC","Colac Otway",143.922714233398,-38.6115913391113,0.38,2.08,2.8,143,73.11,358.67,24.81,15.78,46.6
"VIC","Surf Coast",144.006912231445,-38.5137557983398,0.38,2.08,2.34,137.03,70.82,337.75,78.66,43.6,176.55
"VIC","Surf Coast",144.112899780273,-38.4712715148926,0.38,2.07,2.47,145.09,74.52,360.44,59.71,33.55,133.26
"VIC","Surf Coast",144.18293762207,-38.4305267333984,0.38,2.07,2.41,151.29,77.33,378.15,77.77,42.34,180.83
"VIC","Surf Coast",144.246520996094,-38.4009552001953,0.38,2.08,2.72,143.93,74.28,354.58,27.48,17.08,53.55
"VIC","Surf Coast",144.299911499023,-38.3594818115234,0.38,1.55,2.33,146.78,75.7,361.51,28.5,17.35,57.73
"VIC","Greater Geelong",144.483413696289,-38.2930297851562,0.38,1.78,2.25,137.88,71.78,335.11,45.41,26.64,95.19
"VIC","Greater Geelong",144.531326293945,-38.2786865234375,0.38,1.79,2.2,126.27,66.57,301.54,54.83,31.25,119.84
"VIC","Greater Geelong",144.583847045898,-38.2871780395508,0.38,1.79,2.43,126.76,66.63,304.3,24.76,15.86,45.86
"VIC","Greater Geelong",144.711074829102,-38.2048835754395,0.38,1.47,1.82,248.94,123.15,640.42,103.24,54.27,251.38
"VIC","Greater Geelong",144.672241210938,-38.1073417663574,0.38,1.51,1.87,309.92,148.23,836.39,122.42,62.7,309.42
"VIC","Greater Geelong",144.566375732422,-38.0351142883301,0.38,1.49,1.89,440.77,197.65,1309.6,114.14,57.91,295.48
"VIC","Wyndham",144.640426635742,-38.0052757263184,0.38,1.49,1.91,439.54,197.17,1305.24,93.03,48.68,230.32
"VIC","Wyndham",144.715637207031,-37.9673156738281,0.38,1.5,1.94,359.82,166.27,1024.69,74.59,40.32,176.42
"VIC","Wyndham",144.800323486328,-37.9226760864258,0.38,1.48,1.94,302.36,143.2,832.07,55.52,31.44,122.76
"VIC","Bayside (Vic.)",144.973785400391,-37.9034385681152,0.38,1.48,1.96,299.53,139.07,855.64,48.52,27.97,104.7
"VIC","Kingston (Vic.)",145.104125976562,-38.0440711975098,0.38,1.5,2.09,229.3,110.87,618.27,37.36,22.49,75.64
"VIC","Mornington Peninsula",145.069442749023,-38.1770629882812,0.38,1.51,2.15,163.21,84.18,399.32,26.25,16.94,47.75
"VIC","Mornington Peninsula",145.028579711914,-38.2162742614746,0.38,1.52,2.12,156.5,81.53,376.9,29.17,18.47,54.6
"VIC","Mornington Peninsula",144.98030090332,-38.2909278869629,0.38,1.53,2.06,132.17,71,304.15,33.59,20.76,65.15
"VIC","Mornington Peninsula",144.711502075195,-38.3453521728516,0.38,1.5,2.45,121.43,64.14,289.72,14.43,10.06,23.65
"VIC","Mornington Peninsula",144.799087524414,-38.4085922241211,0.38,1.53,3.3,121.53,64.06,291.05,6.6,5.15,9.24
"VIC","Mornington Peninsula",144.880584716797,-38.4909248352051,0.38,1.53,3.06,130.56,68.15,316.94,8.1,6.12,11.9
"VIC","Mornington Peninsula",144.889007568359,-38.5022506713867,0.38,1.51,2.9,181.34,90.94,464.08,10.11,7.42,15.42
"VIC","Mornington Peninsula",144.935150146484,-38.499584197998,0.38,1.52,3.13,156.75,80.1,391.11,8.07,6.12,11.76
"VIC","Mornington Peninsula",145.001846313477,-38.4880523681641,0.38,1.52,3,144.9,74.6,358.42,8.79,6.59,13.01
"VIC","Bass Coast",145.211959838867,-38.5279922485352,0.38,2.43,3.12,149.2,76.62,370.07,28.94,18.16,55.12
"VIC","Bass Coast",145.113464355469,-38.5205268859863,0.38,2.44,3.52,139.06,71.4,346.61,12.83,9.08,20.58
"VIC","Bass Coast",145.319030761719,-38.5331535339355,0.38,2.44,4.01,134.76,69.68,332.2,8.61,6.45,12.76
"VIC","Bass Coast",145.344192504883,-38.5650634765625,0.38,2.44,4.32,138.17,71.44,340.1,6.49,5.06,9.11
"VIC","Bass Coast",145.450881958008,-38.5514945983887,0.38,2.44,3.74,124.53,64.94,303.79,11.36,8.15,17.94
"VIC","Bass Coast",145.509979248047,-38.5911598205566,0.38,2.45,4.12,112.14,59.27,268.66,7.82,5.9,11.5
"VIC","Bass Coast",145.600509643555,-38.6806640625,0.38,2.45,4,120.38,62.81,294,9.13,6.72,13.94
"VIC","Bass Coast",145.620834350586,-38.6789741516113,0.38,2.43,4.7,144.32,73.38,365.47,5.95,4.68,8.26
"VIC","Bass Coast",145.671844482422,-38.6737289428711,0.38,2.44,4.09,134.11,68.88,335,8.95,6.63,13.51
"VIC","South Gippsland",145.793563842773,-38.702205657959,0.38,2.46,3.3,105.72,55.98,253.46,19.92,13.13,35.51
"VIC","South Gippsland",145.814971923828,-38.7238578796387,0.38,2.46,3.35,105.99,56.08,254.43,18.75,12.48,32.95
"VIC","South Gippsland",145.868545532227,-38.8068962097168,0.38,2.45,3.5,111.38,58.45,270.6,14.49,10.05,24.01
"VIC","South Gippsland",145.91276550293,-38.9055824279785,0.38,2.43,3.3,145.56,73.67,371.62,18.79,12.62,32.41
"VIC","South Gippsland",145.990966796875,-38.8922653198242,0.38,2.42,3.11,168.15,83.35,442.04,26.93,17.09,50.46
"VIC","South Gippsland",146.011672973633,-38.8788261413574,0.38,2.43,3.01,152.14,76.49,392.15,32.09,19.8,62.67
"VIC","South Gippsland",146.120162963867,-38.8356971740723,0.38,2.45,2.81,120.02,62.53,294.04,41.02,24.6,83.09
"VIC","South Gippsland",146.194381713867,-38.8833122253418,0.38,2.47,2.97,85.76,46.84,196.78,28.77,18.11,54.5
"VIC","South Gippsland",146.262420654297,-38.9875793457031,0.38,2.46,3.83,99.15,53.11,233.55,9.24,6.86,13.86
"VIC","South Gippsland",146.313919067383,-39.0818901062012,0.38,2.44,3.1,124.08,64.49,304.72,18.69,12.79,31.21
"VIC","South Gippsland",146.323608398438,-39.0979347229004,0.38,2.43,3.09,139.96,71.57,351.38,19.16,13.11,31.95
"VIC","Unincorporated Vic",146.365310668945,-39.1418838500977,0.38,2.39,3.82,300.91,138.72,870.95,13.77,9.62,22.53
"VIC","South Gippsland",146.425231933594,-39.1314163208008,0.38,2.38,3.13,332.85,150.1,997.21,33.83,20.95,65.34
"VIC","South Gippsland",146.476226806641,-39.0241432189941,0.38,2.37,3.48,443.34,191.83,1407.69,10.67,7.72,16.67
"VIC","South Gippsland",146.483413696289,-39.0663795471191,0.38,2.38,4.26,380.64,168.18,1174.32,4.95,3.98,6.68
"VIC","South Gippsland",146.450546264648,-38.9980163574219,0.38,2.36,3.19,491.01,209.54,1588.86,18.58,12.52,31.9
"VIC","South Gippsland",146.461624145508,-38.9421501159668,0.38,2.36,3.49,559.7,234.98,1850.96,10.2,7.33,16.19
"VIC","Unincorporated Vic",146.514770507812,-38.9172515869141,0.38,2.36,2.58,571.94,240.05,1889.38,147.38,77.91,346.91
"VIC","Wellington",146.535461425781,-38.7930603027344,0.38,2.34,2.56,833.98,339.17,2848.37,149.36,78.41,355.78
"VIC","Wellington",146.522018432617,-38.7835998535156,0.38,2.34,2.49,885.97,355.68,3087.56,217.76,107.58,566.17
"VIC","Wellington",146.433959960938,-38.730281829834,0.38,2.32,2.72,1650.91,603.24,6578.48,89.24,50.11,194.07
"VIC","Wellington",147.02409362793,-38.519416809082,0.38,1.44,1.72,147.15,77.31,350.25,78.31,43.64,174.09
"VIC","Wellington",147.07096862793,-38.4757423400879,0.38,1.46,1.73,123.58,66.4,285.44,63.96,36.52,137.73
"VIC","Wellington",147.189910888672,-38.3921127319336,0.38,1.45,1.83,129.66,68.44,308.42,43.99,26.12,90.33
"VIC","Wellington",147.261337280273,-38.3325843811035,0.38,1.44,1.88,161.49,81.72,409.47,34.01,20.92,66.49
"VIC","Wellington",147.33967590332,-38.2696342468262,0.38,1.43,1.89,183.02,90.98,475.67,32.84,20.2,64.36
"VIC","Wellington",147.453384399414,-38.1829528808594,0.38,1.44,1.94,157.66,81.29,386.74,28.83,17.96,55.69
"VIC","Wellington",147.522064208984,-38.1248092651367,0.38,1.43,1.99,180.21,91.11,454.44,25.28,16.09,47.36
"VIC","Wellington",147.615447998047,-38.0626106262207,0.38,1.41,1.87,247.77,118.71,676.06,31.91,19.86,61.3
"VIC","Wellington",147.695892333984,-38.0107536315918,0.38,1.39,1.9,333.69,152.1,979.58,28.98,18.35,54.29
"VIC","East Gippsland",147.829528808594,-37.9416542053223,0.38,1.38,2.05,471.96,203.2,1506.04,21.07,13.91,37.25
"VIC","East Gippsland",147.875839233398,-37.9240379333496,0.38,1.38,2.08,486.7,208.71,1561.42,20.06,13.34,35.09
"VIC","East Gippsland",148.034805297852,-37.877140045166,0.38,1.38,2.09,483.44,206.87,1558.11,20.62,13.7,36.1
"VIC","East Gippsland",148.155181884766,-37.8430023193359,0.38,1.38,2.03,411.4,180.24,1282.54,22.98,15.07,40.94
"VIC","East Gippsland",148.258483886719,-37.8193511962891,0.38,1.38,2.06,435.1,189.58,1365.14,23,15.08,40.98
"VIC","East Gippsland",148.356628417969,-37.8117446899414,0.38,1.39,2.08,390.93,172.63,1204.98,23.48,15.37,41.9
"VIC","East Gippsland",148.521102905273,-37.804370880127,0.38,1.38,2.11,432.39,188.75,1352.54,26.39,16.92,48.58
"VIC","East Gippsland",148.585525512695,-37.8069458007812,0.38,1.38,2.12,405.85,177.74,1267.33,26.69,17.11,49.12
"VIC","East Gippsland",148.72981262207,-37.8159523010254,0.38,1.36,2.19,661.77,274.99,2205.36,29.69,18.59,56.66
"VIC","East Gippsland",148.786849975586,-37.7952995300293,0.38,1.38,2.32,399.49,177.16,1219.69,24.59,15.79,45.36
"VIC","East Gippsland",148.886962890625,-37.7905311584473,0.38,1.4,2.39,294.11,136.19,845.44,21.07,13.88,37.46
"VIC","East Gippsland",149.046005249023,-37.7861557006836,0.38,1.4,2.36,322.98,149.37,924.81,24.91,16.05,45.64
"VIC","East Gippsland",149.16242980957,-37.7828369140625,0.38,1.81,2.82,308.91,144.4,869.65,23.02,15.05,41.25
"VIC","East Gippsland",149.273971557617,-37.8057403564453,0.38,1.79,2.95,492.88,216.89,1505.26,18.87,12.7,32.43
"VIC","East Gippsland",149.366806030273,-37.7815475463867,0.38,1.81,2.79,335.37,155.67,951.44,23.24,15.17,41.76
"VIC","East Gippsland",149.426132202148,-37.7818412780762,0.38,1.8,2.93,357.25,164.85,1020.55,18.42,12.44,31.55
"VIC","East Gippsland",149.480285644531,-37.7810363769531,0.38,1.8,2.83,365.96,167.37,1061.04,21.09,13.95,37.15
"VIC","East Gippsland",149.494430541992,-37.7751312255859,0.38,1.8,2.61,385.33,175.78,1118.71,30.07,18.78,57.67
"VIC","East Gippsland",149.602462768555,-37.7272529602051,0.38,1.8,2.7,372.44,170.22,1080.02,22.43,14.61,40.51
"VIC","East Gippsland",149.671539306641,-37.6921310424805,0.38,1.8,3.46,382.41,174.5,1110.14,8.15,6.17,11.92
"VIC","East Gippsland",149.713882446289,-37.6465682983398,0.38,1.8,2.94,363.01,166.78,1044.2,12.98,9.22,20.71
"VIC","East Gippsland",149.721771240234,-37.6194801330566,0.38,1.81,3.16,337.81,156.45,961.93,10.08,7.4,15.36
"VIC","East Gippsland",149.768264770508,-37.5742301940918,0.38,1.81,2.53,331.62,154.43,935.9,24.95,16.03,45.93
"TAS","Huon Valley",146.70002746582,-43.6302795410156,0.38,1.61,2.11,315.06,142.87,937.76,68.73,38.32,154
"TAS","Huon Valley",146.725952148438,-43.6302185058594,0.38,1.63,2.05,257.32,120.76,727.95,59.51,34,128.65
"TAS","Huon Valley",146.823883056641,-43.6396865844727,0.38,1.65,2.84,176.15,87.79,456.87,17.1,11.56,29.38
"TAS","Huon Valley",146.83642578125,-43.6413917541504,0.38,1.65,2.49,178.8,89.52,459.33,33.81,20.82,66.02
"TAS","Huon Valley",146.875350952148,-43.6377182006836,0.38,1.66,2.7,157.95,80.97,391.54,19.69,13.14,34.31
"TAS","Huon Valley",146.65266418457,-43.6085815429688,0.38,1.6,2.11,421.21,182.19,1343.31,59.93,34.13,130.28
"TAS","Huon Valley",146.925216674805,-43.5979690551758,0.38,1.66,3.92,147.9,76.5,362.18,4.58,3.71,6.14
"TAS","Huon Valley",146.024490356445,-43.5679931640625,0.38,1.57,4.88,930.12,393.17,2940.71,4.5,3.68,5.91
"TAS","Huon Valley",146.041366577148,-43.5667343139648,0.38,1.54,1.87,1928.91,727.92,7168.54,256.2,120.69,719.9
"TAS","Huon Valley",146.100540161133,-43.5627288818359,0.38,1.56,2.06,1210.82,482.32,4195.44,73.83,40.75,167.83
"TAS","Huon Valley",146.117294311523,-43.5540924072266,0.38,1.55,1.8,1690.11,635.86,6368.18,265.81,123.52,764.47
"TAS","Huon Valley",146.204208374023,-43.5411643981934,0.38,1.55,3.38,1437.83,548.21,5341.08,9.71,7.02,15.31
"TAS","Huon Valley",146.289398193359,-43.5471343994141,0.38,1.55,2.38,1558.7,573.01,6165,27.59,17.65,50.84
"TAS","Huon Valley",146.330108642578,-43.5856704711914,0.38,1.57,3.64,934.46,370.5,3321.35,6.74,5.31,9.26
"TAS","Huon Valley",146.375564575195,-43.5824508666992,0.38,1.56,2.5,1087.82,410.7,4197.54,28.7,18.44,52.33
"TAS","Huon Valley",146.386032104492,-43.586597442627,0.38,1.56,2.81,992.18,378.32,3782.13,12.81,9.04,20.68
"TAS","Huon Valley",146.461120605469,-43.5462989807129,0.38,1.57,1.96,783.37,308.54,2855.73,88.12,47.73,205.03
"TAS","Huon Valley",146.527770996094,-43.5751419067383,0.38,1.58,3.86,687.88,275.72,2448.12,6.52,5.03,9.33
"TAS","Huon Valley",146.597885131836,-43.5658683776855,0.38,1.62,2.14,303.39,138.63,892.44,33.44,20.62,65.15
"TAS","Huon Valley",146.925354003906,-43.5755615234375,0.38,1.66,2.49,152.04,78.31,374.54,18.18,12.33,30.88
"TAS","Huon Valley",146.02912902832,-43.5403099060059,0.38,1.55,2.16,1348.23,542.61,4556.45,59.53,34.12,127.94
"TAS","Huon Valley",146.963455200195,-43.5297203063965,0.38,1.65,1.84,160.84,82.2,400.56,153.51,76.97,397.52
"TAS","Kingborough",147.287857055664,-43.5285034179688,0.38,1.65,3.77,165.58,83.82,418.86,6.87,5.28,9.89
"TAS","Kingborough",147.299224853516,-43.5296592712402,0.38,1.61,3.16,343.12,155.92,1011.19,13.09,9.26,21.02
"TAS","Huon Valley",145.998428344727,-43.4649772644043,0.38,1.56,2.35,1087.83,450.77,3532.31,43.47,26.24,86.59
"TAS","Huon Valley",146.991561889648,-43.4864807128906,0.38,1.65,1.9,169.81,85.96,428.9,124.95,64.61,309.64
"TAS","Kingborough",147.1865234375,-43.4901275634766,0.38,1.65,2.52,182.6,90.92,473.33,23.95,15.5,43.61
"TAS","Kingborough",147.331878662109,-43.4914779663086,0.38,1.61,2.95,348.54,155.99,1055.94,11.47,8.27,17.95
"TAS","Huon Valley",145.960891723633,-43.4287185668945,0.38,1.55,2.7,1372.5,548.01,4700.14,19.12,12.93,32.56
"TAS","Huon Valley",147.029708862305,-43.4380493164062,0.38,1.65,2.1,176.36,88.58,450.76,42.15,25.55,83.48
"TAS","Kingborough",147.205184936523,-43.4563064575195,0.38,1.65,1.91,183.84,91.48,476.87,111.07,58.6,267.22
"TAS","Kingborough",147.349029541016,-43.4391441345215,0.38,1.61,2.25,339.04,152.39,1020.81,36.28,22.66,68.68
"TAS","Huon Valley",145.957672119141,-43.4231262207031,0.38,1.66,3,153.21,78.6,380.07,10.52,7.72,16.03
"TAS","Huon Valley",147.029922485352,-43.4311828613281,0.38,1.65,1.94,183.52,91.65,472.83,74.69,41.9,164.52
"TAS","Kingborough",147.169281005859,-43.4217338562012,0.38,1.64,1.69,196.75,97.03,516.61,176.97,87.79,462.84
"TAS","Kingborough",147.381912231445,-43.3907890319824,0.38,1.61,2.88,340.54,152.98,1026.11,10.27,7.51,15.74
"TAS","Huon Valley",145.953216552734,-43.3851013183594,0.38,1.66,2.64,159.33,80.65,404.12,13.16,9.52,20.28
"TAS","Kingborough",147.100143432617,-43.3887329101562,0.38,1.64,1.78,211.34,103.08,563.81,151.32,76.78,383.5
"TAS","Kingborough",147.174331665039,-43.3735466003418,0.38,1.64,1.86,210.37,102.78,559.55,145.28,74.3,363.75
"TAS","Kingborough",147.388381958008,-43.3743095397949,0.38,1.61,2.77,344.88,154.86,1039.15,12.83,9.1,20.56
"TAS","West Coast",145.860122680664,-43.3240089416504,0.38,1.55,3.82,1543.66,606.73,5400.91,7.69,5.78,11.41
"TAS","West Coast",145.872009277344,-43.3267440795898,0.38,1.54,3.78,1989.83,753.58,7334.05,8.98,6.61,13.74
"TAS","Huon Valley",147.072708129883,-43.332218170166,0.38,1.64,2.16,217.49,105.72,582.67,48.62,28.83,99.38
"TAS","Kingborough",147.175140380859,-43.3535766601562,0.38,1.64,1.82,216.68,105.39,579.98,178.29,89.01,460.55
"TAS","Kingborough",147.387649536133,-43.3644943237305,0.38,1.61,2.68,344.37,154.67,1037.3,15.08,10.43,25.03
"TAS","West Coast",145.809722900391,-43.2847747802734,0.38,1.6,4.84,431.91,197.3,1241.98,3.56,3.03,4.41
"TAS","Huon Valley",147.145385742188,-43.2968673706055,0.38,1.63,1.76,228.27,110.17,617.84,162.44,82.82,406.03
"TAS","Kingborough",147.343643188477,-43.2917823791504,0.38,1.61,1.98,359.17,160.31,1091.48,53.16,32.25,103.64
"TAS","West Coast",145.810775756836,-43.2693901062012,0.38,1.69,4.86,97.91,53.8,220.21,3.44,2.94,4.25
"TAS","Kingborough",147.368865966797,-43.2646980285645,0.38,1.61,2.04,365.8,162.83,1115.79,52.5,31.42,105.03
"TAS","Kingborough",147.424240112305,-43.2564239501953,0.38,1.61,1.96,367.23,163.27,1122.44,114.85,60.73,274.54
"TAS","Tasman",147.774551391602,-43.2328567504883,0.38,1.61,3.58,352.66,158.07,1064.48,6.97,5.37,9.96
"TAS","Tasman",147.796905517578,-43.2448196411133,0.38,1.6,3.68,419.06,182.31,1322.2,6.49,5.05,9.13
"TAS","West Coast",145.780456542969,-43.2245597839355,0.38,1.68,2.54,112.79,61.9,252.12,16.37,11.32,27.04
"TAS","Kingborough",147.43603515625,-43.2273254394531,0.38,1.61,1.85,361.8,161.29,1101.36,153,78.32,381.1
"TAS","Tasman",147.715576171875,-43.1994171142578,0.38,1.61,3.31,370.42,164.31,1136.45,7.57,5.78,10.95
"TAS","Tasman",147.862182617188,-43.2088279724121,0.38,1.6,2.57,442.46,191.02,1411.15,23.06,14.94,42.04
"TAS","Tasman",147.872680664062,-43.2120361328125,0.38,1.6,2.51,436.04,188.82,1384.07,27.29,17.32,51.08
"TAS","Tasman",147.958618164062,-43.2214050292969,0.38,1.59,3.78,470.46,201.31,1519.4,6.46,5.02,9.12
"TAS","Tasman",147.998931884766,-43.2302474975586,0.38,1.59,2.74,478.53,204.52,1546.91,18.07,12.41,30.02
"TAS","West Coast",145.754043579102,-43.1833763122559,0.38,1.55,2.97,1297.37,515.47,4497.48,10.53,7.75,15.93
"TAS","Kingborough",147.433731079102,-43.2078018188477,0.38,1.61,1.85,359.9,160.57,1094.37,136.06,71.17,328.05
"TAS","Tasman",147.696899414062,-43.1781997680664,0.38,1.61,3.18,359.41,160.38,1092.57,8.64,6.46,12.88
"TAS","Tasman",148.010375976562,-43.2168273925781,0.38,1.57,3.01,837.48,332.52,2991.65,7.82,5.93,11.43
"TAS","West Coast",145.696655273438,-43.1235504150391,0.38,1.52,2.4,3540,1204.8,15304.03,32.17,20.31,60.16
"TAS","Kingborough",147.411727905273,-43.1649971008301,0.38,1.61,1.91,363.8,161.94,1110.22,88.48,49.63,192.88
"TAS","Tasman",147.666564941406,-43.140209197998,0.38,1.61,2.95,363.24,161.77,1107.51,11.41,8.26,17.74
"TAS","Tasman",148.008834838867,-43.1421737670898,0.38,1.57,2.84,840.6,333.49,3006.62,12.13,8.58,19.59
"TAS","West Coast",145.685073852539,-43.112190246582,0.38,1.65,2.62,179.95,92.01,444.59,14.19,10.1,22.4
"TAS","Kingborough",147.404937744141,-43.1275825500488,0.38,1.61,2.17,359.59,160.42,1093.63,39.2,23.89,77.28
"TAS","Tasman",147.647872924805,-43.0914535522461,0.38,1.61,1.82,370.38,164.31,1136.05,210.78,102.07,569.96
"TAS","Tasman",148.007949829102,-43.133716583252,0.38,1.57,2.93,785.59,314.4,2776.99,9.64,7.05,14.87
"TAS","West Coast",145.647384643555,-43.0529747009277,0.38,1.69,2.5,102.07,56.36,226.94,16.35,11.46,26.31
"TAS","Clarence",147.42106628418,-43.0523529052734,0.38,1.61,1.84,366.05,162.75,1119,179.57,89.29,467.14
"TAS","Tasman",147.63232421875,-43.0770645141602,0.38,1.61,1.81,374.83,165.84,1154.68,227.13,108.31,629.04
"TAS","Tasman",147.969223022461,-43.0835113525391,0.38,1.57,2.8,774.69,310.95,2725.89,9.45,6.99,14.28
"TAS","West Coast",145.606002807617,-43.012264251709,0.38,1.65,6.16,180.15,92.55,441.23,2.9,2.51,3.53
"TAS","Kingborough",147.348052978516,-43.0447425842285,0.38,1.61,1.74,348.57,155.83,1058.32,199.11,98.53,519.04
"TAS","Clarence",147.474639892578,-43.0356559753418,0.38,1.61,1.8,372.27,164.81,1145.89,244.12,113.16,709.85
"TAS","Clarence",147.52082824707,-43.0234298706055,0.38,1.61,1.87,368.6,163.22,1135.03,176.68,85.75,481.87
"TAS","Tasman",147.620849609375,-43.0335884094238,0.38,1.6,1.78,414.35,179.79,1315.16,278.94,128.98,807.08
"TAS","Tasman",147.953903198242,-43.0417671203613,0.38,1.57,2.26,769.32,309.09,2703.44,25.14,16.36,45.11
"TAS","West Coast",145.525390625,-42.9875373840332,0.38,1.52,3.62,5104.25,1633.64,24144.37,7.78,5.81,11.7
"TAS","West Coast",145.598937988281,-42.99365234375,0.38,1.67,6.39,132.52,69.48,318.71,2.56,2.25,3.06
"TAS","Clarence",147.553817749023,-42.989860534668,0.38,1.6,1.84,406.32,176.35,1290.8,208.89,98.47,595.05
"TAS","Tasman",147.631622314453,-42.9938316345215,0.38,1.59,2.04,502.01,210.76,1673.37,99.29,52.18,242.58
"TAS","Tasman",147.986022949219,-42.9831314086914,0.38,1.48,2.54,751.07,303.01,2623.08,14.09,9.76,23.45
"TAS","West Coast",145.488647460938,-42.9550094604492,0.38,1.53,4.65,2447.99,852.02,10402.52,3.81,3.21,4.79
"TAS","Clarence",147.554840087891,-42.9659843444824,0.38,1.59,1.83,468.81,198.4,1546.73,197.08,93.56,556.23
"TAS","Tasman",147.632385253906,-42.9556884765625,0.38,1.59,1.77,529.39,220.28,1788.02,248.68,115.33,721.39
"TAS","Tasman",148.003829956055,-42.9639625549316,0.38,1.48,2.69,714.95,290.41,2473.59,11.51,8.22,18.31
"TAS","West Coast",145.449157714844,-42.9071311950684,0.38,1.66,3.5,155.61,82.29,364.87,6.65,5.24,9.15
"TAS","Clarence",147.537948608398,-42.9388542175293,0.38,1.59,1.8,490.38,205.93,1636.67,242.46,111.29,719.04
"TAS","Tasman",147.640472412109,-42.9432792663574,0.38,1.59,1.71,550.98,228.14,1872.99,314.46,139.55,975.77
"TAS","Tasman",148.00407409668,-42.916877746582,0.38,1.48,2.83,714.94,291.54,2455.34,9.29,6.86,14.11
"TAS","West Coast",145.431121826172,-42.8805046081543,0.38,1.69,3.68,95.5,52.85,212.36,5.5,4.4,7.45
"TAS","Clarence",147.515411376953,-42.879077911377,0.38,1.59,1.85,524.69,218.66,1768.1,184.12,88.04,515.15
"TAS","Sorell",147.600143432617,-42.8698997497559,0.38,1.59,1.73,523.35,218.91,1751.43,277.7,126.88,822.25
"TAS","Tasman",147.98518371582,-42.8885726928711,0.38,1.48,2.59,718.69,293.28,2464.07,9.43,7.08,13.88
"TAS","West Coast",145.415832519531,-42.836971282959,0.38,1.56,4.84,1143.43,443.28,4180.96,3.63,3.07,4.55
"TAS","Clarence",147.536834716797,-42.8490219116211,0.38,1.59,1.75,483.87,204.36,1598.86,265.05,121.42,783.61
"TAS","Clarence",147.579864501953,-42.8435554504395,0.38,1.59,1.78,519.82,217.33,1742,265.89,120.35,804.39
"TAS","Tasman",147.924240112305,-42.8430862426758,0.38,1.48,2.25,742.28,302.98,2537.99,18.54,12.67,31.04
"TAS","West Coast",145.382736206055,-42.7888107299805,0.38,1.52,4.65,4600.26,1436.58,22957.14,4.17,3.44,5.44
"TAS","West Coast",145.376937866211,-42.7676277160645,0.38,1.6,3.01,403.35,179.24,1225.96,9.91,7.22,15.37
"TAS","Sorell",147.932952880859,-42.7424583435059,0.38,1.48,1.78,769,312.24,2648.93,113.97,61.09,265.73
"TAS","West Coast",145.368698120117,-42.7230072021484,0.38,1.56,3.03,1002.25,392.76,3623.93,10.51,7.67,16.15
"TAS","Glamorgan-Spring Bay",148.006561279297,-42.7278175354004,0.38,1.48,2.14,751.37,306,2577.68,33.34,20.96,62.67
"TAS","Glamorgan-Spring Bay",148.054504394531,-42.7257995605469,0.38,1.48,2.35,791.72,319.87,2747.39,17.49,12,29.17
"TAS","Glamorgan-Spring Bay",148.096984863281,-42.7202072143555,0.38,1.47,2.38,833.59,334.48,2919.96,16.46,11.35,27.31
"TAS","West Coast",145.331405639648,-42.6594543457031,0.38,1.55,2.27,1679.26,610.78,6741.77,36.56,22.81,69.31
"TAS","Glamorgan-Spring Bay",148.148025512695,-42.669303894043,0.38,1.47,2.96,907.6,359.35,3240.89,7.5,5.73,10.85
"TAS","West Coast",145.32160949707,-42.6448287963867,0.38,1.7,3.09,87.67,49.1,191.71,7.68,5.91,10.95
"TAS","Glamorgan-Spring Bay",148.169342041016,-42.6512565612793,0.38,1.47,2.94,957.29,375.79,3461.19,8.02,6.05,11.82
"TAS","West Coast",145.264724731445,-42.6105651855469,0.38,1.61,2.68,319.13,145.52,939.08,14.83,10.21,24.87
"TAS","Glamorgan-Spring Bay",148.160095214844,-42.6400108337402,0.38,1.47,2.75,966.38,381.52,3454.46,9.15,6.79,13.76
"TAS","West Coast",145.27473449707,-42.5649108886719,0.38,1.63,3.03,244.58,116.29,677.53,10.09,7.39,15.45
"TAS","Glamorgan-Spring Bay",148.055892944336,-42.579460144043,0.38,1.48,1.75,802.29,327.29,2731.46,255.09,122.28,694.05
"TAS","Glamorgan-Spring Bay",148.107009887695,-42.5763397216797,0.38,1.47,2.38,869.2,350.38,3009.82,13.77,9.77,21.9
"TAS","Glamorgan-Spring Bay",148.123977661133,-42.5849571228027,0.38,1.47,2.71,879.4,353.62,3056.73,8.48,6.43,12.31
"TAS","West Coast",145.262847900391,-42.5347366333008,0.38,2.56,3.55,48.4,28.85,98.03,11.38,8.16,18
"TAS","West Coast",145.237335205078,-42.4822196960449,0.38,2.43,3.52,257.34,121.18,723.39,13.09,9.16,21.42
"TAS","Glamorgan-Spring Bay",148.008987426758,-42.5015869140625,0.38,1.48,2.58,804,328.21,2733.52,7.99,6.11,11.47
"TAS","West Coast",145.231674194336,-42.466968536377,0.38,2.38,3.51,604.79,250.38,2042.53,13.68,9.52,22.62
"TAS","Glamorgan-Spring Bay",148.014312744141,-42.4557800292969,0.38,1.47,2.41,835.94,339.08,2868.62,11.79,8.51,18.35
"TAS","West Coast",145.232315063477,-42.4186172485352,0.38,2.51,3.34,83.31,47.25,178.64,16.94,11.48,28.94
"TAS","Glamorgan-Spring Bay",148.011306762695,-42.4395561218262,0.38,1.48,2.38,827.85,336.16,2837.06,13.18,9.35,21.05
"TAS","West Coast",145.21257019043,-42.3617858886719,0.38,2.46,3.34,149.92,76.22,378.77,15.86,10.81,26.97
"TAS","Glamorgan-Spring Bay",148.015411376953,-42.372974395752,0.38,1.47,2.3,893.6,357.76,3128.34,17.81,11.99,30.75
"TAS","West Coast",145.191223144531,-42.3330688476562,0.38,2.32,3.22,3633.7,1170.59,17384.12,27.05,17.34,49.77
"TAS","Glamorgan-Spring Bay",148.02897644043,-42.3470230102539,0.38,1.47,2.28,920.86,366.91,3246.18,20.45,13.45,36.54
"TAS","Glamorgan-Spring Bay",148.258193969727,-42.3345336914062,0.38,1.46,2.86,1409.97,523.82,5505.56,8.55,6.46,12.51
"TAS","Glamorgan-Spring Bay",148.319534301758,-42.3450050354004,0.38,1.45,2.87,1529.5,563.7,6028.81,8.85,6.62,13.15
"TAS","West Coast",145.176895141602,-42.2989883422852,0.38,2.39,3.3,495.29,215.24,1547.9,21.61,14.14,38.83
"TAS","Glamorgan-Spring Bay",148.017181396484,-42.2893524169922,0.38,1.47,2.05,977.63,383.7,3530.79,40.7,24.47,82.06
"TAS","Glamorgan-Spring Bay",148.228851318359,-42.3110466003418,0.38,1.45,2.46,1459.38,535.26,5824.75,17.48,12.19,28.3
"TAS","Glamorgan-Spring Bay",148.330047607422,-42.3185920715332,0.38,1.46,2.97,1340.88,510.83,5011.55,6.59,5.15,9.21
"TAS","West Coast",145.188659667969,-42.2482681274414,0.38,2.39,3.45,545.9,233.08,1751.77,16.72,11.37,28.41
"TAS","Glamorgan-Spring Bay",148.029907226562,-42.2586402893066,0.38,1.47,1.92,1061.92,409.66,3939.31,67.56,37.95,149.46
"TAS","Glamorgan-Spring Bay",148.251510620117,-42.2540512084961,0.38,1.45,1.73,1663.01,590.44,6996.11,297.53,137.77,854.73
"TAS","Glamorgan-Spring Bay",148.324981689453,-42.2534446716309,0.38,1.46,2.27,1389.15,524.74,5262.41,16.75,11.41,28.36
"TAS","West Coast",145.171859741211,-42.2119636535645,0.38,2.51,3.7,77.91,44.62,164.73,10.63,7.69,16.61
"TAS","Glamorgan-Spring Bay",148.071105957031,-42.1934814453125,0.38,1.46,2.1,1286.45,475.34,5109.33,40.68,24.45,82.1
"TAS","Glamorgan-Spring Bay",148.248123168945,-42.2307014465332,0.38,1.45,1.81,1613.32,574.08,6773.41,176.66,87.31,465.43
"TAS","Glamorgan-Spring Bay",148.34782409668,-42.2207717895508,0.38,1.45,2.86,1465.12,547.11,5650.76,7.35,5.63,10.58
"TAS","West Coast",145.199859619141,-42.1949310302734,0.38,2.34,3.26,1823.18,652.1,7512,20.25,13.58,34.89
"TAS","West Coast",145.25276184082,-42.1763648986816,0.38,2.44,3.03,209,101.96,557.73,24.33,15.89,43.53
"TAS","Glamorgan-Spring Bay",148.085830688477,-42.1706275939941,0.38,1.46,1.96,1319.99,484.39,5302.1,66.89,38.16,143.84
"TAS","Glamorgan-Spring Bay",148.254638671875,-42.1658248901367,0.38,1.45,1.69,1676.22,591.58,7129.13,275.42,129.81,769.41
"TAS","Glamorgan-Spring Bay",148.357803344727,-42.1832542419434,0.38,1.45,4.01,1703.52,617.46,6877.28,4.02,3.34,5.16
"TAS","West Coast",145.259750366211,-42.1467628479004,0.38,2.5,3.05,85.34,47.66,187.94,23.94,15.59,43.09
"TAS","Glamorgan-Spring Bay",148.082427978516,-42.1415100097656,0.38,1.46,2.93,1378.63,501.4,5615.61,7.97,6.04,11.61
"TAS","Glamorgan-Spring Bay",148.243194580078,-42.1159973144531,0.38,1.45,1.73,1651.67,587.56,6925.89,215.92,105.09,577.43
"TAS","Glamorgan-Spring Bay",148.341522216797,-42.1320266723633,0.38,1.45,2.22,1752.94,630.23,7172.09,17.9,12.1,30.65
"TAS","West Coast",145.255340576172,-42.1075897216797,0.38,2.39,3.01,562.79,238.84,1822.76,29.94,19.03,55.55
"TAS","Glamorgan-Spring Bay",148.108413696289,-42.0997619628906,0.38,1.45,1.73,1664.95,585.59,7132.09,209.98,103.29,551.62
"TAS","Glamorgan-Spring Bay",148.15641784668,-42.0934715270996,0.38,1.45,1.73,1814.05,630.99,7887.65,232.21,112.11,627.33
"TAS","Glamorgan-Spring Bay",148.218154907227,-42.1014633178711,0.38,1.45,1.73,1845.32,644.38,7952.81,225.55,108.9,610.54
"TAS","Glamorgan-Spring Bay",148.35368347168,-42.1143798828125,0.38,1.45,2.28,1600.77,587.31,6343.49,20.36,13.47,35.98
"TAS","West Coast",145.247283935547,-42.0595054626465,0.38,2.45,3.03,180.28,90.75,458.26,29.52,18.68,55.29
"TAS","Glamorgan-Spring Bay",148.329803466797,-42.0832252502441,0.38,1.45,2.21,1767.69,634.61,7247.87,25.48,16.22,47.69
"TAS","West Coast",145.229965209961,-42.0238990783691,0.38,2.41,3.41,314.82,146.48,892.88,17.38,11.77,29.71
"TAS","Glamorgan-Spring Bay",148.290771484375,-42.0331077575684,0.38,1.45,2.12,1765.24,633.3,7247.98,27.69,17.48,52.33
"TAS","West Coast",145.205535888672,-41.9772605895996,0.38,2.41,3.38,376.45,170.95,1103.9,18.71,12.56,32.31
"TAS","West Coast",145.210815429688,-41.987922668457,0.38,2.38,3.35,668.67,279.99,2195.15,20.27,13.47,35.51
"TAS","Glamorgan-Spring Bay",148.293594360352,-41.9944076538086,0.38,1.45,2.24,1954.62,687.6,8270.46,15.73,10.83,26.26
"TAS","West Coast",145.151718139648,-41.9276809692383,0.38,2.32,3.29,5071.98,1576.69,25352.6,32.55,20.59,60.62
"TAS","Glamorgan-Spring Bay",148.326049804688,-41.9238891601562,0.38,1.44,2.04,2680.75,894.81,12253.55,37.69,23.01,74.24
"TAS","West Coast",145.123046875,-41.9068222045898,0.38,2.31,5,5850.48,1777.86,30223.14,6.01,4.73,8.33
"TAS","Glamorgan-Spring Bay",148.32600402832,-41.9160652160645,0.38,1.44,2.01,2394.35,815,10630.22,42.14,25.3,85.04
"TAS","West Coast",145.065216064453,-41.8570671081543,0.38,2.31,3.47,5579.39,1707.64,28530.74,23.76,15.56,42.35
"TAS","Glamorgan-Spring Bay",148.313522338867,-41.8726387023926,0.38,1.44,2.21,2438.43,827.25,10880.39,24,15.4,44.4
"TAS","Glamorgan-Spring Bay",148.285293579102,-41.8549880981445,0.38,1.44,2.11,2709.07,906.19,12323.04,30.57,18.91,59.62
"TAS","West Coast",144.993347167969,-41.7665786743164,0.38,2.4,3.36,408.78,180.6,1254.82,19.16,12.83,33.22
"TAS","Break O'Day",148.276168823242,-41.7884788513184,0.38,1.43,1.98,3554.85,1137.3,17261.58,35.37,22.07,67.15
"TAS","West Coast",144.968856811523,-41.7353935241699,0.38,2.39,2.9,516.26,221.5,1647.9,41.41,25.35,80.65
"TAS","Break O'Day",148.304916381836,-41.7495002746582,0.38,1.43,2.04,3114.28,1017.5,14668.1,35.88,22.21,69.11
"TAS","West Coast",144.913070678711,-41.7110061645508,0.38,2.47,3.04,131.59,69.09,315.87,31.64,19.66,61.05
"TAS","Break O'Day",148.29084777832,-41.712272644043,0.38,1.43,2.12,3428.79,1111.15,16287.9,22.68,14.93,40.14
"TAS","West Coast",144.905609130859,-41.6852493286133,0.38,2.34,2.85,2392.27,836.59,10091.64,63.29,36.54,133.65
"TAS","Break O'Day",148.295654296875,-41.6715774536133,0.38,1.43,2.16,3336.22,1091.68,15588.87,21.63,14.32,38.01
"TAS","Circular Head",144.895599365234,-41.6370429992676,0.38,2.38,2.91,656.41,272.14,2198,37.84,23.34,73.08
"TAS","Break O'Day",148.323333740234,-41.622428894043,0.38,1.43,2.18,3001.85,1003.64,13566.44,22.1,14.59,39
"TAS","Circular Head",144.87744140625,-41.5798988342285,0.38,2.4,3.05,417.45,185.64,1264.1,31.66,19.86,59.98
"TAS","Break O'Day",148.323577880859,-41.5981369018555,0.38,1.43,2.55,2878.74,970.67,12841.05,10.54,7.65,16.35
"TAS","Circular Head",144.852844238281,-41.5486030578613,0.38,2.32,2.91,4595.48,1479.06,21663.7,62.72,36.27,132.12
"TAS","Break O'Day",148.303894042969,-41.5573692321777,0.38,1.43,2.52,2927.14,985.02,13090.94,9.8,7.27,14.71
"TAS","Circular Head",144.818405151367,-41.5034866333008,0.38,2.35,3.38,1448.54,547.28,5470.24,21.78,14.28,38.97
"TAS","Break O'Day",148.286987304688,-41.5200653076172,0.38,1.43,2.7,3129.87,1040.16,14265.09,7.43,5.72,10.58
"TAS","Circular Head",144.797225952148,-41.4758071899414,0.38,2.33,2.91,2461.61,871.15,10136.27,53.87,31.7,110.94
"TAS","Break O'Day",148.269668579102,-41.4799690246582,0.38,1.43,2.18,3057.28,1020.41,13844.29,16.67,11.44,27.87
"TAS","Circular Head",144.749847412109,-41.4273529052734,0.38,2.34,3.84,2408.29,851.12,9956.25,12.75,9.01,20.56
"TAS","Break O'Day",148.28434753418,-41.4291572570801,0.38,2.3,2.98,3357.43,1102.8,15567.92,25.15,16.29,45.55
"TAS","Circular Head",144.751449584961,-41.4097518920898,0.38,2.37,2.94,859.44,355.1,2845.22,47.31,28.27,95.5
"TAS","Break O'Day",148.297515869141,-41.3928070068359,0.38,2.31,2.99,2966.78,996.16,13311.02,25.56,16.47,46.71
"TAS","Circular Head",144.760650634766,-41.350212097168,0.38,2.35,3.02,1575.16,597.7,5868.56,41.55,25.38,81.17
"TAS","Break O'Day",148.308197021484,-41.3584861755371,0.38,2.31,3.05,2725.37,933.38,11850.05,23.8,15.4,43.4
"TAS","Circular Head",144.714797973633,-41.298942565918,0.38,2.38,3.03,617.53,263.19,1972.04,41.8,25.53,81.65
"TAS","Break O'Day",148.335403442383,-41.3010597229004,0.38,2.31,2.91,2944.11,998.6,12966.6,32.74,20.47,62.27
"TAS","Circular Head",144.707702636719,-41.2828521728516,0.38,2.41,3.06,353.78,161.52,1031.33,34.88,21.72,66.52
"TAS","Break O'Day",148.365814208984,-41.2782859802246,0.38,2.31,3.05,2857.63,971.26,12563.18,23.39,15.36,41.5
"TAS","Circular Head",144.682250976562,-41.2399520874023,0.38,2.44,3.49,215.64,105.12,575.07,19.81,13.11,35.05
"TAS","Break O'Day",148.316146850586,-41.2480316162109,0.38,2.31,4.85,2510.84,877.07,10579.04,3.5,2.96,4.4
"TAS","Circular Head",144.684188842773,-41.2004814147949,0.38,2.44,3.18,210.71,103.19,557.92,29.53,18.42,56.84
"TAS","Circular Head",144.669128417969,-41.1608581542969,0.38,2.45,3.2,178.81,88.93,465.08,28.78,18.08,54.77
"TAS","Break O'Day",148.287109375,-41.1660232543945,0.38,2.33,3.62,1409.96,537.04,5254.05,6.42,5.04,8.92
"TAS","Circular Head",144.661819458008,-41.1233596801758,0.38,2.44,3.38,215.94,105.64,571.96,25.38,16.16,47.48
"TAS","Central Coast (Tas.)",146.15837097168,-41.1372108459473,0.38,2.45,2.82,209.63,102.36,558.32,55.77,32.18,118.9
"TAS","Central Coast (Tas.)",146.198120117188,-41.1493263244629,0.38,2.45,2.9,197.1,97,519.45,45.54,27.04,93.25
"TAS","Central Coast (Tas.)",146.2568359375,-41.1485290527344,0.38,2.45,2.81,199.87,98.41,525.77,54.21,31.38,115.05
"TAS","Devonport",146.321304321289,-41.1522064208984,0.38,2.45,2.83,191.1,94.67,498.53,52.23,30.43,109.84
"TAS","Latrobe (Tas.)",146.430786132812,-41.155158996582,0.38,2.46,2.96,172.26,86.79,438.44,39.71,23.93,79.87
"TAS","Latrobe (Tas.)",146.492980957031,-41.1431465148926,0.38,2.46,2.98,171.65,86.68,435.2,40.99,24.68,82.39
"TAS","Latrobe (Tas.)",146.525863647461,-41.1228256225586,0.38,2.46,3,181.99,91.5,463.38,39.21,23.83,77.61
"TAS","Latrobe (Tas.)",146.589111328125,-41.1430435180664,0.38,2.47,2.77,156.39,80.06,388.94,50.4,29.79,103.41
"TAS","Break O'Day",148.282577514648,-41.1071319580078,0.38,2.32,4.03,2116.19,766.11,8437.63,4.96,4.03,6.57
"TAS","Circular Head",144.664001464844,-41.0789909362793,0.38,2.43,3.2,237.06,116.86,615.49,29.39,18.42,56.05
"TAS","Central Coast (Tas.)",146.043014526367,-41.0946350097656,0.38,2.44,2.98,213.61,103.98,571.48,50.17,28.96,107.7
"TAS","Central Coast (Tas.)",146.093994140625,-41.1137771606445,0.38,2.44,2.93,213.46,103.96,570.57,48.85,28.51,102.85
"TAS","Latrobe (Tas.)",146.640960693359,-41.0928993225098,0.38,2.43,2.94,174.75,88.59,439.35,36.47,22.62,69.88
"TAS","Break O'Day",148.294143676758,-41.0832061767578,0.38,2.32,3.65,2021.72,736.7,7987.91,7.17,5.52,10.23
"TAS","Circular Head",144.630340576172,-41.0435943603516,0.38,2.42,4.65,271.4,130.54,731,6.5,5.05,9.21
"TAS","Burnie",145.97412109375,-41.0647888183594,0.38,2.43,3.2,219.32,106.56,587.75,34.97,21.09,70.91
"TAS","West Tamar",146.705780029297,-41.0612106323242,0.38,2.42,2.94,183.74,92.81,463.52,38.04,23.49,73.25
"TAS","West Tamar",146.720199584961,-41.0631256103516,0.38,2.43,2.92,177.75,90.29,444.76,36.55,22.73,69.7
"TAS","Break O'Day",148.299789428711,-41.0481185913086,0.38,2.32,3.26,1888.97,696.23,7339.66,12.38,8.81,19.71
"TAS","Circular Head",144.602462768555,-41.0091133117676,0.38,2.41,3.25,362.9,169.86,1008.95,32.88,20.43,63.21
"TAS","Waratah-Wynyard",145.83430480957,-41.0343780517578,0.38,2.44,2.83,189.32,93.56,496.46,47.91,28.32,98.61
"TAS","Burnie",145.913665771484,-41.0499877929688,0.38,2.44,3.24,210.76,102.85,561.84,27.29,17.13,52.21
"TAS","George Town",146.850326538086,-41.0287094116211,0.38,2.43,3.18,175.88,90.08,433.77,23.12,15.35,40.22
"TAS","George Town",146.880859375,-41.0161895751953,0.38,2.43,3.15,180.26,92.16,445.37,25.93,16.94,46.15
"TAS","Break O'Day",148.353164672852,-40.994701385498,0.38,2.33,3.05,1573.56,594.54,5909.53,23.21,15.25,41.18
"TAS","Circular Head",144.611099243164,-40.9469757080078,0.38,2.4,4.96,409.58,188.32,1167.65,6.55,5.09,9.25
"TAS","Waratah-Wynyard",145.757232666016,-40.9896659851074,0.38,2.44,3.03,203.54,99.79,539.08,32.49,20.13,62.94
"TAS","George Town",147.00080871582,-40.9813957214355,0.38,2.42,4.46,197.22,99.51,496.41,5.97,4.76,8.09
"TAS","George Town",147.050521850586,-40.9833717346191,0.38,2.42,3.52,185.96,94.61,462.72,13.7,9.83,21.38
"TAS","George Town",147.10888671875,-40.9926414489746,0.38,2.42,2.87,191.72,97.24,478.87,58.62,34.65,119.1
"TAS","George Town",147.168502807617,-41.000904083252,0.38,2.43,3.26,182.71,93.51,450.19,21.46,14.55,36.09
"TAS","Dorset",147.230133056641,-40.9747161865234,0.38,2.42,3.3,187.62,95.78,463.67,22.74,15.34,38.49
"TAS","Dorset",147.39714050293,-40.9836044311523,0.38,2.43,4.04,165.77,86.77,394.46,7.78,6,11.02
"TAS","Dorset",147.488128662109,-40.9723701477051,0.38,2.42,3.47,187.77,96.45,458.88,15.61,11.05,24.78
"TAS","Break O'Day",148.352798461914,-40.9916381835938,0.38,2.33,3.07,1571.59,595.39,5873.53,22.37,14.76,39.47
"TAS","Circular Head",144.626983642578,-40.9217834472656,0.38,2.36,4.61,1234.06,473.71,4573.01,7.54,5.77,10.87
"TAS","Waratah-Wynyard",145.689300537109,-40.935115814209,0.38,2.45,3.53,176.3,88.17,454.34,17.11,11.47,29.88
"TAS","Waratah-Wynyard",145.72607421875,-40.9378356933594,0.38,2.45,3.04,177.67,88.68,459.24,42.59,25.07,89.15
"TAS","Dorset",147.282119750977,-40.9394226074219,0.38,2.42,3.27,213.07,106.34,544.44,24.89,16.63,42.62
"TAS","Dorset",147.329818725586,-40.9436912536621,0.38,2.42,3.76,187.18,95.99,458.88,11.78,8.62,17.91
"TAS","Dorset",147.349945068359,-40.9411163330078,0.38,2.42,3.7,190.65,97.44,469.74,13.22,9.54,20.49
"TAS","Dorset",147.537063598633,-40.9300727844238,0.38,2.41,3.56,221.82,111.46,558.58,15.86,11.11,25.62
"TAS","Break O'Day",148.306838989258,-40.9382095336914,0.38,2.34,4.69,1108.94,442.4,3852.81,3.73,3.14,4.72
"TAS","Circular Head",144.646362304688,-40.8981094360352,0.38,2.36,3.23,1089.41,420.17,4035.64,27.75,17.86,50.54
"TAS","Waratah-Wynyard",145.581344604492,-40.9089317321777,0.38,2.44,2.88,192.43,95.1,504.01,52.11,30.31,109.89
"TAS","Waratah-Wynyard",145.614685058594,-40.9245758056641,0.38,2.45,3.04,183.29,91.27,474.91,40.95,24.32,84.47
"TAS","Dorset",147.556701660156,-40.8995056152344,0.38,2.41,3.6,234.81,117.24,596.06,15.54,10.88,25.17
"TAS","Dorset",148.261993408203,-40.8855972290039,0.38,2.35,3.68,895.05,369.94,2953.66,7.65,5.85,10.99
"TAS","Circular Head",144.696090698242,-40.8595733642578,0.38,2.36,3.31,1106.24,431.87,4001.49,29.79,18.75,56.31
"TAS","Circular Head",145.410034179688,-40.8539161682129,0.38,2.43,3.1,241.23,115.13,664.13,35.07,21.2,70.77
"TAS","Circular Head",145.476165771484,-40.8643913269043,0.38,2.44,2.65,216.44,104.99,582.37,102.58,54.46,245.23
"TAS","Circular Head",145.514511108398,-40.8528327941895,0.38,2.44,2.65,219.07,106.14,590.27,103.43,55.05,245.99
"TAS","Dorset",147.594696044922,-40.8484535217285,0.38,2.41,3.69,233.75,117.49,586.54,13.75,9.76,21.89
"TAS","Dorset",147.740966796875,-40.8519058227539,0.38,2.4,2.87,262.01,133.23,640.17,42.28,26.55,78.52
"TAS","Dorset",147.760986328125,-40.8531341552734,0.38,2.4,2.67,266.19,135.11,651.84,77.88,44.92,162.67
"TAS","Dorset",147.860855102539,-40.8730316162109,0.38,2.4,3.15,278.13,139.73,691.89,27.82,18.19,49.25
"TAS","Dorset",147.899719238281,-40.844913482666,0.38,2.39,3.32,312.86,155.11,791.6,23.71,15.73,41.23
"TAS","Dorset",148.210830688477,-40.8399543762207,0.38,2.36,3.54,702.74,303.4,2174.09,9.71,7.17,14.7
"TAS","Circular Head",144.69287109375,-40.8074645996094,0.38,2.38,3.05,602.58,257.77,1914.18,46.25,27.38,95.15
"TAS","Circular Head",145.299163818359,-40.8147354125977,0.38,2.42,2.68,261.95,123.36,735.4,104.89,54.57,260.22
"TAS","Circular Head",145.357513427734,-40.8470153808594,0.38,2.43,2.64,241.99,115.3,668.23,130.97,66.18,338.03
"TAS","Dorset",147.636962890625,-40.8108901977539,0.38,2.4,3.53,265.77,133.79,660.37,19.38,13.07,33.14
"TAS","Dorset",147.674896240234,-40.8212509155273,0.38,2.4,2.71,282.94,142.14,703.25,74.38,43.11,154.37
"TAS","Dorset",147.923492431641,-40.8156623840332,0.38,2.39,3.35,313.99,155.72,793.9,22.76,15.12,39.58
"TAS","Dorset",148.176132202148,-40.8186264038086,0.38,2.36,3.21,634.52,278.92,1911.79,20.77,13.95,35.61
"TAS","Circular Head",144.680114746094,-40.7445640563965,0.38,2.36,3.44,1101.48,427.51,4029.21,41.95,24.99,85.85
"TAS","Circular Head",145.095779418945,-40.7816848754883,0.38,2.41,2.86,350.23,156.99,1057.65,48.59,28.23,103.27
"TAS","Circular Head",145.150955200195,-40.7978782653809,0.38,2.41,2.74,318.08,144.66,940.77,65.79,36.87,146.51
"TAS","Circular Head",145.227600097656,-40.7947006225586,0.38,2.42,2.73,269.65,126.15,764.91,77.2,42.37,176.8
"TAS","Circular Head",145.260818481445,-40.762882232666,0.38,2.43,4,254.22,120.29,708.77,11.08,7.9,17.73
"TAS","Dorset",147.937637329102,-40.7492599487305,0.38,2.4,3.28,297.84,150.02,734.97,31.05,19.51,58.7
"TAS","Dorset",148.090866088867,-40.7719078063965,0.38,2.38,3.67,413.71,190.17,1179.31,12.68,9.1,19.86
"TAS","Circular Head",144.673858642578,-40.7176933288574,0.38,2.47,8.81,138.09,71.63,337.89,2.29,2.06,2.66
"TAS","Circular Head",145.071640014648,-40.7180595397949,0.38,2.41,2.84,359.41,163.38,1055.13,51.9,30.01,110.76
"TAS","Dorset",147.945587158203,-40.7393455505371,0.38,2.42,4.05,196.59,104.3,452.63,11.4,8.28,17.57
"TAS","Dorset",147.998031616211,-40.7403450012207,0.38,2.37,3.79,498.44,224.68,1455.71,18.88,12.75,32.26
"TAS","Dorset",148.086532592773,-40.7328948974609,0.38,2.39,3.33,353.18,164,997.94,21.93,14.59,38.17
"TAS","Circular Head",144.668197631836,-40.6715774536133,0.38,2.36,7.62,994.83,390.77,3582.97,2.94,2.54,3.58
"TAS","Circular Head",144.773864746094,-40.6976509094238,0.38,2.41,2.96,346.61,154.39,1060.15,41.8,24.99,85.02
"TAS","Circular Head",144.836822509766,-40.6881294250488,0.38,2.42,2.95,299.44,138.18,865.31,50.06,29.15,105.66
"TAS","Circular Head",145.048599243164,-40.685546875,0.38,2.41,2.84,348.51,160.18,1004.36,54.3,31.11,117.55
"TAS","Circular Head",144.684814453125,-40.6413726806641,0.38,2.36,3.6,988.01,387.4,3572.05,31.47,19.57,60.62
"TAS","Circular Head",144.734970092773,-40.6459159851074,0.38,2.4,3.39,421.31,185.92,1293.49,46.1,27.36,94.42
"TAS","Circular Head",144.87516784668,-40.6708221435547,0.38,2.42,2.94,272.39,129.56,748.73,58.77,33.62,126.89
"TAS","Circular Head",144.982803344727,-40.6565856933594,0.38,2.41,2.77,318.94,148.77,899.58,64.82,36.12,146.11
"TAS","Circular Head",144.737701416016,-40.5971183776855,0.38,2.38,3.15,585.86,245.18,1942.83,82.25,45.19,187.17
"TAS","Circular Head",144.770690917969,-40.5964431762695,0.38,2.39,2.74,536.38,226.94,1753.2,70.8,39.4,158.91
"TAS","Circular Head",144.912780761719,-40.6128616333008,0.38,2.42,2.59,289.3,137,798.59,123.12,64.84,295.11
"TAS","Circular Head",144.948745727539,-40.6073684692383,0.38,2.4,2.64,381.94,172.42,1131.3,107.61,56.44,262.36
"TAS","Flinders (Tas.)",148.176834106445,-40.5959587097168,0.38,2.4,3.83,302.42,145.11,812.71,22.56,14.93,39.56
"TAS","Flinders (Tas.)",148.200256347656,-40.5891304016113,0.38,2.37,4.12,470.6,210.07,1404.04,5.8,4.58,8
"TAS","Circular Head",144.675552368164,-40.5673217773438,0.38,2.38,3.5,616.24,260.8,1993.98,36.58,22.32,72.26
"TAS","Circular Head",144.779983520508,-40.5709533691406,0.38,2.39,2.74,490.65,210.16,1576.66,74.34,41.03,168.96
"TAS","Flinders (Tas.)",148.112411499023,-40.5633201599121,0.38,2.41,4.66,224.9,113.35,562.87,11.63,8.32,18.46
"TAS","Flinders (Tas.)",148.227340698242,-40.5468826293945,0.38,2.35,3.61,822.16,346.27,2635.42,8.41,6.31,12.46
"TAS","Circular Head",144.703262329102,-40.5109214782715,0.38,2.38,3.4,611.84,258.3,1989.88,41,24.54,83.36
"TAS","Circular Head",144.791122436523,-40.5122032165527,0.38,2.4,2.92,455.56,198.45,1425.39,40.51,24.35,81.77
"TAS","Flinders (Tas.)",148.098937988281,-40.5235214233398,0.38,2.4,3.59,272.23,132.35,718.92,25.65,16.56,46.69
"TAS","Flinders (Tas.)",148.236694335938,-40.5198822021484,0.38,2.34,3.32,948.48,392.73,3108.92,11.74,8.44,18.45
"TAS","Flinders (Tas.)",148.315460205078,-40.5186309814453,0.38,2.33,3.41,1350.74,531.3,4757.33,10.58,7.78,16.07
"TAS","Flinders (Tas.)",148.353866577148,-40.5163421630859,0.38,2.33,4.85,1489.37,578.23,5339.9,4.03,3.36,5.17
"TAS","Circular Head",144.706481933594,-40.4838218688965,0.38,2.39,3.48,516.13,221.97,1640.19,32.08,20.01,61.36
"TAS","Circular Head",144.85026550293,-40.4683647155762,0.38,2.4,2.6,425.31,187.8,1303.4,191.68,92.77,522.4
"TAS","Circular Head",144.891799926758,-40.4872550964355,0.38,2.39,2.57,468.72,203.43,1473.87,183.28,90.42,483.23
"TAS","Circular Head",144.935012817383,-40.4715118408203,0.38,2.39,2.72,498.29,215.53,1570.35,84.03,45.25,198.32
"TAS","Flinders (Tas.)",148.047439575195,-40.475944519043,0.38,2.39,3.61,365.42,171.18,1014.03,29.2,18.44,54.91
"TAS","Flinders (Tas.)",148.053924560547,-40.4809074401855,0.38,2.39,3.58,353.86,167.01,970.61,32.02,20.02,60.99
"TAS","Flinders (Tas.)",148.087585449219,-40.4819755554199,0.38,2.39,3.53,314.46,149.86,853.54,27.71,17.7,51.17
"TAS","Flinders (Tas.)",148.406112670898,-40.480110168457,0.38,2.32,3.67,1731.79,650.92,6526.45,7.89,6.05,11.29
"TAS","Circular Head",144.792694091797,-40.4443855285645,0.38,2.39,3.38,530.84,226.63,1707.03,17.48,11.83,29.91
"TAS","Circular Head",144.837173461914,-40.449146270752,0.38,2.39,2.62,491.7,211.46,1567.86,180.11,87.91,485.16
"TAS","Circular Head",144.968170166016,-40.4310569763184,0.38,2.39,2.68,474.84,207.41,1474,118.12,59.79,306.22
"TAS","Flinders (Tas.)",147.980758666992,-40.4205627441406,0.38,2.38,3.43,371.79,172.6,1047.68,32.21,20.07,61.75
"TAS","Flinders (Tas.)",148.474563598633,-40.4437446594238,0.38,2.31,4.73,2843.11,978.69,12209.05,4.03,3.36,5.15
"TAS","Circular Head",144.84391784668,-40.4292869567871,0.38,2.38,3.04,608,252.99,2032.97,61.94,34.73,138.42
"TAS","Circular Head",144.970901489258,-40.4216804504395,0.38,2.39,2.72,531.52,226.89,1709.45,116.25,59.45,295.76
"TAS","Flinders (Tas.)",147.9794921875,-40.4032287597656,0.38,2.39,3.4,334.65,157.04,930.65,33.92,20.88,66.23
"TAS","Flinders (Tas.)",148.460372924805,-40.4083251953125,0.38,2.33,3.68,1640.21,614.3,6244.02,7.01,5.38,10.08
"TAS","Circular Head",144.893737792969,-40.386287689209,0.38,2.38,3.09,613.27,254.56,2058.76,68.68,38.32,153.79
"TAS","Circular Head",144.950103759766,-40.3884658813477,0.38,2.39,4.11,525.86,223.65,1704.27,9.9,7.26,15.15
"TAS","Flinders (Tas.)",148.002624511719,-40.3662147521973,0.38,2.39,3.4,340.09,157.42,968.99,34.95,21.42,68.71
"TAS","Flinders (Tas.)",148.423919677734,-40.3693313598633,0.38,2.34,3.49,1060.1,423.85,3678.82,10.04,7.36,15.35
"TAS","Flinders (Tas.)",148.006896972656,-40.3459854125977,0.38,2.4,3.07,302.07,141.62,847.01,54.58,31.29,117.97
"TAS","Flinders (Tas.)",148.36750793457,-40.3207015991211,0.38,2.36,3.6,654.53,280.59,2060.03,7.4,5.62,10.83
"TAS","Flinders (Tas.)",147.946670532227,-40.276180267334,0.38,2.38,2.97,447.33,200.19,1332.61,63.43,35.56,141.52
"TAS","Flinders (Tas.)",148.024673461914,-40.2296142578125,0.38,2.38,3.09,375.37,169.24,1115.72,77.45,42.25,179.44
"TAS","Flinders (Tas.)",148.303619384766,-40.2542572021484,0.38,2.37,3.84,549.8,241.2,1676.93,6.93,5.32,9.97
"TAS","Flinders (Tas.)",147.987350463867,-40.1960487365723,0.38,2.39,3.08,366.94,166.2,1083.09,77.46,42.12,180.57
"TAS","Flinders (Tas.)",148.005523681641,-40.1689033508301,0.38,2.4,3.14,257.96,120.97,730.74,59.13,33.66,128.76
"TAS","Flinders (Tas.)",148.317733764648,-40.1645240783691,0.38,2.38,3.34,391.19,181.11,1104.34,10.75,7.81,16.64
"TAS","King Island",143.895416259766,-40.1236953735352,0.38,2.11,3.21,91.82,50.24,208.94,14.47,10.05,23.89
"TAS","King Island",143.947296142578,-40.123161315918,0.38,1.99,2.81,784.25,320.04,2672.55,40.07,23.98,81.6
"TAS","King Island",143.980819702148,-40.114086151123,0.38,1.98,2.83,886.67,353.27,3134.08,38.96,23.96,75.54
"TAS","Flinders (Tas.)",147.951965332031,-40.0990562438965,0.38,2.39,3.45,357.23,160.63,1070.84,31.53,19.98,58.64
"TAS","Flinders (Tas.)",148.005310058594,-40.1181678771973,0.38,2.41,3.76,226.56,107.77,630.45,19.81,13.47,33.33
"TAS","Flinders (Tas.)",148.307266235352,-40.1286659240723,0.38,2.38,3.32,402.66,185.38,1146.5,11,7.94,17.22
"TAS","King Island",143.863250732422,-40.0790481567383,0.38,1.99,2.84,689.08,285.39,2304.21,40.16,24.28,80.16
"TAS","King Island",144.046844482422,-40.0782127380371,0.38,1.97,2.82,1051.11,402.47,3957.85,23.46,15.23,42.53
"TAS","Flinders (Tas.)",147.892807006836,-40.0879211425781,0.38,2.38,3.14,428.89,193.03,1267.86,74.85,41.04,172.12
"TAS","Flinders (Tas.)",148.2958984375,-40.0857315063477,0.38,2.38,3.39,393.77,181.62,1118.87,9.81,7.21,14.97
"TAS","King Island",143.860076904297,-40.0594444274902,0.38,2.01,2.88,412.12,180.77,1281.77,33.15,20.65,63.38
"TAS","King Island",144.106567382812,-40.0429611206055,0.38,1.96,2.58,1649.4,585.84,6937.98,67.03,38.1,145.11
"TAS","Flinders (Tas.)",147.846771240234,-40.0310707092285,0.38,2.37,3.07,563.34,244.97,1743.6,82.5,44.76,192.27
"TAS","Flinders (Tas.)",148.293029785156,-40.0547065734863,0.38,2.38,3.45,398.56,184.14,1128.2,8.84,6.6,13.17
"TAS","King Island",143.882369995117,-39.9975700378418,0.38,2.08,3.27,137.77,71.44,337.32,16.15,11.07,27.11
"TAS","King Island",144.128204345703,-39.9970970153809,0.38,1.95,2.22,2292.26,770.93,10449.35,347.71,157.56,1029.19
"TAS","Flinders (Tas.)",147.855865478516,-40.0175628662109,0.38,2.37,3.3,521.34,231.87,1555.94,37.72,22.89,75.13
"TAS","Flinders (Tas.)",148.283706665039,-40.0074615478516,0.38,2.39,3.47,331,157.32,900.06,8.2,6.19,12.06
"TAS","King Island",143.853927612305,-39.9506721496582,0.38,2.07,2.95,156.16,80.27,385.41,26.68,17.04,49.4
"TAS","King Island",144.139312744141,-39.9654006958008,0.38,1.94,2.53,3020.46,975.15,14591.07,76.08,43.41,162.2
"TAS","Flinders (Tas.)",147.798294067383,-39.918342590332,0.38,2.36,2.61,577.64,256.01,1724.35,332.13,146.84,1033.78
"TAS","Flinders (Tas.)",147.89599609375,-39.9532318115234,0.38,2.37,2.9,472.38,214.53,1365.42,119.05,60.75,303.71
"TAS","Flinders (Tas.)",148.263214111328,-39.9630470275879,0.38,2.38,3.86,406.18,187.03,1155.48,7.33,5.59,10.61
"TAS","King Island",143.829513549805,-39.9180564880371,0.38,2.07,2.99,144.89,74.87,355.89,24.79,16.01,45.25
"TAS","King Island",144.143463134766,-39.9264678955078,0.38,1.94,2.77,2863.03,942.73,13367.8,40.73,25.11,78.34
"TAS","Flinders (Tas.)",147.766845703125,-39.9082679748535,0.38,2.36,3.18,621.17,274.7,1853.66,67.74,37.39,155
"TAS","Flinders (Tas.)",148.205902099609,-39.9435615539551,0.38,2.38,3.85,415.9,190.67,1190.88,6.83,5.26,9.76
"TAS","King Island",143.839248657227,-39.884334564209,0.38,2.14,3.01,66.25,38.03,140.93,22.61,14.85,40.17
"TAS","King Island",144.136596679688,-39.9176254272461,0.38,1.95,2.74,2512.1,850.12,11238.08,45.5,27.81,88.36
"TAS","Flinders (Tas.)",147.744827270508,-39.8761138916016,0.38,2.36,4.03,666.12,290.8,2026.32,15.2,10.7,24.41
"TAS","Flinders (Tas.)",148.139068603516,-39.9053268432617,0.38,2.38,3.19,404.81,185.95,1156.93,14.49,10.09,23.81
"TAS","King Island",143.854507446289,-39.8473930358887,0.38,2.13,3.08,71.27,40.38,154.64,18.37,12.37,31.65
"TAS","King Island",144.132369995117,-39.8418426513672,0.38,1.95,2.66,2683.31,910.71,11880.9,50.09,30.52,97.22
"TAS","Flinders (Tas.)",147.771362304688,-39.8409767150879,0.38,2.38,3.02,418.5,199.45,1117.67,51.93,30.22,109.46
"TAS","Flinders (Tas.)",148.091217041016,-39.8570404052734,0.38,2.38,3.23,376.56,174.85,1059.92,14.38,10,23.7
"TAS","King Island",143.85676574707,-39.7956581115723,0.38,2.08,2.95,127.53,66.3,312.33,26.26,16.73,48.96
"TAS","King Island",144.12744140625,-39.817554473877,0.38,1.95,2.68,2549.95,871.12,11191.88,43.01,26.93,80.25
"TAS","Flinders (Tas.)",147.811630249023,-39.8306541442871,0.38,2.38,3.07,391.78,188.21,1035.29,46.49,27.5,95.78
"TAS","Flinders (Tas.)",148.043655395508,-39.8109970092773,0.38,2.39,3.21,346.31,162.13,965.19,14.94,10.36,24.69
"TAS","King Island",143.844787597656,-39.7591819763184,0.38,2.09,4.77,125.69,65.75,304.68,5.28,4.22,7.15
"TAS","King Island",144.107025146484,-39.7624244689941,0.38,1.94,2.77,2750.37,932.41,12182.84,27.92,18.14,49.95
"TAS","Flinders (Tas.)",147.84489440918,-39.7629585266113,0.38,2.38,3.63,433.39,201.47,1207.26,31.8,20.15,59.08
"TAS","Flinders (Tas.)",148.013427734375,-39.7826461791992,0.38,2.38,3.18,375.93,173.77,1067,15.66,10.82,25.98
"TAS","King Island",143.820816040039,-39.6965179443359,0.38,2.02,3.34,395.19,185.05,1092.37,20.31,13.41,36.02
"TAS","King Island",144.110992431641,-39.7095756530762,0.38,1.95,2.8,2537.73,867.34,11132.48,24.4,15.92,43.67
"TAS","Flinders (Tas.)",147.898330688477,-39.7129211425781,0.38,2.39,2.97,336.92,161,906.31,67.5,39.09,141.13
"TAS","Flinders (Tas.)",147.947769165039,-39.7199745178223,0.38,2.4,2.94,283.66,137.45,751.74,101.48,55.7,228.24
"TAS","Flinders (Tas.)",147.965942382812,-39.7286834716797,0.38,2.37,3.11,546.22,240.81,1651.82,20.63,13.63,36.55
"TAS","King Island",143.838088989258,-39.6834030151367,0.38,2.02,2.97,400.79,186.82,1116.1,30.19,18.88,57.7
"TAS","King Island",144.111511230469,-39.6770706176758,0.38,1.95,3.3,2461.13,844.49,10739.1,11.06,7.97,17.34
"TAS","King Island",143.924285888672,-39.651180267334,0.38,2.01,2.96,488.5,217.01,1466.94,27.99,17.68,52.75
"TAS","King Island",144.095275878906,-39.6545829772949,0.38,1.95,3.28,2249.37,786.28,9536.87,16.21,11.33,26.27
"TAS","King Island",143.921173095703,-39.6032028198242,0.38,2.01,5.36,442.06,197.44,1322.85,4.15,3.43,5.41
"TAS","King Island",144.043029785156,-39.6161041259766,0.38,1.96,3.54,1709.38,632.45,6638.23,15.57,10.72,26.01
"TAS","King Island",143.951919555664,-39.575366973877,0.38,1.97,4.58,1353.95,518.08,5015.91,7.78,5.88,11.44
"TAS","King Island",143.97900390625,-39.5885543823242,0.38,1.97,3.23,1308.36,507.38,4738.96,21.97,14.54,38.58
"VIC","South Gippsland",146.421844482422,-39.1332206726074,0.38,2.38,3.62,331.23,149.6,989.8,25.39,16.18,47.41
"VIC","South Gippsland",146.439544677734,-39.1008491516113,0.38,2.38,4.34,366.95,162.94,1124.29,4.44,3.61,5.9
"VIC","Unincorporated Vic",146.250122070312,-39.0228652954102,0.38,2.43,3.33,143.13,73,360.6,17.94,12.3,29.91
"VIC","Unincorporated Vic",146.224090576172,-38.9649429321289,0.38,2.46,3.14,96.28,51.8,225.45,19.99,13.41,34.49
"VIC","South Gippsland",146.248489379883,-38.9512329101562,0.38,2.47,3.07,87.13,47.6,199.61,19.57,13.27,33.09
"VIC","South Gippsland",145.947830200195,-38.8994636535645,0.38,2.42,3.16,171.63,84.8,453.23,22.55,14.83,40
"VIC","Colac Otway",143.527114868164,-38.8592071533203,0.38,2.04,3.86,258.97,119.24,759.47,7.43,5.63,10.87
"VIC","South Gippsland",145.891571044922,-38.8503303527832,0.38,2.45,3.27,117.34,61.14,287.89,20.47,13.57,36.04
"VIC","South Gippsland",146.166641235352,-38.8644256591797,0.38,2.46,2.91,97.31,52.26,228.48,33.33,20.52,65.19
"VIC","South Gippsland",146.313766479492,-38.8775672912598,0.38,2.35,2.66,676.4,274.81,2348.62,119.87,62.45,293.69
"VIC","South Gippsland",146.37321472168,-38.8578033447266,0.38,2.35,2.68,643.79,263.68,2209.08,113.31,60.27,268.14
"VIC","South Gippsland",146.484771728516,-38.8814544677734,0.38,2.35,2.52,678.15,281.97,2253.45,182.2,92.21,458.33
"VIC","South Gippsland",146.266677856445,-38.8223075866699,0.38,2.35,2.61,732.9,304.07,2432.59,218.47,105.06,597.07
"VIC","South Gippsland",146.389358520508,-38.8456001281738,0.38,2.35,2.68,685.89,279.56,2364.77,111.92,60.03,260.92
"VIC","Colac Otway",143.380554199219,-38.7705993652344,0.38,2.02,3.59,335.94,149.77,1028.06,8.82,6.55,13.3
"VIC","Colac Otway",143.422012329102,-38.7849884033203,0.38,2.04,3.79,234.93,109.14,682.27,7.05,5.41,10.13
"VIC","South Gippsland",145.861663818359,-38.7764129638672,0.38,2.47,3.49,88.59,48.02,205.74,13.71,9.56,22.57
"VIC","South Gippsland",146.223907470703,-38.7741508483887,0.38,2.33,2.57,1009.17,402.4,3530.72,356.78,160.53,1068.28
"VIC","South Gippsland",146.418823242188,-38.8024101257324,0.38,2.33,2.58,1191.65,451.4,4538.75,172.64,87.26,436.78
"VIC","Corangamite",143.173309326172,-38.7280006408691,0.38,2.05,3.54,216.28,103.61,595.79,10.49,7.57,16.49
"VIC","Colac Otway",143.785034179688,-38.7066078186035,0.38,2.06,3.18,194.97,94.51,529.08,12.17,8.62,19.58
"VIC","South Gippsland",146.206741333008,-38.7418212890625,0.38,2.33,2.55,1191.99,463.46,4322.86,497.12,213.95,1581.68
"VIC","Wellington",146.462844848633,-38.7444381713867,0.38,2.31,2.61,2036.62,724.61,8409.71,147.1,77.15,351.31
"VIC","Colac Otway",143.866333007812,-38.6734504699707,0.38,2.07,3.13,159.96,80.06,414.3,14.17,9.78,23.7
"VIC","South Gippsland",145.768341064453,-38.6752052307129,0.38,2.46,3.21,103.7,55.14,246.95,22.56,14.58,41.38
"VIC","South Gippsland",146.262573242188,-38.702880859375,0.38,2.33,2.62,1032.72,412.14,3602.05,218.07,109.1,553.98
"VIC","South Gippsland",146.317321777344,-38.6941146850586,0.38,2.32,2.65,1322.03,500.59,5002.6,157.36,81.75,380.75
"VIC","South Gippsland",146.425537109375,-38.7058410644531,0.38,2.32,2.7,1355.06,511.31,5152.45,104.26,57.03,235.53
"VIC","Wellington",146.637847900391,-38.696403503418,0.38,2.35,3.24,593.19,259.15,1814.53,22.8,14.64,42.29
"VIC","Wellington",146.734375,-38.6946296691895,0.38,2.41,2.87,201.59,102.11,503.21,64.34,36.64,139.18
"VIC","Wellington",146.782333374023,-38.6860198974609,0.38,1.42,1.9,223.53,110.68,577.84,59.84,34.41,127.75
"VIC","Corangamite",143.002075195312,-38.6296424865723,0.38,2.03,4.1,301.72,140.53,856.53,6.61,5.13,9.35
"VIC","Bass Coast",145.551666259766,-38.6480751037598,0.38,2.45,3.97,107.82,57.33,256.11,8.67,6.43,13.09
"VIC","Wellington",146.872207641602,-38.6447563171387,0.38,1.38,1.89,482.75,207.62,1541.14,51.2,30.31,104.57
"VIC","Moyne",142.796737670898,-38.5771369934082,0.38,2.02,3.6,383.49,173.71,1128.47,11.39,8.16,18.05
"VIC","Corangamite",142.901062011719,-38.6155624389648,0.38,2.05,2.63,215.29,103.6,588.24,38.3,23.08,77.25
"VIC","Wellington",146.93049621582,-38.6043281555176,0.38,1.39,1.82,386.63,172.19,1173.66,57.89,33.56,121.96
"VIC","Wellington",146.974472045898,-38.5582618713379,0.38,1.41,1.82,231.27,112.51,616.17,55.15,31.91,117.03
"VIC","Bass Coast",145.148681640625,-38.5175552368164,0.38,2.43,3.43,150.32,76.71,377.01,15.55,10.7,25.99
"VIC","Wellington",146.998046875,-38.5383987426758,0.38,1.43,1.83,181.48,92.1,454.25,52.42,30.6,109.81
"VIC","Moyne",142.64680480957,-38.4789199829102,0.38,1.52,2.58,395.89,175.92,1204.8,19.36,12.83,34.24
"VIC","Surf Coast",144.097763061523,-38.4742584228516,0.38,2.08,2.48,135.07,70.04,331.2,59.08,33.02,133.32
"VIC","Wellington",147.049911499023,-38.4927177429199,0.38,1.46,1.73,124.42,67.01,286.01,66.21,37.65,143.35
"VIC","Glenelg",141.558639526367,-38.4331817626953,0.38,1.47,3.64,1677.96,624.22,6458.39,8.05,6.02,12.07
"VIC","Surf Coast",144.1611328125,-38.4358596801758,0.38,2.08,2.41,143.46,73.87,354.92,76.62,41.98,176.15
"VIC","Mornington Peninsula",144.849258422852,-38.4480476379395,0.38,1.54,3.02,116.01,61.48,275.88,8.17,6.18,11.96
"VIC","Wellington",147.098709106445,-38.4510116577148,0.38,1.46,1.77,125.2,67.13,290.04,53.09,30.91,111.66
"VIC","Moyne",142.142532348633,-38.3927955627441,0.38,1.5,2.03,718.02,305.96,2271.85,77.19,41.98,179.9
"VIC","Moyne",142.209732055664,-38.3974876403809,0.38,1.5,1.82,581.51,254.77,1771.79,177.42,84.91,497.05
"VIC","Warrnambool",142.44255065918,-38.3908538818359,0.38,1.52,2.24,452.6,199.24,1389.1,31.45,19.51,60.83
"VIC","Warrnambool",142.532409667969,-38.4123992919922,0.38,1.52,2.22,428.4,189,1314.45,34.57,21.13,68.36
"VIC","Wellington",147.159881591797,-38.413703918457,0.38,1.46,1.82,123.99,66.2,289.65,46.62,27.48,96.68
"VIC","Glenelg",141.650573730469,-38.3856811523438,0.38,1.47,1.99,1287.17,497.3,4699.54,93.68,49.8,224.84
"VIC","Mornington Peninsula",144.78840637207,-38.361759185791,0.38,1.56,1.87,90.92,51.95,191.43,63.68,36.22,138.2
"VIC","Wellington",147.212829589844,-38.3721466064453,0.38,1.45,1.83,133.3,69.82,321.08,42.08,25.16,85.57
"VIC","Glenelg",141.382507324219,-38.3421783447266,0.38,1.49,2.05,794.45,330.46,2610.76,89.19,48.83,203.14
"VIC","Moyne",142.009292602539,-38.324577331543,0.38,1.5,1.91,613.69,267.4,1882.41,113.04,57.87,287.71
"VIC","Glenelg",141.795745849609,-38.2637748718262,0.38,1.5,1.8,621.76,271.72,1895.53,158.36,77.28,430.87
"VIC","Moyne",141.895767211914,-38.2744064331055,0.38,1.51,1.81,512.22,228.49,1522.15,153.22,74.81,417.56
"VIC","Wellington",147.313613891602,-38.292350769043,0.38,1.43,1.89,179.13,89.22,464.63,31.94,19.76,62.06
"VIC","Glenelg",141.286392211914,-38.2221336364746,0.38,1.49,2.11,762.89,316.12,2531.33,58.56,33.63,125.52
"VIC","Wellington",147.365676879883,-38.2471771240234,0.38,1.43,1.93,182.13,90.78,471.21,30.98,19.09,60.78
"VIC","Glenelg",141.269760131836,-38.2036285400391,0.38,1.53,2.34,359.4,165.74,1027.42,22.83,14.97,40.7
"VIC","Wellington",147.417602539062,-38.2067680358887,0.38,1.43,1.95,174.14,87.96,440.9,29.85,18.49,58.16
"VIC","Glenelg",141.208801269531,-38.1662750244141,0.38,1.5,2.17,715.97,299.27,2347.4,46.39,27.51,95.08
"VIC","Wellington",147.474075317383,-38.162956237793,0.38,1.44,1.97,156.31,80.92,380.76,26.93,16.95,51.28
"VIC","Glenelg",141.108062744141,-38.1139183044434,0.38,1.5,2.12,704.91,296.11,2292.37,52.21,30.45,109.56
"VIC","Greater Geelong",144.714935302734,-38.134162902832,0.38,1.52,1.83,262.74,128.92,683.72,137.36,69.19,355.35
"VIC","Mornington Peninsula",145.081008911133,-38.163745880127,0.38,1.51,2.15,169.3,86.67,418.84,25.13,16.34,45.22
"SA","Grant",140.74040222168,-38.0601692199707,0.38,1.52,2.1,379,176.25,1063.41,40.14,24.52,78.64
"SA","Grant",140.77214050293,-38.0627479553223,0.38,1.49,2.01,756.81,316.38,2471.87,76.3,41.95,174.28
"SA","Grant",140.85432434082,-38.0498161315918,0.38,1.52,2.35,453.67,203.42,1345.49,22.22,14.67,39.16
"SA","Grant",140.912155151367,-38.0582466125488,0.38,1.51,2.1,477.04,212.27,1430.34,43.29,25.79,88.43
"SA","Grant",140.955093383789,-38.0625228881836,0.38,1.49,1.99,754.22,312.49,2504.99,89.9,47.71,217.15
"VIC","Glenelg",141.0107421875,-38.069766998291,0.38,1.51,2.04,477.01,211.96,1433.97,50.18,29.17,106.27
"VIC","Glenelg",141.052200317383,-38.088062286377,0.38,1.5,2,670.82,283.39,2165.79,79.23,43.1,184.28
"VIC","Wellington",147.582229614258,-38.0834007263184,0.38,1.42,1.88,223.17,108.88,592.85,30.88,19.29,59.05
"SA","Grant",140.5830078125,-38.033863067627,0.38,1.49,3.76,818.53,340.05,2690.99,6.19,4.87,8.56
"SA","Grant",140.631912231445,-38.0421752929688,0.38,1.54,2.89,285.23,133.95,800.26,10.06,7.42,15.22
"VIC","Kingston (Vic.)",145.088943481445,-38.0244255065918,0.38,1.5,2.08,241.24,115.74,657.75,38.21,22.91,77.8
"VIC","Wellington",147.637832641602,-38.044059753418,0.38,1.4,1.88,273.44,128.85,764.5,30.73,19.25,58.48
"SA","Grant",140.501113891602,-37.987247467041,0.38,1.53,2.56,329.62,158.35,879.37,15.84,11.16,25.31
"SA","Grant",140.524429321289,-37.9978141784668,0.38,1.54,2.67,276.75,135.1,724.66,13.63,9.71,21.54
"SA","Grant",140.429992675781,-37.9360847473145,0.38,1.55,2.93,248.19,122.63,639.98,10.28,7.64,15.32
"VIC","Wyndham",144.773010253906,-37.9353256225586,0.38,1.48,1.96,332.43,155.56,929.69,55.18,31.27,121.87
"VIC","Bayside (Vic.)",144.991851806641,-37.947208404541,0.38,1.49,2.02,289.59,135.5,817.24,53.07,30.21,116.52
"SA","Grant",140.370849609375,-37.9024505615234,0.38,1.54,3.44,289.99,142.19,751.31,7.27,5.69,10.09
"VIC","East Gippsland",147.893478393555,-37.9159851074219,0.38,1.37,2.09,522.83,222.35,1695.34,19.46,12.98,33.99
"SA","Grant",140.36296081543,-37.8788871765137,0.38,1.57,3.56,167.43,86.72,405.86,6.46,5.14,8.75
"VIC","East Gippsland",148.105895996094,-37.8565101623535,0.38,1.38,2.03,463.95,199.92,1479.95,22.74,14.92,40.49
"VIC","East Gippsland",148.20671081543,-37.8326759338379,0.38,1.38,2.06,434.99,189.24,1368.88,22.96,15.07,40.84
"SA","Grant",140.326446533203,-37.8215484619141,0.38,1.57,5.52,166.39,87.93,389.22,3.18,2.76,3.85
"VIC","East Gippsland",148.314437866211,-37.8126602172852,0.38,1.38,2.06,427.81,186.94,1336.64,23.48,15.36,41.96
"VIC","East Gippsland",148.414672851562,-37.8078994750977,0.38,1.39,2.11,391.84,172.84,1210.15,22.91,15.05,40.73
"VIC","East Gippsland",148.627105712891,-37.814079284668,0.38,1.37,2.12,577.31,243.48,1888.68,29.92,18.81,56.66
"VIC","East Gippsland",148.685501098633,-37.8060111999512,0.38,1.38,2.15,427.52,186.7,1337.3,30.15,18.88,57.47
"VIC","East Gippsland",148.844741821289,-37.7903251647949,0.38,1.39,2.34,357.13,161.05,1064.74,24.28,15.61,44.71
"VIC","East Gippsland",149.202941894531,-37.7846832275391,0.38,1.8,3.21,343.2,158.53,981.01,11.94,8.61,18.64
"VIC","East Gippsland",149.285018920898,-37.8005218505859,0.38,1.79,2.81,440.54,196.97,1316.01,22.77,14.81,41.18
"SA","Grant",140.317901611328,-37.7939872741699,0.38,1.58,3.58,150.59,78.16,365.96,6.06,4.85,8.15
"VIC","East Gippsland",148.474594116211,-37.8038063049316,0.38,1.39,2.12,363.6,162.52,1100.91,23.94,15.57,43.21
"VIC","East Gippsland",148.576080322266,-37.8049087524414,0.38,1.39,2.1,380.26,168.67,1164.53,28.36,17.96,53.18
"VIC","East Gippsland",148.945434570312,-37.7836303710938,0.38,1.39,2.33,351.31,160.07,1028.44,25.24,16.17,46.69
"VIC","East Gippsland",148.998153686523,-37.7844581604004,0.38,1.39,2.34,364.42,165.72,1068.03,24.97,16.01,46.14
"VIC","East Gippsland",149.103958129883,-37.7829399108887,0.38,1.39,2.38,341.92,157.66,980.76,23.48,15.28,42.37
"SA","Wattle Range",140.281753540039,-37.7494964599609,0.38,1.56,3.3,190.85,100.09,449.07,8.2,6.3,11.64
"VIC","East Gippsland",149.590057373047,-37.7298011779785,0.38,1.8,2.78,353.48,162.32,1019.53,19.42,12.97,33.82
"SA","Wattle Range",140.263427734375,-37.7113876342773,0.38,1.59,2.98,136.23,73.76,308.63,10.03,7.5,14.76
"SA","Wattle Range",140.215057373047,-37.6637725830078,0.38,1.54,2.83,263.38,131.49,664.46,13.13,9.48,20.33
"SA","Wattle Range",140.162246704102,-37.6170768737793,0.38,1.54,2.79,263.69,131.34,667.86,14.97,10.59,23.85
"SA","Wattle Range",140.13639831543,-37.5949974060059,0.38,1.61,3.36,105.07,58.22,231.74,7.44,5.77,10.47
"VIC","East Gippsland",149.841262817383,-37.5509033203125,0.38,1.81,2.49,310.39,145.27,871.52,30.22,18.87,57.93
"VIC","Unincorporated Vic",149.903854370117,-37.5688209533691,0.38,1.81,2.6,320.64,149.86,900.78,30.09,19.04,56.23
"SA","Wattle Range",140.121139526367,-37.5391845703125,0.38,1.62,2.43,88.95,50.55,189.29,20.46,13.91,34.33
"VIC","East Gippsland",149.93977355957,-37.5252494812012,0.38,1.81,2.48,304.44,143.95,839.93,25.92,16.57,48.06
"SA","Wattle Range",140.065521240234,-37.5013771057129,0.38,1.59,2.4,133.37,72.24,302.25,22.81,15.27,39.13
"VIC","Bega Valley",149.979309082031,-37.5064086914062,0.38,1.82,3.14,256.15,125.28,671.52,9.61,7.09,14.56
"SA","Wattle Range",139.950042724609,-37.4479713439941,0.38,1.6,2.57,119.84,66.42,262.33,16.37,11.45,26.49
"NSW","Bega Valley",149.979293823242,-37.4584083557129,0.38,1.82,2.89,242.22,118.87,633.24,9.31,6.76,14.57
"SA","Wattle Range",139.912963867188,-37.4064483642578,0.38,1.61,2.51,96.53,54.71,205.51,21.92,14.69,37.64
"NSW","Bega Valley",149.966171264648,-37.4288520812988,0.38,1.83,2.78,228.03,112.91,588.76,9.08,6.64,14.03
"SA","Wattle Range",139.891525268555,-37.3818130493164,0.38,1.62,2.59,89.96,50.84,193.22,16.32,11.44,26.29
"NSW","Bega Valley",149.957244873047,-37.3762359619141,0.38,1.83,3.61,217.27,108.35,555.37,4.31,3.51,5.73
"NSW","Bega Valley",149.980178833008,-37.325008392334,0.38,1.83,3.01,204.57,102.87,516.98,7.89,5.88,11.92
"NSW","Bega Valley",149.968536376953,-37.3025817871094,0.38,1.83,2.82,200.24,101.03,503.56,8.12,6.04,12.29
"NSW","Bega Valley",150.048004150391,-37.2452239990234,0.38,1.83,3.34,205.15,103.82,512.38,5.53,4.35,7.73
"NSW","Bega Valley",150.03337097168,-37.2239723205566,0.38,1.84,3,198,100.68,491.3,6.83,5.22,9.94
"SA","Robe",139.739883422852,-37.1650085449219,0.38,1.98,3.02,64.5,38.14,130.22,19.56,13.3,32.94
"NSW","Bega Valley",150.023971557617,-37.1834716796875,0.38,1.84,3.32,186.28,95.7,455.29,5.18,4.12,7.13
"SA","Robe",139.747909545898,-37.153434753418,0.38,1.98,2.88,67.75,40.02,136.66,23.75,15.7,41.59
"NSW","Bega Valley",149.985443115234,-37.1308708190918,0.38,1.84,2.95,173.54,90.26,416.61,7.76,5.81,11.62
"SA","Robe",139.742889404297,-37.0785598754883,0.38,1.98,3.61,65.16,38.9,129.27,9.86,7.38,14.52
"SA","Robe",139.734085083008,-37.0505256652832,0.38,2,2.96,54.84,33.11,107.7,21.68,14.43,37.67
"NSW","Bega Valley",149.942672729492,-37.0398750305176,0.38,1.85,3.53,155.93,82.46,365.66,4.46,3.62,5.97
"SA","Kingston (SA)",139.690048217773,-36.9901237487793,0.38,2.01,2.99,51.11,31.28,98.3,20.51,13.75,35.35
"NSW","Bega Valley",149.936935424805,-37.0071754455566,0.38,1.85,3.1,155.26,82.28,362.76,6.31,4.87,9.05
"NSW","Bega Valley",149.943054199219,-36.950023651123,0.38,1.85,3.08,152.2,81.01,353.18,6.22,4.81,8.9
"SA","Kingston (SA)",139.687896728516,-36.9373512268066,0.38,2.1,3.04,26,17.16,45.42,10.47,7.72,15.78
"NSW","Bega Valley",149.938751220703,-36.9044761657715,0.38,1.85,3.52,154.94,82.05,362.56,4.38,3.58,5.8
"SA","Kingston (SA)",139.751434326172,-36.9028358459473,0.38,2.13,4.43,22.33,15.01,38.1,5.08,4.14,6.69
"SA","Kingston (SA)",139.796524047852,-36.8766288757324,0.38,2.14,4.45,20.43,13.88,34.35,4.94,4.03,6.47
"SA","Kingston (SA)",139.82112121582,-36.8556785583496,0.38,2.15,4.46,19.8,13.51,33.12,4.91,4.02,6.44
"NSW","Bega Valley",149.933685302734,-36.8700866699219,0.38,1.85,3.12,157.37,83.22,368.79,5.61,4.43,7.76
"SA","Kingston (SA)",139.839019775391,-36.8294143676758,0.38,2.16,4.51,19.11,13.09,31.77,4.74,3.89,6.18
"NSW","Bega Valley",149.947814941406,-36.8517150878906,0.38,1.85,3.12,152.93,81.32,355.46,5.83,4.57,8.13
"SA","Kingston (SA)",139.852264404297,-36.7863502502441,0.38,2.16,2.71,18.74,12.91,30.91,9.69,7.27,14.21
"NSW","Bega Valley",149.974624633789,-36.7799644470215,0.38,1.85,2.96,162.69,85.71,383.11,6.75,5.23,9.58
"SA","Kingston (SA)",139.858383178711,-36.74951171875,0.38,2.17,2.65,17.79,12.34,29.07,9.87,7.4,14.49
"NSW","Bega Valley",149.989532470703,-36.7394943237305,0.38,1.84,3.23,162.18,85.5,381.48,5.14,4.13,6.94
"SA","Kingston (SA)",139.854141235352,-36.6967544555664,0.38,2.17,2.89,18.08,12.55,29.46,8.7,6.62,12.54
"NSW","Bega Valley",150.001571655273,-36.6849975585938,0.38,1.83,3.26,169.68,88.95,402.2,5.02,4.06,6.7
"SA","Kingston (SA)",139.844863891602,-36.6574974060059,0.38,2.17,3.04,18.1,12.58,29.45,8.1,6.22,11.51
"NSW","Bega Valley",150.015930175781,-36.6494674682617,0.38,1.83,2.83,175.39,91.38,419.5,8.05,6.11,11.7
"SA","Kingston (SA)",139.830047607422,-36.6085319519043,0.38,2.17,3.19,17.62,12.29,28.51,7.44,5.78,10.42
"NSW","Bega Valley",150.035064697266,-36.616138458252,0.38,1.83,3.24,170.49,89.48,403.16,5.17,4.18,6.89
"SA","Kingston (SA)",139.821029663086,-36.5684852600098,0.38,2.19,3.49,16.32,11.5,26.06,6.26,4.97,8.53
"NSW","Bega Valley",150.059936523438,-36.5766220092773,0.38,1.83,2.99,169.87,89.37,400.02,6.61,5.16,9.24
"SA","Kingston (SA)",139.803558349609,-36.5380020141602,0.38,2.17,3.43,18.2,12.66,29.55,6.64,5.23,9.13
"NSW","Bega Valley",150.06852722168,-36.5477447509766,0.38,1.83,2.96,169.37,89.14,398.64,6.82,5.28,9.69
"SA","Kingston (SA)",139.791915893555,-36.4919242858887,0.38,2.19,3.39,16.55,11.65,26.44,6.68,5.26,9.2
"NSW","Bega Valley",150.063095092773,-36.4972381591797,0.38,1.83,3.2,177.49,92.75,421.99,5.34,4.26,7.29
"SA","Kingston (SA)",139.775497436523,-36.4551124572754,0.38,2.21,3.21,14.88,10.64,23.23,7.21,5.62,10.05
"NSW","Bega Valley",150.081558227539,-36.442684173584,0.38,1.83,2.9,176.46,92.3,418.97,7.12,5.5,10.09
"SA","Kingston (SA)",139.756973266602,-36.4185371398926,0.38,2.2,3.11,15.6,11.08,24.6,7.27,5.68,10.11
"SA","Kingston (SA)",139.731491088867,-36.3667602539062,0.38,2.2,3.21,15.63,11.11,24.65,7.07,5.53,9.8
"NSW","Eurobodalla",150.091186523438,-36.3569068908691,0.38,1.83,3.1,188.77,97.96,452.87,6.14,4.84,8.47
"SA","Kingston (SA)",139.714538574219,-36.3330459594727,0.38,2.2,3.11,15.59,11.08,24.58,7.49,5.82,10.5
"NSW","Eurobodalla",150.136993408203,-36.3149375915527,0.38,1.83,2.82,178.58,93.44,423.5,8.98,6.72,13.32
"SA","Kingston (SA)",139.683654785156,-36.2842216491699,0.38,2.19,3.2,16.04,11.36,25.38,7.25,5.65,10.11
"NSW","Eurobodalla",150.148056030273,-36.2723121643066,0.38,1.83,2.76,171.94,90.7,402.73,9.4,6.98,14.09
"NSW","Eurobodalla",150.148941040039,-36.2385597229004,0.38,1.84,2.73,164.4,87.51,379.86,9.3,6.91,13.96
"SA","Coorong",139.628814697266,-36.1987915039062,0.38,2.19,3.63,16.35,11.56,25.96,5.85,4.66,7.92
"NSW","Eurobodalla",150.134841918945,-36.1971473693848,0.38,1.83,3.13,170.87,90.45,397.94,6.06,4.75,8.46
"NSW","Eurobodalla",150.13459777832,-36.165225982666,0.38,1.83,2.92,175.71,92.66,411.29,7.57,5.76,11.01
"SA","Coorong",139.571441650391,-36.1088409423828,0.38,2.19,5.12,16.46,11.59,26.28,3.37,2.87,4.2
"NSW","Eurobodalla",150.140396118164,-36.108341217041,0.38,1.83,3.03,170.87,90.45,397.91,6.6,5.12,9.33
"SA","Kangaroo Island",136.905456542969,-36.0443840026855,0.38,2.42,3.22,114.61,62.33,260.2,39.59,23.81,79.93
"SA","Kangaroo Island",136.928207397461,-36.0405349731445,0.38,2.42,3.73,116.7,63.25,266.31,14.8,10.31,24.25
"SA","Kangaroo Island",137.016082763672,-36.029296875,0.38,2.42,4.18,118.17,63.85,270.89,8.98,6.72,13.34
"SA","Kangaroo Island",137.049743652344,-36.0282287597656,0.38,2.42,4.07,114.97,62.51,261.03,11.2,8.11,17.4
"SA","Kangaroo Island",137.123550415039,-36.0327224731445,0.38,2.42,3.12,111.38,60.78,251.67,43.33,26.32,85.37
"SA","Kangaroo Island",137.13444519043,-36.034538269043,0.38,2.42,3.01,110.17,60.53,246.03,51.05,30.51,102.52
"SA","Kangaroo Island",137.426620483398,-36.0531272888184,0.38,2.44,3.02,91.62,51.75,196.8,47.54,28.76,93.81
"SA","Kangaroo Island",137.475936889648,-36.0683212280273,0.38,1.94,2.4,104.3,58.03,228.44,46.12,28.76,86.29
"SA","Kangaroo Island",137.515167236328,-36.0489692687988,0.38,1.95,3.18,93.61,52.96,200.3,16.58,11.4,27.64
"SA","Kangaroo Island",137.568801879883,-36.0300827026367,0.38,1.95,3.39,91.71,52,195.69,12.02,8.67,18.73
"NSW","Eurobodalla",150.143844604492,-36.0624465942383,0.38,1.82,3.25,170.13,90.18,395.34,5.3,4.23,7.21
"SA","Kangaroo Island",136.690704345703,-36.0229301452637,0.38,2.44,3.1,87.5,49.13,190.52,39.78,24.68,75.78
"SA","Kangaroo Island",136.73811340332,-36.0450325012207,0.38,2.43,3.54,109.53,60,246.03,21.11,14.14,36.36
"SA","Kangaroo Island",136.788467407227,-36.0343894958496,0.38,2.43,2.82,106.57,58.95,235.62,55.65,33.47,109.95
"SA","Kangaroo Island",136.846450805664,-36.0241584777832,0.38,2.43,2.89,104.31,58.01,228.67,58.05,34.45,117.21
"SA","Kangaroo Island",137.273880004883,-35.9951553344727,0.38,2.44,2.93,92.29,52.1,198.37,39.72,25.18,72.8
"SA","Kangaroo Island",137.32177734375,-35.9999389648438,0.38,2.48,3.03,61.92,37.06,122.64,52.52,30.49,111.12
"SA","Kangaroo Island",137.382507324219,-36.0181884765625,0.38,2.44,3.24,88.08,50.02,187.82,29.92,19.2,54.57
"SA","Kangaroo Island",137.603118896484,-36.0112037658691,0.38,1.95,3.23,90.16,51.18,192.08,14.55,10.21,23.53
"NSW","Eurobodalla",150.156890869141,-36.0260467529297,0.38,1.82,3.41,169.29,89.79,393.02,4.76,3.85,6.36
"SA","Kangaroo Island",136.633361816406,-35.9650650024414,0.38,2.45,3.33,81.01,46.02,173.46,36.49,22.15,72.88
"SA","Kangaroo Island",137.626693725586,-35.9808921813965,0.38,1.96,2.86,84.78,48.67,177.66,18.59,12.71,31.06
"NSW","Eurobodalla",150.16096496582,-35.9916725158691,0.38,1.82,3.34,168.52,89.58,389.86,4.99,4.02,6.7
"SA","Kangaroo Island",136.578521728516,-35.9429016113281,0.38,2.47,3.65,68.92,40.18,142.22,16.22,11.21,26.8
"SA","Kangaroo Island",137.603698730469,-35.9404640197754,0.38,1.96,2.56,85.28,48.96,178.62,28.6,18.37,52.19
"SA","Coorong",139.421813964844,-35.9398231506348,0.38,2.16,5.05,18.48,12.81,30.12,3.42,2.91,4.26
"NSW","Eurobodalla",150.163665771484,-35.9351654052734,0.38,1.82,2.97,166.84,88.75,385.69,6.88,5.31,9.84
"SA","Kangaroo Island",136.536087036133,-35.896728515625,0.38,2.13,3.35,57.79,34.69,114.31,11.8,8.58,18.12
"SA","Kangaroo Island",137.677032470703,-35.8850936889648,0.38,1.97,2.22,75.79,44.27,155.01,59.61,36.34,114.55
"SA","Kangaroo Island",137.725204467773,-35.8824005126953,0.38,1.97,2.32,75.4,44.07,154.06,47.46,29.69,88.2
"SA","Kangaroo Island",137.788360595703,-35.8557510375977,0.38,1.97,3.03,74.25,43.49,151.26,14.28,10.07,22.93
"SA","Kangaroo Island",137.871337890625,-35.8728942871094,0.38,1.97,2.84,73.79,43.28,150.04,19.97,13.58,33.56
"SA","Kangaroo Island",137.88493347168,-35.8728485107422,0.38,1.97,2.83,74.27,43.52,151.2,20.95,14.12,35.67
"SA","Kangaroo Island",137.96125793457,-35.8787040710449,0.38,1.97,3.06,70.6,41.64,142.5,15.1,10.56,24.57
"SA","Kangaroo Island",138.001083374023,-35.8967895507812,0.38,1.97,3.03,69.96,41.29,141.08,14.91,10.46,24.09
"SA","Kangaroo Island",138.052825927734,-35.8993873596191,0.38,1.97,2.82,75.53,44.18,154.11,20.16,13.71,33.89
"SA","Kangaroo Island",138.082214355469,-35.8790435791016,0.38,1.97,2.99,73.59,43.15,149.76,13.86,9.83,22.06
"SA","Coorong",139.373916625977,-35.8965225219727,0.38,2.15,4.83,19.32,13.32,31.77,3.74,3.15,4.73
"NSW","Eurobodalla",150.189926147461,-35.8637771606445,0.38,1.82,2.86,164.04,87.53,377.49,8.03,6.07,11.77
"SA","Kangaroo Island",138.135406494141,-35.8457832336426,0.38,1.94,3.23,100.14,55.64,220.41,14.64,10.14,24.3
"SA","Coorong",139.319274902344,-35.8516044616699,0.38,2.14,4.46,20.54,14.1,33.87,4.39,3.62,5.69
"NSW","Eurobodalla",150.194900512695,-35.8571395874023,0.38,1.82,2.87,164.97,87.91,380.4,7.95,6.02,11.65
"SA","Kangaroo Island",136.559677124023,-35.8249588012695,0.38,2.14,4.68,53.93,32.38,107.06,4.62,3.84,5.9
"SA","Kangaroo Island",138.12907409668,-35.8107795715332,0.38,1.95,2.69,97,54.12,212.3,24.27,15.56,44.95
"SA","Coorong",139.272583007812,-35.809326171875,0.38,2.14,4.86,20.74,14.2,34.35,3.8,3.19,4.81
"NSW","Eurobodalla",150.236907958984,-35.8035354614258,0.38,1.82,2.9,159.24,85.36,364.07,7.46,5.7,10.79
"SA","Kangaroo Island",136.564651489258,-35.7734603881836,0.38,2.14,4.58,52.95,31.95,104.25,5.69,4.56,7.65
"SA","Kangaroo Island",138.073806762695,-35.774959564209,0.38,1.94,2.24,99.13,54.95,219.25,64.99,37.79,135.17
"SA","Coorong",139.215682983398,-35.7648048400879,0.38,2.14,4.98,20.78,14.22,34.45,3.72,3.13,4.7
"NSW","Eurobodalla",150.236831665039,-35.7761192321777,0.38,1.82,3.04,162.21,86.69,372.44,6.41,5,9
"SA","Kangaroo Island",136.588409423828,-35.7481994628906,0.38,2.15,3.62,49.47,30.12,96.25,6.17,4.86,8.5
"SA","Kangaroo Island",136.626861572266,-35.7417831420898,0.38,2.5,4.32,48.66,29.7,94.32,4.91,3.99,6.5
"SA","Kangaroo Island",138.066772460938,-35.7513809204102,0.38,1.95,2.76,97.49,53.77,217.87,16.91,11.48,28.82
"SA","Yankalilla",138.176651000977,-35.6691741943359,0.38,1.98,2.59,69.46,40.74,141.67,27.45,18.03,48.24
"SA","Yankalilla",138.198532104492,-35.6705513000488,0.38,1.98,2.6,68.01,40.06,137.83,32,20.32,59.19
"SA","Coorong",139.162200927734,-35.7285499572754,0.38,2.12,4.33,23.65,15.97,39.89,5.09,4.11,6.8
"NSW","Eurobodalla",150.282455444336,-35.7173690795898,0.38,1.82,3.52,155.47,83.54,354.35,4.56,3.73,5.97
"SA","Kangaroo Island",136.706756591797,-35.725227355957,0.38,2.51,3.43,45.94,28.3,87.89,10.2,7.55,15.29
"SA","Kangaroo Island",136.731002807617,-35.7152709960938,0.38,2.51,4.99,45.02,27.83,85.68,3.72,3.14,4.68
"SA","Kangaroo Island",136.78987121582,-35.6979751586914,0.38,2.52,4.65,42.8,26.7,80.38,4.4,3.64,5.69
"SA","Kangaroo Island",137.616470336914,-35.674991607666,0.38,2.4,3.09,157.5,80.52,392.56,27,17.72,47.56
"SA","Kangaroo Island",137.649337768555,-35.6554565429688,0.38,2.4,3.04,158.54,80.94,395.96,28.31,18.49,50.16
"SA","Kangaroo Island",137.763717651367,-35.7223281860352,0.38,2.41,3.16,134.45,70.41,323.72,19.9,13.65,32.92
"SA","Kangaroo Island",137.775573730469,-35.7165031433105,0.38,2.41,3.16,132.57,69.65,317.63,19.32,13.32,31.73
"SA","Kangaroo Island",137.890029907227,-35.723461151123,0.38,1.93,2.92,111.87,60.48,257.07,16.45,11.47,26.75
"SA","Kangaroo Island",137.907119750977,-35.714672088623,0.38,1.94,2.88,101.87,55.93,228.91,16.55,11.53,26.89
"SA","Kangaroo Island",137.988906860352,-35.7158203125,0.38,1.96,2.97,82.38,46.75,176.61,14.73,10.31,23.93
"SA","Kangaroo Island",138.013977050781,-35.7265586853027,0.38,1.95,2.6,93.67,51.96,207.61,18.26,12.53,30.37
"SA","Yankalilla",138.130722045898,-35.6500282287598,0.38,1.99,2.6,61.51,36.78,122.09,24.5,16.14,43.08
"SA","Yankalilla",138.246475219727,-35.6603355407715,0.38,1.99,2.68,60.03,36.01,118.61,24.07,15.77,42.8
"SA","Yankalilla",138.312057495117,-35.6453323364258,0.38,2.01,2.93,51.99,31.9,99.51,16.19,11.16,26.91
"SA","Yankalilla",138.3759765625,-35.6453437805176,0.38,2,3.08,52.68,32.26,101.11,15.35,10.65,25.25
"SA","Yankalilla",138.414459228516,-35.6428642272949,0.38,2,2.83,52.42,32.08,100.7,16.82,11.64,27.67
"SA","Victor Harbor",138.478042602539,-35.6393089294434,0.38,2.02,2.92,47.67,29.53,90.09,15.5,10.83,25.16
"SA","Victor Harbor",138.513809204102,-35.6463623046875,0.38,2.03,2.9,43.98,27.54,81.88,15.73,10.97,25.61
"SA","Coorong",139.103012084961,-35.6852188110352,0.38,2.11,4.15,24.18,16.26,41,5.71,4.54,7.78
"NSW","Eurobodalla",150.305648803711,-35.6829795837402,0.38,1.82,3.33,153.67,82.71,349.47,5.07,4.09,6.79
"SA","Kangaroo Island",136.849060058594,-35.6847915649414,0.38,2.52,4.33,41.88,26.22,78.22,5,4.06,6.6
"SA","Kangaroo Island",136.900344848633,-35.6795883178711,0.38,2.52,4.97,43.37,27.01,81.63,3.84,3.23,4.84
"SA","Kangaroo Island",136.94677734375,-35.6725311279297,0.38,2.51,4.55,45.09,27.95,85.4,4.62,3.79,6.03
"SA","Kangaroo Island",137.011520385742,-35.6639022827148,0.38,2.51,4.02,44.33,27.6,83.37,6.2,4.91,8.48
"SA","Kangaroo Island",137.058792114258,-35.6631202697754,0.38,2.51,3.62,47.15,29.15,89.49,8.52,6.45,12.4
"SA","Kangaroo Island",137.106231689453,-35.6534042358398,0.38,2.5,3.19,49.45,30.4,94.52,13.46,9.65,21.05
"SA","Kangaroo Island",137.630981445312,-35.6381607055664,0.38,2.4,3.04,153.12,78.45,380.73,29.23,18.84,52.92
"SA","Yankalilla",138.093200683594,-35.6287651062012,0.38,1.99,2.86,59.43,35.49,118.45,14.8,10.41,23.85
"SA","Victor Harbor",138.55793762207,-35.6218681335449,0.38,2.02,2.76,46.12,28.64,86.95,16.64,11.57,27.13
"SA","Coorong",139.046203613281,-35.6484336853027,0.38,2.11,4.51,25.22,16.87,43.11,5.12,4.12,6.86
"NSW","Shoalhaven",150.336212158203,-35.6333694458008,0.38,1.83,3.94,149.03,80.61,336.58,3.7,3.12,4.64
"SA","Kangaroo Island",137.179275512695,-35.6163673400879,0.38,2.47,3.54,63.51,37.81,126.8,10.61,7.83,15.95
"SA","Kangaroo Island",137.632522583008,-35.5992774963379,0.38,2.4,2.65,160.76,81.83,403.31,69.97,40.2,148.11
"NSW","Shoalhaven",150.376419067383,-35.5752372741699,0.38,1.83,2.99,149.4,80.67,338.38,6.96,5.43,9.74
"SA","Kangaroo Island",137.239776611328,-35.6021537780762,0.38,2.46,3.5,71.03,41.45,146.05,11.19,8.19,17.05
"SA","Kangaroo Island",137.285034179688,-35.5917587280273,0.38,2.46,3.71,76.4,44.02,160.03,9.98,7.4,14.94
"SA","Kangaroo Island",137.310577392578,-35.5752601623535,0.38,2.43,3.76,98.88,54.9,218.09,10.43,7.7,15.7
"SA","Kangaroo Island",137.372985839844,-35.5833930969238,0.38,2.43,3.25,108.32,58.94,246.48,15.16,10.71,24.18
"SA","Kangaroo Island",137.425735473633,-35.5836410522461,0.38,2.42,3.34,118.45,63.47,275.69,15.6,10.89,25.38
"SA","Kangaroo Island",137.48600769043,-35.574275970459,0.38,2.42,3.53,118.34,63.2,277.15,12.93,9.23,20.42
"SA","Kangaroo Island",137.555801391602,-35.571605682373,0.38,2.41,3.27,126.67,66.8,302.29,19.08,12.94,32.33
"SA","Kangaroo Island",137.586929321289,-35.5594902038574,0.38,2.41,3.53,131.07,68.73,315.35,14.14,9.96,22.75
"SA","Yankalilla",138.115966796875,-35.5587463378906,0.38,1.98,3.09,65.15,37.6,137.36,9.86,7.27,14.93
"SA","Alexandrina",138.684585571289,-35.5412063598633,0.38,2.03,3.78,42.07,26.38,78.36,6.58,5.11,9.26
"SA","Alexandrina",138.741424560547,-35.5217819213867,0.38,2.05,2.77,36.64,23.39,66.66,13.71,9.78,21.63
"NSW","Shoalhaven",150.421203613281,-35.5334854125977,0.38,1.83,2.96,140.23,76.5,312.91,7.23,5.6,10.2
"SA","Yankalilla",138.144882202148,-35.5329360961914,0.38,1.98,3.09,68.42,39.01,147.1,9.71,7.16,14.71
"NSW","Shoalhaven",150.419357299805,-35.5245475769043,0.38,1.83,2.8,139.4,76.07,311.04,8.25,6.26,12
"SA","Yankalilla",138.167190551758,-35.5175514221191,0.38,1.97,3.15,69.97,39.68,151.75,8.85,6.61,13.17
"SA","Yankalilla",138.272125244141,-35.4736175537109,0.38,1.98,2.88,64.33,36.8,138.05,12.49,8.87,19.98
"NSW","Shoalhaven",150.401947021484,-35.463996887207,0.38,1.83,2.88,142.86,77.75,319.82,7.07,5.45,10.08
"SA","Yankalilla",138.296783447266,-35.4467391967773,0.38,1.98,3.06,64.69,36.94,139.18,10.42,7.63,15.96
"NSW","Shoalhaven",150.448516845703,-35.4087524414062,0.38,1.86,3.05,141.71,77.19,316.93,6.52,5.12,9.05
"SA","Yankalilla",138.328460693359,-35.4014854431152,0.38,1.99,3.09,60.76,35.01,129.04,10.12,7.43,15.4
"NSW","Shoalhaven",150.472244262695,-35.379711151123,0.38,1.86,3.09,139.98,76.26,313.17,6.35,5.02,8.71
"SA","Yankalilla",138.377059936523,-35.3707275390625,0.38,1.99,3.06,59.2,34.22,125.25,10.54,7.69,16.21
"NSW","Shoalhaven",150.476806640625,-35.3392028808594,0.38,1.86,2.82,137.9,75.35,307.2,7.7,5.86,11.18
"SA","Yorke Peninsula",136.892074584961,-35.2995147705078,0.38,2.51,3.65,46.96,28.9,89.87,14.91,10.46,24.11
"SA","Yorke Peninsula",136.94612121582,-35.2843360900879,0.38,2.5,3.13,50.53,30.67,98.77,20.47,13.97,34.13
"SA","Onkaparinga",138.437393188477,-35.2955360412598,0.38,2,2.41,54.55,31.91,113.51,19.4,13.11,33.07
"NSW","Shoalhaven",150.514236450195,-35.2721939086914,0.38,1.86,2.48,142.42,77.13,321.7,12.69,9.02,20.26
"SA","Yorke Peninsula",136.833374023438,-35.2586517333984,0.38,2.58,3.18,28.24,18.66,49,18.76,12.88,31.11
"SA","Yorke Peninsula",136.983993530273,-35.2511100769043,0.38,2.49,3.09,56.57,33.82,112.85,19.43,13.33,32.2
"SA","Yorke Peninsula",137.068176269531,-35.2329216003418,0.38,2.48,3.41,58.98,34.95,119.3,14.06,10.09,21.92
"SA","Yorke Peninsula",137.108047485352,-35.2438087463379,0.38,2.48,3.24,62.24,36.54,127.55,16.17,11.39,25.84
"SA","Yorke Peninsula",137.158889770508,-35.2424430847168,0.38,2.46,3.3,71.03,41.08,148.41,16.24,11.39,26.1
"SA","Onkaparinga",138.437713623047,-35.2665901184082,0.38,2,2.4,54.07,31.67,112.33,19.67,13.25,33.68
"NSW","Shoalhaven",150.545104980469,-35.2491569519043,0.38,1.86,2.84,142.18,77.24,319.43,8.58,6.55,12.31
"SA","Yorke Peninsula",136.839752197266,-35.2131881713867,0.38,2.58,3.45,27.67,18.38,47.64,17.83,12.19,29.88
"SA","Yorke Peninsula",137.194564819336,-35.2126617431641,0.38,2.46,3.72,73.73,42.58,154.12,11.19,8.23,16.89
"SA","Onkaparinga",138.463119506836,-35.2146835327148,0.38,2.77,3.22,50.19,29.72,102.65,18.2,12.39,30.73
"NSW","Shoalhaven",150.567932128906,-35.2025871276855,0.38,1.86,2.96,143.64,77.74,324.67,7.46,5.82,10.37
"NSW","Unincorp. Other Territories",150.691772460938,-35.2010726928711,0.38,1.87,2.86,133.21,72.64,298.35,9.34,7.1,13.43
"NSW","Unincorp. Other Territories",150.708023071289,-35.1964263916016,0.38,1.87,3.94,127.9,70.24,283.46,4.15,3.46,5.27
"WASouth","Albany",117.603546142578,-35.1297760009766,0.38,1.56,5.3,161.6,83.45,394.72,3.78,3.17,4.78
"WASouth","Albany",117.638542175293,-35.136344909668,0.38,1.55,4.81,174.83,89.58,431.06,4.85,3.94,6.43
"SA","Yorke Peninsula",136.848587036133,-35.1861114501953,0.38,2.54,3.75,35.66,22.8,64.76,12.62,9.04,19.84
"SA","Yorke Peninsula",137.264556884766,-35.1675338745117,0.38,2.46,3.7,70.65,40.88,147.55,10.99,8.08,16.61
"SA","Yorke Peninsula",137.310241699219,-35.1675987243652,0.38,2.45,3.81,77.92,44.44,166.04,9.98,7.42,14.9
"SA","Yorke Peninsula",137.348373413086,-35.1653175354004,0.38,2.42,3.53,110.4,59.12,258.34,11.89,8.71,18.02
"SA","Yorke Peninsula",137.610473632812,-35.1551742553711,0.38,2.43,3.29,109.06,57.92,259.41,15.39,10.84,24.66
"SA","Yorke Peninsula",137.634674072266,-35.1674423217773,0.38,2.42,3.33,118.42,62.11,286.78,15.34,10.8,24.59
"SA","Yorke Peninsula",137.679443359375,-35.1711044311523,0.38,2.41,3.96,127.92,66.35,314.6,8.88,6.75,12.82
"NSW","Unincorp. Other Territories",150.762313842773,-35.1617126464844,0.38,1.87,3.82,123.72,68.32,272.03,4.07,3.41,5.17
"WASouth","Albany",117.537940979004,-35.0852127075195,0.38,1.56,2.45,147.55,76.82,357.04,20.78,14.04,35.23
"WASouth","Albany",117.644309997559,-35.1269073486328,0.38,1.55,3.52,173.13,88.67,427.51,6.13,4.78,8.66
"WASouth","Albany",117.856033325195,-35.1080741882324,0.38,1.56,2.95,161.42,83.45,393.54,12.87,9.22,20.22
"WASouth","Albany",117.946891784668,-35.1290817260742,0.38,1.55,2.93,185.07,94.64,456.33,14.72,10.46,23.27
"SA","Yorke Peninsula",136.918487548828,-35.1413688659668,0.38,2.54,3.2,37.08,23.54,68.06,16.32,11.35,26.66
"SA","Yorke Peninsula",137.412414550781,-35.1113395690918,0.38,2.43,3.43,106.82,57.32,249.63,12.1,8.84,18.41
"SA","Yorke Peninsula",137.487014770508,-35.1126708984375,0.38,2.43,3.49,99.25,53.6,230.24,12.02,8.78,18.32
"SA","Yorke Peninsula",137.524642944336,-35.1180801391602,0.38,2.43,3.57,103.53,55.53,242.59,11.27,8.3,16.97
"SA","Yorke Peninsula",137.740158081055,-35.1296997070312,0.38,2.42,3.9,118.63,62.4,285.64,8.84,6.73,12.73
"SA","Onkaparinga",138.462600708008,-35.1263885498047,0.38,2.77,3.66,48.94,29.12,99.31,12.91,9.22,20.37
"NSW","Unincorp. Other Territories",150.775543212891,-35.1180725097656,0.38,1.87,3.78,124.2,68.57,273.13,4.11,3.43,5.22
"WASouth","Manjimup",116.499481201172,-35.039623260498,0.38,1.56,2.31,163.72,84.48,400.07,23.91,15.84,41.68
"WASouth","Manjimup",116.626121520996,-35.0582046508789,0.38,1.56,1.91,149.31,77.33,364.5,52.98,31.28,108.56
"WASouth","Manjimup",116.632537841797,-35.0628356933594,0.38,1.56,1.88,161.89,83.21,398.73,62.89,36.29,132.95
"WASouth","Manjimup",116.657424926758,-35.0581321716309,0.38,1.56,1.81,151.78,78.82,368.37,78.1,44.06,169.75
"WASouth","Denmark",116.862083435059,-35.0571975708008,0.38,1.55,2.46,185.65,93.81,467.69,20.84,14.13,35.14
"WASouth","Denmark",116.911567687988,-35.0656433105469,0.38,1.56,2.03,158.08,81.46,388.12,37.97,23.61,72.24
"WASouth","Denmark",116.92749786377,-35.0664024353027,0.38,1.55,2.95,170.66,87.27,422.88,14.74,10.34,23.86
"WASouth","Denmark",117.01692199707,-35.0369186401367,0.38,1.58,2.29,119.7,63.8,281.15,24.59,16.26,42.96
"WASouth","Denmark",117.070243835449,-35.0396041870117,0.38,1.56,2.44,152.44,78.94,371.78,22.14,14.78,38.25
"WASouth","Denmark",117.12614440918,-35.0523452758789,0.38,1.57,2.27,144.88,75.38,351.43,20.18,13.73,33.83
"WASouth","Albany",117.43677520752,-35.0582695007324,0.38,1.57,3.7,141.26,73.86,340.11,6.74,5.25,9.48
"WASouth","Albany",117.478675842285,-35.0829620361328,0.38,1.59,3.98,105,56.91,241.1,5.43,4.35,7.35
"WASouth","Albany",117.654037475586,-35.0811538696289,0.38,1.55,2.46,172.73,88.42,426.87,14.28,9.96,23.45
"WASouth","Albany",117.752479553223,-35.0632133483887,0.38,1.56,3.06,154.24,80.13,373.67,15.84,10.97,26.12
"WASouth","Albany",117.799957275391,-35.0789680480957,0.38,1.56,3.38,154.11,80.15,372.69,10.22,7.56,15.35
"WASouth","Albany",117.998588562012,-35.083553314209,0.38,1.54,1.66,205.18,102.97,520.22,212.21,103.5,565.92
"SA","Yorke Peninsula",136.942672729492,-35.1013793945312,0.38,2.54,3.43,35.58,22.7,64.85,14.32,10.08,23.07
"SA","Yorke Peninsula",137.752334594727,-35.0895500183105,0.38,2.44,3.43,96.44,52.19,223.37,13.16,9.46,20.54
"WASouth","Manjimup",116.492492675781,-35.0378036499023,0.38,1.56,2.38,169.4,86.9,417.59,20.77,14.04,35.2
"WASouth","Denmark",116.80200958252,-35.027214050293,0.38,1.56,2.12,155.72,80.26,382.54,27.14,17.78,47.96
"WASouth","Denmark",117.164962768555,-35.040657043457,0.38,1.55,2.2,174.95,88.88,438.09,36.38,23.03,67.2
"WASouth","Denmark",117.215309143066,-35.0246772766113,0.38,1.6,2.36,95.91,52.71,215.9,23.89,15.77,41.9
"WASouth","Denmark",117.261695861816,-35.0279731750488,0.38,1.57,2.21,131.7,69.38,314.13,26.08,17.15,45.83
"WASouth","Denmark",117.314033508301,-35.0409965515137,0.38,1.57,2.07,138.79,72.88,331.91,27.56,17.95,49.13
"WASouth","Albany",117.37866973877,-35.0329399108887,0.38,1.57,2.17,138.65,72.71,332.42,26.21,17.25,46
"WASouth","Albany",118.054786682129,-35.0434722900391,0.38,1.54,1.95,199.35,100.54,501.82,53.73,31.93,108.67
"WASouth","Albany",118.068359375,-35.0635223388672,0.38,1.55,2.04,195.77,99.14,489.77,51,30.88,100.02
"SA","Yorke Peninsula",136.928436279297,-35.0313949584961,0.38,2.56,3.23,31.08,20.28,54.86,15.5,10.85,25.1
"SA","Marion",138.500640869141,-35.0439109802246,0.38,2.79,3.47,44.39,26.83,88.1,14.6,10.27,23.52
"NSW","Shoalhaven",150.76676940918,-35.0225372314453,0.38,1.86,2.37,135.14,73.52,303.65,20.7,14.15,34.36
"WASouth","Manjimup",116.441963195801,-34.986400604248,0.38,1.57,2.29,137.97,72.04,333.57,23.94,15.82,41.91
"WASouth","Albany",118.160102844238,-34.9965553283691,0.38,1.59,2.8,110.09,60.8,243.59,15.19,10.58,24.86
"WASouth","Albany",118.208679199219,-35.0000228881836,0.38,1.54,1.99,199.64,100.89,500.64,47.18,28.61,92.7
"SA","Lower Eyre Peninsula",135.93977355957,-34.9993171691895,0.38,2.15,2.97,46.79,28.3,92.45,18.75,12.84,31.2
"SA","Lower Eyre Peninsula",136.003768920898,-34.9874534606934,0.38,2.13,2.79,57.59,34.08,116.89,21.3,14.54,35.42
"SA","Yorke Peninsula",136.9482421875,-35.0069999694824,0.38,2.53,3.51,40.14,25.24,74.62,12.95,9.26,20.37
"SA","Holdfast Bay",138.505004882812,-34.9957733154297,0.38,2.79,3.53,41.72,25.44,81.78,13.37,9.53,21.12
"NSW","Shoalhaven",150.793502807617,-34.9941062927246,0.38,1.79,2.68,127.77,70.35,281.98,11.57,8.24,18.5
"WASouth","Manjimup",116.376663208008,-34.9477043151855,0.38,1.57,2.36,130.71,68.8,312.4,20.17,13.63,34.27
"WASouth","Albany",118.245780944824,-34.9216423034668,0.38,1.55,1.95,196.07,99.43,489.23,54.85,32.93,108.79
"WASouth","Albany",118.293395996094,-34.9157218933105,0.38,1.55,2.09,191.9,97.4,478.69,46.58,28.09,92.54
"WASouth","Albany",118.388008117676,-34.9172668457031,0.38,1.55,3.08,195.08,98.93,486.83,17.67,12.07,29.69
"WASouth","Albany",118.43773651123,-34.9264717102051,0.38,1.55,3.41,176.78,90.62,435.26,11.14,8.12,17.08
"SA","Lower Eyre Peninsula",135.62873840332,-34.9475173950195,0.38,2.12,3.13,66.6,38.52,139.66,25.05,16.49,44.08
"SA","Lower Eyre Peninsula",135.686218261719,-34.951774597168,0.38,2.11,2.78,69.79,40.09,147.81,23.26,15.77,38.94
"SA","Lower Eyre Peninsula",135.875335693359,-34.9482650756836,0.38,2.15,2.68,48.19,29.08,95.39,24.85,16.62,42.49
"SA","Lower Eyre Peninsula",136.05680847168,-34.9548683166504,0.38,2.11,2.9,74.45,42.89,156.23,18.06,12.59,29.19
"SA","Yorke Peninsula",136.970291137695,-34.9538307189941,0.38,2.52,3.48,41.43,25.97,77.29,12.36,8.89,19.31
"SA","Yorke Peninsula",137.790176391602,-34.9498023986816,0.38,2.44,3.07,88.62,48.44,202.57,17.88,12.38,29.28
"SA","Charles Sturt",138.493499755859,-34.9453239440918,0.38,2.8,3.25,40.48,24.82,78.68,17.92,12.29,29.85
"NSW","Shoalhaven",150.779983520508,-34.9549674987793,0.38,1.78,2.91,134.24,73.38,299.22,7.32,5.6,10.58
"WASouth","Manjimup",116.278388977051,-34.8926849365234,0.38,1.58,2.51,125.34,66.01,300.11,14.65,10.33,23.5
"WASouth","Manjimup",116.313697814941,-34.9120445251465,0.38,1.58,2.08,122.08,64.43,291.58,29.98,19.2,54.82
"WASouth","Albany",118.473320007324,-34.9040679931641,0.38,1.54,2.25,214.25,107.85,538.86,25.36,16.75,44.3
"SA","Lower Eyre Peninsula",135.60270690918,-34.892707824707,0.38,2.19,4.49,34.55,21.73,64.73,5.86,4.65,8.03
"SA","Lower Eyre Peninsula",135.708190917969,-34.9039306640625,0.38,2.15,2.43,48.33,29.19,95.55,44.11,27.52,82.69
"SA","Lower Eyre Peninsula",135.813537597656,-34.8753776550293,0.38,2.15,2.61,47.63,28.72,94.52,25.36,17.01,43.14
"SA","Lower Eyre Peninsula",135.850769042969,-34.9092292785645,0.38,2.15,2.69,47.25,28.54,93.53,20.65,14.16,34.13
"SA","Lower Eyre Peninsula",136.040588378906,-34.9115982055664,0.38,2.09,2.58,89.5,50.81,190.78,31.41,20.74,54.28
"SA","Yorke Peninsula",137.007171630859,-34.9160041809082,0.38,2.52,3.35,41.34,25.89,77.25,12.64,9.05,19.87
"SA","Yorke Peninsula",137.434066772461,-34.916015625,0.38,2.62,3.15,21.85,14.54,37.97,10.27,7.56,15.55
"SA","Yorke Peninsula",137.805541992188,-34.9134864807129,0.38,2.44,3.06,86.99,47.74,197.6,17.77,12.33,29
"SA","Charles Sturt",138.486358642578,-34.9103393554688,0.38,2.8,3.26,39.01,24.04,75.3,16.95,11.72,27.89
"NSW","Shoalhaven",150.770278930664,-34.9090614318848,0.38,1.78,2.79,137.83,75.05,308.92,7.98,6.04,11.69
"WASouth","Manjimup",116.05086517334,-34.8465347290039,0.38,1.56,2.3,147.65,76.13,363.73,22.34,14.85,38.86
"WASouth","Manjimup",116.111457824707,-34.850944519043,0.38,1.57,2.17,138.8,72.24,337.44,28.19,18.26,50.69
"WASouth","Manjimup",116.154434204102,-34.8547859191895,0.38,1.57,2.36,138.81,72.3,336.91,21.42,14.38,36.69
"WASouth","Manjimup",116.210372924805,-34.8674583435059,0.38,1.59,2.47,109.78,58.78,257.1,14.64,10.31,23.54
"WASouth","Albany",118.456573486328,-34.9003067016602,0.38,1.54,2.16,223.81,112.13,566.22,40.82,25.9,74.62
"SA","Lower Eyre Peninsula",135.545608520508,-34.8329162597656,0.38,2.2,4.47,31.96,20.31,59.03,6.18,4.85,8.59
"SA","Yorke Peninsula",137.037017822266,-34.8975028991699,0.38,2.52,2.97,41.18,25.79,76.92,16.26,11.4,26.2
"SA","Yorke Peninsula",137.119888305664,-34.9118118286133,0.38,2.54,3.34,36.86,23.27,68.32,11.06,8.08,16.92
"SA","Yorke Peninsula",137.17822265625,-34.8988838195801,0.38,2.56,3.59,32.39,20.71,59.18,8.57,6.48,12.54
"SA","Yorke Peninsula",137.205261230469,-34.896785736084,0.38,2.56,3.61,31.58,20.23,57.56,8.41,6.36,12.29
"SA","Yorke Peninsula",137.259643554688,-34.8906936645508,0.38,2.57,3.37,29.24,18.85,52.93,9.23,6.9,13.7
"SA","Yorke Peninsula",137.289123535156,-34.893238067627,0.38,2.58,3.38,27.96,18.1,50.37,9.02,6.76,13.33
"SA","Yorke Peninsula",137.451095581055,-34.8677635192871,0.38,2.62,3.13,21.83,14.54,37.89,10.4,7.64,15.8
"SA","Yorke Peninsula",137.813827514648,-34.8672142028809,0.38,2.45,3,84.15,46.44,189.61,19.86,13.55,33.18
"NSW","Shoalhaven",150.753067016602,-34.8636322021484,0.38,1.78,2.42,140.44,76.25,316.09,14.4,10.04,23.6
"WASouth","Manjimup",115.992393493652,-34.8286247253418,0.38,1.63,2.28,121.94,64.66,288.76,26.95,17.35,49.15
"WASouth","Albany",118.413291931152,-34.8083572387695,0.38,1.53,2.11,240.87,119.5,617.65,28.85,18.2,54.41
"SA","Lower Eyre Peninsula",135.501922607422,-34.7913246154785,0.38,2.21,4.11,30.81,19.68,56.54,8.87,6.6,13.32
"SA","Lower Eyre Peninsula",136.003540039062,-34.8275985717773,0.38,2.09,2.35,91.37,51.79,195.09,56.52,33.75,112.99
"SA","Yorke Peninsula",137.45246887207,-34.8243675231934,0.38,2.61,3.64,22.75,15.09,39.71,7.81,5.94,11.33
"SA","Yorke Peninsula",137.853607177734,-34.7996711730957,0.38,2.46,3.01,75.7,42.46,166.68,19.21,13.16,31.95
"SA","Port Adelaide Enfield",138.478958129883,-34.8245964050293,0.38,2.81,3.24,37.1,23.03,70.91,17.63,12.14,29.18
"NSW","Shoalhaven",150.768356323242,-34.8201484680176,0.38,1.78,2.48,144.77,78.24,327.89,11.97,8.6,18.78
"WASouth","Manjimup",115.960182189941,-34.7667274475098,0.38,1.63,3.1,128.4,67.27,309.89,8.84,6.67,12.92
"WASouth","Albany",118.439796447754,-34.7701377868652,0.38,1.53,1.9,233.92,116.54,596.31,54.78,32.64,110.12
"SA","Lower Eyre Peninsula",135.476257324219,-34.7575340270996,0.38,2.22,3.52,28.72,18.5,52.11,11.25,8.09,17.69
"SA","Lower Eyre Peninsula",136.013534545898,-34.7910461425781,0.38,2.08,2.47,101.45,56.8,220.15,40.97,25.62,76.83
"SA","Yorke Peninsula",137.45524597168,-34.7916793823242,0.38,2.61,3.64,22.79,15.11,39.8,7.73,5.88,11.21
"SA","Yorke Peninsula",137.865936279297,-34.7779502868652,0.38,2.46,3.02,73.53,41.41,160.91,19.13,13.09,31.89
"NSW","Kiama",150.826202392578,-34.774356842041,0.38,1.78,2.66,144.35,77.98,327.26,9.5,7.08,14.14
"WASouth","Manjimup",115.928855895996,-34.7108383178711,0.38,1.64,3.05,111.2,59.06,264.22,9.86,7.26,14.95
"WASouth","Albany",118.513496398926,-34.7271842956543,0.38,1.54,1.97,220.29,110.6,555.78,48.52,29.15,96.86
"WASouth","Albany",118.577919006348,-34.7082405090332,0.38,1.54,1.98,206.22,104.31,515.29,48.89,29.5,96.73
"WASouth","Albany",118.641914367676,-34.6965713500977,0.38,1.55,1.97,188.32,96.27,464.16,45.53,28.15,86.58
"SA","Lower Eyre Peninsula",135.335220336914,-34.7054634094238,0.38,2.18,3.36,39.38,24.39,75.34,12.33,8.85,19.35
"SA","Lower Eyre Peninsula",135.439056396484,-34.7274475097656,0.38,2.2,3.43,32.24,20.45,59.76,13.44,9.44,21.83
"SA","Port Lincoln",135.892684936523,-34.7439880371094,0.38,2.05,2.24,148.36,79.22,342.83,77.77,44.08,167.62
"SA","Lower Eyre Peninsula",135.999130249023,-34.7331199645996,0.38,2.07,2.43,117,64.32,260.18,42.68,26.64,80.1
"SA","Yorke Peninsula",137.474060058594,-34.7379150390625,0.38,2.62,3.65,21.72,14.49,37.62,7.66,5.83,11.1
"SA","Yorke Peninsula",137.876220703125,-34.7336845397949,0.38,2.47,3.03,67.63,38.61,145.19,19.09,13.06,31.85
"SA","Port Adelaide Enfield",138.491088867188,-34.7511978149414,0.38,2.75,3.04,33.06,20.84,61.9,19.58,13.28,33.14
"NSW","Kiama",150.849090576172,-34.726978302002,0.38,1.78,3.29,143.2,77.45,324.15,4.89,3.99,6.44
"WASouth","Manjimup",115.905700683594,-34.6893005371094,0.38,1.64,3.12,107.38,57.23,254.04,8.61,6.49,12.62
"WASouth","Albany",118.657928466797,-34.6917991638184,0.38,1.54,2.39,200.56,101.98,497.26,29.56,18.99,53.78
"SA","Lower Eyre Peninsula",135.325469970703,-34.6993713378906,0.38,2.23,3.46,26.73,17.39,47.84,10.83,7.84,16.87
"SA","Yorke Peninsula",137.485076904297,-34.6953315734863,0.38,2.62,3.65,21.51,14.38,37.15,7.64,5.82,11.08
"SA","Yorke Peninsula",137.889953613281,-34.6969833374023,0.38,2.48,2.98,62.99,36.37,132.99,20.45,13.85,34.58
"SA","Playford",138.471588134766,-34.7015037536621,0.38,2.74,3.62,33.66,21.21,62.97,11,8.06,16.73
"NSW","Kiama",150.860687255859,-34.6920127868652,0.38,1.88,3.91,146.14,78.81,332.07,3.71,3.14,4.66
"WASouth","Manjimup",115.858764648438,-34.6483764648438,0.38,1.63,2.55,114.29,60.64,271.5,14.89,10.52,23.8
"WASouth","Albany",118.732460021973,-34.6475105285645,0.38,1.55,3.21,180.76,93.11,440.53,8.32,6.25,12.31
"SA","Lower Eyre Peninsula",135.326873779297,-34.6681861877441,0.38,2.24,3.25,25.47,16.66,45.25,10.81,7.85,16.76
"SA","Lower Eyre Peninsula",135.921951293945,-34.6428375244141,0.38,2.05,2.44,142.94,76.14,332.5,53.06,31.63,106.83
"SA","Yorke Peninsula",137.49104309082,-34.6620597839355,0.38,2.62,3.33,22.01,14.66,38.15,8.87,6.64,13.15
"SA","Yorke Peninsula",137.904342651367,-34.6358642578125,0.38,2.49,2.93,56.39,33.12,116.22,22.88,15.23,39.66
"SA","Adelaide Plains",138.42643737793,-34.6480331420898,0.38,2.74,3.55,34.12,21.44,64.11,11.69,8.5,17.99
"WASouth","Manjimup",115.80005645752,-34.5957412719727,0.38,1.64,2.42,112.54,60.06,264.76,18.61,12.71,31.16
"WASouth","Albany",118.748977661133,-34.5954666137695,0.38,1.55,2.17,189.79,97.35,464.76,23.5,15.42,41.71
"SA","Lower Eyre Peninsula",135.316162109375,-34.6103324890137,0.38,2.3,3.07,18.05,12.36,30.18,12.1,8.59,19.4
"SA","Lower Eyre Peninsula",135.936264038086,-34.6104278564453,0.38,2.06,2.45,137.99,73.68,320.23,52.43,31.52,104
"SA","Yorke Peninsula",137.500183105469,-34.6044120788574,0.38,2.63,3.34,20.91,14.05,35.86,8.61,6.47,12.7
"SA","Yorke Peninsula",137.912384033203,-34.618537902832,0.38,2.49,2.92,54.97,32.42,112.61,23.3,15.44,40.66
"SA","Adelaide Plains",138.403396606445,-34.6134872436523,0.38,2.74,3.55,33.85,21.32,63.32,11.96,8.67,18.49
"NSW","Shellharbour",150.893783569336,-34.6025238037109,0.38,1.87,2.64,152.9,81.94,350.46,10.92,8.08,16.33
"WASouth","Manjimup",115.731224060059,-34.5361518859863,0.38,1.64,2.43,113.37,60.06,270.27,17.49,12.02,29.08
"WASouth","Manjimup",115.753326416016,-34.553165435791,0.38,1.64,2.48,104.27,55.8,245.34,15.44,10.8,25.07
"WASouth","Albany",118.747589111328,-34.5683937072754,0.38,1.55,2.14,177.89,92.11,429.9,26.15,16.92,47.36
"WASouth","Jerramungup",119.227691650391,-34.534309387207,0.38,1.56,2.44,156.5,82.17,371.64,18.44,12.71,30.39
"WASouth","Jerramungup",119.256904602051,-34.5356292724609,0.38,1.56,2.29,169.73,88.92,402.74,32.96,20.97,60.69
"SA","Unincorporated SA",135.946823120117,-34.5628547668457,0.38,2.05,2.49,139.89,74.32,327.31,44.33,27.19,85.62
"SA","Yorke Peninsula",137.492401123047,-34.5622596740723,0.38,2.63,3.34,20.86,14.04,35.65,8.63,6.48,12.72
"SA","Yorke Peninsula",137.893447875977,-34.5577239990234,0.38,2.49,2.89,56.07,32.97,115.38,24.63,16.16,43.6
"SA","Adelaide Plains",138.351638793945,-34.5736656188965,0.38,2.74,3.5,33.56,21.17,62.7,12.75,9.15,19.96
"WASouth","Manjimup",115.672386169434,-34.4941368103027,0.38,1.64,2.63,112.35,59.9,264.84,14.66,10.31,23.61
"WASouth","Albany",118.791877746582,-34.5268898010254,0.38,1.56,2.33,167.89,87.62,401.39,20.04,13.43,34.6
"WASouth","Albany",118.840110778809,-34.5116996765137,0.38,1.56,3.32,159.6,83.76,378.86,7.55,5.74,10.99
"WASouth","Albany",118.897109985352,-34.504997253418,0.38,1.56,2.71,156,82.02,369.61,16.56,11.39,27.58
"WASouth","Jerramungup",119.158416748047,-34.4976654052734,0.38,1.57,2.47,139.02,73.93,324.82,18.02,12.42,29.78
"WASouth","Jerramungup",119.285186767578,-34.5118827819824,0.38,1.56,2.47,164.85,86.11,393.92,20.46,13.83,34.71
"SA","Lower Eyre Peninsula",135.998809814453,-34.5188331604004,0.38,2.06,2.49,130.14,69.37,304,39.02,24.35,73.63
"SA","Tumby Bay",136.073135375977,-34.512020111084,0.38,2.07,2.34,114.7,61.86,264.33,39.85,24.9,74.95
"SA","Tumby Bay",136.107116699219,-34.5229568481445,0.38,2.07,2.68,112.45,61.34,254.14,30.3,19.61,54.32
"SA","Unincorporated SA",137.380996704102,-34.5214958190918,0.38,2.58,3.74,26.93,17.57,47.94,7.47,5.73,10.73
"SA","Yorke Peninsula",137.895538330078,-34.509952545166,0.38,2.49,2.89,56.41,33.13,116.29,23.8,15.7,41.84
"SA","Adelaide Plains",138.315139770508,-34.5217552185059,0.38,2.75,3.46,32.53,20.61,60.35,13.33,9.51,21.04
"WASouth","Nannup",115.607223510742,-34.447395324707,0.38,1.63,2.24,114.82,61.18,270.56,25.57,16.64,45.89
"WASouth","Jerramungup",118.949409484863,-34.4593963623047,0.38,1.56,2.52,147.01,77.88,344.74,18.8,12.82,31.54
"WASouth","Jerramungup",119.00870513916,-34.4599838256836,0.38,1.57,2.85,140.64,74.84,328.02,13.46,9.52,21.59
"WASouth","Jerramungup",119.048156738281,-34.4653663635254,0.38,1.57,2.96,143.77,76.24,336.95,13.53,9.57,21.68
"WASouth","Jerramungup",119.108016967773,-34.4735145568848,0.38,1.58,2.43,124.34,67.21,283.97,20.94,14,36.2
"WASouth","Jerramungup",119.282707214355,-34.4768371582031,0.38,1.56,1.89,164.1,85.78,391.73,55.74,32.85,114.22
"WASouth","Jerramungup",119.363868713379,-34.4838829040527,0.38,1.56,2.5,159.54,83.58,379.9,19.49,13.24,32.87
"SA","Lower Eyre Peninsula",135.302597045898,-34.5082473754883,0.38,2.34,3.32,15.21,10.69,24.47,5.14,4.15,6.88
"SA","Tumby Bay",136.126312255859,-34.4671478271484,0.38,2.08,2.84,102.16,56.11,229.34,16.74,11.73,26.95
"SA","Yorke Peninsula",137.419784545898,-34.4762954711914,0.38,2.46,3.55,24.24,16,42.51,7.28,5.6,10.4
"SA","Yorke Peninsula",137.918411254883,-34.4620323181152,0.38,2.68,3.13,55.64,32.72,114.47,21.34,14.28,36.81
"SA","Adelaide Plains",138.260284423828,-34.4787826538086,0.38,2.73,3.45,36.41,22.67,69.29,13.82,9.82,21.96
"WASouth","Nannup",115.485870361328,-34.3908157348633,0.38,1.62,2.23,132.86,69.47,321.11,29.87,19.05,55.03
"WASouth","Nannup",115.538330078125,-34.4236183166504,0.38,1.63,2.18,125.03,65.78,299.92,28.44,18.19,52.37
"WASouth","Jerramungup",119.406532287598,-34.4336967468262,0.38,1.56,1.68,167.31,87.45,398.97,176.99,89.57,446.05
"SA","Lower Eyre Peninsula",135.355972290039,-34.4217758178711,0.38,2.34,3.58,15.28,10.69,24.83,4.96,3.99,6.68
"SA","Tumby Bay",136.143707275391,-34.4139289855957,0.38,2.08,2.35,100.26,54.96,226.09,45.42,27.54,89.49
"SA","Yorke Peninsula",137.425506591797,-34.4361991882324,0.38,2.45,3.57,25.91,16.86,46.45,6.85,5.32,9.65
"SA","Yorke Peninsula",137.946380615234,-34.4078636169434,0.38,2.35,2.8,52.24,31,106.1,20.76,13.93,35.7
"SA","Adelaide Plains",138.249923706055,-34.4341163635254,0.38,2.73,3.23,36.82,22.88,70.24,14.82,10.44,23.8
"NSW","Wollongong",150.911224365234,-34.4259948730469,0.38,1.87,3.12,165.59,87.93,384.17,6.39,5,8.89
"WASouth","Nannup",115.451011657715,-34.36767578125,0.38,1.62,2.44,133.17,69.5,322.94,19.32,13.15,32.5
"WASouth","Jerramungup",119.408996582031,-34.3939018249512,0.38,1.55,2.52,173.14,90.16,414.83,10.23,7.46,15.79
"WASouth","Jerramungup",119.474838256836,-34.3979911804199,0.38,1.56,2.14,158.58,83.38,375.26,36.64,22.96,68.89
"SA","Lower Eyre Peninsula",135.348175048828,-34.3730888366699,0.38,2.32,3.6,16.97,11.71,28.04,5.47,4.33,7.53
"SA","Tumby Bay",136.145538330078,-34.4058647155762,0.38,2.08,2.34,98.89,54.3,222.62,47.73,28.74,94.98
"SA","Yorke Peninsula",137.440673828125,-34.3979988098145,0.38,2.45,3.52,26.51,17.2,47.69,7.05,5.46,10
"SA","Yorke Peninsula",137.983108520508,-34.3797225952148,0.38,2.36,2.8,51.56,30.61,104.79,21.17,14.15,36.58
"SA","Adelaide Plains",138.239547729492,-34.3977470397949,0.38,2.74,3.23,35.77,22.36,67.64,15.04,10.58,24.21
"NSW","Wollongong",150.927154541016,-34.380241394043,0.38,1.87,2.61,167.82,88.88,390.86,12.1,8.74,18.77
"WASouth","Augusta Margaret River",115.114120483398,-34.3457527160645,0.38,1.63,2.41,116.44,62.08,273.83,23.61,15.54,41.67
"WASouth","Augusta Margaret River",115.169120788574,-34.3554878234863,0.38,1.59,2.19,234.87,114.9,618.8,65.99,37.45,143.44
"WASouth","Augusta Margaret River",115.178131103516,-34.3455810546875,0.38,1.59,2.08,227.05,111.08,599.45,65.12,37.17,140.16
"WASouth","Augusta Margaret River",115.252731323242,-34.3154830932617,0.38,1.6,2.05,192.83,95.57,502.37,47.09,28.24,94.51
"WASouth","Augusta Margaret River",115.323333740234,-34.3184242248535,0.38,1.61,2.15,171.97,86.62,438.06,32.62,20.66,60.56
"WASouth","Nannup",115.369979858398,-34.3293151855469,0.38,1.61,2.15,155.65,79.39,389.79,31.81,20.21,58.85
"WASouth","Jerramungup",119.521812438965,-34.3588638305664,0.38,1.55,1.99,177.89,92.82,424.02,75.85,42.58,166.73
"SA","Lower Eyre Peninsula",135.353698730469,-34.3556213378906,0.38,2.32,3.67,16.52,11.44,27.21,5.41,4.29,7.44
"SA","Tumby Bay",136.194808959961,-34.336181640625,0.38,2.09,2.64,86.91,48.31,192.8,36.98,23.01,70.42
"SA","Yorke Peninsula",137.474868774414,-34.3563575744629,0.38,2.47,3.55,23.48,15.47,41.41,6.74,5.25,9.47
"SA","Yorke Peninsula",138.00910949707,-34.3484191894531,0.38,2.37,2.8,47.42,28.56,94.34,21.25,14.2,36.74
"SA","Adelaide Plains",138.221740722656,-34.3510093688965,0.38,2.73,3.22,35.97,22.47,68.13,16,11.15,26.1
"NSW","Wollongong",150.933074951172,-34.3690643310547,0.38,1.87,2.55,165.21,87.91,381.9,14.58,10.26,23.48
"WASouth","Augusta Margaret River",115.064079284668,-34.2983169555664,0.38,1.64,2.69,109.77,58.53,259.06,16.2,11.25,26.51
"WASouth","Jerramungup",119.510375976562,-34.2989196777344,0.38,1.55,2.38,184.24,95.67,442.06,21.02,13.89,37.13
"SA","Lower Eyre Peninsula",135.345321655273,-34.3000869750977,0.38,2.31,3.96,17.32,11.91,28.79,5.13,4.11,6.96
"SA","Tumby Bay",136.242691040039,-34.2956275939941,0.38,2.1,2.63,82.67,46.21,182.14,35.08,22,66
"SA","Yorke Peninsula",137.495086669922,-34.3133583068848,0.38,2.46,3.79,24.07,15.8,42.66,5.88,4.67,8.03
"SA","Yorke Peninsula",138.025238037109,-34.3000411987305,0.38,2.37,2.8,44.92,27.3,88.2,21.99,14.65,38.16
"SA","Wakefield",138.20783996582,-34.3054428100586,0.38,2.74,3.21,33.47,21.2,62.09,16.73,11.57,27.56
"NSW","Wollongong",150.955596923828,-34.2879600524902,0.38,1.86,2.96,175.29,92.32,411.34,7.79,5.99,11.09
"WASouth","Ravensthorpe",119.522560119629,-34.2559394836426,0.38,1.55,1.88,182.9,95,438.8,81.6,45.59,180.1
"SA","Lower Eyre Peninsula",135.336288452148,-34.2558555603027,0.38,2.3,3.61,18.17,12.42,30.45,6.07,4.75,8.49
"SA","Tumby Bay",136.272445678711,-34.2473526000977,0.38,2.1,2.7,83.56,46.59,184.8,24.18,16.03,42.09
"SA","Yorke Peninsula",137.493392944336,-34.2675590515137,0.38,2.46,3.78,25.12,16.39,44.9,5.99,4.75,8.2
"SA","Yorke Peninsula",138.024490356445,-34.2730674743652,0.38,2.39,2.79,39.39,24.42,75.2,22.85,15.11,40.12
"NSW","Wollongong",151.004867553711,-34.2265319824219,0.38,1.88,3.34,180.97,94.93,426.92,6.24,4.92,8.6
"WASouth","Augusta Margaret River",115.019226074219,-34.2258415222168,0.38,1.66,4.05,84.69,46.65,191.46,4.63,3.78,6.09
"WASouth","Ravensthorpe",119.571472167969,-34.1985282897949,0.38,1.55,2.16,179.01,93,429.88,31.16,19.72,58.1
"SA","Lower Eyre Peninsula",135.308288574219,-34.2018508911133,0.38,2.31,3.36,17.23,11.83,28.72,7.35,5.63,10.6
"SA","Tumby Bay",136.297836303711,-34.2082405090332,0.38,2.1,2.91,82.6,46.09,182.59,14.07,9.97,22.42
"SA","Yorke Peninsula",137.487152099609,-34.211742401123,0.38,2.46,3.5,24.41,15.99,43.37,7.05,5.47,9.92
"SA","Yorke Peninsula",138.039840698242,-34.2096405029297,0.38,2.42,2.8,32.21,20.62,58.71,23.72,15.53,42.26
"SA","Wakefield",138.137710571289,-34.197338104248,0.38,2.43,2.84,29.51,19.11,52.98,21.08,14.05,36.64
"SA","Wakefield",138.154418945312,-34.217830657959,0.38,2.44,2.86,27.93,18.24,49.51,19.67,13.28,33.57
"NSW","Wollongong",151.033432006836,-34.201286315918,0.38,1.88,2.96,185.1,96.81,438.42,8.53,6.49,12.31
"WASouth","Augusta Margaret River",115.017852783203,-34.1611366271973,0.38,1.65,3.53,98.16,53.29,225.73,5.7,4.54,7.76
"WASouth","Ravensthorpe",119.584747314453,-34.1779365539551,0.38,1.55,2.33,177.27,92.1,425.88,20.6,13.68,36.15
"SA","Lower Eyre Peninsula",135.263961791992,-34.1757392883301,0.38,2.34,3.74,15.33,10.66,25.15,5.68,4.49,7.83
"SA","Tumby Bay",136.332229614258,-34.1622657775879,0.38,2.1,2.81,81.22,45.41,179.03,18.9,12.88,31.73
"SA","Yorke Peninsula",137.466354370117,-34.1796340942383,0.38,2.45,3.5,25.26,16.48,45.15,7.13,5.53,10.05
"NSW","Sutherland",151.091796875,-34.1674118041992,0.38,1.88,3.17,183.74,96.16,434.86,7.28,5.64,10.27
"WASouth","Augusta Margaret River",114.989479064941,-34.1106071472168,0.38,1.63,2.99,125.47,68.6,280.67,8.47,6.43,12.28
"WASouth","Ravensthorpe",119.627433776855,-34.1215400695801,0.38,1.55,2.09,172.67,89.83,414.45,29.76,19.05,54.5
"SA","Lower Eyre Peninsula",135.259216308594,-34.1289978027344,0.38,2.29,3.49,19.66,13.28,33.49,6.28,4.89,8.88
"SA","Tumby Bay",136.357025146484,-34.1231880187988,0.38,2.1,2.36,79.16,44.43,173.52,38.85,24.15,73.84
"SA","Yorke Peninsula",137.476531982422,-34.1326103210449,0.38,2.49,3.33,20.89,13.94,36.23,6.81,5.34,9.43
"NSW","Sutherland",151.151580810547,-34.1166496276855,0.38,1.88,3.06,189.51,98.77,451.06,7.97,6.12,11.37
"WASouth","Augusta Margaret River",114.983840942383,-34.0987014770508,0.38,1.66,2.97,88.78,50.71,187.23,9.48,7.05,14.16
"WASouth","Ravensthorpe",119.679878234863,-34.0835838317871,0.38,1.55,2.09,173.18,89.94,416.92,37.18,22.91,72.08
"WASouth","Ravensthorpe",119.736351013184,-34.0652923583984,0.38,1.56,2.12,166.05,86.32,400.08,29.26,18.69,53.84
"SA","Lower Eyre Peninsula",135.268127441406,-34.0861625671387,0.38,2.29,3.92,19.32,13.07,32.87,5.27,4.2,7.2
"SA","Tumby Bay",136.383270263672,-34.0608139038086,0.38,2.11,2.67,73.78,41.83,159.45,28.93,18.59,52.72
"SA","Yorke Peninsula",137.464599609375,-34.1275482177734,0.38,2.48,3.32,21.6,14.35,37.71,6.93,5.42,9.63
"NSW","Sutherland",151.175872802734,-34.086238861084,0.38,1.88,3.8,191.42,99.56,457.04,4.93,4,6.54
"WASouth","Augusta Margaret River",114.994148254395,-34.0478363037109,0.38,1.68,3.13,66.99,38.08,144.99,7.33,5.62,10.53
"WASouth","Ravensthorpe",119.777717590332,-34.0355567932129,0.38,1.63,2.75,163.73,85.09,394.93,13.52,9.44,22.23
"WASouth","Esperance",122.129608154297,-34.036491394043,0.38,1.69,2.95,72,40.78,156.21,13.29,9.41,21.27
"WASouth","Esperance",122.158882141113,-34.0404090881348,0.38,1.68,2.88,88.03,48.76,196.4,15.54,10.73,25.77
"WASouth","Esperance",122.19255065918,-34.019962310791,0.38,1.68,3.29,81.36,45.48,179.44,13.13,9.22,21.35
"WASouth","Esperance",123.199317932129,-34.0090293884277,0.38,1.68,2.6,88.63,48.88,199.3,21.43,14.23,37.49
"WASouth","Esperance",123.259063720703,-34.0275497436523,0.38,1.66,2.73,103.87,56.38,238.04,22.49,14.86,39.6
"SA","Lower Eyre Peninsula",135.266265869141,-34.0398864746094,0.38,2.28,3.92,19.98,13.45,34.23,5.44,4.33,7.45
"SA","Tumby Bay",136.467895507812,-34.0074310302734,0.38,2.12,2.7,66.05,38.05,139.6,27.78,17.83,50.89
"SA","Copper Coast",137.5546875,-34.0558128356934,0.38,2.52,2.85,18.04,12.26,30.55,10.85,7.93,16.59
"NSW","Sutherland",151.212707519531,-34.0421981811523,0.38,1.88,3.09,184.44,96.09,439.93,7.8,5.99,11.13
"WASouth","Augusta Margaret River",114.982078552246,-33.9913940429688,0.38,1.68,3.66,70.26,41.5,141.45,5.46,4.37,7.39
"WASouth","Ravensthorpe",119.835670471191,-33.984977722168,0.38,1.63,2.56,159.07,82.66,384.49,18.82,12.52,33.09
"WASouth","Ravensthorpe",119.896675109863,-33.9748725891113,0.38,1.63,2.57,156.08,81.16,377.26,17.9,11.97,31.28
"WASouth","Ravensthorpe",119.948829650879,-33.9792556762695,0.38,1.63,2.19,152.42,79.26,368.88,31.73,20.2,58.51
"WASouth","Ravensthorpe",120.384895324707,-33.9631729125977,0.38,1.65,3.24,124.2,65.38,297.75,9.01,6.68,13.61
"WASouth","Ravensthorpe",120.430442810059,-33.9766540527344,0.38,1.64,2.64,144.36,74.49,355.59,14.58,10.26,23.48
"WASouth","Esperance",122.088882446289,-33.9997787475586,0.38,1.71,2.47,64.3,36.88,137.31,16.91,11.59,28.32
"WASouth","Esperance",122.26456451416,-34.0004653930664,0.38,1.68,2.24,80.32,45,176.52,23.53,15.59,41.07
"WASouth","Esperance",123.162498474121,-33.998233795166,0.38,1.72,2.94,56.98,33.25,118.76,11.69,8.48,18.07
"WASouth","Esperance",123.292617797852,-33.9784812927246,0.38,1.66,2.13,102.46,55.47,236.16,49.62,29.79,99.03
"SA","Lower Eyre Peninsula",135.241180419922,-33.9765129089355,0.38,2.28,4.34,20,13.44,34.36,4.7,3.83,6.21
"SA","Cleve",136.513595581055,-33.9877281188965,0.38,2.12,2.7,66.06,37.97,140.21,25.14,16.36,45.11
"SA","Copper Coast",137.526107788086,-33.9984512329102,0.38,2.51,3.35,18.83,12.72,32.16,6.48,5.12,8.88
"WASouth","Augusta Margaret River",114.978302001953,-33.9600410461426,0.38,1.73,3.91,44.42,26.98,87.36,4.69,3.82,6.2
"WASouth","Ravensthorpe",119.990600585938,-33.9527015686035,0.38,1.63,2.17,151.41,78.61,367.71,32.68,20.73,60.5
"WASouth","Ravensthorpe",120.067375183105,-33.9367523193359,0.38,1.66,2.8,112.85,60.52,263.09,12.25,8.64,19.89
"WASouth","Ravensthorpe",120.110610961914,-33.9537506103516,0.38,1.66,2.86,107.06,57.76,247.66,13.51,9.4,22.36
"WASouth","Ravensthorpe",120.155662536621,-33.949275970459,0.38,1.63,3.15,150.66,77.46,372.56,10.93,7.83,17.37
"WASouth","Ravensthorpe",120.205429077148,-33.9425849914551,0.38,1.65,3.43,129.26,67.82,310.93,8.06,6.03,12.06
"WASouth","Ravensthorpe",120.269660949707,-33.9437828063965,0.38,1.65,2.85,130.03,68.09,313.88,12.17,8.7,19.28
"WASouth","Ravensthorpe",120.316528320312,-33.9492568969727,0.38,1.65,2.9,122.97,64.8,294.47,12.96,9.12,21.04
"WASouth","Ravensthorpe",120.475532531738,-33.958179473877,0.38,1.66,3.26,112.46,60.52,260.45,9.26,6.8,14.17
"WASouth","Esperance",122.307563781738,-33.9434776306152,0.38,1.67,2.41,90.34,49.87,202.5,21.24,13.95,37.9
"WASouth","Esperance",122.350654602051,-33.9339904785156,0.38,1.68,2.59,86.65,48.07,192.97,16.96,11.55,28.74
"WASouth","Esperance",122.439010620117,-33.9241828918457,0.38,1.69,2.79,76.57,43.05,167.68,18.52,12.43,32.03
"WASouth","Esperance",122.489768981934,-33.9406089782715,0.38,1.71,2.28,64.8,37.42,136.55,27.68,17.65,51.34
"WASouth","Esperance",122.522109985352,-33.9573936462402,0.38,1.68,2.18,85.5,47.51,190.01,34.64,21.63,65.78
"WASouth","Esperance",122.577781677246,-33.9543342590332,0.38,1.68,2.58,85.35,47.36,190.13,22.98,15.05,41.04
"WASouth","Esperance",123.143653869629,-33.9761924743652,0.38,1.72,2.2,54.46,31.96,112.62,25.86,16.64,47.32
"WASouth","Esperance",123.313140869141,-33.9525032043457,0.38,1.66,2.58,102.17,55.34,235.25,19.83,13.42,33.65
"WASouth","Esperance",123.50643157959,-33.945240020752,0.38,1.67,2.61,99.43,54.07,227.69,24.99,16.31,44.63
"WASouth","Esperance",123.522392272949,-33.9453659057617,0.38,1.66,2.56,111.25,59.65,259.64,32.11,20.24,60.22
"SA","Elliston",135.191772460938,-33.9253692626953,0.38,2.28,4.2,20.58,13.78,35.54,5.23,4.19,7.08
"SA","Copper Coast",137.537673950195,-33.9754905700684,0.38,2.51,3.35,18.9,12.76,32.31,6.42,5.08,8.79
"NSW","Randwick",151.263778686523,-33.9545822143555,0.38,1.87,2.98,207.26,106.49,503.39,7.89,6.02,11.38
"WASouth","Augusta Margaret River",114.979377746582,-33.9190673828125,0.38,1.68,3.26,69.11,40.99,138.2,7.21,5.55,10.28
"WASouth","Ravensthorpe",120.530181884766,-33.9330368041992,0.38,1.65,2.91,117.26,62.21,278.19,12.22,8.6,19.9
"WASouth","Ravensthorpe",120.561729431152,-33.9172248840332,0.38,1.64,2.59,137.37,71.18,336.91,17.9,12.01,31.08
"WASouth","Esperance",121.641616821289,-33.89892578125,0.38,1.7,2.86,70.96,40.31,153.24,11.8,8.49,18.52
"WASouth","Esperance",121.652870178223,-33.8976516723633,0.38,1.68,2.41,86.36,47.71,193.81,21.2,14.1,37.01
"WASouth","Esperance",121.746528625488,-33.8893661499023,0.38,1.7,2.76,65.31,37.45,139.33,13.09,9.29,20.89
"WASouth","Esperance",121.791038513184,-33.910774230957,0.38,1.7,2.04,65.04,37.27,138.96,28.67,18.51,51.83
"WASouth","Esperance",121.825714111328,-33.8972702026367,0.38,1.7,2.13,68.54,39,147.87,27.8,18,50.06
"WASouth","Esperance",122.075332641602,-33.9008560180664,0.38,1.73,2.07,50.08,29.65,102.47,24.32,15.98,43.02
"WASouth","Esperance",122.627914428711,-33.8959465026855,0.38,1.69,2.51,78.88,44.29,172.88,22.14,14.62,39.04
"WASouth","Esperance",122.692840576172,-33.8993530273438,0.38,1.7,2.5,69.01,39.45,147.5,23.68,15.39,42.79
"WASouth","Esperance",122.749076843262,-33.9037475585938,0.38,1.7,2.29,66.08,37.95,140.48,25.32,16.37,45.99
"WASouth","Esperance",122.814529418945,-33.914665222168,0.38,1.71,2.27,60.64,35.18,127.22,22.05,14.6,38.68
"WASouth","Esperance",122.836570739746,-33.9121932983398,0.38,1.68,2.63,83.17,46.44,183.5,20.36,13.54,35.63
"WASouth","Esperance",122.881294250488,-33.91748046875,0.38,1.68,2.32,85.15,47.3,189.39,28.11,18,51.65
"WASouth","Esperance",122.969390869141,-33.9028396606445,0.38,1.7,2.3,67.55,38.72,143.94,27.36,17.5,50.47
"WASouth","Esperance",122.980453491211,-33.8986015319824,0.38,1.69,1.96,72.64,41.17,157.3,53.88,31.86,110.01
"WASouth","Esperance",123.074066162109,-33.8747062683105,0.38,1.7,2.58,66.52,38.14,141.77,20.77,13.87,35.99
"WASouth","Esperance",123.112289428711,-33.8946113586426,0.38,1.71,2.72,64.69,37.24,137.15,17.4,11.87,29.33
"WASouth","Esperance",123.35466003418,-33.9087448120117,0.38,1.66,2.36,103.1,55.81,237.61,31.83,20.35,58.22
"WASouth","Esperance",123.423583984375,-33.9012565612793,0.38,1.67,2.33,97.02,52.94,221.14,33.75,21.3,62.95
"WASouth","Esperance",123.561981201172,-33.9116134643555,0.38,1.66,2.11,111.07,59.69,258.21,57.58,33.89,118.05
"SA","Elliston",135.183670043945,-33.9124450683594,0.38,2.28,4.21,20.6,13.79,35.55,5.24,4.19,7.1
"SA","Cleve",136.623336791992,-33.8943176269531,0.38,2.35,3.21,54.56,32.15,112.01,15.6,10.74,26.04
"NSW","Waverley",151.286361694336,-33.8932914733887,0.38,1.87,3.06,210.85,108,514.55,8.11,6.2,11.66
"WASouth","Augusta Margaret River",114.972427368164,-33.8668975830078,0.38,1.68,2.69,70.89,40.94,148.5,12.04,8.64,18.94
"WASouth","Ravensthorpe",120.643753051758,-33.8913230895996,0.38,1.66,2.71,105.11,57.01,241.06,15.43,10.58,26
"WASouth","Ravensthorpe",120.786590576172,-33.8891334533691,0.38,1.69,2.84,74.93,42.31,162.99,11.76,8.36,18.85
"WASouth","Esperance",120.841262817383,-33.8698654174805,0.38,1.68,3.4,87.21,48.5,193.27,7.88,5.9,11.8
"WASouth","Esperance",120.897163391113,-33.8647308349609,0.38,1.71,2.74,61.16,35.47,128.38,13.33,9.31,21.92
"WASouth","Esperance",120.947532653809,-33.8675231933594,0.38,1.73,2.95,53.3,31.67,107.85,12.96,9.1,21.14
"WASouth","Esperance",120.997116088867,-33.8714256286621,0.38,1.72,2.85,57.1,33.62,117,12.61,8.9,20.4
"WASouth","Esperance",121.051406860352,-33.8629264831543,0.38,1.7,2.75,68.14,39.08,144.89,13.53,9.46,22.16
"WASouth","Esperance",121.09969329834,-33.8558502197266,0.38,1.71,2.53,64.58,37.26,136.31,17.45,11.81,29.86
"WASouth","Esperance",121.158401489258,-33.8698081970215,0.38,1.72,2.58,57.04,33.44,117.85,15.41,10.63,25.65
"WASouth","Esperance",121.199333190918,-33.857551574707,0.38,1.67,2.21,94.16,51.52,214,27.34,17.48,50.46
"WASouth","Esperance",121.49040222168,-33.8397407531738,0.38,1.69,2.81,79.55,44.52,175.27,15.1,10.46,24.99
"WASouth","Esperance",121.509407043457,-33.8433074951172,0.38,1.68,2.68,89.38,49.26,201.04,18.96,12.74,32.7
"WASouth","Esperance",121.590721130371,-33.8551177978516,0.38,1.73,2.81,51.35,30.36,105.16,12.11,8.66,19.18
"WASouth","Esperance",121.952407836914,-33.8378562927246,0.38,1.72,2.04,56.59,33.06,117.74,24.21,16.13,41.72
"WASouth","Esperance",122.021957397461,-33.846851348877,0.38,1.73,2.06,51.08,30.19,104.68,24.83,16.35,43.67
"WASouth","Esperance",122.052398681641,-33.8732948303223,0.38,1.74,2.05,48.02,28.59,97.5,24.96,16.36,44.25
"WASouth","Esperance",123.628372192383,-33.8802452087402,0.38,1.66,2.08,110.53,59.78,253.98,50.53,30.1,102.16
"WASouth","Esperance",123.665222167969,-33.847297668457,0.38,1.65,2.36,123.9,65.8,292.29,36.22,22.62,68.51
"SA","Elliston",135.132369995117,-33.8521461486816,0.38,2.27,3.83,21.45,14.28,37.35,6.5,5.04,9.23
"SA","Franklin Harbour",136.682769775391,-33.8711814880371,0.38,2.36,3.01,48.62,29.11,97.64,17.08,11.64,28.87
"SA","Franklin Harbour",136.719573974609,-33.8524932861328,0.38,2.37,3.01,47.71,28.6,95.7,16.51,11.31,27.7
"SA","Copper Coast",137.596405029297,-33.8713722229004,0.38,2.53,2.8,16.8,11.55,28.01,10.61,7.81,16.06
"WASouth","Augusta Margaret River",114.987022399902,-33.829517364502,0.38,1.7,2.98,57.53,35,111.14,9.22,6.86,13.78
"WASouth","Esperance",121.280387878418,-33.843448638916,0.38,1.72,2.82,55.17,32.74,111.73,13.11,9.19,21.39
"WASouth","Esperance",121.314628601074,-33.8270721435547,0.38,1.71,3.39,59.29,34.78,122.08,9,6.62,13.77
"WASouth","Esperance",121.366172790527,-33.8207740783691,0.38,1.69,2.07,77.68,43.65,170.14,27.07,17.69,48
"WASouth","Esperance",121.41983795166,-33.8288307189941,0.38,1.69,2.52,76.23,42.9,166.74,18.58,12.49,32.04
"WASouth","Esperance",123.736099243164,-33.8149719238281,0.38,1.65,2.33,121.06,64.69,282.76,38.58,23.82,74.26
"SA","Elliston",135.083557128906,-33.8100700378418,0.38,2.26,3.64,22.97,15.16,40.47,7.07,5.42,10.2
"SA","Franklin Harbour",136.784591674805,-33.8199996948242,0.38,2.38,3.07,40.58,24.92,78.67,14.73,10.24,24.26
"SA","Franklin Harbour",136.845489501953,-33.804817199707,0.38,2.38,3.23,40.7,24.96,79.06,13.7,9.57,22.46
"SA","Copper Coast",137.638153076172,-33.8278846740723,0.38,2.54,3.57,15.92,11.03,26.26,5.26,4.29,6.89
"WASouth","Busselton",114.985389709473,-33.7757682800293,0.38,1.68,2.85,65.14,38.96,128.82,10.84,7.92,16.61
"WASouth","Esperance",123.750137329102,-33.7754058837891,0.38,1.63,2.32,151.93,79.15,366.52,37.63,23.36,71.85
"SA","Elliston",135.027328491211,-33.7490158081055,0.38,2.27,3.97,22.06,14.61,38.73,6.2,4.83,8.73
"SA","Copper Coast",137.661575317383,-33.8095550537109,0.38,2.56,3.57,15.07,10.52,24.57,5.21,4.26,6.81
"NSW","Northern Beaches",151.298721313477,-33.7817840576172,0.38,1.88,2.62,222.28,113.05,547.71,13.09,9.36,20.61
"WASouth","Busselton",114.974868774414,-33.7236289978027,0.38,1.68,2.51,68.66,41.06,135.45,18.16,12.28,31.02
"WASouth","Esperance",123.760238647461,-33.7437705993652,0.38,1.63,2.33,153.72,80.05,370.85,35.74,22.37,67.47
"SA","Elliston",134.969116210938,-33.7140197753906,0.38,2.25,4.03,23.73,15.56,42.17,6.13,4.78,8.64
"SA","Franklin Harbour",136.99674987793,-33.7267532348633,0.38,2.43,3.29,29.08,18.75,52.64,10.8,7.85,16.71
"SA","Franklin Harbour",137.026382446289,-33.7231864929199,0.38,2.43,3.29,29.48,18.89,53.89,9.61,7.14,14.36
"SA","Franklin Harbour",137.09440612793,-33.7078552246094,0.38,2.45,3.33,25.42,16.64,45.16,8.82,6.64,12.93
"SA","Franklin Harbour",137.143447875977,-33.7029075622559,0.38,2.47,3.33,22.92,15.21,39.96,8.94,6.71,13.19
"SA","Barunga West",137.72705078125,-33.7447700500488,0.38,2.59,3.64,13.01,9.28,20.56,4.89,4.03,6.3
"NSW","Northern Beaches",151.316345214844,-33.7400131225586,0.38,1.88,2.62,207.36,106.4,504.93,14.43,10.12,23.38
"WASouth","Busselton",114.971221923828,-33.6970252990723,0.38,1.71,2.7,50.14,31.1,94.31,11.68,8.36,18.52
"WASouth","Esperance",123.784126281738,-33.6931953430176,0.38,1.64,2.33,148.78,78.22,353.47,32.07,20.28,59.79
"SA","Elliston",134.905166625977,-33.6764717102051,0.38,2.25,4.06,24.1,15.76,43.02,6.17,4.81,8.68
"SA","Franklin Harbour",137.193161010742,-33.6765327453613,0.38,2.48,3.38,22.38,14.82,39.23,8.33,6.32,12.14
"SA","Barunga West",137.754730224609,-33.7102966308594,0.38,2.61,3.63,12.23,8.83,19,4.96,4.09,6.42
"NSW","Northern Beaches",151.322494506836,-33.6744499206543,0.38,1.89,3.08,227.94,115.54,564.22,7.37,5.68,10.48
"WASouth","Busselton",114.992866516113,-33.6648063659668,0.38,1.72,2.59,47.43,29.56,88.74,11.96,8.51,19.12
"WASouth","Esperance",123.83927154541,-33.6523323059082,0.38,1.64,2.26,136.13,72.38,318.6,34.83,21.55,67.29
"WASouth","Esperance",123.876846313477,-33.6351661682129,0.38,1.65,2.26,126.39,67.96,291.09,33.95,21.05,65.4
"SA","Franklin Harbour",137.219360351562,-33.6563186645508,0.38,2.48,3.36,22.38,14.79,39.38,8.56,6.47,12.5
"SA","Barunga West",137.806015014648,-33.665843963623,0.38,2.63,3.61,11.47,8.37,17.54,5.19,4.24,6.78
"NSW","Northern Beaches",151.336761474609,-33.6438484191895,0.38,1.89,3.09,227.17,115.2,561.94,7.48,5.75,10.67
"WASouth","Busselton",115.012512207031,-33.5945281982422,0.38,1.69,3.17,60.77,36.91,117.42,8.16,6.18,11.89
"WASouth","Busselton",115.151664733887,-33.6266975402832,0.38,1.79,3.16,27.38,18.37,46.32,5.92,4.68,8.15
"WASouth","Busselton",115.188926696777,-33.6407012939453,0.38,1.81,3.22,24.56,16.68,40.9,5.54,4.43,7.51
"WASouth","Busselton",115.269371032715,-33.6505737304688,0.38,1.82,3.44,23.02,15.71,38.15,4.8,3.91,6.34
"WASouth","Busselton",115.340866088867,-33.6405715942383,0.38,1.83,3.66,22.37,15.27,37.12,4.3,3.55,5.56
"WASouth","Busselton",115.384063720703,-33.627025604248,0.38,1.82,3.68,23.28,15.75,39.16,4.22,3.5,5.45
"WASouth","Esperance",123.928314208984,-33.5916633605957,0.38,1.65,2.32,122.27,66.42,277.02,25.62,16.53,46.67
"SA","Elliston",134.83757019043,-33.6056938171387,0.38,2.27,3.59,21.14,14.01,37.11,6.49,5.04,9.17
"SA","Franklin Harbour",137.260025024414,-33.6035957336426,0.38,2.51,3.27,18.59,12.61,31.52,8.93,6.71,13.16
"SA","Barunga West",137.861618041992,-33.6160011291504,0.38,2.65,3.5,10.71,7.9,16.1,6.13,4.88,8.3
"NSW","Northern Beaches",151.343338012695,-33.6173553466797,0.38,1.89,3.02,227.35,115.22,562.99,7.69,5.9,11.02
"WASouth","Busselton",115.001991271973,-33.5661087036133,0.38,1.66,3.02,82.57,47.19,174.68,8.18,6.18,12.01
"WASouth","Busselton",115.089622497559,-33.5697364807129,0.38,1.75,2.45,36.82,23.85,65.25,12.73,9.04,20.31
"WASouth","Busselton",115.447860717773,-33.5788192749023,0.38,1.81,3.6,24.37,16.34,41.53,4.4,3.61,5.77
"WASouth","Esperance",123.98070526123,-33.5565719604492,0.38,1.64,1.98,145.88,77.71,338.89,56.23,33.42,113.43
"SA","Elliston",134.845581054688,-33.563663482666,0.38,2.27,3.63,21.45,14.15,37.92,5.02,4.05,6.71
"SA","Franklin Harbour",137.272903442383,-33.5749588012695,0.38,2.52,3.26,17.46,11.96,29.23,9.18,6.85,13.65
"SA","Barunga West",137.894073486328,-33.5795211791992,0.38,3.32,3.97,10.3,7.64,15.39,7.68,5.91,10.92
"NSW","Central Coast (NSW)",151.353622436523,-33.5448226928711,0.38,1.89,2.87,223.36,113.29,552.83,10.5,7.75,15.8
"WASouth","Busselton",115.005264282227,-33.5277900695801,0.38,1.66,2.92,80.77,47.39,163.34,9.84,7.23,15.03
"WASouth","Busselton",115.056182861328,-33.5393142700195,0.38,1.73,2.49,42.6,27.12,77.2,12.17,8.73,19.12
"WASouth","Capel",115.485954284668,-33.5348243713379,0.38,1.82,3.6,23.61,15.89,40.03,4.38,3.59,5.73
"WASouth","Esperance",123.98902130127,-33.5160102844238,0.38,1.64,2.26,144.42,77.57,330.83,42.17,25.32,85.03
"SA","Elliston",134.854598999023,-33.5280914306641,0.38,2.28,3.46,20.36,13.52,35.71,5.61,4.45,7.68
"SA","Franklin Harbour",137.299240112305,-33.5179252624512,0.38,2.54,3.25,16.06,11.13,26.43,9.52,7.06,14.3
"SA","Barunga West",137.930084228516,-33.5152359008789,0.38,3.35,3.96,9.47,7.12,13.86,8.01,6.11,11.57
"NSW","Central Coast (NSW)",151.421768188477,-33.517707824707,0.38,1.89,3.04,228.55,115.59,567.86,8.33,6.33,12.08
"WASouth","Capel",115.542381286621,-33.4798927307129,0.38,1.83,3.41,22.24,15.08,37.38,4.69,3.81,6.23
"WASouth","Esperance",123.998306274414,-33.4730606079102,0.38,1.64,2.03,141.4,76.22,322.2,54.7,32.39,111.26
"SA","Elliston",134.85090637207,-33.4759483337402,0.38,2.32,3.57,16.49,11.25,27.88,5.13,4.12,6.92
"SA","Franklin Harbour",137.316253662109,-33.4741325378418,0.38,3.05,3.62,15.57,10.83,25.49,10.61,7.77,16.18
"SA","Barunga West",137.905914306641,-33.4793663024902,0.38,3.35,3.94,9.59,7.21,14.06,8.56,6.45,12.57
"NSW","Central Coast (NSW)",151.447479248047,-33.477481842041,0.38,1.89,3,227.19,114.85,565.12,7.8,5.97,11.19
"WASouth","Capel",115.56462097168,-33.4566841125488,0.38,1.84,3.42,21.21,14.46,35.35,4.66,3.79,6.18
"WASouth","Esperance",124.001518249512,-33.4332008361816,0.38,1.63,1.89,160.78,85.17,375.21,72.67,41.84,152.92
"SA","Elliston",134.839385986328,-33.4370346069336,0.38,2.31,3.55,17.97,12.12,30.89,5.3,4.24,7.2
"SA","Franklin Harbour",137.363555908203,-33.4304351806641,0.38,3.06,3.58,15.19,10.61,24.72,11.44,8.28,17.74
"SA","Port Pirie",137.885498046875,-33.4337196350098,0.38,3.34,3.88,9.67,7.26,14.19,9.91,7.26,15.2
"NSW","Central Coast (NSW)",151.46369934082,-33.4218559265137,0.38,1.89,3.27,227.61,114.97,566.93,6.99,5.42,9.85
"WASouth","Capel",115.598304748535,-33.3883094787598,0.38,1.85,3.37,20.45,14.06,33.62,5.03,4.05,6.77
"WASouth","Esperance",124.031120300293,-33.369686126709,0.38,1.63,1.87,160.4,84.81,375.56,87.25,48.63,192.52
"SA","Elliston",134.814239501953,-33.3729438781738,0.38,2.59,3.88,22.61,14.78,40.6,5.54,4.4,7.59
"SA","Franklin Harbour",137.388092041016,-33.3740463256836,0.38,3.08,3.54,14.18,10.03,22.68,11.96,8.62,18.66
"SA","Port Pirie",137.862121582031,-33.3922424316406,0.38,3.33,3.84,10.26,7.64,15.24,10.6,7.68,16.49
"NSW","Central Coast (NSW)",151.485321044922,-33.3851432800293,0.38,1.89,3,216.61,110.1,535.08,8.22,6.26,11.87
"WASouth","Bunbury",115.611457824707,-33.3525466918945,0.38,1.85,3.37,19.92,13.78,32.48,5.03,4.05,6.78
"WASouth","Esperance",124.039123535156,-33.342414855957,0.38,1.63,1.99,171.99,90.12,407.72,72.66,40.78,160.23
"SA","Elliston",134.80207824707,-33.3401069641113,0.38,2.61,3.85,20.48,13.56,36.12,5.7,4.51,7.85
"SA","Franklin Harbour",137.386566162109,-33.3469276428223,0.38,3.08,3.51,13.83,9.81,22,12.14,8.74,18.95
"SA","Port Pirie",137.850677490234,-33.3456192016602,0.38,3.32,3.84,10.55,7.82,15.75,10.69,7.74,16.65
"WASouth","Esperance",124.060096740723,-33.3062896728516,0.38,1.62,2.05,174.81,91.39,415.69,51.91,30.53,107.3
"SA","Elliston",134.750427246094,-33.2929801940918,0.38,2.59,4.47,23.04,15,41.6,4.54,3.71,5.98
"SA","Whyalla",137.401565551758,-33.2910270690918,0.38,3.1,3.43,13.09,9.37,20.55,12.74,9.13,20.03
"SA","Port Pirie",137.810272216797,-33.2857513427734,0.38,3.3,3.75,11,8.09,16.64,11.91,8.55,18.71
"WASouth","Harvey",115.675010681152,-33.2608871459961,0.38,1.84,2.91,20.52,14.12,33.74,6.89,5.32,9.8
"WASouth","Esperance",124.076385498047,-33.2642440795898,0.38,1.62,2.13,184.54,95.67,444.09,46.13,27.29,95.04
"SA","Streaky Bay",134.629516601562,-33.2479209899902,0.38,2.56,4.55,28.06,17.78,52.58,4.71,3.83,6.25
"SA","Elliston",134.684005737305,-33.254810333252,0.38,2.56,4.43,26.7,17.04,49.58,4.87,3.94,6.51
"SA","Whyalla",137.418273925781,-33.2557182312012,0.38,3.1,3.44,12.74,9.16,19.88,12.48,8.96,19.55
"SA","Port Pirie",137.807678222656,-33.2593383789062,0.38,3.3,3.74,11.25,8.25,17.07,11.87,8.52,18.65
"NSW","Central Coast (NSW)",151.566528320312,-33.2575988769531,0.38,1.89,3.09,220.51,111.97,545.07,7.37,5.7,10.42
"WASouth","Harvey",115.679985046387,-33.2147789001465,0.38,1.83,2.92,21.97,14.97,36.62,6.87,5.31,9.78
"WASouth","Esperance",124.094741821289,-33.2096214294434,0.38,1.62,1.83,189.02,97.57,457.79,188.35,90.81,517.67
"SA","Streaky Bay",134.545349121094,-33.1910858154297,0.38,2.55,4.44,28.22,17.85,53.01,4.95,4,6.63
"SA","Streaky Bay",134.581817626953,-33.2057342529297,0.38,2.56,4.36,27.49,17.45,51.42,5.21,4.18,7.03
"SA","Whyalla",137.442199707031,-33.2197113037109,0.38,3.11,3.42,12.63,9.1,19.65,12.62,9.05,19.83
"SA","Port Pirie",137.821151733398,-33.226146697998,0.38,3.29,3.74,11.43,8.36,17.4,11.6,8.36,18.13
"NSW","Central Coast (NSW)",151.619323730469,-33.2048263549805,0.38,1.82,3.34,225.76,114.2,561.1,6.64,5.19,9.28
"WASouth","Harvey",115.676567077637,-33.1664352416992,0.38,1.82,2.98,24.02,16.19,40.58,6.8,5.26,9.65
"WASouth","Esperance",124.107475280762,-33.1698188781738,0.38,1.62,1.88,190.17,97.96,462.11,159.4,77.78,433.66
"SA","Streaky Bay",134.309631347656,-33.1851959228516,0.38,2.55,4.54,28.9,18.25,54.4,5.02,4.05,6.75
"SA","Streaky Bay",134.414978027344,-33.1612815856934,0.38,2.55,3.22,29.21,18.39,55.27,13.06,9.22,21.04
"SA","Streaky Bay",134.478668212891,-33.1595458984375,0.38,2.55,3.42,28.7,18.11,54.14,10.66,7.73,16.57
"SA","Whyalla",137.450042724609,-33.1701965332031,0.38,3.12,3.46,12.09,8.77,18.62,11.96,8.64,18.58
"SA","Port Pirie",137.850769042969,-33.1842231750488,0.38,3.3,3.76,11.24,8.25,17.04,10.99,8,16.95
"SA","Port Pirie",137.893035888672,-33.1661376953125,0.38,3.29,3.75,11.47,8.4,17.43,11.04,8.02,17.04
"SA","Port Pirie",137.92903137207,-33.1640663146973,0.38,3.3,3.75,11.22,8.24,16.99,10.97,7.98,16.95
"NSW","Lake Macquarie",151.640899658203,-33.1763343811035,0.38,1.82,2.83,228.27,115.29,568.64,9.98,7.43,14.83
"WASouth","Harvey",115.681144714355,-33.1313514709473,0.38,1.81,3,25.25,16.87,43.23,6.76,5.24,9.59
"WASouth","Esperance",124.141700744629,-33.1211471557617,0.38,1.62,1.93,179.82,93.2,433.48,113.73,58.23,289.21
"SA","Streaky Bay",134.260528564453,-33.1256637573242,0.38,2.63,4.11,18.72,12.49,32.76,5.57,4.4,7.69
"SA","Whyalla",137.474792480469,-33.1270484924316,0.38,3.12,3.48,12.13,8.79,18.73,11.55,8.39,17.79
"SA","Whyalla",137.517532348633,-33.113525390625,0.38,3.12,3.54,11.87,8.63,18.22,10.78,7.92,16.35
"NSW","Lake Macquarie",151.655502319336,-33.1222267150879,0.38,1.83,2.81,218.1,111.03,537.03,10.14,7.54,15.06
"WASouth","Harvey",115.677635192871,-33.08251953125,0.38,1.79,3.31,28.26,18.58,49.45,5.67,4.5,7.75
"WASouth","Esperance",124.195610046387,-33.0619583129883,0.38,1.63,2.01,172.14,89.66,412.43,71.13,39.24,162.34
"SA","Streaky Bay",134.238632202148,-33.0751266479492,0.38,2.55,3.76,28.18,17.82,53.01,7.47,5.67,10.93
"SA","Unincorporated SA",137.564193725586,-33.0747947692871,0.38,3.13,3.54,11.5,8.4,17.55,10.96,8.03,16.68
"SA","Mount Remarkable",138.025192260742,-33.0680351257324,0.38,3.29,3.72,11.42,8.35,17.4,10.26,7.54,15.61
"NSW","Lake Macquarie",151.668395996094,-33.088306427002,0.38,1.82,2.76,245.52,122.72,620.49,11.31,8.3,17.14
"WASouth","Harvey",115.671043395996,-33.0336990356445,0.38,1.78,3.29,30.22,19.69,53.52,5.75,4.55,7.92
"WASouth","Esperance",124.212295532227,-33.0435600280762,0.38,1.65,2.04,128.61,69.12,296.23,54.52,31.09,119.01
"WASouth","Dundas",124.258407592773,-33.0132904052734,0.38,1.63,1.93,156.55,82.43,369.8,81.79,45.03,185.49
"SA","Streaky Bay",134.156143188477,-33.0373878479004,0.38,2.56,3.8,27.17,17.23,50.99,7.24,5.52,10.51
"SA","Whyalla",137.719528198242,-32.996898651123,0.38,3.14,3.59,11.3,8.28,17.17,10.24,7.56,15.45
"SA","Whyalla",137.738174438477,-32.996997833252,0.38,3.14,3.59,11.35,8.31,17.26,10.25,7.56,15.48
"SA","Mount Remarkable",138.005615234375,-33.0324020385742,0.38,3.29,3.71,11.55,8.43,17.65,10.33,7.59,15.72
"NSW","Lake Macquarie",151.689636230469,-33.0369644165039,0.38,1.82,3.18,234.3,118.04,585.35,7.94,6.05,11.46
"NSW","Lake Macquarie",151.726165771484,-33.0187072753906,0.38,1.82,3.29,224.85,113.92,557.43,7.46,5.72,10.71
"WASouth","Harvey",115.667030334473,-32.9907722473145,0.38,1.49,3.05,32.25,20.8,57.96,5.67,4.5,7.78
"WASouth","Dundas",124.308197021484,-32.9843902587891,0.38,1.63,2.06,150.03,79.42,351.9,45.04,26.93,91.11
"WASouth","Dundas",124.355827331543,-32.9667816162109,0.38,1.64,2.1,138.98,74.24,322.15,37.14,22.98,71.42
"SA","Streaky Bay",134.16569519043,-33.0062026977539,0.38,2.58,3.65,24.72,15.87,45.58,6.97,5.35,10.06
"SA","Mount Remarkable",137.944869995117,-32.9926071166992,0.38,3.29,3.71,11.55,8.44,17.62,10.38,7.62,15.82
"NSW","Newcastle",151.755249023438,-32.9575996398926,0.38,1.82,2.9,236.02,118.81,590.25,9.57,7.18,14.07
"WASouth","Harvey",115.652122497559,-32.9409255981445,0.38,1.48,3.04,36.06,22.96,65.93,5.95,4.68,8.28
"WASouth","Dundas",124.42024230957,-32.9471321105957,0.38,1.64,2.23,131.15,70.52,301.42,25.13,16.26,45.6
"WASouth","Dundas",124.475952148438,-32.9387512207031,0.38,1.65,2.11,129.58,69.84,296.71,35.42,22.05,67.51
"WASouth","Dundas",124.519393920898,-32.935474395752,0.38,1.65,2.06,125.73,68.01,286.63,40.22,24.62,78.48
"WASouth","Dundas",124.575134277344,-32.9283485412598,0.38,1.65,2.13,123.54,66.92,281.23,31.62,19.94,59.35
"WASouth","Dundas",124.627891540527,-32.9224433898926,0.38,1.65,2.88,122.11,66.17,277.91,12.35,8.59,20.59
"WASouth","Dundas",124.666984558105,-32.9171752929688,0.38,1.65,2.89,124.12,67.07,283.65,12.33,8.58,20.51
"WASouth","Dundas",124.72811126709,-32.9045333862305,0.38,1.65,2.9,121.43,65.72,277.08,12.42,8.64,20.68
"SA","Streaky Bay",134.147842407227,-32.9440498352051,0.38,2.56,3.65,26.81,16.98,50.47,8.03,6.03,11.92
"SA","Whyalla",137.792358398438,-32.912654876709,0.38,3.13,3.34,11.49,8.41,17.47,12.12,8.75,18.84
"SA","Mount Remarkable",137.931793212891,-32.945686340332,0.38,3.29,3.57,11.4,8.35,17.33,11.81,8.52,18.4
"NSW","Newcastle",151.778686523438,-32.9410057067871,0.38,1.82,3.01,248.86,124.32,629.05,8.72,6.61,12.68
"WASouth","Waroona",115.648643493652,-32.900691986084,0.38,1.47,3.96,37.9,23.96,69.98,3.85,3.22,4.92
"WASouth","Dundas",124.776504516602,-32.8932876586914,0.38,1.65,2.91,126.36,68.02,290.53,12.81,8.86,21.52
"WASouth","Dundas",124.827789306641,-32.8737030029297,0.38,1.64,2.94,136.22,72.56,317.78,12.39,8.62,20.61
"SA","Streaky Bay",134.106796264648,-32.9153175354004,0.38,2.58,3.99,23.51,15.14,43.27,6.47,5.02,9.17
"SA","Whyalla",137.802703857422,-32.8964157104492,0.38,3.13,3.31,11.44,8.38,17.38,12.06,8.73,18.67
"SA","Mount Remarkable",137.92333984375,-32.8952827453613,0.38,3.29,3.58,11.42,8.36,17.36,11.6,8.4,17.98
"WASouth","Waroona",115.629905700684,-32.8495674133301,0.38,1.46,4.01,41.91,26.18,78.63,3.88,3.24,4.95
"WASouth","Dundas",124.886604309082,-32.8456764221191,0.38,1.64,2.87,148.86,78.33,353.14,13.63,9.36,23.1
"SA","Streaky Bay",134.102554321289,-32.8653297424316,0.38,2.56,4.64,27,17.19,50.25,4.16,3.44,5.4
"SA","Whyalla",137.811965942383,-32.8540534973145,0.38,3.14,3.34,11.21,8.24,16.96,11.85,8.59,18.29
"SA","Mount Remarkable",137.904113769531,-32.858211517334,0.38,3.14,3.39,11.37,8.33,17.25,11.65,8.45,18
"NSW","Port Stephens",151.845993041992,-32.8574409484863,0.38,1.82,3.31,233.4,117.57,583.39,7.09,5.46,10.12
"NSW","Port Stephens",151.886505126953,-32.8415222167969,0.38,1.82,3.39,232.65,117.38,579.99,6.38,4.99,8.92
"NSW","Port Stephens",151.931243896484,-32.826171875,0.38,1.82,2.79,235.64,118.67,588.9,10.4,7.7,15.58
"WASouth","Waroona",115.620826721191,-32.8227729797363,0.38,1.45,4,45.76,28.29,87,3.97,3.3,5.09
"WASouth","Dundas",124.93709564209,-32.7966690063477,0.38,1.63,2.69,159.74,83.31,383.48,16.76,11.21,29.44
"SA","Streaky Bay",134.122131347656,-32.8045616149902,0.38,2.57,3.64,25.87,16.49,48.26,7.57,5.73,11.12
"SA","Whyalla",137.813766479492,-32.8274917602539,0.38,3.14,3.35,11.16,8.21,16.86,11.67,8.48,17.96
"SA","Mount Remarkable",137.896591186523,-32.8130378723145,0.38,3.14,3.4,11.2,8.23,16.94,11.46,8.33,17.64
"NSW","Port Stephens",151.995193481445,-32.8015251159668,0.38,1.89,2.95,230.16,116.26,572.9,8.42,6.39,12.21
"NSW","Port Stephens",152.049957275391,-32.7904014587402,0.38,1.88,3.03,236.85,119.2,592.46,7.69,5.9,11.01
"NSW","Port Stephens",152.105438232422,-32.7936248779297,0.38,1.88,3.05,251.33,125.33,637.03,7.51,5.79,10.65
"WASouth","Mandurah",115.612747192383,-32.7587585449219,0.38,1.44,2.98,49.14,30.16,94.27,6.87,5.28,9.87
"WASouth","Dundas",124.992477416992,-32.7677345275879,0.38,1.63,2.85,161.27,84.02,387.59,13.64,9.39,22.97
"WASouth","Dundas",125.016464233398,-32.7507400512695,0.38,1.63,2.77,160.43,83.66,385.1,14.9,10.11,25.67
"WASouth","Dundas",125.090019226074,-32.7265357971191,0.38,1.63,2.99,163.46,85.08,393.26,12.37,8.63,20.49
"SA","Streaky Bay",134.071029663086,-32.7439575195312,0.38,2.56,3.6,27.07,17.15,50.87,8.07,6.06,11.97
"SA","Whyalla",137.80729675293,-32.7693710327148,0.38,3.15,3.36,10.98,8.1,16.53,11.14,8.15,16.99
"SA","Port Augusta",137.890808105469,-32.7710227966309,0.38,3.15,3.37,10.82,7.99,16.24,11.48,8.34,17.67
"NSW","Port Stephens",152.155685424805,-32.7658233642578,0.38,1.89,3.07,233.14,117.46,582.62,7.21,5.59,10.18
"WASouth","Mandurah",115.607124328613,-32.7169036865234,0.38,1.42,2.96,57.78,34.75,113.88,7.19,5.49,10.43
"WASouth","Dundas",125.125335693359,-32.7073822021484,0.38,1.63,2.94,164.42,85.5,396.11,12.89,8.94,21.52
"SA","Streaky Bay",134.058029174805,-32.7256622314453,0.38,2.57,3.78,25.51,16.23,47.77,7.18,5.48,10.42
"WASouth","Mandurah",115.599494934082,-32.6866264343262,0.38,1.43,3.02,55.17,33.46,107.39,6.81,5.24,9.78
"WASouth","Dundas",125.198837280273,-32.6661796569824,0.38,1.63,2.94,166.25,86.3,401.53,12.95,8.98,21.61
"SA","Streaky Bay",134.09358215332,-32.7097091674805,0.38,2.6,3.63,21.21,13.84,38.35,7.63,5.76,11.25
"SA","Streaky Bay",134.139633178711,-32.713020324707,0.38,2.64,3.66,17.32,11.64,30.04,7.2,5.48,10.52
"SA","Streaky Bay",134.258987426758,-32.6792335510254,0.38,2.7,3.54,13.88,9.66,22.92,7.05,5.38,10.25
"NSW","Mid-Coast",152.217864990234,-32.6861267089844,0.38,1.88,2.99,249.14,124.53,629.08,7.88,6.09,11.1
"WASouth","Mandurah",115.612724304199,-32.6398010253906,0.38,1.44,3.05,61.96,36.9,123.81,6.51,5.04,9.27
"WASouth","Dundas",125.261291503906,-32.639404296875,0.38,1.63,3.02,165.3,85.92,398.45,12.3,8.59,20.3
"WASouth","Dundas",125.299919128418,-32.6206016540527,0.38,1.63,2.98,160.36,83.73,384.01,12.26,8.58,20.19
"WASouth","Dundas",125.356552124023,-32.6046524047852,0.38,1.63,3.07,161.24,84.21,385.83,11.1,7.89,17.88
"WASouth","Dundas",125.411148071289,-32.5926475524902,0.38,1.63,3.09,162.3,84.79,388,9.99,7.26,15.56
"WASouth","Dundas",125.445678710938,-32.5863265991211,0.38,1.63,3.12,161.91,84.65,386.69,9.26,6.83,14.06
"SA","Streaky Bay",134.27360534668,-32.6319274902344,0.38,2.69,4.54,13.93,9.68,23.01,4.62,3.74,6.2
"SA","Port Augusta",137.836624145508,-32.6410903930664,0.38,3.17,3.43,10.2,7.59,15.15,9.93,7.36,14.9
"NSW","Mid-Coast",152.209411621094,-32.6361770629883,0.38,1.88,2.88,251.13,125.23,636.5,9.26,7,13.47
"NSW","Mid-Coast",152.243713378906,-32.6129608154297,0.38,1.88,3.05,251.53,125.35,638.17,7.68,5.92,10.88
"WASouth","Mandurah",115.633392333984,-32.5939178466797,0.38,1.58,2.99,47.38,28.9,92.09,6.68,5.16,9.53
"WASouth","Dundas",125.525924682617,-32.5580215454102,0.38,1.63,3.16,160.75,84.22,382.59,7.74,5.92,11.14
"SA","Streaky Bay",134.260116577148,-32.5783805847168,0.38,2.68,4.8,14.53,10.04,24.23,4.04,3.34,5.24
"NSW","Mid-Coast",152.320205688477,-32.6055908203125,0.38,1.88,2.86,260.58,129.33,664.66,9.94,7.47,14.52
"WASouth","Mandurah",115.670928955078,-32.5409622192383,0.38,1.4,2.71,60.36,36.11,119.78,7.86,5.94,11.54
"WASouth","Dundas",125.567039489746,-32.530704498291,0.38,1.63,3.13,164.81,86.15,393.3,7.87,6,11.37
"SA","Ceduna",133.895065307617,-32.5452919006348,0.38,2.53,3.62,33.23,20.4,65.31,8.68,6.47,12.97
"SA","Ceduna",133.908020019531,-32.5220603942871,0.38,2.55,5.04,29.21,18.21,56.32,4.45,3.63,5.88
"SA","Streaky Bay",134.228332519531,-32.5367660522461,0.38,2.67,4.8,15.31,10.49,25.84,4.05,3.35,5.24
"NSW","Mid-Coast",152.313705444336,-32.5493583679199,0.38,1.88,2.98,259.52,128.74,662.68,7.75,6.01,10.86
"NSW","Mid-Coast",152.340133666992,-32.5278701782227,0.38,1.88,3.12,258.24,128.22,658.56,6.73,5.3,9.25
"WASouth","Mandurah",115.695930480957,-32.521125793457,0.38,1.4,2.72,60.31,36.02,120.07,7.72,5.85,11.3
"WASouth","Dundas",125.627700805664,-32.4908752441406,0.38,1.63,3.05,161.41,84.63,383.55,8.4,6.33,12.35
"WASouth","Dundas",125.654495239258,-32.473217010498,0.38,1.63,2.98,158.73,83.44,375.78,9.09,6.76,13.61
"SA","Ceduna",133.845886230469,-32.5071868896484,0.38,2.6,3.27,22.03,14.31,40.08,9.49,6.96,14.57
"SA","Ceduna",133.997283935547,-32.5039138793945,0.38,2.57,4.07,25.5,16.19,47.95,6.35,4.95,8.94
"SA","Ceduna",134.070877075195,-32.4695320129395,0.38,2.61,4.64,20.28,13.31,36.39,4.41,3.62,5.76
"SA","Ceduna",134.090408325195,-32.47021484375,0.38,2.62,4.68,19.49,12.86,34.69,4.23,3.5,5.49
"SA","Streaky Bay",134.175994873047,-32.4855194091797,0.38,2.65,4.2,17.09,11.51,29.57,4.93,3.99,6.59
"NSW","Mid-Coast",152.412338256836,-32.4907112121582,0.38,1.88,3.4,255.26,126.93,649.61,5.32,4.31,7.04
"NSW","Mid-Coast",152.456039428711,-32.4739952087402,0.38,1.63,3.2,254.01,126.56,644.36,5.17,4.2,6.83
"WASouth","Mandurah",115.740791320801,-32.4680099487305,0.38,1.39,3.43,63.97,37.68,130.15,5.12,4.09,6.96
"WASouth","Dundas",125.706619262695,-32.4370346069336,0.38,1.63,3.05,155.06,81.79,365.33,8.5,6.39,12.55
"SA","Ceduna",133.846725463867,-32.4609375,0.38,2.56,4.45,26.67,16.83,50.59,4.77,3.87,6.34
"NSW","Mid-Coast",152.521682739258,-32.4567642211914,0.38,1.62,2.72,286.9,140.11,749.15,8.31,6.4,11.74
"WASouth","Rockingham",115.721504211426,-32.3826293945312,0.38,1.37,2.93,78.72,44.87,167.82,6.78,5.22,9.73
"WASouth","Dundas",125.731330871582,-32.4147415161133,0.38,1.63,2.95,151.69,80.29,355.65,9.48,7.01,14.33
"WASouth","Dundas",125.770309448242,-32.396053314209,0.38,1.64,2.99,142.49,76,330.72,8.69,6.51,12.92
"SA","Ceduna",133.860244750977,-32.413387298584,0.38,2.61,4.32,20.49,13.43,36.87,4.69,3.82,6.2
"NSW","Mid-Coast",152.54020690918,-32.4330139160156,0.38,1.62,3,278.44,137.28,715.97,6.13,4.88,8.3
"WASouth","Rockingham",115.711723327637,-32.3763732910156,0.38,1.37,2.93,80.71,45.82,173.1,6.76,5.2,9.69
"WASouth","Dundas",125.829124450684,-32.3588104248047,0.38,1.64,3.17,136.62,73.22,315.14,7.18,5.53,10.22
"NSW","Mid-Coast",152.537170410156,-32.3683662414551,0.38,1.62,2.99,274.71,135.84,703.27,5.83,4.68,7.82
"WASouth","Dundas",125.890777587891,-32.3272438049316,0.38,1.65,2.96,123.33,66.97,279.5,8.86,6.62,13.21
"WASouth","Dundas",125.939956665039,-32.3042793273926,0.38,1.65,3.18,120.44,65.52,272.45,7.01,5.42,9.94
"WASouth","Dundas",125.983673095703,-32.2883224487305,0.38,1.65,2.77,119.03,64.73,269.63,10.68,7.76,16.53
"WASouth","Dundas",126.580444335938,-32.3081016540527,0.38,1.71,3.82,59.57,35.01,122.18,5.24,4.19,7.11
"WASouth","Dundas",126.625343322754,-32.3101997375488,0.38,1.71,3.44,59.16,34.88,120.71,6.63,5.13,9.42
"WASouth","Dundas",126.683471679688,-32.3130416870117,0.38,1.72,3.36,53.88,32.28,107.39,7.07,5.42,10.18
"WASouth","Dundas",126.734107971191,-32.3103523254395,0.38,1.7,2.68,70.65,41.04,146.51,13.22,9.3,21.46
"WASouth","Dundas",126.778480529785,-32.3013000488281,0.38,1.71,2.69,64.55,37.8,132.6,12.73,8.99,20.54
"WASouth","Dundas",126.848419189453,-32.3034362792969,0.38,1.71,2.48,59.58,35.18,121.17,14.82,10.26,24.54
"SA","Unincorporated SA",133.836181640625,-32.352294921875,0.38,2.64,4.75,17.91,11.97,31.32,4.12,3.41,5.33
"WASouth","Rockingham",115.688369750977,-32.2748413085938,0.38,1.59,3.79,66.98,39.06,138.39,4.86,3.91,6.55
"WASouth","Dundas",126.101448059082,-32.2738990783691,0.38,1.67,2.83,92.81,51.45,206.06,9.3,6.9,13.97
"WASouth","Dundas",126.13289642334,-32.2580986022949,0.38,1.67,2.78,95.53,52.74,213.32,10.05,7.38,15.34
"WASouth","Dundas",126.229583740234,-32.2429428100586,0.38,1.71,3.42,63.5,36.55,134.76,5.72,4.52,7.87
"WASouth","Dundas",126.268409729004,-32.2527847290039,0.38,1.72,3.4,58.17,33.93,121.17,5.88,4.64,8.14
"WASouth","Dundas",126.315170288086,-32.2620964050293,0.38,1.72,3.44,57.99,33.88,120.43,5.87,4.63,8.13
"WASouth","Dundas",126.37329864502,-32.2812156677246,0.38,1.71,3.39,60.54,35.31,125.79,6.3,4.91,8.85
"WASouth","Dundas",126.418922424316,-32.2886085510254,0.38,1.72,3.39,53.76,31.83,109.49,6.31,4.92,8.89
"WASouth","Dundas",126.471771240234,-32.2922630310059,0.38,1.72,3.39,53.96,31.98,109.62,6.36,4.95,8.96
"WASouth","Dundas",126.52661895752,-32.3000717163086,0.38,1.72,3.38,54.28,32.22,109.95,6.54,5.07,9.27
"WASouth","Dundas",126.894958496094,-32.3038711547852,0.38,1.71,3.09,62.72,36.92,127.87,9.2,6.78,14.02
"WASouth","Dundas",126.948722839355,-32.3001441955566,0.38,1.72,3.2,54.46,32.58,108.75,8.21,6.15,12.25
"WASouth","Dundas",127.008438110352,-32.2939224243164,0.38,1.72,3.2,57.62,34.25,116.02,7.86,5.93,11.59
"WASouth","Dundas",127.05305480957,-32.2870330810547,0.38,1.73,3.17,53.5,32.06,106.59,7.88,5.95,11.56
"WASouth","Dundas",127.107360839844,-32.2873420715332,0.38,1.72,3.15,58.2,34.53,117.49,8.14,6.12,12.03
"WASouth","Dundas",127.156761169434,-32.2812728881836,0.38,1.72,3.18,57.09,33.91,115.16,7.97,6.02,11.73
"WASouth","Dundas",127.212768554688,-32.2844657897949,0.38,1.71,2.74,63.1,37.04,129.3,11.01,7.96,17.15
"WASouth","Dundas",127.259368896484,-32.2746429443359,0.38,1.71,3.02,59.83,35.27,122.04,8.77,6.55,13.08
"WASouth","Dundas",127.314971923828,-32.2637634277344,0.38,1.71,2.95,63.38,37.11,130.39,9.12,6.78,13.68
"WASouth","Dundas",127.354232788086,-32.2527313232422,0.38,1.7,3.21,65.62,38.28,135.63,7.45,5.71,10.69
"SA","Ceduna",133.767166137695,-32.2666244506836,0.38,2.61,4.26,20.35,13.35,36.53,4.78,3.88,6.35
"SA","Ceduna",133.777847290039,-32.2665901184082,0.38,2.61,4.27,20.27,13.31,36.34,4.76,3.87,6.32
"SA","Ceduna",133.851272583008,-32.2766571044922,0.38,2.64,3.83,17.61,11.81,30.66,5.94,4.67,8.27
"NSW","Mid-Coast",152.529312133789,-32.286075592041,0.38,1.62,2.61,278.47,137.67,712.54,9.45,6.97,14.34
"WASouth","Kwinana",115.753379821777,-32.2424011230469,0.38,1.61,2.16,55.57,33.37,110.05,14.66,10.36,23.41
"WASouth","Dundas",127.42276763916,-32.2359275817871,0.38,1.7,2.44,68.6,39.83,142.57,13.81,9.76,22.15
"WASouth","Dundas",127.463645935059,-32.2284698486328,0.38,1.7,2.39,71.27,41.14,149.37,15.09,10.53,24.59
"WASouth","Dundas",127.521705627441,-32.2205200195312,0.38,1.68,2.35,84.56,47.92,181.39,17.43,11.95,29.14
"SA","Ceduna",133.239868164062,-32.2043533325195,0.38,2.51,3.21,38.15,22.98,77.05,12.4,8.8,19.88
"SA","Ceduna",133.253402709961,-32.2127876281738,0.38,2.49,3.16,45.62,26.93,94.46,14.79,10.23,24.55
"SA","Unincorporated SA",133.678817749023,-32.2343902587891,0.38,2.59,3.8,23.22,14.97,42.65,6.64,5.15,9.4
"WASouth","Kwinana",115.763900756836,-32.2021522521973,0.38,1.61,1.99,57.39,34.3,114.44,20.18,13.7,34.01
"WASouth","Dundas",127.576217651367,-32.1881370544434,0.38,1.68,2.91,85.35,48.14,184.57,9.07,6.79,13.43
"WASouth","Dundas",127.615257263184,-32.1755561828613,0.38,1.68,2.93,87.01,48.98,188.57,8.95,6.71,13.21
"SA","Unincorporated SA",133.150283813477,-32.1936683654785,0.38,2.48,3.18,48.05,28.12,100.77,14.34,9.98,23.6
"SA","Ceduna",133.3134765625,-32.1855735778809,0.38,2.51,3.27,38.67,23.3,77.94,11.91,8.51,18.88
"SA","Ceduna",133.368133544922,-32.1918525695801,0.38,2.52,3.36,34.78,21.24,68.87,10.51,7.65,16.27
"SA","Ceduna",133.427627563477,-32.1941261291504,0.38,2.54,3.51,31.36,19.4,61.04,8.79,6.55,13.16
"NSW","Mid-Coast",152.538162231445,-32.1926536560059,0.38,1.62,2.46,283.85,140.23,726.52,12.17,8.61,19.64
"WASouth","Cockburn",115.744827270508,-32.1371726989746,0.38,1.59,1.81,70.17,40.82,145.19,34.54,21.92,63.67
"WASouth","Dundas",127.685852050781,-32.149528503418,0.38,2.42,3.69,89.25,50.11,194.12,8.82,6.64,12.97
"WASouth","Dundas",127.734603881836,-32.137565612793,0.38,2.43,3.71,84.28,47.51,182.56,8.58,6.48,12.54
"SA","Unincorporated SA",133.109451293945,-32.1493606567383,0.38,2.52,3.24,35.89,21.72,72.11,11.1,7.99,17.43
"SA","Ceduna",133.520812988281,-32.1467399597168,0.38,2.62,4.24,19.59,13,34.51,5,4.03,6.71
"SA","Ceduna",133.578567504883,-32.1495704650879,0.38,2.58,4.21,24.1,15.46,44.58,5.26,4.21,7.13
"NSW","Mid-Coast",152.512573242188,-32.1440925598145,0.38,1.62,2.22,284.27,140.34,728.43,21.45,14.12,38.13
"WASouth","Cockburn",115.75496673584,-32.0969123840332,0.38,1.6,2.15,65.56,38.47,134.08,17.29,11.89,28.71
"WASouth","Dundas",127.791816711426,-32.1241111755371,0.38,2.43,3.7,77.86,44.43,165.75,8.66,6.53,12.69
"WASouth","Dundas",127.841194152832,-32.1121406555176,0.38,2.43,3.68,79.3,45.17,169.19,8.97,6.73,13.25
"WASouth","Dundas",127.893455505371,-32.1038360595703,0.38,2.44,3.72,75.83,43.43,160.65,8.78,6.61,12.91
"WASouth","Dundas",127.937492370605,-32.0988807678223,0.38,2.43,3.72,82.55,46.83,176.98,8.74,6.59,12.78
"WASouth","Dundas",127.981498718262,-32.089427947998,0.38,2.43,3.72,83.12,47.28,177.32,8.91,6.7,13.08
"WASouth","Dundas",128.041961669922,-32.0753326416016,0.38,2.43,3.69,80.84,46.23,171.07,9.11,6.85,13.4
"SA","Unincorporated SA",132.977661132812,-32.1035575866699,0.38,2.47,3.61,51.83,30,110.37,9.28,6.84,14.12
"SA","Unincorporated SA",132.992446899414,-32.105827331543,0.38,2.48,3.51,51.18,29.65,108.9,10.47,7.6,16.28
"NSW","Mid-Coast",152.524337768555,-32.1037445068359,0.38,1.62,2.29,284.59,140.4,730.13,16.73,11.58,27.51
"WASouth","Dundas",128.103988647461,-32.0477027893066,0.38,2.44,3.67,69.87,40.85,143.3,9.34,6.99,13.8
"WASouth","Dundas",128.147399902344,-32.0388107299805,0.38,2.44,3.65,72.15,41.93,149.27,9.65,7.2,14.34
"WASouth","Dundas",128.200286865234,-32.0213279724121,0.38,2.44,3.67,71.26,41.38,147.77,9.31,6.98,13.75
"SA","Unincorporated SA",132.216537475586,-32.0306205749512,0.38,2.43,3.48,77.99,42.98,177.13,11.91,8.52,18.85
"SA","Unincorporated SA",132.265014648438,-32.0361747741699,0.38,2.44,3.47,69.27,38.78,154.01,11.71,8.4,18.45
"SA","Unincorporated SA",132.311965942383,-32.0363311767578,0.38,2.44,3.46,72.31,40.25,162.01,12.27,8.75,19.47
"SA","Unincorporated SA",132.916961669922,-32.0495147705078,0.38,2.48,3.63,48.56,28.31,102.5,8.94,6.63,13.49
"NSW","Mid-Coast",152.54850769043,-32.0601654052734,0.38,1.62,2.53,293.18,143.91,757.61,10.22,7.58,15.3
"WASouth","Cottesloe",115.748397827148,-32.0159225463867,0.38,1.59,2.65,72.62,42.43,148.8,10.12,7.46,15.31
"WASouth","Dundas",128.256439208984,-31.9999656677246,0.38,2.44,3.91,71.46,41.62,147.34,8.55,6.44,12.59
"WASouth","Dundas",128.312133789062,-31.983757019043,0.38,2.44,3.84,71.83,41.72,148.83,8.64,6.51,12.68
"SA","Unincorporated SA",132.165283203125,-32.0149269104004,0.38,2.49,4.03,43.93,26.2,89.48,6.96,5.33,10.05
"SA","Unincorporated SA",132.368988037109,-32.0129013061523,0.38,2.45,3.39,64.73,36.46,142.91,13.21,9.34,21.2
"SA","Unincorporated SA",132.472396850586,-32.0139274597168,0.38,2.44,3.07,71.37,39.6,161.08,18.84,12.7,32.27
"SA","Unincorporated SA",132.848297119141,-32.009693145752,0.38,2.46,3.56,60.42,34.2,132.8,10.08,7.36,15.52
"NSW","Mid-Coast",152.568206787109,-32.0073547363281,0.38,1.62,2.37,287.25,141.28,740.57,13.85,9.91,21.69
"WASouth","Dundas",128.368698120117,-31.96462059021,0.38,2.44,3.72,72.35,41.97,150.19,9.33,6.98,13.8
"SA","Unincorporated SA",132.113922119141,-31.9684658050537,0.38,2.48,4.29,49.63,29.15,103.14,6.11,4.77,8.59
"SA","Unincorporated SA",132.520324707031,-31.9427661895752,0.38,2.44,2.96,70.74,39.15,160.49,21.35,14.12,37.6
"SA","Unincorporated SA",132.580688476562,-31.937349319458,0.38,2.45,3.08,66.91,37.29,150.36,17.7,12.02,30.05
"SA","Unincorporated SA",132.633117675781,-31.9477863311768,0.38,2.45,3.3,62.02,34.95,137.25,13.6,9.56,22.03
"SA","Unincorporated SA",132.677658081055,-31.9606323242188,0.38,2.45,3.53,67.77,37.75,152.37,10.97,7.95,17.05
"SA","Unincorporated SA",132.737106323242,-31.957389831543,0.38,2.46,3.62,58.97,33.43,129.5,9.43,6.99,14.2
"SA","Unincorporated SA",132.793395996094,-31.9670734405518,0.38,2.51,3.84,37.53,22.71,75.17,7.24,5.55,10.42
"NSW","Mid-Coast",152.607528686523,-31.9559078216553,0.38,1.95,2.63,313.44,152.46,820.23,17.01,11.9,27.45
"WASouth","Cambridge",115.747932434082,-31.9169654846191,0.38,1.58,2.94,82.17,47.34,171.43,6.76,5.25,9.53
"WASouth","Dundas",128.386245727539,-31.9521999359131,0.38,2.44,3.72,71.2,41.51,146.64,9.5,7.08,14.14
"WASouth","Dundas",128.428405761719,-31.9378452301025,0.38,2.45,3.71,63.91,37.57,130.44,9.14,6.86,13.46
"WASouth","Dundas",128.470016479492,-31.9254741668701,0.38,2.44,3.55,72.94,42.25,151.71,11.39,8.29,17.52
"SA","Unincorporated SA",132.013717651367,-31.8924770355225,0.38,2.49,3.23,44.73,26.6,91.52,14.3,9.95,23.58
"SA","Unincorporated SA",132.059448242188,-31.9186496734619,0.38,2.48,3.21,48.7,28.63,101.15,15.35,10.57,25.66
"NSW","Mid-Coast",152.631057739258,-31.9270057678223,0.38,1.95,2.7,321.59,155.91,845.28,13.94,10.01,21.73
"WASouth","Stirling",115.745735168457,-31.8783321380615,0.38,1.58,3.16,86.48,49.45,182.28,6.01,4.73,8.32
"WASouth","Dundas",128.533950805664,-31.8932571411133,0.38,2.44,3.35,69.31,40.49,142.38,14.44,10.17,23.24
"WASouth","Dundas",128.580505371094,-31.8804798126221,0.38,2.44,3.28,73.13,42.31,152.44,16.42,11.35,27.11
"WASouth","Dundas",128.611724853516,-31.8646335601807,0.38,2.44,3.3,68.55,40.02,141.12,15.69,10.92,25.69
"SA","Unincorporated SA",131.970077514648,-31.8648357391357,0.38,2.48,3.84,48.23,28.36,100.23,8.22,6.17,12.2
"WASouth","Dundas",128.681121826172,-31.8330821990967,0.38,2.44,3.23,74.69,43.08,156.3,17.93,12.25,30.07
"SA","Unincorporated SA",131.866165161133,-31.8002967834473,0.38,2.47,3.81,54.56,31.59,115.7,8.73,6.51,13.07
"SA","Unincorporated SA",131.903350830078,-31.8179912567139,0.38,2.5,3.86,43.02,25.71,87.39,7.73,5.86,11.31
"NSW","Mid-Coast",152.739624023438,-31.8378868103027,0.38,1.95,3.09,290.57,143.2,745.94,7.58,5.91,10.56
"WASouth","Joondalup",115.724632263184,-31.7862281799316,0.38,1.57,3.96,90.3,51.1,193.48,4.32,3.55,5.63
"WASouth","Dundas",128.707641601562,-31.8146839141846,0.38,2.44,3.55,73.21,42.26,153.23,11.34,8.25,17.45
"WASouth","Dundas",128.745147705078,-31.7919063568115,0.38,2.44,3.67,74.46,42.66,157.83,9.49,7.06,14.16
"WASouth","Dundas",128.780517578125,-31.7762622833252,0.38,2.43,3.73,76.11,43.57,161.36,9.27,6.93,13.74
"WASouth","Dundas",128.817230224609,-31.7588386535645,0.38,2.44,3.68,75.24,43.05,159.74,9.82,7.28,14.73
"SA","Unincorporated SA",131.816452026367,-31.7617855072021,0.38,2.49,4.17,46.99,27.75,97.09,6.36,4.95,8.94
"NSW","Mid-Coast",152.768844604492,-31.7700748443604,0.38,1.94,2.93,333.26,161.59,873.99,9.52,7.18,13.85
"WASouth","Joondalup",115.711456298828,-31.7327613830566,0.38,1.56,2.9,99.94,55.88,217.52,8.57,6.41,12.76
"WASouth","Dundas",128.923278808594,-31.7160186767578,0.38,2.43,3.67,76.74,43.71,164.07,9.79,7.27,14.64
"WASouth","Dundas",128.980865478516,-31.6983222961426,0.38,2.44,3.66,74.97,42.84,159.57,9.88,7.33,14.79
"SA","Unincorporated SA",131.749893188477,-31.7228736877441,0.38,2.47,4.09,54.69,31.58,116.57,6.84,5.28,9.73
"NSW","Mid-Coast",152.789184570312,-31.7463817596436,0.38,1.94,3.04,346.86,167.36,915.67,8.33,6.41,11.82
"WASouth","Wanneroo",115.685127258301,-31.6741313934326,0.38,1.56,3.34,99.49,55.61,216.69,6.26,4.89,8.76
"SA","Unincorporated SA",129.05632019043,-31.6806087493896,0.38,2.44,3.5,73.32,42.02,155.46,12.13,8.77,18.81
"SA","Unincorporated SA",129.103088378906,-31.6748466491699,0.38,2.44,3.71,73.76,42.18,156.96,9.98,7.38,15.02
"SA","Unincorporated SA",129.161315917969,-31.6735076904297,0.38,2.44,3.77,74.94,42.83,159.48,9.96,7.36,15
"SA","Unincorporated SA",129.220596313477,-31.6642150878906,0.38,2.44,3.67,75.66,43.19,161.3,11.26,8.18,17.35
"SA","Unincorporated SA",129.265991210938,-31.6626873016357,0.38,2.44,3.7,73.95,42.25,157.6,10.82,7.9,16.6
"SA","Unincorporated SA",129.315948486328,-31.6522197723389,0.38,2.44,3.69,74.03,42.24,158.09,10.89,7.94,16.7
"SA","Unincorporated SA",129.355773925781,-31.6487083435059,0.38,2.44,3.79,73.7,42.03,157.62,10,7.37,15.16
"SA","Unincorporated SA",129.425933837891,-31.6450424194336,0.38,2.44,3.82,74.73,42.47,160.71,9.77,7.21,14.77
"SA","Unincorporated SA",129.472854614258,-31.6405601501465,0.38,2.44,3.83,73.58,41.83,158.29,9.69,7.16,14.62
"SA","Unincorporated SA",131.651901245117,-31.6733074188232,0.38,2.48,4.09,50.7,29.58,106.6,6.72,5.2,9.53
"SA","Unincorporated SA",131.689712524414,-31.6900215148926,0.38,2.48,4.1,51.24,29.85,107.94,6.63,5.15,9.39
"NSW","Port Macquarie-Hastings",152.797271728516,-31.7039813995361,0.38,1.94,2.86,331.29,160.9,866.52,10.57,7.84,15.81
"WASouth","Wanneroo",115.66731262207,-31.6364288330078,0.38,1.56,2.82,100.93,56.23,220.97,9.1,6.76,13.69
"SA","Unincorporated SA",129.529388427734,-31.6297702789307,0.38,2.44,3.78,74.45,42.2,160.91,10.08,7.41,15.31
"SA","Unincorporated SA",129.572463989258,-31.6263446807861,0.38,2.44,3.85,75.19,42.51,163.21,9.48,7.02,14.29
"SA","Unincorporated SA",129.628784179688,-31.62229347229,0.38,2.44,3.88,72.69,41.21,157.33,9.04,6.73,13.52
"SA","Unincorporated SA",129.693832397461,-31.6235198974609,0.38,2.44,3.94,73.71,41.66,160.29,8.41,6.32,12.41
"SA","Unincorporated SA",129.735946655273,-31.6218967437744,0.38,2.44,3.93,74.74,42.12,163.21,8.42,6.33,12.45
"SA","Unincorporated SA",129.787750244141,-31.6160411834717,0.38,2.43,3.89,76.19,42.84,166.88,8.7,6.51,12.94
"SA","Unincorporated SA",129.832595825195,-31.6155910491943,0.38,2.44,3.82,74.69,42.04,163.5,9.02,6.72,13.5
"SA","Unincorporated SA",131.550842285156,-31.6270198822021,0.38,2.46,4.01,56.68,32.54,121.8,7.31,5.6,10.51
"SA","Unincorporated SA",131.594345092773,-31.6472778320312,0.38,2.46,3.99,57.84,33.14,124.66,7.5,5.73,10.85
"NSW","Port Macquarie-Hastings",152.835205078125,-31.6545162200928,0.38,1.94,2.97,344.1,166.18,907.28,9,6.84,12.98
"WASouth","Wanneroo",115.648307800293,-31.6077747344971,0.38,1.56,2.79,107.61,59.88,235.26,9.86,7.24,15.04
"SA","Unincorporated SA",129.888397216797,-31.5991954803467,0.38,2.44,3.68,73.63,41.43,161.43,9.9,7.3,15.02
"SA","Unincorporated SA",129.949752807617,-31.5961685180664,0.38,2.44,3.92,72.33,40.76,158.3,8.44,6.33,12.49
"SA","Unincorporated SA",129.994247436523,-31.5926780700684,0.38,2.44,3.86,70.83,40,154.62,8.58,6.43,12.74
"SA","Unincorporated SA",130.050231933594,-31.5961151123047,0.38,2.44,3.99,69.09,39.14,150.21,7.7,5.85,11.22
"SA","Unincorporated SA",130.118804931641,-31.5930976867676,0.38,2.45,4.02,67.75,38.49,146.71,7.43,5.67,10.75
"SA","Unincorporated SA",130.15576171875,-31.5828647613525,0.38,2.45,3.91,68.17,38.7,147.74,8.26,6.21,12.2
"SA","Unincorporated SA",130.215423583984,-31.5854110717773,0.38,2.45,3.98,67.68,38.47,146.45,7.79,5.9,11.37
"SA","Unincorporated SA",130.254623413086,-31.5786609649658,0.38,2.45,3.92,66.76,38.01,144.08,8.09,6.1,11.9
"SA","Unincorporated SA",130.329986572266,-31.5885944366455,0.38,2.45,4.04,65.58,37.45,140.97,7.27,5.56,10.49
"SA","Unincorporated SA",130.372512817383,-31.5924854278564,0.38,2.45,4.09,65.13,37.27,139.54,7.15,5.49,10.29
"SA","Unincorporated SA",130.413299560547,-31.5909996032715,0.38,2.45,4.07,63.97,36.69,136.63,7.32,5.59,10.57
"SA","Unincorporated SA",130.47998046875,-31.599027633667,0.38,2.45,4.04,64.37,36.87,137.77,7.43,5.67,10.75
"SA","Unincorporated SA",130.524963378906,-31.5999298095703,0.38,2.45,4.01,65.32,37.3,140.46,7.65,5.81,11.12
"SA","Unincorporated SA",130.587509155273,-31.5946865081787,0.38,2.45,3.99,65.6,37.4,141.43,7.67,5.83,11.15
"SA","Unincorporated SA",130.632949829102,-31.6012134552002,0.38,2.45,4.06,65.61,37.36,141.79,7.35,5.62,10.61
"SA","Unincorporated SA",130.681182861328,-31.6080703735352,0.38,2.45,4.03,67.84,38.44,147.59,7.54,5.75,10.93
"SA","Unincorporated SA",130.739852905273,-31.609992980957,0.38,2.44,4.08,69.69,39.28,152.87,7.21,5.53,10.36
"SA","Unincorporated SA",130.789611816406,-31.6127681732178,0.38,2.44,4.07,68.58,38.71,150.23,7.52,5.73,10.89
"SA","Unincorporated SA",130.838287353516,-31.6013946533203,0.38,2.44,3.93,71.95,40.34,159.05,8.46,6.36,12.52
"SA","Unincorporated SA",130.885787963867,-31.5917358398438,0.38,2.44,3.89,70.71,39.67,156.33,8.51,6.39,12.58
"SA","Unincorporated SA",130.931213378906,-31.5771179199219,0.38,2.44,3.81,69.84,39.21,154.32,9.06,6.74,13.56
"SA","Unincorporated SA",131.437576293945,-31.5794830322266,0.38,2.46,3.98,59.8,34.08,129.85,7.63,5.81,11.06
"SA","Unincorporated SA",131.485397338867,-31.5951290130615,0.38,2.47,4.03,51.83,30.11,109.69,6.89,5.32,9.8
"NSW","Port Macquarie-Hastings",152.850280761719,-31.6034832000732,0.38,1.79,2.65,365.96,175.41,974.6,12.01,8.72,18.46
"WASouth","Wanneroo",115.60888671875,-31.5414657592773,0.38,1.54,3.2,131.27,71.48,294.99,7.24,5.55,10.4
"SA","Unincorporated SA",130.997650146484,-31.5531368255615,0.38,2.44,3.8,71.48,39.96,159.01,9.28,6.88,13.95
"SA","Unincorporated SA",131.023834228516,-31.5464344024658,0.38,2.44,3.82,71.47,39.93,159.11,9.05,6.74,13.54
"SA","Unincorporated SA",131.380752563477,-31.5541572570801,0.38,2.47,3.77,53.49,30.91,114.05,8.62,6.46,12.78
"NSW","Port Macquarie-Hastings",152.86848449707,-31.545295715332,0.38,1.79,2.65,363.61,174.46,966.94,11.47,8.4,17.43
"WASouth","Wanneroo",115.579460144043,-31.5047473907471,0.38,1.54,3.33,126.42,69.21,281.94,6.41,4.99,9
"SA","Unincorporated SA",131.073684692383,-31.5080394744873,0.38,2.44,3.27,72.62,40.43,162.6,15.54,10.75,25.72
"SA","Unincorporated SA",131.278564453125,-31.5154247283936,0.38,2.45,3.61,64.27,36.25,141.59,10.8,7.85,16.73
"SA","Unincorporated SA",131.315841674805,-31.5268726348877,0.38,2.47,3.7,56.08,32.19,120.73,9.29,6.89,13.97
"NSW","Port Macquarie-Hastings",152.907958984375,-31.5069618225098,0.38,1.79,2.72,379.64,181.13,1017.23,10.57,7.84,15.77
"WASouth","Wanneroo",115.559936523438,-31.4665012359619,0.38,1.56,2.83,105.92,58.81,232.68,9.09,6.75,13.65
"SA","Unincorporated SA",131.15950012207,-31.4727210998535,0.38,2.45,3.5,67.02,37.56,149,11.7,8.41,18.38
"SA","Unincorporated SA",131.206832885742,-31.4837474822998,0.38,2.46,3.59,59.97,34.09,130.85,10.45,7.62,16.06
"NSW","Port Macquarie-Hastings",152.940475463867,-31.4754161834717,0.38,1.78,2.7,393.88,186.86,1063.9,10.91,8.04,16.44
"WASouth","Gingin",115.536895751953,-31.418773651123,0.38,1.56,2.83,103.61,57.72,226.55,9.06,6.73,13.6
"NSW","Port Macquarie-Hastings",152.928359985352,-31.4325828552246,0.38,1.78,2.58,431.71,202.96,1179.05,13.09,9.32,20.8
"WASouth","Gingin",115.504013061523,-31.3707466125488,0.38,1.56,2.84,99.36,55.56,216.29,8.84,6.6,13.2
"NSW","Port Macquarie-Hastings",152.935363769531,-31.3760375976562,0.38,1.78,2.58,440.42,206.48,1207.41,12.93,9.24,20.39
"WASouth","Gingin",115.452171325684,-31.3046283721924,0.38,1.55,3.43,116.74,64.03,260.7,5.95,4.68,8.29
"NSW","Port Macquarie-Hastings",152.950302124023,-31.3485851287842,0.38,1.78,2.64,438.59,205.59,1203.04,11.64,8.46,17.94
"WASouth","Gingin",115.442108154297,-31.2915267944336,0.38,1.57,3.45,95.87,53.89,207.15,5.77,4.55,7.98
"NSW","Port Macquarie-Hastings",152.975173950195,-31.3107528686523,0.38,1.77,2.6,500.77,230.18,1411.77,12.83,9.09,20.6
"WASouth","Gingin",115.419357299805,-31.245044708252,0.38,1.56,3.42,101.69,56.93,220.62,5.81,4.59,8.02
"NSW","Kempsey",152.973022460938,-31.2520561218262,0.38,1.77,2.4,533.9,243.01,1526.36,20.53,13.7,35.7
"WASouth","Gingin",115.392807006836,-31.1863384246826,0.38,1.53,3.58,166.2,87.24,393.48,5.56,4.42,7.63
"NSW","Kempsey",152.983184814453,-31.1969738006592,0.38,1.77,2.58,527.82,240.45,1507.59,13.03,9.29,20.64
"WASouth","Gingin",115.385330200195,-31.1538333892822,0.38,1.53,3.59,156.22,82.53,366.92,5.51,4.38,7.56
"NSW","Kempsey",152.991317749023,-31.1546783447266,0.38,1.77,2.51,575.89,258.8,1677.01,14.9,10.44,24.12
"WASouth","Gingin",115.362205505371,-31.1025295257568,0.38,1.52,3.61,182,94.06,440.78,5.76,4.55,7.97
"NSW","Kempsey",153.032028198242,-31.1024646759033,0.38,1.77,2.61,576.73,259.35,1677.43,12.22,8.84,18.91
"WASouth","Gingin",115.342430114746,-31.0608196258545,0.38,1.52,3.5,183.69,94.39,449.15,6.02,4.72,8.41
"NSW","Kempsey",153.056930541992,-31.0748081207275,0.38,1.77,2.64,506.97,231.7,1443,11.54,8.39,17.75
"WASouth","Gingin",115.320510864258,-31.0287113189697,0.38,1.5,3.46,239.34,118.83,613.15,6.52,5.06,9.24
"NSW","Kempsey",153.043502807617,-31.0297470092773,0.38,1.76,2.43,622.49,274.96,1861.27,19.02,12.66,33.37
"WASouth","Gingin",115.295783996582,-30.9604682922363,0.38,1.5,3.43,240.01,118.62,619.85,6.68,5.14,9.56
"NSW","Kempsey",153.046813964844,-30.9842147827148,0.38,1.76,2.5,665.94,291.78,2012.47,15.42,10.64,25.66
"WASouth","Gingin",115.276443481445,-30.930419921875,0.38,1.5,3.4,253.39,123.88,665.25,6.72,5.18,9.63
"NSW","Kempsey",153.088363647461,-30.9275894165039,0.38,1.77,2.59,533.82,241.37,1544.28,13.23,9.42,21
"WASouth","Dandaragan",115.240005493164,-30.8705768585205,0.38,1.5,3.43,258.42,125.55,685.37,6.61,5.1,9.42
"NSW","Kempsey",153.085525512695,-30.8952293395996,0.38,1.76,2.52,735.72,316.93,2279.02,16.45,11.13,28.3
"WASouth","Dandaragan",115.187698364258,-30.8250331878662,0.38,1.5,3.46,239.37,117.63,624.68,6.75,5.2,9.66
"NSW","Kempsey",153.030914306641,-30.8714618682861,0.38,1.75,2.38,911.29,379.48,2963.36,22.82,14.82,41.43
"WASouth","Dandaragan",115.184829711914,-30.798412322998,0.38,1.5,3.44,247.03,121.3,644.38,6.71,5.18,9.57
"NSW","Kempsey",153.005218505859,-30.7961273193359,0.38,1.9,2.6,902.02,376.02,2929.51,19.25,12.67,34.47
"WASouth","Dandaragan",115.154327392578,-30.7313938140869,0.38,1.5,3.5,270.07,130.77,718.74,6.45,5,9.15
"NSW","Nambucca Valley",153.005493164062,-30.7533626556396,0.38,1.9,2.61,892.92,372.4,2899.2,19.22,12.71,34.15
"WASouth","Dandaragan",115.146286010742,-30.7076206207275,0.38,1.5,4.3,261.93,126.97,696.97,4.51,3.67,6
"NSW","Nambucca Valley",152.995315551758,-30.7101802825928,0.38,1.9,2.5,941.57,389.83,3088.04,26.53,16.79,50.06
"WASouth","Dandaragan",115.127380371094,-30.6585559844971,0.38,1.5,3.74,244.82,119.34,647.56,5.6,4.43,7.75
"NSW","Nambucca Valley",153.004257202148,-30.6698932647705,0.38,1.9,2.5,946.71,391.42,3111.73,27.43,17.4,51.4
"WASouth","Dandaragan",115.111801147461,-30.6207237243652,0.38,1.54,3.79,135.52,72.03,317.42,5.37,4.26,7.38
"NSW","Nambucca Valley",153.019149780273,-30.6265201568604,0.38,1.9,2.66,966.97,399.03,3185.34,17.3,11.66,29.81
"WASouth","Dandaragan",115.083290100098,-30.5732135772705,0.38,1.52,3.77,194.45,97.78,492.87,5.56,4.4,7.68
"NSW","Nambucca Valley",153.019500732422,-30.5769462585449,0.38,1.9,2.67,995.08,409.58,3287.53,16.68,11.34,28.37
"WASouth","Dandaragan",115.075393676758,-30.5281600952148,0.38,1.55,3.81,123.82,67.03,282.15,5.42,4.29,7.46
"NSW","Bellingen",153.031387329102,-30.5263671875,0.38,1.9,2.64,1007.85,414.35,3334.21,18.08,12.18,31.14
"WASouth","Dandaragan",115.053398132324,-30.501594543457,0.38,1.52,3.74,173.17,88.45,429.64,5.67,4.47,7.88
"NSW","Bellingen",153.044219970703,-30.4817237854004,0.38,1.9,2.61,1029.25,421.93,3418.51,19.26,12.93,33.2
"WASouth","Dandaragan",115.047470092773,-30.4367961883545,0.38,1.52,3.15,176.51,90.34,435.75,8.44,6.33,12.53
"NSW","Coffs Harbour",153.076995849609,-30.4302654266357,0.38,1.9,2.59,1042.49,428.61,3441.52,19.26,12.95,33.13
"WASouth","Dandaragan",115.044143676758,-30.4008903503418,0.38,1.53,3.14,156.52,81.61,376.37,8.19,6.17,12.07
"NSW","Coffs Harbour",153.092559814453,-30.3893413543701,0.38,1.9,2.58,1056.52,432.59,3511.24,20.88,13.99,35.96
"WASouth","Dandaragan",115.02587890625,-30.3309841156006,0.38,1.54,3.3,142.86,75.6,336.3,7.36,5.63,10.64
"NSW","Coffs Harbour",153.126800537109,-30.3319225311279,0.38,1.9,2.56,1078.86,440.35,3601.52,22.28,14.87,38.48
"WASouth","Dandaragan",114.994132995605,-30.235387802124,0.38,1.5,3.66,261.63,126.55,699.02,6.39,4.97,9.06
"NSW","Coffs Harbour",153.156356811523,-30.2409725189209,0.38,1.9,3.32,1050.63,432.34,3461.4,7.67,5.76,11.43
"WASouth","Dandaragan",114.994964599609,-30.2107048034668,0.38,1.58,3.42,86.24,49.28,182.08,6.65,5.16,9.39
"NSW","Coffs Harbour",153.176498413086,-30.1921348571777,0.38,1.9,2.65,1073.31,440.86,3543.33,17.7,12.15,29.47
"WASouth","Dandaragan",115.000297546387,-30.169246673584,0.38,1.54,3.61,144.23,76.07,341.34,6.64,5.11,9.53
"NSW","Coffs Harbour",153.206909179688,-30.1587238311768,0.38,1.9,2.49,1025.79,425.73,3332.72,30.21,19.36,55.16
"WASouth","Coorow",114.99592590332,-30.1270275115967,0.38,1.57,4.05,92.93,52.68,198.19,5.27,4.18,7.26
"NSW","Coffs Harbour",153.213607788086,-30.1134433746338,0.38,1.9,2.71,1101.19,451.46,3642.26,16.71,11.46,27.97
"WASouth","Coorow",114.980415344238,-30.0796737670898,0.38,1.59,3.69,77.08,44.89,158.32,6.1,4.77,8.55
"NSW","Coffs Harbour",153.208786010742,-30.0711421966553,0.38,1.89,2.47,1145.14,466.8,3818.11,29.04,18.61,53.15
"WASouth","Coorow",114.954887390137,-30.0253677368164,0.38,1.56,3.45,101.84,57,221.05,7,5.39,10
"NSW","Coffs Harbour",153.215179443359,-30.0229415893555,0.38,1.9,2.85,1081.01,445.28,3549.3,14.46,10.01,24.04
"WASouth","Coorow",114.95531463623,-29.9851188659668,0.38,1.56,4.4,112.76,61.95,251.59,4.34,3.57,5.66
"NSW","Coffs Harbour",153.238662719727,-29.9773464202881,0.38,1.9,2.51,1045.1,433.26,3398.59,28.26,18.18,51.43
"WASouth","Coorow",114.968734741211,-29.9450035095215,0.38,1.54,2.8,137.44,73.4,318.91,10.61,7.79,16.1
"NSW","Clarence Valley",153.275238037109,-29.9223747253418,0.38,1.89,3.12,1110.43,456.46,3653.62,10.58,7.61,16.71
"WASouth","Carnamah",114.973503112793,-29.8855590820312,0.38,1.54,3.05,130.39,70.4,297.57,9.18,6.84,13.7
"NSW","Clarence Valley",153.280456542969,-29.8977203369141,0.38,1.9,2.45,1052.38,436.46,3418.38,36.18,22.5,68.99
"WASouth","Carnamah",114.972312927246,-29.8436660766602,0.38,1.55,3.26,124.6,67.85,280.74,8.24,6.21,12.13
"NSW","Clarence Valley",153.294281005859,-29.8302783966064,0.38,1.72,2.78,1075.85,444.92,3508.1,13.53,9.43,22.29
"WASouth","Carnamah",114.957695007324,-29.8063068389893,0.38,1.55,3.1,122.65,67,275.06,9.29,6.9,13.94
"NSW","Clarence Valley",153.29426574707,-29.8049736022949,0.38,1.72,2.61,1087.68,449.95,3542.54,17.54,11.81,30.29
"WASouth","Carnamah",114.952522277832,-29.757698059082,0.38,1.57,3.05,93.97,53.31,199.98,8.76,6.6,12.86
"NSW","Clarence Valley",153.297424316406,-29.755256652832,0.38,1.72,2.5,1110.66,457.87,3635.55,20.51,13.48,36.69
"WASouth","Carnamah",114.951667785645,-29.71044921875,0.38,1.57,3.16,96.8,54.76,206.76,8.32,6.3,12.13
"NSW","Clarence Valley",153.313415527344,-29.7081756591797,0.38,1.72,2.51,1182.68,481.47,3945.36,21.88,14.23,39.73
"WASouth","Irwin",114.953964233398,-29.6772804260254,0.38,1.58,3.36,85.41,49.08,178.59,7.15,5.51,10.18
"NSW","Clarence Valley",153.332794189453,-29.6719799041748,0.38,1.72,2.47,1148.3,468.75,3818.41,24.71,15.91,45.35
"WASouth","Irwin",114.954727172852,-29.6415576934814,0.38,1.57,3.06,94.09,53.36,200.39,9.17,6.87,13.54
"NSW","Clarence Valley",153.342529296875,-29.6138515472412,0.38,1.72,2.48,1179.56,479.93,3939.35,25.25,16.16,46.81
"WASouth","Irwin",114.970321655273,-29.5824966430664,0.38,1.58,3.05,80.98,46.96,167.12,8.92,6.71,13.13
"NSW","Clarence Valley",153.343475341797,-29.5742435455322,0.38,1.72,2.44,1197.86,487.18,3999.82,26.19,16.6,49.31
"WASouth","Irwin",114.977729797363,-29.5372772216797,0.38,1.59,3.06,77.98,45.52,159.42,8.9,6.69,13.08
"WASouth","Irwin",114.978500366211,-29.4595909118652,0.38,1.58,3.02,76.79,45.02,155.9,9.75,7.24,14.57
"NSW","Clarence Valley",153.368377685547,-29.4821014404297,0.38,1.72,2.46,1093.99,451.68,3574.35,26.28,16.6,49.79
"WASouth","Irwin",114.967781066895,-29.4326305389404,0.38,1.57,2.8,81.74,47.51,167.93,11.99,8.66,18.64
"WASouth","Irwin",114.954193115234,-29.3937854766846,0.38,1.58,2.83,79.42,46.32,162.47,11.85,8.56,18.42
"NSW","Clarence Valley",153.371276855469,-29.3912181854248,0.38,1.72,2.5,1135.24,465.42,3748.24,23.64,15.13,44.01
"WASouth","Irwin",114.926536560059,-29.3203926086426,0.38,1.55,2.92,107.36,60.17,231.83,11.37,8.26,17.53
"NSW","Clarence Valley",153.365295410156,-29.3581199645996,0.38,1.72,2.35,1054,436.95,3425.93,34.47,21.03,68.36
"WASouth","Irwin",114.913864135742,-29.2869644165039,0.38,1.55,2.89,104.55,58.74,225.05,11.67,8.44,18.12
"NSW","Clarence Valley",153.348754882812,-29.3042602539062,0.38,1.72,2.3,1066.46,440.91,3481.1,38.92,23.37,78.91
"WASouth","Irwin",114.909912109375,-29.2444686889648,0.38,1.54,2.51,118.04,65.19,260.15,20.8,13.82,36.37
"NSW","Richmond Valley",153.368148803711,-29.2545299530029,0.38,1.72,2.31,1089.34,448.84,3573.16,43.54,25.86,89.39
"WASouth","Irwin",114.88712310791,-29.1897125244141,0.38,1.53,2.49,133.43,72.31,302.09,22.21,14.63,39.33
"NSW","Richmond Valley",153.411026000977,-29.1963233947754,0.38,1.73,2.5,968.46,405.84,3102.67,29.63,18.47,57.03
"WASouth","Irwin",114.873435974121,-29.1469745635986,0.38,1.54,2.5,129.67,70.53,292.15,23.78,15.46,42.99
"NSW","Richmond Valley",153.452331542969,-29.1486778259277,0.38,1.72,2.51,1010.8,421.51,3258.93,33.83,20.67,67.06
"WASouth","Irwin",114.856018066406,-29.1050128936768,0.38,1.53,2.76,133.83,72.41,303.87,17.14,11.69,28.91
"WASouth","Greater Geraldton",114.816383361816,-29.0628108978271,0.38,1.52,2.73,164.98,86.31,393.07,21.23,14.01,37.59
"NSW","Richmond Valley",153.446487426758,-29.0618591308594,0.38,1.73,2.37,916.79,388.76,2884.64,38.83,23.29,78.94
"WASouth","Greater Geraldton",114.758316040039,-29.0034446716309,0.38,1.52,2.45,166.1,86.81,396.29,33.63,20.75,65.46
"NSW","Richmond Valley",153.464874267578,-29.0198650360107,0.38,1.73,2.43,774.08,336.9,2347.4,33.1,20.41,64.54
"WASouth","Greater Geraldton",114.707145690918,-28.9571838378906,0.38,1.51,2.58,178.25,92.02,433.06,27.24,17.37,50.56
"NSW","Ballina",153.507629394531,-28.9700202941895,0.38,1.82,2.54,849.96,364.83,2628.21,37.74,22.9,75.17
"WASouth","Greater Geraldton",114.663841247559,-28.9155330657959,0.38,1.52,2.63,174.15,90.21,421.03,25.75,16.55,47.27
"NSW","Ballina",153.529373168945,-28.9397678375244,0.38,1.82,2.57,858.97,368.02,2663.11,34.65,21.26,68
"WASouth","Greater Geraldton",114.63501739502,-28.8812580108643,0.38,1.51,2.69,179.37,92.45,436.86,22.5,14.76,40.11
"NSW","Ballina",153.580993652344,-28.8838138580322,0.38,1.83,2.59,755.76,331.75,2260.37,32.11,19.92,62.06
"WASouth","Greater Geraldton",114.618743896484,-28.8406734466553,0.38,1.52,2.65,153.91,81.23,362.45,22.49,14.8,39.84
"NSW","Ballina",153.611129760742,-28.808500289917,0.38,1.81,2.99,1120.1,461.91,3662.61,11.31,8.13,17.79
"WASouth","Greater Geraldton",114.592399597168,-28.7682914733887,0.38,1.54,2.6,116.05,63.5,260.3,26.03,16.85,47.11
"NSW","Byron",153.61198425293,-28.7380924224854,0.38,1.81,2.45,1171.91,479,3883.4,39.64,23.96,79.26
"WASouth","Greater Geraldton",114.604347229004,-28.6926441192627,0.38,1.55,2.36,111.65,61.45,248.44,31.39,19.92,58.22
"NSW","Byron",153.620986938477,-28.7066612243652,0.38,1.81,2.73,1080.29,447.56,3510.52,16.26,11.16,27.24
"WASouth","Chapman Valley",114.600944519043,-28.645206451416,0.38,1.55,2.34,103.31,57.49,226.42,34.77,21.67,66.26
"NSW","Byron",153.631103515625,-28.6545715332031,0.38,1.81,2.45,1099.33,453.17,3600.99,43.79,26.18,88.82
"WASouth","Chapman Valley",114.577018737793,-28.5933303833008,0.38,1.53,2.29,133.96,71.96,308.05,45.99,27.45,93.24
"NSW","Byron",153.582260131836,-28.6068649291992,0.38,1.81,2.35,1383.64,550.29,4769.72,35.3,21.45,70.51
"WASouth","Chapman Valley",114.562286376953,-28.5574893951416,0.38,1.56,2.66,100.95,56.42,219.78,22.51,14.99,39.02
"NSW","Byron",153.569381713867,-28.5657405853271,0.38,1.81,2.41,1344.41,536.79,4609.61,30.51,18.75,60.26
"WASouth","Northampton",114.522659301758,-28.5005149841309,0.38,1.53,2.59,147.37,78.19,344.6,28.81,18.53,52.39
"NSW","Byron",153.555862426758,-28.5195655822754,0.38,1.81,2.42,1358.58,541.19,4674.88,29.41,18.29,56.93
"WASouth","Northampton",114.488052368164,-28.4559593200684,0.38,1.52,2.5,162.47,85.27,385.25,36.59,22.71,70
"NSW","Tweed",153.559204101562,-28.4693031311035,0.38,1.81,2.42,1305.63,522.6,4464.37,30.75,19.08,59.55
"WASouth","Northampton",114.442192077637,-28.413272857666,0.38,1.52,2.22,160.61,84.28,381.12,58.26,33.65,123.54
"NSW","Tweed",153.563735961914,-28.4232139587402,0.38,1.81,2.42,1347.25,535.07,4663.4,32.7,20.1,64.22
"WASouth","Northampton",114.402420043945,-28.3563499450684,0.38,1.53,2.17,140.91,75.18,327.08,56.38,32.71,118.89
"NSW","Tweed",153.575973510742,-28.3762855529785,0.38,1.81,2.54,1321.7,525.08,4577.57,25.06,16.04,46.46
"WASouth","Northampton",114.371124267578,-28.3124885559082,0.38,1.53,2.1,144.62,76.96,336.76,68.74,38.7,151.3
"NSW","Tweed",153.579727172852,-28.3339424133301,0.38,1.76,2.49,1305.77,519.65,4511.58,23.66,15.21,43.67
"WASouth","Northampton",114.337631225586,-28.2735595703125,0.38,1.53,2.25,137.78,73.73,318.51,51.33,30.11,106.71
"NSW","Tweed",153.582611083984,-28.2861995697021,0.38,1.76,2.38,1244.77,499.07,4255.42,37.89,22.8,76.72
"WASouth","Northampton",114.274604797363,-28.2169628143311,0.38,1.52,2.24,161.86,84.77,385.33,45.01,26.9,91.2
"NSW","Tweed",153.573059082031,-28.2406616210938,0.38,1.76,2.34,1257.78,503.66,4306.97,33.95,20.73,67.32
"WASouth","Northampton",114.231704711914,-28.1851711273193,0.38,1.52,2.29,153.28,80.76,362.14,34.51,21.48,65.93
"NSW","Tweed",153.579681396484,-28.1937599182129,0.38,1.76,2.27,1306.92,517.26,4560.44,45.22,26.81,92.92
"WASouth","Northampton",114.173194885254,-28.1166114807129,0.38,1.52,2.44,162.86,84.9,390.83,24.75,16.06,44.7
"WASouth","Northampton",114.164390563965,-28.0951652526855,0.38,1.55,2.67,112.91,61.53,255.56,11.61,8.42,17.94
"QLDSouth","Gold Coast",153.467559814453,-28.1045627593994,0.38,1.76,2.44,1115.39,454.78,3723.13,20.57,13.32,37.84
"WASouth","Northampton",114.156120300293,-28.0480766296387,0.38,1.53,2.61,138.87,73.98,323.5,13.14,9.39,20.71
"QLDSouth","Gold Coast",153.447174072266,-28.0567150115967,0.38,1.79,2.36,1038.16,427.48,3418.74,31.33,19.31,61.44
"WASouth","Northampton",114.14404296875,-27.9935626983643,0.38,1.52,2.64,156.55,81.92,374.04,13.98,9.8,22.72
"QLDSouth","Gold Coast",153.434448242188,-28.0055713653564,0.38,1.79,2.37,1046.53,429.31,3468.11,32.13,19.79,62.96
"WASouth","Northampton",114.133796691895,-27.9583473205566,0.38,1.52,3.41,164.03,85.75,391.49,8.09,6.04,12.11
"WASouth","Northampton",114.119079589844,-27.9107761383057,0.38,1.51,3.52,189.78,97.35,464.65,7.6,5.72,11.26
"WASouth","Northampton",114.106117248535,-27.8597660064697,0.38,1.51,3.65,183.99,94.73,448.3,6.71,5.15,9.67
"WASouth","Northampton",114.104621887207,-27.8098220825195,0.38,1.51,2.97,192.09,98.3,472.05,10.96,7.85,17.43
"WASouth","Northampton",114.114044189453,-27.7759704589844,0.38,1.51,2.86,202.8,102.99,503.68,12.37,8.71,20.11
"QLDSouth","Gold Coast",153.447219848633,-27.773681640625,0.38,1.8,2.4,894.86,373.27,2904.27,49.53,28.56,106.63
"WASouth","Northampton",114.135856628418,-27.7431621551514,0.38,1.51,2.8,185.03,95.67,447.23,12.79,9.02,20.68
"QLDSouth","Redland",153.458358764648,-27.7240924835205,0.38,1.8,2.46,882.29,368.21,2863.38,40.25,23.85,83.54
"WASouth","Northampton",114.146865844727,-27.6679363250732,0.38,1.5,2.79,218.83,109.93,551.71,13.71,9.5,22.85
"QLDSouth","Redland",153.468841552734,-27.6832008361816,0.38,1.8,2.49,903.78,375.81,2948.27,36.24,21.82,73.54
"WASouth","Northampton",114.140434265137,-27.6351852416992,0.38,1.5,2.78,230.3,114.81,586.92,15.42,10.49,26.37
"QLDSouth","Redland",153.46989440918,-27.6331539154053,0.38,1.79,2.49,1131.02,453.87,3882.8,36.26,21.85,73.45
"WASouth","Northampton",114.118461608887,-27.5770015716553,0.38,1.5,3.49,229.61,114.8,582.22,7.86,5.9,11.69
"QLDSouth","Redland",153.488403320312,-27.5784130096436,0.38,2.14,2.82,910.07,376.05,3001.7,43.89,26,90.57
"WASouth","Northampton",114.10563659668,-27.5376720428467,0.38,1.5,3.32,228.27,114.46,576.09,8.79,6.49,13.41
"QLDSouth","Redland",153.295120239258,-27.5337238311768,0.38,2.13,2.47,1366.79,526.09,5005.3,86.45,47.2,198.39
"QLDSouth","Redland",153.505752563477,-27.5359077453613,0.38,2.14,2.82,891.55,369.28,2931.48,44.04,26.23,89.87
"WASouth","Northampton",114.091400146484,-27.4873790740967,0.38,1.5,3.53,236.52,117.99,601.13,7.51,5.68,11.04
"QLDSouth","Redland",153.333679199219,-27.4929122924805,0.38,2.12,2.46,1588.71,597.72,6009.9,99.46,53.45,232.84
"QLDSouth","Redland",153.37434387207,-27.4909057617188,0.38,2.12,2.46,1540.66,585.35,5734.91,94.55,51.23,218.76
"QLDSouth","Redland",153.531661987305,-27.4719638824463,0.38,2.14,2.86,918.92,378.99,3039.5,35.67,21.88,69.9
"WASouth","Northampton",114.061492919922,-27.4315166473389,0.38,1.5,2.92,231.87,116.43,583.15,12.97,9.11,21.14
"QLDSouth","Redland",153.244369506836,-27.4651298522949,0.38,2.12,2.47,1739.87,637.15,6879.35,89.93,49.13,205.53
"QLDSouth","Redland",153.359146118164,-27.4843215942383,0.38,2.12,2.46,1496.81,569.66,5564.45,96.94,52.39,224.93
"QLDSouth","Redland",153.547256469727,-27.4374237060547,0.38,2.13,2.85,1164.67,463.9,4045.86,37.16,22.42,74.93
"WASouth","Northampton",114.043167114258,-27.3897266387939,0.38,1.5,2.76,239.79,119.57,609.4,16.91,11.37,29.39
"QLDSouth","Brisbane",153.401565551758,-27.3549575805664,0.38,2.13,2.37,1367,526.61,4998.29,169.4,86.08,424.87
"QLDSouth","Redland",153.522552490234,-27.4183692932129,0.38,2.12,2.7,1454.01,559.58,5305.23,28.67,17.8,55.8
"WASouth","Northampton",114.017066955566,-27.3340930938721,0.38,1.5,3.27,236.52,118.39,597.51,9,6.68,13.58
"QLDSouth","Brisbane",153.416473388672,-27.3524513244629,0.38,2.13,2.37,1368.42,528.57,4978.48,171.4,87.04,430.06
"QLDSouth","Brisbane",153.440856933594,-27.340763092041,0.38,2.12,3.25,1644.83,619.85,6189.4,9.39,6.82,14.67
"WASouth","Northampton",113.987716674805,-27.2875595092773,0.38,1.49,3.11,248.86,123.67,635.02,10.33,7.51,16.02
"QLDSouth","Brisbane",153.186660766602,-27.3478660583496,0.38,2.11,2.49,2039.24,731.85,8284.12,98.75,52.97,232.18
"WASouth","Northampton",113.968650817871,-27.2540225982666,0.38,1.49,3.13,249.91,123.99,639.4,10.51,7.62,16.34
"QLDSouth","Moreton Bay",153.117752075195,-27.249116897583,0.38,2.11,2.5,1966.68,711.26,7894.63,83.59,45.75,191.44
"WANorth","Shark Bay",113.934410095215,-27.1946182250977,0.38,1.49,2.77,264.77,130.15,686.48,15.42,10.62,25.76
"QLDSouth","Moreton Bay",153.122039794922,-27.206563949585,0.38,2.11,2.51,1954.29,708.46,7813.42,81.63,44.81,186.12
"WANorth","Shark Bay",113.906616210938,-27.1532363891602,0.38,1.49,3.04,285.8,138.71,754.76,11.39,8.19,17.89
"QLDSouth","Moreton Bay",153.116012573242,-27.1891937255859,0.38,2.11,2.51,1999.78,722.1,8041.86,79.07,43.6,179.16
"WANorth","Shark Bay",113.880958557129,-27.1076793670654,0.38,1.48,2.62,293.7,141.88,781.02,18.87,12.71,32.36
"QLDSouth","Moreton Bay",153.197082519531,-27.0994625091553,0.38,2.11,2.73,1949.68,708.48,7761.62,37.02,22.66,72.59
"WANorth","Shark Bay",113.85131072998,-27.0595798492432,0.38,1.48,3.25,305.43,146.58,820.04,9.68,7.11,14.77
"QLDSouth","Moreton Bay",153.209136962891,-27.0748748779297,0.38,2.12,2.72,1921.31,694.11,7740.16,40.15,24.16,80.89
"WANorth","Shark Bay",113.82349395752,-27.0176544189453,0.38,1.48,3.2,323.27,153.89,877.79,9.98,7.29,15.35
"QLDSouth","Moreton Bay",153.187713623047,-27.0352001190186,0.38,2.11,2.77,1959.75,713.35,7774.42,32.41,20.05,62.96
"WANorth","Shark Bay",113.789260864258,-26.9580612182617,0.38,1.48,3.25,333.7,157.95,913.73,9.76,7.15,14.99
"QLDSouth","Moreton Bay",153.166458129883,-26.9934272766113,0.38,1.85,2.52,2372.45,838.95,9807.15,32.05,19.8,62.43
"WANorth","Shark Bay",113.756118774414,-26.9057579040527,0.38,1.7,3.51,352.26,165.58,973.61,9.99,7.27,15.49
"QLDSouth","Sunshine Coast",153.150405883789,-26.933385848999,0.38,1.84,2.29,3851.21,1255.85,17930.09,72.86,40.53,163.32
"WANorth","Shark Bay",113.716842651367,-26.859920501709,0.38,1.7,3.5,364.23,170.27,1014.71,10.43,7.54,16.33
"QLDSouth","Sunshine Coast",153.138488769531,-26.8879661560059,0.38,1.84,2.62,4152.82,1340.42,19607.63,18.63,12.39,32.84
"WANorth","Shark Bay",113.699493408203,-26.8327312469482,0.38,1.69,3.48,380.51,176.48,1072.64,10.93,7.85,17.25
"QLDSouth","Sunshine Coast",153.137466430664,-26.8345317840576,0.38,1.84,2.48,3700.55,1220.11,16921.37,30.86,19.23,59.31
"WANorth","Shark Bay",113.653076171875,-26.7785549163818,0.38,1.69,3.47,392.28,180.97,1114.52,11.25,8.07,17.79
"QLDSouth","Sunshine Coast",153.154235839844,-26.7919158935547,0.38,1.84,3.24,3375.12,1134.48,14979.32,8.12,6.09,12.08
"WANorth","Shark Bay",113.611312866211,-26.7192153930664,0.38,1.69,3.49,397.74,183.08,1133.71,10.83,7.85,16.85
"QLDSouth","Sunshine Coast",153.140274047852,-26.7403335571289,0.38,1.85,2.67,2756.52,957.87,11655.01,19.61,13.02,34.5
"WANorth","Shark Bay",113.591339111328,-26.6928386688232,0.38,1.69,3.48,406.53,186.32,1166.29,10.76,7.8,16.71
"WANorth","Shark Bay",113.548553466797,-26.6462440490723,0.38,1.69,3.45,406.69,185.83,1173.2,11.26,8.14,17.56
"QLDSouth","Sunshine Coast",153.140197753906,-26.6791191101074,0.38,1.85,2.65,2595.81,911.19,10814.14,22.06,14.43,39.63
"WANorth","Shark Bay",113.485038757324,-26.5832023620605,0.38,1.69,3.49,444.46,199.75,1314.4,10.51,7.69,16.1
"QLDSouth","Sunshine Coast",153.102966308594,-26.6068859100342,0.38,1.85,2.59,2266.08,809.6,9218.23,25.27,16.25,46.38
"WANorth","Shark Bay",113.431434631348,-26.5368385314941,0.38,1.69,3.44,441.18,197.95,1309.24,11.74,8.47,18.28
"QLDSouth","Sunshine Coast",153.10090637207,-26.5563278198242,0.38,1.86,2.64,1880.51,689.17,7386.48,21.83,14.36,38.82
"WANorth","Shark Bay",113.392501831055,-26.5031471252441,0.38,1.69,3.49,445.67,198.98,1333.76,10.67,7.77,16.46
"QLDSouth","Sunshine Coast",153.098251342773,-26.5055313110352,0.38,1.86,2.59,1900.79,695.07,7491.58,27.84,17.73,51.7
"WANorth","Shark Bay",113.339424133301,-26.4473876953125,0.38,1.69,3.51,444.82,198.26,1335.74,10.75,7.83,16.58
"QLDSouth","Noosa",153.107833862305,-26.4570808410645,0.38,1.86,2.61,1833.35,673.84,7174.52,27.55,17.59,50.98
"WANorth","Shark Bay",113.295753479004,-26.400369644165,0.38,1.69,2.43,435.65,195.39,1294.89,28.8,18.63,51.87
"QLDSouth","Noosa",153.120483398438,-26.4043865203857,0.38,1.86,2.66,1726.01,639.64,6678.33,24.64,15.98,44.6
"WANorth","Shark Bay",113.287734985352,-26.361421585083,0.38,1.69,2.81,449.04,199.57,1354.6,18.51,12.56,31.35
"WANorth","Shark Bay",113.277931213379,-26.3147201538086,0.38,1.69,2.8,446.47,198.66,1344.42,22.18,14.64,39.1
"QLDSouth","Noosa",153.066970825195,-26.3208141326904,0.38,1.86,2.43,1559.55,586.12,5918.48,42.32,25.53,84.56
"WANorth","Shark Bay",113.243339538574,-26.2524394989014,0.38,1.69,3.47,441.89,196.88,1328.38,10.54,7.68,16.26
"QLDSouth","Noosa",153.074661254883,-26.273588180542,0.38,1.87,2.49,1376.76,526.39,5102.33,36.73,22.62,71.32
"WANorth","Shark Bay",113.19229888916,-26.1995239257812,0.38,1.69,3.37,443.51,197.43,1335.04,12.19,8.74,19.19
"QLDSouth","Noosa",153.084457397461,-26.2195510864258,0.38,1.87,2.62,1306,502.66,4797.51,28.24,18,52.29
"WANorth","Shark Bay",113.170143127441,-26.1732273101807,0.38,1.69,3.36,446.63,198.49,1347.94,12.28,8.76,19.47
"QLDSouth","Noosa",153.100616455078,-26.1734504699707,0.38,1.87,2.66,1258.56,486.59,4595.77,26.58,17.09,48.64
"WANorth","Shark Bay",113.158309936523,-26.1391716003418,0.38,1.69,2.84,426.59,189.97,1286.5,11.38,8.28,17.51
"QLDSouth","Gympie",153.111801147461,-26.1201992034912,0.38,1.87,2.66,1268.77,489.63,4646.63,27.6,17.64,50.94
"WANorth","Shark Bay",113.15983581543,-26.0855331420898,0.38,1.69,3.36,414.77,186,1236.99,10.32,7.53,15.88
"QLDSouth","Gympie",153.129623413086,-26.08131980896,0.38,1.87,2.73,1224.38,474.38,4461.51,24.55,15.97,44.21
"WANorth","Shark Bay",113.12956237793,-26.0266876220703,0.38,1.69,3.47,398.47,179.86,1177.26,10.63,7.73,16.45
"WANorth","Shark Bay",113.279312133789,-26.0415687561035,0.38,1.93,2.73,26.65,16.66,51.5,6.78,5.19,9.85
"WANorth","Shark Bay",113.360961914062,-26.0402011871338,0.38,1.95,2.76,23.75,15.1,44.79,6.34,4.9,9.05
"WANorth","Carnarvon",114.206573486328,-26.0333461761475,0.38,2.04,2.81,15.58,10.72,26.04,5.68,4.51,7.78
"QLDSouth","Gympie",153.154998779297,-26.0190143585205,0.38,1.87,2.78,1205.34,467.44,4389.1,22.39,14.78,39.5
"WANorth","Shark Bay",113.074462890625,-25.9681720733643,0.38,1.69,3.49,381.15,173.12,1116.3,11.51,8.28,18.07
"WANorth","Shark Bay",113.201103210449,-25.997106552124,0.38,1.94,2.72,25.22,15.9,48.12,6.87,5.24,10.03
"WANorth","Shark Bay",113.549812316895,-25.973316192627,0.38,1.92,2.71,27.93,17.51,53.46,7.64,5.78,11.23
"WANorth","Carnarvon",114.191688537598,-25.990837097168,0.38,2.04,2.8,15.58,10.72,26.08,5.81,4.6,7.98
"QLDSouth","Gympie",153.177352905273,-25.9748039245605,0.38,1.87,2.77,1129.12,441.29,4070.29,23.35,15.33,41.46
"WANorth","Shark Bay",113.044639587402,-25.9309673309326,0.38,1.69,3.55,395,178.23,1168.4,9.06,6.75,13.54
"WANorth","Shark Bay",113.154029846191,-25.9391899108887,0.38,1.93,2.71,26.15,16.39,50.34,7.01,5.33,10.28
"WANorth","Carnarvon",114.213706970215,-25.9665393829346,0.38,2.05,2.83,14.75,10.19,24.59,5.6,4.46,7.64
"QLDSouth","Gympie",153.196014404297,-25.9365634918213,0.38,2.74,3.68,1167.8,454.23,4237.72,21.16,14.11,36.76
"WANorth","Shark Bay",113.02271270752,-25.891149520874,0.38,1.7,3.36,351,160.71,1018.4,11.98,8.56,19
"WANorth","Shark Bay",113.157447814941,-25.8942527770996,0.38,1.93,2.69,26.57,16.64,51.13,7.28,5.5,10.74
"WANorth","Shark Bay",113.517280578613,-25.8920707702637,0.38,1.91,2.68,31.04,19.14,60.83,8.09,6.06,12.03
"WANorth","Carnarvon",114.233070373535,-25.8787040710449,0.38,2.04,2.81,15.57,10.64,26.37,5.84,4.62,8.01
"QLDSouth","Gympie",153.175277709961,-25.9199466705322,0.38,2.74,3.75,1252.36,482.99,4595.82,16.34,11.21,27.35
"WANorth","Shark Bay",112.98983001709,-25.8296146392822,0.38,1.7,3.43,331.62,152.82,954.15,10.67,7.76,16.49
"WANorth","Shark Bay",113.149253845215,-25.8800354003906,0.38,1.92,2.68,29.3,18.1,57.47,7.44,5.61,11.01
"WANorth","Shark Bay",113.464241027832,-25.8200645446777,0.38,1.89,2.64,35.38,21.38,71.38,9.12,6.72,13.9
"WANorth","Shark Bay",113.765983581543,-25.8768615722656,0.38,1.96,2.73,22.47,14.5,41.36,6.67,5.15,9.52
"WANorth","Carnarvon",114.18896484375,-25.8362445831299,0.38,2,2.75,18.56,12.37,32.59,6.56,5.1,9.26
"QLDSouth","Gympie",153.084014892578,-25.8544025421143,0.38,2.75,3.49,973.03,388.22,3408.7,27.46,17.61,50.38
"WANorth","Shark Bay",112.966743469238,-25.7923622131348,0.38,1.7,3.48,327.41,150.99,941.57,9.96,7.31,15.21
"WANorth","Shark Bay",113.11368560791,-25.8178024291992,0.38,1.91,2.66,31.14,19.11,61.61,7.77,5.82,11.64
"WANorth","Shark Bay",113.455863952637,-25.8108425140381,0.38,1.89,2.64,35.69,21.53,72.23,9.1,6.71,13.85
"WANorth","Shark Bay",113.72785949707,-25.8003177642822,0.38,1.94,2.71,25.33,16,48.12,6.92,5.29,10.02
"WANorth","Carnarvon",114.133605957031,-25.7802562713623,0.38,1.96,2.69,22.88,14.78,41.95,7.49,5.71,10.85
"QLDSouth","Fraser Coast",153.085327148438,-25.7930164337158,0.38,2.77,3.3,568.96,246.18,1776.24,45.31,27.08,91.71
"WANorth","Shark Bay",112.969444274902,-25.7448596954346,0.38,1.71,3.34,279.38,131.14,785.74,10.55,7.66,16.38
"WANorth","Shark Bay",113.079116821289,-25.7502117156982,0.38,1.9,2.64,33.36,20.28,66.81,8.16,6.05,12.43
"WANorth","Shark Bay",113.432159423828,-25.7516574859619,0.38,1.88,2.61,36.99,22.23,75.2,10.17,7.38,15.83
"WANorth","Shark Bay",113.673324584961,-25.7584323883057,0.38,1.94,2.7,24.67,15.66,46.56,7.25,5.48,10.68
"WANorth","Carnarvon",114.111671447754,-25.7504196166992,0.38,1.94,2.67,24.64,15.7,46.14,7.87,5.96,11.51
"QLDSouth","Fraser Coast",153.09001159668,-25.7552299499512,0.38,2.77,3.53,593.58,253.14,1898.19,25.92,16.75,47.05
"WANorth","Shark Bay",112.942481994629,-25.6842365264893,0.38,1.71,3.41,252.66,120.23,697.32,11.05,7.96,17.35
"WANorth","Shark Bay",113.072257995605,-25.7167644500732,0.38,1.89,2.64,36.16,21.78,73.33,8.22,6.09,12.51
"WANorth","Shark Bay",113.410232543945,-25.70237159729,0.38,1.87,2.6,39.93,23.77,82.16,10.51,7.58,16.51
"WANorth","Shark Bay",113.616310119629,-25.7126617431641,0.38,1.93,2.68,27.15,17,52.2,7.55,5.68,11.25
"WANorth","Carnarvon",114.065330505371,-25.6924648284912,0.38,1.93,2.67,26.56,16.69,50.78,7.94,6,11.67
"QLDSouth","Fraser Coast",153.086318969727,-25.7141304016113,0.38,2.76,3.48,781.85,320.48,2642.9,29.79,18.92,55.34
"WANorth","Shark Bay",112.930847167969,-25.6511478424072,0.38,1.71,3.39,252.81,120.21,698.66,10.95,7.9,17.15
"WANorth","Shark Bay",113.055541992188,-25.6734848022461,0.38,1.87,2.68,40.99,24.25,85.25,7.71,5.75,11.62
"WANorth","Shark Bay",113.414222717285,-25.6686573028564,0.38,1.87,2.59,41.73,24.72,86.41,10.56,7.61,16.63
"WANorth","Shark Bay",113.595527648926,-25.656852722168,0.38,1.91,2.67,29.7,18.37,58.1,7.8,5.84,11.68
"WANorth","Carnarvon",114.020736694336,-25.6579189300537,0.38,1.94,2.68,25.69,16.25,48.62,7.73,5.86,11.29
"QLDSouth","Fraser Coast",153.081512451172,-25.658296585083,0.38,2.76,3.54,626.42,264.53,2033.05,26.02,16.87,46.95
"WANorth","Shark Bay",112.91576385498,-25.6081619262695,0.38,1.72,3.33,250.86,119.12,695.53,10.78,7.8,16.85
"WANorth","Shark Bay",113.042152404785,-25.6116275787354,0.38,1.85,2.67,46.94,27.33,99.6,7.86,5.85,11.89
"WANorth","Shark Bay",113.432960510254,-25.6172618865967,0.38,1.86,2.62,43.28,25.51,90.2,10.05,7.29,15.68
"WANorth","Shark Bay",113.57640838623,-25.6127490997314,0.38,1.9,2.66,32.47,19.81,64.7,7.87,5.88,11.81
"WANorth","Carnarvon",113.997688293457,-25.6122951507568,0.38,1.94,2.68,24.85,15.8,46.68,7.7,5.83,11.28
"QLDSouth","Fraser Coast",153.105392456055,-25.5856399536133,0.38,2.76,3.58,695.75,289.1,2310.79,25.18,16.46,44.85
"WANorth","Shark Bay",112.919387817383,-25.572078704834,0.38,1.73,3.28,205.17,99.78,551.42,10.82,7.8,16.96
"WANorth","Shark Bay",113.019607543945,-25.5678997039795,0.38,1.84,2.94,52.15,29.98,112.49,5.91,4.6,8.38
"WANorth","Shark Bay",113.466903686523,-25.5642185211182,0.38,1.85,2.66,48.55,28.19,103.32,9.27,6.81,14.22
"WANorth","Shark Bay",113.521896362305,-25.5663013458252,0.38,1.88,2.64,37.34,22.38,76.27,8.3,6.15,12.62
"QLDSouth","Fraser Coast",153.117279052734,-25.5545215606689,0.38,2.76,3.58,652.37,273.42,2141.29,24.94,16.36,44.19
"WANorth","Shark Bay",112.919868469238,-25.5312461853027,0.38,1.72,3.23,226.42,108.73,618.91,8.81,6.61,13.02
"WANorth","Shark Bay",113.022674560547,-25.5107650756836,0.38,1.82,2.92,60.98,34.49,134.21,6.07,4.71,8.65
"WANorth","Carnarvon",113.957572937012,-25.5122013092041,0.38,1.92,2.66,29.19,18.15,56.58,7.99,6,11.83
"QLDSouth","Fraser Coast",153.13655090332,-25.5028553009033,0.38,2.76,3.6,690.16,286.68,2294.82,24.3,16,42.82
"WANorth","Shark Bay",112.958602905273,-25.4818725585938,0.38,1.73,3.34,205.75,99.81,555.47,6.05,4.74,8.44
"WANorth","Shark Bay",112.978309631348,-25.4784851074219,0.38,1.75,3.16,139.69,70.93,355.46,5.05,4.01,6.95
"WANorth","Carnarvon",113.931976318359,-25.4735069274902,0.38,1.91,2.66,30.01,18.61,58.33,7.96,5.98,11.81
"QLDSouth","Fraser Coast",153.157104492188,-25.4490642547607,0.38,2.76,3.62,624.66,262.99,2039.21,23.47,15.52,41.1
"WANorth","Carnarvon",113.905830383301,-25.4210529327393,0.38,1.9,2.64,32.34,19.9,63.45,8.51,6.33,12.8
"QLDSouth","Fraser Coast",153.173034667969,-25.4173946380615,0.38,2.76,3.64,719.28,296.93,2412.92,22.65,15.07,39.34
"WANorth","Carnarvon",113.887504577637,-25.375415802002,0.38,1.89,2.63,34.26,20.94,67.82,8.73,6.47,13.2
"QLDSouth","Fraser Coast",152.920608520508,-25.3752250671387,0.38,2.76,2.91,780.93,315.32,2715.63,173.97,85.18,467.04
"QLDSouth","Fraser Coast",153.016967773438,-25.3915557861328,0.38,2.77,2.92,550.33,235.66,1755.39,148.51,74.34,386.57
"QLDSouth","Fraser Coast",153.20832824707,-25.3429145812988,0.38,2.77,3.65,614.65,259.06,2004.64,23.95,15.81,42.05
"WANorth","Carnarvon",113.86693572998,-25.3127536773682,0.38,1.88,2.62,38.17,22.99,77.03,9.08,6.69,13.83
"QLDSouth","Fraser Coast",152.960266113281,-25.3060207366943,0.38,2.76,3.41,714.42,294.94,2397.35,18.27,12.02,32.9
"QLDSouth","Fraser Coast",152.996765136719,-25.3283252716064,0.38,2.77,2.95,575.96,246.17,1837.98,133.06,67.97,335.95
"QLDSouth","Fraser Coast",153.220764160156,-25.3178386688232,0.38,2.77,3.56,594.69,251.93,1925.21,26.85,17.44,48.17
"WANorth","Carnarvon",113.848014831543,-25.2753429412842,0.38,1.86,2.59,44.62,26.35,92.48,9.76,7.13,15.09
"QLDSouth","Fraser Coast",152.975250244141,-25.2924308776855,0.38,2.77,3.03,533.67,234.68,1623.73,91.89,49.53,215.13
"QLDSouth","Fraser Coast",153.246276855469,-25.2687702178955,0.38,2.77,3.55,565.61,241.79,1806.57,27.61,17.88,49.77
"WANorth","Carnarvon",113.834495544434,-25.2315101623535,0.38,1.86,2.59,43.39,25.7,89.61,10.6,7.63,16.72
"QLDSouth","Fraser Coast",152.680648803711,-25.2434177398682,0.38,2.77,3.4,597.37,251.26,1959.63,18.55,12.14,33.7
"QLDSouth","Fraser Coast",152.735366821289,-25.2627124786377,0.38,2.77,3.81,609.66,257.72,1978.36,8.43,6.19,13.03
"QLDSouth","Fraser Coast",152.803985595703,-25.2456855773926,0.38,2.77,3.81,610.9,260.07,1956.28,8.5,6.23,13.16
"QLDSouth","Fraser Coast",152.830856323242,-25.2454967498779,0.38,2.77,2.94,597.84,257.93,1870.43,142.99,72.89,360.63
"QLDSouth","Fraser Coast",152.900268554688,-25.2767868041992,0.38,2.78,2.99,457.2,207.66,1323.85,105.68,55.58,256.63
"QLDSouth","Fraser Coast",152.999938964844,-25.2313385009766,0.38,2.78,3.06,453.57,206.46,1308.81,72.25,40.13,162.6
"QLDSouth","Fraser Coast",153.269393920898,-25.2187080383301,0.38,2.77,3.56,552.87,236.8,1762.18,27.52,17.78,49.81
"WANorth","Carnarvon",113.809951782227,-25.180456161499,0.38,1.84,2.54,51.34,29.76,109.12,12.22,8.62,19.84
"QLDSouth","Fraser Coast",152.638671875,-25.2031402587891,0.38,2.77,3.17,552.01,232.97,1809.07,41.32,24.02,88.83
"QLDSouth","Fraser Coast",153.007949829102,-25.1947975158691,0.38,2.76,3.43,635.04,269.14,2045.29,14.15,9.74,23.77
"QLDSouth","Fraser Coast",153.290267944336,-25.1729202270508,0.38,2.76,3.54,622.58,262.35,2029.38,28.91,18.52,52.97
"WANorth","Carnarvon",113.73747253418,-25.1302757263184,0.38,1.82,2.5,66.58,37.4,147.42,15.45,10.48,26.56
"QLDSouth","Bundaberg",152.623168945312,-25.1364898681641,0.38,2.78,3.17,485.78,209.66,1539.93,43.75,25.25,94.97
"QLDSouth","Fraser Coast",153.071655273438,-25.1507892608643,0.38,2.75,3.42,789.51,318.67,2745.24,14.93,10.2,25.34
"QLDSouth","Fraser Coast",153.315719604492,-25.1182537078857,0.38,2.76,3.48,658.45,275.24,2170.61,32.15,20.26,60.31
"WANorth","Carnarvon",113.69261932373,-25.0909976959229,0.38,1.81,2.49,69.84,39.16,154.69,15.97,10.75,27.79
"QLDSouth","Bundaberg",152.568420410156,-25.0996189117432,0.38,2.78,3.19,475.52,205.33,1508.2,43.52,25.12,94.51
"QLDSouth","Fraser Coast",153.126556396484,-25.1073627471924,0.38,2.75,3.3,851.5,338.86,3024.91,20.11,13.24,35.88
"QLDSouth","Fraser Coast",153.333526611328,-25.0741291046143,0.38,2.76,3.5,680.28,282.45,2266.21,31.02,19.63,57.89
"WANorth","Carnarvon",113.661598205566,-25.0344772338867,0.38,1.82,2.55,65.47,37.12,142.6,12.76,8.87,21.22
"QLDSouth","Bundaberg",152.544769287109,-25.056697845459,0.38,2.5,3.11,498.08,213.82,1592.08,21.75,13.91,40.88
"QLDSouth","Fraser Coast",153.170776367188,-25.055944442749,0.38,2.75,3.29,837.44,333.9,2967.74,20.71,13.59,37.1
"QLDSouth","Fraser Coast",153.357498168945,-25.0332279205322,0.38,2.75,3.46,831.28,336.23,2868.9,35.04,21.7,67.53
"WANorth","Carnarvon",113.656776428223,-24.9929332733154,0.38,1.83,2.58,55.3,31.97,117.52,11.13,7.88,18.07
"QLDSouth","Bundaberg",152.508392333984,-25.0020694732666,0.38,2.5,3.11,518.74,221.31,1672.97,21.5,13.76,40.33
"QLDSouth","Fraser Coast",153.204940795898,-25.0136394500732,0.38,2.75,3.34,852.61,339.03,3033.27,17.85,12.06,30.55
"QLDSouth","Fraser Coast",153.356231689453,-24.9981651306152,0.38,2.75,3.51,926.5,369.52,3258.75,30.02,19,56.11
"WANorth","Carnarvon",113.6591796875,-24.9584560394287,0.38,1.84,2.59,51.02,29.78,107.06,10.75,7.64,17.37
"QLDSouth","Bundaberg",152.489791870117,-24.9415721893311,0.38,2.5,2.85,520.97,222.56,1675.45,54.33,30.66,121.16
"QLDSouth","Fraser Coast",153.2265625,-24.9354839324951,0.38,2.76,3.21,761.77,309.27,2626.37,29.18,18.52,54.38
"QLDSouth","Fraser Coast",153.353256225586,-24.9639568328857,0.38,2.75,3.54,1002.21,395.63,3574.26,26.38,16.93,48.47
"QLDSouth","Bundaberg",152.498428344727,-24.9030914306641,0.38,2.49,3.04,547.8,232.78,1773.25,27.9,17.2,55.17
"QLDSouth","Fraser Coast",153.194808959961,-24.8763370513916,0.38,2.76,3.2,727.74,298.32,2471.73,34.2,21.3,65.33
"QLDSouth","Fraser Coast",153.281875610352,-24.8999462127686,0.38,2.75,3.47,1004.18,396.84,3573.65,24.76,16,45.14
"WANorth","Carnarvon",113.614540100098,-24.8525638580322,0.38,1.82,2.53,65.07,36.85,142.13,13.4,9.2,22.74
"QLDSouth","Bundaberg",152.485946655273,-24.8502807617188,0.38,2.49,2.87,576.31,243.29,1882.11,52.56,29.87,115.89
"QLDSouth","Fraser Coast",153.168518066406,-24.8398494720459,0.38,2.76,3.23,724.42,297.76,2448.73,32.75,20.43,62.54
"QLDSouth","Fraser Coast",153.268493652344,-24.8464603424072,0.38,2.75,3.75,963.24,382.97,3398.85,17.57,11.9,30
"WANorth","Carnarvon",113.626899719238,-24.8038711547852,0.38,1.83,2.48,59.74,34.28,128.1,13.9,9.49,23.8
"QLDSouth","Bundaberg",152.467620849609,-24.8112659454346,0.38,2.49,2.87,610.79,256.07,2012.74,53.45,30.34,117.99
"QLDSouth","Fraser Coast",153.143753051758,-24.8237190246582,0.38,2.76,3.27,737.98,302.8,2499.61,31.57,19.73,60.27
"QLDSouth","Fraser Coast",153.267044067383,-24.805269241333,0.38,2.75,3.7,936.28,373.85,3283.7,20.37,13.51,35.85
"WANorth","Carnarvon",113.607635498047,-24.7339878082275,0.38,1.81,2.65,70.94,39.94,155.75,11.03,7.83,17.83
"QLDSouth","Fraser Coast",153.160522460938,-24.7521915435791,0.38,2.75,3.43,880.36,360.02,2965.65,16.84,11.41,28.82
"QLDSouth","Fraser Coast",153.270690917969,-24.7551422119141,0.38,2.75,3.8,841.44,340.88,2893.02,17.13,11.64,29.11
"WANorth","Carnarvon",113.585609436035,-24.7049198150635,0.38,1.8,2.64,75.46,42.22,166.94,11.46,8.09,18.68
"QLDSouth","Bundaberg",152.309967041016,-24.727632522583,0.38,2.5,3.14,471.21,204.71,1478.5,21.23,13.73,39.04
"QLDSouth","Bundaberg",152.36669921875,-24.7287845611572,0.38,2.49,3.13,546.39,232.81,1759.95,22.42,14.4,41.66
"QLDSouth","Fraser Coast",153.216064453125,-24.7082195281982,0.38,2.75,3.42,855.29,356.41,2788.49,20.19,13.31,35.94
"QLDSouth","Fraser Coast",153.269912719727,-24.7052879333496,0.38,2.77,3.92,566.01,241.95,1807.83,13.23,9.31,21.45
"WANorth","Carnarvon",113.536682128906,-24.6466579437256,0.38,1.79,2.62,88.65,48.81,199.9,13.66,9.44,22.86
"QLDSouth","Bundaberg",152.235336303711,-24.6748962402344,0.38,2.5,3.26,437.72,192.76,1345.65,16.94,11.34,29.64
"WANorth","Carnarvon",113.49870300293,-24.5978164672852,0.38,1.78,2.67,94.66,52.02,213.31,13.06,9.13,21.46
"QLDSouth","Bundaberg",152.14875793457,-24.6201496124268,0.38,2.51,3.04,407.22,181.4,1231.23,29.15,17.98,57.37
"QLDSouth","Bundaberg",152.196136474609,-24.648962020874,0.38,2.5,3.06,441.69,194.73,1354.1,28.61,17.73,55.89
"WANorth","Carnarvon",113.43839263916,-24.5435962677002,0.38,1.77,2.78,111.83,60.19,259.07,12.39,8.74,20.07
"QLDSouth","Bundaberg",152.125793457031,-24.5961494445801,0.38,2.51,3.05,397.92,177.59,1200.78,29.1,17.96,57.27
"WANorth","Carnarvon",113.420707702637,-24.5145587921143,0.38,1.77,2.78,116.17,62.19,271.13,11.92,8.49,19.02
"QLDSouth","Bundaberg",152.082656860352,-24.5386180877686,0.38,2.51,3.31,411.06,183.85,1232.83,15.63,10.6,26.86
"WANorth","Carnarvon",113.398574829102,-24.4680690765381,0.38,1.75,2.88,137.36,72.17,328.37,11.73,8.39,18.59
"QLDNorth","Gladstone",152.020217895508,-24.4516868591309,0.38,2.51,3.32,394.74,177.77,1171.87,16.07,10.87,27.66
"WANorth","Carnarvon",113.398719787598,-24.4143238067627,0.38,1.75,2.91,151.99,78.74,370.46,10.42,7.59,16.09
"QLDNorth","Gladstone",152.00390625,-24.4185047149658,0.38,2.51,3.42,385.12,173.99,1138.48,13.41,9.33,22.19
"WANorth","Carnarvon",113.398071289062,-24.371509552002,0.38,1.74,2.3,165.11,84.61,408.46,25.06,16.01,46.62
"QLDNorth","Gladstone",151.990173339844,-24.3746223449707,0.38,2.51,3.44,396.53,178.7,1175.33,13.5,9.39,22.34
"WANorth","Carnarvon",113.395683288574,-24.3264846801758,0.38,1.74,3.21,167.05,85.32,415.43,10.14,7.35,15.82
"QLDNorth","Gladstone",151.977767944336,-24.3355083465576,0.38,2.51,3.44,395.11,178.34,1168.06,13.71,9.52,22.74
"WANorth","Carnarvon",113.393569946289,-24.2762565612793,0.38,1.74,3.19,179.34,90.98,449.56,13.1,9.12,21.66
"QLDNorth","Gladstone",151.961639404297,-24.2890186309814,0.38,2.51,3.48,404.36,182.05,1199.17,13.04,9.14,21.35
"WANorth","Carnarvon",113.387710571289,-24.2301483154297,0.38,1.73,3.25,199.26,99.81,507.96,9.71,7.02,15.28
"QLDNorth","Gladstone",151.950286865234,-24.2453994750977,0.38,2.51,3.67,401.45,180.91,1188.95,10.21,7.44,15.78
"WANorth","Carnarvon",113.393035888672,-24.2194747924805,0.38,1.73,3.2,185.94,93.73,470.54,6.53,5,9.5
"QLDNorth","Gladstone",151.922622680664,-24.207914352417,0.38,3.03,4.22,408.24,183.78,1210.13,10.05,7.35,15.43
"WANorth","Carnarvon",113.411437988281,-24.0960292816162,0.38,1.72,2.8,226.95,111.65,593.12,14.42,9.93,24.22
"QLDNorth","Gladstone",151.814437866211,-24.1448230743408,0.38,3.03,3.38,387.57,175.88,1135.79,64.47,36.22,143.07
"QLDNorth","Gladstone",151.889343261719,-24.1459865570068,0.38,3.02,3.94,415.76,187,1232.99,14.81,10.2,24.79
"QLDNorth","Gladstone",151.77946472168,-24.0869579315186,0.38,3.03,3.35,370.04,169.17,1072.86,73.56,40.85,165.34
"WANorth","Carnarvon",113.421440124512,-24.0452919006348,0.38,1.72,2.88,230.97,113.3,606.15,16.04,10.89,27.44
"QLDNorth","Gladstone",151.57682800293,-24.0359382629395,0.38,3.05,3.33,275.42,130.15,765.65,60.55,34.84,129.02
"QLDNorth","Gladstone",151.636505126953,-24.0335903167725,0.38,3.06,3.44,207.6,101.96,547.28,46.19,27.83,91.97
"QLDNorth","Gladstone",151.771438598633,-24.0289821624756,0.38,3.03,3.37,357.52,164.64,1025.01,70.29,39.18,157.35
"WANorth","Carnarvon",113.456199645996,-24.0021705627441,0.38,1.72,3.31,231.66,113.74,606.73,6.5,5,9.35
"QLDNorth","Gladstone",151.470016479492,-23.9934921264648,0.38,3.05,3.28,237.98,115.43,636.45,70.25,39.72,153.13
"QLDNorth","Gladstone",151.501342773438,-24.0050964355469,0.38,3.05,3.28,255.25,122.49,693.12,72.65,40.91,159.17
"QLDNorth","Gladstone",151.680267333984,-23.9906253814697,0.38,3.04,3.38,316.74,148.59,884.44,64.69,36.57,141.89
"QLDNorth","Gladstone",151.735366821289,-24.0024108886719,0.38,3.03,3.29,350.93,162.37,998.59,92.58,50.46,212.11
"WANorth","Carnarvon",113.464424133301,-23.9410152435303,0.38,1.72,2.64,247.97,120.83,655.79,17.39,11.67,30.25
"WANorth","Carnarvon",113.464508056641,-23.9073162078857,0.38,1.72,2.89,248.67,120.91,660.11,11.33,8.04,18.28
"QLDNorth","Gladstone",151.389236450195,-23.8761157989502,0.38,3.07,3.3,183.77,92.22,469.23,67.04,38.43,142.89
"WANorth","Carnarvon",113.499412536621,-23.8566093444824,0.38,1.72,2.92,240.03,117.15,634.2,8.4,6.21,12.82
"WANorth","Carnarvon",113.511947631836,-23.8013381958008,0.38,1.71,2.91,262.91,127.05,703.33,10.4,7.47,16.51
"WANorth","Carnarvon",113.532752990723,-23.7624130249023,0.38,1.71,2.98,273.67,131.58,737.14,7.78,5.79,11.78
"QLDNorth","Gladstone",151.310440063477,-23.7504730224609,0.38,3.09,3.69,155.41,79.5,387.25,23.99,15.4,44.41
"WANorth","Carnarvon",113.574127197266,-23.7141151428223,0.38,1.71,2.94,274.83,132.12,740.34,8.41,6.21,12.88
"QLDNorth","Gladstone",151.297271728516,-23.700216293335,0.38,3.09,3.7,153.74,78.72,382.59,23.27,15.01,42.73
"WANorth","Carnarvon",113.593322753906,-23.6568756103516,0.38,1.71,2.92,291.15,139.1,790.35,9.21,6.71,14.37
"QLDNorth","Gladstone",151.289306640625,-23.676664352417,0.38,3.09,3.46,153.64,78.62,382.78,42.44,25.28,86.87
"WANorth","Carnarvon",113.636512756348,-23.6082191467285,0.38,1.73,3.09,183.75,91.62,474.84,6.46,4.94,9.44
"QLDNorth","Gladstone",151.242279052734,-23.6224479675293,0.38,3.09,3.35,152.16,77.89,379.17,56.09,32.25,120.31
"WANorth","Carnarvon",113.703742980957,-23.5669136047363,0.38,1.71,2.96,265.5,127.91,713.89,5.96,4.59,8.62
"QLDNorth","Gladstone",150.956024169922,-23.5482921600342,0.38,3.47,4.08,138.28,72.1,335.05,16.78,11.39,28.67
"QLDNorth","Gladstone",151.234588623047,-23.5500907897949,0.38,3.09,3.71,157.01,80.02,393.61,20.38,13.4,36.41
"WANorth","Carnarvon",113.761253356934,-23.5080471038818,0.38,1.71,2.71,273.34,131.24,738.3,8.26,6.12,12.58
"QLDNorth","Gladstone",150.974456787109,-23.4952774047852,0.38,3.47,4.08,132.29,69.13,320.23,16.54,11.24,28.21
"QLDNorth","Gladstone",151.209365844727,-23.5071468353271,0.38,3.46,3.88,164.67,83.34,416.9,28.62,18.1,53.75
"WANorth","Carnarvon",113.772033691406,-23.4601707458496,0.38,1.71,2.6,297,141.34,811,13.93,9.61,23.37
"QLDNorth","Livingstone",150.843444824219,-23.4517154693604,0.38,3.5,3.76,91.35,49.92,208.45,31.24,19.65,58.96
"QLDNorth","Gladstone",150.974609375,-23.4806785583496,0.38,3.47,4.13,131.08,68.46,317.8,14.04,9.7,23.45
"QLDNorth","Gladstone",151.099014282227,-23.4751281738281,0.38,3.47,3.76,142.22,73.49,349.77,36.79,22.63,71.57
"QLDNorth","Gladstone",151.132568359375,-23.4932537078857,0.38,3.46,3.97,147.15,75.6,365.04,20.65,13.65,36.5
"WANorth","Carnarvon",113.771347045898,-23.3920345306396,0.38,2.1,3.3,313.82,148.63,861.51,11.41,8.12,18.29
"QLDNorth","Livingstone",150.832336425781,-23.4267768859863,0.38,3.5,3.76,89.91,49.25,204.46,31.03,19.53,58.47
"QLDNorth","Gladstone",151.013870239258,-23.4507179260254,0.38,3.47,3.79,134.27,69.91,326.92,30.99,19.49,58.53
"QLDNorth","Gladstone",151.050552368164,-23.4423084259033,0.38,3.47,3.8,136.87,71.05,334.67,30.04,18.99,56.28
"WANorth","Carnarvon",113.773536682129,-23.3757648468018,0.38,2.1,3.3,310.98,147.63,850.63,10.96,7.84,17.42
"QLDNorth","Livingstone",150.804550170898,-23.3733062744141,0.38,3.34,3.6,85.2,46.97,192.21,29.89,18.89,56.03
"WANorth","Carnarvon",113.783485412598,-23.3198261260986,0.38,2.1,3.33,295.62,140.91,805.17,12.22,8.64,19.71
"QLDNorth","Livingstone",150.836380004883,-23.2843856811523,0.38,3.34,4.05,85.67,47.32,192.53,12.52,8.88,20.08
"WANorth","Carnarvon",113.776527404785,-23.2587833404541,0.38,2.1,3.49,304.99,144.88,834.22,11.51,8.21,18.37
"QLDNorth","Livingstone",150.83283996582,-23.2611503601074,0.38,3.35,4.06,81.57,45.41,181.22,12.37,8.78,19.79
"WANorth","Carnarvon",113.767364501953,-23.2190113067627,0.38,2.1,3.29,302.82,143.86,828.59,14.43,9.98,24.04
"QLDNorth","Livingstone",150.821975708008,-23.2208461761475,0.38,3.35,3.95,77.03,43.29,168.74,13.86,9.77,22.28
"WANorth","Carnarvon",113.757820129395,-23.1649322509766,0.38,2.1,3.33,298.66,141.43,822.66,13.84,9.6,22.96
"QLDNorth","Livingstone",150.802597045898,-23.1794948577881,0.38,3.36,4.11,68.72,39.26,147.17,12.74,8.97,20.7
"WANorth","Carnarvon",113.759071350098,-23.1218738555908,0.38,2.1,3.08,292.94,139.18,803.02,20.57,13.53,36.73
"WANorth","Carnarvon",113.759391784668,-23.1155128479004,0.38,2.1,3.04,287.56,137.18,783.37,23.23,14.98,42.65
"QLDNorth","Livingstone",150.776229858398,-23.0662536621094,0.38,3.37,3.65,67.14,38.54,142.73,25.43,16.53,45.72
"WANorth","Carnarvon",113.822196960449,-23.0233879089355,0.38,2.11,3.53,259.06,124.06,705.42,9.06,6.65,13.96
"QLDNorth","Livingstone",150.778533935547,-23.0282688140869,0.38,3.36,3.65,72.88,41.36,157.37,26.35,17.03,47.77
"WANorth","Carnarvon",113.818969726562,-22.9798755645752,0.38,2.11,3.61,261.72,124.56,720.45,10.42,7.51,16.44
"QLDNorth","Livingstone",150.783172607422,-22.9765396118164,0.38,3.35,3.65,76.2,43.07,165.31,27.33,17.6,49.76
"WANorth","Exmouth",113.79313659668,-22.888729095459,0.38,2.11,3.26,257.16,122.61,706.33,18.43,12.38,31.87
"QLDNorth","Livingstone",150.801406860352,-22.9300155639648,0.38,3.34,3.66,87.08,48.35,193.61,27.89,17.92,50.92
"WANorth","Exmouth",113.785163879395,-22.8669662475586,0.38,2.11,3.27,246.03,117.74,673.11,19.05,12.71,33.24
"QLDNorth","Livingstone",150.796310424805,-22.8725109100342,0.38,3.35,3.8,81.88,45.82,180.11,19.42,13.15,32.96
"WANorth","Exmouth",113.774269104004,-22.8148746490479,0.38,2.11,3.51,238.97,114.39,654.7,17.18,11.59,29.63
"QLDNorth","Livingstone",150.8115234375,-22.820463180542,0.38,3.34,3.81,85.04,47.37,188.19,19.43,13.18,32.87
"WANorth","Exmouth",113.681175231934,-22.7242183685303,0.38,2.11,3.41,237.66,114,648.88,18.89,12.64,32.86
"QLDNorth","Livingstone",150.817886352539,-22.7990493774414,0.38,3.34,4.08,94.02,51.7,211.66,12.22,8.8,19.05
"QLDNorth","Livingstone",150.825561523438,-22.7294273376465,0.38,3.33,4.03,100.57,54.86,228.89,13.28,9.51,20.85
"WANorth","Exmouth",113.668655395508,-22.6922779083252,0.38,2.11,3.42,250,119.39,685.94,17.89,12.08,30.68
"QLDNorth","Livingstone",150.842880249023,-22.6821880340576,0.38,3.31,3.83,137.51,71.87,331.88,20.17,13.56,34.6
"WANorth","Exmouth",113.664154052734,-22.6289138793945,0.38,2.11,3.5,238.52,114.73,647.67,10.23,7.37,16.17
"QLDNorth","Livingstone",150.809143066406,-22.6473770141602,0.38,3.32,3.65,110.85,59.64,257.15,31.39,19.84,58.66
"WANorth","Exmouth",113.648719787598,-22.5804042816162,0.38,2.11,3.3,247.68,119.69,665.14,11.37,8.06,18.39
"QLDNorth","Livingstone",150.785873413086,-22.5828475952148,0.38,3.32,3.68,111.76,59.96,260.44,28.06,18.04,51.2
"WANorth","Exmouth",113.655250549316,-22.5566005706787,0.38,2.11,3.34,231.29,112.67,614.77,11.86,8.37,19.26
"QLDNorth","Livingstone",150.481338500977,-22.5306873321533,0.38,3.37,3.62,62.07,35.65,132.44,24.59,15.96,44.46
"QLDNorth","Livingstone",150.518493652344,-22.543851852417,0.38,3.37,3.62,63.62,36.39,136.61,25.11,16.23,45.67
"QLDNorth","Livingstone",150.789123535156,-22.5385704040527,0.38,3.32,3.77,121.53,64.37,288.52,23.19,15.34,40.62
"WANorth","Exmouth",113.706253051758,-22.4973945617676,0.38,2.11,3.51,230.99,111.95,619.82,7.69,5.72,11.65
"WANorth","Exmouth",114.213005065918,-22.48708152771,0.38,2.4,3.49,17.6,11.61,31.63,3.65,3.03,4.74
"QLDNorth","Livingstone",150.419281005859,-22.4931488037109,0.38,3.37,3.55,63.48,36.41,135.62,29.26,18.61,54.33
"QLDNorth","Livingstone",150.547119140625,-22.4826602935791,0.38,3.38,3.62,60.5,34.88,128.41,24.35,15.82,43.95
"QLDNorth","Livingstone",150.758605957031,-22.4766330718994,0.38,3.32,3.98,118.2,62.6,281.11,14,9.93,22.26
"WANorth","Exmouth",113.735389709473,-22.4571781158447,0.38,2.13,3.49,187.42,92.88,489.14,7.23,5.42,10.86
"WANorth","Exmouth",114.224952697754,-22.4546546936035,0.38,2.37,3.34,20.6,13.3,38.15,4.08,3.33,5.42
"QLDNorth","Livingstone",150.359985351562,-22.4498634338379,0.38,3.37,3.71,63.3,36.33,135.1,18.56,12.5,31.9
"QLDNorth","Livingstone",150.528945922852,-22.4351024627686,0.38,3.37,3.62,64.11,36.69,137.43,24.54,15.91,44.49
"QLDNorth","Livingstone",150.767425537109,-22.4484996795654,0.38,3.31,3.96,121.89,64.15,292.66,14.98,10.53,24.11
"WANorth","Exmouth",113.743804931641,-22.4039268493652,0.38,2.12,3.5,208.79,102.79,547.82,7.1,5.33,10.66
"WANorth","Exmouth",114.187675476074,-22.4033355712891,0.38,2.33,3.4,25.75,16.16,49.49,3.97,3.26,5.24
"WANorth","Exmouth",114.276000976562,-22.4289703369141,0.38,2.35,3.32,22.24,14.19,41.85,4.17,3.4,5.57
"WANorth","Exmouth",114.305541992188,-22.4293174743652,0.38,2.36,3.33,21.3,13.67,39.73,4.14,3.38,5.52
"WANorth","Exmouth",114.374900817871,-22.3959865570068,0.38,2.34,3.4,24.63,15.47,47.42,3.98,3.26,5.27
"QLDNorth","Livingstone",149.840850830078,-22.4018707275391,0.38,3.52,3.83,21.93,14.62,38,11.45,8.26,17.87
"QLDNorth","Livingstone",149.919509887695,-22.381275177002,0.38,3.52,3.83,21.87,14.59,37.83,11.75,8.46,18.4
"QLDNorth","Livingstone",150.33137512207,-22.4234485626221,0.38,3.37,3.53,62.31,35.84,132.64,30.84,19.49,57.73
"QLDNorth","Livingstone",150.507949829102,-22.3832931518555,0.38,3.37,3.63,66.97,38.14,144.51,24.9,16.07,45.44
"QLDNorth","Livingstone",150.744201660156,-22.4067668914795,0.38,3.31,4.66,128,66.74,311.74,7.56,5.73,11.07
"WANorth","Exmouth",113.773399353027,-22.3664436340332,0.38,2.12,3.35,188.8,93.76,490.62,7.83,5.78,12.03
"WANorth","Exmouth",114.185302734375,-22.3393878936768,0.38,2.3,3.29,31.37,19.22,62.24,4.41,3.56,5.93
"WANorth","Exmouth",114.399909973145,-22.360279083252,0.38,2.31,3.37,28.28,17.4,56.09,4.11,3.35,5.47
"QLDNorth","Isaac",149.685317993164,-22.3411979675293,0.38,4.45,4.82,29.41,18.53,55.53,11.35,8.16,17.87
"QLDNorth","Livingstone",149.908767700195,-22.347017288208,0.38,3.49,3.83,25.67,16.66,46.3,11.46,8.28,17.85
"QLDNorth","Livingstone",150.267608642578,-22.3510284423828,0.38,3.38,3.57,60.68,35.06,128.29,25.18,16.37,45.29
"QLDNorth","Livingstone",150.275543212891,-22.3539543151855,0.38,3.38,3.56,60.32,34.87,127.41,26.55,17.14,48.22
"QLDNorth","Livingstone",150.4775390625,-22.3421993255615,0.38,3.37,3.57,65.46,37.44,140.34,26.77,17.28,48.59
"QLDNorth","Livingstone",150.672607421875,-22.3479309082031,0.38,3.32,3.72,108.64,57.96,256.32,25.26,16.46,45.25
"WANorth","Exmouth",113.81721496582,-22.2944831848145,0.38,2.13,3.86,181.32,90.56,467.55,4.93,3.9,6.87
"WANorth","Exmouth",114.16007232666,-22.2972526550293,0.38,2.28,3.26,35.67,21.53,72.08,4.56,3.67,6.16
"WANorth","Exmouth",114.423095703125,-22.2974071502686,0.38,2.28,3.33,34.56,20.63,71.52,4.29,3.48,5.75
"QLDNorth","Isaac",149.629516601562,-22.2910251617432,0.38,4.46,4.93,26.8,17.1,49.7,9.42,6.94,14.33
"QLDNorth","Livingstone",149.909851074219,-22.3037395477295,0.38,4.45,4.8,29.81,18.81,56.06,11.94,8.56,18.85
"QLDNorth","Livingstone",150.209350585938,-22.3132019042969,0.38,3.38,3.93,57.46,33.45,120.18,12.42,8.83,19.85
"QLDNorth","Livingstone",150.420547485352,-22.2935523986816,0.38,3.37,3.59,66.99,38.21,144.06,25.02,16.24,45.19
"QLDNorth","Livingstone",150.563858032227,-22.2944946289062,0.38,3.34,4.07,85.21,47.13,191.06,11.46,8.31,17.71
"QLDNorth","Livingstone",150.624313354492,-22.3247718811035,0.38,3.34,3.59,93.35,50.93,213.37,32.44,20.45,60.83
"WANorth","Exmouth",113.828514099121,-22.2524871826172,0.38,2.13,3.82,188.49,93.94,486.69,5.48,4.27,7.78
"WANorth","Exmouth",114.139190673828,-22.259407043457,0.38,2.27,2.94,39.25,23.45,80.34,6.46,4.95,9.39
"WANorth","Ashburton",114.440048217773,-22.2445259094238,0.38,2.26,3.29,40.65,23.81,86.25,4.49,3.62,6.08
"QLDNorth","Isaac",149.585418701172,-22.2349853515625,0.38,4.47,4.92,25.26,16.3,46.03,9.94,7.26,15.32
"QLDNorth","Livingstone",149.88264465332,-22.2331867218018,0.38,4.44,4.79,30.55,19.2,57.8,12.37,8.78,19.8
"QLDNorth","Livingstone",150.259246826172,-22.2268581390381,0.38,3.38,3.88,58.63,34.1,122.7,13.8,9.64,22.6
"QLDNorth","Livingstone",150.429077148438,-22.24778175354,0.38,3.37,3.54,66.56,38.35,140.61,31.93,19.99,60.66
"QLDNorth","Livingstone",150.539779663086,-22.2625122070312,0.38,3.35,3.99,82.77,45.98,184.44,12.65,9.08,19.81
"WANorth","Exmouth",113.84489440918,-22.2057456970215,0.38,2.12,3.75,190.04,94.93,488.38,6.31,4.82,9.21
"WANorth","Exmouth",114.094535827637,-22.2017135620117,0.38,2.25,3.11,44.81,26.45,92.92,5.39,4.24,7.52
"WANorth","Ashburton",114.451126098633,-22.2074108123779,0.38,2.26,3.31,43.06,24.98,92.59,4.48,3.61,6.08
"QLDNorth","Isaac",149.570358276367,-22.2017345428467,0.38,4.48,4.94,24.46,15.88,44.19,9.62,7.06,14.75
"QLDNorth","Livingstone",149.860214233398,-22.1910495758057,0.38,4.47,4.83,25.6,16.54,46.51,10.95,7.91,17.12
"QLDNorth","Livingstone",150.111770629883,-22.2227210998535,0.38,3.4,3.95,51.21,30.28,104.87,10.4,7.67,15.7
"QLDNorth","Livingstone",150.477203369141,-22.2052268981934,0.38,3.35,3.95,77.85,43.85,169.78,14.66,10.16,24.28
"QLDNorth","Livingstone",150.508102416992,-22.2125854492188,0.38,3.35,4.31,83.3,46.32,185.21,8.37,6.33,12.25
"WANorth","Exmouth",113.860366821289,-22.1519222259521,0.38,2.12,3.67,213.08,105.6,551.61,6.4,4.87,9.42
"WANorth","Exmouth",114.088935852051,-22.1467437744141,0.38,2.23,3.1,53.13,30.78,112.78,5.67,4.44,7.95
"WANorth","Ashburton",114.473571777344,-22.1524887084961,0.38,2.26,3.33,42.22,24.65,89.84,4.45,3.58,6.06
"QLDNorth","Livingstone",149.845794677734,-22.1490898132324,0.38,4.47,4.83,26.13,16.92,47.26,11.36,8.17,17.86
"QLDNorth","Livingstone",150.084350585938,-22.1551055908203,0.38,4.39,5.73,47.52,28.42,95.74,5.65,4.48,7.74
"WANorth","Exmouth",113.880325317383,-22.1101894378662,0.38,2.13,3.86,170.53,85.98,433.71,5.86,4.53,8.44
"WANorth","Ashburton",114.487449645996,-22.1168785095215,0.38,2.24,3.29,51.13,29.08,112.8,4.68,3.74,6.44
"QLDNorth","Isaac",149.580337524414,-22.1141452789307,0.38,4.47,4.95,26.04,16.83,47.28,10.08,7.33,15.67
"QLDNorth","Livingstone",149.869140625,-22.1042213439941,0.38,4.43,4.65,32.77,20.57,61.85,17.58,11.97,29.72
"QLDNorth","Livingstone",149.999053955078,-22.1032848358154,0.38,4.43,5.06,34.9,21.92,65.52,10.57,7.74,16.17
"QLDNorth","Livingstone",150.043960571289,-22.1081066131592,0.38,4.39,5.05,44.4,26.84,88.11,10.46,7.72,15.79
"WANorth","Exmouth",113.901153564453,-22.0508842468262,0.38,2.13,4.21,185.65,93.14,473.96,4.91,3.89,6.83
"WANorth","Exmouth",114.119369506836,-22.0527305603027,0.38,2.21,3.06,66.27,37.42,145.41,6.23,4.83,8.87
"WANorth","Ashburton",114.524040222168,-22.0527877807617,0.38,2.22,3.25,58.71,32.83,132.45,4.98,3.94,6.95
"QLDNorth","Isaac",149.526382446289,-22.0507965087891,0.38,4.46,5.1,27.81,17.81,51.16,8.4,6.25,12.67
"QLDNorth","Livingstone",149.895233154297,-22.0504837036133,0.38,4.42,4.68,37.22,22.92,72.19,18.72,12.68,31.84
"QLDNorth","Livingstone",149.968475341797,-22.0432682037354,0.38,4.41,5.07,38.45,23.79,73.77,10.16,7.48,15.42
"WANorth","Exmouth",113.920783996582,-22.0038871765137,0.38,2.13,3.61,163.51,83.09,411,6.47,4.92,9.53
"WANorth","Exmouth",114.133293151855,-22.0002117156982,0.38,2.2,3.25,71.37,39.93,158.49,5.25,4.17,7.22
"QLDNorth","Isaac",149.515625,-22.0066356658936,0.38,4.45,4.77,29.62,18.86,54.8,13.2,9.31,21.31
"WANorth","Exmouth",113.929954528809,-21.9716148376465,0.38,2.13,3.45,173.75,87.85,439.17,7.55,5.61,11.48
"WANorth","Ashburton",114.576477050781,-21.9789524078369,0.38,2.25,3.3,45.97,26.62,98.73,4.64,3.71,6.38
"QLDNorth","Isaac",149.488876342773,-21.957181930542,0.38,4.44,4.77,30.8,19.49,57.5,13.33,9.42,21.42
"WANorth","Exmouth",113.963989257812,-21.9190444946289,0.38,2.14,3.58,161.07,82.09,403.08,5.73,4.42,8.33
"WANorth","Exmouth",114.149383544922,-21.9102783203125,0.38,2.19,3.07,81.93,45.11,185.76,6.56,5.06,9.39
"WANorth","Ashburton",114.639312744141,-21.9034576416016,0.38,2.23,2.87,55.11,31.26,121.48,7.85,5.79,12.08
"QLDNorth","Isaac",149.473205566406,-21.9128932952881,0.38,4.45,5,30.05,19.09,55.79,9.56,7.04,14.56
"WANorth","Exmouth",113.988929748535,-21.8793773651123,0.38,2.13,3.69,167.79,85.5,418.97,4.31,3.46,5.89
"WANorth","Exmouth",114.161590576172,-21.857177734375,0.38,2.18,3.4,90.61,49.21,209.37,4.98,3.99,6.76
"WANorth","Ashburton",114.639007568359,-21.8556880950928,0.38,2.21,2.83,62.36,35.03,138.84,8.56,6.24,13.39
"QLDNorth","Isaac",149.497985839844,-21.8373069763184,0.38,4.44,5.41,31.04,19.62,58.05,6.1,4.77,8.55
"WANorth","Exmouth",114.026725769043,-21.8443050384521,0.38,2.13,3.7,181.9,92.53,453.32,3.97,3.23,5.31
"WANorth","Exmouth",114.072372436523,-21.8131542205811,0.38,2.13,4.16,184.39,93.9,458.27,3.12,2.64,3.96
"WANorth","Exmouth",114.106651306152,-21.8011608123779,0.38,2.14,4.1,156.87,81.46,379.91,3.08,2.62,3.89
"WANorth","Ashburton",114.694152832031,-21.8100566864014,0.38,2.23,3.87,55.19,31.54,119.92,3.25,2.73,4.15
"WANorth","Ashburton",114.732940673828,-21.7966442108154,0.38,2.25,3.91,47.93,27.82,102.15,3.15,2.66,4
"QLDNorth","Isaac",149.49885559082,-21.8184833526611,0.38,4.44,5.42,31,19.59,57.99,6.05,4.74,8.45
"WANorth","Ashburton",114.803909301758,-21.7612190246582,0.38,2.24,3.78,53.3,30.51,115.77,3.37,2.82,4.35
"WANorth","Ashburton",114.852874755859,-21.73219871521,0.38,2.23,3.57,58.39,32.98,129.27,3.83,3.14,5.07
"WANorth","Ashburton",114.893501281738,-21.7101440429688,0.38,2.23,3.58,58.59,32.95,130.71,3.8,3.12,5.02
"QLDNorth","Isaac",149.473403930664,-21.7105274200439,0.38,4.43,5.19,34.44,21.49,65.54,8.37,6.25,12.52
"WANorth","Ashburton",114.962005615234,-21.6720962524414,0.38,2.21,3.67,71.36,39.04,165.47,3.6,2.98,4.71
"WANorth","Ashburton",114.987686157227,-21.6752738952637,0.38,2.22,3.01,64.35,35.56,147.52,6.66,5.05,9.86
"WANorth","Ashburton",115.063972473145,-21.6700992584229,0.38,2.22,3.19,60.94,33.87,138.73,5.37,4.2,7.6
"QLDNorth","Mackay",149.501937866211,-21.6074867248535,0.38,4.43,4.78,33.93,21.27,64.02,14.97,10.37,24.78
"WANorth","Ashburton",115.10912322998,-21.6282291412354,0.38,2.21,3.15,67.26,36.91,155.76,5.65,4.39,8.08
"WANorth","Ashburton",115.226104736328,-21.5682563781738,0.38,2.2,2.64,78.85,42.38,187.76,13.42,9.13,23.2
"WANorth","Ashburton",115.250549316406,-21.56858253479,0.38,2.22,3.09,63.41,34.9,146.6,6.08,4.66,8.87
"WANorth","Ashburton",115.32438659668,-21.5746021270752,0.38,2.22,2.79,59.37,32.91,136.11,9.2,6.61,14.72
"WANorth","Ashburton",115.359649658203,-21.5610389709473,0.38,2.23,2.79,57.39,31.99,130.46,9.23,6.63,14.82
"QLDNorth","Mackay",149.420806884766,-21.5454864501953,0.38,4.45,5.22,28.98,18.67,52.52,8.09,6.07,12.02
"QLDNorth","Mackay",149.487106323242,-21.5661678314209,0.38,4.44,4.78,31.73,20.12,58.89,15.07,10.44,24.93
"WANorth","Ashburton",115.47191619873,-21.51194190979,0.38,2.21,3.19,68.32,37.35,159.17,6.34,4.87,9.2
"QLDNorth","Mackay",149.368225097656,-21.5004806518555,0.38,4.47,4.62,26.11,17.02,46.6,19.54,13.11,33.72
"WANorth","Ashburton",115.511497497559,-21.4501342773438,0.38,2.2,3.07,74.31,40.23,175.25,7.3,5.39,11.28
"QLDNorth","Mackay",149.29914855957,-21.4694633483887,0.38,4.46,4.61,27.66,17.92,49.8,20.26,13.54,35.13
"WANorth","Karratha",115.55899810791,-21.4032878875732,0.38,2.19,2.52,86.13,45.83,207.72,19.26,12.39,36.12
"QLDNorth","Mackay",149.340362548828,-21.4251403808594,0.38,4.46,4.93,26.9,17.51,48.08,10.62,7.72,16.45
"WANorth","Karratha",115.591316223145,-21.3698673248291,0.38,2.18,2.48,95.08,49.91,233.63,22.59,14.23,43.55
"QLDNorth","Mackay",149.318893432617,-21.3723621368408,0.38,4.47,4.68,26.57,17.32,47.42,16.64,11.42,27.86
"WANorth","Karratha",115.636985778809,-21.3276233673096,0.38,2.18,2.53,96.37,50.7,235.48,19.91,12.78,37.39
"QLDNorth","Mackay",149.32356262207,-21.3195629119873,0.38,4.47,4.65,26.49,17.31,47.05,17.82,12.14,30.09
"WANorth","Karratha",115.699020385742,-21.2780055999756,0.38,2.18,2.49,94.07,49.81,227.5,22.84,14.47,43.47
"WANorth","Karratha",115.73405456543,-21.2697048187256,0.38,2.21,2.5,70.63,38.81,162.45,20.31,13.08,37.8
"WANorth","Karratha",115.788192749023,-21.262508392334,0.38,2.26,2.46,42.78,25.32,88.54,22.41,14.33,41.99
"QLDNorth","Mackay",149.262390136719,-21.2634410858154,0.38,4.47,4.86,26.07,17.06,46.26,11.75,8.42,18.55
"WANorth","Karratha",115.833740234375,-21.2164745330811,0.38,2.22,2.39,63.41,35.54,141.58,31.79,19.36,63.72
"WANorth","Karratha",115.851295471191,-21.1703968048096,0.38,2.19,3.19,83.95,45.21,198.2,6.11,4.69,8.89
"QLDNorth","Mackay",149.202774047852,-21.1665744781494,0.38,4.32,5,23.65,15.63,41.45,7.77,5.85,11.47
"WANorth","Karratha",115.883941650391,-21.1121234893799,0.38,2.18,3.18,92.59,49.54,219.68,6.34,4.83,9.34
"WANorth","Karratha",115.945236206055,-21.0636043548584,0.38,2.19,2.78,86.9,46.83,204.29,10.42,7.35,17.16
"QLDNorth","Mackay",149.23371887207,-21.0691242218018,0.38,4.3,5.07,26.84,17.52,47.75,7.46,5.65,10.93
"WANorth","Karratha",116.00074005127,-21.0321044921875,0.38,2.19,2.78,83.94,45.48,195.86,10.44,7.36,17.16
"WANorth","Karratha",116.048873901367,-21.0148506164551,0.38,2.19,2.48,86.01,46.63,200.12,22.19,13.97,42.94
"QLDNorth","Mackay",149.189743041992,-21.0312118530273,0.38,4.3,4.76,27.59,17.91,49.5,10.67,7.74,16.55
"WANorth","Karratha",116.110061645508,-20.9945011138916,0.38,2.18,2.42,90.4,48.81,211.22,28.25,17.25,56.9
"WANorth","Karratha",116.153228759766,-20.9728336334229,0.38,2.17,2.38,111.56,58.68,269.84,32.96,19.82,67.49
"QLDNorth","Mackay",149.048797607422,-20.9769611358643,0.38,4.3,5.25,27.13,17.63,48.61,6.41,4.96,9.14
"QLDNorth","Mackay",149.100326538086,-20.9781055450439,0.38,4.29,4.95,28.14,18.21,50.7,8.32,6.23,12.39
"QLDNorth","Mackay",149.155029296875,-20.9785442352295,0.38,4.29,4.6,28.49,18.42,51.39,14.82,10.29,24.41
"WANorth","Karratha",116.15380859375,-20.929069519043,0.38,2.17,2.99,101.61,54.1,241.68,6.7,5.05,10.03
"QLDNorth","Mackay",149.051864624023,-20.9236888885498,0.38,4.3,4.51,27.44,17.82,49.21,17.36,11.84,29.32
"WANorth","Ashburton",115.397163391113,-20.8932819366455,0.38,2.2,2.51,72.65,40.39,163.04,21.55,13.77,40.56
"WANorth","Karratha",116.189353942871,-20.8822536468506,0.38,2.16,3.25,121.39,63.5,294.87,5,3.94,7.01
"QLDNorth","Mackay",148.945083618164,-20.8749885559082,0.38,4.29,4.53,29.33,18.79,53.7,16.02,10.97,26.95
"QLDNorth","Mackay",148.993865966797,-20.8916931152344,0.38,4.29,4.75,29.33,18.83,53.48,11.17,8.01,17.7
"WANorth","Karratha",116.207725524902,-20.8317775726318,0.38,2.19,3.62,85.93,46.79,198.29,3.7,3.04,4.88
"WANorth","Karratha",116.338638305664,-20.8400115966797,0.38,2.2,2.96,77.86,42.85,177.26,6.74,5.07,10.1
"WANorth","Karratha",116.370178222656,-20.8314571380615,0.38,2.2,2.96,77.18,42.46,176,6.73,5.07,10.08
"WANorth","Karratha",116.419342041016,-20.82692527771,0.38,2.2,2.41,77.31,42.62,175.54,25.87,16.13,50.36
"QLDNorth","Mackay",148.842803955078,-20.8253059387207,0.38,4.3,4.71,26.78,17.33,48.42,10.91,7.85,17.2
"WANorth","Ashburton",115.300354003906,-20.7760372161865,0.38,2.11,4.22,251.64,121.6,675.21,3.47,2.89,4.5
"WANorth","Ashburton",115.487831115723,-20.7847900390625,0.38,2.29,2.9,34.64,20.71,71.51,7.71,5.69,11.89
"WANorth","Karratha",116.49250793457,-20.7913150787354,0.38,2.16,2.37,115.27,60.8,276.73,33.23,20.07,67.43
"QLDNorth","Mackay",148.845092773438,-20.78391456604,0.38,4.3,4.71,27.27,17.59,49.53,10.83,7.8,17.05
"WANorth","Ashburton",115.352661132812,-20.7395095825195,0.38,2.12,3.49,228.77,111.46,608.3,5.51,4.27,7.9
"WANorth","Ashburton",115.492980957031,-20.7369003295898,0.38,2.38,4.2,20.14,12.9,37.94,2.94,2.51,3.68
"WANorth","Karratha",116.54035949707,-20.746467590332,0.38,2.17,2.33,114.24,60.86,269.35,46.42,26.96,99.03
"QLDNorth","Mackay",148.822952270508,-20.7695465087891,0.38,3.27,3.68,27.48,17.7,50,10.82,7.79,17.02
"WANorth","Karratha",116.580741882324,-20.6878547668457,0.38,2.16,2.62,119.09,63.05,283.28,14.8,10.01,25.71
"WANorth","Karratha",116.834449768066,-20.7047786712646,0.38,4.45,5.7,13.43,9.15,23.16,3.2,2.69,4.1
"WANorth","Karratha",116.889343261719,-20.715892791748,0.38,4.42,5.65,15.67,10.48,27.68,3.32,2.78,4.28
"WANorth","Karratha",117.254760742188,-20.7014217376709,0.38,4.33,5.12,23.71,14.97,45.34,4.92,3.86,6.94
"WANorth","Karratha",117.30729675293,-20.723934173584,0.38,4.32,4.49,25.74,16.09,49.85,14.02,9.48,24.49
"WANorth","Karratha",117.371124267578,-20.7290821075439,0.38,4.3,4.59,28.15,17.41,55.27,11.49,7.98,19.34
"WANorth","Karratha",117.407180786133,-20.7229251861572,0.38,4.3,4.45,29.66,18.24,58.65,16.8,11.09,30.26
"WANorth","Karratha",117.478233337402,-20.7161254882812,0.38,4.28,4.62,32.5,19.71,65.58,11.23,7.83,18.78
"WANorth","Karratha",117.53833770752,-20.70654296875,0.38,4.28,4.79,33.72,20.31,68.73,8,5.86,12.49
"WANorth","Karratha",117.576545715332,-20.6753768920898,0.38,4.27,5.9,34.45,20.73,70.21,3.02,2.56,3.81
"QLDNorth","Mackay",148.733520507812,-20.6849021911621,0.38,3.29,3.55,23.8,15.54,42.65,12.56,8.86,20.33
"QLDNorth","Mackay",148.759948730469,-20.7212963104248,0.38,3.28,3.64,25.13,16.33,45.28,11.09,7.96,17.55
"WANorth","Karratha",116.56339263916,-20.6260738372803,0.38,2.16,3.03,116.63,62,275.68,6.83,5.15,10.22
"WANorth","Karratha",116.816337585449,-20.6157131195068,0.38,4.45,5.46,13.58,9.24,23.47,3.68,3.02,4.86
"WANorth","Karratha",117.007186889648,-20.6498851776123,0.38,4.35,5.28,21.31,13.69,39.7,4.3,3.45,5.89
"WANorth","Karratha",117.050231933594,-20.6246738433838,0.38,4.33,5.25,24.23,15.31,46.19,4.44,3.55,6.12
"WANorth","Karratha",117.200706481934,-20.6297302246094,0.38,4.32,5.12,25.26,15.81,48.89,4.99,3.92,7.07
"WANorth","Karratha",117.641456604004,-20.6586017608643,0.38,4.28,4.41,32.78,19.91,65.89,20.95,13.4,39.43
"QLDNorth","Mackay",148.729705810547,-20.6312599182129,0.38,3.3,3.38,23.03,15.06,41.24,17.92,12.08,30.85
"WANorth","Karratha",116.63346862793,-20.5624713897705,0.38,2.21,3.33,71.75,40.17,159.08,4.61,3.67,6.39
"WANorth","Karratha",116.853927612305,-20.5505542755127,0.38,4.41,5.45,15.81,10.55,28.05,3.76,3.08,4.99
"WANorth","Karratha",117.088943481445,-20.6125068664551,0.38,4.31,5.03,26.81,16.71,52.04,5.56,4.29,8.05
"WANorth","Karratha",117.70694732666,-20.609338760376,0.38,4.28,5.85,33.76,20.5,67.72,3.16,2.67,4.03
"WANorth","Karratha",117.731239318848,-20.6048641204834,0.38,4.3,5.91,29.29,18.06,57.67,3.04,2.58,3.84
"WANorth","Port Hedland",117.788162231445,-20.5817928314209,0.38,4.3,5.46,28.64,17.79,55.64,3.95,3.22,5.3
"WANorth","Port Hedland",117.855735778809,-20.5904445648193,0.38,4.3,4.95,29.04,18.07,56.2,6.74,5.06,10.16
"QLDNorth","Whitsunday",148.675888061523,-20.5708465576172,0.38,3.32,3.52,20.28,13.45,35.68,12.46,8.8,20.17
"QLDNorth","Whitsunday",148.85710144043,-20.5329475402832,0.38,3.28,3.92,25.2,16.28,45.9,6.99,5.38,10
"QLDNorth","Whitsunday",148.89958190918,-20.547945022583,0.38,3.25,4.06,29.88,18.95,55.62,6.12,4.79,8.58
"WANorth","Karratha",116.695823669434,-20.5156555175781,0.38,4.23,5.46,50.86,29.55,107.68,3.81,3.12,5.06
"WANorth","Karratha",116.8779296875,-20.5187358856201,0.38,4.4,5.61,16.69,11.07,29.8,3.42,2.85,4.43
"WANorth","Port Hedland",117.895408630371,-20.5413818359375,0.38,4.3,4.41,29.55,18.3,57.63,20.64,13.22,38.8
"QLDNorth","Whitsunday",148.694717407227,-20.5426292419434,0.38,3.32,3.52,20.48,13.56,36.12,12.56,8.85,20.38
"QLDNorth","Whitsunday",148.712020874023,-20.5181045532227,0.38,3.32,3.52,20.31,13.45,35.83,12.42,8.77,20.13
"QLDNorth","Whitsunday",148.81755065918,-20.5104503631592,0.38,3.3,4.15,22.65,14.81,40.64,5.57,4.41,7.68
"QLDNorth","Whitsunday",148.934631347656,-20.5306968688965,0.38,3.21,4.07,39.38,24.18,76.55,6.53,5.06,9.28
"WANorth","Karratha",116.779930114746,-20.5041923522949,0.38,4.21,5.03,60.08,34.35,129.68,5.87,4.5,8.58
"WANorth","Karratha",116.891662597656,-20.4834842681885,0.38,4.38,5.38,18.03,11.82,32.71,3.97,3.23,5.33
"WANorth","Port Hedland",117.913688659668,-20.4775104522705,0.38,4.28,5.43,33.39,20.37,66.46,4.13,3.34,5.57
"QLDNorth","Whitsunday",148.913909912109,-20.4831104278564,0.38,3.23,4.67,33.87,21.15,64.42,4.09,3.36,5.36
"WANorth","Karratha",116.801399230957,-20.432638168335,0.38,4.19,5.34,73.66,41.2,163.33,4.42,3.54,6.06
"WANorth","Karratha",116.898109436035,-20.4479827880859,0.38,4.35,5.04,20.93,13.47,38.95,5.41,4.19,7.78
"WANorth","Port Hedland",117.92943572998,-20.4624061584473,0.38,4.29,5.46,30.07,18.53,59.13,4,3.25,5.37
"WANorth","Port Hedland",118.020324707031,-20.4503135681152,0.38,4.32,5.51,25.87,16.22,49.84,3.82,3.12,5.08
"QLDNorth","Whitsunday",148.889389038086,-20.4597663879395,0.38,3.22,4.29,38.97,23.88,76,5.06,4.06,6.86
"WANorth","Port Hedland",118.058555603027,-20.4135265350342,0.38,4.32,5.51,25.96,16.3,49.82,3.81,3.12,5.07
"QLDNorth","Whitsunday",148.895095825195,-20.3785915374756,0.38,3.21,3.77,42.23,25.66,83.28,9.23,6.81,14.03
"QLDNorth","Whitsunday",148.952117919922,-20.3802852630615,0.38,3.21,4.07,40.03,24.48,78.25,6.31,4.9,8.95
"QLDNorth","Mackay",149.021896362305,-20.3936939239502,0.38,3.22,3.83,38.73,23.83,75.03,8.23,6.1,12.52
"WANorth","Port Hedland",118.129188537598,-20.370532989502,0.38,4.31,5.43,26.68,16.74,51.18,4.11,3.33,5.55
"WANorth","Port Hedland",118.167083740234,-20.3465995788574,0.38,4.31,5.14,26.99,16.94,51.67,5.28,4.12,7.52
"WANorth","Port Hedland",118.196533203125,-20.3357353210449,0.38,4.34,5.2,23.12,14.79,43.19,4.92,3.88,6.93
"WANorth","Port Hedland",118.26683807373,-20.3528156280518,0.38,4.34,4.97,23.22,14.82,43.57,6.31,4.78,9.38
"WANorth","Port Hedland",118.31844329834,-20.3370609283447,0.38,4.34,5.61,23.34,14.92,43.63,3.62,2.98,4.75
"WANorth","Port Hedland",118.367660522461,-20.3476428985596,0.38,4.35,4.9,21.34,13.75,39.51,6.9,5.16,10.48
"QLDNorth","Whitsunday",148.919830322266,-20.3214683532715,0.38,3.2,3.52,45.38,27.35,90.4,15.42,10.62,25.71
"QLDNorth","Whitsunday",149.051406860352,-20.3108921051025,0.38,3.22,4.31,37.76,23.26,73.1,5.35,4.26,7.31
"WANorth","Port Hedland",118.455070495605,-20.3152179718018,0.38,4.34,5.43,22.94,14.73,42.57,4.07,3.3,5.5
"WANorth","Port Hedland",118.461875915527,-20.3154773712158,0.38,4.34,6.14,22.77,14.64,42.17,2.78,2.39,3.45
"WANorth","Port Hedland",118.53050994873,-20.3007946014404,0.38,4.33,6.02,23.66,15.18,43.85,2.94,2.51,3.69
"WANorth","Port Hedland",118.634323120117,-20.2938327789307,0.38,4.33,5.51,23.87,15.3,44.26,3.9,3.18,5.2
"WANorth","Port Hedland",118.696647644043,-20.3080749511719,0.38,4.33,5.1,23.59,15.15,43.62,5.57,4.31,8.03
"WANorth","Port Hedland",118.741676330566,-20.2921085357666,0.38,4.33,6.09,24.06,15.44,44.51,2.9,2.48,3.62
"QLDNorth","Whitsunday",148.906173706055,-20.2758388519287,0.38,3.19,3.51,48.89,29.15,98.89,15.77,10.78,26.67
"QLDNorth","Whitsunday",149.048431396484,-20.2850322723389,0.38,3.18,3.56,50.9,30.24,103.4,14.31,9.85,24.05
"WANorth","Port Hedland",118.827583312988,-20.2426986694336,0.38,4.32,4.79,25.7,16.41,47.78,8.83,6.39,14
"WANorth","Port Hedland",118.840995788574,-20.229076385498,0.38,4.31,4.79,26.47,16.83,49.5,8.9,6.43,14.11
"QLDNorth","Whitsunday",148.831161499023,-20.2356262207031,0.38,3.17,3.67,55.37,32.55,114.05,10.3,7.41,16.32
"QLDNorth","Whitsunday",148.910110473633,-20.2499942779541,0.38,3.16,3.49,60.99,35.44,127.57,15.69,10.68,26.75
"QLDNorth","Whitsunday",149.029388427734,-20.2381935119629,0.38,3.18,4.08,51.56,30.58,104.95,6.12,4.74,8.72
"WANorth","Port Hedland",118.865966796875,-20.2053852081299,0.38,4.3,4.78,28.03,17.69,52.91,9.17,6.6,14.63
"QLDNorth","Whitsunday",148.681640625,-20.1868515014648,0.38,3.16,4.13,63.15,36.47,133.26,5.51,4.3,7.8
"QLDNorth","Whitsunday",148.752014160156,-20.2341957092285,0.38,3.15,4.23,66.73,38.29,142.01,4.54,3.62,6.24
"QLDNorth","Whitsunday",148.811904907227,-20.2081069946289,0.38,3.16,3.75,65.57,37.76,138.77,8.63,6.34,13.32
"QLDNorth","Whitsunday",148.89094543457,-20.1693572998047,0.38,3.16,3.58,61.43,35.67,128.55,13.55,9.53,21.92
"QLDNorth","Whitsunday",149.0478515625,-20.1767330169678,0.38,3.18,4.14,51.96,30.78,105.94,6,4.72,8.32
"WANorth","Port Hedland",118.907958984375,-20.1533355712891,0.38,4.3,4.77,28.48,17.98,53.69,9.31,6.69,14.85
"QLDNorth","Whitsunday",148.616928100586,-20.1395874023438,0.38,3.16,4.33,60.6,35.21,126.78,4.88,3.89,6.7
"QLDNorth","Whitsunday",148.878921508789,-20.1377506256104,0.38,3.15,3.65,68.55,39.38,145.31,10.56,7.54,16.91
"QLDNorth","Whitsunday",149.020416259766,-20.1534824371338,0.38,3.17,3.66,57.11,33.6,117.21,11.36,8.06,18.32
"WANorth","Port Hedland",118.972709655762,-20.0898818969727,0.38,4.29,4.68,30.75,19.28,58.44,11.35,7.94,18.83
"QLDNorth","Whitsunday",148.307312011719,-20.1071434020996,0.38,2.67,3.28,76.85,43.31,167.57,11.21,8,17.9
"QLDNorth","Whitsunday",148.337829589844,-20.1377258300781,0.38,2.66,3.27,80.56,45.2,176.53,11.49,8.16,18.48
"QLDNorth","Whitsunday",148.644317626953,-20.0960540771484,0.38,3.16,3.92,64.74,37.35,136.66,6.88,5.19,10.26
"QLDNorth","Whitsunday",148.877655029297,-20.0655612945557,0.38,3.14,3.62,74,42.02,159.46,12.99,9.11,21.22
"QLDNorth","Whitsunday",148.969421386719,-20.0698776245117,0.38,3.17,4.49,57.62,33.82,118.71,4.54,3.71,5.99
"WANorth","Port Hedland",118.997650146484,-20.0329113006592,0.38,4.3,4.69,29.66,18.65,56.21,11.09,7.81,18.2
"WANorth","East Pilbara",119.519950866699,-20.0433902740479,0.38,4.32,4.95,24.94,16.3,44.49,6.87,5.18,10.22
"WANorth","East Pilbara",119.583999633789,-20.0681285858154,0.38,4.32,4.59,25.53,16.64,45.67,12.97,9.05,21.36
"WANorth","East Pilbara",119.636421203613,-20.0477066040039,0.38,4.32,4.58,25.85,16.84,46.25,13.1,9.16,21.5
"QLDNorth","Whitsunday",148.298141479492,-20.0416526794434,0.38,2.67,3.33,73.33,41.47,159.32,10.32,7.45,16.2
"QLDNorth","Whitsunday",148.433990478516,-20.0228958129883,0.38,2.66,3.56,83.65,46.69,184.65,6.35,4.85,9.28
"QLDNorth","Whitsunday",148.536437988281,-20.0547847747803,0.38,2.68,3.34,68.45,39.14,146.31,9.26,6.75,14.39
"QLDNorth","Whitsunday",148.565017700195,-20.0668964385986,0.38,3.16,3.91,62.28,36.09,130.74,7.97,5.96,11.92
"QLDNorth","Whitsunday",148.895431518555,-20.0388641357422,0.38,3.15,4.21,67.1,38.53,142.57,5.36,4.23,7.46
"QLDNorth","Whitsunday",148.955841064453,-20.0561389923096,0.38,3.16,4.29,65.18,37.59,137.61,4.97,3.97,6.81
"WANorth","Port Hedland",119.073089599609,-20.0058364868164,0.38,4.29,5.38,31.1,19.44,59.39,4.69,3.72,6.52
"WANorth","Port Hedland",119.086044311523,-19.9914436340332,0.38,4.29,4.39,31.04,19.38,59.37,22.59,14.61,41.37
"WANorth","Port Hedland",119.365753173828,-19.9896373748779,0.38,4.3,4.43,29.12,18.61,53.59,20.07,13.33,35.23
"WANorth","Port Hedland",119.421737670898,-19.9905967712402,0.38,4.31,4.69,27.48,17.73,49.85,10.82,7.7,17.44
"WANorth","Port Hedland",119.469665527344,-20.003963470459,0.38,4.31,4.62,27.93,17.98,50.81,12.72,8.87,21
"WANorth","East Pilbara",119.688293457031,-19.9963130950928,0.38,4.32,4.58,26.09,16.98,46.76,13.02,9.14,21.23
"QLDNorth","Whitsunday",148.267623901367,-19.9859199523926,0.38,2.67,3.37,72.71,41.11,158.15,9.98,7.27,15.45
"QLDNorth","Whitsunday",148.433792114258,-19.9874267578125,0.38,2.66,3.45,83.32,46.43,184.52,7.46,5.57,11.23
"QLDNorth","Whitsunday",148.552749633789,-19.9927291870117,0.38,2.66,3.64,79.16,44.49,173.09,6.44,4.96,9.26
"WANorth","Port Hedland",119.168464660645,-19.9530563354492,0.38,4.3,4.57,28.92,18.38,53.79,14.64,10.02,24.85
"WANorth","Port Hedland",119.206848144531,-19.9463481903076,0.38,4.3,4.57,29.08,18.56,53.66,14.66,10.06,24.74
"WANorth","Port Hedland",119.25757598877,-19.9648323059082,0.38,4.29,4.46,31.83,20.02,59.98,19.63,12.95,34.97
"WANorth","Port Hedland",119.307754516602,-19.9808597564697,0.38,4.3,4.49,28.43,18.23,52.04,17.2,11.61,29.64
"WANorth","East Pilbara",119.744606018066,-19.9636402130127,0.38,4.31,4.69,27.17,17.54,49.32,10.38,7.49,16.32
"WANorth","East Pilbara",119.843452453613,-19.9636344909668,0.38,4.32,4.43,25.16,16.33,45.39,18.07,12.18,31.08
"WANorth","East Pilbara",119.89623260498,-19.9465560913086,0.38,4.32,4.45,25.74,16.69,46.5,17.31,11.74,29.53
"WANorth","East Pilbara",119.945373535156,-19.9375991821289,0.38,4.32,4.46,24.98,16.24,44.93,16.89,11.48,28.71
"WANorth","East Pilbara",119.996444702148,-19.9295768737793,0.38,4.33,4.47,23.59,15.46,42.03,16.22,11.08,27.4
"QLDNorth","Whitsunday",148.151626586914,-19.9428615570068,0.38,2.67,3.51,74.48,41.92,163.12,8.42,6.29,12.57
"QLDNorth","Whitsunday",148.206604003906,-19.9486331939697,0.38,2.67,3.44,72.58,40.98,158.24,9.18,6.77,13.97
"QLDNorth","Whitsunday",148.441223144531,-19.9711360931396,0.38,2.66,3.5,78.33,43.85,172.67,6.97,5.27,10.33
"QLDNorth","Whitsunday",148.452850341797,-19.9661026000977,0.38,2.67,3.78,74.26,41.81,162.56,5.71,4.49,7.97
"WANorth","Broome",120.065490722656,-19.9218635559082,0.38,4.33,4.46,23.77,15.55,42.45,16.5,11.23,28.01
"WANorth","Broome",120.112655639648,-19.914041519165,0.38,4.33,4.61,23.75,15.54,42.39,11.97,8.47,19.31
"WANorth","Broome",120.158889770508,-19.9079303741455,0.38,4.33,4.56,23.49,15.39,41.85,13.31,9.29,21.86
"WANorth","Broome",120.213424682617,-19.9057884216309,0.38,4.33,4.55,24.32,15.85,43.63,13.58,9.46,22.41
"QLDNorth","Whitsunday",148.089401245117,-19.8941669464111,0.38,2.69,3.48,60.81,35.05,129.12,8.94,6.62,13.51
"WANorth","Broome",120.28434753418,-19.8830451965332,0.38,4.32,4.55,26,16.86,46.88,13.72,9.56,22.58
"WANorth","Broome",120.331367492676,-19.8702392578125,0.38,4.32,4.55,24.91,16.26,44.5,13.66,9.53,22.45
"WANorth","Broome",120.376899719238,-19.8509407043457,0.38,4.34,4.57,22.35,14.81,39.1,12.96,9.12,21.06
"QLDNorth","Whitsunday",147.870895385742,-19.8506202697754,0.38,2.68,3.33,68.52,38.8,149.17,11.06,7.95,17.44
"QLDNorth","Whitsunday",147.89860534668,-19.8779392242432,0.38,2.67,3.31,70.98,40.06,155.16,11.71,8.35,18.67
"QLDNorth","Whitsunday",148.025787353516,-19.8905639648438,0.38,2.66,3.59,77.84,43.59,171.52,7.97,5.98,11.83
"QLDNorth","Whitsunday",148.049194335938,-19.880392074585,0.38,2.67,3.47,76.79,43.05,169,9.31,6.85,14.2
"WANorth","Broome",120.446357727051,-19.824390411377,0.38,4.33,4.54,24.56,16.08,43.69,13.91,9.69,22.87
"WANorth","Broome",120.484565734863,-19.8106021881104,0.38,4.33,4.55,24.19,15.88,42.86,13.74,9.6,22.52
"WANorth","Broome",120.529876708984,-19.7982482910156,0.38,4.33,4.55,23.79,15.66,41.98,13.57,9.49,22.19
"QLDNorth","Burdekin",147.636581420898,-19.7879085540771,0.38,2.65,3.13,87.19,47.91,197.62,16.65,11.31,28.36
"QLDNorth","Burdekin",147.66423034668,-19.8059043884277,0.38,2.65,3.09,94.03,51.22,215.47,18.98,12.64,33.29
"QLDNorth","Whitsunday",147.857131958008,-19.801721572876,0.38,2.68,3.34,68.5,38.79,149.1,11.07,7.95,17.44
"WANorth","Broome",120.579978942871,-19.7765197753906,0.38,4.34,4.55,23.02,15.24,40.26,13.61,9.55,22.13
"WANorth","Broome",120.65160369873,-19.7546901702881,0.38,4.33,4.54,23.37,15.45,40.94,14.08,9.83,23.07
"WANorth","Broome",120.687477111816,-19.7428932189941,0.38,4.33,4.54,23.97,15.78,42.26,14.29,9.96,23.47
"WANorth","Broome",120.729225158691,-19.7241172790527,0.38,4.34,4.53,23.23,15.38,40.64,14.77,10.25,24.4
"QLDNorth","Burdekin",147.605331420898,-19.7488174438477,0.38,2.66,3.15,80,44.42,178.84,15.61,10.71,26.26
"QLDNorth","Whitsunday",147.738739013672,-19.7649955749512,0.38,2.65,3.31,92.75,50.72,211.19,12.54,8.82,20.44
"QLDNorth","Whitsunday",147.856964111328,-19.7432193756104,0.38,2.67,2.98,71.48,40.27,156.64,22.95,14.98,41.28
"WANorth","Broome",120.793174743652,-19.6948852539062,0.38,5.81,6,22.41,14.95,38.73,14.4,10.04,23.6
"QLDNorth","Whitsunday",147.75080871582,-19.702392578125,0.38,2.66,3.47,81.48,45.2,182.19,9.71,7.07,15.11
"QLDNorth","Whitsunday",147.780395507812,-19.7049865722656,0.38,2.66,3.4,80.92,44.94,180.68,10.32,7.45,16.22
"QLDNorth","Whitsunday",147.826461791992,-19.7084178924561,0.38,2.67,3.65,71.43,40.24,156.59,7.53,5.69,11.08
"WANorth","Broome",120.856033325195,-19.6699066162109,0.38,5.81,6.01,22.67,15.04,39.56,13.8,9.68,22.46
"WANorth","Broome",120.902053833008,-19.6542224884033,0.38,5.8,6,23.21,15.39,40.48,14.69,10.22,24.15
"WANorth","Broome",120.94229888916,-19.6378479003906,0.38,5.84,6.02,19.64,13.36,33.04,13.72,9.65,22.18
"QLDNorth","Burdekin",147.608001708984,-19.6527614593506,0.38,2.74,3.09,77.53,43.2,172.52,21.45,14.15,37.97
"WANorth","Broome",121.010299682617,-19.5989818572998,0.38,5.82,5.95,21,14.12,35.92,15.85,10.96,26.21
"QLDNorth","Burdekin",147.57568359375,-19.5920028686523,0.38,2.75,3.41,70.7,39.82,155.11,11.38,8.14,18.07
"WANorth","Broome",121.067588806152,-19.5578746795654,0.38,5.79,5.91,25.9,16.9,46.19,18.59,12.58,31.68
"QLDNorth","Burdekin",147.566986083984,-19.5536823272705,0.38,2.75,3.55,73.92,41.47,162.98,9.75,7.13,15.04
"WANorth","Broome",121.12336730957,-19.5209617614746,0.38,5.81,5.93,22.26,14.88,38.35,16.94,11.65,28.22
"WANorth","Broome",121.15958404541,-19.4946613311768,0.38,5.81,6.3,22.25,14.88,38.31,9.3,6.82,14.32
"QLDNorth","Burdekin",147.518493652344,-19.4948139190674,0.38,2.75,3.59,72.29,40.65,158.88,9.13,6.74,13.88
"WANorth","Broome",121.21656036377,-19.4481582641602,0.38,5.8,6.29,23.21,15.39,40.47,9.61,7,14.93
"QLDNorth","Burdekin",147.482009887695,-19.440486907959,0.38,2.75,3.35,71.8,40.41,157.64,13.01,9.17,21.06
"WANorth","Broome",121.255737304688,-19.4106731414795,0.38,5.8,6.28,24.48,16.11,43.17,9.84,7.15,15.33
"QLDNorth","Townsville",147.112716674805,-19.3939304351807,0.38,2.75,2.98,106.47,57.43,246.46,40.12,24.35,79.54
"QLDNorth","Burdekin",147.154144287109,-19.4040985107422,0.38,2.74,2.94,114.35,61.04,268.64,49.07,28.94,101.26
"QLDNorth","Burdekin",147.201370239258,-19.4158000946045,0.38,2.74,3.52,119.82,63.4,285.23,12.17,8.55,19.92
"QLDNorth","Burdekin",147.27033996582,-19.4202575683594,0.38,2.7,3.48,134.85,70.2,328.24,12.31,8.63,20.2
"QLDNorth","Burdekin",147.316925048828,-19.4074878692627,0.38,2.7,3.59,132.37,69.07,321.24,10.45,7.49,16.66
"QLDNorth","Burdekin",147.366546630859,-19.4134864807129,0.38,2.7,3.58,130.55,68.23,316.21,10.55,7.55,16.85
"QLDNorth","Burdekin",147.444625854492,-19.380880355835,0.38,2.71,3.14,110.32,59.35,256.04,23.84,15.45,43.36
"WANorth","Broome",121.288803100586,-19.3769283294678,0.38,5.79,6.27,25.57,16.73,45.42,9.99,7.24,15.62
"QLDNorth","Townsville",147.091766357422,-19.3602600097656,0.38,2.75,2.97,107.04,57.74,247.61,40.29,24.48,79.72
"WANorth","Broome",121.341453552246,-19.3204784393311,0.38,5.79,6.07,25.33,16.58,45,14.45,10.02,23.9
"WANorth","Broome",121.361099243164,-19.2930088043213,0.38,5.79,6.13,26.05,16.98,46.56,12.96,9.09,21.15
"QLDNorth","Townsville",146.900085449219,-19.3002738952637,0.38,2.83,3.44,87.62,49.01,192.08,18.71,12.47,32.8
"QLDNorth","Townsville",146.94758605957,-19.2947425842285,0.38,2.76,3.46,94.55,52.29,210.58,15.25,10.42,25.86
"WANorth","Broome",121.392044067383,-19.2532920837402,0.38,5.79,6.13,26,16.94,46.5,12.91,9.07,21.05
"QLDNorth","Townsville",146.981781005859,-19.2680759429932,0.38,2.76,3.46,96.64,53.19,216.9,15.5,10.58,26.31
"QLDNorth","Townsville",147.061813354492,-19.2527599334717,0.38,2.75,4,106.33,57.53,244.74,7.77,5.81,11.69
"WANorth","Broome",121.431411743164,-19.2021427154541,0.38,5.79,5.95,25.7,16.75,45.96,18.53,12.54,31.55
"QLDNorth","Townsville",147.002349853516,-19.2261600494385,0.38,2.76,3.42,94.03,51.95,209.88,16.84,11.38,28.93
"QLDNorth","Townsville",147.045791625977,-19.2077312469482,0.38,2.76,3.65,95.05,52.38,213.08,11.18,7.96,17.94
"WANorth","Broome",121.471351623535,-19.1473999023438,0.38,5.79,5.95,25.15,16.43,44.84,18.29,12.41,31.06
"QLDNorth","Townsville",146.617416381836,-19.1560077667236,0.38,2.85,3.18,70.96,41.17,147.39,26.96,17.42,48.85
"QLDNorth","Townsville",146.672744750977,-19.1812114715576,0.38,2.84,4.13,73.34,42.39,153.1,8.28,6.09,12.78
"QLDNorth","Townsville",146.745254516602,-19.1750354766846,0.38,2.84,3.37,77.71,44.45,164.78,20.07,13.33,35.25
"QLDNorth","Townsville",146.884170532227,-19.1261463165283,0.38,2.83,3.13,85.49,47.99,186.45,30.68,19.48,56.95
"QLDNorth","Townsville",147.014053344727,-19.1807861328125,0.38,2.76,3.41,96.6,53.17,216.74,17.18,11.58,29.64
"QLDNorth","Townsville",147.022735595703,-19.1852207183838,0.38,2.76,3.45,96.66,53.18,217.05,15.62,10.67,26.46
"WANorth","Broome",121.51439666748,-19.0784320831299,0.38,5.78,6.08,26.56,17.2,47.99,14.68,10.15,24.39
"QLDNorth","Townsville",146.524719238281,-19.0995292663574,0.38,2.85,3.08,70.29,40.83,145.78,31.11,19.89,56.97
"QLDNorth","Townsville",146.544876098633,-19.1108875274658,0.38,2.85,3.23,70.64,41,146.68,23.42,15.37,41.62
"QLDNorth","Townsville",146.780822753906,-19.1178245544434,0.38,2.83,4.02,81.2,46.1,174.02,8.67,6.36,13.37
"QLDNorth","Townsville",146.884262084961,-19.1123752593994,0.38,2.83,3.83,87.6,48.99,192.07,10.25,7.39,16.13
"WANorth","Broome",121.520469665527,-19.0504398345947,0.38,5.78,6.09,26.78,17.32,48.46,14.33,9.93,23.74
"QLDNorth","Townsville",146.468566894531,-19.0711936950684,0.38,2.85,3.74,67.17,39.21,138.47,11.34,8,18.48
"QLDNorth","Townsville",146.793090820312,-19.1095657348633,0.38,2.83,4.02,83.12,47.01,179.15,8.71,6.39,13.45
"QLDNorth","Townsville",146.837158203125,-19.102445602417,0.38,2.83,3.67,85.75,48.19,186.63,12.47,8.78,20.28
"WANorth","Broome",121.545501708984,-18.9979515075684,0.38,5.78,5.87,26.93,17.39,48.84,23.65,15.53,41.91
"QLDNorth","Townsville",146.406478881836,-19.0029544830322,0.38,2.85,3.29,66.22,38.6,136.97,20.42,13.54,35.91
"WANorth","Broome",121.551979064941,-18.9434871673584,0.38,5.78,5.95,27.06,17.48,49.08,19.77,13.26,34.11
"QLDNorth","Townsville",146.331924438477,-18.9381656646729,0.38,2.79,2.97,56.86,33.54,116.2,29.55,18.89,54.28
"QLDNorth","Townsville",146.365142822266,-18.9604206085205,0.38,2.78,2.97,62.38,36.49,128.67,31.26,19.88,57.79
"WANorth","Broome",121.59538269043,-18.8983860015869,0.38,5.77,5.87,27.75,17.88,50.44,24.62,16.1,43.89
"QLDNorth","Hinchinbrook",146.309585571289,-18.9009704589844,0.38,2.79,3.03,54.27,32.13,110.46,24.26,15.9,43.09
"WANorth","Broome",121.602256774902,-18.8637847900391,0.38,5.78,6.35,27.53,17.77,49.92,9.37,6.86,14.44
"QLDNorth","Hinchinbrook",146.279510498047,-18.8430213928223,0.38,2.81,3.24,48.8,29.15,98.4,17.35,11.64,30.2
"QLDNorth","Palm Island",146.553527832031,-18.8467845916748,0.38,2.76,3.57,76.01,43.4,161.91,12.52,8.78,20.54
"QLDNorth","Palm Island",146.644714355469,-18.7806949615479,0.38,2.75,3.66,80.93,45.64,175.63,11.31,8.07,18.03
"QLDNorth","Palm Island",146.662719726562,-18.7778167724609,0.38,2.75,3.75,83.21,46.75,181.5,9.84,7.15,15.32
"WANorth","Broome",121.630653381348,-18.8212699890137,0.38,5.78,5.91,27.29,17.64,49.34,21.72,14.45,37.82
"QLDNorth","Hinchinbrook",146.28483581543,-18.788667678833,0.38,2.81,3.45,47.17,28.26,94.82,11.32,8.01,18.39
"QLDNorth","Palm Island",146.537780761719,-18.7881507873535,0.38,2.75,3.25,84.7,47.5,185.14,20.27,13.52,35.3
"WANorth","Broome",121.633827209473,-18.7459316253662,0.38,5.77,6.21,28.24,18.17,51.44,11.82,8.41,18.94
"QLDNorth","Hinchinbrook",146.29362487793,-18.7438869476318,0.38,2.81,3.47,46.44,27.82,93.42,10.78,7.67,17.34
"QLDNorth","Palm Island",146.530319213867,-18.7633838653564,0.38,2.74,3.12,91.13,50.62,201.87,20.59,13.88,35.08
"QLDNorth","Palm Island",146.695037841797,-18.7528095245361,0.38,2.74,3.73,99.43,54.58,223.82,10.2,7.4,15.91
"WANorth","Broome",121.631500244141,-18.6964435577393,0.38,5.79,6.56,25.9,16.87,46.36,7.04,5.36,10.27
"QLDNorth","Hinchinbrook",146.313293457031,-18.6965656280518,0.38,2.81,3.47,48.49,28.87,98.37,10.54,7.54,16.83
"QLDNorth","Palm Island",146.530151367188,-18.6977615356445,0.38,2.75,3.17,83.31,46.73,182.3,15.48,10.7,25.67
"WANorth","Broome",121.702735900879,-18.6924514770508,0.38,5.8,6.1,24.27,15.94,42.95,13.75,9.64,22.36
"WANorth","Broome",121.748542785645,-18.6694412231445,0.38,5.8,6.06,24.41,16.04,43.14,14.64,10.21,23.94
"QLDNorth","Palm Island",146.55891418457,-18.6555709838867,0.38,2.74,3.65,101.76,55.78,229.33,10.65,7.66,16.83
"QLDNorth","Palm Island",146.595520019531,-18.6801776885986,0.38,2.73,3.7,104.13,56.84,236.16,10.31,7.45,16.18
"WANorth","Broome",121.738983154297,-18.5859107971191,0.38,5.78,5.95,26.67,17.3,48.02,19.57,13.18,33.51
"QLDNorth","Hinchinbrook",146.3427734375,-18.5997543334961,0.38,2.79,3.28,55.27,32.39,114.53,12.93,9.09,21.02
"WANorth","Broome",121.748870849609,-18.5592384338379,0.38,5.77,6.12,27.77,17.96,50.15,13.99,9.78,22.85
"QLDNorth","Hinchinbrook",146.348968505859,-18.5500183105469,0.38,2.78,3.43,60.46,35,127.4,11.09,7.91,17.75
"WANorth","Broome",121.770851135254,-18.5249538421631,0.38,5.78,5.99,27.01,17.52,48.56,18.15,12.32,30.79
"WANorth","Broome",121.808464050293,-18.4525394439697,0.38,5.77,6.29,28.82,18.53,52.45,10.62,7.69,16.57
"QLDNorth","Cassowary Coast",146.347763061523,-18.4298896789551,0.38,2.77,3.69,67.65,38.59,145.42,9.76,7.07,15.29
"WANorth","Broome",121.834434509277,-18.4405097961426,0.38,5.77,6.29,28.69,18.47,52.16,10.74,7.76,16.82
"WANorth","Broome",121.935127258301,-18.4399223327637,0.38,5.78,6.64,27.11,17.6,48.64,6.77,5.18,9.82
"QLDNorth","Cassowary Coast",146.356842041016,-18.4150352478027,0.38,2.75,3.62,86.64,48.15,192.31,11.4,8.1,18.37
"WANorth","Broome",122.028900146484,-18.3615627288818,0.38,5.78,6.48,26.38,17.22,46.97,8.36,6.28,12.37
"WANorth","Broome",122.058647155762,-18.32155418396,0.38,5.78,6.48,26.65,17.36,47.61,8.29,6.24,12.23
"WANorth","Broome",122.108795166016,-18.3069400787354,0.38,5.78,6.35,26.67,17.4,47.49,9.59,7.09,14.51
"QLDNorth","Cassowary Coast",146.284317016602,-18.2905540466309,0.38,2.92,3.54,72.47,40.88,158.29,14.69,10.07,24.83
"WANorth","Broome",122.169158935547,-18.2484817504883,0.38,5.79,6.06,25.14,16.52,44.37,17.37,12.1,28.22
"QLDNorth","Cassowary Coast",146.306060791016,-18.244478225708,0.38,2.9,3.72,92.33,50.8,207.96,12,8.46,19.52
"WANorth","Broome",122.210594177246,-18.1955833435059,0.38,5.78,6.04,26.55,17.32,47.33,18.11,12.56,29.56
"WANorth","Broome",122.253555297852,-18.1877174377441,0.38,5.77,6.05,28.58,18.53,51.25,17.95,12.47,29.25
"QLDNorth","Cassowary Coast",146.217025756836,-18.1993274688721,0.38,2.89,3.22,103.4,56.03,237.79,29.51,18.66,55.33
"QLDNorth","Cassowary Coast",146.232025146484,-18.1985282897949,0.38,2.9,3.23,93.18,51.18,210.36,27.85,17.71,51.86
"WANorth","Broome",122.322677612305,-18.1571865081787,0.38,5.77,6.04,28.72,18.51,52.11,18.62,12.81,30.81
"QLDNorth","Cassowary Coast",146.008666992188,-18.1486492156982,0.38,2.9,3,89.23,49.16,200.9,56.26,32.48,119.72
"QLDNorth","Cassowary Coast",146.012237548828,-18.1618804931641,0.38,2.9,3,90.46,49.76,204.07,57.97,33.36,123.85
"QLDNorth","Cassowary Coast",146.143829345703,-18.1560192108154,0.38,2.89,3.54,101.47,55.06,233.02,15.94,10.82,27.32
"QLDNorth","Cassowary Coast",146.157608032227,-18.1430225372314,0.38,2.89,3.54,104.32,56.4,240.73,16.29,11.01,28.08
"WANorth","Broome",122.358604431152,-18.1208782196045,0.38,5.76,6.05,29.63,19.06,53.83,18.41,12.71,30.27
"WANorth","Broome",122.369987487793,-18.0450019836426,0.38,5.76,6.04,30.75,19.78,55.73,18.63,12.86,30.61
"WANorth","Broome",122.270835876465,-17.9692668914795,0.38,5.76,5.82,30.97,19.82,56.59,27.47,17.88,49.01
"QLDNorth","Cassowary Coast",146.065887451172,-18.0073947906494,0.38,2.61,3.62,70.19,39.55,154.02,8.67,6.38,13.34
"QLDNorth","Cassowary Coast",146.101272583008,-17.9797477722168,0.38,2.6,3.57,83.43,46.09,187.69,9.34,6.8,14.54
"WANorth","Broome",122.174751281738,-17.9715633392334,0.38,5.78,5.93,26.82,17.57,47.42,21.43,14.52,36.14
"WANorth","Broome",122.201286315918,-17.9162635803223,0.38,5.78,5.92,27.32,17.86,48.4,22.51,15.14,38.29
"QLDNorth","Carpentaria",140.368133544922,-17.6779441833496,0.38,3.74,4.77,6.73,5.2,9.59,3.35,2.85,4.2
"QLDNorth","Carpentaria",140.385818481445,-17.6716804504395,0.38,3.74,4.76,6.78,5.23,9.67,3.37,2.86,4.22
"QLDNorth","Cassowary Coast",146.154861450195,-17.9221496582031,0.38,2.57,3.46,109.26,58.49,256.06,11.46,8.15,18.39
"WANorth","Broome",122.204780578613,-17.8366279602051,0.38,5.78,5.92,27.7,18.07,49.22,22.88,15.36,39.08
"QLDNorth","Carpentaria",140.214996337891,-17.7029590606689,0.38,3.75,4.79,6.58,5.09,9.35,3.29,2.8,4.12
"QLDNorth","Carpentaria",140.218505859375,-17.7027893066406,0.38,3.75,4.79,6.59,5.1,9.37,3.3,2.8,4.12
"QLDNorth","Carpentaria",140.310592651367,-17.6870975494385,0.38,3.75,4.78,6.68,5.17,9.51,3.33,2.83,4.17
"QLDNorth","Carpentaria",140.340316772461,-17.6828422546387,0.38,3.75,4.77,6.71,5.18,9.54,3.34,2.84,4.18
"QLDNorth","Carpentaria",140.464904785156,-17.6438846588135,0.38,3.74,4.27,6.76,5.23,9.61,4.34,3.55,5.71
"QLDNorth","Cassowary Coast",146.120620727539,-17.8555068969727,0.38,2.56,2.85,120.52,63.81,286.4,35.23,21.88,67.51
"WANorth","Broome",122.197250366211,-17.7924537658691,0.38,5.77,5.93,27.86,18.14,49.69,22.4,15.05,38.19
"QLDNorth","Carpentaria",140.121520996094,-17.7146682739258,0.38,3.78,4.84,6.31,4.91,8.92,3.18,2.72,3.94
"QLDNorth","Carpentaria",140.515335083008,-17.6259860992432,0.38,3.74,4.74,6.81,5.27,9.67,3.43,2.9,4.31
"QLDNorth","Cassowary Coast",146.116027832031,-17.7777137756348,0.38,2.58,3.18,102.34,55.32,236.63,16.63,11.24,28.62
"WANorth","Broome",122.193878173828,-17.746509552002,0.38,5.77,6.18,28.29,18.38,50.61,13.24,9.47,20.84
"QLDNorth","Carpentaria",140.021530151367,-17.7132759094238,0.38,3.78,4.87,6.2,4.83,8.74,3.13,2.68,3.87
"QLDNorth","Carpentaria",140.043045043945,-17.7161026000977,0.38,3.78,4.86,6.24,4.86,8.82,3.14,2.69,3.89
"QLDNorth","Carpentaria",140.105361938477,-17.7150611877441,0.38,3.78,4.85,6.27,4.88,8.84,3.17,2.71,3.92
"QLDNorth","Cassowary Coast",146.113525390625,-17.7575416564941,0.38,2.57,3.18,116.98,62.29,275.65,16.41,11.12,28.13
"WANorth","Broome",122.194747924805,-17.6895713806152,0.38,5.76,6.18,30.55,19.67,55.26,13.29,9.48,21.02
"QLDNorth","Carpentaria",139.965087890625,-17.6877937316895,0.38,3.79,4.89,6.09,4.75,8.57,3.09,2.65,3.82
"QLDNorth","Carpentaria",140.540557861328,-17.6130619049072,0.38,3.73,4.73,6.88,5.32,9.78,3.45,2.92,4.35
"QLDNorth","Cassowary Coast",146.128433227539,-17.6823272705078,0.38,2.38,3.91,122.5,64.79,291.41,5.57,4.37,7.81
"QLDNorth","Carpentaria",139.905807495117,-17.6179084777832,0.38,3.78,4.02,6.31,4.91,8.9,5.02,4.03,6.79
"QLDNorth","Cassowary Coast",146.151962280273,-17.6473865509033,0.38,2.36,3.75,158.09,80.74,394.6,6.84,5.23,9.92
"WANorth","Broome",122.145599365234,-17.5740623474121,0.38,5.75,6.2,33.71,21.38,62.3,12.96,9.25,20.47
"QLDNorth","Burke",139.55126953125,-17.4675235748291,0.38,3.77,4.88,6.41,4.98,9.07,3.13,2.68,3.86
"QLDNorth","Carpentaria",139.797378540039,-17.5743885040283,0.38,3.76,4.86,6.54,5.06,9.29,3.16,2.71,3.91
"QLDNorth","Carpentaria",139.846939086914,-17.5938262939453,0.38,3.78,4.08,6.2,4.84,8.72,4.73,3.83,6.33
"QLDNorth","Carpentaria",140.616607666016,-17.5751857757568,0.38,3.73,4.72,6.94,5.37,9.85,3.5,2.95,4.41
"WANorth","Broome",122.140846252441,-17.5468120574951,0.38,5.74,6.65,35.34,22.27,65.94,7.74,5.83,11.43
"QLDNorth","Burke",139.340286254883,-17.3700885772705,0.38,3.76,4.86,6.5,5.04,9.21,3.14,2.69,3.88
"QLDNorth","Carpentaria",140.6748046875,-17.5273208618164,0.38,3.72,4.7,7.04,5.44,10,3.53,2.98,4.46
"QLDNorth","Cassowary Coast",146.119018554688,-17.5732955932617,0.38,2.37,2.9,152.06,78.11,376.44,21.23,14.05,37.37
"WANorth","Broome",122.137870788574,-17.4900321960449,0.38,5.73,6.24,38.72,24.07,73.58,13.03,9.24,20.82
"WANorth","Derby-West Kimberley",123.531455993652,-17.4072303771973,0.38,5.67,6.18,63.52,36.41,135.9,10.2,7.28,16.41
"WANorth","Derby-West Kimberley",123.539482116699,-17.4078960418701,0.38,5.67,6.23,64.54,36.93,138.37,8.58,6.29,13.27
"QLDNorth","Burke",139.318740844727,-17.3607711791992,0.38,3.78,4.89,6.28,4.89,8.86,3.09,2.66,3.81
"QLDNorth","Carpentaria",140.74006652832,-17.4942760467529,0.38,3.71,4.03,7.18,5.54,10.22,5.34,4.26,7.27
"QLDNorth","Cassowary Coast",146.081176757812,-17.4951591491699,0.38,2.37,3.66,149.82,77.05,370.46,6.8,5.22,9.82
"WANorth","Broome",122.141387939453,-17.4324226379395,0.38,5.72,6.24,41.46,25.5,80,13.4,9.48,21.49
"QLDNorth","Burke",139.308685302734,-17.3560638427734,0.38,3.78,4.88,6.3,4.91,8.9,3.1,2.66,3.81
"QLDNorth","Carpentaria",140.830657958984,-17.4451560974121,0.38,3.7,4.67,7.41,5.69,10.61,3.62,3.04,4.59
"QLDNorth","Cassowary Coast",146.071960449219,-17.4340782165527,0.38,2.37,3.62,150.73,77.49,372.84,7.12,5.43,10.35
"WANorth","Broome",122.144454956055,-17.3932991027832,0.38,5.71,6.24,44.32,26.98,86.84,13.59,9.56,22
"WANorth","Derby-West Kimberley",123.528343200684,-17.3937339782715,0.38,5.67,6.24,64.3,36.75,138.18,8.63,6.31,13.4
"WANorth","Derby-West Kimberley",123.563148498535,-17.3763256072998,0.38,5.66,6.21,72.38,40.93,157.38,9.58,6.89,15.28
"QLDNorth","Burke",139.288360595703,-17.3449077606201,0.38,3.77,4.88,6.33,4.92,8.94,3.1,2.66,3.82
"QLDNorth","Carpentaria",140.88053894043,-17.3816585540771,0.38,3.69,4.62,7.52,5.77,10.78,3.77,3.15,4.82
"QLDNorth","Cairns",146.078048706055,-17.395055770874,0.38,2.36,3.49,163.92,83.23,412.66,8.49,6.32,12.75
"WANorth","Broome",122.144874572754,-17.3518562316895,0.38,5.7,6.86,49.03,29.37,98.31,5.78,4.53,8.13
"WANorth","Derby-West Kimberley",123.475112915039,-17.3458309173584,0.38,5.66,6.14,73.62,41.14,163.53,11.78,8.21,19.65
"QLDNorth","Burke",139.23600769043,-17.3140430450439,0.38,3.79,4.92,6.09,4.76,8.55,3.04,2.62,3.73
"QLDNorth","Carpentaria",140.888717651367,-17.3429565429688,0.38,3.69,4.61,7.66,5.86,10.99,3.82,3.19,4.9
"QLDNorth","Cairns",146.073608398438,-17.3865737915039,0.38,2.36,2.95,181.37,90.76,465.95,24.79,15.79,46.41
"WANorth","Broome",122.160667419434,-17.3047370910645,0.38,5.69,6.6,54.43,32.13,111.38,7.6,5.73,11.22
"WANorth","Derby-West Kimberley",123.417602539062,-17.2973575592041,0.38,5.65,6.16,79.87,44.54,177.06,10.39,7.37,16.91
"QLDNorth","Burke",139.219177246094,-17.2945404052734,0.38,3.8,4.93,6.05,4.73,8.49,3.03,2.61,3.72
"QLDNorth","Carpentaria",140.901763916016,-17.2915172576904,0.38,3.68,4.6,7.71,5.9,11.07,3.86,3.21,4.95
"QLDNorth","Cairns",146.0078125,-17.3007183074951,0.38,2.36,3.26,170.17,85.8,432.98,11.71,8.37,18.59
"WANorth","Broome",122.169792175293,-17.2573261260986,0.38,5.68,6.33,59.98,34.93,125.05,11.76,8.34,18.95
"WANorth","Derby-West Kimberley",123.392692565918,-17.2516899108887,0.38,5.68,6.13,57.98,34.31,117.68,11.93,8.29,19.98
"WANorth","Derby-West Kimberley",123.563186645508,-17.2601871490479,0.38,5.67,6.09,64.41,37.88,131.33,13.3,9.09,22.78
"QLDNorth","Burke",139.198165893555,-17.2524547576904,0.38,3.79,4.63,6.1,4.76,8.58,3.37,2.86,4.22
"QLDNorth","Carpentaria",140.907333374023,-17.2408676147461,0.38,3.68,4.34,7.73,5.91,11.1,4.42,3.62,5.83
"WANorth","Broome",122.218925476074,-17.1958827972412,0.38,5.67,6.28,62.97,36.57,131.51,13.1,9.15,21.56
"WANorth","Broome",123.373954772949,-17.2132339477539,0.38,5.7,6.15,48.45,29.43,94.74,11.3,7.91,18.69
"WANorth","Derby-West Kimberley",123.616088867188,-17.2128028869629,0.38,5.69,6.06,53.31,32.22,104.61,15.2,10.19,26.78
"QLDNorth","Burke",139.170349121094,-17.1922702789307,0.38,3.79,4.45,6.1,4.76,8.57,3.69,3.09,4.71
"QLDNorth","Carpentaria",140.935958862305,-17.1837463378906,0.38,3.68,4.12,7.85,5.99,11.31,5.12,4.11,6.92
"QLDNorth","Cairns",146.008026123047,-17.1673545837402,0.38,2.39,3.43,173.72,87.24,444.69,10.55,7.67,16.31
"WANorth","Broome",122.239624023438,-17.1622047424316,0.38,5.66,6.28,67.05,38.64,141.53,13.24,9.19,22.02
"WANorth","Broome",123.347625732422,-17.1607532501221,0.38,5.69,6.14,53,31.63,106.5,11.41,8,18.84
"WANorth","Derby-West Kimberley",123.597160339355,-17.134859085083,0.38,5.69,6.06,53.47,32.1,106.17,15.32,10.3,26.84
"WANorth","Derby-West Kimberley",123.795593261719,-17.1432876586914,0.38,5.6,5.88,140.08,75.48,319.58,40.67,23.83,86.2
"WANorth","Derby-West Kimberley",123.834739685059,-17.142276763916,0.38,5.56,5.89,274.75,133.27,728.14,37.95,22.28,80.59
"QLDNorth","Carpentaria",140.943267822266,-17.1466102600098,0.38,3.67,3.93,7.93,6.05,11.44,6.05,4.76,8.4
"QLDNorth","Cairns",145.999618530273,-17.1491031646729,0.38,2.38,3.09,213.73,104.24,569.72,17.76,11.94,30.73
"WANorth","Derby-West Kimberley",123.582817077637,-17.0903625488281,0.38,5.68,6.08,57.2,33.93,115.66,14.58,9.91,25.09
"WANorth","Derby-West Kimberley",123.755851745605,-17.0817451477051,0.38,5.65,5.92,77.36,44.54,162.13,31.44,19.04,63.76
"WANorth","Derby-West Kimberley",123.821250915527,-17.0902347564697,0.38,5.61,5.91,122.12,66.49,275.57,32.42,19.55,66.15
"QLDNorth","Carpentaria",140.948135375977,-17.0974521636963,0.38,3.67,3.92,8.01,6.11,11.57,6.13,4.81,8.52
"QLDNorth","Cairns",146.005630493164,-17.1468601226807,0.38,2.38,2.85,216.22,105.27,577.76,31.69,19.71,60.99
"WANorth","Broome",122.289863586426,-17.0664482116699,0.38,5.67,6.35,65.67,38.05,137.45,12.42,8.65,20.66
"WANorth","Broome",123.285797119141,-17.0445117950439,0.38,5.67,6.14,66.47,38.22,140.96,11.75,8.22,19.47
"WANorth","Derby-West Kimberley",123.660873413086,-17.0353832244873,0.38,5.69,5.96,51.64,31.28,101.15,24.84,15.7,47.18
"WANorth","Derby-West Kimberley",123.807083129883,-17.038854598999,0.38,5.64,5.9,83.56,47.72,176.91,37.07,22.12,76.35
"QLDNorth","Doomadgee",139.092681884766,-16.9999408721924,0.38,3.72,4.74,7.15,5.47,10.32,3.55,2.98,4.5
"QLDNorth","Burke",139.120666503906,-17.0100116729736,0.38,3.71,4.54,7.21,5.51,10.42,3.91,3.25,5.06
"QLDNorth","Carpentaria",140.943222045898,-17.0436038970947,0.38,3.67,3.94,7.99,6.09,11.55,5.99,4.72,8.29
"WANorth","Broome",122.361793518066,-16.9978256225586,0.38,5.68,6.3,57.04,33.7,116.2,13.35,9.17,22.64
"WANorth","Broome",122.368659973145,-16.9945831298828,0.38,5.68,6.31,55.98,33.14,113.74,12.99,8.95,21.94
"WANorth","Broome",123.275177001953,-17.0187091827393,0.38,5.66,6.1,72.65,41.25,156.78,13.11,9.02,22.2
"WANorth","Derby-West Kimberley",123.796585083008,-16.9986591339111,0.38,5.67,5.92,65.48,38.64,132.6,31.93,19.54,63.35
"QLDNorth","Doomadgee",139.04817199707,-16.9529838562012,0.38,3.7,4.73,7.41,5.65,10.77,3.57,3,4.54
"QLDNorth","Carpentaria",140.95344543457,-16.9973220825195,0.38,3.67,3.94,8.03,6.11,11.61,5.99,4.72,8.29
"QLDNorth","Yarrabah",145.916687011719,-16.9676456451416,0.38,2.39,2.79,195.73,96.61,513.25,35.62,22.22,67.64
"WANorth","Broome",122.425003051758,-16.9580631256104,0.38,5.68,6.38,55.57,32.93,112.76,10.47,7.45,16.94
"WANorth","Broome",122.47590637207,-16.9466228485107,0.38,5.67,6.11,61.43,35.76,127.99,18.56,12.18,33.52
"WANorth","Broome",123.236099243164,-16.9667892456055,0.38,5.65,6.1,81.28,45.27,180.42,13.17,9.08,22.21
"WANorth","Derby-West Kimberley",123.84156036377,-16.9431324005127,0.38,5.67,5.87,66.77,39.68,133.39,46.25,26.77,99.33
"QLDNorth","Doomadgee",138.942565917969,-16.880672454834,0.38,3.57,4.27,10.51,7.64,16.27,5.01,4.02,6.79
"QLDNorth","Carpentaria",140.999237060547,-16.9440288543701,0.38,3.67,4.11,7.97,6.07,11.51,5.22,4.19,7.06
"QLDNorth","Cairns",146.001770019531,-16.9421482086182,0.38,2.38,3.2,220.31,106.98,590.91,14.02,9.83,22.79
"WANorth","Broome",122.545806884766,-16.8801078796387,0.38,5.67,6.01,60.98,35.58,126.6,21.77,14.24,39.1
"WANorth","Broome",123.184837341309,-16.9275875091553,0.38,5.64,6.04,90.37,49.32,206.91,15.55,10.48,27.09
"WANorth","Derby-West Kimberley",123.777725219727,-16.902904510498,0.38,5.66,5.92,71.11,41.23,147.88,34.36,21.06,67.62
"QLDNorth","Burke",138.850082397461,-16.8656177520752,0.38,3.57,4.63,10.57,7.68,16.42,3.96,3.28,5.12
"QLDNorth","Doomadgee",138.892303466797,-16.8733081817627,0.38,3.56,4.62,10.76,7.79,16.77,3.99,3.3,5.18
"QLDNorth","Carpentaria",141.049575805664,-16.8861103057861,0.38,3.67,4.11,7.95,6.06,11.48,5.23,4.2,7.07
"QLDNorth","Cairns",145.999176025391,-16.9174575805664,0.38,2.36,3.11,290.78,135.17,830.55,19,12.75,32.83
"WANorth","Broome",122.530799865723,-16.841724395752,0.38,5.67,6.13,62.6,36.43,130.3,18.04,11.92,32.28
"WANorth","Broome",123.180473327637,-16.8580284118652,0.38,5.63,6.02,98.32,53,229.12,17.27,11.46,30.72
"WANorth","Derby-West Kimberley",123.741958618164,-16.8319988250732,0.38,5.67,5.92,64.06,37.98,128.76,33.32,20.61,64.58
"QLDNorth","Burke",138.785995483398,-16.8390083312988,0.38,3.57,4.19,10.49,7.63,16.25,5.3,4.22,7.24
"QLDNorth","Carpentaria",141.066116333008,-16.8559246063232,0.38,3.67,3.97,7.98,6.08,11.53,5.84,4.63,8.02
"QLDNorth","Yarrabah",145.912048339844,-16.8647308349609,0.38,2.36,3.12,295.62,137.28,844.99,22.95,15.06,40.82
"QLDNorth","Yarrabah",145.929809570312,-16.8617134094238,0.38,2.36,3.16,283.52,132.56,802.48,21,13.96,36.69
"WANorth","Broome",122.552360534668,-16.8030338287354,0.38,5.66,6.53,66.88,38.52,141.34,8.02,5.95,12.18
"WANorth","Broome",123.154022216797,-16.7992839813232,0.38,5.62,6.04,107.28,57.41,251.89,16.99,11.29,30.14
"WANorth","Derby-West Kimberley",123.67862701416,-16.7564373016357,0.38,5.68,5.89,59.63,35.73,118.12,40.76,24.65,81.29
"WANorth","Derby-West Kimberley",123.710670471191,-16.7799625396729,0.38,5.65,5.89,77.73,44.61,163.83,40.52,24.58,80.35
"QLDNorth","Burke",138.382385253906,-16.7451858520508,0.38,3.57,4.57,10.66,7.72,16.59,4.11,3.39,5.36
"QLDNorth","Burke",138.429443359375,-16.7687435150146,0.38,3.57,4.77,10.52,7.63,16.34,3.63,3.04,4.62
"QLDNorth","Burke",138.473739624023,-16.7738361358643,0.38,3.56,4.74,10.8,7.81,16.85,3.7,3.1,4.72
"QLDNorth","Burke",138.525970458984,-16.7795276641846,0.38,3.56,4.43,10.84,7.84,16.93,4.41,3.61,5.82
"QLDNorth","Burke",138.579299926758,-16.7746887207031,0.38,3.56,3.97,10.97,7.92,17.15,6.5,5.04,9.21
"QLDNorth","Burke",138.636611938477,-16.7679862976074,0.38,3.55,4.55,11.07,7.99,17.32,4.14,3.41,5.39
"QLDNorth","Burke",138.680358886719,-16.7960319519043,0.38,3.58,4.28,10.29,7.5,15.88,4.88,3.93,6.56
"QLDNorth","Burke",138.737106323242,-16.8132152557373,0.38,3.57,3.97,10.62,7.71,16.5,6.48,5.02,9.19
"QLDNorth","Carpentaria",141.103515625,-16.7927532196045,0.38,3.68,4.29,7.77,5.94,11.19,4.62,3.77,6.1
"QLDNorth","Cairns",145.726104736328,-16.8030052185059,0.38,2.36,3.01,285.17,133.25,807.69,24.73,15.98,45.05
"QLDNorth","Cairns",145.737869262695,-16.8133316040039,0.38,2.36,3.01,283.39,132.53,801.67,24.75,15.99,45.1
"WANorth","Broome",122.583396911621,-16.7595157623291,0.38,5.65,6.5,75.14,42.31,164.32,8.15,6.03,12.44
"WANorth","Broome",122.612152099609,-16.7646045684814,0.38,5.66,6.06,72.53,41.02,157.68,19.69,12.86,35.74
"WANorth","Broome",122.693992614746,-16.7739105224609,0.38,5.66,6.06,67.95,38.77,145.96,20.13,13.12,36.67
"WANorth","Broome",122.743278503418,-16.7536392211914,0.38,5.67,6.05,64.52,37.07,137.24,20.6,13.37,37.7
"WANorth","Broome",123.140037536621,-16.7331829071045,0.38,5.63,5.99,100.59,54.82,229.29,20.69,13.41,37.99
"WANorth","Derby-West Kimberley",123.621742248535,-16.6970691680908,0.38,5.65,5.77,75.15,43.41,156.86,81.58,45.42,181.23
"QLDNorth","Carpentaria",141.156280517578,-16.7444496154785,0.38,3.67,4.09,7.96,6.06,11.51,5.26,4.23,7.09
"QLDNorth","Cairns",145.689025878906,-16.7297172546387,0.38,2.37,2.83,279.72,131.05,789.4,44.83,26.5,92.71
"WANorth","Broome",122.739082336426,-16.6962604522705,0.38,5.66,6.1,70.69,40.11,153.02,19.88,12.97,36.18
"WANorth","Broome",123.093902587891,-16.7009868621826,0.38,5.66,6.08,71.13,41.06,149.15,14.59,9.94,24.97
"WANorth","Derby-West Kimberley",123.527755737305,-16.6688785552979,0.38,5.64,5.79,90.72,51,196.69,85.22,46.9,192.81
"QLDNorth","Burke",138.204544067383,-16.6965427398682,0.38,3.57,4,10.55,7.65,16.42,6.32,4.91,8.94
"QLDNorth","Mornington",139.103439331055,-16.673942565918,0.38,3.48,4.44,14.38,10,23.7,4.71,3.82,6.31
"QLDNorth","Mornington",139.483444213867,-16.6868915557861,0.38,3.67,4,7.89,5.96,11.58,5.47,4.35,7.48
"QLDNorth","Carpentaria",141.201629638672,-16.6889476776123,0.38,3.66,4.18,8.11,6.17,11.77,4.93,4,6.56
"QLDNorth","Cairns",145.686981201172,-16.7215843200684,0.38,2.36,2.83,288.83,134.73,819.94,46.23,27.2,96.22
"WANorth","Broome",122.758804321289,-16.6481990814209,0.38,5.65,6.44,75.22,42.27,165.08,9.08,6.65,14.04
"WANorth","Broome",123.038879394531,-16.6411304473877,0.38,5.66,6.04,69.83,40.22,147.12,17.01,11.33,30.08
"WANorth","Derby-West Kimberley",123.477340698242,-16.6396064758301,0.38,5.63,5.77,94.27,52.63,206.49,103.8,54.82,250.43
"QLDNorth","Burke",138.109039306641,-16.6342353820801,0.38,3.57,3.94,10.62,7.69,16.56,6.74,5.19,9.66
"QLDNorth","Burke",138.141159057617,-16.6566505432129,0.38,3.57,4.12,10.53,7.64,16.39,5.67,4.47,7.87
NA,"Mornington",139.094833374023,-16.6291751861572,0.38,3.48,4.51,14.24,9.93,23.37,4.51,3.67,5.97
"QLDNorth","Mornington",139.505645751953,-16.6401557922363,0.38,3.67,4.5,7.88,5.96,11.53,3.77,3.16,4.8
"QLDNorth","Carpentaria",141.220474243164,-16.645679473877,0.38,3.65,4.31,8.37,6.33,12.2,4.57,3.74,6
"QLDNorth","Douglas",145.626510620117,-16.6954975128174,0.38,2.36,3.07,289.45,135.05,821.21,23.72,15.36,43.18
"WANorth","Broome",122.767601013184,-16.5899047851562,0.38,5.64,6.43,84.12,46.55,188.55,9.46,6.88,14.73
"WANorth","Broome",123.041023254395,-16.6141128540039,0.38,5.66,6.03,71.06,40.87,149.96,17.99,11.88,32.19
"WANorth","Derby-West Kimberley",123.402015686035,-16.5954914093018,0.38,5.62,5.81,117.52,64.2,264.23,67.85,37.08,158.28
"QLDNorth","Burke",138.054504394531,-16.585880279541,0.38,3.57,3.78,10.52,7.62,16.39,7.92,5.96,11.71
"QLDNorth","Mornington",139.134765625,-16.5949783325195,0.38,3.48,3.9,14.43,10.04,23.74,7.83,5.91,11.54
"QLDNorth","Mornington",139.533416748047,-16.5946025848389,0.38,3.67,4.49,7.98,6.03,11.72,3.82,3.19,4.86
"QLDNorth","Carpentaria",141.229339599609,-16.5890846252441,0.38,3.64,4.34,8.53,6.44,12.47,4.46,3.66,5.84
"QLDNorth","Douglas",145.550155639648,-16.6172313690186,0.38,2.36,2.96,273.22,128.6,765.65,31.68,19.62,61.45
"WANorth","Broome",122.802848815918,-16.5510406494141,0.38,5.64,6.33,85.44,47.22,191.82,11.16,7.91,18.03
"WANorth","Broome",123.010116577148,-16.5286808013916,0.38,5.66,5.94,67.76,39.18,142.04,27,16.88,52.11
"WANorth","Derby-West Kimberley",123.426895141602,-16.5296878814697,0.38,5.62,5.76,116.25,63.81,259.25,97.99,51.02,244.03
"QLDNorth","Burke",138.031524658203,-16.5585155487061,0.38,3.57,3.8,10.56,7.65,16.47,7.77,5.86,11.46
"QLDNorth","Mornington",139.182846069336,-16.5619888305664,0.38,3.46,4.43,15.58,10.69,26.18,4.89,3.94,6.58
"QLDNorth","Mornington",139.554794311523,-16.5441150665283,0.38,3.67,4.27,7.92,5.99,11.58,4.41,3.62,5.77
"QLDNorth","Mornington",139.640274047852,-16.5737686157227,0.38,3.66,3.93,8.08,6.1,11.87,5.96,4.69,8.27
"QLDNorth","Carpentaria",141.271575927734,-16.54079246521,0.38,3.65,4.67,8.42,6.37,12.28,3.8,3.18,4.85
"QLDNorth","Douglas",145.504592895508,-16.550365447998,0.38,2.36,2.89,265.07,125.37,737.59,36.16,22.07,71.46
"WANorth","Broome",122.856956481934,-16.5005264282227,0.38,5.64,6.34,83.67,46.43,186.64,11.18,7.93,18.08
"WANorth","Broome",123.044677734375,-16.4756278991699,0.38,5.66,5.88,71.82,41.28,151.65,42.51,24.98,89.32
"WANorth","Derby-West Kimberley",123.427047729492,-16.498477935791,0.38,5.62,5.99,113.78,62.41,254.43,24.05,15.2,45.8
"NT","Roper Gulf",137.948471069336,-16.4930438995361,0.38,3.57,4.19,10.36,7.52,16.13,5.31,4.21,7.32
"NT","Roper Gulf",137.986282348633,-16.5220470428467,0.38,3.57,4.18,10.62,7.68,16.59,5.38,4.26,7.42
"QLDNorth","Mornington",139.221939086914,-16.4744396209717,0.38,3.52,4.08,12.39,8.84,19.66,6.3,4.91,8.88
"QLDNorth","Mornington",139.733795166016,-16.4616641998291,0.38,3.64,5.28,8.58,6.48,12.55,2.87,2.49,3.47
"QLDNorth","Douglas",145.473693847656,-16.4987049102783,0.38,2.36,2.58,254.52,121.07,702.54,105.09,55.88,250.05
"WANorth","Broome",122.892707824707,-16.4416065216064,0.38,5.66,6.46,69.8,39.65,150.89,8.84,6.48,13.64
"WANorth","Broome",123.053565979004,-16.4397144317627,0.38,5.63,6.4,95.92,52.8,215.26,7.78,5.8,11.75
"WANorth","Derby-West Kimberley",123.479637145996,-16.4148178100586,0.38,5.68,5.98,59.83,35.13,122.85,32.64,20.05,64.24
"NT","Roper Gulf",137.893630981445,-16.4424781799316,0.38,2.37,3.46,10.38,7.53,16.19,3.99,3.29,5.22
"QLDNorth","Mornington",139.308975219727,-16.4366893768311,0.38,3.59,4.14,10,7.37,15.15,5.71,4.51,7.88
"QLDNorth","Mornington",139.36604309082,-16.4459438323975,0.38,3.6,4.21,9.7,7.18,14.58,5.31,4.24,7.23
"QLDNorth","Mornington",139.394424438477,-16.4029521942139,0.38,3.58,4.19,10.25,7.54,15.55,5.53,4.39,7.57
"QLDNorth","Mornington",139.715118408203,-16.4232425689697,0.38,3.62,5.21,9.09,6.8,13.47,2.98,2.58,3.63
"QLDNorth","Carpentaria",141.302947998047,-16.4548301696777,0.38,3.63,4.64,8.93,6.7,13.16,3.89,3.25,4.99
"QLDNorth","Douglas",145.413314819336,-16.4441947937012,0.38,2.36,3.16,255.23,121.32,705.35,17.22,11.69,29.35
"WANorth","Broome",123.036972045898,-16.390869140625,0.38,5.63,6.81,92.92,51.51,206.29,4.63,3.73,6.27
"WANorth","Derby-West Kimberley",123.528800964355,-16.3856620788574,0.38,5.69,5.96,53.39,31.72,108.04,29.29,18.51,55.03
"WANorth","Derby-West Kimberley",124.572593688965,-16.4047241210938,0.38,5.48,5.51,2117.3,743.58,8936.03,1532.42,568.39,5967.32
"WANorth","Derby-West Kimberley",124.624954223633,-16.3990993499756,0.38,5.48,5.5,2048.13,726.22,8508.6,1844.82,663.45,7516.85
"NT","Roper Gulf",137.843139648438,-16.3875751495361,0.38,2.38,3.87,10.05,7.32,15.59,3.31,2.8,4.17
"QLDNorth","Mornington",139.448699951172,-16.3945960998535,0.38,3.57,4.64,10.44,7.66,15.88,4.1,3.39,5.32
"QLDNorth","Mornington",139.506072998047,-16.3825073242188,0.38,3.59,4.32,9.74,7.22,14.62,4.81,3.9,6.42
"QLDNorth","Mornington",139.564331054688,-16.3767108917236,0.38,3.61,4.81,9.4,7.01,14,3.61,3.04,4.56
"QLDNorth","Mornington",139.626251220703,-16.3750514984131,0.38,3.63,4.83,8.86,6.64,13.1,3.49,2.96,4.37
"QLDNorth","Carpentaria",141.296936035156,-16.3879909515381,0.38,3.63,4.51,8.83,6.64,12.98,4.15,3.44,5.38
"QLDNorth","Douglas",145.420806884766,-16.3844795227051,0.38,2.37,3.13,247.92,118.36,680.93,18.42,12.34,32.02
"WANorth","Broome",122.928512573242,-16.3830013275146,0.38,5.69,7.16,50.72,30.2,102.6,3.9,3.22,5.06
"WANorth","Broome",123.008804321289,-16.3651638031006,0.38,5.69,7.05,50.82,30.49,101.33,4.04,3.33,5.28
"WANorth","Derby-West Kimberley",123.510055541992,-16.3647518157959,0.38,5.7,5.97,49.46,29.7,98.66,28.84,18.24,54.14
"WANorth","Derby-West Kimberley",124.230072021484,-16.3460998535156,0.38,5.81,5.91,22.42,14.94,38.83,23.16,15.17,41.33
"WANorth","Derby-West Kimberley",124.337013244629,-16.3533782958984,0.38,5.83,5.93,20.05,13.64,33.7,22.24,14.64,39.42
"NT","Roper Gulf",137.798065185547,-16.3308277130127,0.38,2.37,3.1,10.33,7.48,16.11,5,3.99,6.84
"QLDNorth","Carpentaria",141.316589355469,-16.3420944213867,0.38,3.62,4.49,8.96,6.73,13.23,4.23,3.49,5.51
"QLDNorth","Douglas",145.437911987305,-16.3215923309326,0.38,2.37,2.55,235.2,113.27,637.83,122.48,63.82,299.57
"WANorth","Derby-West Kimberley",124.182273864746,-16.3045463562012,0.38,5.8,5.92,24.4,15.97,43.44,22.54,14.76,40.31
"WANorth","Derby-West Kimberley",124.370468139648,-16.30246925354,0.38,5.83,5.95,20.33,13.75,34.48,20.29,13.56,35.15
"NT","Roper Gulf",137.776031494141,-16.2903213500977,0.38,2.36,3.19,10.85,7.82,17.07,4.78,3.84,6.48
"QLDNorth","Carpentaria",141.331832885742,-16.2933940887451,0.38,3.62,3.98,9.01,6.76,13.31,5.99,4.73,8.25
"QLDNorth","Douglas",145.472015380859,-16.2848663330078,0.38,2.37,2.5,241.63,115.97,658.31,158.45,79.98,404.18
"WANorth","Derby-West Kimberley",123.464195251465,-16.2380619049072,0.38,5.64,6.06,87.87,48.67,196.11,23.42,15.29,42.04
"WANorth","Derby-West Kimberley",123.998580932617,-16.2509937286377,0.38,5.78,6.01,27.7,17.83,50.47,19.21,12.68,34.24
"WANorth","Derby-West Kimberley",124.046356201172,-16.2391033172607,0.38,5.78,6.03,26.41,17.11,47.67,16.78,11.32,28.96
"WANorth","Derby-West Kimberley",124.106101989746,-16.2285804748535,0.38,5.78,5.98,26.36,17.07,47.6,20.49,13.55,36.2
"WANorth","Derby-West Kimberley",124.146224975586,-16.244119644165,0.38,5.79,5.93,25.84,16.76,46.58,25.75,16.38,48.18
"NT","Roper Gulf",137.735229492188,-16.2372245788574,0.38,2.33,3.74,12.17,8.64,19.51,3.63,3.04,4.62
"QLDNorth","Carpentaria",141.344482421875,-16.2220611572266,0.38,3.62,5.1,9,6.75,13.28,3.33,2.83,4.15
"WANorth","Derby-West Kimberley",123.46981048584,-16.2051620483398,0.38,5.7,6.13,46.97,28.25,93.69,15.69,10.78,26.28
"WANorth","Derby-West Kimberley",123.890998840332,-16.1812705993652,0.38,5.78,6.16,27.05,17.59,48.43,12.28,8.6,20.22
"WANorth","Derby-West Kimberley",123.949371337891,-16.1897735595703,0.38,5.77,6.12,27.77,17.93,50.28,14.09,9.66,23.88
"WANorth","Derby-West Kimberley",124.384140014648,-16.1881065368652,0.38,5.8,6.01,24.14,15.76,43.21,17.69,11.96,30.27
"NT","Roper Gulf",137.585739135742,-16.1782817840576,0.38,2.29,3.05,14.03,9.75,23.18,5.54,4.39,7.63
"NT","Roper Gulf",137.62516784668,-16.1928215026855,0.38,2.29,3.06,14.04,9.75,23.22,5.49,4.36,7.55
"NT","Roper Gulf",137.675552368164,-16.215633392334,0.38,2.28,2.86,14.28,9.89,23.69,6.54,5.06,9.31
"QLDNorth","Carpentaria",141.367401123047,-16.18971824646,0.38,3.62,5.09,9.02,6.76,13.32,3.35,2.84,4.18
"QLDNorth","Douglas",145.470916748047,-16.209602355957,0.38,2.36,2.58,261.82,124.14,725.68,118.18,62.03,285.85
"WANorth","Derby-West Kimberley",123.523788452148,-16.1400356292725,0.38,5.73,6.1,37.42,23.24,71.42,15.56,10.56,26.71
"WANorth","Derby-West Kimberley",123.58341217041,-16.1436748504639,0.38,5.74,6.11,34.54,21.77,64.49,16.79,11.38,28.76
"WANorth","Derby-West Kimberley",123.629730224609,-16.1565017700195,0.38,5.76,6.01,31.53,20.19,57.49,22.46,14.51,41.22
"WANorth","Derby-West Kimberley",123.801727294922,-16.1375675201416,0.38,5.78,6.21,27.49,17.89,49.1,11.35,7.98,18.64
"WANorth","Derby-West Kimberley",124.400367736816,-16.1646690368652,0.38,5.8,6.01,24.2,15.78,43.41,17.53,11.86,30.03
"NT","Roper Gulf",137.377471923828,-16.1210117340088,0.38,2.31,2.96,12.77,8.96,20.87,5.99,4.68,8.42
"NT","Roper Gulf",137.422714233398,-16.1368770599365,0.38,2.31,2.95,13.1,9.16,21.48,6.08,4.75,8.56
"QLDNorth","Carpentaria",141.388519287109,-16.1479759216309,0.38,3.61,4.77,9.19,6.87,13.62,3.82,3.18,4.89
"QLDNorth","Douglas",145.466705322266,-16.1219749450684,0.38,2.36,2.54,260.99,123.77,723.29,142.14,73.22,351.69
"WANorth","Derby-West Kimberley",123.690673828125,-16.1033382415771,0.38,5.76,6.39,31.2,19.97,57.03,7.98,5.94,12.07
"WANorth","Derby-West Kimberley",123.783554077148,-16.1084957122803,0.38,5.76,6.4,29.62,19.02,53.94,7.65,5.73,11.47
"WANorth","Derby-West Kimberley",124.438056945801,-16.0885257720947,0.38,5.82,5.98,21.74,14.41,38.07,19.36,12.99,33.45
"WANorth","Derby-West Kimberley",124.480964660645,-16.0828495025635,0.38,5.82,5.88,21.03,14.03,36.48,21.64,14.41,37.63
"WANorth","Derby-West Kimberley",124.484535217285,-16.0912246704102,0.38,5.83,5.88,20.79,13.91,35.91,21.43,14.29,37.16
"WANorth","Derby-West Kimberley",124.582328796387,-16.0861358642578,0.38,5.83,5.89,19.77,13.4,33.43,20.15,13.58,34.42
"NT","Roper Gulf",137.314041137695,-16.0900917053223,0.38,2.32,3.28,12.41,8.76,20.12,4.75,3.83,6.37
"QLDNorth","Carpentaria",141.423645019531,-16.0846576690674,0.38,3.61,4.76,9.39,7,13.98,3.86,3.22,4.97
"QLDNorth","Douglas",145.476913452148,-16.0783138275146,0.38,2.36,2.53,270.13,127.43,754.36,149.44,76.59,371.97
"WANorth","Wyndham-East Kimberley",124.507705688477,-16.0009384155273,0.38,5.85,5.9,18.64,12.68,31.47,19.07,12.91,32.42
"WANorth","Derby-West Kimberley",124.578079223633,-16.0340747833252,0.38,5.84,5.9,18.92,12.83,32.07,18.13,12.35,30.52
"QLDNorth","Carpentaria",141.412094116211,-16.0328712463379,0.38,3.6,3.96,9.57,7.12,14.29,6.43,5.02,8.99
"QLDNorth","Douglas",145.469268798828,-16.0456676483154,0.38,2.36,2.59,271.37,127.91,758.67,125.35,65.77,302.17
"WANorth","Wyndham-East Kimberley",124.469848632812,-15.9841394424438,0.38,5.8,5.99,24,15.78,42.4,17.68,12.13,29.45
"NT","Roper Gulf",136.775665283203,-15.9081058502197,0.38,2.38,3.47,10.16,7.38,15.82,3.75,3.13,4.83
"NT","Roper Gulf",137.174819946289,-15.9785556793213,0.38,2.32,2.85,12.44,8.8,20.05,6.66,5.13,9.55
"NT","Roper Gulf",137.203567504883,-15.9930019378662,0.38,2.31,2.85,12.79,9.01,20.74,6.72,5.17,9.66
"QLDNorth","Carpentaria",141.398162841797,-15.9851207733154,0.38,3.58,3.88,10.06,7.43,15.18,6.98,5.4,9.89
"QLDNorth","Douglas",145.451736450195,-16.007360458374,0.38,2.36,2.51,283.33,132.67,799.66,157.35,80.84,388.58
"WANorth","Wyndham-East Kimberley",124.447868347168,-15.9390983581543,0.38,5.81,5.97,21.99,14.56,38.61,20.16,13.49,34.88
"QLDNorth","Carpentaria",141.376220703125,-15.9288063049316,0.38,3.58,4.81,10.25,7.56,15.49,3.91,3.26,5.03
"QLDNorth","Douglas",145.425979614258,-15.9622201919556,0.38,2.36,2.49,272.39,128.31,762.3,167.61,85.53,417.43
"WANorth","Wyndham-East Kimberley",124.418724060059,-15.8794136047363,0.38,5.81,5.93,22.77,15.01,40.2,20.44,13.77,34.89
"QLDNorth","Carpentaria",141.395263671875,-15.8902997970581,0.38,3.59,4.15,9.83,7.29,14.74,5.77,4.56,7.96
"QLDNorth","Cook",145.369812011719,-15.8689947128296,0.38,2.3,2.92,268.89,126.94,750.1,51.8,30.56,106.43
"WANorth","Wyndham-East Kimberley",124.400871276855,-15.8417091369629,0.38,5.8,5.95,23.52,15.4,41.93,25.14,16.25,45.76
"NT","Roper Gulf",137.051300048828,-15.8476610183716,0.38,2.32,2.96,12.33,8.77,19.67,5.89,4.62,8.24
"QLDNorth","Carpentaria",141.408508300781,-15.8355550765991,0.38,3.58,4.14,10.05,7.42,15.15,5.93,4.67,8.23
"QLDNorth","Cook",145.38166809082,-15.8379240036011,0.38,2.3,2.91,274.09,129.12,766.66,53.3,31.35,109.95
"WANorth","Wyndham-East Kimberley",124.391937255859,-15.7801294326782,0.38,5.78,6.12,26.1,16.88,47.3,19.1,12.9,32.58
"NT","Roper Gulf",137.115844726562,-15.7986011505127,0.38,2.33,3.25,11.93,8.52,18.93,4.59,3.73,6.1
"QLDNorth","Carpentaria",141.415649414062,-15.7776660919189,0.38,3.57,4.06,10.43,7.67,15.86,6.42,5,9.03
"QLDNorth","Cook",145.443222045898,-15.754828453064,0.38,2.3,2.86,272,128.38,758.56,54.17,31.55,113.72
"WANorth","Wyndham-East Kimberley",124.383842468262,-15.7301540374756,0.38,5.77,5.9,28.03,18.03,51.09,29.29,18.77,53.6
"NT","Roper Gulf",136.50260925293,-15.6994524002075,0.38,2.26,3.16,15.74,10.72,26.78,4.89,3.91,6.66
"NT","Roper Gulf",136.530364990234,-15.7224197387695,0.38,2.26,3.24,15.64,10.67,26.56,4.62,3.73,6.19
"NT","Roper Gulf",136.583251953125,-15.7246532440186,0.38,2.26,3.23,15.77,10.75,26.8,4.68,3.78,6.29
"NT","Roper Gulf",137.107421875,-15.7500600814819,0.38,2.29,3.29,13.65,9.56,22.26,4.57,3.72,6.06
"QLDNorth","Carpentaria",141.415817260742,-15.7341289520264,0.38,3.57,4.05,10.62,7.78,16.2,6.53,5.08,9.23
"QLDNorth","Cook",145.440780639648,-15.7468500137329,0.38,2.29,2.84,302.58,140.6,862.47,62.18,35.66,133.07
"WANorth","Wyndham-East Kimberley",124.368858337402,-15.680926322937,0.38,5.77,5.92,29.35,18.79,53.82,27.21,17.69,48.71
"NT","Roper Gulf",136.482788085938,-15.6775360107422,0.38,2.25,2.8,16.37,11.08,28.13,6.92,5.27,10.11
"NT","Roper Gulf",136.633483886719,-15.6840410232544,0.38,2.25,2.7,16.36,11.1,27.99,7.97,5.97,11.9
"NT","Roper Gulf",137.102600097656,-15.6938915252686,0.38,2.28,3.17,14.35,10.02,23.46,5,4.02,6.75
"QLDNorth","Carpentaria",141.420745849609,-15.6999979019165,0.38,3.56,4.1,10.76,7.87,16.48,6.37,4.96,8.97
"QLDNorth","Cook",145.357162475586,-15.698748588562,0.38,2.29,2.75,287.99,135.12,808.89,79.96,44.1,180.99
"WANorth","Wyndham-East Kimberley",124.379577636719,-15.6583852767944,0.38,5.76,5.89,30.64,19.51,56.59,30.76,19.55,56.97
"NT","Roper Gulf",136.423294067383,-15.6278944015503,0.38,2.25,2.75,16.81,11.3,29.21,7.37,5.56,10.91
"NT","Roper Gulf",136.684539794922,-15.6152477264404,0.38,2.25,3.41,16.69,11.29,28.7,4.28,3.51,5.64
"NT","Roper Gulf",137.087982177734,-15.6364164352417,0.38,2.26,2.68,15.72,10.76,26.53,8.09,6.1,11.94
"QLDNorth","Carpentaria",141.44123840332,-15.6337203979492,0.38,3.56,4.11,10.96,7.98,16.88,6.48,5.03,9.17
"QLDNorth","Cook",145.337219238281,-15.609429359436,0.38,2.29,2.44,297.86,139.35,839.29,141.32,74.36,336.34
"WANorth","Wyndham-East Kimberley",124.410972595215,-15.5899610519409,0.38,5.76,6.13,29.64,18.97,54.31,17.51,12.15,28.64
"NT","Roper Gulf",136.316452026367,-15.5838413238525,0.38,2.26,3.19,15.64,10.62,26.82,4.73,3.8,6.41
"NT","Roper Gulf",136.367736816406,-15.6125822067261,0.38,2.25,3.15,16.29,10.99,28.14,4.92,3.93,6.7
"NT","Roper Gulf",136.777084350586,-15.574107170105,0.38,2.24,3.11,17.22,11.59,29.81,5.38,4.27,7.43
"NT","Roper Gulf",136.833297729492,-15.5383195877075,0.38,2.23,3.12,17.88,11.97,31.18,5.35,4.24,7.36
"NT","Roper Gulf",136.904006958008,-15.5475959777832,0.38,2.28,2.89,14.67,10.16,24.33,6.18,4.82,8.68
"NT","Roper Gulf",136.937316894531,-15.5774364471436,0.38,2.25,3.38,16.42,11.18,27.91,4.24,3.49,5.53
"NT","Roper Gulf",137.014739990234,-15.586576461792,0.38,2.26,2.73,15.77,10.81,26.55,7.71,5.84,11.29
"NT","Roper Gulf",137.050201416016,-15.6158323287964,0.38,2.26,2.67,16,10.95,26.98,8.22,6.19,12.15
"QLDNorth","Carpentaria",141.450454711914,-15.5829486846924,0.38,3.55,4.1,11.3,8.19,17.51,6.64,5.14,9.46
"QLDNorth","Cook",145.330215454102,-15.5912666320801,0.38,2.29,2.79,304.31,142.03,860.02,73.73,40.95,165.65
"WANorth","Wyndham-East Kimberley",124.418167114258,-15.539116859436,0.38,5.78,5.89,27.37,17.76,49.16,31.02,19.52,58.47
"NT","Roper Gulf",136.270355224609,-15.5267705917358,0.38,2.27,2.68,15.02,10.25,25.58,7.59,5.7,11.34
"QLDNorth","Carpentaria",141.461395263672,-15.5369548797607,0.38,3.55,4.09,11.34,8.21,17.61,6.69,5.16,9.54
"QLDNorth","Cook",145.320785522461,-15.5653171539307,0.38,2.29,2.62,309.62,144.21,877.42,109.99,58.24,262.95
"WANorth","Wyndham-East Kimberley",124.443572998047,-15.4937057495117,0.38,5.77,6.14,28.39,18.36,51.23,19.29,13.22,32.01
"WANorth","Wyndham-East Kimberley",125.000709533691,-15.4780082702637,0.38,4.66,4.68,38.11,23.6,73.02,38.99,23.91,75.97
"WANorth","Wyndham-East Kimberley",125.047920227051,-15.468729019165,0.38,4.68,4.67,35.26,22.08,66.52,42.93,25.95,85.39
"NT","Roper Gulf",136.261825561523,-15.4813098907471,0.38,2.27,2.67,15.19,10.35,25.94,7.61,5.7,11.4
"QLDNorth","Carpentaria",141.469650268555,-15.5078430175781,0.38,3.54,4.09,11.49,8.3,17.9,6.74,5.2,9.62
"WANorth","Wyndham-East Kimberley",124.463150024414,-15.4064741134644,0.38,5.74,6.03,33.93,21.46,63.01,27.48,18.08,48.11
"WANorth","Wyndham-East Kimberley",124.99584197998,-15.4311647415161,0.38,4.67,4.68,35.88,22.39,68.08,40.13,24.5,78.72
"WANorth","Wyndham-East Kimberley",125.066184997559,-15.428539276123,0.38,4.68,4.68,34.02,21.39,63.82,38.25,23.48,74.51
"NT","Roper Gulf",136.219879150391,-15.4033269882202,0.38,2.26,2.71,15.71,10.64,27.04,7.35,5.53,10.94
"QLDNorth","Kowanyama",141.508316040039,-15.4334802627563,0.38,3.54,3.98,11.78,8.48,18.44,7.43,5.66,10.82
"WANorth","Wyndham-East Kimberley",124.356224060059,-15.3932209014893,0.38,5.75,6.04,31.68,20.19,58.25,26.3,17.4,45.69
"WANorth","Wyndham-East Kimberley",124.443748474121,-15.3779649734497,0.38,5.73,6,37.43,23.4,70.57,30.21,19.64,53.71
"WANorth","Wyndham-East Kimberley",125.003211975098,-15.3864412307739,0.38,4.66,4.66,38.3,23.64,73.83,43.54,26.28,86.73
"WANorth","Wyndham-East Kimberley",125.033515930176,-15.3738317489624,0.38,4.68,4.68,32.97,20.82,61.49,39.06,23.93,76.28
"WANorth","Wyndham-East Kimberley",128.090316772461,-15.3669605255127,0.38,4.44,4.51,880.42,355.75,3032.45,615.19,255.4,2064.09
"WANorth","Wyndham-East Kimberley",128.120590209961,-15.3749618530273,0.38,4.44,4.51,915.16,369.55,3147.82,632.1,264.05,2092.17
"NT","Roper Gulf",136.115036010742,-15.3544836044312,0.38,2.27,3.17,15.08,10.26,25.82,4.76,3.81,6.51
"NT","Roper Gulf",136.154373168945,-15.3790369033813,0.38,2.27,2.55,15.22,10.34,26.08,9.12,6.65,14.2
"QLDNorth","Kowanyama",141.528915405273,-15.3784799575806,0.38,3.53,3.98,12,8.6,18.91,7.46,5.67,10.87
"QLDNorth","Hope Vale",145.302627563477,-15.3452205657959,0.38,2.31,2.73,308.15,143.97,868.51,98.45,52.42,234.74
"WANorth","Wyndham-East Kimberley",124.32071685791,-15.3089828491211,0.38,5.72,6.61,41.01,25.1,79.92,7.3,5.51,10.79
"WANorth","Wyndham-East Kimberley",128.066925048828,-15.3209896087646,0.38,4.44,4.51,879.96,354.48,3048.31,498.07,212.77,1607.06
"WANorth","Wyndham-East Kimberley",128.124252319336,-15.3248014450073,0.38,4.44,4.5,1060.29,415.98,3810.9,747.69,305.32,2553.06
"WANorth","Wyndham-East Kimberley",128.128356933594,-15.3167791366577,0.38,4.43,4.49,1196.85,460.7,4421.34,928.59,366.54,3329.76
"NT","Roper Gulf",136.055770874023,-15.3226823806763,0.38,2.28,3.19,14.24,9.75,24.18,4.64,3.73,6.32
"QLDNorth","Kowanyama",141.540954589844,-15.3341646194458,0.38,3.52,3.97,12.41,8.85,19.72,7.59,5.76,11.09
"QLDNorth","Hope Vale",145.352462768555,-15.2814426422119,0.38,2.31,2.68,302.28,141.66,848.29,117.96,61.39,290.01
"WANorth","Wyndham-East Kimberley",124.343971252441,-15.2859258651733,0.38,5.7,6.53,50.2,29.96,101.15,7.82,5.85,11.72
"WANorth","Wyndham-East Kimberley",128.255874633789,-15.2712717056274,0.38,4.42,4.49,1949.68,706.46,7803.07,930.12,362.38,3418.31
"NT","Roper Gulf",135.992614746094,-15.2876634597778,0.38,2.29,3.19,13.79,9.48,23.32,4.64,3.71,6.33
"QLDNorth","Kowanyama",141.570571899414,-15.2726631164551,0.38,3.51,3.96,12.7,9.01,20.33,7.61,5.78,11.11
"QLDNorth","Hope Vale",145.360290527344,-15.2734632492065,0.38,2.31,2.67,344.55,158.21,995.47,112.22,59.01,271.47
"WANorth","Wyndham-East Kimberley",124.378463745117,-15.2625865936279,0.38,5.69,6.81,53.94,31.89,110.13,5.38,4.24,7.48
"WANorth","Wyndham-East Kimberley",124.414283752441,-15.2452163696289,0.38,5.68,7.71,59.8,34.8,124.89,2.89,2.49,3.54
"WANorth","Wyndham-East Kimberley",124.460670471191,-15.2325954437256,0.38,5.68,7.09,59.76,34.77,124.84,4.03,3.31,5.29
"WANorth","Wyndham-East Kimberley",124.546234130859,-15.2495212554932,0.38,4.63,5.29,52.7,31.32,106.71,9.76,7.08,15.27
"WANorth","Wyndham-East Kimberley",124.58065032959,-15.2420091629028,0.38,4.63,5.28,48.85,29.4,97.1,9.26,6.71,14.57
"WANorth","Wyndham-East Kimberley",124.621078491211,-15.2665252685547,0.38,4.64,5.61,46.68,28.3,91.81,5.47,4.27,7.78
"WANorth","Wyndham-East Kimberley",124.679168701172,-15.2518796920776,0.38,4.64,5.01,46.46,28.18,91.34,17.46,11.69,30.45
"WANorth","Wyndham-East Kimberley",124.713401794434,-15.2531232833862,0.38,4.64,4.72,47.52,28.71,93.98,56.75,32.64,121.57
"WANorth","Wyndham-East Kimberley",124.784233093262,-15.2281265258789,0.38,4.64,5.07,47.86,28.85,95,16.1,11.02,27.09
"WANorth","Wyndham-East Kimberley",124.837158203125,-15.2363758087158,0.38,4.66,4.75,41.06,25.18,79.75,57.7,33.47,121.5
"NT","Roper Gulf",135.923324584961,-15.2407388687134,0.38,2.3,3.18,13.17,9.11,22.06,4.7,3.75,6.46
"QLDNorth","Kowanyama",141.574462890625,-15.2235231399536,0.38,3.51,3.95,13.1,9.24,21.12,7.74,5.86,11.35
"QLDNorth","Hope Vale",145.327423095703,-15.2295150756836,0.38,2.31,3,325.9,150.62,933.85,50.66,29.14,109.41
"WANorth","Wyndham-East Kimberley",124.837196350098,-15.1718883514404,0.38,4.64,5.05,47.4,28.47,94.76,18.01,12.15,30.94
"NT","Roper Gulf",135.844009399414,-15.1683340072632,0.38,2.31,3.17,12.87,8.93,21.5,4.78,3.8,6.61
"QLDNorth","Kowanyama",141.595138549805,-15.185079574585,0.38,3.5,4.04,13.16,9.26,21.32,7.03,5.39,10.12
"QLDNorth","Hope Vale",145.333099365234,-15.2225074768066,0.38,2.31,3,335.65,154.5,967.12,51.13,29.38,110.55
"WANorth","Wyndham-East Kimberley",124.855361938477,-15.1429424285889,0.38,4.64,5.14,46.91,28.33,92.9,13.9,9.7,22.81
"WANorth","Wyndham-East Kimberley",125.304618835449,-15.1396646499634,0.38,4.71,4.71,27.08,17.45,49.26,33.22,20.58,64.18
"WANorth","Wyndham-East Kimberley",125.365219116211,-15.1228294372559,0.38,4.73,4.76,25.34,16.53,45.29,25.35,16.37,46.16
"NT","Victoria Daly",129.229110717773,-15.0611801147461,0.38,4.49,5.27,321.07,152.45,876.2,12.97,9.17,20.86
"NT","Victoria Daly",129.627670288086,-15.1251249313354,0.38,4.58,5.24,83.52,47.83,175.97,12.19,8.6,19.79
"NT","Roper Gulf",135.742385864258,-15.1108503341675,0.38,2.3,3.18,13.33,9.15,22.68,4.8,3.81,6.64
"NT","Roper Gulf",135.779724121094,-15.1316137313843,0.38,2.31,3.18,13.05,9,22.03,4.78,3.8,6.62
"QLDNorth","Kowanyama",141.624618530273,-15.1111812591553,0.38,2.6,3.34,13.7,9.58,22.38,5.98,4.7,8.31
"QLDNorth","Hope Vale",145.26692199707,-15.0901155471802,0.38,2.31,2.86,308.29,143.83,871.19,63.99,35.75,143.63
"WANorth","Wyndham-East Kimberley",124.845108032227,-15.0398464202881,0.38,4.64,5.14,47.83,28.81,95.03,15.92,10.96,26.53
"WANorth","Wyndham-East Kimberley",125.261390686035,-15.0821933746338,0.38,4.69,4.73,31.64,19.95,59.38,36.58,22.22,72.86
"WANorth","Wyndham-East Kimberley",125.309417724609,-15.0748262405396,0.38,4.7,4.76,30.66,19.41,57.19,37.94,22.99,75.78
"WANorth","Wyndham-East Kimberley",125.366409301758,-15.0749502182007,0.38,4.71,4.74,27.62,17.77,50.36,30.08,18.98,56.56
"NT","Victoria Daly",129.252014160156,-15.0351524353027,0.38,4.49,5.43,327.49,158.45,862.98,8.44,6.35,12.45
"NT","Victoria Daly",129.529296875,-15.0264749526978,0.38,4.53,5.03,159.84,83.7,380.91,21.11,13.8,38.07
"NT","Victoria Daly",129.635375976562,-15.0729827880859,0.38,4.57,5,91.38,51.57,196.6,31.87,19.66,62.25
"NT","Roper Gulf",135.683929443359,-15.0744066238403,0.38,2.31,3.19,12.92,8.89,21.91,4.7,3.75,6.49
"QLDNorth","Kowanyama",141.639617919922,-15.0733003616333,0.38,2.6,3.34,14,9.75,23.03,5.97,4.69,8.3
"QLDNorth","Hope Vale",145.285614013672,-15.0589323043823,0.38,2.31,2.86,307.68,143.6,868.97,65.84,36.64,148.63
"WANorth","Wyndham-East Kimberley",124.898864746094,-15.0271453857422,0.38,4.64,5,47.54,28.69,94.24,25.31,16.56,44.99
"WANorth","Wyndham-East Kimberley",125.158798217773,-15.0236616134644,0.38,4.69,4.92,30.82,19.56,57.2,21.67,14.04,39.64
"WANorth","Wyndham-East Kimberley",125.227180480957,-14.9999437332153,0.38,4.69,4.77,31.75,20.03,59.48,39.34,23.76,78.81
"WANorth","Wyndham-East Kimberley",125.245780944824,-15.0001363754272,0.38,4.69,4.7,31.28,19.74,58.63,37.69,23.23,72.93
"WANorth","Wyndham-East Kimberley",128.104248046875,-15.0200548171997,0.38,4.51,4.65,198.79,97.58,526.15,120.84,61.4,310.47
"WANorth","Wyndham-East Kimberley",128.151580810547,-15.0434598922729,0.38,4.52,4.67,197.63,97.44,518.95,127.25,64.01,332
"WANorth","Wyndham-East Kimberley",128.215484619141,-15.0266199111938,0.38,4.51,4.71,218.39,106.23,584.22,124.69,62.17,331.57
"WANorth","Wyndham-East Kimberley",128.357131958008,-15.0189142227173,0.38,4.45,5.15,718.29,295.85,2419.94,18.39,12.14,32.9
"NT","Victoria Daly",129.629501342773,-15.0235919952393,0.38,4.55,4.99,112.69,62.21,249.19,34.17,20.86,67.78
"NT","Roper Gulf",135.525787353516,-15.0083923339844,0.38,2.32,2.76,12.21,8.43,20.64,6.59,4.97,9.84
"NT","Roper Gulf",135.573394775391,-15.031590461731,0.38,2.32,2.78,12.51,8.62,21.22,6.63,5,9.91
"NT","Roper Gulf",135.638565063477,-15.0378141403198,0.38,2.31,3.2,12.86,8.85,21.84,4.72,3.76,6.52
"QLDNorth","Pormpuraaw",141.660873413086,-15.0223045349121,0.38,2.59,3.65,14.32,9.94,23.67,4.77,3.87,6.36
"QLDNorth","Hope Vale",145.338073730469,-14.9985475540161,0.38,2.31,2.9,333.66,153.78,959.45,59.97,33.97,131.75
"WANorth","Wyndham-East Kimberley",124.953239440918,-14.9682312011719,0.38,4.65,4.9,44.32,26.83,87.71,27.15,16.59,54.76
"WANorth","Wyndham-East Kimberley",125.014305114746,-14.9793424606323,0.38,4.65,5.03,43.71,26.53,86.16,15.31,10.38,26.36
"WANorth","Wyndham-East Kimberley",125.059196472168,-14.981104850769,0.38,4.66,5.08,40.43,24.74,78.87,13.56,9.34,22.84
"WANorth","Wyndham-East Kimberley",125.21174621582,-14.9692764282227,0.38,4.69,4.79,32.04,20.2,60.04,34.07,21.13,65.62
"WANorth","Wyndham-East Kimberley",128.115615844727,-14.9633541107178,0.38,4.52,4.69,179.67,89.72,463.72,108.05,55.37,275.48
"WANorth","Wyndham-East Kimberley",128.265228271484,-14.9804067611694,0.38,4.5,4.77,272.73,128.51,762.74,87.52,45.98,216.08
"WANorth","Wyndham-East Kimberley",128.327514648438,-14.9675893783569,0.38,4.48,4.87,379.71,169.97,1143.11,62.42,34.58,142.67
"NT","Roper Gulf",135.472869873047,-14.9671669006348,0.38,2.34,2.9,11.66,8.1,19.59,5.6,4.34,8.06
"QLDNorth","Pormpuraaw",141.634017944336,-14.9669532775879,0.38,2.58,3.63,14.82,10.25,24.62,4.91,3.97,6.58
"QLDNorth","Hope Vale",145.355865478516,-14.9762773513794,0.38,2.3,2.92,364.53,165.9,1066.85,51.93,29.89,111.84
"WANorth","Wyndham-East Kimberley",128.126541137695,-14.9274501800537,0.38,4.51,4.71,215.45,104.98,575.03,109.59,55.8,282.54
"NT","Roper Gulf",135.433349609375,-14.9105844497681,0.38,2.36,2.97,10.91,7.64,18.13,5.28,4.12,7.53
"QLDNorth","Pormpuraaw",141.608688354492,-14.9055852890015,0.38,2.58,3.15,15.35,10.56,25.68,7.19,5.5,10.37
"QLDNorth","Hope Vale",145.317611694336,-14.9490919113159,0.38,2.3,2.62,364.24,165.69,1067.01,63.92,35.41,145.84
"WANorth","Wyndham-East Kimberley",125.209754943848,-14.8662157058716,0.38,4.67,4.77,37.5,23.21,72.02,47.27,28.01,96.94
"WANorth","Wyndham-East Kimberley",128.150115966797,-14.8587427139282,0.38,4.5,4.69,239.57,114.88,654.06,87.35,46.83,207.34
"WANorth","Wyndham-East Kimberley",128.806945800781,-14.8499422073364,0.38,4.52,5.33,185.56,95.42,452.9,10.67,7.72,16.65
"NT","Roper Gulf",135.423721313477,-14.8675756454468,0.38,2.36,3.17,10.9,7.63,18.11,4.81,3.8,6.76
"QLDNorth","Pormpuraaw",141.589569091797,-14.8615064620972,0.38,2.57,3.15,15.7,10.76,26.41,7.24,5.54,10.46
"QLDNorth","Hope Vale",145.222076416016,-14.8688898086548,0.38,2.3,2.87,367.02,167.4,1069.3,47.04,27.34,100.14
"QLDNorth","Hope Vale",145.231597900391,-14.8859167098999,0.38,2.3,2.88,364.82,166.37,1063.62,46.38,27.01,98.51
"WANorth","Wyndham-East Kimberley",125.15340423584,-14.8067455291748,0.38,4.65,5.09,42.19,25.75,82.49,17.48,11.94,29.41
"WANorth","Wyndham-East Kimberley",128.195236206055,-14.8283796310425,0.38,4.49,4.76,319.3,147.87,912.62,72.45,39.27,170.83
"WANorth","Wyndham-East Kimberley",128.527557373047,-14.7843637466431,0.38,4.5,4.56,239.8,115.83,645.86,224.5,105.96,634.52
"WANorth","Wyndham-East Kimberley",128.601577758789,-14.79909324646,0.38,4.49,4.67,302.15,142.5,837.92,136.78,67.3,370.58
"NT","West Daly",129.684432983398,-14.8089656829834,0.38,4.53,4.85,150.7,78.88,360.61,44.2,26.8,87.26
"NT","Roper Gulf",135.404830932617,-14.8228092193604,0.38,2.36,3.17,10.64,7.47,17.62,4.84,3.82,6.81
"QLDNorth","Pormpuraaw",141.578353881836,-14.8152437210083,0.38,2.57,3.64,16.03,10.95,27.08,4.89,3.96,6.54
"QLDNorth","Cook",145.107711791992,-14.8189258575439,0.38,2.31,2.9,326.13,151.03,930.9,38.64,22.99,79.81
"QLDNorth","Hope Vale",145.155731201172,-14.8298187255859,0.38,2.31,2.89,351.25,161.67,1009.06,41.39,24.4,86.56
"WANorth","Wyndham-East Kimberley",125.15779876709,-14.771409034729,0.38,4.65,5.05,43.01,26.25,84.02,13.66,9.41,22.97
"WANorth","Wyndham-East Kimberley",128.211807250977,-14.7566795349121,0.38,4.48,4.53,347.71,160.29,996.71,267.54,126.36,745.88
"NT","West Daly",129.680160522461,-14.7723655700684,0.38,4.53,4.84,169.78,86.86,420.54,50.74,29.98,104.1
"NT","Roper Gulf",135.40104675293,-14.7666997909546,0.38,2.37,3.18,10.35,7.3,17.05,4.84,3.81,6.82
"QLDNorth","Pormpuraaw",141.563537597656,-14.7555322647095,0.38,2.56,3.91,16.53,11.24,28.13,4.22,3.49,5.48
"QLDNorth","Cook",145.004684448242,-14.765022277832,0.38,2.31,2.92,313.51,145.16,897.55,35.35,21.33,71.52
"QLDNorth","Cook",145.046966552734,-14.7957363128662,0.38,2.31,2.91,318.64,147.54,911.25,37.91,22.61,78.04
"WANorth","Wyndham-East Kimberley",125.162040710449,-14.7307987213135,0.38,4.64,5.26,46.78,28.46,91.42,11.96,8.56,18.93
"WANorth","Wyndham-East Kimberley",128.21858215332,-14.7112264633179,0.38,4.47,4.54,425.42,189.43,1283.44,291.05,133.33,854.51
"NT","Roper Gulf",135.432189941406,-14.722728729248,0.38,2.38,3.17,10.21,7.21,16.76,4.85,3.82,6.84
"QLDNorth","Pormpuraaw",141.559204101562,-14.7273426055908,0.38,2.56,3.54,16.79,11.38,28.71,5.26,4.21,7.13
"QLDNorth","Cook",144.987640380859,-14.7468757629395,0.38,2.31,2.82,333.84,153.36,965.78,59.87,34.28,128.91
"WANorth","Wyndham-East Kimberley",125.128555297852,-14.6601362228394,0.38,4.63,5.15,50.33,30.26,100.06,16.2,11.17,26.9
"WANorth","Wyndham-East Kimberley",125.160118103027,-14.6572942733765,0.38,4.63,5.02,49.16,29.73,96.88,23.84,15.68,42.14
"WANorth","Wyndham-East Kimberley",128.201126098633,-14.7053632736206,0.38,4.48,4.76,361.56,164.38,1060.79,77.43,41.78,183.25
"NT","Roper Gulf",135.452590942383,-14.6908016204834,0.38,2.38,3.18,10.15,7.18,16.63,4.81,3.79,6.77
"NT","Roper Gulf",135.470809936523,-14.6745538711548,0.38,2.38,2.52,10.17,7.19,16.66,8.37,6.08,13.22
"QLDNorth","Pormpuraaw",141.550689697266,-14.6618461608887,0.38,2.55,3.52,17.49,11.77,30.24,5.43,4.33,7.4
"QLDNorth","Cook",144.95671081543,-14.6787748336792,0.38,2.3,2.82,369.2,167.86,1081.52,62.03,35.39,134.05
"WANorth","Wyndham-East Kimberley",125.084785461426,-14.6038780212402,0.38,4.61,5.36,60.9,35.49,126.68,9.41,6.91,14.41
"WANorth","Wyndham-East Kimberley",128.091583251953,-14.6392116546631,0.38,4.5,5.37,258.54,123.39,708.59,10.19,7.35,16.1
"WANorth","Wyndham-East Kimberley",128.13264465332,-14.6603422164917,0.38,4.5,5.08,278.22,131.12,776.86,20.35,13.31,36.77
"NT","West Daly",129.684371948242,-14.6120672225952,0.38,4.49,4.91,286.9,143.42,718.78,40.39,24.1,82.69
"NT","Roper Gulf",135.524978637695,-14.6124706268311,0.38,2.36,2.61,10.7,7.52,17.65,7.44,5.51,11.38
"QLDNorth","Pormpuraaw",141.548477172852,-14.6105136871338,0.38,2.54,3.52,17.69,11.87,30.73,5.41,4.31,7.36
"QLDNorth","Cook",144.940582275391,-14.6089067459106,0.38,2.29,2.84,446.95,199,1344.25,65.15,36.99,141.66
"WANorth","Wyndham-East Kimberley",125.078704833984,-14.5518770217896,0.38,4.6,5.42,64.12,36.96,135.63,8.49,6.29,12.89
"WANorth","Wyndham-East Kimberley",128.000030517578,-14.5617656707764,0.38,4.5,4.94,265.62,127.67,717.23,29.29,18.32,56.1
"WANorth","Wyndham-East Kimberley",128.045211791992,-14.5876274108887,0.38,4.5,5.46,247.01,119.51,662.07,8.54,6.31,13.01
"NT","West Daly",129.531127929688,-14.5545520782471,0.38,4.51,4.92,201.78,104.52,483.92,35.67,21.59,71.71
"NT","West Daly",129.581802368164,-14.5655689239502,0.38,4.53,4.91,165.02,87.74,382.05,40.7,24.65,80.94
"NT","Roper Gulf",135.567230224609,-14.5412082672119,0.38,2.36,2.55,10.65,7.51,17.53,8.01,5.88,12.43
"QLDNorth","Pormpuraaw",141.536666870117,-14.5556573867798,0.38,2.54,3.51,18.27,12.2,31.94,5.5,4.38,7.51
"QLDNorth","Cook",144.880081176758,-14.5607309341431,0.38,2.29,2.76,460.66,204.64,1388.63,67.33,37.84,148.86
"QLDNorth","Cook",144.893249511719,-14.5655660629272,0.38,2.29,2.77,474.73,209.78,1442.25,65.07,36.8,142.55
"WANorth","Wyndham-East Kimberley",125.1201171875,-14.514669418335,0.38,4.61,5.43,63.91,36.98,134.34,8.57,6.34,13.01
"WANorth","Wyndham-East Kimberley",125.262313842773,-14.4960641860962,0.38,4.61,4.89,63.35,36.68,133.03,28.69,17.85,55.61
"WANorth","Wyndham-East Kimberley",125.319488525391,-14.5248193740845,0.38,4.6,5.34,64.31,37.06,136.1,7.62,5.66,11.61
"WANorth","Wyndham-East Kimberley",125.367393493652,-14.5112953186035,0.38,4.58,5.38,83.89,46.39,188.33,7.15,5.37,10.75
"WANorth","Wyndham-East Kimberley",125.427215576172,-14.5262870788574,0.38,4.58,4.97,85.33,47.16,191.61,20.07,12.99,37.02
"WANorth","Wyndham-East Kimberley",125.949760437012,-14.5220060348511,0.38,4.6,4.87,68.22,38.56,149.08,26.38,16.5,50.94
"WANorth","Wyndham-East Kimberley",126.010581970215,-14.5180864334106,0.38,4.6,4.66,67.56,38.26,147.18,82.7,44.9,192.37
"WANorth","Wyndham-East Kimberley",127.942878723145,-14.513729095459,0.38,4.5,4.64,275.66,133.08,736.67,140.39,73.38,338.36
"NT","West Daly",129.44775390625,-14.5041465759277,0.38,4.51,4.92,220.41,111.99,544.29,37.33,22.41,76.03
"NT","West Daly",129.479934692383,-14.5016145706177,0.38,4.51,4.94,202.61,104.08,492.92,33.39,20.31,66.81
"NT","Roper Gulf",135.578796386719,-14.5139532089233,0.38,2.37,3.22,10.59,7.47,17.41,4.76,3.77,6.65
"QLDNorth","Pormpuraaw",141.527404785156,-14.5103921890259,0.38,2.54,3.96,18.39,12.27,32.19,4.2,3.48,5.42
"QLDNorth","Cook",144.739639282227,-14.5463800430298,0.38,2.29,3.03,526.43,228.51,1642.02,51.77,30.76,104.95
"QLDNorth","Cook",144.774948120117,-14.5439920425415,0.38,2.29,2.68,505.29,221.47,1552.1,96.22,52.14,222.28
"WANorth","Wyndham-East Kimberley",125.131568908691,-14.4704513549805,0.38,4.6,5.58,66.96,38.28,143.43,6.43,4.92,9.34
"WANorth","Wyndham-East Kimberley",125.27473449707,-14.4618988037109,0.38,4.59,5.06,78.03,43.55,173,14.76,10.02,25.4
"WANorth","Wyndham-East Kimberley",125.482887268066,-14.480881690979,0.38,4.59,5.48,76.58,43.14,167.16,6.33,4.85,9.23
"WANorth","Wyndham-East Kimberley",125.520492553711,-14.4681940078735,0.38,4.61,5.5,59.84,35.18,122.61,6.19,4.76,8.94
"WANorth","Wyndham-East Kimberley",125.86164855957,-14.4677419662476,0.38,4.6,4.81,70.48,39.76,154.25,38.03,22.64,78.53
"WANorth","Wyndham-East Kimberley",125.997909545898,-14.4545955657959,0.38,4.6,4.66,69.7,39.34,152.53,92.02,48.48,225.09
"WANorth","Wyndham-East Kimberley",127.930953979492,-14.5009260177612,0.38,4.5,5.16,266.78,129.84,703.88,14.86,10.17,25.16
"NT","West Daly",129.366073608398,-14.4294281005859,0.38,4.51,5.14,232.66,117.31,580.74,16.91,11.43,29.07
"NT","Roper Gulf",135.625366210938,-14.4839658737183,0.38,2.35,3.11,11.07,7.77,18.28,5.3,4.12,7.59
"QLDNorth","Pormpuraaw",141.526031494141,-14.4617919921875,0.38,2.54,3.97,18.38,12.27,32.16,4.17,3.46,5.37
"QLDNorth","Cook",143.846130371094,-14.4575262069702,0.38,2.33,2.77,244.13,115.87,678.64,36.22,21.79,73.56
"QLDNorth","Cook",143.895843505859,-14.4822654724121,0.38,2.31,2.74,295.21,136.23,853.91,34.64,20.94,70.02
"QLDNorth","Cook",143.938598632812,-14.4828338623047,0.38,2.32,2.73,282.72,131.6,807,33.82,20.53,67.82
"QLDNorth","Cook",144.004318237305,-14.4783716201782,0.38,2.32,2.72,265.92,124.58,753.07,35.01,21.1,71.07
"QLDNorth","Cook",144.050003051758,-14.4639005661011,0.38,2.32,2.71,263.99,123.76,747.15,34.64,20.9,70.23
"QLDNorth","Cook",144.09049987793,-14.4441137313843,0.38,2.32,2.7,254.46,119.89,715.17,37.43,22.36,76.92
"QLDNorth","Cook",144.660003662109,-14.5000143051147,0.38,2.28,3.12,600.17,255.11,1929.75,41.78,25.58,81.29
"WANorth","Wyndham-East Kimberley",125.152992248535,-14.4271259307861,0.38,4.6,5.56,64.19,37.01,135.69,6.53,5,9.51
"WANorth","Wyndham-East Kimberley",125.198593139648,-14.4466991424561,0.38,4.61,5.36,61.18,35.52,128.14,7.92,5.88,12.03
"WANorth","Wyndham-East Kimberley",125.596481323242,-14.4360542297363,0.38,4.59,4.61,74.4,41.87,162.94,118.98,61.65,294.72
"WANorth","Wyndham-East Kimberley",125.736625671387,-14.406229019165,0.38,4.59,4.7,70.94,40.03,155.11,76.76,42.95,169.65
"WANorth","Wyndham-East Kimberley",125.759918212891,-14.4194965362549,0.38,4.59,4.7,71.66,40.36,157.16,78.19,43.38,175.24
"WANorth","Wyndham-East Kimberley",125.813087463379,-14.4428367614746,0.38,4.59,4.66,72.59,40.77,159.85,113.28,57.83,289.86
"WANorth","Wyndham-East Kimberley",125.943725585938,-14.396312713623,0.38,4.59,4.81,73.67,41.27,162.84,41.46,24.52,86.19
"WANorth","Wyndham-East Kimberley",127.869132995605,-14.4294986724854,0.38,4.5,5.12,257.45,128.03,654.84,15.09,10.34,25.46
"NT","West Daly",129.354202270508,-14.4140396118164,0.38,4.53,4.8,165.69,87.39,388.99,56.22,31.81,124.37
"NT","Roper Gulf",135.675582885742,-14.4104404449463,0.38,2.35,3.1,11.28,7.91,18.65,5.35,4.16,7.68
"QLDNorth","Pormpuraaw",141.536483764648,-14.4148235321045,0.38,2.53,3.9,18.69,12.45,32.8,4.39,3.61,5.71
"QLDNorth","Cook",143.791213989258,-14.4109144210815,0.38,2.32,3,248.15,117.15,695.99,22.79,14.64,42.29
"QLDNorth","Cook",144.63346862793,-14.4088802337646,0.38,2.28,2.41,618.77,261.7,2004.09,298.91,142.91,809.06
"WANorth","Wyndham-East Kimberley",125.573066711426,-14.3610992431641,0.38,4.6,4.61,69.72,39.74,149.81,117.37,61.27,286.92
"WANorth","Wyndham-East Kimberley",125.721366882324,-14.3566665649414,0.38,4.59,4.7,72.37,40.75,158.63,77.11,43.23,169.72
"WANorth","Wyndham-East Kimberley",125.943374633789,-14.3472080230713,0.38,4.59,4.81,71.52,40.25,157.09,42.17,24.76,88.77
"WANorth","Wyndham-East Kimberley",127.786949157715,-14.3601789474487,0.38,4.51,4.69,226.82,116.59,547.88,76.23,43.64,161.54
"NT","West Daly",129.357345581055,-14.3789148330688,0.38,4.53,4.8,166.46,86.6,400.39,58.28,32.71,130.61
"NT","Roper Gulf",135.690505981445,-14.3648252487183,0.38,2.34,3.11,11.39,7.97,18.88,5.39,4.18,7.73
"QLDNorth","Pormpuraaw",141.546737670898,-14.3721208572388,0.38,2.53,3.9,18.67,12.45,32.71,4.35,3.59,5.65
"QLDNorth","Cook",143.766632080078,-14.372615814209,0.38,2.32,2.74,258.58,121.64,728.06,41.05,24.39,84.58
"QLDNorth","Cook",144.168395996094,-14.3686866760254,0.38,2.31,2.62,311.13,143.59,896.68,41.84,24.57,88.09
"QLDNorth","Cook",144.629440307617,-14.3544597625732,0.38,2.28,2.67,566.87,243.48,1794.39,116.4,61.33,279.81
"WANorth","Wyndham-East Kimberley",125.580001831055,-14.3071508407593,0.38,4.6,5.35,69.59,39.68,149.41,8.82,6.48,13.58
"WANorth","Wyndham-East Kimberley",125.727348327637,-14.30442237854,0.38,4.58,4.74,78.82,43.86,175.65,65.3,36.59,145.52
"WANorth","Wyndham-East Kimberley",126.016021728516,-14.2939434051514,0.38,4.59,4.69,77.59,43.26,172.45,78.68,43.29,179.06
"WANorth","Wyndham-East Kimberley",127.774642944336,-14.3200511932373,0.38,4.51,5,222.82,115.19,533.34,19.59,13.03,34.37
"NT","West Daly",129.381134033203,-14.3171844482422,0.38,4.52,4.69,172.9,88.43,427.99,93.04,50.06,218.29
"NT","East Arnhem",136.577545166016,-14.2649507522583,0.38,2.21,2.77,19.47,13.05,33.65,8.05,6.01,12.07
"NT","East Arnhem",136.647308349609,-14.2961120605469,0.38,2.21,3,20.12,13.43,35,6.66,5.09,9.67
"NT","East Arnhem",136.682022094727,-14.3022203445435,0.38,2.2,2.89,20.45,13.61,35.71,7.3,5.52,10.79
"NT","East Arnhem",136.715728759766,-14.275164604187,0.38,2.21,2.68,20.28,13.53,35.3,8.57,6.35,12.98
"NT","East Arnhem",136.803085327148,-14.2928056716919,0.38,2.19,3.21,22.12,14.54,39.32,5.42,4.26,7.58
"NT","East Arnhem",136.842132568359,-14.308614730835,0.38,2.18,3.16,23.52,15.29,42.54,5.84,4.55,8.27
"NT","East Arnhem",136.895416259766,-14.3086071014404,0.38,2.17,2.79,24.17,15.6,44.22,6.97,5.34,10.06
"NT","East Arnhem",136.947952270508,-14.3060808181763,0.38,2.18,3.58,23.86,15.4,43.68,5.33,4.19,7.5
"QLDNorth","Pormpuraaw",141.573165893555,-14.3067054748535,0.38,2.54,4.47,18.46,12.33,32.21,3.32,2.84,4.08
"QLDNorth","Cook",143.746032714844,-14.3179607391357,0.38,2.31,2.76,308.65,140.74,910.4,54.87,31.29,119.76
"QLDNorth","Cook",144.194366455078,-14.3142557144165,0.38,2.31,3.05,328.24,150.64,952.38,11.75,8.16,19.72
"QLDNorth","Cook",144.641754150391,-14.3458023071289,0.38,2.29,2.7,541.65,234.52,1694.27,113.16,59.89,270.3
"WANorth","Wyndham-East Kimberley",125.72924041748,-14.2765264511108,0.38,4.58,4.83,82.09,45.4,184.5,41.76,24.64,87.18
"WANorth","Wyndham-East Kimberley",127.733703613281,-14.2567291259766,0.38,4.5,4.92,252.13,128.15,617.64,25.99,16.76,47.41
"NT","West Daly",129.402877807617,-14.2470359802246,0.38,4.52,4.91,182.49,92.19,460.53,33.08,20.24,65.49
"NT","Roper Gulf",135.780624389648,-14.2482147216797,0.38,2.33,2.73,12.18,8.48,20.24,7.24,5.4,10.97
"NT","East Arnhem",136.480056762695,-14.2389888763428,0.38,2.22,2.67,18.49,12.47,31.71,9.26,6.75,14.38
"NT","East Arnhem",136.533569335938,-14.2534112930298,0.38,2.22,2.87,18.9,12.72,32.5,7.27,5.51,10.68
"NT","East Arnhem",136.982574462891,-14.2515935897827,0.38,2.18,3.21,23.24,15.08,42.17,4.85,3.88,6.62
"QLDNorth","Pormpuraaw",141.591522216797,-14.2600746154785,0.38,2.54,3.46,18.47,12.35,32.2,5.72,4.54,7.83
"QLDNorth","Cook",143.734222412109,-14.2576913833618,0.38,2.31,2.56,313.53,142.78,926.11,110.66,57,278.77
"QLDNorth","Cook",144.19091796875,-14.2678756713867,0.38,2.31,2.87,336.43,154.13,977.72,18.24,11.9,33.39
"QLDNorth","Cook",144.300506591797,-14.2970142364502,0.38,2.31,2.71,300.13,140.72,841.83,96.98,51.7,230.92
"QLDNorth","Cook",144.381118774414,-14.2772159576416,0.38,2.32,2.67,292.69,137.53,818.92,119.74,62.27,294.48
"QLDNorth","Cook",144.427124023438,-14.2571153640747,0.38,2.32,3.08,288.22,135.44,807.11,19.92,12.68,38.04
"QLDNorth","Cook",144.601455688477,-14.263840675354,0.38,2.29,3.33,511.69,222.51,1593.75,21.89,13.97,41.24
"WANorth","Wyndham-East Kimberley",125.630767822266,-14.2305307388306,0.38,4.58,5.28,84.46,46.45,191.48,9.51,6.88,15.01
"WANorth","Wyndham-East Kimberley",125.686218261719,-14.1855096817017,0.38,4.58,5.09,84.99,46.78,192.3,20.56,13.38,37.48
"WANorth","Wyndham-East Kimberley",126.042518615723,-14.224796295166,0.38,4.59,4.76,75.1,41.94,166.76,71.34,39.46,161.93
"WANorth","Wyndham-East Kimberley",126.132736206055,-14.2032327651978,0.38,4.59,4.64,72.97,40.92,161.08,101.98,54.1,244.24
"WANorth","Wyndham-East Kimberley",127.686531066895,-14.2098894119263,0.38,4.49,5.87,287.88,143.29,726.56,5.26,4.14,7.36
"NT","Roper Gulf",135.844604492188,-14.2093830108643,0.38,2.31,2.77,12.88,8.95,21.43,7.12,5.33,10.72
"NT","East Arnhem",136.419189453125,-14.2032737731934,0.38,2.24,2.65,17.54,11.93,29.74,9.62,6.97,15.1
"NT","East Arnhem",136.963241577148,-14.2206211090088,0.38,2.19,3.33,22.34,14.62,40.04,4.75,3.8,6.49
"QLDNorth","Pormpuraaw",141.593063354492,-14.1998119354248,0.38,2.53,3.58,18.75,12.52,32.75,5.18,4.17,6.95
"QLDNorth","Cook",143.710388183594,-14.2167491912842,0.38,2.31,2.68,309.09,141.23,908.06,75.23,40.91,175.76
"QLDNorth","Cook",144.20654296875,-14.2234354019165,0.38,2.3,2.61,362.95,164.37,1072.27,47.81,27.52,103.63
"QLDNorth","Cook",144.288970947266,-14.1891584396362,0.38,2.3,2.62,356.73,163.63,1030.36,121.34,63,299.03
"QLDNorth","Cook",144.447326660156,-14.2399959564209,0.38,2.31,2.9,298.88,139.77,842.6,25.72,15.87,51.14
"QLDNorth","Cook",144.59228515625,-14.2512350082397,0.38,2.29,2.91,515.99,223.71,1615.17,51.71,29.44,113.76
"WANorth","Wyndham-East Kimberley",126.033889770508,-14.0990734100342,0.38,4.59,4.73,77.18,43,171.8,81.5,44.43,188.39
"WANorth","Wyndham-East Kimberley",126.139549255371,-14.1599235534668,0.38,4.59,4.62,73.33,41.12,161.9,96.59,51.55,229.56
"WANorth","Wyndham-East Kimberley",126.578201293945,-14.1569900512695,0.38,4.62,4.87,57.4,34.33,114.27,35.85,22.03,69.96
"WANorth","Wyndham-East Kimberley",126.645851135254,-14.1546716690063,0.38,4.62,4.73,54.51,32.85,107.43,70.12,39.22,156.04
"NT","West Daly",129.446716308594,-14.1922149658203,0.38,4.53,5.12,157.05,80.49,389.66,16.7,11.31,28.64
"NT","West Daly",129.476287841797,-14.1537313461304,0.38,4.53,4.63,150.79,77.74,371.07,91.62,50.96,202.38
"NT","Roper Gulf",135.888412475586,-14.1528549194336,0.38,2.31,2.88,12.92,9.04,21.17,6.77,5.12,10.06
"NT","East Arnhem",136.377975463867,-14.182258605957,0.38,2.23,2.65,17.75,11.98,30.51,9.65,7.03,14.98
"NT","East Arnhem",136.787506103516,-14.1503791809082,0.38,2.18,2.85,23.33,15.18,42.12,6.21,4.83,8.79
"NT","East Arnhem",136.825744628906,-14.1678810119629,0.38,2.18,2.81,23.74,15.41,43.02,6.27,4.88,8.87
"NT","East Arnhem",136.907073974609,-14.1549377441406,0.38,2.17,3.2,24.8,16,45.29,4.67,3.78,6.24
"NT","East Arnhem",136.944778442383,-14.155933380127,0.38,2.17,2.98,24.73,15.95,45.21,5.59,4.42,7.72
"QLDNorth","Aurukun",141.590240478516,-14.1565055847168,0.38,2.53,2.84,18.99,12.66,33.26,10.83,7.87,16.75
"QLDNorth","Cook",143.708038330078,-14.1611928939819,0.38,2.31,2.67,343.28,154.53,1029.78,90.16,47.66,219.45
"QLDNorth","Cook",144.21662902832,-14.1610956192017,0.38,2.31,2.64,351.66,160.95,1020.89,36.03,21.47,74.61
"QLDNorth","Cook",144.263366699219,-14.1565418243408,0.38,2.3,2.66,384.02,174.19,1126.99,115.11,59.99,282.7
"QLDNorth","Cook",144.520553588867,-14.162109375,0.38,2.3,3.06,430.23,191.97,1291.95,60.33,33.4,138.42
"QLDNorth","Cook",144.534255981445,-14.1781358718872,0.38,2.29,3.34,474.96,208.62,1459.06,30.12,18.29,60.99
"WANorth","Wyndham-East Kimberley",126.014038085938,-14.0954818725586,0.38,4.59,4.79,78.14,43.48,174.27,70.1,38.45,161.91
"WANorth","Wyndham-East Kimberley",126.298713684082,-14.1234483718872,0.38,4.58,4.59,83.35,47.29,178.62,162.08,81.74,413.55
"WANorth","Wyndham-East Kimberley",126.313087463379,-14.0980167388916,0.38,4.58,4.58,84.38,47.84,180.88,151.73,77.59,378.84
"WANorth","Wyndham-East Kimberley",126.524612426758,-14.096697807312,0.38,4.61,4.77,58.78,35.09,117.3,56.24,32.46,119.77
"WANorth","Wyndham-East Kimberley",126.68187713623,-14.1017875671387,0.38,4.62,5.12,56.03,33.65,110.89,17.25,11.67,29.55
"NT","West Daly",129.490707397461,-14.098578453064,0.38,4.54,4.64,146.49,75.78,358.9,85.96,48.23,187.6
"NT","Roper Gulf",135.908020019531,-14.0824317932129,0.38,2.3,3.04,13.21,9.24,21.66,6.76,5.1,10.09
"NT","East Arnhem",136.42448425293,-14.0986757278442,0.38,2.23,2.29,17.75,12.02,30.29,16.5,11.2,28.2
"NT","East Arnhem",136.755783081055,-14.0889873504639,0.38,2.18,2.72,23.59,15.34,42.59,7.38,5.6,10.81
"QLDNorth","Aurukun",141.590698242188,-14.1019258499146,0.38,2.53,3.78,19.01,12.67,33.27,4.66,3.8,6.13
"QLDNorth","Cook",143.702667236328,-14.1184825897217,0.38,2.3,2.39,357.07,159.57,1082.99,244.3,115.08,688.89
"WANorth","Wyndham-East Kimberley",125.972518920898,-14.0407934188843,0.38,4.58,5.29,84.97,46.73,192.61,10.78,7.66,17.4
"WANorth","Wyndham-East Kimberley",126.228637695312,-14.0332412719727,0.38,4.57,4.79,88.74,50.03,191.6,48.65,29.13,97.68
"WANorth","Wyndham-East Kimberley",126.331893920898,-14.051061630249,0.38,4.57,4.68,88.77,50.04,191.75,115.53,60.05,285.12
"WANorth","Wyndham-East Kimberley",126.521423339844,-14.0760927200317,0.38,4.61,4.77,59.22,35.34,118.2,57.37,33.17,121.59
"WANorth","Wyndham-East Kimberley",126.666862487793,-14.0784797668457,0.38,4.62,4.81,55.18,33.25,108.67,47.26,27.79,98.35
"NT","West Daly",129.530151367188,-14.0496559143066,0.38,4.52,4.6,170.19,88,413.38,143.55,73.56,358.38
"NT","West Daly",129.587509155273,-14.0334911346436,0.38,4.42,4.48,176.17,90.73,430.12,154.43,78.51,389.33
"NT","Roper Gulf",135.917938232422,-14.0449848175049,0.38,2.3,2.63,13.58,9.47,22.38,8.48,6.21,13.16
"NT","East Arnhem",136.414459228516,-14.0482530593872,0.38,2.23,2.65,17.91,12.12,30.61,9.6,7,14.87
"NT","East Arnhem",136.786849975586,-14.0534343719482,0.38,2.17,2.96,24.36,15.77,44.26,5.6,4.4,7.82
"QLDNorth","Aurukun",141.541442871094,-14.034857749939,0.38,2.53,3.76,19.41,12.9,34.13,4.75,3.87,6.29
"QLDNorth","Cook",143.690872192383,-14.0502414703369,0.38,2.3,2.73,395.19,174.33,1219.63,99.01,51.84,243.71
"WANorth","Wyndham-East Kimberley",125.969436645508,-13.9986400604248,0.38,4.56,4.95,106.58,56.61,253.84,28.21,17.5,55.04
"WANorth","Wyndham-East Kimberley",126.224334716797,-13.9877023696899,0.38,4.57,4.81,93.49,52.32,203.96,48.14,28.72,97.34
"WANorth","Wyndham-East Kimberley",126.36644744873,-14.0002393722534,0.38,4.57,4.59,89.59,50.45,193.72,250.55,117.69,709.03
"WANorth","Wyndham-East Kimberley",126.519927978516,-13.9991483688354,0.38,4.61,4.86,58.29,34.88,115.87,36.08,22.29,69.74
"WANorth","Wyndham-East Kimberley",126.740211486816,-13.9950771331787,0.38,4.61,5.22,63.02,37.27,127.38,14.04,9.73,23.36
"WANorth","Wyndham-East Kimberley",127.473075866699,-13.999174118042,0.38,4.47,5.45,496.17,228.94,1390.09,8.69,6.36,13.48
"NT","West Daly",129.604217529297,-14.014591217041,0.38,4.42,5.01,173.44,89.61,421.38,16.81,11.45,28.48
"NT","Roper Gulf",135.917770385742,-14.008355140686,0.38,2.29,2.64,13.83,9.61,22.89,8.44,6.19,13.06
"NT","East Arnhem",136.404632568359,-13.9819993972778,0.38,2.22,2.46,19.08,12.75,33.21,12.18,8.57,19.84
"NT","East Arnhem",136.793899536133,-14.0192241668701,0.38,2.17,2.96,24.76,15.99,45.19,5.51,4.34,7.67
"QLDNorth","Aurukun",141.489639282227,-13.9769620895386,0.38,2.52,3.79,19.82,13.13,34.99,4.7,3.83,6.21
"QLDNorth","Aurukun",141.517471313477,-14.0072603225708,0.38,2.52,3.76,19.52,12.97,34.32,4.78,3.89,6.32
"QLDNorth","Cook",143.684951782227,-14.0090351104736,0.38,2.3,2.58,371.46,164.96,1136.91,159.26,77.58,434.69
"WANorth","Wyndham-East Kimberley",126.018661499023,-13.9406747817993,0.38,4.56,5.99,101.03,54.41,235.35,4.49,3.65,5.96
"WANorth","Wyndham-East Kimberley",126.209922790527,-13.9621143341064,0.38,4.56,5.01,99.76,55.33,220.39,20.54,13.42,37.17
"WANorth","Wyndham-East Kimberley",126.43628692627,-13.981466293335,0.38,4.56,5.31,100.73,55.72,223.42,12.84,9,21.02
"WANorth","Wyndham-East Kimberley",126.494590759277,-13.9557723999023,0.38,4.57,5.43,97.05,54.2,212.07,10.27,7.47,15.95
"WANorth","Wyndham-East Kimberley",126.748107910156,-13.9697885513306,0.38,4.61,4.96,61.57,36.59,123.53,23.95,15.69,42.63
"WANorth","Wyndham-East Kimberley",127.454193115234,-13.9779281616211,0.38,4.46,5.18,532.44,242.93,1515.89,11.78,8.41,18.75
"NT","West Daly",129.725326538086,-13.9901609420776,0.38,4.42,4.82,169.2,88.21,405.04,29.41,18.56,55.38
"NT","Roper Gulf",135.945587158203,-13.9546432495117,0.38,2.28,2.47,14.18,9.82,23.57,10.47,7.5,16.66
"NT","East Arnhem",136.406616210938,-13.9645318984985,0.38,2.21,2.46,19.66,13.07,34.48,12.16,8.56,19.8
"NT","East Arnhem",136.852249145508,-13.9145517349243,0.38,2.16,2.8,26.84,17.14,49.7,6.94,5.29,10.11
"QLDNorth","Aurukun",141.467864990234,-13.9421710968018,0.38,2.52,3.75,20.04,13.25,35.46,4.9,3.97,6.53
"QLDNorth","Cook",143.621948242188,-13.9459381103516,0.38,2.23,2.85,400.59,175.69,1248.71,61.53,35,133.77
"WANorth","Wyndham-East Kimberley",126.073684692383,-13.9132490158081,0.38,4.56,4.89,104.23,56.28,241.11,31,18.94,61.86
"WANorth","Wyndham-East Kimberley",126.102348327637,-13.9015130996704,0.38,4.55,5.26,120.16,64.66,277.23,11.44,8.06,18.74
"WANorth","Wyndham-East Kimberley",126.156257629395,-13.9100437164307,0.38,4.56,4.96,108.16,59.21,243.43,26.94,16.87,51.77
"WANorth","Wyndham-East Kimberley",126.701133728027,-13.931342124939,0.38,4.59,5.22,71.38,41.52,147.54,13.23,9.31,21.46
"WANorth","Wyndham-East Kimberley",127.361793518066,-13.9075660705566,0.38,4.46,5.77,535.77,244.07,1529.02,5.28,4.18,7.32
"WANorth","Wyndham-East Kimberley",127.42244720459,-13.9399271011353,0.38,4.46,5.49,629.9,282.32,1833.92,7.72,5.79,11.54
"NT","West Daly",129.710052490234,-13.8956184387207,0.38,4.41,4.58,204.53,103.32,512.62,94.85,51.55,218.17
"NT","Roper Gulf",135.993499755859,-13.8954582214355,0.38,2.26,2.68,15.61,10.65,26.54,7.84,5.85,11.78
"NT","East Arnhem",136.345336914062,-13.8505373001099,0.38,2.21,3.01,19.84,13.11,35.19,6.25,4.82,8.99
"NT","East Arnhem",136.868759155273,-13.882004737854,0.38,2.16,2.85,26.91,17.18,49.92,6.69,5.12,9.7
"QLDNorth","Aurukun",141.463897705078,-13.8970031738281,0.38,2.52,4.58,19.84,13.15,35.03,3.33,2.84,4.11
"QLDNorth","Cook",143.606674194336,-13.9073543548584,0.38,2.23,2.84,406.39,178.22,1265.66,56.55,32.36,122.38
"WANorth","Wyndham-East Kimberley",126.756301879883,-13.8336124420166,0.38,4.59,4.88,71.96,42.03,147.57,27.11,17.69,48.25
"WANorth","Wyndham-East Kimberley",127.0849609375,-13.8453769683838,0.38,4.51,5.69,201.34,101.68,505.27,6.59,5.03,9.61
"WANorth","Wyndham-East Kimberley",127.163055419922,-13.8812484741211,0.38,4.51,6.04,209.82,105.62,528.4,4.64,3.74,6.25
"WANorth","Wyndham-East Kimberley",127.195587158203,-13.9027318954468,0.38,4.49,5.52,320.36,153.22,862.97,7.41,5.62,10.84
"WANorth","Wyndham-East Kimberley",127.261611938477,-13.8989562988281,0.38,4.48,5.28,392.9,184.3,1083.08,10.65,7.68,16.73
"WANorth","Wyndham-East Kimberley",127.329704284668,-13.9112453460693,0.38,4.47,5.53,435.76,203.48,1203.87,7.59,5.7,11.3
"NT","West Daly",129.714584350586,-13.8510875701904,0.38,4.4,4.97,222.16,110.73,567.68,18.59,12.5,32.08
"NT","Roper Gulf",136.021408081055,-13.8357791900635,0.38,2.25,2.48,16.79,11.31,29.09,9.9,7.2,15.39
"NT","East Arnhem",136.115585327148,-13.8337821960449,0.38,2.24,2.76,17.45,11.71,30.32,7.74,5.78,11.65
"NT","East Arnhem",136.152740478516,-13.8414268493652,0.38,2.24,2.77,17.27,11.63,29.87,7.5,5.63,11.21
"NT","East Arnhem",136.209655761719,-13.8589363098145,0.38,2.22,2.4,18.62,12.42,32.59,11.76,8.38,18.77
"NT","East Arnhem",136.263244628906,-13.8416576385498,0.38,2.2,2.74,20.65,13.56,36.98,7.13,5.41,10.46
"NT","East Arnhem",136.924163818359,-13.8113698959351,0.38,2.14,2.96,30.74,19.26,58.47,6.01,4.7,8.45
"QLDNorth","Aurukun",141.467193603516,-13.8500452041626,0.38,2.53,4.56,19.48,12.94,34.29,3.36,2.87,4.16
"QLDNorth","Cook",143.580123901367,-13.8419332504272,0.38,2.23,2.69,373.92,165.77,1147.65,83.17,45,194.72
"WANorth","Wyndham-East Kimberley",126.742919921875,-13.7974071502686,0.38,4.59,5.52,76.04,44.14,157.26,9.4,6.91,14.36
"WANorth","Wyndham-East Kimberley",127.049758911133,-13.8056221008301,0.38,4.55,5.74,117.96,63.43,272.86,6.74,5.11,9.96
"NT","West Daly",129.717864990234,-13.8392305374146,0.38,4.41,4.54,210.68,105.56,534.91,115.05,61.73,267.6
"NT","East Arnhem",136.287124633789,-13.7903299331665,0.38,2.19,2.85,21.69,14.13,39.27,6.5,4.98,9.42
"NT","East Arnhem",136.72135925293,-13.8025722503662,0.38,2.16,2.8,26.84,17.07,50.1,7.24,5.49,10.63
"NT","East Arnhem",136.806213378906,-13.8089094161987,0.38,2.16,2.96,27.13,17.24,50.67,6.13,4.75,8.71
"NT","East Arnhem",136.927230834961,-13.795804977417,0.38,2.13,2.9,31.03,19.36,59.45,6.39,4.95,9.08
"QLDNorth","Aurukun",141.476669311523,-13.7923936843872,0.38,2.53,4.53,18.77,12.54,32.75,3.41,2.9,4.24
"QLDNorth","Cook",143.563735961914,-13.8142957687378,0.38,2.23,2.8,385.81,170.96,1182.52,61.77,34.81,136.72
"WANorth","Wyndham-East Kimberley",126.795379638672,-13.7659044265747,0.38,4.56,5.52,101.26,55.88,225.49,7.67,5.82,11.19
"WANorth","Wyndham-East Kimberley",126.84765625,-13.7543077468872,0.38,4.58,4.87,85.63,48.58,183.2,28.48,18.25,52.21
"WANorth","Wyndham-East Kimberley",126.985702514648,-13.7518939971924,0.38,4.56,5.84,100.07,54.88,225.59,6.55,4.97,9.68
"NT","West Daly",129.780822753906,-13.7513618469238,0.38,4.41,4.86,208.91,104.83,529.21,24.91,16,45.87
"NT","East Arnhem",136.306167602539,-13.73899269104,0.38,2.16,2.91,25.83,16.44,48.34,6.05,4.7,8.58
"NT","East Arnhem",136.466705322266,-13.7519035339355,0.38,2.15,2.56,28.54,17.93,54.3,11.08,7.87,17.89
"NT","East Arnhem",136.734405517578,-13.7678565979004,0.38,2.15,2.59,27.84,17.63,52.29,9.37,6.88,14.33
"NT","East Arnhem",136.915512084961,-13.7706165313721,0.38,2.13,3.06,31.09,19.42,59.46,5.85,4.57,8.24
"QLDNorth","Aurukun",141.487823486328,-13.7472305297852,0.38,2.54,4.53,18.3,12.27,31.79,3.39,2.89,4.21
"QLDNorth","Cook",143.545227050781,-13.7256336212158,0.38,2.22,2.58,451.18,195.39,1428.38,122.46,63.15,305.48
"WANorth","Wyndham-East Kimberley",126.91707611084,-13.7416133880615,0.38,4.58,5.05,80.87,46.01,172.74,22.18,14.43,40.18
"WANorth","Wyndham-East Kimberley",126.945388793945,-13.7392282485962,0.38,4.6,6.06,69.93,40.62,145.11,5.6,4.34,8.05
"NT","West Daly",129.780227661133,-13.6986417770386,0.38,4.41,4.88,194.36,98.56,485.19,23.91,15.44,43.72
"NT","Roper Gulf",135.890579223633,-13.6950063705444,0.38,2.19,3.02,22.23,14.52,39.99,5.91,4.56,8.53
"NT","Roper Gulf",135.923812866211,-13.6842212677002,0.38,2.18,3.02,23.76,15.39,43.25,5.95,4.59,8.59
"NT","Roper Gulf",136.056793212891,-13.6940355300903,0.38,2.17,2.76,24.59,15.67,46.02,7.11,5.38,10.48
"NT","East Arnhem",136.121627807617,-13.7175912857056,0.38,2.16,2.9,26.53,16.77,50.19,6.5,4.96,9.47
"NT","East Arnhem",136.29817199707,-13.7048635482788,0.38,2.15,2.83,27.56,17.42,51.98,6.41,4.95,9.14
"NT","East Arnhem",136.528045654297,-13.6917581558228,0.38,2.13,2.86,30.94,19.25,59.63,7.18,5.42,10.64
"NT","East Arnhem",136.736801147461,-13.7012596130371,0.38,2.14,2.75,30.15,18.89,57.47,7.71,5.81,11.39
"NT","East Arnhem",136.840972900391,-13.7422332763672,0.38,2.15,3.08,28.88,18.2,54.57,6.25,4.82,8.96
"NT","East Arnhem",136.905517578125,-13.683892250061,0.38,2.13,2.93,33.08,20.56,63.56,7.2,5.44,10.65
"QLDNorth","Aurukun",141.496292114258,-13.7013731002808,0.38,2.54,4.44,17.86,12.01,30.9,3.53,2.99,4.43
"QLDNorth","Cook",143.547515869141,-13.6934080123901,0.38,2.22,2.99,463.76,200.2,1474.25,42.18,24.85,88.2
"NT","West Daly",129.785232543945,-13.6622085571289,0.38,4.41,4.9,212.69,106.13,543.73,22.3,14.54,40.27
"NT","Roper Gulf",135.901000976562,-13.657675743103,0.38,2.17,3.01,24.14,15.57,44.24,6.01,4.62,8.69
"NT","East Arnhem",136.211380004883,-13.6547632217407,0.38,2.15,2.77,27.88,17.57,52.86,6.94,5.31,10.08
"NT","East Arnhem",136.247131347656,-13.6674661636353,0.38,2.15,3.09,28.92,18.12,55.24,5.39,4.24,7.54
"NT","East Arnhem",136.631286621094,-13.6539487838745,0.38,2.13,2.88,32.41,20.06,62.86,6.93,5.28,10.11
"QLDNorth","Aurukun",141.500549316406,-13.6437864303589,0.38,2.55,4.03,17.62,11.85,30.45,4.21,3.48,5.47
"QLDNorth","Cook",143.552429199219,-13.6366357803345,0.38,2.22,2.41,467.96,202.19,1484.18,203.85,98.6,553.74
"NT","West Daly",129.814453125,-13.5995311737061,0.38,4.41,4.84,188.49,95.31,473.92,28.57,18,54.04
"NT","Roper Gulf",135.870178222656,-13.563102722168,0.38,2.18,2.75,23.62,15.2,43.53,7.37,5.54,11.01
"QLDNorth","Aurukun",141.509521484375,-13.6043281555176,0.38,2.55,4.05,17.17,11.59,29.56,4.17,3.45,5.41
"QLDNorth","Cook",143.572219848633,-13.5790777206421,0.38,2.22,3.02,516.25,220.69,1659.2,42,24.78,87.57
"NT","West Daly",129.821243286133,-13.5355777740479,0.38,4.42,4.63,185.09,93.72,464.65,71.6,40.06,159.01
"NT","Roper Gulf",135.869903564453,-13.5495548248291,0.38,2.18,2.82,23.86,15.34,44.03,6.65,5.08,9.7
"QLDNorth","Aurukun",141.527908325195,-13.5470037460327,0.38,2.56,4.04,16.25,11.05,27.73,4.18,3.45,5.44
"QLDNorth","Cook",143.588241577148,-13.5460176467896,0.38,2.21,2.96,554.65,235.19,1801,45.69,26.61,97.13
"NT","West Daly",129.850234985352,-13.5061693191528,0.38,4.42,4.88,163.82,83.95,405.41,23.24,15.14,41.9
"NT","West Daly",129.902450561523,-13.4935579299927,0.38,4.43,5.12,159.29,81.57,395.46,11.83,8.47,18.67
"NT","West Daly",129.940780639648,-13.5258026123047,0.38,4.42,4.67,160.81,82.16,400.64,53.99,31.81,110.96
"NT","West Daly",130.027862548828,-13.5131816864014,0.38,4.43,4.79,152.76,78.44,378.38,31.97,20.07,60.47
"NT","West Daly",130.057388305664,-13.4979190826416,0.38,4.43,4.79,151.39,77.89,373.81,31.59,19.84,59.73
"NT","Roper Gulf",135.865219116211,-13.4958066940308,0.38,2.18,2.82,23.93,15.34,44.4,6.68,5.09,9.76
"QLDNorth","Aurukun",141.570724487305,-13.4818162918091,0.38,2.58,3,15.1,10.36,25.44,8.93,6.61,13.54
"QLDNorth","Cook",143.5888671875,-13.4853553771973,0.38,2.21,2.9,543.71,232.37,1742.07,53.05,30.01,117.88
"NT","West Daly",130.10905456543,-13.4542531967163,0.38,4.43,4.59,153.81,79.06,380.06,80.8,45.25,177.67
"QLDNorth","Aurukun",141.59033203125,-13.4536457061768,0.38,2.58,2.99,15.05,10.33,25.34,9.01,6.65,13.69
"QLDNorth","Cook",143.600875854492,-13.4387683868408,0.38,2.21,2.94,595.02,251.9,1928.72,51.69,29.38,114.09
"NT","West Daly",130.180389404297,-13.402871131897,0.38,4.43,4.63,156.6,80.24,388.7,66.48,37.88,143.39
"QLDNorth","Aurukun",141.609786987305,-13.3996906280518,0.38,2.58,3.06,14.9,10.24,25.04,8.2,6.13,12.27
"QLDNorth","Lockhart River",143.600570678711,-13.4083948135376,0.38,2.21,2.61,605.78,255.91,1969.14,142.58,70.58,380.46
"QLDNorth","Lockhart River",143.567672729492,-13.3663196563721,0.38,2.21,2.5,598.34,253.51,1935.89,267.65,121.48,804.95
"NT","East Arnhem",135.911361694336,-13.2851896286011,0.38,2.15,2.79,27.61,17.22,53.4,9.97,7.12,16.07
"NT","East Arnhem",136.093765258789,-13.2874994277954,0.38,2.1,2.58,38.73,23.33,78.11,10.95,7.79,17.61
"NT","East Arnhem",136.160675048828,-13.2757520675659,0.38,2.1,2.53,39.77,23.9,80.39,11.74,8.28,19.1
"NT","East Arnhem",136.188018798828,-13.277271270752,0.38,2.09,2.52,42.67,25.4,87.4,11.68,8.26,18.9
"NT","East Arnhem",136.379623413086,-13.2866468429565,0.38,2.1,2.73,40.67,24.36,82.59,10.03,7.19,16.02
"NT","East Arnhem",136.388229370117,-13.2718229293823,0.38,2.1,2.64,41.07,24.57,83.55,10.18,7.31,16.2
"QLDNorth","Aurukun",141.660064697266,-13.3204278945923,0.38,2.58,3.05,14.92,10.25,25.11,8.35,6.22,12.53
"QLDNorth","Lockhart River",143.526992797852,-13.2824659347534,0.38,2.2,2.96,685.21,286.66,2249.46,68.93,37.59,161.19
"NT","Unincorporated NT",130.206604003906,-13.2379312515259,0.38,4.42,5.1,173.87,87.8,440.42,13.17,9.23,21.51
"NT","East Arnhem",136.249847412109,-13.2145385742188,0.38,2.07,2.6,49.15,28.63,103.85,11.69,8.22,19.16
"NT","East Arnhem",136.478103637695,-13.2370557785034,0.38,2.09,2.61,43.1,25.64,88.34,10.05,7.27,15.78
"QLDNorth","Cook",141.656646728516,-13.2088060379028,0.38,2.57,3.01,16.04,10.9,27.37,9.2,6.76,14.09
"QLDNorth","Lockhart River",143.523818969727,-13.2410411834717,0.38,2.2,2.78,697.9,291.55,2294.48,135.48,66.93,364.42
"NT","Unincorporated NT",130.160278320312,-13.1823720932007,0.38,4.42,4.61,173.71,87.41,442.9,66.6,38.21,141.77
"NT","East Arnhem",136.527069091797,-13.1586847305298,0.38,2.08,2.76,45.17,26.7,93.39,9.54,6.89,15.04
"QLDNorth","Cook",141.630081176758,-13.16588306427,0.38,2.55,2.99,16.93,11.43,29.16,9.61,7.02,14.85
"NT","Unincorporated NT",130.114105224609,-13.1344156265259,0.38,4.42,4.79,179.72,89.51,466.05,26.79,17.33,48.43
"NT","East Arnhem",136.537155151367,-13.1309747695923,0.38,2.08,2.77,45.43,26.88,93.67,9.61,6.94,15.2
"QLDNorth","Cook",141.620162963867,-13.124195098877,0.38,2.55,3.22,17.54,11.77,30.51,7.83,5.88,11.64
"QLDNorth","Lockhart River",143.518127441406,-13.1592617034912,0.38,2.2,3.34,794.28,326.81,2663.29,29.44,18.41,56.44
"NT","Unincorporated NT",130.114456176758,-13.0841131210327,0.38,4.42,4.81,185.02,91.6,484.34,24.5,16.05,43.55
"NT","East Arnhem",136.566558837891,-13.0734424591064,0.38,2.08,2.62,47.43,27.92,98.42,11.1,7.88,17.94
"QLDNorth","Cook",141.6103515625,-13.0873231887817,0.38,2.54,3.21,18.36,12.23,32.27,8.05,6.02,12.04
"QLDNorth","Lockhart River",143.515731811523,-13.0599708557129,0.38,2.2,3.17,827.63,338.3,2801.6,45.78,27.12,94.14
"NT","Unincorporated NT",130.122955322266,-13.0372858047485,0.38,4.41,4.81,190.42,93.75,502.63,24.58,16.08,43.81
"NT","East Arnhem",136.57878112793,-13.0233087539673,0.38,2.67,3.21,49.33,28.89,103.08,12.35,8.61,20.49
"QLDNorth","Cook",141.586227416992,-13.0197448730469,0.38,2.51,4.08,20.71,13.57,37.23,4.44,3.62,5.89
"QLDNorth","Lockhart River",143.51904296875,-13.0131874084473,0.38,2.2,2.82,822.12,336.1,2783.38,167.66,81.55,457.09
"NT","Unincorporated NT",130.12239074707,-12.9755773544312,0.38,4.41,4.55,197.38,96.58,525.78,101.99,54.45,241.36
"QLDNorth","Cook",141.588531494141,-12.9803609848022,0.38,2.51,3.68,20.94,13.69,37.79,5.69,4.47,7.94
"QLDNorth","Lockhart River",143.517974853516,-12.9657983779907,0.38,2.2,2.92,858.05,348.56,2931.38,120.43,62.09,300.92
"NT","Unincorporated NT",130.135223388672,-12.9322748184204,0.38,4.41,4.55,191.18,93.92,506.55,102,54.45,241.42
"NT","East Arnhem",136.641296386719,-12.9444522857666,0.38,2.64,3.38,64.03,35.96,142.25,9.83,7.07,15.64
"QLDNorth","Cook",141.600860595703,-12.9469728469849,0.38,2.51,4.42,21.16,13.8,38.29,3.92,3.25,5.09
"QLDNorth","Lockhart River",143.529708862305,-12.8848037719727,0.38,2.2,3.07,847.23,345.72,2872.61,71.69,40.18,158.62
"NT","Unincorporated NT",130.171524047852,-12.906626701355,0.38,4.42,4.79,184.76,91.02,488.13,26.92,17.32,49.15
"NT","Unincorporated NT",130.196426391602,-12.9086303710938,0.38,4.42,5.12,168.72,83.96,440.16,10.39,7.61,15.88
"NT","Unincorporated NT",130.296234130859,-12.9128503799438,0.38,4.42,5.46,168.13,83.62,439.26,6.57,5.1,9.28
"NT","Unincorporated NT",130.328811645508,-12.8758211135864,0.38,4.43,5.84,150.55,76.57,379.94,4.67,3.8,6.2
"NT","East Arnhem",136.557159423828,-12.8782138824463,0.38,2.64,3.21,60.16,34.18,131.35,11.61,8.16,19.08
"QLDNorth","Cook",141.638122558594,-12.9087953567505,0.38,2.51,4.08,20.71,13.54,37.34,4.55,3.69,6.07
"QLDNorth","Lockhart River",143.539016723633,-12.8579549789429,0.38,2.19,3.08,875.44,356.08,2979.76,69.03,39,150.86
"NT","Unincorporated NT",130.34684753418,-12.8370552062988,0.38,4.42,5.86,162.69,81.61,419.14,4.61,3.75,6.1
"NT","East Arnhem",136.584808349609,-12.8217754364014,0.38,2.65,3.15,59.5,33.91,129.25,12.57,8.76,20.86
"QLDNorth","Cook",141.722412109375,-12.8567161560059,0.38,2.53,3.48,19.25,12.71,34.28,6.47,4.99,9.28
"QLDNorth","Lockhart River",143.435653686523,-12.8476600646973,0.38,2.2,3.18,736.89,310.1,2381.68,52.53,30.67,109.99
"QLDNorth","Lockhart River",143.455703735352,-12.8457956314087,0.38,2.2,3.18,751.13,314.8,2443.2,53.55,31.16,112.71
"QLDNorth","Lockhart River",143.529418945312,-12.8364248275757,0.38,2.2,2.98,720.29,302.3,2342.95,113.77,59.27,279.8
"NT","Unincorporated NT",130.347030639648,-12.7727603912354,0.38,4.42,4.79,161.88,81.35,415.8,26.24,16.92,47.81
"NT","East Arnhem",136.627563476562,-12.7711372375488,0.38,2.62,3.08,78.77,42.88,183,13.76,9.5,23.07
"QLDNorth","Aurukun",141.76823425293,-12.7761564254761,0.38,2.53,3.49,18.86,12.49,33.44,6.22,4.82,8.85
"QLDNorth","Lockhart River",143.409057617188,-12.7623558044434,0.38,2.2,2.33,770.97,321.9,2520.8,1700.53,637.11,6454.43
"NT","Unincorporated NT",130.343002319336,-12.7198734283447,0.38,4.42,5.18,162.91,81.83,418.6,9.62,7.11,14.51
"NT","East Arnhem",136.684844970703,-12.7146396636963,0.38,2.61,3.21,87.86,47.08,208.65,11.79,8.27,19.37
"QLDNorth","Aurukun",141.782638549805,-12.7518548965454,0.38,2.53,3.5,18.58,12.34,32.84,6.14,4.77,8.71
"QLDNorth","Cook",143.39924621582,-12.7117786407471,0.38,2.2,2.7,811.19,335.1,2696.18,377.78,170.22,1123.72
"NT","Unincorporated NT",130.332962036133,-12.6523551940918,0.38,4.42,5.06,167.77,83.95,433.37,11.91,8.56,18.65
"NT","East Arnhem",136.700820922852,-12.7017507553101,0.38,2.6,3.15,95.48,50.6,230.23,11.95,8.38,19.66
"QLDNorth","Cook",143.423385620117,-12.6772890090942,0.38,2.2,2.35,824.44,339.15,2758.73,1647.22,614.94,6306.53
"NT","Unincorporated NT",130.377838134766,-12.6138553619385,0.38,4.43,4.6,146.22,74.9,364.91,59,34.13,124.65
"NT","Unincorporated NT",130.419662475586,-12.6096591949463,0.38,4.45,4.51,116.15,62.3,270.13,82.64,46.29,181.39
"NT","Unincorporated NT",130.484481811523,-12.6222324371338,0.38,4.45,4.51,119.01,63.73,277.18,84.38,47.17,185.61
"NT","East Arnhem",136.719665527344,-12.6018924713135,0.38,2.59,3.23,102.58,53.91,249.98,10.93,7.75,17.74
"QLDNorth","Cook",141.622665405273,-12.5852575302124,0.38,2.49,3.33,23.22,14.99,42.58,7.19,5.47,10.5
"QLDNorth","Napranum",141.674560546875,-12.5665149688721,0.38,2.49,3.15,22.93,14.81,42.07,8.92,6.58,13.59
"QLDNorth","Napranum",141.770690917969,-12.5717830657959,0.38,2.51,3.77,20.53,13.45,36.92,4.98,3.99,6.76
"QLDNorth","Napranum",141.81477355957,-12.6042404174805,0.38,2.53,3.52,19.13,12.66,33.92,6.07,4.73,8.58
"QLDNorth","Cook",143.452697753906,-12.6201343536377,0.38,2.2,3.11,806.63,332.71,2689.57,61.93,35.41,133.29
"NT","Unincorporated NT",130.523040771484,-12.5665369033813,0.38,4.46,4.83,100.34,55.16,225.15,22.88,15,40.78
"NT","East Arnhem",136.779830932617,-12.5793428421021,0.38,2.59,3.56,114.44,59.25,284.69,8.34,6.11,12.97
"QLDNorth","Napranum",141.583908081055,-12.562424659729,0.38,2.48,3.54,25.03,15.99,46.59,6.06,4.72,8.55
"NT","Unincorporated NT",130.521713256836,-12.5568056106567,0.38,4.46,4.56,101.82,55.85,229.21,60.52,35.38,125.24
"NT","East Arnhem",136.790542602539,-12.5159950256348,0.38,2.59,3.41,115.44,59.73,287.42,9.57,6.87,15.28
"QLDNorth","Napranum",141.599563598633,-12.5275497436523,0.38,2.5,3.54,22.6,14.61,41.42,6.04,4.7,8.54
"QLDNorth","Cook",143.351959228516,-12.5580320358276,0.38,2.2,2.98,801.29,331.11,2664.07,102.3,54.39,243.94
"NT","Unincorporated NT",130.579360961914,-12.4699602127075,0.38,4.46,5.04,100.97,55.3,228.04,14.41,10.04,23.66
"NT","East Arnhem",136.007431030273,-12.4501485824585,0.38,2.66,3.07,51.03,29.56,108.68,11.44,8.05,18.72
"NT","East Arnhem",136.043746948242,-12.4668569564819,0.38,2.66,3.07,51.21,29.67,109,11.49,8.09,18.8
"NT","East Arnhem",136.096862792969,-12.4541425704956,0.38,2.67,3.11,48.8,28.44,103.1,10.47,7.5,16.68
"NT","East Arnhem",136.16194152832,-12.4605350494385,0.38,2.68,3.1,45.43,26.75,94.56,10.99,7.87,17.5
"NT","East Arnhem",136.208679199219,-12.4597396850586,0.38,2.68,3.1,43.82,25.94,90.51,10.75,7.72,16.99
"NT","East Arnhem",136.842422485352,-12.4660263061523,0.38,2.58,3.05,131.18,67.01,331.56,15.33,10.37,26.5
"QLDNorth","Napranum",141.621734619141,-12.4828300476074,0.38,2.5,4.13,21.89,14.21,39.86,4.23,3.46,5.57
"QLDNorth","Cook",143.280548095703,-12.4559621810913,0.38,2.2,2.74,828.54,341.89,2755.73,186.21,91.11,498.12
"NT","Unincorporated NT",130.574981689453,-12.4141578674316,0.38,4.46,4.55,101.92,55.77,230.46,64.28,37.28,134.48
"NT","Unincorporated NT",130.737930297852,-12.4244041442871,0.38,4.48,4.75,81.08,46.55,170.37,31.93,20.07,60.22
"NT","East Arnhem",136.007141113281,-12.4255781173706,0.38,2.66,3.07,51.12,29.62,108.81,11.39,8.02,18.63
"NT","East Arnhem",136.269180297852,-12.4234352111816,0.38,2.68,3.11,43.8,25.98,90.11,10.65,7.67,16.76
"NT","East Arnhem",136.891830444336,-12.411304473877,0.38,2.6,3.16,100.47,53.47,239.39,11.93,8.33,19.78
"QLDNorth","Napranum",141.647598266602,-12.4201831817627,0.38,2.5,4.07,22.08,14.32,40.29,4.41,3.59,5.85
"QLDNorth","Cook",143.277847290039,-12.4190196990967,0.38,2.2,2.76,824.34,340.31,2740.42,156.44,78.54,403.47
"NT","Unincorporated NT",130.635986328125,-12.3838605880737,0.38,4.47,4.58,85.66,48.93,181.05,62.02,35.94,130.19
"NT","Unincorporated NT",130.667068481445,-12.3975095748901,0.38,4.48,4.57,77.12,44.8,159.14,54.75,33.04,107.6
"NT","Darwin",130.817459106445,-12.4013233184814,0.38,4.49,4.63,74.34,43.22,153.45,44.79,27.19,88.1
"NT","East Arnhem",135.99885559082,-12.3609342575073,0.38,2.65,2.94,54.79,31.46,117.98,15.58,10.55,26.87
"NT","East Arnhem",136.310104370117,-12.3572044372559,0.38,2.68,3.1,45.4,26.85,93.69,10.73,7.73,16.9
"NT","East Arnhem",136.953399658203,-12.3545627593994,0.38,2.61,3.77,81.43,44.54,187.01,5.55,4.37,7.73
"QLDNorth","Napranum",141.668304443359,-12.3724431991577,0.38,2.5,4.22,22.52,14.55,41.33,4.16,3.41,5.45
"QLDNorth","Cook",143.267303466797,-12.3943920135498,0.38,2.2,3.06,836.4,343.91,2798.59,50.84,29.65,106.88
"NT","Darwin",130.900207519531,-12.3259315490723,0.38,4.47,4.56,89.38,50.69,190.84,54.14,33.04,104.35
"NT","Litchfield",130.947967529297,-12.3396530151367,0.38,4.47,4.56,90.35,51.09,193.84,53.25,32.49,102.75
"NT","Unincorporated NT",132.011322021484,-12.290732383728,0.38,4.38,5.09,325.63,150.05,938.24,16.27,11.07,27.7
"NT","East Arnhem",136.320724487305,-12.3121032714844,0.38,2.67,3.09,48.01,28.19,100.06,11.12,7.96,17.62
"NT","East Arnhem",136.937927246094,-12.3128938674927,0.38,2.61,3.55,89.86,48.59,209.46,6.76,5.2,9.73
"QLDNorth","Napranum",141.679977416992,-12.3266019821167,0.38,2.5,4.2,22.64,14.61,41.66,4.22,3.46,5.55
"QLDNorth","Cook",143.083145141602,-12.314151763916,0.38,2.2,2.36,739.17,309.54,2410.26,854.69,346.23,2935.82
"QLDNorth","Cook",143.162658691406,-12.3421659469604,0.38,2.2,2.88,762.25,317.05,2511.75,87.64,47.21,206.1
"QLDNorth","Cook",143.197570800781,-12.3469867706299,0.38,2.2,2.69,802.09,331.11,2671.32,176.32,87.31,462.89
"QLDNorth","Cook",143.218353271484,-12.3574123382568,0.38,2.2,2.69,813.48,335.63,2709.54,183.76,90.18,489.31
"NT","Litchfield",130.999145507812,-12.2127170562744,0.38,4.46,4.6,96.97,54.38,210.34,64.13,36.97,135.67
"NT","Unincorporated NT",131.4208984375,-12.2685308456421,0.38,4.4,4.92,222.03,107.38,599.76,23.89,15.07,45.75
"NT","Unincorporated NT",131.472625732422,-12.2777271270752,0.38,4.41,4.92,208.24,101.91,552.57,23.42,14.85,44.46
"NT","Unincorporated NT",131.535339355469,-12.2733945846558,0.38,4.4,4.99,220.26,106.74,593.01,19.01,12.54,33.94
"NT","Unincorporated NT",131.577728271484,-12.2796277999878,0.38,4.4,4.99,257.06,121.51,717.57,19.04,12.56,34
"NT","Unincorporated NT",131.631881713867,-12.2783536911011,0.38,4.38,4.99,346.52,156.39,1033.74,19.36,12.75,34.63
"NT","Unincorporated NT",131.682693481445,-12.2791233062744,0.38,4.38,5.01,351.77,158.48,1051.75,18.24,12.15,32.04
"NT","Unincorporated NT",131.736846923828,-12.2702016830444,0.38,4.39,5.79,271.69,127.8,762.5,5.66,4.44,7.93
"NT","Unincorporated NT",131.78694152832,-12.2552947998047,0.38,4.39,5.99,283.32,131.99,807.34,4.82,3.9,6.45
"NT","Unincorporated NT",131.943099975586,-12.2689266204834,0.38,4.38,5.07,313.78,146.37,885.88,16.79,11.39,28.7
"NT","West Arnhem",132.108551025391,-12.2662086486816,0.38,4.38,5.1,343.33,156.86,1001.59,15.92,10.87,26.97
"NT","East Arnhem",135.691482543945,-12.2486267089844,0.38,2.68,3.23,43.72,25.71,91.53,7.83,5.8,11.98
"NT","East Arnhem",135.742370605469,-12.2635383605957,0.38,2.67,3.22,47.24,27.55,99.87,8.14,6.01,12.51
"NT","East Arnhem",135.998382568359,-12.260082244873,0.38,2.66,2.82,51.53,29.73,110.49,22.47,14.49,41.4
"NT","East Arnhem",136.234939575195,-12.2211036682129,0.38,2.65,2.94,55.91,32.13,120.12,16.65,11.35,28.2
"NT","East Arnhem",136.256134033203,-12.2178087234497,0.38,2.65,3.07,55.04,31.71,117.8,12.05,8.53,19.46
"NT","East Arnhem",136.341003417969,-12.2645406723022,0.38,2.67,3.08,49.07,28.79,102.22,11.46,8.18,18.25
"NT","East Arnhem",136.929595947266,-12.2793607711792,0.38,2.61,3.56,87.26,47.43,201.81,6.95,5.3,10.09
"QLDNorth","Napranum",141.701065063477,-12.2661838531494,0.38,2.5,4.07,22.16,14.32,40.68,4.52,3.68,6.02
"QLDNorth","Cook",143.099166870117,-12.2576332092285,0.38,2.2,2.54,721.49,303.39,2338.27,354.49,160.27,1052.27
"NT","Litchfield",130.989242553711,-12.1898794174194,0.38,4.46,4.59,103.29,57.42,226.73,70.6,40.12,152.35
"NT","Unincorporated NT",131.348663330078,-12.2170190811157,0.38,4.4,5.06,248.62,117.8,692.54,14.61,9.96,24.95
"NT","Unincorporated NT",131.858276367188,-12.2237243652344,0.38,4.4,5.16,241.19,115.72,657.52,13,9.15,21.07
"NT","Unincorporated NT",131.896331787109,-12.2106943130493,0.38,4.39,5.13,299.09,139.68,845.28,14.36,9.96,23.78
"NT","West Arnhem",132.162353515625,-12.21364402771,0.38,4.38,5.16,338.55,156.45,967.79,20.13,13.32,35.56
"NT","East Arnhem",135.002471923828,-12.2035093307495,0.38,2.67,3.17,47.31,27.81,98.52,11.68,8.18,19.3
"NT","East Arnhem",135.035659790039,-12.2280006408691,0.38,2.69,3.18,41.24,24.83,82.87,11.15,7.87,18.21
"NT","East Arnhem",135.105743408203,-12.2389240264893,0.38,2.69,3.15,40.83,24.52,82.51,11.22,7.92,18.32
"NT","East Arnhem",135.218414306641,-12.1919298171997,0.38,2.66,3.24,49.8,29.16,104.09,10.33,7.36,16.66
"NT","East Arnhem",135.662689208984,-12.2106456756592,0.38,2.68,3.24,42.76,25.11,89.89,7.71,5.71,11.78
"NT","East Arnhem",135.787216186523,-12.2126140594482,0.38,2.67,3.27,48.52,28.21,102.94,7.54,5.62,11.41
"NT","East Arnhem",136.014984130859,-12.2320241928101,0.38,2.66,3.07,54.03,31.02,116.54,11.27,7.97,18.32
"NT","East Arnhem",136.150787353516,-12.1998643875122,0.38,2.64,3.08,59.67,33.89,130.43,12.21,8.61,19.83
"NT","East Arnhem",136.623153686523,-12.2152996063232,0.38,2.62,3.57,80.39,43.92,185.21,6,4.68,8.48
"NT","East Arnhem",136.877563476562,-12.2180404663086,0.38,2.62,3.84,76.07,42.15,171.34,5.55,4.34,7.85
"QLDNorth","Napranum",141.713638305664,-12.2316465377808,0.38,2.5,4.04,22.68,14.61,41.83,4.64,3.76,6.21
"QLDNorth","Cook",143.099227905273,-12.2135963439941,0.38,2.2,2.36,687.95,291.56,2204.29,830.6,336.97,2850.54
"NT","Litchfield",130.992370605469,-12.1579141616821,0.38,4.51,5.16,59.81,35.23,122.15,12.84,9.13,20.44
"NT","Litchfield",131.153396606445,-12.1661376953125,0.38,4.42,4.68,168.15,85.66,420.02,59.59,33.87,130.14
"NT","Unincorporated NT",131.233428955078,-12.1843738555908,0.38,4.42,4.49,183.43,92.82,461.27,115.44,62.26,265.85
"NT","Unincorporated NT",131.357284545898,-12.1176900863647,0.38,4.4,4.92,257.29,121.81,716.06,23.46,14.89,44.45
"NT","West Arnhem",132.228332519531,-12.1744031906128,0.38,4.37,4.55,411.06,184.61,1223.31,221.12,104.31,626.21
"NT","West Arnhem",132.27033996582,-12.1444568634033,0.38,4.37,4.5,416.82,188.48,1223.89,320.64,143.7,974.85
"NT","West Arnhem",132.337219238281,-12.1548480987549,0.38,4.37,4.68,452.68,203.27,1339.22,130.54,65.3,343.62
"NT","West Arnhem",132.359786987305,-12.1572351455688,0.38,4.33,5.05,1259.52,506.57,4278.48,20.21,13.34,35.89
"NT","West Arnhem",132.430633544922,-12.1582050323486,0.38,4.34,4.94,789.54,335.59,2495.26,29.3,18.42,55.58
"NT","East Arnhem",134.950958251953,-12.1458263397217,0.38,2.63,3.14,68.25,38.09,152.73,13.3,9.15,22.53
"NT","East Arnhem",135.274459838867,-12.1687259674072,0.38,2.68,3.09,45.3,26.92,92.7,12.74,8.87,21.12
"NT","East Arnhem",135.686782836914,-12.1477298736572,0.38,2.68,3.23,42.78,25.13,89.87,7.77,5.75,11.88
"NT","East Arnhem",135.699523925781,-12.1348676681519,0.38,2.68,3.04,43.51,25.51,91.66,11.15,7.85,18.31
"NT","East Arnhem",135.855804443359,-12.1677484512329,0.38,2.67,3.22,48.49,28.25,102.57,8.19,6.05,12.55
"NT","East Arnhem",135.897903442383,-12.1618242263794,0.38,2.67,3.27,46.2,27.1,96.74,7.53,5.62,11.36
"NT","East Arnhem",135.946105957031,-12.149995803833,0.38,2.67,3.32,47.44,27.8,99.36,7.2,5.4,10.81
"NT","East Arnhem",136.159606933594,-12.1591968536377,0.38,2.67,3.04,46.86,27.63,97.06,12.86,9,21.1
"NT","East Arnhem",136.60107421875,-12.1814622879028,0.38,2.61,3.64,83.12,45.14,193.17,5.52,4.33,7.72
"NT","East Arnhem",136.733840942383,-12.1676731109619,0.38,2.61,3.51,84.56,45.97,195.94,7.05,5.37,10.29
"NT","East Arnhem",136.786148071289,-12.1561899185181,0.38,2.63,3.27,69.26,38.56,155.55,10.16,7.35,15.91
"NT","East Arnhem",136.828033447266,-12.1474151611328,0.38,2.63,3.43,70.65,39.56,156.73,8.42,6.2,12.95
"QLDNorth","Mapoon",141.757308959961,-12.1580944061279,0.38,2.51,3.38,21.21,13.79,38.64,7.09,5.41,10.29
"QLDNorth","Cook",143.101211547852,-12.1522407531738,0.38,2.21,2.32,616.06,265.56,1926.83,749.68,309.61,2505.89
"NT","Unincorporated NT",131.005920410156,-12.1143760681152,0.38,4.43,5.06,148.67,78.5,350.56,16.95,11.68,28.1
"NT","Unincorporated NT",131.092559814453,-12.0813102722168,0.38,4.41,4.7,210.42,102.97,557.99,56.07,32.5,118.45
"NT","Unincorporated NT",131.246597290039,-12.1323003768921,0.38,4.41,4.67,194.47,97.62,494.55,82.91,44.72,195.32
"NT","Unincorporated NT",131.364242553711,-12.101393699646,0.38,4.39,4.89,272.55,128.24,764.4,23.69,15.09,44.51
"NT","West Arnhem",132.488006591797,-12.1299524307251,0.38,4.35,4.94,646.06,280.64,1986.69,29.32,18.41,55.73
"NT","West Arnhem",132.530609130859,-12.1093482971191,0.38,4.34,4.95,907.29,378.43,2942.56,28.21,17.86,52.95
"NT","East Arnhem",134.950317382812,-12.1034984588623,0.38,2.62,3.12,77.98,42.77,178.71,14.18,9.66,24.35
"NT","East Arnhem",135.318801879883,-12.110463142395,0.38,2.66,2.86,49.76,29.3,102.87,24,15.38,44.51
"NT","East Arnhem",135.761627197266,-12.0824356079102,0.38,2.68,3.13,44.63,26.12,94.16,9.33,6.74,14.76
"NT","East Arnhem",136.12760925293,-12.083664894104,0.38,2.66,3.1,52.18,30.32,110.29,11.48,8.16,18.46
"NT","East Arnhem",136.58869934082,-12.1013021469116,0.38,2.61,3.43,85.09,45.96,199.5,6.7,5.1,9.8
"QLDNorth","Mapoon",141.770416259766,-12.1294441223145,0.38,2.52,3.39,20.34,13.31,36.73,6.97,5.34,10.06
"QLDNorth","Cook",143.139129638672,-12.0931539535522,0.38,2.21,2.64,596.56,258.18,1856.06,173.99,85.94,459.38
"NT","Unincorporated NT",131.270263671875,-12.0644159317017,0.38,4.41,5.13,217.41,108.28,557,17.04,11.45,29.58
"NT","Unincorporated NT",131.307174682617,-12.0514507293701,0.38,4.38,5.08,315.4,146.18,900.88,15.57,10.46,27.27
"NT","West Arnhem",132.623382568359,-12.0515365600586,0.38,4.36,4.48,578.65,258.67,1700.62,270.98,127.05,765.32
"NT","West Arnhem",134.370147705078,-12.0470180511475,0.38,2.57,3.73,143.24,71.3,377.93,6.43,4.86,9.59
"NT","West Arnhem",134.421295166016,-12.060338973999,0.38,2.58,3.13,130.79,65.92,339.26,13.53,9.23,23.26
"NT","West Arnhem",134.468276977539,-12.0629529953003,0.38,2.58,3.13,119.48,60.94,304.97,13.34,9.12,22.85
"NT","West Arnhem",134.524398803711,-12.0610952377319,0.38,2.59,3.43,109.87,56.63,276.49,8.86,6.42,13.98
"NT","West Arnhem",134.58024597168,-12.052583694458,0.38,2.59,3.42,104.91,54.39,262.07,9.13,6.6,14.43
"NT","East Arnhem",135.373519897461,-12.0797023773193,0.38,2.66,2.86,49.82,29.39,102.65,24.28,15.56,45.03
"NT","East Arnhem",135.420715332031,-12.078875541687,0.38,2.66,2.89,52.42,30.57,109.94,21.98,14.27,40.04
"NT","East Arnhem",135.498672485352,-12.0264129638672,0.38,2.65,3.03,54.33,31.57,114.47,15.21,10.45,25.54
"NT","East Arnhem",135.816177368164,-12.0222206115723,0.38,2.68,2.92,45.4,26.55,95.76,15.75,10.57,27.63
"NT","East Arnhem",136.111434936523,-12.0630779266357,0.38,2.64,3.16,64.27,36.01,143.41,10.6,7.61,16.84
"NT","East Arnhem",136.56086730957,-12.0609130859375,0.38,2.61,3.63,81.96,44.44,191.26,5.5,4.29,7.8
"QLDNorth","Mapoon",141.803771972656,-12.0563097000122,0.38,2.52,3.42,19.55,12.87,34.99,6.75,5.21,9.65
"QLDNorth","Cook",143.156799316406,-12.0544710159302,0.38,2.21,2.34,595.65,257.72,1854.16,675.18,282.45,2218.9
"NT","West Arnhem",132.620742797852,-11.9969520568848,0.38,4.37,4.49,448.9,203.81,1302.16,263.64,123.47,747.61
"NT","West Arnhem",134.184463500977,-11.9982357025146,0.38,2.56,3.06,159.56,78.12,431.2,17.38,11.32,32.03
"NT","West Arnhem",134.250152587891,-12.0107345581055,0.38,2.56,2.82,158.8,77.68,430.01,36.06,21.18,76.88
"NT","West Arnhem",134.316650390625,-12.0093860626221,0.38,2.56,2.84,159.21,78.31,426.49,31.67,19.25,63.72
"NT","West Arnhem",134.649963378906,-12.0148496627808,0.38,2.59,3.47,109.68,56.41,277.26,8.81,6.42,13.78
"NT","East Arnhem",134.843780517578,-12.0023307800293,0.38,2.58,3.43,119.32,61.72,296.47,8.56,6.34,13
"NT","East Arnhem",134.901092529297,-12.0129470825195,0.38,2.59,3.04,102.72,54.36,247.07,15.23,10.49,25.46
"NT","East Arnhem",135.511871337891,-12.0182876586914,0.38,2.65,3.03,54.34,31.59,114.43,15.28,10.49,25.66
"NT","East Arnhem",135.835510253906,-12.0029325485229,0.38,2.67,2.92,46.47,27.09,98.48,15.74,10.56,27.58
"NT","East Arnhem",136.157913208008,-12.0233201980591,0.38,2.67,3.04,46.84,27.67,96.7,12.87,8.99,21.23
"NT","East Arnhem",136.545349121094,-12.0239019393921,0.38,2.61,3.32,81.72,44.26,191.22,7.86,5.79,12.16
"QLDNorth","Mapoon",141.819412231445,-12.0283946990967,0.38,2.53,3.34,18.92,12.51,33.63,7.29,5.57,10.53
"QLDNorth","Cook",143.176895141602,-12.0172853469849,0.38,2.21,2.27,583.13,252.58,1814.02,799.7,331.11,2649.3
"NT","Tiwi Islands",130.948303222656,-11.9423351287842,0.38,4.42,4.52,171.06,89.16,409.42,147.28,76.03,362.05
"NT","Tiwi Islands",130.982147216797,-11.933723449707,0.38,4.4,4.83,239.46,115.09,651.02,32.04,19.85,62.07
"NT","West Arnhem",132.631072998047,-11.9484176635742,0.38,4.36,4.48,495.4,222.63,1455.39,264.06,124.99,733.87
"NT","West Arnhem",134.210144042969,-11.9517621994019,0.38,2.55,3.13,187.64,90.93,510.92,15.65,10.35,28.25
"NT","West Arnhem",134.68896484375,-11.9589719772339,0.38,2.57,3.27,140.44,70.48,365.33,11.63,8.18,19.05
"NT","West Arnhem",134.740509033203,-11.9548368453979,0.38,2.57,3.12,138.33,69.58,358.67,13.94,9.62,23.36
"NT","East Arnhem",134.776611328125,-11.9581813812256,0.38,2.56,3.16,154.84,77.1,406.01,12.95,9.07,21.24
"NT","East Arnhem",135.581314086914,-11.9595603942871,0.38,2.65,3.32,57.55,33.31,121.68,8.6,6.4,12.92
"NT","East Arnhem",135.61979675293,-11.9580116271973,0.38,2.65,3.21,55.38,32.28,115.89,9.9,7.23,15.26
"NT","East Arnhem",136.275833129883,-11.9708499908447,0.38,2.65,3.09,56.86,32.73,121.58,13,9.08,21.37
"NT","East Arnhem",136.313903808594,-11.9524831771851,0.38,2.64,2.97,60.78,34.68,131.54,17.17,11.57,29.65
"NT","East Arnhem",136.343872070312,-11.947639465332,0.38,2.64,2.9,65.15,36.77,143.24,20.04,13.26,35.41
"NT","East Arnhem",136.528594970703,-11.9510841369629,0.38,2.61,3.12,81.65,44.13,191.84,11.47,7.98,19.2
"QLDNorth","Mapoon",141.865600585938,-11.9639463424683,0.38,2.55,3.15,17.55,11.74,30.72,8.14,6.12,12.01
"QLDNorth","Mapoon",141.897277832031,-11.9500980377197,0.38,2.56,3.18,16.55,11.15,28.69,7.63,5.8,11.11
"QLDNorth","Cook",143.157455444336,-11.9466142654419,0.38,2.2,2.51,724.75,302.51,2380.57,248.22,118.03,686.81
"NT","Tiwi Islands",130.504669189453,-11.8403720855713,0.38,4.44,4.57,125.83,66.89,296.02,63.65,36.97,132.85
"NT","Tiwi Islands",130.807876586914,-11.8504104614258,0.38,4.49,4.58,74.77,43.71,152.85,51.45,31.51,98.81
"NT","Tiwi Islands",130.874359130859,-11.8713722229004,0.38,4.48,4.57,81.99,47.26,170.91,58.56,35.29,114.88
"NT","Tiwi Islands",130.89582824707,-11.8893566131592,0.38,4.47,4.61,84.68,48.58,177.68,50.11,30.59,96.95
"NT","Tiwi Islands",131.043060302734,-11.8865613937378,0.38,4.41,4.59,207.47,101.35,552.47,82.29,45.54,184.76
"NT","West Arnhem",132.639907836914,-11.9028997421265,0.38,4.36,4.48,497.4,222.17,1477.24,235.45,113.49,637.42
"NT","West Arnhem",133.896774291992,-11.9072465896606,0.38,2.57,2.97,145.27,73.88,367.51,23.35,14.69,44.98
"NT","West Arnhem",133.951324462891,-11.9031887054443,0.38,2.56,3.47,155.31,78.33,397.37,9.6,6.83,15.63
"NT","West Arnhem",134.137069702148,-11.9051790237427,0.38,2.54,3.39,216.8,103.79,597.87,10.57,7.44,17.46
"NT","East Arnhem",135.756454467773,-11.911205291748,0.38,2.65,2.96,54.71,32.01,113.78,16.97,11.51,28.98
"NT","East Arnhem",135.790130615234,-11.9003629684448,0.38,2.66,3.06,53.72,31.47,111.59,12.77,9.03,20.56
"NT","East Arnhem",136.375,-11.9009981155396,0.38,2.63,3.46,67,37.8,147.17,8.47,6.23,13.02
"NT","East Arnhem",136.528915405273,-11.9165210723877,0.38,2.61,2.99,83.12,45.3,191.9,17.32,11.62,30.16
"QLDNorth","Mapoon",141.884399414062,-11.946722984314,0.38,2.55,3.17,16.98,11.4,29.56,7.81,5.92,11.43
"QLDNorth","Cook",142.948287963867,-11.8973693847656,0.38,2.2,2.5,726.65,298.25,2462.33,208.32,102.24,549.8
"QLDNorth","Cook",142.998092651367,-11.9294691085815,0.38,2.2,2.58,737.35,302.23,2502.46,181.86,90.63,470.7
"QLDNorth","Cook",143.058807373047,-11.9179401397705,0.38,2.2,2.55,809.39,328.37,2782.57,201.59,99.26,530.01
"QLDNorth","Cook",143.106872558594,-11.8990879058838,0.38,2.2,2.51,782.38,321.32,2635.01,268.28,127.13,743.3
"NT","Tiwi Islands",130.048980712891,-11.8261213302612,0.38,4.39,5.16,287.84,137.98,777.2,13.79,9.64,22.6
"NT","Tiwi Islands",130.108581542969,-11.8302373886108,0.38,4.4,4.71,249.53,120.39,671.86,49.58,29.15,102.89
"NT","Tiwi Islands",130.145629882812,-11.8264837265015,0.38,4.38,4.62,313.41,145.67,890.9,77.98,43.18,175.49
"NT","Tiwi Islands",130.204071044922,-11.8116674423218,0.38,4.41,4.59,209.44,102.43,556.21,81.65,45.17,183.52
"NT","Tiwi Islands",130.259338378906,-11.7950744628906,0.38,4.41,4.59,202.32,99.19,536.03,71,40.2,154.3
"NT","Tiwi Islands",130.300674438477,-11.7818832397461,0.38,4.41,4.56,195.09,96.12,513.46,85.78,47.44,192.24
"NT","Tiwi Islands",130.386657714844,-11.8054189682007,0.38,4.42,4.55,175.52,88.04,449.93,84.08,46.89,185.82
"NT","Tiwi Islands",130.427810668945,-11.8165292739868,0.38,4.43,4.56,157.07,80.24,392.04,71.38,40.79,152.38
"NT","Tiwi Islands",130.578720092773,-11.8289165496826,0.38,4.45,4.57,109.38,59.6,248.07,59.09,34.87,120.38
"NT","Tiwi Islands",130.612777709961,-11.8281364440918,0.38,4.47,4.59,92.27,51.64,201.4,48.33,29.45,94.02
"NT","Tiwi Islands",130.671371459961,-11.8170099258423,0.38,4.48,4.99,80.05,45.91,168.61,17.14,11.6,29.39
"NT","Tiwi Islands",130.750625610352,-11.8247766494751,0.38,4.48,4.59,80.42,46.12,169.35,47.15,29.04,90.13
"NT","Tiwi Islands",131.106369018555,-11.8367681503296,0.38,4.4,4.44,219.83,107.2,585.14,176.19,88.16,453.58
"NT","Tiwi Islands",131.143173217773,-11.8116655349731,0.38,4.42,4.45,183.98,92.26,470.36,149.86,77.03,370.95
"NT","West Arnhem",132.636825561523,-11.8432168960571,0.38,4.35,5.01,641.16,274.83,2021.03,19.6,13.29,33.12
"NT","West Arnhem",133.895065307617,-11.8185167312622,0.38,2.57,2.91,141.28,71.96,357.08,28.29,17.29,56.86
"NT","West Arnhem",134.007934570312,-11.8538293838501,0.38,2.56,2.89,160.2,80.88,408.16,32.84,19.64,68.02
"NT","West Arnhem",134.056777954102,-11.8575630187988,0.38,2.55,2.88,185.6,91.65,488.04,33.78,20.11,70.48
"NT","West Arnhem",134.068252563477,-11.8719110488892,0.38,2.55,2.88,194,94.97,517,33.02,19.71,68.65
"NT","East Arnhem",136.417495727539,-11.8494110107422,0.38,2.61,3.62,81.53,44.61,187.1,7.16,5.4,10.65
"NT","East Arnhem",136.486282348633,-11.8582954406738,0.38,2.63,3.12,71.52,39.41,163.5,10.79,7.57,17.87
"QLDNorth","Cook",141.949020385742,-11.8594808578491,0.38,2.55,3.06,17.08,11.45,29.82,8.62,6.45,12.85
"QLDNorth","Cook",142.928421020508,-11.8899345397949,0.38,2.2,2.5,719.41,295.16,2441.3,196.96,97.39,514.56
"NT","Tiwi Islands",130.022125244141,-11.793194770813,0.38,4.38,5.77,318.03,150.57,873.01,5.85,4.63,8.04
"NT","Tiwi Islands",131.195007324219,-11.7888441085815,0.38,4.4,4.45,224.92,109.9,595.58,216.02,103.67,593.17
"NT","Tiwi Islands",131.240982055664,-11.7524433135986,0.38,4.4,4.43,247.59,118.7,674.77,251.35,117.79,714.27
"NT","West Arnhem",132.578628540039,-11.7922096252441,0.38,4.37,5,400.26,185.65,1124.7,19.72,13.37,33.33
"NT","West Arnhem",133.577560424805,-11.8029184341431,0.38,4.39,5.02,283.77,132.25,807.93,20.37,13.17,37.65
"NT","West Arnhem",133.653747558594,-11.8069162368774,0.38,4.39,5.11,291.06,134.87,836.18,15.83,10.57,28.01
"NT","West Arnhem",133.939819335938,-11.7774648666382,0.38,2.56,2.94,161.51,81.67,410.07,26.75,16.47,53.2
"QLDNorth","Cook",141.964004516602,-11.8045377731323,0.38,2.55,3.05,17.57,11.73,30.85,8.73,6.52,13.03
"QLDNorth","Cook",142.860336303711,-11.7837772369385,0.38,2.2,2.48,718.66,296.53,2413.08,237.18,115.24,632.3
"NT","Tiwi Islands",130.024185180664,-11.762095451355,0.38,4.37,4.93,413.34,183.4,1257.72,20.3,13.45,35.79
"NT","Tiwi Islands",131.293151855469,-11.7301988601685,0.38,4.39,4.44,292.44,136.57,827.79,255.26,118.77,734.48
"NT","West Arnhem",132.543960571289,-11.7247705459595,0.38,4.37,5,395.95,183.6,1113.93,19.16,13.06,32.14
"NT","West Arnhem",133.370880126953,-11.7535991668701,0.38,4.38,4.84,311.48,144.14,892.96,31.72,19.27,63.89
"NT","West Arnhem",133.417953491211,-11.7414617538452,0.38,4.38,4.54,334.38,152.3,982.81,133.5,65.84,360.74
"NT","West Arnhem",133.479400634766,-11.77942943573,0.38,4.38,4.74,316.55,145.27,920.79,45.41,26.35,97.26
"NT","West Arnhem",133.531616210938,-11.7553157806396,0.38,4.38,4.55,317.34,145.63,923,122.08,60.64,327.73
"NT","West Arnhem",133.672592163086,-11.7725067138672,0.38,4.39,4.92,281.92,131.68,799.7,25.33,15.72,49.8
"NT","West Arnhem",133.738784790039,-11.7747716903687,0.38,2.53,3.09,263.12,124.16,735.73,22.3,14.06,42.99
"NT","West Arnhem",133.928909301758,-11.7508583068848,0.38,2.57,3.19,145.15,74.95,356.99,15.33,10.19,27.46
"QLDNorth","Cook",141.98078918457,-11.7673273086548,0.38,2.54,3.05,17.81,11.86,31.36,8.8,6.56,13.15
"QLDNorth","Cook",142.865814208984,-11.7535581588745,0.38,2.51,2.85,702.66,291.27,2342.74,172.96,87.95,432.7
"NT","Tiwi Islands",130.065078735352,-11.6915130615234,0.38,4.37,5.45,442.38,192.74,1386.5,8.13,6.16,11.87
"NT","Tiwi Islands",131.341598510742,-11.6812562942505,0.38,4.39,4.77,310.5,143.42,893.52,37.93,22.37,79.8
"NT","West Arnhem",132.489288330078,-11.6818885803223,0.38,4.38,4.48,376.81,175.2,1057.99,208.12,103.24,538.58
"NT","West Arnhem",133.152313232422,-11.6975011825562,0.38,4.42,4.69,172.38,89.02,419.31,40.82,24.35,83.51
"NT","West Arnhem",133.199630737305,-11.7201299667358,0.38,4.42,4.84,178.66,91.56,439.73,25.48,16.2,47.78
"NT","West Arnhem",133.273788452148,-11.7158880233765,0.38,4.42,5.16,185.23,94.45,459.11,13.26,9.23,21.94
"NT","West Arnhem",133.319244384766,-11.6946496963501,0.38,4.41,4.98,188.94,96.39,467.37,18.3,12.02,33.03
"NT","West Arnhem",133.797073364258,-11.7242794036865,0.38,2.54,3.8,218.39,105.89,587.74,7.53,5.63,11.32
"NT","West Arnhem",133.842254638672,-11.7227993011475,0.38,2.56,3.8,169.6,85.41,432.55,7.35,5.51,11.02
"NT","West Arnhem",133.917892456055,-11.7371520996094,0.38,2.56,3.2,152.46,78.18,378.63,17.18,11.23,31.51
"NT","East Arnhem",136.2080078125,-11.6966419219971,0.38,2.64,3,59.82,34.07,130.03,15.7,10.59,27.25
"NT","East Arnhem",136.257858276367,-11.6989812850952,0.38,2.62,3.38,80.47,44.1,184.29,9.22,6.71,14.36
"QLDNorth","Cook",142.005126953125,-11.7086973190308,0.38,2.54,3.06,18.45,12.22,32.78,8.99,6.69,13.46
"QLDNorth","Cook",142.867462158203,-11.6918067932129,0.38,2.52,2.86,668.15,279.6,2195.97,162.48,82.91,405.47
"NT","Tiwi Islands",130.095092773438,-11.669285774231,0.38,4.37,5.14,391.12,172.44,1209.13,12.58,8.92,20.17
"NT","Tiwi Islands",130.187530517578,-11.6419429779053,0.38,4.37,4.77,387.34,170.48,1202.27,34.87,21.38,68.51
"NT","Tiwi Islands",131.36328125,-11.63694190979,0.38,4.38,4.75,345.8,157.13,1018.68,43.37,25.1,93.67
"NT","Tiwi Islands",131.425994873047,-11.6168279647827,0.38,4.37,4.46,396.29,177.12,1192.92,232.98,110.07,655.52
"NT","West Arnhem",132.486053466797,-11.6637868881226,0.38,4.37,4.48,433.34,197.57,1250.27,222.86,109.41,585.28
"NT","West Arnhem",133.131576538086,-11.656457901001,0.38,4.42,4.74,170.09,88.13,411.67,33.26,20.55,64.59
"NT","East Arnhem",136.146011352539,-11.65256690979,0.38,2.61,3.07,87.4,47.48,202.29,15.83,10.81,26.82
"NT","East Arnhem",136.329177856445,-11.6450710296631,0.38,2.61,3.44,86.72,47.18,200.32,8.05,5.96,12.31
"QLDNorth","Cook",142.021499633789,-11.6523866653442,0.38,2.53,2.93,18.85,12.44,33.64,10.63,7.7,16.54
"QLDNorth","Cook",142.864364624023,-11.6457834243774,0.38,2.52,2.89,603.56,257.2,1930.77,108,57.77,253.64
"NT","Tiwi Islands",130.177734375,-11.5661220550537,0.38,4.38,4.55,365.73,162.76,1116.03,158.05,76.88,432.86
"NT","Tiwi Islands",131.474838256836,-11.591402053833,0.38,4.38,4.72,344.97,157.43,1008.1,41.51,24.43,87.09
"NT","West Arnhem",132.535293579102,-11.5826101303101,0.38,4.35,4.97,625.53,276.11,1872.24,20.36,13.73,34.71
"NT","West Arnhem",133.107482910156,-11.6077547073364,0.38,4.42,4.76,174.54,90.09,424.65,33.71,20.86,65.24
"NT","East Arnhem",136.166854858398,-11.6174325942993,0.38,2.62,3.24,76.68,43.13,167.79,11.27,8.09,17.79
"NT","East Arnhem",136.295028686523,-11.5613565444946,0.38,2.61,2.79,84.82,47.18,188.24,33.21,20.75,63.15
"QLDNorth","Cook",142.02815246582,-11.6156911849976,0.38,2.94,3.3,19.04,12.55,34.03,11.61,8.3,18.42
"QLDNorth","Cook",142.85791015625,-11.5837736129761,0.38,2.52,2.96,552.56,238.93,1730.28,79.5,44.27,176.82
"NT","Tiwi Islands",130.175399780273,-11.5458192825317,0.38,4.37,4.98,416.73,181.51,1312.52,17.86,12.03,30.78
"NT","Tiwi Islands",131.528823852539,-11.4797439575195,0.38,4.38,4.74,331.98,153,954.99,41.29,24.46,85.57
"NT","West Arnhem",132.061462402344,-11.5261945724487,0.38,4.36,4.56,548.29,238.35,1701.03,129.28,68.3,307.08
"NT","West Arnhem",132.103866577148,-11.5351600646973,0.38,4.36,4.46,477.28,212.29,1432.15,319.55,148.8,904.13
"NT","West Arnhem",132.143127441406,-11.5230531692505,0.38,4.37,4.46,410.59,183,1239.5,217.72,106.57,575.8
"NT","West Arnhem",132.500518798828,-11.5184679031372,0.38,4.37,4.66,437.56,202.14,1231.96,75.63,42.76,164.08
"NT","West Arnhem",132.523147583008,-11.5400514602661,0.38,4.37,4.66,441.4,204.98,1230.65,72.64,41.37,155.88
"NT","West Arnhem",133.083114624023,-11.5242862701416,0.38,4.42,4.8,170.88,88.43,414.32,32.39,20.21,61.88
"NT","East Arnhem",136.244705200195,-11.5727081298828,0.38,2.61,3.74,83.98,46.75,186.2,7.06,5.39,10.24
"QLDNorth","Cook",142.047119140625,-11.5551748275757,0.38,2.94,3.29,19.35,12.74,34.68,11.89,8.48,18.93
"QLDNorth","Cook",142.848205566406,-11.5669078826904,0.38,2.53,3.05,535.16,232.88,1659.71,60.64,35.04,128.18
"NT","Tiwi Islands",130.161422729492,-11.4907732009888,0.38,4.37,5.05,401.77,176.42,1249.26,15.88,10.87,26.75
"NT","West Arnhem",132.029327392578,-11.4781379699707,0.38,4.35,4.71,605.63,259,1924.13,57.75,33.84,119.34
"NT","West Arnhem",132.208831787109,-11.4825410842896,0.38,4.35,4.43,645.07,276.56,2031.81,303.39,144.06,830.79
"NT","West Arnhem",132.270492553711,-11.4668083190918,0.38,4.36,4.64,572.63,250.99,1745.05,87.14,48.55,192.48
"NT","West Arnhem",132.31298828125,-11.4683017730713,0.38,4.36,4.6,549.83,243.02,1654.29,102.04,56.02,229.26
"NT","West Arnhem",132.383819580078,-11.4549140930176,0.38,4.36,4.49,490.73,220.8,1439.24,194.78,98.75,486.41
"NT","West Arnhem",132.426971435547,-11.4597721099854,0.38,4.36,4.48,492.74,223.2,1427.36,218.33,108.07,565.55
"NT","West Arnhem",133.073486328125,-11.5122003555298,0.38,4.42,4.81,171.38,88.69,415.5,32.15,20.11,61.13
"QLDNorth","Cook",142.073867797852,-11.4911956787109,0.38,2.93,3.33,20,13.09,36.11,11.16,8.04,17.51
"QLDNorth","Cook",142.845962524414,-11.4972276687622,0.38,2.53,3.09,456.42,204.17,1359.12,55.17,32.37,114.04
"NT","Tiwi Islands",130.16975402832,-11.4444332122803,0.38,4.35,5.99,642.52,261.69,2228.94,5.27,4.21,7.17
"NT","Tiwi Islands",131.536544799805,-11.436595916748,0.38,4.38,4.83,355.96,162.7,1035.08,29.53,18.52,56.25
"NT","West Arnhem",131.9990234375,-11.4327774047852,0.38,4.35,4.87,625.3,266.4,1996.57,29.78,18.99,54.9
"NT","West Arnhem",132.640228271484,-11.4434223175049,0.38,4.4,4.96,258.92,127.13,673.62,39.42,23.92,78.26
"NT","West Arnhem",132.780090332031,-11.4485273361206,0.38,4.39,4.92,290.15,140.74,766.47,26.82,17.08,49.91
"NT","West Arnhem",133.023818969727,-11.4552783966064,0.38,4.42,4.95,168.29,87.28,406.83,35.49,21.58,70.77
"QLDNorth","Cook",142.083679199219,-11.4627676010132,0.38,2.93,3.33,20.33,13.27,36.83,11.2,8.07,17.57
"QLDNorth","Cook",142.857482910156,-11.4085350036621,0.38,2.54,2.95,411.82,186.68,1204.63,96,52.36,219.2
"NT","Tiwi Islands",130.230453491211,-11.3935594558716,0.38,4.35,6.02,681.94,282.98,2273.76,5.04,4.05,6.81
"NT","Tiwi Islands",131.521224975586,-11.3907089233398,0.38,4.38,5.41,312.71,144.72,896.22,9.84,7.13,15.38
"NT","West Arnhem",131.914978027344,-11.3621482849121,0.38,4.36,4.95,554.96,239.82,1739.43,22.75,14.94,40.43
"NT","West Arnhem",131.947036743164,-11.3853130340576,0.38,4.36,4.95,553.43,238.32,1746.21,22.48,14.8,39.8
"NT","West Arnhem",132.613983154297,-11.3998851776123,0.38,4.39,4.84,260.24,126.79,686.44,43.66,26.33,87.08
"NT","West Arnhem",132.787384033203,-11.3777360916138,0.38,4.4,4.99,256.1,126.22,662.13,24.99,15.99,46.37
"NT","West Arnhem",132.997406005859,-11.4216756820679,0.38,4.42,4.87,178.84,91.86,438.37,37.01,22.73,72.14
"NT","East Arnhem",136.597122192383,-11.4216785430908,0.38,2.6,3.32,92.03,49.22,218.62,9.7,7.01,15.28
"NT","East Arnhem",136.640731811523,-11.3713369369507,0.38,2.61,3.37,89.84,48.49,210.13,10.7,7.57,17.46
"QLDNorth","Cook",142.103149414062,-11.401725769043,0.38,2.92,3.15,20.92,13.6,38.17,14.43,9.98,24.03
"QLDNorth","Cook",142.872909545898,-11.3809547424316,0.38,2.54,3.13,403.51,182.69,1184.43,56.92,33.54,116.54
"NT","Tiwi Islands",130.261825561523,-11.3385334014893,0.38,4.35,5.32,683.35,279.16,2346.36,10.47,7.6,16.23
"NT","Tiwi Islands",130.316619873047,-11.3294315338135,0.38,4.35,5.07,635.18,259.91,2185.69,14.78,10.24,24.51
"NT","Tiwi Islands",130.640731811523,-11.3504152297974,0.38,4.35,4.9,587.89,253.63,1841.33,31.94,19.56,63.31
"NT","Tiwi Islands",130.66682434082,-11.3222599029541,0.38,4.36,5.12,552.28,240.66,1705.04,18.16,12.02,32.34
"NT","Tiwi Islands",130.746994018555,-11.371994972229,0.38,4.36,4.92,534.74,235.1,1627.39,29.51,18.22,57.92
"NT","Tiwi Islands",130.799591064453,-11.3583660125732,0.38,4.36,5.02,495.62,221.08,1475.8,20.6,13.43,37.39
"NT","Tiwi Islands",130.853012084961,-11.3462705612183,0.38,4.36,4.9,470.05,211.75,1379.25,28.33,17.63,54.91
"NT","Tiwi Islands",131.466506958008,-11.3359422683716,0.38,4.37,5.06,377.93,169.47,1134.4,19.9,13.09,35.59
"NT","West Arnhem",131.836776733398,-11.317587852478,0.38,4.36,4.95,474.13,210.32,1430.3,27,17.38,49.26
"NT","West Arnhem",132.599029541016,-11.3259267807007,0.38,4.39,4.79,267.33,129.59,710.41,42.19,25.62,83.27
"NT","West Arnhem",132.863540649414,-11.3349733352661,0.38,4.4,4.79,232.38,116.61,584.99,39.23,24.18,75.71
"NT","West Arnhem",132.894546508789,-11.3347940444946,0.38,4.4,4.79,232.17,115.79,591,38.46,23.71,74.24
"NT","West Arnhem",132.923782348633,-11.3376379013062,0.38,4.41,4.9,203.62,102.75,511.4,38.87,23.58,77.3
"NT","East Arnhem",136.546264648438,-11.3306303024292,0.38,2.63,3.14,66.33,38.13,140.77,14,9.76,23
"NT","East Arnhem",136.668273925781,-11.3229780197144,0.38,2.59,2.94,108.3,57.17,260.75,21.89,14.11,40.41
"QLDNorth","Cook",142.11637878418,-11.3324689865112,0.38,2.76,3.1,21.54,13.95,39.47,12.49,8.85,20.09
"QLDNorth","Cook",142.866561889648,-11.3505191802979,0.38,2.54,3.01,356.45,163.55,1029.03,84.26,47.04,185.82
"NT","Tiwi Islands",130.331573486328,-11.3181953430176,0.38,4.35,5.07,659.82,268.9,2281.83,14.75,10.22,24.42
"NT","Tiwi Islands",130.604202270508,-11.2962017059326,0.38,4.36,4.83,552.94,240.97,1706.69,42.59,25.18,88.39
"NT","Tiwi Islands",130.89421081543,-11.3064479827881,0.38,4.37,5.21,451.01,205.22,1302.81,14.33,9.83,24.24
"NT","Tiwi Islands",130.929824829102,-11.3132572174072,0.38,4.37,4.81,439.6,200.82,1262.64,43.41,25.42,91.61
"NT","Tiwi Islands",131.039672851562,-11.3159465789795,0.38,4.36,5.38,480.34,216.81,1402.52,10.77,7.71,17.14
"NT","Tiwi Islands",131.068801879883,-11.3014717102051,0.38,4.36,5.39,511.52,228.6,1515.08,10.47,7.54,16.53
"NT","Tiwi Islands",131.445999145508,-11.2863349914551,0.38,4.38,5.6,335.13,153.83,970.64,8.4,6.27,12.57
"NT","West Arnhem",131.79248046875,-11.2772884368896,0.38,4.37,6.23,394.41,176.41,1186.03,4.22,3.47,5.5
"NT","West Arnhem",132.623947143555,-11.2838859558105,0.38,4.39,5.18,280.14,135.18,748.58,23.62,15.16,43.78
"NT","East Arnhem",136.548950195312,-11.2743463516235,0.38,2.57,3.59,151.33,78.1,371.59,8.17,6.14,12.13
"NT","East Arnhem",136.685302734375,-11.2800846099854,0.38,2.6,3.26,101.52,53.9,242.79,14.95,10.06,26.17
"QLDNorth","Cook",142.119735717773,-11.2773599624634,0.38,2.76,3.09,21.77,14.09,39.94,12.77,9.01,20.65
"QLDNorth","Cook",142.825485229492,-11.2893285751343,0.38,2.55,3.13,312.25,145.54,883.17,56.19,33.4,113.28
"NT","Tiwi Islands",130.358932495117,-11.2424116134644,0.38,4.35,5.21,662.59,271.52,2266.66,12.08,8.6,19.26
"NT","Tiwi Islands",130.491439819336,-11.2524118423462,0.38,4.36,5.46,544.75,236.32,1697.26,13.02,9.04,21.69
"NT","Tiwi Islands",130.565307617188,-11.2675523757935,0.38,4.36,4.76,520,228.16,1591.26,59.2,33.65,129.28
"NT","Tiwi Islands",131.117950439453,-11.2520942687988,0.38,4.36,5.1,524.21,233.43,1560.49,18.4,12.23,32.46
"NT","Tiwi Islands",131.151779174805,-11.246729850769,0.38,4.35,5.31,585.82,256.05,1791.95,12.55,8.82,20.46
"NT","Tiwi Islands",131.356216430664,-11.2465591430664,0.38,4.36,5.37,492.34,217.37,1494.56,14.49,9.99,24.26
"NT","Tiwi Islands",131.412414550781,-11.2522840499878,0.38,4.39,5.62,288.32,136.36,797.88,9.48,6.93,14.63
"NT","West Arnhem",131.811859130859,-11.2258338928223,0.38,4.36,4.8,487.96,211.68,1531.47,42.49,25.07,88.59
"NT","West Arnhem",132.621826171875,-11.2328500747681,0.38,4.39,4.68,274.51,133.26,726.5,48.15,28.71,97.49
NA,"East Arnhem",136.545593261719,-11.2220897674561,0.38,2.56,3.73,163.14,83.53,404.47,7.43,5.64,10.86
"NT","East Arnhem",136.631530761719,-11.1951751708984,0.38,2.62,3.18,73.83,42.02,158.43,14.89,10.29,24.75
"QLDNorth","Cook",142.114303588867,-11.2349643707275,0.38,2.76,3.38,21.96,14.21,40.26,8.86,6.61,13.19
"QLDNorth","Cook",142.792556762695,-11.2303142547607,0.38,2.55,3.09,309.41,144.2,875.85,61.81,36.39,126.12
"NT","Tiwi Islands",130.368423461914,-11.1777906417847,0.38,4.37,5.19,415.18,189.04,1203.93,12.67,8.97,20.37
"NT","Tiwi Islands",130.446243286133,-11.1971912384033,0.38,4.36,5.53,518.47,225.59,1611.68,12.05,8.5,19.59
"NT","Tiwi Islands",131.247192382812,-11.1940431594849,0.38,4.35,5.59,706.72,303.68,2204.38,8.61,6.44,12.82
"NT","Tiwi Islands",131.261795043945,-11.1898603439331,0.38,4.35,6.03,626.88,272.18,1932.88,5.68,4.49,7.84
"NT","Tiwi Islands",131.299652099609,-11.2015371322632,0.38,4.36,5.47,535.06,233.57,1649.8,12.2,8.62,19.76
"NT","West Arnhem",131.825469970703,-11.2042093276978,0.38,4.36,6.54,540.23,229.03,1758.13,3.71,3.09,4.75
"NT","West Arnhem",131.895614624023,-11.1854572296143,0.38,4.37,6.21,399.44,178.44,1202.84,4.3,3.52,5.68
"NT","West Arnhem",131.960083007812,-11.1784086227417,0.38,4.37,5.96,413.45,184.51,1244.55,5.04,4.03,6.86
"NT","West Arnhem",132.432769775391,-11.2089195251465,0.38,4.38,5.05,348.33,161.14,991.94,18.67,12.28,33.6
"NT","West Arnhem",132.481201171875,-11.1749544143677,0.38,4.38,4.87,351.62,162.17,1006.36,26.06,16.26,50.61
"NT","West Arnhem",132.62825012207,-11.178165435791,0.38,4.38,4.79,341.11,160.37,944.31,36.8,22.52,72.3
"QLDNorth","Northern Peninsula Area",142.139755249023,-11.1726818084717,0.38,2.77,3.08,20.9,13.68,37.63,13.37,9.34,21.97
"QLDNorth","Cook",142.804824829102,-11.16344165802,0.38,2.55,3.08,298.27,139.81,837.34,64.59,37.87,132.39
"NT","Tiwi Islands",130.380508422852,-11.1629219055176,0.38,4.35,5.57,589,252.81,1862.11,10.59,7.6,16.79
"NT","Tiwi Islands",130.402770996094,-11.1618366241455,0.38,4.36,5.42,469.69,206.86,1436.8,13.98,9.69,23.24
"NT","West Arnhem",132.001861572266,-11.1261157989502,0.38,4.37,5.66,445.95,197.05,1360.6,6.48,5,9.27
"NT","West Arnhem",132.022277832031,-11.146276473999,0.38,4.36,5.5,502.71,218.21,1572.85,7.51,5.67,11.08
"NT","West Arnhem",132.134811401367,-11.1272020339966,0.38,4.36,5.4,520.53,227.12,1609.25,9.39,6.86,14.55
"NT","West Arnhem",132.160491943359,-11.1263208389282,0.38,4.36,5.47,514.46,225.7,1575.7,8.77,6.48,13.38
"NT","West Arnhem",132.192352294922,-11.1309881210327,0.38,4.36,5.47,503.76,222.04,1531.82,8.77,6.47,13.39
"NT","West Arnhem",132.287612915039,-11.1635417938232,0.38,4.37,5.8,412.87,187.12,1207.88,6.7,5.14,9.67
"NT","West Arnhem",132.327835083008,-11.1182298660278,0.38,4.37,5.61,455.23,204.6,1344.07,8.53,6.32,12.93
"NT","West Arnhem",132.35627746582,-11.1436605453491,0.38,4.37,5.8,416.68,189.32,1212.66,7.24,5.49,10.61
"NT","West Arnhem",132.478958129883,-11.1468286514282,0.38,4.38,5.84,321.37,150.41,900.42,7.03,5.36,10.25
"NT","West Arnhem",132.615158081055,-11.129017829895,0.38,4.38,5.02,332.35,156.9,914.58,43.21,25.85,87.59
"QLDNorth","Northern Peninsula Area",142.14453125,-11.1362314224243,0.38,2.77,3.08,20.8,13.63,37.37,13.33,9.31,21.92
"QLDNorth","Cook",142.804168701172,-11.1530590057373,0.38,2.56,3.08,287.91,135.8,800.74,64.18,37.74,130.94
"NT","West Arnhem",132.472778320312,-11.0708351135254,0.38,4.37,4.99,418.63,190.32,1216.68,22.42,14.37,41.78
"NT","West Arnhem",132.603607177734,-11.0717344284058,0.38,4.38,4.88,350.46,163.44,982.9,51.93,30.95,104.73
"QLDNorth","Northern Peninsula Area",142.138977050781,-11.0583038330078,0.38,2.76,3.54,22.14,14.38,40.26,7.4,5.66,10.69
"QLDNorth","Cook",142.794006347656,-11.0856399536133,0.38,2.55,3.21,316.39,147.1,898.24,55.98,33.39,112.17
"NT","West Arnhem",132.465347290039,-11.0247783660889,0.38,4.36,5.44,516.18,230.67,1528.25,11.77,8.34,18.99
"NT","West Arnhem",132.588653564453,-11.0156278610229,0.38,4.37,4.86,397.88,181.87,1148.53,70.85,40.4,151.91
"QLDNorth","Northern Peninsula Area",142.106628417969,-11.0066871643066,0.38,2.75,3.53,23.06,14.94,42.04,7.55,5.75,10.96
"QLDNorth","Cook",142.767959594727,-11.0458612442017,0.38,2.55,3.04,347.93,159.56,1006.96,72.65,41.98,151.85
"NT","West Arnhem",132.552230834961,-10.9911222457886,0.38,4.36,5.73,481.73,218.06,1399.13,8.18,6.12,12.22
"NT","West Arnhem",132.580017089844,-10.9708738327026,0.38,4.36,6,481.75,214.43,1442.83,6.24,4.87,8.78
"QLDNorth","Torres",142.747802734375,-10.9939432144165,0.38,2.54,2.94,400.63,180.25,1190.34,99.94,55.18,222.56
"QLDNorth","Torres",142.163955688477,-10.9213438034058,0.38,2.71,2.94,29.44,18.67,54.93,15.61,10.78,25.92
"QLDNorth","Northern Peninsula Area",142.257568359375,-10.9082870483398,0.38,2.69,3.49,33.2,20.67,63.57,6.57,5.13,9.22
"QLDNorth","Northern Peninsula Area",142.328857421875,-10.8887453079224,0.38,2.73,3.34,37.82,23.05,74.74,8.03,6.1,11.68
"QLDNorth","Torres",142.614593505859,-10.8843431472778,0.38,2.54,3.07,396.32,179.46,1164.39,81.81,46.01,178.31
"QLDNorth","Northern Peninsula Area",142.351898193359,-10.843563079834,0.38,2.73,3.37,37.14,22.78,72.57,7.85,5.98,11.37
"QLDNorth","Northern Peninsula Area",142.582778930664,-10.7971954345703,0.38,2.53,2.7,434.55,193.53,1308.71,215.01,104.19,579.88
"QLDNorth","Torres",142.220672607422,-10.7488708496094,0.38,2.71,3.13,29.85,19.07,54.88,10.72,7.83,16.45
"QLDNorth","Torres",142.267517089844,-10.7293510437012,0.38,2.69,2.9,33.89,21.1,64.78,17.19,11.71,29.07
"QLDNorth","Torres",142.382995605469,-10.7556619644165,0.38,2.7,3.32,48.24,28.02,102.6,7.51,5.73,10.87
"QLDNorth","Torres",142.619384765625,-10.7508888244629,0.38,2.54,2.79,407.73,182.78,1218.16,158.72,80.73,399.1
"QLDNorth","Torres",142.309005737305,-10.7149000167847,0.38,2.68,3.03,57.42,32.34,127.98,15.2,10.37,25.89
"QLDNorth","Torres",142.383987426758,-10.7199859619141,0.38,2.73,3.66,37.31,22.28,76.75,5.39,4.29,7.35
"QLDNorth","Torres",142.31086730957,-10.6337766647339,0.38,2.66,2.84,67.64,38.72,144.48,69.66,37.8,164.38
"QLDNorth","Torres",142.407257080078,-10.7049655914307,0.38,2.63,3.27,94.17,51.28,215.96,16.91,11.33,29.58
"QLDNorth","Torres",142.471893310547,-10.712628364563,0.38,2.63,3.65,93.07,50.78,212.8,7.58,5.69,11.28
"QLDNorth","Torres",142.525588989258,-10.6800050735474,0.38,2.65,2.87,79.87,44.56,176.92,32.09,19.89,62.15
"QLDNorth","Torres",142.587768554688,-10.7096462249756,0.38,2.64,3.16,87.87,48.8,195.16,15.8,10.68,27.29
"QLDNorth","Torres",142.314498901367,-10.5469722747803,0.38,2.63,3.29,97.65,52.96,224.99,59.78,33.43,134.65
"QLDNorth","Torres",142.284072875977,-10.5262041091919,0.38,2.63,3.53,95.72,51.03,228.19,11.05,8.02,17.1
"QLDNorth","Torres Strait Island",142.221115112305,-10.2406320571899,0.38,2.62,3.53,129.2,64.79,338.8,9.56,7.12,14.21
"QLDNorth","Torres Strait Island",142.277725219727,-10.2656869888306,0.38,2.66,3.14,75.11,41,174.14,32,19.58,63.53
"QLDNorth","Torres Strait Island",142.28288269043,-10.2629451751709,0.38,2.67,3.11,73.57,40.46,168.48,43.36,25.53,90.62
"QLDNorth","Torres Strait Island",142.336441040039,-10.2043075561523,0.38,2.64,3.43,103.37,55.67,240.42,155.23,76.13,418.97
"QLDNorth","Torres Strait Island",142.126220703125,-10.1826858520508,0.38,2.7,3.46,53.72,32.27,106.57,9.81,7.29,14.63
"QLDNorth","Torres",142.147506713867,-10.1988859176636,0.38,2.69,3.03,58.22,34.33,118.86,15.92,11.03,26.24
"QLDNorth","Torres Strait Island",142.348922729492,-10.1783800125122,0.38,2.63,3.45,114.48,61.09,269.06,147.96,73.27,393.44
"QLDNorth","Torres Strait Island",142.08576965332,-10.1318025588989,0.38,2.69,3.24,59.46,35.38,119.23,14.14,10.01,22.55
"QLDNorth","Torres Strait Island",142.346786499023,-10.1685905456543,0.38,2.63,3.45,117.05,62.21,276.74,147.21,72.89,391.65
"QLDNorth","Torres Strait Island",142.26741027832,-10.1153011322021,0.38,2.68,3.3,63.67,36.98,132.89,25.6,16.4,47.32
"QLDNorth","Torres Strait Island",142.302734375,-10.1241130828857,0.38,2.66,3.03,81.71,45.63,180.47,42.09,25.07,86.22
"QLDNorth","Torres Strait Island",142.120590209961,-10.0592012405396,0.38,2.66,3.26,81.08,45.12,180.29,13.31,9.54,20.82
"QLDNorth","Torres Strait Island",142.168380737305,-10.0498027801514,0.38,2.64,3.51,99.91,52.31,245.74,11.49,8.37,17.62
"QLDNorth","Torres Strait Island",142.183883666992,-10.0605993270874,0.38,2.66,3.48,77.81,42.66,178.49,12.69,9.09,19.95
