"state","lga","longitude","latitude","SLR","SWL_AEPPC","MTWL_AEPPC","SWL_MFSLR_50","SWL_MFSLR_10","SWL_MFSLR_90","MTWL_MFSLR_50","MTWL_MFSLR_10","MTWL_MFSLR_90"
"WANorth","Broome",122.211631774902,-18.0006217956543,0.1,5.22,1.76,2.43,2.17,2.84,1.76,1.63,1.96
"NT","East Arnhem",136.368728637695,-13.844162940979,0.1,1.63,3.53,2.23,2,2.6,1.71,1.58,1.9
"QLDNorth","Townsville",147.064956665039,-19.2769813537598,0.1,2.24,3.62,3.41,2.9,4.25,1.77,1.64,1.97
"QLDNorth","Livingstone",150.762512207031,-23.1382923126221,0.1,2.88,1.65,2.95,2.56,3.59,1.99,1.81,2.25
"NSW","Wollongong",150.916046142578,-34.4743537902832,0.1,1.41,1.94,3.83,3.25,4.78,3.08,2.64,3.81
"VIC","Surf Coast",143.978164672852,-38.5659713745117,0.1,1.62,2.78,3.68,3.09,4.68,1.96,1.79,2.21
"SA","Onkaparinga",138.461669921875,-35.1174468994141,0.1,2.27,4.01,2.78,2.43,3.35,1.46,1.39,1.56
"SA","Ceduna",133.674819946289,-32.189151763916,0.1,2.03,1.8,2.22,1.99,2.6,2.11,1.91,2.41
"WASouth","Esperance",121.899345397949,-33.8684463500977,0.1,1.21,2.47,2.95,2.56,3.6,2.63,2.29,3.19
"TAS","Burnie",145.898666381836,-41.0429649353027,0.1,1.99,3.31,4.05,3.35,5.23,1.45,1.38,1.55
"WASouth","Joondalup",115.727348327637,-31.8087615966797,0.1,1.1,3.95,3.19,2.74,3.92,2.83,2.49,3.36
"NT","Darwin",130.873245239258,-12.3418684005737,0.1,4,2.38,3.15,2.73,3.81,2.49,2.19,2.97
"VIC","Bass Coast",145.221298217773,-38.5328369140625,0.1,1.97,1.99,3.83,3.21,4.88,2.39,2.12,2.82
"VIC","Glenelg",141.63020324707,-38.4082489013672,0.1,1.07,1.71,6.76,5.24,9.56,2.16,1.95,2.49
"TAS","Glamorgan-Spring Bay",148.082138061523,-42.5678176879883,0.1,1.06,2.14,5.9,4.65,8.17,1.8,1.67,2
"WASouth","Fremantle",115.73705291748,-32.0583763122559,0.1,1.1,2.23,3.11,2.69,3.76,1.71,1.6,1.88
"NSW","Waverley",151.290802001953,-33.871639251709,0.1,1.43,3.01,4.09,3.43,5.17,1.86,1.71,2.08
"SA","Port Pirie",138.000579833984,-33.1267433166504,0.1,2.65,2.54,1.9,1.75,2.12,2.22,2,2.56
"SA","Port Adelaide Enfield",138.475845336914,-34.7812461853027,0.1,2.2,3.65,2.58,2.28,3.06,1.86,1.7,2.1
"QLDNorth","Townsville",146.846267700195,-19.251106262207,0.1,2.35,2.07,3.18,2.74,3.9,2.11,1.92,2.41
"SA","Charles Sturt",138.472106933594,-34.8702430725098,0.1,2.28,2.44,2.62,2.31,3.11,2.03,1.84,2.32
"VIC","Queenscliffe",144.617172241211,-38.2871551513672,0.1,1.29,4.12,4.88,3.94,6.55,2.68,2.36,3.19
"NT","Darwin",130.81266784668,-12.4085102081299,0.1,4,2.51,3.14,2.72,3.81,1.8,1.66,2
"SA","Victor Harbor",138.605804443359,-35.594554901123,0.1,1.51,2.2,2.72,2.4,3.2,1.96,1.79,2.21
"WASouth","Albany",117.89533996582,-35.1227531433105,0.1,1.11,1.79,3.73,3.14,4.7,2.96,2.56,3.6
"SA","Unincorporated SA",135.905776977539,-34.6888732910156,0.1,1.59,2.54,3.72,3.15,4.64,1.87,1.72,2.1
"SA","Unincorporated SA",133.05322265625,-32.1064491271973,0.1,2.01,2.35,2.43,2.15,2.88,2.39,2.13,2.81
"WASouth","Greater Geraldton",114.582710266113,-28.7869205474854,0.1,1.06,2.41,3.91,3.29,4.93,1.66,1.55,1.81
"NSW","Newcastle",151.791976928711,-32.9030685424805,0.1,1.38,1.61,4.13,3.46,5.24,2.79,2.41,3.41
"VIC","Hobsons Bay",144.897003173828,-37.8736267089844,0.1,1.05,2.64,4.45,3.64,5.83,2.27,2.02,2.68
"QLDSouth","Bundaberg",152.412872314453,-24.7567653656006,0.1,2.07,2.68,5.29,4.22,7.22,1.48,1.4,1.59
"WASouth","Bunbury",115.637229919434,-33.3057746887207,0.1,1.27,1.23,2.23,2.02,2.54,4.29,3.49,5.71
"TAS","Clarence",147.393463134766,-42.9977607727051,0.1,1.17,4.99,4.74,3.83,6.38,1.43,1.35,1.54
"WANorth","Port Hedland",118.570663452148,-20.2921123504639,0.1,3.77,3.41,2.31,2.05,2.72,5.45,4.32,7.5
"WANorth","Wyndham-East Kimberley",128.095184326172,-15.3794431686401,0.1,4.03,2.54,5.97,4.7,8.26,3.27,2.79,4.08
"QLDSouth","Brisbane",153.156661987305,-27.3602046966553,0.1,1.72,1.76,7.2,5.52,10.35,3.14,2.67,3.94
"VIC","Greater Geelong",144.419860839844,-38.2895736694336,0.1,1.09,1.61,3.64,3.07,4.6,2.77,2.41,3.34
"TAS","Burnie",145.878601074219,-41.0355949401855,0.1,1.99,2.24,4.07,3.37,5.26,1.98,1.79,2.27
"WANorth","Carnarvon",113.636138916016,-24.8981914520264,0.1,1.33,4.29,2.98,2.57,3.65,1.73,1.6,1.92
"QLDNorth","Mackay",149.22673034668,-21.1112022399902,0.1,3.75,2.73,2.34,2.1,2.72,1.87,1.73,2.09
"TAS","George Town",146.792098999023,-41.052360534668,0.1,1.98,5.86,3.87,3.24,4.91,2.25,2.03,2.59
"WANorth","Broome",122.209922790527,-17.9969673156738,0.1,5.22,2.28,2.43,2.17,2.84,3,2.58,3.69
"QLDNorth","Cairns",145.847991943359,-16.8677730560303,0.1,1.93,2.4,4.46,3.64,5.87,1.61,1.51,1.76
"NT","East Arnhem",136.69255065918,-12.2084197998047,0.1,2.13,2.98,3.13,2.67,3.88,1.61,1.51,1.76
"QLDNorth","Aurukun",141.797592163086,-12.6793203353882,0.1,1.95,2.8,2.16,1.94,2.5,2.83,2.46,3.41
"QLDNorth","Gladstone",151.407104492188,-23.962682723999,0.1,2.61,1.89,4.12,3.41,5.32,2,1.82,2.27
"NSW","Kempsey",153.09098815918,-30.9209632873535,0.1,1.34,1.8,5.51,4.44,7.37,2.23,2,2.59
"VIC","East Gippsland",147.9462890625,-37.9042129516602,0.1,0.95,2.87,5.19,4.14,7.08,2.51,2.21,2.99
"QLDNorth","Gladstone",151.320953369141,-23.7948703765869,0.1,2.62,2.29,4,3.32,5.16,2.13,1.92,2.45
"VIC","Bass Coast",145.121734619141,-38.5073280334473,0.1,1.98,3.08,3.53,2.98,4.45,1.46,1.39,1.58
"NSW","Bega Valley",149.936981201172,-37.097900390625,0.1,1.39,2.2,3.85,3.25,4.83,1.78,1.64,2.01
"NT","East Arnhem",136.425445556641,-13.8104448318481,0.1,1.6,2.35,2.38,2.11,2.82,2.43,2.16,2.86
"QLDNorth","Torres",142.110595703125,-10.6579341888428,0.1,2.24,2.15,2.53,2.24,2.99,1.8,1.66,2
"SA","Grant",140.672210693359,-38.0639533996582,0.1,1.08,2.43,5.68,4.51,7.76,1.68,1.57,1.84
"NSW","Northern Beaches",151.305068969727,-33.8254356384277,0.1,1.43,3.41,4.1,3.43,5.18,1.93,1.75,2.22
"WANorth","Karratha",116.761528015137,-20.5944957733154,0.1,3.71,2.54,2.94,2.54,3.6,1.99,1.82,2.25
"SA","Copper Coast",137.588287353516,-33.9396820068359,0.1,1.93,2.38,2.13,1.92,2.44,2.68,2.34,3.22
"TAS","Devonport",146.352432250977,-41.1579093933105,0.1,2.01,2.79,3.92,3.27,5.03,1.6,1.5,1.74
"NSW","Randwick",151.252304077148,-33.9962577819824,0.1,1.42,4.38,4.03,3.39,5.09,1.96,1.79,2.23
"QLDNorth","Mackay",149.297515869141,-21.2697410583496,0.1,3.91,2.68,2.38,2.13,2.77,2.29,2.05,2.67
"QLDNorth","Cassowary Coast",146.139678955078,-17.6090087890625,0.1,1.91,0.87,3.74,3.14,4.75,3.76,3.14,4.81
"TAS","Glamorgan-Spring Bay",148.067794799805,-42.5660400390625,0.1,1.06,2.98,5.81,4.59,8.03,2.2,1.98,2.55
"QLDNorth","Cassowary Coast",146.334701538086,-18.4832286834717,0.1,2.29,2.01,2.88,2.5,3.49,1.9,1.73,2.18
"WANorth","Ashburton",115.163749694824,-21.6142768859863,0.1,1.72,3.73,3.01,2.57,3.75,1.5,1.41,1.63
"WANorth","Karratha",117.169364929199,-20.5933799743652,0.1,3.74,3.27,2.59,2.26,3.12,1.52,1.44,1.65
"QLDNorth","Carpentaria",140.803146362305,-17.5088596343994,0.1,2.86,3.98,2.04,1.84,2.35,2.45,2.16,2.92
"QLDNorth","Rockhampton",150.838195800781,-23.6046981811523,0.1,2.95,2.35,6.59,5.11,9.35,2.23,1.99,2.59
"QLDSouth","Sunshine Coast",153.139892578125,-26.6974658966064,0.1,1.45,3.45,7.8,5.93,11.32,1.64,1.54,1.8
"QLDNorth","Whitsunday",148.842590332031,-20.2819118499756,0.1,2.68,2.39,2.74,2.4,3.3,1.98,1.81,2.23
"QLDNorth","Torres",142.155624389648,-10.5569248199463,0.1,2.23,2.53,2.62,2.31,3.11,3.44,2.9,4.35
"QLDSouth","Fraser Coast",152.941467285156,-25.2762908935547,0.1,2.35,2.59,5.02,4.07,6.64,1.87,1.72,2.08
"SA","Unincorporated SA",137.602798461914,-33.023551940918,0.1,2.49,2.18,1.89,1.74,2.11,2.19,1.96,2.57
"QLDSouth","Gold Coast",153.421966552734,-27.9614505767822,0.1,1.37,3.24,7.59,5.85,10.77,1.82,1.67,2.07
"WANorth","Karratha",116.678909301758,-20.5885372161865,0.1,1.73,1.95,2.85,2.47,3.48,2.78,2.4,3.42
"QLDNorth","Torres",142.315673828125,-10.5067167282104,0.1,2.17,2.04,3.02,2.61,3.68,3.43,2.9,4.32
"QLDNorth","Douglas",145.468811035156,-16.4769401550293,0.1,1.92,1.69,4.3,3.54,5.62,2.25,2.01,2.62
"NSW","Clarence Valley",153.367126464844,-29.4367237091064,0.1,1.33,2.55,4.97,4.08,6.48,1.43,1.36,1.53
"NT","Roper Gulf",136.915344238281,-15.7344379425049,0.1,1.69,2.59,1.91,1.75,2.16,1.89,1.74,2.11
"QLDNorth","Torres Strait Island",142.210647583008,-10.522177696228,0.1,2.2,1.24,2.71,2.38,3.24,3.56,2.98,4.54
"VIC","Greater Geelong",144.724807739258,-38.1704139709473,0.1,1.03,1.5,4.16,3.47,5.31,2.55,2.25,3.04
"VIC","Mornington Peninsula",144.899749755859,-38.3481216430664,0.1,1.07,2.95,3.48,2.97,4.29,1.47,1.39,1.57
"WASouth","Joondalup",115.731964111328,-31.8238124847412,0.1,1.1,2.42,3.21,2.76,3.93,2.06,1.88,2.35
"SA","Onkaparinga",138.470275878906,-35.0958251953125,0.1,2.27,4.34,2.76,2.41,3.32,1.77,1.64,1.97
"QLDNorth","Livingstone",150.760681152344,-23.1353740692139,0.1,2.88,1.6,2.95,2.55,3.58,3.11,2.66,3.85
"VIC","Surf Coast",144.035140991211,-38.4956665039062,0.1,1.62,2.66,3.65,3.07,4.62,2.05,1.87,2.32
"SA","Yorke Peninsula",137.767929077148,-35.0375442504883,0.1,1.96,3.38,3.29,2.8,4.1,1.81,1.66,2.02
"QLDNorth","Whitsunday",148.079605102539,-19.8762283325195,0.1,2.18,2.09,3.14,2.69,3.87,1.62,1.52,1.78
"WANorth","Exmouth",114.142883300781,-21.9546566009521,0.1,1.71,1.83,3.11,2.67,3.84,1.78,1.65,1.95
"NSW","Shoalhaven",150.768478393555,-35.0744934082031,0.1,1.4,2.03,3.58,3.06,4.42,2.29,2.06,2.65
"NSW","Coffs Harbour",153.156051635742,-30.3061962127686,0.1,1.49,1.32,6.2,4.91,8.47,4.18,3.41,5.53
"VIC","Moyne",142.245132446289,-38.4012489318848,0.1,1.08,2.62,5.48,4.4,7.37,2.04,1.86,2.32
"SA","Onkaparinga",138.458389282227,-35.1697807312012,0.1,2.26,3.55,2.81,2.45,3.39,1.57,1.47,1.73
"WANorth","Ashburton",115.466323852539,-20.6898097991943,0.1,1.76,0.95,2.52,2.2,3.04,3.6,3.05,4.49
"VIC","South Gippsland",146.47053527832,-38.7002143859863,0.1,1.92,5.87,6.54,5.06,9.32,1.54,1.45,1.67
"QLDNorth","Isaac",149.473999023438,-21.7463283538818,0.1,3.9,2.01,2.47,2.19,2.91,3.45,2.92,4.36
"QLDNorth","Cook",145.285095214844,-15.4928417205811,0.1,1.85,1.1,4.52,3.7,5.93,3.61,3.02,4.63
"VIC","Greater Geelong",144.635314941406,-38.1060447692871,0.1,1.07,2.74,4.59,3.77,5.98,1.69,1.56,1.89
"WANorth","Ashburton",115.375946044922,-20.6875629425049,0.1,1.67,1.56,4.26,3.51,5.53,2.26,2.02,2.62
"TAS","West Coast",145.027053833008,-41.8157424926758,0.1,1.93,3.54,9.19,6.81,13.85,1.83,1.69,2.03
"WASouth","Dundas",128.882766723633,-31.7294902801514,0.1,1.95,2.77,3.12,2.69,3.81,2.01,1.84,2.28
"SA","Kingston (SA)",139.666198730469,-36.9562568664551,0.1,1.52,1.83,2.62,2.32,3.08,2.81,2.44,3.4
"SA","Kangaroo Island",137.180358886719,-36.0086135864258,0.1,1.96,2.83,3.38,2.89,4.15,3.21,2.73,4.04
"TAS","Circular Head",145.312255859375,-40.7651710510254,0.1,1.98,3.49,4.44,3.63,5.85,1.62,1.51,1.77
"SA","Elliston",134.854675292969,-33.6464500427246,0.1,1.69,2.17,2.33,2.08,2.72,1.81,1.68,2.02
"WASouth","Mandurah",115.67813873291,-32.5906257629395,0.1,0.86,2.12,3.83,3.19,4.93,1.74,1.61,1.93
"WANorth","Shark Bay",113.513900756836,-25.9233150482178,0.1,1.37,1.96,2.44,2.16,2.91,2.62,2.29,3.16
"VIC","Greater Geelong",144.474060058594,-38.2902946472168,0.1,1.32,2.61,3.61,3.04,4.55,1.83,1.69,2.04
"SA","Port Augusta",137.763549804688,-32.6352653503418,0.1,2.51,2.16,1.83,1.7,2.03,2.22,1.99,2.58
"QLDSouth","Noosa",153.108322143555,-26.3750782012939,0.1,1.46,2.25,7.07,5.45,10.09,1.86,1.71,2.08
"SA","Unincorporated SA",132.431213378906,-32.0147438049316,0.1,1.96,5.7,2.93,2.53,3.6,1.96,1.77,2.25
"WANorth","Derby-West Kimberley",123.560806274414,-17.287561416626,0.1,5.17,2.54,3.05,2.65,3.71,2.02,1.84,2.28
"SA","Unincorporated SA",136.499649047852,-35.1658554077148,0.1,1.63,6.47,2.91,2.54,3.49,1.72,1.59,1.92
"WANorth","Derby-West Kimberley",123.719276428223,-16.1033020019531,0.1,5.22,2.23,2.45,2.18,2.87,1.58,1.48,1.74
"WANorth","Ashburton",115.097961425781,-21.6335697174072,0.1,1.72,2.15,3.05,2.6,3.81,1.83,1.7,2.03
"SA","Wattle Range",139.998825073242,-37.4942817687988,0.1,1.11,3.46,3.99,3.36,5,2.6,2.27,3.14
"QLDNorth","Torres",142.626602172852,-10.716986656189,0.1,2.18,0.66,2.93,2.54,3.54,3.7,3.11,4.68
"TAS","Huon Valley",147.098419189453,-43.2927169799805,0.1,1.19,3.51,4.17,3.44,5.42,3.01,2.58,3.72
"QLDNorth","Torres",142.322967529297,-10.5164833068848,0.1,2.15,1.7,3.46,2.93,4.34,1.93,1.77,2.16
"SA","Kangaroo Island",136.535095214844,-35.8576393127441,0.1,1.64,2.35,2.85,2.49,3.42,2.6,2.29,3.09
"SA","Wattle Range",139.879470825195,-37.3767509460449,0.1,1.15,1.51,3.14,2.72,3.8,2.46,2.19,2.88
"SA","Unincorporated SA",136.156509399414,-34.9915504455566,0.1,1.62,1.88,3.1,2.68,3.77,3.73,3.15,4.68
"VIC","Unincorporated Vic",146.515869140625,-38.9114189147949,0.1,1.93,3.68,5.43,4.31,7.46,1.57,1.48,1.71
"WANorth","Shark Bay",114.16576385498,-26.3805446624756,0.1,1.45,1.76,1.97,1.79,2.23,2.64,2.31,3.15
"QLDSouth","Fraser Coast",153.356964111328,-24.9777183532715,0.1,2.34,2.79,6.07,4.76,8.45,1.89,1.74,2.14
"WASouth","Rockingham",115.701889038086,-32.3069496154785,0.1,1.08,2.21,3.37,2.88,4.17,1.63,1.53,1.78
"WASouth","Nedlands",115.749351501465,-31.9685497283936,0.1,1.1,2.5,3.12,2.71,3.78,1.69,1.57,1.87
"WANorth","Exmouth",114.09871673584,-22.0990867614746,0.1,1.72,3.16,2.94,2.54,3.6,1.49,1.41,1.62
"WANorth","Ashburton",115.477195739746,-20.836986541748,0.1,1.75,1.23,2.6,2.26,3.15,2.09,1.9,2.37
"SA","Kangaroo Island",137.937957763672,-35.7128486633301,0.1,1.47,2.25,3.31,2.84,4.07,2.24,2.01,2.6
"SA","Cleve",136.576965332031,-33.9472122192383,0.1,1.84,1.85,2.96,2.56,3.6,2.81,2.47,3.36
"SA","Lower Eyre Peninsula",136.023025512695,-34.8660087585449,0.1,1.61,3.13,3.27,2.81,3.99,1.87,1.72,2.09
"SA","Whyalla",137.786407470703,-32.9926872253418,0.1,2.49,2.01,1.9,1.75,2.13,1.86,1.72,2.08
"SA","Yorke Peninsula",137.354400634766,-34.9310340881348,0.1,2.04,4.78,2.32,2.08,2.7,1.7,1.58,1.88
"QLDNorth","Mackay",149.895462036133,-21.0195617675781,0.1,3.87,2.11,2.88,2.51,3.46,2.24,2.01,2.6
"VIC","East Gippsland",147.987808227539,-37.8907623291016,0.1,0.95,3.34,5.13,4.1,7,1.58,1.49,1.72
NA,"Whitsunday",149.818756103516,-20.0906581878662,0.1,2.62,1.97,4.04,3.36,5.17,2.51,2.21,2.98
"NSW","Ballina",153.61018371582,-28.8397369384766,0.1,1.41,3.92,6.25,4.96,8.51,2.9,2.53,3.49
"NT","Unincorporated NT",130.514770507812,-12.6257009506226,0.1,3.99,2.34,3.34,2.85,4.13,1.98,1.81,2.25
"SA","Yankalilla",138.086761474609,-35.6061515808105,0.1,1.49,2.24,2.96,2.58,3.57,1.7,1.59,1.86
"NSW","Port Stephens",152.201217651367,-32.7411689758301,0.1,1.44,2.71,4.29,3.57,5.48,3.03,2.61,3.74
"QLDNorth","Cook",144.883728027344,-14.5548992156982,0.1,1.87,2.79,5.02,4.06,6.72,1.92,1.75,2.17
"QLDNorth","Gladstone",151.92448425293,-23.306095123291,0.1,2.59,3.4,5.09,4.11,6.8,1.75,1.63,1.95
"VIC","Bass Coast",145.359298706055,-38.569507598877,0.1,1.97,2.46,3.67,3.08,4.66,1.82,1.68,2.03
"WASouth","Dundas",126.06566619873,-32.2820434570312,0.1,1.19,1.95,3.37,2.88,4.17,2.18,1.96,2.51
"VIC","Mornington Peninsula",144.762985229492,-38.345573425293,0.1,1.04,2.88,3.41,2.93,4.18,3.85,3.21,4.96
"QLDNorth","Cook",143.415405273438,-12.5892887115479,0.1,1.78,2.41,5.78,4.58,7.92,2.13,1.91,2.49
"QLDNorth","Gladstone",151.908676147461,-23.4388313293457,0.1,2.59,3.02,5.09,4.11,6.81,1.86,1.71,2.08
"VIC","Mornington Peninsula",145.036819458008,-38.4872627258301,0.1,1.97,2,3.81,3.18,4.86,2.41,2.13,2.84
"VIC","Kingston (Vic.)",145.111022949219,-38.0797386169434,0.1,1.06,5.64,4.06,3.37,5.23,1.89,1.73,2.14
"WANorth","Wyndham-East Kimberley",124.291732788086,-15.322434425354,0.1,5.21,2.56,2.54,2.24,3.01,2.06,1.87,2.35
"VIC","Bass Coast",145.368392944336,-38.5389366149902,0.1,1.98,1.74,3.61,3.03,4.57,3.17,2.69,3.99
"VIC","Wyndham",144.678146362305,-37.9899787902832,0.1,1.07,1.78,4.8,3.91,6.35,3.47,2.92,4.39
"VIC","Surf Coast",144.363662719727,-38.3202171325684,0.1,1.09,1.95,3.7,3.11,4.68,1.74,1.62,1.93
"SA","Elliston",134.446472167969,-33.7753486633301,0.1,1.65,3.47,2.7,2.37,3.22,2.39,2.11,2.82
"QLDNorth","Lockhart River",143.524948120117,-13.1872329711914,0.1,1.79,1.26,5.73,4.54,7.87,2.49,2.2,2.95
"VIC","Mornington Peninsula",145.015808105469,-38.2528228759766,0.1,1.06,2.77,3.71,3.13,4.65,2.39,2.12,2.82
"QLDNorth","Cook",145.479095458984,-14.6609563827515,0.1,1.87,2.33,4.64,3.78,6.14,1.69,1.57,1.86
"WASouth","Dandaragan",115.017585754395,-30.3131942749023,0.1,1.08,3.85,3.6,3.05,4.48,2.07,1.87,2.38
"QLDNorth","Livingstone",150.680480957031,-21.9535064697266,0.1,2.86,2.33,3.37,2.87,4.19,2.82,2.43,3.47
"QLDNorth","Cook",143.597961425781,-13.4578561782837,0.1,1.79,2.41,5.31,4.24,7.23,3.39,2.88,4.24
"QLDNorth","Gladstone",151.36018371582,-23.8441028594971,0.1,2.62,2.26,4.05,3.36,5.23,1.95,1.78,2.2
"SA","Franklin Harbour",136.89794921875,-33.7826766967773,0.1,1.87,5.85,2.58,2.28,3.06,1.35,1.29,1.43
"WANorth","Broome",122.920036315918,-16.39599609375,0.1,5.18,4.28,2.87,2.49,3.47,1.82,1.68,2.05
"QLDNorth","Palm Island",146.692947387695,-18.7623119354248,0.1,2.27,1.1,3.25,2.79,4.01,3.63,3.03,4.66
"VIC","Greater Geelong",144.608428955078,-38.1155853271484,0.1,1.07,2.21,4.63,3.8,6.05,1.75,1.62,1.96
"NT","Roper Gulf",136.516967773438,-15.5269403457642,0.1,1.65,0.93,2.12,1.9,2.45,3.59,3.03,4.54
"VIC","Mornington Peninsula",144.682495117188,-38.3029098510742,0.1,1.02,1.25,3.98,3.36,4.97,3.2,2.75,3.92
"VIC","Mornington Peninsula",144.72526550293,-38.3128089904785,0.1,1.03,1.65,3.55,3.04,4.36,2.82,2.44,3.47
"VIC","Bayside (Vic.)",145.012969970703,-37.9861907958984,0.1,1.05,1.45,4.39,3.6,5.75,2.77,2.39,3.39
"VIC","Port Phillip",144.961761474609,-37.8651657104492,0.1,1.05,2.55,4.5,3.67,5.94,1.59,1.48,1.75
"NT","Roper Gulf",135.730651855469,-14.306037902832,0.1,1.69,2.83,1.91,1.74,2.18,3.72,3.13,4.71
"QLDNorth","Torres",142.951507568359,-9.85594081878662,0.1,2.12,2.22,4.25,3.52,5.51,1.88,1.73,2.1
"SA","Port Augusta",137.856109619141,-32.7116355895996,0.1,2.5,3.05,1.86,1.72,2.07,1.51,1.42,1.64
"WANorth","Ashburton",115.418029785156,-20.6629943847656,0.1,1.69,2.23,3.77,3.16,4.81,2.72,2.37,3.28
"QLDNorth","Douglas",145.559967041016,-16.3844261169434,0.1,1.92,3.31,4.44,3.63,5.83,1.9,1.73,2.16
"NT","East Arnhem",135.162536621094,-12.2201509475708,0.1,2.16,0.99,2.75,2.4,3.34,2.65,2.32,3.16
"TAS","Circular Head",144.763442993164,-40.4397125244141,0.1,1.96,2.53,5.76,4.54,7.96,2.85,2.48,3.47
"TAS","King Island",144.104827880859,-40.0475730895996,0.1,1.56,3.1,6.93,5.29,10.08,2.92,2.53,3.57
"QLDNorth","Cook",145.447540283203,-15.7513809204102,0.1,1.86,3,4.43,3.63,5.82,1.59,1.49,1.74
NA,"Mackay",150.928894042969,-20.4258937835693,0.1,3.63,3.59,5,4.04,6.67,2.52,2.22,3.01
"VIC","Bass Coast",145.272766113281,-38.5111198425293,0.1,1.97,3.43,3.68,3.09,4.69,1.46,1.39,1.56
"QLDNorth","Pormpuraaw",141.524032592773,-14.5044069290161,0.1,1.95,5.9,2.16,1.94,2.5,1.66,1.55,1.83
"WANorth","Broome",121.965843200684,-18.4140720367432,0.1,5.23,1.41,2.38,2.12,2.77,2.85,2.45,3.5
"VIC","Wyndham",144.801208496094,-37.9131851196289,0.1,1.05,1.8,4.45,3.66,5.8,2.06,1.87,2.34
"WASouth","Manjimup",115.999702453613,-34.846134185791,0.1,1.14,3.51,4.34,3.57,5.63,1.76,1.63,1.96
NA,"Whitsunday",149.715850830078,-20.0136013031006,0.1,2.62,3.38,4.02,3.35,5.15,1.57,1.48,1.72
"QLDNorth","Whitsunday",148.560501098633,-19.9888191223145,0.1,2.19,2.08,3.04,2.62,3.71,1.84,1.69,2.06
"SA","Yankalilla",138.237152099609,-35.4988975524902,0.1,1.48,1.22,3.07,2.64,3.77,2.89,2.5,3.52
"VIC","Mornington Peninsula",144.851089477539,-38.3629608154297,0.1,1.07,2.94,3.39,2.91,4.15,1.33,1.28,1.41
"WANorth","Exmouth",114.142738342285,-21.7975425720215,0.1,1.69,3.19,3.64,3.08,4.58,2.95,2.53,3.64
"WANorth","Wyndham-East Kimberley",128.772811889648,-14.8344984054565,0.1,4.06,1.28,4.1,3.42,5.24,2.94,2.56,3.54
"WASouth","Manjimup",116.738777160645,-35.0417938232422,0.1,1.1,3.19,3.83,3.21,4.85,1.39,1.33,1.48
"QLDNorth","Mornington",139.676879882812,-16.4017772674561,0.1,2.94,3.73,1.78,1.65,1.98,1.5,1.42,1.62
"QLDNorth","Mornington",139.185501098633,-16.7576770782471,0.1,2.93,3.33,1.81,1.67,2.02,2,1.83,2.26
"QLDNorth","Torres",142.168746948242,-10.2303152084351,0.1,2.17,4.12,3.23,2.76,4.02,1.39,1.32,1.49
"WANorth","Karratha",116.95361328125,-20.6833477020264,0.1,3.79,2.96,2.16,1.94,2.53,2.58,2.27,3.08
"QLDNorth","Cairns",145.972595214844,-16.7534255981445,0.1,1.92,1.14,4.56,3.71,6.04,2.23,2.01,2.56
"WASouth","Rockingham",115.689399719238,-32.2365188598633,0.1,1.11,2.96,2.95,2.57,3.54,2.13,1.92,2.44
"QLDNorth","Burdekin",147.409255981445,-19.3074054718018,0.1,2.25,2.94,3.34,2.84,4.14,2.21,1.98,2.57
"NT","East Arnhem",135.678955078125,-11.9292297363281,0.1,2.15,1.73,2.88,2.5,3.49,3.07,2.64,3.78
"QLDNorth","Northern Peninsula Area",142.102737426758,-10.9672031402588,0.1,2.19,2.72,2.3,2.05,2.69,1.52,1.44,1.63
"WASouth","Augusta Margaret River",115.021179199219,-34.2565498352051,0.1,1.19,3.19,3.03,2.6,3.73,3.91,3.25,5.02
"QLDNorth","Torres",142.871856689453,-10.0437240600586,0.1,2.14,4.83,3.74,3.15,4.72,1.84,1.69,2.07
"WANorth","East Pilbara",119.774200439453,-19.9569301605225,0.1,3.76,3.43,2.36,2.1,2.75,2.06,1.86,2.38
"WANorth","Broome",122.248458862305,-17.1136341094971,0.1,5.17,3.51,3.05,2.64,3.73,2.49,2.21,2.95
"QLDNorth","Cassowary Coast",146.335098266602,-18.3602714538574,0.1,2.27,2.22,3.2,2.74,3.94,1.95,1.79,2.19
"SA","Whyalla",137.440902709961,-33.2315673828125,0.1,2.47,2.64,1.95,1.79,2.19,2.11,1.92,2.4
"SA","Yorke Peninsula",137.768692016602,-35.0113372802734,0.1,1.96,5.01,3.29,2.8,4.1,1.9,1.73,2.16
"WANorth","Broome",123.314888000488,-17.0903549194336,0.1,5.18,3.88,2.9,2.53,3.5,3.7,3.11,4.67
"QLDNorth","Torres",142.684844970703,-10.917688369751,0.1,2.11,2.97,4.79,3.9,6.33,1.3,1.26,1.36
"QLDNorth","Mornington",139.580749511719,-17.1097755432129,0.1,2.99,5.55,1.66,1.55,1.83,1.67,1.55,1.85
"WANorth","Broome",123.159187316895,-16.3905277252197,0.1,5.16,4.27,3.18,2.73,3.9,1.45,1.38,1.57
"WANorth","Karratha",116.191215515137,-20.8251476287842,0.1,1.69,0.84,3.75,3.14,4.77,2.46,2.17,2.95
"QLDSouth","Gold Coast",153.519638061523,-28.1603393554688,0.1,1.35,3.03,6.38,5.03,8.76,3.6,3.05,4.51
"QLDNorth","Torres",142.706924438477,-10.9305419921875,0.1,2.11,1.22,4.85,3.93,6.43,1.81,1.67,2.03
"WANorth","Shark Bay",113.505187988281,-25.5005359649658,0.1,1.34,3.08,2.74,2.38,3.33,1.6,1.5,1.74
"SA","Unincorporated SA",133.50520324707,-32.3217849731445,0.1,1.98,3.81,2.62,2.29,3.15,1.81,1.66,2.03
"QLDNorth","Palm Island",146.686508178711,-18.7334079742432,0.1,2.26,3.23,3.4,2.89,4.21,1.86,1.7,2.1
"WANorth","Wyndham-East Kimberley",127.829887390137,-14.3628454208374,0.1,4.06,5.37,4.1,3.45,5.16,3.01,2.58,3.74
"WANorth","Wyndham-East Kimberley",125.901412963867,-14.5167436599731,0.1,4.11,2.21,3.05,2.62,3.74,1.6,1.5,1.75
"NT","East Arnhem",136.830047607422,-13.7504892349243,0.1,1.6,2.89,2.42,2.14,2.86,3.37,2.85,4.22
"QLDNorth","Lockhart River",143.545196533203,-12.843300819397,0.1,1.78,2.32,5.88,4.65,8.08,3.63,3.03,4.66
"QLDNorth","Cook",143.759353637695,-13.9299163818359,0.1,1.87,2.33,5.05,4.05,6.84,3.47,2.91,4.44
"QLDNorth","Torres",142.325164794922,-10.6027498245239,0.1,2.15,2.41,3.4,2.89,4.26,2.21,1.97,2.61
"WANorth","Karratha",115.705352783203,-21.2753944396973,0.1,1.71,4.27,3.18,2.71,3.99,1.83,1.68,2.06
"QLDNorth","Isaac",149.581100463867,-22.1410808563232,0.1,3.92,2.7,2.35,2.1,2.76,1.58,1.48,1.75
"WANorth","Karratha",116.686172485352,-20.527889251709,0.1,3.71,5.75,2.91,2.52,3.57,1.64,1.53,1.82
"WANorth","Wyndham-East Kimberley",125.128280639648,-14.4441356658936,0.1,4.11,2.75,3.01,2.6,3.67,1.84,1.7,2.04
"TAS","George Town",146.958847045898,-41.0102310180664,0.1,1.98,2.47,3.85,3.24,4.86,1.91,1.75,2.15
"SA","Lower Eyre Peninsula",135.109100341797,-34.590259552002,0.1,1.64,4.61,2.83,2.47,3.39,2.49,2.19,2.98
"NT","West Daly",129.409133911133,-14.2268543243408,0.1,4.07,2.93,3.88,3.25,4.95,4.6,3.74,6.11
"QLDNorth","Cook",143.262786865234,-11.9675226211548,0.1,1.78,2.38,5.84,4.62,8.03,1.79,1.65,2.01
"NT","East Arnhem",136.455780029297,-11.4806699752808,0.1,2.13,2.18,3.24,2.76,4.03,1.79,1.66,1.99
"SA","Lower Eyre Peninsula",135.106781005859,-34.5828094482422,0.1,1.67,2.91,2.46,2.19,2.89,3.53,2.96,4.5
"QLDNorth","Cook",143.691986083984,-13.6643896102905,0.1,1.79,1.52,5.2,4.16,7.06,2.68,2.34,3.25
"NSW","Richmond Valley",153.452301025391,-29.1151275634766,0.1,1.32,2.23,5.98,4.78,8.08,3.72,3.12,4.71
"QLDNorth","Hope Vale",145.282745361328,-15.387996673584,0.1,1.88,3.22,4.48,3.67,5.87,2.68,2.36,3.19
"QLDNorth","Cassowary Coast",146.16064453125,-17.9593524932861,0.1,2.11,2.36,3.22,2.75,4,2.9,2.51,3.56
"WANorth","Wyndham-East Kimberley",127.62767791748,-14.1565856933594,0.1,4.05,4.11,4.58,3.8,5.88,2.47,2.16,2.99
"QLDNorth","Cook",144.484512329102,-14.1636114120483,0.1,1.87,3.98,4.64,3.78,6.12,1.31,1.26,1.39
"WANorth","Karratha",116.844825744629,-20.364673614502,0.1,3.73,2.85,2.72,2.37,3.3,1.83,1.68,2.08
"NT","East Arnhem",136.624969482422,-12.9765071868896,0.1,2.16,3.24,2.79,2.43,3.39,1.61,1.51,1.74
"SA","Yorke Peninsula",137.490112304688,-34.2766609191895,0.1,1.9,2.5,2.35,2.1,2.74,2.65,2.32,3.17
"NT","West Arnhem",132.592666625977,-10.9687538146973,0.1,3.94,7.61,5.02,4.07,6.69,1.89,1.74,2.12
"WANorth","Broome",122.178184509277,-17.6473617553711,0.1,5.22,3.28,2.47,2.2,2.89,2.01,1.83,2.3
"NT","Tiwi Islands",130.145385742188,-11.4755601882935,0.1,3.94,3.5,5.11,4.08,6.97,1.98,1.82,2.24
"TAS","Huon Valley",145.952133178711,-43.3556022644043,0.1,1.16,3.3,5.69,4.58,7.61,1.43,1.37,1.53
"QLDNorth","Mornington",139.748779296875,-16.5429191589355,0.1,2.95,4.96,1.74,1.62,1.92,1.91,1.74,2.17
"WANorth","Wyndham-East Kimberley",126.000129699707,-14.2587823867798,0.1,4.1,3.84,3.13,2.69,3.86,3.08,2.64,3.8
"NT","West Daly",129.814651489258,-13.4978065490723,0.1,3.97,4.93,3.87,3.24,4.9,1.59,1.49,1.73
"QLDNorth","Livingstone",150.702621459961,-21.9537868499756,0.1,2.85,2.67,3.44,2.92,4.3,1.91,1.75,2.17
"QLDNorth","Cassowary Coast",146.178268432617,-17.9479675292969,0.1,2.1,1.33,3.46,2.94,4.33,2.34,2.08,2.76
"VIC","Wellington",147.512222290039,-38.1365203857422,0.1,0.98,2.81,3.88,3.25,4.93,2.37,2.11,2.79
"NT","West Arnhem",132.923233032227,-11.1303930282593,0.1,3.95,4.18,4.36,3.62,5.59,2.64,2.31,3.18
"NSW","Ballina",153.611038208008,-28.8455924987793,0.1,1.41,2.58,5.98,4.78,8.05,1.95,1.78,2.21
"QLDSouth","Fraser Coast",153.267807006836,-24.7002735137939,0.1,2.36,5.41,4.85,3.92,6.48,1.5,1.41,1.62
"WANorth","Wyndham-East Kimberley",125.676094055176,-14.159613609314,0.1,4.1,2.59,3.18,2.72,3.93,1.53,1.45,1.66
"NSW","Bega Valley",150.083282470703,-36.422550201416,0.1,1.38,4.88,3.89,3.28,4.88,2.03,1.84,2.33
"WANorth","Port Hedland",119.190498352051,-19.9453086853027,0.1,3.76,0.74,2.41,2.15,2.83,2.59,2.28,3.09
"VIC","Glenelg",141.072341918945,-38.0935173034668,0.1,1.09,1.61,4.87,3.96,6.42,2.75,2.4,3.33
"VIC","Glenelg",141.174133300781,-38.1464004516602,0.1,1.08,1.67,5.6,4.46,7.64,2.7,2.36,3.25
"VIC","Glenelg",141.239898681641,-38.1865692138672,0.1,1.08,1.62,5.63,4.48,7.69,2.84,2.46,3.44
"VIC","Glenelg",141.342407226562,-38.2694435119629,0.1,1.08,1.71,5.51,4.4,7.49,2.75,2.41,3.31
"VIC","Glenelg",141.362701416016,-38.3697319030762,0.1,1.08,1.54,5.97,4.72,8.22,3.47,2.92,4.4
"VIC","Glenelg",141.41227722168,-38.4009056091309,0.1,1.07,1.48,7.05,5.44,10.03,3.37,2.84,4.27
"VIC","Glenelg",141.492294311523,-38.3837089538574,0.1,1.08,3.19,5.87,4.63,8.12,1.63,1.52,1.78
"VIC","Glenelg",141.535110473633,-38.4397430419922,0.1,1.07,1.32,6.87,5.31,9.73,4.4,3.56,5.89
"VIC","Glenelg",141.640731811523,-38.2952766418457,0.1,1.08,1.43,5.94,4.71,8.11,3.4,2.86,4.33
"VIC","Glenelg",141.667434692383,-38.280647277832,0.1,1.08,1.3,5.78,4.61,7.85,4.22,3.44,5.6
"VIC","Glenelg",141.718215942383,-38.2639350891113,0.1,1.08,1.4,5.62,4.5,7.58,3.59,2.99,4.63
"VIC","Glenelg",141.857879638672,-38.2674942016602,0.1,1.09,1.45,5.26,4.25,7.03,3.22,2.73,4.06
"VIC","Moyne",141.972457885742,-38.3012351989746,0.1,1.09,1.48,4.95,4.02,6.56,3.33,2.81,4.22
"VIC","Moyne",142.069732666016,-38.361385345459,0.1,1.08,1.54,5.52,4.42,7.44,3.1,2.64,3.87
"VIC","Moyne",142.159042358398,-38.3936805725098,0.1,1.08,1.36,5.34,4.29,7.16,3.63,3.02,4.7
"VIC","Moyne",142.317962646484,-38.3637771606445,0.1,1.09,1.5,5.07,4.09,6.77,3.04,2.59,3.79
"VIC","Moyne",142.368423461914,-38.3553047180176,0.1,1.09,1.69,4.99,4.03,6.69,2.57,2.25,3.07
"VIC","Warrnambool",142.473266601562,-38.4061393737793,0.1,1.09,2.94,5.01,4.05,6.67,1.64,1.53,1.79
"VIC","Warrnambool",142.593643188477,-38.4447784423828,0.1,1.1,1.58,4.58,3.71,6.11,2.88,2.48,3.53
"VIC","Moyne",142.699172973633,-38.5162963867188,0.1,1.09,1.41,4.95,4,6.61,3.5,2.93,4.46
"VIC","Moyne",142.760925292969,-38.5590782165527,0.1,1.09,2.68,4.89,3.96,6.52,1.67,1.56,1.84
"VIC","Moyne",142.855392456055,-38.6059112548828,0.1,1.6,2,4.22,3.47,5.52,3.18,2.71,3.97
"VIC","Corangamite",142.938079833984,-38.6286964416504,0.1,1.59,3.67,4.72,3.84,6.25,1.54,1.45,1.67
"VIC","Corangamite",143.061187744141,-38.6513214111328,0.1,1.6,3.17,4.25,3.5,5.55,1.7,1.58,1.88
"VIC","Corangamite",143.12614440918,-38.6886444091797,0.1,1.59,3.65,4.43,3.62,5.84,1.57,1.48,1.71
"VIC","Corangamite",143.220077514648,-38.765064239502,0.1,1.59,3.44,4.59,3.73,6.11,1.62,1.52,1.77
"VIC","Corangamite",143.258102416992,-38.7737083435059,0.1,1.59,2.76,4.82,3.88,6.49,1.92,1.75,2.17
"VIC","Colac Otway",143.322082519531,-38.7615127563477,0.1,1.59,2.65,4.63,3.75,6.21,1.99,1.81,2.27
"VIC","Colac Otway",143.442535400391,-38.8025894165039,0.1,1.59,2.69,4.64,3.75,6.24,1.95,1.78,2.22
"VIC","Colac Otway",143.474304199219,-38.8234748840332,0.1,1.59,3.18,4.47,3.63,5.99,1.73,1.61,1.92
"VIC","Colac Otway",143.489456176758,-38.8496475219727,0.1,1.59,3.04,4.76,3.83,6.42,1.77,1.64,1.96
"VIC","Colac Otway",143.561721801758,-38.8537979125977,0.1,1.59,2.68,4.57,3.7,6.12,1.88,1.73,2.12
"VIC","Colac Otway",143.609146118164,-38.8103332519531,0.1,1.59,2.48,4.44,3.61,5.92,2.1,1.9,2.4
"VIC","Colac Otway",143.670211791992,-38.7791442871094,0.1,1.6,2.37,4.35,3.55,5.77,2.14,1.93,2.47
"VIC","Colac Otway",143.721633911133,-38.7261772155762,0.1,1.6,2.68,4.16,3.42,5.46,1.89,1.73,2.13
"VIC","Colac Otway",143.830795288086,-38.6988716125488,0.1,1.61,2.4,3.9,3.24,5.04,2.18,1.95,2.55
"VIC","Colac Otway",143.908462524414,-38.6325874328613,0.1,1.62,2.25,3.68,3.09,4.69,2.33,2.07,2.75
"VIC","Colac Otway",143.922714233398,-38.6115913391113,0.1,1.62,1.9,3.69,3.09,4.7,3.15,2.7,3.9
"VIC","Surf Coast",144.006912231445,-38.5137557983398,0.1,1.62,1.99,3.65,3.07,4.63,2.93,2.52,3.62
"VIC","Surf Coast",144.112899780273,-38.4712715148926,0.1,1.62,1.94,3.71,3.11,4.71,3.14,2.68,3.93
"VIC","Surf Coast",144.18293762207,-38.4305267333984,0.1,1.61,2.19,3.75,3.14,4.77,2.39,2.11,2.85
"VIC","Surf Coast",144.246520996094,-38.4009552001953,0.1,1.62,2.32,3.7,3.11,4.69,2.41,2.12,2.91
"VIC","Surf Coast",144.299911499023,-38.3594818115234,0.1,1.09,1.53,3.72,3.12,4.71,2.73,2.37,3.32
"VIC","Greater Geelong",144.483413696289,-38.2930297851562,0.1,1.32,1.7,3.66,3.08,4.62,2.87,2.47,3.52
"VIC","Greater Geelong",144.531326293945,-38.2786865234375,0.1,1.32,1.87,3.57,3.02,4.49,2.33,2.07,2.74
"VIC","Greater Geelong",144.583847045898,-38.2871780395508,0.1,1.32,1.06,3.58,3.02,4.5,3.39,2.86,4.28
"VIC","Greater Geelong",144.711074829102,-38.2048835754395,0.1,1.03,1.43,4.27,3.55,5.48,3.54,2.97,4.52
"VIC","Greater Geelong",144.672241210938,-38.1073417663574,0.1,1.07,1.42,4.52,3.73,5.88,3.48,2.91,4.47
"VIC","Greater Geelong",144.566375732422,-38.0351142883301,0.1,1.06,1.43,4.96,4.02,6.61,3.3,2.78,4.18
"VIC","Wyndham",144.640426635742,-38.0052757263184,0.1,1.06,1.45,4.96,4.02,6.61,3.11,2.65,3.9
"VIC","Wyndham",144.715637207031,-37.9673156738281,0.1,1.07,1.47,4.71,3.84,6.2,2.88,2.48,3.55
"VIC","Wyndham",144.800323486328,-37.9226760864258,0.1,1.05,1.47,4.5,3.69,5.87,2.78,2.4,3.4
"VIC","Bayside (Vic.)",144.973785400391,-37.9034385681152,0.1,1.05,1.57,4.48,3.66,5.91,2.59,2.27,3.12
"VIC","Kingston (Vic.)",145.104125976562,-38.0440711975098,0.1,1.06,1.59,4.18,3.45,5.43,2.36,2.11,2.77
"VIC","Mornington Peninsula",145.069442749023,-38.1770629882812,0.1,1.06,1.56,3.82,3.21,4.84,2.43,2.15,2.87
"VIC","Mornington Peninsula",145.028579711914,-38.2162742614746,0.1,1.06,1.51,3.78,3.18,4.76,2.52,2.22,3
"VIC","Mornington Peninsula",144.98030090332,-38.2909278869629,0.1,1.07,2.34,3.62,3.07,4.5,2.02,1.84,2.3
"VIC","Mornington Peninsula",144.711502075195,-38.3453521728516,0.1,1.03,2.52,3.54,2.99,4.45,1.64,1.54,1.8
"VIC","Mornington Peninsula",144.799087524414,-38.4085922241211,0.1,1.07,2.36,3.54,2.99,4.45,1.73,1.61,1.92
"VIC","Mornington Peninsula",144.880584716797,-38.4909248352051,0.1,1.07,2.23,3.6,3.04,4.55,1.84,1.69,2.05
"VIC","Mornington Peninsula",144.889007568359,-38.5022506713867,0.1,1.05,2.45,3.93,3.28,5.03,1.73,1.61,1.91
"VIC","Mornington Peninsula",144.935150146484,-38.499584197998,0.1,1.06,2.33,3.78,3.17,4.81,1.77,1.64,1.96
"VIC","Mornington Peninsula",145.001846313477,-38.4880523681641,0.1,1.06,1.67,3.7,3.11,4.7,2.42,2.14,2.87
"VIC","Bass Coast",145.211959838867,-38.5279922485352,0.1,1.97,2.91,3.73,3.13,4.74,1.96,1.79,2.22
"VIC","Bass Coast",145.113464355469,-38.5205268859863,0.1,1.97,3.3,3.66,3.07,4.66,1.76,1.63,1.95
"VIC","Bass Coast",145.319030761719,-38.5331535339355,0.1,1.98,3.56,3.63,3.06,4.61,1.64,1.53,1.79
"VIC","Bass Coast",145.344192504883,-38.5650634765625,0.1,1.97,3.11,3.66,3.08,4.64,1.9,1.74,2.14
"VIC","Bass Coast",145.450881958008,-38.5514945983887,0.1,1.98,3.41,3.56,3,4.5,1.72,1.6,1.9
"VIC","Bass Coast",145.509979248047,-38.5911598205566,0.1,1.98,3.32,3.46,2.93,4.36,1.79,1.65,2
"VIC","Bass Coast",145.600509643555,-38.6806640625,0.1,1.98,3.91,3.53,2.97,4.46,1.6,1.5,1.74
"VIC","Bass Coast",145.620834350586,-38.6789741516113,0.1,1.97,3.41,3.7,3.1,4.73,1.78,1.65,1.98
"VIC","Bass Coast",145.671844482422,-38.6737289428711,0.1,1.98,2.74,3.63,3.05,4.62,2.2,1.97,2.56
"VIC","South Gippsland",145.793563842773,-38.702205657959,0.1,1.98,2.76,3.41,2.88,4.29,2.16,1.94,2.51
"VIC","South Gippsland",145.814971923828,-38.7238578796387,0.1,1.98,2.88,3.41,2.89,4.3,2.02,1.84,2.31
"VIC","South Gippsland",145.868545532227,-38.8068962097168,0.1,1.98,2.69,3.46,2.92,4.37,2.16,1.95,2.5
"VIC","South Gippsland",145.91276550293,-38.9055824279785,0.1,1.97,2.56,3.71,3.1,4.75,2.38,2.11,2.81
"VIC","South Gippsland",145.990966796875,-38.8922653198242,0.1,1.97,2.48,3.85,3.2,4.97,2.49,2.19,2.97
"VIC","South Gippsland",146.011672973633,-38.8788261413574,0.1,1.97,2.3,3.75,3.13,4.81,2.66,2.32,3.2
"VIC","South Gippsland",146.120162963867,-38.8356971740723,0.1,1.98,2.44,3.53,2.97,4.46,2.42,2.14,2.86
"VIC","South Gippsland",146.194381713867,-38.8833122253418,0.1,1.99,3.13,3.23,2.75,4.01,1.8,1.66,2
"VIC","South Gippsland",146.262420654297,-38.9875793457031,0.1,1.99,2.49,3.35,2.84,4.2,2.16,1.96,2.47
"VIC","South Gippsland",146.313919067383,-39.0818901062012,0.1,1.98,2.49,3.56,2.99,4.5,2.18,1.97,2.49
"VIC","South Gippsland",146.323608398438,-39.0979347229004,0.1,1.97,3.08,3.67,3.08,4.68,1.99,1.81,2.27
"VIC","Unincorporated Vic",146.365310668945,-39.1418838500977,0.1,1.95,2.55,4.49,3.66,5.94,2.53,2.23,3
"VIC","South Gippsland",146.425231933594,-39.1314163208008,0.1,1.95,2.78,4.61,3.74,6.15,1.86,1.71,2.1
"VIC","South Gippsland",146.476226806641,-39.0241432189941,0.1,1.94,3.44,4.97,3.99,6.74,1.52,1.44,1.65
"VIC","South Gippsland",146.483413696289,-39.0663795471191,0.1,1.94,2.59,4.78,3.85,6.42,2.16,1.94,2.49
"VIC","South Gippsland",146.450546264648,-38.9980163574219,0.1,1.94,2.82,5.11,4.08,6.96,1.84,1.69,2.08
"VIC","South Gippsland",146.461624145508,-38.9421501159668,0.1,1.94,2.1,5.29,4.21,7.24,3.72,3.15,4.66
"VIC","Unincorporated Vic",146.514770507812,-38.9172515869141,0.1,1.94,2.07,5.32,4.23,7.28,3.73,3.15,4.69
"VIC","Wellington",146.535461425781,-38.7930603027344,0.1,1.93,2.05,5.87,4.63,8.11,4.12,3.43,5.3
"VIC","Wellington",146.522018432617,-38.7835998535156,0.1,1.93,2.28,5.97,4.69,8.29,3.26,2.8,4
"VIC","Wellington",146.433959960938,-38.730281829834,0.1,1.92,2.01,7.03,5.39,10.11,3.15,2.7,3.89
"VIC","Wellington",147.02409362793,-38.519416809082,0.1,0.98,1.23,3.72,3.14,4.67,2.99,2.58,3.66
"VIC","Wellington",147.07096862793,-38.4757423400879,0.1,0.99,1.3,3.55,3.02,4.43,2.71,2.36,3.27
"VIC","Wellington",147.189910888672,-38.3921127319336,0.1,0.99,1.34,3.6,3.04,4.52,2.53,2.23,3.02
"VIC","Wellington",147.261337280273,-38.3325843811035,0.1,0.98,1.35,3.81,3.19,4.87,2.51,2.21,2.99
"VIC","Wellington",147.33967590332,-38.2696342468262,0.1,0.98,1.4,3.94,3.28,5.06,2.42,2.14,2.88
"VIC","Wellington",147.453384399414,-38.1829528808594,0.1,0.98,1.43,3.79,3.18,4.8,2.34,2.08,2.76
"VIC","Wellington",147.522064208984,-38.1248092651367,0.1,0.98,1.33,3.92,3.28,5,2.49,2.2,2.95
"VIC","Wellington",147.615447998047,-38.0626106262207,0.1,0.97,1.36,4.27,3.51,5.56,2.43,2.15,2.86
"VIC","Wellington",147.695892333984,-38.0107536315918,0.1,0.96,1.49,4.61,3.75,6.13,2.23,2,2.59
"VIC","East Gippsland",147.829528808594,-37.9416542053223,0.1,0.95,1.51,5.05,4.05,6.86,2.2,1.98,2.55
"VIC","East Gippsland",147.875839233398,-37.9240379333496,0.1,0.95,1.52,5.1,4.08,6.92,2.22,1.99,2.57
"VIC","East Gippsland",148.034805297852,-37.877140045166,0.1,0.95,1.47,5.09,4.07,6.92,2.28,2.04,2.66
"VIC","East Gippsland",148.155181884766,-37.8430023193359,0.1,0.96,1.49,4.87,3.92,6.58,2.28,2.04,2.66
"VIC","East Gippsland",148.258483886719,-37.8193511962891,0.1,0.95,1.52,4.95,3.98,6.68,2.29,2.05,2.67
"VIC","East Gippsland",148.356628417969,-37.8117446899414,0.1,0.96,1.55,4.81,3.88,6.47,2.37,2.1,2.78
"VIC","East Gippsland",148.521102905273,-37.804370880127,0.1,0.95,1.56,4.94,3.97,6.67,2.37,2.11,2.79
"VIC","East Gippsland",148.585525512695,-37.8069458007812,0.1,0.96,1.61,4.86,3.91,6.55,2.44,2.16,2.89
"VIC","East Gippsland",148.72981262207,-37.8159523010254,0.1,0.94,1.78,5.52,4.38,7.58,2.32,2.07,2.73
"VIC","East Gippsland",148.786849975586,-37.7952995300293,0.1,0.96,1.81,4.84,3.91,6.49,2.23,2,2.59
"VIC","East Gippsland",148.886962890625,-37.7905311584473,0.1,0.96,1.79,4.46,3.64,5.89,2.33,2.08,2.73
"VIC","East Gippsland",149.046005249023,-37.7861557006836,0.1,0.96,1.84,4.57,3.73,6.03,2.28,2.04,2.66
"VIC","East Gippsland",149.16242980957,-37.7828369140625,0.1,1.37,2.34,4.52,3.7,5.94,2.17,1.95,2.5
"VIC","East Gippsland",149.273971557617,-37.8057403564453,0.1,1.36,2.23,5.11,4.12,6.86,2.29,2.05,2.67
"VIC","East Gippsland",149.366806030273,-37.7815475463867,0.1,1.37,2.34,4.62,3.77,6.08,2.15,1.94,2.48
"VIC","East Gippsland",149.426132202148,-37.7818412780762,0.1,1.37,2.27,4.7,3.83,6.19,2.23,2,2.59
"VIC","East Gippsland",149.480285644531,-37.7810363769531,0.1,1.37,2.06,4.73,3.85,6.26,2.45,2.16,2.91
"VIC","East Gippsland",149.494430541992,-37.7751312255859,0.1,1.37,2.15,4.79,3.9,6.34,2.27,2.03,2.65
"VIC","East Gippsland",149.602462768555,-37.7272529602051,0.1,1.37,2.76,4.75,3.86,6.28,1.74,1.61,1.92
"VIC","East Gippsland",149.671539306641,-37.6921310424805,0.1,1.37,2.32,4.78,3.89,6.33,1.96,1.79,2.22
"VIC","East Gippsland",149.713882446289,-37.6465682983398,0.1,1.37,2.5,4.72,3.84,6.23,1.84,1.69,2.05
"VIC","East Gippsland",149.721771240234,-37.6194801330566,0.1,1.37,1.98,4.63,3.78,6.1,2.33,2.08,2.74
"VIC","East Gippsland",149.768264770508,-37.5742301940918,0.1,1.37,1.47,4.61,3.77,6.05,3.04,2.61,3.76
"TAS","Huon Valley",146.70002746582,-43.6302795410156,0.1,1.18,1.55,4.54,3.69,6.06,2.93,2.53,3.59
"TAS","Huon Valley",146.725952148438,-43.6302185058594,0.1,1.18,2.27,4.31,3.53,5.66,2.11,1.9,2.43
"TAS","Huon Valley",146.823883056641,-43.6396865844727,0.1,1.2,1.95,3.9,3.25,5.01,2.53,2.22,3.01
"TAS","Huon Valley",146.83642578125,-43.6413917541504,0.1,1.2,2.14,3.91,3.26,5.02,2.19,1.97,2.54
"TAS","Huon Valley",146.875350952148,-43.6377182006836,0.1,1.2,1.57,3.79,3.18,4.81,2.94,2.53,3.6
"TAS","Huon Valley",146.65266418457,-43.6085815429688,0.1,1.17,3.11,4.91,3.93,6.66,1.49,1.41,1.61
"TAS","Huon Valley",146.925216674805,-43.5979690551758,0.1,1.2,3.95,3.72,3.13,4.71,1.49,1.41,1.6
"TAS","Huon Valley",146.024490356445,-43.5679931640625,0.1,1.16,1.4,6.04,4.82,8.18,4.3,3.53,5.65
"TAS","Huon Valley",146.041366577148,-43.5667343139648,0.1,1.14,1.58,7.32,5.66,10.34,3.1,2.65,3.85
"TAS","Huon Valley",146.100540161133,-43.5627288818359,0.1,1.15,1.36,6.48,5.08,8.98,4.35,3.55,5.74
"TAS","Huon Valley",146.117294311523,-43.5540924072266,0.1,1.15,2.72,7.07,5.47,10.02,1.82,1.67,2.05
"TAS","Huon Valley",146.204208374023,-43.5411643981934,0.1,1.15,1.82,6.78,5.26,9.57,2.39,2.13,2.81
"TAS","Huon Valley",146.289398193359,-43.5471343994141,0.1,1.15,2.9,6.92,5.32,9.94,1.65,1.55,1.8
"TAS","Huon Valley",146.330108642578,-43.5856704711914,0.1,1.16,1.92,6.05,4.74,8.45,2.42,2.15,2.83
"TAS","Huon Valley",146.375564575195,-43.5824508666992,0.1,1.15,2.18,6.3,4.87,8.98,1.96,1.79,2.22
"TAS","Huon Valley",146.386032104492,-43.586597442627,0.1,1.15,1.5,6.15,4.77,8.74,3.25,2.77,4.06
"TAS","Huon Valley",146.461120605469,-43.5462989807129,0.1,1.16,3.1,5.78,4.52,8.12,1.64,1.53,1.8
"TAS","Huon Valley",146.527770996094,-43.5751419067383,0.1,1.16,1.62,5.58,4.39,7.79,2.52,2.22,3
"TAS","Huon Valley",146.597885131836,-43.5658683776855,0.1,1.18,1.96,4.5,3.66,5.98,2.15,1.94,2.47
"TAS","Huon Valley",146.925354003906,-43.5755615234375,0.1,1.2,1.58,3.75,3.15,4.76,2.93,2.53,3.58
"TAS","Huon Valley",146.02912902832,-43.5403099060059,0.1,1.15,1.48,6.66,5.24,9.18,3.76,3.14,4.83
"TAS","Huon Valley",146.963455200195,-43.5297203063965,0.1,1.2,3.07,3.81,3.19,4.84,1.66,1.55,1.83
"TAS","Kingborough",147.287857055664,-43.5285034179688,0.1,1.2,2.48,3.84,3.21,4.9,1.97,1.8,2.23
"TAS","Kingborough",147.299224853516,-43.5296592712402,0.1,1.18,1.75,4.65,3.78,6.18,2.7,2.36,3.23
"TAS","Huon Valley",145.998428344727,-43.4649772644043,0.1,1.15,1.52,6.3,4.99,8.58,3.56,2.99,4.52
"TAS","Huon Valley",146.991561889648,-43.4864807128906,0.1,1.2,1.97,3.86,3.23,4.93,2.31,2.06,2.7
"TAS","Kingborough",147.1865234375,-43.4901275634766,0.1,1.19,2.31,3.94,3.28,5.06,1.9,1.74,2.14
"TAS","Kingborough",147.331878662109,-43.4914779663086,0.1,1.18,1.99,4.67,3.78,6.25,2.17,1.96,2.5
"TAS","Huon Valley",145.960891723633,-43.4287185668945,0.1,1.15,1.68,6.69,5.26,9.25,2.68,2.35,3.2
"TAS","Huon Valley",147.029708862305,-43.4380493164062,0.1,1.2,1.45,3.9,3.25,4.99,3.45,2.92,4.35
"TAS","Kingborough",147.205184936523,-43.4563064575195,0.1,1.19,1.74,3.94,3.28,5.07,2.57,2.27,3.04
"TAS","Kingborough",147.349029541016,-43.4391441345215,0.1,1.18,2.34,4.63,3.75,6.19,1.86,1.71,2.08
"TAS","Huon Valley",145.957672119141,-43.4231262207031,0.1,1.2,1.43,3.76,3.15,4.77,3.11,2.67,3.83
"TAS","Huon Valley",147.029922485352,-43.4311828613281,0.1,1.19,1.26,3.94,3.28,5.06,3.9,3.25,5.03
"TAS","Kingborough",147.169281005859,-43.4217338562012,0.1,1.19,2.24,4.01,3.33,5.18,1.85,1.7,2.07
"TAS","Kingborough",147.381912231445,-43.3907890319824,0.1,1.18,2.01,4.64,3.76,6.2,1.97,1.81,2.21
"TAS","Huon Valley",145.953216552734,-43.3851013183594,0.1,1.2,1.29,3.8,3.17,4.85,3.75,3.13,4.79
"TAS","Kingborough",147.100143432617,-43.3887329101562,0.1,1.19,1.41,4.09,3.39,5.3,3.71,3.11,4.72
"TAS","Kingborough",147.174331665039,-43.3735466003418,0.1,1.19,2.17,4.09,3.38,5.29,1.96,1.79,2.22
"TAS","Kingborough",147.388381958008,-43.3743095397949,0.1,1.18,2.96,4.65,3.77,6.22,1.71,1.59,1.9
"TAS","West Coast",145.860122680664,-43.3240089416504,0.1,1.15,3.08,6.9,5.4,9.6,1.78,1.64,1.99
"TAS","West Coast",145.872009277344,-43.3267440795898,0.1,1.14,1.76,7.38,5.72,10.4,2.78,2.42,3.35
"TAS","Huon Valley",147.072708129883,-43.332218170166,0.1,1.19,1.37,4.12,3.41,5.34,3.91,3.26,5.02
"TAS","Kingborough",147.175140380859,-43.3535766601562,0.1,1.19,2.11,4.12,3.41,5.34,2.04,1.85,2.33
"TAS","Kingborough",147.387649536133,-43.3644943237305,0.1,1.18,3.74,4.65,3.77,6.22,1.4,1.34,1.48
"TAS","West Coast",145.809722900391,-43.2847747802734,0.1,1.17,1.38,4.94,4.02,6.52,3.82,3.2,4.86
"TAS","Huon Valley",147.145385742188,-43.2968673706055,0.1,1.19,1.51,4.17,3.45,5.43,2.85,2.49,3.39
"TAS","Kingborough",147.343643188477,-43.2917823791504,0.1,1.18,3.81,4.7,3.8,6.3,1.38,1.33,1.46
"TAS","West Coast",145.810775756836,-43.2693901062012,0.1,1.22,1.58,3.34,2.85,4.14,2.84,2.48,3.4
"TAS","Kingborough",147.368865966797,-43.2646980285645,0.1,1.18,1.49,4.73,3.82,6.34,3.48,2.95,4.38
"TAS","Kingborough",147.424240112305,-43.2564239501953,0.1,1.18,2.85,4.73,3.82,6.35,1.67,1.56,1.83
"TAS","Tasman",147.774551391602,-43.2328567504883,0.1,1.18,2.89,4.68,3.79,6.26,1.64,1.53,1.79
"TAS","Tasman",147.796905517578,-43.2448196411133,0.1,1.17,1.91,4.9,3.94,6.63,2.09,1.89,2.38
"TAS","West Coast",145.780456542969,-43.2245597839355,0.1,1.21,1.44,3.47,2.96,4.29,3.76,3.15,4.78
"TAS","Kingborough",147.43603515625,-43.2273254394531,0.1,1.18,2.59,4.71,3.81,6.32,1.7,1.59,1.88
"TAS","Tasman",147.715576171875,-43.1994171142578,0.1,1.17,1.99,4.74,3.83,6.37,2.28,2.04,2.67
"TAS","Tasman",147.862182617188,-43.2088279724121,0.1,1.17,1.96,4.97,3.98,6.74,2.39,2.12,2.82
"TAS","Tasman",147.872680664062,-43.2120361328125,0.1,1.17,3.02,4.95,3.97,6.71,1.63,1.53,1.79
"TAS","Tasman",147.958618164062,-43.2214050292969,0.1,1.17,2.16,5.05,4.04,6.88,2.14,1.94,2.45
"TAS","Tasman",147.998931884766,-43.2302474975586,0.1,1.17,2.2,5.07,4.06,6.91,1.86,1.71,2.07
"TAS","West Coast",145.754043579102,-43.1833763122559,0.1,1.15,1.52,6.6,5.17,9.15,3.64,3.07,4.59
"TAS","Kingborough",147.433731079102,-43.2078018188477,0.1,1.18,2.49,4.71,3.81,6.31,1.76,1.63,1.96
"TAS","Tasman",147.696899414062,-43.1781997680664,0.1,1.18,2.2,4.7,3.8,6.3,1.72,1.6,1.9
"TAS","Tasman",148.010375976562,-43.2168273925781,0.1,1.16,1.8,5.88,4.61,8.22,2.49,2.21,2.94
"TAS","West Coast",145.696655273438,-43.1235504150391,0.1,1.14,1.59,8.59,6.47,12.63,3.25,2.79,3.99
"TAS","Kingborough",147.411727905273,-43.1649971008301,0.1,1.18,2.31,4.72,3.81,6.33,1.9,1.74,2.13
"TAS","Tasman",147.666564941406,-43.140209197998,0.1,1.18,2.11,4.72,3.81,6.33,1.93,1.76,2.19
"TAS","Tasman",148.008834838867,-43.1421737670898,0.1,1.16,1.99,5.88,4.61,8.23,2.01,1.84,2.27
"TAS","West Coast",145.685073852539,-43.112190246582,0.1,1.2,1.74,3.92,3.29,4.98,2.63,2.31,3.14
"TAS","Kingborough",147.404937744141,-43.1275825500488,0.1,1.18,1.38,4.71,3.8,6.31,4.09,3.38,5.31
"TAS","Tasman",147.647872924805,-43.0914535522461,0.1,1.17,2.16,4.74,3.83,6.37,1.82,1.67,2.03
"TAS","Tasman",148.007949829102,-43.133716583252,0.1,1.16,1.92,5.78,4.54,8.06,2.09,1.9,2.36
"TAS","West Coast",145.647384643555,-43.0529747009277,0.1,1.22,1.45,3.38,2.89,4.17,3.92,3.26,5.04
"TAS","Clarence",147.42106628418,-43.0523529052734,0.1,1.18,1.36,4.73,3.82,6.34,4.17,3.43,5.45
"TAS","Tasman",147.63232421875,-43.0770645141602,0.1,1.17,2.03,4.76,3.84,6.4,1.81,1.67,2.01
"TAS","Tasman",147.969223022461,-43.0835113525391,0.1,1.16,5.04,5.76,4.53,8.02,1.32,1.27,1.39
"TAS","West Coast",145.606002807617,-43.012264251709,0.1,1.2,1.38,3.92,3.29,4.97,4.03,3.35,5.18
"TAS","Kingborough",147.348052978516,-43.0447425842285,0.1,1.18,1.35,4.67,3.78,6.25,4.25,3.47,5.63
"TAS","Clarence",147.474639892578,-43.0356559753418,0.1,1.17,1.43,4.75,3.83,6.38,3.9,3.23,5.08
"TAS","Clarence",147.52082824707,-43.0234298706055,0.1,1.18,1.35,4.74,3.82,6.37,4.4,3.59,5.82
"TAS","Tasman",147.620849609375,-43.0335884094238,0.1,1.17,1.6,4.88,3.92,6.62,2.34,2.09,2.72
"TAS","Tasman",147.953903198242,-43.0417671203613,0.1,1.16,2.84,5.75,4.52,8,1.72,1.59,1.91
"TAS","West Coast",145.525390625,-42.9875373840332,0.1,1.13,5.27,9.46,7.01,14.24,1.28,1.24,1.34
"TAS","West Coast",145.598937988281,-42.99365234375,0.1,1.21,1.33,3.62,3.05,4.56,3.96,3.29,5.12
"TAS","Clarence",147.420562744141,-42.9977531433105,0.1,1.18,1.39,4.66,3.77,6.26,4.08,3.35,5.37
"TAS","Clarence",147.553817749023,-42.989860534668,0.1,1.17,1.58,4.86,3.9,6.59,3.35,2.83,4.24
"TAS","Tasman",147.631622314453,-42.9938316345215,0.1,1.17,1.89,5.14,4.09,7.05,2.01,1.82,2.29
"TAS","Tasman",147.986022949219,-42.9831314086914,0.1,1.06,3.56,5.71,4.5,7.94,1.42,1.36,1.51
"TAS","West Coast",145.488647460938,-42.9550094604492,0.1,1.14,1.55,7.79,5.9,11.41,4.02,3.3,5.28
"TAS","Clarence",147.554840087891,-42.9659843444824,0.1,1.17,1.33,5.05,4.02,6.91,4.27,3.49,5.65
"TAS","Tasman",147.632385253906,-42.9556884765625,0.1,1.17,2.01,5.21,4.14,7.18,1.9,1.74,2.15
"TAS","Tasman",148.003829956055,-42.9639625549316,0.1,1.07,2.68,5.64,4.45,7.82,1.65,1.55,1.79
"TAS","West Coast",145.449157714844,-42.9071311950684,0.1,1.2,1.45,3.77,3.19,4.72,4.24,3.46,5.65
"TAS","Clarence",147.537948608398,-42.9388542175293,0.1,1.17,1.29,5.11,4.06,7.01,4.54,3.67,6.12
"TAS","Tasman",147.640472412109,-42.9432792663574,0.1,1.17,2.11,5.26,4.17,7.26,1.8,1.66,2.01
"TAS","Tasman",148.00407409668,-42.916877746582,0.1,1.07,2.89,5.64,4.45,7.8,1.57,1.48,1.7
"TAS","West Coast",145.431121826172,-42.8805046081543,0.1,1.22,1.41,3.32,2.84,4.1,3.95,3.25,5.17
"TAS","Clarence",147.515411376953,-42.879077911377,0.1,1.17,1.3,5.2,4.13,7.15,4.4,3.58,5.85
"TAS","Sorell",147.600143432617,-42.8698997497559,0.1,1.17,1.88,5.19,4.13,7.14,1.8,1.67,2
"TAS","Tasman",147.98518371582,-42.8885726928711,0.1,1.06,3.74,5.65,4.46,7.81,1.4,1.34,1.49
"TAS","West Coast",145.415832519531,-42.836971282959,0.1,1.15,1.47,6.38,4.97,8.97,4.34,3.54,5.78
"TAS","Clarence",147.536834716797,-42.8490219116211,0.1,1.17,1.32,5.09,4.06,6.97,4.3,3.51,5.71
"TAS","Clarence",147.579864501953,-42.8435554504395,0.1,1.17,1.63,5.18,4.12,7.13,2.16,1.95,2.47
"TAS","Tasman",147.924240112305,-42.8430862426758,0.1,1.06,3.59,5.69,4.5,7.87,1.46,1.38,1.56
"TAS","West Coast",145.382736206055,-42.7888107299805,0.1,1.13,1.28,9.2,6.77,14.05,4,3.3,5.22
"TAS","Sorell",147.520858764648,-42.803165435791,0.1,1.17,1.37,5.16,4.13,7.01,3.8,3.16,4.89
"TAS","Sorell",147.581939697266,-42.8016395568848,0.1,1.16,2.44,5.88,4.58,8.32,1.83,1.68,2.05
"TAS","West Coast",145.376937866211,-42.7676277160645,0.1,1.17,1.42,4.85,3.92,6.5,3.48,2.95,4.35
"TAS","Sorell",147.932952880859,-42.7424583435059,0.1,1.06,2.24,5.75,4.53,7.96,1.86,1.71,2.08
"TAS","West Coast",145.368698120117,-42.7230072021484,0.1,1.15,1.74,6.16,4.82,8.64,2.52,2.23,2.97
"TAS","Glamorgan-Spring Bay",148.006561279297,-42.7278175354004,0.1,1.06,1.75,5.71,4.51,7.9,2.12,1.92,2.43
"TAS","Glamorgan-Spring Bay",148.054504394531,-42.7257995605469,0.1,1.06,1.78,5.79,4.56,8.03,2.09,1.9,2.39
"TAS","Glamorgan-Spring Bay",148.096984863281,-42.7202072143555,0.1,1.06,1.61,5.87,4.62,8.16,2.58,2.28,3.05
"TAS","West Coast",145.331405639648,-42.6594543457031,0.1,1.15,2.37,7.06,5.41,10.18,1.7,1.58,1.87
"TAS","Glamorgan-Spring Bay",148.148025512695,-42.669303894043,0.1,1.06,2.33,6,4.7,8.39,1.71,1.6,1.88
"TAS","West Coast",145.32160949707,-42.6448287963867,0.1,1.22,2.28,3.25,2.79,3.99,1.73,1.61,1.92
"TAS","Glamorgan-Spring Bay",148.169342041016,-42.6512565612793,0.1,1.06,1.98,6.09,4.76,8.54,2.03,1.84,2.33
"TAS","West Coast",145.264724731445,-42.6105651855469,0.1,1.18,2.16,4.56,3.71,6.06,1.79,1.66,1.99
"TAS","Glamorgan-Spring Bay",148.160095214844,-42.6400108337402,0.1,1.06,2.27,6.1,4.78,8.53,1.84,1.69,2.06
"TAS","West Coast",145.27473449707,-42.5649108886719,0.1,1.19,1.42,4.25,3.5,5.56,4.3,3.54,5.59
"TAS","Glamorgan-Spring Bay",148.055892944336,-42.579460144043,0.1,1.06,1.75,5.81,4.59,8.02,1.99,1.82,2.25
"TAS","Glamorgan-Spring Bay",148.107009887695,-42.5763397216797,0.1,1.06,2.01,5.94,4.67,8.23,1.76,1.63,1.94
"TAS","Glamorgan-Spring Bay",148.123977661133,-42.5849571228027,0.1,1.06,2.15,5.95,4.68,8.26,1.9,1.74,2.14
"TAS","West Coast",145.262847900391,-42.5347366333008,0.1,2.05,2.73,2.78,2.42,3.34,1.97,1.79,2.24
"TAS","West Coast",145.237335205078,-42.4822196960449,0.1,1.98,2.78,4.31,3.53,5.66,1.73,1.61,1.9
"TAS","Glamorgan-Spring Bay",148.008987426758,-42.5015869140625,0.1,1.06,1.95,5.81,4.59,8.02,1.99,1.81,2.27
"TAS","West Coast",145.231674194336,-42.466968536377,0.1,1.96,2.71,5.4,4.28,7.43,1.91,1.76,2.15
"TAS","Glamorgan-Spring Bay",148.014312744141,-42.4557800292969,0.1,1.06,1.95,5.87,4.63,8.13,2.11,1.9,2.42
"TAS","West Coast",145.232315063477,-42.4186172485352,0.1,2.02,2.56,3.2,2.76,3.91,1.97,1.8,2.23
"TAS","Glamorgan-Spring Bay",148.011306762695,-42.4395561218262,0.1,1.06,1.85,5.86,4.62,8.1,2.07,1.87,2.38
"TAS","West Coast",145.21257019043,-42.3617858886719,0.1,2,2.61,3.74,3.13,4.77,2.13,1.92,2.46
"TAS","Glamorgan-Spring Bay",148.015411376953,-42.372974395752,0.1,1.06,1.69,5.98,4.7,8.31,2.38,2.12,2.8
"TAS","West Coast",145.191223144531,-42.3330688476562,0.1,1.93,2.69,8.65,6.42,13.06,2.21,1.98,2.58
"TAS","Glamorgan-Spring Bay",148.02897644043,-42.3470230102539,0.1,1.06,2.16,6.03,4.73,8.4,1.76,1.63,1.94
"TAS","Glamorgan-Spring Bay",148.258193969727,-42.3345336914062,0.1,1.05,2.18,6.74,5.19,9.65,1.77,1.64,1.97
"TAS","Glamorgan-Spring Bay",148.319534301758,-42.3450050354004,0.1,1.05,1.82,6.89,5.3,9.88,2.25,2.01,2.62
"TAS","West Coast",145.176895141602,-42.2989883422852,0.1,1.97,2.43,5.12,4.11,6.91,2.65,2.32,3.19
"TAS","Glamorgan-Spring Bay",148.017181396484,-42.2893524169922,0.1,1.06,1.87,6.12,4.79,8.58,2.12,1.93,2.41
"TAS","Glamorgan-Spring Bay",148.228851318359,-42.3110466003418,0.1,1.05,2.21,6.8,5.22,9.79,1.64,1.54,1.79
"TAS","Glamorgan-Spring Bay",148.330047607422,-42.3185920715332,0.1,1.05,1.92,6.65,5.16,9.41,2.1,1.9,2.41
"TAS","West Coast",145.188659667969,-42.2482681274414,0.1,1.97,2.36,5.25,4.2,7.14,3.03,2.6,3.73
"TAS","Glamorgan-Spring Bay",148.029907226562,-42.2586402893066,0.1,1.06,1.3,6.26,4.87,8.83,4.48,3.66,5.91
"TAS","Glamorgan-Spring Bay",148.251510620117,-42.2540512084961,0.1,1.05,1.67,7.04,5.36,10.28,2.1,1.9,2.41
"TAS","Glamorgan-Spring Bay",148.324981689453,-42.2534446716309,0.1,1.05,2.21,6.71,5.2,9.53,1.86,1.71,2.09
"TAS","West Coast",145.171859741211,-42.2119636535645,0.1,2.03,2.42,3.15,2.72,3.83,2.65,2.32,3.19
"TAS","Glamorgan-Spring Bay",148.071105957031,-42.1934814453125,0.1,1.05,1.37,6.58,5.06,9.46,3.9,3.24,5.04
"TAS","Glamorgan-Spring Bay",148.248123168945,-42.2307014465332,0.1,1.05,2.12,6.98,5.32,10.19,1.69,1.58,1.86
"TAS","Glamorgan-Spring Bay",148.34782409668,-42.2207717895508,0.1,1.05,1.73,6.81,5.25,9.71,2.21,1.99,2.55
"TAS","West Coast",145.199859619141,-42.1949310302734,0.1,1.94,2.53,7.21,5.5,10.47,2.32,2.07,2.7
"TAS","West Coast",145.25276184082,-42.1763648986816,0.1,1.99,2.37,4.08,3.38,5.28,3.02,2.61,3.7
"TAS","Glamorgan-Spring Bay",148.085830688477,-42.1706275939941,0.1,1.05,1.26,6.63,5.09,9.55,4.39,3.6,5.75
"TAS","Glamorgan-Spring Bay",148.254638671875,-42.1658248901367,0.1,1.05,3.07,7.06,5.36,10.33,1.44,1.37,1.54
"TAS","Glamorgan-Spring Bay",148.357803344727,-42.1832542419434,0.1,1.05,1.63,7.09,5.42,10.23,2.31,2.06,2.69
"TAS","West Coast",145.259750366211,-42.1467628479004,0.1,2.02,3.07,3.22,2.76,3.97,1.73,1.61,1.91
"TAS","Glamorgan-Spring Bay",148.082427978516,-42.1415100097656,0.1,1.05,1.29,6.7,5.14,9.7,4.11,3.4,5.33
"TAS","Glamorgan-Spring Bay",148.243194580078,-42.1159973144531,0.1,1.05,1.62,7.03,5.35,10.25,2.14,1.93,2.46
"TAS","Glamorgan-Spring Bay",148.341522216797,-42.1320266723633,0.1,1.05,1.52,7.14,5.45,10.34,2.45,2.17,2.88
"TAS","West Coast",145.255340576172,-42.1075897216797,0.1,1.97,2.23,5.29,4.22,7.21,4.08,3.39,5.27
"TAS","Glamorgan-Spring Bay",148.108413696289,-42.0997619628906,0.1,1.05,1.29,7.04,5.35,10.33,4.19,3.46,5.45
"TAS","Glamorgan-Spring Bay",148.15641784668,-42.0934715270996,0.1,1.05,1.29,7.2,5.46,10.61,4.16,3.44,5.41
"TAS","Glamorgan-Spring Bay",148.218154907227,-42.1014633178711,0.1,1.05,1.7,7.24,5.49,10.63,2.21,1.98,2.57
"TAS","Glamorgan-Spring Bay",148.35368347168,-42.1143798828125,0.1,1.05,1.59,6.97,5.35,10.01,2.44,2.16,2.87
"TAS","West Coast",145.247283935547,-42.0595054626465,0.1,2,2.55,3.92,3.28,5.02,2.34,2.08,2.76
"TAS","Glamorgan-Spring Bay",148.329803466797,-42.0832252502441,0.1,1.05,1.9,7.15,5.46,10.37,2.12,1.91,2.44
"TAS","West Coast",145.229965209961,-42.0238990783691,0.1,1.98,2.5,4.54,3.71,5.98,2.4,2.12,2.83
"TAS","Glamorgan-Spring Bay",148.290771484375,-42.0331077575684,0.1,1.05,1.87,7.15,5.46,10.37,2.16,1.95,2.5
"TAS","West Coast",145.205535888672,-41.9772605895996,0.1,1.97,2.74,4.76,3.87,6.32,2.21,1.98,2.56
"TAS","West Coast",145.210815429688,-41.987922668457,0.1,1.96,2.59,5.54,4.41,7.57,2.07,1.87,2.36
"TAS","Glamorgan-Spring Bay",148.293594360352,-41.9944076538086,0.1,1.05,1.74,7.35,5.58,10.74,2.5,2.22,2.95
"TAS","West Coast",145.151718139648,-41.9276809692383,0.1,1.93,2.53,9.44,6.94,14.42,2.6,2.28,3.11
"TAS","Glamorgan-Spring Bay",148.326049804688,-41.9238891601562,0.1,1.04,3.21,7.98,5.98,11.91,1.6,1.51,1.75
"TAS","West Coast",145.123046875,-41.9068222045898,0.1,1.93,2.5,9.8,7.17,15.1,2.68,2.34,3.22
"TAS","Glamorgan-Spring Bay",148.32600402832,-41.9160652160645,0.1,1.04,1.89,7.75,5.84,11.47,2.3,2.06,2.68
"TAS","West Coast",145.065216064453,-41.8570671081543,0.1,1.93,2.66,9.68,7.09,14.87,2.31,2.05,2.71
"TAS","Glamorgan-Spring Bay",148.313522338867,-41.8726387023926,0.1,1.04,1.57,7.79,5.86,11.54,2.46,2.17,2.93
"TAS","Glamorgan-Spring Bay",148.285293579102,-41.8549880981445,0.1,1.04,1.85,8.01,6,11.93,2.17,1.96,2.51
"TAS","West Coast",144.993347167969,-41.7665786743164,0.1,1.97,2.37,4.87,3.93,6.54,2.56,2.26,3.03
"TAS","Break O'Day",148.276168823242,-41.7884788513184,0.1,1.04,1.43,8.6,6.37,13.03,2.66,2.34,3.18
"TAS","West Coast",144.968856811523,-41.7353935241699,0.1,1.97,2.45,5.18,4.14,7.02,2.57,2.26,3.05
"TAS","Break O'Day",148.304916381836,-41.7495002746582,0.1,1.04,1.65,8.3,6.19,12.49,2.48,2.19,2.95
"TAS","West Coast",144.913070678711,-41.7110061645508,0.1,2.01,2.41,3.61,3.05,4.55,2.27,2.04,2.64
"TAS","Break O'Day",148.29084777832,-41.712272644043,0.1,1.04,1.34,8.52,6.33,12.83,2.98,2.58,3.63
"TAS","West Coast",144.905609130859,-41.6852493286133,0.1,1.94,2.6,7.75,5.88,11.32,2.25,2.01,2.6
"TAS","Break O'Day",148.295654296875,-41.6715774536133,0.1,1.04,1.41,8.46,6.3,12.69,2.6,2.29,3.09
"TAS","Circular Head",144.895599365234,-41.6370429992676,0.1,1.96,2.58,5.51,4.37,7.58,2.26,2.02,2.62
"TAS","Break O'Day",148.323333740234,-41.622428894043,0.1,1.04,1.56,8.22,6.16,12.23,2.48,2.2,2.94
"TAS","Circular Head",144.87744140625,-41.5798988342285,0.1,1.97,2.85,4.89,3.95,6.55,1.86,1.71,2.09
"TAS","Break O'Day",148.323577880859,-41.5981369018555,0.1,1.04,1.4,8.13,6.11,12.06,2.97,2.57,3.62
"TAS","Circular Head",144.852844238281,-41.5486030578613,0.1,1.93,2.87,9.2,6.83,13.84,1.82,1.69,2.03
"TAS","Break O'Day",148.303894042969,-41.5573692321777,0.1,1.04,1.8,8.17,6.13,12.12,2.25,2.01,2.62
"TAS","Circular Head",144.818405151367,-41.5034866333008,0.1,1.95,2.98,6.79,5.26,9.63,1.7,1.58,1.86
"TAS","Break O'Day",148.286987304688,-41.5200653076172,0.1,1.04,1.39,8.32,6.22,12.39,2.86,2.48,3.45
"TAS","Circular Head",144.797225952148,-41.4758071899414,0.1,1.94,2.59,7.81,5.94,11.33,2.1,1.9,2.4
"TAS","Break O'Day",148.269668579102,-41.4799690246582,0.1,1.04,2.2,8.26,6.19,12.3,1.95,1.78,2.22
"TAS","Circular Head",144.749847412109,-41.4273529052734,0.1,1.94,2.56,7.76,5.9,11.28,2.34,2.08,2.73
"TAS","Break O'Day",148.28434753418,-41.4291572570801,0.1,1.91,2.33,8.47,6.32,12.68,2.76,2.41,3.32
"TAS","Circular Head",144.751449584961,-41.4097518920898,0.1,1.96,2.54,5.92,4.69,8.11,2.35,2.09,2.75
"TAS","Break O'Day",148.297515869141,-41.3928070068359,0.1,1.92,2.38,8.2,6.15,12.17,2.67,2.34,3.18
"TAS","Circular Head",144.760650634766,-41.350212097168,0.1,1.95,2.61,6.94,5.38,9.81,2.3,2.05,2.7
"TAS","Break O'Day",148.308197021484,-41.3584861755371,0.1,1.92,2.41,8.02,6.05,11.8,2.67,2.35,3.19
"TAS","Circular Head",144.714797973633,-41.298942565918,0.1,1.96,2.48,5.42,4.33,7.36,2.5,2.21,2.97
"TAS","Break O'Day",148.335403442383,-41.3010597229004,0.1,1.92,2.47,8.18,6.16,12.09,2.55,2.25,3.02
"TAS","Circular Head",144.707702636719,-41.2828521728516,0.1,1.98,2.54,4.69,3.81,6.21,2.29,2.05,2.67
"TAS","Break O'Day",148.365814208984,-41.2782859802246,0.1,1.92,2.88,8.12,6.11,11.99,2.19,1.97,2.55
"TAS","Circular Head",144.682250976562,-41.2399520874023,0.1,1.99,3.9,4.11,3.4,5.32,1.39,1.33,1.48
"TAS","Break O'Day",148.316146850586,-41.2480316162109,0.1,1.92,2.56,7.85,5.95,11.46,2.44,2.15,2.9
"TAS","Circular Head",144.684188842773,-41.2004814147949,0.1,1.99,3.44,4.09,3.39,5.28,1.44,1.37,1.55
"TAS","Break O'Day",148.289001464844,-41.2092742919922,0.1,1.92,2.63,7.65,5.83,11.09,2.42,2.14,2.87
"TAS","Circular Head",144.669128417969,-41.1608581542969,0.1,2,2.89,3.92,3.26,5.03,1.63,1.53,1.78
"TAS","Break O'Day",148.287109375,-41.1660232543945,0.1,1.93,2.75,6.74,5.23,9.53,2.34,2.08,2.76
"TAS","Circular Head",144.661819458008,-41.1233596801758,0.1,1.99,3.08,4.11,3.41,5.32,2.88,2.49,3.52
"TAS","Central Coast (Tas.)",146.15837097168,-41.1372108459473,0.1,2,2.39,4.08,3.38,5.28,2.73,2.38,3.3
"TAS","Central Coast (Tas.)",146.198120117188,-41.1493263244629,0.1,2,2.31,4.02,3.33,5.18,2.86,2.48,3.49
"TAS","Central Coast (Tas.)",146.2568359375,-41.1485290527344,0.1,2,2.33,4.03,3.35,5.2,2.83,2.46,3.44
"TAS","Devonport",146.321304321289,-41.1522064208984,0.1,2,2.45,3.98,3.31,5.13,2.63,2.31,3.17
"TAS","Latrobe (Tas.)",146.430786132812,-41.155158996582,0.1,2.01,2.46,3.88,3.24,4.96,2.66,2.32,3.19
"TAS","Latrobe (Tas.)",146.492980957031,-41.1431465148926,0.1,2.01,2.47,3.87,3.24,4.95,2.63,2.3,3.14
"TAS","Latrobe (Tas.)",146.525863647461,-41.1228256225586,0.1,2.01,2.27,3.93,3.28,5.03,2.81,2.44,3.39
"TAS","Latrobe (Tas.)",146.589111328125,-41.1430435180664,0.1,2.01,2.48,3.78,3.17,4.8,1.52,1.44,1.64
"TAS","Break O'Day",148.282577514648,-41.1071319580078,0.1,1.92,2.55,7.5,5.74,10.79,2.43,2.15,2.89
"TAS","Circular Head",144.664001464844,-41.0789909362793,0.1,1.99,3.28,4.22,3.5,5.42,2.8,2.42,3.43
"TAS","Central Coast (Tas.)",146.043014526367,-41.0946350097656,0.1,1.99,2.42,4.1,3.39,5.32,2.78,2.41,3.38
"TAS","Central Coast (Tas.)",146.093994140625,-41.1137771606445,0.1,1.99,2.44,4.1,3.39,5.31,2.58,2.27,3.06
"TAS","Latrobe (Tas.)",146.640960693359,-41.0928993225098,0.1,1.98,2.19,3.89,3.25,4.96,1.68,1.57,1.84
"TAS","Break O'Day",148.294143676758,-41.0832061767578,0.1,1.92,3.78,7.41,5.68,10.64,1.64,1.53,1.79
"TAS","Circular Head",144.630340576172,-41.0435943603516,0.1,1.98,3.46,4.37,3.6,5.67,2.55,2.23,3.07
"TAS","Burnie",145.97412109375,-41.0647888183594,0.1,1.99,2.44,4.13,3.42,5.35,2.61,2.29,3.1
"TAS","West Tamar",146.705780029297,-41.0612106323242,0.1,1.97,2.4,3.94,3.29,5.03,2.58,2.27,3.06
"TAS","West Tamar",146.720199584961,-41.0631256103516,0.1,1.97,1.91,3.91,3.27,4.98,1.94,1.77,2.19
"TAS","Break O'Day",148.299789428711,-41.0481185913086,0.1,1.92,2.6,7.28,5.6,10.41,2.51,2.21,2.98
"TAS","Circular Head",144.602462768555,-41.0091133117676,0.1,1.98,3.12,4.72,3.86,6.17,2.77,2.41,3.35
"TAS","Waratah-Wynyard",145.83430480957,-41.0343780517578,0.1,1.99,2.57,3.97,3.3,5.12,2.72,2.36,3.31
"TAS","Burnie",145.913665771484,-41.0499877929688,0.1,1.99,2.65,4.09,3.38,5.29,2.29,2.05,2.64
"TAS","George Town",146.850326538086,-41.0287094116211,0.1,1.97,2.59,3.9,3.27,4.94,2.36,2.11,2.74
"TAS","George Town",146.880859375,-41.0161895751953,0.1,1.97,1.8,3.92,3.29,4.98,2.29,2.05,2.66
"TAS","Break O'Day",148.353164672852,-40.994701385498,0.1,1.93,4.07,6.94,5.37,9.83,1.64,1.53,1.8
"TAS","Circular Head",144.611099243164,-40.9469757080078,0.1,1.97,3.29,4.87,3.97,6.41,2.5,2.2,2.97
"TAS","Waratah-Wynyard",145.757232666016,-40.9896659851074,0.1,1.99,3.7,4.05,3.36,5.23,1.6,1.51,1.73
"TAS","George Town",147.00080871582,-40.9813957214355,0.1,1.97,2.9,4.02,3.36,5.12,1.99,1.82,2.24
"TAS","George Town",147.050521850586,-40.9833717346191,0.1,1.97,2.36,3.96,3.31,5.03,2.92,2.54,3.52
"TAS","George Town",147.10888671875,-40.9926414489746,0.1,1.97,2.69,3.99,3.34,5.07,2.24,2.02,2.57
"TAS","George Town",147.168502807617,-41.000904083252,0.1,1.97,2.73,3.94,3.3,4.99,2.28,2.05,2.61
"TAS","Dorset",147.230133056641,-40.9747161865234,0.1,1.97,3.31,3.96,3.32,5.03,1.72,1.6,1.88
"TAS","Dorset",147.39714050293,-40.9836044311523,0.1,1.98,2.87,3.84,3.24,4.82,2.06,1.88,2.33
"TAS","Dorset",147.488128662109,-40.9723701477051,0.1,1.97,1.85,3.97,3.33,5.02,2.27,2.03,2.63
"TAS","Break O'Day",148.352798461914,-40.9916381835938,0.1,1.93,3.73,6.94,5.37,9.81,1.7,1.59,1.87
"TAS","Circular Head",144.626983642578,-40.9217834472656,0.1,1.95,3.72,6.51,5.06,9.19,2.11,1.9,2.44
"TAS","Waratah-Wynyard",145.689300537109,-40.935115814209,0.1,2,2.53,3.9,3.25,5,2.68,2.33,3.26
"TAS","Waratah-Wynyard",145.72607421875,-40.9378356933594,0.1,2,2.72,3.91,3.26,5.02,2.33,2.1,2.68
"TAS","Dorset",147.282119750977,-40.9394226074219,0.1,1.97,3.12,4.1,3.41,5.25,1.91,1.76,2.14
"TAS","Dorset",147.329818725586,-40.9436912536621,0.1,1.97,3.07,3.96,3.32,5.02,1.97,1.81,2.21
"TAS","Dorset",147.349945068359,-40.9411163330078,0.1,1.97,2.95,3.98,3.34,5.05,2.07,1.88,2.35
"TAS","Dorset",147.537063598633,-40.9300727844238,0.1,1.97,3.11,4.14,3.46,5.28,1.41,1.35,1.5
"TAS","Break O'Day",148.306838989258,-40.9382095336914,0.1,1.93,2.53,6.33,4.97,8.78,2.4,2.14,2.81
"TAS","Circular Head",144.646362304688,-40.8981094360352,0.1,1.95,3.15,6.3,4.9,8.89,2.83,2.45,3.44
"TAS","Waratah-Wynyard",145.581344604492,-40.9089317321777,0.1,1.99,2.52,3.99,3.32,5.14,2.66,2.32,3.21
"TAS","Waratah-Wynyard",145.614685058594,-40.9245758056641,0.1,1.99,2.99,3.94,3.28,5.06,2.06,1.87,2.34
"TAS","Dorset",147.556701660156,-40.8995056152344,0.1,1.97,2.37,4.21,3.5,5.37,1.71,1.59,1.88
"TAS","Dorset",148.261993408203,-40.8855972290039,0.1,1.94,2.59,5.98,4.74,8.19,2.44,2.16,2.89
"TAS","Circular Head",144.696090698242,-40.8595733642578,0.1,1.95,3.33,6.32,4.94,8.87,2.55,2.23,3.07
"TAS","Circular Head",145.410034179688,-40.8539161682129,0.1,1.99,2.18,4.24,3.49,5.53,3.38,2.86,4.25
"TAS","Circular Head",145.476165771484,-40.8643913269043,0.1,1.99,2.18,4.12,3.4,5.34,3.39,2.87,4.26
"TAS","Circular Head",145.514511108398,-40.8528327941895,0.1,1.99,3.05,4.13,3.41,5.36,1.99,1.82,2.25
"TAS","Dorset",147.594696044922,-40.8484535217285,0.1,1.97,2.26,4.2,3.51,5.35,2.68,2.37,3.15
"TAS","Dorset",147.740966796875,-40.8519058227539,0.1,1.96,2.18,4.33,3.62,5.48,3.15,2.72,3.82
"TAS","Dorset",147.760986328125,-40.8531341552734,0.1,1.96,2.6,4.35,3.64,5.5,2.4,2.15,2.79
"TAS","Dorset",147.860855102539,-40.8730316162109,0.1,1.96,2.75,4.4,3.67,5.59,2.3,2.07,2.66
"TAS","Dorset",147.899719238281,-40.844913482666,0.1,1.96,2.42,4.54,3.77,5.79,1.82,1.68,2.03
"TAS","Dorset",148.210830688477,-40.8399543762207,0.1,1.94,2.35,5.61,4.5,7.55,2.74,2.39,3.32
"TAS","Circular Head",144.69287109375,-40.8074645996094,0.1,1.96,2.97,5.39,4.31,7.31,3.4,2.86,4.32
"TAS","Circular Head",145.299163818359,-40.8147354125977,0.1,1.98,2.17,4.33,3.55,5.68,3.61,3.01,4.63
"TAS","Circular Head",145.357513427734,-40.8470153808594,0.1,1.99,2.87,4.24,3.49,5.54,2.18,1.97,2.51
"TAS","Dorset",147.636962890625,-40.8108901977539,0.1,1.96,2.2,4.35,3.63,5.52,3.11,2.69,3.77
"TAS","Dorset",147.674896240234,-40.8212509155273,0.1,1.96,2.75,4.42,3.69,5.61,2.28,2.04,2.63
"TAS","Dorset",147.923492431641,-40.8156623840332,0.1,1.96,2.22,4.54,3.78,5.8,2.22,2,2.56
"TAS","Dorset",148.176132202148,-40.8186264038086,0.1,1.94,2.72,5.46,4.4,7.3,2.67,2.33,3.23
"TAS","Circular Head",144.680114746094,-40.7445640563965,0.1,1.95,3.1,6.32,4.92,8.89,2.78,2.41,3.39
"TAS","Circular Head",145.095779418945,-40.7816848754883,0.1,1.98,2.25,4.67,3.78,6.25,3.01,2.58,3.72
"TAS","Circular Head",145.150955200195,-40.7978782653809,0.1,1.98,2.22,4.56,3.7,6.06,3.25,2.75,4.08
"TAS","Circular Head",145.227600097656,-40.7947006225586,0.1,1.98,3.46,4.36,3.57,5.74,1.75,1.62,1.96
"TAS","Circular Head",145.260818481445,-40.762882232666,0.1,1.99,2.56,4.29,3.53,5.63,2.47,2.19,2.92
"TAS","Dorset",147.937637329102,-40.7492599487305,0.1,1.96,2.71,4.48,3.74,5.68,1.95,1.79,2.2
"TAS","Dorset",148.090866088867,-40.7719078063965,0.1,1.95,7.33,4.88,3.98,6.43,1.24,1.21,1.29
"TAS","Circular Head",144.673858642578,-40.7176933288574,0.1,2,2.96,3.66,3.08,4.63,2.83,2.45,3.45
"TAS","Circular Head",145.071640014648,-40.7180595397949,0.1,1.98,3.14,4.7,3.82,6.25,1.9,1.74,2.13
"TAS","Dorset",147.945587158203,-40.7393455505371,0.1,1.97,3.09,4.01,3.4,5,2.17,1.95,2.49
"TAS","Dorset",147.998031616211,-40.7403450012207,0.1,1.95,2.7,5.13,4.16,6.8,2.25,2.02,2.61
"TAS","Dorset",148.086532592773,-40.7328948974609,0.1,1.96,6.24,4.68,3.83,6.16,1.33,1.28,1.4
"TAS","Circular Head",144.668197631836,-40.6715774536133,0.1,1.95,4.15,6.15,4.81,8.62,1.73,1.61,1.92
"TAS","Circular Head",144.773864746094,-40.6976509094238,0.1,1.98,2.46,4.66,3.77,6.25,2.8,2.43,3.41
"TAS","Circular Head",144.836822509766,-40.6881294250488,0.1,1.98,2.44,4.48,3.66,5.93,2.86,2.47,3.51
"TAS","Circular Head",145.048599243164,-40.685546875,0.1,1.98,2.37,4.67,3.8,6.17,2.48,2.19,2.95
"TAS","Circular Head",144.684814453125,-40.6413726806641,0.1,1.95,3.25,6.14,4.8,8.61,2.77,2.41,3.36
"TAS","Circular Head",144.734970092773,-40.6459159851074,0.1,1.97,2.6,4.91,3.96,6.59,2.92,2.52,3.58
"TAS","Circular Head",144.87516784668,-40.6708221435547,0.1,1.98,2.21,4.37,3.6,5.71,3.85,3.2,4.95
"TAS","Circular Head",144.982803344727,-40.6565856933594,0.1,1.98,2.23,4.56,3.73,5.99,3.19,2.73,3.96
"TAS","Circular Head",144.737701416016,-40.5971183776855,0.1,1.96,2.75,5.35,4.25,7.33,3.58,3.01,4.55
"TAS","Circular Head",144.770690917969,-40.5964431762695,0.1,1.97,2.21,5.23,4.17,7.14,3.55,3,4.47
"TAS","Circular Head",144.912780761719,-40.6128616333008,0.1,1.98,2.19,4.44,3.65,5.8,4.12,3.4,5.39
"TAS","Circular Head",144.948745727539,-40.6073684692383,0.1,1.97,2.77,4.78,3.88,6.36,2.27,2.04,2.63
"TAS","Flinders (Tas.)",148.176834106445,-40.5959587097168,0.1,1.96,3.27,4.5,3.71,5.83,1.59,1.49,1.73
"TAS","Flinders (Tas.)",148.200256347656,-40.5891304016113,0.1,1.95,2.91,5.05,4.08,6.73,2.58,2.26,3.08
"TAS","Circular Head",144.675552368164,-40.5673217773438,0.1,1.96,2.97,5.42,4.32,7.38,3.47,2.93,4.38
"TAS","Circular Head",144.779983520508,-40.5709533691406,0.1,1.97,3.84,5.11,4.09,6.94,1.91,1.75,2.15
"TAS","Flinders (Tas.)",148.112411499023,-40.5633201599121,0.1,1.97,2.66,4.16,3.47,5.29,1.75,1.62,1.94
"TAS","Flinders (Tas.)",148.227340698242,-40.5468826293945,0.1,1.94,2.89,5.85,4.66,7.95,2.66,2.32,3.2
"TAS","Circular Head",144.703262329102,-40.5109214782715,0.1,1.96,2.8,5.41,4.31,7.38,2.65,2.32,3.19
"TAS","Circular Head",144.791122436523,-40.5122032165527,0.1,1.97,2.97,5.01,4.02,6.76,2.35,2.09,2.75
"TAS","Flinders (Tas.)",148.098937988281,-40.5235214233398,0.1,1.96,2.33,4.37,3.62,5.65,1.91,1.75,2.15
"TAS","Flinders (Tas.)",148.236694335938,-40.5198822021484,0.1,1.93,2.72,6.07,4.82,8.3,1.86,1.72,2.08
"TAS","Flinders (Tas.)",148.315460205078,-40.5186309814453,0.1,1.93,3.92,6.67,5.21,9.28,1.44,1.38,1.54
"TAS","Flinders (Tas.)",148.353866577148,-40.5163421630859,0.1,1.93,3.02,6.84,5.33,9.57,2.49,2.2,2.95
"TAS","Circular Head",144.706481933594,-40.4838218688965,0.1,1.97,2.43,5.17,4.14,7.01,3.99,3.29,5.19
"TAS","Circular Head",144.85026550293,-40.4683647155762,0.1,1.97,2.18,4.92,3.97,6.6,3.94,3.27,5.09
"TAS","Circular Head",144.891799926758,-40.4872550964355,0.1,1.97,2.28,5.05,4.05,6.82,3.21,2.73,4.02
"TAS","Circular Head",144.935012817383,-40.4715118408203,0.1,1.97,3.04,5.13,4.11,6.94,2.43,2.15,2.87
"TAS","Flinders (Tas.)",148.047439575195,-40.475944519043,0.1,1.95,3.02,4.73,3.87,6.18,2.49,2.2,2.95
"TAS","Flinders (Tas.)",148.053924560547,-40.4809074401855,0.1,1.96,2.96,4.69,3.85,6.11,2.4,2.13,2.82
"TAS","Flinders (Tas.)",148.087585449219,-40.4819755554199,0.1,1.96,2.57,4.54,3.74,5.91,1.72,1.61,1.89
"TAS","Flinders (Tas.)",148.406112670898,-40.480110168457,0.1,1.92,3.11,7.12,5.5,10.09,2.12,1.92,2.45
"TAS","Circular Head",144.792694091797,-40.4443855285645,0.1,1.97,2.17,5.21,4.17,7.09,3.92,3.25,5.09
"TAS","Circular Head",144.837173461914,-40.449146270752,0.1,1.97,2.34,5.11,4.09,6.93,3.51,2.93,4.51
"TAS","Circular Head",144.968170166016,-40.4310569763184,0.1,1.97,2.96,5.06,4.07,6.82,2.49,2.2,2.96
"TAS","Flinders (Tas.)",147.980758666992,-40.4205627441406,0.1,1.95,3.29,4.75,3.88,6.23,1.44,1.38,1.54
"TAS","Flinders (Tas.)",148.474563598633,-40.4437446594238,0.1,1.92,2.81,8.11,6.12,11.9,2.96,2.54,3.66
"TAS","Circular Head",144.84391784668,-40.4292869567871,0.1,1.96,2.4,5.4,4.29,7.42,3.5,2.93,4.47
"TAS","Circular Head",144.970901489258,-40.4216804504395,0.1,1.97,2.99,5.21,4.17,7.09,2.53,2.22,3.01
"TAS","Flinders (Tas.)",147.9794921875,-40.4032287597656,0.1,1.96,2.43,4.62,3.78,6.04,1.67,1.56,1.84
"TAS","Flinders (Tas.)",148.460372924805,-40.4083251953125,0.1,1.93,2.86,7.01,5.42,9.97,3.04,2.61,3.76
"TAS","Circular Head",144.893737792969,-40.386287689209,0.1,1.96,3.48,5.41,4.3,7.45,1.83,1.68,2.04
"TAS","Circular Head",144.950103759766,-40.3884658813477,0.1,1.97,2.94,5.2,4.15,7.09,2.77,2.4,3.36
"TAS","Flinders (Tas.)",148.002624511719,-40.3662147521973,0.1,1.96,2.29,4.64,3.79,6.11,1.83,1.69,2.05
"TAS","Flinders (Tas.)",148.423919677734,-40.3693313598633,0.1,1.93,3.12,6.25,4.91,8.68,2.86,2.47,3.51
"TAS","Flinders (Tas.)",148.006896972656,-40.3459854125977,0.1,1.96,2.33,4.49,3.68,5.9,1.69,1.58,1.87
"TAS","Flinders (Tas.)",148.36750793457,-40.3207015991211,0.1,1.94,2.98,5.51,4.41,7.45,2.98,2.56,3.68
"TAS","Flinders (Tas.)",147.946670532227,-40.276180267334,0.1,1.95,2.61,4.98,4.03,6.64,1.64,1.53,1.8
"TAS","Flinders (Tas.)",148.316146850586,-40.2893104553223,0.1,1.93,3.17,6.02,4.77,8.26,3.14,2.68,3.92
"TAS","Flinders (Tas.)",148.024673461914,-40.2296142578125,0.1,1.95,2.53,4.76,3.86,6.34,1.66,1.55,1.83
"TAS","Flinders (Tas.)",148.303619384766,-40.2542572021484,0.1,1.95,3.18,5.26,4.24,7.06,3.14,2.68,3.93
"TAS","Flinders (Tas.)",147.987350463867,-40.1960487365723,0.1,1.95,1.89,4.73,3.84,6.29,1.45,1.37,1.55
"TAS","Flinders (Tas.)",148.315856933594,-40.1951789855957,0.1,2.52,3.83,1.37,1.32,1.45,2.93,2.52,3.59
"TAS","Flinders (Tas.)",148.005523681641,-40.1689033508301,0.1,1.96,2.06,4.31,3.53,5.67,1.87,1.72,2.1
"TAS","Flinders (Tas.)",148.317733764648,-40.1645240783691,0.1,1.95,3,4.81,3.93,6.32,2.02,1.84,2.31
"TAS","King Island",143.895416259766,-40.1236953735352,0.1,1.63,2.23,3.29,2.8,4.08,2.64,2.31,3.18
"TAS","King Island",143.947296142578,-40.123161315918,0.1,1.57,2.33,5.78,4.56,7.98,2.62,2.31,3.12
"TAS","King Island",143.980819702148,-40.114086151123,0.1,1.57,3.14,5.97,4.68,8.32,2.48,2.2,2.92
"TAS","Flinders (Tas.)",147.951965332031,-40.0990562438965,0.1,1.96,3.22,4.7,3.81,6.27,2.19,1.98,2.52
"TAS","Flinders (Tas.)",148.005310058594,-40.1181678771973,0.1,1.97,2.04,4.17,3.43,5.45,1.88,1.73,2.11
"TAS","Flinders (Tas.)",148.307266235352,-40.1286659240723,0.1,1.95,2.5,4.85,3.95,6.38,2.64,2.32,3.17
"TAS","King Island",143.863250732422,-40.0790481567383,0.1,1.57,2.48,5.58,4.43,7.67,2.29,2.05,2.68
"TAS","King Island",144.046844482422,-40.0782127380371,0.1,1.57,2.79,6.24,4.85,8.85,3.11,2.66,3.88
"TAS","Flinders (Tas.)",147.892807006836,-40.0879211425781,0.1,1.95,2.17,4.93,3.99,6.56,1.82,1.68,2.04
"TAS","Flinders (Tas.)",148.2958984375,-40.0857315063477,0.1,1.95,2.52,4.82,3.93,6.34,2.51,2.22,2.98
"TAS","King Island",143.860076904297,-40.0594444274902,0.1,1.59,2.36,4.88,3.93,6.57,3.02,2.61,3.71
"TAS","King Island",144.106567382812,-40.0429611206055,0.1,1.56,2.75,7.03,5.35,10.25,2.74,2.38,3.33
"TAS","Flinders (Tas.)",147.846771240234,-40.0310707092285,0.1,1.94,2.28,5.3,4.25,7.13,1.77,1.64,1.97
"TAS","Flinders (Tas.)",148.293029785156,-40.0547065734863,0.1,1.95,2.92,4.83,3.95,6.36,2.08,1.88,2.38
"TAS","King Island",143.882369995117,-39.9975700378418,0.1,1.62,2.03,3.66,3.08,4.63,4.66,3.79,6.21
"TAS","King Island",144.128204345703,-39.9970970153809,0.1,1.55,2.78,7.66,5.75,11.42,2.6,2.28,3.12
"TAS","Flinders (Tas.)",147.855865478516,-40.0175628662109,0.1,1.95,2.27,5.19,4.19,6.92,1.74,1.62,1.93
"TAS","Flinders (Tas.)",148.283706665039,-40.0074615478516,0.1,1.96,2.71,4.6,3.79,5.99,2.37,2.11,2.79
"TAS","King Island",143.853927612305,-39.9506721496582,0.1,1.61,2.24,3.78,3.17,4.79,3.13,2.7,3.82
"TAS","King Island",144.139312744141,-39.9654006958008,0.1,1.55,2.12,8.24,6.12,12.47,4.61,3.72,6.21
"TAS","Flinders (Tas.)",147.798294067383,-39.918342590332,0.1,1.94,2.46,5.33,4.3,7.11,3.52,2.95,4.5
"TAS","Flinders (Tas.)",147.89599609375,-39.9532318115234,0.1,1.95,2.7,5.06,4.11,6.68,1.69,1.57,1.86
"TAS","Flinders (Tas.)",148.263214111328,-39.9630470275879,0.1,1.95,2.59,4.86,3.96,6.4,2.33,2.07,2.73
"TAS","King Island",143.829513549805,-39.9180564880371,0.1,1.62,2.58,3.7,3.11,4.69,2.65,2.34,3.15
"TAS","King Island",144.143463134766,-39.9264678955078,0.1,1.55,2.57,8.12,6.06,12.18,3.03,2.59,3.77
"TAS","Flinders (Tas.)",147.766845703125,-39.9082679748535,0.1,1.94,2.76,5.43,4.38,7.24,1.66,1.55,1.82
"TAS","Flinders (Tas.)",148.205902099609,-39.9435615539551,0.1,1.95,2.69,4.89,3.98,6.45,2.27,2.03,2.64
"TAS","King Island",143.839248657227,-39.884334564209,0.1,1.65,2.46,3.01,2.61,3.68,2.73,2.4,3.25
"TAS","King Island",144.136596679688,-39.9176254272461,0.1,1.55,3.25,7.85,5.9,11.64,2.05,1.87,2.32
"TAS","Flinders (Tas.)",147.744827270508,-39.8761138916016,0.1,1.94,2.28,5.53,4.45,7.42,2.02,1.84,2.3
"TAS","Flinders (Tas.)",148.139068603516,-39.9053268432617,0.1,1.95,2.67,4.85,3.96,6.4,2.15,1.94,2.48
"TAS","King Island",143.854507446289,-39.8473930358887,0.1,1.64,2.45,3.07,2.65,3.77,2.8,2.46,3.34
"TAS","King Island",144.132369995117,-39.8418426513672,0.1,1.55,2.37,7.99,6.01,11.81,2.8,2.43,3.4
"TAS","Flinders (Tas.)",147.771362304688,-39.8409767150879,0.1,1.95,2.41,4.9,4.03,6.34,2.02,1.83,2.3
"TAS","Flinders (Tas.)",148.091217041016,-39.8570404052734,0.1,1.95,2.59,4.76,3.89,6.25,2.36,2.1,2.78
"TAS","King Island",143.85676574707,-39.7956581115723,0.1,1.62,2.42,3.58,3.02,4.53,2.69,2.38,3.17
"TAS","King Island",144.12744140625,-39.817554473877,0.1,1.55,2.3,7.88,5.94,11.63,2.75,2.39,3.32
"TAS","Flinders (Tas.)",147.811630249023,-39.8306541442871,0.1,1.95,2.42,4.81,3.97,6.21,2.04,1.85,2.33
"TAS","Flinders (Tas.)",148.043655395508,-39.8109970092773,0.1,1.96,4.14,4.66,3.82,6.1,1.55,1.46,1.68
"TAS","King Island",143.844787597656,-39.7591819763184,0.1,1.62,2.47,3.57,3.01,4.5,2.4,2.14,2.8
"TAS","King Island",144.107025146484,-39.7624244689941,0.1,1.55,2.78,8.04,6.05,11.89,2.49,2.2,2.93
"TAS","Flinders (Tas.)",147.84489440918,-39.7629585266113,0.1,1.95,2.46,4.94,4.04,6.47,2.06,1.87,2.36
"TAS","Flinders (Tas.)",148.013427734375,-39.7826461791992,0.1,1.95,2.84,4.76,3.89,6.26,2.21,1.98,2.57
"TAS","King Island",143.820816040039,-39.6965179443359,0.1,1.59,2.58,4.82,3.95,6.3,2.32,2.07,2.7
"TAS","King Island",144.110992431641,-39.7095756530762,0.1,1.55,2.08,7.87,5.93,11.61,3.03,2.62,3.68
"TAS","Flinders (Tas.)",147.898330688477,-39.7129211425781,0.1,1.96,2.44,4.63,3.81,6,3.37,2.88,4.17
"TAS","Flinders (Tas.)",147.947769165039,-39.7199745178223,0.1,1.96,2.56,4.42,3.65,5.71,2.22,1.99,2.58
"TAS","Flinders (Tas.)",147.965942382812,-39.7286834716797,0.1,1.95,2.88,5.25,4.23,7.03,2.33,2.07,2.74
"TAS","King Island",143.838088989258,-39.6834030151367,0.1,1.59,2.89,4.84,3.96,6.34,1.88,1.73,2.12
"TAS","King Island",144.111511230469,-39.6770706176758,0.1,1.55,2.17,7.81,5.89,11.5,2.4,2.13,2.84
"TAS","King Island",143.924285888672,-39.651180267334,0.1,1.58,2.9,5.1,4.12,6.81,2.08,1.89,2.36
"TAS","King Island",144.095275878906,-39.6545829772949,0.1,1.55,4.23,7.62,5.78,11.15,1.45,1.38,1.56
"TAS","King Island",143.921173095703,-39.6032028198242,0.1,1.58,3.1,4.97,4.02,6.63,2.06,1.87,2.36
"TAS","King Island",144.043029785156,-39.6161041259766,0.1,1.56,3.74,7.09,5.46,10.13,1.72,1.59,1.9
"TAS","King Island",143.951919555664,-39.575366973877,0.1,1.56,2.74,6.67,5.18,9.41,2.25,2.02,2.61
"TAS","King Island",143.97900390625,-39.5885543823242,0.1,1.56,3.03,6.61,5.15,9.27,2.34,2.08,2.76
"VIC","South Gippsland",146.421844482422,-39.1332206726074,0.1,1.95,3.44,4.6,3.74,6.14,1.48,1.4,1.6
"VIC","South Gippsland",146.439544677734,-39.1008491516113,0.1,1.95,2.91,4.73,3.82,6.35,2.14,1.94,2.45
"VIC","Unincorporated Vic",146.250122070312,-39.0228652954102,0.1,1.97,2.6,3.69,3.09,4.71,2.2,1.98,2.54
"VIC","Unincorporated Vic",146.224090576172,-38.9649429321289,0.1,1.99,2.48,3.33,2.83,4.16,2.19,1.97,2.51
"VIC","South Gippsland",146.248489379883,-38.9512329101562,0.1,1.99,2.57,3.24,2.76,4.03,2.27,2.03,2.64
"VIC","South Gippsland",145.947830200195,-38.8994636535645,0.1,1.97,3.02,3.87,3.22,5,1.69,1.58,1.87
"VIC","Colac Otway",143.527114868164,-38.8592071533203,0.1,1.6,2.84,4.32,3.52,5.73,2.21,1.99,2.57
"VIC","South Gippsland",145.891571044922,-38.8503303527832,0.1,1.98,2.38,3.5,2.95,4.44,2.52,2.21,3
"VIC","South Gippsland",146.166641235352,-38.8644256591797,0.1,1.99,2.97,3.34,2.83,4.18,2.16,1.95,2.48
"VIC","South Gippsland",146.313766479492,-38.8775672912598,0.1,1.93,2.2,5.56,4.38,7.71,3.47,2.94,4.36
"VIC","South Gippsland",146.37321472168,-38.8578033447266,0.1,1.93,2.01,5.48,4.34,7.59,3.74,3.16,4.68
"VIC","South Gippsland",146.484771728516,-38.8814544677734,0.1,1.93,3.13,5.56,4.41,7.63,2.31,2.07,2.7
"VIC","South Gippsland",146.266677856445,-38.8223075866699,0.1,1.93,2.23,5.67,4.5,7.78,3.46,2.94,4.32
"VIC","South Gippsland",146.389358520508,-38.8456001281738,0.1,1.93,2.86,5.58,4.4,7.72,1.77,1.64,1.98
"VIC","Colac Otway",143.380554199219,-38.7705993652344,0.1,1.59,3.08,4.62,3.74,6.2,1.67,1.56,1.84
"VIC","Colac Otway",143.422012329102,-38.7849884033203,0.1,1.6,3.1,4.21,3.44,5.57,1.99,1.81,2.27
"VIC","South Gippsland",145.861663818359,-38.7764129638672,0.1,1.99,2.61,3.25,2.77,4.06,2.41,2.14,2.83
"VIC","South Gippsland",146.223907470703,-38.7741508483887,0.1,1.92,2.12,6.17,4.85,8.58,3.88,3.24,4.95
"VIC","South Gippsland",146.418823242188,-38.8024101257324,0.1,1.92,2.81,6.45,5,9.17,1.86,1.7,2.09
"VIC","Corangamite",143.173309326172,-38.7280006408691,0.1,1.6,2.86,4.12,3.39,5.37,1.93,1.76,2.19
"VIC","Colac Otway",143.785034179688,-38.7066078186035,0.1,1.61,2.58,4.01,3.31,5.21,2.37,2.11,2.77
"VIC","South Gippsland",146.206741333008,-38.7418212890625,0.1,1.92,2.1,6.45,5.03,9.05,3.72,3.14,4.68
"VIC","Wellington",146.462844848633,-38.7444381713867,0.1,1.91,2.84,7.43,5.66,10.79,2.01,1.82,2.3
"VIC","Colac Otway",143.866333007812,-38.6734504699707,0.1,1.61,2.58,3.8,3.17,4.88,2.27,2.02,2.66
"VIC","South Gippsland",145.768341064453,-38.6752052307129,0.1,1.99,1.95,3.39,2.87,4.26,4.12,3.44,5.27
"VIC","South Gippsland",146.262573242188,-38.702880859375,0.1,1.92,2.18,6.21,4.88,8.63,3.79,3.19,4.78
"VIC","South Gippsland",146.317321777344,-38.6941146850586,0.1,1.92,2.22,6.63,5.13,9.41,3.54,3.01,4.42
"VIC","South Gippsland",146.37451171875,-38.701057434082,0.1,1.92,2.18,6.65,5.16,9.42,3.4,2.9,4.21
"VIC","South Gippsland",146.425537109375,-38.7058410644531,0.1,1.92,2.16,6.67,5.16,9.48,3.35,2.87,4.12
"VIC","South Gippsland",146.526977539062,-38.6985206604004,0.1,1.92,2.22,6.35,4.94,8.93,3.23,2.78,3.96
"VIC","Wellington",146.581451416016,-38.7003326416016,0.1,1.93,2.62,6.03,4.75,8.35,2.32,2.06,2.74
"VIC","Wellington",146.637847900391,-38.696403503418,0.1,1.93,2.36,5.37,4.32,7.2,3.04,2.61,3.75
"VIC","Wellington",146.684783935547,-38.7009582519531,0.1,1.95,2.35,4.56,3.76,5.9,2.99,2.58,3.67
"VIC","Wellington",146.734375,-38.6946296691895,0.1,1.96,2.38,4.04,3.38,5.14,2.94,2.54,3.58
"VIC","Wellington",146.782333374023,-38.6860198974609,0.1,0.97,2.41,4.15,3.45,5.33,1.64,1.54,1.8
"VIC","Corangamite",143.002075195312,-38.6296424865723,0.1,1.59,3.6,4.49,3.67,5.91,1.77,1.63,1.97
"VIC","Bass Coast",145.551666259766,-38.6480751037598,0.1,1.98,2.03,3.43,2.9,4.3,2.78,2.42,3.37
"VIC","Wellington",146.842651367188,-38.6615715026855,0.1,0.97,1.32,4.21,3.49,5.42,2.82,2.45,3.4
"VIC","Wellington",146.872207641602,-38.6447563171387,0.1,0.95,2.04,5.08,4.07,6.9,1.9,1.74,2.14
"VIC","Moyne",142.796737670898,-38.5771369934082,0.1,1.59,2.14,4.79,3.89,6.36,2.61,2.28,3.14
"VIC","Corangamite",142.901062011719,-38.6155624389648,0.1,1.6,2.18,4.11,3.39,5.36,2.91,2.52,3.54
"VIC","Wellington",146.93049621582,-38.6043281555176,0.1,0.96,1.3,4.8,3.88,6.42,2.87,2.49,3.5
"VIC","Wellington",146.974472045898,-38.5582618713379,0.1,0.97,2.25,4.19,3.47,5.42,2.06,1.87,2.36
"VIC","Bass Coast",145.148681640625,-38.5175552368164,0.1,1.97,1.9,3.74,3.13,4.76,2.83,2.46,3.44
"VIC","Wellington",146.998046875,-38.5383987426758,0.1,0.98,1.62,3.93,3.29,5,2.18,1.96,2.53
"VIC","Moyne",142.64680480957,-38.4789199829102,0.1,1.09,1.99,4.83,3.9,6.47,2.93,2.51,3.62
"VIC","Surf Coast",144.097763061523,-38.4742584228516,0.1,1.62,1.59,3.64,3.06,4.6,3.01,2.6,3.69
"VIC","Wellington",147.049911499023,-38.4927177429199,0.1,0.99,2.53,3.56,3.02,4.43,1.73,1.6,1.93
"VIC","Glenelg",141.558639526367,-38.4331817626953,0.1,1.07,1.99,7.06,5.44,10.06,3.13,2.67,3.9
"VIC","Surf Coast",144.1611328125,-38.4358596801758,0.1,1.62,2.95,3.69,3.1,4.69,1.74,1.61,1.92
"VIC","Mornington Peninsula",144.849258422852,-38.4480476379395,0.1,1.07,0.96,3.49,2.96,4.39,2.84,2.47,3.46
"VIC","Wellington",147.098709106445,-38.4510116577148,0.1,0.99,1.17,3.56,3.03,4.45,3.14,2.67,3.92
"VIC","Moyne",142.142532348633,-38.3927955627441,0.1,1.08,1.37,5.64,4.51,7.64,3.91,3.22,5.12
"VIC","Moyne",142.209732055664,-38.3974876403809,0.1,1.08,1.71,5.34,4.3,7.16,2.48,2.19,2.95
"VIC","Warrnambool",142.44255065918,-38.3908538818359,0.1,1.09,1.69,5,4.03,6.71,2.54,2.23,3.04
"VIC","Warrnambool",142.532409667969,-38.4123992919922,0.1,1.09,1.66,4.93,3.97,6.62,2.75,2.39,3.33
"VIC","Wellington",147.159881591797,-38.413703918457,0.1,0.99,1.13,3.56,3.01,4.44,3.3,2.8,4.16
"VIC","Glenelg",141.650573730469,-38.3856811523438,0.1,1.07,2.74,6.58,5.12,9.25,1.77,1.64,1.95
"VIC","Mornington Peninsula",144.78840637207,-38.361759185791,0.1,1.08,1.57,3.28,2.83,3.99,2.68,2.34,3.22
"VIC","Wellington",147.212829589844,-38.3721466064453,0.1,0.99,1.22,3.62,3.06,4.57,3.26,2.78,4.05
"VIC","Glenelg",141.382507324219,-38.3421783447266,0.1,1.08,1.43,5.8,4.6,7.93,3.47,2.91,4.44
"VIC","Moyne",142.009292602539,-38.324577331543,0.1,1.08,1.34,5.42,4.35,7.27,3.79,3.14,4.93
"VIC","Glenelg",141.795745849609,-38.2637748718262,0.1,1.08,1.36,5.43,4.37,7.29,3.76,3.11,4.89
"VIC","Moyne",141.895767211914,-38.2744064331055,0.1,1.09,1.72,5.16,4.18,6.88,2.49,2.19,2.96
"VIC","Wellington",147.313613891602,-38.292350769043,0.1,0.98,1.25,3.92,3.26,5.03,2.92,2.52,3.57
"VIC","Glenelg",141.286392211914,-38.2221336364746,0.1,1.08,1.32,5.74,4.55,7.86,3.68,3.09,4.68
"VIC","Queenscliffe",144.683502197266,-38.246208190918,0.1,1.02,1.65,3.98,3.36,5,2.47,2.17,2.95
"VIC","Wellington",147.365676879883,-38.2471771240234,0.1,0.98,1.48,3.93,3.28,5.05,2.28,2.04,2.65
"VIC","Glenelg",141.269760131836,-38.2036285400391,0.1,1.1,1.7,4.7,3.84,6.2,2.44,2.15,2.91
"VIC","Wellington",147.417602539062,-38.2067680358887,0.1,0.98,1.29,3.89,3.25,4.96,2.74,2.39,3.32
"VIC","Glenelg",141.208801269531,-38.1662750244141,0.1,1.08,1.79,5.64,4.48,7.71,2.38,2.11,2.82
"VIC","Wellington",147.474075317383,-38.162956237793,0.1,0.98,1.26,3.78,3.18,4.78,2.83,2.46,3.44
"VIC","Glenelg",141.108062744141,-38.1139183044434,0.1,1.08,1.49,5.62,4.47,7.66,3.65,3.05,4.69
"VIC","Greater Geelong",144.714935302734,-38.134162902832,0.1,1.08,1.68,4.33,3.59,5.57,2.34,2.09,2.73
"VIC","Mornington Peninsula",145.081008911133,-38.163745880127,0.1,1.06,1.44,3.86,3.24,4.9,2.64,2.32,3.15
"SA","Grant",140.74040222168,-38.0601692199707,0.1,1.09,1.49,4.77,3.9,6.26,3.13,2.67,3.89
"SA","Grant",140.77214050293,-38.0627479553223,0.1,1.08,1.79,5.72,4.55,7.81,2.26,2.03,2.63
"SA","Grant",140.85432434082,-38.0498161315918,0.1,1.09,1.58,5,4.05,6.66,2.7,2.35,3.25
"SA","Grant",140.912155151367,-38.0582466125488,0.1,1.09,1.49,5.07,4.1,6.77,3.27,2.77,4.12
"SA","Grant",140.955093383789,-38.0625228881836,0.1,1.08,1.55,5.72,4.53,7.84,2.8,2.43,3.41
"VIC","Glenelg",141.0107421875,-38.069766998291,0.1,1.09,1.5,5.07,4.09,6.77,3.16,2.69,3.95
"VIC","Glenelg",141.052200317383,-38.088062286377,0.1,1.08,1.7,5.54,4.42,7.55,2.47,2.18,2.92
"VIC","Wellington",147.582229614258,-38.0834007263184,0.1,0.97,2.63,4.15,3.44,5.37,1.62,1.52,1.76
"SA","Grant",140.5830078125,-38.033863067627,0.1,1.08,2.35,5.84,4.64,7.99,1.84,1.69,2.05
"SA","Grant",140.631912231445,-38.0421752929688,0.1,1.1,1.63,4.43,3.63,5.81,2.61,2.28,3.15
"VIC","Kingston (Vic.)",145.088943481445,-38.0244255065918,0.1,1.05,0.66,4.24,3.49,5.52,3.77,3.15,4.83
"VIC","East Gippsland",147.579849243164,-38.0433120727539,0.1,0.92,2.2,8.33,6.37,11.92,2.46,2.18,2.92
"VIC","Wellington",147.637832641602,-38.044059753418,0.1,0.97,1.65,4.38,3.59,5.74,2.07,1.89,2.34
"SA","Grant",140.501113891602,-37.987247467041,0.1,1.1,2.08,4.6,3.79,5.95,1.99,1.82,2.24
"SA","Grant",140.524429321289,-37.9978141784668,0.1,1.1,2.31,4.39,3.64,5.66,1.85,1.71,2.05
"SA","Grant",140.429992675781,-37.9360847473145,0.1,1.11,1.51,4.27,3.55,5.48,2.87,2.47,3.54
"VIC","Wyndham",144.773010253906,-37.9353256225586,0.1,1.05,1.53,4.61,3.77,6.04,2.84,2.45,3.5
"VIC","Bayside (Vic.)",144.991851806641,-37.947208404541,0.1,1.05,0.88,4.44,3.64,5.84,2.76,2.41,3.34
"VIC","East Gippsland",147.737213134766,-37.9574432373047,0.1,0.91,3.24,9.7,7.28,14.26,1.69,1.58,1.84
"SA","Grant",140.370849609375,-37.9024505615234,0.1,1.1,1.06,4.45,3.69,5.71,2.82,2.44,3.42
"VIC","East Gippsland",147.776397705078,-37.914665222168,0.1,0.92,1.54,7.79,6,11.06,3.45,2.92,4.32
"VIC","East Gippsland",147.851989746094,-37.911060333252,0.1,0.93,2.34,7.04,5.5,9.79,2.18,1.96,2.53
"VIC","East Gippsland",147.893478393555,-37.9159851074219,0.1,0.95,2.6,5.19,4.15,7.08,1.63,1.54,1.77
"SA","Grant",140.36296081543,-37.8788871765137,0.1,1.12,1.68,3.85,3.24,4.86,2.28,2.04,2.65
"VIC","East Gippsland",148.105895996094,-37.8565101623535,0.1,0.95,1.49,5.03,4.03,6.83,2.28,2.04,2.65
"VIC","East Gippsland",148.20671081543,-37.8326759338379,0.1,0.95,4.16,4.95,3.97,6.69,1.36,1.31,1.43
"SA","Grant",140.326446533203,-37.8215484619141,0.1,1.12,1.82,3.84,3.25,4.8,2.29,2.05,2.67
"VIC","East Gippsland",148.314437866211,-37.8126602172852,0.1,0.95,1.55,4.93,3.96,6.65,2.28,2.04,2.65
"VIC","East Gippsland",148.414672851562,-37.8078994750977,0.1,0.96,1.55,4.81,3.88,6.48,2.45,2.16,2.89
"VIC","East Gippsland",148.627105712891,-37.814079284668,0.1,0.95,1.62,5.33,4.25,7.28,2.45,2.17,2.9
"VIC","East Gippsland",148.685501098633,-37.8060111999512,0.1,0.95,1.77,4.92,3.96,6.65,2.31,2.06,2.72
"VIC","East Gippsland",148.844741821289,-37.7903251647949,0.1,0.96,2.13,4.7,3.81,6.26,1.92,1.76,2.16
"VIC","East Gippsland",149.202941894531,-37.7846832275391,0.1,1.37,2.23,4.65,3.79,6.13,2.28,2.03,2.66
"VIC","East Gippsland",149.285018920898,-37.8005218505859,0.1,1.37,3.12,4.96,4.02,6.62,1.61,1.51,1.74
"SA","Grant",140.317901611328,-37.7939872741699,0.1,1.12,1.73,3.74,3.15,4.73,2.31,2.06,2.69
"VIC","East Gippsland",148.474594116211,-37.8038063049316,0.1,0.96,0.48,4.72,3.82,6.32,4.04,3.35,5.22
"VIC","East Gippsland",148.524963378906,-37.7952766418457,0.1,0.88,2.71,32.66,20.39,62.28,2.41,2.14,2.85
"VIC","East Gippsland",148.576080322266,-37.8049087524414,0.1,0.96,1.73,4.77,3.86,6.41,2.34,2.08,2.75
"VIC","East Gippsland",148.945434570312,-37.7836303710938,0.1,0.96,1.78,4.68,3.8,6.2,2.33,2.07,2.74
"VIC","East Gippsland",148.998153686523,-37.7844581604004,0.1,0.96,1.81,4.72,3.84,6.27,2.29,2.05,2.68
"VIC","East Gippsland",149.103958129883,-37.7829399108887,0.1,0.96,2.32,4.64,3.79,6.13,1.74,1.62,1.91
"SA","Wattle Range",140.281753540039,-37.7494964599609,0.1,1.11,2.06,3.98,3.36,4.99,2.18,1.96,2.53
"VIC","East Gippsland",149.590057373047,-37.7298011779785,0.1,1.37,2.49,4.68,3.82,6.19,1.83,1.7,2.03
"SA","Wattle Range",140.263427734375,-37.7113876342773,0.1,1.12,2.15,3.64,3.1,4.52,1.97,1.81,2.21
"SA","Wattle Range",140.215057373047,-37.6637725830078,0.1,1.1,2.18,4.34,3.61,5.53,2.04,1.86,2.3
"SA","Wattle Range",140.162246704102,-37.6170768737793,0.1,1.1,2.75,4.34,3.61,5.54,1.7,1.59,1.86
"SA","Wattle Range",140.13639831543,-37.5949974060059,0.1,1.13,1.75,3.4,2.91,4.19,2.45,2.17,2.91
"VIC","East Gippsland",149.841262817383,-37.5509033203125,0.1,1.37,2.05,4.53,3.71,5.94,2.45,2.17,2.89
"VIC","Unincorporated Vic",149.903854370117,-37.5688209533691,0.1,1.37,2.04,4.57,3.74,5.99,2.21,2,2.54
"SA","Wattle Range",140.121139526367,-37.5391845703125,0.1,1.14,1.73,3.26,2.81,3.97,2.36,2.09,2.77
"VIC","East Gippsland",149.93977355957,-37.5252494812012,0.1,1.37,2.01,4.5,3.7,5.88,2.28,2.05,2.62
"SA","Wattle Range",140.065521240234,-37.5013771057129,0.1,1.12,2.28,3.62,3.08,4.49,1.81,1.67,2.02
"VIC","Bega Valley",149.979309082031,-37.5064086914062,0.1,1.38,2.14,4.3,3.57,5.55,2.09,1.9,2.37
"SA","Wattle Range",139.950042724609,-37.4479713439941,0.1,1.13,1.63,3.52,3.02,4.33,2.14,1.94,2.45
"SA","Wattle Range",140.008850097656,-37.4665794372559,0.1,1.12,1.9,3.91,3.28,4.97,1.96,1.8,2.2
"SA","Wattle Range",140.032348632812,-37.4610557556152,0.1,1.14,2.21,3.36,2.87,4.15,1.8,1.65,2.02
"NSW","Bega Valley",149.979293823242,-37.4584083557129,0.1,1.38,2.13,4.24,3.52,5.46,2.25,2.03,2.6
"SA","Wattle Range",139.912963867188,-37.4064483642578,0.1,1.14,1.91,3.33,2.87,4.06,1.79,1.65,2
"NSW","Bega Valley",149.966171264648,-37.4288520812988,0.1,1.38,2.26,4.17,3.47,5.36,2.09,1.9,2.36
"SA","Wattle Range",139.891525268555,-37.3818130493164,0.1,1.14,2.45,3.27,2.81,4,1.47,1.39,1.58
"NSW","Bega Valley",149.957244873047,-37.3762359619141,0.1,1.38,0.89,4.12,3.43,5.28,5.03,4.14,6.51
"SA","Wattle Range",139.894088745117,-37.333625793457,0.1,1.01,3.08,37.24,22.67,73.84,1.72,1.59,1.92
"NSW","Bega Valley",149.980178833008,-37.325008392334,0.1,1.39,1.25,4.06,3.38,5.18,2.68,2.37,3.16
"SA","Robe",139.846664428711,-37.2822723388672,0.1,1.02,2.97,32.01,20.17,60.11,1.74,1.61,1.94
"NSW","Bega Valley",149.968536376953,-37.3025817871094,0.1,1.39,1.85,4.03,3.37,5.14,1.96,1.8,2.2
"SA","Robe",139.837127685547,-37.2606010437012,0.1,1.02,3.38,29.12,18.52,54.06,1.57,1.47,1.71
"NSW","Bega Valley",150.048004150391,-37.2452239990234,0.1,1.39,1.25,4.06,3.39,5.16,2.65,2.33,3.15
"SA","Robe",139.796325683594,-37.2054901123047,0.1,1.03,3.05,16.35,11.24,27.31,1.66,1.54,1.83
"NSW","Bega Valley",150.03337097168,-37.2239723205566,0.1,1.39,2.35,4.02,3.37,5.11,2.19,1.98,2.51
"SA","Robe",139.739883422852,-37.1650085449219,0.1,1.49,2.59,2.99,2.61,3.6,1.54,1.45,1.68
"NSW","Bega Valley",150.023971557617,-37.1834716796875,0.1,1.39,2.24,3.96,3.32,5.01,2.3,2.06,2.67
"SA","Robe",139.747909545898,-37.153434753418,0.1,1.49,2.32,3.03,2.64,3.65,1.71,1.59,1.91
"NSW","Bega Valley",149.985443115234,-37.1308708190918,0.1,1.39,2.88,3.88,3.27,4.89,1.83,1.69,2.02
"SA","Robe",139.742889404297,-37.0785598754883,0.1,1.49,2.42,3,2.62,3.59,2.25,2.02,2.6
"SA","Robe",139.734085083008,-37.0505256652832,0.1,1.5,2.68,2.87,2.51,3.43,1.48,1.4,1.6
"NSW","Bega Valley",149.942672729492,-37.0398750305176,0.1,1.39,2.37,3.78,3.19,4.73,2.21,1.99,2.56
"SA","Kingston (SA)",139.690048217773,-36.9901237487793,0.1,1.5,2.38,2.82,2.47,3.34,1.62,1.52,1.79
"NSW","Bega Valley",149.936935424805,-37.0071754455566,0.1,1.39,2.36,3.77,3.19,4.72,1.58,1.48,1.72
"NSW","Bega Valley",149.943054199219,-36.950023651123,0.1,1.4,2.45,3.75,3.18,4.68,1.86,1.71,2.07
"SA","Kingston (SA)",139.687896728516,-36.9373512268066,0.1,1.55,2.57,2.36,2.11,2.73,1.48,1.4,1.59
"NSW","Bega Valley",149.938751220703,-36.9044761657715,0.1,1.39,3.7,3.77,3.19,4.72,1.53,1.45,1.65
"SA","Kingston (SA)",139.751434326172,-36.9028358459473,0.1,1.56,3.64,2.26,2.04,2.61,1.52,1.44,1.63
"SA","Kingston (SA)",139.796524047852,-36.8766288757324,0.1,1.57,3.63,2.21,2,2.54,1.52,1.44,1.63
"SA","Kingston (SA)",139.82112121582,-36.8556785583496,0.1,1.57,2.18,2.19,1.98,2.51,1.57,1.48,1.71
"NSW","Bega Valley",149.933685302734,-36.8700866699219,0.1,1.39,3.8,3.79,3.2,4.74,1.51,1.43,1.62
"SA","Kingston (SA)",139.839019775391,-36.8294143676758,0.1,1.57,2.19,2.17,1.97,2.48,1.59,1.49,1.74
"NSW","Bega Valley",149.947814941406,-36.8517150878906,0.1,1.4,2.18,3.76,3.18,4.69,1.82,1.69,2.01
"SA","Kingston (SA)",139.852264404297,-36.7863502502441,0.1,1.58,2.07,2.16,1.96,2.47,1.65,1.55,1.81
"NSW","Bega Valley",149.974624633789,-36.7799644470215,0.1,1.39,2.15,3.82,3.23,4.78,1.83,1.69,2.02
"SA","Kingston (SA)",139.858383178711,-36.74951171875,0.1,1.58,2.25,2.13,1.94,2.43,1.54,1.45,1.67
"NSW","Bega Valley",149.989532470703,-36.7394943237305,0.1,1.38,2.34,3.82,3.22,4.78,1.77,1.64,1.95
"SA","Kingston (SA)",139.854141235352,-36.6967544555664,0.1,1.58,2.28,2.14,1.95,2.44,1.53,1.45,1.65
"NSW","Bega Valley",150.001571655273,-36.6849975585938,0.1,1.38,2.48,3.86,3.26,4.85,1.73,1.62,1.9
"SA","Kingston (SA)",139.844863891602,-36.6574974060059,0.1,1.58,1.97,2.14,1.95,2.44,1.73,1.61,1.91
"NSW","Bega Valley",150.015930175781,-36.6494674682617,0.1,1.38,2.62,3.9,3.28,4.9,1.7,1.59,1.85
"SA","Kingston (SA)",139.830047607422,-36.6085319519043,0.1,1.58,2.27,2.13,1.94,2.41,1.54,1.46,1.66
"NSW","Bega Valley",150.035064697266,-36.616138458252,0.1,1.38,2.89,3.87,3.26,4.85,1.62,1.52,1.76
"SA","Kingston (SA)",139.821029663086,-36.5684852600098,0.1,1.59,2.07,2.09,1.9,2.36,1.64,1.54,1.8
"NSW","Bega Valley",150.059936523438,-36.5766220092773,0.1,1.38,2.81,3.86,3.26,4.84,1.65,1.55,1.79
"SA","Kingston (SA)",139.803558349609,-36.5380020141602,0.1,1.58,2.07,2.15,1.95,2.44,1.66,1.55,1.82
"NSW","Bega Valley",150.06852722168,-36.5477447509766,0.1,1.38,2.8,3.86,3.26,4.83,1.65,1.55,1.79
"SA","Kingston (SA)",139.791915893555,-36.4919242858887,0.1,1.59,2.23,2.09,1.91,2.37,1.55,1.46,1.69
"NSW","Bega Valley",150.063095092773,-36.4972381591797,0.1,1.38,2.65,3.91,3.29,4.91,1.68,1.58,1.84
"SA","Kingston (SA)",139.775497436523,-36.4551124572754,0.1,1.6,2,2.04,1.86,2.29,1.68,1.57,1.84
"NSW","Bega Valley",150.081558227539,-36.442684173584,0.1,1.38,2.54,3.9,3.29,4.9,1.69,1.58,1.84
"SA","Kingston (SA)",139.756973266602,-36.4185371398926,0.1,1.59,2.47,2.06,1.88,2.32,1.67,1.57,1.82
"SA","Kingston (SA)",139.731491088867,-36.3667602539062,0.1,1.59,2.18,2.06,1.88,2.32,1.61,1.51,1.75
"NSW","Eurobodalla",150.091186523438,-36.3569068908691,0.1,1.38,2.54,3.97,3.34,5,1.7,1.59,1.86
"SA","Kingston (SA)",139.714538574219,-36.3330459594727,0.1,1.59,1.98,2.06,1.88,2.32,1.78,1.65,1.98
"NSW","Eurobodalla",150.136993408203,-36.3149375915527,0.1,1.38,2.61,3.91,3.3,4.91,1.68,1.58,1.84
"SA","Kingston (SA)",139.683654785156,-36.2842216491699,0.1,1.59,1.94,2.08,1.9,2.34,1.8,1.67,2.01
"NSW","Eurobodalla",150.148056030273,-36.2723121643066,0.1,1.38,1.93,3.87,3.27,4.85,2.17,1.96,2.51
"SA","Coorong",139.689453125,-36.2381134033203,0.1,1.47,2.81,3.35,2.83,4.23,1.8,1.66,2
"NSW","Eurobodalla",150.148941040039,-36.2385597229004,0.1,1.38,2.97,3.83,3.24,4.77,1.59,1.5,1.72
"SA","Coorong",139.628814697266,-36.1987915039062,0.1,1.59,2.23,2.09,1.9,2.36,1.61,1.51,1.75
"NSW","Eurobodalla",150.134841918945,-36.1971473693848,0.1,1.38,2.47,3.87,3.27,4.83,1.85,1.7,2.08
"SA","Coorong",139.625747680664,-36.1536979675293,0.1,1.39,3.21,7.66,5.81,11.22,1.7,1.58,1.88
"NSW","Eurobodalla",150.13459777832,-36.165225982666,0.1,1.38,4.26,3.9,3.29,4.87,1.38,1.32,1.46
"SA","Coorong",139.571441650391,-36.1088409423828,0.1,1.59,2.12,2.09,1.91,2.36,1.64,1.54,1.8
"NSW","Eurobodalla",150.140396118164,-36.108341217041,0.1,1.38,1.98,3.87,3.27,4.83,2.63,2.3,3.17
"SA","Kangaroo Island",136.905456542969,-36.0443840026855,0.1,1.95,3.12,3.48,2.97,4.32,2.03,1.85,2.31
"SA","Kangaroo Island",136.928207397461,-36.0405349731445,0.1,1.95,3.51,3.5,2.98,4.35,1.78,1.65,1.98
"SA","Kangaroo Island",137.016082763672,-36.029296875,0.1,1.95,3.42,3.51,2.99,4.37,1.89,1.73,2.12
"SA","Kangaroo Island",137.049743652344,-36.0282287597656,0.1,1.95,2.6,3.49,2.97,4.32,2.7,2.36,3.22
"SA","Kangaroo Island",137.123550415039,-36.0327224731445,0.1,1.95,2.51,3.46,2.95,4.28,2.81,2.46,3.38
"SA","Kangaroo Island",137.13444519043,-36.034538269043,0.1,1.96,2.56,3.45,2.94,4.26,2.76,2.42,3.3
"SA","Kangaroo Island",137.426620483398,-36.0531272888184,0.1,1.96,2.37,3.28,2.83,4.02,2.74,2.42,3.23
"SA","Kangaroo Island",137.475936889648,-36.0683212280273,0.1,1.47,2.6,3.4,2.91,4.18,2.09,1.9,2.4
"SA","Kangaroo Island",137.515167236328,-36.0489692687988,0.1,1.47,2.76,3.3,2.84,4.03,1.92,1.77,2.16
"SA","Kangaroo Island",137.568801879883,-36.0300827026367,0.1,1.47,3.04,3.28,2.83,4.01,1.6,1.5,1.74
"SA","Coorong",139.581848144531,-36.0672988891602,0.1,1.36,3.59,21.08,13.97,37.05,1.55,1.46,1.68
"NSW","Eurobodalla",150.143844604492,-36.0624465942383,0.1,1.36,1.82,3.86,3.27,4.82,2.64,2.32,3.12
"SA","Kangaroo Island",136.690704345703,-36.0229301452637,0.1,1.96,2.98,3.24,2.79,3.98,2.23,2.01,2.57
"SA","Kangaroo Island",136.73811340332,-36.0450325012207,0.1,1.96,2.33,3.44,2.94,4.26,2.88,2.52,3.44
"SA","Kangaroo Island",136.788467407227,-36.0343894958496,0.1,1.96,2.4,3.42,2.92,4.21,2.91,2.54,3.5
"SA","Kangaroo Island",136.846450805664,-36.0241584777832,0.1,1.96,2.45,3.4,2.91,4.18,2.64,2.34,3.09
"SA","Kangaroo Island",137.273880004883,-35.9951553344727,0.1,1.96,2.56,3.29,2.83,4.02,2.84,2.46,3.45
"SA","Kangaroo Island",137.32177734375,-35.9999389648438,0.1,1.98,2.68,2.96,2.59,3.55,2.45,2.18,2.86
"SA","Kangaroo Island",137.382507324219,-36.0181884765625,0.1,1.96,3.13,3.25,2.8,3.97,2.02,1.84,2.3
"SA","Kangaroo Island",137.603118896484,-36.0112037658691,0.1,1.47,3.25,3.27,2.82,3.99,1.55,1.46,1.67
"SA","Coorong",139.566696166992,-36.0242233276367,0.1,1.36,3.74,21.47,14.12,38.24,1.51,1.43,1.63
"NSW","Eurobodalla",150.156890869141,-36.0260467529297,0.1,1.36,2.03,3.86,3.27,4.82,2.58,2.26,3.09
"SA","Kangaroo Island",136.633361816406,-35.9650650024414,0.1,1.97,2.92,3.18,2.74,3.88,2.16,1.95,2.47
"SA","Kangaroo Island",137.626693725586,-35.9808921813965,0.1,1.48,3.53,3.22,2.78,3.91,1.49,1.42,1.6
"SA","Coorong",139.525054931641,-35.9813766479492,0.1,1.36,3.65,20.5,13.53,36.37,1.53,1.44,1.65
"NSW","Eurobodalla",150.16096496582,-35.9916725158691,0.1,1.36,2.28,3.85,3.26,4.81,2.08,1.89,2.38
"SA","Kangaroo Island",136.578521728516,-35.9429016113281,0.1,1.98,2.66,3.05,2.64,3.69,2.42,2.15,2.83
"SA","Kangaroo Island",137.603698730469,-35.9404640197754,0.1,1.48,4.27,3.22,2.78,3.91,1.38,1.32,1.46
"SA","Coorong",139.421813964844,-35.9398231506348,0.1,1.58,2.97,2.15,1.96,2.45,1.57,1.48,1.69
"SA","Coorong",139.464080810547,-35.943431854248,0.1,1.36,3.33,18.14,12.07,31.95,1.66,1.55,1.83
"NSW","Eurobodalla",150.163665771484,-35.9351654052734,0.1,1.36,2.29,3.84,3.26,4.79,1.91,1.76,2.14
"SA","Kangaroo Island",136.536087036133,-35.896728515625,0.1,1.63,2.02,2.91,2.54,3.48,2.93,2.57,3.48
"SA","Kangaroo Island",137.677032470703,-35.8850936889648,0.1,1.48,1.82,3.12,2.71,3.77,2.76,2.44,3.25
"SA","Kangaroo Island",137.725204467773,-35.8824005126953,0.1,1.48,2.42,3.12,2.71,3.76,2.01,1.84,2.28
"SA","Kangaroo Island",137.788360595703,-35.8557510375977,0.1,1.48,2.27,3.11,2.7,3.75,2.2,1.99,2.52
"SA","Kangaroo Island",137.871337890625,-35.8728942871094,0.1,1.48,2.26,3.1,2.7,3.74,2.23,2.01,2.56
"SA","Kangaroo Island",137.88493347168,-35.8728485107422,0.1,1.48,2.46,3.11,2.7,3.75,2.04,1.86,2.32
"SA","Kangaroo Island",137.96125793457,-35.8787040710449,0.1,1.48,2.43,3.07,2.67,3.69,2.04,1.85,2.31
"SA","Kangaroo Island",138.001083374023,-35.8967895507812,0.1,1.48,2.24,3.06,2.66,3.68,2.2,1.99,2.53
"SA","Kangaroo Island",138.052825927734,-35.8993873596191,0.1,1.48,2.38,3.12,2.71,3.76,2,1.82,2.26
"SA","Kangaroo Island",138.082214355469,-35.8790435791016,0.1,1.48,4.04,3.1,2.69,3.74,1.41,1.35,1.51
"SA","Coorong",139.373916625977,-35.8965225219727,0.1,1.57,2.06,2.18,1.98,2.48,1.73,1.61,1.91
"NSW","Eurobodalla",150.189926147461,-35.8637771606445,0.1,1.36,2.5,3.83,3.24,4.77,2.03,1.84,2.32
"SA","Kangaroo Island",138.135406494141,-35.8457832336426,0.1,1.47,3.75,3.36,2.88,4.14,1.48,1.4,1.58
"SA","Coorong",139.319274902344,-35.8516044616699,0.1,1.57,2.1,2.22,2.01,2.53,1.73,1.6,1.91
"NSW","Eurobodalla",150.194900512695,-35.8571395874023,0.1,1.36,3.4,3.83,3.25,4.78,1.5,1.43,1.6
"SA","Kangaroo Island",136.559677124023,-35.8249588012695,0.1,1.63,2.46,2.86,2.5,3.42,2.31,2.06,2.72
"SA","Kangaroo Island",138.12907409668,-35.8107795715332,0.1,1.47,4.06,3.33,2.86,4.1,1.42,1.36,1.51
"SA","Coorong",139.272583007812,-35.809326171875,0.1,1.57,2.11,2.22,2.01,2.54,1.7,1.58,1.87
"NSW","Eurobodalla",150.236907958984,-35.8035354614258,0.1,1.37,3.36,3.8,3.22,4.72,1.58,1.49,1.71
"SA","Kangaroo Island",136.564651489258,-35.7734603881836,0.1,1.64,2.09,2.84,2.49,3.4,3,2.6,3.64
"SA","Kangaroo Island",138.073806762695,-35.774959564209,0.1,1.47,4.17,3.35,2.87,4.13,1.41,1.35,1.5
"SA","Coorong",139.215682983398,-35.7648048400879,0.1,1.57,2.21,2.22,2.01,2.54,1.63,1.53,1.78
"NSW","Eurobodalla",150.236831665039,-35.7761192321777,0.1,1.36,2.44,3.82,3.24,4.75,1.61,1.52,1.76
"SA","Kangaroo Island",136.588409423828,-35.7481994628906,0.1,1.64,3.13,2.79,2.45,3.33,1.52,1.44,1.64
"SA","Kangaroo Island",136.626861572266,-35.7417831420898,0.1,1.99,2.84,2.78,2.44,3.31,2.1,1.9,2.42
"SA","Kangaroo Island",138.066772460938,-35.7513809204102,0.1,1.47,1.98,3.34,2.85,4.12,2.39,2.14,2.77
"SA","Yankalilla",138.176651000977,-35.6691741943359,0.1,1.49,2.06,3.05,2.65,3.68,2.49,2.21,2.93
"SA","Yankalilla",138.198532104492,-35.6705513000488,0.1,1.49,3.68,3.04,2.64,3.66,1.53,1.45,1.66
"SA","Coorong",139.162200927734,-35.7285499572754,0.1,1.55,2.62,2.3,2.07,2.64,1.49,1.41,1.6
"NSW","Eurobodalla",150.282455444336,-35.7173690795898,0.1,1.37,2.02,3.77,3.2,4.69,1.84,1.7,2.05
"SA","Kangaroo Island",136.706756591797,-35.725227355957,0.1,2,4.03,2.74,2.41,3.25,1.41,1.35,1.5
"SA","Kangaroo Island",136.731002807617,-35.7152709960938,0.1,2,3.77,2.72,2.4,3.23,1.48,1.4,1.58
"SA","Kangaroo Island",136.78987121582,-35.6979751586914,0.1,2,2.95,2.69,2.37,3.17,2.08,1.9,2.35
"SA","Kangaroo Island",137.616470336914,-35.674991607666,0.1,1.94,2.5,3.79,3.17,4.82,2.41,2.15,2.8
"SA","Kangaroo Island",137.649337768555,-35.6554565429688,0.1,1.94,2.59,3.79,3.18,4.83,2.2,1.99,2.51
"SA","Kangaroo Island",137.763717651367,-35.7223281860352,0.1,1.95,2.58,3.63,3.06,4.58,2.18,1.98,2.48
"SA","Kangaroo Island",137.775573730469,-35.7165031433105,0.1,1.95,2.75,3.62,3.05,4.55,2.11,1.92,2.4
"SA","Kangaroo Island",137.890029907227,-35.723461151123,0.1,1.46,2.26,3.46,2.94,4.31,2.09,1.9,2.38
"SA","Kangaroo Island",137.907119750977,-35.714672088623,0.1,1.47,2.28,3.38,2.88,4.18,2.03,1.85,2.31
"SA","Kangaroo Island",137.988906860352,-35.7158203125,0.1,1.48,1.98,3.19,2.75,3.9,2.15,1.94,2.46
"SA","Kangaroo Island",138.013977050781,-35.7265586853027,0.1,1.47,1.99,3.3,2.83,4.07,2.32,2.08,2.69
"SA","Yankalilla",138.130722045898,-35.6500282287598,0.1,1.49,2.06,2.96,2.58,3.54,2.31,2.07,2.69
"SA","Yankalilla",138.246475219727,-35.6603355407715,0.1,1.49,2.35,2.94,2.57,3.51,2.08,1.89,2.38
"SA","Yankalilla",138.312057495117,-35.6453323364258,0.1,1.5,2.49,2.83,2.49,3.36,2.05,1.86,2.34
"SA","Yankalilla",138.3759765625,-35.6453437805176,0.1,1.5,2.24,2.84,2.49,3.37,2.1,1.91,2.4
"SA","Yankalilla",138.414459228516,-35.6428642272949,0.1,1.5,2.32,2.83,2.49,3.37,2.06,1.87,2.34
"SA","Victor Harbor",138.478042602539,-35.6393089294434,0.1,1.5,2.31,2.76,2.44,3.27,2.06,1.88,2.35
"SA","Victor Harbor",138.513809204102,-35.6463623046875,0.1,1.51,3.46,2.71,2.39,3.19,1.58,1.49,1.72
"SA","Coorong",139.103012084961,-35.6852188110352,0.1,1.55,2.47,2.31,2.08,2.66,1.53,1.45,1.66
"NSW","Eurobodalla",150.305648803711,-35.6829795837402,0.1,1.37,2.77,3.76,3.2,4.67,1.53,1.45,1.64
"SA","Kangaroo Island",136.849060058594,-35.6847915649414,0.1,2,4.03,2.67,2.36,3.15,1.42,1.36,1.51
"SA","Kangaroo Island",136.900344848633,-35.6795883178711,0.1,2,3.69,2.7,2.38,3.19,1.5,1.42,1.6
"SA","Kangaroo Island",136.94677734375,-35.6725311279297,0.1,2,3.27,2.72,2.4,3.22,1.62,1.52,1.76
"SA","Kangaroo Island",137.011520385742,-35.6639022827148,0.1,2,2.93,2.71,2.39,3.2,1.76,1.63,1.94
"SA","Kangaroo Island",137.058792114258,-35.6631202697754,0.1,2,2.58,2.76,2.43,3.26,1.98,1.82,2.23
"SA","Kangaroo Island",137.106231689453,-35.6534042358398,0.1,1.99,2.77,2.79,2.46,3.31,2.43,2.17,2.84
"SA","Kangaroo Island",137.630981445312,-35.6381607055664,0.1,1.94,2.66,3.76,3.15,4.78,2.03,1.85,2.3
"SA","Yankalilla",138.093200683594,-35.6287651062012,0.1,1.49,2.1,2.93,2.56,3.51,2.1,1.9,2.38
"SA","Victor Harbor",138.55793762207,-35.6218681335449,0.1,1.51,3.79,2.74,2.42,3.24,1.54,1.45,1.66
"SA","Coorong",139.046203613281,-35.6484336853027,0.1,1.55,2.94,2.34,2.1,2.69,1.41,1.35,1.5
"NSW","Shoalhaven",150.336212158203,-35.6333694458008,0.1,1.37,2.24,3.73,3.17,4.62,1.86,1.72,2.07
"SA","Kangaroo Island",137.179275512695,-35.6163673400879,0.1,1.98,2.41,2.98,2.6,3.58,3.06,2.64,3.73
"SA","Kangaroo Island",137.632522583008,-35.5992774963379,0.1,1.94,2.92,3.81,3.19,4.85,1.81,1.67,2.01
"SA","Coorong",139.058990478516,-35.5978546142578,0.1,1.35,3.45,33.31,20.97,62.47,1.67,1.56,1.82
"NSW","Shoalhaven",150.376419067383,-35.5752372741699,0.1,1.37,2.23,3.73,3.18,4.63,1.89,1.74,2.11
"SA","Kangaroo Island",137.239776611328,-35.6021537780762,0.1,1.97,3.06,3.07,2.66,3.71,1.83,1.69,2.04
"SA","Kangaroo Island",137.285034179688,-35.5917587280273,0.1,1.97,3.11,3.13,2.71,3.8,1.85,1.71,2.06
"SA","Kangaroo Island",137.310577392578,-35.5752601623535,0.1,1.96,2.69,3.35,2.87,4.13,2.05,1.87,2.31
"SA","Kangaroo Island",137.372985839844,-35.5833930969238,0.1,1.96,2.77,3.43,2.92,4.26,2.06,1.87,2.34
"SA","Kangaroo Island",137.425735473633,-35.5836410522461,0.1,1.95,2.92,3.51,2.98,4.39,1.96,1.79,2.21
"SA","Kangaroo Island",137.48600769043,-35.574275970459,0.1,1.95,2.72,3.51,2.98,4.39,2.17,1.96,2.5
"SA","Kangaroo Island",137.555801391602,-35.571605682373,0.1,1.95,2.93,3.58,3.02,4.5,2.01,1.83,2.28
"SA","Kangaroo Island",137.586929321289,-35.5594902038574,0.1,1.95,3.03,3.61,3.04,4.55,1.83,1.69,2.04
"SA","Yankalilla",138.115966796875,-35.5587463378906,0.1,1.49,2.81,3,2.6,3.65,1.64,1.54,1.8
"SA","Alexandrina",138.684585571289,-35.5412063598633,0.1,1.51,2.16,2.68,2.37,3.15,1.99,1.82,2.25
"SA","Alexandrina",138.741424560547,-35.5217819213867,0.1,1.52,1.73,2.58,2.29,3.02,2.36,2.11,2.76
"SA","Coorong",139.054931640625,-35.5639686584473,0.1,1.41,3.15,5.95,4.72,8.14,1.68,1.57,1.84
"NSW","Shoalhaven",150.421203613281,-35.5334854125977,0.1,1.37,2.65,3.67,3.13,4.54,1.82,1.68,2.03
"SA","Yankalilla",138.144882202148,-35.5329360961914,0.1,1.49,1.06,3.04,2.62,3.72,4.13,3.44,5.28
"SA","Alexandrina",138.788360595703,-35.5141334533691,0.1,1.38,2.05,10.01,7.59,14.43,3.2,2.74,3.95
"SA","Alexandrina",138.837677001953,-35.5001106262207,0.1,1.37,2.6,11.99,8.67,18.59,2.35,2.09,2.77
"SA","Alexandrina",138.90217590332,-35.495979309082,0.1,1.38,2.69,10.89,8,16.5,2.23,2,2.58
"SA","Coorong",139.107757568359,-35.5152053833008,0.1,1.4,3.05,6.59,5.17,9.12,1.74,1.62,1.92
"NSW","Shoalhaven",150.419357299805,-35.5245475769043,0.1,1.37,2.72,3.67,3.13,4.53,1.77,1.64,1.97
"SA","Yankalilla",138.167190551758,-35.5175514221191,0.1,1.48,2.33,3.06,2.63,3.75,1.94,1.78,2.2
"SA","Yankalilla",138.272125244141,-35.4736175537109,0.1,1.49,1.2,2.99,2.58,3.66,2.79,2.42,3.39
"SA","Alexandrina",138.961532592773,-35.4710655212402,0.1,1.41,2.76,5.9,4.68,8.08,2.14,1.93,2.46
"SA","Coorong",139.153701782227,-35.4944000244141,0.1,1.4,2.88,7.04,5.47,9.89,1.99,1.82,2.25
"SA","Coorong",139.235153198242,-35.4806175231934,0.1,1.4,2.88,7.32,5.62,10.49,1.95,1.79,2.2
"SA","Coorong",139.255584716797,-35.4789352416992,0.1,1.41,3.06,6.36,4.97,8.88,1.67,1.56,1.84
"NSW","Shoalhaven",150.401947021484,-35.463996887207,0.1,1.37,2.76,3.69,3.14,4.56,1.85,1.71,2.07
"SA","Yankalilla",138.296783447266,-35.4467391967773,0.1,1.49,1.23,3,2.59,3.67,2.58,2.26,3.08
"SA","Alexandrina",138.965591430664,-35.436954498291,0.1,1.4,2.97,6.6,5.2,9.09,1.85,1.7,2.06
"SA","Murray Bridge",139.308883666992,-35.4209632873535,0.1,1.42,3.12,5.2,4.2,6.96,1.64,1.54,1.79
"NSW","Shoalhaven",150.448516845703,-35.4087524414062,0.1,1.4,2.85,3.68,3.14,4.55,1.84,1.7,2.05
"SA","Yankalilla",138.328460693359,-35.4014854431152,0.1,1.49,1.27,2.95,2.55,3.59,2.33,2.08,2.73
"SA","Alexandrina",138.99983215332,-35.4025688171387,0.1,1.39,2.66,7.87,6.09,11.06,2.21,1.98,2.56
"SA","Alexandrina",139.054641723633,-35.3926849365234,0.1,1.4,2.75,7.52,5.84,10.52,2.12,1.91,2.44
"SA","Alexandrina",139.106964111328,-35.3879737854004,0.1,1.4,3.04,7.36,5.71,10.36,1.78,1.65,1.97
"SA","Murray Bridge",139.308380126953,-35.3877601623535,0.1,1.44,3.12,4.34,3.59,5.61,1.63,1.53,1.77
"NSW","Shoalhaven",150.472244262695,-35.379711151123,0.1,1.4,2.84,3.67,3.13,4.54,1.86,1.71,2.08
"SA","Yankalilla",138.377059936523,-35.3707275390625,0.1,1.49,1.46,2.93,2.53,3.56,2.03,1.84,2.32
"SA","Murray Bridge",139.161315917969,-35.3434677124023,0.1,1.41,2.85,5.63,4.5,7.65,1.93,1.76,2.19
"SA","Murray Bridge",139.211624145508,-35.3311576843262,0.1,1.43,2.88,4.64,3.79,6.11,1.85,1.7,2.08
"SA","Murray Bridge",139.268783569336,-35.3396034240723,0.1,1.44,2.91,4.19,3.47,5.42,1.71,1.59,1.89
"NSW","Shoalhaven",150.476806640625,-35.3392028808594,0.1,1.4,2.45,3.66,3.12,4.51,2.04,1.85,2.31
"SA","Yorke Peninsula",136.892074584961,-35.2995147705078,0.1,2,2.59,2.75,2.42,3.27,2.21,2,2.53
"SA","Yorke Peninsula",136.94612121582,-35.2843360900879,0.1,1.99,2.85,2.81,2.46,3.35,2.18,1.97,2.51
"SA","Onkaparinga",138.437393188477,-35.2955360412598,0.1,1.5,1.56,2.86,2.49,3.47,1.81,1.68,2
"NSW","Shoalhaven",150.514236450195,-35.2721939086914,0.1,1.4,2.02,3.69,3.14,4.57,2.16,1.96,2.47
"SA","Yorke Peninsula",136.833374023438,-35.2586517333984,0.1,2.03,2.56,2.41,2.16,2.78,2.18,1.98,2.49
"SA","Yorke Peninsula",136.983993530273,-35.2511100769043,0.1,1.99,2.82,2.89,2.53,3.47,2.01,1.84,2.25
"SA","Yorke Peninsula",137.068176269531,-35.2329216003418,0.1,1.98,2.64,2.92,2.55,3.52,2.08,1.9,2.35
"SA","Yorke Peninsula",137.108047485352,-35.2438087463379,0.1,1.98,2.72,2.97,2.58,3.58,2.08,1.9,2.36
"SA","Yorke Peninsula",137.158889770508,-35.2424430847168,0.1,1.97,2.78,3.07,2.66,3.73,2.19,1.97,2.52
"SA","Onkaparinga",138.437713623047,-35.2665901184082,0.1,1.5,1.66,2.86,2.48,3.46,1.76,1.64,1.94
"NSW","Shoalhaven",150.545104980469,-35.2491569519043,0.1,1.4,2.28,3.69,3.14,4.56,2.13,1.93,2.44
"SA","Yorke Peninsula",136.839752197266,-35.2131881713867,0.1,2.03,3.11,2.4,2.15,2.76,1.95,1.79,2.18
"SA","Yorke Peninsula",137.194564819336,-35.2126617431641,0.1,1.97,2.81,3.1,2.68,3.76,2.15,1.94,2.46
"SA","Onkaparinga",138.463119506836,-35.2146835327148,0.1,2.26,2.5,2.8,2.44,3.38,1.7,1.59,1.85
"NSW","Shoalhaven",150.567932128906,-35.2025871276855,0.1,1.4,2.1,3.7,3.14,4.58,1.83,1.69,2.02
"NSW","Shoalhaven",150.596466064453,-35.1903190612793,0.1,1.4,2.18,3.71,3.16,4.6,1.8,1.67,1.98
"NSW","Unincorp. Other Territories",150.691772460938,-35.2010726928711,0.1,1.4,3.03,3.62,3.09,4.48,1.45,1.39,1.55
"NSW","Unincorp. Other Territories",150.708023071289,-35.1964263916016,0.1,1.4,4.4,3.58,3.06,4.42,1.42,1.35,1.51
"WASouth","Albany",117.603546142578,-35.1297760009766,0.1,1.1,3.96,3.81,3.2,4.82,1.52,1.43,1.63
"WASouth","Albany",117.638542175293,-35.136344909668,0.1,1.1,2.47,3.89,3.26,4.94,1.95,1.78,2.2
"SA","Yorke Peninsula",136.848587036133,-35.1861114501953,0.1,2.01,3.25,2.56,2.28,3,1.88,1.73,2.09
"SA","Yorke Peninsula",137.264556884766,-35.1675338745117,0.1,1.97,3.17,3.07,2.66,3.72,1.83,1.69,2.04
"SA","Yorke Peninsula",137.310241699219,-35.1675987243652,0.1,1.97,2.9,3.15,2.71,3.84,1.92,1.77,2.14
"SA","Yorke Peninsula",137.348373413086,-35.1653175354004,0.1,1.95,2.78,3.45,2.93,4.31,2.05,1.87,2.32
"SA","Yorke Peninsula",137.610473632812,-35.1551742553711,0.1,1.96,2.74,3.44,2.91,4.32,2.05,1.87,2.32
"SA","Yorke Peninsula",137.634674072266,-35.1674423217773,0.1,1.95,3.3,3.51,2.96,4.43,1.78,1.65,1.96
"SA","Yorke Peninsula",137.679443359375,-35.1711044311523,0.1,1.95,3.14,3.58,3.02,4.54,1.45,1.38,1.54
"NSW","Unincorp. Other Territories",150.762313842773,-35.1617126464844,0.1,1.41,1.94,3.55,3.04,4.37,2.22,2,2.55
"WASouth","Albany",117.537940979004,-35.0852127075195,0.1,1.11,2.74,3.72,3.13,4.7,1.61,1.51,1.77
"WASouth","Albany",117.644309997559,-35.1269073486328,0.1,1.1,2.33,3.88,3.26,4.92,1.96,1.79,2.21
"WASouth","Albany",117.856033325195,-35.1080741882324,0.1,1.1,2.3,3.81,3.2,4.82,2.03,1.85,2.29
"WASouth","Albany",117.946891784668,-35.1290817260742,0.1,1.1,1.97,3.95,3.31,5.01,2.09,1.9,2.37
"SA","Yorke Peninsula",136.918487548828,-35.1413688659668,0.1,2.01,3.04,2.59,2.3,3.04,1.93,1.77,2.15
"SA","Yorke Peninsula",137.412414550781,-35.1113395690918,0.1,1.96,2.87,3.42,2.9,4.27,1.92,1.77,2.15
"SA","Yorke Peninsula",137.487014770508,-35.1126708984375,0.1,1.96,2.93,3.35,2.85,4.18,1.89,1.75,2.11
"SA","Yorke Peninsula",137.524642944336,-35.1180801391602,0.1,1.96,3.34,3.39,2.88,4.24,1.77,1.65,1.95
"SA","Yorke Peninsula",137.740158081055,-35.1296997070312,0.1,1.95,2.97,3.51,2.97,4.43,1.96,1.79,2.21
"SA","Onkaparinga",138.462600708008,-35.1263885498047,0.1,2.27,3.11,2.78,2.43,3.35,1.45,1.38,1.54
"NSW","Unincorp. Other Territories",150.775543212891,-35.1180725097656,0.1,1.41,1.76,3.56,3.04,4.38,2.31,2.07,2.67
"WASouth","Manjimup",116.499481201172,-35.039623260498,0.1,1.1,1.43,3.83,3.21,4.84,2.84,2.47,3.43
"WASouth","Manjimup",116.626121520996,-35.0582046508789,0.1,1.11,1.37,3.73,3.14,4.72,2.97,2.57,3.62
"WASouth","Manjimup",116.632537841797,-35.0628356933594,0.1,1.1,1.32,3.81,3.2,4.83,3.15,2.71,3.86
"WASouth","Manjimup",116.657424926758,-35.0581321716309,0.1,1.1,1.88,3.75,3.16,4.74,2.22,2.01,2.55
"WASouth","Denmark",116.862083435059,-35.0571975708008,0.1,1.1,1.52,3.95,3.3,5.04,2.6,2.3,3.08
"WASouth","Denmark",116.911567687988,-35.0656433105469,0.1,1.1,2.33,3.79,3.18,4.8,2.03,1.85,2.3
"WASouth","Denmark",116.92749786377,-35.0664024353027,0.1,1.1,1.77,3.87,3.24,4.91,2.32,2.08,2.69
"WASouth","Denmark",117.01692199707,-35.0369186401367,0.1,1.11,1.85,3.52,2.99,4.41,2.26,2.03,2.61
"WASouth","Denmark",117.070243835449,-35.0396041870117,0.1,1.1,1.7,3.75,3.16,4.75,2.2,1.99,2.53
"WASouth","Denmark",117.12614440918,-35.0523452758789,0.1,1.11,2.96,3.7,3.12,4.68,1.65,1.55,1.81
"WASouth","Albany",117.43677520752,-35.0582695007324,0.1,1.11,3.19,3.68,3.1,4.64,1.56,1.47,1.69
"WASouth","Albany",117.478675842285,-35.0829620361328,0.1,1.12,1.82,3.4,2.9,4.24,2.01,1.83,2.29
"WASouth","Albany",117.654037475586,-35.0811538696289,0.1,1.1,2.46,3.88,3.25,4.92,2.07,1.88,2.36
"WASouth","Albany",117.752479553223,-35.0632133483887,0.1,1.1,2.72,3.77,3.17,4.75,1.84,1.7,2.05
"WASouth","Albany",117.799957275391,-35.0789680480957,0.1,1.1,1.2,3.76,3.17,4.75,4.1,3.39,5.3
"WASouth","Albany",117.998588562012,-35.083553314209,0.1,1.1,2.2,4.06,3.39,5.19,2.01,1.84,2.28
"SA","Yorke Peninsula",136.942672729492,-35.1013793945312,0.1,2.01,3.68,2.56,2.27,3,1.83,1.7,2.03
"SA","Yorke Peninsula",137.752334594727,-35.0895500183105,0.1,1.96,1.91,3.33,2.83,4.15,2.22,2,2.55
"WASouth","Manjimup",116.492492675781,-35.0378036499023,0.1,1.1,1.59,3.86,3.24,4.89,2.38,2.13,2.77
"WASouth","Denmark",116.80200958252,-35.027214050293,0.1,1.1,1.68,3.78,3.17,4.78,2.57,2.28,3.03
"WASouth","Denmark",117.164962768555,-35.040657043457,0.1,1.1,1.84,3.89,3.26,4.96,2.3,2.07,2.67
"WASouth","Denmark",117.215309143066,-35.0246772766113,0.1,1.12,1.63,3.32,2.84,4.11,2.36,2.11,2.74
"WASouth","Denmark",117.261695861816,-35.0279731750488,0.1,1.11,1.51,3.61,3.05,4.54,2.39,2.14,2.79
"WASouth","Denmark",117.314033508301,-35.0409965515137,0.1,1.11,1.62,3.66,3.09,4.61,2.36,2.12,2.74
"WASouth","Albany",117.37866973877,-35.0329399108887,0.1,1.11,1.43,3.66,3.09,4.61,2.85,2.49,3.43
"WASouth","Albany",118.054786682129,-35.0434722900391,0.1,1.1,1.53,4.03,3.36,5.14,2.81,2.47,3.36
"WASouth","Albany",118.068359375,-35.0635223388672,0.1,1.1,2.05,4.01,3.35,5.1,2.06,1.87,2.34
"SA","Yorke Peninsula",136.928436279297,-35.0313949584961,0.1,2.02,3.19,2.47,2.21,2.87,2.02,1.85,2.3
"SA","Marion",138.500640869141,-35.0439109802246,0.1,2.27,2,2.71,2.38,3.25,2.22,2.01,2.54
"NSW","Shoalhaven",150.76676940918,-35.0225372314453,0.1,1.4,1.76,3.64,3.1,4.5,2.31,2.07,2.67
"WASouth","Manjimup",116.441963195801,-34.986400604248,0.1,1.11,2.21,3.66,3.08,4.61,2.05,1.86,2.33
"WASouth","Albany",118.160102844238,-34.9965553283691,0.1,1.12,1.46,3.45,2.95,4.25,2.76,2.42,3.29
"WASouth","Albany",118.208679199219,-35.0000228881836,0.1,1.1,2.11,4.03,3.37,5.13,2.16,1.96,2.47
"SA","Lower Eyre Peninsula",135.93977355957,-34.9993171691895,0.1,1.64,2.23,2.75,2.41,3.29,2.24,2.02,2.56
"SA","Lower Eyre Peninsula",136.003768920898,-34.9874534606934,0.1,1.63,2.54,2.91,2.53,3.5,1.96,1.8,2.21
"SA","Yorke Peninsula",136.9482421875,-35.0069999694824,0.1,2,3.3,2.64,2.34,3.11,1.98,1.81,2.23
"SA","Holdfast Bay",138.505004882812,-34.9957733154297,0.1,2.27,2.29,2.67,2.34,3.19,1.9,1.74,2.16
"NSW","Shoalhaven",150.793502807617,-34.9941062927246,0.1,1.32,1.74,3.58,3.06,4.41,2.2,1.99,2.53
"WASouth","Manjimup",116.376663208008,-34.9477043151855,0.1,1.11,1.45,3.61,3.04,4.53,2.87,2.51,3.44
"WASouth","Albany",118.245780944824,-34.9216423034668,0.1,1.1,1.59,4.01,3.35,5.1,2.75,2.41,3.29
"WASouth","Albany",118.293395996094,-34.9157218933105,0.1,1.1,2.49,3.99,3.34,5.07,2.13,1.93,2.44
"WASouth","Albany",118.388008117676,-34.9172668457031,0.1,1.1,2.77,4.01,3.35,5.1,1.89,1.74,2.11
"WASouth","Albany",118.43773651123,-34.9264717102051,0.1,1.1,2.21,3.9,3.27,4.95,2.33,2.09,2.71
"SA","Lower Eyre Peninsula",135.62873840332,-34.9475173950195,0.1,1.62,2.21,3.02,2.61,3.67,2.29,2.07,2.62
"SA","Lower Eyre Peninsula",135.686218261719,-34.951774597168,0.1,1.62,2.17,3.06,2.64,3.72,2.33,2.1,2.68
"SA","Lower Eyre Peninsula",135.875335693359,-34.9482650756836,0.1,1.64,2.34,2.77,2.43,3.32,2.14,1.95,2.43
"SA","Lower Eyre Peninsula",136.05680847168,-34.9548683166504,0.1,1.62,2.52,3.11,2.69,3.78,1.94,1.78,2.18
"SA","Yorke Peninsula",136.970291137695,-34.9538307189941,0.1,2,3.02,2.66,2.36,3.14,2.14,1.94,2.43
"SA","Yorke Peninsula",137.790176391602,-34.9498023986816,0.1,1.96,2.51,3.25,2.78,4.05,2.14,1.94,2.44
"SA","Charles Sturt",138.493499755859,-34.9453239440918,0.1,2.28,2.42,2.65,2.33,3.15,1.69,1.57,1.86
"NSW","Shoalhaven",150.779983520508,-34.9549674987793,0.1,1.32,1.87,3.63,3.1,4.48,2.03,1.85,2.3
"WASouth","Manjimup",116.278388977051,-34.8926849365234,0.1,1.11,1.54,3.57,3.01,4.49,2.45,2.18,2.87
"WASouth","Manjimup",116.313697814941,-34.9120445251465,0.1,1.11,1.66,3.54,2.99,4.45,2.34,2.1,2.71
"WASouth","Albany",118.473320007324,-34.9040679931641,0.1,1.09,3.43,4.11,3.43,5.23,1.59,1.5,1.73
"SA","Lower Eyre Peninsula",135.60270690918,-34.892707824707,0.1,1.66,1.89,2.54,2.25,3,2.71,2.39,3.2
"SA","Lower Eyre Peninsula",135.708190917969,-34.9039306640625,0.1,1.64,2.07,2.77,2.43,3.32,2.34,2.11,2.69
"SA","Lower Eyre Peninsula",135.813537597656,-34.8753776550293,0.1,1.64,2.12,2.76,2.42,3.31,2.22,2.01,2.53
"SA","Lower Eyre Peninsula",135.850769042969,-34.9092292785645,0.1,1.64,2.09,2.76,2.42,3.3,2.48,2.22,2.86
"SA","Lower Eyre Peninsula",136.040588378906,-34.9115982055664,0.1,1.61,2.4,3.26,2.81,3.98,1.95,1.79,2.2
"SA","Yorke Peninsula",137.007171630859,-34.9160041809082,0.1,2,2.49,2.66,2.35,3.14,2,1.83,2.25
"SA","Yorke Peninsula",137.434066772461,-34.916015625,0.1,2.05,2.85,2.25,2.02,2.6,2.13,1.94,2.43
"SA","Yorke Peninsula",137.805541992188,-34.9134864807129,0.1,1.96,2.51,3.24,2.77,4.02,2.11,1.91,2.4
"SA","Charles Sturt",138.486358642578,-34.9103393554688,0.1,2.28,2.3,2.62,2.31,3.12,1.73,1.6,1.91
"NSW","Shoalhaven",150.770278930664,-34.9090614318848,0.1,1.32,1.73,3.66,3.12,4.52,2.26,2.03,2.62
"WASouth","Manjimup",116.05086517334,-34.8465347290039,0.1,1.11,1.62,3.72,3.13,4.72,2.41,2.15,2.81
"WASouth","Manjimup",116.111457824707,-34.850944519043,0.1,1.11,1.77,3.66,3.08,4.63,2.24,2.02,2.58
"WASouth","Manjimup",116.154434204102,-34.8547859191895,0.1,1.11,1.89,3.66,3.08,4.63,2.03,1.85,2.3
"WASouth","Manjimup",116.210372924805,-34.8674583435059,0.1,1.12,1.58,3.44,2.92,4.31,2.65,2.35,3.11
"WASouth","Albany",118.456573486328,-34.9003067016602,0.1,1.09,3.44,4.15,3.46,5.3,1.61,1.52,1.76
"SA","Lower Eyre Peninsula",135.545608520508,-34.8329162597656,0.1,1.67,2.09,2.49,2.21,2.92,2.08,1.9,2.36
"SA","Yorke Peninsula",137.037017822266,-34.8975028991699,0.1,2,2.72,2.66,2.35,3.14,1.88,1.73,2.11
"SA","Yorke Peninsula",137.119888305664,-34.9118118286133,0.1,2.01,2.92,2.58,2.29,3.04,1.76,1.64,1.95
"SA","Yorke Peninsula",137.17822265625,-34.8988838195801,0.1,2.02,2.92,2.5,2.22,2.93,1.75,1.63,1.94
"SA","Yorke Peninsula",137.205261230469,-34.896785736084,0.1,2.02,2.71,2.48,2.21,2.91,1.79,1.66,1.99
"SA","Yorke Peninsula",137.259643554688,-34.8906936645508,0.1,2.03,2.71,2.43,2.17,2.84,1.78,1.65,1.98
"SA","Yorke Peninsula",137.289123535156,-34.893238067627,0.1,2.03,2.51,2.4,2.14,2.81,1.85,1.71,2.07
"SA","Yorke Peninsula",137.451095581055,-34.8677635192871,0.1,2.05,2.84,2.25,2.02,2.6,2.2,1.99,2.51
"SA","Yorke Peninsula",137.813827514648,-34.8672142028809,0.1,1.97,1.83,3.21,2.75,3.98,2.02,1.84,2.3
"NSW","Shoalhaven",150.753067016602,-34.8636322021484,0.1,1.32,1.69,3.67,3.13,4.55,2.38,2.12,2.79
"WASouth","Manjimup",115.992393493652,-34.8286247253418,0.1,1.16,1.55,3.54,3,4.44,2.42,2.15,2.86
"WASouth","Albany",118.413291931152,-34.8083572387695,0.1,1.09,3.17,4.23,3.52,5.43,1.78,1.64,1.98
"SA","Lower Eyre Peninsula",135.501922607422,-34.7913246154785,0.1,1.67,1.91,2.46,2.19,2.89,2.89,2.52,3.47
"SA","Lower Eyre Peninsula",136.003540039062,-34.8275985717773,0.1,1.61,2.72,3.28,2.83,4.01,1.72,1.6,1.89
"SA","Yorke Peninsula",137.45246887207,-34.8243675231934,0.1,2.05,2.89,2.28,2.04,2.63,2.18,1.97,2.49
"SA","Yorke Peninsula",137.853607177734,-34.7996711730957,0.1,1.97,2.47,3.12,2.68,3.84,2.13,1.93,2.43
"SA","Port Adelaide Enfield",138.478958129883,-34.8245964050293,0.1,2.28,2.01,2.59,2.28,3.07,1.92,1.76,2.16
"NSW","Shoalhaven",150.768356323242,-34.8201484680176,0.1,1.32,2.36,3.7,3.15,4.59,1.77,1.65,1.96
"WASouth","Manjimup",115.960182189941,-34.7667274475098,0.1,1.16,1.39,3.59,3.03,4.52,2.87,2.5,3.45
"WASouth","Albany",118.439796447754,-34.7701377868652,0.1,1.09,2.63,4.2,3.5,5.38,1.89,1.73,2.13
"SA","Lower Eyre Peninsula",135.476257324219,-34.7575340270996,0.1,1.68,2.03,2.42,2.16,2.83,2.66,2.35,3.13
"SA","Lower Eyre Peninsula",136.013534545898,-34.7910461425781,0.1,1.61,2.7,3.37,2.9,4.14,1.71,1.59,1.89
"SA","Yorke Peninsula",137.45524597168,-34.7916793823242,0.1,2.05,2.92,2.28,2.04,2.64,2.17,1.97,2.49
"SA","Yorke Peninsula",137.865936279297,-34.7779502868652,0.1,1.97,1.95,3.1,2.66,3.81,1.81,1.67,2.01
"NSW","Kiama",150.826202392578,-34.774356842041,0.1,1.32,2.35,3.7,3.15,4.59,1.83,1.68,2.04
"WASouth","Manjimup",115.928855895996,-34.7108383178711,0.1,1.17,1.43,3.46,2.92,4.34,2.78,2.43,3.33
"WASouth","Albany",118.513496398926,-34.7271842956543,0.1,1.09,1.48,4.14,3.45,5.28,2.78,2.44,3.33
"WASouth","Albany",118.577919006348,-34.7082405090332,0.1,1.1,1.46,4.06,3.4,5.17,2.73,2.41,3.23
"WASouth","Albany",118.641914367676,-34.6965713500977,0.1,1.1,2.44,3.97,3.33,5.03,1.94,1.77,2.18
"SA","Lower Eyre Peninsula",135.335220336914,-34.7054634094238,0.1,1.65,2.83,2.63,2.32,3.12,1.98,1.81,2.25
"SA","Lower Eyre Peninsula",135.439056396484,-34.7274475097656,0.1,1.67,1.89,2.49,2.21,2.93,3.14,2.71,3.85
"SA","Port Lincoln",135.892684936523,-34.7439880371094,0.1,1.59,1.81,3.73,3.16,4.65,3.04,2.63,3.69
"SA","Unincorporated SA",135.93717956543,-34.7292900085449,0.1,1.59,1.87,3.69,3.13,4.61,2.79,2.44,3.34
"SA","Lower Eyre Peninsula",135.999130249023,-34.7331199645996,0.1,1.6,2.69,3.5,2.99,4.32,1.71,1.59,1.88
"SA","Yorke Peninsula",137.474060058594,-34.7379150390625,0.1,2.05,2.95,2.25,2.02,2.6,2.17,1.97,2.49
"SA","Yorke Peninsula",137.876220703125,-34.7336845397949,0.1,1.98,2.37,3.03,2.62,3.71,2.19,1.97,2.51
"SA","Port Adelaide Enfield",138.491088867188,-34.7511978149414,0.1,2.21,2.47,2.51,2.22,2.96,1.52,1.44,1.63
"NSW","Kiama",150.849090576172,-34.726978302002,0.1,1.32,2.4,3.69,3.14,4.58,1.76,1.64,1.95
"WASouth","Manjimup",115.905700683594,-34.6893005371094,0.1,1.17,1.81,3.42,2.9,4.29,2.44,2.17,2.85
"WASouth","Albany",118.657928466797,-34.6917991638184,0.1,1.1,2.58,4.04,3.38,5.12,1.87,1.72,2.1
"SA","Lower Eyre Peninsula",135.325469970703,-34.6993713378906,0.1,1.68,2.76,2.37,2.12,2.77,1.71,1.59,1.88
"SA","Yorke Peninsula",137.485076904297,-34.6953315734863,0.1,2.05,2.94,2.24,2.02,2.59,2.21,2,2.54
"SA","Yorke Peninsula",137.889953613281,-34.6969833374023,0.1,1.98,2.86,2.98,2.57,3.62,1.88,1.73,2.1
"SA","Playford",138.471588134766,-34.7015037536621,0.1,2.21,2.88,2.52,2.23,2.97,1.41,1.35,1.5
"NSW","Kiama",150.860687255859,-34.6920127868652,0.1,1.42,2.02,3.71,3.16,4.61,2.04,1.86,2.3
"WASouth","Manjimup",115.858764648438,-34.6483764648438,0.1,1.17,2.48,3.48,2.95,4.37,1.75,1.62,1.94
"WASouth","Albany",118.732460021973,-34.6475105285645,0.1,1.1,2.37,3.93,3.3,4.96,1.87,1.72,2.1
"SA","Lower Eyre Peninsula",135.326873779297,-34.6681861877441,0.1,1.68,2.02,2.34,2.1,2.73,2.84,2.48,3.42
"SA","Lower Eyre Peninsula",135.921951293945,-34.6428375244141,0.1,1.59,2.38,3.69,3.13,4.61,1.78,1.65,1.97
"SA","Yorke Peninsula",137.49104309082,-34.6620597839355,0.1,2.05,2.93,2.26,2.03,2.61,2.28,2.05,2.63
"SA","Yorke Peninsula",137.904342651367,-34.6358642578125,0.1,1.99,2.78,2.89,2.51,3.5,1.91,1.76,2.14
"SA","Adelaide Plains",138.42643737793,-34.6480331420898,0.1,2.21,2.27,2.53,2.24,2.99,1.6,1.5,1.74
"NSW","Kiama",150.864776611328,-34.6501274108887,0.1,1.42,1.9,3.66,3.12,4.53,2.16,1.95,2.47
"WASouth","Manjimup",115.80005645752,-34.5957412719727,0.1,1.17,1.58,3.47,2.94,4.34,2.3,2.05,2.67
"WASouth","Albany",118.748977661133,-34.5954666137695,0.1,1.1,2.31,3.98,3.34,5.03,1.93,1.76,2.18
"SA","Lower Eyre Peninsula",135.316162109375,-34.6103324890137,0.1,1.72,1.94,2.14,1.94,2.45,2.83,2.48,3.39
"SA","Lower Eyre Peninsula",135.936264038086,-34.6104278564453,0.1,1.59,2.4,3.66,3.1,4.56,1.76,1.63,1.95
"SA","Yorke Peninsula",137.500183105469,-34.6044120788574,0.1,2.05,2.93,2.23,2,2.57,2.29,2.06,2.65
"SA","Yorke Peninsula",137.912384033203,-34.618537902832,0.1,1.99,2.77,2.87,2.5,3.47,1.92,1.77,2.15
"SA","Adelaide Plains",138.403396606445,-34.6134872436523,0.1,2.21,1.88,2.53,2.24,2.98,1.88,1.73,2.09
"NSW","Shellharbour",150.893783569336,-34.6025238037109,0.1,1.42,1.91,3.76,3.19,4.67,2.12,1.92,2.43
"WASouth","Manjimup",115.731224060059,-34.5361518859863,0.1,1.17,1.88,3.47,2.94,4.36,2.06,1.87,2.33
"WASouth","Manjimup",115.753326416016,-34.553165435791,0.1,1.17,1.55,3.4,2.88,4.25,2.36,2.11,2.76
"WASouth","Albany",118.747589111328,-34.5683937072754,0.1,1.1,1.86,3.91,3.29,4.93,2.15,1.95,2.46
"WASouth","Jerramungup",119.227691650391,-34.534309387207,0.1,1.1,1.73,3.78,3.19,4.75,2.51,2.23,2.95
"WASouth","Jerramungup",119.256904602051,-34.5356292724609,0.1,1.1,2.95,3.86,3.26,4.85,1.72,1.6,1.9
"SA","Lower Eyre Peninsula",135.317031860352,-34.5626525878906,0.1,1.75,1.85,1.96,1.8,2.21,2.71,2.38,3.23
"SA","Unincorporated SA",135.946823120117,-34.5628547668457,0.1,1.59,2.42,3.67,3.11,4.59,1.76,1.64,1.95
"SA","Yorke Peninsula",137.492401123047,-34.5622596740723,0.1,2.05,2.93,2.22,2,2.56,2.32,2.08,2.7
"SA","Yorke Peninsula",137.893447875977,-34.5577239990234,0.1,1.99,2.71,2.89,2.51,3.49,1.95,1.79,2.2
"SA","Adelaide Plains",138.351638793945,-34.5736656188965,0.1,2.21,1.53,2.52,2.23,2.97,1.64,1.54,1.79
"NSW","Shellharbour",150.831756591797,-34.553035736084,0.1,1.37,2.67,5.93,4.67,8.21,2.03,1.85,2.3
"WASouth","Manjimup",115.672386169434,-34.4941368103027,0.1,1.17,1.72,3.46,2.94,4.34,2.2,1.98,2.54
"WASouth","Albany",118.791877746582,-34.5268898010254,0.1,1.1,2.6,3.85,3.24,4.84,1.7,1.58,1.88
"WASouth","Albany",118.840110778809,-34.5116996765137,0.1,1.1,2.11,3.8,3.21,4.77,2.09,1.9,2.39
"WASouth","Albany",118.897109985352,-34.504997253418,0.1,1.1,1.89,3.78,3.19,4.74,2.14,1.94,2.44
"WASouth","Jerramungup",119.158416748047,-34.4976654052734,0.1,1.11,1.88,3.66,3.1,4.58,2.21,2,2.54
"WASouth","Jerramungup",119.285186767578,-34.5118827819824,0.1,1.1,2.66,3.83,3.23,4.82,1.8,1.67,2.01
"SA","Lower Eyre Peninsula",135.318298339844,-34.5224838256836,0.1,1.74,1.87,2.01,1.84,2.27,2.62,2.32,3.1
"SA","Lower Eyre Peninsula",135.998809814453,-34.5188331604004,0.1,1.6,1.86,3.6,3.05,4.5,2.59,2.29,3.04
"SA","Tumby Bay",136.073135375977,-34.512020111084,0.1,1.6,2.13,3.48,2.96,4.34,2.45,2.19,2.86
"SA","Tumby Bay",136.107116699219,-34.5229568481445,0.1,1.6,2.83,3.47,2.95,4.29,1.66,1.56,1.82
"SA","Unincorporated SA",137.380996704102,-34.5214958190918,0.1,2.03,2.98,2.38,2.13,2.77,2.3,2.06,2.67
"SA","Yorke Peninsula",137.895538330078,-34.509952545166,0.1,1.99,2.7,2.89,2.51,3.5,1.98,1.81,2.23
"SA","Adelaide Plains",138.315139770508,-34.5217552185059,0.1,2.21,1.58,2.5,2.22,2.94,1.62,1.52,1.77
"NSW","Shellharbour",150.853439331055,-34.5301818847656,0.1,1.38,2.34,5.68,4.51,7.8,2.35,2.1,2.74
"WASouth","Nannup",115.607223510742,-34.447395324707,0.1,1.17,1.92,3.48,2.95,4.37,2.16,1.96,2.48
"WASouth","Jerramungup",118.949409484863,-34.4593963623047,0.1,1.11,2.24,3.72,3.15,4.65,1.98,1.81,2.24
"WASouth","Jerramungup",119.00870513916,-34.4599838256836,0.1,1.11,2.34,3.68,3.11,4.59,1.98,1.81,2.25
"WASouth","Jerramungup",119.048156738281,-34.4653663635254,0.1,1.11,1.87,3.7,3.13,4.63,2.23,2,2.57
"WASouth","Jerramungup",119.108016967773,-34.4735145568848,0.1,1.11,1.37,3.56,3.03,4.42,2.88,2.51,3.48
"WASouth","Jerramungup",119.282707214355,-34.4768371582031,0.1,1.1,1.92,3.83,3.23,4.81,2.18,1.97,2.51
"WASouth","Jerramungup",119.363868713379,-34.4838829040527,0.1,1.1,2.46,3.8,3.2,4.77,1.54,1.45,1.66
"SA","Lower Eyre Peninsula",135.302597045898,-34.5082473754883,0.1,1.73,2.18,2.05,1.87,2.32,2.1,1.91,2.38
"SA","Tumby Bay",136.126312255859,-34.4671478271484,0.1,1.61,2.68,3.38,2.89,4.18,1.69,1.57,1.85
"SA","Yorke Peninsula",137.419784545898,-34.4762954711914,0.1,1.9,2.87,2.31,2.07,2.68,2.24,2.01,2.58
"SA","Yorke Peninsula",137.918411254883,-34.4620323181152,0.1,2.18,2.89,2.88,2.5,3.48,2,1.82,2.25
"SA","Adelaide Plains",138.260284423828,-34.4787826538086,0.1,2.2,1.62,2.58,2.27,3.05,1.61,1.51,1.75
"NSW","Wollongong",150.849761962891,-34.4852981567383,0.1,1.38,2.54,5.09,4.1,6.84,1.97,1.8,2.24
"NSW","Wollongong",150.903182983398,-34.4712257385254,0.1,1.42,1.74,3.75,3.18,4.66,2.44,2.17,2.87
"WASouth","Nannup",115.485870361328,-34.3908157348633,0.1,1.16,1.63,3.62,3.05,4.57,2.41,2.15,2.83
"WASouth","Nannup",115.538330078125,-34.4236183166504,0.1,1.16,1.2,3.56,3.01,4.49,3.9,3.26,4.98
"WASouth","Jerramungup",119.406532287598,-34.4336967468262,0.1,1.1,2.71,3.85,3.24,4.84,1.52,1.44,1.65
"SA","Lower Eyre Peninsula",135.355972290039,-34.4217758178711,0.1,1.73,1.8,2.05,1.87,2.33,2.73,2.39,3.26
"SA","Tumby Bay",136.143707275391,-34.4139289855957,0.1,1.61,2.66,3.36,2.87,4.16,1.66,1.55,1.82
"SA","Yorke Peninsula",137.425506591797,-34.4361991882324,0.1,1.9,2.91,2.35,2.1,2.75,2.22,2,2.56
"SA","Yorke Peninsula",137.946380615234,-34.4078636169434,0.1,1.85,2.36,2.83,2.47,3.41,2.03,1.85,2.3
"SA","Adelaide Plains",138.249923706055,-34.4341163635254,0.1,2.2,2.14,2.58,2.28,3.06,1.63,1.53,1.78
"NSW","Wollongong",150.911224365234,-34.4259948730469,0.1,1.41,1.92,3.84,3.25,4.79,2.18,1.97,2.5
"WASouth","Nannup",115.451011657715,-34.36767578125,0.1,1.16,1.82,3.62,3.05,4.57,1.84,1.7,2.07
"WASouth","Jerramungup",119.408996582031,-34.3939018249512,0.1,1.1,1.62,3.88,3.27,4.89,2.58,2.28,3.05
"WASouth","Jerramungup",119.474838256836,-34.3979911804199,0.1,1.1,2.75,3.79,3.2,4.76,1.56,1.47,1.7
"SA","Lower Eyre Peninsula",135.348175048828,-34.3730888366699,0.1,1.72,1.8,2.11,1.91,2.4,2.77,2.42,3.31
"SA","Tumby Bay",136.145538330078,-34.4058647155762,0.1,1.61,2.62,3.35,2.86,4.15,1.67,1.56,1.83
"SA","Yorke Peninsula",137.440673828125,-34.3979988098145,0.1,1.89,2.92,2.37,2.11,2.76,2.23,2.01,2.58
"SA","Yorke Peninsula",137.983108520508,-34.3797225952148,0.1,1.85,2.36,2.82,2.46,3.4,2.04,1.86,2.31
"SA","Adelaide Plains",138.239547729492,-34.3977470397949,0.1,2.21,1.74,2.56,2.27,3.03,1.93,1.77,2.16
"NSW","Wollongong",150.927154541016,-34.380241394043,0.1,1.41,1.91,3.85,3.26,4.81,2.3,2.06,2.67
"WASouth","Augusta Margaret River",115.114120483398,-34.3457527160645,0.1,1.17,1.68,3.5,2.96,4.38,3.01,2.59,3.69
"WASouth","Augusta Margaret River",115.169120788574,-34.3554878234863,0.1,1.14,1.6,4.21,3.48,5.43,3,2.59,3.67
"WASouth","Augusta Margaret River",115.178131103516,-34.3455810546875,0.1,1.14,1.55,4.17,3.45,5.38,2.76,2.41,3.31
"WASouth","Augusta Margaret River",115.252731323242,-34.3154830932617,0.1,1.15,1.61,3.99,3.32,5.14,2.5,2.22,2.94
"WASouth","Augusta Margaret River",115.323333740234,-34.3184242248535,0.1,1.15,1.61,3.88,3.24,4.96,2.49,2.21,2.92
"WASouth","Nannup",115.369979858398,-34.3293151855469,0.1,1.16,1.46,3.77,3.16,4.81,3.12,2.68,3.84
"WASouth","Jerramungup",119.521812438965,-34.3588638305664,0.1,1.1,2.82,3.91,3.29,4.91,1.56,1.47,1.7
"SA","Lower Eyre Peninsula",135.353698730469,-34.3556213378906,0.1,1.73,2.11,2.09,1.9,2.39,2.59,2.28,3.06
"SA","Tumby Bay",136.194808959961,-34.336181640625,0.1,1.61,2.65,3.24,2.77,3.99,1.65,1.55,1.81
"SA","Yorke Peninsula",137.474868774414,-34.3563575744629,0.1,1.9,2.93,2.29,2.06,2.66,2.24,2.01,2.58
"SA","Yorke Peninsula",138.00910949707,-34.3484191894531,0.1,1.85,2.35,2.76,2.42,3.31,2.07,1.89,2.36
"SA","Adelaide Plains",138.221740722656,-34.3510093688965,0.1,2.21,1.68,2.57,2.27,3.04,2.02,1.85,2.29
"NSW","Wollongong",150.933074951172,-34.3690643310547,0.1,1.41,2.16,3.83,3.25,4.78,2.08,1.89,2.37
"WASouth","Augusta Margaret River",115.064079284668,-34.2983169555664,0.1,1.17,1.75,3.44,2.92,4.32,2.23,2,2.59
"WASouth","Jerramungup",119.510375976562,-34.2989196777344,0.1,1.1,3.1,3.95,3.32,4.97,1.54,1.45,1.67
"SA","Lower Eyre Peninsula",135.345321655273,-34.3000869750977,0.1,1.72,2.1,2.12,1.92,2.42,2.55,2.26,3.01
"SA","Tumby Bay",136.242691040039,-34.2956275939941,0.1,1.61,2.85,3.2,2.74,3.93,1.59,1.5,1.73
"SA","Yorke Peninsula",137.495086669922,-34.3133583068848,0.1,1.9,2.97,2.31,2.07,2.69,2.26,2.03,2.61
"SA","Yorke Peninsula",138.025238037109,-34.3000411987305,0.1,1.86,2.32,2.72,2.39,3.25,2.1,1.9,2.39
"SA","Wakefield",138.20783996582,-34.3054428100586,0.1,2.21,1.98,2.52,2.23,2.96,1.72,1.6,1.88
"NSW","Wollongong",150.955596923828,-34.2879600524902,0.1,1.41,1.41,3.89,3.29,4.87,3.18,2.73,3.92
"WASouth","Ravensthorpe",119.522560119629,-34.2559394836426,0.1,1.1,2.79,3.94,3.31,4.96,1.61,1.51,1.76
"SA","Lower Eyre Peninsula",135.336288452148,-34.2558555603027,0.1,1.72,2.16,2.15,1.94,2.46,2.31,2.08,2.68
"SA","Tumby Bay",136.272445678711,-34.2473526000977,0.1,1.61,2.83,3.2,2.75,3.95,1.6,1.51,1.74
"SA","Yorke Peninsula",137.493392944336,-34.2675590515137,0.1,1.9,2.99,2.34,2.09,2.72,2.28,2.04,2.64
"SA","Yorke Peninsula",138.024490356445,-34.2730674743652,0.1,1.87,2.32,2.63,2.32,3.12,2.17,1.96,2.49
"SA","Wakefield",138.153900146484,-34.253303527832,0.1,1.89,1.93,2.44,2.17,2.84,1.62,1.52,1.76
"NSW","Wollongong",151.004867553711,-34.2265319824219,0.1,1.43,3.29,3.93,3.31,4.92,1.5,1.42,1.61
"WASouth","Augusta Margaret River",115.019226074219,-34.2258415222168,0.1,1.18,1.55,3.22,2.75,3.99,2.47,2.19,2.91
"WASouth","Ravensthorpe",119.571472167969,-34.1985282897949,0.1,1.1,2.6,3.92,3.3,4.93,1.69,1.58,1.86
"SA","Lower Eyre Peninsula",135.308288574219,-34.2018508911133,0.1,1.72,2.31,2.12,1.92,2.42,2.01,1.83,2.27
"SA","Tumby Bay",136.297836303711,-34.2082405090332,0.1,1.61,2.6,3.19,2.74,3.94,1.67,1.56,1.83
"SA","Yorke Peninsula",137.487152099609,-34.211742401123,0.1,1.9,3.01,2.32,2.07,2.7,2.3,2.06,2.68
"SA","Yorke Peninsula",138.039840698242,-34.2096405029297,0.1,1.88,2.29,2.49,2.22,2.92,2.23,2,2.58
"SA","Wakefield",138.137710571289,-34.197338104248,0.1,1.89,2.28,2.44,2.17,2.84,2.19,1.97,2.52
"SA","Wakefield",138.154418945312,-34.217830657959,0.1,1.89,1.6,2.4,2.15,2.79,1.76,1.64,1.94
"NSW","Wollongong",151.033432006836,-34.201286315918,0.1,1.43,2.81,3.95,3.33,4.96,1.58,1.49,1.71
"WASouth","Augusta Margaret River",115.017852783203,-34.1611366271973,0.1,1.17,1.73,3.34,2.85,4.16,2.22,1.99,2.57
"WASouth","Ravensthorpe",119.584747314453,-34.1779365539551,0.1,1.1,2.94,3.91,3.29,4.92,1.58,1.49,1.72
"SA","Lower Eyre Peninsula",135.263961791992,-34.1757392883301,0.1,1.73,2.23,2.05,1.86,2.34,2.17,1.96,2.48
"SA","Tumby Bay",136.332229614258,-34.1622657775879,0.1,1.61,2.59,3.18,2.73,3.92,1.68,1.57,1.84
"SA","Yorke Peninsula",137.466354370117,-34.1796340942383,0.1,1.9,2.59,2.34,2.09,2.73,1.69,1.58,1.85
"NSW","Sutherland",151.091796875,-34.1674118041992,0.1,1.43,2.31,3.94,3.33,4.95,1.75,1.63,1.93
"WASouth","Augusta Margaret River",114.989479064941,-34.1106071472168,0.1,1.16,1.57,3.57,3.04,4.41,2.44,2.17,2.86
"WASouth","Ravensthorpe",119.627433776855,-34.1215400695801,0.1,1.1,2.68,3.88,3.27,4.88,1.62,1.52,1.78
"SA","Lower Eyre Peninsula",135.259216308594,-34.1289978027344,0.1,1.71,1.88,2.19,1.97,2.52,2.62,2.31,3.1
"SA","Tumby Bay",136.357025146484,-34.1231880187988,0.1,1.62,2.62,3.16,2.71,3.88,1.63,1.53,1.77
"SA","Yorke Peninsula",137.476531982422,-34.1326103210449,0.1,1.91,2.5,2.22,2,2.57,1.73,1.61,1.9
"NSW","Sutherland",151.151580810547,-34.1166496276855,0.1,1.43,2.31,3.98,3.35,4.99,1.81,1.67,2.01
"WASouth","Augusta Margaret River",114.983840942383,-34.0987014770508,0.1,1.18,1.58,3.26,2.81,3.96,2.59,2.28,3.08
"WASouth","Ravensthorpe",119.679878234863,-34.0835838317871,0.1,1.1,1.58,3.88,3.27,4.89,2.43,2.16,2.85
"WASouth","Ravensthorpe",119.736351013184,-34.0652923583984,0.1,1.1,3.05,3.84,3.23,4.84,1.55,1.46,1.68
"SA","Lower Eyre Peninsula",135.268127441406,-34.0861625671387,0.1,1.71,2.17,2.18,1.97,2.51,2.42,2.16,2.84
"SA","Tumby Bay",136.383270263672,-34.0608139038086,0.1,1.62,2.59,3.1,2.67,3.8,1.63,1.53,1.78
"SA","Yorke Peninsula",137.464599609375,-34.1275482177734,0.1,1.91,3.12,2.24,2.02,2.6,1.52,1.44,1.64
"NSW","Sutherland",151.175872802734,-34.086238861084,0.1,1.43,2.5,3.99,3.36,5.01,1.69,1.57,1.86
"WASouth","Augusta Margaret River",114.994148254395,-34.0478363037109,0.1,1.19,2,3.02,2.61,3.7,1.98,1.81,2.26
"WASouth","Ravensthorpe",119.777717590332,-34.0355567932129,0.1,1.17,2.42,3.83,3.22,4.82,1.98,1.8,2.24
"WASouth","Esperance",122.129608154297,-34.036491394043,0.1,1.21,2.25,3.08,2.65,3.78,2.06,1.87,2.35
"WASouth","Esperance",122.158882141113,-34.0404090881348,0.1,1.2,2.68,3.25,2.78,4.01,1.97,1.79,2.24
"WASouth","Esperance",122.19255065918,-34.019962310791,0.1,1.2,2.06,3.18,2.73,3.92,2.24,2.01,2.6
"WASouth","Esperance",123.199317932129,-34.0090293884277,0.1,1.2,2.14,3.25,2.78,4.03,2.27,2.03,2.63
"WASouth","Esperance",123.259063720703,-34.0275497436523,0.1,1.19,3.05,3.39,2.89,4.22,1.56,1.47,1.7
"SA","Lower Eyre Peninsula",135.266265869141,-34.0398864746094,0.1,1.71,2.23,2.2,1.98,2.53,2.4,2.13,2.81
"SA","Tumby Bay",136.467895507812,-34.0074310302734,0.1,1.62,1.95,3.01,2.61,3.67,1.92,1.76,2.16
"SA","Copper Coast",137.5546875,-34.0558128356934,0.1,1.93,2.49,2.14,1.93,2.46,1.72,1.6,1.89
"NSW","Sutherland",151.212707519531,-34.0421981811523,0.1,1.43,2.88,3.95,3.32,4.96,1.56,1.47,1.69
"WASouth","Augusta Margaret River",114.982078552246,-33.9913940429688,0.1,1.19,1.92,3.06,2.67,3.68,2.16,1.94,2.51
"WASouth","Ravensthorpe",119.835670471191,-33.984977722168,0.1,1.17,1.99,3.8,3.2,4.79,2.14,1.92,2.47
"WASouth","Ravensthorpe",119.896675109863,-33.9748725891113,0.1,1.18,1.65,3.78,3.18,4.77,2.48,2.21,2.92
"WASouth","Ravensthorpe",119.948829650879,-33.9792556762695,0.1,1.18,2.59,3.75,3.16,4.74,1.78,1.65,1.99
"WASouth","Ravensthorpe",120.384895324707,-33.9631729125977,0.1,1.18,2.02,3.56,3,4.48,2.02,1.85,2.29
"WASouth","Ravensthorpe",120.430442810059,-33.9766540527344,0.1,1.18,1.95,3.7,3.11,4.69,2.1,1.91,2.41
"WASouth","Esperance",122.088882446289,-33.9997787475586,0.1,1.21,1.65,2.99,2.58,3.65,2.3,2.06,2.66
"WASouth","Esperance",122.26456451416,-34.0004653930664,0.1,1.2,2.36,3.17,2.72,3.9,1.91,1.76,2.14
"WASouth","Esperance",123.162498474121,-33.998233795166,0.1,1.22,1.58,2.9,2.51,3.52,2.79,2.44,3.35
"WASouth","Esperance",123.292617797852,-33.9784812927246,0.1,1.19,3.4,3.38,2.88,4.21,1.5,1.42,1.62
"SA","Lower Eyre Peninsula",135.241180419922,-33.9765129089355,0.1,1.71,2.22,2.2,1.98,2.54,2.34,2.09,2.72
"SA","Cleve",136.513595581055,-33.9877281188965,0.1,1.62,2.41,3.01,2.6,3.67,1.64,1.54,1.78
"SA","Copper Coast",137.526107788086,-33.9984512329102,0.1,1.92,3.28,2.17,1.95,2.49,1.5,1.42,1.62
"WASouth","Augusta Margaret River",114.978302001953,-33.9600410461426,0.1,1.21,1.5,2.71,2.38,3.24,2.5,2.22,2.94
"WASouth","Ravensthorpe",119.990600585938,-33.9527015686035,0.1,1.18,2.19,3.75,3.15,4.73,1.93,1.76,2.2
"WASouth","Ravensthorpe",120.067375183105,-33.9367523193359,0.1,1.19,2.24,3.47,2.94,4.33,1.98,1.8,2.27
"WASouth","Ravensthorpe",120.110610961914,-33.9537506103516,0.1,1.19,2.48,3.42,2.91,4.27,1.88,1.72,2.12
"WASouth","Ravensthorpe",120.155662536621,-33.949275970459,0.1,1.18,2.73,3.74,3.14,4.75,1.73,1.6,1.93
"WASouth","Ravensthorpe",120.205429077148,-33.9425849914551,0.1,1.18,2.21,3.59,3.03,4.53,1.93,1.77,2.18
"WASouth","Ravensthorpe",120.269660949707,-33.9437828063965,0.1,1.18,2.28,3.6,3.04,4.54,1.96,1.79,2.23
"WASouth","Ravensthorpe",120.316528320312,-33.9492568969727,0.1,1.18,2.6,3.55,3,4.46,1.8,1.66,2.01
"WASouth","Ravensthorpe",120.475532531738,-33.958179473877,0.1,1.19,1.78,3.47,2.94,4.32,2.2,1.98,2.55
"WASouth","Esperance",122.026496887207,-33.9623031616211,0.1,1.21,1.81,2.98,2.57,3.63,2.23,2,2.6
"WASouth","Esperance",122.307563781738,-33.9434776306152,0.1,1.2,2,3.27,2.8,4.05,2.11,1.9,2.42
"WASouth","Esperance",122.350654602051,-33.9339904785156,0.1,1.2,2.22,3.24,2.77,3.99,2.16,1.94,2.49
"WASouth","Esperance",122.439010620117,-33.9241828918457,0.1,1.2,1.76,3.13,2.69,3.85,2.4,2.13,2.82
"WASouth","Esperance",122.489768981934,-33.9406089782715,0.1,1.21,1.61,3,2.59,3.65,2.54,2.25,3.01
"WASouth","Esperance",122.522109985352,-33.9573936462402,0.1,1.2,2.03,3.22,2.76,3.98,2.28,2.04,2.66
"WASouth","Esperance",122.577781677246,-33.9543342590332,0.1,1.2,1.69,3.22,2.76,3.98,2.35,2.1,2.76
"WASouth","Esperance",123.143653869629,-33.9761924743652,0.1,1.22,1.97,2.86,2.49,3.47,2.19,1.98,2.52
"WASouth","Esperance",123.313140869141,-33.9525032043457,0.1,1.19,2.06,3.38,2.88,4.21,2.33,2.08,2.72
"WASouth","Esperance",123.50643157959,-33.945240020752,0.1,1.19,2.01,3.35,2.86,4.17,2.49,2.21,2.94
"WASouth","Esperance",123.522392272949,-33.9453659057617,0.1,1.19,3.3,3.46,2.93,4.32,1.55,1.46,1.67
"SA","Elliston",135.191772460938,-33.9253692626953,0.1,1.7,2.51,2.22,1.99,2.56,1.63,1.53,1.77
"SA","Copper Coast",137.537673950195,-33.9754905700684,0.1,1.92,2.36,2.17,1.95,2.5,1.72,1.6,1.9
"NSW","Randwick",151.263778686523,-33.9545822143555,0.1,1.42,2.55,4.07,3.42,5.14,1.68,1.57,1.85
"WASouth","Augusta Margaret River",114.979377746582,-33.9190673828125,0.1,1.19,2.28,3.05,2.66,3.66,1.93,1.76,2.2
"WASouth","Ravensthorpe",120.530181884766,-33.9330368041992,0.1,1.19,1.99,3.5,2.97,4.4,2.14,1.92,2.47
"WASouth","Ravensthorpe",120.561729431152,-33.9172248840332,0.1,1.18,2.24,3.65,3.07,4.63,1.91,1.76,2.16
"WASouth","Esperance",121.641616821289,-33.89892578125,0.1,1.21,1.83,3.07,2.65,3.76,2.23,2.01,2.59
"WASouth","Esperance",121.652870178223,-33.8976516723633,0.1,1.2,2.15,3.23,2.77,4,1.97,1.8,2.23
"WASouth","Esperance",121.746528625488,-33.8893661499023,0.1,1.21,1.5,3,2.59,3.67,2.42,2.16,2.83
"WASouth","Esperance",121.791038513184,-33.910774230957,0.1,1.21,1.57,3,2.59,3.66,2.4,2.14,2.8
"WASouth","Esperance",121.825714111328,-33.8972702026367,0.1,1.21,1.55,3.04,2.62,3.72,2.32,2.07,2.69
"WASouth","Esperance",122.075332641602,-33.9008560180664,0.1,1.22,1.93,2.8,2.44,3.38,2.26,2.03,2.62
"WASouth","Esperance",122.627914428711,-33.8959465026855,0.1,1.2,1.95,3.16,2.71,3.88,2.3,2.05,2.69
"WASouth","Esperance",122.692840576172,-33.8993530273438,0.1,1.21,1.73,3.05,2.63,3.72,2.34,2.09,2.74
"WASouth","Esperance",122.749076843262,-33.9037475585938,0.1,1.21,1.71,3.01,2.6,3.67,2.26,2.03,2.62
"WASouth","Esperance",122.814529418945,-33.914665222168,0.1,1.21,2.04,2.95,2.55,3.58,2.21,1.99,2.56
"WASouth","Esperance",122.836570739746,-33.9121932983398,0.1,1.2,1.77,3.2,2.75,3.94,2.41,2.14,2.82
"WASouth","Esperance",122.881294250488,-33.91748046875,0.1,1.2,1.77,3.22,2.76,3.97,2.39,2.12,2.81
"WASouth","Esperance",122.969390869141,-33.9028396606445,0.1,1.21,1.45,3.03,2.62,3.7,2.86,2.49,3.45
"WASouth","Esperance",122.980453491211,-33.8986015319824,0.1,1.21,2.01,3.09,2.66,3.79,2.22,2,2.57
"WASouth","Esperance",123.074066162109,-33.8747062683105,0.1,1.21,2.13,3.02,2.61,3.68,2.12,1.92,2.43
"WASouth","Esperance",123.112289428711,-33.8946113586426,0.1,1.21,1.8,3,2.59,3.65,2.49,2.21,2.91
"WASouth","Esperance",123.35466003418,-33.9087448120117,0.1,1.19,1.8,3.39,2.88,4.22,2.52,2.24,2.97
"WASouth","Esperance",123.423583984375,-33.9012565612793,0.1,1.19,1.61,3.33,2.84,4.14,2.91,2.53,3.51
"WASouth","Esperance",123.561981201172,-33.9116134643555,0.1,1.19,3.29,3.45,2.93,4.31,1.55,1.46,1.68
"SA","Elliston",135.183670043945,-33.9124450683594,0.1,1.7,2.5,2.22,1.99,2.56,2.06,1.87,2.36
"SA","Cleve",136.623336791992,-33.8943176269531,0.1,1.85,2.46,2.86,2.49,3.46,1.73,1.62,1.91
"NSW","Waverley",151.286361694336,-33.8932914733887,0.1,1.43,2.11,4.09,3.43,5.17,1.92,1.76,2.17
"WASouth","Augusta Margaret River",114.972427368164,-33.8668975830078,0.1,1.19,2.08,3.07,2.66,3.73,2.05,1.86,2.36
"WASouth","Ravensthorpe",120.643753051758,-33.8913230895996,0.1,1.19,1.16,3.4,2.9,4.24,4.79,3.86,6.48
"WASouth","Ravensthorpe",120.699363708496,-33.8748588562012,0.1,1.07,2.24,28.88,18.49,52.98,2.76,2.4,3.35
"WASouth","Ravensthorpe",120.738265991211,-33.8715782165527,0.1,1.1,3.05,10.81,7.95,16.37,1.91,1.75,2.17
"WASouth","Ravensthorpe",120.786590576172,-33.8891334533691,0.1,1.2,2.68,3.11,2.68,3.82,1.72,1.6,1.91
"WASouth","Esperance",120.841262817383,-33.8698654174805,0.1,1.2,2.14,3.24,2.78,4,1.98,1.8,2.25
"WASouth","Esperance",120.897163391113,-33.8647308349609,0.1,1.21,2.34,2.95,2.56,3.59,1.96,1.79,2.23
"WASouth","Esperance",120.947532653809,-33.8675231933594,0.1,1.22,2.2,2.85,2.48,3.43,1.95,1.78,2.21
"WASouth","Esperance",120.997116088867,-33.8714256286621,0.1,1.22,2.11,2.9,2.52,3.5,1.98,1.81,2.26
"WASouth","Esperance",121.051406860352,-33.8629264831543,0.1,1.21,1.93,3.04,2.62,3.7,2.12,1.92,2.44
"WASouth","Esperance",121.09969329834,-33.8558502197266,0.1,1.21,1.98,2.99,2.59,3.65,2.05,1.86,2.35
"WASouth","Esperance",121.158401489258,-33.8698081970215,0.1,1.22,1.62,2.9,2.52,3.51,2.39,2.12,2.81
"WASouth","Esperance",121.199333190918,-33.857551574707,0.1,1.19,2.22,3.31,2.82,4.1,2.04,1.85,2.33
"WASouth","Esperance",121.49040222168,-33.8397407531738,0.1,1.2,2.09,3.16,2.72,3.89,2.17,1.95,2.5
"WASouth","Esperance",121.509407043457,-33.8433074951172,0.1,1.2,2.2,3.26,2.79,4.04,1.93,1.76,2.18
"WASouth","Esperance",121.590721130371,-33.8551177978516,0.1,1.22,1.5,2.82,2.46,3.4,2.31,2.08,2.67
"WASouth","Esperance",121.952407836914,-33.8378562927246,0.1,1.22,1.51,2.89,2.51,3.51,2.33,2.09,2.7
"WASouth","Esperance",122.021957397461,-33.846851348877,0.1,1.22,1.49,2.82,2.45,3.4,2.33,2.09,2.71
"WASouth","Esperance",122.052398681641,-33.8732948303223,0.1,1.23,1.58,2.77,2.42,3.34,2.81,2.45,3.38
"WASouth","Esperance",123.628372192383,-33.8802452087402,0.1,1.19,1.82,3.45,2.93,4.29,2.57,2.27,3.04
"WASouth","Esperance",123.665222167969,-33.847297668457,0.1,1.18,2.97,3.55,3.01,4.46,1.64,1.53,1.79
"SA","Elliston",135.132369995117,-33.8521461486816,0.1,1.7,2.33,2.24,2.01,2.59,2.11,1.91,2.42
"SA","Franklin Harbour",136.682769775391,-33.8711814880371,0.1,1.85,2.42,2.78,2.43,3.34,2.09,1.89,2.4
"SA","Franklin Harbour",136.719573974609,-33.8524932861328,0.1,1.85,2.19,2.77,2.42,3.32,1.86,1.72,2.08
"SA","Copper Coast",137.596405029297,-33.8713722229004,0.1,1.94,2.36,2.1,1.9,2.4,1.79,1.66,1.99
"WASouth","Augusta Margaret River",114.987022399902,-33.829517364502,0.1,1.2,2.27,2.9,2.55,3.45,1.97,1.79,2.24
"WASouth","Esperance",121.280387878418,-33.843448638916,0.1,1.22,2.11,2.87,2.5,3.46,1.96,1.79,2.23
"WASouth","Esperance",121.314628601074,-33.8270721435547,0.1,1.22,1.47,2.93,2.54,3.54,2.38,2.13,2.77
"WASouth","Esperance",121.366172790527,-33.8207740783691,0.1,1.2,1.94,3.14,2.7,3.86,2.16,1.94,2.49
"WASouth","Esperance",121.41983795166,-33.8288307189941,0.1,1.2,1.95,3.13,2.69,3.84,2.48,2.2,2.92
"WASouth","Esperance",123.736099243164,-33.8149719238281,0.1,1.18,2.78,3.53,3,4.42,1.67,1.56,1.84
"SA","Elliston",135.083557128906,-33.8100700378418,0.1,1.69,2.4,2.28,2.04,2.65,2.03,1.84,2.31
"SA","Franklin Harbour",136.784591674805,-33.8199996948242,0.1,1.86,2.62,2.65,2.33,3.15,1.99,1.81,2.27
"SA","Franklin Harbour",136.845489501953,-33.804817199707,0.1,1.86,2.79,2.65,2.33,3.16,1.55,1.47,1.66
"SA","Copper Coast",137.638153076172,-33.8278846740723,0.1,1.94,2.22,2.07,1.88,2.36,1.87,1.72,2.09
"WASouth","Busselton",114.985389709473,-33.7757682800293,0.1,1.19,1.93,3,2.62,3.59,2.65,2.33,3.15
"WASouth","Esperance",123.750137329102,-33.7754058837891,0.1,1.18,3.1,3.75,3.16,4.73,1.62,1.51,1.77
"SA","Elliston",135.027328491211,-33.7490158081055,0.1,1.7,2.76,2.26,2.03,2.62,1.54,1.46,1.66
"SA","Copper Coast",137.661575317383,-33.8095550537109,0.1,1.95,1.99,2.04,1.86,2.32,1.97,1.8,2.22
"NSW","Northern Beaches",151.298721313477,-33.7817840576172,0.1,1.43,1.93,4.15,3.47,5.26,2.14,1.93,2.47
"WASouth","Busselton",114.974868774414,-33.7236289978027,0.1,1.19,1.9,3.04,2.66,3.64,2.56,2.27,3.03
"WASouth","Esperance",123.760238647461,-33.7437705993652,0.1,1.18,3.15,3.76,3.17,4.74,1.61,1.51,1.76
"SA","Elliston",134.969116210938,-33.7140197753906,0.1,1.69,2.6,2.3,2.06,2.68,1.89,1.73,2.13
"SA","Franklin Harbour",136.948928833008,-33.7289352416992,0.1,1.89,2.67,2.42,2.15,2.83,1.87,1.72,2.1
"SA","Franklin Harbour",136.99674987793,-33.7267532348633,0.1,1.89,2.59,2.43,2.16,2.84,1.81,1.68,2.02
"SA","Franklin Harbour",137.026382446289,-33.7231864929199,0.1,1.89,2.66,2.44,2.17,2.86,1.77,1.65,1.96
"SA","Franklin Harbour",137.09440612793,-33.7078552246094,0.1,1.9,2.64,2.34,2.1,2.73,1.78,1.65,1.97
"SA","Franklin Harbour",137.143447875977,-33.7029075622559,0.1,1.91,2.87,2.28,2.05,2.64,1.52,1.44,1.62
"SA","Barunga West",137.72705078125,-33.7447700500488,0.1,1.97,1.92,1.96,1.8,2.22,2.02,1.84,2.29
"NSW","Northern Beaches",151.316345214844,-33.7400131225586,0.1,1.43,2.07,4.07,3.42,5.14,1.91,1.75,2.16
"WASouth","Busselton",114.971221923828,-33.6970252990723,0.1,1.2,1.89,2.8,2.47,3.31,2.49,2.21,2.93
"WASouth","Esperance",123.784126281738,-33.6931953430176,0.1,1.18,3.19,3.73,3.15,4.68,1.61,1.51,1.77
"SA","Elliston",134.905166625977,-33.6764717102051,0.1,1.69,2.69,2.31,2.07,2.69,1.75,1.62,1.93
"SA","Franklin Harbour",137.193161010742,-33.6765327453613,0.1,1.91,2.9,2.27,2.03,2.63,1.52,1.45,1.63
"SA","Barunga West",137.754730224609,-33.7102966308594,0.1,1.97,2.22,1.93,1.77,2.17,1.69,1.58,1.86
"NSW","Northern Beaches",151.322494506836,-33.6744499206543,0.1,1.44,1.98,4.17,3.49,5.3,1.92,1.76,2.17
"WASouth","Busselton",114.992866516113,-33.6648063659668,0.1,1.21,1.82,2.76,2.44,3.26,2.55,2.24,3.03
"WASouth","Esperance",123.83927154541,-33.6523323059082,0.1,1.18,1.73,3.64,3.09,4.56,2.53,2.23,3
"WASouth","Esperance",123.876846313477,-33.6351661682129,0.1,1.18,2.57,3.57,3.04,4.45,1.76,1.63,1.94
"SA","Franklin Harbour",137.219360351562,-33.6563186645508,0.1,1.91,2.96,2.27,2.03,2.63,1.54,1.46,1.65
"SA","Barunga West",137.806015014648,-33.665843963623,0.1,1.98,2.17,1.9,1.75,2.13,1.7,1.58,1.86
"NSW","Northern Beaches",151.336761474609,-33.6438484191895,0.1,1.44,2.48,4.17,3.49,5.29,1.74,1.62,1.92
"WASouth","Busselton",115.012512207031,-33.5945281982422,0.1,1.19,2.45,2.95,2.58,3.5,1.6,1.5,1.74
"WASouth","Busselton",115.151664733887,-33.6266975402832,0.1,1.24,2.43,2.39,2.15,2.74,1.57,1.48,1.7
"WASouth","Busselton",115.188926696777,-33.6407012939453,0.1,1.25,2.61,2.32,2.1,2.66,1.51,1.43,1.63
"WASouth","Busselton",115.269371032715,-33.6505737304688,0.1,1.26,2.78,2.28,2.06,2.61,1.47,1.4,1.57
"WASouth","Busselton",115.340866088867,-33.6405715942383,0.1,1.26,2.78,2.27,2.05,2.59,1.46,1.39,1.56
"WASouth","Busselton",115.384063720703,-33.627025604248,0.1,1.26,1.77,2.29,2.07,2.63,2.35,2.09,2.75
"WASouth","Esperance",123.928314208984,-33.5916633605957,0.1,1.18,2.75,3.54,3.02,4.39,1.64,1.53,1.79
"SA","Elliston",134.83757019043,-33.6056938171387,0.1,1.7,2.59,2.23,2,2.59,1.78,1.65,1.97
"SA","Franklin Harbour",137.260025024414,-33.6035957336426,0.1,1.93,2.91,2.16,1.95,2.48,1.61,1.52,1.75
"SA","Barunga West",137.861618041992,-33.6160011291504,0.1,1.99,2.05,1.87,1.72,2.08,1.71,1.6,1.88
"NSW","Northern Beaches",151.343338012695,-33.6173553466797,0.1,1.44,2.38,4.17,3.49,5.29,1.74,1.61,1.92
"WASouth","Busselton",115.001991271973,-33.5661087036133,0.1,1.18,1.82,3.19,2.76,3.89,1.95,1.79,2.21
"WASouth","Busselton",115.089622497559,-33.5697364807129,0.1,1.22,2.8,2.58,2.3,3,1.48,1.4,1.59
"WASouth","Busselton",115.447860717773,-33.5788192749023,0.1,1.25,1.47,2.32,2.09,2.67,2.89,2.52,3.47
"WASouth","Esperance",123.98070526123,-33.5565719604492,0.1,1.18,2.76,3.71,3.14,4.63,1.53,1.45,1.65
"SA","Elliston",134.845581054688,-33.563663482666,0.1,1.7,2.58,2.24,2.01,2.6,1.79,1.66,1.99
"SA","Franklin Harbour",137.272903442383,-33.5749588012695,0.1,1.93,2.78,2.12,1.92,2.43,1.71,1.6,1.88
"SA","Barunga West",137.894073486328,-33.5795211791992,0.1,2.66,2.6,1.85,1.71,2.05,1.86,1.71,2.07
"NSW","Central Coast (NSW)",151.353622436523,-33.5448226928711,0.1,1.44,2.26,4.15,3.47,5.27,1.83,1.68,2.04
"WASouth","Busselton",115.005264282227,-33.5277900695801,0.1,1.18,1.9,3.18,2.76,3.82,1.93,1.77,2.17
"WASouth","Busselton",115.056182861328,-33.5393142700195,0.1,1.21,2.8,2.68,2.38,3.14,1.47,1.4,1.58
"WASouth","Capel",115.485954284668,-33.5348243713379,0.1,1.26,1.72,2.3,2.07,2.64,2.68,2.34,3.22
"WASouth","Esperance",123.98902130127,-33.5160102844238,0.1,1.18,2.64,3.7,3.14,4.6,1.57,1.48,1.71
"SA","Elliston",134.854598999023,-33.5280914306641,0.1,1.7,2.62,2.21,1.98,2.56,1.81,1.67,2.01
"SA","Franklin Harbour",137.299240112305,-33.5179252624512,0.1,1.94,2.77,2.08,1.89,2.37,1.73,1.61,1.9
"SA","Barunga West",137.930084228516,-33.5152359008789,0.1,2.67,2.68,1.81,1.68,2,1.75,1.63,1.93
"NSW","Central Coast (NSW)",151.421768188477,-33.517707824707,0.1,1.44,2.69,4.18,3.49,5.31,1.5,1.42,1.62
"WASouth","Capel",115.542381286621,-33.4798927307129,0.1,1.26,1.51,2.26,2.04,2.59,2.87,2.5,3.46
"WASouth","Esperance",123.998306274414,-33.4730606079102,0.1,1.18,2.75,3.68,3.13,4.57,1.54,1.45,1.66
"SA","Elliston",134.85090637207,-33.4759483337402,0.1,1.73,2.5,2.09,1.89,2.4,1.86,1.72,2.08
"SA","Franklin Harbour",137.316253662109,-33.4741325378418,0.1,2.45,3.24,2.06,1.87,2.34,1.76,1.63,1.95
"SA","Barunga West",137.905914306641,-33.4793663024902,0.1,2.67,2.62,1.81,1.68,2,1.72,1.6,1.89
"NSW","Central Coast (NSW)",151.447479248047,-33.477481842041,0.1,1.44,2.7,4.17,3.48,5.3,1.5,1.42,1.61
"WASouth","Capel",115.56462097168,-33.4566841125488,0.1,1.27,1.39,2.23,2.02,2.56,3.09,2.67,3.76
"WASouth","Esperance",124.001518249512,-33.4332008361816,0.1,1.17,2.72,3.81,3.22,4.76,1.55,1.46,1.68
"SA","Elliston",134.839385986328,-33.4370346069336,0.1,1.72,2.54,2.14,1.93,2.47,1.9,1.74,2.13
"SA","Franklin Harbour",137.363555908203,-33.4304351806641,0.1,2.45,3.18,2.05,1.86,2.33,1.83,1.68,2.05
"SA","Port Pirie",137.885498046875,-33.4337196350098,0.1,2.67,2.85,1.82,1.68,2.01,1.67,1.56,1.83
"NSW","Central Coast (NSW)",151.46369934082,-33.4218559265137,0.1,1.44,2.66,4.17,3.49,5.3,1.53,1.44,1.65
"WASouth","Capel",115.598304748535,-33.3883094787598,0.1,1.27,1.4,2.21,2.01,2.52,3.24,2.78,3.99
"WASouth","Esperance",124.031120300293,-33.369686126709,0.1,1.17,2.7,3.8,3.22,4.76,1.57,1.48,1.7
"SA","Elliston",134.814239501953,-33.3729438781738,0.1,2.03,2.92,2.27,2.03,2.65,1.92,1.76,2.16
"SA","Franklin Harbour",137.388092041016,-33.3740463256836,0.1,2.46,3.11,2.01,1.83,2.27,1.86,1.71,2.09
"SA","Port Pirie",137.862121582031,-33.3922424316406,0.1,2.66,2.6,1.85,1.71,2.05,1.74,1.62,1.92
"NSW","Central Coast (NSW)",151.485321044922,-33.3851432800293,0.1,1.44,2.66,4.12,3.45,5.22,1.53,1.45,1.65
"WASouth","Bunbury",115.611457824707,-33.3525466918945,0.1,1.27,1.51,2.2,1.99,2.5,3.09,2.65,3.8
"WASouth","Esperance",124.039123535156,-33.342414855957,0.1,1.17,2.69,3.88,3.27,4.86,1.58,1.49,1.72
"SA","Elliston",134.80207824707,-33.3401069641113,0.1,2.03,2.89,2.21,1.99,2.57,1.93,1.77,2.17
"SA","Franklin Harbour",137.386566162109,-33.3469276428223,0.1,2.46,3.11,2,1.82,2.26,1.87,1.71,2.1
"SA","Port Pirie",137.850677490234,-33.3456192016602,0.1,2.66,2.36,1.86,1.72,2.07,1.64,1.53,1.8
"NSW","Central Coast (NSW)",151.480850219727,-33.3466758728027,0.1,1.44,2.33,4.26,3.52,5.52,2.83,2.46,3.42
"WASouth","Esperance",124.060096740723,-33.3062896728516,0.1,1.17,3.21,3.89,3.28,4.89,1.49,1.41,1.6
"SA","Elliston",134.750427246094,-33.2929801940918,0.1,2.02,2.86,2.28,2.04,2.67,1.95,1.79,2.2
"SA","Whyalla",137.401565551758,-33.2910270690918,0.1,2.47,3.03,1.97,1.8,2.22,1.92,1.76,2.16
"SA","Port Pirie",137.810272216797,-33.2857513427734,0.1,2.65,2.49,1.88,1.73,2.1,1.62,1.52,1.78
"NSW","Central Coast (NSW)",151.470977783203,-33.2974815368652,0.1,1.45,2.92,4.01,3.34,5.15,1.66,1.55,1.82
"WASouth","Harvey",115.675010681152,-33.2608871459961,0.1,1.27,1.63,2.21,2.01,2.52,2.74,2.39,3.32
"WASouth","Esperance",124.076385498047,-33.2642440795898,0.1,1.17,3.29,3.95,3.32,4.97,1.5,1.42,1.62
"SA","Streaky Bay",134.629516601562,-33.2479209899902,0.1,2.01,3.59,2.4,2.13,2.84,1.52,1.43,1.64
"SA","Elliston",134.684005737305,-33.254810333252,0.1,2.01,2.91,2.37,2.11,2.79,1.94,1.78,2.19
"SA","Whyalla",137.418273925781,-33.2557182312012,0.1,2.47,3.03,1.95,1.79,2.2,1.92,1.76,2.16
"SA","Port Pirie",137.807678222656,-33.2593383789062,0.1,2.65,2.57,1.89,1.74,2.11,1.57,1.48,1.71
"NSW","Central Coast (NSW)",151.495315551758,-33.2661018371582,0.1,1.45,2.27,3.8,3.19,4.81,1.79,1.66,2
"NSW","Central Coast (NSW)",151.523056030273,-33.2580947875977,0.1,1.46,3.17,3.68,3.08,4.71,1.69,1.58,1.85
"NSW","Central Coast (NSW)",151.566528320312,-33.2575988769531,0.1,1.44,2.3,4.14,3.46,5.25,1.66,1.55,1.82
"WASouth","Harvey",115.679985046387,-33.2147789001465,0.1,1.26,1.4,2.25,2.04,2.58,3.97,3.28,5.18
"WASouth","Esperance",124.094741821289,-33.2096214294434,0.1,1.17,3.2,3.97,3.34,5.01,1.52,1.44,1.64
"SA","Streaky Bay",134.545349121094,-33.1910858154297,0.1,2.01,3.55,2.41,2.13,2.84,1.54,1.46,1.67
"SA","Streaky Bay",134.581817626953,-33.2057342529297,0.1,2.01,2.91,2.39,2.12,2.82,1.95,1.79,2.19
"SA","Whyalla",137.442199707031,-33.2197113037109,0.1,2.47,3.04,1.95,1.79,2.19,1.91,1.75,2.14
"SA","Port Pirie",137.821151733398,-33.226146697998,0.1,2.65,2.84,1.9,1.75,2.12,1.65,1.54,1.8
"NSW","Central Coast (NSW)",151.619323730469,-33.2048263549805,0.1,1.38,2.29,4.16,3.48,5.29,1.66,1.55,1.82
"WASouth","Harvey",115.676567077637,-33.1664352416992,0.1,1.25,1.45,2.31,2.08,2.65,3.8,3.14,4.94
"WASouth","Esperance",124.107475280762,-33.1698188781738,0.1,1.17,3.29,3.98,3.34,5.03,1.53,1.44,1.65
"SA","Streaky Bay",134.309631347656,-33.1851959228516,0.1,2.01,2.98,2.42,2.15,2.86,1.75,1.62,1.94
"SA","Streaky Bay",134.364837646484,-33.1700668334961,0.1,2.01,2.57,2.42,2.14,2.87,1.97,1.79,2.23
"SA","Streaky Bay",134.414978027344,-33.1612815856934,0.1,2,2.76,2.43,2.15,2.87,1.86,1.71,2.09
"SA","Streaky Bay",134.478668212891,-33.1595458984375,0.1,2.01,2.98,2.42,2.14,2.86,1.92,1.76,2.16
"SA","Whyalla",137.450042724609,-33.1701965332031,0.1,2.48,3.08,1.93,1.77,2.16,1.88,1.73,2.11
"SA","Port Pirie",137.850769042969,-33.1842231750488,0.1,2.65,3.14,1.89,1.74,2.11,1.88,1.73,2.11
"SA","Port Pirie",137.893035888672,-33.1661376953125,0.1,2.64,3.12,1.9,1.75,2.12,1.88,1.73,2.11
"SA","Port Pirie",137.92903137207,-33.1640663146973,0.1,2.65,2.31,1.89,1.74,2.11,1.83,1.7,2.03
"NSW","Lake Macquarie",151.640899658203,-33.1763343811035,0.1,1.38,2.3,4.17,3.49,5.31,1.65,1.55,1.81
"WASouth","Harvey",115.681144714355,-33.1313514709473,0.1,1.25,1.49,2.34,2.1,2.69,3.48,2.91,4.44
"WASouth","Esperance",124.141700744629,-33.1211471557617,0.1,1.17,2.98,3.92,3.3,4.94,1.57,1.48,1.71
"SA","Streaky Bay",134.260528564453,-33.1256637573242,0.1,2.04,2.92,2.16,1.94,2.5,1.9,1.75,2.13
"SA","Whyalla",137.474792480469,-33.1270484924316,0.1,2.48,2.91,1.93,1.77,2.16,1.87,1.72,2.09
"SA","Whyalla",137.517532348633,-33.113525390625,0.1,2.48,2.29,1.92,1.76,2.15,1.84,1.7,2.04
"NSW","Lake Macquarie",151.655502319336,-33.1222267150879,0.1,1.38,2.55,4.13,3.45,5.23,1.58,1.49,1.71
"WASouth","Harvey",115.677635192871,-33.08251953125,0.1,1.24,1.56,2.41,2.16,2.79,3.07,2.63,3.82
"WASouth","Esperance",124.195610046387,-33.0619583129883,0.1,1.17,2.63,3.88,3.26,4.88,1.7,1.58,1.88
"SA","Streaky Bay",134.238632202148,-33.0751266479492,0.1,2.01,2.52,2.41,2.13,2.84,1.73,1.61,1.92
"SA","Streaky Bay",134.266143798828,-33.0796089172363,0.1,1.99,3.63,2.6,2.3,3.07,1.88,1.73,2.1
"SA","Unincorporated SA",137.564193725586,-33.0747947692871,0.1,2.49,3.07,1.9,1.75,2.13,1.85,1.7,2.06
"SA","Mount Remarkable",138.025192260742,-33.0680351257324,0.1,2.65,2.2,1.9,1.75,2.12,1.89,1.75,2.11
"NSW","Lake Macquarie",151.668395996094,-33.088306427002,0.1,1.38,2.53,4.26,3.55,5.43,1.58,1.49,1.72
"WASouth","Harvey",115.671043395996,-33.0336990356445,0.1,1.24,1.59,2.45,2.19,2.85,2.86,2.47,3.52
"WASouth","Esperance",124.212295532227,-33.0435600280762,0.1,1.18,1.45,3.59,3.05,4.47,3.19,2.72,3.95
"WASouth","Dundas",124.258407592773,-33.0132904052734,0.1,1.18,2.68,3.78,3.19,4.74,1.68,1.57,1.86
"SA","Streaky Bay",134.156143188477,-33.0373878479004,0.1,2.01,3.2,2.38,2.11,2.81,1.84,1.7,2.06
"SA","Whyalla",137.719528198242,-32.996898651123,0.1,2.49,2.93,1.89,1.74,2.11,1.84,1.7,2.06
"SA","Whyalla",137.738174438477,-32.996997833252,0.1,2.49,2.98,1.89,1.75,2.12,1.85,1.7,2.06
"SA","Mount Remarkable",138.005615234375,-33.0324020385742,0.1,2.64,2.56,1.9,1.75,2.13,1.72,1.61,1.9
"NSW","Lake Macquarie",151.689636230469,-33.0369644165039,0.1,1.38,2.57,4.2,3.51,5.35,1.7,1.58,1.87
"NSW","Lake Macquarie",151.726165771484,-33.0187072753906,0.1,1.38,2.56,4.16,3.48,5.28,1.58,1.49,1.72
"WASouth","Harvey",115.667030334473,-32.9907722473145,0.1,0.96,1.34,2.49,2.22,2.91,2.72,2.38,3.28
"WASouth","Dundas",124.308197021484,-32.9843902587891,0.1,1.18,1.57,3.74,3.16,4.68,2.59,2.28,3.08
"WASouth","Dundas",124.355827331543,-32.9667816162109,0.1,1.18,2.54,3.66,3.11,4.57,1.67,1.55,1.84
"SA","Streaky Bay",134.16569519043,-33.0062026977539,0.1,2.02,3.22,2.33,2.07,2.73,1.85,1.71,2.07
"SA","Mount Remarkable",137.944869995117,-32.9926071166992,0.1,2.64,2.32,1.9,1.75,2.13,1.81,1.68,2.01
"NSW","Newcastle",151.755249023438,-32.9575996398926,0.1,1.38,2.54,4.21,3.52,5.36,1.6,1.5,1.74
"WASouth","Harvey",115.652122497559,-32.9409255981445,0.1,0.95,1.48,2.57,2.28,3.01,2.34,2.08,2.73
"WASouth","Dundas",124.42024230957,-32.9471321105957,0.1,1.18,1.58,3.61,3.06,4.49,2.56,2.26,3.03
"WASouth","Dundas",124.475952148438,-32.9387512207031,0.1,1.18,1.54,3.6,3.06,4.47,2.64,2.32,3.15
"WASouth","Dundas",124.519393920898,-32.935474395752,0.1,1.18,1.6,3.57,3.04,4.43,2.48,2.2,2.93
"WASouth","Dundas",124.575134277344,-32.9283485412598,0.1,1.18,2.25,3.55,3.02,4.41,1.94,1.76,2.22
"WASouth","Dundas",124.627891540527,-32.9224433898926,0.1,1.18,2.26,3.54,3.01,4.4,1.94,1.76,2.21
"WASouth","Dundas",124.666984558105,-32.9171752929688,0.1,1.18,2.27,3.56,3.02,4.42,1.94,1.76,2.22
"WASouth","Dundas",124.72811126709,-32.9045333862305,0.1,1.18,2.56,3.54,3.01,4.39,1.73,1.6,1.92
"SA","Streaky Bay",134.147842407227,-32.9440498352051,0.1,2.01,3.05,2.38,2.11,2.81,1.93,1.77,2.17
"SA","Whyalla",137.792358398438,-32.912654876709,0.1,2.49,2.77,1.9,1.75,2.12,1.91,1.76,2.15
"SA","Mount Remarkable",137.931793212891,-32.945686340332,0.1,2.65,2.41,1.9,1.75,2.12,1.77,1.64,1.95
"NSW","Newcastle",151.778686523438,-32.9410057067871,0.1,1.38,3.3,4.27,3.56,5.45,1.43,1.36,1.52
"WASouth","Waroona",115.648643493652,-32.900691986084,0.1,0.95,2.1,2.6,2.31,3.06,1.96,1.78,2.24
"WASouth","Dundas",124.776504516602,-32.8932876586914,0.1,1.18,2.31,3.57,3.04,4.45,1.94,1.76,2.22
"WASouth","Dundas",124.827789306641,-32.8737030029297,0.1,1.18,2.9,3.64,3.09,4.55,1.63,1.53,1.79
"SA","Streaky Bay",134.106796264648,-32.9153175354004,0.1,2.02,2.99,2.3,2.04,2.7,1.93,1.77,2.16
"SA","Whyalla",137.802703857422,-32.8964157104492,0.1,2.49,2.79,1.9,1.75,2.12,1.91,1.75,2.14
"SA","Mount Remarkable",137.92333984375,-32.8952827453613,0.1,2.65,3.41,1.9,1.75,2.12,1.43,1.36,1.52
"WASouth","Waroona",115.629905700684,-32.8495674133301,0.1,0.94,2.07,2.67,2.36,3.15,1.99,1.8,2.28
"WASouth","Dundas",124.886604309082,-32.8456764221191,0.1,1.18,3.36,3.73,3.15,4.68,1.46,1.38,1.56
"SA","Streaky Bay",134.102554321289,-32.8653297424316,0.1,2.01,3.09,2.38,2.11,2.8,1.92,1.76,2.15
"SA","Whyalla",137.811965942383,-32.8540534973145,0.1,2.49,2.75,1.89,1.74,2.11,1.91,1.75,2.14
"SA","Mount Remarkable",137.904113769531,-32.858211517334,0.1,2.49,2.47,1.9,1.75,2.12,1.67,1.56,1.84
"NSW","Port Stephens",151.845993041992,-32.8574409484863,0.1,1.38,2.63,4.2,3.51,5.34,1.63,1.53,1.78
"NSW","Port Stephens",151.886505126953,-32.8415222167969,0.1,1.38,2.12,4.2,3.5,5.34,1.85,1.71,2.06
"NSW","Port Stephens",151.931243896484,-32.826171875,0.1,1.38,3.33,4.21,3.51,5.36,1.44,1.37,1.53
"WASouth","Waroona",115.620826721191,-32.8227729797363,0.1,0.93,1.92,2.74,2.41,3.24,2.1,1.89,2.44
"WASouth","Dundas",124.93709564209,-32.7966690063477,0.1,1.17,2.56,3.8,3.2,4.79,1.7,1.58,1.88
"SA","Streaky Bay",134.122131347656,-32.8045616149902,0.1,2.01,3.09,2.35,2.09,2.77,1.91,1.76,2.14
"SA","Whyalla",137.813766479492,-32.8274917602539,0.1,2.49,2.76,1.89,1.74,2.1,1.9,1.75,2.13
"SA","Mount Remarkable",137.896591186523,-32.8130378723145,0.1,2.49,2.07,1.89,1.74,2.11,1.75,1.63,1.93
"NSW","Port Stephens",151.995193481445,-32.8015251159668,0.1,1.44,2.3,4.18,3.5,5.32,1.71,1.6,1.88
"NSW","Port Stephens",152.049957275391,-32.7904014587402,0.1,1.44,2.33,4.22,3.52,5.37,1.7,1.59,1.86
"NSW","Port Stephens",152.105438232422,-32.7936248779297,0.1,1.44,2.56,4.28,3.57,5.47,1.66,1.55,1.83
"WASouth","Mandurah",115.612747192383,-32.7587585449219,0.1,0.93,2.06,2.79,2.45,3.31,1.99,1.8,2.28
"WASouth","Dundas",124.992477416992,-32.7677345275879,0.1,1.17,2.17,3.81,3.21,4.8,2.04,1.84,2.35
"WASouth","Dundas",125.016464233398,-32.7507400512695,0.1,1.17,2.35,3.8,3.21,4.79,1.94,1.76,2.21
"WASouth","Dundas",125.090019226074,-32.7265357971191,0.1,1.17,2.53,3.82,3.22,4.82,1.73,1.61,1.92
"SA","Streaky Bay",134.071029663086,-32.7439575195312,0.1,2.01,3.13,2.38,2.11,2.81,1.89,1.74,2.11
"SA","Whyalla",137.80729675293,-32.7693710327148,0.1,2.49,2.73,1.88,1.73,2.09,1.9,1.75,2.13
"SA","Port Augusta",137.890808105469,-32.7710227966309,0.1,2.5,2.12,1.87,1.73,2.08,1.68,1.57,1.84
"NSW","Port Stephens",152.155685424805,-32.7658233642578,0.1,1.44,2.54,4.2,3.51,5.34,1.68,1.57,1.85
"WASouth","Mandurah",115.607124328613,-32.7169036865234,0.1,0.92,2.16,2.91,2.54,3.48,1.96,1.78,2.24
"WASouth","Dundas",125.125335693359,-32.7073822021484,0.1,1.17,2.7,3.83,3.22,4.83,1.68,1.56,1.85
"SA","Streaky Bay",134.058029174805,-32.7256622314453,0.1,2.02,3.16,2.35,2.08,2.77,1.87,1.72,2.09
"SA","Port Augusta",137.792068481445,-32.7212753295898,0.1,2.5,2.33,1.85,1.71,2.05,1.66,1.55,1.82
"WASouth","Mandurah",115.599494934082,-32.6866264343262,0.1,0.92,2.17,2.87,2.52,3.42,1.96,1.78,2.24
"WASouth","Dundas",125.198837280273,-32.6661796569824,0.1,1.17,2.55,3.84,3.23,4.84,1.74,1.61,1.94
"SA","Streaky Bay",134.09358215332,-32.7097091674805,0.1,2.03,3.05,2.23,2,2.61,1.65,1.54,1.81
"SA","Streaky Bay",134.139633178711,-32.713020324707,0.1,2.05,3,2.12,1.91,2.45,1.63,1.52,1.78
"SA","Streaky Bay",134.258987426758,-32.6792335510254,0.1,2.08,3.01,2,1.82,2.28,1.85,1.71,2.07
"SA","Port Augusta",137.763793945312,-32.6859321594238,0.1,2.5,2.75,1.85,1.71,2.05,1.85,1.71,2.07
"SA","Port Augusta",137.844696044922,-32.6832084655762,0.1,2.51,2,1.84,1.7,2.04,1.72,1.61,1.88
"NSW","Mid-Coast",152.217864990234,-32.6861267089844,0.1,1.44,2.57,4.27,3.56,5.45,1.64,1.53,1.8
"WASouth","Mandurah",115.612724304199,-32.6398010253906,0.1,0.94,2.27,2.96,2.58,3.55,1.94,1.76,2.21
"WASouth","Dundas",125.261291503906,-32.639404296875,0.1,1.17,2.34,3.83,3.23,4.83,1.93,1.76,2.21
"WASouth","Dundas",125.299919128418,-32.6206016540527,0.1,1.17,2.42,3.8,3.21,4.79,1.88,1.72,2.14
"WASouth","Dundas",125.356552124023,-32.6046524047852,0.1,1.17,2.42,3.81,3.21,4.79,1.83,1.68,2.06
"WASouth","Dundas",125.411148071289,-32.5926475524902,0.1,1.17,2.44,3.82,3.22,4.8,1.8,1.66,2
"WASouth","Dundas",125.445678710938,-32.5863265991211,0.1,1.17,3.51,3.81,3.22,4.8,1.5,1.42,1.62
"SA","Streaky Bay",134.27360534668,-32.6319274902344,0.1,2.08,3.05,2,1.82,2.28,1.83,1.69,2.04
"SA","Port Augusta",137.836624145508,-32.6410903930664,0.1,2.51,1.91,1.84,1.7,2.04,1.8,1.67,1.98
"NSW","Mid-Coast",152.209411621094,-32.6361770629883,0.1,1.44,2.33,4.28,3.56,5.47,1.71,1.6,1.87
"NSW","Mid-Coast",152.243713378906,-32.6129608154297,0.1,1.44,2.44,4.28,3.57,5.47,1.65,1.54,1.81
"WASouth","Mandurah",115.633392333984,-32.5939178466797,0.1,1.07,2.42,2.76,2.42,3.29,1.71,1.6,1.89
"WASouth","Dundas",125.525924682617,-32.5580215454102,0.1,1.17,3.7,3.81,3.21,4.78,1.44,1.37,1.55
"SA","Streaky Bay",134.260116577148,-32.5783805847168,0.1,2.07,2.19,2.02,1.83,2.31,1.83,1.7,2.02
"NSW","Mid-Coast",152.320205688477,-32.6055908203125,0.1,1.44,2.32,4.32,3.6,5.53,1.72,1.6,1.9
"WASouth","Mandurah",115.670928955078,-32.5409622192383,0.1,0.9,2.26,2.94,2.57,3.52,1.72,1.6,1.9
"WASouth","Dundas",125.567039489746,-32.530704498291,0.1,1.17,2.56,3.83,3.23,4.82,1.77,1.63,1.96
"SA","Ceduna",133.895065307617,-32.5452919006348,0.1,2,4.2,2.51,2.21,3,1.48,1.4,1.59
"SA","Ceduna",133.908020019531,-32.5220603942871,0.1,2,4.03,2.43,2.15,2.89,1.44,1.37,1.55
"SA","Streaky Bay",134.228332519531,-32.5367660522461,0.1,2.06,2.28,2.05,1.86,2.35,1.71,1.6,1.87
"NSW","Mid-Coast",152.313705444336,-32.5493583679199,0.1,1.44,2.37,4.32,3.59,5.53,1.65,1.55,1.8
"NSW","Mid-Coast",152.340133666992,-32.5278701782227,0.1,1.44,2.33,4.31,3.59,5.52,1.71,1.59,1.89
"WASouth","Mandurah",115.695930480957,-32.521125793457,0.1,0.9,2.2,2.94,2.57,3.53,1.75,1.63,1.94
"WASouth","Dundas",125.627700805664,-32.4908752441406,0.1,1.17,2.3,3.81,3.22,4.79,1.79,1.65,1.99
"WASouth","Dundas",125.654495239258,-32.473217010498,0.1,1.17,2.29,3.79,3.2,4.76,1.81,1.67,2.02
"SA","Ceduna",133.845886230469,-32.5071868896484,0.1,2.03,3.31,2.26,2.01,2.64,1.63,1.52,1.78
"SA","Ceduna",133.997283935547,-32.5039138793945,0.1,2.02,3.81,2.35,2.08,2.77,1.48,1.4,1.59
"SA","Ceduna",134.070877075195,-32.4695320129395,0.1,2.04,3.79,2.21,1.98,2.58,1.46,1.39,1.57
"SA","Ceduna",134.090408325195,-32.47021484375,0.1,2.04,3.39,2.18,1.96,2.54,1.52,1.44,1.64
"SA","Streaky Bay",134.175994873047,-32.4855194091797,0.1,2.05,2.62,2.11,1.9,2.44,1.55,1.47,1.67
"NSW","Mid-Coast",152.412338256836,-32.4907112121582,0.1,1.44,2.63,4.3,3.58,5.5,1.54,1.46,1.66
"NSW","Mid-Coast",152.456039428711,-32.4739952087402,0.1,1.18,2.68,4.29,3.57,5.49,1.54,1.45,1.67
"WASouth","Mandurah",115.740791320801,-32.4680099487305,0.1,0.9,2.19,2.99,2.6,3.6,1.76,1.63,1.95
"WASouth","Dundas",125.706619262695,-32.4370346069336,0.1,1.18,3.27,3.77,3.19,4.72,1.51,1.43,1.63
"SA","Ceduna",133.846725463867,-32.4609375,0.1,2.01,2.43,2.37,2.1,2.81,1.75,1.63,1.91
"NSW","Mid-Coast",152.521682739258,-32.4567642211914,0.1,1.18,2.26,4.43,3.67,5.71,1.65,1.54,1.82
"WASouth","Rockingham",115.721504211426,-32.3826293945312,0.1,0.89,2.12,3.15,2.72,3.85,1.81,1.67,2.01
"WASouth","Dundas",125.731330871582,-32.4147415161133,0.1,1.18,2.3,3.75,3.17,4.69,1.77,1.64,1.96
"WASouth","Dundas",125.770309448242,-32.396053314209,0.1,1.18,3.19,3.69,3.13,4.6,1.5,1.42,1.62
"SA","Ceduna",133.860244750977,-32.413387298584,0.1,2.03,2.57,2.21,1.98,2.58,1.61,1.52,1.75
"NSW","Mid-Coast",152.54020690918,-32.4330139160156,0.1,1.18,2.26,4.4,3.65,5.64,1.65,1.54,1.82
"WASouth","Rockingham",115.711723327637,-32.3763732910156,0.1,0.89,2.29,3.18,2.74,3.88,1.68,1.57,1.84
"WASouth","Dundas",125.829124450684,-32.3588104248047,0.1,1.18,2.94,3.65,3.1,4.54,1.59,1.49,1.73
"SA","Unincorporated SA",133.848358154297,-32.3607711791992,0.1,2.06,2.46,2.09,1.88,2.41,1.59,1.5,1.72
"NSW","Mid-Coast",152.537170410156,-32.3683662414551,0.1,1.18,2.2,4.38,3.64,5.61,1.78,1.64,1.97
"WASouth","Dundas",125.890777587891,-32.3272438049316,0.1,1.18,2.45,3.55,3.02,4.4,1.67,1.56,1.83
"WASouth","Dundas",125.939956665039,-32.3042793273926,0.1,1.18,2.11,3.53,3.01,4.37,1.87,1.71,2.09
"WASouth","Dundas",125.983673095703,-32.2883224487305,0.1,1.19,3.05,3.52,3,4.36,1.55,1.46,1.68
"WASouth","Dundas",126.580444335938,-32.3081016540527,0.1,1.22,2.69,2.93,2.55,3.54,1.64,1.54,1.8
"WASouth","Dundas",126.625343322754,-32.3101997375488,0.1,1.22,2.62,2.93,2.55,3.53,1.67,1.56,1.84
"WASouth","Dundas",126.683471679688,-32.3130416870117,0.1,1.22,2.03,2.86,2.5,3.42,1.97,1.8,2.24
"WASouth","Dundas",126.734107971191,-32.3103523254395,0.1,1.21,2.07,3.07,2.66,3.72,1.95,1.78,2.22
"WASouth","Dundas",126.778480529785,-32.3013000488281,0.1,1.21,1.87,2.99,2.6,3.62,2.03,1.85,2.32
"WASouth","Dundas",126.848419189453,-32.3034362792969,0.1,1.22,3.66,2.93,2.55,3.53,1.45,1.38,1.55
"SA","Unincorporated SA",133.836181640625,-32.352294921875,0.1,2.05,1.54,2.14,1.92,2.48,1.87,1.72,2.1
"NSW","Mid-Coast",152.522171020508,-32.3266525268555,0.1,1.18,3.46,4.49,3.68,5.86,1.52,1.43,1.64
"WASouth","Rockingham",115.688369750977,-32.2748413085938,0.1,1.1,2.24,3.02,2.62,3.66,1.8,1.66,2
"WASouth","Dundas",126.101448059082,-32.2738990783691,0.1,1.19,2.11,3.29,2.82,4.06,1.84,1.69,2.05
"WASouth","Dundas",126.13289642334,-32.2580986022949,0.1,1.19,2.67,3.32,2.84,4.1,1.58,1.49,1.72
"WASouth","Dundas",126.229583740234,-32.2429428100586,0.1,1.21,2.63,2.98,2.58,3.63,1.59,1.5,1.74
"WASouth","Dundas",126.268409729004,-32.2527847290039,0.1,1.22,2.65,2.91,2.53,3.53,1.59,1.5,1.74
"WASouth","Dundas",126.315170288086,-32.2620964050293,0.1,1.22,2.62,2.91,2.53,3.53,1.62,1.52,1.78
"WASouth","Dundas",126.37329864502,-32.2812156677246,0.1,1.21,2.63,2.94,2.55,3.57,1.62,1.52,1.78
"WASouth","Dundas",126.418922424316,-32.2886085510254,0.1,1.22,2.63,2.85,2.49,3.44,1.63,1.52,1.78
"WASouth","Dundas",126.471771240234,-32.2922630310059,0.1,1.22,2.62,2.86,2.49,3.44,1.64,1.53,1.8
"WASouth","Dundas",126.52661895752,-32.3000717163086,0.1,1.22,2.38,2.86,2.49,3.44,1.79,1.65,2
"WASouth","Dundas",126.894958496094,-32.3038711547852,0.1,1.21,2.51,2.97,2.58,3.58,1.74,1.61,1.93
"WASouth","Dundas",126.948722839355,-32.3001441955566,0.1,1.22,2.47,2.86,2.5,3.43,1.72,1.6,1.91
"WASouth","Dundas",127.008438110352,-32.2939224243164,0.1,1.22,2.47,2.91,2.53,3.49,1.72,1.6,1.9
"WASouth","Dundas",127.05305480957,-32.2870330810547,0.1,1.22,2.44,2.85,2.49,3.42,1.74,1.61,1.92
"WASouth","Dundas",127.107360839844,-32.2873420715332,0.1,1.22,2.48,2.91,2.54,3.51,1.73,1.6,1.91
"WASouth","Dundas",127.156761169434,-32.2812728881836,0.1,1.22,2.08,2.9,2.53,3.49,1.88,1.73,2.11
"WASouth","Dundas",127.212768554688,-32.2844657897949,0.1,1.21,2.34,2.98,2.59,3.59,1.77,1.64,1.97
"WASouth","Dundas",127.259368896484,-32.2746429443359,0.1,1.22,2.27,2.94,2.55,3.54,1.79,1.65,1.99
"WASouth","Dundas",127.314971923828,-32.2637634277344,0.1,1.21,2.49,2.98,2.59,3.6,1.7,1.58,1.87
"WASouth","Dundas",127.354232788086,-32.2527313232422,0.1,1.21,3.15,3.01,2.61,3.64,1.51,1.43,1.63
"SA","Ceduna",133.767166137695,-32.2666244506836,0.1,2.04,3.42,2.21,1.98,2.58,1.51,1.43,1.62
"SA","Ceduna",133.777847290039,-32.2665901184082,0.1,2.04,3.06,2.21,1.98,2.57,1.61,1.51,1.76
"SA","Ceduna",133.851272583008,-32.2766571044922,0.1,2.05,2.18,2.13,1.91,2.46,1.81,1.67,2.02
"NSW","Mid-Coast",152.529312133789,-32.286075592041,0.1,1.18,1.43,4.4,3.65,5.63,2.03,1.85,2.29
"WASouth","Kwinana",115.753379821777,-32.2424011230469,0.1,1.11,1.9,2.88,2.52,3.45,2,1.82,2.26
"WASouth","Dundas",127.42276763916,-32.2359275817871,0.1,1.21,1.78,3.04,2.64,3.69,2.04,1.86,2.32
"WASouth","Dundas",127.463645935059,-32.2284698486328,0.1,1.21,1.75,3.07,2.66,3.73,2.12,1.92,2.43
"WASouth","Dundas",127.521705627441,-32.2205200195312,0.1,1.2,2.16,3.21,2.77,3.93,1.94,1.77,2.2
"SA","Ceduna",133.239868164062,-32.2043533325195,0.1,1.99,2.52,2.61,2.28,3.14,2.03,1.84,2.32
"SA","Ceduna",133.253402709961,-32.2127876281738,0.1,1.98,3.2,2.73,2.38,3.31,1.65,1.54,1.8
"SA","Unincorporated SA",133.678817749023,-32.2343902587891,0.1,2.02,1.73,2.29,2.04,2.68,1.93,1.77,2.17
"NSW","Mid-Coast",152.523178100586,-32.2377243041992,0.1,1.18,1.96,4.67,3.81,6.15,2.2,1.99,2.53
"WASouth","Kwinana",115.763900756836,-32.2021522521973,0.1,1.11,2.31,2.9,2.54,3.48,1.79,1.66,1.98
"WASouth","Dundas",127.576217651367,-32.1881370544434,0.1,1.2,2.25,3.22,2.77,3.95,1.78,1.65,1.97
"WASouth","Dundas",127.615257263184,-32.1755561828613,0.1,1.2,2.1,3.24,2.78,3.97,2.02,1.83,2.3
"SA","Unincorporated SA",133.150283813477,-32.1936683654785,0.1,1.97,2.67,2.77,2.41,3.37,1.92,1.76,2.17
"SA","Ceduna",133.3134765625,-32.1855735778809,0.1,1.99,2.72,2.62,2.29,3.15,1.86,1.71,2.08
"SA","Ceduna",133.368133544922,-32.1918525695801,0.1,1.99,2.82,2.54,2.23,3.05,1.77,1.64,1.97
"SA","Ceduna",133.427627563477,-32.1941261291504,0.1,2,2.25,2.48,2.18,2.95,1.93,1.76,2.19
"NSW","Mid-Coast",152.538162231445,-32.1926536560059,0.1,1.18,1.22,4.42,3.67,5.66,2.44,2.17,2.86
"WASouth","Cockburn",115.744827270508,-32.1371726989746,0.1,1.1,2.37,3.06,2.65,3.71,1.77,1.65,1.96
"WASouth","Dundas",127.685852050781,-32.149528503418,0.1,1.94,3.02,3.26,2.8,4,1.76,1.64,1.95
"WASouth","Dundas",127.734603881836,-32.137565612793,0.1,1.94,2.9,3.21,2.76,3.94,1.88,1.73,2.12
"SA","Unincorporated SA",133.109451293945,-32.1493606567383,0.1,1.99,2.82,2.57,2.25,3.08,1.8,1.66,2
"SA","Ceduna",133.464202880859,-32.1557502746582,0.1,2.01,3.38,2.38,2.12,2.81,1.54,1.45,1.67
"SA","Ceduna",133.520812988281,-32.1467399597168,0.1,2.04,3.38,2.19,1.96,2.54,1.55,1.46,1.68
"SA","Ceduna",133.578567504883,-32.1495704650879,0.1,2.02,1.96,2.31,2.06,2.72,2.24,2.01,2.61
"NSW","Mid-Coast",152.512573242188,-32.1440925598145,0.1,1.18,1.43,4.42,3.67,5.67,2.12,1.92,2.42
"WASouth","Cockburn",115.75496673584,-32.0969123840332,0.1,1.1,2.38,3.01,2.61,3.63,1.76,1.64,1.95
"WASouth","Dundas",127.791816711426,-32.1241111755371,0.1,1.95,3,3.15,2.71,3.84,1.78,1.65,1.97
"WASouth","Dundas",127.841194152832,-32.1121406555176,0.1,1.95,3.03,3.16,2.73,3.86,1.77,1.64,1.96
"WASouth","Dundas",127.893455505371,-32.1038360595703,0.1,1.95,3.02,3.12,2.7,3.81,1.77,1.64,1.96
"WASouth","Dundas",127.937492370605,-32.0988807678223,0.1,1.95,3.03,3.19,2.75,3.9,1.78,1.65,1.97
"WASouth","Dundas",127.981498718262,-32.089427947998,0.1,1.94,3,3.2,2.76,3.91,1.79,1.66,1.98
"WASouth","Dundas",128.041961669922,-32.0753326416016,0.1,1.95,3.16,3.18,2.74,3.87,1.8,1.66,2.01
"SA","Unincorporated SA",132.977661132812,-32.1035575866699,0.1,1.97,2.85,2.83,2.45,3.45,1.86,1.71,2.08
"SA","Unincorporated SA",132.992446899414,-32.105827331543,0.1,1.97,2.2,2.82,2.44,3.44,2.1,1.91,2.39
"NSW","Mid-Coast",152.524337768555,-32.1037445068359,0.1,1.18,2.27,4.42,3.67,5.67,1.8,1.67,2
"WASouth","Dundas",128.103988647461,-32.0477027893066,0.1,1.95,2.97,3.06,2.65,3.69,1.82,1.68,2.02
"WASouth","Dundas",128.147399902344,-32.0388107299805,0.1,1.95,3,3.08,2.67,3.73,1.8,1.67,1.99
"WASouth","Dundas",128.200286865234,-32.0213279724121,0.1,1.95,2.98,3.07,2.66,3.72,1.92,1.76,2.17
"SA","Unincorporated SA",132.216537475586,-32.0306205749512,0.1,1.95,2.84,3.15,2.69,3.91,1.91,1.75,2.15
"SA","Unincorporated SA",132.265014648438,-32.0361747741699,0.1,1.95,2.82,3.05,2.62,3.76,1.93,1.77,2.18
"SA","Unincorporated SA",132.311965942383,-32.0363311767578,0.1,1.95,3.01,3.09,2.64,3.81,1.78,1.64,1.98
"SA","Unincorporated SA",132.916961669922,-32.0495147705078,0.1,1.97,2.37,2.78,2.41,3.38,1.84,1.7,2.05
"NSW","Mid-Coast",152.54850769043,-32.0601654052734,0.1,1.18,1.84,4.46,3.7,5.72,1.84,1.7,2.05
"WASouth","Cottesloe",115.748397827148,-32.0159225463867,0.1,1.1,2.65,3.09,2.68,3.73,1.76,1.63,1.95
"WASouth","Dundas",128.256439208984,-31.9999656677246,0.1,1.95,3.16,3.08,2.67,3.72,1.76,1.64,1.95
"WASouth","Dundas",128.312133789062,-31.983757019043,0.1,1.95,3.46,3.08,2.67,3.73,1.67,1.55,1.84
"SA","Unincorporated SA",132.165283203125,-32.0149269104004,0.1,1.98,2.74,2.71,2.36,3.26,1.97,1.8,2.23
"SA","Unincorporated SA",132.368988037109,-32.0129013061523,0.1,1.96,2.48,3,2.58,3.69,2.17,1.95,2.49
"SA","Unincorporated SA",132.472396850586,-32.0139274597168,0.1,1.95,2.92,3.07,2.63,3.81,1.84,1.69,2.06
"SA","Unincorporated SA",132.848297119141,-32.009693145752,0.1,1.96,2.27,2.94,2.53,3.62,2,1.83,2.25
"NSW","Mid-Coast",152.568206787109,-32.0073547363281,0.1,1.18,2.34,4.44,3.68,5.69,1.8,1.67,2
"WASouth","Dundas",128.368698120117,-31.96462059021,0.1,1.95,3.69,3.09,2.67,3.74,1.61,1.51,1.76
"SA","Unincorporated SA",132.113922119141,-31.9684658050537,0.1,1.97,2.39,2.79,2.43,3.39,2.24,2.01,2.6
"SA","Unincorporated SA",132.520324707031,-31.9427661895752,0.1,1.95,2.49,3.07,2.63,3.81,2.13,1.92,2.45
"SA","Unincorporated SA",132.580688476562,-31.937349319458,0.1,1.95,2.68,3.02,2.59,3.74,1.99,1.81,2.26
"SA","Unincorporated SA",132.633117675781,-31.9477863311768,0.1,1.96,2.87,2.96,2.55,3.65,1.88,1.73,2.11
"SA","Unincorporated SA",132.677658081055,-31.9606323242188,0.1,1.95,2.96,3.03,2.6,3.75,1.81,1.67,2.01
"SA","Unincorporated SA",132.737106323242,-31.957389831543,0.1,1.96,3.19,2.92,2.52,3.6,1.68,1.57,1.85
"SA","Unincorporated SA",132.793395996094,-31.9670734405518,0.1,1.99,2.15,2.6,2.27,3.12,2.11,1.92,2.39
"NSW","Mid-Coast",152.607528686523,-31.9559078216553,0.1,1.51,2.37,4.54,3.75,5.85,1.65,1.55,1.81
"WASouth","Cambridge",115.747932434082,-31.9169654846191,0.1,1.1,2.49,3.19,2.76,3.87,1.81,1.67,2.01
"WASouth","Dundas",128.386245727539,-31.9521999359131,0.1,1.95,3.04,3.07,2.67,3.72,1.79,1.66,1.98
"WASouth","Dundas",128.428405761719,-31.9378452301025,0.1,1.96,2.89,2.99,2.6,3.6,1.9,1.74,2.12
"WASouth","Dundas",128.470016479492,-31.9254741668701,0.1,1.95,2.78,3.09,2.68,3.75,2.01,1.83,2.3
"SA","Unincorporated SA",132.013717651367,-31.8924770355225,0.1,1.98,2.59,2.72,2.37,3.28,2.05,1.86,2.35
"SA","Unincorporated SA",132.059448242188,-31.9186496734619,0.1,1.97,2.29,2.78,2.42,3.37,2,1.83,2.25
"NSW","Mid-Coast",152.631057739258,-31.9270057678223,0.1,1.51,2.56,4.57,3.78,5.89,1.6,1.51,1.75
"WASouth","Stirling",115.745735168457,-31.8783321380615,0.1,1.1,2.2,3.23,2.79,3.93,2.02,1.84,2.29
"WASouth","Dundas",128.533950805664,-31.8932571411133,0.1,1.95,2.68,3.05,2.65,3.69,2.09,1.9,2.38
"WASouth","Dundas",128.580505371094,-31.8804798126221,0.1,1.95,2.7,3.09,2.68,3.75,2.06,1.88,2.35
"WASouth","Dundas",128.611724853516,-31.8646335601807,0.1,1.95,3.28,3.04,2.64,3.68,1.74,1.61,1.93
"SA","Unincorporated SA",131.970077514648,-31.8648357391357,0.1,1.97,2.37,2.77,2.41,3.36,1.64,1.54,1.78
"NSW","Mid-Coast",152.629821777344,-31.8805847167969,0.1,1.57,2.52,2.95,2.57,3.53,1.62,1.53,1.76
"NSW","Mid-Coast",152.681457519531,-31.8813209533691,0.1,1.56,2.24,3.06,2.66,3.68,2.14,1.93,2.45
"WASouth","Dundas",128.681121826172,-31.8330821990967,0.1,1.95,3.26,3.11,2.69,3.78,1.77,1.64,1.97
"SA","Unincorporated SA",131.866165161133,-31.8002967834473,0.1,1.97,3.16,2.86,2.48,3.49,1.71,1.59,1.89
"SA","Unincorporated SA",131.903350830078,-31.8179912567139,0.1,1.98,2.56,2.69,2.35,3.24,1.7,1.6,1.86
"NSW","Mid-Coast",152.739624023438,-31.8378868103027,0.1,1.51,3.25,4.45,3.69,5.7,1.47,1.4,1.58
"WASouth","Joondalup",115.724632263184,-31.7862281799316,0.1,1.09,2.38,3.27,2.82,4,1.89,1.74,2.12
"WASouth","Dundas",128.707641601562,-31.8146839141846,0.1,1.95,3.01,3.1,2.68,3.76,1.81,1.67,2.01
"WASouth","Dundas",128.745147705078,-31.7919063568115,0.1,1.95,3.04,3.11,2.69,3.79,1.8,1.66,1.99
"WASouth","Dundas",128.780517578125,-31.7762622833252,0.1,1.95,3.01,3.13,2.7,3.81,1.82,1.69,2.03
"WASouth","Dundas",128.817230224609,-31.7588386535645,0.1,1.95,3.53,3.12,2.69,3.8,1.63,1.52,1.78
"SA","Unincorporated SA",131.816452026367,-31.7617855072021,0.1,1.97,2.45,2.75,2.4,3.33,1.81,1.68,2
"NSW","Mid-Coast",152.768844604492,-31.7700748443604,0.1,1.51,2.38,4.61,3.81,5.94,1.76,1.63,1.95
"WASouth","Joondalup",115.711456298828,-31.7327613830566,0.1,1.09,2.51,3.36,2.88,4.12,1.82,1.69,2.03
"WASouth","Dundas",128.923278808594,-31.7160186767578,0.1,1.95,3,3.13,2.7,3.83,1.83,1.69,2.03
"WASouth","Dundas",128.980865478516,-31.6983222961426,0.1,1.95,3.46,3.11,2.69,3.8,1.66,1.55,1.82
"SA","Unincorporated SA",131.749893188477,-31.7228736877441,0.1,1.96,2.54,2.87,2.48,3.5,1.75,1.63,1.92
"NSW","Mid-Coast",152.789184570312,-31.7463817596436,0.1,1.51,2.75,4.66,3.85,6.02,1.62,1.52,1.77
"WASouth","Wanneroo",115.685127258301,-31.6741313934326,0.1,1.09,2.37,3.36,2.88,4.12,1.93,1.77,2.16
"SA","Unincorporated SA",129.05632019043,-31.6806087493896,0.1,1.95,3.04,3.1,2.67,3.77,1.83,1.69,2.04
"SA","Unincorporated SA",129.103088378906,-31.6748466491699,0.1,1.95,3.09,3.1,2.68,3.78,1.83,1.69,2.04
"SA","Unincorporated SA",129.161315917969,-31.6735076904297,0.1,1.95,3.02,3.11,2.69,3.8,1.89,1.74,2.12
"SA","Unincorporated SA",129.220596313477,-31.6642150878906,0.1,1.95,3.05,3.12,2.69,3.81,1.87,1.72,2.09
"SA","Unincorporated SA",129.265991210938,-31.6626873016357,0.1,1.95,3.04,3.1,2.68,3.79,1.87,1.73,2.1
"SA","Unincorporated SA",129.315948486328,-31.6522197723389,0.1,1.95,3.12,3.1,2.68,3.79,1.83,1.69,2.05
"SA","Unincorporated SA",129.355773925781,-31.6487083435059,0.1,1.95,3.15,3.1,2.67,3.79,1.82,1.68,2.03
"SA","Unincorporated SA",129.425933837891,-31.6450424194336,0.1,1.95,3.16,3.11,2.68,3.81,1.82,1.68,2.03
"SA","Unincorporated SA",129.472854614258,-31.6405601501465,0.1,1.95,3.44,3.1,2.67,3.79,1.65,1.54,1.81
"SA","Unincorporated SA",131.651901245117,-31.6733074188232,0.1,1.97,3.35,2.81,2.44,3.42,1.65,1.54,1.8
"SA","Unincorporated SA",131.689712524414,-31.6900215148926,0.1,1.97,2.4,2.82,2.44,3.43,1.86,1.72,2.07
"NSW","Port Macquarie-Hastings",152.797271728516,-31.7039813995361,0.1,1.51,2.32,4.6,3.81,5.93,1.79,1.65,1.99
"WASouth","Wanneroo",115.66731262207,-31.6364288330078,0.1,1.09,2.63,3.37,2.89,4.14,1.84,1.69,2.05
"SA","Unincorporated SA",129.529388427734,-31.6297702789307,0.1,1.95,3.17,3.11,2.68,3.81,1.81,1.67,2.01
"SA","Unincorporated SA",129.572463989258,-31.6263446807861,0.1,1.95,3.2,3.12,2.68,3.82,1.79,1.65,1.98
"SA","Unincorporated SA",129.628784179688,-31.62229347229,0.1,1.95,3.24,3.09,2.66,3.79,1.75,1.62,1.94
"SA","Unincorporated SA",129.693832397461,-31.6235198974609,0.1,1.95,3.23,3.1,2.67,3.8,1.75,1.62,1.94
"SA","Unincorporated SA",129.735946655273,-31.6218967437744,0.1,1.95,3.2,3.11,2.68,3.82,1.77,1.64,1.96
"SA","Unincorporated SA",129.787750244141,-31.6160411834717,0.1,1.95,3.14,3.13,2.69,3.84,1.78,1.65,1.98
"SA","Unincorporated SA",129.832595825195,-31.6155910491943,0.1,1.95,3.36,3.11,2.67,3.82,1.69,1.57,1.86
"SA","Unincorporated SA",131.550842285156,-31.6270198822021,0.1,1.96,3.26,2.89,2.5,3.54,1.7,1.58,1.87
"SA","Unincorporated SA",131.594345092773,-31.6472778320312,0.1,1.96,2.49,2.91,2.51,3.56,1.78,1.66,1.96
"NSW","Port Macquarie-Hastings",152.835205078125,-31.6545162200928,0.1,1.51,2.29,4.65,3.84,6,1.83,1.68,2.04
"WASouth","Wanneroo",115.648307800293,-31.6077747344971,0.1,1.09,2.56,3.43,2.94,4.21,1.83,1.69,2.04
"SA","Unincorporated SA",129.888397216797,-31.5991954803467,0.1,1.95,3.22,3.1,2.66,3.81,1.75,1.63,1.94
"SA","Unincorporated SA",129.949752807617,-31.5961685180664,0.1,1.95,3.17,3.09,2.65,3.79,1.76,1.63,1.95
"SA","Unincorporated SA",129.994247436523,-31.5926780700684,0.1,1.95,3.27,3.07,2.64,3.77,1.71,1.59,1.89
"SA","Unincorporated SA",130.050231933594,-31.5961151123047,0.1,1.95,3.3,3.05,2.62,3.74,1.69,1.58,1.87
"SA","Unincorporated SA",130.118804931641,-31.5930976867676,0.1,1.95,3.21,3.03,2.61,3.72,1.74,1.62,1.93
"SA","Unincorporated SA",130.15576171875,-31.5828647613525,0.1,1.95,3.27,3.04,2.62,3.72,1.72,1.6,1.9
"SA","Unincorporated SA",130.215423583984,-31.5854110717773,0.1,1.95,3.22,3.03,2.61,3.71,1.73,1.61,1.92
"SA","Unincorporated SA",130.254623413086,-31.5786609649658,0.1,1.95,3.31,3.02,2.6,3.7,1.69,1.57,1.86
"SA","Unincorporated SA",130.329986572266,-31.5885944366455,0.1,1.96,3.36,3.01,2.59,3.68,1.68,1.57,1.85
"SA","Unincorporated SA",130.372512817383,-31.5924854278564,0.1,1.96,3.35,3,2.59,3.67,1.69,1.57,1.86
"SA","Unincorporated SA",130.413299560547,-31.5909996032715,0.1,1.96,3.32,2.99,2.58,3.65,1.69,1.58,1.87
"SA","Unincorporated SA",130.47998046875,-31.599027633667,0.1,1.96,3.29,2.99,2.58,3.66,1.71,1.59,1.89
"SA","Unincorporated SA",130.524963378906,-31.5999298095703,0.1,1.96,3.27,3,2.59,3.67,1.71,1.59,1.89
"SA","Unincorporated SA",130.587509155273,-31.5946865081787,0.1,1.96,3.34,3.01,2.59,3.68,1.69,1.57,1.86
"SA","Unincorporated SA",130.632949829102,-31.6012134552002,0.1,1.96,3.31,3.01,2.59,3.68,1.7,1.58,1.88
"SA","Unincorporated SA",130.681182861328,-31.6080703735352,0.1,1.95,3.36,3.03,2.61,3.72,1.68,1.57,1.85
"SA","Unincorporated SA",130.739852905273,-31.609992980957,0.1,1.95,3.35,3.06,2.63,3.76,1.7,1.58,1.87
"SA","Unincorporated SA",130.789611816406,-31.6127681732178,0.1,1.95,3.23,3.04,2.62,3.74,1.75,1.63,1.94
"SA","Unincorporated SA",130.838287353516,-31.6013946533203,0.1,1.95,3.2,3.08,2.65,3.8,1.76,1.63,1.95
"SA","Unincorporated SA",130.885787963867,-31.5917358398438,0.1,1.95,3.13,3.07,2.63,3.78,1.79,1.65,1.99
"SA","Unincorporated SA",130.931213378906,-31.5771179199219,0.1,1.95,3.29,3.06,2.63,3.77,1.71,1.59,1.88
"SA","Unincorporated SA",131.437576293945,-31.5794830322266,0.1,1.96,3.3,2.93,2.53,3.6,1.66,1.55,1.82
"SA","Unincorporated SA",131.485397338867,-31.5951290130615,0.1,1.97,2.35,2.83,2.45,3.44,1.92,1.77,2.15
"NSW","Port Macquarie-Hastings",152.850280761719,-31.6034832000732,0.1,1.36,2.49,4.73,3.9,6.12,1.68,1.57,1.85
"WASouth","Wanneroo",115.60888671875,-31.5414657592773,0.1,1.08,2.73,3.61,3.08,4.47,1.8,1.66,2
"SA","Unincorporated SA",130.997650146484,-31.5531368255615,0.1,1.95,3.14,3.08,2.64,3.8,1.79,1.65,1.99
"SA","Unincorporated SA",131.023834228516,-31.5464344024658,0.1,1.95,3.11,3.08,2.64,3.8,1.76,1.63,1.96
"SA","Unincorporated SA",131.380752563477,-31.5541572570801,0.1,1.97,2.35,2.85,2.47,3.48,1.9,1.75,2.12
"NSW","Port Macquarie-Hastings",152.86848449707,-31.545295715332,0.1,1.36,2.58,4.72,3.89,6.1,1.63,1.53,1.78
"WASouth","Wanneroo",115.579460144043,-31.5047473907471,0.1,1.08,2.28,3.57,3.05,4.41,2.06,1.87,2.35
"SA","Unincorporated SA",131.073684692383,-31.5080394744873,0.1,1.95,2.98,3.09,2.65,3.82,1.87,1.72,2.1
"SA","Unincorporated SA",131.278564453125,-31.5154247283936,0.1,1.96,3.04,2.99,2.57,3.68,1.8,1.66,2
"SA","Unincorporated SA",131.315841674805,-31.5268726348877,0.1,1.96,2.4,2.89,2.49,3.53,1.86,1.72,2.07
"NSW","Port Macquarie-Hastings",152.907958984375,-31.5069618225098,0.1,1.36,2.18,4.77,3.93,6.19,1.79,1.65,1.99
"WASouth","Wanneroo",115.559936523438,-31.4665012359619,0.1,1.09,2.47,3.41,2.92,4.2,1.91,1.75,2.15
"SA","Unincorporated SA",131.15950012207,-31.4727210998535,0.1,1.95,2.94,3.02,2.6,3.73,1.85,1.71,2.08
"SA","Unincorporated SA",131.206832885742,-31.4837474822998,0.1,1.96,2.38,2.94,2.53,3.61,1.88,1.73,2.09
"NSW","Port Macquarie-Hastings",152.940475463867,-31.4754161834717,0.1,1.35,2.18,4.82,3.96,6.26,1.79,1.65,1.99
"WASouth","Gingin",115.536895751953,-31.418773651123,0.1,1.09,1.93,3.39,2.91,4.17,1.97,1.8,2.22
"NSW","Port Macquarie-Hastings",152.928359985352,-31.4325828552246,0.1,1.35,2.18,4.94,4.05,6.43,1.77,1.64,1.97
"WASouth","Gingin",115.504013061523,-31.3707466125488,0.1,1.09,1.92,3.35,2.88,4.12,1.96,1.8,2.21
"NSW","Port Macquarie-Hastings",152.935363769531,-31.3760375976562,0.1,1.35,2.66,4.96,4.07,6.47,1.6,1.5,1.74
"WASouth","Gingin",115.452171325684,-31.3046283721924,0.1,1.08,1.98,3.5,2.99,4.32,1.91,1.75,2.14
"NSW","Port Macquarie-Hastings",152.950302124023,-31.3485851287842,0.1,1.35,2.69,4.96,4.06,6.47,1.59,1.49,1.73
"WASouth","Gingin",115.442108154297,-31.2915267944336,0.1,1.09,1.95,3.32,2.86,4.07,1.96,1.79,2.22
"NSW","Port Macquarie-Hastings",152.975173950195,-31.3107528686523,0.1,1.35,2.64,5.13,4.18,6.74,1.59,1.49,1.73
"WASouth","Gingin",115.419357299805,-31.245044708252,0.1,1.09,1.83,3.37,2.9,4.14,2.22,1.99,2.56
"NSW","Kempsey",152.973022460938,-31.2520561218262,0.1,1.35,2.75,5.22,4.24,6.88,1.57,1.48,1.71
"WASouth","Gingin",115.392807006836,-31.1863384246826,0.1,1.07,1.99,3.84,3.24,4.82,1.97,1.8,2.22
"NSW","Kempsey",152.983184814453,-31.1969738006592,0.1,1.35,2.75,5.21,4.23,6.86,1.57,1.48,1.7
"WASouth","Gingin",115.385330200195,-31.1538333892822,0.1,1.07,1.93,3.78,3.19,4.73,2.04,1.85,2.31
"NSW","Kempsey",152.991317749023,-31.1546783447266,0.1,1.35,2.78,5.33,4.32,7.06,1.59,1.49,1.73
"WASouth","Gingin",115.362205505371,-31.1025295257568,0.1,1.07,2.01,3.93,3.31,4.96,1.93,1.77,2.17
"NSW","Kempsey",153.032028198242,-31.1024646759033,0.1,1.35,2.68,5.33,4.32,7.06,1.6,1.5,1.75
"WASouth","Gingin",115.342430114746,-31.0608196258545,0.1,1.07,2.03,3.94,3.31,4.99,1.9,1.75,2.13
"NSW","Kempsey",153.056930541992,-31.0748081207275,0.1,1.35,2.65,5.15,4.19,6.78,1.64,1.53,1.8
"WASouth","Gingin",115.320510864258,-31.0287113189697,0.1,1.06,1.92,4.23,3.52,5.41,2.17,1.95,2.52
"NSW","Kempsey",153.043502807617,-31.0297470092773,0.1,1.34,2.61,5.44,4.38,7.25,1.65,1.54,1.81
"WASouth","Gingin",115.295783996582,-30.9604682922363,0.1,1.06,1.96,4.23,3.51,5.43,2.05,1.86,2.35
"NSW","Kempsey",153.046813964844,-30.9842147827148,0.1,1.34,2.58,5.53,4.45,7.4,1.65,1.54,1.81
"WASouth","Gingin",115.276443481445,-30.930419921875,0.1,1.06,2.02,4.29,3.55,5.53,1.97,1.8,2.23
"NSW","Kempsey",153.088363647461,-30.9275894165039,0.1,1.35,2.62,5.22,4.24,6.9,1.64,1.54,1.8
"WASouth","Dandaragan",115.240005493164,-30.8705768585205,0.1,1.06,2.02,4.31,3.57,5.58,2.09,1.89,2.41
"NSW","Kempsey",153.085525512695,-30.8952293395996,0.1,1.34,2.62,5.68,4.55,7.65,1.65,1.54,1.82
"WASouth","Dandaragan",115.187698364258,-30.8250331878662,0.1,1.06,1.94,4.23,3.51,5.44,2.28,2.03,2.66
"NSW","Kempsey",153.030914306641,-30.8714618682861,0.1,1.34,2.56,6.01,4.77,8.2,1.65,1.54,1.81
"WASouth","Dandaragan",115.184829711914,-30.798412322998,0.1,1.06,1.98,4.26,3.53,5.49,2.18,1.95,2.54
"NSW","Kempsey",153.005218505859,-30.7961273193359,0.1,1.49,2.76,5.99,4.76,8.17,1.63,1.53,1.79
"WASouth","Dandaragan",115.154327392578,-30.7313938140869,0.1,1.06,2.02,4.36,3.61,5.65,2.18,1.95,2.53
"NSW","Nambucca Valley",153.005493164062,-30.7533626556396,0.1,1.49,3.45,5.98,4.75,8.15,1.49,1.41,1.6
"WASouth","Dandaragan",115.146286010742,-30.7076206207275,0.1,1.06,1.93,4.33,3.58,5.6,2.37,2.1,2.8
"NSW","Nambucca Valley",152.995315551758,-30.7101802825928,0.1,1.49,2.97,6.06,4.81,8.29,1.57,1.48,1.71
"WASouth","Dandaragan",115.127380371094,-30.6585559844971,0.1,1.06,1.93,4.25,3.52,5.49,2.39,2.12,2.82
"NSW","Nambucca Valley",153.004257202148,-30.6698932647705,0.1,1.49,3.03,6.07,4.81,8.3,1.56,1.46,1.69
"WASouth","Dandaragan",115.111801147461,-30.6207237243652,0.1,1.08,2.01,3.64,3.08,4.55,2.12,1.91,2.44
"NSW","Nambucca Valley",153.019149780273,-30.6265201568604,0.1,1.49,3.01,6.1,4.84,8.35,1.57,1.48,1.71
"WASouth","Dandaragan",115.083290100098,-30.5732135772705,0.1,1.07,2.04,4,3.34,5.11,2.1,1.89,2.41
"NSW","Nambucca Valley",153.019500732422,-30.5769462585449,0.1,1.49,3.03,6.15,4.87,8.42,1.57,1.48,1.72
"WASouth","Dandaragan",115.075393676758,-30.5281600952148,0.1,1.08,1.99,3.55,3.02,4.41,2.14,1.93,2.47
"NSW","Bellingen",153.031387329102,-30.5263671875,0.1,1.49,2.99,6.17,4.88,8.45,1.58,1.48,1.72
"WASouth","Dandaragan",115.053398132324,-30.501594543457,0.1,1.07,1.99,3.88,3.25,4.93,2.18,1.96,2.51
"NSW","Bellingen",153.044219970703,-30.4817237854004,0.1,1.49,2.49,6.21,4.91,8.51,1.75,1.63,1.95
"WASouth","Dandaragan",115.047470092773,-30.4367961883545,0.1,1.07,1.97,3.9,3.27,4.95,2.18,1.96,2.51
"NSW","Coffs Harbour",153.076995849609,-30.4302654266357,0.1,1.49,2.48,6.23,4.93,8.53,1.74,1.61,1.93
"WASouth","Dandaragan",115.044143676758,-30.4008903503418,0.1,1.08,1.96,3.78,3.18,4.76,2.22,2,2.57
"NSW","Coffs Harbour",153.092559814453,-30.3893413543701,0.1,1.49,2.62,6.25,4.94,8.57,1.69,1.58,1.86
"WASouth","Dandaragan",115.02587890625,-30.3309841156006,0.1,1.08,1.94,3.69,3.12,4.62,2.26,2.03,2.61
"NSW","Coffs Harbour",153.126800537109,-30.3319225311279,0.1,1.49,2.9,6.28,4.96,8.63,1.63,1.52,1.79
"WASouth","Dandaragan",114.994132995605,-30.235387802124,0.1,1.06,2.61,4.33,3.57,5.6,1.71,1.59,1.9
"NSW","Coffs Harbour",153.156356811523,-30.2409725189209,0.1,1.49,2.74,6.24,4.94,8.54,1.65,1.54,1.8
"WASouth","Dandaragan",114.994964599609,-30.2107048034668,0.1,1.1,2,3.23,2.79,3.93,2.13,1.93,2.44
"NSW","Coffs Harbour",153.176498413086,-30.1921348571777,0.1,1.49,2.9,6.27,4.96,8.59,1.65,1.54,1.81
"WASouth","Dandaragan",115.000297546387,-30.169246673584,0.1,1.08,1.91,3.7,3.13,4.64,2.45,2.18,2.87
"NSW","Coffs Harbour",153.206909179688,-30.1587238311768,0.1,1.49,3.31,6.2,4.92,8.45,1.55,1.46,1.69
"WASouth","Coorow",114.99592590332,-30.1270275115967,0.1,1.09,2.04,3.3,2.84,4.02,2.1,1.9,2.4
"NSW","Coffs Harbour",153.213607788086,-30.1134433746338,0.1,1.49,3,6.32,5,8.65,1.61,1.51,1.76
"WASouth","Coorow",114.980415344238,-30.0796737670898,0.1,1.1,1.85,3.14,2.72,3.79,2.43,2.16,2.84
"NSW","Coffs Harbour",153.208786010742,-30.0711421966553,0.1,1.49,2.77,6.38,5.04,8.76,1.67,1.56,1.83
"WASouth","Coorow",114.954887390137,-30.0253677368164,0.1,1.09,2.18,3.38,2.9,4.14,2.02,1.83,2.31
"NSW","Coffs Harbour",153.215179443359,-30.0229415893555,0.1,1.49,3.56,6.29,4.98,8.6,1.47,1.4,1.58
"WASouth","Coorow",114.95531463623,-29.9851188659668,0.1,1.09,1.93,3.47,2.96,4.28,2.41,2.15,2.82
"NSW","Coffs Harbour",153.238662719727,-29.9773464202881,0.1,1.49,2.18,6.23,4.94,8.5,1.86,1.72,2.08
"WASouth","Coorow",114.968734741211,-29.9450035095215,0.1,1.08,2.43,3.65,3.1,4.56,1.86,1.71,2.1
"NSW","Clarence Valley",153.275238037109,-29.9223747253418,0.1,1.49,2.41,6.33,5.01,8.66,1.79,1.66,1.99
"WASouth","Carnamah",114.973503112793,-29.8855590820312,0.1,1.08,1.89,3.6,3.06,4.48,2.57,2.27,3.05
"NSW","Clarence Valley",153.280456542969,-29.8977203369141,0.1,1.49,2.59,6.24,4.95,8.51,1.74,1.62,1.93
"WASouth","Carnamah",114.972312927246,-29.8436660766602,0.1,1.08,2.3,3.56,3.03,4.41,1.98,1.8,2.26
"NSW","Clarence Valley",153.294281005859,-29.8302783966064,0.1,1.31,2.29,6.28,4.98,8.57,1.8,1.66,2
"WASouth","Carnamah",114.957695007324,-29.8063068389893,0.1,1.08,2.15,3.55,3.02,4.38,2.12,1.91,2.45
"NSW","Clarence Valley",153.29426574707,-29.8049736022949,0.1,1.31,2.24,6.3,4.99,8.59,1.77,1.64,1.96
"WASouth","Carnamah",114.952522277832,-29.757698059082,0.1,1.09,2.05,3.31,2.85,4.03,2.21,1.98,2.58
"NSW","Clarence Valley",153.297424316406,-29.755256652832,0.1,1.31,2.34,6.33,5.01,8.65,1.75,1.62,1.93
"WASouth","Carnamah",114.951667785645,-29.71044921875,0.1,1.09,2.06,3.33,2.87,4.07,2.25,2.01,2.64
"NSW","Clarence Valley",153.313415527344,-29.7081756591797,0.1,1.31,2.51,6.44,5.08,8.84,1.68,1.57,1.84
"WASouth","Irwin",114.953964233398,-29.6772804260254,0.1,1.1,2.02,3.22,2.79,3.91,2.33,2.07,2.73
"NSW","Clarence Valley",153.332794189453,-29.6719799041748,0.1,1.31,2.26,6.39,5.05,8.76,1.79,1.66,1.99
"WASouth","Irwin",114.954727172852,-29.6415576934814,0.1,1.09,2.04,3.31,2.85,4.03,2.34,2.08,2.75
"NSW","Clarence Valley",153.342529296875,-29.6138515472412,0.1,1.31,2.25,6.43,5.08,8.83,1.78,1.65,1.97
"WASouth","Irwin",114.970321655273,-29.5824966430664,0.1,1.1,2,3.18,2.75,3.85,2.36,2.09,2.79
"NSW","Clarence Valley",153.343475341797,-29.5742435455322,0.1,1.31,2.26,6.46,5.1,8.87,1.78,1.65,1.97
"WASouth","Irwin",114.977729797363,-29.5372772216797,0.1,1.1,2.02,3.15,2.73,3.8,2.35,2.09,2.78
"NSW","Clarence Valley",153.361145019531,-29.5248947143555,0.1,1.31,2.26,6.23,4.95,8.49,1.82,1.68,2.02
"WASouth","Irwin",114.978500366211,-29.4595909118652,0.1,1.09,2.01,3.13,2.72,3.78,2.36,2.09,2.8
"NSW","Clarence Valley",153.368377685547,-29.4821014404297,0.1,1.31,2.06,6.31,5,8.61,1.92,1.76,2.16
"WASouth","Irwin",114.967781066895,-29.4326305389404,0.1,1.09,2.19,3.19,2.76,3.85,1.92,1.76,2.15
"WASouth","Irwin",114.954193115234,-29.3937854766846,0.1,1.09,2.04,3.16,2.74,3.82,2.3,2.04,2.71
"NSW","Clarence Valley",153.371276855469,-29.3912181854248,0.1,1.31,2.15,6.37,5.04,8.72,1.9,1.74,2.12
"WASouth","Irwin",114.926536560059,-29.3203926086426,0.1,1.08,1.93,3.42,2.94,4.19,2.54,2.23,3.04
"NSW","Clarence Valley",153.365295410156,-29.3581199645996,0.1,1.31,2.13,6.24,4.95,8.52,1.91,1.75,2.14
"WASouth","Irwin",114.913864135742,-29.2869644165039,0.1,1.08,1.9,3.4,2.92,4.16,2.62,2.29,3.16
"NSW","Clarence Valley",153.348754882812,-29.3042602539062,0.1,1.31,1.81,6.26,4.96,8.55,2.22,2,2.57
"WASouth","Irwin",114.909912109375,-29.2444686889648,0.1,1.08,1.92,3.51,3,4.32,2.7,2.35,3.26
"NSW","Richmond Valley",153.368148803711,-29.2545299530029,0.1,1.31,1.79,6.3,4.99,8.61,2.26,2.03,2.63
"WASouth","Irwin",114.88712310791,-29.1897125244141,0.1,1.07,2.09,3.62,3.09,4.49,2.44,2.15,2.9
"NSW","Richmond Valley",153.411026000977,-29.1963233947754,0.1,1.32,1.81,6.11,4.86,8.3,2.3,2.06,2.69
"WASouth","Irwin",114.873435974121,-29.1469745635986,0.1,1.07,2.1,3.6,3.06,4.45,2.53,2.22,3.02
"NSW","Richmond Valley",153.452331542969,-29.1486778259277,0.1,1.31,2.04,6.18,4.91,8.4,2.11,1.91,2.42
"WASouth","Irwin",114.856018066406,-29.1050128936768,0.1,1.07,2.14,3.63,3.09,4.5,2.23,2,2.6
"WASouth","Greater Geraldton",114.816383361816,-29.0628108978271,0.1,1.06,1.99,3.83,3.23,4.82,2.62,2.29,3.16
"NSW","Richmond Valley",153.446487426758,-29.0618591308594,0.1,1.32,1.77,6.02,4.8,8.14,2.52,2.22,3.01
"WASouth","Greater Geraldton",114.758316040039,-29.0034446716309,0.1,1.06,2.05,3.84,3.24,4.83,2.51,2.21,2.99
"NSW","Richmond Valley",153.464874267578,-29.0198650360107,0.1,1.32,1.88,5.76,4.63,7.71,2.39,2.12,2.81
"WASouth","Greater Geraldton",114.707145690918,-28.9571838378906,0.1,1.06,2.06,3.91,3.29,4.94,2.6,2.28,3.12
"NSW","Ballina",153.507629394531,-28.9700202941895,0.1,1.41,2.03,5.9,4.72,7.94,2.35,2.09,2.76
"WASouth","Greater Geraldton",114.663841247559,-28.9155330657959,0.1,1.06,2.08,3.89,3.27,4.9,2.54,2.24,3.04
"NSW","Ballina",153.529373168945,-28.9397678375244,0.1,1.41,2.08,5.92,4.73,7.97,2.27,2.03,2.64
"WASouth","Greater Geraldton",114.63501739502,-28.8812580108643,0.1,1.06,2.11,3.92,3.29,4.95,2.49,2.2,2.96
"NSW","Ballina",153.580993652344,-28.8838138580322,0.1,1.41,2.05,5.72,4.61,7.63,2.27,2.03,2.64
"WASouth","Greater Geraldton",114.618743896484,-28.8406734466553,0.1,1.07,2.4,3.76,3.18,4.72,1.89,1.74,2.13
"NSW","Ballina",153.611129760742,-28.808500289917,0.1,1.41,2,6.35,5.03,8.67,2.36,2.1,2.76
"WASouth","Greater Geraldton",114.592399597168,-28.7682914733887,0.1,1.08,1.97,3.49,2.98,4.32,2.63,2.31,3.16
"NSW","Byron",153.61198425293,-28.7380924224854,0.1,1.41,1.78,6.42,5.07,8.8,2.48,2.2,2.91
"WASouth","Greater Geraldton",114.604347229004,-28.6926441192627,0.1,1.08,2.18,3.46,2.96,4.27,2.08,1.89,2.39
"NSW","Byron",153.620986938477,-28.7066612243652,0.1,1.41,1.77,6.28,4.98,8.57,2.54,2.25,3.01
"WASouth","Chapman Valley",114.600944519043,-28.645206451416,0.1,1.08,1.97,3.39,2.9,4.17,2.7,2.36,3.26
"NSW","Byron",153.631103515625,-28.6545715332031,0.1,1.41,1.72,6.31,5,8.63,2.74,2.39,3.3
"WASouth","Chapman Valley",114.577018737793,-28.5933303833008,0.1,1.07,1.89,3.63,3.08,4.52,2.55,2.24,3.06
"NSW","Byron",153.582260131836,-28.6068649291992,0.1,1.4,2.04,6.71,5.26,9.29,2.27,2.04,2.62
"WASouth","Chapman Valley",114.562286376953,-28.5574893951416,0.1,1.08,1.92,3.37,2.89,4.13,2.46,2.16,2.94
"NSW","Byron",153.569381713867,-28.5657405853271,0.1,1.4,1.97,6.66,5.23,9.21,2.42,2.16,2.83
"WASouth","Northampton",114.522659301758,-28.5005149841309,0.1,1.07,1.95,3.72,3.15,4.65,2.43,2.15,2.9
"NSW","Byron",153.555862426758,-28.5195655822754,0.1,1.4,1.89,6.68,5.24,9.24,2.58,2.27,3.06
"WASouth","Northampton",114.488052368164,-28.4559593200684,0.1,1.06,1.96,3.82,3.22,4.79,2.46,2.17,2.93
"NSW","Tweed",153.559204101562,-28.4693031311035,0.1,1.4,1.65,6.61,5.19,9.13,2.91,2.52,3.55
"WASouth","Northampton",114.442192077637,-28.413272857666,0.1,1.07,1.97,3.81,3.21,4.78,2.5,2.2,2.99
"NSW","Tweed",153.563735961914,-28.4232139587402,0.1,1.4,1.6,6.66,5.22,9.24,2.89,2.5,3.52
"WASouth","Northampton",114.402420043945,-28.3563499450684,0.1,1.07,2.06,3.68,3.12,4.59,2.33,2.08,2.75
"NSW","Tweed",153.575973510742,-28.3762855529785,0.1,1.4,1.54,6.63,5.2,9.19,3.04,2.62,3.75
"WASouth","Northampton",114.371124267578,-28.3124885559082,0.1,1.07,2.06,3.7,3.14,4.62,2.3,2.05,2.7
"NSW","Tweed",153.579727172852,-28.3339424133301,0.1,1.35,1.62,6.61,5.18,9.16,2.82,2.45,3.42
"WASouth","Northampton",114.337631225586,-28.2735595703125,0.1,1.07,1.98,3.66,3.1,4.56,2.6,2.28,3.13
"NSW","Tweed",153.582611083984,-28.2861995697021,0.1,1.35,1.6,6.52,5.13,9.02,2.72,2.38,3.28
"WASouth","Northampton",114.274604797363,-28.2169628143311,0.1,1.06,1.95,3.81,3.22,4.79,2.53,2.22,3.03
"NSW","Tweed",153.573059082031,-28.2406616210938,0.1,1.35,1.63,6.54,5.14,9.04,2.54,2.24,3.01
"WASouth","Northampton",114.231704711914,-28.1851711273193,0.1,1.07,1.89,3.76,3.18,4.71,2.73,2.38,3.3
"NSW","Tweed",153.579681396484,-28.1937599182129,0.1,1.35,1.75,6.61,5.18,9.18,2.33,2.08,2.72
"WASouth","Northampton",114.173194885254,-28.1166114807129,0.1,1.06,2.04,3.82,3.22,4.81,1.91,1.75,2.14
"WASouth","Northampton",114.164390563965,-28.0951652526855,0.1,1.08,1.98,3.47,2.96,4.3,2.22,1.98,2.6
"QLDSouth","Gold Coast",153.467559814453,-28.1045627593994,0.1,1.35,1.85,6.34,5.01,8.7,1.97,1.8,2.22
"WASouth","Northampton",114.156120300293,-28.0480766296387,0.1,1.07,1.93,3.66,3.1,4.58,2.48,2.18,2.96
"QLDSouth","Gold Coast",153.447174072266,-28.0567150115967,0.1,1.38,1.91,6.22,4.92,8.51,2,1.82,2.27
"WASouth","Northampton",114.14404296875,-27.9935626983643,0.1,1.07,1.94,3.78,3.19,4.75,2.49,2.19,2.97
"QLDSouth","Gold Coast",153.434448242188,-28.0055713653564,0.1,1.38,2.58,6.23,4.93,8.54,1.73,1.61,1.93
"WASouth","Northampton",114.133796691895,-27.9583473205566,0.1,1.06,2.8,3.83,3.23,4.81,1.71,1.58,1.89
"WASouth","Northampton",114.119079589844,-27.9107761383057,0.1,1.06,1.93,3.98,3.34,5.03,2.26,2.01,2.67
"QLDSouth","Gold Coast",153.417724609375,-27.9157295227051,0.1,1.37,2.89,7.5,5.8,10.6,1.65,1.54,1.82
"WASouth","Northampton",114.106117248535,-27.8597660064697,0.1,1.06,1.93,3.94,3.31,4.99,2.28,2.02,2.69
"QLDSouth","Gold Coast",153.417434692383,-27.8680477142334,0.1,1.38,2.34,7.2,5.58,10.16,1.88,1.72,2.12
"WASouth","Northampton",114.104621887207,-27.8098220825195,0.1,1.06,1.94,3.99,3.34,5.05,2.22,1.98,2.61
"QLDSouth","Gold Coast",153.41813659668,-27.815128326416,0.1,1.4,2.23,5.2,4.21,6.94,1.94,1.77,2.2
"WASouth","Northampton",114.114044189453,-27.7759704589844,0.1,1.06,2,4.05,3.39,5.14,2.79,2.42,3.42
"QLDSouth","Gold Coast",153.447219848633,-27.773681640625,0.1,1.39,2.05,5.98,4.75,8.15,1.96,1.78,2.22
"WASouth","Northampton",114.135856628418,-27.7431621551514,0.1,1.06,2.05,3.95,3.32,4.98,2.64,2.3,3.2
"QLDSouth","Redland",153.458358764648,-27.7240924835205,0.1,1.39,2.07,5.96,4.73,8.12,1.99,1.81,2.28
"WASouth","Northampton",114.146865844727,-27.6679363250732,0.1,1.06,2.06,4.13,3.44,5.27,2.57,2.25,3.1
"QLDSouth","Redland",153.468841552734,-27.6832008361816,0.1,1.39,2.07,6,4.76,8.19,2.05,1.86,2.37
"WASouth","Northampton",114.140434265137,-27.6351852416992,0.1,1.05,2.06,4.18,3.48,5.35,2.57,2.25,3.1
"QLDSouth","Redland",153.46989440918,-27.6331539154053,0.1,1.38,2.67,6.36,5,8.8,1.72,1.6,1.91
"WASouth","Northampton",114.118461608887,-27.5770015716553,0.1,1.05,2.07,4.18,3.48,5.34,2.71,2.36,3.27
"QLDSouth","Redland",153.488403320312,-27.5784130096436,0.1,1.73,2.87,6.01,4.76,8.22,1.77,1.64,1.98
"WASouth","Northampton",114.10563659668,-27.5376720428467,0.1,1.05,2.12,4.17,3.48,5.33,3.23,2.76,4.02
"QLDSouth","Redland",153.295120239258,-27.5337238311768,0.1,1.72,1.99,6.69,5.2,9.41,3.25,2.77,4.05
"QLDSouth","Redland",153.346466064453,-27.5185470581055,0.1,1.72,1.93,6.74,5.24,9.47,2.71,2.36,3.27
"QLDSouth","Redland",153.505752563477,-27.5359077453613,0.1,1.73,3.04,5.98,4.74,8.17,1.7,1.58,1.88
"WASouth","Northampton",114.091400146484,-27.4873790740967,0.1,1.05,2.1,4.21,3.51,5.39,3.36,2.85,4.2
"QLDSouth","Redland",153.333679199219,-27.4929122924805,0.1,1.72,1.97,6.96,5.38,9.87,3.31,2.82,4.13
"QLDSouth","Redland",153.37434387207,-27.4909057617188,0.1,1.72,1.98,6.9,5.35,9.75,2.56,2.25,3.06
"QLDSouth","Redland",153.531661987305,-27.4719638824463,0.1,1.73,2.53,6.02,4.77,8.25,1.96,1.79,2.23
"WASouth","Northampton",114.061492919922,-27.4315166473389,0.1,1.05,2.1,4.19,3.5,5.34,3.27,2.79,4.06
"QLDSouth","Redland",153.244369506836,-27.4651298522949,0.1,1.72,1.98,7.12,5.47,10.23,3.33,2.83,4.16
"QLDSouth","Redland",153.359146118164,-27.4843215942383,0.1,1.72,1.97,6.85,5.31,9.67,2.59,2.27,3.11
"QLDSouth","Redland",153.547256469727,-27.4374237060547,0.1,1.73,2.41,6.41,5.03,8.9,2.1,1.9,2.43
"WASouth","Northampton",114.043167114258,-27.3897266387939,0.1,1.05,2.09,4.23,3.52,5.41,3.28,2.8,4.08
"QLDSouth","Brisbane",153.223556518555,-27.3968029022217,0.1,1.72,1.83,7.3,5.58,10.55,3.86,3.23,4.92
"QLDSouth","Brisbane",153.401565551758,-27.3549575805664,0.1,1.72,1.91,6.69,5.2,9.41,2.42,2.13,2.88
"QLDSouth","Redland",153.522552490234,-27.4183692932129,0.1,1.72,2.81,6.8,5.29,9.55,1.78,1.65,1.99
"WASouth","Northampton",114.017066955566,-27.3340930938721,0.1,1.05,2.54,4.21,3.51,5.38,1.78,1.64,1.99
"QLDSouth","Brisbane",153.416473388672,-27.3524513244629,0.1,1.72,2.37,6.69,5.21,9.4,1.8,1.66,2.03
"QLDSouth","Brisbane",153.440856933594,-27.340763092041,0.1,1.72,2.64,7.02,5.43,9.95,1.85,1.7,2.08
"WASouth","Northampton",113.987716674805,-27.2875595092773,0.1,1.05,2.1,4.27,3.55,5.46,3.35,2.84,4.19
"QLDSouth","Brisbane",153.186660766602,-27.3478660583496,0.1,1.72,2.38,7.43,5.67,10.74,1.86,1.71,2.09
"WASouth","Northampton",113.968650817871,-27.2540225982666,0.1,1.05,2.1,4.28,3.56,5.47,3.21,2.73,3.99
"QLDSouth","Moreton Bay",153.117752075195,-27.249116897583,0.1,1.72,2.09,7.36,5.63,10.61,2.05,1.86,2.35
"WANorth","Shark Bay",113.934410095215,-27.1946182250977,0.1,1.05,2.09,4.34,3.6,5.58,3.19,2.72,3.96
"QLDSouth","Moreton Bay",153.122039794922,-27.206563949585,0.1,1.72,2.32,7.35,5.62,10.58,1.9,1.74,2.14
"WANorth","Shark Bay",113.906616210938,-27.1532363891602,0.1,1.05,2.09,4.43,3.66,5.72,3.16,2.7,3.92
"QLDSouth","Moreton Bay",153.116012573242,-27.1891937255859,0.1,1.72,1.97,7.39,5.65,10.66,2.17,1.95,2.5
"WANorth","Shark Bay",113.880958557129,-27.1076793670654,0.1,1.05,2.19,4.46,3.68,5.77,2.59,2.27,3.09
"QLDSouth","Moreton Bay",153.197082519531,-27.0994625091553,0.1,1.72,2.59,7.34,5.62,10.56,1.82,1.68,2.03
"WANorth","Shark Bay",113.85131072998,-27.0595798492432,0.1,1.05,2.12,4.51,3.72,5.85,2.64,2.31,3.18
"QLDSouth","Moreton Bay",153.209136962891,-27.0748748779297,0.1,1.72,2.61,7.31,5.59,10.55,1.83,1.69,2.05
"WANorth","Shark Bay",113.82349395752,-27.0176544189453,0.1,1.04,2.12,4.58,3.76,5.95,2.5,2.2,2.97
"QLDSouth","Moreton Bay",153.187713623047,-27.0352001190186,0.1,1.72,2.68,7.35,5.63,10.56,1.82,1.68,2.04
"WANorth","Shark Bay",113.789260864258,-26.9580612182617,0.1,1.04,2.12,4.61,3.79,6.01,2.49,2.19,2.97
"QLDSouth","Moreton Bay",153.166458129883,-26.9934272766113,0.1,1.46,2.48,7.73,5.88,11.23,1.83,1.69,2.06
"WANorth","Shark Bay",113.756118774414,-26.9057579040527,0.1,1.26,2.15,4.68,3.84,6.12,3.09,2.65,3.82
"QLDSouth","Sunshine Coast",153.150405883789,-26.933385848999,0.1,1.45,2.49,8.78,6.54,13.16,1.85,1.7,2.09
"WANorth","Shark Bay",113.716842651367,-26.859920501709,0.1,1.26,2.38,4.72,3.86,6.18,2.16,1.94,2.51
"QLDSouth","Sunshine Coast",153.138488769531,-26.8879661560059,0.1,1.45,2.48,8.96,6.65,13.48,1.88,1.72,2.12
"WANorth","Shark Bay",113.699493408203,-26.8327312469482,0.1,1.26,2.29,4.78,3.9,6.27,2.47,2.18,2.93
"QLDSouth","Sunshine Coast",153.137466430664,-26.8345317840576,0.1,1.45,2.48,8.69,6.49,12.96,1.89,1.73,2.13
"WANorth","Shark Bay",113.653076171875,-26.7785549163818,0.1,1.26,2.87,4.81,3.93,6.34,1.74,1.61,1.93
"QLDSouth","Sunshine Coast",153.154235839844,-26.7919158935547,0.1,1.45,2.5,8.48,6.37,12.55,1.87,1.72,2.1
"WANorth","Shark Bay",113.611312866211,-26.7192153930664,0.1,1.26,2.43,4.83,3.94,6.37,2.19,1.96,2.54
"QLDSouth","Sunshine Coast",153.140274047852,-26.7403335571289,0.1,1.45,2.48,8.04,6.09,11.75,1.87,1.72,2.1
"WANorth","Shark Bay",113.591339111328,-26.6928386688232,0.1,1.26,2.8,4.86,3.96,6.41,1.89,1.74,2.13
"WANorth","Shark Bay",113.548553466797,-26.6462440490723,0.1,1.26,2.42,4.86,3.95,6.42,2.26,2.02,2.63
"QLDSouth","Sunshine Coast",153.140197753906,-26.6791191101074,0.1,1.45,2.49,7.92,6.01,11.52,1.86,1.71,2.08
"WANorth","Shark Bay",113.485038757324,-26.5832023620605,0.1,1.26,2.38,4.98,4.03,6.62,2.34,2.08,2.74
"QLDSouth","Sunshine Coast",153.102966308594,-26.6068859100342,0.1,1.46,2.45,7.64,5.83,11.05,1.91,1.75,2.15
"WANorth","Shark Bay",113.431434631348,-26.5368385314941,0.1,1.26,3.21,4.97,4.02,6.61,1.62,1.52,1.77
"WANorth","Shark Bay",113.662147521973,-26.5924301147461,0.1,1.44,2.68,2.03,1.84,2.34,1.61,1.51,1.76
"WANorth","Shark Bay",113.764892578125,-26.5810394287109,0.1,1.43,2.69,2.04,1.84,2.35,1.6,1.51,1.75
"WANorth","Shark Bay",113.810691833496,-26.5695495605469,0.1,1.44,1.87,2.03,1.84,2.33,2.25,2.02,2.62
"QLDSouth","Sunshine Coast",153.10090637207,-26.5563278198242,0.1,1.46,2.49,7.27,5.58,10.42,1.86,1.72,2.09
"WANorth","Shark Bay",113.392501831055,-26.5031471252441,0.1,1.26,3.07,4.98,4.03,6.64,1.73,1.61,1.92
"WANorth","Shark Bay",113.64680480957,-26.5066165924072,0.1,1.43,2.72,2.07,1.87,2.4,1.61,1.51,1.75
"WANorth","Shark Bay",113.862808227539,-26.5229339599609,0.1,1.43,1.85,2.04,1.85,2.35,2.4,2.13,2.82
"QLDSouth","Sunshine Coast",153.098251342773,-26.5055313110352,0.1,1.46,2.5,7.29,5.6,10.46,1.87,1.72,2.09
"WANorth","Shark Bay",113.339424133301,-26.4473876953125,0.1,1.26,3.07,4.98,4.02,6.65,1.74,1.62,1.93
"WANorth","Shark Bay",113.629089355469,-26.4602909088135,0.1,1.42,2.66,2.09,1.88,2.42,1.66,1.55,1.82
"WANorth","Shark Bay",113.874473571777,-26.4550762176514,0.1,1.43,1.88,2.07,1.87,2.39,2.39,2.13,2.81
"QLDSouth","Noosa",153.107833862305,-26.4570808410645,0.1,1.46,1.55,7.22,5.55,10.34,2.42,2.16,2.83
"WANorth","Shark Bay",113.295753479004,-26.400369644165,0.1,1.26,2.99,4.95,4.01,6.59,1.79,1.65,2
"WANorth","Shark Bay",113.566497802734,-26.4210052490234,0.1,1.42,2.66,2.11,1.9,2.45,1.67,1.56,1.84
"WANorth","Shark Bay",113.867027282715,-26.4105014801025,0.1,1.42,1.93,2.09,1.89,2.41,2.32,2.07,2.72
"QLDSouth","Noosa",153.120483398438,-26.4043865203857,0.1,1.46,1.88,7.11,5.48,10.15,2.16,1.95,2.48
"WANorth","Shark Bay",113.287734985352,-26.361421585083,0.1,1.26,3.01,4.99,4.03,6.67,1.75,1.62,1.95
"WANorth","Shark Bay",113.563659667969,-26.3592872619629,0.1,1.42,2.64,2.14,1.92,2.49,1.73,1.6,1.91
"WANorth","Shark Bay",113.856956481934,-26.3670234680176,0.1,1.42,2.78,2.11,1.9,2.44,1.63,1.52,1.78
"WANorth","Shark Bay",114.033073425293,-26.3912200927734,0.1,1.45,2.73,1.98,1.8,2.25,1.57,1.48,1.71
"WANorth","Shark Bay",114.155731201172,-26.3952674865723,0.1,1.45,1.65,1.96,1.79,2.23,2.26,2.03,2.62
"WANorth","Shark Bay",113.277931213379,-26.3147201538086,0.1,1.26,3,4.98,4.03,6.66,1.76,1.63,1.95
"WANorth","Shark Bay",113.552940368652,-26.3299407958984,0.1,1.41,2.65,2.15,1.93,2.51,1.74,1.61,1.92
"WANorth","Shark Bay",113.853805541992,-26.3105525970459,0.1,1.41,2.71,2.14,1.92,2.48,1.66,1.55,1.82
"WANorth","Shark Bay",114.002883911133,-26.3639087677002,0.1,1.44,2.75,2,1.82,2.28,1.61,1.51,1.76
"WANorth","Shark Bay",114.206985473633,-26.3402328491211,0.1,1.45,1.69,1.97,1.79,2.23,2.68,2.35,3.21
"QLDSouth","Noosa",153.066970825195,-26.3208141326904,0.1,1.46,2.46,6.92,5.35,9.83,1.86,1.71,2.08
"WANorth","Shark Bay",113.243339538574,-26.2524394989014,0.1,1.26,2.9,4.97,4.02,6.64,1.63,1.53,1.79
"WANorth","Shark Bay",113.52661895752,-26.277271270752,0.1,1.41,2.58,2.16,1.94,2.52,1.86,1.7,2.09
"WANorth","Shark Bay",113.742134094238,-26.2374496459961,0.1,1.4,2.66,2.22,1.98,2.59,1.76,1.63,1.96
"WANorth","Shark Bay",113.803512573242,-26.2646484375,0.1,1.41,2.67,2.18,1.95,2.53,1.72,1.59,1.9
"WANorth","Shark Bay",113.970413208008,-26.2838077545166,0.1,1.43,2.75,2.04,1.85,2.33,1.62,1.52,1.77
"WANorth","Shark Bay",114.200401306152,-26.2473735809326,0.1,1.44,1.75,2.01,1.82,2.29,2.58,2.27,3.07
"QLDSouth","Noosa",153.074661254883,-26.273588180542,0.1,1.46,2.38,6.7,5.2,9.46,1.93,1.77,2.18
"WANorth","Shark Bay",113.19229888916,-26.1995239257812,0.1,1.26,2.89,4.97,4.02,6.65,1.63,1.52,1.78
"WANorth","Shark Bay",113.518592834473,-26.2752437591553,0.1,1.41,2.7,2.16,1.93,2.52,1.63,1.53,1.78
"WANorth","Shark Bay",113.688735961914,-26.2243900299072,0.1,1.4,2.71,2.23,1.99,2.62,1.72,1.6,1.91
"WANorth","Shark Bay",113.964813232422,-26.2407760620117,0.1,1.43,2.71,2.06,1.87,2.36,1.62,1.52,1.77
"WANorth","Shark Bay",114.193939208984,-26.2185649871826,0.1,1.44,1.88,2.01,1.83,2.3,2.41,2.14,2.83
"QLDSouth","Noosa",153.084457397461,-26.2195510864258,0.1,1.46,2.38,6.61,5.14,9.3,1.93,1.77,2.18
"WANorth","Shark Bay",113.170143127441,-26.1732273101807,0.1,1.26,3.02,4.98,4.02,6.66,1.68,1.57,1.85
"WANorth","Shark Bay",113.448776245117,-26.1863288879395,0.1,1.4,2.72,2.21,1.98,2.59,1.63,1.53,1.78
"WANorth","Shark Bay",113.658096313477,-26.1673069000244,0.1,1.39,2.76,2.27,2.03,2.67,1.77,1.63,1.97
"WANorth","Shark Bay",113.948387145996,-26.1591377258301,0.1,1.42,2.72,2.09,1.89,2.4,1.62,1.52,1.78
"WANorth","Shark Bay",114.182083129883,-26.1729850769043,0.1,1.44,1.93,2.03,1.84,2.31,2.37,2.11,2.78
"QLDSouth","Noosa",153.100616455078,-26.1734504699707,0.1,1.47,1.86,6.54,5.1,9.2,1.9,1.74,2.12
"WANorth","Shark Bay",113.158309936523,-26.1391716003418,0.1,1.26,2.94,4.92,3.98,6.58,1.69,1.57,1.86
"WANorth","Shark Bay",113.422157287598,-26.1293029785156,0.1,1.4,2.78,2.23,1.99,2.62,1.68,1.57,1.85
"WANorth","Shark Bay",113.57869720459,-26.1020202636719,0.1,1.39,2.69,2.29,2.04,2.7,1.63,1.53,1.78
"WANorth","Shark Bay",113.710426330566,-26.1390037536621,0.1,1.44,2.62,2,1.81,2.29,1.62,1.52,1.76
"WANorth","Shark Bay",113.826751708984,-26.149715423584,0.1,1.44,2.7,2.02,1.83,2.32,1.77,1.63,1.98
"WANorth","Shark Bay",113.950996398926,-26.1384811401367,0.1,1.42,2.74,2.1,1.9,2.41,1.61,1.51,1.75
"WANorth","Shark Bay",114.210922241211,-26.1381092071533,0.1,1.44,1.94,2.01,1.83,2.29,2.39,2.13,2.81
"QLDSouth","Gympie",153.111801147461,-26.1201992034912,0.1,1.46,2.37,6.56,5.1,9.23,1.85,1.7,2.07
"WANorth","Shark Bay",113.15983581543,-26.0855331420898,0.1,1.26,2.6,4.89,3.96,6.51,1.66,1.55,1.82
"WANorth","Shark Bay",113.402076721191,-26.1020908355713,0.1,1.39,2.75,2.27,2.02,2.67,1.67,1.56,1.84
"WANorth","Shark Bay",113.570701599121,-26.0803298950195,0.1,1.39,2.78,2.3,2.05,2.71,1.66,1.55,1.82
"WANorth","Shark Bay",113.715957641602,-26.0783500671387,0.1,1.44,2.63,2.03,1.83,2.33,1.62,1.52,1.77
"WANorth","Shark Bay",113.835159301758,-26.1140918731689,0.1,1.44,2.72,2.03,1.84,2.33,1.61,1.52,1.76
"WANorth","Shark Bay",113.911178588867,-26.0832595825195,0.1,1.42,2.74,2.13,1.92,2.46,1.64,1.53,1.79
"WANorth","Carnarvon",114.231964111328,-26.0853595733643,0.1,1.44,2.01,2.02,1.84,2.31,2.32,2.07,2.71
"QLDSouth","Gympie",153.129623413086,-26.08131980896,0.1,1.47,2.47,6.5,5.06,9.13,1.86,1.71,2.09
"WANorth","Shark Bay",113.12956237793,-26.0266876220703,0.1,1.26,2.82,4.83,3.92,6.43,1.69,1.58,1.86
"WANorth","Shark Bay",113.279312133789,-26.0415687561035,0.1,1.38,2.63,2.37,2.1,2.82,1.68,1.57,1.85
"WANorth","Shark Bay",113.312164306641,-26.0379962921143,0.1,1.39,2.66,2.29,2.03,2.7,1.67,1.56,1.83
"WANorth","Shark Bay",113.360961914062,-26.0402011871338,0.1,1.39,2.77,2.3,2.04,2.72,1.68,1.57,1.84
"WANorth","Shark Bay",113.562828063965,-26.0454349517822,0.1,1.38,2.8,2.35,2.08,2.77,1.67,1.56,1.84
"WANorth","Shark Bay",113.722595214844,-26.0345668792725,0.1,1.43,2.72,2.04,1.85,2.35,1.67,1.56,1.84
"WANorth","Shark Bay",113.862182617188,-26.0217094421387,0.1,1.43,2.71,2.08,1.87,2.4,1.62,1.52,1.76
"WANorth","Shark Bay",113.898162841797,-26.0388717651367,0.1,1.42,2.07,2.13,1.92,2.45,1.58,1.49,1.72
"WANorth","Carnarvon",114.206573486328,-26.0333461761475,0.1,1.43,2.08,2.06,1.87,2.36,2.27,2.03,2.63
"QLDSouth","Gympie",153.154998779297,-26.0190143585205,0.1,1.47,2.5,6.47,5.04,9.09,1.9,1.74,2.14
"WANorth","Shark Bay",113.074462890625,-25.9681720733643,0.1,1.26,2.94,4.78,3.88,6.34,1.72,1.6,1.91
"WANorth","Shark Bay",113.201103210449,-25.997106552124,0.1,1.38,2.05,2.34,2.07,2.77,1.71,1.59,1.89
"WANorth","Shark Bay",113.549812316895,-25.973316192627,0.1,1.38,2.1,2.4,2.12,2.85,1.63,1.52,1.79
"WANorth","Shark Bay",113.73486328125,-25.9879550933838,0.1,1.43,2.12,2.08,1.88,2.41,1.59,1.49,1.73
"WANorth","Carnarvon",114.191688537598,-25.990837097168,0.1,1.43,2.09,2.06,1.87,2.36,2.29,2.05,2.66
"QLDSouth","Gympie",153.177352905273,-25.9748039245605,0.1,1.47,2.53,6.36,4.97,8.91,1.79,1.65,1.99
"WANorth","Shark Bay",113.044639587402,-25.9309673309326,0.1,1.26,2.88,4.82,3.91,6.42,1.8,1.66,2.01
"WANorth","Shark Bay",113.154029846191,-25.9391899108887,0.1,1.38,2.13,2.36,2.09,2.8,1.66,1.55,1.83
"WANorth","Shark Bay",113.756805419922,-25.9245586395264,0.1,1.41,2.16,2.16,1.93,2.51,1.57,1.48,1.71
"WANorth","Carnarvon",114.213706970215,-25.9665393829346,0.1,1.44,2.13,2.03,1.84,2.32,2.23,2.01,2.58
"QLDSouth","Gympie",153.196014404297,-25.9365634918213,0.1,2.33,3.26,6.42,5,9.01,1.92,1.76,2.17
"WANorth","Shark Bay",113.02271270752,-25.891149520874,0.1,1.26,2.12,4.68,3.81,6.19,1.69,1.57,1.87
"WANorth","Shark Bay",113.157447814941,-25.8942527770996,0.1,1.38,2.04,2.37,2.1,2.82,1.73,1.61,1.92
"WANorth","Shark Bay",113.517280578613,-25.8920707702637,0.1,1.37,2.05,2.47,2.17,2.95,1.67,1.55,1.84
"WANorth","Shark Bay",113.768173217773,-25.9000301361084,0.1,1.4,2.16,2.21,1.98,2.59,1.59,1.5,1.73
"WANorth","Carnarvon",114.233070373535,-25.8787040710449,0.1,1.43,2.2,2.06,1.86,2.37,2.09,1.89,2.39
"QLDSouth","Gympie",153.175277709961,-25.9199466705322,0.1,2.33,3.3,6.53,5.09,9.2,1.86,1.71,2.09
"WANorth","Shark Bay",112.98983001709,-25.8296146392822,0.1,1.27,2.12,4.61,3.76,6.08,1.7,1.57,1.88
"WANorth","Shark Bay",113.149253845215,-25.8800354003906,0.1,1.37,1.98,2.43,2.14,2.9,1.79,1.65,2
"WANorth","Shark Bay",113.464241027832,-25.8200645446777,0.1,1.36,2.06,2.56,2.24,3.07,1.68,1.57,1.86
"WANorth","Shark Bay",113.765983581543,-25.8768615722656,0.1,1.39,2.12,2.27,2.02,2.66,1.64,1.54,1.8
"WANorth","Carnarvon",114.18896484375,-25.8362445831299,0.1,1.41,2.03,2.16,1.94,2.5,2.39,2.13,2.81
"QLDSouth","Gympie",153.084014892578,-25.8544025421143,0.1,2.34,3.33,6.11,4.8,8.5,1.83,1.69,2.05
"WANorth","Shark Bay",112.966743469238,-25.7923622131348,0.1,1.27,2.09,4.59,3.74,6.06,1.72,1.59,1.91
"WANorth","Shark Bay",113.11368560791,-25.8178024291992,0.1,1.37,2,2.47,2.17,2.96,1.79,1.65,2
"WANorth","Shark Bay",113.455863952637,-25.8108425140381,0.1,1.36,2.03,2.56,2.24,3.08,1.66,1.55,1.83
"WANorth","Shark Bay",113.72785949707,-25.8003177642822,0.1,1.38,2.07,2.34,2.07,2.77,1.7,1.58,1.87
"WANorth","Carnarvon",114.133605957031,-25.7802562713623,0.1,1.39,1.89,2.28,2.03,2.67,2.73,2.38,3.28
"QLDSouth","Fraser Coast",153.085327148438,-25.7930164337158,0.1,2.35,3.23,5.31,4.26,7.16,1.86,1.71,2.09
"WANorth","Shark Bay",112.969444274902,-25.7448596954346,0.1,1.27,2.06,4.4,3.61,5.78,1.74,1.61,1.94
"WANorth","Shark Bay",113.079116821289,-25.7502117156982,0.1,1.36,1.99,2.52,2.21,3.02,1.84,1.69,2.07
"WANorth","Shark Bay",113.432159423828,-25.7516574859619,0.1,1.36,2.05,2.59,2.26,3.12,1.68,1.56,1.87
"WANorth","Shark Bay",113.673324584961,-25.7584323883057,0.1,1.39,2.04,2.32,2.06,2.75,1.72,1.6,1.9
"WANorth","Carnarvon",114.111671447754,-25.7504196166992,0.1,1.39,2.11,2.32,2.06,2.74,2.36,2.1,2.76
"QLDSouth","Fraser Coast",153.09001159668,-25.7552299499512,0.1,2.35,3.3,5.37,4.29,7.29,1.88,1.73,2.12
"WANorth","Shark Bay",112.942481994629,-25.6842365264893,0.1,1.27,2.06,4.29,3.53,5.6,1.74,1.61,1.94
"WANorth","Shark Bay",113.072257995605,-25.7167644500732,0.1,1.36,1.98,2.57,2.25,3.1,1.86,1.7,2.09
"WANorth","Shark Bay",113.410232543945,-25.70237159729,0.1,1.35,2.03,2.64,2.3,3.19,1.7,1.58,1.89
"WANorth","Shark Bay",113.616310119629,-25.7126617431641,0.1,1.38,2.03,2.38,2.11,2.83,1.73,1.6,1.91
"WANorth","Carnarvon",114.065330505371,-25.6924648284912,0.1,1.38,2.08,2.37,2.1,2.81,2.44,2.17,2.88
"QLDSouth","Fraser Coast",153.086318969727,-25.7141304016113,0.1,2.34,3.28,5.77,4.56,7.95,1.88,1.72,2.11
"WANorth","Shark Bay",112.930847167969,-25.6511478424072,0.1,1.27,2.06,4.29,3.53,5.6,1.71,1.58,1.91
"WANorth","Shark Bay",113.055541992188,-25.6734848022461,0.1,1.35,1.99,2.66,2.31,3.22,1.86,1.71,2.1
"WANorth","Shark Bay",113.414222717285,-25.6686573028564,0.1,1.35,2.01,2.67,2.33,3.23,1.72,1.59,1.91
"WANorth","Shark Bay",113.595527648926,-25.656852722168,0.1,1.37,2.04,2.44,2.15,2.91,1.71,1.59,1.89
"WANorth","Carnarvon",114.020736694336,-25.6579189300537,0.1,1.38,2.14,2.35,2.08,2.78,2.36,2.1,2.75
"QLDSouth","Fraser Coast",153.081512451172,-25.658296585083,0.1,2.35,3.23,5.45,4.34,7.42,1.87,1.72,2.1
"WANorth","Shark Bay",112.91576385498,-25.6081619262695,0.1,1.27,2.04,4.28,3.52,5.6,1.72,1.59,1.92
"WANorth","Shark Bay",113.042152404785,-25.6116275787354,0.1,1.34,2.04,2.75,2.39,3.36,1.84,1.69,2.06
"WANorth","Shark Bay",113.432960510254,-25.6172618865967,0.1,1.35,2,2.7,2.35,3.27,1.72,1.59,1.92
"WANorth","Shark Bay",113.57640838623,-25.6127490997314,0.1,1.36,2.05,2.5,2.19,3,1.71,1.59,1.89
"WANorth","Carnarvon",113.997688293457,-25.6122951507568,0.1,1.39,2.17,2.33,2.07,2.75,2.34,2.09,2.72
"QLDSouth","Fraser Coast",153.105392456055,-25.5856399536133,0.1,2.34,3.2,5.6,4.44,7.68,1.87,1.72,2.11
"WANorth","Shark Bay",112.919387817383,-25.572078704834,0.1,1.28,2.22,4.06,3.36,5.27,1.6,1.49,1.75
"WANorth","Shark Bay",113.019607543945,-25.5678997039795,0.1,1.34,2.06,2.83,2.45,3.47,1.8,1.66,2.01
"WANorth","Shark Bay",113.466903686523,-25.5642185211182,0.1,1.34,2.01,2.78,2.41,3.39,1.76,1.63,1.96
"WANorth","Shark Bay",113.521896362305,-25.5663013458252,0.1,1.36,2.08,2.59,2.27,3.13,1.7,1.58,1.88
"WANorth","Carnarvon",113.984039306641,-25.560230255127,0.1,1.38,2.16,2.34,2.08,2.77,2.33,2.09,2.71
"QLDSouth","Fraser Coast",153.117279052734,-25.5545215606689,0.1,2.34,3.12,5.5,4.38,7.52,1.77,1.64,1.96
"WANorth","Shark Bay",112.919868469238,-25.5312461853027,0.1,1.28,2.33,4.17,3.43,5.43,1.51,1.43,1.64
"WANorth","Shark Bay",113.022674560547,-25.5107650756836,0.1,1.33,2.19,2.95,2.54,3.63,1.73,1.6,1.92
"WANorth","Carnarvon",113.957572937012,-25.5122013092041,0.1,1.37,2.18,2.43,2.14,2.89,2.32,2.07,2.69
"QLDSouth","Fraser Coast",153.13655090332,-25.5028553009033,0.1,2.34,3.15,5.59,4.43,7.66,1.61,1.51,1.75
"WANorth","Shark Bay",112.958602905273,-25.4818725585938,0.1,1.28,2.34,4.06,3.36,5.28,1.53,1.44,1.67
"WANorth","Shark Bay",112.978309631348,-25.4784851074219,0.1,1.29,2.2,3.67,3.07,4.69,1.73,1.6,1.92
"WANorth","Carnarvon",113.931976318359,-25.4735069274902,0.1,1.37,2.2,2.45,2.16,2.92,2.29,2.06,2.66
"QLDSouth","Fraser Coast",153.157104492188,-25.4490642547607,0.1,2.35,2.79,5.44,4.33,7.43,1.76,1.63,1.96
"WANorth","Carnarvon",113.905830383301,-25.4210529327393,0.1,1.36,2.23,2.5,2.2,2.98,2.27,2.04,2.63
"QLDSouth","Fraser Coast",153.173034667969,-25.4173946380615,0.1,2.34,2.78,5.65,4.47,7.77,1.77,1.63,1.97
"WANorth","Carnarvon",113.887504577637,-25.375415802002,0.1,1.36,2.52,2.53,2.23,3.03,3.59,3.01,4.59
"QLDSouth","Fraser Coast",152.920608520508,-25.3752250671387,0.1,2.34,2.47,5.77,4.55,8.01,3.73,3.11,4.8
"QLDSouth","Fraser Coast",153.016967773438,-25.3915557861328,0.1,2.35,2.21,5.26,4.21,7.14,2.31,2.07,2.67
"QLDSouth","Fraser Coast",153.20832824707,-25.3429145812988,0.1,2.35,2.76,5.42,4.32,7.4,1.79,1.65,2
"WANorth","Carnarvon",113.86693572998,-25.3127536773682,0.1,1.35,2.52,2.61,2.28,3.14,3.52,2.96,4.46
"QLDSouth","Fraser Coast",152.960266113281,-25.3060207366943,0.1,2.34,2.49,5.64,4.47,7.75,3.62,3.04,4.62
"QLDSouth","Fraser Coast",152.996765136719,-25.3283252716064,0.1,2.35,2.16,5.33,4.26,7.23,2.38,2.12,2.77
"QLDSouth","Fraser Coast",153.220764160156,-25.3178386688232,0.1,2.35,2.74,5.37,4.28,7.32,1.82,1.68,2.04
"WANorth","Carnarvon",113.848014831543,-25.2753429412842,0.1,1.34,2.54,2.72,2.37,3.29,3.29,2.79,4.11
"QLDSouth","Fraser Coast",152.975250244141,-25.2924308776855,0.1,2.35,2.18,5.22,4.21,7,2.39,2.14,2.8
"QLDSouth","Fraser Coast",153.246276855469,-25.2687702178955,0.1,2.35,2.76,5.3,4.24,7.2,1.86,1.71,2.1
"WANorth","Carnarvon",113.834495544434,-25.2315101623535,0.1,1.35,2.73,2.7,2.35,3.26,2.16,1.93,2.52
"QLDSouth","Fraser Coast",152.680648803711,-25.2434177398682,0.1,2.35,3.12,5.38,4.28,7.35,1.75,1.62,1.97
"QLDSouth","Fraser Coast",152.735366821289,-25.2627124786377,0.1,2.35,2.75,5.41,4.31,7.37,2.39,2.11,2.84
"QLDSouth","Fraser Coast",152.803985595703,-25.2456855773926,0.1,2.35,2.49,5.41,4.32,7.35,3.69,3.09,4.71
"QLDSouth","Fraser Coast",152.830856323242,-25.2454967498779,0.1,2.35,2.55,5.38,4.31,7.26,3.41,2.88,4.31
"QLDSouth","Fraser Coast",152.900268554688,-25.2767868041992,0.1,2.35,2.59,5.01,4.07,6.63,3.08,2.64,3.82
"QLDSouth","Fraser Coast",152.999938964844,-25.2313385009766,0.1,2.35,2.2,5,4.07,6.61,2.39,2.13,2.8
"QLDSouth","Fraser Coast",153.269393920898,-25.2187080383301,0.1,2.35,2.73,5.27,4.22,7.15,1.93,1.76,2.2
"WANorth","Carnarvon",113.809951782227,-25.180456161499,0.1,1.34,2.58,2.82,2.44,3.44,2.66,2.31,3.26
"QLDSouth","Fraser Coast",152.638671875,-25.2031402587891,0.1,2.35,2.64,5.27,4.2,7.2,2.75,2.39,3.34
"QLDSouth","Fraser Coast",153.007949829102,-25.1947975158691,0.1,2.35,2.24,5.46,4.36,7.43,2.42,2.16,2.84
"QLDSouth","Fraser Coast",153.290267944336,-25.1729202270508,0.1,2.35,2.7,5.44,4.33,7.42,2.06,1.86,2.37
"WANorth","Carnarvon",113.73747253418,-25.1302757263184,0.1,1.32,2.55,3.02,2.59,3.72,2.7,2.34,3.31
"QLDSouth","Bundaberg",152.623168945312,-25.1364898681641,0.1,2.35,2.82,5.09,4.08,6.9,2.04,1.84,2.34
"QLDSouth","Fraser Coast",153.071655273438,-25.1507892608643,0.1,2.34,2.22,5.79,4.56,8.03,2.49,2.21,2.94
"QLDSouth","Fraser Coast",153.315719604492,-25.1182537078857,0.1,2.34,2.69,5.52,4.39,7.55,2.07,1.87,2.4
"WANorth","Carnarvon",113.69261932373,-25.0909976959229,0.1,1.32,2.56,3.06,2.63,3.77,2.7,2.34,3.31
"QLDSouth","Bundaberg",152.568420410156,-25.0996189117432,0.1,2.35,2.72,5.06,4.06,6.86,2.2,1.97,2.57
"QLDSouth","Fraser Coast",153.126556396484,-25.1073627471924,0.1,2.34,2.26,5.9,4.63,8.24,2.47,2.19,2.91
"QLDSouth","Fraser Coast",153.333526611328,-25.0741291046143,0.1,2.34,2.72,5.56,4.42,7.64,1.95,1.78,2.23
"WANorth","Carnarvon",113.661598205566,-25.0344772338867,0.1,1.32,2.69,3.01,2.59,3.69,2.25,2,2.66
"QLDSouth","Bundaberg",152.544769287109,-25.056697845459,0.1,2.07,2.44,5.13,4.1,6.96,2.22,1.99,2.59
"QLDSouth","Fraser Coast",153.170776367188,-25.055944442749,0.1,2.34,2.25,5.88,4.61,8.2,2.55,2.25,3.03
"QLDSouth","Fraser Coast",153.357498168945,-25.0332279205322,0.1,2.34,2.74,5.87,4.62,8.13,1.89,1.72,2.14
"WANorth","Carnarvon",113.656776428223,-24.9929332733154,0.1,1.33,2.67,2.87,2.49,3.51,2.24,1.99,2.65
"QLDSouth","Bundaberg",152.508392333984,-25.0020694732666,0.1,2.07,2.48,5.18,4.14,7.05,2.13,1.93,2.46
"QLDSouth","Fraser Coast",153.204940795898,-25.0136394500732,0.1,2.34,2.31,5.91,4.63,8.25,2.45,2.17,2.89
"QLDSouth","Fraser Coast",153.356231689453,-24.9981651306152,0.1,2.34,2.74,6.04,4.74,8.4,1.87,1.71,2.12
"WANorth","Carnarvon",113.6591796875,-24.9584560394287,0.1,1.34,2.46,2.81,2.44,3.42,2.86,2.46,3.53
"QLDSouth","Bundaberg",152.489791870117,-24.9415721893311,0.1,2.07,2.39,5.19,4.15,7.05,2.43,2.16,2.86
"QLDSouth","Fraser Coast",153.2265625,-24.9354839324951,0.1,2.34,2.34,5.73,4.52,7.94,2.37,2.11,2.78
"QLDSouth","Fraser Coast",153.353256225586,-24.9639568328857,0.1,2.34,3.39,6.16,4.83,8.61,2.4,2.11,2.87
"QLDSouth","Bundaberg",152.498428344727,-24.9030914306641,0.1,2.07,2.39,5.26,4.2,7.16,2.53,2.24,3
"QLDSouth","Fraser Coast",153.194808959961,-24.8763370513916,0.1,2.34,2.3,5.66,4.48,7.81,2.33,2.07,2.73
"QLDSouth","Fraser Coast",153.281875610352,-24.8999462127686,0.1,2.34,2.68,6.17,4.83,8.61,1.98,1.79,2.28
"WANorth","Carnarvon",113.614540100098,-24.8525638580322,0.1,1.32,2.45,3,2.58,3.69,2.84,2.44,3.49
"QLDSouth","Bundaberg",152.485946655273,-24.8502807617188,0.1,2.07,2.44,5.33,4.25,7.27,2.5,2.21,2.97
"QLDSouth","Fraser Coast",153.168518066406,-24.8398494720459,0.1,2.34,2.56,5.66,4.48,7.8,2.13,1.92,2.45
"QLDSouth","Fraser Coast",153.268493652344,-24.8464603424072,0.1,2.34,2.63,6.1,4.78,8.5,2,1.81,2.3
"WANorth","Carnarvon",113.626899719238,-24.8038711547852,0.1,1.33,2.43,2.93,2.53,3.59,2.85,2.45,3.51
"QLDSouth","Bundaberg",152.467620849609,-24.8112659454346,0.1,2.07,2.48,5.41,4.3,7.4,2.48,2.19,2.94
"QLDSouth","Fraser Coast",153.143753051758,-24.8237190246582,0.1,2.34,2.55,5.69,4.5,7.84,2.21,1.98,2.56
"QLDSouth","Fraser Coast",153.267044067383,-24.805269241333,0.1,2.34,2.76,6.05,4.75,8.42,1.88,1.72,2.13
"WANorth","Carnarvon",113.607635498047,-24.7339878082275,0.1,1.32,2.49,3.07,2.64,3.78,2.1,1.9,2.42
"QLDSouth","Fraser Coast",153.160522460938,-24.7521915435791,0.1,2.34,2.8,5.96,4.71,8.2,2.11,1.91,2.43
"QLDSouth","Fraser Coast",153.270690917969,-24.7551422119141,0.1,2.34,2.75,5.88,4.64,8.14,1.9,1.73,2.16
"WANorth","Carnarvon",113.585609436035,-24.7049198150635,0.1,1.32,2.63,3.12,2.68,3.84,2.23,1.99,2.62
"QLDSouth","Bundaberg",152.309967041016,-24.727632522583,0.1,2.07,2.56,5.05,4.06,6.83,2.27,2.02,2.67
"QLDSouth","Bundaberg",152.36669921875,-24.7287845611572,0.1,2.07,2.34,5.25,4.2,7.15,2.21,1.98,2.57
"QLDSouth","Fraser Coast",153.216064453125,-24.7082195281982,0.1,2.34,2.98,5.91,4.69,8.07,1.97,1.8,2.24
"QLDSouth","Fraser Coast",153.269912719727,-24.7052879333496,0.1,2.35,2.74,5.3,4.24,7.2,1.99,1.81,2.28
"WANorth","Carnarvon",113.536682128906,-24.6466579437256,0.1,1.31,2.74,3.25,2.78,4.03,2.11,1.89,2.44
"QLDSouth","Bundaberg",152.235336303711,-24.6748962402344,0.1,2.08,1.96,4.96,3.99,6.66,1.97,1.79,2.24
"WANorth","Carnarvon",113.49870300293,-24.5978164672852,0.1,1.31,2.59,3.31,2.83,4.1,2.43,2.14,2.9
"QLDSouth","Bundaberg",152.14875793457,-24.6201496124268,0.1,2.08,2.51,4.86,3.93,6.51,2.42,2.13,2.88
"QLDSouth","Bundaberg",152.196136474609,-24.648962020874,0.1,2.08,2.05,4.97,4,6.67,1.94,1.77,2.2
"WANorth","Carnarvon",113.43839263916,-24.5435962677002,0.1,1.3,2.6,3.46,2.94,4.32,2.43,2.14,2.9
"QLDSouth","Bundaberg",152.125793457031,-24.5961494445801,0.1,2.08,2.03,4.83,3.91,6.46,1.92,1.76,2.17
"WANorth","Carnarvon",113.420707702637,-24.5145587921143,0.1,1.3,2.83,3.49,2.97,4.37,2.04,1.85,2.35
"QLDNorth","Gladstone",152.053207397461,-24.5125961303711,0.1,2.08,2.69,4.67,3.8,6.19,2.06,1.86,2.38
"QLDSouth","Bundaberg",152.082656860352,-24.5386180877686,0.1,2.08,2.12,4.87,3.94,6.51,1.91,1.75,2.16
"WANorth","Carnarvon",113.398574829102,-24.4680690765381,0.1,1.29,2.84,3.65,3.08,4.59,2.08,1.87,2.4
"QLDNorth","Gladstone",152.020217895508,-24.4516868591309,0.1,2.08,2.13,4.82,3.91,6.42,1.85,1.7,2.08
"WANorth","Carnarvon",113.398719787598,-24.4143238067627,0.1,1.29,2.92,3.75,3.16,4.74,1.98,1.8,2.26
"QLDNorth","Gladstone",152.00390625,-24.4185047149658,0.1,2.08,1.63,4.79,3.89,6.37,2.33,2.07,2.75
"WANorth","Carnarvon",113.398071289062,-24.371509552002,0.1,1.29,2.93,3.83,3.22,4.87,1.98,1.8,2.26
"QLDNorth","Gladstone",151.990173339844,-24.3746223449707,0.1,2.08,2.42,4.83,3.91,6.43,1.84,1.69,2.07
"WANorth","Carnarvon",113.395683288574,-24.3264846801758,0.1,1.29,2.94,3.85,3.22,4.89,1.99,1.81,2.28
"QLDNorth","Gladstone",151.977767944336,-24.3355083465576,0.1,2.08,2.44,4.82,3.91,6.42,1.97,1.79,2.25
"WANorth","Carnarvon",113.393569946289,-24.2762565612793,0.1,1.28,2.98,3.92,3.28,4.99,1.97,1.79,2.24
"QLDNorth","Gladstone",151.961639404297,-24.2890186309814,0.1,2.08,2.45,4.85,3.93,6.46,1.82,1.67,2.05
"WANorth","Carnarvon",113.387710571289,-24.2301483154297,0.1,1.28,3.14,4.03,3.36,5.15,1.84,1.7,2.07
"QLDNorth","Gladstone",151.950286865234,-24.2453994750977,0.1,2.08,2.31,4.84,3.93,6.45,1.64,1.53,1.81
"WANorth","Carnarvon",113.393035888672,-24.2194747924805,0.1,1.28,3.18,3.96,3.3,5.05,1.84,1.69,2.05
"QLDNorth","Gladstone",151.922622680664,-24.207914352417,0.1,2.6,2.56,4.86,3.94,6.48,2.02,1.83,2.31
"WANorth","Carnarvon",113.411437988281,-24.0960292816162,0.1,1.28,2.57,4.17,3.46,5.37,2.99,2.57,3.69
"QLDNorth","Gladstone",151.814437866211,-24.1448230743408,0.1,2.6,3.3,4.8,3.9,6.37,2.03,1.84,2.33
"QLDNorth","Gladstone",151.889343261719,-24.1459865570068,0.1,2.6,2.91,4.89,3.96,6.51,3.1,2.65,3.84
"QLDNorth","Gladstone",151.77946472168,-24.0869579315186,0.1,2.6,2.58,4.74,3.86,6.27,2.08,1.87,2.39
"WANorth","Carnarvon",113.421440124512,-24.0452919006348,0.1,1.28,2.8,4.19,3.47,5.4,2.94,2.55,3.59
"QLDNorth","Gladstone",151.57682800293,-24.0359382629395,0.1,2.61,3.23,4.39,3.6,5.74,2.14,1.93,2.48
"QLDNorth","Gladstone",151.636505126953,-24.0335903167725,0.1,2.61,2.6,4.07,3.38,5.26,3.06,2.63,3.79
"QLDNorth","Gladstone",151.771438598633,-24.0289821624756,0.1,2.6,2.84,4.7,3.83,6.2,1.64,1.53,1.8
"WANorth","Carnarvon",113.456199645996,-24.0021705627441,0.1,1.28,2.76,4.19,3.48,5.4,3.06,2.64,3.76
"QLDNorth","Gladstone",151.470016479492,-23.9934921264648,0.1,2.61,2.78,4.22,3.49,5.47,3.09,2.66,3.8
"QLDNorth","Gladstone",151.501342773438,-24.0050964355469,0.1,2.61,2.74,4.3,3.54,5.59,3,2.58,3.68
"QLDNorth","Gladstone",151.680267333984,-23.9906253814697,0.1,2.6,2.79,4.55,3.73,5.96,3.29,2.81,4.09
"QLDNorth","Gladstone",151.735366821289,-24.0024108886719,0.1,2.6,2.26,4.68,3.82,6.16,2.12,1.91,2.45
"WANorth","Carnarvon",113.464424133301,-23.9410152435303,0.1,1.27,2.24,4.27,3.53,5.51,1.89,1.73,2.15
"WANorth","Carnarvon",113.464508056641,-23.9073162078857,0.1,1.27,2.79,4.27,3.53,5.52,3.02,2.61,3.69
"QLDNorth","Gladstone",151.389236450195,-23.8761157989502,0.1,2.62,2.25,3.94,3.29,5.05,1.75,1.62,1.96
"WANorth","Carnarvon",113.499412536621,-23.8566093444824,0.1,1.27,2.25,4.23,3.5,5.46,1.85,1.7,2.09
"WANorth","Carnarvon",113.511947631836,-23.8013381958008,0.1,1.27,2.27,4.33,3.58,5.61,1.72,1.59,1.91
"WANorth","Carnarvon",113.532752990723,-23.7624130249023,0.1,1.27,3.12,4.38,3.61,5.68,2.31,2.05,2.71
"QLDNorth","Gladstone",151.310440063477,-23.7504730224609,0.1,2.63,2.25,3.77,3.16,4.8,1.75,1.62,1.96
"WANorth","Carnarvon",113.574127197266,-23.7141151428223,0.1,1.27,3.13,4.38,3.62,5.69,2.29,2.04,2.69
"QLDNorth","Gladstone",151.297271728516,-23.700216293335,0.1,2.63,2.25,3.76,3.15,4.78,1.79,1.65,2.02
"WANorth","Carnarvon",113.593322753906,-23.6568756103516,0.1,1.27,2.94,4.45,3.66,5.79,2.68,2.34,3.24
"QLDNorth","Gladstone",151.289306640625,-23.676664352417,0.1,2.63,2.35,3.76,3.15,4.78,1.63,1.52,1.81
"WANorth","Carnarvon",113.636512756348,-23.6082191467285,0.1,1.28,3.38,3.94,3.28,5.06,2.3,2.05,2.7
"QLDNorth","Gladstone",150.890869140625,-23.6012115478516,0.1,2.97,2.94,5.1,4.11,6.84,2.89,2.49,3.53
"QLDNorth","Gladstone",151.242279052734,-23.6224479675293,0.1,2.63,2.17,3.75,3.15,4.77,1.6,1.49,1.76
"WANorth","Carnarvon",113.703742980957,-23.5669136047363,0.1,1.27,3.46,4.34,3.58,5.64,2.08,1.88,2.39
"QLDNorth","Rockhampton",150.843353271484,-23.5562496185303,0.1,3,3.52,3.8,3.17,4.85,2,1.82,2.29
"QLDNorth","Gladstone",150.956024169922,-23.5482921600342,0.1,3.01,3.18,3.66,3.08,4.62,2.21,1.98,2.58
"QLDNorth","Gladstone",151.234588623047,-23.5500907897949,0.1,2.63,1.98,3.78,3.17,4.82,1.74,1.61,1.95
"WANorth","Carnarvon",113.761253356934,-23.5080471038818,0.1,1.27,3.16,4.38,3.61,5.69,2.52,2.22,2.99
"QLDNorth","Livingstone",150.842330932617,-23.5058898925781,0.1,3.02,3.53,3.28,2.8,4.06,2,1.82,2.29
"QLDNorth","Gladstone",150.974456787109,-23.4952774047852,0.1,3.01,3.1,3.62,3.05,4.56,2.42,2.14,2.85
"QLDNorth","Gladstone",151.209365844727,-23.5071468353271,0.1,3,2.25,3.83,3.2,4.89,2,1.81,2.29
"WANorth","Carnarvon",113.772033691406,-23.4601707458496,0.1,1.27,3.17,4.47,3.68,5.83,2.47,2.19,2.92
"QLDNorth","Livingstone",150.843444824219,-23.4517154693604,0.1,3.02,3.51,3.28,2.8,4.08,2,1.82,2.29
"QLDNorth","Gladstone",150.974609375,-23.4806785583496,0.1,3.01,3.08,3.61,3.04,4.55,2.58,2.27,3.08
"QLDNorth","Gladstone",151.099014282227,-23.4751281738281,0.1,3.01,3.37,3.69,3.1,4.67,2.22,1.99,2.58
"QLDNorth","Gladstone",151.132568359375,-23.4932537078857,0.1,3.01,2.49,3.72,3.12,4.72,1.9,1.74,2.15
"WANorth","Carnarvon",113.771347045898,-23.3920345306396,0.1,1.66,3.56,4.54,3.73,5.92,2.47,2.19,2.92
"QLDNorth","Livingstone",150.832336425781,-23.4267768859863,0.1,3.02,3.2,3.27,2.79,4.06,2.47,2.18,2.92
"QLDNorth","Gladstone",151.013870239258,-23.4507179260254,0.1,3.01,3.21,3.63,3.06,4.59,2.45,2.17,2.89
"QLDNorth","Gladstone",151.050552368164,-23.4423084259033,0.1,3.01,2.41,3.65,3.07,4.62,1.88,1.72,2.12
"WANorth","Carnarvon",113.773536682129,-23.3757648468018,0.1,1.66,3.56,4.53,3.72,5.9,2.45,2.17,2.88
"QLDNorth","Livingstone",150.804550170898,-23.3733062744141,0.1,2.86,2.2,3.22,2.75,3.99,1.93,1.76,2.19
"WANorth","Carnarvon",113.783485412598,-23.3198261260986,0.1,1.66,3.91,4.47,3.68,5.82,1.94,1.78,2.2
"QLDNorth","Livingstone",150.836380004883,-23.2843856811523,0.1,2.86,2.37,3.23,2.76,3.99,1.9,1.74,2.15
"WANorth","Carnarvon",113.776527404785,-23.2587833404541,0.1,1.66,3.91,4.51,3.7,5.87,1.94,1.77,2.19
"QLDNorth","Livingstone",150.83283996582,-23.2611503601074,0.1,2.87,2.2,3.18,2.73,3.93,2.02,1.83,2.31
"WANorth","Carnarvon",113.767364501953,-23.2190113067627,0.1,1.66,3.81,4.5,3.7,5.86,2,1.82,2.26
"QLDNorth","Livingstone",150.821975708008,-23.2208461761475,0.1,2.87,2.24,3.14,2.7,3.86,2,1.81,2.28
"WANorth","Carnarvon",113.757820129395,-23.1649322509766,0.1,1.66,3.96,4.48,3.68,5.85,1.95,1.78,2.22
"QLDNorth","Livingstone",150.802597045898,-23.1794948577881,0.1,2.87,2.03,3.04,2.63,3.72,2.22,1.98,2.58
"WANorth","Carnarvon",113.759071350098,-23.1218738555908,0.1,1.66,2.48,4.46,3.67,5.81,2.29,2.04,2.68
"WANorth","Carnarvon",113.759391784668,-23.1155128479004,0.1,1.66,3.58,4.44,3.65,5.78,2.34,2.09,2.73
"QLDNorth","Livingstone",150.776229858398,-23.0662536621094,0.1,2.87,2.37,3.03,2.61,3.69,1.79,1.65,2
"WANorth","Carnarvon",113.822196960449,-23.0233879089355,0.1,1.67,3.56,4.32,3.56,5.62,2.37,2.11,2.77
"QLDNorth","Livingstone",150.778533935547,-23.0282688140869,0.1,2.87,2.48,3.09,2.66,3.79,1.85,1.7,2.09
"WANorth","Carnarvon",113.818969726562,-22.9798755645752,0.1,1.66,3.57,4.33,3.56,5.65,2.39,2.13,2.8
"QLDNorth","Livingstone",150.783172607422,-22.9765396118164,0.1,2.87,2.21,3.13,2.69,3.83,2.15,1.94,2.49
"WANorth","Exmouth",113.79313659668,-22.888729095459,0.1,1.67,3.57,4.31,3.55,5.62,2.4,2.14,2.81
"QLDNorth","Livingstone",150.801406860352,-22.9300155639648,0.1,2.86,2.23,3.24,2.77,4,2.17,1.95,2.51
"WANorth","Exmouth",113.785163879395,-22.8669662475586,0.1,1.67,3.69,4.26,3.51,5.55,2.18,1.97,2.51
"QLDNorth","Livingstone",150.796310424805,-22.8725109100342,0.1,2.87,2.45,3.19,2.74,3.92,2.11,1.91,2.44
"WANorth","Exmouth",113.774269104004,-22.8148746490479,0.1,1.67,3.69,4.23,3.48,5.51,2.18,1.97,2.51
"QLDNorth","Livingstone",150.8115234375,-22.820463180542,0.1,2.86,2.36,3.22,2.76,3.97,2.17,1.95,2.51
"WANorth","Exmouth",113.681175231934,-22.7242183685303,0.1,1.67,3.9,4.22,3.48,5.5,1.93,1.77,2.17
"QLDNorth","Livingstone",150.817886352539,-22.7990493774414,0.1,2.86,3.41,3.31,2.82,4.09,1.98,1.81,2.22
"QLDNorth","Livingstone",150.825561523438,-22.7294273376465,0.1,2.86,2.35,3.36,2.87,4.18,2.14,1.93,2.46
"WANorth","Exmouth",113.668655395508,-22.6922779083252,0.1,1.67,3.73,4.28,3.52,5.58,2.2,1.99,2.54
"QLDNorth","Livingstone",150.842880249023,-22.6821880340576,0.1,2.84,2.36,3.65,3.08,4.61,1.84,1.69,2.08
"WANorth","Exmouth",113.664154052734,-22.6289138793945,0.1,1.67,3.62,4.22,3.48,5.49,2.48,2.2,2.92
"QLDNorth","Livingstone",150.809143066406,-22.6473770141602,0.1,2.85,2.14,3.45,2.93,4.31,1.9,1.73,2.15
"WANorth","Exmouth",113.648719787598,-22.5804042816162,0.1,1.67,3.68,4.27,3.52,5.53,2.4,2.14,2.82
"QLDNorth","Livingstone",150.785873413086,-22.5828475952148,0.1,2.85,2.16,3.46,2.94,4.32,1.92,1.75,2.18
"WANorth","Exmouth",113.655250549316,-22.5566005706787,0.1,1.67,4.52,4.19,3.47,5.42,2.32,2.07,2.71
"QLDNorth","Livingstone",150.481338500977,-22.5306873321533,0.1,2.88,3.09,2.96,2.56,3.62,2.34,2.08,2.73
"QLDNorth","Livingstone",150.518493652344,-22.543851852417,0.1,2.88,2.28,2.98,2.58,3.65,2.29,2.05,2.65
"QLDNorth","Livingstone",150.789123535156,-22.5385704040527,0.1,2.85,2.25,3.54,2.99,4.44,1.71,1.58,1.91
"WANorth","Exmouth",113.706253051758,-22.4973945617676,0.1,1.67,3.3,4.19,3.46,5.43,1.4,1.34,1.5
"WANorth","Exmouth",114.157676696777,-22.4859867095947,0.1,1.81,2.51,2.11,1.89,2.45,1.41,1.34,1.51
"WANorth","Exmouth",114.213005065918,-22.48708152771,0.1,1.81,3.63,2.13,1.91,2.48,2.43,2.16,2.86
"QLDNorth","Livingstone",150.419281005859,-22.4931488037109,0.1,2.88,3.03,2.98,2.58,3.64,2.43,2.16,2.85
"QLDNorth","Livingstone",150.547119140625,-22.4826602935791,0.1,2.88,2.5,2.94,2.55,3.59,2,1.83,2.26
"QLDNorth","Livingstone",150.758605957031,-22.4766330718994,0.1,2.85,2.17,3.51,2.97,4.41,1.68,1.56,1.87
"WANorth","Exmouth",113.735389709473,-22.4571781158447,0.1,1.67,3.25,3.96,3.3,5.1,1.42,1.35,1.53
"WANorth","Exmouth",114.149307250977,-22.442325592041,0.1,1.79,2.42,2.24,2,2.64,1.45,1.37,1.56
"WANorth","Exmouth",114.224952697754,-22.4546546936035,0.1,1.79,3.74,2.22,1.98,2.61,2.16,1.94,2.49
"QLDNorth","Livingstone",150.359985351562,-22.4498634338379,0.1,2.88,3.12,2.98,2.57,3.64,2.32,2.07,2.71
"QLDNorth","Livingstone",150.528945922852,-22.4351024627686,0.1,2.88,2.53,2.99,2.58,3.65,2.04,1.86,2.31
"QLDNorth","Livingstone",150.767425537109,-22.4484996795654,0.1,2.85,2.17,3.54,2.99,4.46,1.67,1.55,1.86
"WANorth","Exmouth",113.743804931641,-22.4039268493652,0.1,1.67,3.2,4.08,3.38,5.26,1.44,1.36,1.55
"WANorth","Exmouth",114.187675476074,-22.4033355712891,0.1,1.77,2.42,2.35,2.08,2.79,1.46,1.38,1.57
"WANorth","Exmouth",114.276000976562,-22.4289703369141,0.1,1.79,2.42,2.26,2.01,2.67,1.45,1.38,1.57
"WANorth","Exmouth",114.305541992188,-22.4293174743652,0.1,1.79,2.46,2.24,1.99,2.64,1.44,1.37,1.55
"WANorth","Exmouth",114.374900817871,-22.3959865570068,0.1,1.78,4.99,2.32,2.06,2.76,1.93,1.77,2.18
"QLDNorth","Isaac",149.749954223633,-22.3917064666748,0.1,3.92,4.14,2.29,2.06,2.66,1.93,1.77,2.18
"QLDNorth","Livingstone",149.799652099609,-22.3898906707764,0.1,2.95,3.26,2.24,2.01,2.59,1.9,1.74,2.14
"QLDNorth","Livingstone",149.840850830078,-22.4018707275391,0.1,2.95,3.24,2.25,2.03,2.6,1.91,1.75,2.15
"QLDNorth","Livingstone",149.919509887695,-22.381275177002,0.1,2.95,1.69,2.25,2.02,2.6,2.47,2.18,2.91
"QLDNorth","Livingstone",150.33137512207,-22.4234485626221,0.1,2.88,3.1,2.97,2.56,3.62,2.33,2.08,2.73
"QLDNorth","Livingstone",150.507949829102,-22.3832931518555,0.1,2.87,3.19,3.02,2.61,3.7,1.7,1.58,1.88
"QLDNorth","Livingstone",150.744201660156,-22.4067668914795,0.1,2.85,2.03,3.59,3.02,4.53,1.72,1.59,1.92
"WANorth","Exmouth",113.773399353027,-22.3664436340332,0.1,1.67,3.08,3.97,3.3,5.11,1.48,1.4,1.6
"WANorth","Exmouth",114.185302734375,-22.3393878936768,0.1,1.76,2.47,2.48,2.18,2.97,1.45,1.37,1.56
"WANorth","Exmouth",114.399909973145,-22.360279083252,0.1,1.77,4.8,2.41,2.12,2.89,2.17,1.95,2.51
"QLDNorth","Isaac",149.622375488281,-22.3531131744385,0.1,3.85,4.18,3.06,2.63,3.74,1.9,1.74,2.14
"QLDNorth","Isaac",149.685317993164,-22.3411979675293,0.1,3.91,4.37,2.43,2.16,2.88,1.9,1.74,2.13
"QLDNorth","Livingstone",149.908767700195,-22.347017288208,0.1,2.93,1.77,2.35,2.1,2.74,2.34,2.09,2.73
"QLDNorth","Livingstone",150.267608642578,-22.3510284423828,0.1,2.88,3,2.95,2.55,3.59,2.37,2.11,2.77
"QLDNorth","Livingstone",150.275543212891,-22.3539543151855,0.1,2.88,3.06,2.94,2.55,3.58,2.38,2.12,2.78
"QLDNorth","Livingstone",150.4775390625,-22.3421993255615,0.1,2.88,2.52,3.01,2.59,3.67,2.34,2.09,2.73
"QLDNorth","Livingstone",150.672607421875,-22.3479309082031,0.1,2.85,2.33,3.43,2.91,4.3,1.52,1.43,1.66
"WANorth","Exmouth",113.81721496582,-22.2944831848145,0.1,1.68,3.01,3.93,3.27,5.04,1.49,1.41,1.61
"WANorth","Exmouth",114.16007232666,-22.2972526550293,0.1,1.75,2.45,2.56,2.24,3.08,1.47,1.39,1.58
"WANorth","Exmouth",114.423095703125,-22.2974071502686,0.1,1.75,4.9,2.54,2.22,3.08,1.8,1.66,2.02
"QLDNorth","Isaac",149.629516601562,-22.2910251617432,0.1,3.91,4.36,2.38,2.11,2.8,1.92,1.76,2.17
"QLDNorth","Livingstone",149.909851074219,-22.3037395477295,0.1,3.91,3.1,2.44,2.16,2.89,1.94,1.77,2.2
"QLDNorth","Livingstone",150.209350585938,-22.3132019042969,0.1,2.88,3,2.9,2.52,3.53,2.33,2.08,2.73
"QLDNorth","Livingstone",150.420547485352,-22.2935523986816,0.1,2.87,2.98,3.02,2.61,3.7,1.9,1.75,2.13
"QLDNorth","Livingstone",150.563858032227,-22.2944946289062,0.1,2.86,3,3.22,2.76,3.98,2.5,2.21,2.95
"QLDNorth","Livingstone",150.624313354492,-22.3247718811035,0.1,2.86,2.26,3.3,2.81,4.1,1.56,1.47,1.72
"WANorth","Exmouth",113.828514099121,-22.2524871826172,0.1,1.67,2.78,3.97,3.31,5.1,1.63,1.52,1.8
"WANorth","Exmouth",114.139190673828,-22.259407043457,0.1,1.74,2.42,2.63,2.29,3.17,1.48,1.4,1.61
"WANorth","Ashburton",114.440048217773,-22.2445259094238,0.1,1.74,4.85,2.65,2.3,3.23,1.83,1.68,2.05
"QLDNorth","Isaac",149.585418701172,-22.2349853515625,0.1,3.92,4.29,2.34,2.08,2.74,1.94,1.77,2.19
"QLDNorth","Livingstone",149.88264465332,-22.2331867218018,0.1,3.9,3.18,2.46,2.18,2.91,1.99,1.82,2.27
"QLDNorth","Livingstone",150.259246826172,-22.2268581390381,0.1,2.88,2.87,2.92,2.53,3.55,2.49,2.2,2.95
"QLDNorth","Livingstone",150.429077148438,-22.24778175354,0.1,2.87,3.06,3.02,2.61,3.68,1.95,1.79,2.19
"QLDNorth","Livingstone",150.539779663086,-22.2625122070312,0.1,2.86,2.15,3.2,2.74,3.95,1.62,1.51,1.79
"WANorth","Exmouth",113.84489440918,-22.2057456970215,0.1,1.67,2.87,3.98,3.31,5.1,1.56,1.46,1.7
"WANorth","Exmouth",114.094535827637,-22.2017135620117,0.1,1.74,2.45,2.72,2.37,3.3,1.48,1.4,1.61
"WANorth","Ashburton",114.451126098633,-22.2074108123779,0.1,1.74,4.87,2.69,2.33,3.29,1.81,1.67,2.03
"QLDNorth","Isaac",149.570358276367,-22.2017345428467,0.1,3.92,4.23,2.32,2.07,2.71,1.88,1.72,2.11
"QLDNorth","Livingstone",149.860214233398,-22.1910495758057,0.1,3.92,3.38,2.35,2.09,2.75,1.85,1.71,2.06
"QLDNorth","Livingstone",150.111770629883,-22.2227210998535,0.1,2.89,2.98,2.82,2.45,3.4,2.03,1.84,2.31
"QLDNorth","Livingstone",150.477203369141,-22.2052268981934,0.1,2.87,3.54,3.15,2.7,3.86,1.75,1.62,1.93
"QLDNorth","Livingstone",150.508102416992,-22.2125854492188,0.1,2.86,2.02,3.2,2.74,3.95,1.63,1.52,1.8
"WANorth","Exmouth",113.860366821289,-22.1519222259521,0.1,1.67,2.85,4.1,3.41,5.27,1.58,1.48,1.73
"WANorth","Exmouth",114.088935852051,-22.1467437744141,0.1,1.73,2.44,2.84,2.46,3.47,1.48,1.4,1.61
"WANorth","Ashburton",114.473571777344,-22.1524887084961,0.1,1.74,4.77,2.68,2.32,3.27,1.9,1.74,2.14
"QLDNorth","Livingstone",149.845794677734,-22.1490898132324,0.1,3.92,4.19,2.36,2.1,2.76,1.58,1.48,1.71
"QLDNorth","Livingstone",150.084350585938,-22.1551055908203,0.1,3.87,2.71,2.76,2.41,3.32,1.59,1.49,1.75
"WANorth","Exmouth",113.880325317383,-22.1101894378662,0.1,1.68,2.94,3.87,3.23,4.94,1.5,1.41,1.63
"WANorth","Ashburton",114.487449645996,-22.1168785095215,0.1,1.73,4.84,2.82,2.43,3.47,1.84,1.69,2.06
"QLDNorth","Isaac",149.580337524414,-22.1141452789307,0.1,3.92,3.97,2.36,2.1,2.76,2.13,1.93,2.44
"QLDNorth","Livingstone",149.869140625,-22.1042213439941,0.1,3.9,3.78,2.5,2.22,2.96,1.99,1.82,2.25
"QLDNorth","Livingstone",149.999053955078,-22.1032848358154,0.1,3.89,4.29,2.55,2.25,3.01,1.85,1.71,2.07
"QLDNorth","Livingstone",150.043960571289,-22.1081066131592,0.1,3.88,2.94,2.71,2.38,3.25,1.52,1.43,1.66
"WANorth","Exmouth",113.901153564453,-22.0508842468262,0.1,1.68,2.77,3.95,3.3,5.06,1.62,1.51,1.78
"WANorth","Exmouth",114.119369506836,-22.0527305603027,0.1,1.72,2.41,3.02,2.59,3.71,1.53,1.43,1.67
"WANorth","Ashburton",114.524040222168,-22.0527877807617,0.1,1.72,4.92,2.92,2.51,3.62,1.75,1.62,1.95
"QLDNorth","Isaac",149.526382446289,-22.0507965087891,0.1,3.91,3.83,2.4,2.13,2.82,2.16,1.95,2.49
"QLDNorth","Livingstone",149.895233154297,-22.0504837036133,0.1,3.89,4.23,2.59,2.28,3.08,1.84,1.7,2.05
"QLDNorth","Livingstone",149.968475341797,-22.0432682037354,0.1,3.89,2.3,2.61,2.3,3.1,1.63,1.52,1.81
"WANorth","Exmouth",113.920783996582,-22.0038871765137,0.1,1.68,2.87,3.82,3.2,4.87,1.55,1.46,1.68
"WANorth","Exmouth",114.133293151855,-22.0002117156982,0.1,1.71,2.42,3.07,2.64,3.79,1.48,1.4,1.61
"WANorth","Ashburton",114.584770202637,-21.9946041107178,0.1,1.74,4.68,2.66,2.31,3.24,1.97,1.8,2.23
"QLDNorth","Isaac",149.515625,-22.0066356658936,0.1,3.91,1.81,2.44,2.17,2.87,1.7,1.57,1.9
"WANorth","Exmouth",113.929954528809,-21.9716148376465,0.1,1.68,2.84,3.89,3.25,4.96,1.5,1.41,1.63
"WANorth","Ashburton",114.576477050781,-21.9789524078369,0.1,1.73,4.64,2.74,2.37,3.35,1.98,1.8,2.24
"QLDNorth","Isaac",149.488876342773,-21.957181930542,0.1,3.9,1.93,2.46,2.18,2.9,1.58,1.48,1.75
"WANorth","Exmouth",113.963989257812,-21.9190444946289,0.1,1.68,2.66,3.81,3.19,4.85,1.64,1.53,1.8
"WANorth","Exmouth",114.149383544922,-21.9102783203125,0.1,1.71,2.15,3.19,2.72,3.95,1.73,1.6,1.94
"WANorth","Ashburton",114.639312744141,-21.9034576416016,0.1,1.72,4.8,2.87,2.47,3.54,1.81,1.67,2.02
"QLDNorth","Isaac",149.473205566406,-21.9128932952881,0.1,3.9,1.98,2.45,2.17,2.88,1.47,1.39,1.59
"WANorth","Exmouth",113.988929748535,-21.8793773651123,0.1,1.68,2.86,3.85,3.22,4.9,1.53,1.44,1.65
"WANorth","Exmouth",114.161590576172,-21.857177734375,0.1,1.7,2.16,3.27,2.79,4.08,1.76,1.62,1.98
"WANorth","Ashburton",114.639007568359,-21.8556880950928,0.1,1.72,5.07,2.97,2.55,3.66,1.61,1.51,1.76
"QLDNorth","Isaac",149.497985839844,-21.8373069763184,0.1,3.9,2.03,2.47,2.19,2.91,1.44,1.36,1.55
"WANorth","Exmouth",114.026725769043,-21.8443050384521,0.1,1.68,3.11,3.93,3.29,5,1.35,1.29,1.44
"WANorth","Exmouth",114.072372436523,-21.8131542205811,0.1,1.68,3.05,3.95,3.3,5.02,1.34,1.29,1.43
"WANorth","Exmouth",114.106651306152,-21.8011608123779,0.1,1.68,3.07,3.78,3.18,4.77,1.36,1.3,1.45
"WANorth","Ashburton",114.694152832031,-21.8100566864014,0.1,1.73,2.86,2.87,2.48,3.52,1.35,1.29,1.44
"WANorth","Ashburton",114.732940673828,-21.7966442108154,0.1,1.74,5.05,2.77,2.4,3.38,1.61,1.51,1.75
"QLDNorth","Isaac",149.49885559082,-21.8184833526611,0.1,3.9,2.37,2.47,2.19,2.91,1.38,1.31,1.47
"WANorth","Ashburton",114.803909301758,-21.7612190246582,0.1,1.73,2.63,2.85,2.46,3.49,1.42,1.35,1.53
"WANorth","Ashburton",114.852874755859,-21.73219871521,0.1,1.73,2.64,2.92,2.51,3.59,1.42,1.35,1.53
"WANorth","Ashburton",114.893501281738,-21.7101440429688,0.1,1.73,4.78,2.92,2.51,3.61,1.74,1.61,1.93
"QLDNorth","Isaac",149.473403930664,-21.7105274200439,0.1,3.89,2.47,2.54,2.24,3.01,1.4,1.33,1.5
"WANorth","Ashburton",114.962005615234,-21.6720962524414,0.1,1.72,2.45,3.07,2.62,3.84,1.5,1.41,1.64
"WANorth","Ashburton",114.987686157227,-21.6752738952637,0.1,1.72,2.4,2.99,2.56,3.72,1.56,1.46,1.71
"WANorth","Ashburton",115.063972473145,-21.6700992584229,0.1,1.72,4.26,2.95,2.53,3.66,2.04,1.85,2.33
"QLDNorth","Mackay",149.501937866211,-21.6074867248535,0.1,3.9,2.3,2.53,2.24,2.99,1.58,1.48,1.73
"WANorth","Ashburton",115.10912322998,-21.6282291412354,0.1,1.72,2.09,3.03,2.58,3.78,1.98,1.79,2.29
"WANorth","Ashburton",115.226104736328,-21.5682563781738,0.1,1.71,2.36,3.16,2.68,3.97,1.61,1.5,1.78
"WANorth","Ashburton",115.250549316406,-21.56858253479,0.1,1.72,2.15,2.98,2.55,3.72,1.79,1.64,2.03
"WANorth","Ashburton",115.32438659668,-21.5746021270752,0.1,1.73,2.14,2.93,2.51,3.64,1.79,1.64,2.03
"WANorth","Ashburton",115.359649658203,-21.5610389709473,0.1,1.73,4.25,2.9,2.49,3.6,1.73,1.61,1.92
"QLDNorth","Mackay",149.420806884766,-21.5454864501953,0.1,3.91,4.25,2.43,2.16,2.84,2.04,1.85,2.33
"QLDNorth","Mackay",149.487106323242,-21.5661678314209,0.1,3.9,2.58,2.48,2.2,2.92,1.64,1.52,1.83
"WANorth","Ashburton",115.419662475586,-21.5137615203857,0.1,1.73,2.43,2.91,2.5,3.61,1.63,1.51,1.81
"WANorth","Ashburton",115.47191619873,-21.51194190979,0.1,1.72,4.18,3.04,2.59,3.8,1.69,1.57,1.87
"QLDNorth","Mackay",149.299270629883,-21.5066986083984,0.1,3.92,4.03,2.36,2.1,2.74,2.19,1.97,2.52
"QLDNorth","Mackay",149.368225097656,-21.5004806518555,0.1,3.92,2.77,2.36,2.11,2.75,1.69,1.56,1.89
"WANorth","Ashburton",115.511497497559,-21.4501342773438,0.1,1.71,3.62,3.11,2.64,3.89,2.19,1.97,2.52
"QLDNorth","Mackay",149.29914855957,-21.4694633483887,0.1,3.91,2.43,2.4,2.14,2.8,2.18,1.94,2.57
"WANorth","Karratha",115.55899810791,-21.4032878875732,0.1,1.71,3.75,3.23,2.74,4.07,1.86,1.71,2.09
"QLDNorth","Mackay",149.340362548828,-21.4251403808594,0.1,3.91,2.48,2.38,2.12,2.77,2.27,2.01,2.7
"WANorth","Karratha",115.591316223145,-21.3698673248291,0.1,1.7,3.48,3.32,2.8,4.2,2.1,1.9,2.4
"QLDNorth","Mackay",149.318893432617,-21.3723621368408,0.1,3.91,2.62,2.37,2.12,2.76,2.2,1.96,2.59
"WANorth","Karratha",115.636985778809,-21.3276233673096,0.1,1.7,3.35,3.33,2.81,4.21,2.13,1.93,2.45
"QLDNorth","Mackay",149.32356262207,-21.3195629119873,0.1,3.91,2.71,2.37,2.12,2.76,2.28,2.02,2.7
"WANorth","Karratha",115.699020385742,-21.2780055999756,0.1,1.7,1.99,3.31,2.8,4.17,2.17,1.94,2.55
"WANorth","Karratha",115.73405456543,-21.2697048187256,0.1,1.72,1.95,3.07,2.62,3.82,2.27,2.01,2.67
"WANorth","Karratha",115.788192749023,-21.262508392334,0.1,1.74,3.27,2.69,2.34,3.25,1.91,1.75,2.16
"QLDNorth","Mackay",149.262390136719,-21.2634410858154,0.1,3.92,2.8,2.36,2.11,2.74,2.48,2.18,2.98
"WANorth","Karratha",115.833740234375,-21.2164745330811,0.1,1.72,3.69,2.98,2.56,3.68,1.63,1.52,1.79
"QLDNorth","Mackay",149.203552246094,-21.2216854095459,0.1,3.92,3.36,2.3,2.06,2.67,1.62,1.51,1.79
"WANorth","Karratha",115.851295471191,-21.1703968048096,0.1,1.71,3.46,3.21,2.73,4.02,1.71,1.59,1.9
"QLDNorth","Mackay",149.202774047852,-21.1665744781494,0.1,3.76,3.24,2.3,2.06,2.66,1.64,1.52,1.82
"WANorth","Karratha",115.883941650391,-21.1121234893799,0.1,1.71,2.18,3.29,2.79,4.13,1.85,1.69,2.11
"WANorth","Karratha",115.945236206055,-21.0636043548584,0.1,1.71,3.31,3.24,2.75,4.05,1.7,1.58,1.88
"QLDNorth","Mackay",149.23371887207,-21.0691242218018,0.1,3.75,3.18,2.38,2.12,2.77,1.85,1.69,2.11
"WANorth","Karratha",116.00074005127,-21.0321044921875,0.1,1.71,1.93,3.21,2.73,4.01,2.26,2,2.69
"WANorth","Karratha",116.048873901367,-21.0148506164551,0.1,1.71,2.98,3.23,2.75,4.03,1.86,1.71,2.09
"QLDNorth","Mackay",149.189743041992,-21.0312118530273,0.1,3.75,3,2.39,2.14,2.79,2.41,2.12,2.9
"WANorth","Karratha",116.110061645508,-20.9945011138916,0.1,1.71,1.84,3.27,2.78,4.09,2.5,2.19,3.02
"WANorth","Karratha",116.153228759766,-20.9728336334229,0.1,1.7,3.12,3.46,2.92,4.36,1.71,1.59,1.89
"QLDNorth","Mackay",149.048797607422,-20.9769611358643,0.1,3.75,4.24,2.38,2.13,2.78,1.75,1.62,1.94
"QLDNorth","Mackay",149.100326538086,-20.9781055450439,0.1,3.75,3.99,2.41,2.15,2.81,2.03,1.85,2.32
"QLDNorth","Mackay",149.155029296875,-20.9785442352295,0.1,3.75,3.4,2.41,2.15,2.82,1.65,1.53,1.83
"WANorth","Karratha",116.15380859375,-20.929069519043,0.1,1.7,2.72,3.37,2.86,4.24,2.12,1.92,2.43
"QLDNorth","Mackay",149.051864624023,-20.9236888885498,0.1,3.75,2.69,2.39,2.13,2.79,2.16,1.93,2.54
"WANorth","Ashburton",115.397163391113,-20.8932819366455,0.1,1.72,2.95,3.09,2.65,3.82,1.53,1.43,1.67
"WANorth","Karratha",116.189353942871,-20.8822536468506,0.1,1.69,2.98,3.54,2.98,4.47,1.84,1.69,2.07
"QLDNorth","Mackay",148.893890380859,-20.8751964569092,0.1,3.75,3.86,2.37,2.12,2.78,2.13,1.92,2.45
"QLDNorth","Mackay",148.945083618164,-20.8749885559082,0.1,3.74,4.08,2.43,2.16,2.85,1.89,1.73,2.13
"QLDNorth","Mackay",148.993865966797,-20.8916931152344,0.1,3.74,3.54,2.43,2.17,2.85,1.36,1.3,1.45
"WANorth","Ashburton",115.311599731445,-20.8363857269287,0.1,1.67,3.61,4.18,3.46,5.4,1.41,1.34,1.52
"WANorth","Karratha",116.207725524902,-20.8317775726318,0.1,1.71,2.7,3.23,2.75,4.02,1.39,1.33,1.5
"WANorth","Karratha",116.247543334961,-20.8148975372314,0.1,1.73,2.23,2.94,2.53,3.62,1.65,1.53,1.84
"WANorth","Karratha",116.338638305664,-20.8400115966797,0.1,1.71,2.22,3.15,2.69,3.91,1.65,1.53,1.84
"WANorth","Karratha",116.370178222656,-20.8314571380615,0.1,1.71,1.87,3.14,2.68,3.9,2.34,2.07,2.79
"WANorth","Karratha",116.419342041016,-20.82692527771,0.1,1.71,2.86,3.14,2.68,3.9,1.88,1.72,2.11
"QLDNorth","Mackay",148.842803955078,-20.8253059387207,0.1,3.75,3.45,2.38,2.12,2.78,1.39,1.32,1.49
"WANorth","Ashburton",115.300354003906,-20.7760372161865,0.1,1.67,2.91,4.28,3.54,5.55,1.71,1.58,1.92
"WANorth","Ashburton",115.487831115723,-20.7847900390625,0.1,1.76,2.09,2.54,2.22,3.08,2.51,2.2,3.03
"WANorth","Karratha",116.49250793457,-20.7913150787354,0.1,1.7,2.84,3.49,2.95,4.39,1.87,1.72,2.11
"QLDNorth","Mackay",148.845092773438,-20.78391456604,0.1,3.75,2.95,2.39,2.13,2.79,1.57,1.47,1.72
"WANorth","Ashburton",115.352661132812,-20.7395095825195,0.1,1.67,3.82,4.18,3.46,5.4,1.36,1.3,1.45
"WANorth","Ashburton",115.492980957031,-20.7369003295898,0.1,1.8,2.07,2.2,1.96,2.6,2.62,2.28,3.17
"WANorth","Karratha",116.54035949707,-20.746467590332,0.1,1.7,2.82,3.48,2.95,4.36,1.87,1.72,2.11
"QLDNorth","Mackay",148.822952270508,-20.7695465087891,0.1,2.72,2.48,2.39,2.13,2.8,1.66,1.54,1.85
"WANorth","Karratha",116.580741882324,-20.6878547668457,0.1,1.7,2.98,3.52,2.98,4.42,1.4,1.33,1.51
"WANorth","Karratha",116.834449768066,-20.7047786712646,0.1,3.83,4.61,1.98,1.79,2.29,1.37,1.31,1.47
"WANorth","Karratha",116.889343261719,-20.715892791748,0.1,3.81,4.34,2.06,1.86,2.4,1.52,1.43,1.66
"WANorth","Karratha",117.254760742188,-20.7014217376709,0.1,3.77,3.89,2.3,2.04,2.73,2,1.81,2.32
"WANorth","Karratha",117.30729675293,-20.723934173584,0.1,3.76,3.95,2.35,2.08,2.8,1.9,1.73,2.18
"WANorth","Karratha",117.371124267578,-20.7290821075439,0.1,3.76,3.86,2.41,2.12,2.87,2.1,1.88,2.45
"WANorth","Karratha",117.407180786133,-20.7229251861572,0.1,3.75,3.98,2.44,2.15,2.92,1.89,1.72,2.16
"WANorth","Karratha",117.478233337402,-20.7161254882812,0.1,3.75,4.09,2.5,2.19,3.01,1.73,1.59,1.94
"WANorth","Karratha",117.53833770752,-20.70654296875,0.1,3.74,4.81,2.52,2.21,3.04,1.34,1.28,1.42
"WANorth","Karratha",117.576545715332,-20.6753768920898,0.1,3.74,4.11,2.54,2.22,3.06,1.95,1.78,2.21
"QLDNorth","Mackay",148.733520507812,-20.6849021911621,0.1,2.73,2.97,2.3,2.06,2.68,1.88,1.73,2.13
"QLDNorth","Mackay",148.759948730469,-20.7212963104248,0.1,2.72,2.56,2.34,2.09,2.73,1.59,1.48,1.75
"WANorth","Karratha",116.56339263916,-20.6260738372803,0.1,1.7,2.83,3.5,2.96,4.39,1.46,1.37,1.58
"WANorth","Karratha",116.816337585449,-20.6157131195068,0.1,3.83,4.35,1.99,1.8,2.29,1.47,1.39,1.59
"WANorth","Karratha",117.007186889648,-20.6498851776123,0.1,3.78,4.36,2.24,1.99,2.63,1.48,1.4,1.61
"WANorth","Karratha",117.050231933594,-20.6246738433838,0.1,3.77,4.37,2.31,2.05,2.74,1.53,1.43,1.67
"WANorth","Karratha",117.200706481934,-20.6297302246094,0.1,3.76,3.95,2.34,2.07,2.78,2.23,1.98,2.63
"WANorth","Karratha",117.641456604004,-20.6586017608643,0.1,3.75,3.98,2.51,2.2,3.01,2.14,1.93,2.47
"QLDNorth","Mackay",148.729705810547,-20.6312599182129,0.1,2.73,2.23,2.28,2.04,2.66,1.77,1.63,1.99
"WANorth","Karratha",116.63346862793,-20.5624713897705,0.1,1.72,2.87,3.08,2.64,3.8,1.46,1.38,1.59
"WANorth","Karratha",116.853927612305,-20.5505542755127,0.1,3.81,4.21,2.07,1.86,2.4,1.57,1.47,1.73
"WANorth","Karratha",117.088943481445,-20.6125068664551,0.1,3.76,5,2.38,2.1,2.83,1.35,1.29,1.44
"WANorth","Karratha",117.70694732666,-20.609338760376,0.1,3.74,4.85,2.52,2.21,3.03,1.34,1.28,1.43
"WANorth","Karratha",117.731239318848,-20.6048641204834,0.1,3.75,4.54,2.43,2.14,2.91,1.44,1.36,1.55
"WANorth","Port Hedland",117.788162231445,-20.5817928314209,0.1,3.76,4.22,2.42,2.13,2.88,1.65,1.53,1.84
"WANorth","Port Hedland",117.855735778809,-20.5904445648193,0.1,3.75,4.06,2.43,2.14,2.89,1.94,1.77,2.2
"QLDNorth","Whitsunday",148.675888061523,-20.5708465576172,0.1,2.74,3.07,2.21,1.98,2.56,1.67,1.56,1.83
"QLDNorth","Whitsunday",148.85710144043,-20.5329475402832,0.1,2.72,3.2,2.34,2.08,2.74,1.61,1.51,1.76
"QLDNorth","Whitsunday",148.89958190918,-20.547945022583,0.1,2.71,2.89,2.44,2.17,2.88,1.42,1.35,1.53
"WANorth","Karratha",116.695823669434,-20.5156555175781,0.1,3.72,5.01,2.81,2.44,3.43,1.38,1.32,1.48
"WANorth","Karratha",116.8779296875,-20.5187358856201,0.1,3.8,4.09,2.1,1.88,2.44,2.22,1.97,2.62
"WANorth","Port Hedland",117.895408630371,-20.5413818359375,0.1,3.75,4.05,2.44,2.15,2.91,1.95,1.78,2.21
"QLDNorth","Whitsunday",148.694717407227,-20.5426292419434,0.1,2.74,2.88,2.21,1.99,2.57,1.94,1.77,2.2
"QLDNorth","Whitsunday",148.712020874023,-20.5181045532227,0.1,2.74,3.3,2.21,1.98,2.56,1.57,1.48,1.71
"QLDNorth","Whitsunday",148.81755065918,-20.5104503631592,0.1,2.73,3.01,2.27,2.03,2.65,1.64,1.53,1.8
"QLDNorth","Whitsunday",148.934631347656,-20.5306968688965,0.1,2.69,2.77,2.63,2.31,3.13,1.59,1.49,1.76
"WANorth","Karratha",116.779930114746,-20.5041923522949,0.1,3.71,4.78,2.94,2.54,3.6,1.44,1.36,1.55
"WANorth","Karratha",116.891662597656,-20.4834842681885,0.1,3.8,4.85,2.14,1.92,2.5,1.45,1.37,1.57
"WANorth","Port Hedland",117.913688659668,-20.4775104522705,0.1,3.74,4.54,2.52,2.21,3.02,1.45,1.38,1.56
"QLDNorth","Whitsunday",148.913909912109,-20.4831104278564,0.1,2.7,2.99,2.53,2.23,2.99,1.48,1.39,1.61
"WANorth","Karratha",116.801399230957,-20.432638168335,0.1,3.7,4.69,3.1,2.66,3.82,1.46,1.38,1.59
"WANorth","Karratha",116.898109436035,-20.4479827880859,0.1,3.78,4.91,2.23,1.98,2.62,1.44,1.36,1.56
"WANorth","Port Hedland",117.92943572998,-20.4624061584473,0.1,3.75,4.59,2.45,2.16,2.93,1.42,1.35,1.53
"WANorth","Port Hedland",118.020324707031,-20.4503135681152,0.1,3.76,4.12,2.35,2.08,2.8,1.53,1.45,1.66
"QLDNorth","Whitsunday",148.889389038086,-20.4597663879395,0.1,2.69,4.51,2.62,2.3,3.13,1.21,1.18,1.26
"WANorth","Karratha",116.891777038574,-20.3901996612549,0.1,3.73,5.13,2.62,2.29,3.15,1.42,1.35,1.53
"WANorth","Port Hedland",118.058555603027,-20.4135265350342,0.1,3.76,3.65,2.36,2.08,2.8,1.79,1.66,2
"QLDNorth","Whitsunday",148.895095825195,-20.3785915374756,0.1,2.69,3.37,2.68,2.35,3.2,1.62,1.52,1.78
"QLDNorth","Whitsunday",148.952117919922,-20.3802852630615,0.1,2.69,3.11,2.64,2.32,3.15,1.74,1.61,1.94
"QLDNorth","Mackay",149.021896362305,-20.3936939239502,0.1,2.69,3.93,2.62,2.3,3.12,1.45,1.37,1.57
"WANorth","Port Hedland",118.129188537598,-20.370532989502,0.1,3.76,4.35,2.37,2.1,2.82,1.55,1.45,1.7
"WANorth","Port Hedland",118.167083740234,-20.3465995788574,0.1,3.76,4.41,2.38,2.11,2.82,1.52,1.43,1.66
"WANorth","Port Hedland",118.196533203125,-20.3357353210449,0.1,3.77,4.25,2.29,2.03,2.69,1.62,1.51,1.8
"WANorth","Port Hedland",118.26683807373,-20.3528156280518,0.1,3.77,4.66,2.29,2.03,2.7,1.4,1.33,1.51
"WANorth","Port Hedland",118.31844329834,-20.3370609283447,0.1,3.77,4.22,2.29,2.04,2.7,1.66,1.54,1.86
"WANorth","Port Hedland",118.367660522461,-20.3476428985596,0.1,3.78,3.16,2.24,1.99,2.63,2.05,1.86,2.35
"QLDNorth","Whitsunday",148.919830322266,-20.3214683532715,0.1,2.68,3.56,2.73,2.39,3.27,1.55,1.46,1.69
"QLDNorth","Whitsunday",149.051406860352,-20.3108921051025,0.1,2.69,4.26,2.6,2.29,3.09,1.45,1.37,1.57
"WANorth","Port Hedland",118.455070495605,-20.3152179718018,0.1,3.77,4.99,2.28,2.03,2.68,1.31,1.26,1.39
"WANorth","Port Hedland",118.461875915527,-20.3154773712158,0.1,3.77,4.95,2.28,2.03,2.68,1.33,1.27,1.41
"WANorth","Port Hedland",118.53050994873,-20.3007946014404,0.1,3.77,4.65,2.3,2.05,2.7,1.43,1.36,1.54
"WANorth","Port Hedland",118.634323120117,-20.2938327789307,0.1,3.77,4.33,2.3,2.05,2.71,1.57,1.47,1.73
"WANorth","Port Hedland",118.696647644043,-20.3080749511719,0.1,3.77,4.99,2.3,2.04,2.7,1.32,1.27,1.4
"WANorth","Port Hedland",118.741676330566,-20.2921085357666,0.1,3.77,2.86,2.31,2.05,2.72,2.07,1.87,2.37
"QLDNorth","Whitsunday",148.906173706055,-20.2758388519287,0.1,2.68,2.87,2.78,2.43,3.35,2.01,1.83,2.31
"QLDNorth","Whitsunday",149.048431396484,-20.2850322723389,0.1,2.68,4.26,2.81,2.45,3.39,1.77,1.63,2
"WANorth","Port Hedland",118.827583312988,-20.2426986694336,0.1,3.76,4.1,2.35,2.09,2.77,1.78,1.63,2.01
"WANorth","Port Hedland",118.840995788574,-20.229076385498,0.1,3.76,2.83,2.37,2.1,2.79,1.85,1.69,2.08
"QLDNorth","Whitsunday",148.831161499023,-20.2356262207031,0.1,2.67,2.92,2.88,2.5,3.48,2.06,1.87,2.37
"QLDNorth","Whitsunday",148.910110473633,-20.2499942779541,0.1,2.67,3.24,2.95,2.56,3.58,1.61,1.51,1.77
"QLDNorth","Whitsunday",149.029388427734,-20.2381935119629,0.1,2.68,4.31,2.82,2.46,3.4,1.79,1.64,2.03
"WANorth","Port Hedland",118.865966796875,-20.2053852081299,0.1,3.76,3.04,2.4,2.13,2.84,1.57,1.47,1.72
"QLDNorth","Whitsunday",148.681640625,-20.1868515014648,0.1,2.66,3.4,2.98,2.58,3.62,1.49,1.4,1.62
"QLDNorth","Whitsunday",148.752014160156,-20.2341957092285,0.1,2.66,3.08,3.02,2.61,3.68,1.76,1.63,1.98
"QLDNorth","Whitsunday",148.811904907227,-20.2081069946289,0.1,2.66,2.99,3.01,2.6,3.66,1.99,1.81,2.25
"QLDNorth","Whitsunday",148.89094543457,-20.1693572998047,0.1,2.67,3.32,2.96,2.56,3.59,1.6,1.5,1.75
"QLDNorth","Whitsunday",149.0478515625,-20.1767330169678,0.1,2.67,4.34,2.83,2.46,3.41,1.8,1.65,2.03
"WANorth","Port Hedland",118.907958984375,-20.1533355712891,0.1,3.76,3.14,2.41,2.14,2.85,1.52,1.43,1.65
"QLDNorth","Whitsunday",148.616928100586,-20.1395874023438,0.1,2.67,3.07,2.94,2.55,3.58,1.86,1.7,2.1
"QLDNorth","Whitsunday",148.878921508789,-20.1377506256104,0.1,2.66,3,3.04,2.63,3.71,1.9,1.73,2.15
"QLDNorth","Whitsunday",149.020416259766,-20.1534824371338,0.1,2.67,4.33,2.9,2.52,3.5,1.9,1.73,2.17
"WANorth","Port Hedland",118.972709655762,-20.0898818969727,0.1,3.75,2.66,2.46,2.18,2.92,1.89,1.73,2.14
"QLDNorth","Whitsunday",148.307312011719,-20.1071434020996,0.1,2.18,2.63,3.13,2.7,3.85,1.9,1.74,2.15
"QLDNorth","Whitsunday",148.337829589844,-20.1377258300781,0.1,2.18,2.76,3.17,2.73,3.9,1.66,1.54,1.85
"QLDNorth","Whitsunday",148.644317626953,-20.0960540771484,0.1,2.66,3.03,3,2.59,3.65,1.96,1.79,2.23
"QLDNorth","Whitsunday",148.877655029297,-20.0655612945557,0.1,2.66,3.59,3.1,2.67,3.8,1.49,1.41,1.6
"QLDNorth","Whitsunday",148.969421386719,-20.0698776245117,0.1,2.67,4.45,2.91,2.53,3.51,1.88,1.72,2.15
"WANorth","Port Hedland",118.997650146484,-20.0329113006592,0.1,3.75,4.99,2.44,2.16,2.89,1.66,1.54,1.84
"WANorth","East Pilbara",119.519950866699,-20.0433902740479,0.1,3.77,3.99,2.33,2.08,2.71,1.96,1.79,2.24
"WANorth","East Pilbara",119.583999633789,-20.0681285858154,0.1,3.76,3.95,2.35,2.1,2.73,1.97,1.79,2.24
"WANorth","East Pilbara",119.636421203613,-20.0477066040039,0.1,3.76,1.81,2.35,2.1,2.74,1.85,1.7,2.08
"QLDNorth","Whitsunday",148.298141479492,-20.0416526794434,0.1,2.18,2.83,3.1,2.67,3.8,1.69,1.57,1.87
"QLDNorth","Whitsunday",148.433990478516,-20.0228958129883,0.1,2.18,2.68,3.21,2.75,3.95,1.8,1.65,2.02
"QLDNorth","Whitsunday",148.536437988281,-20.0547847747803,0.1,2.19,2.74,3.04,2.62,3.71,1.73,1.6,1.92
"QLDNorth","Whitsunday",148.565017700195,-20.0668964385986,0.1,2.67,3.43,2.97,2.57,3.61,1.56,1.46,1.7
"QLDNorth","Whitsunday",148.895431518555,-20.0388641357422,0.1,2.66,3.47,3.02,2.61,3.69,1.53,1.44,1.66
"QLDNorth","Whitsunday",148.955841064453,-20.0561389923096,0.1,2.66,5.02,3,2.6,3.65,1.5,1.41,1.64
"WANorth","Port Hedland",119.073089599609,-20.0058364868164,0.1,3.75,3.83,2.47,2.18,2.93,2.27,2.03,2.66
"WANorth","Port Hedland",119.086044311523,-19.9914436340332,0.1,3.75,4.34,2.47,2.18,2.93,2.2,1.98,2.55
"WANorth","Port Hedland",119.365753173828,-19.9896373748779,0.1,3.75,4.1,2.43,2.16,2.85,1.87,1.71,2.12
"WANorth","Port Hedland",119.421737670898,-19.9905967712402,0.1,3.76,4.04,2.39,2.13,2.8,1.95,1.78,2.23
"WANorth","Port Hedland",119.469665527344,-20.003963470459,0.1,3.76,4.09,2.4,2.14,2.81,1.96,1.79,2.23
"WANorth","East Pilbara",119.688293457031,-19.9963130950928,0.1,3.76,1.82,2.36,2.11,2.75,1.83,1.69,2.06
"QLDNorth","Whitsunday",148.267623901367,-19.9859199523926,0.1,2.18,2.73,3.09,2.66,3.79,1.7,1.57,1.89
"QLDNorth","Whitsunday",148.433792114258,-19.9874267578125,0.1,2.18,2.91,3.2,2.75,3.95,1.63,1.52,1.8
"QLDNorth","Whitsunday",148.552749633789,-19.9927291870117,0.1,2.18,4.18,3.16,2.71,3.88,2.03,1.83,2.33
"WANorth","Port Hedland",119.168464660645,-19.9530563354492,0.1,3.75,4.05,2.42,2.15,2.85,2.03,1.84,2.33
"WANorth","Port Hedland",119.206848144531,-19.9463481903076,0.1,3.75,4.01,2.43,2.16,2.85,2.19,1.96,2.55
"WANorth","Port Hedland",119.25757598877,-19.9648323059082,0.1,3.75,3.96,2.49,2.2,2.94,2.11,1.91,2.44
"WANorth","Port Hedland",119.307754516602,-19.9808597564697,0.1,3.76,4.36,2.41,2.15,2.83,1.85,1.7,2.09
"WANorth","East Pilbara",119.744606018066,-19.9636402130127,0.1,3.76,3.9,2.38,2.12,2.79,2.14,1.93,2.47
"WANorth","East Pilbara",119.843452453613,-19.9636344909668,0.1,3.77,3.87,2.34,2.09,2.73,2.12,1.91,2.44
"WANorth","East Pilbara",119.89623260498,-19.9465560913086,0.1,3.76,3.89,2.35,2.1,2.75,2.1,1.9,2.42
"WANorth","East Pilbara",119.945373535156,-19.9375991821289,0.1,3.77,3.9,2.33,2.08,2.72,2.08,1.88,2.39
"WANorth","East Pilbara",119.996444702148,-19.9295768737793,0.1,3.77,1.76,2.3,2.06,2.67,1.75,1.62,1.95
"QLDNorth","Whitsunday",148.151626586914,-19.9428615570068,0.1,2.18,2.76,3.11,2.67,3.82,1.79,1.65,2
"QLDNorth","Whitsunday",148.206604003906,-19.9486331939697,0.1,2.18,2.78,3.09,2.66,3.79,1.67,1.55,1.85
"QLDNorth","Whitsunday",148.441223144531,-19.9711360931396,0.1,2.18,2.99,3.15,2.7,3.88,1.58,1.48,1.73
"QLDNorth","Whitsunday",148.452850341797,-19.9661026000977,0.1,2.18,4.93,3.11,2.67,3.82,2.09,1.89,2.4
"WANorth","Broome",120.065490722656,-19.9218635559082,0.1,3.77,4,2.3,2.06,2.68,1.92,1.75,2.18
"WANorth","Broome",120.112655639648,-19.914041519165,0.1,3.77,3.97,2.3,2.06,2.68,1.98,1.8,2.25
"WANorth","Broome",120.158889770508,-19.9079303741455,0.1,3.77,3.96,2.29,2.05,2.67,1.99,1.81,2.27
"WANorth","Broome",120.213424682617,-19.9057884216309,0.1,3.77,1.59,2.32,2.07,2.7,1.78,1.64,1.98
"QLDNorth","Whitsunday",148.089401245117,-19.8941669464111,0.1,2.19,5.17,2.95,2.55,3.59,1.99,1.81,2.27
"WANorth","Broome",120.28434753418,-19.8830451965332,0.1,3.76,3.95,2.36,2.1,2.75,1.99,1.81,2.27
"WANorth","Broome",120.331367492676,-19.8702392578125,0.1,3.77,3.96,2.33,2.08,2.72,1.96,1.79,2.23
"WANorth","Broome",120.376899719238,-19.8509407043457,0.1,3.78,1.39,2.26,2.03,2.62,1.88,1.73,2.12
"QLDNorth","Whitsunday",147.870895385742,-19.8506202697754,0.1,2.19,2.67,3.04,2.62,3.73,1.91,1.75,2.16
"QLDNorth","Whitsunday",147.89860534668,-19.8779392242432,0.1,2.18,2.87,3.07,2.64,3.77,1.73,1.6,1.92
"QLDNorth","Whitsunday",148.025787353516,-19.8905639648438,0.1,2.18,2.78,3.15,2.7,3.87,1.8,1.66,2.01
"QLDNorth","Whitsunday",148.049194335938,-19.880392074585,0.1,2.18,5.26,3.13,2.69,3.86,2,1.82,2.28
"WANorth","Broome",120.446357727051,-19.824390411377,0.1,3.77,3.95,2.32,2.08,2.7,1.99,1.81,2.27
"WANorth","Broome",120.484565734863,-19.8106021881104,0.1,3.77,3.96,2.31,2.07,2.69,1.99,1.81,2.26
"WANorth","Broome",120.529876708984,-19.7982482910156,0.1,3.77,1.16,2.3,2.06,2.67,2.1,1.89,2.41
"QLDNorth","Burdekin",147.636581420898,-19.7879085540771,0.1,2.17,2.51,3.24,2.77,4.02,2.17,1.95,2.52
"QLDNorth","Burdekin",147.66423034668,-19.8059043884277,0.1,2.17,2.67,3.31,2.82,4.11,1.88,1.73,2.12
"QLDNorth","Whitsunday",147.857131958008,-19.801721572876,0.1,2.19,5.35,3.04,2.62,3.73,1.99,1.81,2.26
"WANorth","Broome",120.579978942871,-19.7765197753906,0.1,3.77,3.96,2.28,2.05,2.64,2.01,1.82,2.28
"WANorth","Broome",120.65160369873,-19.7546901702881,0.1,3.77,3.94,2.29,2.06,2.66,2.01,1.83,2.29
"WANorth","Broome",120.687477111816,-19.7428932189941,0.1,3.77,3.94,2.31,2.07,2.68,2.03,1.84,2.32
"WANorth","Broome",120.729225158691,-19.7241172790527,0.1,3.77,1.07,2.29,2.05,2.65,2.06,1.87,2.36
"QLDNorth","Burdekin",147.605331420898,-19.7488174438477,0.1,2.18,2.63,3.17,2.71,3.92,1.97,1.79,2.24
"QLDNorth","Whitsunday",147.738739013672,-19.7649955749512,0.1,2.17,2.4,3.29,2.81,4.09,2.28,2.04,2.66
"QLDNorth","Whitsunday",147.856964111328,-19.7432193756104,0.1,2.18,5.46,3.08,2.64,3.78,2.02,1.84,2.3
"WANorth","Broome",120.793174743652,-19.6948852539062,0.1,5.24,2.38,2.27,2.04,2.62,2.24,2.01,2.61
"QLDNorth","Burdekin",147.612564086914,-19.6770915985107,0.1,2.26,2.86,3.09,2.66,3.8,1.82,1.67,2.04
"QLDNorth","Whitsunday",147.75080871582,-19.702392578125,0.1,2.18,2.73,3.18,2.73,3.93,1.85,1.7,2.08
"QLDNorth","Whitsunday",147.780395507812,-19.7049865722656,0.1,2.18,2.92,3.18,2.72,3.93,1.7,1.58,1.88
"QLDNorth","Whitsunday",147.826461791992,-19.7084178924561,0.1,2.18,5.51,3.08,2.64,3.78,2,1.82,2.27
"WANorth","Broome",120.856033325195,-19.6699066162109,0.1,5.24,5.41,2.27,2.04,2.63,2.03,1.84,2.31
"WANorth","Broome",120.902053833008,-19.6542224884033,0.1,5.24,5.41,2.29,2.05,2.65,1.99,1.82,2.26
"WANorth","Broome",120.94229888916,-19.6378479003906,0.1,5.26,2.3,2.19,1.98,2.51,2.24,2.01,2.6
"QLDNorth","Burdekin",147.608001708984,-19.6527614593506,0.1,2.26,5.59,3.14,2.69,3.88,2.07,1.88,2.36
"WANorth","Broome",121.010299682617,-19.5989818572998,0.1,5.25,2.51,2.23,2.01,2.57,1.9,1.74,2.14
"QLDNorth","Burdekin",147.57568359375,-19.5920028686523,0.1,2.26,5.58,3.07,2.64,3.77,2.16,1.95,2.48
"WANorth","Broome",121.067588806152,-19.5578746795654,0.1,5.23,2.6,2.35,2.1,2.74,1.82,1.68,2.04
"QLDNorth","Burdekin",147.566986083984,-19.5536823272705,0.1,2.26,5.61,3.1,2.67,3.82,2.11,1.91,2.41
"WANorth","Broome",121.12336730957,-19.5209617614746,0.1,5.24,5.62,2.26,2.03,2.61,1.8,1.66,2.01
"WANorth","Broome",121.15958404541,-19.4946613311768,0.1,5.24,2.62,2.26,2.04,2.61,1.79,1.65,2
"QLDNorth","Burdekin",147.518493652344,-19.4948139190674,0.1,2.26,5.9,3.08,2.65,3.8,1.81,1.67,2.04
"WANorth","Broome",121.21656036377,-19.4481582641602,0.1,5.24,2.43,2.29,2.05,2.65,1.96,1.79,2.23
"QLDNorth","Burdekin",147.482009887695,-19.440486907959,0.1,2.26,5.89,3.08,2.65,3.79,1.83,1.68,2.05
"WANorth","Broome",121.255737304688,-19.4106731414795,0.1,5.24,2.21,2.32,2.08,2.69,2.64,2.32,3.16
"QLDNorth","Townsville",147.112716674805,-19.3939304351807,0.1,2.28,2.43,3.42,2.9,4.26,2.79,2.42,3.37
"QLDNorth","Burdekin",147.154144287109,-19.4040985107422,0.1,2.27,2.88,3.48,2.95,4.36,1.93,1.76,2.2
"QLDNorth","Burdekin",147.201370239258,-19.4158000946045,0.1,2.27,2.87,3.52,2.98,4.43,1.94,1.76,2.21
"QLDNorth","Burdekin",147.27033996582,-19.4202575683594,0.1,2.23,2.92,3.63,3.06,4.59,1.85,1.7,2.1
"QLDNorth","Burdekin",147.316925048828,-19.4074878692627,0.1,2.23,2.92,3.62,3.05,4.57,1.86,1.7,2.1
"QLDNorth","Burdekin",147.366546630859,-19.4134864807129,0.1,2.24,2.69,3.6,3.04,4.55,2.07,1.87,2.36
"QLDNorth","Burdekin",147.444625854492,-19.380880355835,0.1,2.24,5.83,3.45,2.93,4.3,1.83,1.68,2.06
"WANorth","Broome",121.288803100586,-19.3769283294678,0.1,5.23,2.22,2.35,2.1,2.73,2.65,2.32,3.17
"QLDNorth","Townsville",147.091766357422,-19.3602600097656,0.1,2.28,5.67,3.42,2.91,4.27,2.02,1.83,2.31
"WANorth","Broome",121.341453552246,-19.3204784393311,0.1,5.23,5.49,2.34,2.09,2.72,1.96,1.79,2.23
"WANorth","Broome",121.361099243164,-19.2930088043213,0.1,5.23,2.66,2.36,2.11,2.75,2.16,1.94,2.51
"QLDNorth","Townsville",146.900085449219,-19.3002738952637,0.1,2.35,2.91,3.24,2.78,3.99,2.05,1.85,2.35
"QLDNorth","Townsville",146.94758605957,-19.2947425842285,0.1,2.28,5.62,3.31,2.83,4.09,1.96,1.79,2.23
"WANorth","Broome",121.392044067383,-19.2532920837402,0.1,5.23,2.73,2.36,2.11,2.75,2.06,1.86,2.36
"QLDNorth","Townsville",146.981781005859,-19.2680759429932,0.1,2.28,3.22,3.33,2.85,4.12,1.72,1.59,1.91
"QLDNorth","Townsville",147.061813354492,-19.2527599334717,0.1,2.28,5.52,3.41,2.9,4.25,2.16,1.95,2.48
"WANorth","Broome",121.431411743164,-19.2021427154541,0.1,5.23,2.7,2.35,2.1,2.74,2.1,1.9,2.42
"QLDNorth","Townsville",147.002349853516,-19.2261600494385,0.1,2.28,2.96,3.31,2.83,4.08,1.89,1.73,2.14
"QLDNorth","Townsville",147.045791625977,-19.2077312469482,0.1,2.28,5.49,3.32,2.83,4.1,2.15,1.94,2.47
"WANorth","Broome",121.471351623535,-19.1473999023438,0.1,5.23,2.56,2.34,2.09,2.72,2.38,2.12,2.78
"QLDNorth","Townsville",146.617416381836,-19.1560077667236,0.1,2.36,3.42,3.07,2.66,3.72,1.74,1.61,1.96
"QLDNorth","Townsville",146.672744750977,-19.1812114715576,0.1,2.35,2.78,3.1,2.68,3.76,2.2,1.98,2.55
"QLDNorth","Townsville",146.745254516602,-19.1750354766846,0.1,2.35,2.53,3.14,2.71,3.83,2.46,2.18,2.9
"QLDNorth","Townsville",146.884170532227,-19.1261463165283,0.1,2.35,2.85,3.22,2.77,3.96,2.11,1.91,2.44
"QLDNorth","Townsville",147.014053344727,-19.1807861328125,0.1,2.28,2.84,3.33,2.85,4.12,2.06,1.86,2.37
"QLDNorth","Townsville",147.022735595703,-19.1852207183838,0.1,2.28,5.54,3.33,2.85,4.12,2.03,1.84,2.32
"WANorth","Broome",121.51439666748,-19.0784320831299,0.1,5.23,2.53,2.37,2.11,2.77,2.47,2.2,2.9
"QLDNorth","Townsville",146.524719238281,-19.0995292663574,0.1,2.36,2.67,3.06,2.65,3.71,2.29,2.05,2.67
"QLDNorth","Townsville",146.544876098633,-19.1108875274658,0.1,2.36,3.27,3.07,2.66,3.72,1.77,1.63,1.98
"QLDNorth","Townsville",146.780822753906,-19.1178245544434,0.1,2.35,3.13,3.18,2.74,3.89,1.84,1.69,2.08
"QLDNorth","Townsville",146.884262084961,-19.1123752593994,0.1,2.35,5.56,3.24,2.78,3.99,2.01,1.83,2.3
"WANorth","Broome",121.520469665527,-19.0504398345947,0.1,5.23,3.11,2.38,2.12,2.78,1.89,1.73,2.15
"QLDNorth","Townsville",146.468566894531,-19.0711936950684,0.1,2.36,3.24,3.03,2.63,3.66,1.77,1.63,1.98
"QLDNorth","Townsville",146.793090820312,-19.1095657348633,0.1,2.35,3.01,3.2,2.75,3.92,1.94,1.77,2.21
"QLDNorth","Townsville",146.837158203125,-19.102445602417,0.1,2.35,5.33,3.23,2.77,3.96,2.3,2.06,2.67
"WANorth","Broome",121.545501708984,-18.9979515075684,0.1,5.23,2.79,2.38,2.12,2.78,2.21,1.99,2.57
"QLDNorth","Townsville",146.406478881836,-19.0029544830322,0.1,2.36,5.24,3.01,2.62,3.65,2.19,1.97,2.53
"WANorth","Broome",121.551979064941,-18.9434871673584,0.1,5.23,2.64,2.38,2.12,2.79,2.44,2.17,2.86
"QLDNorth","Townsville",146.331924438477,-18.9381656646729,0.1,2.29,2.42,2.9,2.52,3.5,2.47,2.2,2.91
"QLDNorth","Townsville",146.365142822266,-18.9604206085205,0.1,2.28,5.06,2.97,2.58,3.59,2.32,2.08,2.71
"WANorth","Broome",121.59538269043,-18.8983860015869,0.1,5.23,2.72,2.4,2.14,2.81,2.31,2.07,2.69
"QLDNorth","Hinchinbrook",146.309585571289,-18.9009704589844,0.1,2.29,5.39,2.86,2.49,3.45,1.8,1.66,2.02
"WANorth","Broome",121.602256774902,-18.8637847900391,0.1,5.23,2.93,2.39,2.13,2.8,2.12,1.91,2.45
"QLDNorth","Hinchinbrook",146.279510498047,-18.8430213928223,0.1,2.3,2.87,2.78,2.43,3.35,1.94,1.77,2.22
"QLDNorth","Palm Island",146.553527832031,-18.8467845916748,0.1,2.27,2.97,3.13,2.7,3.81,1.89,1.73,2.14
"QLDNorth","Palm Island",146.644714355469,-18.7806949615479,0.1,2.27,3.07,3.18,2.73,3.9,1.83,1.68,2.05
"QLDNorth","Palm Island",146.662719726562,-18.7778167724609,0.1,2.27,5.15,3.2,2.75,3.93,2.25,2.02,2.6
"WANorth","Broome",121.630653381348,-18.8212699890137,0.1,5.23,3.11,2.39,2.13,2.79,1.89,1.73,2.15
"QLDNorth","Hinchinbrook",146.28483581543,-18.788667678833,0.1,2.3,2.62,2.76,2.41,3.31,2.21,1.98,2.55
"QLDNorth","Palm Island",146.537780761719,-18.7881507873535,0.1,2.27,5.3,3.22,2.76,3.95,1.91,1.75,2.17
"WANorth","Broome",121.633827209473,-18.7459316253662,0.1,5.22,3.13,2.41,2.14,2.82,1.87,1.71,2.12
"QLDNorth","Hinchinbrook",146.29362487793,-18.7438869476318,0.1,2.3,2.48,2.75,2.4,3.3,2.22,2,2.55
"QLDNorth","Palm Island",146.530319213867,-18.7633838653564,0.1,2.27,2.97,3.28,2.81,4.04,1.84,1.69,2.07
"QLDNorth","Palm Island",146.695037841797,-18.7528095245361,0.1,2.26,5.58,3.35,2.86,4.15,1.67,1.56,1.85
"WANorth","Broome",121.631500244141,-18.6964435577393,0.1,5.23,3.2,2.35,2.1,2.74,1.86,1.7,2.1
"QLDNorth","Hinchinbrook",146.313293457031,-18.6965656280518,0.1,2.3,2.49,2.78,2.42,3.35,2.06,1.87,2.35
"QLDNorth","Palm Island",146.530151367188,-18.6977615356445,0.1,2.27,5.17,3.2,2.75,3.93,1.99,1.82,2.27
"WANorth","Broome",121.702735900879,-18.6924514770508,0.1,5.24,5.46,2.31,2.07,2.69,2.03,1.84,2.31
"WANorth","Broome",121.748542785645,-18.6694412231445,0.1,5.24,3.02,2.32,2.08,2.69,1.92,1.75,2.18
"QLDNorth","Hinchinbrook",146.317077636719,-18.6443119049072,0.1,2.31,2.84,2.68,2.35,3.22,1.86,1.71,2.1
"QLDNorth","Palm Island",146.55891418457,-18.6555709838867,0.1,2.26,3.03,3.38,2.88,4.18,1.85,1.7,2.08
"QLDNorth","Palm Island",146.595520019531,-18.6801776885986,0.1,2.26,5.15,3.4,2.9,4.21,2.19,1.97,2.53
"WANorth","Broome",121.738983154297,-18.5859107971191,0.1,5.23,2.99,2.37,2.12,2.77,1.96,1.79,2.23
"QLDNorth","Hinchinbrook",146.3427734375,-18.5997543334961,0.1,2.29,5.11,2.87,2.5,3.48,2,1.82,2.28
"WANorth","Broome",121.748870849609,-18.5592384338379,0.1,5.23,3.13,2.4,2.14,2.8,1.88,1.72,2.13
"QLDNorth","Hinchinbrook",146.348968505859,-18.5500183105469,0.1,2.29,5.04,2.94,2.55,3.58,2.14,1.94,2.46
"WANorth","Broome",121.770851135254,-18.5249538421631,0.1,5.23,5.63,2.38,2.12,2.78,1.86,1.71,2.09
"WANorth","Broome",121.808464050293,-18.4525394439697,0.1,5.22,3.31,2.42,2.16,2.84,1.82,1.67,2.05
"QLDNorth","Cassowary Coast",146.347763061523,-18.4298896789551,0.1,2.28,5.36,3.03,2.62,3.71,1.87,1.71,2.1
"WANorth","Broome",121.834434509277,-18.4405097961426,0.1,5.22,5.95,2.42,2.15,2.83,1.65,1.54,1.82
"WANorth","Broome",121.935127258301,-18.4399223327637,0.1,5.23,3.17,2.38,2.13,2.78,1.9,1.73,2.15
"QLDNorth","Cassowary Coast",146.356842041016,-18.4150352478027,0.1,2.27,5.62,3.24,2.77,3.99,1.75,1.62,1.94
"WANorth","Broome",122.028900146484,-18.3615627288818,0.1,5.23,5.8,2.37,2.11,2.75,1.74,1.62,1.93
"WANorth","Broome",122.058647155762,-18.32155418396,0.1,5.23,5.72,2.37,2.12,2.76,1.81,1.67,2.02
"WANorth","Broome",122.108795166016,-18.3069400787354,0.1,5.23,2.83,2.37,2.12,2.76,2.03,1.84,2.33
"QLDNorth","Cassowary Coast",146.284317016602,-18.2905540466309,0.1,2.43,5.62,3.09,2.66,3.79,2.12,1.93,2.41
"WANorth","Broome",122.169158935547,-18.2484817504883,0.1,5.23,2.92,2.34,2.09,2.71,1.92,1.75,2.19
"QLDNorth","Cassowary Coast",146.306060791016,-18.244478225708,0.1,2.42,5.67,3.29,2.81,4.07,2.14,1.95,2.44
"WANorth","Broome",122.210594177246,-18.1955833435059,0.1,5.23,5.5,2.37,2.12,2.76,2.14,1.94,2.43
"WANorth","Broome",122.253555297852,-18.1877174377441,0.1,5.22,2.46,2.42,2.16,2.82,2.43,2.15,2.86
"QLDNorth","Cassowary Coast",146.217025756836,-18.1993274688721,0.1,2.42,2.66,3.39,2.88,4.22,2.4,2.13,2.83
"QLDNorth","Cassowary Coast",146.232025146484,-18.1985282897949,0.1,2.42,5.73,3.3,2.82,4.09,2.16,1.96,2.46
"WANorth","Broome",122.322677612305,-18.1571865081787,0.1,5.22,2.32,2.42,2.16,2.83,2.89,2.5,3.52
"QLDNorth","Cassowary Coast",146.008666992188,-18.1486492156982,0.1,2.42,2.5,3.26,2.79,4.04,2.91,2.52,3.55
"QLDNorth","Cassowary Coast",146.012237548828,-18.1618804931641,0.1,2.42,2.91,3.27,2.8,4.05,2.07,1.87,2.39
"QLDNorth","Cassowary Coast",146.143829345703,-18.1560192108154,0.1,2.42,2.9,3.37,2.87,4.2,2.08,1.88,2.41
"QLDNorth","Cassowary Coast",146.157608032227,-18.1430225372314,0.1,2.42,5.71,3.4,2.89,4.23,2.15,1.95,2.45
"WANorth","Broome",122.358604431152,-18.1208782196045,0.1,5.22,2.77,2.44,2.17,2.85,1.99,1.81,2.28
"QLDNorth","Cassowary Coast",146.016647338867,-18.0830326080322,0.1,2.43,5.66,3.15,2.7,3.88,2.16,1.96,2.46
"WANorth","Broome",122.369987487793,-18.0450019836426,0.1,5.22,3.06,2.46,2.19,2.88,1.78,1.64,1.99
"QLDNorth","Cassowary Coast",146.020706176758,-18.0799427032471,0.1,2.43,5.42,3.13,2.68,3.86,2.39,2.14,2.78
"WANorth","Broome",122.270835876465,-17.9692668914795,0.1,5.22,3,2.47,2.19,2.89,1.81,1.66,2.03
"QLDNorth","Cassowary Coast",146.065887451172,-18.0073947906494,0.1,2.12,2.83,3.06,2.63,3.76,1.85,1.69,2.09
"QLDNorth","Cassowary Coast",146.101272583008,-17.9797477722168,0.1,2.11,5.04,3.2,2.74,3.97,2.24,2.02,2.57
"WANorth","Broome",122.174751281738,-17.9715633392334,0.1,5.23,5.29,2.38,2.13,2.76,2.27,2.04,2.61
"WANorth","Broome",122.201286315918,-17.9162635803223,0.1,5.23,3.41,2.39,2.14,2.78,1.38,1.32,1.46
"QLDNorth","Carpentaria",140.368133544922,-17.6779441833496,0.1,2.99,3.75,1.65,1.54,1.81,1.38,1.32,1.46
"QLDNorth","Carpentaria",140.385818481445,-17.6716804504395,0.1,2.99,3.48,1.65,1.55,1.82,1.9,1.74,2.15
"QLDNorth","Cassowary Coast",146.154861450195,-17.9221496582031,0.1,2.1,4.96,3.44,2.92,4.3,2.28,2.05,2.62
"WANorth","Broome",122.204780578613,-17.8366279602051,0.1,5.23,3.5,2.4,2.14,2.79,1.37,1.31,1.45
"QLDNorth","Carpentaria",140.214996337891,-17.7029590606689,0.1,3,3.76,1.64,1.53,1.8,1.37,1.31,1.45
"QLDNorth","Carpentaria",140.218505859375,-17.7027893066406,0.1,3,3.75,1.64,1.54,1.8,1.37,1.31,1.46
"QLDNorth","Carpentaria",140.310592651367,-17.6870975494385,0.1,3,3.75,1.65,1.54,1.81,1.37,1.32,1.46
"QLDNorth","Carpentaria",140.340316772461,-17.6828422546387,0.1,3,3.37,1.65,1.54,1.81,1.47,1.4,1.58
"QLDNorth","Carpentaria",140.464904785156,-17.6438846588135,0.1,2.99,2.97,1.65,1.55,1.81,2.55,2.25,3.03
"QLDNorth","Cassowary Coast",146.120620727539,-17.8555068969727,0.1,2.1,4.93,3.53,2.99,4.43,2.27,2.04,2.61
"WANorth","Broome",122.197250366211,-17.7924537658691,0.1,5.23,3.59,2.4,2.14,2.8,1.36,1.3,1.43
"QLDNorth","Carpentaria",140.121520996094,-17.7146682739258,0.1,3.01,3.71,1.62,1.52,1.78,1.38,1.32,1.47
"QLDNorth","Carpentaria",140.515335083008,-17.6259860992432,0.1,2.99,3.23,1.66,1.55,1.82,2.1,1.89,2.42
"QLDNorth","Cassowary Coast",146.116027832031,-17.7777137756348,0.1,2.1,5.07,3.38,2.88,4.21,1.97,1.81,2.22
"WANorth","Broome",122.193878173828,-17.746509552002,0.1,5.22,3.67,2.41,2.15,2.81,1.35,1.3,1.43
"QLDNorth","Carpentaria",140.021530151367,-17.7132759094238,0.1,3.02,3.8,1.62,1.51,1.77,1.35,1.3,1.43
"QLDNorth","Carpentaria",140.043045043945,-17.7161026000977,0.1,3.01,3.79,1.62,1.52,1.77,1.35,1.3,1.43
"QLDNorth","Carpentaria",140.105361938477,-17.7150611877441,0.1,3.01,3.19,1.62,1.52,1.77,2.09,1.89,2.41
"QLDNorth","Cassowary Coast",146.113525390625,-17.7575416564941,0.1,2.1,5.04,3.5,2.97,4.39,1.98,1.81,2.23
"QLDNorth","Burke",139.674652099609,-17.6803550720215,0.1,3.37,4.08,1.31,1.27,1.36,1.34,1.29,1.4
"QLDNorth","Burke",139.720748901367,-17.6687698364258,0.1,2.94,4.33,1.77,1.64,1.95,1.35,1.29,1.42
"QLDNorth","Carpentaria",139.965087890625,-17.6877937316895,0.1,3.02,3.69,1.61,1.51,1.76,1.39,1.33,1.47
"QLDNorth","Carpentaria",140.540557861328,-17.6130619049072,0.1,2.99,3.86,1.66,1.55,1.82,1.61,1.5,1.76
"QLDNorth","Cassowary Coast",146.128433227539,-17.6823272705078,0.1,1.92,2.51,3.54,3,4.45,1.41,1.35,1.51
"QLDNorth","Burke",139.72966003418,-17.6520366668701,0.1,3,3.63,1.63,1.53,1.78,1.53,1.44,1.66
"QLDNorth","Carpentaria",139.905807495117,-17.6179084777832,0.1,3.01,3.76,1.62,1.52,1.78,1.66,1.55,1.83
"QLDNorth","Cassowary Coast",146.151962280273,-17.6473865509033,0.1,1.91,4.8,3.79,3.18,4.82,1.96,1.8,2.21
"WANorth","Broome",122.145599365234,-17.5740623474121,0.1,5.21,3.85,2.52,2.24,2.97,1.35,1.3,1.43
"QLDNorth","Burke",139.55126953125,-17.4675235748291,0.1,3.01,3.79,1.63,1.53,1.79,1.35,1.3,1.43
"QLDNorth","Carpentaria",139.797378540039,-17.5743885040283,0.1,3,3.24,1.64,1.53,1.8,1.51,1.42,1.63
"QLDNorth","Carpentaria",139.846939086914,-17.5938262939453,0.1,3.02,3.68,1.62,1.51,1.77,1.39,1.33,1.48
"QLDNorth","Carpentaria",140.616607666016,-17.5751857757568,0.1,2.99,5.9,1.66,1.56,1.83,1.71,1.59,1.9
"WANorth","Broome",122.140846252441,-17.5468120574951,0.1,5.21,3.87,2.56,2.26,3.01,1.35,1.3,1.43
"QLDNorth","Burke",139.340286254883,-17.3700885772705,0.1,3,3.67,1.64,1.53,1.79,1.39,1.33,1.48
"QLDNorth","Carpentaria",140.6748046875,-17.5273208618164,0.1,2.98,3.1,1.67,1.56,1.83,2.23,2,2.59
"QLDNorth","Cassowary Coast",146.119018554688,-17.5732955932617,0.1,1.91,4.75,3.75,3.15,4.76,1.97,1.8,2.22
"WANorth","Broome",122.137870788574,-17.4900321960449,0.1,5.2,6,2.62,2.31,3.1,1.84,1.69,2.09
"WANorth","Derby-West Kimberley",123.531455993652,-17.4072303771973,0.1,5.17,5.52,2.98,2.58,3.64,1.85,1.69,2.1
"WANorth","Derby-West Kimberley",123.539482116699,-17.4078960418701,0.1,5.17,3.45,2.99,2.59,3.66,1.35,1.29,1.42
"QLDNorth","Burke",139.318740844727,-17.3607711791992,0.1,3.01,3.15,1.62,1.52,1.78,1.55,1.46,1.69
"QLDNorth","Carpentaria",140.74006652832,-17.4942760467529,0.1,2.98,3.69,1.68,1.57,1.84,1.66,1.54,1.82
"QLDNorth","Cassowary Coast",146.081176757812,-17.4951591491699,0.1,1.91,4.71,3.74,3.14,4.74,1.98,1.81,2.24
"WANorth","Broome",122.141387939453,-17.4324226379395,0.1,5.2,3.99,2.66,2.35,3.17,1.35,1.29,1.42
"QLDNorth","Burke",139.308685302734,-17.3560638427734,0.1,3.01,3.63,1.62,1.52,1.78,1.4,1.34,1.49
"QLDNorth","Carpentaria",140.830657958984,-17.4451560974121,0.1,2.97,3.67,1.69,1.58,1.86,1.68,1.56,1.85
"QLDNorth","Cassowary Coast",146.071960449219,-17.4340782165527,0.1,1.91,4.68,3.74,3.14,4.75,1.99,1.81,2.26
"WANorth","Broome",122.144454956055,-17.3932991027832,0.1,5.19,6.07,2.71,2.38,3.24,1.84,1.69,2.08
"WANorth","Derby-West Kimberley",123.528343200684,-17.3937339782715,0.1,5.17,5.47,2.99,2.58,3.66,1.9,1.73,2.18
"WANorth","Derby-West Kimberley",123.563148498535,-17.3763256072998,0.1,5.17,3.52,3.09,2.66,3.79,1.35,1.29,1.42
"QLDNorth","Burke",139.288360595703,-17.3449077606201,0.1,3.01,3.6,1.62,1.52,1.78,1.42,1.35,1.51
"QLDNorth","Carpentaria",140.88053894043,-17.3816585540771,0.1,2.97,3.56,1.7,1.59,1.87,1.76,1.62,1.95
"QLDNorth","Cairns",146.078048706055,-17.395055770874,0.1,1.91,5.06,3.83,3.2,4.88,1.59,1.49,1.74
"WANorth","Broome",122.144874572754,-17.3518562316895,0.1,5.19,5.97,2.79,2.43,3.34,1.91,1.74,2.19
"WANorth","Derby-West Kimberley",123.475112915039,-17.3458309173584,0.1,5.17,5.54,3.1,2.66,3.82,1.94,1.76,2.23
"WANorth","Derby-West Kimberley",123.569053649902,-17.346565246582,0.1,5.17,3.61,3.06,2.63,3.75,1.34,1.29,1.41
"QLDNorth","Burke",139.23600769043,-17.3140430450439,0.1,3.02,3.58,1.61,1.51,1.76,1.42,1.36,1.52
"QLDNorth","Carpentaria",140.888717651367,-17.3429565429688,0.1,2.97,3.16,1.71,1.59,1.88,2.33,2.07,2.75
"QLDNorth","Cairns",146.073608398438,-17.3865737915039,0.1,1.9,4.84,3.93,3.28,5.04,1.71,1.58,1.89
"WANorth","Broome",122.160667419434,-17.3047370910645,0.1,5.18,5.85,2.86,2.49,3.46,1.93,1.75,2.21
"WANorth","Derby-West Kimberley",123.417602539062,-17.2973575592041,0.1,5.16,3.81,3.17,2.72,3.9,1.34,1.29,1.41
"QLDNorth","Burke",139.219177246094,-17.2945404052734,0.1,3.02,3.57,1.61,1.51,1.76,1.43,1.36,1.52
"QLDNorth","Carpentaria",140.901763916016,-17.2915172576904,0.1,2.97,3.4,1.71,1.6,1.88,1.91,1.75,2.16
"QLDNorth","Cairns",146.0078125,-17.3007183074951,0.1,1.91,4.6,3.86,3.23,4.94,1.91,1.75,2.17
"WANorth","Broome",122.169792175293,-17.2573261260986,0.1,5.18,5.84,2.94,2.55,3.56,1.92,1.74,2.2
"WANorth","Derby-West Kimberley",123.392692565918,-17.2516899108887,0.1,5.18,5.57,2.91,2.54,3.51,1.98,1.79,2.28
"WANorth","Derby-West Kimberley",123.563186645508,-17.2601871490479,0.1,5.17,3.71,2.99,2.6,3.61,1.38,1.32,1.47
"QLDNorth","Burke",139.198165893555,-17.2524547576904,0.1,3.02,3.37,1.61,1.51,1.76,1.48,1.4,1.59
"QLDNorth","Carpentaria",140.907333374023,-17.2408676147461,0.1,2.96,5.33,1.71,1.6,1.88,1.97,1.79,2.24
"WANorth","Broome",122.218925476074,-17.1958827972412,0.1,5.18,5.8,2.97,2.58,3.61,1.89,1.72,2.16
"WANorth","Broome",123.373954772949,-17.2132339477539,0.1,5.19,5.58,2.78,2.44,3.31,2.05,1.84,2.38
"WANorth","Derby-West Kimberley",123.616088867188,-17.2128028869629,0.1,5.18,3.61,2.85,2.49,3.4,1.41,1.35,1.51
"QLDNorth","Burke",139.170349121094,-17.1922702789307,0.1,3.02,3.19,1.61,1.51,1.76,1.54,1.45,1.66
"QLDNorth","Carpentaria",140.935958862305,-17.1837463378906,0.1,2.96,3.52,1.72,1.6,1.89,1.86,1.71,2.08
"QLDNorth","Cairns",146.008026123047,-17.1673545837402,0.1,1.94,4.57,3.89,3.24,4.98,1.97,1.79,2.26
"WANorth","Broome",122.239624023438,-17.1622047424316,0.1,5.17,5.71,3.02,2.62,3.68,1.9,1.73,2.17
"WANorth","Broome",123.347625732422,-17.1607532501221,0.1,5.18,5.6,2.84,2.48,3.42,2.05,1.85,2.38
"WANorth","Derby-West Kimberley",123.597160339355,-17.134859085083,0.1,5.18,5.52,2.85,2.49,3.41,2.54,2.21,3.07
"WANorth","Derby-West Kimberley",123.795593261719,-17.1432876586914,0.1,5.14,5.42,3.67,3.12,4.56,2.6,2.26,3.17
"WANorth","Derby-West Kimberley",123.834739685059,-17.142276763916,0.1,5.12,3.5,4.38,3.62,5.67,1.41,1.35,1.51
"QLDNorth","Burke",139.158264160156,-17.1464824676514,0.1,3.02,3.05,1.61,1.51,1.76,1.61,1.51,1.75
"QLDNorth","Carpentaria",140.943267822266,-17.1466102600098,0.1,2.96,3.25,1.72,1.61,1.9,2.13,1.92,2.46
"QLDNorth","Cairns",145.999618530273,-17.1491031646729,0.1,1.93,4.65,4.1,3.4,5.31,2.02,1.83,2.34
"WANorth","Derby-West Kimberley",123.582817077637,-17.0903625488281,0.1,5.18,5.48,2.9,2.53,3.49,2.48,2.17,2.98
"WANorth","Derby-West Kimberley",123.755851745605,-17.0817451477051,0.1,5.17,5.44,3.14,2.72,3.82,2.5,2.19,3.01
"WANorth","Derby-West Kimberley",123.821250915527,-17.0902347564697,0.1,5.15,3.62,3.54,3.02,4.39,1.41,1.34,1.5
"QLDNorth","Burke",139.150787353516,-17.1010723114014,0.1,3.02,3.04,1.61,1.51,1.77,1.61,1.51,1.76
"QLDNorth","Carpentaria",140.948135375977,-17.0974521636963,0.1,2.96,3.07,1.73,1.61,1.9,2.48,2.19,2.95
"QLDNorth","Cairns",146.005630493164,-17.1468601226807,0.1,1.93,4.55,4.12,3.41,5.33,1.94,1.76,2.22
"WANorth","Broome",122.289863586426,-17.0664482116699,0.1,5.17,5.61,3.01,2.61,3.65,1.91,1.74,2.18
"WANorth","Broome",123.285797119141,-17.0445117950439,0.1,5.17,5.61,3.02,2.61,3.68,2.31,2.05,2.73
"WANorth","Derby-West Kimberley",123.660873413086,-17.0353832244873,0.1,5.19,5.42,2.82,2.47,3.37,2.38,2.1,2.83
"WANorth","Derby-West Kimberley",123.685234069824,-17.0413150787354,0.1,5.17,5.48,3.04,2.63,3.68,2.59,2.26,3.13
"WANorth","Derby-West Kimberley",123.807083129883,-17.038854598999,0.1,5.16,3.71,3.2,2.77,3.9,1.4,1.33,1.49
"QLDNorth","Doomadgee",139.092681884766,-16.9999408721924,0.1,2.98,3.61,1.68,1.56,1.85,1.43,1.36,1.53
"QLDNorth","Burke",139.120666503906,-17.0100116729736,0.1,2.98,3.14,1.68,1.57,1.85,1.6,1.5,1.74
"QLDNorth","Carpentaria",140.943222045898,-17.0436038970947,0.1,2.96,5.26,1.73,1.61,1.9,1.98,1.79,2.27
"QLDNorth","Yarrabah",145.912002563477,-17.0747356414795,0.1,1.94,4.48,4.02,3.34,5.18,1.96,1.78,2.25
"WANorth","Broome",122.361793518066,-16.9978256225586,0.1,5.18,5.56,2.9,2.52,3.5,1.97,1.78,2.26
"WANorth","Broome",122.368659973145,-16.9945831298828,0.1,5.18,5.82,2.88,2.51,3.48,2.49,2.19,2.98
"WANorth","Broome",123.275177001953,-17.0187091827393,0.1,5.17,4.08,3.09,2.66,3.78,1.4,1.34,1.49
"WANorth","Derby-West Kimberley",123.796585083008,-16.9986591339111,0.1,5.17,3.15,3.01,2.62,3.62,1.6,1.5,1.74
"QLDNorth","Doomadgee",139.04817199707,-16.9529838562012,0.1,2.97,3.04,1.69,1.58,1.87,2.56,2.26,3.03
"QLDNorth","Carpentaria",140.95344543457,-16.9973220825195,0.1,2.96,5.31,1.73,1.61,1.91,1.86,1.7,2.11
"QLDNorth","Yarrabah",145.916687011719,-16.9676456451416,0.1,1.94,4.37,4.01,3.33,5.17,2.16,1.93,2.52
"WANorth","Broome",122.425003051758,-16.9580631256104,0.1,5.18,5.44,2.88,2.51,3.47,1.97,1.79,2.26
"WANorth","Broome",122.47590637207,-16.9466228485107,0.1,5.18,5.77,2.96,2.56,3.59,2.74,2.38,3.35
"WANorth","Broome",123.236099243164,-16.9667892456055,0.1,5.16,3.59,3.18,2.73,3.92,1.53,1.44,1.66
"WANorth","Derby-West Kimberley",123.84156036377,-16.9431324005127,0.1,5.17,3.24,3.02,2.63,3.62,1.54,1.46,1.67
"QLDNorth","Doomadgee",138.942565917969,-16.880672454834,0.1,2.91,3.63,1.86,1.71,2.08,2,1.82,2.28
"QLDNorth","Carpentaria",140.999237060547,-16.9440288543701,0.1,2.96,5.08,1.73,1.61,1.9,2.25,2.01,2.62
"QLDNorth","Cairns",146.001770019531,-16.9421482086182,0.1,1.93,4.16,4.14,3.42,5.36,2.06,1.86,2.38
"WANorth","Broome",122.545806884766,-16.8801078796387,0.1,5.18,5.69,2.95,2.56,3.57,2.54,2.23,3.03
"WANorth","Broome",123.184837341309,-16.9275875091553,0.1,5.16,5.92,3.27,2.79,4.07,2.75,2.38,3.35
"WANorth","Derby-West Kimberley",123.777725219727,-16.902904510498,0.1,5.17,3.44,3.07,2.66,3.72,1.44,1.37,1.54
"WANorth","Derby-West Kimberley",123.835624694824,-16.8986587524414,0.1,5.16,3.33,3.18,2.75,3.86,1.44,1.37,1.54
"QLDNorth","Burke",138.850082397461,-16.8656177520752,0.1,2.91,3.58,1.86,1.71,2.09,1.55,1.46,1.67
"QLDNorth","Doomadgee",138.892303466797,-16.8733081817627,0.1,2.91,3.59,1.87,1.72,2.1,2.17,1.95,2.51
"QLDNorth","Carpentaria",141.049575805664,-16.8861103057861,0.1,2.96,5.18,1.73,1.61,1.9,2.14,1.92,2.5
"QLDNorth","Cairns",145.999176025391,-16.9174575805664,0.1,1.93,4.08,4.45,3.64,5.86,2.12,1.9,2.46
"WANorth","Broome",122.530799865723,-16.841724395752,0.1,5.18,5.62,2.97,2.58,3.6,2.52,2.22,2.99
"WANorth","Broome",123.180473327637,-16.8580284118652,0.1,5.16,3.65,3.34,2.84,4.18,1.55,1.46,1.68
"WANorth","Derby-West Kimberley",123.741958618164,-16.8319988250732,0.1,5.17,3.31,2.99,2.6,3.59,1.59,1.5,1.73
"QLDNorth","Burke",138.785995483398,-16.8390083312988,0.1,2.91,3.64,1.86,1.71,2.08,2.28,2.04,2.65
"QLDNorth","Carpentaria",141.066116333008,-16.8559246063232,0.1,2.96,3.36,1.73,1.61,1.9,2.23,2,2.58
"QLDNorth","Yarrabah",145.912048339844,-16.8647308349609,0.1,1.93,4.66,4.47,3.65,5.89,1.73,1.6,1.93
"QLDNorth","Yarrabah",145.929809570312,-16.8617134094238,0.1,1.93,3.97,4.42,3.62,5.81,2.11,1.89,2.45
"WANorth","Broome",122.552360534668,-16.8030338287354,0.1,5.17,5.52,3.02,2.61,3.68,2.65,2.32,3.18
"WANorth","Broome",123.154022216797,-16.7992839813232,0.1,5.15,5.88,3.42,2.9,4.28,2.65,2.32,3.17
"WANorth","Derby-West Kimberley",123.67862701416,-16.7564373016357,0.1,5.18,3.56,2.93,2.56,3.51,1.45,1.38,1.56
"WANorth","Derby-West Kimberley",123.710670471191,-16.7799625396729,0.1,5.17,3.67,3.14,2.72,3.83,1.4,1.34,1.5
"QLDNorth","Burke",138.382385253906,-16.7451858520508,0.1,2.91,3.78,1.86,1.71,2.09,1.41,1.35,1.5
"QLDNorth","Burke",138.429443359375,-16.7687435150146,0.1,2.91,3.55,1.86,1.71,2.09,1.48,1.4,1.59
"QLDNorth","Burke",138.473739624023,-16.7738361358643,0.1,2.91,3.21,1.87,1.72,2.1,1.64,1.53,1.79
"QLDNorth","Burke",138.525970458984,-16.7795276641846,0.1,2.91,3.64,1.87,1.72,2.11,1.45,1.38,1.56
"QLDNorth","Burke",138.579299926758,-16.7746887207031,0.1,2.9,3.45,1.88,1.72,2.11,1.52,1.43,1.64
"QLDNorth","Burke",138.636611938477,-16.7679862976074,0.1,2.9,3.23,1.88,1.73,2.12,1.63,1.53,1.79
"QLDNorth","Burke",138.680358886719,-16.7960319519043,0.1,2.91,3.72,1.85,1.7,2.07,1.5,1.42,1.61
"QLDNorth","Burke",138.737106323242,-16.8132152557373,0.1,2.91,3.55,1.86,1.71,2.09,2.33,2.07,2.72
"QLDNorth","Carpentaria",141.103515625,-16.7927532196045,0.1,2.96,3.25,1.72,1.6,1.89,2.33,2.07,2.72
"QLDNorth","Cairns",145.726104736328,-16.8030052185059,0.1,1.93,4.61,4.43,3.62,5.82,1.74,1.6,1.94
"QLDNorth","Cairns",145.737869262695,-16.8133316040039,0.1,1.93,4.33,4.42,3.62,5.81,2.19,1.96,2.56
"WANorth","Broome",122.583396911621,-16.7595157623291,0.1,5.17,5.54,3.12,2.68,3.83,2.2,1.97,2.58
"WANorth","Broome",122.612152099609,-16.7646045684814,0.1,5.17,5.53,3.09,2.66,3.79,2.22,1.98,2.6
"WANorth","Broome",122.693992614746,-16.7739105224609,0.1,5.17,4.94,3.03,2.62,3.71,2.22,1.98,2.6
"WANorth","Broome",122.743278503418,-16.7536392211914,0.1,5.17,5.25,2.99,2.59,3.65,3.18,2.73,3.93
"WANorth","Broome",123.140037536621,-16.7331829071045,0.1,5.15,1.64,3.37,2.87,4.18,6.85,5.29,9.76
"WANorth","Derby-West Kimberley",123.621742248535,-16.6970691680908,0.1,5.17,3.77,3.12,2.7,3.78,1.52,1.43,1.64
"QLDNorth","Burke",138.258728027344,-16.7450256347656,0.1,2.61,5.97,34.91,21.64,67.18,1.39,1.33,1.47
"QLDNorth","Mornington",139.228988647461,-16.7413368225098,0.1,2.88,3.38,1.97,1.79,2.25,1.55,1.46,1.67
"QLDNorth","Mornington",139.309539794922,-16.753978729248,0.1,2.97,3.08,1.69,1.58,1.87,2.72,2.37,3.29
"QLDNorth","Carpentaria",141.156280517578,-16.7444496154785,0.1,2.96,5.22,1.73,1.61,1.9,2.2,1.96,2.57
"QLDNorth","Cairns",145.689025878906,-16.7297172546387,0.1,1.93,3.77,4.4,3.61,5.79,2.02,1.83,2.33
"WANorth","Broome",122.739082336426,-16.6962604522705,0.1,5.17,5.17,3.07,2.64,3.76,3.22,2.75,3.99
"WANorth","Broome",123.093902587891,-16.7009868621826,0.1,5.17,3.81,3.07,2.66,3.73,1.62,1.52,1.78
"WANorth","Derby-West Kimberley",123.527755737305,-16.6688785552979,0.1,5.16,3.71,3.27,2.81,4.01,1.5,1.42,1.62
"QLDNorth","Burke",138.204544067383,-16.6965427398682,0.1,2.91,3.96,1.86,1.71,2.09,1.4,1.34,1.49
"QLDNorth","Mornington",139.103439331055,-16.673942565918,0.1,2.87,3.53,2.02,1.83,2.3,1.58,1.48,1.72
"QLDNorth","Mornington",139.380981445312,-16.7104110717773,0.1,2.96,3.16,1.72,1.6,1.9,1.56,1.47,1.7
"QLDNorth","Mornington",139.431930541992,-16.6998081207275,0.1,2.95,3.31,1.75,1.62,1.94,1.52,1.44,1.64
"QLDNorth","Mornington",139.483444213867,-16.6868915557861,0.1,2.96,3.1,1.72,1.6,1.91,2.74,2.39,3.33
"QLDNorth","Carpentaria",141.201629638672,-16.6889476776123,0.1,2.95,5.43,1.73,1.61,1.91,1.79,1.65,2
"QLDNorth","Cairns",145.686981201172,-16.7215843200684,0.1,1.93,3.71,4.44,3.63,5.84,2.11,1.89,2.45
"WANorth","Broome",122.758804321289,-16.6481990814209,0.1,5.17,5.04,3.12,2.68,3.83,3.39,2.87,4.28
"WANorth","Broome",123.038879394531,-16.6411304473877,0.1,5.17,3.79,3.06,2.64,3.72,1.65,1.54,1.82
"WANorth","Derby-West Kimberley",123.477340698242,-16.6396064758301,0.1,5.16,3.59,3.31,2.84,4.07,1.58,1.48,1.72
"QLDNorth","Burke",138.109039306641,-16.6342353820801,0.1,2.91,3.62,1.86,1.71,2.09,1.49,1.41,1.6
"QLDNorth","Burke",138.141159057617,-16.6566505432129,0.1,2.91,3.88,1.86,1.71,2.09,1.42,1.35,1.51
NA,"Mornington",139.094833374023,-16.6291751861572,0.1,2.87,3.78,2.01,1.83,2.29,1.49,1.41,1.6
"QLDNorth","Mornington",139.505645751953,-16.6401557922363,0.1,2.96,3.32,1.72,1.6,1.9,2.3,2.05,2.69
"QLDNorth","Carpentaria",141.220474243164,-16.645679473877,0.1,2.95,5.4,1.75,1.63,1.93,1.81,1.66,2.03
"QLDNorth","Douglas",145.626510620117,-16.6954975128174,0.1,1.92,3.67,4.44,3.64,5.85,2.14,1.92,2.49
"WANorth","Broome",122.767601013184,-16.5899047851562,0.1,5.16,4.89,3.21,2.75,3.97,3.03,2.59,3.79
"WANorth","Broome",123.041023254395,-16.6141128540039,0.1,5.17,3.69,3.07,2.65,3.74,1.72,1.6,1.91
"WANorth","Derby-West Kimberley",123.402015686035,-16.5954914093018,0.1,5.15,3.61,3.51,2.99,4.34,1.72,1.6,1.9
"QLDNorth","Burke",138.054504394531,-16.585880279541,0.1,2.91,3.88,1.86,1.71,2.09,1.42,1.36,1.52
"QLDNorth","Mornington",139.134765625,-16.5949783325195,0.1,2.87,3.8,2.02,1.83,2.3,1.48,1.41,1.59
"QLDNorth","Mornington",139.533416748047,-16.5946025848389,0.1,2.96,3.24,1.73,1.6,1.91,2.48,2.19,2.96
"QLDNorth","Carpentaria",141.229339599609,-16.5890846252441,0.1,2.95,5.34,1.76,1.63,1.94,1.89,1.72,2.14
"QLDNorth","Douglas",145.550155639648,-16.6172313690186,0.1,1.92,3.58,4.38,3.59,5.74,2.38,2.1,2.83
"WANorth","Broome",122.802848815918,-16.5510406494141,0.1,5.16,4.71,3.22,2.76,3.99,3.34,2.81,4.25
"WANorth","Broome",123.010116577148,-16.5286808013916,0.1,5.17,3.74,3.03,2.63,3.68,1.72,1.59,1.9
"WANorth","Derby-West Kimberley",123.426895141602,-16.5296878814697,0.1,5.15,4.15,3.5,2.99,4.32,1.52,1.43,1.64
"QLDNorth","Burke",138.031524658203,-16.5585155487061,0.1,2.91,3.72,1.86,1.71,2.09,1.48,1.4,1.59
"QLDNorth","Mornington",139.182846069336,-16.5619888305664,0.1,2.86,3.53,2.06,1.87,2.36,1.6,1.5,1.74
"QLDNorth","Mornington",139.554794311523,-16.5441150665283,0.1,2.96,3.69,1.72,1.6,1.91,1.42,1.36,1.52
"QLDNorth","Mornington",139.640274047852,-16.5737686157227,0.1,2.96,3.2,1.73,1.61,1.92,2.57,2.26,3.08
"QLDNorth","Carpentaria",141.271575927734,-16.54079246521,0.1,2.95,5.36,1.75,1.63,1.93,1.89,1.72,2.14
"QLDNorth","Douglas",145.504592895508,-16.550365447998,0.1,1.92,3.49,4.34,3.57,5.68,2.68,2.33,3.26
"WANorth","Broome",122.856956481934,-16.5005264282227,0.1,5.16,4.98,3.21,2.75,3.96,2.31,2.05,2.74
"WANorth","Broome",123.044677734375,-16.4756278991699,0.1,5.17,4.08,3.08,2.66,3.75,1.55,1.46,1.69
"WANorth","Derby-West Kimberley",123.427047729492,-16.498477935791,0.1,5.15,3.83,3.48,2.97,4.3,1.56,1.46,1.69
"NT","Roper Gulf",137.948471069336,-16.4930438995361,0.1,2.91,3.29,1.85,1.7,2.08,1.62,1.52,1.78
"NT","Roper Gulf",137.986282348633,-16.5220470428467,0.1,2.91,4.28,1.86,1.71,2.09,1.32,1.27,1.39
"QLDNorth","Mornington",139.221939086914,-16.4744396209717,0.1,2.89,4.05,1.94,1.77,2.19,1.43,1.36,1.52
"QLDNorth","Mornington",139.733795166016,-16.4616641998291,0.1,2.94,3.15,1.76,1.64,1.95,3.4,2.88,4.28
"QLDNorth","Carpentaria",141.301391601562,-16.4854583740234,0.1,2.94,5.44,1.77,1.64,1.96,1.77,1.64,1.99
"QLDNorth","Douglas",145.473693847656,-16.4987049102783,0.1,1.92,4.2,4.3,3.53,5.61,2.89,2.49,3.56
"WANorth","Broome",122.892707824707,-16.4416065216064,0.1,5.17,5.41,3.06,2.63,3.74,2.5,2.2,2.99
"WANorth","Broome",123.053565979004,-16.4397144317627,0.1,5.16,3.7,3.32,2.84,4.11,1.44,1.37,1.54
"WANorth","Derby-West Kimberley",123.479637145996,-16.4148178100586,0.1,5.18,3.41,2.93,2.55,3.55,1.58,1.49,1.72
"NT","Roper Gulf",137.893630981445,-16.4424781799316,0.1,1.71,2.22,1.85,1.7,2.08,1.55,1.46,1.68
"QLDNorth","Mornington",139.308975219727,-16.4366893768311,0.1,2.92,3.38,1.83,1.69,2.04,1.57,1.48,1.7
"QLDNorth","Mornington",139.36604309082,-16.4459438323975,0.1,2.92,4.21,1.82,1.68,2.02,1.33,1.28,1.4
"QLDNorth","Mornington",139.394424438477,-16.4029521942139,0.1,2.91,4,1.84,1.7,2.06,1.43,1.36,1.53
"QLDNorth","Mornington",139.715118408203,-16.4232425689697,0.1,2.93,3.63,1.79,1.66,1.98,2.11,1.91,2.43
"QLDNorth","Carpentaria",141.302947998047,-16.4548301696777,0.1,2.94,5.67,1.78,1.65,1.97,1.5,1.41,1.62
"QLDNorth","Douglas",145.413314819336,-16.4441947937012,0.1,1.92,4.28,4.3,3.54,5.62,2.49,2.21,2.93
"WANorth","Broome",123.036972045898,-16.390869140625,0.1,5.16,3.99,3.3,2.82,4.07,6.89,5.31,9.85
"WANorth","Derby-West Kimberley",123.528800964355,-16.3856620788574,0.1,5.18,3.93,2.85,2.48,3.43,7.24,5.53,10.47
"WANorth","Derby-West Kimberley",124.572593688965,-16.4047241210938,0.1,5.08,5.13,7.5,5.7,10.96,1.37,1.31,1.46
"WANorth","Derby-West Kimberley",124.624954223633,-16.3990993499756,0.1,5.08,4.8,7.44,5.66,10.82,1.45,1.38,1.55
"NT","Roper Gulf",137.843139648438,-16.3875751495361,0.1,1.72,2.3,1.84,1.69,2.06,1.51,1.43,1.63
"QLDNorth","Mornington",139.448699951172,-16.3945960998535,0.1,2.91,3.87,1.85,1.71,2.07,1.4,1.34,1.49
"QLDNorth","Mornington",139.506072998047,-16.3825073242188,0.1,2.92,3.92,1.82,1.68,2.03,1.39,1.33,1.47
"QLDNorth","Mornington",139.564331054688,-16.3767108917236,0.1,2.93,3.86,1.8,1.67,2,1.45,1.38,1.56
"QLDNorth","Mornington",139.626251220703,-16.3750514984131,0.1,2.94,3.61,1.78,1.65,1.97,2.15,1.94,2.49
"QLDNorth","Carpentaria",141.296936035156,-16.3879909515381,0.1,2.94,5.89,1.77,1.65,1.96,1.43,1.36,1.53
"QLDNorth","Douglas",145.420806884766,-16.3844795227051,0.1,1.92,5.01,4.27,3.51,5.57,1.44,1.37,1.55
"WANorth","Broome",122.928512573242,-16.3830013275146,0.1,5.19,5.54,2.81,2.45,3.38,2.42,2.15,2.86
"WANorth","Broome",123.008804321289,-16.3651638031006,0.1,5.19,7.5,2.81,2.46,3.37,2.29,2.05,2.66
"WANorth","Derby-West Kimberley",123.510055541992,-16.3647518157959,0.1,5.19,7.51,2.79,2.44,3.35,2.26,2.03,2.63
"WANorth","Derby-West Kimberley",124.230072021484,-16.3460998535156,0.1,5.24,1.81,2.27,2.04,2.62,6.96,5.35,9.98
"WANorth","Derby-West Kimberley",124.337013244629,-16.3533782958984,0.1,5.25,1.81,2.2,1.99,2.52,7.08,5.43,10.2
"WANorth","Derby-West Kimberley",124.57982635498,-16.3401622772217,0.1,5.08,4.54,7.47,5.67,10.89,1.53,1.44,1.66
"WANorth","Derby-West Kimberley",124.623229980469,-16.3407764434814,0.1,5.08,4.95,7.53,5.73,10.99,1.46,1.39,1.57
"NT","Roper Gulf",137.798065185547,-16.3308277130127,0.1,1.71,2.06,1.85,1.7,2.08,3.54,2.99,4.48
"QLDNorth","Carpentaria",141.316589355469,-16.3420944213867,0.1,2.94,5.23,1.78,1.65,1.97,2.44,2.18,2.85
"QLDNorth","Douglas",145.437911987305,-16.3215923309326,0.1,1.93,6.31,4.21,3.47,5.47,2.27,2.03,2.65
"WANorth","Derby-West Kimberley",123.479431152344,-16.2839679718018,0.1,5.18,7.56,2.94,2.55,3.56,2.21,1.99,2.55
"WANorth","Derby-West Kimberley",124.182273864746,-16.3045463562012,0.1,5.24,1.39,2.32,2.07,2.7,1.51,1.43,1.64
"WANorth","Derby-West Kimberley",124.370468139648,-16.30246925354,0.1,5.25,1.26,2.21,1.99,2.54,1.6,1.51,1.74
"NT","Roper Gulf",137.776031494141,-16.2903213500977,0.1,1.7,2.03,1.87,1.72,2.11,3.79,3.17,4.85
"QLDNorth","Carpentaria",141.331832885742,-16.2933940887451,0.1,2.94,5.49,1.78,1.65,1.98,2.29,2.05,2.67
"QLDNorth","Douglas",145.472015380859,-16.2848663330078,0.1,1.92,6.06,4.24,3.49,5.52,2.18,1.95,2.53
"WANorth","Derby-West Kimberley",123.464195251465,-16.2380619049072,0.1,5.16,7.01,3.25,2.78,4.01,2.1,1.89,2.42
"WANorth","Derby-West Kimberley",123.998580932617,-16.2509937286377,0.1,5.23,5.56,2.4,2.13,2.81,2.21,1.99,2.57
"WANorth","Derby-West Kimberley",124.046356201172,-16.2391033172607,0.1,5.23,5.58,2.37,2.11,2.76,2.35,2.09,2.77
"WANorth","Derby-West Kimberley",124.106101989746,-16.2285804748535,0.1,5.23,5.66,2.37,2.11,2.76,2.16,1.95,2.49
"WANorth","Derby-West Kimberley",124.146224975586,-16.244119644165,0.1,5.23,1.86,2.35,2.1,2.75,1.4,1.34,1.5
"WANorth","Derby-West Kimberley",124.378295898438,-16.2306747436523,0.1,5.24,2.13,2.29,2.05,2.66,1.37,1.31,1.45
"NT","Roper Gulf",137.735229492188,-16.2372245788574,0.1,1.69,2.07,1.93,1.76,2.19,3.61,3.04,4.57
"QLDNorth","Carpentaria",141.344482421875,-16.2220611572266,0.1,2.94,6.13,1.78,1.65,1.98,2.06,1.87,2.36
"QLDNorth","Douglas",145.474395751953,-16.2385120391846,0.1,1.92,5.99,4.34,3.57,5.69,1.93,1.76,2.21
"WANorth","Derby-West Kimberley",123.46981048584,-16.2051620483398,0.1,5.19,6.33,2.75,2.41,3.3,2.01,1.82,2.3
"WANorth","Derby-West Kimberley",123.890998840332,-16.1812705993652,0.1,5.23,6.03,2.38,2.13,2.78,2.13,1.92,2.45
"WANorth","Derby-West Kimberley",123.949371337891,-16.1897735595703,0.1,5.23,1.62,2.4,2.14,2.8,1.6,1.5,1.75
"WANorth","Derby-West Kimberley",124.384140014648,-16.1881065368652,0.1,5.24,0.82,2.31,2.07,2.69,1.57,1.48,1.71
"NT","Roper Gulf",137.479522705078,-16.1630687713623,0.1,1.68,2.25,1.96,1.78,2.23,1.57,1.48,1.71
"NT","Roper Gulf",137.523498535156,-16.201192855835,0.1,1.72,2.52,1.82,1.68,2.03,1.57,1.47,1.7
"NT","Roper Gulf",137.585739135742,-16.1782817840576,0.1,1.67,2.11,2,1.82,2.29,1.64,1.53,1.8
"NT","Roper Gulf",137.62516784668,-16.1928215026855,0.1,1.67,3.21,2,1.82,2.29,1.37,1.32,1.46
"NT","Roper Gulf",137.675552368164,-16.215633392334,0.1,1.67,2.12,2.01,1.83,2.3,3.51,2.96,4.43
"QLDNorth","Carpentaria",141.367401123047,-16.18971824646,0.1,2.94,6.23,1.78,1.65,1.98,2.06,1.86,2.37
"QLDNorth","Douglas",145.470916748047,-16.209602355957,0.1,1.92,5.38,4.33,3.56,5.66,2.1,1.9,2.42
"WANorth","Derby-West Kimberley",123.523788452148,-16.1400356292725,0.1,5.21,5.54,2.59,2.29,3.08,2.27,2.02,2.66
"WANorth","Derby-West Kimberley",123.58341217041,-16.1436748504639,0.1,5.21,6.02,2.54,2.25,2.99,1.89,1.73,2.16
"WANorth","Derby-West Kimberley",123.629730224609,-16.1565017700195,0.1,5.22,6.56,2.48,2.21,2.9,2.12,1.92,2.45
"WANorth","Derby-West Kimberley",123.801727294922,-16.1375675201416,0.1,5.23,1.83,2.39,2.14,2.79,1.6,1.5,1.75
"WANorth","Derby-West Kimberley",124.400367736816,-16.1646690368652,0.1,5.24,1.06,2.31,2.07,2.7,1.61,1.51,1.76
"NT","Roper Gulf",137.377471923828,-16.1210117340088,0.1,1.68,2.96,1.95,1.78,2.22,1.42,1.36,1.52
"NT","Roper Gulf",137.422714233398,-16.1368770599365,0.1,1.68,2.1,1.97,1.79,2.24,3.69,3.1,4.68
"QLDNorth","Carpentaria",141.388519287109,-16.1479759216309,0.1,2.93,6.63,1.79,1.66,1.99,1.73,1.6,1.93
"QLDNorth","Douglas",145.466705322266,-16.1219749450684,0.1,1.92,5.91,4.32,3.55,5.66,1.71,1.58,1.9
"WANorth","Derby-West Kimberley",123.690673828125,-16.1033382415771,0.1,5.22,6.45,2.47,2.2,2.9,2.18,1.96,2.52
"WANorth","Derby-West Kimberley",123.783554077148,-16.1084957122803,0.1,5.22,6.35,2.44,2.17,2.86,2.25,2.02,2.6
"WANorth","Derby-West Kimberley",124.438056945801,-16.0885257720947,0.1,5.25,5.48,2.25,2.02,2.61,2.24,2.01,2.59
"WANorth","Derby-West Kimberley",124.480964660645,-16.0828495025635,0.1,5.25,5.4,2.23,2,2.58,2.2,1.99,2.54
"WANorth","Derby-West Kimberley",124.484535217285,-16.0912246704102,0.1,5.25,1.11,2.22,2,2.57,1.51,1.42,1.63
"WANorth","Derby-West Kimberley",124.582328796387,-16.0861358642578,0.1,5.26,1.58,2.19,1.98,2.52,1.43,1.36,1.52
"NT","Roper Gulf",137.314041137695,-16.0900917053223,0.1,1.69,2.08,1.94,1.77,2.2,3.73,3.13,4.75
"QLDNorth","Carpentaria",141.423645019531,-16.0846576690674,0.1,2.93,7.5,1.8,1.67,2,2.17,1.96,2.5
"QLDNorth","Douglas",145.476913452148,-16.0783138275146,0.1,1.92,6.65,4.36,3.58,5.72,2.14,1.94,2.46
"WANorth","Wyndham-East Kimberley",124.507705688477,-16.0009384155273,0.1,5.26,1.12,2.16,1.95,2.48,1.51,1.42,1.63
"WANorth","Derby-West Kimberley",124.578079223633,-16.0340747833252,0.1,5.26,0.98,2.17,1.96,2.49,1.63,1.53,1.78
"NT","Roper Gulf",137.263488769531,-16.0328502655029,0.1,1.69,2.13,1.93,1.77,2.19,3.57,3.01,4.49
"QLDNorth","Carpentaria",141.412094116211,-16.0328712463379,0.1,2.93,7.4,1.81,1.68,2.01,2.13,1.93,2.44
"QLDNorth","Douglas",145.469268798828,-16.0456676483154,0.1,1.92,2.47,4.37,3.58,5.73,1.43,1.36,1.53
"WANorth","Wyndham-East Kimberley",124.469848632812,-15.9841394424438,0.1,5.24,1.38,2.31,2.07,2.68,1.41,1.35,1.51
"NT","Roper Gulf",136.717742919922,-15.9318742752075,0.1,1.72,2.46,1.82,1.68,2.04,1.44,1.37,1.54
"NT","Roper Gulf",136.775665283203,-15.9081058502197,0.1,1.71,2.44,1.84,1.69,2.07,1.45,1.38,1.56
"NT","Roper Gulf",136.873657226562,-15.9208135604858,0.1,1.7,2.42,1.9,1.74,2.15,1.45,1.38,1.55
"NT","Roper Gulf",136.912231445312,-15.931248664856,0.1,1.69,2.34,1.92,1.75,2.17,1.46,1.38,1.56
"NT","Roper Gulf",136.940460205078,-15.9319181442261,0.1,1.71,2.39,1.86,1.71,2.09,1.46,1.39,1.57
"NT","Roper Gulf",137.019271850586,-16.0027828216553,0.1,1.73,2.46,1.8,1.66,2.01,1.46,1.39,1.57
"NT","Roper Gulf",137.04931640625,-16.0199108123779,0.1,1.72,2.25,1.83,1.69,2.06,1.65,1.54,1.81
"NT","Roper Gulf",137.094848632812,-16.0026454925537,0.1,1.7,2.25,1.89,1.73,2.13,1.65,1.54,1.82
"NT","Roper Gulf",137.174819946289,-15.9785556793213,0.1,1.68,2.26,1.94,1.77,2.2,1.67,1.56,1.83
"NT","Roper Gulf",137.203567504883,-15.9930019378662,0.1,1.68,2.06,1.96,1.78,2.22,3.79,3.18,4.8
"QLDNorth","Carpentaria",141.398162841797,-15.9851207733154,0.1,2.92,7.28,1.84,1.7,2.05,2.2,1.98,2.55
"QLDNorth","Douglas",145.451736450195,-16.007360458374,0.1,1.92,2.11,4.42,3.62,5.81,1.5,1.42,1.63
"WANorth","Wyndham-East Kimberley",124.447868347168,-15.9390983581543,0.1,5.25,1.98,2.26,2.02,2.62,1.43,1.36,1.53
"NT","Roper Gulf",136.692031860352,-15.9165410995483,0.1,1.7,2.35,1.89,1.72,2.16,3.85,3.22,4.89
"QLDNorth","Carpentaria",141.376220703125,-15.9288063049316,0.1,2.91,7.17,1.85,1.7,2.06,2.21,1.99,2.55
"QLDNorth","Douglas",145.425979614258,-15.9622201919556,0.1,1.92,2.46,4.37,3.59,5.73,1.59,1.49,1.73
"WANorth","Wyndham-East Kimberley",124.418724060059,-15.8794136047363,0.1,5.24,1.57,2.28,2.04,2.64,2.83,2.46,3.42
"QLDNorth","Carpentaria",141.395263671875,-15.8902997970581,0.1,2.92,7.01,1.82,1.69,2.03,2.34,2.08,2.74
"QLDNorth","Cook",145.369812011719,-15.8689947128296,0.1,1.86,2.41,4.36,3.58,5.71,1.42,1.35,1.52
"WANorth","Wyndham-East Kimberley",124.400871276855,-15.8417091369629,0.1,5.24,1.71,2.3,2.05,2.67,1.44,1.37,1.55
"NT","Roper Gulf",136.696868896484,-15.8331832885742,0.1,1.73,2.15,1.8,1.66,2.01,1.57,1.47,1.7
"NT","Roper Gulf",136.986373901367,-15.8503980636597,0.1,1.69,2.49,1.93,1.77,2.18,1.6,1.5,1.74
"NT","Roper Gulf",137.051300048828,-15.8476610183716,0.1,1.69,2.53,1.94,1.77,2.19,2.85,2.48,3.44
"QLDNorth","Carpentaria",141.408508300781,-15.8355550765991,0.1,2.92,7.01,1.84,1.69,2.04,2.17,1.96,2.5
"QLDNorth","Cook",145.38166809082,-15.8379240036011,0.1,1.86,2.76,4.38,3.59,5.74,1.35,1.29,1.43
"WANorth","Wyndham-East Kimberley",124.391937255859,-15.7801294326782,0.1,5.23,2.31,2.36,2.1,2.76,1.35,1.29,1.42
"NT","Roper Gulf",136.733367919922,-15.771035194397,0.1,1.73,3.29,1.8,1.66,2.02,1.3,1.25,1.36
"NT","Roper Gulf",136.805557250977,-15.7612228393555,0.1,1.71,2.4,1.85,1.7,2.08,1.49,1.41,1.61
"NT","Roper Gulf",136.979064941406,-15.7855310440063,0.1,1.68,2.44,1.95,1.78,2.21,1.63,1.53,1.78
"NT","Roper Gulf",137.115844726562,-15.7986011505127,0.1,1.69,2.44,1.92,1.76,2.17,2.86,2.48,3.48
"QLDNorth","Carpentaria",141.415649414062,-15.7776660919189,0.1,2.91,6.71,1.85,1.71,2.07,2.43,2.16,2.85
"QLDNorth","Cook",145.443222045898,-15.754828453064,0.1,1.86,2.35,4.37,3.59,5.73,1.51,1.42,1.63
"WANorth","Wyndham-East Kimberley",124.383842468262,-15.7301540374756,0.1,5.23,1.98,2.4,2.14,2.82,1.5,1.42,1.63
"NT","Roper Gulf",136.50260925293,-15.6994524002075,0.1,1.66,2.35,2.07,1.87,2.38,1.5,1.42,1.62
"NT","Roper Gulf",136.530364990234,-15.7224197387695,0.1,1.66,2.81,2.06,1.86,2.37,1.34,1.29,1.42
"NT","Roper Gulf",136.583251953125,-15.7246532440186,0.1,1.66,2.34,2.07,1.87,2.38,1.49,1.41,1.61
"NT","Roper Gulf",136.834075927734,-15.7366256713867,0.1,1.7,2.39,1.88,1.72,2.11,1.64,1.53,1.79
"NT","Roper Gulf",137.107421875,-15.7500600814819,0.1,1.67,2.4,1.99,1.81,2.26,3.09,2.66,3.81
"QLDNorth","Carpentaria",141.415817260742,-15.7341289520264,0.1,2.91,6.63,1.86,1.72,2.08,2.39,2.13,2.78
"QLDNorth","Cook",145.440780639648,-15.7468500137329,0.1,1.85,2.08,4.5,3.68,5.92,1.66,1.54,1.83
"WANorth","Wyndham-East Kimberley",124.368858337402,-15.680926322937,0.1,5.22,1.7,2.43,2.16,2.85,1.73,1.6,1.92
"NT","Roper Gulf",136.482788085938,-15.6775360107422,0.1,1.65,2.22,2.09,1.88,2.41,1.53,1.44,1.65
"NT","Roper Gulf",136.633483886719,-15.6840410232544,0.1,1.65,2.35,2.09,1.88,2.4,1.63,1.52,1.78
"NT","Roper Gulf",137.102600097656,-15.6938915252686,0.1,1.67,2.37,2.02,1.83,2.29,3.17,2.71,3.93
"QLDNorth","Carpentaria",141.420745849609,-15.6999979019165,0.1,2.91,6.55,1.87,1.72,2.09,2.46,2.19,2.9
"QLDNorth","Cook",145.357162475586,-15.698748588562,0.1,1.86,2.02,4.44,3.64,5.82,1.69,1.57,1.88
"WANorth","Wyndham-East Kimberley",124.379577636719,-15.6583852767944,0.1,5.22,2.26,2.46,2.19,2.89,1.47,1.39,1.58
"NT","Roper Gulf",136.423294067383,-15.6278944015503,0.1,1.65,1.83,2.1,1.89,2.43,1.73,1.61,1.92
"NT","Roper Gulf",136.684539794922,-15.6152477264404,0.1,1.65,2.4,2.1,1.89,2.42,1.64,1.53,1.79
"NT","Roper Gulf",137.087982177734,-15.6364164352417,0.1,1.66,2.13,2.06,1.87,2.37,3.68,3.11,4.62
"QLDNorth","Carpentaria",141.44123840332,-15.6337203979492,0.1,2.9,6.67,1.88,1.73,2.1,2.12,1.93,2.42
"QLDNorth","Cook",145.337219238281,-15.609429359436,0.1,1.86,2.34,4.48,3.67,5.88,1.5,1.42,1.63
"WANorth","Wyndham-East Kimberley",124.410972595215,-15.5899610519409,0.1,5.22,2.19,2.44,2.17,2.86,1.52,1.43,1.65
"NT","Roper Gulf",136.316452026367,-15.5838413238525,0.1,1.66,2.21,2.06,1.86,2.38,1.56,1.46,1.69
"NT","Roper Gulf",136.367736816406,-15.6125822067261,0.1,1.65,2.19,2.08,1.88,2.41,1.55,1.46,1.69
"NT","Roper Gulf",136.777084350586,-15.574107170105,0.1,1.65,2.1,2.11,1.91,2.44,1.61,1.51,1.77
"NT","Roper Gulf",136.833297729492,-15.5383195877075,0.1,1.64,2.41,2.14,1.92,2.47,1.49,1.41,1.6
"NT","Roper Gulf",136.904006958008,-15.5475959777832,0.1,1.66,1.97,2.03,1.84,2.32,1.71,1.59,1.89
"NT","Roper Gulf",136.937316894531,-15.5774364471436,0.1,1.65,1.96,2.09,1.89,2.4,1.74,1.62,1.93
"NT","Roper Gulf",137.014739990234,-15.586576461792,0.1,1.66,2.46,2.07,1.87,2.37,1.65,1.54,1.81
"NT","Roper Gulf",137.050201416016,-15.6158323287964,0.1,1.65,2.44,2.07,1.88,2.38,3.1,2.66,3.84
"QLDNorth","Carpentaria",141.450454711914,-15.5829486846924,0.1,2.9,6.43,1.89,1.74,2.12,2.47,2.19,2.92
"QLDNorth","Cook",145.330215454102,-15.5912666320801,0.1,1.85,1.96,4.5,3.68,5.92,1.7,1.58,1.89
"WANorth","Wyndham-East Kimberley",124.418167114258,-15.539116859436,0.1,5.23,2.26,2.39,2.13,2.79,1.65,1.54,1.81
"NT","Roper Gulf",136.270355224609,-15.5267705917358,0.1,1.66,2.15,2.04,1.84,2.35,3.45,2.91,4.33
"QLDNorth","Carpentaria",141.461395263672,-15.5369548797607,0.1,2.9,6.63,1.89,1.74,2.13,2.18,1.97,2.49
"QLDNorth","Cook",145.320785522461,-15.5653171539307,0.1,1.85,5.03,4.52,3.7,5.95,2.62,2.31,3.13
"WANorth","Wyndham-East Kimberley",124.443572998047,-15.4937057495117,0.1,5.22,4.96,2.41,2.15,2.82,2.69,2.36,3.22
"WANorth","Wyndham-East Kimberley",125.000709533691,-15.4780082702637,0.1,4.14,1.08,2.61,2.3,3.09,1.71,1.58,1.9
"WANorth","Wyndham-East Kimberley",125.047920227051,-15.468729019165,0.1,4.14,1.45,2.55,2.26,3.02,1.65,1.54,1.81
"NT","Roper Gulf",136.261825561523,-15.4813098907471,0.1,1.66,5.53,2.05,1.85,2.36,2.39,2.14,2.77
"QLDNorth","Carpentaria",141.469650268555,-15.5078430175781,0.1,2.9,5.97,1.9,1.75,2.14,2.64,2.32,3.15
"WANorth","Wyndham-East Kimberley",124.463150024414,-15.4064741134644,0.1,5.21,4.94,2.53,2.24,2.98,2.61,2.29,3.11
"WANorth","Wyndham-East Kimberley",124.99584197998,-15.4311647415161,0.1,4.14,1.21,2.57,2.27,3.04,1.69,1.57,1.88
"WANorth","Wyndham-East Kimberley",125.066184997559,-15.428539276123,0.1,4.15,1.38,2.53,2.24,2.99,1.7,1.58,1.87
"NT","Roper Gulf",136.219879150391,-15.4033269882202,0.1,1.66,5.43,2.06,1.86,2.38,2.36,2.12,2.73
"QLDNorth","Kowanyama",141.508316040039,-15.4334802627563,0.1,2.89,6.53,1.91,1.75,2.15,2.45,2.19,2.85
"WANorth","Wyndham-East Kimberley",124.356224060059,-15.3932209014893,0.1,5.22,4.93,2.48,2.21,2.91,2.7,2.36,3.24
"WANorth","Wyndham-East Kimberley",124.443748474121,-15.3779649734497,0.1,5.2,4.96,2.59,2.29,3.07,2.62,2.31,3.13
"WANorth","Wyndham-East Kimberley",125.003211975098,-15.3864412307739,0.1,4.14,2.64,2.61,2.3,3.1,5.42,4.3,7.45
"WANorth","Wyndham-East Kimberley",125.033515930176,-15.3738317489624,0.1,4.15,2.55,2.51,2.22,2.96,5.46,4.34,7.48
"WANorth","Wyndham-East Kimberley",128.090316772461,-15.3669605255127,0.1,4.03,3.3,5.96,4.69,8.25,3.72,3.11,4.76
"WANorth","Wyndham-East Kimberley",128.120590209961,-15.3749618530273,0.1,4.03,3.06,6.02,4.74,8.33,1.51,1.42,1.64
"WANorth","Wyndham-East Kimberley",128.278747558594,-15.3833827972412,0.1,4.06,3.44,4.4,3.6,5.78,1.79,1.65,2.01
"NT","Roper Gulf",136.115036010742,-15.3544836044312,0.1,1.66,2.19,2.04,1.85,2.35,1.7,1.58,1.87
"NT","Roper Gulf",136.154373168945,-15.3790369033813,0.1,1.66,2.21,2.05,1.85,2.36,3.35,2.83,4.21
"QLDNorth","Kowanyama",141.528915405273,-15.3784799575806,0.1,2.89,6.51,1.92,1.76,2.17,1.69,1.57,1.87
"QLDNorth","Hope Vale",145.302627563477,-15.3452205657959,0.1,1.88,3.37,4.52,3.7,5.93,5.13,4.1,6.98
"WANorth","Wyndham-East Kimberley",124.32071685791,-15.3089828491211,0.1,5.2,3.77,2.66,2.34,3.17,5.7,4.51,7.88
"WANorth","Wyndham-East Kimberley",128.066925048828,-15.3209896087646,0.1,4.03,4.08,5.95,4.69,8.26,6.04,4.73,8.45
"WANorth","Wyndham-East Kimberley",128.124252319336,-15.3248014450073,0.1,4.03,3.1,6.25,4.89,8.76,1.5,1.41,1.62
"WANorth","Wyndham-East Kimberley",128.128356933594,-15.3167791366577,0.1,4.03,2.94,6.46,5.02,9.11,1.7,1.59,1.88
"NT","Roper Gulf",136.055770874023,-15.3226823806763,0.1,1.67,2.14,2.01,1.82,2.31,3.51,2.95,4.45
"QLDNorth","Kowanyama",141.540954589844,-15.3341646194458,0.1,2.89,6.39,1.94,1.77,2.19,1.72,1.59,1.91
"QLDNorth","Hope Vale",145.352462768555,-15.2814426422119,0.1,1.88,3.46,4.5,3.68,5.9,4.84,3.91,6.49
"WANorth","Wyndham-East Kimberley",124.343971252441,-15.2859258651733,0.1,5.19,3.85,2.8,2.45,3.37,5.9,4.64,8.2
"WANorth","Wyndham-East Kimberley",128.223083496094,-15.2668571472168,0.1,4.04,3.05,5.59,4.44,7.66,1.5,1.41,1.63
"WANorth","Wyndham-East Kimberley",128.255874633789,-15.2712717056274,0.1,4.02,2.89,7.34,5.62,10.58,1.71,1.59,1.88
"NT","Roper Gulf",135.992614746094,-15.2876634597778,0.1,1.67,2.1,1.99,1.81,2.29,3.46,2.92,4.37
"QLDNorth","Kowanyama",141.570571899414,-15.2726631164551,0.1,2.88,6.51,1.95,1.78,2.21,1.56,1.46,1.7
"QLDNorth","Hope Vale",145.360290527344,-15.2734632492065,0.1,1.87,6.07,4.65,3.79,6.15,1.32,1.27,1.39
"WANorth","Wyndham-East Kimberley",124.378463745117,-15.2625865936279,0.1,5.18,6.16,2.86,2.49,3.45,1.44,1.37,1.55
"WANorth","Wyndham-East Kimberley",124.414283752441,-15.2452163696289,0.1,5.18,5.73,2.93,2.54,3.56,1.82,1.67,2.05
"WANorth","Wyndham-East Kimberley",124.460670471191,-15.2325954437256,0.1,5.18,5.73,2.93,2.54,3.56,1.8,1.65,2.02
"WANorth","Wyndham-East Kimberley",124.546234130859,-15.2495212554932,0.1,4.12,4.86,2.84,2.48,3.42,1.56,1.46,1.72
"WANorth","Wyndham-East Kimberley",124.58065032959,-15.2420091629028,0.1,4.12,4.46,2.78,2.43,3.33,2.12,1.91,2.46
"WANorth","Wyndham-East Kimberley",124.621078491211,-15.2665252685547,0.1,4.13,4.23,2.75,2.41,3.29,2.89,2.5,3.54
"WANorth","Wyndham-East Kimberley",124.679168701172,-15.2518796920776,0.1,4.13,4.5,2.75,2.41,3.28,2.08,1.88,2.38
"WANorth","Wyndham-East Kimberley",124.713401794434,-15.2531232833862,0.1,4.13,4.19,2.76,2.42,3.31,2.91,2.52,3.54
"WANorth","Wyndham-East Kimberley",124.784233093262,-15.2281265258789,0.1,4.13,2.78,2.77,2.42,3.31,4.75,3.84,6.37
"WANorth","Wyndham-East Kimberley",124.837158203125,-15.2363758087158,0.1,4.13,2.87,2.66,2.34,3.17,4.7,3.8,6.27
"WANorth","Wyndham-East Kimberley",128.223709106445,-15.2203645706177,0.1,4.04,3.08,5.5,4.37,7.53,1.5,1.41,1.63
"WANorth","Wyndham-East Kimberley",128.232849121094,-15.2348432540894,0.1,4.04,3.06,5.32,4.25,7.22,1.5,1.42,1.63
"NT","Roper Gulf",135.898361206055,-15.2207584381104,0.1,1.68,2.11,1.95,1.77,2.23,1.71,1.59,1.9
"NT","Roper Gulf",135.923324584961,-15.2407388687134,0.1,1.68,2.37,1.97,1.79,2.26,2.83,2.45,3.47
"QLDNorth","Kowanyama",141.574462890625,-15.2235231399536,0.1,2.88,6.13,1.97,1.8,2.23,2.14,1.93,2.47
"QLDNorth","Hope Vale",145.327423095703,-15.2295150756836,0.1,1.88,3.44,4.59,3.74,6.05,4.51,3.67,5.97
"WANorth","Wyndham-East Kimberley",124.837196350098,-15.1718883514404,0.1,4.13,2.77,2.76,2.41,3.31,4.71,3.83,6.26
"WANorth","Wyndham-East Kimberley",128.212966918945,-15.1749248504639,0.1,4.04,5.22,5.27,4.22,7.15,2.27,2.03,2.65
"WANorth","Wyndham-East Kimberley",128.237503051758,-15.1760940551758,0.1,4.03,5.23,6.39,4.98,8.98,2.29,2.04,2.68
"NT","Victoria Daly",129.196029663086,-15.1625785827637,0.1,4.05,2.39,4.71,3.82,6.27,1.51,1.42,1.64
"NT","Victoria Daly",129.199676513672,-15.160961151123,0.1,4.05,2.24,4.83,3.91,6.47,1.67,1.56,1.84
"NT","Roper Gulf",135.844009399414,-15.1683340072632,0.1,1.68,2.37,1.96,1.78,2.24,2.82,2.43,3.45
"QLDNorth","Kowanyama",141.595138549805,-15.185079574585,0.1,2.88,6.17,1.97,1.8,2.24,2,1.82,2.28
"QLDNorth","Hope Vale",145.333099365234,-15.2225074768066,0.1,1.87,5.28,4.62,3.77,6.1,2.51,2.22,2.99
"WANorth","Wyndham-East Kimberley",124.855361938477,-15.1429424285889,0.1,4.13,4.72,2.75,2.41,3.3,2.34,2.09,2.74
"WANorth","Wyndham-East Kimberley",125.304618835449,-15.1396646499634,0.1,4.16,3.42,2.38,2.12,2.79,2.49,2.19,2.97
"WANorth","Wyndham-East Kimberley",125.365219116211,-15.1228294372559,0.1,4.17,4.3,2.34,2.09,2.73,2.67,2.34,3.21
"NT","Victoria Daly",129.229110717773,-15.0611801147461,0.1,4.05,5.37,4.57,3.75,5.95,2.79,2.43,3.38
"NT","Victoria Daly",129.598754882812,-15.134729385376,0.1,4.11,1.06,3.05,2.64,3.7,1.44,1.36,1.55
"NT","Victoria Daly",129.627670288086,-15.1251249313354,0.1,4.1,1.4,3.2,2.77,3.9,1.51,1.42,1.65
"NT","Roper Gulf",135.670120239258,-15.1215038299561,0.1,1.78,2.72,1.68,1.56,1.87,1.51,1.42,1.64
"NT","Roper Gulf",135.742385864258,-15.1108503341675,0.1,1.68,2.27,1.98,1.79,2.27,1.6,1.5,1.75
"NT","Roper Gulf",135.779724121094,-15.1316137313843,0.1,1.68,2.23,1.97,1.78,2.26,2.99,2.56,3.7
"QLDNorth","Kowanyama",141.624618530273,-15.1111812591553,0.1,1.98,5.27,1.99,1.81,2.27,2.07,1.88,2.37
"QLDNorth","Hope Vale",145.26692199707,-15.0901155471802,0.1,1.88,5.21,4.52,3.7,5.94,2.58,2.26,3.09
"WANorth","Wyndham-East Kimberley",124.845108032227,-15.0398464202881,0.1,4.13,4.69,2.77,2.42,3.32,2.6,2.28,3.12
"WANorth","Wyndham-East Kimberley",125.261390686035,-15.0821933746338,0.1,4.15,4.34,2.48,2.2,2.93,2.45,2.17,2.89
"WANorth","Wyndham-East Kimberley",125.309417724609,-15.0748262405396,0.1,4.15,3.54,2.46,2.18,2.9,1.93,1.77,2.18
"WANorth","Wyndham-East Kimberley",125.366409301758,-15.0749502182007,0.1,4.16,3.41,2.39,2.13,2.8,2.46,2.17,2.92
"NT","Victoria Daly",129.117156982422,-14.9952297210693,0.1,4.05,4.75,4.71,3.87,6.12,2.58,2.27,3.09
"NT","Victoria Daly",129.252014160156,-15.0351524353027,0.1,4.05,4.55,4.59,3.79,5.92,2.72,2.37,3.28
"NT","Victoria Daly",129.410400390625,-14.9652719497681,0.1,4.02,4.94,6.58,5.21,8.97,2.49,2.19,2.98
"NT","Victoria Daly",129.437927246094,-14.9719524383545,0.1,4.01,5.03,7.78,5.96,11.14,2.49,2.19,2.98
"NT","Victoria Daly",129.529296875,-15.0264749526978,0.1,4.07,4.56,3.8,3.21,4.78,3,2.57,3.7
"NT","Victoria Daly",129.54460144043,-15.040994644165,0.1,4.07,1.75,3.79,3.2,4.76,1.5,1.42,1.64
"NT","Victoria Daly",129.635375976562,-15.0729827880859,0.1,4.09,1.47,3.28,2.82,4.01,1.6,1.5,1.75
"NT","Roper Gulf",135.683929443359,-15.0744066238403,0.1,1.68,2.19,1.96,1.78,2.25,3.01,2.58,3.73
"QLDNorth","Kowanyama",141.639617919922,-15.0733003616333,0.1,1.98,5.19,2,1.82,2.28,2.34,2.09,2.72
"QLDNorth","Hope Vale",145.285614013672,-15.0589323043823,0.1,1.88,5.01,4.52,3.7,5.94,2.56,2.24,3.06
"WANorth","Wyndham-East Kimberley",124.898864746094,-15.0271453857422,0.1,4.13,4.55,2.76,2.42,3.31,2.25,2,2.63
"WANorth","Wyndham-East Kimberley",125.10546875,-15.0343952178955,0.1,4.16,4.38,2.45,2.18,2.88,2.63,2.3,3.16
"WANorth","Wyndham-East Kimberley",125.158798217773,-15.0236616134644,0.1,4.15,4.33,2.46,2.19,2.9,2.6,2.29,3.09
"WANorth","Wyndham-East Kimberley",125.227180480957,-14.9999437332153,0.1,4.15,2.87,2.48,2.2,2.93,3.53,2.96,4.53
"WANorth","Wyndham-East Kimberley",125.245780944824,-15.0001363754272,0.1,4.15,2.86,2.47,2.19,2.92,3.58,2.99,4.61
"WANorth","Wyndham-East Kimberley",128.104248046875,-15.0200548171997,0.1,4.07,4.25,4.03,3.34,5.2,3.56,2.96,4.61
"WANorth","Wyndham-East Kimberley",128.151580810547,-15.0434598922729,0.1,4.07,4.08,4.02,3.34,5.18,3.53,2.93,4.59
"WANorth","Wyndham-East Kimberley",128.215484619141,-15.0266199111938,0.1,4.06,4.06,4.13,3.41,5.35,2.93,2.52,3.64
"WANorth","Wyndham-East Kimberley",128.357131958008,-15.0189142227173,0.1,4.03,4.3,5.64,4.47,7.77,2.81,2.43,3.44
"WANorth","Wyndham-East Kimberley",128.407028198242,-15.029426574707,0.1,4.07,5.24,4.04,3.35,5.2,2.11,1.9,2.44
"WANorth","Wyndham-East Kimberley",128.475051879883,-15.0046501159668,0.1,4.06,5.86,4.36,3.58,5.7,3.03,2.59,3.75
"NT","Victoria Daly",129.034957885742,-14.9198684692383,0.1,4.07,2.25,3.83,3.22,4.85,1.64,1.53,1.83
"NT","Victoria Daly",129.629501342773,-15.0235919952393,0.1,4.09,1.42,3.47,2.97,4.27,1.64,1.53,1.83
"NT","Roper Gulf",135.525787353516,-15.0083923339844,0.1,1.69,2.31,1.93,1.75,2.22,1.5,1.42,1.64
"NT","Roper Gulf",135.573394775391,-15.031590461731,0.1,1.68,2.45,1.94,1.76,2.23,1.51,1.43,1.63
"NT","Roper Gulf",135.638565063477,-15.0378141403198,0.1,1.68,2.2,1.96,1.77,2.25,2.94,2.53,3.61
"QLDNorth","Pormpuraaw",141.660873413086,-15.0223045349121,0.1,1.98,5.07,2.01,1.83,2.3,2.38,2.09,2.87
"QLDNorth","Hope Vale",145.338073730469,-14.9985475540161,0.1,1.87,5.04,4.61,3.76,6.09,2.05,1.85,2.37
"WANorth","Wyndham-East Kimberley",124.953239440918,-14.9682312011719,0.1,4.13,4.5,2.71,2.38,3.25,1.99,1.8,2.28
"WANorth","Wyndham-East Kimberley",125.014305114746,-14.9793424606323,0.1,4.13,4.5,2.7,2.37,3.23,2.53,2.23,3.01
"WANorth","Wyndham-East Kimberley",125.059196472168,-14.981104850769,0.1,4.14,3.14,2.65,2.33,3.16,3.43,2.88,4.39
"WANorth","Wyndham-East Kimberley",125.21174621582,-14.9692764282227,0.1,4.15,2.98,2.49,2.21,2.94,3.24,2.74,4.12
"WANorth","Wyndham-East Kimberley",128.115615844727,-14.9633541107178,0.1,4.07,4.15,3.92,3.27,5.03,3.21,2.71,4.06
"WANorth","Wyndham-East Kimberley",128.265228271484,-14.9804067611694,0.1,4.06,4.12,4.38,3.59,5.73,3.13,2.67,3.92
"WANorth","Wyndham-East Kimberley",128.327514648438,-14.9675893783569,0.1,4.05,4.61,4.77,3.86,6.38,3.38,2.86,4.26
"WANorth","Wyndham-East Kimberley",128.48127746582,-14.9631042480469,0.1,4.02,3.04,6.82,5.25,9.77,1.57,1.47,1.73
"WANorth","Wyndham-East Kimberley",128.858551025391,-14.8627557754517,0.1,4.06,2.83,4.08,3.4,5.2,1.52,1.44,1.64
"NT","Roper Gulf",135.472869873047,-14.9671669006348,0.1,1.69,2.16,1.91,1.73,2.19,2.83,2.45,3.46
"QLDNorth","Pormpuraaw",141.634017944336,-14.9669532775879,0.1,1.97,5.23,2.03,1.84,2.32,2.43,2.16,2.87
"QLDNorth","Hope Vale",145.355865478516,-14.9762773513794,0.1,1.87,3.8,4.72,3.84,6.26,3.44,2.88,4.42
"WANorth","Wyndham-East Kimberley",125.210952758789,-14.9208126068115,0.1,4.14,2.99,2.58,2.27,3.05,3.08,2.62,3.86
"WANorth","Wyndham-East Kimberley",128.126541137695,-14.9274501800537,0.1,4.06,5.37,4.11,3.4,5.32,2.82,2.45,3.43
"WANorth","Wyndham-East Kimberley",128.465911865234,-14.9306812286377,0.1,4.03,3.06,6.37,4.96,8.96,1.55,1.45,1.7
"NT","Victoria Daly",129.624771118164,-14.9088068008423,0.1,4.07,1.68,3.76,3.19,4.67,1.68,1.57,1.85
"NT","Roper Gulf",135.433349609375,-14.9105844497681,0.1,1.7,1.87,1.88,1.71,2.14,2.99,2.56,3.71
"QLDNorth","Pormpuraaw",141.608688354492,-14.9055852890015,0.1,1.97,5.12,2.05,1.86,2.35,2.76,2.4,3.33
"QLDNorth","Hope Vale",145.317611694336,-14.9490919113159,0.1,1.87,3.73,4.72,3.84,6.26,3.24,2.75,4.07
"WANorth","Wyndham-East Kimberley",125.209754943848,-14.8662157058716,0.1,4.14,3.07,2.6,2.29,3.08,3.27,2.76,4.13
"WANorth","Wyndham-East Kimberley",128.150115966797,-14.8587427139282,0.1,4.06,4.25,4.23,3.48,5.51,3.98,3.26,5.25
"WANorth","Wyndham-East Kimberley",128.456253051758,-14.8809814453125,0.1,4.04,4.97,5.24,4.2,7.07,1.86,1.71,2.1
"WANorth","Wyndham-East Kimberley",128.624084472656,-14.8013439178467,0.1,4.03,4.91,6.42,5.02,8.96,1.86,1.71,2.1
"WANorth","Wyndham-East Kimberley",128.735733032227,-14.8514633178711,0.1,4.06,5.19,4.11,3.41,5.29,2.75,2.4,3.3
"WANorth","Wyndham-East Kimberley",128.806945800781,-14.8499422073364,0.1,4.07,2.78,3.95,3.32,5,1.51,1.42,1.65
"NT","Victoria Daly",129.637725830078,-14.869083404541,0.1,4.09,1.71,3.35,2.89,4.07,1.68,1.57,1.85
"NT","Roper Gulf",135.423721313477,-14.8675756454468,0.1,1.7,2.12,1.87,1.71,2.14,2.75,2.39,3.36
"QLDNorth","Pormpuraaw",141.589569091797,-14.8615064620972,0.1,1.97,2.53,2.06,1.87,2.37,2.74,2.38,3.35
"QLDNorth","Hope Vale",145.222076416016,-14.8688898086548,0.1,1.87,5.1,4.73,3.85,6.27,2.12,1.92,2.43
"QLDNorth","Hope Vale",145.231597900391,-14.8859167098999,0.1,1.87,3.71,4.72,3.84,6.26,3.09,2.63,3.87
"WANorth","Wyndham-East Kimberley",125.15340423584,-14.8067455291748,0.1,4.13,3.03,2.68,2.35,3.19,4.15,3.4,5.45
"WANorth","Wyndham-East Kimberley",128.195236206055,-14.8283796310425,0.1,4.05,4.35,4.56,3.72,6.01,3.65,3.03,4.74
"WANorth","Wyndham-East Kimberley",128.527557373047,-14.7843637466431,0.1,4.06,5.33,4.23,3.49,5.49,2.71,2.38,3.24
"WANorth","Wyndham-East Kimberley",128.601577758789,-14.79909324646,0.1,4.05,3,4.49,3.69,5.88,1.51,1.42,1.66
"NT","West Daly",129.684432983398,-14.8089656829834,0.1,4.08,2.13,3.74,3.16,4.71,1.52,1.44,1.64
"NT","Roper Gulf",135.404830932617,-14.8228092193604,0.1,1.71,2.15,1.86,1.7,2.13,2.62,2.28,3.17
"QLDNorth","Pormpuraaw",141.578353881836,-14.8152437210083,0.1,1.96,2.55,2.08,1.88,2.38,2.66,2.32,3.23
"QLDNorth","Cook",145.107711791992,-14.8189258575439,0.1,1.88,5.16,4.59,3.74,6.04,1.94,1.78,2.19
"QLDNorth","Hope Vale",145.155731201172,-14.8298187255859,0.1,1.87,3.45,4.68,3.81,6.17,4.35,3.57,5.7
"WANorth","Wyndham-East Kimberley",125.15779876709,-14.771409034729,0.1,4.13,4.28,2.69,2.36,3.21,2.81,2.45,3.4
"WANorth","Wyndham-East Kimberley",128.211807250977,-14.7566795349121,0.1,4.05,3.2,4.66,3.8,6.15,1.51,1.42,1.66
"NT","West Daly",129.680160522461,-14.7723655700684,0.1,4.07,2.32,3.86,3.24,4.9,1.46,1.39,1.56
"NT","Roper Gulf",135.40104675293,-14.7666997909546,0.1,1.71,2.16,1.85,1.69,2.11,2.82,2.45,3.43
"QLDNorth","Pormpuraaw",141.563537597656,-14.7555322647095,0.1,1.96,2.58,2.09,1.89,2.41,2.6,2.27,3.15
"QLDNorth","Cook",145.004684448242,-14.765022277832,0.1,1.88,5.02,4.54,3.71,5.99,1.92,1.76,2.17
"QLDNorth","Cook",145.046966552734,-14.7957363128662,0.1,1.88,3.34,4.56,3.72,6.01,4.45,3.62,5.91
"WANorth","Wyndham-East Kimberley",125.162040710449,-14.7307987213135,0.1,4.13,4.42,2.75,2.41,3.28,2.69,2.36,3.22
"WANorth","Wyndham-East Kimberley",128.21858215332,-14.7112264633179,0.1,4.05,3.31,4.92,3.97,6.58,1.52,1.42,1.66
"NT","West Daly",129.68034362793,-14.7185859680176,0.1,4.07,2.06,4,3.34,5.09,1.55,1.46,1.68
"NT","Roper Gulf",135.432189941406,-14.722728729248,0.1,1.71,2.11,1.84,1.68,2.1,2.94,2.53,3.59
"QLDNorth","Pormpuraaw",141.559204101562,-14.7273426055908,0.1,1.96,5.15,2.1,1.9,2.42,2.08,1.89,2.38
"QLDNorth","Cook",144.987640380859,-14.7468757629395,0.1,1.87,4.84,4.61,3.76,6.1,2.3,2.06,2.68
"WANorth","Wyndham-East Kimberley",125.128555297852,-14.6601362228394,0.1,4.12,3.07,2.8,2.45,3.36,3.14,2.67,3.94
"WANorth","Wyndham-East Kimberley",125.160118103027,-14.6572942733765,0.1,4.12,4.3,2.79,2.44,3.33,2.58,2.27,3.09
"WANorth","Wyndham-East Kimberley",128.201126098633,-14.7053632736206,0.1,4.05,3.34,4.71,3.83,6.25,1.52,1.43,1.66
"NT","West Daly",129.682220458984,-14.6545448303223,0.1,4.06,1.72,4.27,3.55,5.49,1.75,1.61,1.98
"NT","Roper Gulf",135.452590942383,-14.6908016204834,0.1,1.71,2.29,1.84,1.68,2.1,1.56,1.47,1.69
"NT","Roper Gulf",135.470809936523,-14.6745538711548,0.1,1.71,2.12,1.84,1.68,2.1,2.96,2.56,3.63
"QLDNorth","Pormpuraaw",141.550689697266,-14.6618461608887,0.1,1.96,5.11,2.12,1.91,2.45,1.8,1.66,2.02
"QLDNorth","Cook",144.95671081543,-14.6787748336792,0.1,1.87,3.73,4.74,3.85,6.29,1.84,1.69,2.08
"WANorth","Wyndham-East Kimberley",125.084785461426,-14.6038780212402,0.1,4.11,3.38,2.95,2.56,3.58,2.21,1.98,2.58
"WANorth","Wyndham-East Kimberley",128.091583251953,-14.6392116546631,0.1,4.06,5.78,4.31,3.55,5.62,2.89,2.5,3.51
"WANorth","Wyndham-East Kimberley",128.13264465332,-14.6603422164917,0.1,4.06,2.96,4.4,3.61,5.76,1.7,1.57,1.9
"NT","West Daly",129.684371948242,-14.6120672225952,0.1,4.06,2.05,4.43,3.69,5.65,1.56,1.47,1.69
"NT","Roper Gulf",135.524978637695,-14.6124706268311,0.1,1.71,2.18,1.87,1.7,2.13,3,2.59,3.68
"QLDNorth","Pormpuraaw",141.548477172852,-14.6105136871338,0.1,1.95,5.04,2.13,1.92,2.46,1.76,1.62,1.96
"QLDNorth","Cook",144.940582275391,-14.6089067459106,0.1,1.87,3.28,4.98,4.03,6.66,2.43,2.15,2.89
"WANorth","Wyndham-East Kimberley",125.078704833984,-14.5518770217896,0.1,4.11,3.6,2.99,2.59,3.64,1.76,1.62,1.96
"WANorth","Wyndham-East Kimberley",128.000030517578,-14.5617656707764,0.1,4.06,5.76,4.34,3.58,5.64,2.56,2.24,3.08
"WANorth","Wyndham-East Kimberley",128.045211791992,-14.5876274108887,0.1,4.06,5.77,4.26,3.52,5.53,2.61,2.28,3.15
"NT","West Daly",129.531127929688,-14.5545520782471,0.1,4.07,4.58,4.04,3.4,5.09,2.83,2.45,3.43
"NT","West Daly",129.581802368164,-14.5655689239502,0.1,4.07,1.67,3.83,3.25,4.78,1.73,1.59,1.94
"NT","West Daly",129.687927246094,-14.5747318267822,0.1,4.07,2.03,3.99,3.38,4.98,1.57,1.48,1.7
"NT","Roper Gulf",135.567230224609,-14.5412082672119,0.1,1.71,2.1,1.86,1.7,2.12,3.03,2.6,3.73
"QLDNorth","Pormpuraaw",141.536666870117,-14.5556573867798,0.1,1.95,2.48,2.15,1.93,2.49,3,2.58,3.69
"QLDNorth","Cook",144.880081176758,-14.5607309341431,0.1,1.87,4.82,5.02,4.06,6.71,1.76,1.63,1.96
"QLDNorth","Cook",144.893249511719,-14.5655660629272,0.1,1.87,4.29,5.06,4.08,6.78,2.42,2.13,2.88
"WANorth","Wyndham-East Kimberley",125.1201171875,-14.514669418335,0.1,4.11,4.45,2.99,2.59,3.63,1.71,1.58,1.91
"WANorth","Wyndham-East Kimberley",125.262313842773,-14.4960641860962,0.1,4.11,4.63,2.98,2.58,3.62,1.62,1.51,1.79
"WANorth","Wyndham-East Kimberley",125.319488525391,-14.5248193740845,0.1,4.11,4.35,2.99,2.59,3.64,2.2,1.96,2.59
"WANorth","Wyndham-East Kimberley",125.367393493652,-14.5112953186035,0.1,4.1,4.19,3.21,2.74,3.97,2.37,2.09,2.81
"WANorth","Wyndham-East Kimberley",125.427215576172,-14.5262870788574,0.1,4.1,4.02,3.22,2.76,3.99,3.3,2.8,4.14
"WANorth","Wyndham-East Kimberley",125.949760437012,-14.5220060348511,0.1,4.11,3.26,3.04,2.61,3.73,3.67,3.1,4.63
"WANorth","Wyndham-East Kimberley",126.010581970215,-14.5180864334106,0.1,4.11,4.74,3.03,2.61,3.72,2.59,2.27,3.13
"WANorth","Wyndham-East Kimberley",127.942878723145,-14.513729095459,0.1,4.06,5.76,4.39,3.62,5.68,2.52,2.21,3.02
"NT","West Daly",129.44775390625,-14.5041465759277,0.1,4.06,4.58,4.14,3.46,5.25,2.44,2.16,2.88
"NT","West Daly",129.479934692383,-14.5016145706177,0.1,4.07,4.49,4.05,3.4,5.11,2.69,2.35,3.23
"NT","West Daly",129.641220092773,-14.5319089889526,0.1,4.05,2.2,4.86,3.99,6.31,1.54,1.44,1.69
"NT","West Daly",129.642837524414,-14.5334577560425,0.1,4.05,2.58,4.87,4,6.34,1.46,1.39,1.56
"NT","Roper Gulf",135.578796386719,-14.5139532089233,0.1,1.71,2.38,1.86,1.7,2.12,2.63,2.31,3.13
"QLDNorth","Pormpuraaw",141.527404785156,-14.5103921890259,0.1,1.95,2.41,2.15,1.93,2.49,3.33,2.83,4.15
"QLDNorth","Cook",144.739639282227,-14.5463800430298,0.1,1.86,4.73,5.2,4.18,7.02,1.63,1.52,1.8
"QLDNorth","Cook",144.774948120117,-14.5439920425415,0.1,1.86,4.3,5.15,4.14,6.91,2.03,1.83,2.34
"WANorth","Wyndham-East Kimberley",125.131568908691,-14.4704513549805,0.1,4.11,4.65,3.02,2.61,3.69,1.63,1.51,1.79
"WANorth","Wyndham-East Kimberley",125.27473449707,-14.4618988037109,0.1,4.1,4.74,3.15,2.7,3.88,1.62,1.51,1.78
"WANorth","Wyndham-East Kimberley",125.482887268066,-14.480881690979,0.1,4.1,4.14,3.13,2.69,3.85,2.61,2.27,3.15
"WANorth","Wyndham-East Kimberley",125.520492553711,-14.4681940078735,0.1,4.11,4.04,2.94,2.55,3.54,3.32,2.81,4.18
"WANorth","Wyndham-East Kimberley",125.86164855957,-14.4677419662476,0.1,4.11,3.63,3.06,2.64,3.77,2.03,1.84,2.34
"WANorth","Wyndham-East Kimberley",125.997909545898,-14.4545955657959,0.1,4.11,4.71,3.06,2.63,3.75,2.1,1.9,2.43
"WANorth","Wyndham-East Kimberley",127.930953979492,-14.5009260177612,0.1,4.06,3.64,4.35,3.6,5.61,1.55,1.45,1.7
"NT","West Daly",129.366073608398,-14.4294281005859,0.1,4.06,2.93,4.2,3.5,5.34,1.46,1.39,1.56
"NT","Roper Gulf",135.625366210938,-14.4839658737183,0.1,1.7,2.44,1.88,1.71,2.15,2.57,2.25,3.1
"QLDNorth","Pormpuraaw",141.526031494141,-14.4617919921875,0.1,1.95,2.75,2.15,1.93,2.49,2.54,2.23,3.06
"QLDNorth","Cook",143.846130371094,-14.4575262069702,0.1,1.88,2.2,4.25,3.49,5.56,2.53,2.22,3.03
"QLDNorth","Cook",143.895843505859,-14.4822654724121,0.1,1.88,2.17,4.47,3.64,5.91,2.55,2.23,3.07
"QLDNorth","Cook",143.938598632812,-14.4828338623047,0.1,1.88,2.15,4.42,3.61,5.82,2.54,2.23,3.06
"QLDNorth","Cook",144.004318237305,-14.4783716201782,0.1,1.88,2.15,4.35,3.56,5.72,2.59,2.27,3.14
"QLDNorth","Cook",144.050003051758,-14.4639005661011,0.1,1.88,2.31,4.34,3.55,5.7,2.67,2.35,3.18
"QLDNorth","Cook",144.09049987793,-14.4441137313843,0.1,1.88,4.4,4.3,3.52,5.64,1.64,1.53,1.81
"QLDNorth","Cook",144.660003662109,-14.5000143051147,0.1,1.86,4.47,5.38,4.3,7.32,1.72,1.59,1.92
"WANorth","Wyndham-East Kimberley",125.152992248535,-14.4271259307861,0.1,4.11,4.07,2.99,2.59,3.64,3.52,2.96,4.47
"WANorth","Wyndham-East Kimberley",125.198593139648,-14.4466991424561,0.1,4.11,4.05,2.95,2.56,3.59,3.13,2.69,3.86
"WANorth","Wyndham-East Kimberley",125.596481323242,-14.4360542297363,0.1,4.1,4.06,3.11,2.67,3.82,3.15,2.7,3.89
"WANorth","Wyndham-East Kimberley",125.736625671387,-14.406229019165,0.1,4.11,4.19,3.07,2.64,3.77,3.47,2.91,4.45
"WANorth","Wyndham-East Kimberley",125.759918212891,-14.4194965362549,0.1,4.1,4.33,3.08,2.65,3.78,2.67,2.32,3.23
"WANorth","Wyndham-East Kimberley",125.813087463379,-14.4428367614746,0.1,4.1,3.54,3.09,2.65,3.8,2.04,1.85,2.34
"WANorth","Wyndham-East Kimberley",125.943725585938,-14.396312713623,0.1,4.1,4.43,3.1,2.66,3.82,2.89,2.49,3.56
"WANorth","Wyndham-East Kimberley",127.869132995605,-14.4294986724854,0.1,4.06,3.71,4.31,3.59,5.51,1.56,1.46,1.71
"NT","West Daly",129.354202270508,-14.4140396118164,0.1,4.07,2.97,3.84,3.24,4.8,1.48,1.4,1.58
"NT","Roper Gulf",135.675582885742,-14.4104404449463,0.1,1.7,2.65,1.89,1.72,2.16,2.28,2.03,2.68
"QLDNorth","Pormpuraaw",141.536483764648,-14.4148235321045,0.1,1.95,2.58,2.16,1.94,2.51,2.63,2.29,3.18
"QLDNorth","Cook",143.791213989258,-14.4109144210815,0.1,1.88,1.66,4.27,3.5,5.6,4.48,3.69,5.82
"QLDNorth","Cook",144.144821166992,-14.4031286239624,0.1,1.88,3.65,4.36,3.57,5.71,3.5,2.95,4.43
"QLDNorth","Cook",144.63346862793,-14.4088802337646,0.1,1.86,3.86,5.43,4.33,7.39,3.14,2.69,3.86
"WANorth","Wyndham-East Kimberley",125.573066711426,-14.3610992431641,0.1,4.11,4.11,3.06,2.64,3.74,2.68,2.33,3.26
"WANorth","Wyndham-East Kimberley",125.721366882324,-14.3566665649414,0.1,4.1,3.12,3.09,2.65,3.79,3.13,2.7,3.81
"WANorth","Wyndham-East Kimberley",125.943374633789,-14.3472080230713,0.1,4.1,4.48,3.08,2.64,3.78,2.91,2.5,3.6
"WANorth","Wyndham-East Kimberley",127.786949157715,-14.3601789474487,0.1,4.06,3.83,4.17,3.5,5.26,1.56,1.46,1.71
"NT","West Daly",129.357345581055,-14.3789148330688,0.1,4.07,3.04,3.84,3.23,4.84,1.47,1.4,1.58
"NT","Roper Gulf",135.690505981445,-14.3648252487183,0.1,1.7,2.45,1.9,1.73,2.17,2.66,2.32,3.22
"QLDNorth","Pormpuraaw",141.546737670898,-14.3721208572388,0.1,1.95,2.55,2.16,1.94,2.5,2.67,2.32,3.25
"QLDNorth","Cook",143.766632080078,-14.372615814209,0.1,1.88,1.87,4.31,3.54,5.67,3.5,2.95,4.4
"QLDNorth","Cook",144.168395996094,-14.3686866760254,0.1,1.88,4.14,4.53,3.7,5.98,1.77,1.63,1.99
"QLDNorth","Cook",144.629440307617,-14.3544597625732,0.1,1.86,3.84,5.3,4.25,7.18,3,2.58,3.71
"WANorth","Wyndham-East Kimberley",125.580001831055,-14.3071508407593,0.1,4.11,4.18,3.05,2.63,3.73,2.43,2.14,2.89
"WANorth","Wyndham-East Kimberley",125.727348327637,-14.30442237854,0.1,4.1,3.35,3.16,2.7,3.9,2.19,1.97,2.54
"WANorth","Wyndham-East Kimberley",126.016021728516,-14.2939434051514,0.1,4.1,4.33,3.14,2.69,3.88,3.3,2.8,4.13
"WANorth","Wyndham-East Kimberley",127.774642944336,-14.3200511932373,0.1,4.06,3.41,4.15,3.49,5.22,1.73,1.6,1.93
"NT","West Daly",129.381134033203,-14.3171844482422,0.1,4.07,2.42,3.88,3.25,4.93,1.65,1.53,1.82
"NT","East Arnhem",136.577545166016,-14.2649507522583,0.1,1.63,2.12,2.18,1.97,2.52,1.69,1.57,1.87
"NT","East Arnhem",136.647308349609,-14.2961120605469,0.1,1.63,1.95,2.2,1.98,2.55,1.76,1.63,1.96
"NT","East Arnhem",136.682022094727,-14.3022203445435,0.1,1.63,2.38,2.21,1.99,2.56,1.56,1.46,1.7
"NT","East Arnhem",136.715728759766,-14.275164604187,0.1,1.63,2.34,2.21,1.98,2.55,1.59,1.49,1.74
"NT","East Arnhem",136.803085327148,-14.2928056716919,0.1,1.62,2.01,2.26,2.02,2.63,1.67,1.55,1.84
"NT","East Arnhem",136.842132568359,-14.308614730835,0.1,1.62,2.72,2.3,2.05,2.68,1.55,1.46,1.7
"NT","East Arnhem",136.895416259766,-14.3086071014404,0.1,1.61,3.48,2.31,2.06,2.71,1.37,1.32,1.45
"NT","East Arnhem",136.947952270508,-14.3060808181763,0.1,1.62,2.84,2.3,2.05,2.7,2.87,2.47,3.52
"QLDNorth","Pormpuraaw",141.573165893555,-14.3067054748535,0.1,1.95,2.83,2.15,1.94,2.49,1.91,1.74,2.19
"QLDNorth","Cook",143.746032714844,-14.3179607391357,0.1,1.88,1.9,4.52,3.68,6.01,3.47,2.94,4.36
"QLDNorth","Cook",144.194366455078,-14.3142557144165,0.1,1.87,4.22,4.59,3.74,6.08,1.59,1.48,1.74
"QLDNorth","Cook",144.641754150391,-14.3458023071289,0.1,1.86,3.87,5.24,4.2,7.08,2.67,2.32,3.24
"WANorth","Wyndham-East Kimberley",125.578880310059,-14.2579746246338,0.1,4.1,3.16,3.15,2.7,3.89,2.36,2.1,2.76
"WANorth","Wyndham-East Kimberley",125.72924041748,-14.2765264511108,0.1,4.1,4.43,3.19,2.73,3.95,2.51,2.21,3.01
"WANorth","Wyndham-East Kimberley",127.733703613281,-14.2567291259766,0.1,4.06,3.63,4.29,3.59,5.43,1.68,1.56,1.88
"NT","West Daly",129.402877807617,-14.2470359802246,0.1,4.07,2.28,3.94,3.29,5.02,1.8,1.65,2.02
"NT","Roper Gulf",135.780624389648,-14.2482147216797,0.1,1.69,1.97,1.93,1.76,2.21,1.69,1.57,1.86
"NT","East Arnhem",136.480056762695,-14.2389888763428,0.1,1.64,2.19,2.15,1.94,2.48,1.52,1.43,1.64
"NT","East Arnhem",136.533569335938,-14.2534112930298,0.1,1.64,2.58,2.17,1.95,2.5,1.58,1.49,1.72
"NT","East Arnhem",136.982574462891,-14.2515935897827,0.1,1.62,2.67,2.29,2.04,2.68,3.45,2.9,4.4
"QLDNorth","Pormpuraaw",141.591522216797,-14.2600746154785,0.1,1.95,2.68,2.15,1.94,2.49,2.15,1.92,2.52
"QLDNorth","Cook",143.734222412109,-14.2576913833618,0.1,1.88,2.03,4.54,3.69,6.04,3.33,2.82,4.19
"QLDNorth","Cook",144.19091796875,-14.2678756713867,0.1,1.87,2.07,4.62,3.76,6.12,3.52,2.97,4.46
"QLDNorth","Cook",144.300506591797,-14.2970142364502,0.1,1.88,2.45,4.49,3.68,5.89,2.2,1.95,2.61
"QLDNorth","Cook",144.381118774414,-14.2772159576416,0.1,1.88,2.68,4.46,3.65,5.84,2.25,2,2.66
"QLDNorth","Cook",144.427124023438,-14.2571153640747,0.1,1.88,4.06,4.44,3.64,5.82,1.81,1.66,2.04
"QLDNorth","Cook",144.601455688477,-14.263840675354,0.1,1.86,4.04,5.16,4.15,6.96,2.22,1.98,2.6
"WANorth","Wyndham-East Kimberley",125.630767822266,-14.2305307388306,0.1,4.1,4.37,3.21,2.75,3.99,2.48,2.18,2.98
"WANorth","Wyndham-East Kimberley",125.686218261719,-14.1855096817017,0.1,4.1,4.15,3.22,2.75,3.99,3.38,2.86,4.25
"WANorth","Wyndham-East Kimberley",126.042518615723,-14.224796295166,0.1,4.1,3.91,3.12,2.67,3.84,1.55,1.45,1.69
"WANorth","Wyndham-East Kimberley",126.132736206055,-14.2032327651978,0.1,4.1,2.58,3.09,2.66,3.81,1.68,1.55,1.87
"WANorth","Wyndham-East Kimberley",127.686531066895,-14.2098894119263,0.1,4.06,3.54,4.44,3.69,5.66,1.81,1.67,2.04
"NT","Roper Gulf",135.844604492188,-14.2093830108643,0.1,1.68,2.17,1.96,1.78,2.24,1.51,1.42,1.64
"NT","East Arnhem",136.419189453125,-14.2032737731934,0.1,1.64,2.64,2.13,1.92,2.44,1.54,1.46,1.67
"NT","East Arnhem",136.963241577148,-14.2206211090088,0.1,1.62,2.76,2.26,2.03,2.64,3.12,2.66,3.9
"QLDNorth","Pormpuraaw",141.593063354492,-14.1998119354248,0.1,1.95,2.45,2.16,1.94,2.5,2.95,2.53,3.64
"QLDNorth","Cook",143.710388183594,-14.2167491912842,0.1,1.88,1.94,4.52,3.68,6,3.54,2.98,4.48
"QLDNorth","Cook",144.20654296875,-14.2234354019165,0.1,1.87,2.22,4.72,3.83,6.27,2.35,2.07,2.82
"QLDNorth","Cook",144.288970947266,-14.1891584396362,0.1,1.87,2.32,4.7,3.82,6.21,2.82,2.44,3.48
"QLDNorth","Cook",144.447326660156,-14.2399959564209,0.1,1.88,3.64,4.48,3.67,5.89,3.18,2.71,3.97
"QLDNorth","Cook",144.59228515625,-14.2512350082397,0.1,1.86,3.65,5.17,4.15,6.99,3.33,2.82,4.18
"WANorth","Wyndham-East Kimberley",126.033889770508,-14.0990734100342,0.1,4.1,3.06,3.14,2.69,3.87,2.56,2.26,3.06
"WANorth","Wyndham-East Kimberley",126.139549255371,-14.1599235534668,0.1,4.1,2.9,3.1,2.66,3.81,3.06,2.63,3.78
"WANorth","Wyndham-East Kimberley",126.578201293945,-14.1569900512695,0.1,4.12,5.91,2.9,2.54,3.48,2.1,1.89,2.42
"WANorth","Wyndham-East Kimberley",126.645851135254,-14.1546716690063,0.1,4.12,5.51,2.86,2.51,3.42,3.28,2.81,4.04
"NT","West Daly",129.446716308594,-14.1922149658203,0.1,4.07,2.58,3.78,3.17,4.81,1.65,1.54,1.84
"NT","West Daly",129.476287841797,-14.1537313461304,0.1,4.08,2.5,3.74,3.14,4.74,1.73,1.6,1.93
"NT","Roper Gulf",135.888412475586,-14.1528549194336,0.1,1.68,1.83,1.96,1.79,2.23,1.62,1.51,1.77
"NT","East Arnhem",136.377975463867,-14.182258605957,0.1,1.64,1.87,2.13,1.92,2.46,1.62,1.52,1.78
"NT","East Arnhem",136.787506103516,-14.1503791809082,0.1,1.62,2.33,2.29,2.05,2.68,1.5,1.42,1.62
"NT","East Arnhem",136.825744628906,-14.1678810119629,0.1,1.62,2.17,2.3,2.05,2.69,1.57,1.48,1.71
"NT","East Arnhem",136.907073974609,-14.1549377441406,0.1,1.61,2.25,2.33,2.07,2.73,1.87,1.72,2.1
"NT","East Arnhem",136.944778442383,-14.155933380127,0.1,1.61,2.73,2.33,2.07,2.73,3.27,2.76,4.13
"QLDNorth","Aurukun",141.590240478516,-14.1565055847168,0.1,1.95,2.45,2.17,1.95,2.51,2.57,2.24,3.11
"QLDNorth","Cook",143.708038330078,-14.1611928939819,0.1,1.87,2,4.65,3.77,6.21,3.49,2.94,4.42
"QLDNorth","Cook",144.21662902832,-14.1610956192017,0.1,1.87,2.4,4.68,3.81,6.19,2.94,2.52,3.66
"QLDNorth","Cook",144.263366699219,-14.1565418243408,0.1,1.87,2.7,4.79,3.89,6.36,2.45,2.15,2.95
"QLDNorth","Cook",144.520553588867,-14.162109375,0.1,1.87,3.73,4.93,3.99,6.59,3.06,2.61,3.81
"QLDNorth","Cook",144.534255981445,-14.1781358718872,0.1,1.87,2.7,5.06,4.08,6.8,3.82,3.19,4.88
"WANorth","Wyndham-East Kimberley",126.014038085938,-14.0954818725586,0.1,4.1,3.25,3.15,2.7,3.89,4.17,3.42,5.49
"WANorth","Wyndham-East Kimberley",126.298713684082,-14.1234483718872,0.1,4.1,3.86,3.2,2.76,3.91,2.89,2.5,3.52
"WANorth","Wyndham-East Kimberley",126.313087463379,-14.0980167388916,0.1,4.1,3.99,3.21,2.77,3.93,2.34,2.08,2.76
"WANorth","Wyndham-East Kimberley",126.524612426758,-14.096697807312,0.1,4.11,4.27,2.92,2.55,3.5,2.64,2.32,3.13
"WANorth","Wyndham-East Kimberley",126.68187713623,-14.1017875671387,0.1,4.12,5.51,2.88,2.52,3.45,3.23,2.77,3.96
"WANorth","Wyndham-East Kimberley",127.570541381836,-14.1104593276978,0.1,4.05,4.13,4.78,3.94,6.18,1.65,1.54,1.84
"NT","West Daly",129.490707397461,-14.098578453064,0.1,4.08,2.11,3.71,3.12,4.7,2.09,1.89,2.41
"NT","Roper Gulf",135.908020019531,-14.0824317932129,0.1,1.68,1.76,1.97,1.8,2.25,1.69,1.57,1.87
"NT","East Arnhem",136.42448425293,-14.0986757278442,0.1,1.64,2.81,2.13,1.92,2.45,1.5,1.42,1.61
"NT","East Arnhem",136.755783081055,-14.0889873504639,0.1,1.62,2.46,2.3,2.05,2.68,4.25,3.49,5.58
"QLDNorth","Aurukun",141.590698242188,-14.1019258499146,0.1,1.95,4.11,2.17,1.95,2.52,1.87,1.71,2.12
"QLDNorth","Cook",143.702667236328,-14.1184825897217,0.1,1.87,2.54,4.7,3.8,6.29,2.78,2.43,3.34
"WANorth","Wyndham-East Kimberley",125.972518920898,-14.0407934188843,0.1,4.1,3.45,3.22,2.75,3.99,3.49,2.94,4.43
"WANorth","Wyndham-East Kimberley",126.228637695312,-14.0332412719727,0.1,4.1,3.88,3.26,2.8,3.99,2.9,2.51,3.54
"WANorth","Wyndham-East Kimberley",126.331893920898,-14.051061630249,0.1,4.1,3.91,3.26,2.8,3.99,2.76,2.4,3.35
"WANorth","Wyndham-East Kimberley",126.521423339844,-14.0760927200317,0.1,4.11,4.75,2.93,2.56,3.51,1.64,1.53,1.81
"WANorth","Wyndham-East Kimberley",126.666862487793,-14.0784797668457,0.1,4.12,5.46,2.87,2.51,3.43,3.67,3.09,4.67
"WANorth","Wyndham-East Kimberley",127.518630981445,-14.0664129257202,0.1,4.05,5.52,4.7,3.87,6.08,3.77,3.15,4.8
"NT","West Daly",129.530151367188,-14.0496559143066,0.1,4.07,2.46,3.86,3.25,4.88,1.76,1.62,1.97
"NT","West Daly",129.587509155273,-14.0334911346436,0.1,3.97,2.32,3.9,3.27,4.93,1.81,1.67,2.03
"NT","Roper Gulf",135.917938232422,-14.0449848175049,0.1,1.67,1.94,1.99,1.81,2.27,1.57,1.48,1.72
"NT","East Arnhem",136.414459228516,-14.0482530593872,0.1,1.64,2.8,2.14,1.93,2.46,1.51,1.43,1.62
"NT","East Arnhem",136.786849975586,-14.0534343719482,0.1,1.61,2.75,2.32,2.07,2.71,3.35,2.83,4.25
"QLDNorth","Aurukun",141.541442871094,-14.034857749939,0.1,1.94,3.76,2.18,1.96,2.53,2.41,2.12,2.87
"QLDNorth","Cook",143.690872192383,-14.0502414703369,0.1,1.87,2.57,4.82,3.89,6.49,2.77,2.42,3.34
"WANorth","Wyndham-East Kimberley",125.969436645508,-13.9986400604248,0.1,4.09,3.49,3.42,2.89,4.29,4.28,3.51,5.63
"WANorth","Wyndham-East Kimberley",126.224334716797,-13.9877023696899,0.1,4.09,3.95,3.3,2.83,4.05,2.57,2.27,3.06
"WANorth","Wyndham-East Kimberley",126.36644744873,-14.0002393722534,0.1,4.09,3.89,3.26,2.81,4,2.43,2.16,2.85
"WANorth","Wyndham-East Kimberley",126.519927978516,-13.9991483688354,0.1,4.11,4.58,2.91,2.55,3.49,1.77,1.63,1.98
"WANorth","Wyndham-East Kimberley",126.740211486816,-13.9950771331787,0.1,4.11,5.91,2.98,2.59,3.58,2.1,1.9,2.41
"WANorth","Wyndham-East Kimberley",127.473075866699,-13.999174118042,0.1,4.04,3.95,5.12,4.18,6.72,1.75,1.62,1.97
"NT","West Daly",129.604217529297,-14.014591217041,0.1,3.97,2.17,3.88,3.26,4.91,1.93,1.76,2.2
"NT","Roper Gulf",135.917770385742,-14.008355140686,0.1,1.67,1.94,2,1.81,2.28,1.57,1.47,1.71
"NT","East Arnhem",136.404632568359,-13.9819993972778,0.1,1.64,2.83,2.17,1.95,2.51,1.5,1.42,1.62
"NT","East Arnhem",136.793899536133,-14.0192241668701,0.1,1.61,2.94,2.33,2.07,2.73,1.51,1.43,1.62
"QLDNorth","Aurukun",141.489639282227,-13.9769620895386,0.1,1.94,2.58,2.19,1.97,2.55,3.8,3.14,4.95
"QLDNorth","Aurukun",141.517471313477,-14.0072603225708,0.1,1.94,4.38,2.19,1.96,2.54,1.48,1.41,1.6
"QLDNorth","Cook",143.684951782227,-14.0090351104736,0.1,1.87,2.72,4.75,3.83,6.37,2.22,1.98,2.59
"WANorth","Wyndham-East Kimberley",126.018661499023,-13.9406747817993,0.1,4.09,3.9,3.37,2.86,4.21,1.96,1.78,2.23
"WANorth","Wyndham-East Kimberley",126.209922790527,-13.9621143341064,0.1,4.09,4.16,3.36,2.88,4.14,2.26,2.04,2.61
"WANorth","Wyndham-East Kimberley",126.43628692627,-13.981466293335,0.1,4.09,4.17,3.37,2.88,4.15,2.31,2.06,2.68
"WANorth","Wyndham-East Kimberley",126.494590759277,-13.9557723999023,0.1,4.09,4.21,3.33,2.86,4.09,1.91,1.75,2.16
"WANorth","Wyndham-East Kimberley",126.748107910156,-13.9697885513306,0.1,4.11,5.76,2.96,2.58,3.55,2.43,2.16,2.88
"WANorth","Wyndham-East Kimberley",127.454193115234,-13.9779281616211,0.1,4.04,3.9,5.22,4.24,6.87,1.86,1.7,2.1
"NT","West Daly",129.725326538086,-13.9901609420776,0.1,3.97,2.16,3.86,3.25,4.85,1.93,1.76,2.19
"NT","Roper Gulf",135.945587158203,-13.9546432495117,0.1,1.67,1.85,2.01,1.82,2.3,1.66,1.55,1.84
"NT","East Arnhem",136.406616210938,-13.9645318984985,0.1,1.63,2.82,2.19,1.97,2.54,1.52,1.44,1.64
"NT","East Arnhem",136.852249145508,-13.9145517349243,0.1,1.61,2.89,2.38,2.11,2.8,2.96,2.55,3.63
"QLDNorth","Aurukun",141.467864990234,-13.9421710968018,0.1,1.94,3.43,2.2,1.97,2.56,2.47,2.17,2.96
"QLDNorth","Cook",143.621948242188,-13.9459381103516,0.1,1.8,2.85,4.84,3.9,6.53,2.01,1.82,2.31
"WANorth","Wyndham-East Kimberley",126.073684692383,-13.9132490158081,0.1,4.09,4.11,3.4,2.89,4.24,2.38,2.1,2.83
"WANorth","Wyndham-East Kimberley",126.102348327637,-13.9015130996704,0.1,4.08,4.05,3.53,3,4.39,1.97,1.8,2.24
"WANorth","Wyndham-East Kimberley",126.156257629395,-13.9100437164307,0.1,4.09,4.05,3.43,2.93,4.25,1.55,1.46,1.69
"WANorth","Wyndham-East Kimberley",126.701133728027,-13.931342124939,0.1,4.1,4.46,3.07,2.67,3.72,1.71,1.59,1.9
"WANorth","Wyndham-East Kimberley",127.361793518066,-13.9075660705566,0.1,4.04,5.92,5.23,4.25,6.89,3.31,2.82,4.13
"WANorth","Wyndham-East Kimberley",127.42244720459,-13.9399271011353,0.1,4.04,4.18,5.45,4.42,7.22,1.72,1.59,1.91
"NT","West Daly",129.710052490234,-13.8956184387207,0.1,3.96,2.6,4.06,3.39,5.17,1.62,1.51,1.78
"NT","Roper Gulf",135.993499755859,-13.8954582214355,0.1,1.66,1.91,2.06,1.86,2.37,1.65,1.54,1.82
"NT","East Arnhem",136.345336914062,-13.8505373001099,0.1,1.63,3.5,2.2,1.97,2.55,1.37,1.32,1.45
"NT","East Arnhem",136.868759155273,-13.882004737854,0.1,1.61,2.87,2.38,2.11,2.8,2.89,2.5,3.54
"QLDNorth","Aurukun",141.463897705078,-13.8970031738281,0.1,1.94,2.51,2.2,1.97,2.55,2.38,2.13,2.77
"QLDNorth","Cook",143.606674194336,-13.9073543548584,0.1,1.8,2.1,4.86,3.91,6.55,1.64,1.53,1.81
"WANorth","Wyndham-East Kimberley",126.756301879883,-13.8336124420166,0.1,4.1,4.66,3.08,2.67,3.72,1.5,1.42,1.62
"WANorth","Wyndham-East Kimberley",127.0849609375,-13.8453769683838,0.1,4.07,4.87,4.04,3.37,5.15,1.69,1.58,1.87
"WANorth","Wyndham-East Kimberley",127.163055419922,-13.8812484741211,0.1,4.06,4.73,4.08,3.41,5.21,1.86,1.71,2.1
"WANorth","Wyndham-East Kimberley",127.195587158203,-13.9027318954468,0.1,4.05,4.9,4.56,3.76,5.92,1.7,1.58,1.89
"WANorth","Wyndham-East Kimberley",127.261611938477,-13.8989562988281,0.1,4.05,6.28,4.82,3.95,6.29,2.16,1.94,2.49
"WANorth","Wyndham-East Kimberley",127.329704284668,-13.9112453460693,0.1,4.05,4.11,4.95,4.05,6.47,1.83,1.68,2.05
"NT","West Daly",129.714584350586,-13.8510875701904,0.1,3.96,2.52,4.15,3.45,5.31,1.71,1.59,1.91
"NT","Roper Gulf",136.021408081055,-13.8357791900635,0.1,1.65,2.05,2.1,1.89,2.43,1.7,1.58,1.89
"NT","East Arnhem",136.115585327148,-13.8337821960449,0.1,1.64,1.74,2.12,1.91,2.45,1.91,1.75,2.16
"NT","East Arnhem",136.152740478516,-13.8414268493652,0.1,1.65,1.94,2.12,1.91,2.44,1.68,1.56,1.85
"NT","East Arnhem",136.209655761719,-13.8589363098145,0.1,1.64,2.05,2.16,1.94,2.5,1.6,1.5,1.75
"NT","East Arnhem",136.263244628906,-13.8416576385498,0.1,1.63,3.48,2.22,1.99,2.59,1.38,1.32,1.46
"NT","East Arnhem",136.924163818359,-13.8113698959351,0.1,1.6,2.73,2.46,2.18,2.92,3.2,2.72,4
"QLDNorth","Aurukun",141.467193603516,-13.8500452041626,0.1,1.94,2.99,2.18,1.96,2.54,1.8,1.66,2.02
"QLDNorth","Cook",143.580123901367,-13.8419332504272,0.1,1.8,2.1,4.75,3.84,6.39,1.65,1.54,1.83
"WANorth","Wyndham-East Kimberley",126.742919921875,-13.7974071502686,0.1,4.1,5.59,3.13,2.71,3.78,3.49,2.96,4.35
"WANorth","Wyndham-East Kimberley",127.049758911133,-13.8056221008301,0.1,4.08,4.54,3.51,2.98,4.38,1.64,1.53,1.8
"NT","West Daly",129.717864990234,-13.8392305374146,0.1,3.96,2.38,4.09,3.41,5.22,1.7,1.58,1.88
"NT","East Arnhem",136.287124633789,-13.7903299331665,0.1,1.62,2.15,2.25,2.01,2.63,1.61,1.51,1.77
"NT","East Arnhem",136.72135925293,-13.8025722503662,0.1,1.61,2.12,2.38,2.11,2.8,1.63,1.52,1.79
"NT","East Arnhem",136.806213378906,-13.8089094161987,0.1,1.6,3.54,2.38,2.12,2.81,1.38,1.32,1.46
"NT","East Arnhem",136.927230834961,-13.795804977417,0.1,1.59,2.83,2.47,2.18,2.93,2.96,2.55,3.65
"QLDNorth","Aurukun",141.476669311523,-13.7923936843872,0.1,1.95,2.68,2.16,1.95,2.5,1.71,1.59,1.89
"QLDNorth","Cook",143.563735961914,-13.8142957687378,0.1,1.8,1.67,4.79,3.87,6.44,2.41,2.15,2.83
"WANorth","Wyndham-East Kimberley",126.795379638672,-13.7659044265747,0.1,4.09,4.77,3.37,2.88,4.16,1.64,1.53,1.82
"WANorth","Wyndham-East Kimberley",126.84765625,-13.7543077468872,0.1,4.1,6.08,3.23,2.78,3.94,2.33,2.07,2.74
"WANorth","Wyndham-East Kimberley",126.985702514648,-13.7518939971924,0.1,4.09,4.56,3.36,2.87,4.16,1.61,1.5,1.76
"NT","West Daly",129.780822753906,-13.7513618469238,0.1,3.96,2.3,4.08,3.4,5.21,1.88,1.72,2.14
"NT","East Arnhem",136.306167602539,-13.73899269104,0.1,1.61,1.89,2.35,2.09,2.77,1.8,1.66,2.02
"NT","East Arnhem",136.466705322266,-13.7519035339355,0.1,1.6,2.25,2.42,2.14,2.86,1.59,1.49,1.74
"NT","East Arnhem",136.734405517578,-13.7678565979004,0.1,1.6,3.55,2.4,2.13,2.83,1.38,1.32,1.46
"NT","East Arnhem",136.915512084961,-13.7706165313721,0.1,1.59,2.62,2.47,2.18,2.93,3.54,2.98,4.51
"QLDNorth","Aurukun",141.487823486328,-13.7472305297852,0.1,1.95,2.11,2.15,1.93,2.49,2.26,2.02,2.64
"QLDNorth","Cook",143.545227050781,-13.7256336212158,0.1,1.8,2.39,4.99,4.01,6.76,1.57,1.47,1.73
"WANorth","Wyndham-East Kimberley",126.91707611084,-13.7416133880615,0.1,4.1,6.25,3.18,2.74,3.88,2.31,2.05,2.7
"WANorth","Wyndham-East Kimberley",126.945388793945,-13.7392282485962,0.1,4.11,4.78,3.06,2.65,3.71,1.6,1.49,1.76
"NT","West Daly",129.780227661133,-13.6986417770386,0.1,3.96,2.79,4,3.35,5.09,1.6,1.49,1.76
"NT","Roper Gulf",135.890579223633,-13.6950063705444,0.1,1.62,2.01,2.26,2.02,2.64,1.69,1.57,1.88
"NT","Roper Gulf",135.923812866211,-13.6842212677002,0.1,1.62,1.96,2.3,2.05,2.69,1.68,1.56,1.86
"NT","Roper Gulf",136.004440307617,-13.6934099197388,0.1,1.61,2.15,2.36,2.1,2.77,1.58,1.48,1.73
"NT","Roper Gulf",136.056793212891,-13.6940355300903,0.1,1.61,2.1,2.32,2.06,2.74,1.62,1.52,1.78
"NT","East Arnhem",136.121627807617,-13.7175912857056,0.1,1.61,2.05,2.37,2.1,2.8,1.62,1.51,1.78
"NT","East Arnhem",136.173385620117,-13.7052164077759,0.1,1.61,2.05,2.36,2.1,2.79,1.68,1.56,1.86
"NT","East Arnhem",136.29817199707,-13.7048635482788,0.1,1.6,2.39,2.39,2.12,2.83,1.54,1.45,1.68
"NT","East Arnhem",136.528045654297,-13.6917581558228,0.1,1.59,2.02,2.47,2.18,2.93,1.71,1.59,1.9
"NT","East Arnhem",136.580825805664,-13.695595741272,0.1,1.6,2.29,2.46,2.17,2.92,1.62,1.51,1.78
"NT","East Arnhem",136.736801147461,-13.7012596130371,0.1,1.6,2.2,2.45,2.17,2.9,1.68,1.56,1.86
"NT","East Arnhem",136.840972900391,-13.7422332763672,0.1,1.6,3.5,2.42,2.15,2.86,1.39,1.33,1.48
"NT","East Arnhem",136.905517578125,-13.683892250061,0.1,1.59,2.94,2.51,2.22,2.98,2.68,2.33,3.25
"QLDNorth","Aurukun",141.496292114258,-13.7013731002808,0.1,1.95,3.87,2.14,1.92,2.47,2.26,2.02,2.64
"QLDNorth","Cook",143.547515869141,-13.6934080123901,0.1,1.8,1.91,5.03,4.03,6.82,1.6,1.5,1.77
"NT","West Daly",129.785232543945,-13.6622085571289,0.1,3.96,2.51,4.1,3.41,5.25,1.67,1.55,1.84
"NT","Roper Gulf",135.901000976562,-13.657675743103,0.1,1.61,2.16,2.31,2.06,2.71,1.56,1.46,1.7
"NT","East Arnhem",136.211380004883,-13.6547632217407,0.1,1.6,2.09,2.4,2.13,2.84,1.66,1.55,1.84
"NT","East Arnhem",136.247131347656,-13.6674661636353,0.1,1.6,2.42,2.42,2.14,2.87,1.5,1.42,1.63
"NT","East Arnhem",136.631286621094,-13.6539487838745,0.1,1.59,3.16,2.5,2.2,2.97,1.46,1.39,1.56
"NT","East Arnhem",136.687850952148,-13.6470651626587,0.1,1.59,2.42,2.47,2.18,2.93,4.05,3.35,5.27
"QLDNorth","Aurukun",141.500549316406,-13.6437864303589,0.1,1.95,3.81,2.13,1.92,2.46,2.42,2.14,2.86
"QLDNorth","Cook",143.552429199219,-13.6366357803345,0.1,1.8,1.71,5.04,4.04,6.83,1.69,1.57,1.88
"NT","West Daly",129.814453125,-13.5995311737061,0.1,3.96,3.63,3.97,3.32,5.06,1.46,1.39,1.56
"NT","Roper Gulf",135.870178222656,-13.563102722168,0.1,1.62,2.8,2.3,2.05,2.7,2.67,2.33,3.24
"QLDNorth","Aurukun",141.509521484375,-13.6043281555176,0.1,1.96,3.63,2.11,1.91,2.44,3.08,2.64,3.8
"QLDNorth","Cook",143.572219848633,-13.5790777206421,0.1,1.79,1.73,5.18,4.14,7.04,1.69,1.57,1.88
"NT","West Daly",129.821243286133,-13.5355777740479,0.1,3.96,3.67,3.95,3.3,5.03,1.46,1.39,1.56
"NT","Roper Gulf",135.869903564453,-13.5495548248291,0.1,1.62,2.73,2.3,2.05,2.71,2.73,2.37,3.33
"QLDNorth","Aurukun",141.527908325195,-13.5470037460327,0.1,1.96,3.78,2.08,1.88,2.4,2.29,2.04,2.67
"QLDNorth","Cook",143.588241577148,-13.5460176467896,0.1,1.79,3.77,5.27,4.21,7.19,1.74,1.61,1.92
"NT","West Daly",129.850234985352,-13.5061693191528,0.1,3.97,4.22,3.83,3.21,4.86,2.86,2.49,3.45
"NT","West Daly",129.902450561523,-13.4935579299927,0.1,3.97,4.26,3.8,3.18,4.82,2.49,2.2,2.94
"NT","West Daly",129.940780639648,-13.5258026123047,0.1,3.97,4.26,3.81,3.19,4.84,2.48,2.2,2.93
"NT","West Daly",130.027862548828,-13.5131816864014,0.1,3.97,2.58,3.76,3.15,4.77,1.7,1.58,1.9
"NT","West Daly",130.057388305664,-13.4979190826416,0.1,3.97,2.8,3.75,3.15,4.75,1.78,1.64,1.99
"NT","Roper Gulf",135.865219116211,-13.4958066940308,0.1,1.61,2.66,2.31,2.05,2.71,2.84,2.45,3.51
"QLDNorth","Aurukun",141.570724487305,-13.4818162918091,0.1,1.97,3.62,2.04,1.85,2.34,3.18,2.73,3.91
"QLDNorth","Cook",143.5888671875,-13.4853553771973,0.1,1.79,1.69,5.25,4.19,7.13,1.76,1.63,1.97
"NT","West Daly",130.10905456543,-13.4542531967163,0.1,3.97,2.79,3.76,3.16,4.77,1.78,1.65,1.99
"NT","Roper Gulf",135.897552490234,-13.4396333694458,0.1,1.62,2.67,2.3,2.05,2.71,2.82,2.43,3.48
"QLDNorth","Aurukun",141.59033203125,-13.4536457061768,0.1,1.97,3.66,2.04,1.85,2.34,3.02,2.6,3.69
"QLDNorth","Cook",143.600875854492,-13.4387683868408,0.1,1.79,1.92,5.37,4.28,7.32,1.68,1.56,1.87
"NT","West Daly",130.180389404297,-13.402871131897,0.1,3.97,2.84,3.78,3.17,4.8,1.74,1.61,1.93
"NT","East Arnhem",135.897552490234,-13.3698320388794,0.1,1.6,2.37,2.43,2.14,2.89,3.69,3.07,4.78
"QLDNorth","Aurukun",141.609786987305,-13.3996906280518,0.1,1.97,3.57,2.04,1.84,2.33,3.65,3.07,4.6
"QLDNorth","Lockhart River",143.600570678711,-13.4083948135376,0.1,1.79,3.29,5.4,4.3,7.36,3.86,3.23,4.92
"NT","West Daly",130.220947265625,-13.3501777648926,0.1,3.97,2.54,3.82,3.2,4.87,1.76,1.63,1.98
"NT","West Daly",130.262237548828,-13.3293323516846,0.1,3.96,2.83,3.95,3.29,5.06,1.74,1.61,1.94
"NT","East Arnhem",135.889038085938,-13.333327293396,0.1,1.6,2.27,2.4,2.12,2.86,4.35,3.54,5.82
"QLDNorth","Aurukun",141.653274536133,-13.3408317565918,0.1,1.97,3.56,2.03,1.84,2.33,3.74,3.14,4.75
"QLDNorth","Lockhart River",143.567672729492,-13.3663196563721,0.1,1.79,1.83,5.38,4.29,7.33,1.74,1.61,1.96
"NT","West Daly",130.253479003906,-13.2951908111572,0.1,3.97,2.62,3.88,3.24,4.96,1.83,1.67,2.07
"NT","East Arnhem",135.911361694336,-13.2851896286011,0.1,1.6,2.09,2.39,2.11,2.85,1.83,1.68,2.08
"NT","East Arnhem",135.952835083008,-13.2815170288086,0.1,1.6,1.87,2.42,2.13,2.88,1.91,1.74,2.17
"NT","East Arnhem",135.971206665039,-13.2912464141846,0.1,1.6,1.87,2.44,2.15,2.91,1.88,1.72,2.13
"NT","East Arnhem",136.056686401367,-13.2895755767822,0.1,1.59,1.87,2.53,2.22,3.02,1.91,1.74,2.17
"NT","East Arnhem",136.093765258789,-13.2874994277954,0.1,1.58,1.85,2.62,2.29,3.15,1.91,1.74,2.17
"NT","East Arnhem",136.160675048828,-13.2757520675659,0.1,1.58,2,2.64,2.31,3.17,1.83,1.68,2.08
"NT","East Arnhem",136.188018798828,-13.277271270752,0.1,1.57,1.92,2.69,2.34,3.24,1.84,1.69,2.08
"NT","East Arnhem",136.379623413086,-13.2866468429565,0.1,1.58,2.44,2.65,2.32,3.19,1.75,1.62,1.95
"NT","East Arnhem",136.388229370117,-13.2718229293823,0.1,1.58,2.82,2.66,2.32,3.2,3.05,2.6,3.81
"QLDNorth","Aurukun",141.660064697266,-13.3204278945923,0.1,1.97,3.99,2.04,1.84,2.34,1.97,1.79,2.24
"QLDNorth","Lockhart River",143.526992797852,-13.2824659347534,0.1,1.79,1.67,5.58,4.43,7.62,1.91,1.74,2.18
"NT","Unincorporated NT",130.206604003906,-13.2379312515259,0.1,3.97,2.57,3.89,3.25,4.96,1.88,1.71,2.13
"NT","East Arnhem",136.249847412109,-13.2145385742188,0.1,1.57,1.87,2.79,2.42,3.39,1.84,1.69,2.07
"NT","East Arnhem",136.329574584961,-13.2455606460571,0.1,1.56,2.33,2.8,2.43,3.41,1.79,1.65,2.01
"NT","East Arnhem",136.478103637695,-13.2370557785034,0.1,1.57,2.67,2.69,2.35,3.25,3.64,3.02,4.72
"QLDNorth","Cook",141.656646728516,-13.2088060379028,0.1,1.96,3.64,2.08,1.88,2.39,3.02,2.61,3.68
"QLDNorth","Lockhart River",143.523818969727,-13.2410411834717,0.1,1.79,1.73,5.6,4.45,7.66,1.81,1.66,2.04
"NT","Unincorporated NT",130.160278320312,-13.1823720932007,0.1,3.97,2.79,3.89,3.24,4.97,1.81,1.67,2.03
"NT","East Arnhem",136.527069091797,-13.1586847305298,0.1,1.57,3.69,2.73,2.37,3.3,2.78,2.42,3.34
"QLDNorth","Cook",141.630081176758,-13.16588306427,0.1,1.96,2.02,2.11,1.9,2.43,1.81,1.66,2.05
"NT","Unincorporated NT",130.114105224609,-13.1344156265259,0.1,3.97,3.04,3.92,3.26,5.04,1.72,1.59,1.91
"NT","East Arnhem",136.537155151367,-13.1309747695923,0.1,1.57,3.15,2.73,2.38,3.3,2.44,2.15,2.89
"QLDNorth","Cook",141.620162963867,-13.124195098877,0.1,1.95,3.7,2.13,1.91,2.46,2.32,2.08,2.7
"QLDNorth","Lockhart River",143.518127441406,-13.1592617034912,0.1,1.78,1.62,5.8,4.59,7.97,1.88,1.72,2.14
"NT","Unincorporated NT",130.114456176758,-13.0841131210327,0.1,3.96,3.05,3.95,3.28,5.09,1.73,1.6,1.92
"NT","East Arnhem",136.566558837891,-13.0734424591064,0.1,1.57,3,2.76,2.4,3.35,2.74,2.38,3.31
"QLDNorth","Cook",141.6103515625,-13.0873231887817,0.1,1.95,3.69,2.15,1.93,2.49,2.32,2.08,2.7
"QLDNorth","Lockhart River",143.515731811523,-13.0599708557129,0.1,1.78,1.65,5.86,4.63,8.08,1.94,1.76,2.21
"NT","Unincorporated NT",130.122955322266,-13.0372858047485,0.1,3.96,3.75,3.98,3.3,5.14,1.48,1.4,1.59
"NT","East Arnhem",136.57878112793,-13.0233087539673,0.1,2.16,3.3,2.79,2.42,3.39,3.85,3.18,5.01
"QLDNorth","Cook",141.586227416992,-13.0197448730469,0.1,1.94,3.51,2.22,1.99,2.59,3.38,2.86,4.24
"QLDNorth","Lockhart River",143.51904296875,-13.0131874084473,0.1,1.78,2.6,5.85,4.62,8.06,1.58,1.48,1.72
"NT","Unincorporated NT",130.12239074707,-12.9755773544312,0.1,3.96,3.3,4.02,3.33,5.2,3.53,2.96,4.49
"QLDNorth","Cook",141.588531494141,-12.9803609848022,0.1,1.94,3.51,2.23,1.99,2.6,3.38,2.86,4.24
"QLDNorth","Lockhart River",143.517974853516,-12.9657983779907,0.1,1.78,1.78,5.92,4.67,8.17,1.82,1.67,2.06
"NT","Unincorporated NT",130.135223388672,-12.9322748184204,0.1,3.96,4.06,3.98,3.3,5.15,1.43,1.36,1.53
"NT","East Arnhem",136.641296386719,-12.9444522857666,0.1,2.14,3.5,2.99,2.57,3.69,3.08,2.64,3.79
"QLDNorth","Cook",141.600860595703,-12.9469728469849,0.1,1.94,3.69,2.23,2,2.61,2.38,2.12,2.79
"QLDNorth","Lockhart River",143.529708862305,-12.8848037719727,0.1,1.78,3.67,5.9,4.66,8.13,1.85,1.71,2.07
"NT","Unincorporated NT",130.171524047852,-12.906626701355,0.1,3.96,4.77,3.95,3.28,5.1,1.64,1.54,1.8
"NT","Unincorporated NT",130.196426391602,-12.9086303710938,0.1,3.97,5.02,3.86,3.21,4.96,1.5,1.42,1.62
"NT","Unincorporated NT",130.296234130859,-12.9128503799438,0.1,3.97,2.41,3.85,3.21,4.96,1.91,1.74,2.17
"NT","Unincorporated NT",130.328811645508,-12.8758211135864,0.1,3.97,3.7,3.74,3.13,4.77,1.49,1.41,1.61
"NT","East Arnhem",136.557159423828,-12.8782138824463,0.1,2.15,3.5,2.94,2.53,3.61,3.05,2.62,3.74
"QLDNorth","Cook",141.638122558594,-12.9087953567505,0.1,1.94,4.5,2.22,1.99,2.59,1.49,1.42,1.61
"QLDNorth","Lockhart River",143.539016723633,-12.8579549789429,0.1,1.78,1.6,5.95,4.69,8.21,1.95,1.77,2.23
"NT","Unincorporated NT",130.34684753418,-12.8370552062988,0.1,3.97,3.23,3.82,3.18,4.9,1.63,1.53,1.8
"NT","East Arnhem",136.584808349609,-12.8217754364014,0.1,2.15,3.66,2.93,2.53,3.59,2.84,2.46,3.45
"QLDNorth","Cook",141.722412109375,-12.8567161560059,0.1,1.95,2.98,2.18,1.95,2.53,2.85,2.47,3.47
"QLDNorth","Lockhart River",143.435653686523,-12.8476600646973,0.1,1.79,2.47,5.68,4.53,7.74,3.48,2.93,4.4
"QLDNorth","Lockhart River",143.455703735352,-12.8457956314087,0.1,1.79,3.4,5.71,4.54,7.79,2.36,2.11,2.77
"QLDNorth","Lockhart River",143.529418945312,-12.8364248275757,0.1,1.79,1.51,5.65,4.5,7.71,1.99,1.81,2.28
"NT","Unincorporated NT",130.347030639648,-12.7727603912354,0.1,3.97,3.26,3.81,3.18,4.89,1.62,1.51,1.77
"NT","East Arnhem",136.627563476562,-12.7711372375488,0.1,2.13,2.91,3.16,2.69,3.94,7.08,5.47,10.06
"QLDNorth","Aurukun",141.76823425293,-12.7761564254761,0.1,1.95,3.96,2.17,1.94,2.52,1.81,1.68,2.02
"QLDNorth","Lockhart River",143.409057617188,-12.7623558044434,0.1,1.79,1.64,5.75,4.57,7.85,1.84,1.69,2.08
"NT","Unincorporated NT",130.343002319336,-12.7198734283447,0.1,3.97,3.27,3.82,3.19,4.9,1.61,1.51,1.77
"NT","East Arnhem",136.684844970703,-12.7146396636963,0.1,2.13,3.24,3.25,2.76,4.08,4.77,3.86,6.35
"QLDNorth","Aurukun",141.782638549805,-12.7518548965454,0.1,1.95,3.88,2.16,1.94,2.51,1.92,1.76,2.16
"QLDNorth","Cook",143.39924621582,-12.7117786407471,0.1,1.78,1.53,5.83,4.62,8,1.92,1.75,2.19
"NT","Unincorporated NT",130.332962036133,-12.6523551940918,0.1,3.97,2.77,3.85,3.21,4.94,7.02,5.42,10
"NT","East Arnhem",136.700820922852,-12.7017507553101,0.1,2.12,4.19,3.32,2.81,4.18,3.33,2.83,4.14
"QLDNorth","Cook",143.423385620117,-12.6772890090942,0.1,1.78,3.38,5.85,4.63,8.04,3.2,2.74,3.93
"NT","Unincorporated NT",130.377838134766,-12.6138553619385,0.1,3.97,4.21,3.71,3.11,4.72,3.21,2.76,3.95
"NT","Unincorporated NT",130.419662475586,-12.6096591949463,0.1,3.98,2.26,3.49,2.97,4.36,1.88,1.71,2.13
"NT","Unincorporated NT",130.484481811523,-12.6222324371338,0.1,3.98,2.89,3.52,2.98,4.39,1.68,1.56,1.86
"NT","East Arnhem",136.719665527344,-12.6018924713135,0.1,2.12,3.25,3.38,2.86,4.28,1.68,1.57,1.86
"QLDNorth","Cook",141.622665405273,-12.5852575302124,0.1,1.93,2.96,2.29,2.04,2.68,1.54,1.45,1.68
"QLDNorth","Napranum",141.674560546875,-12.5665149688721,0.1,1.93,2.78,2.28,2.03,2.68,1.61,1.5,1.76
"QLDNorth","Napranum",141.770690917969,-12.5717830657959,0.1,1.94,2.91,2.21,1.98,2.58,2.96,2.56,3.62
"QLDNorth","Napranum",141.81477355957,-12.6042404174805,0.1,1.95,3.95,2.17,1.95,2.53,2.28,2.04,2.65
"QLDNorth","Cook",143.452697753906,-12.6201343536377,0.1,1.78,1.9,5.82,4.61,7.99,1.75,1.61,1.96
"NT","Unincorporated NT",130.523040771484,-12.5665369033813,0.1,3.99,3.02,3.36,2.87,4.16,1.61,1.5,1.76
"NT","East Arnhem",136.779830932617,-12.5793428421021,0.1,2.12,4.41,3.48,2.93,4.42,2.94,2.56,3.56
"QLDNorth","Napranum",141.583908081055,-12.562424659729,0.1,1.92,2.11,2.33,2.07,2.75,1.81,1.66,2.05
"NT","Unincorporated NT",130.521713256836,-12.5568056106567,0.1,3.99,3.05,3.38,2.88,4.18,1.61,1.5,1.76
"NT","East Arnhem",136.790542602539,-12.5159950256348,0.1,2.12,3.51,3.49,2.93,4.44,3.29,2.8,4.11
"QLDNorth","Napranum",141.599563598633,-12.5275497436523,0.1,1.93,2.9,2.27,2.03,2.66,3.38,2.86,4.25
"QLDNorth","Cook",143.296890258789,-12.5310916900635,0.1,1.78,3.66,5.83,4.62,8,2.02,1.83,2.3
"QLDNorth","Cook",143.351959228516,-12.5580320358276,0.1,1.78,2.72,5.81,4.6,7.97,1.9,1.73,2.16
"NT","Unincorporated NT",130.579360961914,-12.4699602127075,0.1,3.99,3.46,3.37,2.87,4.17,1.9,1.73,2.16
"NT","East Arnhem",136.007431030273,-12.4501485824585,0.1,2.15,2.43,2.81,2.44,3.43,1.86,1.7,2.1
"NT","East Arnhem",136.043746948242,-12.4668569564819,0.1,2.15,2.43,2.82,2.44,3.44,1.88,1.72,2.12
"NT","East Arnhem",136.096862792969,-12.4541425704956,0.1,2.16,2.45,2.78,2.41,3.39,1.87,1.71,2.11
"NT","East Arnhem",136.16194152832,-12.4605350494385,0.1,2.16,1.13,2.73,2.37,3.31,2.05,1.85,2.37
"NT","East Arnhem",136.208679199219,-12.4597396850586,0.1,2.16,2.56,2.7,2.36,3.27,1.46,1.39,1.57
"NT","East Arnhem",136.842422485352,-12.4660263061523,0.1,2.11,3.35,3.61,3.02,4.61,3.96,3.28,5.13
"QLDNorth","Napranum",141.621734619141,-12.4828300476074,0.1,1.93,3.67,2.25,2.01,2.64,2.99,2.59,3.63
"QLDNorth","Cook",143.280548095703,-12.4559621810913,0.1,1.78,3.56,5.86,4.64,8.04,2.49,2.2,2.94
"NT","Unincorporated NT",130.574981689453,-12.4141578674316,0.1,3.99,3.48,3.38,2.88,4.19,1.9,1.73,2.16
"NT","Unincorporated NT",130.737930297852,-12.4244041442871,0.1,3.99,3.34,3.18,2.75,3.87,1.86,1.71,2.1
"NT","East Arnhem",136.007141113281,-12.4255781173706,0.1,2.15,1.21,2.82,2.44,3.44,1.92,1.75,2.19
"NT","East Arnhem",136.269180297852,-12.4234352111816,0.1,2.16,2.54,2.7,2.36,3.27,1.48,1.4,1.59
"NT","East Arnhem",136.891830444336,-12.411304473877,0.1,2.12,3.37,3.36,2.85,4.23,3.78,3.15,4.85
"QLDNorth","Napranum",141.647598266602,-12.4201831817627,0.1,1.93,3.73,2.26,2.01,2.64,2.96,2.57,3.6
"QLDNorth","Cook",143.277847290039,-12.4190196990967,0.1,1.78,3.31,5.85,4.64,8.03,2.87,2.51,3.43
"NT","Unincorporated NT",130.635986328125,-12.3838605880737,0.1,3.99,4.28,3.23,2.78,3.93,2.72,2.39,3.25
"NT","Unincorporated NT",130.667068481445,-12.3975095748901,0.1,4,3.29,3.14,2.72,3.8,2.07,1.86,2.39
"NT","Darwin",130.817459106445,-12.4013233184814,0.1,4,3.29,3.11,2.69,3.76,1.87,1.71,2.1
"NT","East Arnhem",135.99885559082,-12.3609342575073,0.1,2.15,1.78,2.87,2.48,3.51,1.69,1.56,1.88
"NT","East Arnhem",136.310104370117,-12.3572044372559,0.1,2.16,2.67,2.73,2.38,3.3,1.45,1.38,1.56
"NT","East Arnhem",136.953399658203,-12.3545627593994,0.1,2.13,3.56,3.18,2.72,3.96,2.81,2.44,3.42
"QLDNorth","Napranum",141.668304443359,-12.3724431991577,0.1,1.93,3.79,2.27,2.02,2.66,2.86,2.51,3.4
"QLDNorth","Cook",143.267303466797,-12.3943920135498,0.1,1.78,3.36,5.88,4.65,8.07,2.85,2.5,3.38
"NT","Darwin",130.900207519531,-12.3259315490723,0.1,3.99,3.77,3.26,2.81,3.98,2.08,1.88,2.4
"NT","Litchfield",130.947967529297,-12.3396530151367,0.1,3.99,3.59,3.27,2.82,4,2.81,2.43,3.43
"NT","Unincorporated NT",132.011322021484,-12.290732383728,0.1,3.95,3.83,4.58,3.74,6.06,2.31,2.05,2.73
"NT","Unincorporated NT",132.053909301758,-12.3023500442505,0.1,3.95,4.04,4.57,3.72,6.05,1.88,1.73,2.13
"NT","East Arnhem",136.012054443359,-12.2994518280029,0.1,2.15,1.64,2.87,2.48,3.51,1.65,1.54,1.82
"NT","East Arnhem",136.320724487305,-12.3121032714844,0.1,2.16,2.68,2.77,2.41,3.36,1.46,1.39,1.57
"NT","East Arnhem",136.937927246094,-12.3128938674927,0.1,2.13,3.06,3.27,2.78,4.08,5.91,4.66,8.18
"QLDNorth","Napranum",141.679977416992,-12.3266019821167,0.1,1.93,2.92,2.27,2.03,2.67,3.25,2.76,4.06
"QLDNorth","Cook",143.083145141602,-12.314151763916,0.1,1.79,2.19,5.69,4.52,7.76,3.9,3.24,5.03
"QLDNorth","Cook",143.162658691406,-12.3421659469604,0.1,1.79,2.21,5.73,4.55,7.85,3.94,3.27,5.1
"QLDNorth","Cook",143.197570800781,-12.3469867706299,0.1,1.78,3.32,5.81,4.6,7.98,2.99,2.59,3.64
"QLDNorth","Cook",143.218353271484,-12.3574123382568,0.1,1.78,2.6,5.83,4.62,8.01,2.31,2.04,2.73
"NT","Litchfield",130.999145507812,-12.2127170562744,0.1,3.99,3.38,3.33,2.86,4.09,2.29,2.03,2.71
"NT","Unincorporated NT",131.4208984375,-12.2685308456421,0.1,3.96,4.43,4.14,3.42,5.38,2.17,1.95,2.53
"NT","Unincorporated NT",131.472625732422,-12.2777271270752,0.1,3.96,4.43,4.08,3.38,5.27,2.17,1.95,2.53
"NT","Unincorporated NT",131.535339355469,-12.2733945846558,0.1,3.96,4.44,4.14,3.42,5.37,2.18,1.95,2.54
"NT","Unincorporated NT",131.577728271484,-12.2796277999878,0.1,3.95,4.45,4.31,3.54,5.64,2.15,1.93,2.49
"NT","Unincorporated NT",131.631881713867,-12.2783536911011,0.1,3.95,5.02,4.66,3.78,6.21,1.58,1.48,1.72
"NT","Unincorporated NT",131.682693481445,-12.2791233062744,0.1,3.95,5.17,4.68,3.79,6.24,1.51,1.43,1.63
"NT","Unincorporated NT",131.736846923828,-12.2702016830444,0.1,3.95,4.64,4.37,3.58,5.73,2.1,1.9,2.42
"NT","Unincorporated NT",131.78694152832,-12.2552947998047,0.1,3.95,4.54,4.42,3.61,5.82,2.78,2.41,3.39
"NT","Unincorporated NT",131.943099975586,-12.2689266204834,0.1,3.95,3.92,4.54,3.71,5.97,1.98,1.8,2.26
"NT","West Arnhem",132.108551025391,-12.2662086486816,0.1,3.95,3.83,4.65,3.78,6.16,1.74,1.6,1.94
"NT","East Arnhem",135.691482543945,-12.2486267089844,0.1,2.16,2.29,2.7,2.35,3.28,2.27,2.02,2.66
"NT","East Arnhem",135.742370605469,-12.2635383605957,0.1,2.16,2.56,2.76,2.39,3.36,2.1,1.89,2.41
"NT","East Arnhem",135.998382568359,-12.260082244873,0.1,2.15,2.55,2.82,2.44,3.45,2.1,1.9,2.41
"NT","East Arnhem",136.234939575195,-12.2211036682129,0.1,2.15,2.49,2.88,2.49,3.53,1.9,1.74,2.15
"NT","East Arnhem",136.256134033203,-12.2178087234497,0.1,2.15,1.67,2.87,2.48,3.51,1.67,1.55,1.84
"NT","East Arnhem",136.341003417969,-12.2645406723022,0.1,2.16,2.59,2.79,2.42,3.38,1.49,1.41,1.6
"NT","East Arnhem",136.929595947266,-12.2793607711792,0.1,2.13,3.21,3.24,2.76,4.04,4.69,3.8,6.24
"QLDNorth","Napranum",141.701065063477,-12.2661838531494,0.1,1.93,3.76,2.26,2.01,2.65,3.07,2.64,3.75
"QLDNorth","Cook",143.099166870117,-12.2576332092285,0.1,1.79,2.52,5.65,4.5,7.7,2.41,2.13,2.85
"NT","Litchfield",130.989242553711,-12.1898794174194,0.1,3.98,3.7,3.39,2.9,4.17,1.96,1.79,2.23
"NT","Unincorporated NT",131.348663330078,-12.2170190811157,0.1,3.96,4.71,4.27,3.51,5.59,2.02,1.83,2.3
"NT","Unincorporated NT",131.858276367188,-12.2237243652344,0.1,3.96,4.8,4.24,3.49,5.52,2.2,1.98,2.56
"NT","Unincorporated NT",131.896331787109,-12.2106943130493,0.1,3.95,4.61,4.48,3.67,5.89,1.91,1.74,2.18
"NT","West Arnhem",132.162353515625,-12.21364402771,0.1,3.95,4.45,4.63,3.78,6.11,1.89,1.72,2.15
"NT","East Arnhem",135.002471923828,-12.2035093307495,0.1,2.16,2.5,2.76,2.4,3.35,1.89,1.72,2.15
"NT","East Arnhem",135.035659790039,-12.2280006408691,0.1,2.17,2.54,2.66,2.33,3.2,1.85,1.69,2.1
"NT","East Arnhem",135.105743408203,-12.2389240264893,0.1,2.17,1.9,2.65,2.32,3.19,1.98,1.8,2.26
"NT","East Arnhem",135.218414306641,-12.1919298171997,0.1,2.16,1.92,2.8,2.43,3.4,1.7,1.58,1.9
"NT","East Arnhem",135.662689208984,-12.2106456756592,0.1,2.16,2.44,2.69,2.34,3.27,1.89,1.73,2.15
"NT","East Arnhem",135.787216186523,-12.2126140594482,0.1,2.16,2.62,2.78,2.41,3.39,1.93,1.76,2.19
"NT","East Arnhem",136.014984130859,-12.2320241928101,0.1,2.15,2.17,2.86,2.47,3.5,1.6,1.5,1.76
"NT","East Arnhem",136.150787353516,-12.1998643875122,0.1,2.15,2.03,2.93,2.53,3.6,1.57,1.47,1.72
"NT","East Arnhem",136.623153686523,-12.2152996063232,0.1,2.13,3.45,3.17,2.71,3.95,1.5,1.42,1.62
"NT","East Arnhem",136.877563476562,-12.2180404663086,0.1,2.13,3,3.13,2.68,3.87,5.86,4.63,8.11
"QLDNorth","Napranum",141.713638305664,-12.2316465377808,0.1,1.93,4.04,2.27,2.03,2.67,1.96,1.79,2.21
"QLDNorth","Cook",143.099227905273,-12.2135963439941,0.1,1.79,2.53,5.58,4.45,7.58,2.93,2.53,3.6
"NT","Litchfield",130.992370605469,-12.1579141616821,0.1,4.01,3.38,2.93,2.55,3.54,3.49,2.97,4.35
"NT","Litchfield",131.153396606445,-12.1661376953125,0.1,3.97,4.09,3.85,3.23,4.9,2.28,2.03,2.69
"NT","Unincorporated NT",131.233428955078,-12.1843738555908,0.1,3.96,4.33,3.94,3.29,5.02,4.14,3.4,5.44
"NT","Unincorporated NT",131.357284545898,-12.1176900863647,0.1,3.95,4.56,4.31,3.54,5.64,4.57,3.7,6.12
"NT","West Arnhem",132.228332519531,-12.1744031906128,0.1,3.94,4.32,4.87,3.95,6.49,3.6,3,4.65
"NT","West Arnhem",132.27033996582,-12.1444568634033,0.1,3.94,4.24,4.89,3.97,6.49,4.3,3.5,5.72
"NT","West Arnhem",132.337219238281,-12.1548480987549,0.1,3.94,4.23,5,4.05,6.65,4.13,3.38,5.46
"NT","West Arnhem",132.359786987305,-12.1572351455688,0.1,3.92,4.4,6.54,5.15,9.03,1.8,1.65,2.01
"NT","West Arnhem",132.430633544922,-12.1582050323486,0.1,3.93,4.12,5.79,4.62,7.83,1.95,1.78,2.23
"NT","East Arnhem",134.950958251953,-12.1458263397217,0.1,2.14,1.9,3.04,2.61,3.76,1.99,1.81,2.27
"NT","East Arnhem",135.274459838867,-12.1687259674072,0.1,2.16,1.81,2.73,2.38,3.29,2.13,1.92,2.46
"NT","East Arnhem",135.686782836914,-12.1477298736572,0.1,2.16,2.46,2.69,2.34,3.27,1.74,1.61,1.95
"NT","East Arnhem",135.699523925781,-12.1348676681519,0.1,2.16,2.48,2.7,2.35,3.28,1.7,1.58,1.9
"NT","East Arnhem",135.855804443359,-12.1677484512329,0.1,2.16,2.55,2.78,2.41,3.38,1.68,1.56,1.87
"NT","East Arnhem",135.897903442383,-12.1618242263794,0.1,2.16,2.41,2.74,2.38,3.33,1.96,1.78,2.23
"NT","East Arnhem",135.946105957031,-12.149995803833,0.1,2.16,2.35,2.76,2.4,3.35,1.57,1.47,1.71
"NT","East Arnhem",136.159606933594,-12.1591968536377,0.1,2.16,2.25,2.75,2.39,3.33,1.67,1.56,1.85
"NT","East Arnhem",136.60107421875,-12.1814622879028,0.1,2.13,2.45,3.2,2.73,4,1.84,1.69,2.07
"NT","East Arnhem",136.733840942383,-12.1676731109619,0.1,2.13,2.52,3.21,2.74,4.01,1.75,1.62,1.96
"NT","East Arnhem",136.786148071289,-12.1561899185181,0.1,2.14,3.11,3.05,2.61,3.77,1.67,1.56,1.85
"NT","East Arnhem",136.828033447266,-12.1474151611328,0.1,2.14,2.94,3.07,2.63,3.78,5.71,4.52,7.84
"QLDNorth","Mapoon",141.757308959961,-12.1580944061279,0.1,1.94,3.9,2.23,1.99,2.62,2.11,1.91,2.41
"QLDNorth","Cook",143.101211547852,-12.1522407531738,0.1,1.79,2.79,5.42,4.34,7.32,2.43,2.16,2.85
"NT","Unincorporated NT",131.005920410156,-12.1143760681152,0.1,3.97,3.6,3.73,3.15,4.67,2.89,2.5,3.51
"NT","Unincorporated NT",131.051452636719,-12.1018924713135,0.1,3.96,3.98,4.24,3.49,5.51,3.2,2.72,4.01
"NT","Unincorporated NT",131.092559814453,-12.0813102722168,0.1,3.96,4.08,4.09,3.39,5.28,2.3,2.04,2.72
"NT","Unincorporated NT",131.246597290039,-12.1323003768921,0.1,3.96,4.91,4,3.34,5.12,2.43,2.15,2.88
"NT","Unincorporated NT",131.364242553711,-12.101393699646,0.1,3.95,5.12,4.37,3.59,5.74,2.41,2.14,2.84
"NT","West Arnhem",132.488006591797,-12.1299524307251,0.1,3.93,4.44,5.49,4.41,7.38,2.38,2.11,2.8
"NT","West Arnhem",132.530609130859,-12.1093482971191,0.1,3.93,4.46,6,4.77,8.18,2.35,2.09,2.75
"NT","West Arnhem",132.583312988281,-12.1053695678711,0.1,3.93,4.19,5.95,4.75,8.05,1.82,1.67,2.04
"NT","West Arnhem",132.637435913086,-12.0965223312378,0.1,3.93,3.77,6.04,4.83,8.16,2.31,2.05,2.72
"NT","East Arnhem",134.950317382812,-12.1034984588623,0.1,2.13,1.79,3.15,2.69,3.91,1.8,1.65,2.03
"NT","East Arnhem",135.318801879883,-12.110463142395,0.1,2.16,1.78,2.8,2.43,3.38,1.9,1.74,2.15
"NT","East Arnhem",135.761627197266,-12.0824356079102,0.1,2.16,2.14,2.72,2.36,3.31,1.65,1.54,1.82
"NT","East Arnhem",136.12760925293,-12.083664894104,0.1,2.15,2.53,2.83,2.45,3.45,1.67,1.55,1.84
"NT","East Arnhem",136.58869934082,-12.1013021469116,0.1,2.13,3,3.22,2.74,4.03,3.89,3.23,5.02
"QLDNorth","Mapoon",141.770416259766,-12.1294441223145,0.1,1.94,3.15,2.21,1.98,2.58,2.11,1.9,2.44
"QLDNorth","Cook",143.139129638672,-12.0931539535522,0.1,1.79,2.5,5.38,4.31,7.25,2.13,1.91,2.48
"NT","Unincorporated NT",131.270263671875,-12.0644159317017,0.1,3.96,4.74,4.12,3.43,5.28,4.37,3.58,5.74
"NT","Unincorporated NT",131.307174682617,-12.0514507293701,0.1,3.95,4.76,4.55,3.71,5.99,1.63,1.52,1.81
"NT","West Arnhem",132.623382568359,-12.0515365600586,0.1,3.93,3.5,5.33,4.31,7.08,1.98,1.79,2.29
"NT","West Arnhem",134.370147705078,-12.0470180511475,0.1,2.11,2.54,3.69,3.07,4.77,1.98,1.79,2.28
"NT","West Arnhem",134.421295166016,-12.060338973999,0.1,2.11,2.77,3.61,3.01,4.63,1.78,1.63,2
"NT","West Arnhem",134.468276977539,-12.0629529953003,0.1,2.12,2.78,3.52,2.95,4.51,1.79,1.64,2.02
"NT","West Arnhem",134.524398803711,-12.0610952377319,0.1,2.12,3.19,3.44,2.89,4.39,1.75,1.62,1.96
"NT","West Arnhem",134.58024597168,-12.052583694458,0.1,2.12,2.71,3.4,2.86,4.33,2.31,2.06,2.72
"NT","East Arnhem",134.945770263672,-12.0735340118408,0.1,2.14,2.28,3.05,2.62,3.77,2.26,2.01,2.64
"NT","East Arnhem",135.373519897461,-12.0797023773193,0.1,2.16,2.41,2.8,2.43,3.38,2.05,1.85,2.35
"NT","East Arnhem",135.420715332031,-12.078875541687,0.1,2.15,1.71,2.83,2.46,3.44,2.07,1.86,2.39
"NT","East Arnhem",135.498672485352,-12.0264129638672,0.1,2.15,1.82,2.86,2.48,3.48,1.86,1.71,2.1
"NT","East Arnhem",135.816177368164,-12.0222206115723,0.1,2.16,2.32,2.73,2.37,3.32,1.57,1.47,1.72
"NT","East Arnhem",136.111434936523,-12.0630779266357,0.1,2.14,2.62,2.99,2.57,3.69,1.65,1.54,1.82
"NT","East Arnhem",136.56086730957,-12.0609130859375,0.1,2.13,2.75,3.19,2.71,3.99,5.55,4.42,7.6
"QLDNorth","Mapoon",141.803771972656,-12.0563097000122,0.1,1.94,3.32,2.19,1.96,2.55,4.34,3.55,5.7
"QLDNorth","Cook",143.156799316406,-12.0544710159302,0.1,1.79,2.23,5.37,4.31,7.25,2.12,1.89,2.49
"NT","West Arnhem",132.620742797852,-11.9969520568848,0.1,3.94,3.25,4.99,4.05,6.6,2.57,2.23,3.14
"NT","West Arnhem",134.184463500977,-11.9982357025146,0.1,2.11,2.34,3.8,3.15,4.94,2.48,2.18,2.98
"NT","West Arnhem",134.250152587891,-12.0107345581055,0.1,2.11,2.91,3.79,3.14,4.93,1.77,1.63,1.99
"NT","West Arnhem",134.316650390625,-12.0093860626221,0.1,2.11,3.02,3.8,3.15,4.92,1.76,1.63,1.96
"NT","West Arnhem",134.649963378906,-12.0148496627808,0.1,2.12,2.65,3.44,2.89,4.39,2.05,1.86,2.34
"NT","East Arnhem",134.843780517578,-12.0023307800293,0.1,2.12,2.61,3.52,2.96,4.47,2.05,1.86,2.35
"NT","East Arnhem",134.901092529297,-12.0129470825195,0.1,2.12,1.85,3.38,2.86,4.26,2.07,1.86,2.39
"NT","East Arnhem",135.511871337891,-12.0182876586914,0.1,2.15,1.7,2.86,2.48,3.48,1.96,1.78,2.23
"NT","East Arnhem",135.835510253906,-12.0029325485229,0.1,2.16,2.12,2.75,2.38,3.35,1.72,1.59,1.93
"NT","East Arnhem",136.157913208008,-12.0233201980591,0.1,2.16,2.61,2.75,2.4,3.33,1.69,1.57,1.86
"NT","East Arnhem",136.545349121094,-12.0239019393921,0.1,2.13,2.68,3.19,2.71,3.98,5.81,4.6,7.96
"QLDNorth","Mapoon",141.819412231445,-12.0283946990967,0.1,1.95,3.37,2.17,1.94,2.52,3.72,3.13,4.71
"QLDNorth","Cook",143.176895141602,-12.0172853469849,0.1,1.79,2.87,5.34,4.29,7.2,2.49,2.2,2.96
"NT","Tiwi Islands",130.948303222656,-11.9423351287842,0.1,3.97,3.97,3.87,3.26,4.87,4.34,3.56,5.68
"NT","Tiwi Islands",130.982147216797,-11.933723449707,0.1,3.96,3.69,4.23,3.49,5.5,2.06,1.85,2.41
"NT","West Arnhem",132.631072998047,-11.9484176635742,0.1,3.94,3.74,5.12,4.15,6.8,1.91,1.74,2.17
"NT","West Arnhem",134.210144042969,-11.9517621994019,0.1,2.1,2.72,3.97,3.28,5.16,2,1.81,2.29
"NT","West Arnhem",134.68896484375,-11.9589719772339,0.1,2.11,2.62,3.67,3.06,4.72,1.96,1.79,2.23
"NT","West Arnhem",134.740509033203,-11.9548368453979,0.1,2.11,2.89,3.66,3.05,4.7,1.76,1.63,1.96
"NT","East Arnhem",134.776611328125,-11.9581813812256,0.1,2.11,2.73,3.77,3.14,4.86,1.83,1.68,2.05
"NT","East Arnhem",135.581314086914,-11.9595603942871,0.1,2.15,1.67,2.91,2.52,3.54,2.03,1.83,2.35
"NT","East Arnhem",135.61979675293,-11.9580116271973,0.1,2.15,1.9,2.88,2.5,3.49,1.8,1.65,2.02
"NT","East Arnhem",135.849609375,-11.9655447006226,0.1,2.17,2.37,2.66,2.32,3.22,1.96,1.79,2.24
"NT","East Arnhem",136.203155517578,-12.0004482269287,0.1,2.16,2.31,2.79,2.42,3.39,2.11,1.9,2.44
"NT","East Arnhem",136.275833129883,-11.9708499908447,0.1,2.15,2.26,2.9,2.5,3.54,2.2,1.97,2.56
"NT","East Arnhem",136.313903808594,-11.9524831771851,0.1,2.15,2.19,2.95,2.54,3.61,1.9,1.73,2.18
"NT","East Arnhem",136.343872070312,-11.947639465332,0.1,2.14,2.6,3,2.58,3.69,1.74,1.61,1.92
"NT","East Arnhem",136.528594970703,-11.9510841369629,0.1,2.13,2.91,3.19,2.71,3.99,1.71,1.59,1.88
"QLDNorth","Mapoon",141.865600585938,-11.9639463424683,0.1,1.95,2.56,2.13,1.91,2.46,4.27,3.51,5.58
"QLDNorth","Mapoon",141.897277832031,-11.9500980377197,0.1,1.96,3.48,2.09,1.89,2.42,2.98,2.59,3.62
"QLDNorth","Cook",143.157455444336,-11.9466142654419,0.1,1.79,3.19,5.66,4.5,7.74,2.82,2.48,3.35
"NT","Tiwi Islands",130.504669189453,-11.8403720855713,0.1,3.98,4.23,3.57,3.02,4.47,2.92,2.55,3.48
"NT","Tiwi Islands",130.807876586914,-11.8504104614258,0.1,4,4.1,3.11,2.7,3.76,2.8,2.46,3.33
"NT","Tiwi Islands",130.874359130859,-11.8713722229004,0.1,3.99,3.37,3.19,2.76,3.87,3.19,2.73,3.95
"NT","Tiwi Islands",130.89582824707,-11.8893566131592,0.1,3.99,3.66,3.22,2.78,3.91,4.21,3.47,5.47
"NT","Tiwi Islands",131.043060302734,-11.8865613937378,0.1,3.96,3.6,4.07,3.37,5.27,2.29,2.03,2.72
"NT","West Arnhem",132.639907836914,-11.9028997421265,0.1,3.94,3.63,5.12,4.15,6.82,1.81,1.66,2.06
"NT","West Arnhem",133.896774291992,-11.9072465896606,0.1,2.11,2.78,3.71,3.1,4.73,1.86,1.7,2.12
"NT","West Arnhem",133.951324462891,-11.9031887054443,0.1,2.11,2.92,3.77,3.15,4.83,2.11,1.9,2.43
"NT","West Arnhem",134.137069702148,-11.9051790237427,0.1,2.1,2.93,4.12,3.39,5.38,1.95,1.78,2.22
"NT","East Arnhem",135.756454467773,-11.911205291748,0.1,2.15,1.75,2.87,2.49,3.48,2.14,1.92,2.49
"NT","East Arnhem",135.790130615234,-11.9003629684448,0.1,2.15,1.46,2.85,2.48,3.46,2.12,1.91,2.45
"NT","East Arnhem",136.375,-11.9009981155396,0.1,2.14,2.64,3.02,2.6,3.72,1.72,1.6,1.9
"NT","East Arnhem",136.528915405273,-11.9165210723877,0.1,2.13,2.99,3.2,2.73,3.99,4.08,3.38,5.26
"QLDNorth","Mapoon",141.884399414062,-11.946722984314,0.1,1.96,2.69,2.11,1.9,2.44,3.93,3.27,5.05
"QLDNorth","Cook",142.948287963867,-11.8973693847656,0.1,1.79,2.07,5.66,4.48,7.81,4.04,3.35,5.21
"QLDNorth","Cook",142.998092651367,-11.9294691085815,0.1,1.79,2.01,5.68,4.49,7.84,4.31,3.54,5.63
"QLDNorth","Cook",143.058807373047,-11.9179401397705,0.1,1.78,2.71,5.83,4.59,8.06,1.99,1.82,2.27
"QLDNorth","Cook",143.106872558594,-11.8990879058838,0.1,1.78,2.59,5.77,4.57,7.95,2.79,2.43,3.39
"NT","Tiwi Islands",130.048980712891,-11.8261213302612,0.1,3.95,4.41,4.44,3.66,5.76,3.15,2.69,3.9
"NT","Tiwi Islands",130.108581542969,-11.8302373886108,0.1,3.96,4.3,4.27,3.53,5.55,3.19,2.73,3.94
"NT","Tiwi Islands",130.145629882812,-11.8264837265015,0.1,3.95,4.27,4.54,3.71,5.97,3.07,2.64,3.77
"NT","Tiwi Islands",130.204071044922,-11.8116674423218,0.1,3.96,4.19,4.08,3.38,5.28,3.23,2.76,3.99
"NT","Tiwi Islands",130.259338378906,-11.7950744628906,0.1,3.96,4.19,4.04,3.35,5.23,3.21,2.75,3.95
"NT","Tiwi Islands",130.300674438477,-11.7818832397461,0.1,3.96,4.19,4.01,3.32,5.17,3.07,2.65,3.75
"NT","Tiwi Islands",130.386657714844,-11.8054189682007,0.1,3.97,4.28,3.9,3.25,4.99,2.93,2.55,3.53
"NT","Tiwi Islands",130.427810668945,-11.8165292739868,0.1,3.97,4.27,3.78,3.17,4.81,2.77,2.44,3.31
"NT","Tiwi Islands",130.578720092773,-11.8289165496826,0.1,3.98,4.47,3.44,2.93,4.27,2.11,1.91,2.43
"NT","Tiwi Islands",130.612777709961,-11.8281364440918,0.1,3.99,4.14,3.29,2.82,4.04,2.76,2.43,3.27
"NT","Tiwi Islands",130.671371459961,-11.8170099258423,0.1,4,3.05,3.17,2.74,3.86,3.9,3.25,5
"NT","Tiwi Islands",130.750625610352,-11.8247766494751,0.1,4,3,3.17,2.74,3.86,3.74,3.14,4.74
"NT","Tiwi Islands",131.106369018555,-11.8367681503296,0.1,3.96,4.98,4.13,3.42,5.35,2.19,1.98,2.51
"NT","Tiwi Islands",131.143173217773,-11.8116655349731,0.1,3.96,3.79,3.94,3.29,5.05,2.41,2.12,2.9
"NT","West Arnhem",132.636825561523,-11.8432168960571,0.1,3.93,3.17,5.48,4.38,7.41,2.51,2.19,3.04
"NT","West Arnhem",133.895065307617,-11.8185167312622,0.1,2.11,2.34,3.68,3.08,4.7,2.53,2.2,3.06
"NT","West Arnhem",134.007934570312,-11.8538293838501,0.1,2.11,2.38,3.8,3.18,4.86,2.51,2.19,3.04
"NT","West Arnhem",134.056777954102,-11.8575630187988,0.1,2.1,2.64,3.95,3.28,5.1,1.68,1.56,1.86
"NT","West Arnhem",134.068252563477,-11.8719110488892,0.1,2.1,2.06,4,3.31,5.18,1.87,1.7,2.14
"NT","East Arnhem",136.417495727539,-11.8494110107422,0.1,2.13,2.61,3.18,2.72,3.96,1.76,1.63,1.96
"NT","East Arnhem",136.486282348633,-11.8582954406738,0.1,2.14,3.02,3.08,2.63,3.82,4.02,3.34,5.17
"QLDNorth","Cook",141.949020385742,-11.8594808578491,0.1,1.96,3.52,2.11,1.9,2.44,1.59,1.5,1.73
"QLDNorth","Cook",142.928421020508,-11.8899345397949,0.1,1.79,1.94,5.65,4.47,7.79,4.11,3.39,5.37
"NT","Tiwi Islands",130.022125244141,-11.793194770813,0.1,3.95,3.91,4.56,3.74,5.94,4.28,3.51,5.64
"NT","Tiwi Islands",131.195007324219,-11.7888441085815,0.1,3.96,5.04,4.16,3.44,5.37,2.19,1.98,2.52
"NT","Tiwi Islands",131.240982055664,-11.7524433135986,0.1,3.96,3.84,4.27,3.51,5.55,2.21,1.97,2.6
"NT","West Arnhem",132.578628540039,-11.7922096252441,0.1,3.94,3.23,4.84,3.95,6.35,2.07,1.86,2.4
"NT","West Arnhem",133.577560424805,-11.8029184341431,0.1,3.95,4.49,4.42,3.62,5.82,2.37,2.09,2.85
"NT","West Arnhem",133.653747558594,-11.8069162368774,0.1,3.95,4.5,4.45,3.64,5.88,1.77,1.64,1.97
"NT","West Arnhem",133.939819335938,-11.7774648666382,0.1,2.11,2.68,3.81,3.19,4.87,4.22,3.49,5.46
"QLDNorth","Cook",141.964004516602,-11.8045377731323,0.1,1.95,2.81,2.13,1.91,2.47,2.21,1.98,2.56
"QLDNorth","Cook",142.860336303711,-11.7837772369385,0.1,1.79,1.82,5.65,4.47,7.77,4.3,3.52,5.68
"NT","Tiwi Islands",130.024185180664,-11.762095451355,0.1,3.94,5.06,4.88,3.94,6.54,2.18,1.97,2.49
"NT","Tiwi Islands",131.293151855469,-11.7301988601685,0.1,3.95,3.69,4.46,3.65,5.86,2.48,2.18,2.99
"NT","West Arnhem",132.543960571289,-11.7247705459595,0.1,3.94,2.78,4.83,3.94,6.34,3.63,3.01,4.71
"NT","West Arnhem",133.370880126953,-11.7535991668701,0.1,3.95,4.26,4.53,3.7,5.98,2.73,2.37,3.34
"NT","West Arnhem",133.417953491211,-11.7414617538452,0.1,3.95,4.11,4.62,3.75,6.13,3.54,2.95,4.59
"NT","West Arnhem",133.479400634766,-11.77942943573,0.1,3.95,4.39,4.55,3.71,6.03,2.34,2.06,2.8
"NT","West Arnhem",133.531616210938,-11.7553157806396,0.1,3.95,4.42,4.55,3.71,6.03,2.26,2,2.69
"NT","West Arnhem",133.672592163086,-11.7725067138672,0.1,3.95,4.62,4.41,3.61,5.81,2.05,1.84,2.39
"NT","West Arnhem",133.738784790039,-11.7747716903687,0.1,2.09,2.64,4.33,3.56,5.68,1.77,1.64,1.97
"NT","West Arnhem",133.928909301758,-11.7508583068848,0.1,2.11,2.78,3.71,3.11,4.7,3.88,3.25,4.94
"QLDNorth","Cook",141.98078918457,-11.7673273086548,0.1,1.95,3.12,2.13,1.92,2.48,1.74,1.61,1.92
"QLDNorth","Cook",142.865814208984,-11.7535581588745,0.1,2.1,2.31,5.61,4.45,7.7,2.6,2.27,3.17
"NT","Tiwi Islands",130.065078735352,-11.6915130615234,0.1,3.94,4.72,4.97,3.99,6.71,4.07,3.39,5.23
"NT","Tiwi Islands",131.341598510742,-11.6812562942505,0.1,3.95,3.56,4.53,3.69,5.98,2.65,2.32,3.2
"NT","West Arnhem",132.489288330078,-11.6818885803223,0.1,3.94,2.95,4.76,3.89,6.25,2.34,2.08,2.77
"NT","West Arnhem",133.152313232422,-11.6975011825562,0.1,3.97,4.36,3.88,3.26,4.9,2.21,1.97,2.6
"NT","West Arnhem",133.199630737305,-11.7201299667358,0.1,3.97,4.41,3.91,3.28,4.96,2.15,1.92,2.51
"NT","West Arnhem",133.273788452148,-11.7158880233765,0.1,3.96,5.08,3.95,3.31,5.02,1.7,1.58,1.89
"NT","West Arnhem",133.319244384766,-11.6946496963501,0.1,3.96,5.11,3.97,3.33,5.04,1.69,1.57,1.88
"NT","West Arnhem",133.797073364258,-11.7242794036865,0.1,2.1,2.71,4.13,3.41,5.35,2.11,1.89,2.48
"NT","West Arnhem",133.842254638672,-11.7227993011475,0.1,2.1,2.31,3.86,3.22,4.94,2.06,1.86,2.39
"NT","West Arnhem",133.917892456055,-11.7371520996094,0.1,2.11,2.59,3.75,3.15,4.77,1.79,1.65,2.02
"NT","East Arnhem",136.2080078125,-11.6966419219971,0.1,2.15,2.68,2.93,2.53,3.6,1.78,1.65,1.98
"NT","East Arnhem",136.257858276367,-11.6989812850952,0.1,2.13,2.93,3.17,2.71,3.95,3.82,3.2,4.86
"QLDNorth","Cook",142.005126953125,-11.7086973190308,0.1,1.95,2.95,2.15,1.93,2.51,1.83,1.69,2.05
"QLDNorth","Cook",142.867462158203,-11.6918067932129,0.1,2.1,2.32,5.54,4.4,7.57,2.55,2.24,3.04
"NT","Tiwi Islands",130.095092773438,-11.669285774231,0.1,3.94,4.17,4.81,3.88,6.47,2.7,2.34,3.3
"NT","Tiwi Islands",130.187530517578,-11.6419429779053,0.1,3.94,3.89,4.8,3.87,6.46,4.2,3.45,5.51
"NT","Tiwi Islands",131.36328125,-11.63694190979,0.1,3.95,4.8,4.66,3.78,6.19,4.15,3.44,5.35
"NT","Tiwi Islands",131.425994873047,-11.6168279647827,0.1,3.94,3.69,4.83,3.91,6.45,2.51,2.22,2.99
"NT","West Arnhem",132.486053466797,-11.6637868881226,0.1,3.94,3.32,4.94,4.02,6.53,2.07,1.87,2.38
"NT","West Arnhem",133.131576538086,-11.656457901001,0.1,3.97,4.69,3.86,3.25,4.88,1.73,1.6,1.94
"NT","East Arnhem",136.146011352539,-11.65256690979,0.1,2.13,2.36,3.24,2.76,4.04,1.86,1.71,2.09
"NT","East Arnhem",136.329177856445,-11.6450710296631,0.1,2.13,3.02,3.24,2.76,4.03,3.43,2.91,4.29
"QLDNorth","Cook",142.021499633789,-11.6523866653442,0.1,1.95,2.4,2.17,1.94,2.52,3.79,3.14,4.94
"QLDNorth","Cook",142.864364624023,-11.6457834243774,0.1,2.1,1.97,5.39,4.31,7.32,2.67,2.32,3.24
"NT","Tiwi Islands",130.177734375,-11.5661220550537,0.1,3.95,5.2,4.73,3.82,6.34,2.21,1.99,2.54
"NT","Tiwi Islands",131.474838256836,-11.591402053833,0.1,3.95,3.88,4.65,3.79,6.17,2.52,2.22,3
"NT","West Arnhem",132.535293579102,-11.5826101303101,0.1,3.93,3.81,5.44,4.39,7.26,1.89,1.73,2.13
"NT","West Arnhem",133.107482910156,-11.6077547073364,0.1,3.97,4.87,3.89,3.27,4.92,2.51,2.22,2.98
"NT","East Arnhem",136.166854858398,-11.6174325942993,0.1,2.13,1.91,3.13,2.69,3.85,1.91,1.75,2.15
"NT","East Arnhem",136.295028686523,-11.5613565444946,0.1,2.13,2.45,3.22,2.76,3.97,3.16,2.71,3.9
"QLDNorth","Cook",142.02815246582,-11.6156911849976,0.1,2.36,3.07,2.17,1.95,2.53,2.14,1.92,2.46
"QLDNorth","Cook",142.85791015625,-11.5837736129761,0.1,2.1,1.75,5.27,4.23,7.11,2.66,2.32,3.22
"NT","Tiwi Islands",130.175399780273,-11.5458192825317,0.1,3.94,4.12,4.89,3.93,6.62,3.59,3.04,4.51
"NT","Tiwi Islands",131.528823852539,-11.4797439575195,0.1,3.95,4.63,4.61,3.76,6.08,4.56,3.73,6
"NT","West Arnhem",132.061462402344,-11.5261945724487,0.1,3.94,4.48,5.26,4.22,7.08,3.72,3.13,4.72
"NT","West Arnhem",132.103866577148,-11.5351600646973,0.1,3.94,4.88,5.07,4.1,6.77,3.12,2.69,3.83
"NT","West Arnhem",132.143127441406,-11.5230531692505,0.1,3.94,4.56,4.87,3.94,6.52,3.09,2.66,3.78
"NT","West Arnhem",132.500518798828,-11.5184679031372,0.1,3.94,2.82,4.95,4.04,6.51,2.5,2.21,2.96
"NT","West Arnhem",132.523147583008,-11.5400514602661,0.1,3.94,4.2,4.97,4.06,6.5,1.67,1.56,1.84
"NT","West Arnhem",133.083114624023,-11.5242862701416,0.1,3.97,4.58,3.87,3.25,4.88,1.92,1.75,2.17
"NT","East Arnhem",136.244705200195,-11.5727081298828,0.1,2.13,2.52,3.21,2.75,3.96,2.95,2.55,3.59
"QLDNorth","Cook",142.047119140625,-11.5551748275757,0.1,2.36,3.12,2.18,1.95,2.54,2.05,1.86,2.35
"QLDNorth","Cook",142.848205566406,-11.5669078826904,0.1,2.1,2.13,5.22,4.2,7.04,2.91,2.53,3.52
"NT","Tiwi Islands",130.161422729492,-11.4907732009888,0.1,3.94,4.64,4.84,3.9,6.53,4.5,3.7,5.87
"NT","West Arnhem",132.029327392578,-11.4781379699707,0.1,3.93,4.9,5.4,4.32,7.32,3.24,2.78,3.99
"NT","West Arnhem",132.208831787109,-11.4825410842896,0.1,3.93,4.21,5.49,4.39,7.42,3.38,2.88,4.18
"NT","West Arnhem",132.270492553711,-11.4668083190918,0.1,3.94,4.15,5.32,4.28,7.13,4,3.35,5.09
"NT","West Arnhem",132.31298828125,-11.4683017730713,0.1,3.94,4.13,5.26,4.24,7.03,4.16,3.46,5.36
"NT","West Arnhem",132.383819580078,-11.4549140930176,0.1,3.94,2.89,5.11,4.14,6.78,2.49,2.2,2.95
"NT","West Arnhem",132.426971435547,-11.4597721099854,0.1,3.94,3.22,5.11,4.15,6.76,1.89,1.73,2.12
"NT","West Arnhem",133.073486328125,-11.5122003555298,0.1,3.97,5.22,3.87,3.26,4.89,2.87,2.5,3.48
"QLDNorth","Cook",142.073867797852,-11.4911956787109,0.1,2.35,3.72,2.2,1.97,2.57,1.55,1.46,1.68
"QLDNorth","Cook",142.845962524414,-11.4972276687622,0.1,2.11,1.62,5.01,4.05,6.68,2.44,2.16,2.89
"NT","Tiwi Islands",130.16975402832,-11.4444332122803,0.1,3.93,4.31,5.48,4.33,7.6,2.44,2.17,2.87
"NT","Tiwi Islands",131.536544799805,-11.436595916748,0.1,3.95,4.42,4.69,3.82,6.21,2.63,2.31,3.15
"NT","West Arnhem",131.9990234375,-11.4327774047852,0.1,3.93,3.83,5.44,4.35,7.39,2.38,2.11,2.8
"NT","West Arnhem",132.640228271484,-11.4434223175049,0.1,3.95,4.44,4.32,3.58,5.55,2.56,2.24,3.07
"NT","West Arnhem",132.780090332031,-11.4485273361206,0.1,3.95,4.7,4.45,3.68,5.74,1.89,1.73,2.13
"NT","West Arnhem",133.023818969727,-11.4552783966064,0.1,3.97,5.15,3.85,3.24,4.86,3.32,2.83,4.13
"QLDNorth","Cook",142.083679199219,-11.4627676010132,0.1,2.35,3.06,2.21,1.97,2.58,1.97,1.79,2.23
"QLDNorth","Cook",142.857482910156,-11.4085350036621,0.1,2.11,1.88,4.88,3.96,6.47,1.83,1.68,2.05
"NT","Tiwi Islands",130.230453491211,-11.3935594558716,0.1,3.93,4.18,5.57,4.42,7.64,2.28,2.04,2.65
"NT","Tiwi Islands",131.521224975586,-11.3907089233398,0.1,3.95,4.88,4.54,3.7,5.98,2.37,2.12,2.78
"NT","West Arnhem",131.914978027344,-11.3621482849121,0.1,3.94,4.01,5.27,4.23,7.12,2.7,2.36,3.24
"NT","West Arnhem",131.947036743164,-11.3853130340576,0.1,3.94,4.04,5.27,4.22,7.13,2.33,2.07,2.74
"NT","West Arnhem",132.613983154297,-11.3998851776123,0.1,3.95,4.37,4.32,3.58,5.58,2.59,2.28,3.08
"NT","West Arnhem",132.787384033203,-11.3777360916138,0.1,3.95,4.58,4.3,3.57,5.53,1.82,1.67,2.05
"NT","West Arnhem",132.997406005859,-11.4216756820679,0.1,3.97,4.65,3.92,3.29,4.96,1.87,1.7,2.12
"NT","East Arnhem",136.597122192383,-11.4216785430908,0.1,2.13,2.65,3.29,2.79,4.13,2.02,1.83,2.31
"NT","East Arnhem",136.640731811523,-11.3713369369507,0.1,2.13,3.39,3.27,2.78,4.08,2.9,2.52,3.5
"QLDNorth","Cook",142.103149414062,-11.401725769043,0.1,2.35,3.11,2.23,1.99,2.61,1.86,1.71,2.08
"QLDNorth","Cook",142.872909545898,-11.3809547424316,0.1,2.11,2.22,4.85,3.94,6.44,2.03,1.84,2.32
"NT","Tiwi Islands",130.261825561523,-11.3385334014893,0.1,3.93,4.19,5.57,4.4,7.71,2.49,2.19,2.98
"NT","Tiwi Islands",130.316619873047,-11.3294315338135,0.1,3.93,4.34,5.47,4.32,7.57,2.14,1.92,2.5
"NT","Tiwi Islands",130.640731811523,-11.3504152297974,0.1,3.93,3.97,5.36,4.29,7.23,4.51,3.71,5.89
"NT","Tiwi Islands",130.66682434082,-11.3222599029541,0.1,3.94,3.97,5.27,4.23,7.09,4.47,3.68,5.83
"NT","Tiwi Islands",130.746994018555,-11.371994972229,0.1,3.94,4.32,5.22,4.21,7,2.41,2.13,2.87
"NT","Tiwi Islands",130.799591064453,-11.3583660125732,0.1,3.94,3.98,5.12,4.14,6.82,2.2,1.97,2.56
"NT","Tiwi Islands",130.853012084961,-11.3462705612183,0.1,3.94,4.36,5.05,4.09,6.7,2.38,2.12,2.79
"NT","Tiwi Islands",131.466506958008,-11.3359422683716,0.1,3.94,4.5,4.77,3.86,6.37,2.68,2.35,3.2
"NT","West Arnhem",131.836776733398,-11.317587852478,0.1,3.94,4.02,5.06,4.09,6.77,2.63,2.31,3.12
"NT","West Arnhem",132.599029541016,-11.3259267807007,0.1,3.95,4.25,4.35,3.6,5.63,2.61,2.3,3.11
"NT","West Arnhem",132.863540649414,-11.3349733352661,0.1,3.96,4.37,4.19,3.5,5.35,2.62,2.3,3.14
"NT","West Arnhem",132.894546508789,-11.3347940444946,0.1,3.96,5.14,4.19,3.49,5.36,2,1.82,2.28
"NT","West Arnhem",132.923782348633,-11.3376379013062,0.1,3.96,4.35,4.05,3.38,5.16,2.25,2.01,2.65
"NT","East Arnhem",136.546264648438,-11.3306303024292,0.1,2.14,2.06,3.02,2.61,3.68,1.94,1.77,2.2
"NT","East Arnhem",136.668273925781,-11.3229780197144,0.1,2.12,3.3,3.43,2.9,4.32,3.21,2.76,3.95
"QLDNorth","Cook",142.11637878418,-11.3324689865112,0.1,2.19,2.75,2.24,2,2.63,2.03,1.84,2.32
"QLDNorth","Cook",142.866561889648,-11.3505191802979,0.1,2.11,1.88,4.69,3.82,6.21,2.68,2.34,3.25
"NT","Tiwi Islands",130.331573486328,-11.3181953430176,0.1,3.93,4.33,5.52,4.36,7.65,2.02,1.82,2.31
"NT","Tiwi Islands",130.604202270508,-11.2962017059326,0.1,3.94,4.19,5.27,4.23,7.09,2.7,2.34,3.28
"NT","Tiwi Islands",130.89421081543,-11.3064479827881,0.1,3.94,4.66,4.99,4.06,6.6,1.87,1.71,2.11
"NT","Tiwi Islands",130.929824829102,-11.3132572174072,0.1,3.94,4.68,4.96,4.04,6.55,1.86,1.7,2.09
"NT","Tiwi Islands",131.039672851562,-11.3159465789795,0.1,3.94,4.44,5.08,4.12,6.73,1.75,1.62,1.95
"NT","Tiwi Islands",131.068801879883,-11.3014717102051,0.1,3.94,5.04,5.16,4.18,6.87,1.46,1.39,1.57
"NT","Tiwi Islands",131.445999145508,-11.2863349914551,0.1,3.95,4.91,4.62,3.76,6.11,2.3,2.05,2.7
"NT","West Arnhem",131.79248046875,-11.2772884368896,0.1,3.94,5.64,4.82,3.9,6.44,1.74,1.61,1.93
"NT","West Arnhem",132.623947143555,-11.2838859558105,0.1,3.95,4.58,4.41,3.64,5.71,2.04,1.84,2.36
"NT","East Arnhem",136.548950195312,-11.2743463516235,0.1,2.11,2.05,3.75,3.15,4.75,1.95,1.78,2.22
"NT","East Arnhem",136.685302734375,-11.2800846099854,0.1,2.12,3.47,3.37,2.86,4.24,2.89,2.52,3.47
"QLDNorth","Cook",142.119735717773,-11.2773599624634,0.1,2.19,2.81,2.25,2.01,2.64,1.93,1.76,2.18
"QLDNorth","Cook",142.825485229492,-11.2893285751343,0.1,2.12,2.35,4.53,3.71,5.96,1.96,1.78,2.25
"NT","Tiwi Islands",130.358932495117,-11.2424116134644,0.1,3.93,4.1,5.53,4.37,7.64,2.93,2.52,3.59
"NT","Tiwi Islands",130.491439819336,-11.2524118423462,0.1,3.94,4.3,5.25,4.21,7.08,2.15,1.93,2.5
"NT","Tiwi Islands",130.565307617188,-11.2675523757935,0.1,3.94,4.42,5.18,4.17,6.96,1.95,1.77,2.21
"NT","Tiwi Islands",131.117950439453,-11.2520942687988,0.1,3.94,4.4,5.2,4.2,6.92,2.02,1.83,2.31
"NT","Tiwi Islands",131.151779174805,-11.246729850769,0.1,3.93,4.57,5.35,4.3,7.18,1.81,1.66,2.03
"NT","Tiwi Islands",131.356216430664,-11.2465591430664,0.1,3.94,4.39,5.11,4.12,6.85,2.68,2.33,3.25
"NT","Tiwi Islands",131.412414550781,-11.2522840499878,0.1,3.95,4.48,4.44,3.65,5.8,2.77,2.42,3.34
"NT","West Arnhem",131.811859130859,-11.2258338928223,0.1,3.94,5.74,5.1,4.09,6.89,1.7,1.58,1.87
"NT","West Arnhem",132.621826171875,-11.2328500747681,0.1,3.95,5.1,4.38,3.62,5.66,2.04,1.85,2.33
NA,"East Arnhem",136.545593261719,-11.2220897674561,0.1,2.11,2.33,3.82,3.2,4.85,1.78,1.64,1.97
"NT","East Arnhem",136.631530761719,-11.1951751708984,0.1,2.14,2.88,3.1,2.67,3.79,2.96,2.58,3.57
"QLDNorth","Cook",142.114303588867,-11.2349643707275,0.1,2.19,3.09,2.25,2.01,2.64,1.76,1.63,1.96
"QLDNorth","Cook",142.792556762695,-11.2303142547607,0.1,2.12,2.38,4.52,3.7,5.95,1.93,1.76,2.19
"NT","Tiwi Islands",130.368423461914,-11.1777906417847,0.1,3.94,4.48,4.89,3.97,6.47,1.76,1.63,1.96
"NT","Tiwi Islands",130.446243286133,-11.1971912384033,0.1,3.94,4.82,5.18,4.16,6.98,1.58,1.49,1.72
"NT","Tiwi Islands",131.247192382812,-11.1940431594849,0.1,3.93,4.65,5.62,4.5,7.58,1.93,1.76,2.19
"NT","Tiwi Islands",131.261795043945,-11.1898603439331,0.1,3.93,5.56,5.45,4.37,7.32,1.41,1.35,1.51
"NT","Tiwi Islands",131.299652099609,-11.2015371322632,0.1,3.94,5.51,5.22,4.2,7.03,1.47,1.39,1.58
"NT","West Arnhem",131.825469970703,-11.2042093276978,0.1,3.94,5.22,5.24,4.18,7.14,1.53,1.44,1.66
"NT","West Arnhem",131.895614624023,-11.1854572296143,0.1,3.94,4.52,4.84,3.91,6.47,2.16,1.93,2.52
"NT","West Arnhem",131.960083007812,-11.1784086227417,0.1,3.94,4.1,4.88,3.95,6.52,3.81,3.17,4.93
"NT","West Arnhem",132.432769775391,-11.2089195251465,0.1,3.95,4.22,4.67,3.81,6.15,2.58,2.27,3.08
"NT","West Arnhem",132.481201171875,-11.1749544143677,0.1,3.95,4.67,4.68,3.82,6.17,1.98,1.8,2.25
"NT","West Arnhem",132.62825012207,-11.178165435791,0.1,3.95,5.44,4.64,3.8,6.07,2.99,2.6,3.62
"QLDNorth","Northern Peninsula Area",142.139755249023,-11.1726818084717,0.1,2.2,3.01,2.23,1.99,2.6,1.86,1.71,2.1
"QLDNorth","Cook",142.804824829102,-11.16344165802,0.1,2.12,2.29,4.48,3.67,5.88,2,1.82,2.29
"NT","Tiwi Islands",130.380508422852,-11.1629219055176,0.1,3.93,4.57,5.36,4.29,7.25,1.63,1.53,1.8
"NT","Tiwi Islands",130.402770996094,-11.1618366241455,0.1,3.94,4.48,5.05,4.07,6.77,1.7,1.58,1.88
"NT","West Arnhem",132.001861572266,-11.1261157989502,0.1,3.94,4.74,4.98,4.02,6.68,1.8,1.66,2.02
"NT","West Arnhem",132.022277832031,-11.146276473999,0.1,3.94,4.77,5.14,4.13,6.94,1.77,1.63,1.98
"NT","West Arnhem",132.134811401367,-11.1272020339966,0.1,3.94,4.76,5.19,4.17,6.98,1.77,1.63,1.98
"NT","West Arnhem",132.160491943359,-11.1263208389282,0.1,3.94,5.06,5.17,4.16,6.94,1.65,1.54,1.82
"NT","West Arnhem",132.192352294922,-11.1309881210327,0.1,3.94,4.91,5.14,4.14,6.89,1.76,1.62,1.96
"NT","West Arnhem",132.287612915039,-11.1635417938232,0.1,3.94,5.07,4.88,3.96,6.47,1.68,1.57,1.86
"NT","West Arnhem",132.327835083008,-11.1182298660278,0.1,3.94,5.12,5.01,4.06,6.66,1.67,1.56,1.84
"NT","West Arnhem",132.35627746582,-11.1436605453491,0.1,3.94,4.47,4.89,3.97,6.48,2.69,2.35,3.24
"NT","West Arnhem",132.478958129883,-11.1468286514282,0.1,3.95,4.68,4.57,3.74,5.99,1.98,1.8,2.25
"NT","West Arnhem",132.615158081055,-11.129017829895,0.1,3.95,5.46,4.61,3.78,6.02,2.99,2.6,3.61
"QLDNorth","Northern Peninsula Area",142.14453125,-11.1362314224243,0.1,2.2,2.17,2.22,1.99,2.59,2.3,2.04,2.71
"QLDNorth","Cook",142.804168701172,-11.1530590057373,0.1,2.12,1.49,4.44,3.64,5.81,2.83,2.47,3.4
"NT","West Arnhem",132.472778320312,-11.0708351135254,0.1,3.94,4.67,4.9,3.98,6.48,1.98,1.8,2.24
"NT","West Arnhem",132.603607177734,-11.0717344284058,0.1,3.95,5.61,4.67,3.82,6.13,2.88,2.52,3.46
"QLDNorth","Northern Peninsula Area",142.138977050781,-11.0583038330078,0.1,2.19,2.49,2.26,2.02,2.64,1.91,1.75,2.17
"QLDNorth","Cook",142.794006347656,-11.0856399536133,0.1,2.12,1.45,4.55,3.72,5.99,3.07,2.65,3.75
"NT","West Arnhem",132.465347290039,-11.0247783660889,0.1,3.94,4.73,5.17,4.19,6.89,1.94,1.78,2.2
"NT","West Arnhem",132.588653564453,-11.0156278610229,0.1,3.94,5.5,4.83,3.93,6.39,3.09,2.67,3.75
"QLDNorth","Northern Peninsula Area",142.106628417969,-11.0066871643066,0.1,2.19,2.73,2.28,2.04,2.67,1.74,1.61,1.93
"QLDNorth","Cook",142.767959594727,-11.0458612442017,0.1,2.11,1.86,4.66,3.8,6.17,2.18,1.95,2.53
"NT","West Arnhem",132.552230834961,-10.9911222457886,0.1,3.94,5.41,5.08,4.12,6.73,3.36,2.87,4.15
"NT","West Arnhem",132.580017089844,-10.9708738327026,0.1,3.94,4.73,5.08,4.11,6.78,2.06,1.87,2.36
"QLDNorth","Torres",142.747802734375,-10.9939432144165,0.1,2.11,1.73,4.84,3.92,6.45,2.06,1.87,2.35
"QLDNorth","Torres",142.163955688477,-10.9213438034058,0.1,2.17,2.75,2.44,2.16,2.87,1.64,1.54,1.79
"QLDNorth","Torres",142.20703125,-10.9225664138794,0.1,2.17,2.56,2.41,2.14,2.82,1.77,1.64,1.96
"QLDNorth","Northern Peninsula Area",142.257568359375,-10.9082870483398,0.1,2.16,3.23,2.51,2.22,2.98,3.19,2.74,3.91
"QLDNorth","Northern Peninsula Area",142.328857421875,-10.8887453079224,0.1,2.2,2.68,2.6,2.28,3.11,1.68,1.57,1.84
"QLDNorth","Torres",142.614593505859,-10.8843431472778,0.1,2.11,2.25,4.83,3.92,6.41,4.11,3.4,5.34
"QLDNorth","Northern Peninsula Area",142.351898193359,-10.843563079834,0.1,2.2,2.23,2.59,2.28,3.09,2.4,2.13,2.82
"QLDNorth","Northern Peninsula Area",142.582778930664,-10.7971954345703,0.1,2.11,1.68,4.95,4,6.61,2.03,1.85,2.31
"QLDNorth","Torres",142.13151550293,-10.7413988113403,0.1,2.24,2.37,2.47,2.19,2.92,2.08,1.88,2.37
"QLDNorth","Torres",142.15690612793,-10.7632503509521,0.1,2.16,2.28,2.49,2.2,2.93,2.11,1.91,2.43
"QLDNorth","Torres",142.220672607422,-10.7488708496094,0.1,2.17,2.57,2.44,2.17,2.87,1.7,1.58,1.87
"QLDNorth","Torres",142.267517089844,-10.7293510437012,0.1,2.16,3,2.53,2.23,3,3.79,3.18,4.84
"QLDNorth","Torres",142.382995605469,-10.7556619644165,0.1,2.19,2.35,2.77,2.4,3.38,2.16,1.94,2.49
"QLDNorth","Torres",142.619384765625,-10.7508888244629,0.1,2.11,1.78,4.86,3.94,6.49,2.05,1.85,2.35
"QLDNorth","Torres",142.107070922852,-10.6979598999023,0.1,2.24,2.85,2.5,2.21,2.96,1.56,1.47,1.69
"QLDNorth","Torres",142.309005737305,-10.7149000167847,0.1,2.18,2.22,2.9,2.5,3.59,2.42,2.15,2.85
"QLDNorth","Torres",142.383987426758,-10.7199859619141,0.1,2.2,2.56,2.59,2.26,3.13,3.05,2.6,3.83
"QLDNorth","Torres",142.109359741211,-10.663722038269,0.1,2.24,2.98,2.53,2.23,2.99,2.1,1.89,2.44
"QLDNorth","Torres",142.31086730957,-10.6337766647339,0.1,2.17,3.07,3.03,2.62,3.7,1.7,1.58,1.89
"QLDNorth","Torres",142.407257080078,-10.7049655914307,0.1,2.16,2.35,3.31,2.82,4.11,2.49,2.2,2.96
"QLDNorth","Torres",142.471893310547,-10.712628364563,0.1,2.16,2.61,3.3,2.81,4.1,2.07,1.87,2.39
"QLDNorth","Torres",142.525588989258,-10.6800050735474,0.1,2.16,2.22,3.17,2.72,3.9,2.03,1.84,2.3
"QLDNorth","Torres",142.587768554688,-10.7096462249756,0.1,2.16,2.69,3.25,2.78,4.01,2.93,2.52,3.63
"QLDNorth","Torres",142.120346069336,-10.6408967971802,0.1,2.24,3.08,2.53,2.24,2.99,1.88,1.73,2.11
"QLDNorth","Torres",142.314498901367,-10.5469722747803,0.1,2.15,2.61,3.34,2.84,4.16,1.87,1.73,2.09
"QLDNorth","Torres",142.284072875977,-10.5262041091919,0.1,2.15,2.49,3.32,2.81,4.17,2.49,2.19,2.98
"QLDNorth","Torres Strait Island",142.221115112305,-10.2406320571899,0.1,2.15,2.64,3.59,3,4.63,2.7,2.35,3.27
"QLDNorth","Torres Strait Island",142.277725219727,-10.2656869888306,0.1,2.18,3.22,3.12,2.66,3.89,3.77,3.13,4.9
"QLDNorth","Torres Strait Island",142.28288269043,-10.2629451751709,0.1,2.18,2.73,3.1,2.65,3.85,1.79,1.66,1.99
"QLDNorth","Torres Strait Island",142.336441040039,-10.2043075561523,0.1,2.16,2.15,3.39,2.88,4.23,2.29,2.06,2.65
"QLDNorth","Torres Strait Island",142.126220703125,-10.1826858520508,0.1,2.19,3.3,2.85,2.49,3.42,3.72,3.1,4.82
"QLDNorth","Torres",142.147506713867,-10.1988859176636,0.1,2.19,2.67,2.91,2.54,3.52,1.96,1.8,2.21
"QLDNorth","Torres Strait Island",142.348922729492,-10.1783800125122,0.1,2.16,2.99,3.48,2.95,4.36,3.72,3.09,4.81
"QLDNorth","Torres Strait Island",142.08576965332,-10.1318025588989,0.1,2.19,2.69,2.93,2.56,3.52,1.92,1.77,2.15
"QLDNorth","Torres Strait Island",142.346786499023,-10.1685905456543,0.1,2.16,2.71,3.5,2.97,4.39,2.35,2.09,2.76
"QLDNorth","Torres Strait Island",142.08219909668,-10.109902381897,0.1,2.19,2.74,2.96,2.58,3.56,2.68,2.33,3.23
"QLDNorth","Torres Strait Island",142.26741027832,-10.1153011322021,0.1,2.18,2.45,2.98,2.59,3.62,1.98,1.81,2.22
"QLDNorth","Torres Strait Island",142.302734375,-10.1241130828857,0.1,2.17,2.73,3.19,2.73,3.92,1.9,1.75,2.13
"QLDNorth","Torres Strait Island",142.120590209961,-10.0592012405396,0.1,2.17,2.93,3.18,2.72,3.92,1.95,1.79,2.2
"QLDNorth","Torres Strait Island",142.168380737305,-10.0498027801514,0.1,2.16,1.68,3.36,2.83,4.26,1.76,1.63,1.96
"QLDNorth","Torres Strait Island",142.183883666992,-10.0605993270874,0.1,2.18,3.25,3.15,2.69,3.91,1.71,1.58,1.9
