"state","lga","longitude","latitude","SLR","SWL_AEPPC","MTWL_AEPPC","SWL_MFSLR_50","SWL_MFSLR_10","SWL_MFSLR_90","MTWL_MFSLR_50","MTWL_MFSLR_10","MTWL_MFSLR_90"
"WANorth","Broome",122.211631774902,-18.0006217956543,1,6.12,2.66,7194.08,2266.47,34272.85,287.17,130.8,853.34
"NT","East Arnhem",136.368728637695,-13.844162940979,1,2.53,4.43,3027.1,999.25,14008.44,213.92,99.64,622.52
"QLDNorth","Townsville",147.064956665039,-19.2769813537598,1,3.14,4.52,214751.58,42547.13,1935639.01,303.04,139.33,881.04
"QLDNorth","Livingstone",150.762512207031,-23.1382923126221,1,3.78,2.55,50301.12,11998.86,353326.28,957.67,380.52,3384.52
"NSW","Wollongong",150.916046142578,-34.4743537902832,1,2.31,2.84,684686.11,129634.26,6255485.74,76131.07,16284.7,637752.63
"VIC","Surf Coast",143.978164672852,-38.5659713745117,1,2.52,3.68,460753.73,79643.85,5088643.31,829.7,343.23,2746.65
"SA","Onkaparinga",138.461669921875,-35.1174468994141,1,3.17,4.91,27762.22,7093.58,178481.75,43.68,26.36,87.02
"SA","Ceduna",133.674819946289,-32.189151763916,1,2.93,2.7,2964.26,969.99,13971.47,1745.55,657.95,6540.98
"WASouth","Esperance",121.899345397949,-33.8684463500977,1,2.11,3.37,50486.79,11900.22,362485.93,15964.83,4003.68,110736.93
"TAS","Burnie",145.898666381836,-41.0429649353027,1,2.89,4.21,1175201.08,179698.59,15323784.14,41.62,25.3,82.07
"WASouth","Joondalup",115.727348327637,-31.8087615966797,1,2,4.85,109904.73,24265.96,846944.41,33178.98,9120.03,184849.78
"NT","Darwin",130.873245239258,-12.3418684005737,1,4.9,3.28,95839.02,22805.34,650497.2,9177.09,2594.92,52641.27
"VIC","Bass Coast",145.221298217773,-38.5328369140625,1,2.87,2.89,685030.67,115420.56,7728358.64,6074.97,1831.1,31786.58
"VIC","Glenelg",141.63020324707,-38.4082489013672,1,1.97,2.61,198080310.31,15548961.63,6357740587.06,2237.25,804.01,9009.88
"TAS","Glamorgan-Spring Bay",148.082138061523,-42.5678176879883,1,1.96,3.04,51356064.43,4746823.29,1330158080.58,358.36,164.76,1030.35
"WASouth","Fremantle",115.73705291748,-32.0583763122559,1,2,3.13,83757.26,19943.94,572152.71,217.74,108.35,558.7
"NSW","Waverley",151.290802001953,-33.871639251709,1,2.33,3.91,1304587.64,224473.03,13630019.46,501.5,219.09,1550.57
"SA","Port Pirie",138.000579833984,-33.1267433166504,1,3.55,3.44,602.85,264.67,1825.9,2972.56,1047.62,12186.33
"SA","Port Adelaide Enfield",138.475845336914,-34.7812461853027,1,3.1,4.55,13076.4,3750.71,71272.83,490.89,203.81,1674.81
"QLDNorth","Townsville",146.846267700195,-19.251106262207,1,3.25,2.97,106983.3,23888.99,808972.67,1777.6,673.94,6583.27
"SA","Charles Sturt",138.472106933594,-34.8702430725098,1,3.18,3.34,15301.27,4296.88,85852.91,1183.8,449.99,4481.25
"VIC","Queenscliffe",144.617172241211,-38.2871551513672,1,2.19,5.02,7688109.23,899064.6,145818744.17,19408.12,5397.82,109200.89
"NT","Darwin",130.81266784668,-12.4085102081299,1,4.9,3.41,93094.56,21903.91,645779.21,354.78,160.67,1049.73
"SA","Victor Harbor",138.605804443359,-35.594554901123,1,2.41,3.1,21807.66,6288.82,114196.21,834.38,346.31,2744.49
"WASouth","Albany",117.89533996582,-35.1227531433105,1,2.01,2.69,520986.97,94141.09,5258706.49,50941.37,12079.59,361485.54
"SA","Unincorporated SA",135.905776977539,-34.6888732910156,1,2.49,3.44,510522.38,97429.95,4674403.88,520.07,221.55,1681.67
"SA","Unincorporated SA",133.05322265625,-32.1064491271973,1,2.91,3.25,7093.25,2082.42,38591.11,6175.87,1898.68,31092.82
"WASouth","Greater Geraldton",114.582710266113,-28.7869205474854,1,1.96,3.31,834503.68,147380.15,8535711.93,158.84,82.09,387.8
"NSW","Newcastle",151.791976928711,-32.9030685424805,1,2.28,2.51,1459641.65,246583.46,15658018.34,28124.44,6568.78,214343.46
"VIC","Hobsons Bay",144.897003173828,-37.8736267089844,1,1.95,3.54,3014393.51,413683.74,45154954.93,3685.09,1135.89,19183.14
"QLDSouth","Bundaberg",152.412872314453,-24.7567653656006,1,2.97,3.58,17252846.4,1799138.79,383924203.98,50.21,29.82,102.11
"WASouth","Bunbury",115.637229919434,-33.3057746887207,1,2.17,2.13,3034.06,1130.15,11248.71,2112417.97,270001.26,37151607.7
"TAS","Clarence",147.393463134766,-42.9977607727051,1,2.07,5.89,5774026.21,674928.6,111846603.82,35.3,20.73,75.4
"WANorth","Port Hedland",118.570663452148,-20.2921123504639,1,4.67,4.31,4309.49,1327.23,22195.31,23099835.26,2277461.15,559919165.28
"WANorth","Wyndham-East Kimberley",128.095184326172,-15.3794431686401,1,4.93,3.44,57329172.72,5277777.28,1485021501.93,141749.54,28431.3,1283701.76
"QLDSouth","Brisbane",153.156661987305,-27.3602046966553,1,2.62,2.66,374596599.12,26353250.12,14134378507.19,93997.92,18598.44,900445.59
"VIC","Greater Geelong",144.419860839844,-38.2895736694336,1,1.99,2.51,410842.45,74364.59,4196473.85,26187.38,6573.77,174723.31
"TAS","Burnie",145.878601074219,-41.0355949401855,1,2.89,3.14,1234667.77,188228.06,16135645.89,914.14,340.27,3676.16
"WANorth","Carnarvon",113.636138916016,-24.8981914520264,1,2.23,5.19,54989.52,12433.54,424353.9,236.62,111.61,667.01
"QLDNorth","Mackay",149.22673034668,-21.1112022399902,1,4.65,3.63,4990.48,1650.31,22257.93,532.53,236.86,1587.16
"TAS","George Town",146.792098999023,-41.052360534668,1,2.88,6.76,746893.41,128143.56,8105371.01,3328.32,1168.68,13641.9
"WANorth","Broome",122.209922790527,-17.9969673156738,1,6.12,3.18,7234.25,2277.23,34504.81,58589.11,12968.39,468633.65
"QLDNorth","Cairns",145.847991943359,-16.8677730560303,1,2.83,3.3,3083090.52,412191.95,48419207.37,116.15,59.98,290.05
"NT","East Arnhem",136.69255065918,-12.2084197998047,1,3.03,3.88,88849.41,18591.43,767546.14,117.15,60.46,292.8
"QLDNorth","Aurukun",141.797592163086,-12.6793203353882,1,2.85,3.7,2164.02,741.5,9557.47,32544.08,8168.46,214017.04
"QLDNorth","Gladstone",151.407104492188,-23.962682723999,1,3.51,2.79,1406583.21,215140.45,18113849.33,1001.1,390.94,3644.01
"NSW","Kempsey",153.09098815918,-30.9209632873535,1,2.24,2.7,25780340.22,2944048.65,473141803.57,2986.9,1003.57,13378.58
"VIC","East Gippsland",147.9462890625,-37.9042129516602,1,1.85,3.77,14080830.78,1469330.04,317459518.42,9824.03,2742.59,57458.81
"QLDNorth","Gladstone",151.320953369141,-23.7948703765869,1,3.52,3.19,1057512.99,164675.06,13422872.93,1891.44,673.61,7836.47
"VIC","Bass Coast",145.121734619141,-38.5073280334473,1,2.88,3.98,300071.96,54938.95,3063636.04,44.83,26.16,95.07
"NSW","Bega Valley",149.936981201172,-37.097900390625,1,2.29,3.1,713898.23,130284.16,6947018.4,328.29,142.82,1055.46
"NT","East Arnhem",136.425445556641,-13.8104448318481,1,2.5,3.25,5903.91,1769.36,31297.02,7188.18,2193.27,36329.8
"QLDNorth","Torres",142.110595703125,-10.6579341888428,1,3.14,3.05,10711.68,3115.31,57647.25,354.64,161.2,1042.18
"SA","Grant",140.672210693359,-38.0639533996582,1,1.98,3.33,34848108.65,3511327.08,788784784.32,180.65,91.56,453.46
"NSW","Northern Beaches",151.305068969727,-33.8254356384277,1,2.33,4.31,1328563.27,227692.61,13964700.42,726.97,273.74,2913.63
"WANorth","Karratha",116.761528015137,-20.5944957733154,1,4.61,3.44,47919.46,10998.7,362949.47,960.6,387.96,3292.82
"SA","Copper Coast",137.588287353516,-33.9396820068359,1,2.83,3.28,1892.15,691.59,7466.14,18886.04,4966.59,118087.67
"TAS","Devonport",146.352432250977,-41.1579093933105,1,2.91,3.69,854301.21,137788.11,10301729.21,109.49,59.18,252.04
"NSW","Randwick",151.252304077148,-33.9962577819824,1,2.32,5.28,1141905.47,200797.44,11563625.92,856.33,344.8,2974.57
"QLDNorth","Mackay",149.297515869141,-21.2697410583496,1,4.81,3.58,5832.86,1904.56,26370.59,4014.59,1307.29,18686.42
"QLDNorth","Cassowary Coast",146.139678955078,-17.6090087890625,1,2.81,1.77,541767,93844.06,5896076.99,560352.51,92899.01,6604226.42
"TAS","Glamorgan-Spring Bay",148.067794799805,-42.5660400390625,1,1.96,3.88,43816549.7,4114422.64,1113720970.84,2653.12,905.47,11633.83
"QLDNorth","Cassowary Coast",146.334701538086,-18.4832286834717,1,3.19,2.91,39049.71,9444.32,271860.31,627.59,242.35,2421.99
"WANorth","Ashburton",115.163749694824,-21.6142768859863,1,2.62,4.63,60813.14,12574.06,553276.05,56.62,30.88,134.68
"WANorth","Karratha",117.169364929199,-20.5933799743652,1,4.64,4.17,13348.57,3458.05,88135.76,66.83,37.23,150.34
"QLDNorth","Carpentaria",140.803146362305,-17.5088596343994,1,3.76,4.88,1229.55,448.21,5030.17,7879.21,2229.84,45640.59
"QLDNorth","Rockhampton",150.838195800781,-23.6046981811523,1,3.85,3.25,155449299.44,12165220.99,5100418404.08,2974.9,994.26,13462.99
"QLDSouth","Sunshine Coast",153.139892578125,-26.6974658966064,1,2.35,4.35,830548985.96,53906689.3,34532780211.36,141.25,72.93,348.07
"QLDNorth","Whitsunday",148.842590332031,-20.2819118499756,1,3.58,3.29,24192.6,6295.58,151706.7,910.24,373.63,3038.87
"QLDNorth","Torres",142.155624389648,-10.5569248199463,1,3.13,3.43,15389.15,4348.57,85330.5,230422.27,42103.76,2405387.47
"QLDSouth","Fraser Coast",152.941467285156,-25.2762908935547,1,3.25,3.49,10111262.37,1262085.95,167031095.4,510.84,227.2,1526.51
"SA","Unincorporated SA",137.602798461914,-33.023551940918,1,3.39,3.08,587.42,258.87,1769.84,2593.34,846.17,12419.28
"QLDSouth","Gold Coast",153.421966552734,-27.9614505767822,1,2.27,4.14,631353650.25,46819183.63,20915684469.41,407.46,167.12,1446.51
"WANorth","Karratha",116.678909301758,-20.5885372161865,1,2.63,2.85,35235.83,8317.74,258649.91,28067.17,6447.58,221008.54
"QLDNorth","Torres",142.315673828125,-10.5067167282104,1,3.07,2.94,63811.58,14916.28,458252.65,225770.86,42320.53,2248804.03
"QLDNorth","Douglas",145.468811035156,-16.4769401550293,1,2.82,2.59,2163499.61,305597.28,31399182.03,3274.29,1065.46,15484.46
"NSW","Clarence Valley",153.367126464844,-29.4367237091064,1,2.23,3.45,9250918.85,1268416.06,129808158.37,35.71,21.96,69.66
"NT","Roper Gulf",136.915344238281,-15.7344379425049,1,2.59,3.49,648.78,267.89,2190.96,575.27,251.69,1758.39
"QLDNorth","Torres Strait Island",142.210647583008,-10.522177696228,1,3.1,2.14,21438.75,5718.28,129445.55,322420.14,55111.81,3730787.91
"VIC","Greater Geelong",144.724807739258,-38.1704139709473,1,1.93,2.4,1554617.63,253733.09,17673798.22,11691.36,3258.66,67734.79
"VIC","Mornington Peninsula",144.899749755859,-38.3481216430664,1,1.97,3.85,257940.41,53853.19,2090879.15,45.71,27.41,91.86
"WASouth","Joondalup",115.731964111328,-31.8238124847412,1,2,3.32,115514.54,25679.56,876480.09,1409.77,541.66,5169.56
"SA","Onkaparinga",138.470275878906,-35.0958251953125,1,3.17,5.24,25905.83,6691.77,163955.04,299.05,137.78,866.94
"QLDNorth","Livingstone",150.760681152344,-23.1353740692139,1,3.78,2.5,49302.47,11830.6,342980.36,83568.03,17544.25,720562.9
"VIC","Surf Coast",144.035140991211,-38.4956665039062,1,2.52,3.56,418262.02,73767.7,4478025.09,1296.75,511.46,4555.79
"SA","Yorke Peninsula",137.767929077148,-35.0375442504883,1,2.86,4.28,147673.54,29635.78,1332221.48,368.18,163.64,1125.84
"QLDNorth","Whitsunday",148.079605102539,-19.8762283325195,1,3.08,2.99,92748.74,20041.94,751892.6,126.18,64.52,319.18
"WANorth","Exmouth",114.142883300781,-21.9546566009521,1,2.61,2.73,84362.75,18121.71,696052.35,311.71,151.87,813.58
"NSW","Shoalhaven",150.768478393555,-35.0744934082031,1,2.3,2.93,349707.59,72256.28,2839568.57,3998.96,1360.75,17161.93
"NSW","Coffs Harbour",153.156051635742,-30.3061962127686,1,2.39,2.22,83284519.77,8108089.16,1902369863.88,1617496.61,215307.17,26840120.84
"VIC","Moyne",142.245132446289,-38.4012489318848,1,1.98,3.52,24551330.51,2741158.85,470686992.93,1243.37,482.44,4513.86
"SA","Onkaparinga",138.458389282227,-35.1697807312012,1,3.16,4.45,30658.94,7699.91,202192.41,90.6,45.78,241.22
"WANorth","Ashburton",115.466323852539,-20.6898097991943,1,2.66,1.85,10320.05,2708.1,67836.05,362466.48,70238.53,3293824.69
"VIC","South Gippsland",146.47053527832,-38.7002143859863,1,2.82,6.77,143884736.15,11036147.89,4929794735.35,75.93,42.08,170.91
"QLDNorth","Isaac",149.473999023438,-21.7463283538818,1,4.8,2.91,8408.16,2511.07,43768.98,242086.13,44592.63,2480075
"QLDNorth","Cook",145.285095214844,-15.4928417205811,1,2.75,2,3527256.77,475938.8,53965061.04,375501.06,62739.09,4488161.04
"VIC","Greater Geelong",144.635314941406,-38.1060447692871,1,1.97,3.64,4132141.67,577782.48,58628127.99,190.06,87.7,569.12
"WANorth","Ashburton",115.375946044922,-20.6875629425049,1,2.57,2.46,1950206.01,283757.71,26968776.86,3445.03,1153.06,15390.21
"TAS","West Coast",145.027053833008,-41.8157424926758,1,2.83,4.44,4278770417.32,213539011.22,260305200580.65,412.83,188.14,1195.57
"WASouth","Dundas",128.882766723633,-31.7294902801514,1,2.85,3.67,87427.81,20042.66,637994.66,1102.82,445.63,3744.1
"SA","Kingston (SA)",139.666198730469,-36.9562568664551,1,2.42,2.73,15367.43,4566.86,77783.54,30785.78,7622.66,208439.75
"SA","Kangaroo Island",137.180358886719,-36.0086135864258,1,2.86,3.73,192353.32,41121.52,1519797.49,117763.69,22812.65,1155135.86
"TAS","Circular Head",145.312255859375,-40.7651710510254,1,2.88,4.39,2949908.77,393598.57,46642189.12,122.12,63.41,300.72
"SA","Elliston",134.854675292969,-33.6464500427246,1,2.59,3.07,4736.7,1525.68,22252.15,386.07,176.52,1116.03
"WASouth","Mandurah",115.67813873291,-32.5906257629395,1,1.76,3.02,685582.01,110190.97,8447092.66,254.65,118.71,730.29
"WANorth","Shark Bay",113.513900756836,-25.9233150482178,1,2.27,2.86,7625.36,2169.86,43813.96,15346.33,3976.3,100204.33
"VIC","Greater Geelong",144.474060058594,-38.2902946472168,1,2.22,3.51,374970.01,68433.59,3794480.71,426.14,193.65,1238.1
"SA","Port Augusta",137.763549804688,-32.6352653503418,1,3.41,3.06,431.96,200,1212.29,2937.87,998.58,12890.2
"QLDSouth","Noosa",153.108322143555,-26.3750782012939,1,2.36,3.15,313140036.85,23108412.02,10937985603.41,487.32,212.36,1516.7
"SA","Unincorporated SA",132.431213378906,-32.0147438049316,1,2.86,6.6,47038.57,10654.67,365830.4,830.66,308.89,3374.45
"WANorth","Derby-West Kimberley",123.560806274414,-17.287561416626,1,6.07,3.44,70806.26,16783.83,492503.38,1132.99,455.95,3869.05
"SA","Unincorporated SA",136.499649047852,-35.1658554077148,1,2.53,7.37,43969.81,11348.92,269744.91,225.98,103.98,670.71
"WANorth","Derby-West Kimberley",123.719276428223,-16.1033020019531,1,6.12,3.13,7771.84,2427.94,37420.84,97.54,49.94,251.26
"WANorth","Ashburton",115.097961425781,-21.6335697174072,1,2.62,3.05,70002.54,14302.31,644671.87,429.35,199.27,1200.14
"SA","Wattle Range",139.998825073242,-37.4942817687988,1,2.01,4.36,1013448.91,183012.31,9854846.32,13952.96,3597.27,92671.52
"QLDNorth","Torres",142.626602172852,-10.716986656189,1,3.08,1.56,46333.41,11375.55,310254.6,477160.34,84338.63,5043903.48
"TAS","Huon Valley",147.098419189453,-43.2927169799805,1,2.09,4.41,1592530.79,234476.69,21834272.27,60456.74,12992.9,510462.3
"QLDNorth","Torres",142.322967529297,-10.5164833068848,1,3.05,2.6,245504.62,46698.74,2365604.82,719.17,309.86,2230.04
"SA","Kangaroo Island",136.535095214844,-35.8576393127441,1,2.54,3.25,35409.82,9237.5,215816.75,14153.69,4006.06,78660.7
"SA","Wattle Range",139.879470825195,-37.3767509460449,1,2.05,2.41,92198.95,21772.74,635739.29,8235.77,2578.94,39345.91
"SA","Unincorporated SA",136.156509399414,-34.9915504455566,1,2.52,2.78,82507.32,19375.75,578364.3,524628.9,97614.56,5019465.67
"VIC","Unincorporated Vic",146.515869140625,-38.9114189147949,1,2.83,4.58,22447008.2,2232459.44,536284394.8,92.08,50.43,209.15
"WANorth","Shark Bay",114.16576385498,-26.3805446624756,1,2.35,2.66,863.29,341.89,3092.1,16164.15,4392.33,96060.15
"QLDSouth","Fraser Coast",153.356964111328,-24.9777183532715,1,3.24,3.69,67553605.63,5980852.81,1861583196.39,593.99,247.38,1986.02
"WASouth","Rockingham",115.701889038086,-32.3069496154785,1,1.98,3.11,188503.38,38911.61,1588756.8,135.87,71.04,327.9
"WASouth","Nedlands",115.749351501465,-31.9685497283936,1,2,3.4,88264.98,21155.47,594154.38,189.65,90.89,527.08
"WANorth","Exmouth",114.09871673584,-22.0990867614746,1,2.62,4.06,48236.06,11071.11,365193.75,54.58,30.42,124.65
"WANorth","Ashburton",115.477195739746,-20.836986541748,1,2.65,2.13,13945.71,3518.18,96661.9,1565.59,607.02,5609.58
"SA","Kangaroo Island",137.937957763672,-35.7128486633301,1,2.37,3.15,159272.49,34471.58,1244446.59,3156.72,1061.53,14062.25
"SA","Cleve",136.576965332031,-33.9472122192383,1,2.74,2.75,51631.19,12262.27,365003.94,31148.36,8345.52,182292.81
"SA","Lower Eyre Peninsula",136.023025512695,-34.8660087585449,1,2.51,4.03,138803.2,31118.23,1026153.47,522.99,229.34,1601.49
"SA","Whyalla",137.786407470703,-32.9926872253418,1,3.39,2.91,627.54,274.83,1904.65,504.9,223.47,1523.3
"SA","Yorke Peninsula",137.354400634766,-34.9310340881348,1,2.94,5.68,4539.73,1502.22,20343.63,206.42,99.87,559.91
"QLDNorth","Mackay",149.895462036133,-21.0195617675781,1,4.77,3.01,38925.87,9859.42,248887.59,3137.76,1057.19,13933.21
"VIC","East Gippsland",147.987808227539,-37.8907623291016,1,1.85,4.24,12643956.96,1335496.03,280724990.39,97.18,53.12,220.82
NA,"Whitsunday",149.818756103516,-20.0906581878662,1,3.52,2.87,1144049.63,183125.97,13727972.15,9741.65,2775.99,54825.35
"NSW","Ballina",153.61018371582,-28.8397369384766,1,2.31,4.82,90760603.92,8993577.01,1998339967.25,41812.54,10557.59,267693.61
"NT","Unincorporated NT",130.514770507812,-12.6257009506226,1,4.89,3.24,172774.95,35946.69,1443156.25,945.68,380.51,3267.4
"SA","Yankalilla",138.086761474609,-35.6061515808105,1,2.39,3.14,51751.95,12951.21,332458.34,207.15,106.24,504.85
"NSW","Port Stephens",152.201217651367,-32.7411689758301,1,2.34,3.61,2123177.5,339186.47,24637474.31,66275.93,14524.49,535502.63
"QLDNorth","Cook",144.883728027344,-14.5548992156982,1,2.77,3.69,10245245.09,1211507.62,186716595.99,667.09,268.97,2352.77
"QLDNorth","Gladstone",151.92448425293,-23.306095123291,1,3.49,4.3,11706274.05,1381407.71,212340183.72,275.52,129.2,777.03
"VIC","Bass Coast",145.359298706055,-38.569507598877,1,2.87,3.36,438096.45,75915.94,4832477.78,390.97,176.21,1159.7
"WASouth","Dundas",126.06566619873,-32.2820434570312,1,2.09,2.85,191181.49,39594.16,1600332.71,2402.74,853.81,9834.6
"VIC","Mornington Peninsula",144.762985229492,-38.345573425293,1,1.94,3.78,214318.94,46615.23,1632072.91,724671.02,115775.21,8995728.64
"QLDNorth","Cook",143.415405273438,-12.5892887115479,1,2.68,3.31,41559198.09,4080405.86,975680140.69,1919.52,639.1,9053.13
"QLDNorth","Gladstone",151.908676147461,-23.4388313293457,1,3.49,3.92,11729241.46,1373494.2,215769916.07,499.69,219.25,1532.94
"VIC","Mornington Peninsula",145.036819458008,-38.4872627258301,1,2.87,2.9,637000.59,106606.86,7311981.49,6506.29,1961.38,33868.29
"VIC","Kingston (Vic.)",145.111022949219,-38.0797386169434,1,1.96,6.54,1219102.72,189969.04,15309326.46,585.35,243.2,1968.07
"WANorth","Wyndham-East Kimberley",124.291732788086,-15.322434425354,1,6.11,3.46,11192.99,3250.13,60241.51,1355.85,509.66,5192.45
"VIC","Bass Coast",145.368392944336,-38.5389366149902,1,2.88,2.64,371163.15,65894.64,3956821.68,102019.81,19643.31,1024025.12
"VIC","Wyndham",144.678146362305,-37.9899787902832,1,1.97,2.68,6478419.92,825605.38,105913413.94,251200.77,45265.64,2676049.11
"VIC","Surf Coast",144.363662719727,-38.3202171325684,1,1.99,2.85,477790.52,84604.74,5033052.24,256.14,122.52,699.43
"SA","Elliston",134.446472167969,-33.7753486633301,1,2.55,4.37,20667.3,5629.62,120326.97,5967.85,1771.82,32185.42
"QLDNorth","Lockhart River",143.524948120117,-13.1872329711914,1,2.69,2.16,38356097.05,3758016.1,908732539.54,9053.91,2606.17,50249.87
"VIC","Mornington Peninsula",145.015808105469,-38.2528228759766,1,1.96,3.67,488633.13,91085.59,4679087.95,6102.43,1854.33,31432.84
"QLDNorth","Cook",145.479095458984,-14.6609563827515,1,2.77,3.23,4633820.36,594062.33,76577521.45,188.6,93.27,494.08
"WASouth","Dandaragan",115.017585754395,-30.3131942749023,1,1.98,4.75,361479.91,70076.42,3282927.61,1451.74,525.64,5941.32
"QLDNorth","Livingstone",150.680480957031,-21.9535064697266,1,3.76,3.23,188313.47,37920.82,1661123.06,31717.26,7208.65,252544.36
"QLDNorth","Cook",143.597961425781,-13.4578561782837,1,2.69,3.31,17961505.84,1890559.86,391677584.73,199875.23,38748.76,1884629.77
"QLDNorth","Gladstone",151.36018371582,-23.8441028594971,1,3.52,3.16,1190812.35,183898.2,15229582.33,783.49,317.19,2710.32
"SA","Franklin Harbour",136.89794921875,-33.7826766967773,1,2.77,6.75,13149.91,3763.41,71942.42,19.81,13.09,35.14
"WANorth","Broome",122.920036315918,-16.39599609375,1,6.08,5.18,37667.56,9257.64,255112.38,408.24,177.67,1289.68
"QLDNorth","Palm Island",146.692947387695,-18.7623119354248,1,3.17,2,133074.54,28555.67,1067639.44,398994.98,66145.65,4819247.46
"VIC","Greater Geelong",144.608428955078,-38.1155853271484,1,1.97,3.11,4507284.65,620414.51,65457765.86,276.35,125.05,833.99
"NT","Roper Gulf",136.516967773438,-15.5269403457642,1,2.55,1.83,1798.96,627.69,7780.1,358917.86,64655.72,3731883.32
"VIC","Mornington Peninsula",144.682495117188,-38.3029098510742,1,1.92,2.15,991307.83,183794.15,9213923.23,112682.3,25139.25,850757.15
"VIC","Mornington Peninsula",144.72526550293,-38.3128089904785,1,1.93,2.55,318999.55,67541.33,2493445.6,32092.21,7335.76,252445.99
"VIC","Bayside (Vic.)",145.012969970703,-37.9861907958984,1,1.95,2.35,2662398.01,368817.05,39516421.01,26268.99,6182.98,198272.14
"VIC","Port Phillip",144.961761474609,-37.8651657104492,1,1.95,3.45,3408921.29,447546.16,55013680.95,103.05,51.67,275.4
"NT","Roper Gulf",135.730651855469,-14.306037902832,1,2.59,3.73,649.75,253.14,2456,511373.43,90712.84,5345737.98
"QLDNorth","Torres",142.951507568359,-9.85594081878662,1,3.02,3.12,1936073.12,288279.05,25666654.82,548.14,241.04,1665.05
"SA","Port Augusta",137.856109619141,-32.7116355895996,1,3.4,3.95,494.77,225.36,1418.78,60.26,32.58,145.07
"WANorth","Ashburton",115.418029785156,-20.6629943847656,1,2.59,3.13,584762.79,98284.74,6697199.05,21896.46,5545.07,145516.15
"QLDNorth","Douglas",145.559967041016,-16.3844261169434,1,2.82,4.21,2957646.49,400088.14,45568323.45,613.47,243.46,2246.28
"NT","East Arnhem",135.162536621094,-12.2201509475708,1,3.06,1.89,25030.2,6214.75,171054.75,16775.58,4572.92,98860.39
"TAS","Circular Head",144.763442993164,-40.4397125244141,1,2.86,3.43,39989177.5,3752594.76,1024030761.86,35801.65,8681.29,249505.88
"TAS","King Island",144.104827880859,-40.0475730895996,1,2.46,4,256371368.45,17259623.66,10802457693.35,45455.84,10657.13,331994.47
"QLDNorth","Cook",145.447540283203,-15.7513809204102,1,2.76,3.9,2919051.67,396581.75,44650615.74,102.06,53.67,248.6
NA,"Mackay",150.928894042969,-20.4258937835693,1,4.53,4.49,9749795.36,1168998.08,173754807.07,10260.31,2854.79,60204.31
"VIC","Bass Coast",145.272766113281,-38.5111198425293,1,2.87,4.33,457033.74,78511.46,5109545.72,43.97,26.75,86.27
"QLDNorth","Pormpuraaw",141.524032592773,-14.5044069290161,1,2.85,6.8,2179.46,749.31,9558.74,160.64,78.94,430.82
"WANorth","Broome",121.965843200684,-18.4140720367432,1,6.13,2.31,5772.14,1863.28,26663.88,34762.95,7903.36,274625.08
"VIC","Wyndham",144.801208496094,-37.9131851196289,1,1.95,2.7,3049216.32,432127.49,43014138.12,1365.9,535.37,4838.48
"WASouth","Manjimup",115.999702453613,-34.846134185791,1,2.04,4.41,2346572.44,340726.85,32185950.64,293.12,134.49,857.55
NA,"Whitsunday",149.715850830078,-20.0136013031006,1,3.52,4.28,1093262.23,175545.24,13080899.05,93.12,49.49,223.68
"QLDNorth","Whitsunday",148.560501098633,-19.9888191223145,1,3.09,2.98,66883.76,15305.55,498035.03,442.01,193.81,1369.02
"SA","Yankalilla",138.237152099609,-35.4988975524902,1,2.38,2.12,74204.89,16449.63,582203.64,40443.97,9569.55,292684.5
"VIC","Mornington Peninsula",144.851089477539,-38.3629608154297,1,1.97,3.84,197792.81,43025.9,1512585.53,17.75,11.66,32.13
"WANorth","Exmouth",114.142738342285,-21.7975425720215,1,2.59,4.09,413583.52,76148.74,4092096.32,49387.74,10888.5,403077.76
"WANorth","Wyndham-East Kimberley",128.772811889648,-14.8344984054565,1,4.96,2.18,1343360.2,216903.84,15708304.71,48083.13,12115.88,306414.71
"WASouth","Manjimup",116.738777160645,-35.0417938232422,1,2,4.09,671991.52,116141.11,7242901.76,27.59,17.77,50.17
"QLDNorth","Mornington",139.676879882812,-16.4017772674561,1,3.84,4.63,322.13,150.35,906.93,58.62,33.51,126.73
"QLDNorth","Mornington",139.185501098633,-16.7576770782471,1,3.83,4.23,377.47,167.28,1158.54,1012.22,411.81,3412.17
"QLDNorth","Torres",142.168746948242,-10.2303152084351,1,3.07,5.02,125173.89,25658.75,1097534.94,26.87,16.45,54.07
"WANorth","Karratha",116.95361328125,-20.6833477020264,1,4.69,3.86,2247.52,736.22,10805.07,13129.69,3627.1,76733.21
"QLDNorth","Cairns",145.972595214844,-16.7534255981445,1,2.82,2.04,3894637.72,499631.05,65043640.98,2995.95,1070.68,11968.62
"WASouth","Rockingham",115.689399719238,-32.2365188598633,1,2.01,3.86,49615.89,12610.22,310751.97,1879.43,680.39,7553.27
"QLDNorth","Burdekin",147.409255981445,-19.3074054718018,1,3.15,3.84,170674.96,34630.49,1494045.27,2820.58,946.02,12727.61
"NT","East Arnhem",135.678955078125,-11.9292297363281,1,3.05,2.63,39248.59,9519.45,271705.23,74145.61,16249.84,594362.87
"QLDNorth","Northern Peninsula Area",142.102737426758,-10.9672031402588,1,3.09,3.62,4137.83,1330.83,19673.72,64.33,37.24,134.97
"WASouth","Augusta Margaret River",115.021179199219,-34.2565498352051,1,2.09,4.09,65292.12,14348.38,525362.3,829377.11,133365.47,10077477.37
"QLDNorth","Torres",142.871856689453,-10.0437240600586,1,3.04,5.73,535442.36,95603.77,5514670.06,438.21,187.19,1427.27
"WANorth","East Pilbara",119.774200439453,-19.9569301605225,1,4.66,4.33,5308.91,1696.82,25111.12,1388.54,500.75,5746.11
"WANorth","Broome",122.248458862305,-17.1136341094971,1,6.07,4.41,70725.06,16323.31,516545.56,9347.37,2760.96,49318.92
"QLDNorth","Cassowary Coast",146.335098266602,-18.3602714538574,1,3.17,3.12,112081.42,24019.46,911280.21,789.07,328.47,2590.62
"SA","Whyalla",137.440902709961,-33.2315673828125,1,3.37,3.54,785.04,331.77,2507.83,1781.22,685.6,6417.66
"SA","Yorke Peninsula",137.768692016602,-35.0113372802734,1,2.86,5.91,147482.73,29562.07,1333610.28,607.14,239.43,2252.9
"WANorth","Broome",123.314888000488,-17.0903549194336,1,6.08,4.78,42546.28,10579.67,279810.64,477427.26,85587.75,4916493.39
"QLDNorth","Torres",142.684844970703,-10.917688369751,1,3.01,3.87,6350179.24,808994.64,104012300.26,13.88,9.79,22.35
"QLDNorth","Mornington",139.580749511719,-17.1097755432129,1,3.89,6.45,162.34,81.44,418.25,170.69,82.32,472.41
"WANorth","Broome",123.159187316895,-16.3905277252197,1,6.06,5.17,104627.68,23134.77,806580.08,42.21,24.17,93.37
"WANorth","Karratha",116.191215515137,-20.8251476287842,1,2.59,1.74,548858.68,94334.5,6055115.31,8268.57,2295.25,49543.37
"QLDSouth","Gold Coast",153.519638061523,-28.1603393554688,1,2.25,3.93,111047704.15,10423900.25,2663474778.57,366715.72,68925.73,3520253.41
"QLDNorth","Torres",142.706924438477,-10.9305419921875,1,3.01,2.12,7130773.85,885759.83,121467590.41,384.34,167.96,1209.97
"WANorth","Shark Bay",113.505187988281,-25.5005359649658,1,2.24,3.98,23695.69,5746.57,170107.29,107.87,57.43,255.61
"SA","Unincorporated SA",133.50520324707,-32.3217849731445,1,2.88,4.71,15298.86,4026.11,96975.84,370.37,162.44,1161.15
"QLDNorth","Palm Island",146.686508178711,-18.7334079742432,1,3.16,4.13,203695.21,41334.41,1762843.42,497.6,207.56,1680.62
"WANorth","Wyndham-East Kimberley",127.829887390137,-14.3628454208374,1,4.96,6.27,1358157.91,240115.24,13496319.99,61576.25,12970.24,539759.67
"WANorth","Wyndham-East Kimberley",125.901412963867,-14.5167436599731,1,5.01,3.11,69266.46,15469.4,538457.2,110.8,57.35,276.51
"NT","East Arnhem",136.830047607422,-13.7504892349243,1,2.5,3.79,6950.84,2061.81,37133.22,186269.93,35829.88,1790963.89
"QLDNorth","Lockhart River",143.545196533203,-12.843300819397,1,2.68,3.22,49074485.38,4706602.28,1190297025.32,393475.09,64451.44,4869065.32
"QLDNorth","Cook",143.759353637695,-13.9299163818359,1,2.77,3.23,10849211.44,1193854.6,225312732.94,253534.19,43638.57,2948092.39
"QLDNorth","Torres",142.325164794922,-10.6027498245239,1,3.05,3.31,206957.02,40058.13,1952605.05,2834.9,889.58,14556.86
"WANorth","Karratha",115.705352783203,-21.2753944396973,1,2.61,5.17,106550.23,21012.92,1017350.94,424.58,184.33,1343.73
"QLDNorth","Isaac",149.581100463867,-22.1410808563232,1,4.82,3.6,5195.29,1638.92,25217.46,99.06,49.95,262.75
"WANorth","Karratha",116.686172485352,-20.527889251709,1,4.61,6.65,44257.27,10207.39,334031.97,144.04,70.84,388.95
"WANorth","Wyndham-East Kimberley",125.128280639648,-14.4441356658936,1,5.01,3.65,60921.84,14136.96,444773.57,437.18,200.83,1243.54
"TAS","George Town",146.958847045898,-41.0102310180664,1,2.88,3.37,715783.43,126146.05,7416430.43,644.79,269.59,2127.87
"SA","Lower Eyre Peninsula",135.109100341797,-34.590259552002,1,2.54,5.51,32662.78,8477.21,201924.57,9292.7,2570.57,55551.82
"NT","West Daly",129.409133911133,-14.2268543243408,1,4.97,3.83,781831.28,130767.98,8864817.73,4256776.84,539802.1,72212657.27
"QLDNorth","Cook",143.262786865234,-11.9675226211548,1,2.68,3.28,45821540.52,4411758.77,1108350288.76,336.76,148.51,1052.15
"NT","East Arnhem",136.455780029297,-11.4806699752808,1,3.03,3.08,126146.94,25577.87,1128377.15,338.89,154.35,995.25
"SA","Lower Eyre Peninsula",135.106781005859,-34.5828094482422,1,2.57,3.81,8202.56,2534.08,40173.61,296778.47,51295.74,3382366.62
"QLDNorth","Cook",143.691986083984,-13.6643896102905,1,2.69,2.42,14354184.08,1538768.88,307127455.44,19313.92,4870.74,130577.57
"NSW","Richmond Valley",153.452301025391,-29.1151275634766,1,2.22,3.13,58604512.05,6193098.35,1179089970.52,502787.37,88587.11,5327935.23
"QLDNorth","Hope Vale",145.282745361328,-15.387996673584,1,2.78,4.12,3223670.66,440842.6,48394230.16,19239.45,5303.48,110087.01
"QLDNorth","Cassowary Coast",146.16064453125,-17.9593524932861,1,3.01,3.26,121549.49,25153.16,1049080.97,42711.74,9832.92,324318.4
"WANorth","Wyndham-East Kimberley",127.62767791748,-14.1565856933594,1,4.95,5.01,4085900.44,625951.69,49264055.89,8506.65,2245.53,56173.19
"QLDNorth","Cook",144.484512329102,-14.1636114120483,1,2.77,4.88,4609491.99,599662.57,74154113.16,14.88,10.03,26
"WANorth","Karratha",116.844825744629,-20.364673614502,1,4.63,3.75,22045.48,5495.94,150885.71,429.67,178.06,1487.35
"NT","East Arnhem",136.624969482422,-12.9765071868896,1,3.06,4.14,28800.01,7079,198623.23,113.48,61.43,259.88
"SA","Yorke Peninsula",137.490112304688,-34.2766609191895,1,2.8,3.4,5076.75,1640.74,23592.77,17088.84,4602.38,102875.78
"NT","West Arnhem",132.592666625977,-10.9687538146973,1,4.84,8.51,10217599.58,1232424.75,179565865.62,582.45,250.4,1837.28
"WANorth","Broome",122.178184509277,-17.6473617553711,1,6.12,4.18,8516.57,2650.4,41064.49,1093.66,418.28,4115.25
"NT","Tiwi Islands",130.145385742188,-11.4755601882935,1,4.84,4.4,12124083.08,1279021.11,270628887.41,946.43,388.92,3145.65
"TAS","Huon Valley",145.952133178711,-43.3556022644043,1,2.06,4.2,35654601.9,4027113.64,655136211.52,36.43,22.72,69.11
"QLDNorth","Mornington",139.748779296875,-16.5429191589355,1,3.85,5.86,253.48,121.36,691.52,639.23,252.36,2356.91
"WANorth","Wyndham-East Kimberley",126.000129699707,-14.2587823867798,1,5,4.74,91073.55,19684.59,738889.78,76614.02,16572.31,628067.18
"NT","West Daly",129.814651489258,-13.4978065490723,1,4.87,5.83,744237.45,127950.52,8048031.56,101.6,54.57,237.78
"QLDNorth","Livingstone",150.702621459961,-21.9537868499756,1,3.75,3.57,230615.27,44854.66,2140863.64,655.77,265.07,2304.74
"QLDNorth","Cassowary Coast",146.178268432617,-17.9479675292969,1,3,2.23,246678.26,47461.5,2326211.02,4928.26,1499.8,25710.28
"VIC","Wellington",147.512222290039,-38.1365203857422,1,1.88,3.71,765022.38,129776.62,8463411.72,5614.39,1734.14,28204.18
"NT","West Arnhem",132.923233032227,-11.1303930282593,1,4.85,5.08,2474715.08,386947.88,29581840.42,16702.93,4406.13,104727.01
"NSW","Ballina",153.611038208008,-28.8455924987793,1,2.31,3.48,58234730.18,6220935.18,1149703408.62,803.73,322.23,2826.9
"QLDSouth","Fraser Coast",153.267807006836,-24.7002735137939,1,3.26,6.31,7133605.56,849969.17,131304885.43,55.91,31.52,124.57
"WANorth","Wyndham-East Kimberley",125.676094055176,-14.159613609314,1,5,3.49,105277.68,22172.27,887834.97,70.82,39.77,156.28
"NSW","Bega Valley",150.083282470703,-36.422550201416,1,2.28,5.78,793780.33,145297.81,7637406.32,1183.72,439.1,4695.14
"WANorth","Port Hedland",119.190498352051,-19.9453086853027,1,4.66,1.64,6658.84,2062.68,32888.07,13637.27,3744.89,80389.27
"VIC","Glenelg",141.072341918945,-38.0935173034668,1,1.99,2.51,7431729.82,951136.67,119523307.94,25073.72,6335.55,165741.16
"VIC","Glenelg",141.174133300781,-38.1464004516602,1,1.98,2.57,30498662,3115149.55,679026301.46,20740.45,5420.58,130358.07
"VIC","Glenelg",141.239898681641,-38.1865692138672,1,1.98,2.52,31959720.71,3236159.08,720888830.62,33871.75,8270.75,233874.29
"VIC","Glenelg",141.342407226562,-38.2694435119629,1,1.98,2.61,25757948.41,2695146.23,554499050.39,25082.02,6526.29,156944.09
"VIC","Glenelg",141.362701416016,-38.3697319030762,1,1.98,2.44,57937765.36,5503382.94,1415285478.29,254336.76,45712.63,2720370.57
"VIC","Glenelg",141.41227722168,-38.4009056091309,1,1.97,2.38,302104959.24,22645397.16,10274894273.11,186301.2,33867.51,1995291.52
"VIC","Glenelg",141.492294311523,-38.3837089538574,1,1.98,4.09,48751120.54,4532630.62,1253270542.66,131.74,67.94,326.91
"VIC","Glenelg",141.535110473633,-38.4397430419922,1,1.97,2.22,232701921.29,17946328.69,7637112143.11,2694978.02,330316.01,50459040.7
"VIC","Glenelg",141.640731811523,-38.2952766418457,1,1.98,2.33,54485118.75,5412953.62,1230589865.75,206831.62,36386.15,2341879.54
"VIC","Glenelg",141.667434692383,-38.280647277832,1,1.98,2.2,41713122.05,4325568.46,885722241.06,1785432.81,233720.38,30371372.93
"VIC","Glenelg",141.718215942383,-38.2639350891113,1,1.98,2.3,31407076.36,3399104.99,627740617.65,357565.42,57955,4550037.06
"VIC","Glenelg",141.857879638672,-38.2674942016602,1,1.99,2.35,16301744.19,1910329.23,293407631.32,121063.88,22987.19,1231948.24
"VIC","Moyne",141.972457885742,-38.3012351989746,1,1.99,2.38,8798063.62,1096584.05,146968638.27,168236.86,30950.6,1774495.93
"VIC","Moyne",142.069732666016,-38.361385345459,1,1.98,2.44,26241246.09,2868326.38,520766271.23,81646.13,16643.29,746242.88
"VIC","Moyne",142.159042358398,-38.3936805725098,1,1.98,2.26,18698094.95,2116617.16,355447707.72,402269.28,64085.08,5245333.26
"VIC","Moyne",142.317962646484,-38.3637771606445,1,1.99,2.4,11128869.05,1312024.26,202872693.41,67158.3,13833.09,610743.48
"VIC","Moyne",142.368423461914,-38.3553047180176,1,1.99,2.59,9644246.11,1127926.46,180108205.29,12398.34,3363.56,75300.85
"VIC","Warrnambool",142.473266601562,-38.4061393737793,1,1.99,3.84,9934970.45,1197343.51,175175229.67,137.59,70.43,345.15
"VIC","Warrnambool",142.593643188477,-38.4447784423828,1,2,2.48,4062561.46,500465.23,73039149.46,38816.71,8923.29,297639.29
"VIC","Moyne",142.699172973633,-38.5162963867188,1,1.99,2.31,8793673.71,1046754.59,159897057.41,272241.36,46952.25,3136129.62
"VIC","Moyne",142.760925292969,-38.5590782165527,1,1.99,3.58,7828667.18,952361.9,137769849.52,170.84,85.16,443.9
"VIC","Moyne",142.855392456055,-38.6059112548828,1,2.5,2.9,1803938.51,255412.71,26390445.52,106422.97,21382.73,980441.91
"VIC","Corangamite",142.938079833984,-38.6286964416504,1,2.49,4.57,5530192.72,704150.5,91484234.65,74.81,41.41,168.95
"VIC","Corangamite",143.061187744141,-38.6513214111328,1,2.5,4.07,1926171.92,274340.42,27741493.52,205.6,99.19,560.82
"VIC","Corangamite",143.12614440918,-38.6886444091797,1,2.49,4.55,2902759.37,387347.69,45938636.75,92.09,49.64,215.5
"VIC","Corangamite",143.220077514648,-38.765064239502,1,2.49,4.34,4138606.59,517591.93,72208629.4,124.75,64.46,309.59
"VIC","Corangamite",143.258102416992,-38.7737083435059,1,2.49,3.66,6735738.27,776821.04,132381899.72,675.22,276.89,2303.76
"VIC","Colac Otway",143.322082519531,-38.7615127563477,1,2.49,3.55,4534772.39,544194.21,85023987.78,959.67,368.84,3611.8
"VIC","Colac Otway",143.442535400391,-38.8025894165039,1,2.49,3.59,4605402.85,544052.34,88886375.27,809.86,319.2,2941.01
"VIC","Colac Otway",143.474304199219,-38.8234748840332,1,2.49,4.08,3213064.22,393353.91,59484859.58,245.83,115.42,697.21
"VIC","Colac Otway",143.489456176758,-38.8496475219727,1,2.49,3.94,5914054.42,676664.21,119134103.59,296.86,140.16,822.56
"VIC","Colac Otway",143.561721801758,-38.8537979125977,1,2.49,3.58,3947284.91,478722.19,73271815.56,558.69,237.41,1806.02
"VIC","Colac Otway",143.609146118164,-38.8103332519531,1,2.49,3.38,2999638.21,379062.01,52516281.14,1639.41,604.32,6428.81
"VIC","Colac Otway",143.670211791992,-38.7791442871094,1,2.5,3.27,2436629.95,318445.14,40616488.59,2034.08,716.4,8562.62
"VIC","Colac Otway",143.721633911133,-38.7261772155762,1,2.5,3.58,1562271.54,218957.71,23538322.61,567.39,237.4,1886.5
"VIC","Colac Otway",143.830795288086,-38.6988716125488,1,2.51,3.3,817970.16,126960.95,10632803.64,2443.29,807.62,11461.96
"VIC","Colac Otway",143.908462524414,-38.6325874328613,1,2.52,3.15,457459.64,78393.94,5137379.53,4676.87,1421.06,24570.86
"VIC","Colac Otway",143.922714233398,-38.6115913391113,1,2.52,2.8,469844.9,80383.75,5283127.41,97453.43,20632.53,818095.56
"VIC","Surf Coast",144.006912231445,-38.5137557983398,1,2.52,2.89,419933.5,73925.93,4510233.07,47175.96,10347.4,390244.13
"VIC","Surf Coast",144.112899780273,-38.4712715148926,1,2.52,2.84,488128.67,84527.92,5352012.71,94589.21,19093.63,871280.6
"VIC","Surf Coast",144.18293762207,-38.4305267333984,1,2.51,3.09,544897.1,93174.69,6071956.45,6123.06,1751.74,35422.35
"VIC","Surf Coast",144.246520996094,-38.4009552001953,1,2.52,3.22,477947.61,83814.19,5126101.12,6739.01,1824.33,43172.35
"VIC","Surf Coast",144.299911499023,-38.3594818115234,1,1.99,2.43,503179.43,88104.97,5393726.45,22955.67,5641.67,161002.17
"VIC","Greater Geelong",144.483413696289,-38.2930297851562,1,2.22,2.6,426837,76604.94,4418074.72,37707.43,8585.98,295140.89
"VIC","Greater Geelong",144.531326293945,-38.2786865234375,1,2.22,2.77,338638.96,62825.6,3346400.96,4654.48,1442.05,23561.59
"VIC","Greater Geelong",144.583847045898,-38.2871780395508,1,2.22,1.96,342084,62968.61,3427668.45,199363.52,36704.2,2073191.18
"VIC","Greater Geelong",144.711074829102,-38.2048835754395,1,1.93,2.33,2020743.73,317041.26,24290712.59,312165.22,53662.24,3581622.05
"VIC","Greater Geelong",144.672241210938,-38.1073417663574,1,1.97,2.32,3596735.89,516449.17,49039490.17,259626.09,43525.84,3172366.81
"VIC","Greater Geelong",144.566375732422,-38.0351142883301,1,1.96,2.33,9087942.02,1101084.87,159586678.64,151549.48,27572.55,1646880.6
"VIC","Wyndham",144.640426635742,-38.0052757263184,1,1.96,2.35,9020881.71,1094055.46,158191744.37,84733.28,16785.16,816474.02
"VIC","Wyndham",144.715637207031,-37.9673156738281,1,1.97,2.37,5327772.98,698625.69,83679140.34,38970,8724.25,314424.55
"VIC","Wyndham",144.800323486328,-37.9226760864258,1,1.95,2.37,3370590.33,471575.29,48375936.29,27336.36,6415.22,206871.7
"VIC","Bayside (Vic.)",144.973785400391,-37.9034385681152,1,1.95,2.47,3288016.41,436632.19,52066463.18,13734.85,3611.39,87912.08
"VIC","Kingston (Vic.)",145.104125976562,-38.0440711975098,1,1.96,2.49,1627710.84,240484.62,22141048.97,5426.71,1713.87,26207.38
"VIC","Mornington Peninsula",145.069442749023,-38.1770629882812,1,1.96,2.46,665349.05,116492.75,7007593.03,7162.67,2151.57,37285.36
"VIC","Mornington Peninsula",145.028579711914,-38.2162742614746,1,1.96,2.41,595666.63,107085.17,6019433.04,10381.39,2926.73,59357.13
"VIC","Mornington Peninsula",144.98030090332,-38.2909278869629,1,1.97,3.24,381881.31,74436.78,3423144.51,1124,435.11,4126.07
"VIC","Mornington Peninsula",144.711502075195,-38.3453521728516,1,1.93,3.42,305540.18,56963.85,3012125.86,143.69,74.86,347.87
"VIC","Mornington Peninsula",144.799087524414,-38.4085922241211,1,1.97,3.26,306193.89,56777.67,3048642.1,246.27,117.64,675.97
"VIC","Mornington Peninsula",144.880584716797,-38.4909248352051,1,1.97,3.13,369743.65,66809.03,3815126.28,440.26,195,1338.38
"VIC","Mornington Peninsula",144.889007568359,-38.5022506713867,1,1.95,3.35,877864.94,142752.16,10407477.98,243.59,117.58,656.27
"VIC","Mornington Peninsula",144.935150146484,-38.499584197998,1,1.96,3.23,598226.51,102211.79,6635125.44,304.61,142.7,854.91
"VIC","Mornington Peninsula",145.001846313477,-38.4880523681641,1,1.96,2.57,486448.57,84763.21,5273287.73,7013.99,2058.26,38223.18
"VIC","Bass Coast",145.211959838867,-38.5279922485352,1,2.87,3.81,525375.34,90941.84,5736580.19,824.2,332.57,2858.9
"VIC","Bass Coast",145.113464355469,-38.5205268859863,1,2.87,4.2,436486.59,75533.47,4828324.68,288.36,135.03,812.83
"VIC","Bass Coast",145.319030761719,-38.5331535339355,1,2.88,4.46,401860.23,70842.03,4317788.69,136.97,71.13,334.61
"VIC","Bass Coast",145.344192504883,-38.5650634765625,1,2.87,4.01,429216.7,75646.08,4593435.07,598.63,249.73,1994.01
"VIC","Bass Coast",145.450881958008,-38.5514945983887,1,2.88,4.31,326514.3,58858.1,3412475.39,223.96,107,618.56
"VIC","Bass Coast",145.509979248047,-38.5911598205566,1,2.88,4.22,247823.68,46283,2469737.57,336.93,150.51,1026.98
"VIC","Bass Coast",145.600509643555,-38.6806640625,1,2.88,4.81,298619.14,53914.85,3130878.9,109.25,58.1,259.19
"VIC","Bass Coast",145.620834350586,-38.6789741516113,1,2.87,4.31,481343.12,81184.19,5550498.96,319.74,145.41,945.56
"VIC","Bass Coast",145.671844482422,-38.6737289428711,1,2.88,3.64,396827.75,68707.83,4414134.96,2624.93,876.1,12019.4
"VIC","South Gippsland",145.793563842773,-38.702205657959,1,2.88,3.66,212183.97,39813.1,2118702.24,2238,766.28,9873.56
"VIC","South Gippsland",145.814971923828,-38.7238578796387,1,2.88,3.78,213617.22,40000.68,2140212.14,1137.01,433.53,4291.31
"VIC","South Gippsland",145.868545532227,-38.8068962097168,1,2.88,3.59,243412.03,44607.99,2516967.79,2249.94,790.46,9448.81
"VIC","South Gippsland",145.91276550293,-38.9055824279785,1,2.87,3.46,492274.46,82019.65,5800044.48,5803.93,1754.33,30306.38
"VIC","South Gippsland",145.990966796875,-38.8922653198242,1,2.87,3.38,719630.48,113506.16,9156792.29,9207.22,2583.06,53602.55
"VIC","South Gippsland",146.011672973633,-38.8788261413574,1,2.87,3.2,553040.76,90538.22,6681385.14,17570.28,4573.64,112579.63
"VIC","South Gippsland",146.120162963867,-38.8356971740723,1,2.88,3.34,296310.2,53283.44,3132007.14,6907.95,2043.64,37108.41
"VIC","South Gippsland",146.194381713867,-38.8833122253418,1,2.89,4.03,122357.8,24911.32,1088378.59,347.46,158.97,1010.07
"VIC","South Gippsland",146.262420654297,-38.9875793457031,1,2.89,3.39,179204.27,34676.38,1708409.59,2220.46,817.43,8559.15
"VIC","South Gippsland",146.313919067383,-39.0818901062012,1,2.88,3.39,323430.23,57778.99,3440267.42,2371.1,873.01,9100.97
"VIC","South Gippsland",146.323608398438,-39.0979347229004,1,2.87,3.98,443994.59,76017.93,5004954.8,992.84,386.86,3631.12
"VIC","Unincorporated Vic",146.365310668945,-39.1418838500977,1,2.85,3.45,3328079.18,433703.51,54553385.52,10575.78,2996.48,59820.54
"VIC","South Gippsland",146.425231933594,-39.1314163208008,1,2.85,3.68,4339972.07,533761.21,77900774.59,507.69,216.42,1642.32
"VIC","South Gippsland",146.476226806641,-39.0241432189941,1,2.84,4.34,9227906.31,1017840.62,192993035.93,67.38,38,148.01
"VIC","South Gippsland",146.483413696289,-39.0663795471191,1,2.84,3.49,6177833.68,719930.98,119779685.62,2185.52,773.7,9066.05
"VIC","South Gippsland",146.450546264648,-38.9980163574219,1,2.84,3.72,12073136.25,1284110.11,265406272.24,450.96,189.04,1520.18
"VIC","South Gippsland",146.461624145508,-38.9421501159668,1,2.84,3,17040011.3,1735925.03,396657933.85,508622.95,95023.81,4839415.38
"VIC","Unincorporated Vic",146.514770507812,-38.9172515869141,1,2.84,2.97,18037726.85,1836395.06,418692018.18,526847.35,96632.93,5171710.52
"VIC","Wellington",146.535461425781,-38.7930603027344,1,2.83,2.95,48669301.2,4560461.22,1233224844.23,1420871.76,222132.61,17562960.12
"VIC","Wellington",146.522018432617,-38.7835998535156,1,2.83,3.18,57065265.91,5167755.28,1524749407.84,135853.09,29744.19,1049407.43
"VIC","Wellington",146.433959960938,-38.730281829834,1,2.82,2.91,293556057.82,20752733.78,11160908383.64,96319.19,20677.77,788429.73
"VIC","Wellington",147.02409362793,-38.519416809082,1,1.88,2.13,506536.27,93125.88,4962934.49,56547.4,12943.75,425588.12
"VIC","Wellington",147.07096862793,-38.4757423400879,1,1.89,2.2,319975.01,62392.06,2896611.98,21113.48,5355.48,140247.2
"VIC","Wellington",147.189910888672,-38.3921127319336,1,1.89,2.24,363100.8,67579.61,3551122.81,10725.38,2986.9,62621.57
"VIC","Wellington",147.261337280273,-38.3325843811035,1,1.88,2.25,647051.94,107769.7,7486407.07,9781.09,2724.35,57478.27
"VIC","Wellington",147.33967590332,-38.2696342468262,1,1.88,2.3,899324.07,142948.91,11105571.2,6942.26,1998.6,39281.95
"VIC","Wellington",147.453384399414,-38.1829528808594,1,1.88,2.33,607426.68,106282.73,6441542.45,4915.85,1496.09,25648.29
"VIC","Wellington",147.522064208984,-38.1248092651367,1,1.88,2.23,863502.54,143477.61,9848078.85,9068.88,2603.88,50569.22
"VIC","Wellington",147.615447998047,-38.0626106262207,1,1.87,2.26,1995822.09,287856.24,28010987.3,7043.56,2114.83,36739.55
"VIC","Wellington",147.695892333984,-38.0107536315918,1,1.86,2.39,4368910.21,552648.63,74328324.74,3042.08,1021.16,13632.16
"VIC","East Gippsland",147.829528808594,-37.9416542053223,1,1.85,2.41,10878976.29,1184325,230531756.85,2672.64,914.87,11647.38
"VIC","East Gippsland",147.875839233398,-37.9240379333496,1,1.85,2.42,11796175.52,1270812.37,253512504.41,2874.36,980.15,12553.92
"VIC","East Gippsland",148.034805297852,-37.877140045166,1,1.85,2.37,11589244.51,1241406.83,252099105.77,3823.47,1259.31,17479.1
"VIC","East Gippsland",148.155181884766,-37.8430023193359,1,1.86,2.39,7579600.47,863910.18,151055252.99,3833.91,1262.9,17519.57
"VIC","East Gippsland",148.258483886719,-37.8193511962891,1,1.85,2.42,8783027.53,986738.66,178017714.39,4044.45,1325.98,18578.14
"VIC","East Gippsland",148.356628417969,-37.8117446899414,1,1.86,2.45,6626919.93,771181.49,128185041.82,5501.84,1707.83,27419.78
"VIC","East Gippsland",148.521102905273,-37.804370880127,1,1.85,2.46,8639811.13,975335.67,173726777.44,5670.25,1759.21,28227.18
"VIC","East Gippsland",148.585525512695,-37.8069458007812,1,1.86,2.51,7313236.04,832756.2,146385677.53,7502.61,2189.94,41101.82
"VIC","East Gippsland",148.72981262207,-37.8159523010254,1,1.84,2.68,26480000.77,2625645.06,628971781.14,4569.62,1424.35,22896.53
"VIC","East Gippsland",148.786849975586,-37.7952995300293,1,1.86,2.71,7015692.3,825569.65,132345572.62,3043.29,1013.79,13835.82
"VIC","East Gippsland",148.886962890625,-37.7905311584473,1,1.86,2.69,3133840.22,413243.64,50449314.37,4729.17,1486.54,23262.12
"VIC","East Gippsland",149.046005249023,-37.7861557006836,1,1.86,2.74,4009657.12,526946.55,63884492.6,3839.97,1254.32,17824.26
"VIC","East Gippsland",149.16242980957,-37.7828369140625,1,2.27,3.24,3566192.14,482058.16,54340272.28,2276.4,803.58,9467.04
"VIC","East Gippsland",149.273971557617,-37.8057403564453,1,2.26,3.13,12194205.99,1406124.24,230216138.29,3940.84,1281.5,18414.78
"VIC","East Gippsland",149.366806030273,-37.7815475463867,1,2.27,3.24,4426972.26,587410.91,68841081.41,2137.43,760.07,8805.75
"VIC","East Gippsland",149.426132202148,-37.7818412780762,1,2.27,3.17,5228334.35,682988.22,82791954.95,3049.04,1028.63,13532.83
"VIC","East Gippsland",149.480285644531,-37.7810363769531,1,2.27,2.96,5570392.5,710885.64,91718116.47,7759.24,2246.61,43063.35
"VIC","East Gippsland",149.494430541992,-37.7751312255859,1,2.27,3.05,6379905.89,808769.22,105425144.17,3586.08,1161.36,17000.84
"VIC","East Gippsland",149.602462768555,-37.7272529602051,1,2.27,3.66,5833778.49,743109.57,96098871.03,249.96,119.92,679.97
"VIC","East Gippsland",149.671539306641,-37.6921310424805,1,2.27,3.22,6253425.78,793383.18,103312215.71,850.87,345.58,2909.52
"VIC","East Gippsland",149.713882446289,-37.6465682983398,1,2.27,3.4,5452960.96,704300.71,87935864.52,436.99,193.97,1323.86
"VIC","East Gippsland",149.721771240234,-37.6194801330566,1,2.27,2.88,4512309.28,595181.16,70856476.7,4748.85,1482.59,23656.15
"VIC","East Gippsland",149.768264770508,-37.5742301940918,1,2.27,2.37,4298064.63,575180.25,65920449.43,68317.05,14691,570984.52
"TAS","Huon Valley",146.70002746582,-43.6302795410156,1,2.08,2.45,3755981.4,468690.3,66267103.41,46765.85,10720.11,355690.91
"TAS","Huon Valley",146.725952148438,-43.6302185058594,1,2.08,3.17,2204628.17,301154.62,34029197.02,1756.91,626.61,7297.62
"TAS","Huon Valley",146.823883056641,-43.6396865844727,1,2.1,2.85,813260.53,130123.38,9987466.46,10564.38,2949.51,61452.57
"TAS","Huon Valley",146.83642578125,-43.6413917541504,1,2.1,3.04,845770.62,136962.55,10129466.52,2547.11,878.66,10976.62
"TAS","Huon Valley",146.875350952148,-43.6377182006836,1,2.1,2.47,610352.99,105183.69,6654175.43,47635.53,10827.39,367696.29
"TAS","Huon Valley",146.65266418457,-43.6085815429688,1,2.07,4.01,8064249.87,888648.32,170626261.74,54.92,31.5,118.52
"TAS","Huon Valley",146.925216674805,-43.5979690551758,1,2.1,4.85,513428.2,90579.78,5420305.75,52.27,30.88,107.06
"TAS","Huon Valley",146.024490356445,-43.5679931640625,1,2.06,2.3,64855067.18,6727246.13,1341235797.41,2179557.63,300686.33,33047177.58
"TAS","Huon Valley",146.041366577148,-43.5667343139648,1,2.04,2.48,442135902.58,34024807.81,13991709753.38,82480.31,17262.91,716033.3
"TAS","Huon Valley",146.100540161133,-43.5627288818359,1,2.05,2.26,129827589.36,11518708.75,3416852424.11,2401339.83,319585.75,38707049.42
"TAS","Huon Valley",146.117294311523,-43.5540924072266,1,2.05,3.62,312257521.62,23837529.87,10246281361.7,396.67,168.73,1312.77
"TAS","Huon Valley",146.204208374023,-43.5411643981934,1,2.05,2.72,204058359.9,16134345.07,6449856252.89,6185.52,1909.46,30899.56
"TAS","Huon Valley",146.289398193359,-43.5471343994141,1,2.05,3.8,252352029.03,18127154.45,9408230330.07,151.69,81.07,349.51
"TAS","Huon Valley",146.330108642578,-43.5856704711914,1,2.06,2.82,65654492.25,5753945.91,1847644600.95,6864.45,2143.18,33347.07
"TAS","Huon Valley",146.375564575195,-43.5824508666992,1,2.05,3.08,97936175.54,7545456.28,3421349970.09,821.18,328.41,2897.53
"TAS","Huon Valley",146.386032104492,-43.586597442627,1,2.05,2.4,76871182.61,6079069.05,2600736033.24,131410.53,26170.2,1212630.23
"TAS","Huon Valley",146.461120605469,-43.5462989807129,1,2.06,4,41275791.94,3554765.44,1241634310.82,138.75,70.1,356.64
"TAS","Huon Valley",146.527770996094,-43.5751419067383,1,2.06,2.52,29317772.98,2644235.46,827901479.13,10261.27,2876.46,59357.35
"TAS","Huon Valley",146.597885131836,-43.5658683776855,1,2.08,2.86,3400898.22,432994.86,58166870.8,2062.57,742.66,8321.15
"TAS","Huon Valley",146.925354003906,-43.5755615234375,1,2.1,2.48,552110.08,96338.18,5920551.65,46812.25,10818.77,350554.71
"TAS","Huon Valley",146.02912902832,-43.5403099060059,1,2.05,2.38,172275952.57,15704564.22,4245850006.44,566270.55,92030.85,6924809.93
"TAS","Huon Valley",146.963455200195,-43.5297203063965,1,2.1,3.97,640192.82,109416.31,7065281.91,159.71,79.73,415.77
"TAS","Kingborough",147.287857055664,-43.5285034179688,1,2.1,3.38,690999.75,115194.99,7946457.05,869.39,349.69,3022.76
"TAS","Kingborough",147.299224853516,-43.5296592712402,1,2.08,2.65,4701433.81,589898.38,80807875.28,20463.73,5421.51,125501.1
"TAS","Huon Valley",145.998428344727,-43.4649772644043,1,2.05,2.42,97936916.66,9640460.89,2172680978.34,329393.09,58065.42,3588387.17
"TAS","Huon Valley",146.991561889648,-43.4864807128906,1,2.1,2.87,738496.69,123096.65,8457837.26,4264.77,1357.4,20638.14
"TAS","Kingborough",147.1865234375,-43.4901275634766,1,2.09,3.21,893985.07,142665.06,10962577.63,614.33,259.46,1995.8
"TAS","Kingborough",147.331878662109,-43.4914779663086,1,2.08,2.89,4899410.1,590621.94,90562279.85,2357.51,842.19,9566.96
"TAS","Huon Valley",145.960891723633,-43.4287185668945,1,2.05,2.58,180555397.95,16119082.5,4607334632.25,18874.04,5056.62,113975.7
"TAS","Huon Valley",147.029708862305,-43.4380493164062,1,2.1,2.35,815765.15,133233.7,9639576.42,241641.14,44905.23,2434922.02
"TAS","Kingborough",147.205184936523,-43.4563064575195,1,2.09,2.64,910006.09,144987.74,11179365.8,12720.88,3685.02,68203.43
"TAS","Kingborough",147.349029541016,-43.4391441345215,1,2.08,3.24,4555765.9,555451.36,82847623.56,489.78,216.61,1482.75
"TAS","Huon Valley",145.957672119141,-43.4231262207031,1,2.1,2.33,563351.89,97255.43,6153591.25,85049.29,18580.76,679446.22
"TAS","Huon Valley",147.029922485352,-43.4311828613281,1,2.09,2.16,905820.05,145728.47,10932018.35,823218.44,130123.86,10334669.4
"TAS","Kingborough",147.169281005859,-43.4217338562012,1,2.09,3.14,1087971.29,169301.41,13800960.83,459.25,201.79,1413.17
"TAS","Kingborough",147.381912231445,-43.3907890319824,1,2.08,2.91,4608845.21,561074.08,83984290.79,881.82,376.21,2750.72
"TAS","Huon Valley",145.953216552734,-43.3851013183594,1,2.1,2.19,624478.77,104091.92,7231852.97,545227.27,91433.65,6300745.17
"TAS","Kingborough",147.100143432617,-43.3887329101562,1,2.09,2.31,1313375.18,198507.85,17370660.36,489807.95,83880.08,5482029.18
"TAS","Kingborough",147.174331665039,-43.3735466003418,1,2.09,3.07,1297555.36,197025.26,17027859.53,825.33,333.73,2851.33
"TAS","Kingborough",147.388381958008,-43.3743095397949,1,2.08,3.86,4765116.24,579408.7,86821246.63,214.39,101.38,605.81
"TAS","West Coast",145.860122680664,-43.3240089416504,1,2.05,3.98,245993557.48,21070588.96,6641733218.67,322.83,144.16,987.82
"TAS","West Coast",145.872009277344,-43.3267440795898,1,2.04,2.66,479841079.65,37272729.1,14857901298.4,27474.77,6945.71,180306.86
"TAS","Huon Valley",147.072708129883,-43.332218170166,1,2.09,2.27,1416240.16,212196.61,18942505.54,839453.62,134922.87,10200526.8
"TAS","Kingborough",147.175140380859,-43.3535766601562,1,2.09,3.01,1402452.58,210474.61,18713214.2,1263.07,478.62,4787.87
"TAS","Kingborough",147.387649536133,-43.3644943237305,1,2.08,4.64,4746763.83,577515.94,86414374.1,28.18,18.43,49.79
"TAS","West Coast",145.809722900391,-43.2847747802734,1,2.07,2.28,8614793.09,1095991.55,138805051.16,657023.33,111601.93,7321926.97
"TAS","Huon Valley",147.145385742188,-43.2968673706055,1,2.09,2.41,1608634.98,236496.73,22101303.7,34758.39,9332.27,201386.76
"TAS","Kingborough",147.343643188477,-43.2917823791504,1,2.08,4.71,5302605.67,634639.94,98804612.45,25.87,17.13,44.94
"TAS","West Coast",145.810775756836,-43.2693901062012,1,2.12,2.48,173374.89,35862.68,1463322.16,33638.25,8707.84,208560.51
"TAS","Kingborough",147.368865966797,-43.2646980285645,1,2.08,2.39,5563938.02,661268.02,104702112.81,263894.99,49326.8,2614472.92
"TAS","Kingborough",147.424240112305,-43.2564239501953,1,2.08,3.75,5621190.31,665919.26,106352143.38,165.5,83.2,424.13
"TAS","Tasman",147.774551391602,-43.2328567504883,1,2.08,3.79,5053281.94,611594.63,92500969.82,137.05,70.94,336.83
"TAS","Tasman",147.796905517578,-43.2448196411133,1,2.07,2.81,7956452.68,890278.65,163659566.43,1566.94,593.15,5865.92
"TAS","West Coast",145.780456542969,-43.2245597839355,1,2.11,2.34,251616.68,51872.47,2089315.14,561327.78,96360.91,6197436.09
"TAS","Kingborough",147.43603515625,-43.2273254394531,1,2.08,3.49,5405094.32,644886.67,101175579.85,206.11,101.24,543.54
"TAS","Tasman",147.715576171875,-43.1994171142578,1,2.07,2.89,5750763.18,677165.6,109880669.38,3859.62,1231.08,18736.21
"TAS","Tasman",147.862182617188,-43.2088279724121,1,2.07,2.86,9179779.59,1006529.44,194246025.05,6008.64,1816.47,31287.92
"TAS","Tasman",147.872680664062,-43.2120361328125,1,2.07,3.92,8833339.15,976359.45,184587462.64,135.41,69.82,335.53
"TAS","Tasman",147.958618164062,-43.2214050292969,1,2.07,3.06,10788627.7,1155515.88,235949513.8,2031.82,756.01,7723.02
"TAS","Tasman",147.998931884766,-43.2302474975586,1,2.07,3.1,11282173.7,1204750.65,247358287.23,490.46,219.05,1458.11
"TAS","West Coast",145.754043579102,-43.1833763122559,1,2.05,2.42,155693236.58,13720515.25,4102769605.11,412149.52,74907.46,4177238.73
"TAS","Kingborough",147.433731079102,-43.2078018188477,1,2.08,3.39,5330954.57,637357.97,99494748.41,291.73,135.64,832.69
"TAS","Tasman",147.696899414062,-43.1781997680664,1,2.08,3.1,5311887.66,635413.14,99065089.07,224.16,108.05,608.89
"TAS","Tasman",148.010375976562,-43.2168273925781,1,2.06,2.7,49208846.42,4328706.79,1403239929.94,9270.46,2763.1,48125.63
"TAS","West Coast",145.696655273438,-43.1235504150391,1,2.04,2.49,2185153718.64,128136635.47,102954855622.99,132828.44,29002.49,1032546.2
"TAS","Kingborough",147.411727905273,-43.1649971008301,1,2.08,3.21,5484383.49,651746.77,103331343.99,605.97,258.5,1934.07
"TAS","Tasman",147.666564941406,-43.140209197998,1,2.08,3.01,5461864.87,649961.7,102669470.64,711.59,286.03,2512.6
"TAS","Tasman",148.008834838867,-43.1421737670898,1,2.06,2.89,49692633.03,4361942.14,1421798519.09,1075.31,439.99,3574.24
"TAS","West Coast",145.685073852539,-43.112190246582,1,2.1,2.64,860273.64,147235.43,9296486.1,15592.01,4233.6,93021.56
"TAS","Kingborough",147.404937744141,-43.1275825500488,1,2.08,2.28,5318659.23,635765.29,99318021.62,1304196.46,193466.03,17873680.76
"TAS","Tasman",147.647872924805,-43.0914535522461,1,2.07,3.06,5749164.88,677211.2,109780210.46,389,170.6,1215.25
"TAS","Tasman",148.007949829102,-43.133716583252,1,2.06,2.82,41585030.58,3735218.02,1153556273.73,1560.02,612.84,5460.02
"TAS","West Coast",145.647384643555,-43.0529747009277,1,2.12,2.35,193429.71,40530.82,1584029.04,855508.54,136060.53,10589106.16
"TAS","Clarence",147.42106628418,-43.0523529052734,1,2.08,2.26,5573848.36,660387.94,105496941.47,1587622.34,226135.33,23170885.28
"TAS","Tasman",147.63232421875,-43.0770645141602,1,2.07,2.93,5932814.88,693859.82,114580727.46,369.04,166.8,1093.04
"TAS","Tasman",147.969223022461,-43.0835113525391,1,2.06,5.94,40083784.95,3628414.53,1098529641.09,16.42,11.24,27.61
"TAS","West Coast",145.606002807617,-43.012264251709,1,2.1,2.28,862708.42,149503.79,9112911.58,1122712.76,176315.19,13972020.97
"TAS","Kingborough",147.348052978516,-43.0447425842285,1,2.08,2.25,4900562.35,588989.91,91100729.03,1919480.4,253799.78,31847529.9
"TAS","Clarence",147.474639892578,-43.0356559753418,1,2.07,2.33,5826673.06,682650.57,112299254.33,819736.83,122300.62,11490509.43
"TAS","Clarence",147.52082824707,-43.0234298706055,1,2.08,2.25,5676632.31,665374.38,109519081.5,2726266.7,358105.88,44645095.27
"TAS","Tasman",147.620849609375,-43.0335884094238,1,2.07,2.5,7723638.95,858148.68,161376325.05,4841.38,1564.81,22564.89
"TAS","Tasman",147.953903198242,-43.0417671203613,1,2.06,3.74,39356531.91,3571537.76,1074874401.17,221.4,102.71,647.71
"TAS","West Coast",145.525390625,-42.9875373840332,1,2.03,6.17,5724214274.3,285546218.39,341763710990.66,11.84,8.41,18.97
"TAS","West Coast",145.598937988281,-42.99365234375,1,2.11,2.23,384529.64,70308.11,3871619.78,954396.2,147236.94,12414630.91
"TAS","Clarence",147.420562744141,-42.9977531433105,1,2.08,2.29,4833023.81,574429.3,91869647.97,1273663.59,176008.47,20019554.91
"TAS","Clarence",147.553817749023,-42.989860534668,1,2.07,2.48,7335665.28,815666.86,153628118.78,179885.44,33093,1887786.92
"TAS","Tasman",147.631622314453,-42.9938316345215,1,2.07,2.79,12798179.53,1303884.78,304184321.6,1055.93,401.29,4032.24
"TAS","Tasman",147.986022949219,-42.9831314086914,1,1.96,4.46,36947023.93,3389701.65,992825793.91,33.7,21.46,61.84
"TAS","West Coast",145.488647460938,-42.9550094604492,1,2.04,2.45,827787346.12,51488802.36,37274986184.02,1092774.16,153851.99,16763290.94
"TAS","Clarence",147.554840087891,-42.9659843444824,1,2.07,2.23,10689081.66,1112187.88,247282149.54,2015176.19,266808.08,33228284.02
"TAS","Tasman",147.632385253906,-42.9556884765625,1,2.07,2.91,14717733.75,1464703.23,362139794.08,620.14,256,2102.07
"TAS","Tasman",148.003829956055,-42.9639625549316,1,1.97,3.58,32452235.68,3031074.12,850763282.02,146.26,77.97,339.27
"TAS","West Coast",145.449157714844,-42.9071311950684,1,2.1,2.35,586800.4,109743.36,5526896.15,1885275.97,242873.05,32943748.33
"TAS","Clarence",147.537948608398,-42.9388542175293,1,2.07,2.19,12032611.37,1226724.45,286943155.8,3737229.99,440603.31,73569937.31
"TAS","Tasman",147.640472412109,-42.9432792663574,1,2.07,3.01,16349655.44,1606186.67,409200563.22,352.79,158.56,1059.43
"TAS","Tasman",148.00407409668,-42.916877746582,1,1.97,3.79,32451874.06,3062348.13,834347823.01,88.82,49.26,197.57
"TAS","West Coast",145.431121826172,-42.8805046081543,1,2.12,2.31,162371.45,34215.87,1330119.67,913657.58,131090.82,13698666.59
"TAS","Clarence",147.515411376953,-42.879077911377,1,2.07,2.2,14375913.05,1436460.36,351615800.66,2694352.98,342976.01,46887426.51
"TAS","Sorell",147.600143432617,-42.8698997497559,1,2.07,2.78,14279627.72,1440784.84,342959652.54,366.97,172.32,1013.63
"TAS","Tasman",147.98518371582,-42.8885726928711,1,1.96,4.64,32901924.71,3110522.02,842171645.86,29.77,19.2,53.77
"TAS","West Coast",145.415832519531,-42.836971282959,1,2.05,2.37,111665340.13,9224623.93,3385894591.34,2383259.88,305454.95,41310348
"TAS","Clarence",147.536834716797,-42.8490219116211,1,2.07,2.22,11616259.35,1202207.64,269824919.43,2162518.88,281844.12,36560480.33
"TAS","Clarence",147.579864501953,-42.8435554504395,1,2.07,2.53,14027208.78,1413619.11,338124751.48,2174.23,798.23,8433.68
"TAS","Tasman",147.924240112305,-42.8430862426758,1,1.96,4.49,35819621.19,3388606.08,910302052.09,42.84,25.74,86.16
"TAS","West Coast",145.382736206055,-42.7888107299805,1,2.03,2.18,4354123796.68,203591174.3,299294885679.24,1061059.8,155424.48,15114343.12
"TAS","Sorell",147.520858764648,-42.803165435791,1,2.07,2.27,13429914.78,1442766.3,287522171.56,625733.83,100551.42,7762497.06
"TAS","Sorell",147.581939697266,-42.8016395568848,1,2.06,3.34,49346616.55,4075228.85,1588046970.85,418.38,181.54,1326.81
"TAS","West Coast",145.376937866211,-42.7676277160645,1,2.07,2.32,7195462.9,851262.56,134143978.95,258563.71,50099.19,2399515.32
"TAS","Sorell",147.932952880859,-42.7424583435059,1,1.96,3.14,39313377.36,3668195.04,1018779369.84,488.08,213.29,1510.98
"TAS","West Coast",145.368698120117,-42.7230072021484,1,2.05,2.64,78942466.98,6708983.25,2324137976.75,10179.61,3001.07,53599.39
"TAS","Glamorgan-Spring Bay",148.006561279297,-42.7278175354004,1,1.96,2.65,36985326.79,3478459.61,948239555.8,1864.62,691.84,7162.64
"TAS","Glamorgan-Spring Bay",148.054504394531,-42.7257995605469,1,1.96,2.68,42444205.75,3908660.06,1121480785.5,1588.98,597.25,6021.44
"TAS","Glamorgan-Spring Bay",148.096984863281,-42.7202072143555,1,1.96,2.51,48609469.33,4396125.77,1316480610.85,12976.13,3748.32,69847.43
"TAS","West Coast",145.331405639648,-42.6594543457031,1,2.05,3.27,307007868.65,21442560.06,11904749734.03,200.9,98.68,530.63
"TAS","Glamorgan-Spring Bay",148.148025512695,-42.669303894043,1,1.96,3.23,60803853.06,5309365.52,1732163296.04,214.08,107.18,543.77
"TAS","West Coast",145.32160949707,-42.6448287963867,1,2.12,3.18,129640.62,28200.64,1016154.07,239.66,113.92,665.22
"TAS","Glamorgan-Spring Bay",148.169342041016,-42.6512565612793,1,1.96,2.88,69960928.97,5972669.28,2059450993.65,1207.98,451.91,4707.04
"TAS","West Coast",145.264724731445,-42.6105651855469,1,2.08,3.06,3884862.17,491894.08,66512694.17,339.18,154.84,991.81
"TAS","Glamorgan-Spring Bay",148.160095214844,-42.6400108337402,1,1.96,3.17,71722037.26,6215558.45,2048924352.76,437.83,192.81,1345.92
"TAS","West Coast",145.27473449707,-42.5649108886719,1,2.09,2.32,1928948.07,272687.23,28171492.75,2154684.43,311174.01,30015912.57
"TAS","Glamorgan-Spring Bay",148.055892944336,-42.579460144043,1,1.96,2.65,43951915.86,4152034.34,1104443423.03,993.11,402.96,3368.14
"TAS","Glamorgan-Spring Bay",148.107009887695,-42.5763397216797,1,1.96,2.91,54265469.25,4967579.02,1425781426.86,277.38,133.97,740.45
"TAS","Glamorgan-Spring Bay",148.123977661133,-42.5849571228027,1,1.96,3.05,55958269.17,5089627.31,1485003589.54,601.26,250.32,2009.83
"TAS","West Coast",145.262847900391,-42.5347366333008,1,2.95,3.63,27153.33,6957.23,173925.69,868.88,340.32,3176.97
"TAS","West Coast",145.237335205078,-42.4822196960449,1,2.88,3.68,2205129.34,303910.72,33470716.82,237.45,117.28,614.35
"TAS","Glamorgan-Spring Bay",148.008987426758,-42.5015869140625,1,1.96,2.85,44199087.19,4182655.13,1106637757.71,977.35,375.89,3668.54
"TAS","West Coast",145.231674194336,-42.466968536377,1,2.86,3.61,20893881.21,2051695.42,514008584.4,659.9,280.13,2113.75
"TAS","Glamorgan-Spring Bay",148.014312744141,-42.4557800292969,1,1.96,2.85,48970493.4,4557091.95,1256434100.32,1713.11,616.08,7016.81
"TAS","West Coast",145.232315063477,-42.4186172485352,1,2.92,3.46,113372.39,25487.38,843875.69,885.54,358.61,3036.48
"TAS","Glamorgan-Spring Bay",148.011306762695,-42.4395561218262,1,1.96,2.75,47733195.69,4454426.02,1220388095.85,1441.31,525.2,5830.01
"TAS","West Coast",145.21257019043,-42.3617858886719,1,2.9,3.51,532081.73,89702.26,6098277.6,1956.11,690.09,8231.48
"TAS","Glamorgan-Spring Bay",148.015411376953,-42.372974395752,1,1.96,2.59,58367365.62,5247692.98,1578322887.29,5875.25,1821.46,29217.27
"TAS","West Coast",145.191223144531,-42.3330688476562,1,2.83,3.59,2340673283.14,118783015.91,143978199911.67,2814.59,934.21,12958.1
"TAS","Glamorgan-Spring Bay",148.02897644043,-42.3470230102539,1,1.96,3.06,63169981.91,5608375.17,1739618464.69,283.92,135.64,771.94
"TAS","Glamorgan-Spring Bay",148.258193969727,-42.3345336914062,1,1.95,3.08,193817097.11,14313333.17,6985774912.15,310.41,144.54,879.92
"TAS","Glamorgan-Spring Bay",148.319534301758,-42.3450050354004,1,1.95,2.72,240101652.97,17361795.61,8871090581.13,3254.07,1065.86,15203.59
"TAS","West Coast",145.176895141602,-42.2989883422852,1,2.87,3.33,12352263.7,1378032.84,247775625.44,17205.97,4510.22,108952.94
"TAS","Glamorgan-Spring Bay",148.017181396484,-42.2893524169922,1,1.96,2.77,73940355.16,6309275.35,2170226080.28,1861.41,721.1,6612.68
"TAS","Glamorgan-Spring Bay",148.228851318359,-42.3110466003418,1,1.95,3.11,212207197.8,15150879.73,8102595355.19,142.83,74.54,344.8
"TAS","Glamorgan-Spring Bay",148.330047607422,-42.3185920715332,1,1.95,2.82,169814509.89,13398107.29,5454676434.88,1654.82,600.26,6684.8
"TAS","West Coast",145.188659667969,-42.2482681274414,1,2.87,3.26,15956340.67,1699343.57,343133607.93,65300.55,14316.49,527774.51
"TAS","Glamorgan-Spring Bay",148.029907226562,-42.2586402893066,1,1.96,2.2,91917452.27,7495246.79,2894899171.58,3230702.37,425922.31,51921301.11
"TAS","Glamorgan-Spring Bay",148.251510620117,-42.2540512084961,1,1.95,2.57,299255212.51,19614180.98,13123330179.87,1662.88,606.37,6648.47
"TAS","Glamorgan-Spring Bay",148.324981689453,-42.2534446716309,1,1.95,3.11,186375740.8,14379941.81,6202853387.95,502.63,214.18,1628.3
"TAS","West Coast",145.171859741211,-42.2119636535645,1,2.93,3.32,95022.4,21927.64,681764.24,17190.25,4501.59,109068.11
"TAS","Glamorgan-Spring Bay",148.071105957031,-42.1934814453125,1,1.95,2.27,152270973.14,11085587.82,5739202394.1,819505.85,128247.5,10487223.41
"TAS","Glamorgan-Spring Bay",148.248123168945,-42.2307014465332,1,1.95,3.02,276294578.06,18215884.09,12052371735.85,190.48,94.36,497.07
"TAS","Glamorgan-Spring Bay",148.34782409668,-42.2207717895508,1,1.95,2.63,214408261.76,16049085.22,7481108698.23,2741.01,957.86,11473.07
"TAS","West Coast",145.199859619141,-42.1949310302734,1,2.84,3.43,381179732.02,25473183.38,15825450227.08,4444.44,1447.56,20537.79
"TAS","West Coast",145.25276184082,-42.1763648986816,1,2.89,3.27,1275435.22,192897.35,16881926.64,63615.12,14526.94,477123.43
"TAS","Glamorgan-Spring Bay",148.085830688477,-42.1706275939941,1,1.95,2.16,162939725.4,11649431.34,6326716922.71,2636696.95,364220.18,39368235.84
"TAS","Glamorgan-Spring Bay",148.254638671875,-42.1658248901367,1,1.95,3.97,305549354.45,19714312.07,13790152488.27,38.85,23.91,75.2
"TAS","Glamorgan-Spring Bay",148.357803344727,-42.1832542419434,1,1.95,2.53,318820411.68,22065058.89,12544836855.47,4257.6,1376.65,20001.69
"TAS","West Coast",145.259750366211,-42.1467628479004,1,2.92,3.97,120783.41,26071.57,964442.56,235.45,113.75,634.76
"TAS","Glamorgan-Spring Bay",148.082427978516,-42.1415100097656,1,1.95,2.19,182685455.88,12756932.41,7359246823.25,1389563.44,208876.55,18497002.28
"TAS","Glamorgan-Spring Bay",148.243194580078,-42.1159973144531,1,1.95,2.52,293915075.64,19363449.52,12779520192.6,1981.24,706.51,8161.83
"TAS","Glamorgan-Spring Bay",148.341522216797,-42.1320266723633,1,1.95,2.42,343739536.24,23286039.41,14009912940.96,7674.01,2328.38,39023.57
"TAS","West Coast",145.255340576172,-42.1075897216797,1,2.87,3.13,17287972.58,1812097.85,380947073.96,1291246.16,199578.9,16400216.11
"TAS","Glamorgan-Spring Bay",148.108413696289,-42.0997619628906,1,1.95,2.19,300174409.39,19193309.99,13805264728.87,1682672.58,247629.94,23005915.81
"TAS","Glamorgan-Spring Bay",148.15641784668,-42.0934715270996,1,1.95,2.19,376176330.29,23360121.88,17993910440.69,1558670.61,229380.53,21420319.09
"TAS","Glamorgan-Spring Bay",148.218154907227,-42.1014633178711,1,1.95,2.6,393485287.8,24688093.43,18387692415.28,2782.27,937.91,12446.46
"TAS","Glamorgan-Spring Bay",148.35368347168,-42.1143798828125,1,1.95,2.49,270673087.05,19341327.95,10142069368.37,7390.67,2215.59,38535.24
"TAS","West Coast",145.247283935547,-42.0595054626465,1,2.9,3.45,864375.71,141987.09,10067721.22,5016.96,1527.61,26110.97
"TAS","Glamorgan-Spring Bay",148.329803466797,-42.0832252502441,1,1.95,2.8,351400764,23715020.31,14402849655.05,1833.03,657.06,7518.3
"TAS","West Coast",145.229965209961,-42.0238990783691,1,2.88,3.4,3748549.99,500532.12,58242469.44,6246.86,1861.1,33353.09
"TAS","Glamorgan-Spring Bay",148.290771484375,-42.0331077575684,1,1.95,2.77,350124480.99,23586354.63,14403428461.85,2224.67,780.64,9371.22
"TAS","West Coast",145.205535888672,-41.9772605895996,1,2.87,3.64,6000400.96,751567.02,101790181.33,2746.81,937.44,12015.65
"TAS","West Coast",145.210815429688,-41.987922668457,1,2.86,3.49,27212968.55,2753183.97,621335034.72,1410.42,527.81,5432.08
"TAS","Glamorgan-Spring Bay",148.293594360352,-41.9944076538086,1,1.95,2.64,457817393.2,29286624.67,20383990791.53,9559.26,2862.85,49091.33
"TAS","West Coast",145.151718139648,-41.9276809692383,1,2.83,3.43,5629455183.65,260091093.99,388627122266.76,14062.56,3837.7,83696.54
"TAS","Glamorgan-Spring Bay",148.326049804688,-41.9238891601562,1,1.94,4.11,1051305865.41,58575598.06,57356685505.41,112.04,59.64,264.85
"TAS","West Coast",145.123046875,-41.9068222045898,1,2.83,3.4,8197136312.65,356746409.98,617116652718.16,18863.94,4923.47,119651.83
"TAS","Glamorgan-Spring Bay",148.32600402832,-41.9160652160645,1,1.94,2.79,780906841.45,45807492.82,39460606592.98,4174.12,1369.62,19103.98
"TAS","West Coast",145.065216064453,-41.8570671081543,1,2.83,3.56,7235007045.14,320851342.94,530283237575.23,4286.53,1334.17,21640.58
"TAS","Glamorgan-Spring Bay",148.313522338867,-41.8726387023926,1,1.94,2.47,819309389.25,47641678.66,41951635201.02,8102.67,2288.71,47008.22
"TAS","Glamorgan-Spring Bay",148.285293579102,-41.8549880981445,1,1.94,2.75,1080780139.08,60555982.3,58216564490.14,2368.38,824.39,10085.64
"TAS","West Coast",144.993347167969,-41.7665786743164,1,2.87,3.27,7452955.81,868469.82,142615103.86,11893.36,3438.67,64268.77
"TAS","Break O'Day",148.276168823242,-41.7884788513184,1,1.94,2.33,2209354882.24,110097464.16,141322695729.87,18013.16,4949.9,104099.31
"TAS","West Coast",144.968856811523,-41.7353935241699,1,2.87,3.35,13776163.31,1486037.5,292152016.1,12350.37,3493.87,69321.29
"TAS","Break O'Day",148.304916381836,-41.7495002746582,1,1.94,2.55,1559714088.78,82141612.71,92074944240.34,8871.91,2534.48,50027.51
"TAS","West Coast",144.913070678711,-41.7110061645508,1,2.91,3.31,377524.96,69265.38,3781482.27,3694.21,1229.93,16589.46
"TAS","Break O'Day",148.29084777832,-41.712272644043,1,1.94,2.24,2009108193.71,103560739.98,121298605365.26,54999.14,12953.77,393238.19
"TAS","West Coast",144.905609130859,-41.6852493286133,1,2.84,3.5,779125892.76,49070072.76,34414511361.43,3262.53,1102.36,14372.18
"TAS","Break O'Day",148.295654296875,-41.6715774536133,1,1.94,2.31,1869485387.55,98851791.7,108074370413.81,14207.82,3984.25,80309.2
"TAS","Circular Head",144.895599365234,-41.6370429992676,1,2.86,3.48,25918552.87,2554779.8,623464604.39,3451.4,1156.42,15386.13
"TAS","Break O'Day",148.323333740234,-41.622428894043,1,1.94,2.46,1415871938.99,79230879.36,74973929074.48,8884.87,2603.13,47757.97
"TAS","Circular Head",144.87744140625,-41.5798988342285,1,2.87,3.75,7876580.33,933668.88,145406581.52,491.4,211.75,1561
"TAS","Break O'Day",148.323577880859,-41.5981369018555,1,1.94,2.3,1268133501.73,72562963.87,64879329368.46,53711.02,12705.61,381531.42
"TAS","Circular Head",144.852844238281,-41.5486030578613,1,2.83,3.77,4342228439.64,219820969.36,256934562676.17,406.4,184.87,1181.98
"TAS","Break O'Day",148.303894042969,-41.5573692321777,1,1.94,2.7,1325010301.55,75420239.27,68254891072.92,3319.95,1092.39,15355.68
"TAS","Circular Head",144.818405151367,-41.5034866333008,1,2.85,3.88,208085317.4,16062249.47,6868461446.88,196,98.53,496.82
"TAS","Break O'Day",148.286987304688,-41.5200653076172,1,1.94,2.29,1580356871.46,87044690.21,85565974939.04,35996.2,8918.69,240877.42
"TAS","Circular Head",144.797225952148,-41.4758071899414,1,2.84,3.49,839968206.88,54587149.21,34816508549.05,1643.28,610.43,6350.81
"TAS","Break O'Day",148.269668579102,-41.4799690246582,1,1.94,3.1,1485718615.58,82762374.69,79082599551.34,811.97,325.54,2853.76
"TAS","Circular Head",144.749847412109,-41.4273529052734,1,2.84,3.46,792927305.58,51345651.65,33212745454,4847.25,1546.26,23150.77
"TAS","Break O'Day",148.28434753418,-41.4291572570801,1,2.81,3.23,1900925958.58,101524609.37,107692579264.94,25569.06,6595.27,162398.54
"TAS","Circular Head",144.751449584961,-41.4097518920898,1,2.86,3.44,52677240.2,5145700.99,1229640889.67,5058.1,1591.36,24721.18
"TAS","Break O'Day",148.297515869141,-41.3928070068359,1,2.82,3.28,1372748919.06,77685657.05,71316104420.33,18167.71,4968.64,105861.76
"TAS","Circular Head",144.760650634766,-41.350212097168,1,2.85,3.51,259424246.28,20255216.04,8263966362.25,4195.43,1333.37,20383.15
"TAS","Break O'Day",148.308197021484,-41.3584861755371,1,2.82,3.31,1097981587.69,65455639.42,52519008855.83,18457.47,5046.39,107499.08
"TAS","Circular Head",144.714797973633,-41.298942565918,1,2.86,3.38,22072006.74,2339424.54,468631868.04,9708.73,2820.94,52687.38
"TAS","Break O'Day",148.335403442383,-41.3010597229004,1,2.82,3.37,1345323385.43,78187676.9,66562094689.97,11463.14,3297,62698.42
"TAS","Circular Head",144.707702636719,-41.2828521728516,1,2.88,3.44,5095723.28,647350.47,85112962.59,4005.05,1324.7,18108.87
"TAS","Break O'Day",148.365814208984,-41.2782859802246,1,2.82,3.78,1243807221.61,72678333.73,61249670504.12,2587.21,872.88,11616.36
"TAS","Circular Head",144.682250976562,-41.2399520874023,1,2.89,4.8,1384831.44,209012.3,18299120.14,27.02,17.36,49.46
"TAS","Break O'Day",148.316146850586,-41.2480316162109,1,2.82,3.46,884896087.72,55568749.39,38962635873.58,7398.2,2135.38,41452.73
"TAS","Circular Head",144.684188842773,-41.2004814147949,1,2.89,4.34,1303039.12,199098.99,16897049.41,39.51,24.04,78.06
"TAS","Break O'Day",148.289001464844,-41.2092742919922,1,2.82,3.53,687268802.19,45256105.49,28168887180.6,6914.73,2032.86,37589.41
"TAS","Circular Head",144.669128417969,-41.1608581542969,1,2.9,3.79,845957.27,134626.83,10466433.45,133.33,70.38,316.61
"TAS","Break O'Day",148.287109375,-41.1660232543945,1,2.83,3.65,193813416.31,15283852.69,6176941951.87,4965.84,1513.78,25807.8
"TAS","Circular Head",144.661819458008,-41.1233596801758,1,2.89,3.98,1389890.75,211780.84,18039564.8,39430.48,9274.61,289080.1
"TAS","Central Coast (Tas.)",146.15837097168,-41.1372108459473,1,2.9,3.29,1285561.25,194905.29,16929289.66,23127.35,5868.54,152518.37
"TAS","Central Coast (Tas.)",146.198120117188,-41.1493263244629,1,2.9,3.21,1093015.01,169170.73,14000976.51,36582.42,8681.92,265103.37
"TAS","Central Coast (Tas.)",146.2568359375,-41.1485290527344,1,2.9,3.23,1134014.89,175750.75,14454363.04,33180.91,8005.98,234652.81
"TAS","Devonport",146.321304321289,-41.1522064208984,1,2.9,3.35,1007726.16,158699.86,12565464.36,16124.94,4251.81,101442.51
"TAS","Latrobe (Tas.)",146.430786132812,-41.155158996582,1,2.91,3.36,766854.61,126270.24,8961903.52,17531.45,4612.6,110089.91
"TAS","Latrobe (Tas.)",146.492980957031,-41.1431465148926,1,2.91,3.37,759700.02,125820.64,8788540.68,15595.79,4209.57,94086.71
"TAS","Latrobe (Tas.)",146.525863647461,-41.1228256225586,1,2.91,3.17,886127.49,145088.73,10366478.04,30203.15,7568.7,200209.93
"TAS","Latrobe (Tas.)",146.589111328125,-41.1430435180664,1,2.91,3.38,594575.42,102081.24,6538317.78,67.8,39.27,141.66
"TAS","Break O'Day",148.282577514648,-41.1071319580078,1,2.82,3.45,564235904.62,38926317.86,21486155543.11,7302.83,2135.21,39957.57
"TAS","Circular Head",144.664001464844,-41.0789909362793,1,2.89,4.18,1776655.77,276213.48,21880174.91,29844.84,7028.22,222823.58
"TAS","Central Coast (Tas.)",146.043014526367,-41.0946350097656,1,2.89,3.32,1350726.89,203127.88,17999529.4,27815.4,6744.47,197365.08
"TAS","Central Coast (Tas.)",146.093994140625,-41.1137771606445,1,2.89,3.34,1348258.88,203024,17924687.37,12890.39,3667.87,71372.92
"TAS","Latrobe (Tas.)",146.640960693359,-41.0928993225098,1,2.88,3.09,796367.4,133263.94,9010948.01,178.42,89.71,454.76
"TAS","Break O'Day",148.294143676758,-41.0832061767578,1,2.82,4.68,500339331.07,35115492.05,18602057796.4,138.04,70.79,345.06
"TAS","Circular Head",144.630340576172,-41.0435943603516,1,2.88,4.36,2536601.82,369580.67,34405093.22,11543.52,3049.98,74185.6
"TAS","Burnie",145.97412109375,-41.0647888183594,1,2.89,3.34,1447871.67,216679.4,19379705.17,14402.07,4053.22,80796.74
"TAS","West Tamar",146.705780029297,-41.0612106323242,1,2.87,3.3,908689.84,150631.38,10374780.6,12965.29,3713.4,70897.17
"TAS","West Tamar",146.720199584961,-41.0631256103516,1,2.87,2.81,832773.11,140090.55,9305955.84,750.2,306.79,2554.15
"TAS","Break O'Day",148.299789428711,-41.0481185913086,1,2.82,3.5,418451892.45,30264201.46,14887846812.46,9812.11,2806.18,54818.14
"TAS","Circular Head",144.602462768555,-41.0091133117676,1,2.88,4.02,5448593.28,739064.63,80336810.86,26438.53,6628.93,176677.31
"TAS","Waratah-Wynyard",145.83430480957,-41.0343780517578,1,2.89,3.47,983216.43,153843.45,12429060.24,22257.5,5459.71,157045.32
"TAS","Burnie",145.913665771484,-41.0499877929688,1,2.89,3.55,1303932.54,197343.23,17211288.76,3884.91,1323.09,16675.84
"TAS","George Town",146.850326538086,-41.0287094116211,1,2.87,3.49,809971.24,139258.06,8712653.92,5255.51,1714.38,23955.91
"TAS","George Town",146.880859375,-41.0161895751953,1,2.87,2.7,864079.73,147848.42,9339526.71,3925.9,1299.53,17748.85
"TAS","Break O'Day",148.353164672852,-40.994701385498,1,2.83,4.97,258732773.91,19974728.89,8416663405.05,140.81,72.55,348.39
"TAS","Circular Head",144.611099243164,-40.9469757080078,1,2.87,4.19,7491388.04,969535.58,117999394.1,9515.83,2697.19,54191.3
"TAS","Waratah-Wynyard",145.757232666016,-40.9896659851074,1,2.89,4.6,1189594.03,182290.46,15436680.12,110,60.56,244.85
"TAS","George Town",147.00080871582,-40.9813957214355,1,2.87,3.8,1094844.68,180940.04,12425277,980.93,409.43,3162.83
"TAS","George Town",147.050521850586,-40.9833717346191,1,2.87,3.26,937936.36,158423.36,10327517.53,44961.21,11270.75,290382.11
"TAS","George Town",147.10888671875,-40.9926414489746,1,2.87,3.59,1016306.85,170261.5,11303006.01,3192.31,1149.22,12539.53
"TAS","George Town",147.168502807617,-41.000904083252,1,2.87,3.63,895358.38,153631.85,9607700.24,3719.46,1320.19,14854.5
"TAS","Dorset",147.230133056641,-40.9747161865234,1,2.87,4.21,960092.31,163647.87,10383679.18,221.44,111.77,553.16
"TAS","Dorset",147.39714050293,-40.9836044311523,1,2.88,3.77,693060.29,126169.94,6785589.93,1382.31,556.33,4664.95
"TAS","Dorset",147.488128662109,-40.9723701477051,1,2.87,2.75,962055.89,166662.88,10103599.88,3562.16,1192.34,15875.83
"TAS","Break O'Day",148.352798461914,-40.9916381835938,1,2.83,4.63,257881471.55,20049625.12,8282404761.93,203.79,100.6,532.89
"TAS","Circular Head",144.626983642578,-40.9217834472656,1,2.85,4.62,136488733.49,10985483.72,4286576040.93,1760.7,614.25,7629.35
"TAS","Waratah-Wynyard",145.689300537109,-40.935115814209,1,2.9,3.43,815095.41,131589.04,9842460.19,19398.49,4809.83,135474.45
"TAS","Waratah-Wynyard",145.72607421875,-40.9378356933594,1,2.9,3.62,831821.27,133622.3,10124420.21,4715.72,1632.36,19433.17
"TAS","Dorset",147.282119750977,-40.9394226074219,1,2.87,4.02,1341772.96,215491.55,15844447.96,659.15,289.54,1984.11
"TAS","Dorset",147.329818725586,-40.9436912536621,1,2.87,3.97,954229.05,164602.02,10103668.58,893.28,377.92,2826.42
"TAS","Dorset",147.349945068359,-40.9411163330078,1,2.87,3.85,1001446.18,171211.77,10745152.36,1441.36,564.82,5091.15
"TAS","Dorset",147.537063598633,-40.9300727844238,1,2.87,4.01,1491707.1,243860.75,16949909.81,32.03,20.32,59.38
"TAS","Break O'Day",148.306838989258,-40.9382095336914,1,2.83,3.43,103018459.29,9176585.86,2730594260,6279.15,1969.41,30422.11
"TAS","Circular Head",144.646362304688,-40.8981094360352,1,2.85,4.05,98311725.73,8012166.63,3084914339.04,32973.21,7926.1,234951.26
"TAS","Waratah-Wynyard",145.581344604492,-40.9089317321777,1,2.89,3.42,1026297.54,160608.56,12932615.96,17486.2,4439.56,117577.68
"TAS","Waratah-Wynyard",145.614685058594,-40.9245758056641,1,2.89,3.89,902910.03,144127.63,11059189.9,1365.73,534.12,4857.43
"TAS","Dorset",147.556701660156,-40.8995056152344,1,2.87,3.27,1732637.81,278574.79,20109473.05,211.31,104.55,548.95
"TAS","Dorset",148.261993408203,-40.8855972290039,1,2.84,3.49,58616386.98,5731315.68,1356841263.17,7571.36,2238.68,40448.76
"TAS","Circular Head",144.696090698242,-40.8595733642578,1,2.85,4.23,102359488.8,8612467.6,3016697033.46,11632.13,3092.76,73800.78
"TAS","Circular Head",145.410034179688,-40.8539161682129,1,2.89,3.08,1860092.17,265589.68,26728428.99,196031.4,37039.92,1942558.62
"TAS","Circular Head",145.476165771484,-40.8643913269043,1,2.89,3.08,1398448.46,208364.31,18916863.54,200321.5,38093.29,1958240.66
"TAS","Circular Head",145.514511108398,-40.8528327941895,1,2.89,3.95,1443461.81,214394.79,19599110.9,990.52,401.66,3363.66
"TAS","Dorset",147.594696044922,-40.8484535217285,1,2.87,3.16,1712163.51,280109.37,19275026.44,19026.52,5593.33,97018.26
"TAS","Dorset",147.740966796875,-40.8519058227539,1,2.86,3.08,2312144.99,389987.51,24265675.26,94942.17,22307.29,659511.74
"TAS","Dorset",147.760986328125,-40.8531341552734,1,2.86,3.5,2410271.45,404658.29,25446403.54,6326.1,2067.34,28419.2
"TAS","Dorset",147.860855102539,-40.8730316162109,1,2.86,3.65,2705363.54,442046.05,29770020.36,4150.83,1411.21,17800.93
"TAS","Dorset",147.899719238281,-40.844913482666,1,2.86,3.32,3687231.37,581910.21,42427097.28,396.3,178.21,1179.4
"TAS","Dorset",148.210830688477,-40.8399543762207,1,2.84,3.25,31014978.84,3401092.16,605771671.04,24088.7,6063.42,160836.98
"TAS","Circular Head",144.69287109375,-40.8074645996094,1,2.86,3.87,20693279.03,2214800.98,433305100.38,207848.68,37237.94,2270655.71
"TAS","Circular Head",145.299163818359,-40.8147354125977,1,2.88,3.07,2310747.2,318504.27,34953033.27,372858.59,61858.01,4520168.28
"TAS","Circular Head",145.357513427734,-40.8470153808594,1,2.89,3.77,1875582.36,266590.34,27165758.88,2442.27,866.17,10021.82
"TAS","Dorset",147.636962890625,-40.8108901977539,1,2.86,3.1,2400309.01,394303.56,26332271.77,84119.02,20028.05,574586.17
"TAS","Dorset",147.674896240234,-40.8212509155273,1,2.86,3.65,2830162.31,462410.33,31073259.7,3727.31,1271.56,15991.28
"TAS","Dorset",147.923492431641,-40.8156623840332,1,2.86,3.12,3722581.96,587960.74,42752480.92,2928.8,1028.06,12106.88
"TAS","Dorset",148.176132202148,-40.8186264038086,1,2.84,3.62,23705553.06,2725566.98,431884453.89,18631.45,4770.27,122685.1
"TAS","Circular Head",144.680114746094,-40.7445640563965,1,2.85,4,101203732.3,8385536.09,3071987633.25,27427.65,6569.17,199471.6
"TAS","Circular Head",145.095779418945,-40.7816848754883,1,2.88,3.15,4962238.78,600588.66,90948133.2,60896.61,13264.61,500813.37
"TAS","Circular Head",145.150955200195,-40.7978782653809,1,2.88,3.12,3851291.36,484356.64,66827770.75,130013.39,25081.19,1275948.5
"TAS","Circular Head",145.227600097656,-40.7947006225586,1,2.88,4.36,2493621.92,337802.12,38765718.52,272.53,121.19,851.92
"TAS","Circular Head",145.260818481445,-40.762882232666,1,2.89,3.46,2135533.11,298080.08,31719522.45,8444.19,2486.41,45122.27
"TAS","Dorset",147.937637329102,-40.7492599487305,1,2.86,3.61,3239660.22,533011.94,34898775.76,799.57,334.2,2603.26
"TAS","Dorset",148.090866088867,-40.7719078063965,1,2.85,8.23,7692243.18,994829.18,121124103.81,8.87,6.67,13.07
"TAS","Circular Head",144.673858642578,-40.7176933288574,1,2.9,3.86,428548.11,76170.18,4515061.23,32621.01,7716.75,239840.69
"TAS","Circular Head",145.071640014648,-40.7180595397949,1,2.88,4.04,5311621.94,667112.47,90378197.62,603.86,260.59,1887.18
"TAS","Dorset",147.945587158203,-40.7393455505371,1,2.87,3.99,1085575.02,204788.57,9745149.65,2280.91,811.88,9338.82
"TAS","Dorset",147.998031616211,-40.7403450012207,1,2.85,3.6,12560043.65,1542950.96,210805153.52,3381.58,1156.42,14533.15
"TAS","Dorset",148.086532592773,-40.7328948974609,1,2.86,7.14,5072681.83,673804.32,78050560.02,17.06,11.64,28.76
"TAS","Circular Head",144.668197631836,-40.6715774536133,1,2.85,5.05,77411827.93,6619884.12,2255649001.52,246.73,118.43,671.12
"TAS","Circular Head",144.773864746094,-40.6976509094238,1,2.88,3.36,4828369.05,574770.92,91514695.47,29670.64,7152.45,211887.41
"TAS","Circular Head",144.836822509766,-40.6881294250488,1,2.88,3.34,3285513.13,429318.71,53629225.74,36745.98,8485.22,280488.55
"TAS","Circular Head",145.048599243164,-40.685546875,1,2.88,3.27,4898180.22,633337.04,79380071.16,8743.08,2504.46,49098.8
"TAS","Circular Head",144.684814453125,-40.6413726806641,1,2.85,4.15,76023650.72,6470829.15,2237595237.71,26597.43,6563.14,183116
"TAS","Circular Head",144.734970092773,-40.6459159851074,1,2.87,3.5,8069661.44,937408.72,154471390.66,45263.86,10408.09,343041.03
"TAS","Circular Head",144.87516784668,-40.6708221435547,1,2.88,3.11,2561051.85,362345.2,36644725.76,707693.89,112897.92,8823850.7
"TAS","Circular Head",144.982803344727,-40.6565856933594,1,2.88,3.13,3878777.37,521357.04,59399700.8,109593.47,22660.62,954090.47
"TAS","Circular Head",144.737701416016,-40.5971183776855,1,2.86,3.65,19216080.46,1941337.36,450581990.84,345727.55,60296.12,3830324.62
"TAS","Circular Head",144.770690917969,-40.5964431762695,1,2.87,3.11,15234031.82,1583963.88,343873325.19,316853.19,58611.14,3161948.07
"TAS","Circular Head",144.912780761719,-40.6128616333008,1,2.88,3.09,3000901.16,419683.82,43421051.29,1417546.88,203685.91,20512344.59
"TAS","Circular Head",144.948745727539,-40.6073684692383,1,2.87,3.67,6233404.35,768692.62,108575618.44,3644.1,1229.86,15970.49
"TAS","Flinders (Tas.)",148.176834106445,-40.5959587097168,1,2.86,4.17,3372400.71,488271.91,45469709.64,101.91,54.82,237.75
"TAS","Flinders (Tas.)",148.200256347656,-40.5891304016113,1,2.85,3.81,10797084.39,1292710.53,191680456.01,12994.21,3542.08,77939.78
"TAS","Circular Head",144.675552368164,-40.5673217773438,1,2.86,3.87,21950522.08,2284064.56,482472999.53,255847,47270.3,2596072.23
"TAS","Circular Head",144.779983520508,-40.5709533691406,1,2.87,4.74,12049721.78,1294155.24,260077197.2,637.19,263.55,2147.76
"TAS","Flinders (Tas.)",148.112411499023,-40.5633201599121,1,2.87,3.56,1546915.14,254879.96,17294515.7,271.69,127.68,763.81
"TAS","Flinders (Tas.)",148.227340698242,-40.5468826293945,1,2.84,3.79,46875068.7,4815881.18,1005161228.32,17546.07,4543.76,113551.2
"TAS","Circular Head",144.703262329102,-40.5109214782715,1,2.86,3.7,21540612.9,2226844.54,479871336.63,16999.09,4451.78,107930.57
"TAS","Circular Head",144.791122436523,-40.5122032165527,1,2.87,3.87,9912086.66,1112871.24,199446153.78,5103.98,1613.5,24706.61
"TAS","Flinders (Tas.)",148.098937988281,-40.5235214233398,1,2.86,3.23,2557054.4,383217.35,32928651.39,653.15,273.64,2145.29
"TAS","Flinders (Tas.)",148.236694335938,-40.5198822021484,1,2.83,3.62,68279249.26,6707360.16,1552664885.35,497.12,220.79,1491.78
"TAS","Flinders (Tas.)",148.315460205078,-40.5186309814453,1,2.83,4.82,173118869.02,14857252.27,4756329938.79,39.22,24.19,75.57
"TAS","Flinders (Tas.)",148.353866577148,-40.5163421630859,1,2.83,3.92,223876156.35,18564206.62,6446101058.04,9196.88,2655.53,50689.86
"TAS","Circular Head",144.706481933594,-40.4838218688965,1,2.87,3.33,13767083.2,1494354.4,288568397.7,1015737.71,150440.39,14211468.07
"TAS","Circular Head",144.85026550293,-40.4683647155762,1,2.87,3.08,8272824.19,962583.09,157604856.32,902734.2,140614.08,11576209.65
"TAS","Circular Head",144.891799926758,-40.4872550964355,1,2.87,3.18,10683888.61,1187964.33,217797691.24,115956.55,22751.2,1111023.08
"TAS","Circular Head",144.935012817383,-40.4715118408203,1,2.87,3.94,12549934.19,1382920.94,257345995.45,7180.97,2142.59,37851.74
"TAS","Flinders (Tas.)",148.047439575195,-40.475944519043,1,2.85,3.92,5548641.21,754242.96,81407193.58,9154.56,2659.52,49894.36
"TAS","Flinders (Tas.)",148.053924560547,-40.4809074401855,1,2.86,3.86,5098531.35,706830.49,72552071.96,6255.14,1924.14,31431.11
"TAS","Flinders (Tas.)",148.087585449219,-40.4819755554199,1,2.86,3.47,3737191.73,531484.36,51731224.5,229.33,113.86,588.98
"TAS","Flinders (Tas.)",148.406112670898,-40.480110168457,1,2.82,4.01,332933443.15,25352968.04,10930092724.4,1861.19,665.95,7651.9
"TAS","Circular Head",144.792694091797,-40.4443855285645,1,2.87,3.07,14823344.59,1578260.34,320550500.89,862258.27,130601.31,11697877.01
"TAS","Circular Head",144.837173461914,-40.449146270752,1,2.87,3.24,12117440.36,1315214.25,256274957.51,284111.83,47362.18,3485010.6
"TAS","Circular Head",144.968170166016,-40.4310569763184,1,2.87,3.86,11054584.5,1250009.21,217848768.05,9299.81,2676.28,51541.88
"TAS","Flinders (Tas.)",147.980758666992,-40.4205627441406,1,2.85,4.19,5807041.75,770846.05,88709898.23,39.16,24.31,74.56
"TAS","Flinders (Tas.)",148.474563598633,-40.4437446594238,1,2.82,3.71,1227238307.04,74150558.2,56810106953.26,51968.36,11336.29,431263.86
"TAS","Circular Head",144.84391784668,-40.4292869567871,1,2.86,3.3,21186980.06,2108352.05,507698710.34,272394.84,46653.12,3180312.54
"TAS","Circular Head",144.970901489258,-40.4216804504395,1,2.87,3.89,14873558.95,1583121.89,321746478.53,10651.26,2972.42,61974.63
"TAS","Flinders (Tas.)",147.9794921875,-40.4032287597656,1,2.86,3.33,4401948.35,601137.47,64952178.65,168.09,83.77,437.4
"TAS","Flinders (Tas.)",148.460372924805,-40.4083251953125,1,2.83,3.76,288574947.61,21769051.4,9728918018.41,68203.18,14682.07,568950.39
"TAS","Circular Head",144.893737792969,-40.386287689209,1,2.86,4.38,21673656.21,2143080.52,524827053.99,416.84,184.27,1276.55
"TAS","Circular Head",144.950103759766,-40.3884658813477,1,2.87,3.84,14460386.81,1524348.38,319191736.04,26390.02,6447.06,185295.82
"TAS","Flinders (Tas.)",148.002624511719,-40.3662147521973,1,2.86,3.19,4592958.69,604947.14,72232420.93,432.48,191.17,1321.3
"TAS","Flinders (Tas.)",148.423919677734,-40.3693313598633,1,2.83,4.02,91503333.5,8197931.73,2417935206.44,37256.67,8618.37,283131.34
"TAS","Flinders (Tas.)",148.006896972656,-40.3459854125977,1,2.86,3.23,3362047.03,457993.76,50694779.74,194.12,93.98,528.29
"TAS","Flinders (Tas.)",148.36750793457,-40.3207015991211,1,2.84,3.88,25723801.55,2768906.85,525675467.14,55322.82,12065.67,457113.62
"TAS","Flinders (Tas.)",147.946670532227,-40.276180267334,1,2.85,3.51,9447822.27,1138816.8,167070654.17,139.32,70.62,355.78
"TAS","Flinders (Tas.)",148.316146850586,-40.2893104553223,1,2.83,4.07,62769938.29,6084022.76,1470140510.09,93572.22,18989.17,853821.69
"TAS","Flinders (Tas.)",148.024673461914,-40.2296142578125,1,2.85,3.43,5954988.55,731955.43,104683492.49,163.07,81.37,424.23
"TAS","Flinders (Tas.)",148.303619384766,-40.2542572021484,1,2.85,4.08,16258280.95,1859668.19,305890484.09,93600.82,18834.94,868092.35
"TAS","Flinders (Tas.)",147.987350463867,-40.1960487365723,1,2.85,2.79,5609832.21,697848.58,96819263.32,39.73,23.95,79.86
"TAS","Flinders (Tas.)",148.315856933594,-40.1951789855957,1,3.42,4.73,23.74,15.56,42.26,45979.71,10440.64,356500.86
"TAS","Flinders (Tas.)",148.005523681641,-40.1689033508301,1,2.86,2.96,2219115.95,302496.26,34373558.61,517.39,223.13,1635.35
"TAS","Flinders (Tas.)",148.317733764648,-40.1645240783691,1,2.85,3.9,6638332.05,874948.37,101896780.17,1132.86,434.09,4236.93
"TAS","King Island",143.895416259766,-40.1236953735352,1,2.53,3.13,146411.95,29960.68,1274369.77,16519.05,4278.28,107357.47
"TAS","King Island",143.947296142578,-40.123161315918,1,2.47,3.23,41398552.71,3914090.44,1042857818.2,15340.12,4266.15,87616.48
"TAS","King Island",143.980819702148,-40.114086151123,1,2.47,4.04,57182571.92,5076095.95,1585952208.7,8791.92,2646.02,44983.87
"TAS","Flinders (Tas.)",147.951965332031,-40.0990562438965,1,2.86,4.12,5227532.72,638003.14,93963384.89,2588.82,938,10176.3
"TAS","Flinders (Tas.)",148.005310058594,-40.1181678771973,1,2.87,2.94,1576992.96,223188.23,23307652.65,550.79,233.57,1789.19
"TAS","Flinders (Tas.)",148.307266235352,-40.1286659240723,1,2.85,3.4,7163335.28,930166.35,112457494,16610.8,4421.15,102442.55
"TAS","King Island",143.863250732422,-40.0790481567383,1,2.47,3.38,29452626.44,2895177.27,705901637.83,4036.6,1294.84,19322.47
"TAS","King Island",144.046844482422,-40.0782127380371,1,2.47,3.69,89476053.2,7154234.63,2930876827.19,85511.65,17592.21,765167.97
"TAS","Flinders (Tas.)",147.892807006836,-40.0879211425781,1,2.85,3.07,8457114.24,1034654.85,146546932.88,406.98,180.74,1237.64
"TAS","Flinders (Tas.)",148.2958984375,-40.0857315063477,1,2.85,3.42,6754463.86,881432.41,105463321.7,10026.7,2887.32,55214.05
"TAS","King Island",143.860076904297,-40.0594444274902,1,2.49,3.26,7614280.92,870529.73,150816747.84,63965.96,14466.19,488326.76
"TAS","King Island",144.106567382812,-40.0429611206055,1,2.46,3.65,292853569.05,19214127.58,12838312475.09,23716.91,5803.24,167341.24
"TAS","Flinders (Tas.)",147.846771240234,-40.0310707092285,1,2.84,3.18,17332916.84,1937090.53,338941990.01,309.28,143.47,883.19
"TAS","Flinders (Tas.)",148.293029785156,-40.0547065734863,1,2.85,3.82,6972924.28,913968.7,107794734.64,1510.65,559.38,5906.91
"TAS","King Island",143.882369995117,-39.9975700378418,1,2.52,2.93,425958.81,75660.98,4494979.55,4868535.25,606360.02,84648420.49
"TAS","King Island",144.128204345703,-39.9970970153809,1,2.45,3.68,696308166,39573594.06,37718151315.42,14084,3783.52,86352.98
"TAS","Flinders (Tas.)",147.855865478516,-40.0175628662109,1,2.85,3.17,14135896.06,1676238.81,251176342.04,254.03,120.95,700.15
"TAS","Flinders (Tas.)",148.283706665039,-40.0074615478516,1,2.86,3.61,4276788.63,603925.84,59483627.33,5663.09,1741.98,28653.99
"TAS","King Island",143.853927612305,-39.9506721496582,1,2.51,3.14,592271.23,102809.56,6383650.25,89262.49,20396.02,654468.28
"TAS","King Island",144.139312744141,-39.9654006958008,1,2.45,3.02,1439091173.88,73448529.73,90807935628.2,4315495.84,503766.83,85645566.1
"TAS","Flinders (Tas.)",147.798294067383,-39.918342590332,1,2.84,3.36,18515047.37,2175262.72,329182002.07,290049.87,49374.41,3410255.68
"TAS","Flinders (Tas.)",147.89599609375,-39.9532318115234,1,2.85,3.6,10904383.75,1366150.07,178115790.56,188.8,92.75,500.7
"TAS","Flinders (Tas.)",148.263214111328,-39.9630470275879,1,2.85,3.49,7329208.1,952215.85,114789654.68,4669.87,1476.37,22741.85
"TAS","King Island",143.829513549805,-39.9180564880371,1,2.52,3.48,486336.72,85589.41,5175844.66,17239.85,4829.53,96432.91
"TAS","King Island",144.143463134766,-39.9264678955078,1,2.45,3.47,1249995248.42,67195088.58,72119392973.83,65770.97,13764.7,580828.82
"TAS","Flinders (Tas.)",147.766845703125,-39.9082679748535,1,2.84,3.66,22415766.56,2618539.64,398179244.63,156.86,79.04,401.72
"TAS","Flinders (Tas.)",148.205902099609,-39.9435615539551,1,2.85,3.59,7799541.19,1001693.42,124276656.66,3663.11,1212.95,16627.75
"TAS","King Island",143.839248657227,-39.884334564209,1,2.55,3.36,62018.46,14393.03,452162.15,23080.79,6315.68,132363.73
"TAS","King Island",144.136596679688,-39.9176254272461,1,2.45,4.15,886069330.49,51187166.93,45678919604.67,1289.55,511.6,4484.09
"TAS","Flinders (Tas.)",147.744827270508,-39.8761138916016,1,2.84,3.18,26940663.57,3041842.68,503344396.15,1136.4,438.36,4196.22
"TAS","Flinders (Tas.)",148.139068603516,-39.9053268432617,1,2.85,3.57,7264109.09,937723.1,115168541.55,2122.67,749.05,8876.18
"TAS","King Island",143.854507446289,-39.8473930358887,1,2.54,3.35,75179,16851.24,577288.43,29713.25,8068.75,170209.34
"TAS","King Island",144.132369995117,-39.8418426513672,1,2.45,3.27,1053945974.82,61354133.32,52879495319.98,29590.47,7268.23,203954.19
"TAS","Flinders (Tas.)",147.771362304688,-39.8409767150879,1,2.85,3.31,7928505.14,1127644.92,105166141.44,1113.85,428.15,4146.03
"TAS","Flinders (Tas.)",148.091217041016,-39.8570404052734,1,2.85,3.49,6004856.84,797491.3,91463450.32,5433.1,1657.95,27993.11
"TAS","King Island",143.85676574707,-39.7956581115723,1,2.52,3.32,347577.11,62162.65,3671047.99,19904.21,5802.91,102745.35
"TAS","King Island",144.12744140625,-39.817554473877,1,2.45,3.2,921633537.91,54582243.59,45186415280.82,24421.76,6132.82,163628.89
"TAS","Flinders (Tas.)",147.811630249023,-39.8306541442871,1,2.85,3.32,6664740.09,968102.82,85975324.89,1231.88,470,4617.98
"TAS","Flinders (Tas.)",148.043655395508,-39.8109970092773,1,2.86,5.04,4817170.67,653770.22,71490452.75,79.57,44.3,176.99
"TAS","King Island",143.844787597656,-39.7591819763184,1,2.52,3.37,334568.11,60793.55,3439088.32,6384.11,2053.37,29502.77
"TAS","King Island",144.107025146484,-39.7624244689941,1,2.45,3.68,1124679277.97,65275519.22,56489719558.18,8987.43,2705.92,45885.98
"TAS","Flinders (Tas.)",147.84489440918,-39.7629585266113,1,2.85,3.36,8692804.05,1158069.98,128826870.95,1393.98,526.53,5280.23
"TAS","Flinders (Tas.)",148.013427734375,-39.7826461791992,1,2.85,3.74,5978470.26,784619.75,93079001.12,2761.42,926.17,12479.78
"TAS","King Island",143.820816040039,-39.6965179443359,1,2.49,3.48,6818573.69,925911.73,99017928.73,4476.4,1456.44,20715.99
"TAS","King Island",144.110992431641,-39.7095756530762,1,2.45,2.98,910049132.31,53960300.63,44558010889.43,65160.25,15476.62,453863.72
"TAS","Flinders (Tas.)",147.898330688477,-39.7129211425781,1,2.86,3.34,4481284.97,641906.54,60577810.6,190531.02,39287.65,1607959.62
"TAS","Flinders (Tas.)",147.947769165039,-39.7199745178223,1,2.86,3.46,2849339.01,423325.51,37034369.82,2880.21,966.4,12967.55
"TAS","Flinders (Tas.)",147.965942382812,-39.7286834716797,1,2.85,3.78,15980478.79,1851573.49,293983106.12,4632.96,1428.77,23669.45
"TAS","King Island",143.838088989258,-39.6834030151367,1,2.49,3.79,7075676.84,949308.81,104777931.08,558.09,235.92,1822.08
"TAS","King Island",144.111511230469,-39.6770706176758,1,2.45,3.07,839530983.9,50300180.78,40533155122.17,6422.87,1918.57,34052.52
"TAS","King Island",143.924285888672,-39.651180267334,1,2.48,3.8,11911526.04,1408171.17,215110222.29,1526.9,594.62,5435.67
"TAS","King Island",144.095275878906,-39.6545829772949,1,2.45,5.13,662538053.67,41681316.73,29656571866.51,42.41,25.57,84.82
"TAS","King Island",143.921173095703,-39.6032028198242,1,2.48,4,9157860.1,1098005.47,163870918.75,1372.59,513.61,5297.25
"TAS","King Island",144.043029785156,-39.6161041259766,1,2.46,4.64,321712079.72,23502914.7,11429626352.17,221.3,105.93,609.53
"TAS","King Island",143.951919555664,-39.575366973877,1,2.46,3.64,174205919.94,13904530.8,5467157073.23,3397.73,1147.25,14946.48
"TAS","King Island",143.97900390625,-39.5885543823242,1,2.46,3.93,159190196.5,13161258,4708139746.27,4968.98,1517.84,25721.59
"VIC","South Gippsland",146.421844482422,-39.1332206726074,1,2.85,4.34,4284663.81,529101.71,76387836.01,50.54,29.38,106.94
"VIC","South Gippsland",146.439544677734,-39.1008491516113,1,2.85,3.81,5610034.08,662439.54,106814613.63,1993.53,738.22,7653.08
"VIC","Unincorporated Vic",146.250122070312,-39.0228652954102,1,2.87,3.5,470946.83,80064.7,5357969.45,2650.93,926.06,11127.68
"VIC","Unincorporated Vic",146.224090576172,-38.9649429321289,1,2.89,3.38,165873.55,32455.71,1556875,2504.88,901.8,9982.18
"VIC","South Gippsland",146.248489379883,-38.9512329101562,1,2.89,3.47,127553.33,25984.32,1130083.76,3639.34,1208.58,16437.63
"VIC","South Gippsland",145.947830200195,-38.8994636535645,1,2.87,3.92,759413.64,118787.38,9779397.33,195.58,94.6,532.93
"VIC","Colac Otway",143.527114868164,-38.8592071533203,1,2.5,3.74,2242002.7,291232.41,38044688.23,2821.23,955.39,12500.1
"VIC","South Gippsland",145.891571044922,-38.8503303527832,1,2.88,3.28,279194.48,50215.09,2962443.9,10173.39,2837.41,59457.8
"VIC","South Gippsland",146.166641235352,-38.8644256591797,1,2.89,3.87,170602.63,33222.62,1612527.73,2199.53,791.98,8836.14
"VIC","South Gippsland",146.313766479492,-38.8775672912598,1,2.83,3.1,28048594.44,2621311.55,742263289.22,254694.31,48352.95,2457017.99
"VIC","South Gippsland",146.37321472168,-38.8578033447266,1,2.83,2.91,24627707.02,2351076.95,631763970.48,533443.38,99691.29,5058670.78
"VIC","South Gippsland",146.484771728516,-38.8814544677734,1,2.83,4.03,28239879.96,2804914.78,665705843.44,4402.3,1422.96,20647.49
"VIC","South Gippsland",146.266677856445,-38.8223075866699,1,2.83,3.13,34640663.08,3420993.41,814160029.14,246538.63,47861.79,2286738.84
"VIC","South Gippsland",146.389358520508,-38.8456001281738,1,2.83,3.76,29095709.37,2742035.37,755774958.75,308.01,140.59,906.83
"VIC","Colac Otway",143.380554199219,-38.7705993652344,1,2.49,3.98,4446796.67,530626.52,84403702.58,170.38,84.87,443.34
"VIC","Colac Otway",143.422012329102,-38.7849884033203,1,2.5,4,1735010.53,230710.01,28693193.82,982.2,379.81,3647.33
"VIC","South Gippsland",145.861663818359,-38.7764129638672,1,2.89,3.51,133254.67,26591.54,1223704.1,6626.24,2039.2,33138.76
"VIC","South Gippsland",146.223907470703,-38.7741508483887,1,2.82,3.02,80383541.14,7151030.99,2170112359.33,771337.37,128070.56,8872789.53
"VIC","South Gippsland",146.418823242188,-38.8024101257324,1,2.82,3.71,124488837,9675647.64,4202581136.45,486.15,205.95,1596.56
"VIC","Corangamite",143.173309326172,-38.7280006408691,1,2.5,3.76,1395660,201240.68,20084893.1,717.73,289.83,2510.39
"VIC","Colac Otway",143.785034179688,-38.7066078186035,1,2.51,3.48,1062291.82,158009.77,14694611.55,5474.21,1732.95,26305.81
"VIC","South Gippsland",146.206741333008,-38.7418212890625,1,2.82,3,124581523.48,10370746.83,3696739236.42,506118.43,92602.44,5002645.58
"VIC","Wellington",146.462844848633,-38.7444381713867,1,2.81,3.74,510102055.05,33619732.35,21299569318.53,1070.77,403.7,4147.71
"VIC","Colac Otway",143.866333007812,-38.6734504699707,1,2.51,3.48,631005.32,102104.44,7721126.42,3643.5,1155,17974.7
"VIC","South Gippsland",145.768341064453,-38.6752052307129,1,2.89,2.85,201669.31,38266.71,1978554.75,1426209.66,230523.78,16585212.08
"VIC","South Gippsland",146.262573242188,-38.702880859375,1,2.82,3.08,85414478.55,7615483.3,2287395523.38,604392,107877.69,6182288.51
"VIC","South Gippsland",146.317321777344,-38.6941146850586,1,2.82,3.12,163602283.24,12702527.42,5429072786.26,311034.44,60693.95,2816695.5
"VIC","South Gippsland",146.37451171875,-38.701057434082,1,2.82,3.08,170154742.13,13351518.52,5521144107.48,204569.17,41813.6,1746655.83
"VIC","South Gippsland",146.425537109375,-38.7058410644531,1,2.82,3.06,174580017.02,13431421.05,5867565374.77,175480.33,37401.6,1401523.8
"VIC","South Gippsland",146.526977539062,-38.6985206604004,1,2.82,3.12,105795367.31,8729939.5,3226483088.73,124432.67,27624.05,942292.96
"VIC","Wellington",146.581451416016,-38.7003326416016,1,2.83,3.52,63750132.84,5841708.6,1654028101.1,4468.36,1356.1,23613.15
"VIC","Wellington",146.637847900391,-38.696403503418,1,2.83,3.26,19855008.78,2246292.67,376440606.62,66946.17,14531.78,550429.72
"VIC","Wellington",146.684783935547,-38.7009582519531,1,2.85,3.25,3851812.65,560574.17,51049350.57,57426.05,13052.02,437526.99
"VIC","Wellington",146.734375,-38.6946296691895,1,2.86,3.28,1159882.3,193645.01,12878207.49,47451.11,11063.06,349184.89
"VIC","Wellington",146.782333374023,-38.6860198974609,1,1.87,3.31,1522222.92,239398.91,18531940.64,144.09,73.94,358.69
"VIC","Corangamite",143.002075195312,-38.6296424865723,1,2.49,4.5,3351768.8,448729.51,52208895.4,293.77,134.01,868.94
"VIC","Bass Coast",145.551666259766,-38.6480751037598,1,2.88,2.93,223444.2,42390.48,2177480.04,27567.34,6787.33,190110.93
"VIC","Wellington",146.842651367188,-38.6615715026855,1,1.87,2.22,1735490.86,265284.39,22076384.64,31475.9,7926.26,206189.91
"VIC","Wellington",146.872207641602,-38.6447563171387,1,1.85,2.94,11545703.29,1253363.01,244938548.71,603.2,250.48,2025.87
"VIC","Moyne",142.796737670898,-38.5771369934082,1,2.49,3.04,6300333.06,783891.92,107862688.43,14665.34,3866.02,92944.42
"VIC","Corangamite",142.901062011719,-38.6155624389648,1,2.5,3.08,1378963.34,201195.46,19422519.51,43489.75,10362.61,309069.55
"VIC","Wellington",146.93049621582,-38.6043281555176,1,1.86,2.2,6436742.06,765967.28,119603357.4,38282.42,9072.6,277270.73
"VIC","Wellington",146.974472045898,-38.5582618713379,1,1.87,3.15,1664891.43,249989.35,21944207.27,1368.56,512.03,5284.25
"VIC","Bass Coast",145.148681640625,-38.5175552368164,1,2.87,2.8,535743.72,91225.34,6023781.3,33504.16,8126.06,234465.55
"VIC","Wellington",146.998046875,-38.5383987426758,1,1.88,2.52,879544.98,147612.32,9837257.4,2435.75,824.32,10920.18
"VIC","Moyne",142.64680480957,-38.4789199829102,1,1.99,2.89,6850367.15,810461.16,128136426.59,45883.65,9927.08,390666.49
"VIC","Surf Coast",144.097763061523,-38.4742584228516,1,2.52,2.49,404326.26,71800.3,4283529.26,61941.99,14024.73,472877.21
"VIC","Wellington",147.049911499023,-38.4927177429199,1,1.89,3.43,325704.52,63912.25,2911763.88,242.24,112.42,703.18
"VIC","Glenelg",141.558639526367,-38.4331817626953,1,1.97,2.89,306382662.83,22706471.34,10632678214.12,90956.04,18675.04,813274.65
"VIC","Surf Coast",144.1611328125,-38.4358596801758,1,2.52,3.85,473818.71,82616.64,5139074.43,251.65,120.63,685.3
"VIC","Mornington Peninsula",144.849258422852,-38.4480476379395,1,1.97,1.86,270928.96,50961.34,2648153.34,34635.43,8341.89,245034.42
"VIC","Wellington",147.098709106445,-38.4510116577148,1,1.89,2.07,331127.13,64216.66,3021042.18,92749.56,18676.53,859647.87
"VIC","Moyne",142.142532348633,-38.3927955627441,1,1.98,2.27,32820257.86,3477110.39,680106040.08,828773.66,119173.73,12467843.96
"VIC","Moyne",142.209732055664,-38.3974876403809,1,1.98,2.61,18842938.68,2147785.75,353549848.83,8728.5,2486.33,49549.12
"VIC","Warrnambool",142.44255065918,-38.3908538818359,1,1.99,2.59,9743627.05,1124645.99,186357795.08,11201.25,3066.17,67374.27
"VIC","Warrnambool",142.532409667969,-38.4123992919922,1,1.99,2.56,8431987.59,978771.71,161145454.54,24599.53,6119.34,167719.24
"VIC","Wellington",147.159881591797,-38.413703918457,1,1.89,2.03,322801.06,61905.39,3010440.39,154372.01,29275.16,1545692.28
"VIC","Glenelg",141.650573730469,-38.3856811523438,1,1.97,3.64,152495077.94,12484328.33,4605775154.34,299.31,142.86,812.59
"VIC","Mornington Peninsula",144.78840637207,-38.361759185791,1,1.98,2.47,142694.27,32712.71,1012271.28,18789.93,4852.66,121627.31
"VIC","Wellington",147.212829589844,-38.3721466064453,1,1.89,2.12,390570.2,71224.79,3947643.72,135640.91,27796.97,1183437.95
"VIC","Glenelg",141.382507324219,-38.3421783447266,1,1.98,2.33,42830608.73,4258393.03,980604861.4,253072.86,43448.89,2957695.15
"VIC","Moyne",142.009292602539,-38.324577331543,1,1.98,2.24,21712420.87,2439383.85,414638250.5,614479.23,93025.99,8560181.45
"VIC","Glenelg",141.795745849609,-38.2637748718262,1,1.98,2.26,22472252.47,2544333.82,422286665.24,563428.44,85413.58,7881839.77
"VIC","Moyne",141.895767211914,-38.2744064331055,1,1.99,2.62,13493914.68,1612582.24,237075531.01,9094.65,2570.95,52228.79
"VIC","Wellington",147.313613891602,-38.292350769043,1,1.88,2.15,849983.51,135771.03,10440028.36,44824.65,10413.61,333390.73
"VIC","Glenelg",141.286392211914,-38.2221336364746,1,1.98,2.22,38496727.8,3789357.24,904022013.83,457549.97,79595.91,4995716.56
"VIC","Queenscliffe",144.683502197266,-38.246208190918,1,1.92,2.55,1008439.48,181695.44,9848131.97,8390.85,2348.13,49433.59
"VIC","Wellington",147.365676879883,-38.2471771240234,1,1.88,2.38,887890.2,142108.19,10833462.46,3756.94,1236.97,17206.59
"VIC","Glenelg",141.269760131836,-38.2036285400391,1,2,2.6,5311346.74,692737.27,84266821.95,7612.71,2158.81,44039.6
"VIC","Wellington",147.417602539062,-38.2067680358887,1,1.88,2.19,789088.03,130775.08,9094741.9,24279.83,6142.12,160499.87
"VIC","Glenelg",141.208801269531,-38.1662750244141,1,1.98,2.69,32574177.83,3280521.76,741252975.37,5803.52,1715.85,31619.61
"VIC","Wellington",147.474075317383,-38.162956237793,1,1.88,2.16,593772.59,105014.51,6182939.65,33147.09,8022.05,233093.15
"VIC","Glenelg",141.108062744141,-38.1139183044434,1,1.98,2.39,31267126.2,3190223.81,696391921.67,422615.27,69545.01,5155470
"VIC","Greater Geelong",144.714935302734,-38.134162902832,1,1.98,2.58,2328971.25,357675.59,28853794.46,4838.31,1558.34,22699.36
"VIC","Mornington Peninsula",145.081008911133,-38.163745880127,1,1.96,2.34,732581.72,125808.19,7945741.57,16589.98,4533.17,97403.58
"SA","Grant",140.74040222168,-38.0601692199707,1,1.99,2.39,6108079.43,814489.05,92258517.04,89942.46,18638.95,790734.83
"SA","Grant",140.77214050293,-38.0627479553223,1,1.98,2.69,37694238.82,3797397.55,849212964.39,3498.01,1173.31,15548.43
"SA","Grant",140.85432434082,-38.0498161315918,1,1.99,2.48,9804324.84,1187813.37,171356093.51,20239.97,5179.05,132626.69
"SA","Grant",140.912155151367,-38.0582466125488,1,1.99,2.39,11189759.03,1328565.27,201273661.52,138491.87,26144.67,1410414.16
"SA","Grant",140.955093383789,-38.0625228881836,1,1.98,2.45,37356454.24,3675979.28,879478003.18,29859.25,7162.92,215130.49
"VIC","Glenelg",141.0107421875,-38.069766998291,1,1.99,2.4,11188287.67,1323492.77,202621423.74,99342.44,20007.43,915720.84
"VIC","Glenelg",141.052200317383,-38.088062286377,1,1.98,2.6,27443623.2,2842044.03,599703079.95,8323.15,2413.53,45827.16
"VIC","Wellington",147.582229614258,-38.0834007263184,1,1.87,3.53,1515729.71,229293.42,19825272.88,121.11,64.48,284.8
"SA","Grant",140.5830078125,-38.033863067627,1,1.98,3.25,46332493.63,4591486.67,1061900896.74,434.97,195.1,1292.8
"SA","Grant",140.631912231445,-38.0421752929688,1,2,2.53,2890933.16,395596.01,43659635.4,14576.08,3794.54,94683.49
"VIC","Kingston (Vic.)",145.088943481445,-38.0244255065918,1,1.95,1.56,1860482.13,269302.47,26058808.54,582108.55,95840.7,6932283.41
"VIC","East Gippsland",147.579849243164,-38.0433120727539,1,1.82,3.1,1603959560.95,110048441.48,57878831681.4,8218.79,2400.49,44678.93
"VIC","Wellington",147.637832641602,-38.044059753418,1,1.87,2.55,2586933.61,357165.21,38711139.1,1436.15,571.88,4929.11
"SA","Grant",140.501113891602,-37.987247467041,1,2,2.98,4229982.63,614422.18,55953113.55,967.29,396.42,3226.53
"SA","Grant",140.524429321289,-37.9978141784668,1,2,3.21,2670126.23,404562.71,33625476.04,460.34,210.56,1315.6
"SA","Grant",140.429992675781,-37.9360847473145,1,2.01,2.41,2004675.12,313526.84,24246838.68,38335.7,8599.97,308462.72
"VIC","Wyndham",144.773010253906,-37.9353256225586,1,1.95,2.43,4325610.66,586315.4,64775478.39,34599.23,7856.76,274068.86
"VIC","Bayside (Vic.)",144.991851806641,-37.947208404541,1,1.95,1.78,3008725.94,407763.59,46139742.64,25828.55,6515.89,170891.71
"VIC","East Gippsland",147.737213134766,-37.9574432373047,1,1.81,4.14,7408125273.62,417510939.88,348354051019.56,185.19,96.95,437.9
"SA","Grant",140.370849609375,-37.9024505615234,1,2,1.96,3019562.27,462866.1,36977851.36,31279.62,7626.59,217776.42
"VIC","East Gippsland",147.776397705078,-37.914665222168,1,1.82,2.44,827099810.84,60786605.6,27408658713.68,237122.66,45631.28,2241146.18
"VIC","East Gippsland",147.851989746094,-37.911060333252,1,1.83,3.24,298052759.3,25296368.93,8090902292.62,2470.38,850.44,10710.23
"VIC","East Gippsland",147.893478393555,-37.9159851074219,1,1.85,3.5,14242332.51,1501135.67,314805515.08,135.48,74.14,301.29
"SA","Grant",140.36296081543,-37.8788871765137,1,2.02,2.58,711529.54,125975.26,7313673.93,3721.25,1228.14,16978.32
"VIC","East Gippsland",148.105895996094,-37.8565101623535,1,1.85,2.39,10400100.72,1134693.64,220168199.03,3814.55,1259.18,17368.35
"VIC","East Gippsland",148.20671081543,-37.8326759338379,1,1.85,5.06,8777643.01,982095.33,179305891.97,21.08,14.46,34.82
"SA","Grant",140.326446533203,-37.8215484619141,1,2.02,2.72,700002.92,130657.47,6551084.54,4047.6,1325.1,18642.05
"VIC","East Gippsland",148.314437866211,-37.8126602172852,1,1.85,2.45,8401469.05,951000.99,168403093.28,3795.2,1254.48,17242.58
"VIC","East Gippsland",148.414672851562,-37.8078994750977,1,1.86,2.45,6667486.74,773614.18,129638086.74,7656.71,2257.26,41100.51
"VIC","East Gippsland",148.627105712891,-37.814079284668,1,1.85,2.52,18487392.46,1906107.98,418281882.18,7811.64,2280.18,42668.65
"VIC","East Gippsland",148.685501098633,-37.8060111999512,1,1.85,2.67,8386256.42,947780.41,168623595.91,4417.42,1381.82,22038.62
"VIC","East Gippsland",148.844741821289,-37.7903251647949,1,1.86,3.03,5223563.92,642385.46,92561274.29,683.03,288.49,2203.46
"VIC","East Gippsland",149.202941894531,-37.7846832275391,1,2.27,3.13,4704336.85,616261.12,74614765.21,3730.69,1203.95,17754.56
"VIC","East Gippsland",149.285018920898,-37.8005218505859,1,2.27,4.02,9075132.54,1091121.58,161651374.57,114.55,63.69,249.94
"SA","Grant",140.317901611328,-37.7939872741699,1,2.02,2.63,538285.9,95847.61,5570118.59,4260.09,1372.61,20145.78
"VIC","East Gippsland",148.474594116211,-37.8038063049316,1,1.86,1.38,5476331.92,657963.82,101067202.76,1162948.67,179282.61,14945131.66
"VIC","East Gippsland",148.524963378906,-37.7952766418457,1,1.78,3.61,1382608239180493,12451281703943.8,877989926566960896,6651.52,1998.35,34793.6
"VIC","East Gippsland",148.576080322266,-37.8049087524414,1,1.86,2.63,6161696.85,725497.37,117170937.34,4896.33,1516.67,24703.94
"VIC","East Gippsland",148.945434570312,-37.7836303710938,1,1.86,2.68,5002468.71,632155.41,84486674.13,4760.03,1478.44,23941.56
"VIC","East Gippsland",148.998153686523,-37.7844581604004,1,1.86,2.71,5508677.82,692602.81,93317148.64,4044.83,1305.45,19135.99
"VIC","East Gippsland",149.103958129883,-37.7829399108887,1,1.86,3.22,4658146.7,607398.86,74564161.76,253.66,126.96,638.38
"SA","Wattle Range",140.281753540039,-37.7494964599609,1,2.01,2.96,1004145.37,183738.72,9544877.01,2456.02,848.99,10569.73
"VIC","East Gippsland",149.590057373047,-37.7298011779785,1,2.27,3.39,5084147.17,655750.29,82573250.69,431.04,201.07,1193.76
"SA","Wattle Range",140.263427734375,-37.7113876342773,1,2.02,3.05,413530.95,82271.67,3557629.76,877.42,371.97,2768.96
"SA","Wattle Range",140.215057373047,-37.6637725830078,1,2,3.08,2344027.28,376710.67,26764235.8,1238.78,497.93,4216.81
"SA","Wattle Range",140.162246704102,-37.6170768737793,1,2,3.65,2351189.54,375625.73,27125931.47,196.75,100.63,483.32
"SA","Wattle Range",140.13639831543,-37.5949974060059,1,2.03,2.65,208787.28,44158.76,1673761.06,7861.47,2276.84,43565.73
"VIC","East Gippsland",149.841262817383,-37.5509033203125,1,2.27,2.95,3611106.48,489732.77,54647243.68,7770.12,2331.78,40296.36
"VIC","Unincorporated Vic",149.903854370117,-37.5688209533691,1,2.27,2.94,3933552.96,531475.98,59609059.31,2815.43,1020.96,10995.23
"SA","Wattle Range",140.121139526367,-37.5391845703125,1,2.04,2.63,134674.05,30442.78,982724.5,5250.65,1617.17,26646.11
"VIC","East Gippsland",149.93977355957,-37.5252494812012,1,2.27,2.91,3431874.24,478096.92,49588036.48,3749.52,1304.24,15521.36
"SA","Wattle Range",140.065521240234,-37.5013771057129,1,2.02,3.18,391062.12,77900.48,3367182.58,385.53,173.29,1150.46
"VIC","Bega Valley",149.979309082031,-37.5064086914062,1,2.28,3.04,2178333.56,331691.09,27518348.45,1566.99,610.92,5558.53
"SA","Wattle Range",139.950042724609,-37.4479713439941,1,2.03,2.53,295150.76,62447.62,2319460.34,2048.3,768.21,7670.4
"SA","Wattle Range",140.008850097656,-37.4665794372559,1,2.02,2.8,840201.11,142861.12,9201830.66,846.28,358.07,2685.75
"SA","Wattle Range",140.032348632812,-37.4610557556152,1,2.04,3.11,180821.73,37529.44,1512836.45,354.32,152.7,1153.32
"NSW","Bega Valley",149.979293823242,-37.4584083557129,1,2.28,3.03,1880367.96,288899.1,23579963.94,3377.23,1177.31,14013.44
"SA","Wattle Range",139.912963867188,-37.4064483642578,1,2.04,2.81,167033.14,37482.01,1220119.19,331.66,145.81,1043.82
"NSW","Bega Valley",149.966171264648,-37.4288520812988,1,2.28,3.16,1604194.42,252290.25,19467184.42,1554.17,610.01,5449.2
"SA","Wattle Range",139.891525268555,-37.3818130493164,1,2.04,3.35,138747.68,30911.35,1037360.85,46.78,27.31,98.78
"NSW","Bega Valley",149.957244873047,-37.3762359619141,1,2.28,1.79,1412598.35,226369.43,16695021.86,10354587.29,1466072.54,136526602.12
"SA","Wattle Range",139.894088745117,-37.333625793457,1,1.91,3.98,5131989728372030,35781534124429.3,4820553225730711552,229.74,105.8,679.73
"NSW","Bega Valley",149.980178833008,-37.325008392334,1,2.29,2.15,1205559.81,197449.34,13826740.5,19063.12,5511.89,100104.93
"SA","Robe",139.846664428711,-37.2822723388672,1,1.92,3.87,1130952412709173,11143436643534.2,615362985098298624,247.76,113.47,736.65
"NSW","Bega Valley",149.968536376953,-37.3025817871094,1,2.29,2.75,1139531.39,188318.45,12901851.59,853.41,361.82,2697.14
"SA","Robe",139.837127685547,-37.2606010437012,1,1.92,4.28,438825294845852,4754469817712.93,213079658086326400,90.25,47.94,217.61
"NSW","Bega Valley",150.048004150391,-37.2452239990234,1,2.29,2.15,1214528.34,202293.67,13505268.66,17077.31,4793.05,95249.7
"SA","Robe",139.796325683594,-37.2054901123047,1,1.93,3.95,1368662546320.05,32166476135.56,230609838439879,157.14,77.34,420.87
"NSW","Bega Valley",150.03337097168,-37.2239723205566,1,2.29,3.25,1106322.66,186604.48,12092124.6,2503.92,907.12,9864.94
"SA","Robe",139.739883422852,-37.1650085449219,1,2.39,3.49,57798.74,14501.51,367248.04,75.9,41.42,175.93
"NSW","Bega Valley",150.023971557617,-37.1834716796875,1,2.29,3.14,942118.92,163297.5,9896666.75,4171.72,1403.9,18221.91
"SA","Robe",139.747909545898,-37.153434753418,1,2.39,3.22,65793.47,16463.57,416986.22,219.85,102.6,636.06
"NSW","Bega Valley",149.985443115234,-37.1308708190918,1,2.29,3.78,781934.25,139982.87,7834830.8,412.28,192.46,1143.23
"SA","Robe",139.742889404297,-37.0785598754883,1,2.39,3.32,59384.5,15280.75,360222.13,3279.19,1124.72,14044.03
"SA","Robe",139.734085083008,-37.0505256652832,1,2.4,3.58,37726.25,9994.73,222823.36,51.26,29.57,110.01
"NSW","Bega Valley",149.942672729492,-37.0398750305176,1,2.29,3.27,590070.45,110328.07,5558355.98,2834.58,988.93,11874.97
"SA","Kingston (SA)",139.690048217773,-36.9901237487793,1,2.4,3.28,31336.66,8611.43,175212.94,127.68,64.59,329.41
"NSW","Bega Valley",149.936935424805,-37.0071754455566,1,2.29,3.26,583376.47,109702.22,5442918,96.3,51,232.37
"NSW","Bega Valley",149.943054199219,-36.950023651123,1,2.3,3.35,553554.73,105320.62,5072859.73,482.89,216.84,1422.87
"SA","Kingston (SA)",139.687896728516,-36.9373512268066,1,2.45,3.47,5293.65,1773.58,22975.6,48.89,28.65,102.14
"NSW","Bega Valley",149.938751220703,-36.9044761657715,1,2.29,4.6,580249.54,108890.16,5435322.27,72.09,41.94,148.92
"SA","Kingston (SA)",139.751434326172,-36.9028358459473,1,2.46,4.54,3547.31,1246.66,14461.36,66.78,39.22,136.21
"SA","Kingston (SA)",139.796524047852,-36.8766288757324,1,2.47,4.53,2806,1015.03,11009.5,65.97,38.8,134.29
"SA","Kingston (SA)",139.82112121582,-36.8556785583496,1,2.47,3.08,2584.3,944.28,10005.63,93.58,50.32,219.81
"NSW","Bega Valley",149.933685302734,-36.8700866699219,1,2.29,4.7,604485.37,113047,5684204.32,60.14,35.76,120.73
"SA","Kingston (SA)",139.839019775391,-36.8294143676758,1,2.47,3.09,2353.57,870.14,8970.47,103.3,54.66,248.4
"NSW","Bega Valley",149.947814941406,-36.8517150878906,1,2.3,3.08,560640.06,106372.59,5159626.66,393.62,185.22,1078.81
"SA","Kingston (SA)",139.852264404297,-36.7863502502441,1,2.48,2.97,2237.15,838.45,8344.55,152.27,77.59,382.61
"NSW","Bega Valley",149.974624633789,-36.7799644470215,1,2.29,3.05,659759.01,122165.77,6283689.69,413.11,193.65,1136.86
"SA","Kingston (SA)",139.858383178711,-36.74951171875,1,2.48,3.15,1950.11,744.12,7099.06,74.42,41.77,163.83
"NSW","Bega Valley",149.989532470703,-36.7394943237305,1,2.28,3.24,654263.96,121373.27,6213679.06,297.07,144.87,776.14
"SA","Kingston (SA)",139.854141235352,-36.6967544555664,1,2.48,3.18,2033.49,777.74,7354.01,69.84,39.88,149.52
"NSW","Bega Valley",150.001571655273,-36.6849975585938,1,2.28,3.38,736995.54,134682.74,7141417.94,245.64,122.83,620.33
"SA","Kingston (SA)",139.844863891602,-36.6574974060059,1,2.48,2.87,2041,782.51,7347.77,241.9,117.25,647.03
"NSW","Bega Valley",150.015930175781,-36.6494674682617,1,2.28,3.52,803991.87,144577.21,7978768.91,196.38,101.05,477.2
"SA","Kingston (SA)",139.830047607422,-36.6085319519043,1,2.48,3.17,1900.34,736.23,6742.15,75.48,43.13,160.66
"NSW","Bega Valley",150.035064697266,-36.616138458252,1,2.28,3.79,746299.32,136807.71,7186492.6,124.75,67.87,281.54
"SA","Kingston (SA)",139.821029663086,-36.5684852600098,1,2.49,2.97,1554.76,618.37,5323.57,143.79,74.92,348
"NSW","Bega Valley",150.059936523438,-36.5766220092773,1,2.28,3.71,739115.84,136364.96,7040106.15,145.86,77.95,336.9
"SA","Kingston (SA)",139.803558349609,-36.5380020141602,1,2.48,2.97,2069.78,795.74,7408.9,156.54,79.59,394.25
"NSW","Bega Valley",150.06852722168,-36.5477447509766,1,2.28,3.7,733399.45,135441.68,6976624.96,147.98,78.8,343.72
"SA","Kingston (SA)",139.791915893555,-36.4919242858887,1,2.49,3.13,1613.05,640.37,5529.99,82.12,45.22,186.09
"NSW","Bega Valley",150.063095092773,-36.4972381591797,1,2.28,3.55,829612.43,150363.37,8103795.4,180.94,94.1,433.39
"SA","Kingston (SA)",139.775497436523,-36.4551124572754,1,2.5,2.9,1218.26,504.49,3935.58,174.85,88.82,437.9
"NSW","Bega Valley",150.081558227539,-36.442684173584,1,2.28,3.44,817067.03,148463.21,7952290.59,185.1,96.48,441.05
"SA","Kingston (SA)",139.756973266602,-36.4185371398926,1,2.49,3.37,1379.16,560.64,4572.71,171.79,90.12,406.43
"SA","Kingston (SA)",139.731491088867,-36.3667602539062,1,2.49,3.08,1387.58,564.13,4598.19,118.7,63.53,276.82
"NSW","Eurobodalla",150.091186523438,-36.3569068908691,1,2.28,3.44,975693.99,173617.53,9759116.95,200.4,103,487.39
"SA","Kingston (SA)",139.714538574219,-36.3330459594727,1,2.49,2.88,1377.31,560.16,4563.12,322.54,150.32,910.5
"NSW","Eurobodalla",150.136993408203,-36.3149375915527,1,2.28,3.51,843154.26,153325.63,8180225.82,183.68,95.39,440.68
"SA","Kingston (SA)",139.683654785156,-36.2842216491699,1,2.49,2.84,1484.81,599.29,4965.67,363.59,166.23,1055.31
"NSW","Eurobodalla",150.148056030273,-36.2723121643066,1,2.28,2.83,763067.91,141770.08,7166165.36,2352.57,815.76,10095.62
"SA","Coorong",139.689453125,-36.2381134033203,1,2.37,3.71,178575.9,33221.75,1835141.95,353.91,161.75,1029.59
"NSW","Eurobodalla",150.148941040039,-36.2385597229004,1,2.28,3.87,678137.06,129036.04,6144540.64,104.28,57.55,231.79
"SA","Coorong",139.628814697266,-36.1987915039062,1,2.49,3.13,1562.2,626.57,5268.41,114.4,60.25,275.6
"NSW","Eurobodalla",150.134841918945,-36.1971473693848,1,2.28,3.37,750703.77,140740.68,6944308.58,472.52,202.39,1522.57
"SA","Coorong",139.625747680664,-36.1536979675293,1,2.29,4.11,699812890.26,43678190.24,31676630144.03,205.51,100.04,551.24
"NSW","Eurobodalla",150.13459777832,-36.165225982666,1,2.28,5.16,807921.23,149984.63,7574441.8,24.52,16.07,43.55
"SA","Coorong",139.571441650391,-36.1088409423828,1,2.49,3.02,1589.75,631.93,5441.96,143.34,73.53,357.2
"NSW","Eurobodalla",150.140396118164,-36.108341217041,1,2.28,2.88,750687.39,140752.53,6942865.29,15997.3,4197.61,101639.3
"SA","Kangaroo Island",136.905456542969,-36.0443840026855,1,2.85,4.02,262452.18,52820.96,2270246.35,1201.95,464.54,4405.5
"SA","Kangaroo Island",136.928207397461,-36.0405349731445,1,2.85,4.41,275237.15,54897.21,2413143.7,322.97,150.26,914.58
"SA","Kangaroo Island",137.016082763672,-36.029296875,1,2.85,4.32,284403.06,56287.15,2523863.6,576.67,246.46,1840.23
"SA","Kangaroo Island",137.049743652344,-36.0282287597656,1,2.85,3.5,264574.97,53224.63,2289341.36,20297,5464.35,120888.49
"SA","Kangaroo Island",137.123550415039,-36.0327224731445,1,2.85,3.41,243388.88,49441.05,2079606.05,31241.07,8061.5,195728.5
"SA","Kangaroo Island",137.13444519043,-36.034538269043,1,2.86,3.46,236509.29,48920.12,1959223.55,25901.49,6898.52,154941.19
"SA","Kangaroo Island",137.426620483398,-36.0531272888184,1,2.86,3.27,145589.8,32381.83,1088747.72,23912.86,6903.29,124360.99
"SA","Kangaroo Island",137.475936889648,-36.0683212280273,1,2.37,3.5,204755.48,43776.04,1611794.48,1619.69,604.35,6213.95
"SA","Kangaroo Island",137.515167236328,-36.0489692687988,1,2.37,3.66,154072.09,34405.03,1140349.63,694.41,293.73,2231.7
"SA","Kangaroo Island",137.568801879883,-36.0300827026367,1,2.37,3.94,145981.82,32788.23,1072591.21,107.65,57.51,253.48
"SA","Coorong",139.581848144531,-36.0672988891602,1,2.26,4.49,17328850920246.6,282638439612.04,4870875967355578,80.44,44.52,180.88
"NSW","Eurobodalla",150.143844604492,-36.0624465942383,1,2.26,2.72,742127.55,139638.76,6825363.35,16206.91,4614.24,88351.31
"SA","Kangaroo Island",136.690704345703,-36.0229301452637,1,2.86,3.88,128982.62,28237.53,999608.7,3056.93,1064.6,12786.53
"SA","Kangaroo Island",136.73811340332,-36.0450325012207,1,2.86,3.23,232906.25,47790.52,1959231.24,39208.47,10282.71,235297.67
"SA","Kangaroo Island",136.788467407227,-36.0343894958496,1,2.86,3.3,216711.06,45614.77,1748579.83,43819.32,11094.59,278363.18
"SA","Kangaroo Island",136.846450805664,-36.0241584777832,1,2.86,3.35,204819.84,43732.12,1616078.76,16143.16,4864.46,79502.34
"SA","Kangaroo Island",137.273880004883,-35.9951553344727,1,2.86,3.46,148400.31,32953.63,1111765.32,33664.34,8049.94,241916.03
"SA","Kangaroo Island",137.32177734375,-35.9999389648438,1,2.88,3.58,51926.24,13450.08,313605,7661.21,2382.39,37232.86
"SA","Kangaroo Island",137.382507324219,-36.0181884765625,1,2.86,4.03,131238.48,29602.59,962752.16,1147.97,452.38,4070.74
"SA","Kangaroo Island",137.603118896484,-36.0112037658691,1,2.37,4.15,139545.86,31456.21,1021302.65,79.07,44.33,173.71
"SA","Coorong",139.566696166992,-36.0242233276367,1,2.26,4.64,20843753236248.7,314863931807.13,6684116651620550,60.62,34.73,130.19
"NSW","Eurobodalla",150.156890869141,-36.0260467529297,1,2.26,2.93,732467.26,138059.25,6720770.73,12915.94,3468.97,79726.59
"SA","Kangaroo Island",136.633361816406,-35.9650650024414,1,2.87,3.82,105295.09,23776.93,780914.08,2187.63,804.66,8453.21
"SA","Kangaroo Island",137.626693725586,-35.9808921813965,1,2.38,4.43,118687.23,27554.41,831729.46,55.08,32.73,111.25
"SA","Coorong",139.525054931641,-35.9813766479492,1,2.26,4.55,13108149991743.3,205377347042.49,4053929055516879,68.7,38.93,149.34
"NSW","Eurobodalla",150.16096496582,-35.9916725158691,1,2.26,3.18,723820.27,137209.5,6579206.06,1528.88,578.71,5733.14
"SA","Kangaroo Island",136.578521728516,-35.9429016113281,1,2.88,3.56,68825.13,16632.31,463074.21,6797.91,2119.91,33116.33
"SA","Kangaroo Island",137.603698730469,-35.9404640197754,1,2.38,5.17,120538.85,27990.93,843624.58,25.49,16.66,45.38
"SA","Coorong",139.421813964844,-35.9398231506348,1,2.48,3.87,2153.75,821.95,7793.99,89.01,50.02,193.32
"SA","Coorong",139.464080810547,-35.943431854248,1,2.26,4.23,3856964465539.6,65818011830.34,1108728009137451,160.32,80.79,409.96
"NSW","Eurobodalla",150.163665771484,-35.9351654052734,1,2.26,3.19,704933.45,133874.18,6395948.57,661.14,285.89,2046.94
"SA","Kangaroo Island",136.536087036133,-35.896728515625,1,2.53,2.92,43300.74,11301.64,260615.43,46974.93,12768.86,262039.77
"SA","Kangaroo Island",137.677032470703,-35.8850936889648,1,2.38,2.72,88371.49,21466.06,580873.13,25784.09,7502.9,131714.11
"SA","Kangaroo Island",137.725204467773,-35.8824005126953,1,2.38,3.32,87185.82,21218.02,571591.42,1093.85,436.55,3801.03
"SA","Kangaroo Island",137.788360595703,-35.8557510375977,1,2.38,3.17,83726.96,20492.56,544615.05,2641.36,957.57,10359.81
"SA","Kangaroo Island",137.871337890625,-35.8728942871094,1,2.38,3.16,82373.52,20227.94,533165.23,2996.94,1061.81,12162.06
"SA","Kangaroo Island",137.88493347168,-35.8728485107422,1,2.38,3.36,83777.39,20522.6,544093.94,1267.25,493.87,4557.67
"SA","Kangaroo Island",137.96125793457,-35.8787040710449,1,2.38,3.33,73333.88,18272.52,465512.17,1223.99,481.81,4331.41
"SA","Kangaroo Island",138.001083374023,-35.8967895507812,1,2.38,3.14,71596.08,17875.96,453434.84,2710.19,981.84,10626.74
"SA","Kangaroo Island",138.052825927734,-35.8993873596191,1,2.38,3.28,87575.72,21353.38,572084.14,1010.16,409.05,3434.98
"SA","Kangaroo Island",138.082214355469,-35.8790435791016,1,2.38,4.94,81800.53,20068.61,530528.35,32.17,20.4,59.69
"SA","Coorong",139.373916625977,-35.8965225219727,1,2.47,2.96,2423.3,909.99,8966.2,240.62,115.31,657.57
"NSW","Eurobodalla",150.189926147461,-35.8637771606445,1,2.26,3.4,674291.06,129116.46,6043962.23,1167.65,443.65,4428.21
"SA","Kangaroo Island",138.135406494141,-35.8457832336426,1,2.37,4.65,183953.21,39180.1,1466965.85,48.93,29.45,97.25
"SA","Coorong",139.319274902344,-35.8516044616699,1,2.47,3,2844.8,1058.24,10608.87,234.28,112.41,639.93
"NSW","Eurobodalla",150.194900512695,-35.8571395874023,1,2.26,4.3,684351.87,130581.16,6167508.26,56.27,34.58,106.94
"SA","Kangaroo Island",136.559677124023,-35.8249588012695,1,2.53,3.36,36098.63,9426.7,219363.24,4415.58,1370.72,22355.35
"SA","Kangaroo Island",138.12907409668,-35.8107795715332,1,2.37,4.96,169186.48,36435.46,1329101.11,33.53,21.17,62.51
"SA","Coorong",139.272583007812,-35.809326171875,1,2.47,3.01,2919.75,1078.06,11017.32,198.01,97.36,522.56
"NSW","Eurobodalla",150.236907958984,-35.8035354614258,1,2.27,4.26,623522.63,120838.31,5494859.32,97.07,54.28,211.65
"SA","Kangaroo Island",136.564651489258,-35.7734603881836,1,2.54,2.99,34391.65,9104.17,204499.56,58967.03,14159.71,405088.47
"SA","Kangaroo Island",138.073806762695,-35.774959564209,1,2.37,5.07,179151.92,37925.79,1446742.53,31.71,20.15,58.62
"SA","Coorong",139.215682983398,-35.7648048400879,1,2.47,3.11,2932.49,1080.95,11095.7,132.86,69.08,324.48
"NSW","Eurobodalla",150.236831665039,-35.7761192321777,1,2.26,3.34,654590.11,125869.4,5833560.6,120.02,64.25,279.57
"SA","Kangaroo Island",136.588409423828,-35.7481994628906,1,2.54,4.03,28765.42,7794.3,165738.53,65.79,38.06,138.04
"SA","Kangaroo Island",136.626861572266,-35.7417831420898,1,2.89,3.74,27538.25,7512.6,157140.77,1704.81,615.12,6941.57
"SA","Kangaroo Island",138.066772460938,-35.7513809204102,1,2.37,2.88,171456.84,35809.89,1422794.15,6104.82,2018.36,26912.96
"SA","Yankalilla",138.176651000977,-35.6691741943359,1,2.39,2.96,70253.06,17257.97,458445.83,9136.65,2766.74,46107.44
"SA","Yankalilla",138.198532104492,-35.6705513000488,1,2.39,4.58,66460.7,16510.12,426456.26,72.4,41.28,155.04
"SA","Coorong",139.162200927734,-35.7285499572754,1,2.45,3.52,4125.48,1467.04,16327.06,54.12,32.01,110.38
"NSW","Eurobodalla",150.282455444336,-35.7173690795898,1,2.27,2.92,585416.21,114195.86,5117329.69,450.86,204.56,1309.22
"SA","Kangaroo Island",136.706756591797,-35.725227355957,1,2.9,4.93,23664.7,6612.31,130493.68,31.81,20.36,58.01
"SA","Kangaroo Island",136.731002807617,-35.7152709960938,1,2.9,4.67,22436.45,6328.28,122027.88,49.37,29.89,97.04
"SA","Kangaroo Island",136.78987121582,-35.6979751586914,1,2.9,3.85,19642.39,5673.76,103154.63,1548.42,626.6,5142.96
"SA","Kangaroo Island",137.616470336914,-35.674991607666,1,2.84,3.4,605833.53,103627.18,6700072.19,6622.83,2157.96,29829.91
"SA","Kangaroo Island",137.649337768555,-35.6554565429688,1,2.84,3.49,616404.56,105065.36,6853788.3,2618.1,971.76,9847.18
"SA","Kangaroo Island",137.763717651367,-35.7223281860352,1,2.85,3.48,399423.93,72814.63,4033835.36,2421.01,910.34,8936.97
"SA","Kangaroo Island",137.775573730469,-35.7165031433105,1,2.85,3.65,384916,70757.28,3837093.95,1757.58,671.06,6430.63
"SA","Kangaroo Island",137.890029907227,-35.723461151123,1,2.36,3.16,246254.84,48805.69,2199067.84,1610.76,623.15,5784.81
"SA","Kangaroo Island",137.907119750977,-35.714672088623,1,2.37,3.18,192447.76,39719.6,1620401.75,1185.45,463.61,4254.43
"SA","Kangaroo Island",137.988906860352,-35.7158203125,1,2.38,2.88,110072.25,24778.04,818804.51,2087.21,774.38,7962.22
"SA","Kangaroo Island",138.013977050781,-35.7265586853027,1,2.37,2.89,154314.56,32728.48,1253247.97,4525.27,1509.67,19982.47
"SA","Yankalilla",138.130722045898,-35.6500282287598,1,2.39,2.96,51019.02,13179.4,309909.28,4318.35,1419.66,19649.67
"SA","Yankalilla",138.246475219727,-35.6603355407715,1,2.39,3.25,47848.44,12468,287226.36,1521.15,570.96,5795.88
"SA","Yankalilla",138.312057495117,-35.6453323364258,1,2.4,3.39,32784.33,9063.17,180934.51,1321.51,505.87,4899.97
"SA","Yankalilla",138.3759765625,-35.6453437805176,1,2.4,3.14,33941.68,9334.89,188679.55,1683.02,639.14,6235.17
"SA","Yankalilla",138.414459228516,-35.6428642272949,1,2.4,3.22,33498.44,9202.97,186707.25,1356.11,528.57,4855.21
"SA","Victor Harbor",138.478042602539,-35.6393089294434,1,2.4,3.21,26083.38,7397.99,139291.36,1409.31,546.26,5085.09
"SA","Victor Harbor",138.513809204102,-35.6463623046875,1,2.41,4.36,21100.35,6159.72,108321.9,97.89,53.64,221.3
"SA","Coorong",139.103012084961,-35.6852188110352,1,2.45,3.37,4372.63,1539.92,17548.89,71.78,40.84,154.45
"NSW","Eurobodalla",150.305648803711,-35.6829795837402,1,2.27,3.67,567743.09,111222.64,4933722.89,68.96,40.01,143.52
"SA","Kangaroo Island",136.849060058594,-35.6847915649414,1,2.9,4.93,18548.54,5410.73,96026.32,34.49,21.92,63.47
"SA","Kangaroo Island",136.900344848633,-35.6795883178711,1,2.9,4.59,20336.39,5848.26,107436.3,56.04,33.29,113.16
"SA","Kangaroo Island",136.94677734375,-35.6725311279297,1,2.9,4.17,22532.58,6400.43,120984.8,121.59,65.83,277.28
"SA","Kangaroo Island",137.011520385742,-35.6639022827148,1,2.9,3.83,21545.56,6192.22,113580.3,280.89,135.2,753.89
"SA","Kangaroo Island",137.058792114258,-35.6631202697754,1,2.9,3.48,25351.23,7152.93,136851.34,935.55,389.75,3035.25
"SA","Kangaroo Island",137.106231689453,-35.6534042358398,1,2.89,3.67,28724.83,7987.34,158039.62,7201.5,2267.68,34337.26
"SA","Kangaroo Island",137.630981445312,-35.6381607055664,1,2.84,3.56,562404.16,96773.58,6181425.28,1201.51,475.44,4216.07
"SA","Yankalilla",138.093200683594,-35.6287651062012,1,2.39,3,46610.8,12002.1,286205.52,1634.45,628.99,5921.15
"SA","Victor Harbor",138.55793762207,-35.6218681335449,1,2.41,4.69,23912.64,6826.06,126853.95,73.44,41.63,158.87
"SA","Coorong",139.046203613281,-35.6484336853027,1,2.45,3.84,4885.07,1694.32,20021.17,31.2,20,56.81
"NSW","Shoalhaven",150.336212158203,-35.6333694458008,1,2.27,3.14,523813.97,103943.55,4469396.59,500.04,225.18,1462.74
"SA","Kangaroo Island",137.179275512695,-35.6163673400879,1,2.88,3.31,55508.82,14178.37,342404,71621.81,16658.32,515332.58
"SA","Kangaroo Island",137.632522583008,-35.5992774963379,1,2.84,3.82,639340.9,108139.54,7193757.24,374.82,171.36,1085.81
"SA","Coorong",139.058990478516,-35.5978546142578,1,2.25,4.35,1680121241418021,16413329865814.7,905125756562196992,165.27,85.74,399.69
"NSW","Shoalhaven",150.376419067383,-35.5752372741699,1,2.27,3.13,527167,104135.48,4532490.45,575.64,253.13,1743.29
"SA","Kangaroo Island",137.239776611328,-35.6021537780762,1,2.87,3.96,74521.02,18058.41,496635.06,426.08,194.1,1232.45
"SA","Kangaroo Island",137.285034179688,-35.5917587280273,1,2.87,4.01,90255.16,21151.27,631712.07,478.51,215.56,1402.57
"SA","Kangaroo Island",137.310577392578,-35.5752601623535,1,2.86,3.59,177959.21,37835.95,1426522.33,1279.69,512.64,4374.23
"SA","Kangaroo Island",137.372985839844,-35.5833930969238,1,2.86,3.67,226210.26,45601.93,1968575.3,1380.72,536.36,4968.23
"SA","Kangaroo Island",137.425735473633,-35.5836410522461,1,2.85,3.82,286195.41,55402.78,2643345.11,841.77,346.89,2803.81
"SA","Kangaroo Island",137.48600769043,-35.574275970459,1,2.85,3.62,285513.69,54786.45,2680427.43,2343.34,843.07,9389.71
"SA","Kangaroo Island",137.555801391602,-35.571605682373,1,2.85,3.83,341468.4,63393.58,3368314.4,1065.35,424.19,3724.11
"SA","Kangaroo Island",137.586929321289,-35.5594902038574,1,2.85,3.93,373553.84,68330.31,3765201.94,412.05,184.88,1228.23
"SA","Yankalilla",138.115966796875,-35.5587463378906,1,2.39,3.71,59355.53,13974.28,422617.29,142.05,73.34,349.96
"SA","Alexandrina",138.684585571289,-35.5412063598633,1,2.41,3.06,18782.1,5500.3,96495.29,982.12,403.43,3259.2
"SA","Alexandrina",138.741424560547,-35.5217819213867,1,2.42,2.63,13055.41,4003.81,63052.26,5461.76,1736.72,26033.57
"SA","Coorong",139.054931640625,-35.5639686584473,1,2.31,4.05,55918410.56,5534529.2,1269612571.05,182.19,92.97,451.36
"NSW","Shoalhaven",150.421203613281,-35.5334854125977,1,2.27,3.55,446211.55,90587.52,3688896.86,395.7,177.65,1181.35
"SA","Yankalilla",138.144882202148,-35.5329360961914,1,2.39,1.96,67515.84,15389.28,506126.75,1429600.54,229425.8,16839333.94
"SA","Alexandrina",138.788360595703,-35.5141334533691,1,2.28,2.95,10121268897.11,631299885.69,391367929123.16,112048.58,23980.3,913290.83
"SA","Alexandrina",138.837677001953,-35.5001106262207,1,2.27,3.5,61404716133.6,2401566089.84,4931848436434.97,5153.29,1569.17,26765.26
"SA","Alexandrina",138.90217590332,-35.495979309082,1,2.28,3.59,23436361594.96,1073835315.99,1496196497443.62,3016.71,1033.74,13013.19
"SA","Coorong",139.107757568359,-35.5152053833008,1,2.3,3.95,153975155.98,13679205.88,4001164572.82,258.02,124.6,692.07
"NSW","Shoalhaven",150.419357299805,-35.5245475769043,1,2.27,3.62,439296.33,89232,3631265.48,310.31,144.07,884.4
"SA","Yankalilla",138.167190551758,-35.5175514221191,1,2.38,3.23,71622.41,16093.01,549261.97,768.7,312.31,2644.98
"SA","Yankalilla",138.272125244141,-35.4736175537109,1,2.39,2.1,57413.98,13199,428191.67,28204.8,6874.58,197948.91
"SA","Alexandrina",138.961532592773,-35.4710655212402,1,2.31,3.66,51537276.18,5081445.91,1184294828.82,2008.31,727.42,8027.69
"SA","Coorong",139.153701782227,-35.4944000244141,1,2.3,3.78,299745687.99,24183032.87,8912588247.79,977.69,392.57,3383.8
"SA","Coorong",139.235153198242,-35.4806175231934,1,2.3,3.78,442263857.89,31483046.89,16145718159.15,800.76,330.79,2663.81
"SA","Coorong",139.255584716797,-35.4789352416992,1,2.31,3.96,107580413.66,9234681.48,3044619590.34,172,86.79,436.65
"NSW","Shoalhaven",150.401947021484,-35.463996887207,1,2.27,3.66,468581.63,94526.11,3907204.99,477.68,209.95,1465.25
"SA","Yankalilla",138.296783447266,-35.4467391967773,1,2.39,2.13,58265.93,13338.92,437523,12955.48,3532.46,77684.8
"SA","Alexandrina",138.965591430664,-35.436954498291,1,2.3,3.87,157903001.43,14493689.44,3863181787.49,459.63,204.44,1382.48
"SA","Murray Bridge",139.308883666992,-35.4209632873535,1,2.32,4.02,14557553.6,1701996.84,264950254.58,139.12,73.47,329.2
"NSW","Shoalhaven",150.448516845703,-35.4087524414062,1,2.3,3.75,458744.73,92741.6,3814992.64,441.27,196.11,1332.78
"SA","Yankalilla",138.328460693359,-35.4014854431152,1,2.39,2.17,49391.61,11582.71,358543.66,4733.85,1496.75,23027.22
"SA","Alexandrina",138.99983215332,-35.4025688171387,1,2.29,3.56,910622089.45,70616438.19,27273861811.74,2725.45,926.3,12022.42
"SA","Alexandrina",139.054641723633,-35.3926849365234,1,2.3,3.65,577108810.24,46344680.02,16658894491.69,1800.75,643.99,7428.05
"SA","Alexandrina",139.106964111328,-35.3879737854004,1,2.3,3.94,468360647.27,36718256.6,14283375664.19,313.69,146.38,885.1
"SA","Murray Bridge",139.308380126953,-35.3877601623535,1,2.34,4.02,2387487.16,357189.27,30969534.76,129.65,69.75,297.92
"NSW","Shoalhaven",150.472244262695,-35.379711151123,1,2.3,3.74,444171.39,89837.57,3697067.57,491.32,214.18,1527.41
"SA","Yankalilla",138.377059936523,-35.3707275390625,1,2.39,2.36,46128.15,10903.27,331465.15,1195.52,451.04,4587.49
"SA","Murray Bridge",139.161315917969,-35.3434677124023,1,2.31,3.75,32270833.24,3379733.7,683663007.08,714.14,288.7,2493.5
"SA","Murray Bridge",139.211624145508,-35.3311576843262,1,2.33,3.78,4658146.7,617703.9,72282382.77,481.48,206.71,1542.54
"SA","Murray Bridge",139.268783569336,-35.3396034240723,1,2.34,3.81,1666959.88,251562.32,21766421.13,215.56,105.12,574.49
"NSW","Shoalhaven",150.476806640625,-35.3392028808594,1,2.3,3.35,427041.77,87034.26,3514487.5,1224.71,481.7,4340.14
"SA","Yorke Peninsula",136.892074584961,-35.2995147705078,1,2.9,3.49,25070.81,6988.78,138371.81,2818.93,1031.62,10828.5
"SA","Yorke Peninsula",136.94612121582,-35.2843360900879,1,2.89,3.75,30417.83,8170.81,177439.35,2448.89,872.48,9962.68
"SA","Onkaparinga",138.437393188477,-35.2955360412598,1,2.4,2.46,37196.79,9070.41,255850.63,380.64,179.43,1041.93
"NSW","Shoalhaven",150.514236450195,-35.2721939086914,1,2.3,2.92,464867.72,92564.79,3967713.1,2241.35,832.94,8487.98
"SA","Yorke Peninsula",136.833374023438,-35.2586517333984,1,2.93,3.46,6577.22,2210.13,28050.78,2458.44,911.9,9291.1
"SA","Yorke Peninsula",136.983993530273,-35.2511100769043,1,2.89,3.72,40932.51,10569.78,251951.4,1050.36,438.22,3376.1
"SA","Yorke Peninsula",137.068176269531,-35.2329216003418,1,2.88,3.54,45690.7,11522.67,291610.86,1516.77,602.94,5205.68
"SA","Yorke Peninsula",137.108047485352,-35.2438087463379,1,2.88,3.62,52630.97,12961.18,347732.51,1532.52,603.51,5345.7
"SA","Yorke Peninsula",137.158889770508,-35.2424430847168,1,2.87,3.68,74505.5,17634.79,518028.7,2539.72,897.75,10458.95
"SA","Onkaparinga",138.437713623047,-35.2665901184082,1,2.4,2.56,36349.43,8892.48,248902.69,286.09,140.57,739.12
"NSW","Shoalhaven",150.545104980469,-35.2491569519043,1,2.3,3.18,462771.72,92898.85,3894632.2,1960.98,721.11,7633.48
"SA","Yorke Peninsula",136.839752197266,-35.2131881713867,1,2.93,4.01,6234.04,2123.06,26041.1,788.96,337.86,2460.22
"SA","Yorke Peninsula",137.194564819336,-35.2126617431641,1,2.87,3.71,82191.81,19378.09,572186.27,2070.42,751.96,8217.81
"SA","Onkaparinga",138.463119506836,-35.2146835327148,1,3.16,3.4,29871.44,7522.58,196342.31,197.75,102.88,471.05
"NSW","Shoalhaven",150.567932128906,-35.2025871276855,1,2.3,3,475380.21,94491.93,4065128.45,411.7,194.07,1122.01
"NSW","Shoalhaven",150.596466064453,-35.1903190612793,1,2.3,3.08,495432.03,98268.69,4243060.89,357.46,173.65,930.81
"NSW","Unincorp. Other Territories",150.691772460938,-35.2010726928711,1,2.3,3.93,389838.71,79035.6,3254012.71,42.22,26.3,79.54
"NSW","Unincorp. Other Territories",150.708023071289,-35.1964263916016,1,2.3,5.3,350237.47,72360.34,2844015.19,33,20.86,61.46
"WASouth","Albany",117.603546142578,-35.1297760009766,1,2,4.86,648207.93,113862.02,6797496.66,63.86,37,133.84
"WASouth","Albany",117.638542175293,-35.136344909668,1,2,3.37,797304.66,137206.09,8570330.67,789.88,328.37,2599.35
"SA","Yorke Peninsula",136.848587036133,-35.1861114501953,1,2.91,4.15,12152.87,3744.85,58429.37,548.42,244.32,1626.9
"SA","Yorke Peninsula",137.264556884766,-35.1675338745117,1,2.87,4.07,73464.03,17408.15,510161.2,426.19,195.01,1222.76
"SA","Yorke Peninsula",137.310241699219,-35.1675987243652,1,2.87,3.8,95052.26,21687.67,696086.18,675.6,297.84,2017.77
"SA","Yorke Peninsula",137.348373413086,-35.1653175354004,1,2.85,3.68,237795.42,45973.52,2227826.71,1331.28,529.14,4604.78
"SA","Yorke Peninsula",137.610473632812,-35.1551742553711,1,2.86,3.64,230296.4,43559.73,2252252.74,1320.26,524.63,4571.01
"SA","Yorke Peninsula",137.634674072266,-35.1674423217773,1,2.85,4.2,286011.01,52337.43,2932511.93,313.21,152.02,822.77
"SA","Yorke Peninsula",137.679443359375,-35.1711044311523,1,2.85,4.04,350405.51,62286.83,3741536.08,40.2,25.17,75.27
"NSW","Unincorp. Other Territories",150.762313842773,-35.1617126464844,1,2.31,2.84,320905.89,67269.09,2552006.24,2933.27,1046.55,11768.54
"WASouth","Albany",117.537940979004,-35.0852127075195,1,2.01,3.64,510226.14,91583.65,5220092.51,118.24,61.22,293.46
"WASouth","Albany",117.644309997559,-35.1269073486328,1,2,3.23,777100.59,133557.19,8385962.59,831.49,345.47,2730.31
"WASouth","Albany",117.856033325195,-35.1080741882324,1,2,3.2,646304.14,113848.98,6743879.5,1183.61,481.47,3953.69
"WASouth","Albany",117.946891784668,-35.1290817260742,1,2,2.87,926119.86,158571.38,9956129.16,1554.12,597.82,5651.74
"SA","Yorke Peninsula",136.918487548828,-35.1413688659668,1,2.91,3.94,13470.37,4073.11,66596.88,707.62,309.79,2134.21
"SA","Yorke Peninsula",137.412414550781,-35.1113395690918,1,2.86,3.77,218059.37,42370.21,2035517.3,694.93,303.63,2105.62
"SA","Yorke Peninsula",137.487014770508,-35.1126708984375,1,2.86,3.83,179696.98,35524.76,1645330.49,586.49,262.28,1721.13
"SA","Yorke Peninsula",137.524642944336,-35.1180801391602,1,2.86,4.24,200810.42,38983.74,1887980.5,309.62,150.97,807.29
"SA","Yorke Peninsula",137.740158081055,-35.1296997070312,1,2.85,3.87,287329.72,52994.73,2901914.98,837.74,345.81,2782.58
"SA","Onkaparinga",138.462600708008,-35.1263885498047,1,3.17,4.01,27950.36,7133.8,179978.71,41.12,25.69,77.19
"NSW","Unincorp. Other Territories",150.775543212891,-35.1180725097656,1,2.31,2.66,324192.63,67920.93,2579220.88,4242.74,1436.11,18317.49
"WASouth","Manjimup",116.499481201172,-35.039623260498,1,2,2.33,670743.48,117604.28,7042606.88,34439.86,8605.48,227536.97
"WASouth","Manjimup",116.626121520996,-35.0582046508789,1,2.01,2.27,526369.99,93190.88,5512178.02,54082.75,12724.66,387857.71
"WASouth","Manjimup",116.632537841797,-35.0628356933594,1,2,2.22,651269.15,113021.76,6980708.43,95635.03,21203.74,737759.37
"WASouth","Manjimup",116.657424926758,-35.0581321716309,1,2,2.78,549574.86,97972.05,5667422.14,2955.97,1062.84,11689.05
"WASouth","Denmark",116.862083435059,-35.0571975708008,1,2,2.42,933735.63,154945.06,10622162.81,14333.7,4105.27,77884.36
"WASouth","Denmark",116.911567687988,-35.0656433105469,1,2,3.23,611625.61,106846.45,6502312.8,1189.25,467.81,4221.47
"WASouth","Denmark",116.92749786377,-35.0664024353027,1,2,2.67,748181.11,128102.18,8148926.52,4570.5,1538.55,19841.15
"WASouth","Denmark",117.01692199707,-35.0369186401367,1,2.01,2.75,294229.36,56166.39,2783456.26,3467.71,1197.42,14616.79
"WASouth","Denmark",117.070243835449,-35.0396041870117,1,2,2.6,555884.94,98368.45,5806400.98,2714.76,986.87,10577.85
"WASouth","Denmark",117.12614440918,-35.0523452758789,1,2.01,3.86,486243.53,87115.4,5007048.82,151.87,78.45,372.15
"WASouth","Albany",117.43677520752,-35.0582695007324,1,2.01,4.09,454941.02,82572.19,4593571.17,85.9,47.82,190.19
"WASouth","Albany",117.478675842285,-35.0829620361328,1,2.02,2.72,208429.6,41592.37,1857486.9,1094.16,423.17,4030.92
"WASouth","Albany",117.654037475586,-35.0811538696289,1,2,3.36,772306.48,132600.34,8352664.83,1435.48,545.91,5358.32
"WASouth","Albany",117.752479553223,-35.0632133483887,1,2,3.62,573367.95,102336.03,5884375.91,453.55,205.38,1321.22
"WASouth","Albany",117.799957275391,-35.0789680480957,1,2,2.1,572110.05,102381.59,5844021.85,1327571.91,200672.39,17542692.3
"WASouth","Albany",117.998588562012,-35.083553314209,1,2,3.1,1215000.89,197998.49,14056313.03,1101.45,437.22,3863.81
"SA","Yorke Peninsula",136.942672729492,-35.1013793945312,1,2.91,4.58,12083.44,3704.39,58648.47,427.47,197.96,1200.01
"SA","Yorke Peninsula",137.752334594727,-35.0895500183105,1,2.86,2.81,166621.93,33103.87,1519230.74,2928.85,1045.39,11743.24
"WASouth","Manjimup",116.492492675781,-35.0378036499023,1,2,2.49,733747.38,126655.13,7883444.61,5925.8,1945.35,26505.45
"WASouth","Denmark",116.80200958252,-35.027214050293,1,2,2.58,587968.75,102779.17,6259084.73,12809.4,3843.66,64391.22
"WASouth","Denmark",117.164962768555,-35.040657043457,1,2,2.74,798778.33,134425.46,8942974.37,4233.12,1420.08,18580.26
"WASouth","Denmark",117.215309143066,-35.0246772766113,1,2.02,2.53,164222.9,33990.82,1389217.86,5333.12,1770.55,23521.91
"WASouth","Denmark",117.261695861816,-35.0279731750488,1,2.01,2.41,378312.1,70034.56,3726806.51,6166.44,1995.56,28240.16
"WASouth","Denmark",117.314033508301,-35.0409965515137,1,2.01,2.52,434302.91,79719.84,4308002.49,5405.87,1797.85,23748.14
"WASouth","Albany",117.37866973877,-35.0329399108887,1,2.01,2.33,433156.81,79229.56,4325221.75,35745.48,9089,228143.38
"WASouth","Albany",118.054786682129,-35.0434722900391,1,2,2.43,1126227.32,185922.28,12784970.89,31167.52,8325,183411.8
"WASouth","Albany",118.068359375,-35.0635223388672,1,2,2.95,1073835,179155.92,11992952.25,1356.73,530.7,4825.78
"SA","Yorke Peninsula",136.928436279297,-35.0313949584961,1,2.92,4.09,8461.39,2750.24,37752.16,1159.04,459.34,4064.72
"SA","Marion",138.500640869141,-35.0439109802246,1,3.17,2.9,21625.66,5748.13,131342.61,2902.97,1068.13,11025.67
"NSW","Shoalhaven",150.76676940918,-35.0225372314453,1,2.3,2.66,404865.91,81592.9,3408348.82,4258.52,1432.58,18589.69
"WASouth","Manjimup",116.441963195801,-34.986400604248,1,2.01,3.11,427610.15,77320.2,4364772.02,1285.77,496.23,4704.03
"WASouth","Albany",118.160102844238,-34.9965553283691,1,2.02,2.36,236047.38,49491.61,1908557.72,25386.65,6807.7,150166.56
"WASouth","Albany",118.208679199219,-35.0000228881836,1,2,3.01,1130533.08,187638.85,12706203.39,2237.23,827.15,8552.63
"SA","Lower Eyre Peninsula",135.93977355957,-34.9993171691895,1,2.54,3.13,24836.12,6611.99,149072.84,3129.91,1146.01,11941.52
"SA","Lower Eyre Peninsula",136.003768920898,-34.9874534606934,1,2.53,3.44,42907.84,10788.34,276396.8,844.55,349.89,2785.11
"SA","Yorke Peninsula",136.9482421875,-35.0069999694824,1,2.9,4.2,16597.11,4892.98,84846.64,918.54,377.09,3064
"SA","Holdfast Bay",138.505004882812,-34.9957733154297,1,3.17,3.19,18368.63,4998.3,107959.13,627.9,256.97,2161.71
"NSW","Shoalhaven",150.793502807617,-34.9941062927246,1,2.22,2.64,349357.54,72646.23,2805154.35,2713.69,968.07,10942.33
"WASouth","Manjimup",116.376663208008,-34.9477043151855,1,2.01,2.35,370884.47,68507.82,3673183.25,37740.02,9854.59,228769.63
"WASouth","Albany",118.245780944824,-34.9216423034668,1,2,2.49,1078168.09,180544.34,11958035.63,24550.39,6488.29,149461.53
"WASouth","Albany",118.293395996094,-34.9157218933105,1,2,3.39,1018870.32,171004.56,11292058.83,1915.62,702.76,7501.08
"WASouth","Albany",118.388008117676,-34.9172668457031,1,2,3.67,1063888.73,178191.77,11804481.8,568.54,247.89,1750.12
"WASouth","Albany",118.43773651123,-34.9264717102051,1,2,3.11,820972.24,141432.61,8791639.75,4798.58,1595.79,21234.94
"SA","Lower Eyre Peninsula",135.62873840332,-34.9475173950195,1,2.52,3.11,62887.97,14890.97,441475.01,3945.55,1420.34,15317.67
"SA","Lower Eyre Peninsula",135.686218261719,-34.951774597168,1,2.52,3.07,71139.05,16538.18,512520.51,4697.41,1630.17,19274.38
"SA","Lower Eyre Peninsula",135.875335693359,-34.9482650756836,1,2.54,3.24,26836.11,7105.94,161894.28,2027.94,785.22,7176.06
"SA","Lower Eyre Peninsula",136.05680847168,-34.9548683166504,1,2.52,3.42,84314.73,19748.87,593050.44,747.19,313.95,2419.73
"SA","Yorke Peninsula",136.970291137695,-34.9538307189941,1,2.9,3.92,18039.26,5277.58,93049.78,1975.38,750.8,7236.88
"SA","Yorke Peninsula",137.790176391602,-34.9498023986816,1,2.86,3.41,133387.18,27214.26,1174789.79,1986.61,736.63,7609.64
"SA","Charles Sturt",138.493499755859,-34.9453239440918,1,3.18,3.32,16961.44,4683.9,97510.84,188.59,92.95,497.14
"NSW","Shoalhaven",150.779983520508,-34.9549674987793,1,2.22,2.77,397840.42,81185.57,3279211.92,1170.06,466.52,4055.84
"WASouth","Manjimup",116.278388977051,-34.8926849365234,1,2.01,2.44,332137.67,61431.86,3304898.37,7696.15,2383.45,37674.88
"WASouth","Manjimup",116.313697814941,-34.9120445251465,1,2.01,2.56,309842.34,57647.31,3063400.34,4956.06,1664.19,21507.41
"WASouth","Albany",118.473320007324,-34.9040679931641,1,1.99,4.33,1361510.4,223641.33,15420478.33,105.02,57,240.52
"SA","Lower Eyre Peninsula",135.60270690918,-34.892707824707,1,2.56,2.79,11181.79,3301.93,58348.12,21273.33,6146.53,111170.98
"SA","Lower Eyre Peninsula",135.708190917969,-34.9039306640625,1,2.54,2.97,27047.96,7173.48,162617.77,4958.44,1731.72,20057.98
"SA","Lower Eyre Peninsula",135.813537597656,-34.8753776550293,1,2.54,3.02,26027.2,6874.92,158021.46,2884.82,1068.71,10828.66
"SA","Lower Eyre Peninsula",135.850769042969,-34.9092292785645,1,2.54,2.99,25489.7,6762.62,153715.64,8704.69,2919.42,36706.43
"SA","Lower Eyre Peninsula",136.040588378906,-34.9115982055664,1,2.51,3.3,136883.2,30850.15,1003248.14,792.45,329.44,2607.34
"SA","Yorke Peninsula",137.007171630859,-34.9160041809082,1,2.9,3.39,17936.49,5235.62,92924.41,1007.27,409.97,3393.99
"SA","Yorke Peninsula",137.434066772461,-34.916015625,1,2.95,3.75,3347.44,1147.54,14331.13,1943.29,742.68,7055.77
"SA","Yorke Peninsula",137.805541992188,-34.9134864807129,1,2.86,3.41,127015.47,26189.8,1100388.74,1715.89,650.63,6367.07
"SA","Charles Sturt",138.486358642578,-34.9103393554688,1,3.18,3.2,15391.9,4307.61,86874,236.44,113.36,646.33
"NSW","Shoalhaven",150.770278930664,-34.9090614318848,1,2.22,2.63,426459.84,86132.04,3566329.44,3549.65,1212.48,15240.88
"WASouth","Manjimup",116.05086517334,-34.8465347290039,1,2.01,2.52,511084.52,89415.09,5481295.85,6548.25,2088.93,30670.34
"WASouth","Manjimup",116.111457824707,-34.850944519043,1,2.01,2.67,434392.9,77885.12,4499265.45,3176.56,1113.55,13096.45
"WASouth","Manjimup",116.154434204102,-34.8547859191895,1,2.01,2.79,434445.26,78072.21,4480852.42,1167.82,464.04,4073.83
"WASouth","Manjimup",116.210372924805,-34.8674583435059,1,2.02,2.48,234316.12,45273.96,2199771.48,17348.32,5237.6,84823.61
"WASouth","Albany",118.456573486328,-34.9003067016602,1,1.99,4.34,1527136.73,247769.91,17566666.62,120.54,63.72,287.31
"SA","Lower Eyre Peninsula",135.545608520508,-34.8329162597656,1,2.57,2.99,9107.26,2764.14,45776.59,1539.15,604.09,5399.97
"SA","Yorke Peninsula",137.037017822266,-34.8975028991699,1,2.9,3.62,17745.16,5182.59,91899.69,558.06,244.1,1709.78
"SA","Yorke Peninsula",137.119888305664,-34.9118118286133,1,2.91,3.82,13256.45,3953.07,67256.3,285.68,136.52,776.05
"SA","Yorke Peninsula",137.17822265625,-34.8988838195801,1,2.92,3.82,9438.74,2906.7,46099.95,271.72,130.15,737.29
"SA","Yorke Peninsula",137.205261230469,-34.896785736084,1,2.92,3.61,8826.23,2733.12,42851.75,347.04,161.33,979.69
"SA","Yorke Peninsula",137.259643554688,-34.8906936645508,1,2.93,3.61,7208.26,2269.97,34363.07,326.22,152.75,912.34
"SA","Yorke Peninsula",137.289123535156,-34.893238067627,1,2.93,3.41,6409.91,2041.24,30158.1,475.03,211.19,1427.09
"SA","Yorke Peninsula",137.451095581055,-34.8677635192871,1,2.95,3.74,3340.04,1147.13,14252.36,2603,952.07,10055.58
"SA","Yorke Peninsula",137.813827514648,-34.8672142028809,1,2.87,2.73,116411.65,24357.01,987110.09,1118.13,433.05,4102.26
"NSW","Shoalhaven",150.753067016602,-34.8636322021484,1,2.22,2.59,448039.76,89790.08,3788420.56,5814.6,1825.29,28268.97
"WASouth","Manjimup",115.992393493652,-34.8286247253418,1,2.06,2.45,308955.87,58198.95,2985925.69,6958.43,2070.51,36951.38
"WASouth","Albany",118.413291931152,-34.8083572387695,1,1.99,4.07,1852867.49,292913.89,22082745.23,312.53,143.36,910.72
"SA","Lower Eyre Peninsula",135.501922607422,-34.7913246154785,1,2.57,2.81,8274.76,2543.39,40884.81,40834.08,10512.04,252776.8
"SA","Lower Eyre Peninsula",136.003540039062,-34.8275985717773,1,2.51,3.62,144561.8,32449.12,1063921.7,223.05,108.55,595.25
"SA","Yorke Peninsula",137.45246887207,-34.8243675231934,1,2.95,3.79,3723.09,1263.22,16135.09,2386.88,881.69,9104.06
"SA","Yorke Peninsula",137.853607177734,-34.7996711730957,1,2.87,3.37,88103.28,19233.69,703159.67,1902.39,712.62,7171.92
"SA","Port Adelaide Enfield",138.478958129883,-34.8245964050293,1,3.18,2.91,13484.39,3844.49,74172.01,686.94,287.77,2249.1
"NSW","Shoalhaven",150.768356323242,-34.8201484680176,1,2.22,3.26,485269.4,96107.49,4171775.53,309.76,147.77,840.04
"WASouth","Manjimup",115.960182189941,-34.7667274475098,1,2.06,2.29,353891.77,64574.43,3596035.51,37604.71,9628.51,236240.03
"WASouth","Albany",118.439796447754,-34.7701377868652,1,1.99,3.53,1715441.65,274212.98,20131024.24,583.16,244.96,1920.95
"SA","Lower Eyre Peninsula",135.476257324219,-34.7575340270996,1,2.58,2.93,6874.15,2161.03,32971.31,17513.96,5089.19,91597.15
"SA","Lower Eyre Peninsula",136.013534545898,-34.7910461425781,1,2.51,3.6,190391.97,41363.23,1462415.56,217.44,106.07,578.74
"SA","Yorke Peninsula",137.45524597168,-34.7916793823242,1,2.95,3.82,3742.79,1269.33,16228.54,2360.92,869.47,9060.41
"SA","Yorke Peninsula",137.865936279297,-34.7779502868652,1,2.87,2.85,81600.16,18016.7,640938.74,374.47,172.83,1066.01
"NSW","Kiama",150.826202392578,-34.774356842041,1,2.22,3.25,481576.49,95257.06,4150886.22,412,184.4,1233.76
"WASouth","Manjimup",115.928855895996,-34.7108383178711,1,2.07,2.33,242401.55,45836.44,2363662.33,27336.83,7149.05,168524.52
"WASouth","Albany",118.513496398926,-34.7271842956543,1,1.99,2.38,1464818.29,238948.56,16727111.09,27874.24,7376.58,167939.16
"WASouth","Albany",118.577919006348,-34.7082405090332,1,2,2.36,1231211.19,204837.9,13708035.77,23115.64,6521.48,125452.87
"WASouth","Albany",118.641914367676,-34.6965713500977,1,2,3.34,969615.84,165867.37,10412460.78,742.41,310.13,2431.15
"SA","Lower Eyre Peninsula",135.335220336914,-34.7054634094238,1,2.55,3.73,15783.85,4471.01,86989.46,931.96,367.88,3340.81
"SA","Lower Eyre Peninsula",135.439056396484,-34.7274475097656,1,2.57,2.79,9320.36,2812.36,47283.26,94591.24,21235.21,713710.39
"SA","Port Lincoln",135.892684936523,-34.7439880371094,1,2.49,2.71,517587.69,99303.14,4690840.78,67283.67,15981.04,467732.98
"SA","Unincorporated SA",135.93717956543,-34.7292900085449,1,2.49,2.77,473143.39,90981.71,4292499.68,28510.59,7506.87,173127.9
"SA","Lower Eyre Peninsula",135.999130249023,-34.7331199645996,1,2.5,3.59,277089.41,57380.66,2269886.39,212.1,103.65,563.63
"SA","Yorke Peninsula",137.474060058594,-34.7379150390625,1,2.95,3.85,3297.95,1136.85,13989.12,2347.24,863.52,9028.26
"SA","Yorke Peninsula",137.876220703125,-34.7336845397949,1,2.88,3.27,65498.25,14978.31,489003.22,2509.88,902.62,10020.82
"SA","Port Adelaide Enfield",138.491088867188,-34.7511978149414,1,3.11,3.37,9958.32,2955.26,51872.5,65.32,38.2,134.38
"NSW","Kiama",150.849090576172,-34.726978302002,1,2.22,3.3,471599.94,93565.55,4047872.34,288.68,137.42,789.33
"WASouth","Manjimup",115.905700683594,-34.6893005371094,1,2.07,2.71,221082.49,42199.89,2131438.21,7415.58,2316.11,35824.7
"WASouth","Albany",118.657928466797,-34.6917991638184,1,2,3.48,1144248.7,193002.78,12481715.39,528.03,225.75,1694.12
"SA","Lower Eyre Peninsula",135.325469970703,-34.6993713378906,1,2.58,3.66,5693.51,1837.38,26337.01,210.91,103.11,560.19
"SA","Yorke Peninsula",137.485076904297,-34.6953315734863,1,2.95,3.84,3213.69,1113.04,13536.31,2812.63,1008.48,11211.98
"SA","Yorke Peninsula",137.889953613281,-34.6969833374023,1,2.88,3.76,54315.65,12802.14,388141.88,550.24,242.98,1658.29
"SA","Playford",138.471588134766,-34.7015037536621,1,3.11,3.78,10440.19,3096.81,54265.54,31.61,20.25,57.56
"NSW","Kiama",150.860687255859,-34.6920127868652,1,2.32,2.92,497424.62,97957.99,4313520.39,1221.41,488.98,4191.52
"WASouth","Manjimup",115.858764648438,-34.6483764648438,1,2.07,3.38,260503,49143.69,2539040.34,263.96,124.32,740.5
"WASouth","Albany",118.732460021973,-34.6475105285645,1,2,3.27,870422.92,151895.28,9074657.38,525.67,226.31,1665.12
"SA","Lower Eyre Peninsula",135.326873779297,-34.6681861877441,1,2.58,2.92,5011.43,1641.05,22750.75,34585.18,8861.97,218095.22
"SA","Lower Eyre Peninsula",135.921951293945,-34.6428375244141,1,2.49,3.28,469326.36,89451.11,4328095.99,312.08,145.69,880.19
"SA","Yorke Peninsula",137.49104309082,-34.6620597839355,1,2.95,3.83,3411.62,1172.63,14517.33,3779.33,1294.59,16079.77
"SA","Yorke Peninsula",137.904342651367,-34.6358642578125,1,2.89,3.68,40594.88,10003.56,272262.57,645.88,278.89,2007.87
"SA","Adelaide Plains",138.42643737793,-34.6480331420898,1,3.11,3.17,10821.89,3186.08,56900.27,107.66,58.29,247.31
"NSW","Kiama",150.864776611328,-34.6501274108887,1,2.32,2.8,431588.99,86598.67,3648842.13,2194.02,804.84,8518.42
"WASouth","Manjimup",115.80005645752,-34.5957412719727,1,2.07,2.48,250161.01,47918.5,2376364.68,4054.13,1339.13,18362.04
"WASouth","Albany",118.748977661133,-34.5954666137695,1,2,3.21,989598.88,170778.22,10447612.59,706.27,286.76,2447.74
"SA","Lower Eyre Peninsula",135.316162109375,-34.6103324890137,1,2.62,2.84,2026.44,747.17,7833.37,33514.65,8783.93,203216.35
"SA","Lower Eyre Peninsula",135.936264038086,-34.6104278564453,1,2.49,3.3,427772.47,82061.27,3920251.55,288.8,136.17,803.63
"SA","Yorke Peninsula",137.500183105469,-34.6044120788574,1,2.95,3.83,2983.77,1046.87,12330.3,3966.25,1343.59,17170.38
"SA","Yorke Peninsula",137.912384033203,-34.618537902832,1,2.89,3.67,37958.3,9457.52,250531.76,686.2,293.93,2156.56
"SA","Adelaide Plains",138.403396606445,-34.6134872436523,1,3.11,2.78,10593.06,3140.02,55078.38,540.28,244.69,1557.31
"NSW","Shellharbour",150.893783569336,-34.6025238037109,1,2.32,2.81,560323.99,108538.4,4970583.48,1864.36,694.77,7104.4
"WASouth","Manjimup",115.731224060059,-34.5361518859863,1,2.07,2.78,255017.1,47906.6,2508764.98,1343.88,524.09,4809.36
"WASouth","Manjimup",115.753326416016,-34.553165435791,1,2.07,2.45,204643.72,39473.94,1944752.46,5374.87,1709.01,25648.64
"WASouth","Albany",118.747589111328,-34.5683937072754,1,2,2.76,834575.34,147650.76,8509609.21,2142.25,804.84,7975.82
"WASouth","Jerramungup",119.227691650391,-34.534309387207,1,2,2.63,595720.78,109314.35,5800625.09,9881.63,3004.94,49245.35
"WASouth","Jerramungup",119.256904602051,-34.5356292724609,1,2,3.85,737547.02,134567.3,7166981.08,226.58,108.85,618.9
"SA","Lower Eyre Peninsula",135.317031860352,-34.5626525878906,1,2.65,2.75,851.23,356.67,2748.53,21542.75,5953.75,121838.3
"SA","Unincorporated SA",135.946823120117,-34.5628547668457,1,2.49,3.32,443422.23,83952.18,4152407.78,292.9,138.33,811.84
"SA","Yorke Peninsula",137.492401123047,-34.5622596740723,1,2.95,3.83,2964.58,1045.24,12146.46,4588.36,1515.14,20626.96
"SA","Yorke Peninsula",137.893447875977,-34.5577239990234,1,2.89,3.61,39996.72,9884.08,267108.67,811.68,339.29,2639.81
"SA","Adelaide Plains",138.351638793945,-34.5736656188965,1,3.11,2.43,10362.54,3081.04,53654.05,144.81,77.11,336.83
"NSW","Shellharbour",150.831756591797,-34.553035736084,1,2.27,3.57,53833122.38,4980746.86,1387341528.6,1171.52,464.32,4105.25
"WASouth","Manjimup",115.672386169434,-34.4941368103027,1,2.07,2.62,249041.72,47574.72,2378395.18,2668.36,930.91,11223.72
"WASouth","Albany",118.791877746582,-34.5268898010254,1,2,3.5,716725.26,129448.49,7104007.72,204.28,99.38,548.78
"WASouth","Albany",118.840110778809,-34.5116996765137,1,2,3.01,627288.21,114978.96,6101837.56,1615.35,603.53,6183.24
"WASouth","Albany",118.897109985352,-34.504997253418,1,2,2.79,590714.38,108785.57,5717625.8,2017.94,756.73,7565.26
"WASouth","Jerramungup",119.158416748047,-34.4976654052734,1,2.01,2.78,436153.27,82781.75,4069995.02,2816.12,1004.98,11321.92
"WASouth","Jerramungup",119.285186767578,-34.5118827819824,1,2,3.56,683073.75,123656.09,6761245.79,366.16,165.29,1087.75
"SA","Lower Eyre Peninsula",135.318298339844,-34.5224838256836,1,2.64,2.77,1082.6,437.58,3677.89,15407.81,4455.41,81906.88
"SA","Lower Eyre Peninsula",135.998809814453,-34.5188331604004,1,2.5,2.76,366630.51,70013.1,3418938.93,13365.13,3973.58,68141.34
"SA","Tumby Bay",136.073135375977,-34.512020111084,1,2.5,3.03,262981.32,51788.67,2366375.36,7915.02,2519.74,36788.84
"SA","Tumby Bay",136.107116699219,-34.5229568481445,1,2.5,3.73,249597.33,50646.64,2133679.74,162.97,83.43,404.24
"SA","Unincorporated SA",137.380996704102,-34.5214958190918,1,2.93,3.88,5806.23,1886.94,26484.04,4193.13,1402.88,18507.04
"SA","Yorke Peninsula",137.895538330078,-34.509952545166,1,2.89,3.6,40633.59,10009.72,272675.29,911.99,375.16,3032.34
"SA","Adelaide Plains",138.315139770508,-34.5217552185059,1,3.11,2.48,9542.41,2873.19,48528.49,126.75,67.9,293.89
"NSW","Shellharbour",150.853439331055,-34.5301818847656,1,2.28,3.24,35219313.4,3466537.15,832007642.22,5065.55,1635.2,23595.33
"WASouth","Nannup",115.607223510742,-34.447395324707,1,2.07,2.82,263700.82,50300.56,2515857.71,2254.45,823.98,8797.13
"WASouth","Jerramungup",118.949409484863,-34.4593963623047,1,2.01,3.14,505307.96,94951.66,4759896.83,935.98,376.11,3244.08
"WASouth","Jerramungup",119.00870513916,-34.4599838256836,1,2.01,3.24,449672.22,85487.41,4176263.33,947.83,381.01,3280.25
"WASouth","Jerramungup",119.048156738281,-34.4653663635254,1,2.01,2.77,476475.89,89774.81,4482019.27,2992.81,1037.57,12640.26
"WASouth","Jerramungup",119.108016967773,-34.4735145568848,1,2.01,2.27,325213.44,64432.6,2857571.88,39368.2,9791.94,260056.11
"WASouth","Jerramungup",119.282707214355,-34.4768371582031,1,2,2.82,674924.88,122411.6,6662608.79,2479.24,896.47,9807.76
"WASouth","Jerramungup",119.363868713379,-34.4838829040527,1,2,3.36,626599.88,114324.56,6146308.83,74.26,42.19,159.8
"SA","Lower Eyre Peninsula",135.302597045898,-34.5082473754883,1,2.63,3.08,1290.89,510.69,4511.46,1661.68,651.43,5816.12
"SA","Tumby Bay",136.126312255859,-34.4671478271484,1,2.51,3.58,193906.16,40066.73,1628504.94,185.82,93.23,474.32
"SA","Yorke Peninsula",137.419784545898,-34.4762954711914,1,2.8,3.77,4401.62,1475.58,19297.35,3147.34,1092.73,13214.71
"SA","Yorke Peninsula",137.918411254883,-34.4620323181152,1,3.08,3.79,39187.69,9694.02,261557.85,1003.68,407.72,3394.58
"SA","Adelaide Plains",138.260284423828,-34.4787826538086,1,3.1,2.52,12837.16,3689.45,69794.25,115.56,62.18,267.31
"NSW","Wollongong",150.849761962891,-34.4852981567383,1,2.28,3.44,11646882.06,1328911.1,224906803.3,890.09,354.78,3142.86
"NSW","Wollongong",150.903182983398,-34.4712257385254,1,2.32,2.64,546627.74,106344.44,4818611.64,7622.44,2335.79,38071.57
"WASouth","Nannup",115.485870361328,-34.3908157348633,1,2.06,2.53,387154.32,70278.73,3948718.55,6703.46,2065.94,33408.96
"WASouth","Nannup",115.538330078125,-34.4236183166504,1,2.06,2.1,329928.39,60873.29,3299372.19,823455.17,137163.32,9376836.88
"WASouth","Jerramungup",119.406532287598,-34.4336967468262,1,2,3.61,710142.04,128779.49,6991539.63,67.59,38.19,147.91
"SA","Lower Eyre Peninsula",135.355972290039,-34.4217758178711,1,2.63,2.7,1307.17,509.69,4687.59,22973.13,6158.16,136833.19
"SA","Tumby Bay",136.143707275391,-34.4139289855957,1,2.51,3.56,184535.95,37945.82,1568400.49,157.98,81.21,389.6
"SA","Yorke Peninsula",137.425506591797,-34.4361991882324,1,2.8,3.81,5241.27,1691.78,24363.69,2928.4,1023.91,12192.74
"SA","Yorke Peninsula",137.946380615234,-34.4078636169434,1,2.75,3.26,33186.32,8408.28,214207.12,1205.52,479.17,4194.73
"SA","Adelaide Plains",138.249923706055,-34.4341163635254,1,3.1,3.04,13219.85,3782.03,72349.57,131.53,69.23,314.22
"NSW","Wollongong",150.911224365234,-34.4259948730469,1,2.31,2.82,691174.76,130648.88,6329810.66,2422.04,879.39,9523.7
"WASouth","Nannup",115.451011657715,-34.36767578125,1,2.06,2.72,389553.38,70364.86,4008217.26,454.53,197.91,1423.61
"WASouth","Jerramungup",119.408996582031,-34.3939018249512,1,2,2.52,777186.87,139562.84,7747005.97,13053.5,3815.44,68736.17
"WASouth","Jerramungup",119.474838256836,-34.3979911804199,1,2,3.65,616767.1,113628.73,5950579.55,87.34,47.32,203.23
"SA","Lower Eyre Peninsula",135.348175048828,-34.3730888366699,1,2.62,2.7,1721.43,648.75,6458.3,26176.06,6885.94,160069.83
"SA","Tumby Bay",136.145538330078,-34.4058647155762,1,2.51,3.52,178014.06,36742.9,1505944.34,170.95,86.96,427.7
"SA","Yorke Peninsula",137.440673828125,-34.3979988098145,1,2.79,3.82,5568.27,1785.12,26109.72,3079.6,1067.06,12996.41
"SA","Yorke Peninsula",137.983108520508,-34.3797225952148,1,2.75,3.26,32075.64,8130.75,207309.74,1253.86,496.29,4385.97
"SA","Adelaide Plains",138.239547729492,-34.3977470397949,1,3.11,2.64,12248.09,3557.41,65508.34,706.41,300.49,2244.47
"NSW","Wollongong",150.927154541016,-34.380241394043,1,2.31,2.81,715886.17,134392.25,6623690.87,4104.36,1366.1,18313.68
"WASouth","Augusta Margaret River",115.114120483398,-34.3457527160645,1,2.07,2.58,273616.09,52274.16,2596622.36,61380.78,13822.72,473664.18
"WASouth","Augusta Margaret River",115.169120788574,-34.3554878234863,1,2.04,2.5,1733943.68,264174.88,22191857.01,59286.39,13556.72,445635.35
"WASouth","Augusta Margaret River",115.178131103516,-34.3455810546875,1,2.04,2.45,1586060.67,241664.12,20411332.96,25264.55,6574.59,157975.06
"WASouth","Augusta Margaret River",115.252731323242,-34.3154830932617,1,2.05,2.51,1031911.22,162677.16,12822000.37,9609.82,2889.27,48980.79
"WASouth","Augusta Margaret River",115.323333740234,-34.3184242248535,1,2.05,2.51,763450.83,125583.3,8941448.33,8997.24,2725.41,45421.14
"WASouth","Nannup",115.369979858398,-34.3293151855469,1,2.06,2.36,587188.52,99868.25,6576283.16,88566.47,19376.62,703775
"WASouth","Jerramungup",119.521812438965,-34.3588638305664,1,2,3.72,834541.82,150661.16,8206737.17,84.87,46.11,196.82
"SA","Lower Eyre Peninsula",135.353698730469,-34.3556213378906,1,2.63,3.01,1604.99,609.56,5962.82,13377.14,3835.74,72849.09
"SA","Tumby Bay",136.194808959961,-34.336181640625,1,2.51,3.55,126722.06,27024.77,1031463.74,151.62,78.37,371.18
"SA","Yorke Peninsula",137.474868774414,-34.3563575744629,1,2.8,3.83,4046.68,1349.19,18016.31,3113.3,1078.03,13145.35
"SA","Yorke Peninsula",138.00910949707,-34.3484191894531,1,2.75,3.25,25735.42,6777,157246.78,1475.51,569.74,5345.96
"SA","Adelaide Plains",138.221740722656,-34.3510093688965,1,3.11,2.58,12436.55,3602.61,66775.86,1155.33,458.26,4046.33
"NSW","Wollongong",150.933074951172,-34.3690643310547,1,2.31,3.06,686928.39,130567.74,6231745.28,1522.86,584.36,5570.09
"WASouth","Augusta Margaret River",115.064079284668,-34.2983169555664,1,2.07,2.65,234264.08,44774.52,2244241.11,3024.06,1016.81,13514.14
"WASouth","Jerramungup",119.510375976562,-34.2989196777344,1,2,4,915245.44,163155.67,9157837.29,73.96,41.2,165.18
"SA","Lower Eyre Peninsula",135.345321655273,-34.3000869750977,1,2.62,3,1816.55,677.59,6921.7,11635.47,3409.82,61416.82
"SA","Tumby Bay",136.242691040039,-34.2956275939941,1,2.51,3.75,111081.62,24030.94,888054.03,105.77,57.67,240.11
"SA","Yorke Peninsula",137.495086669922,-34.3133583068848,1,2.8,3.87,4317.44,1426.01,19476.49,3405.06,1168.84,14526.34
"SA","Yorke Peninsula",138.025238037109,-34.3000411987305,1,2.76,3.22,22311.81,6016.1,131711.85,1657.86,628.36,6169.75
"SA","Wakefield",138.20783996582,-34.3054428100586,1,3.11,2.88,10288.85,3091.2,52287.39,222.07,111.25,562.21
"NSW","Wollongong",150.955596923828,-34.2879600524902,1,2.31,2.31,802884.12,148529.57,7576439.29,107343.81,23193.04,862069.93
"WASouth","Ravensthorpe",119.522560119629,-34.2559394836426,1,2,3.69,897816.83,160168.64,8981185.34,114.84,60.26,278.45
"SA","Lower Eyre Peninsula",135.336288452148,-34.2558555603027,1,2.62,3.06,2062.43,757.36,8023.2,4370.94,1481.02,18801.54
"SA","Tumby Bay",136.272445678711,-34.2473526000977,1,2.51,3.73,114260.88,24561.55,922612.24,111.11,60.3,253.66
"SA","Yorke Peninsula",137.493392944336,-34.2675590515137,1,2.8,3.89,4831.6,1570.6,22285.08,3768.73,1268.13,16571.97
"SA","Yorke Peninsula",138.024490356445,-34.2730674743652,1,2.77,3.22,15790.37,4485.06,86590.56,2334.18,843.06,9288.33
"SA","Wakefield",138.153900146484,-34.253303527832,1,2.79,2.83,7350.12,2337.92,34366.23,123.56,66.09,287.72
"NSW","Wollongong",151.004867553711,-34.2265319824219,1,2.33,4.19,873095.15,159830.49,8355283.01,56.31,33.04,116.28
"WASouth","Augusta Margaret River",115.019226074219,-34.2258415222168,1,2.08,2.45,118376.36,24637.34,1012605.28,8522.22,2557.88,43913.4
"WASouth","Ravensthorpe",119.571472167969,-34.1985282897949,1,2,3.5,848452.84,151420.54,8508797.82,190.56,94.19,499.26
"SA","Lower Eyre Peninsula",135.308288574219,-34.2018508911133,1,2.62,3.21,1792.46,666.48,6876.05,1051.8,424.97,3582.12
"SA","Tumby Bay",136.297836303711,-34.2082405090332,1,2.51,3.5,110840.74,23868.19,893850.29,170.5,87.63,418.63
"SA","Yorke Peninsula",137.487152099609,-34.211742401123,1,2.8,3.91,4481.58,1473.27,20344.78,4155.06,1364.3,18998.28
"SA","Yorke Peninsula",138.039840698242,-34.2096405029297,1,2.78,3.19,9297.17,2874.33,45128.43,3046.87,1047.83,13047.22
"SA","Wakefield",138.137710571289,-34.197338104248,1,2.79,3.18,7387.23,2352.82,34446.89,2540.03,902.36,10363.91
"SA","Wakefield",138.154418945312,-34.217830657959,1,2.79,2.5,6387.47,2081.92,28815.01,281.59,137.2,739.18
"NSW","Wollongong",151.033432006836,-34.201286315918,1,2.33,3.71,926541.95,168298.54,8960734.61,97.5,53.52,219.81
"WASouth","Augusta Margaret River",115.017852783203,-34.1611366271973,1,2.07,2.63,174552.12,34973.31,1561838.76,2869.3,975.74,12598.44
"WASouth","Ravensthorpe",119.584747314453,-34.1779365539551,1,2,3.84,826940.04,147615.54,8301783.7,96.69,52.2,224.88
"SA","Lower Eyre Peninsula",135.263961791992,-34.1757392883301,1,2.63,3.13,1318.45,506.99,4848.47,2284.95,833.61,8938.36
"SA","Tumby Bay",136.332229614258,-34.1622657775879,1,2.51,3.49,106025.03,22958.65,848694.44,175.97,90.1,434.24
"SA","Yorke Peninsula",137.466354370117,-34.1796340942383,1,2.8,3.49,4904.74,1593.83,22614.83,185.54,94.66,459.33
"NSW","Sutherland",151.091796875,-34.1674118041992,1,2.33,3.21,908781.6,165369.64,8770301.81,276.7,134.04,734.69
"WASouth","Augusta Margaret River",114.989479064941,-34.1106071472168,1,2.06,2.47,333053.45,67979.22,2770889.61,7549.04,2334.1,37110.32
"WASouth","Ravensthorpe",119.627433776855,-34.1215400695801,1,2,3.58,771656.38,138234.93,7728513.28,126.08,65.13,312.87
"SA","Lower Eyre Peninsula",135.259216308594,-34.1289978027344,1,2.61,2.78,2535.74,902.8,10306.06,15223.31,4357.07,82513.02
"SA","Tumby Bay",136.357025146484,-34.1231880187988,1,2.52,3.52,99098.89,21681.5,781669.58,130.84,69.86,304.6
"SA","Yorke Peninsula",137.476531982422,-34.1326103210449,1,2.81,3.4,2973.47,1026,12674.74,235.96,117.64,600.4
"NSW","Sutherland",151.151580810547,-34.1166496276855,1,2.33,3.21,985743.31,177414.19,9656902.44,371.93,170.82,1068.95
"WASouth","Augusta Margaret River",114.983840942383,-34.0987014770508,1,2.08,2.48,134002.92,30701.87,954911.67,13568.33,3791.22,77447.38
"WASouth","Ravensthorpe",119.679878234863,-34.0835838317871,1,2,2.48,777686.67,138675.47,7850045.55,7220.92,2221.33,35934.72
"WASouth","Ravensthorpe",119.736351013184,-34.0652923583984,1,2,3.95,696199.1,124441.2,7042926.78,79.37,43.72,180.16
"SA","Lower Eyre Peninsula",135.268127441406,-34.0861625671387,1,2.61,3.07,2422.72,865.77,9808.26,7008.41,2188.14,34001.25
"SA","Tumby Bay",136.383270263672,-34.0608139038086,1,2.52,3.49,82332.57,18499.54,625673.99,135.33,72.06,316.04
"SA","Yorke Peninsula",137.464599609375,-34.1275482177734,1,2.81,4.02,3247.67,1106.9,14081.63,66.55,38.43,140.02
"NSW","Sutherland",151.175872802734,-34.086238861084,1,2.33,3.4,1012101.25,181166.89,9996964.18,188.84,93.83,490.2
"WASouth","Augusta Margaret River",114.994148254395,-34.0478363037109,1,2.09,2.9,63861.89,14448.12,487241.04,946.98,367.47,3502.54
"WASouth","Ravensthorpe",119.777717590332,-34.0355567932129,1,2.07,3.32,670869.42,119863.85,6806759.37,904.34,364.66,3121.36
"WASouth","Esperance",122.129608154297,-34.036491394043,1,2.11,3.15,77223.99,17295.56,592839.55,1365.12,515.96,5172.06
"WASouth","Esperance",122.158882141113,-34.0404090881348,1,2.1,3.58,131063.44,27692.68,1082852.26,876.36,346.23,3149.96
"WASouth","Esperance",122.19255065918,-34.019962310791,1,2.1,2.96,106520.13,23045.7,853779.41,3181.53,1082.32,13862.01
"WASouth","Esperance",123.199317932129,-34.0090293884277,1,2.1,3.04,133427.46,27861.47,1125400.13,3614.56,1213.39,16007.29
"WASouth","Esperance",123.259063720703,-34.0275497436523,1,2.09,3.95,202543.07,40567,1796089.91,86.26,47.2,197.13
"SA","Lower Eyre Peninsula",135.266265869141,-34.0398864746094,1,2.61,3.13,2646.59,933.65,10910.45,6299.62,1959.76,30981.15
"SA","Tumby Bay",136.467895507812,-34.0074310302734,1,2.52,2.85,61533.09,14417.92,440978.52,674.72,285.81,2166.58
"SA","Copper Coast",137.5546875,-34.0558128356934,1,2.83,3.39,2023.55,732.55,8092.59,222.51,111.07,566.96
"NSW","Sutherland",151.212707519531,-34.0421981811523,1,2.33,3.78,917899.35,165056.13,9041982.14,87.15,48.5,192.94
"WASouth","Augusta Margaret River",114.982078552246,-33.9913940429688,1,2.09,2.82,72393.13,18112.36,456535.43,2261.49,773.99,9977.68
"WASouth","Ravensthorpe",119.835670471191,-33.984977722168,1,2.07,2.89,621787.67,111039.9,6343306.15,1982.66,687.7,8609.38
"WASouth","Ravensthorpe",119.896675109863,-33.9748725891113,1,2.08,2.55,591547.49,105819.9,6034383.31,8939.5,2721.8,44726.05
"WASouth","Ravensthorpe",119.948829650879,-33.9792556762695,1,2.08,3.49,555739.29,99441.13,5688096.66,325.34,147.8,962.76
"WASouth","Ravensthorpe",120.384895324707,-33.9631729125977,1,2.08,2.92,324252.52,59920.14,3236855.96,1154.26,457.54,4047.55
"WASouth","Ravensthorpe",120.430442810059,-33.9766540527344,1,2.08,2.85,481669.88,84457.9,5164413.16,1705.89,631.01,6628.64
"WASouth","Esperance",122.088882446289,-33.9997787475586,1,2.11,2.55,57350.28,13277.33,422180,4070.15,1377.26,17627.5
"WASouth","Esperance",122.26456451416,-34.0004653930664,1,2.1,3.26,102958.82,22411.9,817751.98,646.35,277.53,2030.04
"WASouth","Esperance",123.162498474121,-33.998233795166,1,2.12,2.48,41725.28,10110.53,288188.09,28990.87,7567.58,178667.43
"WASouth","Esperance",123.292617797852,-33.9784812927246,1,2.09,4.3,195414.83,38871.54,1759043.58,58.63,34.15,122.33
"SA","Lower Eyre Peninsula",135.241180419922,-33.9765129089355,1,2.61,3.12,2654.83,932.9,11021.74,4841.13,1564.68,22565.38
"SA","Cleve",136.513595581055,-33.9877281188965,1,2.52,3.31,61565.76,14339.62,446088.96,136.52,73.41,313.04
"SA","Copper Coast",137.526107788086,-33.9984512329102,1,2.82,4.18,2265.16,807.1,9260.95,58.48,34.11,121.79
"WASouth","Augusta Margaret River",114.978302001953,-33.9600410461426,1,2.11,2.4,21666.43,5834.91,128428.99,9662.53,2917.31,48855.69
"WASouth","Ravensthorpe",119.990600585938,-33.9527015686035,1,2.08,3.09,546093.47,97284.7,5640833.61,730.63,291.42,2613.23
"WASouth","Ravensthorpe",120.067375183105,-33.9367523193359,1,2.09,3.14,251974.73,48880.4,2337124.92,945.11,363.35,3559.01
"WASouth","Ravensthorpe",120.110610961914,-33.9537506103516,1,2.09,3.38,219346,43231.5,1993444.45,541.12,224.7,1831.9
"WASouth","Ravensthorpe",120.155662536621,-33.949275970459,1,2.08,3.63,538940.05,93600.7,5838732.04,243.09,113.2,700.94
"WASouth","Ravensthorpe",120.205429077148,-33.9425849914551,1,2.08,3.11,360132.56,65979.86,3627902.18,718.42,296.72,2408.02
"WASouth","Ravensthorpe",120.269660949707,-33.9437828063965,1,2.08,3.18,365818.61,66655.09,3719026.47,847.36,336.1,3030.25
"WASouth","Ravensthorpe",120.316528320312,-33.9492568969727,1,2.08,3.5,315870.99,58517.58,3143975.48,349.54,155.41,1072.07
"WASouth","Ravensthorpe",120.475532531738,-33.958179473877,1,2.09,2.68,249645.88,48898.37,2276078.66,2668.88,911.06,11692.94
"WASouth","Esperance",122.026496887207,-33.9623031616211,1,2.11,2.71,54866,12757.36,401826.45,3106.53,1028.7,14263.23
"WASouth","Esperance",122.307563781738,-33.9434776306152,1,2.1,2.9,140316.07,29380.17,1173697.58,1720.55,626.03,6891.06
"WASouth","Esperance",122.350654602051,-33.9339904785156,1,2.1,3.12,125715.02,26668.11,1033856.79,2167.07,759.67,9162.8
"WASouth","Esperance",122.439010620117,-33.9241828918457,1,2.1,2.66,90799.91,19954.84,714349.15,6242.04,1909.19,31707.67
"WASouth","Esperance",122.489768981934,-33.9406089782715,1,2.11,2.51,58522.24,13796.12,416057.46,11258.07,3259.86,60884.76
"WASouth","Esperance",122.522109985352,-33.9573936462402,1,2.1,2.93,121375.59,25856.5,992663.18,3824.32,1255.55,17588.35
"WASouth","Esperance",122.577781677246,-33.9543342590332,1,2.1,2.59,120795.98,25648.09,994286.98,5216.47,1636.17,25587.75
"WASouth","Esperance",123.143653869629,-33.9761924743652,1,2.12,2.87,37027.78,9109.78,250582.65,2595.45,928.8,10434.67
"WASouth","Esperance",123.313140869141,-33.9525032043457,1,2.09,2.96,193938.93,38640.99,1741348.3,4765.46,1551.37,21940.27
"WASouth","Esperance",123.50643157959,-33.945240020752,1,2.09,2.91,180565.89,36350.49,1597936.04,9219.91,2736.85,48243.6
"WASouth","Esperance",123.522392272949,-33.9453659057617,1,2.09,4.2,242656.84,47059.04,2257390.56,77.85,43.49,172.31
"SA","Elliston",135.191772460938,-33.9253692626953,1,2.6,3.41,2860.07,994.7,12044.61,133.54,71.99,305.24
"SA","Copper Coast",137.537673950195,-33.9754905700684,1,2.82,3.26,2286.28,813.07,9374.81,229.29,112.57,601.03
"NSW","Randwick",151.263778686523,-33.9545822143555,1,2.32,3.45,1247579.34,216306.09,12890993.1,181.04,91.09,460.45
"WASouth","Augusta Margaret River",114.979377746582,-33.9190673828125,1,2.09,3.18,69314.89,17539.81,429476.71,725.58,288.21,2617.37
"WASouth","Ravensthorpe",120.530181884766,-33.9330368041992,1,2.09,2.89,278724.58,52555.78,2706938.32,1981.41,693.2,8463.82
"WASouth","Ravensthorpe",120.561729431152,-33.9172248840332,1,2.08,3.14,422733.12,74929.16,4480810.08,662.47,277.92,2168.36
"WASouth","Esperance",121.641616821289,-33.89892578125,1,2.11,2.73,74324.88,16779.42,563624.42,3094.45,1057.29,13398.56
"WASouth","Esperance",121.652870178223,-33.8976516723633,1,2.1,3.05,124593.81,26149.95,1045676.44,869.76,352.81,2976.61
"WASouth","Esperance",121.746528625488,-33.8893661499023,1,2.11,2.4,59733.6,13824.96,438787.15,6844.82,2163.54,32513.66
"WASouth","Esperance",121.791038513184,-33.910774230957,1,2.11,2.47,59094.32,13654.6,435725.07,6309.26,2010.54,29677.4
"WASouth","Esperance",121.825714111328,-33.8972702026367,1,2.11,2.45,67840.09,15386.25,513130.47,4440.76,1470.22,19909.39
"WASouth","Esperance",122.075332641602,-33.9008560180664,1,2.12,2.83,29709.44,7479.33,195468.2,3466.33,1162.52,15421.17
"WASouth","Esperance",122.627914428711,-33.8959465026855,1,2.1,2.85,98176.48,21491.69,774061.85,4137.35,1332.15,19630.35
"WASouth","Esperance",122.692840576172,-33.8993530273438,1,2.11,2.63,69052.21,15858.23,509744.96,4932.94,1566.51,23731.99
"WASouth","Esperance",122.749076843262,-33.9037475585938,1,2.11,2.61,61614.88,14317.41,448362.56,3431.2,1159.98,15049.31
"WASouth","Esperance",122.814529418945,-33.914665222168,1,2.11,2.94,49134.42,11724.94,345418.92,2781.75,950.53,12129.84
"WASouth","Esperance",122.836570739746,-33.9121932983398,1,2.1,2.67,112864.23,24355.71,905543.92,6500.22,2011.27,32223.6
"WASouth","Esperance",122.881294250488,-33.91748046875,1,2.1,2.67,120053.06,25552.47,984126.49,6051.22,1866.85,30308.99
"WASouth","Esperance",122.969390869141,-33.9028396606445,1,2.11,2.35,65280.1,15088.24,477961.59,36012.44,9031.8,235621.65
"WASouth","Esperance",122.980453491211,-33.8986015319824,1,2.11,2.91,79039.74,17735.67,603743.43,2930.03,1013.23,12450.78
"WASouth","Esperance",123.074066162109,-33.8747062683105,1,2.11,3.03,62700.9,14509.64,459249.25,1837.72,671.48,7269.98
"WASouth","Esperance",123.112289428711,-33.8946113586426,1,2.11,2.7,58266.09,13619.53,420905.15,9014.57,2776.12,44149.59
"WASouth","Esperance",123.35466003418,-33.9087448120117,1,2.09,2.7,198644.85,39496.08,1787720.25,10515.31,3131.66,54229.38
"WASouth","Esperance",123.423583984375,-33.9012565612793,1,2.09,2.51,169255.19,34377.13,1479652.06,42888.5,10629.44,283639.4
"WASouth","Esperance",123.561981201172,-33.9116134643555,1,2.09,4.19,241657.46,47136.52,2224848.04,78.13,43.53,173.85
"SA","Elliston",135.183670043945,-33.9124450683594,1,2.6,3.4,2866.48,997.49,12057.26,1379.99,517.01,5311.57
"SA","Cleve",136.623336791992,-33.8943176269531,1,2.75,3.36,37217.64,9251.04,247033.06,246.8,121.52,640.66
"NSW","Waverley",151.286361694336,-33.8932914733887,1,2.33,3.01,1305326.04,224420.92,13656666.58,697.64,291.15,2297.86
"WASouth","Augusta Margaret River",114.972427368164,-33.8668975830078,1,2.09,2.98,74115.47,17479.26,518863.45,1340.56,496,5294.43
"WASouth","Ravensthorpe",120.643753051758,-33.8913230895996,1,2.09,2.06,208988.82,41769.27,1856795.35,6395120.56,727132.01,129630928.56
"WASouth","Ravensthorpe",120.699363708496,-33.8748588562012,1,1.97,3.14,403474379987827,4672006714794.54,174086944890662688,25462.72,6291.13,175430.39
"WASouth","Ravensthorpe",120.738265991211,-33.8715782165527,1,2,3.95,21888989704.95,1011377378.66,1381994097849.05,656.61,267.57,2271.77
"WASouth","Ravensthorpe",120.786590576172,-33.8891334533691,1,2.1,3.58,85758.49,19064.39,662964,228.75,106.57,661.97
"WASouth","Esperance",120.841262817383,-33.8698654174805,1,2.1,3.04,127870.2,27300.8,1038027.9,912.71,354.61,3377.05
"WASouth","Esperance",120.897163391113,-33.8647308349609,1,2.11,3.24,50268.28,11979.77,353725.16,847.41,333.91,3068.75
"WASouth","Esperance",120.947532653809,-33.8675231933594,1,2.12,3.1,34988.21,8895.78,223641.22,787.8,314.73,2793.5
"WASouth","Esperance",120.997116088867,-33.8714256286621,1,2.12,3.01,41948.26,10411.29,277079.68,948.64,369.89,3476.24
"WASouth","Esperance",121.051406860352,-33.8629264831543,1,2.11,2.83,66782.29,15467.5,486381.4,1853.69,663.66,7614.64
"WASouth","Esperance",121.09969329834,-33.8558502197266,1,2.11,2.88,57993.64,13641.9,414191.47,1336.16,503.15,5105.21
"WASouth","Esperance",121.158401489258,-33.8698081970215,1,2.12,2.52,41833.11,10261.34,282415.58,6037.41,1860.65,30303.71
"WASouth","Esperance",121.199333190918,-33.857551574707,1,2.09,3.12,156465.79,32000.32,1357340.46,1267.01,481.92,4767.9
"WASouth","Esperance",121.49040222168,-33.8397407531738,1,2.1,2.99,100376.07,21790.72,802554.68,2306.3,809.92,9676.64
"WASouth","Esperance",121.509407043457,-33.8433074951172,1,2.1,3.1,136395.63,28445.24,1151482.85,709.21,293.11,2376.2
"WASouth","Esperance",121.590721130371,-33.8551177978516,1,2.12,2.4,31723.99,7957.23,209238.59,4385.43,1507.76,18369.33
"WASouth","Esperance",121.952407836914,-33.8378562927246,1,2.12,2.41,40962.28,9955.22,281701.43,4687.93,1561.53,20713.63
"WASouth","Esperance",122.021957397461,-33.846851348877,1,2.12,2.39,31287.33,7843.86,206736.92,4753.87,1564.84,21447.3
"WASouth","Esperance",122.052398681641,-33.8732948303223,1,2.13,2.48,26590.56,6793.59,171469.27,30406.07,7777.7,193923.69
"WASouth","Esperance",123.628372192383,-33.8802452087402,1,2.09,2.72,238536.88,47327.11,2130166.76,12657.76,3670.34,67763.8
"WASouth","Esperance",123.665222167969,-33.847297668457,1,2.08,3.87,322169.06,60924.49,3083120.3,137.96,70.54,346.75
"SA","Elliston",135.132369995117,-33.8521461486816,1,2.6,3.23,3190.13,1092.62,13723.33,1751.1,638.95,6967.73
"SA","Franklin Harbour",136.682769775391,-33.8711814880371,1,2.75,3.32,27483.91,7124.58,172140.67,1600.64,591.82,6251.4
"SA","Franklin Harbour",136.719573974609,-33.8524932861328,1,2.75,3.09,26138.65,6797.51,163281.23,500.88,223.61,1488.22
"SA","Copper Coast",137.596405029297,-33.8713722229004,1,2.84,3.26,1677.6,625.1,6437.77,345.67,158.92,996.18
"WASouth","Augusta Margaret River",114.987022399902,-33.829517364502,1,2.1,3.17,42776.3,11565.99,242018.5,872.98,343.24,3167.5
"WASouth","Esperance",121.280387878418,-33.843448638916,1,2.12,3.01,38321.67,9703.41,245398.83,845.4,335.31,3023.93
"WASouth","Esperance",121.314628601074,-33.8270721435547,1,2.12,2.37,46325.32,11380.88,309838.24,5884.31,1922.03,26572.18
"WASouth","Esperance",121.366172790527,-33.8207740783691,1,2.1,2.84,94304.04,20693.01,742206.19,2184.37,768.35,9171.29
"WASouth","Esperance",121.41983795166,-33.8288307189941,1,2.1,2.85,89742.34,19764.39,703790.83,8840.62,2661.26,45198.64
"WASouth","Esperance",123.736099243164,-33.8149719238281,1,2.08,3.68,303064.12,58255.76,2825436.65,172.2,85.48,450.71
"SA","Elliston",135.083557128906,-33.8100700378418,1,2.59,3.3,3820.57,1278.62,16954.38,1187.24,455.86,4408.87
"SA","Franklin Harbour",136.784591674805,-33.8199996948242,1,2.76,3.52,17076.39,4732.24,97495.08,980.19,381.17,3601.76
"SA","Franklin Harbour",136.845489501953,-33.804817199707,1,2.76,3.69,17206.34,4752.96,98772.37,78.92,46.17,160.63
"SA","Copper Coast",137.638153076172,-33.8278846740723,1,2.84,3.12,1456.51,553.87,5432.32,529.6,231.6,1628.61
"WASouth","Busselton",114.985389709473,-33.7757682800293,1,2.09,2.83,59341.32,15343.38,356932.23,16960.79,4681.48,97593.61
"WASouth","Esperance",123.750137329102,-33.7754058837891,1,2.08,4,551006.13,99072.99,5592944.49,121.49,63.08,299.35
"SA","Elliston",135.027328491211,-33.7490158081055,1,2.6,3.66,3435.43,1160.09,15098.48,77,45.19,156.06
"SA","Copper Coast",137.661575317383,-33.8095550537109,1,2.85,2.89,1260.27,489.76,4558.12,869.49,359.57,2871.72
"NSW","Northern Beaches",151.298721313477,-33.7817840576172,1,2.33,2.83,1499876.21,253109.76,16095824.85,2057.93,735.5,8420.02
"WASouth","Busselton",114.974868774414,-33.7236289978027,1,2.09,2.8,68156.49,17614.86,407303.2,12226.87,3560.72,65082.65
"WASouth","Esperance",123.760238647461,-33.7437705993652,1,2.08,4.05,568220.79,102055.3,5768430.57,118.35,61.53,291.44
"SA","Elliston",134.969116210938,-33.7140197753906,1,2.59,3.5,4159.58,1370.5,18895.99,579.12,243.63,1903.15
"SA","Franklin Harbour",136.948928833008,-33.7289352416992,1,2.79,3.57,6761.37,2095.44,33331.56,524.64,226.58,1652.38
"SA","Franklin Harbour",136.99674987793,-33.7267532348633,1,2.79,3.49,7105.68,2239.04,33866.26,385.44,176.71,1108.87
"SA","Franklin Harbour",137.026382446289,-33.7231864929199,1,2.79,3.56,7361.95,2283.86,36026.59,307.38,145.85,842.14
"SA","Franklin Harbour",137.09440612793,-33.7078552246094,1,2.8,3.54,4988.54,1634.75,22622.91,318.59,149.57,888.03
"SA","Franklin Harbour",137.143447875977,-33.7029075622559,1,2.81,3.77,3798.62,1290.71,16397.88,65,39.18,126.85
"SA","Barunga West",137.72705078125,-33.7447700500488,1,2.87,2.82,855.26,352.07,2851.52,1123.89,442.23,4001.97
"NSW","Northern Beaches",151.316345214844,-33.7400131225586,1,2.33,2.97,1249263.71,215777.76,12994783.39,644.53,266.89,2166.02
"WASouth","Busselton",114.971221923828,-33.6970252990723,1,2.1,2.79,29794.73,8476.98,157126.54,9192.65,2752.48,47345.1
"WASouth","Esperance",123.784126281738,-33.6931953430176,1,2.08,4.09,521446.59,96034.69,5083991.9,120.08,62.43,295.42
"SA","Elliston",134.905166625977,-33.6764717102051,1,2.59,3.59,4333.1,1416.62,19916.95,265.07,127.74,712.43
"SA","Franklin Harbour",137.193161010742,-33.6765327453613,1,2.81,3.8,3566.84,1205.23,15618.88,67.77,40.61,133.3
"SA","Barunga West",137.754730224609,-33.7102966308594,1,2.87,3.12,727.81,308.87,2318.15,191.62,96.6,483.95
"NSW","Northern Beaches",151.322494506836,-33.6744499206543,1,2.34,2.88,1602528.86,268066.06,17404173.23,686.05,280.18,2356.24
"WASouth","Busselton",114.992866516113,-33.6648063659668,1,2.11,2.72,25748.44,7418.62,133843.5,11425.2,3227.72,64634.11
"WASouth","Esperance",123.83927154541,-33.6523323059082,1,2.08,2.63,412713.59,78286.65,3868082.64,10677.92,3036.46,59944.95
"WASouth","Esperance",123.876846313477,-33.6351661682129,1,2.08,3.47,339468.45,66339.88,3049939.37,284.07,135.95,769.93
"SA","Franklin Harbour",137.219360351562,-33.6563186645508,1,2.81,3.86,3565.97,1198.24,15777.76,76.25,44.84,154.09
"SA","Barunga West",137.806015014648,-33.665843963623,1,2.88,3.07,614.59,268.36,1877.72,199.41,99.89,508.23
"NSW","Northern Beaches",151.336761474609,-33.6438484191895,1,2.34,3.38,1588295.26,266018.81,17219670.53,250.44,120.79,674.48
"WASouth","Busselton",115.012512207031,-33.5945281982422,1,2.09,3.35,49426.83,13305.87,279679.26,107.82,58.09,249.91
"WASouth","Busselton",115.151664733887,-33.6266975402832,1,2.14,3.33,6064.93,2122.6,24188.69,90.63,50.23,201.64
"WASouth","Busselton",115.188926696777,-33.6407012939453,1,2.15,3.51,4554.47,1645.85,17432.29,62.16,36.26,128.88
"WASouth","Busselton",115.269371032715,-33.6505737304688,1,2.16,3.68,3841.22,1405.41,14514.39,46.32,28.05,91.38
"WASouth","Busselton",115.340866088867,-33.6405715942383,1,2.16,3.68,3562.08,1303.76,13504.26,44.31,26.99,86.74
"WASouth","Busselton",115.384063720703,-33.627025604248,1,2.16,2.67,3957.71,1414.88,15551.63,5089.21,1607.83,24668.77
"WASouth","Esperance",123.928314208984,-33.5916633605957,1,2.08,3.65,311128.24,62452.88,2677169.36,137.12,70.56,340.69
"SA","Elliston",134.83757019043,-33.6056938171387,1,2.6,3.49,3070.01,1040.58,13500.11,318.26,149.88,882.14
"SA","Franklin Harbour",137.260025024414,-33.6035957336426,1,2.83,3.81,2188.6,788.61,8783.32,117.96,64.83,262.3
"SA","Barunga West",137.861618041992,-33.6160011291504,1,2.89,2.95,512.41,230.47,1500.07,214.6,106.68,552.19
"NSW","Northern Beaches",151.343338012695,-33.6173553466797,1,2.34,3.28,1591655.09,266142.94,17304696.6,252.55,120.47,693.91
"WASouth","Busselton",115.001991271973,-33.5661087036133,1,2.08,2.72,110725.37,25406.51,795464.58,807.54,328.5,2762.77
"WASouth","Busselton",115.089622497559,-33.5697364807129,1,2.12,3.7,13223.24,4217.06,59585.29,49.48,29.4,100.64
"WASouth","Busselton",115.447860717773,-33.5788192749023,1,2.15,2.37,4461.66,1558.22,18153.21,40293.12,10243.34,255369.4
"WASouth","Esperance",123.98070526123,-33.5565719604492,1,2.08,3.66,495180.75,94402.42,4550411.11,69.68,39.72,149.68
"SA","Elliston",134.845581054688,-33.563663482666,1,2.6,3.48,3187.89,1068.1,14289.53,341.43,158.19,970.76
"SA","Franklin Harbour",137.272903442383,-33.5749588012695,1,2.83,3.68,1857.2,685.76,7200.02,213.74,107.3,540.3
"SA","Barunga West",137.894073486328,-33.5795211791992,1,3.56,3.5,463.26,211.1,1332.42,486.85,219.19,1426.95
"NSW","Central Coast (NSW)",151.353622436523,-33.5448226928711,1,2.34,3.16,1519080.13,254559.85,16494930.13,410.68,182.14,1251.28
"WASouth","Busselton",115.005264282227,-33.5277900695801,1,2.08,2.8,104491.88,25685.34,666684.2,717.1,299.32,2357.03
"WASouth","Busselton",115.056182861328,-33.5393142700195,1,2.11,3.7,19402.31,5913.1,92784.31,48.7,28.97,98.99
"WASouth","Capel",115.485954284668,-33.5348243713379,1,2.16,2.62,4105.07,1448.43,16477.37,18892.88,4935.6,119612.2
"WASouth","Esperance",123.98902130127,-33.5160102844238,1,2.08,3.54,482239.86,93933.62,4271047.07,93.34,50.86,213.81
"SA","Elliston",134.854598999023,-33.5280914306641,1,2.6,3.52,2779.41,946.52,12197.8,376.28,171.38,1097.41
"SA","Franklin Harbour",137.299240112305,-33.5179252624512,1,2.84,3.67,1488.34,566.95,5525.7,238.9,116.91,628.3
"SA","Barunga West",137.930084228516,-33.5152359008789,1,3.57,3.58,370.69,175.32,1010.17,265.01,128.53,704.05
"NSW","Central Coast (NSW)",151.421768188477,-33.517707824707,1,2.34,3.59,1613737.95,268379.75,17700995.71,58.47,33.86,123.39
"WASouth","Capel",115.542381286621,-33.4798927307129,1,2.16,2.41,3508.97,1260.94,13753.79,37465.25,9434.25,242698.63
"WASouth","Esperance",123.998306274414,-33.4730606079102,1,2.08,3.65,456120.42,89696.23,3984199.43,74.04,41.61,162.61
"SA","Elliston",134.85090637207,-33.4759483337402,1,2.63,3.4,1596.29,584.01,6360.73,499.91,220.47,1519.23
"SA","Franklin Harbour",137.316253662109,-33.4741325378418,1,3.35,4.14,1372.52,528.41,5022.98,284.63,135.27,781.33
"SA","Barunga West",137.905914306641,-33.4793663024902,1,3.57,3.52,383.86,180.99,1049.82,222.71,110.34,575.18
"NSW","Central Coast (NSW)",151.447479248047,-33.477481842041,1,2.34,3.6,1588592.03,263885.13,17477449.22,57.38,33.31,120.7
"WASouth","Capel",115.56462097168,-33.4566841125488,1,2.17,2.29,3096.01,1130.53,11876.39,79134.26,18502.62,560520.4
"WASouth","Esperance",124.001518249512,-33.4332008361816,1,2.07,3.62,639542.69,120126.01,5948416.82,80.45,44.63,180.03
"SA","Elliston",134.839385986328,-33.4370346069336,1,2.62,3.44,2001.32,709.61,8327.9,609.73,260.94,1933.78
"SA","Franklin Harbour",137.363555908203,-33.4304351806641,1,3.35,4.08,1287.05,500.92,4635.63,417.96,184.16,1287.55
"SA","Port Pirie",137.885498046875,-33.4337196350098,1,3.57,3.75,392.05,184.4,1075.67,166.62,85.44,411.41
"NSW","Central Coast (NSW)",151.46369934082,-33.4218559265137,1,2.34,3.56,1596313.26,264599.54,17624947.83,70.13,39.6,153.22
"WASouth","Capel",115.598304748535,-33.3883094787598,1,2.17,2.3,2811.41,1050.54,10407.81,128001.88,27494.78,1027546.23
"WASouth","Esperance",124.031120300293,-33.369686126709,1,2.07,3.6,635587.6,118825.5,5963184.16,90.5,49.34,207.54
"SA","Elliston",134.814239501953,-33.3729438781738,1,2.93,3.82,3665.12,1196.22,17094.44,685.98,289.78,2211.68
"SA","Franklin Harbour",137.388092041016,-33.3740463256836,1,3.36,4.01,1073.93,431.16,3695.51,498.7,213.86,1597.24
"SA","Port Pirie",137.862121582031,-33.3922424316406,1,3.56,3.5,458.07,210.67,1296.74,255.94,125.03,672.47
"NSW","Central Coast (NSW)",151.485321044922,-33.3851432800293,1,2.34,3.56,1401306.02,236105.93,15137662.83,70.32,39.7,153.69
"WASouth","Bunbury",115.611457824707,-33.3525466918945,1,2.17,2.41,2624.11,994.95,9502.93,79088.37,17295.29,633781.36
"WASouth","Esperance",124.039123535156,-33.342414855957,1,2.07,3.59,763689.88,139380.9,7402293.11,97.4,52.54,226.76
"SA","Elliston",134.80207824707,-33.3401069641113,1,2.93,3.79,2824.82,954.43,12568.89,713.19,300.58,2303.43
"SA","Franklin Harbour",137.386566162109,-33.3469276428223,1,3.36,4.01,1005.01,407.53,3410,510.24,218.42,1636.97
"SA","Port Pirie",137.850677490234,-33.3456192016602,1,3.56,3.26,492.33,224.07,1414.17,140.69,72.53,347.77
"NSW","Central Coast (NSW)",151.480850219727,-33.3466758728027,1,2.34,3.23,1954246.31,288670.43,26276192.07,32648.43,8074.34,220656.42
"WASouth","Esperance",124.060096740723,-33.3062896728516,1,2.07,4.11,797117.11,144625.28,7789284.11,53.53,31.45,110.67
"SA","Elliston",134.750427246094,-33.2929801940918,1,2.92,3.76,3848.29,1243.63,18225.45,810.05,336.52,2664.96
"SA","Whyalla",137.401565551758,-33.2910270690918,1,3.37,3.93,868.87,360.64,2850.59,678.24,283.88,2226.09
"SA","Port Pirie",137.810272216797,-33.2857513427734,1,3.55,3.39,550.57,245.16,1634.29,127.42,65.86,315.59
"NSW","Central Coast (NSW)",151.470977783203,-33.2974815368652,1,2.35,3.82,1083083.49,172609.17,13147835.86,160.36,81.2,406.3
"WASouth","Harvey",115.675010681152,-33.2608871459961,1,2.17,2.53,2839.24,1061.06,10503.01,23927.15,6012.77,160338.17
"WASouth","Esperance",124.076385498047,-33.2642440795898,1,2.07,4.19,919220.56,163132.28,9269147.72,59.07,34.28,124.11
"SA","Streaky Bay",134.629516601562,-33.2479209899902,1,2.91,4.49,6469.65,1947.91,33770.57,64.61,36.97,138.46
"SA","Elliston",134.684005737305,-33.254810333252,1,2.91,3.81,5677.54,1739.95,28924.56,766.52,320.52,2500.36
"SA","Whyalla",137.418273925781,-33.2557182312012,1,3.37,3.93,810,340.28,2610.88,672.17,281.24,2208.91
"SA","Port Pirie",137.807678222656,-33.2593383789062,1,3.55,3.47,583.81,258.19,1748.49,92.49,50.01,215.14
"NSW","Central Coast (NSW)",151.495315551758,-33.2661018371582,1,2.35,3.17,622659,108883.6,6599969.93,339.71,154.57,999.35
"NSW","Central Coast (NSW)",151.523056030273,-33.2580947875977,1,2.36,4.07,458356.33,76352.87,5430105.43,191.82,97.49,477.3
"NSW","Central Coast (NSW)",151.566528320312,-33.2575988769531,1,2.34,3.2,1468625.17,246842.8,15892306.04,159.65,80.92,403.92
"WASouth","Harvey",115.679985046387,-33.2147789001465,1,2.16,2.3,3397.16,1236.83,13033.23,969900.04,142245.59,13875205.49
"WASouth","Esperance",124.094741821289,-33.2096214294434,1,2.07,4.1,979117.2,171789.92,10040594.66,67.37,38.41,144.99
"SA","Streaky Bay",134.545349121094,-33.1910858154297,1,2.91,4.45,6563.02,1967.58,34502.01,77.02,43.2,169.38
"SA","Streaky Bay",134.581817626953,-33.2057342529297,1,2.91,3.81,6125.61,1852.27,31838.49,790.15,328.85,2594.88
"SA","Whyalla",137.442199707031,-33.2197113037109,1,3.37,3.94,790.78,333.73,2531.48,632.48,267.2,2049.76
"SA","Port Pirie",137.821151733398,-33.226146697998,1,3.55,3.74,608.11,267.24,1837.72,145.92,76.15,351.84
"NSW","Central Coast (NSW)",151.619323730469,-33.2048263549805,1,2.28,3.19,1562404.13,259989.49,17151820.18,155.24,79.02,390.31
"WASouth","Harvey",115.676567077637,-33.1664352416992,1,2.15,2.35,4294.01,1521.17,17071.5,625247.39,94609.34,8706779.15
"WASouth","Esperance",124.107475280762,-33.1698188781738,1,2.07,4.19,994819.29,173602.74,10291583.32,69.94,39.59,152.21
"SA","Streaky Bay",134.309631347656,-33.1851959228516,1,2.91,3.88,6991.99,2086.27,36922.79,266.79,124.9,756.34
"SA","Streaky Bay",134.364837646484,-33.1700668334961,1,2.91,3.47,6989.04,2057.71,37857.61,863.84,345.83,3031.43
"SA","Streaky Bay",134.414978027344,-33.1612815856934,1,2.9,3.66,7188.15,2126.55,38502.69,506.54,217.42,1617.67
"SA","Streaky Bay",134.478668212891,-33.1595458984375,1,2.91,3.88,6864.83,2043.35,36466.24,685.43,291.36,2184.81
"SA","Whyalla",137.450042724609,-33.1701965332031,1,3.38,3.98,704.75,302.76,2199.64,549.01,237.67,1716.21
"SA","Port Pirie",137.850769042969,-33.1842231750488,1,3.55,4.04,582.91,258.29,1739.72,554.89,239.66,1740.89
"SA","Port Pirie",137.893035888672,-33.1661376953125,1,3.54,4.02,614.62,270.9,1846.35,546.66,236.22,1715.26
"SA","Port Pirie",137.92903137207,-33.1640663146973,1,3.55,3.21,579.66,257.11,1727.54,425.92,196.25,1206.7
"NSW","Lake Macquarie",151.640899658203,-33.1763343811035,1,2.28,3.2,1608674.14,266547.94,17765636.53,152.93,78.02,383.36
"WASouth","Harvey",115.681144714355,-33.1313514709473,1,2.15,2.39,4901.82,1696.33,20165.97,257169.22,44178.75,2998300.84
"WASouth","Esperance",124.141700744629,-33.1211471557617,1,2.07,3.88,858530.63,152295.98,8697684.54,91.67,49.4,214.67
"SA","Streaky Bay",134.260528564453,-33.1256637573242,1,2.94,3.82,2229.4,768.23,9718.75,625.66,270.07,1949.95
"SA","Whyalla",137.474792480469,-33.1270484924316,1,3.38,3.81,712.3,305.14,2233.24,521.56,231.49,1562.42
"SA","Whyalla",137.517532348633,-33.113525390625,1,3.38,3.19,671.66,290.62,2075.3,443.55,203.98,1258.12
"NSW","Lake Macquarie",151.655502319336,-33.1222267150879,1,2.28,3.45,1426726.14,241393.03,15282646.13,96,52.37,219.1
"WASouth","Harvey",115.677635192871,-33.08251953125,1,2.14,2.46,6588.26,2186.39,28724.63,74787.9,15627.38,656015.82
"WASouth","Esperance",124.195610046387,-33.0619583129883,1,2.07,3.53,765446.21,137525.79,7629564.26,198.9,96.2,541.32
"SA","Streaky Bay",134.238632202148,-33.0751266479492,1,2.91,3.42,6542.86,1958.84,34493.44,242.07,114.42,678.52
"SA","Streaky Bay",134.266143798828,-33.0796089172363,1,2.89,4.53,14096.94,4071.66,75503.14,544.59,240.12,1646.81
"SA","Unincorporated SA",137.564193725586,-33.0747947692871,1,3.39,3.97,618.93,270.91,1881.99,458.58,203.81,1381.58
"SA","Mount Remarkable",138.025192260742,-33.0680351257324,1,3.55,3.1,607.34,266.56,1839.77,592.45,262.33,1768.84
"NSW","Lake Macquarie",151.668395996094,-33.088306427002,1,2.28,3.43,1948606.55,314178.4,22351118.5,99.98,54.04,231.47
"WASouth","Harvey",115.671043395996,-33.0336990356445,1,2.14,2.49,7859.36,2547.57,35381.89,37135.73,8474.68,289753.03
"WASouth","Esperance",124.212295532227,-33.0435600280762,1,2.08,2.35,355431.4,69351.45,3193641.81,107992.37,22449.06,931698.03
"WASouth","Dundas",124.258407592773,-33.0132904052734,1,2.08,3.58,596195.82,110243.44,5725472.46,182.76,89.57,487.99
"SA","Streaky Bay",134.156143188477,-33.0373878479004,1,2.91,4.1,5941.78,1790.96,31139.55,456,205.05,1344.98
"SA","Whyalla",137.719528198242,-32.996898651123,1,3.39,3.83,590.19,260.33,1774.65,457,205.19,1351.47
"SA","Whyalla",137.738174438477,-32.996997833252,1,3.39,3.88,597.1,262.98,1799.18,466.67,207.03,1409
"SA","Mount Remarkable",138.005615234375,-33.0324020385742,1,3.54,3.46,625.81,273.33,1909.1,233.08,114.18,612.81
"NSW","Lake Macquarie",151.689636230469,-33.0369644165039,1,2.28,3.47,1722815.87,283621.47,19172626.95,198.29,98.56,512.83
"NSW","Lake Macquarie",151.726165771484,-33.0187072753906,1,2.28,3.46,1545976.74,258307.43,16858466.75,96.21,52.24,221.44
"WASouth","Harvey",115.667030334473,-32.9907722473145,1,1.86,2.24,9327.22,2943.11,43632.17,22465.76,5805.39,143447.83
"WASouth","Dundas",124.308197021484,-32.9843902587891,1,2.08,2.47,533093.09,99966.38,5024625.95,13525.87,3822.64,75602.18
"WASouth","Dundas",124.355827331543,-32.9667816162109,1,2.08,3.44,435882.67,83706.87,3982515.28,165.9,82.37,435.18
"SA","Streaky Bay",134.16569519043,-33.0062026977539,1,2.92,4.12,4631.41,1443.79,23178.14,472.87,209.41,1431.2
"SA","Mount Remarkable",137.944869995117,-32.9926071166992,1,3.54,3.22,625.69,273.9,1900.98,381.13,178.79,1052.3
"NSW","Newcastle",151.755249023438,-32.9575996398926,1,2.28,3.44,1756280.8,288518.25,19597873.39,109.38,58,260.91
"WASouth","Harvey",115.652122497559,-32.9409255981445,1,1.85,2.38,12514.6,3814.93,61236.38,4838.13,1539.65,23214.48
"WASouth","Dundas",124.42024230957,-32.9471321105957,1,2.08,2.48,374195.95,73122.87,3343029.69,11938.68,3431.96,65188.75
"WASouth","Dundas",124.475952148438,-32.9387512207031,1,2.08,2.44,362465.6,71281.81,3207398.34,16686.07,4586.04,96877.05
"WASouth","Dundas",124.519393920898,-32.935474395752,1,2.08,2.5,334844.94,66449.95,2928515.6,8859.34,2630.96,46442.09
"WASouth","Dundas",124.575134277344,-32.9283485412598,1,2.08,3.15,319727.28,63681.98,2785471.36,746.3,286.94,2862.66
"WASouth","Dundas",124.627891540527,-32.9224433898926,1,2.08,3.16,310067.92,61838.04,2699868.8,742.69,286.34,2834.52
"WASouth","Dundas",124.666984558105,-32.9171752929688,1,2.08,3.17,323689.43,64080.2,2849004.67,757.53,291.57,2895.88
"WASouth","Dundas",124.72811126709,-32.9045333862305,1,2.08,3.46,305539.82,60735.48,2678542.66,240.25,113.06,679.55
"SA","Streaky Bay",134.147842407227,-32.9440498352051,1,2.91,3.95,5737.63,1724.45,30313.49,710.27,301.38,2266.33
"SA","Whyalla",137.792358398438,-32.912654876709,1,3.39,3.67,617.17,271.56,1859.27,663.12,281.07,2129.35
"SA","Mount Remarkable",137.931793212891,-32.945686340332,1,3.55,3.31,604.54,266.29,1819.85,298.85,143.79,799.69
"NSW","Newcastle",151.778686523438,-32.9410057067871,1,2.28,4.2,2018973.66,325048.74,23172152.97,34.75,21.69,66.06
"WASouth","Waroona",115.648643493652,-32.900691986084,1,1.85,3,14264.82,4267.82,71641.07,822.03,311.68,3215.44
"WASouth","Dundas",124.776504516602,-32.8932876586914,1,2.08,3.21,339288.01,66474.3,3034364.07,751.76,289.61,2870.62
"WASouth","Dundas",124.827789306641,-32.8737030029297,1,2.08,3.8,413461.91,78797.23,3841926.88,136.2,69.89,340.43
"SA","Streaky Bay",134.106796264648,-32.9153175354004,1,2.92,3.89,4061.65,1276.3,20213.36,700.98,299.33,2212.65
"SA","Whyalla",137.802703857422,-32.8964157104492,1,3.39,3.69,609.76,268.73,1832.89,632.87,270.68,2004.58
"SA","Mount Remarkable",137.92333984375,-32.8952827453613,1,3.55,4.31,607.29,267.48,1827.97,35.36,22.04,67.3
"WASouth","Waroona",115.629905700684,-32.8495674133301,1,1.84,2.97,18594.6,5389.48,97359.49,966.47,359.41,3876.08
"WASouth","Dundas",124.886604309082,-32.8456764221191,1,2.08,4.26,522241.09,96387.68,5071524.93,42.6,25.77,84.67
"SA","Streaky Bay",134.102554321289,-32.8653297424316,1,2.91,3.99,5843.21,1782.55,29966.49,669.08,287.38,2095.66
"SA","Whyalla",137.811965942383,-32.8540534973145,1,3.39,3.65,578.62,257.03,1719.97,640.03,274.84,2011.01
"SA","Mount Remarkable",137.904113769531,-32.858211517334,1,3.39,3.37,599.86,264.97,1797.47,173.32,87.26,441.57
"NSW","Port Stephens",151.845993041992,-32.8574409484863,1,2.28,3.53,1705508.24,280661.83,19004149.07,131.05,68.58,316.49
"NSW","Port Stephens",151.886505126953,-32.8415222167969,1,2.28,3.02,1691077.95,279440.89,18713746.53,474.12,214.88,1375.3
"NSW","Port Stephens",151.931243896484,-32.826171875,1,2.28,4.23,1748802.46,287618.5,19479335.62,37.53,23.15,72.55
"WASouth","Waroona",115.620826721191,-32.8227729797363,1,1.83,2.82,23427.3,6608.99,127061.94,1666.16,577.7,7338.38
"WASouth","Dundas",124.93709564209,-32.7966690063477,1,2.07,3.46,628715.9,113352.05,6299904.47,205.68,98.8,565.76
"SA","Streaky Bay",134.122131347656,-32.8045616149902,1,2.91,3.99,5224.78,1596.14,26939.9,643.1,277.74,1999.04
"SA","Whyalla",137.813766479492,-32.8274917602539,1,3.39,3.66,571.56,254.53,1692.62,612.41,264.61,1907.86
"SA","Mount Remarkable",137.896591186523,-32.8130378723145,1,3.39,2.97,576.96,256.34,1714.81,272.42,131.97,724.01
"NSW","Port Stephens",151.995193481445,-32.8015251159668,1,2.34,3.2,1643819.99,272486.33,18118033.11,214.62,106.76,551.55
"NSW","Port Stephens",152.049957275391,-32.7904014587402,1,2.34,3.23,1772554.96,291011.55,19791044.79,201.28,101.57,505.86
"NSW","Port Stephens",152.105438232422,-32.7936248779297,1,2.34,3.46,2072231.38,332023.17,23953150.68,159.69,79.88,414.15
"WASouth","Mandurah",115.612747192383,-32.7587585449219,1,1.83,2.96,28255.51,7819.24,156932.74,968.66,363.28,3820.37
"WASouth","Dundas",124.992477416992,-32.7677345275879,1,2.07,3.07,644638.76,115935.29,6478812.08,1221.92,440.26,5117.23
"WASouth","Dundas",125.016464233398,-32.7507400512695,1,2.07,3.25,635910.68,114626.98,6369917.09,749.18,290.42,2826.7
"WASouth","Dundas",125.090019226074,-32.7265357971191,1,2.07,3.43,668006.43,119821.05,6731538.31,243.26,114.51,687.01
"SA","Streaky Bay",134.071029663086,-32.7439575195312,1,2.91,4.03,5883.01,1770.08,30959.39,568.69,249.83,1726.57
"SA","Whyalla",137.80729675293,-32.7693710327148,1,3.39,3.63,547.88,245.67,1606.45,615.23,265.8,1916.44
"SA","Port Augusta",137.890808105469,-32.7710227966309,1,3.4,3.02,526.23,237.09,1533.42,181.34,92.56,449.23
"NSW","Port Stephens",152.155685424805,-32.7658233642578,1,2.34,3.44,1700537.44,279957.01,18938208.39,179.93,88.42,478.47
"WASouth","Mandurah",115.607124328613,-32.7169036865234,1,1.82,3.06,43267.8,11350.9,258066.06,834.6,318.65,3216.32
"WASouth","Dundas",125.125335693359,-32.7073822021484,1,2.07,3.6,678316.54,121362.88,6860536.52,179.11,87.93,477.42
"SA","Streaky Bay",134.058029174805,-32.7256622314453,1,2.92,4.06,5034.23,1531.69,26232.78,524.48,232.24,1577.3
"SA","Port Augusta",137.792068481445,-32.7212753295898,1,3.4,3.23,469.3,215.35,1332,155.77,77.97,404.16
"WASouth","Mandurah",115.599494934082,-32.6866264343262,1,1.82,3.07,38317.06,10279.66,221109.54,845.43,322.95,3251.46
"WASouth","Dundas",125.198837280273,-32.6661796569824,1,2.07,3.45,698451.77,124398.15,7110176.91,253.4,117.24,737.47
"SA","Streaky Bay",134.09358215332,-32.7097091674805,1,2.93,3.95,3097.87,1007.79,14717.98,146.26,73.65,376.91
"SA","Streaky Bay",134.139633178711,-32.713020324707,1,2.95,3.9,1815.85,638.21,7738.13,130.12,66.72,326.73
"SA","Streaky Bay",134.258987426758,-32.6792335510254,1,2.98,3.91,1015.32,390.71,3796.48,479.59,214.67,1422.05
"SA","Port Augusta",137.763793945312,-32.6859321594238,1,3.4,3.65,459.75,211.17,1304.24,473.95,211.56,1413.49
"SA","Port Augusta",137.844696044922,-32.6832084655762,1,3.41,2.9,440.93,203.68,1241.13,228.39,116.02,563.06
"NSW","Mid-Coast",152.217864990234,-32.6861267089844,1,2.34,3.47,2025058.93,326525.96,23174893.95,138.33,70.4,350.78
"WASouth","Mandurah",115.612724304199,-32.6398010253906,1,1.84,3.17,52009.6,13295.23,321529.68,737.46,287.24,2760.12
"WASouth","Dundas",125.261291503906,-32.639404296875,1,2.07,3.24,687984.15,122944.6,6967609.35,731.58,286.05,2719.27
"WASouth","Dundas",125.299919128418,-32.6206016540527,1,2.07,3.32,635123.59,114883.59,6322667.25,563.89,229.6,1976.79
"WASouth","Dundas",125.356552124023,-32.6046524047852,1,2.07,3.32,644362.97,116627.15,6402004.39,427.21,184.14,1370.07
"WASouth","Dundas",125.411148071289,-32.5926475524902,1,2.07,3.34,655552.16,118748.22,6497114.11,349.36,157.03,1049.64
"WASouth","Dundas",125.445678710938,-32.5863265991211,1,2.07,4.41,651481.37,118211.02,6439428.87,56.26,32.23,121.45
"SA","Streaky Bay",134.27360534668,-32.6319274902344,1,2.98,3.95,1024.08,393.43,3838.91,420.62,191.24,1221.94
"SA","Port Augusta",137.836624145508,-32.6410903930664,1,3.41,2.81,450.77,207.29,1277.45,349.65,167.22,937.25
"NSW","Mid-Coast",152.209411621094,-32.6361770629883,1,2.34,3.23,2067918.96,331370.97,23901130.02,213.55,107.78,534.69
"NSW","Mid-Coast",152.243713378906,-32.6129608154297,1,2.34,3.34,2076531.12,332196.31,24066656.25,148.21,75.1,377.06
"WASouth","Mandurah",115.633392333984,-32.5939178466797,1,1.97,3.32,25670.2,6990.26,147569.4,218.5,107.86,568.85
"WASouth","Dundas",125.525924682617,-32.5580215454102,1,2.07,4.6,639246.42,116647.48,6261545.26,39.39,23.94,77.99
"SA","Streaky Bay",134.260116577148,-32.5783805847168,1,2.97,3.09,1144.12,432.13,4394.97,421.07,198.84,1142.45
"NSW","Mid-Coast",152.320205688477,-32.6055908203125,1,2.34,3.22,2279029.01,360687.13,26784934.21,226.9,108.59,624.15
"WASouth","Mandurah",115.670928955078,-32.5409622192383,1,1.8,3.16,48546.93,12563.53,294757.95,227.81,111.54,600.43
"WASouth","Dundas",125.567039489746,-32.530704498291,1,2.07,3.46,682648.62,123825.21,6733151.65,294.66,136.23,849.51
"SA","Ceduna",133.895065307617,-32.5452919006348,1,2.9,5.1,10090.05,2795.96,59745.1,50.87,29.85,105.69
"SA","Ceduna",133.908020019531,-32.5220603942871,1,2.9,4.93,7186.17,2071.6,40449.72,39.61,24.08,78.34
"SA","Streaky Bay",134.228332519531,-32.5367660522461,1,2.96,3.18,1314.18,485.69,5209.04,218.81,112.16,532.19
"NSW","Mid-Coast",152.313705444336,-32.5493583679199,1,2.34,3.27,2254658.88,356373.49,26575468.15,151.06,80.65,348.86
"NSW","Mid-Coast",152.340133666992,-32.5278701782227,1,2.34,3.23,2225619.2,352607.21,26142955.34,216.66,104.33,590.99
"WASouth","Mandurah",115.695930480957,-32.521125793457,1,1.8,3.1,48452,12482.49,296590.81,270.59,128.58,745.44
"WASouth","Dundas",125.627700805664,-32.4908752441406,1,2.07,3.2,646201.58,118152.95,6302960.91,332.94,153.01,962.61
"WASouth","Dundas",125.654495239258,-32.473217010498,1,2.07,3.19,618299.98,113826.68,5972463.2,373.02,164.85,1151.97
"SA","Ceduna",133.845886230469,-32.5071868896484,1,2.93,4.21,3421.01,1098.86,16532.19,129.75,67.29,318.94
"SA","Ceduna",133.997283935547,-32.5039138793945,1,2.92,4.71,5028.72,1521.33,26495.44,49.57,29.56,100.17
"SA","Ceduna",134.070877075195,-32.4695320129395,1,2.94,4.69,2750.6,907.9,12821.84,44.59,27,88.2
"SA","Ceduna",134.090408325195,-32.47021484375,1,2.94,4.29,2477.32,830.25,11302.77,66.66,38.13,142.72
"SA","Streaky Bay",134.175994873047,-32.4855194091797,1,2.95,3.52,1755.11,619.94,7427.06,81.16,46.64,170.22
"NSW","Mid-Coast",152.412338256836,-32.4907112121582,1,2.34,3.53,2158464.19,343328.8,25218577.72,75.58,43.8,156.79
"NSW","Mid-Coast",152.456039428711,-32.4739952087402,1,2.08,3.58,2130777.27,340673.13,24685354.17,73.45,40.79,165.12
"WASouth","Mandurah",115.740791320801,-32.4680099487305,1,1.8,3.09,56568.39,14045.31,366685.59,279.54,131.93,778.21
"WASouth","Dundas",125.706619262695,-32.4370346069336,1,2.08,4.17,581349.47,107994.2,5545013.93,61.03,35.25,129.02
"SA","Ceduna",133.846725463867,-32.4609375,1,2.91,3.33,5659.93,1684.61,30499.8,263.06,132.51,653.32
"NSW","Mid-Coast",152.521682739258,-32.4567642211914,1,2.08,3.16,2935690.32,445254.26,36699313.66,154.03,77.21,398.86
"WASouth","Rockingham",115.721504211426,-32.3826293945312,1,1.79,3.02,97647.58,22246.82,715856.44,371.98,167.96,1103.29
"WASouth","Dundas",125.731330871582,-32.4147415161133,1,2.08,3.2,548760.85,102871.89,5166589.95,296.25,138.18,839.7
"WASouth","Dundas",125.770309448242,-32.396053314209,1,2.08,4.09,465446.14,89024.71,4267289.87,58.49,34.13,121.71
"SA","Ceduna",133.860244750977,-32.413387298584,1,2.93,3.47,2828.84,929.67,13269.69,118.06,64.93,262.2
"NSW","Mid-Coast",152.54020690918,-32.4330139160156,1,2.08,3.16,2713242.38,421976.91,32574989.43,152.54,76.62,393.77
"WASouth","Rockingham",115.711723327637,-32.3763732910156,1,1.79,3.19,104281.26,23501.08,776650.96,178.72,90.08,453.5
"WASouth","Dundas",125.829124450684,-32.3588104248047,1,2.08,3.84,416649.15,80702.72,3758368.16,101.46,54.46,237.73
"SA","Unincorporated SA",133.848358154297,-32.3607711791992,1,2.96,3.36,1557.09,556.01,6510.76,103.65,58.07,224.36
"NSW","Mid-Coast",152.537170410156,-32.3683662414551,1,2.08,3.1,2618794.52,410421.46,31076184.72,311.49,144.31,891.14
"WASouth","Dundas",125.890777587891,-32.3272438049316,1,2.08,3.35,318309.13,63826.92,2740534.61,167.87,85.25,421.79
"WASouth","Dundas",125.939956665039,-32.3042793273926,1,2.08,3.01,299025.05,60239.19,2562373.08,509.34,219.96,1607.52
"WASouth","Dundas",125.983673095703,-32.2883224487305,1,2.09,3.95,289911.79,58344.7,2493268,78.12,43.39,174.78
"WASouth","Dundas",126.580444335938,-32.3081016540527,1,2.12,3.59,46901.2,11581.3,310536.52,144.88,73.77,365.8
"WASouth","Dundas",126.625343322754,-32.3101997375488,1,2.12,3.52,46053.07,11464.34,300787.49,171.91,85.43,449.01
"WASouth","Dundas",126.683471679688,-32.3130416870117,1,2.12,2.93,36009.22,9349.38,221142.72,893.34,353.8,3191.93
"WASouth","Dundas",126.734107971191,-32.3103523254395,1,2.11,2.97,73458.12,17586.37,500746.14,808.26,323.88,2844.49
"WASouth","Dundas",126.778480529785,-32.3013000488281,1,2.11,2.77,57930.05,14171.26,385178.81,1205.21,458.63,4547.04
"WASouth","Dundas",126.848419189453,-32.3034362792969,1,2.12,4.56,46910.58,11724.88,303814.59,41.55,25.19,82.39
"SA","Unincorporated SA",133.836181640625,-32.352294921875,1,2.95,2.44,1983.44,686.93,8637.79,532.8,228.62,1696.66
"NSW","Mid-Coast",152.522171020508,-32.3266525268555,1,2.08,4.36,3301429.7,461500.12,47520553.34,64.05,36.16,140.86
"WASouth","Rockingham",115.688369750977,-32.2748413085938,1,2,3.14,63847.09,15439.54,430974.43,353.58,161.4,1031.15
"WASouth","Dundas",126.101448059082,-32.2738990783691,1,2.09,3.01,150626.69,31895.32,1228705.32,434.21,192.34,1320.96
"WASouth","Dundas",126.13289642334,-32.2580986022949,1,2.09,3.57,162521.47,34042.39,1345958.76,98.26,53.11,227.82
"WASouth","Dundas",126.229583740234,-32.2429428100586,1,2.11,3.53,55483.21,12971.83,401925.01,105.91,56.61,249.44
"WASouth","Dundas",126.268409729004,-32.2527847290039,1,2.12,3.55,44044.21,10659.17,303827.58,105.43,56.34,248.52
"WASouth","Dundas",126.315170288086,-32.2620964050293,1,2.12,3.52,43688.95,10622.83,298932.4,126.88,66.02,310.46
"WASouth","Dundas",126.37329864502,-32.2812156677246,1,2.11,3.53,48925.42,11839.32,335283.14,127.68,66.26,313.78
"WASouth","Dundas",126.418922424316,-32.2886085510254,1,2.12,3.53,35794.06,9010.91,232663.23,130.04,67.3,320.81
"WASouth","Dundas",126.471771240234,-32.2922630310059,1,2.12,3.52,36143.95,9127.84,233429.12,139.94,71.65,350.5
"WASouth","Dundas",126.52661895752,-32.3000717163086,1,2.12,3.28,36714.83,9306.93,235255.02,343.57,153.74,1042.28
"WASouth","Dundas",126.894958496094,-32.3038711547852,1,2.11,3.41,53698.2,13313.76,350042.97,255.13,119.02,730.54
"WASouth","Dundas",126.948722839355,-32.3001441955566,1,2.12,3.37,37031.94,9578.78,228596.8,227.46,108.35,631.13
"WASouth","Dundas",127.008438110352,-32.2939224243164,1,2.12,3.37,42969.84,10929.37,271032.89,228.41,109.38,627.24
"WASouth","Dundas",127.05305480957,-32.2870330810547,1,2.12,3.34,35342.07,9187.74,216793.1,249.17,117.78,697.05
"WASouth","Dundas",127.107360839844,-32.2873420715332,1,2.12,3.38,44105.39,11166.01,280117.51,235.86,112.4,652.2
"WASouth","Dundas",127.156761169434,-32.2812728881836,1,2.12,2.98,41923.44,10642.85,265742.69,551.25,235.14,1770.89
"WASouth","Dundas",127.212768554688,-32.2844657897949,1,2.11,3.24,54572.81,13425.85,360435.73,303.13,140.54,867.59
"WASouth","Dundas",127.259368896484,-32.2746429443359,1,2.12,3.17,47439.67,11803.57,309568.13,336.02,153.88,977.35
"WASouth","Dundas",127.314971923828,-32.2637634277344,1,2.11,3.39,55216.26,13501.57,368482.33,197.19,98,510.32
"WASouth","Dundas",127.354232788086,-32.2527313232422,1,2.11,4.05,60488.25,14643.85,408787.37,61.26,35.39,129.47
"SA","Ceduna",133.767166137695,-32.2666244506836,1,2.94,4.32,2777.2,916.16,12950.52,60.66,35.09,127.93
"SA","Ceduna",133.777847290039,-32.2665901184082,1,2.94,3.96,2749.32,908.99,12775.19,116.1,61.31,277.95
"SA","Ceduna",133.851272583008,-32.2766571044922,1,2.95,3.08,1898.79,663.09,8164.74,368.85,165.75,1104.48
"NSW","Mid-Coast",152.529312133789,-32.286075592041,1,2.08,2.33,2714014.39,425171.27,32165227.9,1170.8,469.68,4013.19
"WASouth","Kwinana",115.753379821777,-32.2424011230469,1,2.01,2.8,39056.83,10208.97,235841.27,1001.3,401.48,3469.23
"WASouth","Dundas",127.42276763916,-32.2359275817871,1,2.11,2.68,67979.32,16263.22,466127.08,1263.51,490.86,4571.78
"WASouth","Dundas",127.463645935059,-32.2284698486328,1,2.11,2.65,75165.94,17706.45,526879.37,1848.76,684.07,7141.8
"WASouth","Dundas",127.521705627441,-32.2205200195312,1,2.1,3.06,117895.13,26454.67,878467.99,754.01,305.41,2612.89
"SA","Ceduna",133.239868164062,-32.2043533325195,1,2.89,3.42,14519.46,3823.17,92291.54,1198.63,454.75,4549.83
"SA","Ceduna",133.253402709961,-32.2127876281738,1,2.88,4.1,23232.03,5803.58,157779.72,145.73,74.67,363.45
"SA","Unincorporated SA",133.678817749023,-32.2343902587891,1,2.92,2.63,3928.56,1238.91,19465.44,709.74,298.81,2297.52
"NSW","Mid-Coast",152.523178100586,-32.2377243041992,1,2.08,2.86,4945459.54,651362.35,77411224.34,2716.54,980.04,10731.17
"WASouth","Kwinana",115.763900756836,-32.2021522521973,1,2.01,3.21,42508.53,10969.19,261399.95,331.39,154.77,930.29
"WASouth","Dundas",127.576217651367,-32.1881370544434,1,2.1,3.15,120824.94,26775.57,919537.56,319.5,149.93,891.1
"WASouth","Dundas",127.615257263184,-32.1755561828613,1,2.1,3,127083.07,28024.05,972886.06,1105.64,425.92,4100.8
"SA","Unincorporated SA",133.150283813477,-32.1936683654785,1,2.87,3.57,26637.19,6505.36,187018.51,677.8,280.07,2279
"SA","Ceduna",133.3134765625,-32.1855735778809,1,2.89,3.62,15039.62,3965.23,95114.2,488.52,211.25,1542.3
"SA","Ceduna",133.368133544922,-32.1918525695801,1,2.89,3.72,11379.2,3107.26,68686.59,304.74,140.49,881.16
"SA","Ceduna",133.427627563477,-32.1941261291504,1,2.9,3.15,8668.59,2449.6,49994.86,717.55,288.56,2529.7
"NSW","Mid-Coast",152.538162231445,-32.1926536560059,1,2.08,2.12,2854220.8,446235.38,33853465.43,7514.84,2333.52,36662.39
"WASouth","Cockburn",115.744827270508,-32.1371726989746,1,2,3.27,72168.91,17344.97,489033.86,307.8,145.54,848.57
"WASouth","Dundas",127.685852050781,-32.149528503418,1,2.84,3.92,135891.56,29745.3,1050154.39,285.99,136.63,777.3
"WASouth","Dundas",127.734603881836,-32.137565612793,1,2.84,3.8,116868.95,25863.66,893429.4,563.24,237.52,1846.12
"SA","Unincorporated SA",133.109451293945,-32.1493606567383,1,2.89,3.72,12358.48,3297.07,77531.91,355.15,161.17,1046.74
"SA","Ceduna",133.464202880859,-32.1557502746582,1,2.91,4.28,5897.4,1793.94,30389.36,75.28,42.23,165.76
"SA","Ceduna",133.520812988281,-32.1467399597168,1,2.94,4.28,2513.12,854.35,11144.9,79.08,44.02,176.05
"SA","Ceduna",133.578567504883,-32.1495704650879,1,2.92,2.86,4333.37,1348.27,21873.95,3190.3,1061.21,14495.85
"NSW","Mid-Coast",152.512573242188,-32.1440925598145,1,2.08,2.33,2865395.29,447175.84,34087612.31,1808.15,675.49,6872.32
"WASouth","Cockburn",115.75496673584,-32.0969123840332,1,2,3.28,60340.63,14835.6,396612.08,293.14,139.47,801.45
"WASouth","Dundas",127.791816711426,-32.1241111755371,1,2.85,3.9,94865.18,21677.86,692887.5,322.09,151.19,897.43
"WASouth","Dundas",127.841194152832,-32.1121406555176,1,2.85,3.93,99548.77,22638.07,731397.83,304.28,143.94,838.83
"WASouth","Dundas",127.893455505371,-32.1038360595703,1,2.85,3.92,88500.57,20412.96,638217.63,300.04,143.03,816.27
"WASouth","Dundas",127.937492370605,-32.0988807678223,1,2.85,3.93,110649.61,24900.17,823311.09,315.71,149.44,867.32
"WASouth","Dundas",127.981498718262,-32.089427947998,1,2.84,3.9,112691.73,25529.86,827539.54,335.45,158.18,924.52
"WASouth","Dundas",128.041961669922,-32.0753326416016,1,2.85,4.06,104725.73,24061.53,753011.38,351.8,157.71,1061.77
"SA","Unincorporated SA",132.977661132812,-32.1035575866699,1,2.87,3.75,32508.76,7714.66,237626.54,483.14,207.71,1543.42
"SA","Unincorporated SA",132.992446899414,-32.105827331543,1,2.87,3.1,31446.48,7479.72,229413.7,1658.59,630.54,6138.21
"NSW","Mid-Coast",152.524337768555,-32.1037445068359,1,2.08,3.17,2873862.01,447654.51,34297197.91,357.3,166.78,999.27
"WASouth","Dundas",128.103988647461,-32.0477027893066,1,2.85,3.87,71362.55,17381.62,472422.38,390.02,180.13,1106.2
"WASouth","Dundas",128.147399902344,-32.0388107299805,1,2.85,3.9,77635.29,18616.14,526005.38,355.1,166.16,989.12
"WASouth","Dundas",128.200286865234,-32.0213279724121,1,2.85,3.88,75140.81,17976.33,512198.66,678.3,280.85,2271.68
"SA","Unincorporated SA",132.216537475586,-32.0306205749512,1,2.85,3.74,95301.35,19865.14,825163.7,648.29,270.64,2144.68
"SA","Unincorporated SA",132.265014648438,-32.0361747741699,1,2.85,3.72,69754.05,15152.04,571062.61,732.93,301.57,2470.68
"SA","Unincorporated SA",132.311965942383,-32.0363311767578,1,2.85,3.91,78098.62,16712.52,652530.87,318.61,144.96,941.56
"SA","Unincorporated SA",132.916961669922,-32.0495147705078,1,2.87,3.27,27384.04,6620.64,195612.75,453.91,206.56,1310.41
"NSW","Mid-Coast",152.54850769043,-32.0601654052734,1,2.08,2.74,3107760.55,477776.13,37799670.42,441.63,197.97,1312.73
"WASouth","Cottesloe",115.748397827148,-32.0159225463867,1,2,3.55,78972.44,19197.64,521624.61,283.89,134.35,785.42
"WASouth","Dundas",128.256439208984,-31.9999656677246,1,2.85,4.06,75690.27,18255.39,508257.3,291.72,138.56,800.34
"WASouth","Dundas",128.312133789062,-31.983757019043,1,2.85,4.36,76726.39,18364.52,521916.96,165.08,81.84,434.33
"SA","Unincorporated SA",132.165283203125,-32.0149269104004,1,2.88,3.64,21045.91,5400.47,136791.08,890.05,357.89,3091.56
"SA","Unincorporated SA",132.368988037109,-32.0129013061523,1,2.86,3.38,58355.28,12885.55,469042.87,2265.79,803.56,9344.37
"SA","Unincorporated SA",132.472396850586,-32.0139274597168,1,2.85,3.82,75466.18,16008.18,642725.13,436.84,191.07,1360.4
"SA","Unincorporated SA",132.848297119141,-32.009693145752,1,2.86,3.17,48679.09,10890.13,386717.05,1008.84,418.53,3283.16
"NSW","Mid-Coast",152.568206787109,-32.0073547363281,1,2.08,3.24,2945206.07,455116.74,35603242.35,356.55,166.19,1000.03
"WASouth","Dundas",128.368698120117,-31.96462059021,1,2.85,4.59,78213.19,18659.37,534566.48,117.06,61.03,286.93
"SA","Unincorporated SA",132.113922119141,-31.9684658050537,1,2.87,3.29,29002.73,7149.6,198824.71,3149.91,1061.83,13969.97
"SA","Unincorporated SA",132.520324707031,-31.9427661895752,1,2.85,3.39,73715.9,15538.83,636514.48,1922.73,694.64,7744.97
"SA","Unincorporated SA",132.580688476562,-31.937349319458,1,2.85,3.58,63658.28,13671.55,536135.65,962.13,380.84,3423.51
"SA","Unincorporated SA",132.633117675781,-31.9477863311768,1,2.86,3.77,52139.93,11525.06,421713.62,546.4,233.98,1743.58
"SA","Unincorporated SA",132.677658081055,-31.9606323242188,1,2.85,3.86,65856.92,14117.95,555200.45,367.16,166.79,1077.67
"SA","Unincorporated SA",132.737106323242,-31.957389831543,1,2.86,4.09,45664.84,10253.66,361916.3,183.17,90.91,477.51
"SA","Unincorporated SA",132.793395996094,-31.9670734405518,1,2.89,3.05,13898.14,3706.61,86484.49,1733.65,676.36,6106.15
"NSW","Mid-Coast",152.607528686523,-31.9559078216553,1,2.41,3.27,3705256.78,556049.56,46585736.41,152.72,78.55,377.11
"WASouth","Cambridge",115.747932434082,-31.9169654846191,1,2,3.39,109317.22,25611.7,757192.73,374.33,172.8,1065.34
"WASouth","Dundas",128.386245727539,-31.9521999359131,1,2.85,3.94,74982.09,18120.86,501967.53,337.94,158.87,936.14
"WASouth","Dundas",128.428405761719,-31.9378452301025,1,2.86,3.79,56425.92,13945.33,368875.63,603.2,261.2,1873.37
"WASouth","Dundas",128.470016479492,-31.9254741668701,1,2.85,3.68,79897.23,18992.82,548933.82,1097.97,422.07,4090.72
"SA","Unincorporated SA",132.013717651367,-31.8924770355225,1,2.88,3.49,22069.23,5617,145189.48,1322.13,494.89,5112.88
"SA","Unincorporated SA",132.059448242188,-31.9186496734619,1,2.87,3.19,27596.22,6820.71,188908.6,1026.89,428.71,3301
"NSW","Mid-Coast",152.631057739258,-31.9270057678223,1,2.41,3.46,3964410.3,589836.63,50423722.33,111.99,59.71,263.96
"WASouth","Stirling",115.745735168457,-31.8783321380615,1,2,3.1,125054.46,28736.43,889889.76,1125.94,447.19,3940.25
"WASouth","Dundas",128.533950805664,-31.8932571411133,1,2.85,3.58,69844.88,16979.91,464515.19,1579.83,598.13,5909.24
"WASouth","Dundas",128.580505371094,-31.8804798126221,1,2.85,3.6,80460.06,19062.44,555928.1,1401.82,539.59,5125.03
"WASouth","Dundas",128.611724853516,-31.8646335601807,1,2.85,4.18,67846.91,16459.16,453717.99,255.89,120.2,722.98
"SA","Unincorporated SA",131.970077514648,-31.8648357391357,1,2.87,3.27,26904.02,6651.24,184417.65,140.69,76.5,315.75
"NSW","Mid-Coast",152.629821777344,-31.8805847167969,1,2.47,3.42,49358.57,12674.73,303582.44,126.77,69.84,279.54
"NSW","Mid-Coast",152.681457519531,-31.8813209533691,1,2.46,3.14,72305.46,18034.75,458504.9,1989.08,730.38,7756.6
"WASouth","Dundas",128.681121826172,-31.8330821990967,1,2.85,4.16,85031.5,19991.79,593752.19,299.83,138.39,866
"SA","Unincorporated SA",131.866165161133,-31.8002967834473,1,2.87,4.06,37216.31,8838.02,269042.15,217.55,104.85,592.23
"SA","Unincorporated SA",131.903350830078,-31.8179912567139,1,2.88,3.46,19916.54,5139.85,128562.79,206.81,107.22,494.49
"NSW","Mid-Coast",152.739624023438,-31.8378868103027,1,2.41,4.15,3035456.43,471570.47,36286997.27,46.98,28.13,94.54
"WASouth","Joondalup",115.724632263184,-31.7862281799316,1,1.99,3.28,140119.31,31317.34,1041011.34,595.39,257.67,1852.63
"WASouth","Dundas",128.707641601562,-31.8146839141846,1,2.85,3.91,80680.61,18999.4,563478.88,373.18,171.59,1069.98
"WASouth","Dundas",128.745147705078,-31.7919063568115,1,2.85,3.94,84361.46,19476.72,609083.06,350.61,163.06,988.4
"WASouth","Dundas",128.780517578125,-31.7762622833252,1,2.85,3.91,89378.39,20589.44,645641.45,408.29,185.73,1187.27
"WASouth","Dundas",128.817230224609,-31.7588386535645,1,2.85,4.43,86699.78,19949.62,628746.28,129.91,67.42,318.88
"SA","Unincorporated SA",131.816452026367,-31.7617855072021,1,2.87,3.35,25126.02,6278.91,169572.11,375.72,179.17,1008.18
"NSW","Mid-Coast",152.768844604492,-31.7700748443604,1,2.41,3.28,4354213.05,648080.42,55056360.29,285.59,133.11,812.66
"WASouth","Joondalup",115.711456298828,-31.7327613830566,1,1.99,3.41,183000.81,39630.13,1416898,404.71,184.98,1167.2
"WASouth","Dundas",128.923278808594,-31.7160186767578,1,2.85,3.9,91321,20765.94,674531.58,414.65,188.99,1200.18
"WASouth","Dundas",128.980865478516,-31.6983222961426,1,2.85,4.36,85892.25,19698.61,627005.64,157.29,79.67,398.83
"SA","Unincorporated SA",131.749893188477,-31.7228736877441,1,2.86,3.44,37440.99,8825.2,274410.51,264.81,132.58,664.51
"NSW","Mid-Coast",152.789184570312,-31.7463817596436,1,2.41,3.65,4837615.34,710709.55,62236996.84,124.56,65.17,301.96
"WASouth","Wanneroo",115.685127258301,-31.6741313934326,1,1.99,3.27,180834.76,39137.76,1402574.3,711.6,302.84,2258.13
"SA","Unincorporated SA",129.05632019043,-31.6806087493896,1,2.85,3.94,81002.73,18716.96,585390.87,425.8,192.57,1248.1
"SA","Unincorporated SA",129.103088378906,-31.6748466491699,1,2.85,3.99,82287.32,18905.01,600349.31,423.43,191.29,1244.07
"SA","Unincorporated SA",129.161315917969,-31.6735076904297,1,2.85,3.92,85782.89,19677.34,626035.28,584.5,252.61,1825.47
"SA","Unincorporated SA",129.220596313477,-31.6642150878906,1,2.85,3.95,87988.22,20116.08,645036.56,526.79,230.01,1625.34
"SA","Unincorporated SA",129.265991210938,-31.6626873016357,1,2.85,3.94,82850.86,18989.47,606824.48,535.23,233.64,1650.38
"SA","Unincorporated SA",129.315948486328,-31.6522197723389,1,2.85,4.02,83071.85,18981.9,611757.68,428.35,191.64,1280.37
"SA","Unincorporated SA",129.355773925781,-31.6487083435059,1,2.85,4.05,82111.23,18731.46,606952.99,402.67,181.27,1194.71
"SA","Unincorporated SA",129.425933837891,-31.6450424194336,1,2.85,4.06,85152.24,19244.34,638863.27,393.85,177.81,1163.96
"SA","Unincorporated SA",129.472854614258,-31.6405601501465,1,2.85,4.34,81752.98,18495.37,613766.66,150.38,76.74,377.19
"SA","Unincorporated SA",131.651901245117,-31.6733074188232,1,2.87,4.25,30687.33,7428.35,216890.84,145.32,74.49,362.32
"SA","Unincorporated SA",131.689712524414,-31.6900215148926,1,2.87,3.3,31548.07,7607.92,224135.64,495.86,225.29,1428.15
"NSW","Port Macquarie-Hastings",152.797271728516,-31.7039813995361,1,2.41,3.22,4286577.44,640821.2,53827070.76,334.5,152.74,978.54
"WASouth","Wanneroo",115.66731262207,-31.6364288330078,1,1.99,3.53,187808.6,40288.39,1476785.45,436.7,194.54,1314.07
"SA","Unincorporated SA",129.529388427734,-31.6297702789307,1,2.85,4.07,84318.45,18928.26,640878.12,371.76,168.52,1094.66
"SA","Unincorporated SA",129.572463989258,-31.6263446807861,1,2.85,4.1,86563.37,19298.34,665262.51,328.4,151.21,947.02
"SA","Unincorporated SA",129.628784179688,-31.62229347229,1,2.85,4.14,79187.46,17779.88,604102.06,271.11,127.93,756.42
"SA","Unincorporated SA",129.693832397461,-31.6235198974609,1,2.85,4.13,82142.88,18296.94,634457.05,272.3,128.32,761.4
"SA","Unincorporated SA",129.735946655273,-31.6218967437744,1,2.85,4.1,85188.22,18838.21,665297.01,297.1,138.47,843.13
"SA","Unincorporated SA",129.787750244141,-31.6160411834717,1,2.85,4.04,89608.62,19695.72,705407.1,326.7,150.3,943.93
"SA","Unincorporated SA",129.832595825195,-31.6155910491943,1,2.85,4.26,85034.76,18739.62,668438.9,187.5,93.01,488.59
"SA","Unincorporated SA",131.550842285156,-31.6270198822021,1,2.86,4.16,41135.38,9553.83,307987.42,201.05,98.81,530.56
"SA","Unincorporated SA",131.594345092773,-31.6472778320312,1,2.86,3.39,43404.13,10021.54,327370.67,324.59,157.51,851.3
"NSW","Port Macquarie-Hastings",152.835205078125,-31.6545162200928,1,2.41,3.19,4736729.49,697580.12,60747587.47,412.54,183.18,1253.69
"WASouth","Wanneroo",115.648307800293,-31.6077747344971,1,1.99,3.46,222341.17,47544.23,1741558.15,417.45,186.81,1249.37
"SA","Unincorporated SA",129.888397216797,-31.5991954803467,1,2.85,4.12,81905.35,18035.89,646381.19,273.6,128.55,769.19
"SA","Unincorporated SA",129.949752807617,-31.5961685180664,1,2.85,4.07,78150.71,17281.24,613879.52,286.47,133.92,810.36
"SA","Unincorporated SA",129.994247436523,-31.5926780700684,1,2.85,4.17,73952.3,16443.24,577088.36,215.55,104.57,579.97
"SA","Unincorporated SA",130.050231933594,-31.5961151123047,1,2.85,4.2,69275.18,15529.06,534784.56,195.74,96.21,517.31
"SA","Unincorporated SA",130.118804931641,-31.5930976867676,1,2.85,4.11,65784.06,14856.73,502561.25,258.99,122.45,722.2
"SA","Unincorporated SA",130.15576171875,-31.5828647613525,1,2.85,4.17,66864.63,15074.07,511946.94,221.62,106.98,600.75
"SA","Unincorporated SA",130.215423583984,-31.5854110717773,1,2.85,4.12,65608.3,14834.34,500217.34,245.17,116.81,676.48
"SA","Unincorporated SA",130.254623413086,-31.5786609649658,1,2.85,4.21,63282.23,14378.55,479257.39,185.05,91.54,485.08
"SA","Unincorporated SA",130.329986572266,-31.5885944366455,1,2.86,4.26,60383.79,13821.61,452470.99,177.26,88.18,461.15
"SA","Unincorporated SA",130.372512817383,-31.5924854278564,1,2.86,4.25,59306.88,13648.32,440496.63,188.22,92.87,495.18
"SA","Unincorporated SA",130.413299560547,-31.5909996032715,1,2.86,4.22,56569.05,13098.24,416703.58,195.72,96.11,518.13
"SA","Unincorporated SA",130.47998046875,-31.599027633667,1,2.86,4.19,57504.47,13267.39,425955.65,211.21,102.72,566.51
"SA","Unincorporated SA",130.524963378906,-31.5999298095703,1,2.86,4.17,59762.67,13678.98,448155.01,212.88,103.57,570.25
"SA","Unincorporated SA",130.587509155273,-31.5946865081787,1,2.86,4.24,60444.24,13778.67,456384.6,190.3,93.84,500.8
"SA","Unincorporated SA",130.632949829102,-31.6012134552002,1,2.86,4.21,60461.98,13735.14,459472.76,203.71,99.68,541.43
"SA","Unincorporated SA",130.681182861328,-31.6080703735352,1,2.85,4.26,66021.64,14811.71,510554.75,180.76,89.91,469.72
"SA","Unincorporated SA",130.739852905273,-31.609992980957,1,2.85,4.25,70877.56,15678.37,560081.05,202.08,99.05,535.77
"SA","Unincorporated SA",130.789611816406,-31.6127681732178,1,2.85,4.13,67948.48,15082.95,534978.02,276.13,129.94,773.49
"SA","Unincorporated SA",130.838287353516,-31.6013946533203,1,2.85,4.1,77077.6,16813.97,621633.88,279.96,131.82,782.67
"SA","Unincorporated SA",130.885787963867,-31.5917358398438,1,2.85,4.03,73635.51,16088.23,594001.59,329.74,151.59,953.3
"SA","Unincorporated SA",130.931213378906,-31.5771179199219,1,2.85,4.19,71256.66,15596.89,574150.59,210,102.68,557.85
"SA","Unincorporated SA",131.437576293945,-31.5794830322266,1,2.86,4.2,47377.64,10789.94,364484.72,160.65,81.44,406.17
"SA","Unincorporated SA",131.485397338867,-31.5951290130615,1,2.87,3.25,32516.68,7783.38,233801,693.08,299.02,2148.71
"NSW","Port Macquarie-Hastings",152.850280761719,-31.6034832000732,1,2.26,3.39,5570452.58,804258.19,73339404.17,182.84,90.94,474.84
"WASouth","Wanneroo",115.60888671875,-31.5414657592773,1,1.98,3.63,375048.72,75746.49,3158541.7,351.38,160.13,1028.26
"SA","Unincorporated SA",130.997650146484,-31.5531368255615,1,2.85,4.04,75769.97,16396.27,621162,329.33,151.52,950.89
"SA","Unincorporated SA",131.023834228516,-31.5464344024658,1,2.85,4.01,75730.64,16368.42,622248.81,289.57,135.59,816.13
"SA","Unincorporated SA",131.380752563477,-31.5541572570801,1,2.87,3.25,35316.95,8339.59,259042.53,613.84,270.2,1848.43
"NSW","Port Macquarie-Hastings",152.86848449707,-31.545295715332,1,2.26,3.48,5476823.09,792860.06,71832064.31,132.56,68.8,324.88
"WASouth","Wanneroo",115.579460144043,-31.5047473907471,1,1.98,3.18,339679.78,69594.25,2804068.64,1364.87,517.43,5141.94
"SA","Unincorporated SA",131.073684692383,-31.5080394744873,1,2.85,3.88,78978.2,16908.07,658814.87,524.54,226.15,1657.32
"SA","Unincorporated SA",131.278564453125,-31.5154247283936,1,2.86,3.94,57270.98,12693.14,457705.44,352.82,160.86,1031.39
"SA","Unincorporated SA",131.315841674805,-31.5268726348877,1,2.86,3.3,40012.99,9280.86,300939.61,495.71,226,1418.98
"NSW","Port Macquarie-Hastings",152.907958984375,-31.5069618225098,1,2.26,3.08,6135246.38,875188.31,82083599.45,333.05,152.34,971.43
"WASouth","Wanneroo",115.559936523438,-31.4665012359619,1,1.99,3.37,213253.25,45337.63,1691706.32,647.21,271.43,2123.07
"SA","Unincorporated SA",131.15950012207,-31.4727210998535,1,2.85,3.84,63931.72,13931.36,523514.14,480.13,209.67,1489.95
"SA","Unincorporated SA",131.206832885742,-31.4837474822998,1,2.86,3.28,47726.34,10792.89,371940.72,538.03,240.85,1584.06
"NSW","Port Macquarie-Hastings",152.940475463867,-31.4754161834717,1,2.25,3.08,6759369.28,949921.02,92368516.02,329.99,151.11,961.14
"WASouth","Gingin",115.536895751953,-31.418773651123,1,1.99,2.83,201219.09,43151.16,1576916.99,870.35,355.39,2942.24
"NSW","Port Macquarie-Hastings",152.928359985352,-31.4325828552246,1,2.25,3.08,8604537.37,1180686.63,121053026.91,309.79,143.34,888.74
"WASouth","Gingin",115.504013061523,-31.3707466125488,1,1.99,2.82,180230.6,39043.49,1395816.78,842.54,348.22,2791.25
"NSW","Port Macquarie-Hastings",152.935363769531,-31.3760375976562,1,2.25,3.56,9068488.31,1235301.96,128868780.93,109.35,57.97,260.97
"WASouth","Gingin",115.452171325684,-31.3046283721924,1,1.98,2.88,275442.82,56695.91,2281668.69,638.6,275.34,1991.97
"NSW","Port Macquarie-Hastings",152.950302124023,-31.3485851287842,1,2.25,3.59,8969744.07,1221298.41,127644631.52,100.78,54.04,236.72
"WASouth","Gingin",115.442108154297,-31.2915267944336,1,1.99,2.85,164032.11,36030.77,1245889.22,825.57,332.91,2866.78
"NSW","Port Macquarie-Hastings",152.975173950195,-31.3107528686523,1,2.25,3.54,12714650.7,1644313.98,194471472.27,102.6,55.12,239.89
"WASouth","Gingin",115.419357299805,-31.245044708252,1,1.99,2.73,191539.79,41615.52,1470550.85,2843.24,979.81,12184.62
"NSW","Kempsey",152.973022460938,-31.2520561218262,1,2.25,3.65,15049737.22,1896456.65,238805924.78,91.45,49.81,210
"WASouth","Gingin",115.392807006836,-31.1863384246826,1,1.97,2.89,697836.75,127965.99,6741375.51,859.16,352.48,2881.69
"NSW","Kempsey",152.983184814453,-31.1969738006592,1,2.25,3.65,14602643.15,1844349.53,231155276.71,89.41,48.81,204.72
"WASouth","Gingin",115.385330200195,-31.1538333892822,1,1.97,2.83,592914.02,110580.26,5608892.46,1221.85,479.74,4344.5
"NSW","Kempsey",152.991317749023,-31.1546783447266,1,2.25,3.68,18367219.91,2238297.1,305930167.08,100.3,53.77,235.81
"WASouth","Gingin",115.362205505371,-31.1025295257568,1,1.97,2.91,886312,156010.85,9088116.83,725.76,309.58,2290.5
"NSW","Kempsey",153.032028198242,-31.1024646759033,1,2.25,3.58,18438314.52,2250732.63,306129397.56,112.66,59.39,271.14
"WASouth","Gingin",115.342430114746,-31.0608196258545,1,1.97,2.93,908050.36,157482.2,9549591.02,624.35,270.17,1937.42
"NSW","Kempsey",153.056930541992,-31.0748081207275,1,2.25,3.55,13133196.95,1672890.01,205997344.72,138.83,71.15,347.31
"WASouth","Gingin",115.320510864258,-31.0287113189697,1,1.96,2.82,1822149.42,288616.22,21662209.67,2324.08,796.47,10207.29
"NSW","Kempsey",153.043502807617,-31.0297470092773,1,2.24,3.51,22541025.65,2625074.12,402495808.49,147.86,74.48,380.47
"WASouth","Gingin",115.295783996582,-30.9604682922363,1,1.96,2.86,1835603.6,287284.17,22290487.77,1337.45,503.54,5111.57
"NSW","Kempsey",153.046813964844,-30.9842147827148,1,2.24,3.48,26920841.43,3069072.16,494341235.26,150.63,75.85,387.34
"WASouth","Gingin",115.276443481445,-30.930419921875,1,1.96,2.92,2117174.09,322007.01,26848142.19,894.91,365.7,3015.55
"NSW","Kempsey",153.088363647461,-30.9275894165039,1,2.25,3.52,15043995.94,1863031.47,246255215.8,143.84,72.93,366.28
"WASouth","Dandaragan",115.240005493164,-30.8705768585205,1,1.96,2.92,2229508.84,333580.31,29037772.97,1586.76,567.1,6614.4
"NSW","Kempsey",153.085525512695,-30.8952293395996,1,2.24,3.52,34992681.54,3815050.16,685768707.31,152.18,76.61,391.32
"WASouth","Dandaragan",115.187698364258,-30.8250331878662,1,1.96,2.84,1822626.27,281029.51,22751029.45,3754.47,1205.66,18028.38
"NSW","Kempsey",153.030914306641,-30.8714618682861,1,2.24,3.46,61456266.05,6128459.05,1368595827.25,149.72,75.74,381.87
"WASouth","Dandaragan",115.184829711914,-30.798412322998,1,1.96,2.88,1980285.68,304702.85,24687878.79,2399.11,798.78,11112.96
"NSW","Kempsey",153.005218505859,-30.7961273193359,1,2.39,3.66,59825933.41,5982213.81,1327842266.17,135.17,69.23,339.19
"WASouth","Dandaragan",115.154327392578,-30.7313938140869,1,1.96,2.92,2503806.9,371305.91,32907923.27,2389.16,803.96,10845.13
"NSW","Nambucca Valley",153.005493164062,-30.7533626556396,1,2.39,4.35,58250476.1,5832031.78,1291988407.44,52.67,30.59,111.39
"WASouth","Dandaragan",115.146286010742,-30.7076206207275,1,1.96,2.83,2310174.31,343610.6,30348572.08,5583.26,1674.56,29676.43
"NSW","Nambucca Valley",152.995315551758,-30.7101802825928,1,2.39,3.87,66977410,6578172.17,1525371393.22,93.28,50.15,219.18
"WASouth","Dandaragan",115.127380371094,-30.6585559844971,1,1.96,2.83,1933822.57,291866.02,25009346.76,6092.49,1838.11,31814.74
"NSW","Nambucca Valley",153.004257202148,-30.6698932647705,1,2.39,3.93,67944114.92,6648734.84,1556356228.51,83.24,45.34,192.33
"WASouth","Dandaragan",115.111801147461,-30.6207237243652,1,1.98,2.91,407880.34,77314.65,3830439.32,1810.06,641.83,7585.59
"NSW","Nambucca Valley",153.019149780273,-30.6265201568604,1,2.39,3.91,71838147.29,6994402.98,1655127748.16,91.3,49.21,213.85
"WASouth","Dandaragan",115.083290100098,-30.5732135772705,1,1.97,2.94,1054795.66,172785.69,12193689.47,1644.94,596.12,6659.49
"NSW","Nambucca Valley",153.019500732422,-30.5769462585449,1,2.39,3.93,77463705.49,7491416.8,1798543110.45,93.08,49.79,220.88
"WASouth","Dandaragan",115.075393676758,-30.5281600952148,1,1.98,2.89,321652.93,63959.78,2809608.51,2035.53,719.59,8507.99
"NSW","Bellingen",153.031387329102,-30.5263671875,1,2.39,3.89,80107257.37,7723357.28,1866526168.93,96.31,51.45,228.61
"WASouth","Dandaragan",115.053398132324,-30.501594543457,1,1.97,2.89,777475.62,132705.2,8495917.85,2400.94,842.01,10071.8
"NSW","Bellingen",153.044219970703,-30.4817237854004,1,2.39,3.39,84660533.37,8100699.01,1993295427.53,274.4,128.53,775.63
"WASouth","Dandaragan",115.047470092773,-30.4367961883545,1,1.97,2.87,817582.8,140316.67,8818049.48,2402.97,845.87,10009.7
"NSW","Coffs Harbour",153.076995849609,-30.4302654266357,1,2.39,3.38,87556813.51,8442866.47,2028789234.88,253.02,120,702.67
"WASouth","Dandaragan",115.044143676758,-30.4008903503418,1,1.98,2.86,595941.37,107382,5996866.09,2972.58,1036.51,12427.62
"NSW","Coffs Harbour",153.092559814453,-30.3893413543701,1,2.39,3.52,90692291.34,8650498.71,2138741798.08,191.27,94.28,503.63
"WASouth","Dandaragan",115.02587890625,-30.3309841156006,1,1.98,2.84,468639.96,87783.42,4459506.73,3525.24,1217.2,14845.97
"NSW","Coffs Harbour",153.126800537109,-30.3319225311279,1,2.39,3.8,95826981.31,9064719.61,2286507552.73,131.99,67.82,329.77
"WASouth","Dandaragan",114.994132995605,-30.235387802124,1,1.96,3.51,2303172.26,340589.22,30584769.11,213.12,100.27,608.49
"NSW","Coffs Harbour",153.156356811523,-30.2409725189209,1,2.39,3.64,89368628.35,8637246.69,2059782736.37,146.23,75.12,362.95
"WASouth","Dandaragan",114.994964599609,-30.2107048034668,1,2,2.9,124164.8,28471.9,887239.54,1922.66,714.16,7356.41
"NSW","Coffs Harbour",153.176498413086,-30.1921348571777,1,2.39,3.8,94533846.21,9092621.98,2190565833.5,145.55,73.14,376.69
"WASouth","Dandaragan",115.000297546387,-30.169246673584,1,1.98,2.81,480544.49,89244.33,4637443.38,7855.6,2436.52,38299.37
"NSW","Coffs Harbour",153.206909179688,-30.1587238311768,1,2.39,4.21,83914069.26,8294195.73,1864334319.46,79.35,43.14,184.66
"WASouth","Coorow",114.99592590332,-30.1270275115967,1,1.99,2.94,151132.1,33931.68,1109052.21,1652.66,612.43,6413.55
"NSW","Coffs Harbour",153.213607788086,-30.1134433746338,1,2.39,3.9,101134331.22,9679422.82,2355198389.53,116.44,60.91,283.76
"WASouth","Coorow",114.980415344238,-30.0796737670898,1,2,2.75,92401.47,22275.03,614093.18,7078.75,2195.77,34734.45
"NSW","Coffs Harbour",153.208786010742,-30.0711421966553,1,2.39,3.67,112105559.35,10569101.57,2666354383.72,167.66,84.37,428.43
"WASouth","Coorow",114.954887390137,-30.0253677368164,1,1.99,3.08,192312.38,41751.98,1478128.47,1130.3,429.09,4303.57
"NSW","Coffs Harbour",153.215179443359,-30.0229415893555,1,2.39,4.46,96330505.19,9334175.66,2200293581.47,47.47,28.37,95.79
"WASouth","Coorow",114.95531463623,-29.9851188659668,1,1.99,2.83,251443.38,51978.29,2077760.31,6589.35,2065.46,31861.13
"NSW","Coffs Harbour",153.238662719727,-29.9773464202881,1,2.39,3.08,88135998.92,8686051.97,1962876009.73,499.99,222.13,1499.11
"WASouth","Coorow",114.968734741211,-29.9450035095215,1,1.98,3.33,423286.95,81240.86,3878088.77,496.02,208.35,1653.33
"NSW","Clarence Valley",153.275238037109,-29.9223747253418,1,2.39,3.31,103383407.93,9963840.9,2374590418.15,341.92,157.66,980.81
"WASouth","Carnamah",114.973503112793,-29.8855590820312,1,1.98,2.79,368497.27,72792.14,3231675.93,12623.15,3618.92,69021.59
"NSW","Clarence Valley",153.280456542969,-29.8977203369141,1,2.39,3.49,89761388.79,8855838.76,1993098757.09,257.1,122.01,712.34
"WASouth","Carnamah",114.972312927246,-29.8436660766602,1,1.98,3.2,326958.55,66060.01,2772799.22,948.67,367.04,3528.17
"NSW","Clarence Valley",153.294281005859,-29.8302783966064,1,2.21,3.19,95125341.23,9314817.69,2133710715.38,352.42,160.97,1026.76
"WASouth","Carnamah",114.957695007324,-29.8063068389893,1,1.98,3.05,313676.34,63900.91,2627449.56,1876.94,662.63,7911.08
"NSW","Clarence Valley",153.29426574707,-29.8049736022949,1,2.21,3.14,97902338.06,9594349.55,2189278741.24,302.29,143.34,830.05
"WASouth","Carnamah",114.952522277832,-29.757698059082,1,1.99,2.95,155618.95,35017.88,1135564.39,2834.59,938.68,13101.25
"NSW","Clarence Valley",153.297424316406,-29.755256652832,1,2.21,3.24,103439034.87,10044857.66,2343811460.01,263.61,126.8,711.23
"WASouth","Carnamah",114.951667785645,-29.71044921875,1,1.99,2.96,168278.97,37570.78,1239799.62,3358.83,1082.53,16148.76
"NSW","Clarence Valley",153.313415527344,-29.7081756591797,1,2.21,3.41,122038263.64,11465183.68,2906599066.91,177.14,89.39,448.75
"WASouth","Irwin",114.953964233398,-29.6772804260254,1,2,2.92,121027.8,28171.99,843259.49,4629.73,1452.84,22880.18
"NSW","Clarence Valley",153.332794189453,-29.6719799041748,1,2.21,3.16,112922330.88,10685407.4,2666899863.05,340.35,159.31,949.92
"WASouth","Irwin",114.954727172852,-29.6415576934814,1,1.99,2.94,156147.8,35092.4,1141775.21,4899.9,1513.03,24868.67
"NSW","Clarence Valley",153.342529296875,-29.6138515472412,1,2.21,3.15,121191806.97,11369540.06,2894970032.55,317.26,149.71,876.26
"WASouth","Irwin",114.970321655273,-29.5824966430664,1,2,2.9,105203.02,25080.29,708052.3,5395.39,1624.99,28521.36
"NSW","Clarence Valley",153.343475341797,-29.5742435455322,1,2.21,3.16,126201981.44,11826861.88,3013384645.86,315.07,148.9,868.2
"WASouth","Irwin",114.977729797363,-29.5372772216797,1,2,2.92,95255.81,23099.89,625414.63,5217.66,1566.4,27824.24
"NSW","Clarence Valley",153.361145019531,-29.5248947143555,1,2.21,3.16,88430162.36,8753246.65,1953673785.36,400.1,183.05,1152.72
"WASouth","Irwin",114.978500366211,-29.4595909118652,1,1.99,2.91,91467.16,22438.28,589747.97,5444.21,1625.49,29246.47
"NSW","Clarence Valley",153.368377685547,-29.4821014404297,1,2.21,2.96,99403400.73,9691642.3,2241391629.65,690.18,293.03,2203.83
"WASouth","Irwin",114.967781066895,-29.4326305389404,1,1.99,3.09,107836.43,25863.18,717157.05,669.21,284.51,2135.72
"WASouth","Irwin",114.954193115234,-29.3937854766846,1,1.99,2.94,99962.85,24183.8,657370.46,4120.34,1273.77,21139.49
"NSW","Clarence Valley",153.371276855469,-29.3912181854248,1,2.21,3.05,109573041.38,10487131.12,2539862283.92,599.8,258.83,1875.42
"WASouth","Irwin",114.926536560059,-29.3203926086426,1,1.98,2.83,220981.99,48138.98,1675413.06,11110.47,3029.89,67354.17
"NSW","Clarence Valley",153.365295410156,-29.3581199645996,1,2.21,3.03,90124857.02,8881810.24,2004698939.31,643.09,274.33,2044.77
"WASouth","Irwin",114.913864135742,-29.2869644165039,1,1.98,2.8,206083.14,45200.9,1549576.39,15297.42,3997.54,98282.82
"NSW","Clarence Valley",153.348754882812,-29.3042602539062,1,2.21,2.71,92956393.48,9095283.3,2090767774.39,2940.17,1003.33,12803.87
"WASouth","Irwin",114.909912109375,-29.2444686889648,1,1.98,2.82,283570.7,59458.75,2269184.11,20548.99,5218.97,136432.72
"NSW","Richmond Valley",153.368148803711,-29.2545299530029,1,2.21,2.69,98296593.73,9532124.11,2239438051.09,3495.27,1164.65,15730.67
"WASouth","Irwin",114.88712310791,-29.1897125244141,1,1.97,2.99,391539.76,78105.99,3362591.28,7461.43,2152.53,41821.53
"NSW","Richmond Valley",153.411026000977,-29.1963233947754,1,2.22,2.71,72128325.04,7312812.61,1544462305.17,4185.97,1346.75,19874.23
"WASouth","Irwin",114.873435974121,-29.1469745635986,1,1.97,3,363194.82,73149.74,3079264.19,10582.19,2894,64036.85
"NSW","Richmond Valley",153.452331542969,-29.1486778259277,1,2.21,2.94,80726047.73,8079450.3,1757659431.59,1766.48,645.85,6998.54
"WASouth","Irwin",114.856018066406,-29.1050128936768,1,1.97,3.04,394659.46,78377.69,3414915.76,3103.95,1039.25,13957.28
"WASouth","Greater Geraldton",114.816383361816,-29.0628108978271,1,1.96,2.89,684402.5,124415.01,6722990.62,15207.79,3960.65,98390.41
"NSW","Richmond Valley",153.446487426758,-29.0618591308594,1,2.22,2.67,62438244.18,6530571.81,1274978031.44,10416.74,2922.41,60098.85
"WASouth","Greater Geraldton",114.758316040039,-29.0034446716309,1,1.96,2.95,696729.77,126328.17,6868911.08,9988.66,2799.76,57904.53
"NSW","Richmond Valley",153.464874267578,-29.0198650360107,1,2.22,2.78,40000772.93,4480344.71,741252191.69,5982.75,1830.35,30465.93
"WASouth","Greater Geraldton",114.707145690918,-28.9571838378906,1,1.96,2.96,839039.45,147268.03,8675406.86,14106.72,3789.37,86493.25
"NSW","Ballina",153.507629394531,-28.9700202941895,1,2.31,2.93,51162287.79,5525051.47,997940639.01,5156.74,1610.84,25510.93
"WASouth","Greater Geraldton",114.663841247559,-28.9155330657959,1,1.96,2.98,789134.65,139779.07,8055171.51,11270.25,3117.01,66437.17
"NSW","Ballina",153.529373168945,-28.9397678375244,1,2.31,2.98,52601618.84,5653352.48,1033197895.27,3618.77,1193.63,16560.16
"WASouth","Greater Geraldton",114.63501739502,-28.8812580108643,1,1.96,3.01,852982.05,149097.89,8876923.2,9225.05,2625.68,52237.18
"NSW","Ballina",153.580993652344,-28.8838138580322,1,2.31,2.95,37557637.04,4302296.91,671101348.66,3612.85,1202.08,16267.77
"WASouth","Greater Geraldton",114.618743896484,-28.8406734466553,1,1.97,3.3,570131.01,106053.05,5430978.25,592.31,248.67,1950.84
"NSW","Ballina",153.611129760742,-28.808500289917,1,2.31,2.9,105770343.9,10279866.02,2389999976.83,5307.19,1689.76,25283.7
"WASouth","Greater Geraldton",114.592399597168,-28.7682914733887,1,1.98,2.87,271184.02,55487.06,2272583.81,16053.36,4268.9,99414.15
"NSW","Byron",153.61198425293,-28.7380924224854,1,2.31,2.68,119135197.83,11311360.23,2788006740.07,8687.3,2625.07,44153.63
"WASouth","Greater Geraldton",114.604347229004,-28.6926441192627,1,1.98,3.08,244962.37,50879.94,2010029.16,1539.85,571.79,5981.58
"NSW","Byron",153.620986938477,-28.7066612243652,1,2.31,2.67,96160886.21,9460452.02,2137593962.54,11371.56,3275.55,62057.71
"WASouth","Chapman Valley",114.600944519043,-28.645206451416,1,1.98,2.87,199718.23,42698.12,1574443.54,20869.62,5388.3,134154.82
"NSW","Byron",153.631103515625,-28.6545715332031,1,2.31,2.62,100686800.75,9776032.19,2285630126.83,23735.67,6101.93,152459.43
"WASouth","Chapman Valley",114.577018737793,-28.5933303833008,1,1.97,2.79,395661.33,77117.02,3539855.74,11835.01,3189.08,73071.26
"NSW","Byron",153.582260131836,-28.6068649291992,1,2.3,2.94,184436879.1,16295914.99,4788998193.23,3622.27,1242.87,15404.81
"WASouth","Chapman Valley",114.562286376953,-28.5574893951416,1,1.98,2.82,187919.24,40646.59,1455895.99,8061.59,2239.21,48340.47
"NSW","Byron",153.569381713867,-28.5657405853271,1,2.3,2.87,170992599.28,15264831.61,4377452165.77,6932.09,2171.59,33446.92
"WASouth","Northampton",114.522659301758,-28.5005149841309,1,1.97,2.85,508520.9,95928.32,4754979.86,7316.41,2096.16,41620.21
"NSW","Byron",153.555862426758,-28.5195655822754,1,2.3,2.79,175777726.67,15596334.07,4542462802.55,13006.17,3708.46,71697.51
"WASouth","Northampton",114.488052368164,-28.4559593200684,1,1.96,2.86,657421.38,120514.15,6376498.84,8226.95,2344.81,46854.98
"NSW","Tweed",153.559204101562,-28.4693031311035,1,2.3,2.55,158318238.56,14225853.92,4023750674.64,44221.17,10433.9,319740.57
"WASouth","Northampton",114.442192077637,-28.413272857666,1,1.97,2.87,637730.08,116883.68,6198352.29,9671.2,2686.93,57157.72
"NSW","Tweed",153.563735961914,-28.4232139587402,1,2.3,2.5,171946460.27,15136324.99,4513158521.94,40577.62,9681.88,288997.98
"WASouth","Northampton",114.402420043945,-28.3563499450684,1,1.97,2.96,452012.15,86526.6,4144998.34,4802.22,1483.84,24378.27
"NSW","Tweed",153.575973510742,-28.3762855529785,1,2.3,2.44,163495063.27,14404199.59,4297831900.32,68355.09,15068.92,544986.23
"WASouth","Northampton",114.371124267578,-28.3124885559082,1,1.97,2.96,483947.69,92001.33,4475612.53,4128.83,1291.3,20709.83
"NSW","Tweed",153.579727172852,-28.3339424133301,1,2.25,2.52,158361553.06,14015388.96,4136692994,31693.79,7783.94,217456.56
"WASouth","Northampton",114.337631225586,-28.2735595703125,1,1.97,2.88,426037.73,82199.75,3865107.1,14260.94,3744.65,91258.31
"NSW","Tweed",153.582611083984,-28.2861995697021,1,2.25,2.5,139628801.25,12601831.33,3546897171.9,22434.9,5785.42,143822.88
"WASouth","Northampton",114.274604797363,-28.2169628143311,1,1.96,2.85,650877.12,118653.93,6379974.27,10677.26,2917.18,64689.07
"NSW","Tweed",153.573059082031,-28.2406616210938,1,2.25,2.53,143502109.71,12908847.77,3661091748.37,11147.36,3201.67,61244.45
"WASouth","Northampton",114.231704711914,-28.1851711273193,1,1.97,2.79,563968.28,104442.22,5418729.12,22704.89,5737.82,151095.46
"NSW","Tweed",153.579681396484,-28.1937599182129,1,2.25,2.65,158727304.28,13846493.01,4255650334.81,4646.48,1490.33,22029.41
"WASouth","Northampton",114.173194885254,-28.1166114807129,1,1.96,2.94,661522.49,119131.04,6622278.44,633.68,272.13,1992.04
"WASouth","Northampton",114.164390563965,-28.0951652526855,1,1.98,2.88,252328.42,51074.15,2165313.53,2855.61,910.25,14206.15
"QLDSouth","Gold Coast",153.467559814453,-28.1045627593994,1,2.25,2.75,104603868.77,9867874.87,2495327734.87,878.47,362.57,2909.99
"WASouth","Northampton",114.156120300293,-28.0480766296387,1,1.97,2.83,434952.92,82926.46,4026600.8,8644.62,2417.57,50876.72
"QLDSouth","Gold Coast",153.447174072266,-28.0567150115967,1,2.28,2.81,86604384.61,8384338.44,1993638808.47,1033.66,406.05,3712.75
"WASouth","Northampton",114.14404296875,-27.9935626983643,1,1.97,2.84,596257.88,108439.37,5899964.23,9239.93,2580.68,54243.2
"QLDSouth","Gold Coast",153.434448242188,-28.0055713653564,1,2.28,3.48,88453217.29,8479080.74,2070297467.84,244.81,113.69,709.19
"WASouth","Northampton",114.133796691895,-27.9583473205566,1,1.96,3.7,674162.57,122308.47,6652083.1,207.73,98.57,584.49
"WASouth","Northampton",114.119079589844,-27.9107761383057,1,1.96,2.83,989504.74,170812.45,10441122.82,3546.36,1097.41,18376.18
"QLDSouth","Gold Coast",153.417724609375,-27.9157295227051,1,2.27,3.79,566045989.24,43179368.13,17934258301.85,149.57,74.6,391.9
"WASouth","Northampton",114.106117248535,-27.8597660064697,1,1.96,2.83,912030.64,158973.81,9502085.17,3748.53,1140.92,19978.07
"QLDSouth","Gold Coast",153.417434692383,-27.8680477142334,1,2.28,3.24,375982968.27,29266106.29,11768943382.42,545.42,226.32,1847.99
"WASouth","Northampton",114.104621887207,-27.8098220825195,1,1.96,2.84,1021500.93,175197.99,10884838.35,2926.39,924.11,14800.18
"QLDSouth","Gold Coast",153.41813659668,-27.815128326416,1,2.3,3.13,14582377.1,1728535.43,258795401.58,749.08,297.78,2691.53
"WASouth","Northampton",114.114044189453,-27.7759704589844,1,1.96,2.9,1178228.01,198052.33,12910044.51,28852.6,6777.37,217036.29
"QLDSouth","Gold Coast",153.447219848633,-27.773681640625,1,2.29,2.95,58583772.26,5867892.05,1297936281.57,817.81,326.46,2896.63
"WASouth","Northampton",114.135856628418,-27.7431621551514,1,1.96,2.95,925582.14,163159.3,9442630.48,16712.87,4215.69,114203.11
"QLDSouth","Redland",153.458358764648,-27.7240924835205,1,2.29,2.97,56442863.17,5660688.65,1250402313.15,983.01,373.97,3766.42
"WASouth","Northampton",114.146865844727,-27.6679363250732,1,1.96,2.96,1439328.14,235153.57,16407226.74,12682.52,3335.61,81631.64
"QLDSouth","Redland",153.468841552734,-27.6832008361816,1,2.29,2.97,60133105.49,5973356.84,1350325700.8,1337.72,485.17,5491.04
"WASouth","Northampton",114.140434265137,-27.6351852416992,1,1.95,2.96,1646534.62,263660.27,19307958.68,12698.1,3346.96,81380.52
"QLDSouth","Redland",153.46989440918,-27.6331539154053,1,2.28,3.57,108505218.88,9815644.27,2786879706.26,227.29,107,645.06
"WASouth","Northampton",114.118461608887,-27.5770015716553,1,1.95,2.97,1633615.06,263594.83,18903373.38,20994.08,5290.71,141252.97
"QLDSouth","Redland",153.488403320312,-27.5784130096436,1,2.63,3.77,61240941.58,5983509.84,1415687108.09,305.33,137.24,926.49
"WASouth","Northampton",114.10563659668,-27.5376720428467,1,1.95,3.02,1608647.22,261498.38,18384129.16,124947.61,25412.09,1111980.71
"QLDSouth","Redland",153.295120239258,-27.5337238311768,1,2.62,2.89,178585761.03,14477192.98,5436781156.52,131741.79,26638.72,1180999.43
"QLDSouth","Redland",153.346466064453,-27.5185470581055,1,2.62,2.83,192471413.96,15608471.57,5827493206.94,21176.73,5417.31,138386.74
"QLDSouth","Redland",153.505752563477,-27.5359077453613,1,2.63,3.94,58014645.39,5704124.55,1330192368.03,201.25,96.57,555.61
"WASouth","Northampton",114.091400146484,-27.4873790740967,1,1.95,3,1766072.69,283279.36,20562073.21,180708.65,35263.11,1694714.55
"QLDSouth","Redland",153.333679199219,-27.4929122924805,1,2.62,2.87,265339947.49,20256473.82,8798088465.05,158182.23,31535.13,1438102.26
"QLDSouth","Redland",153.37434387207,-27.4909057617188,1,2.62,2.88,244739930.63,19171888.29,7777839064.13,12166.11,3362.09,71435.02
"QLDSouth","Redland",153.531661987305,-27.4719638824463,1,2.63,3.43,62820091.23,6107469.36,1463081881.63,849.17,334.82,3070.8
"WASouth","Northampton",114.061492919922,-27.4315166473389,1,1.95,3,1676240.09,273510.62,18982828.14,138614.71,28246.49,1220425.88
"QLDSouth","Redland",153.244369506836,-27.4651298522949,1,2.62,2.88,337037430.97,23965779.13,12554791131.69,168897.02,33452.68,1547454.15
"QLDSouth","Redland",153.359146118164,-27.4843215942383,1,2.62,2.87,226830332.39,17848984.44,7184129212.61,13543.12,3582.66,85766.84
"QLDSouth","Redland",153.547256469727,-27.4374237060547,1,2.63,3.31,117208472.15,10396838.8,3105510592.54,1706.41,599.86,7303.39
"WASouth","Northampton",114.043167114258,-27.3897266387939,1,1.95,2.99,1831018.4,293377.59,21315166.06,144153.47,29411.2,1262962.44
"QLDSouth","Brisbane",153.223556518555,-27.3968029022217,1,2.62,2.73,428473490.99,29200564.42,17003350260.12,733742.4,123556.97,8250004.03
"QLDSouth","Brisbane",153.401565551758,-27.3549575805664,1,2.62,2.81,178656390,14514732.61,5416785435.15,6844.44,1951.88,39491.02
"QLDSouth","Redland",153.522552490234,-27.4183692932129,1,2.62,3.71,210158958.4,17029691.59,6336562061.27,324.84,147.8,958.68
"WASouth","Northampton",114.017066955566,-27.3340930938721,1,1.95,3.44,1766080.85,285798.37,20237954.53,322.42,143.19,997.01
"QLDSouth","Brisbane",153.416473388672,-27.3524513244629,1,2.62,3.27,179146837.71,14657633.87,5360453063.81,362.3,156.34,1174.11
"QLDSouth","Brisbane",153.440856933594,-27.340763092041,1,2.62,3.54,290723059.08,22290683.52,9506537683.42,465.99,201.22,1480.13
"WASouth","Northampton",113.987716674805,-27.2875595092773,1,1.95,3,2018995.85,320569.96,23755551.23,177339.59,34420.95,1682114.5
"QLDSouth","Brisbane",153.186660766602,-27.3478660583496,1,2.62,3.28,511832511.7,34510878.26,20472673280.52,487.92,209.65,1559.13
"WASouth","Northampton",113.968650817871,-27.2540225982666,1,1.95,3,2041477.41,322761.27,24189061.52,114379.54,23406.19,1012412.78
"QLDSouth","Moreton Bay",153.117752075195,-27.249116897583,1,2.62,2.99,465286763.46,32013588.6,18035853442.53,1339.02,501.66,5164.9
"WANorth","Shark Bay",113.934410095215,-27.1946182250977,1,1.95,2.99,2376738.31,366735.39,29161878.81,107431.43,22169.87,940057.79
"QLDSouth","Moreton Bay",153.122039794922,-27.206563949585,1,2.62,3.22,457609900.84,31683201.47,17551705600.26,602.8,253.47,1977.15
"WANorth","Shark Bay",113.906616210938,-27.1532363891602,1,1.95,2.99,2906046.96,433662.84,37427250.46,98797.69,20631.54,850327.63
"QLDSouth","Moreton Bay",153.116012573242,-27.1891937255859,1,2.62,2.87,486176897.01,33314072.4,18934504603.08,2275.11,805.49,9410.25
"WANorth","Shark Bay",113.880958557129,-27.1076793670654,1,1.95,3.09,3122376.55,460191.62,40951725.76,13406.77,3687.43,78888.4
"QLDSouth","Moreton Bay",153.197082519531,-27.0994625091553,1,2.62,3.49,454779804.68,31685766.68,17247154655.02,392.7,174.55,1195.27
"WANorth","Shark Bay",113.85131072998,-27.0595798492432,1,1.95,3.02,3461415.68,501400.65,46556795.74,16605.14,4363.71,104912.88
"QLDSouth","Moreton Bay",153.209136962891,-27.0748748779297,1,2.62,3.51,437570730.17,30021972.6,17121924880.66,425.58,186.58,1321.86
"WANorth","Shark Bay",113.82349395752,-27.0176544189453,1,1.94,3.02,4019068.64,569883.59,55688521.43,9454.28,2669.87,54246.45
"QLDSouth","Moreton Bay",153.187713623047,-27.0352001190186,1,2.62,3.58,460981185.36,32261575.7,17322101193.63,401.92,177.01,1242.74
"WANorth","Shark Bay",113.789260864258,-26.9580612182617,1,1.94,3.02,4369404.88,610383.92,61891474.5,9178.77,2584.79,53064.84
"QLDSouth","Moreton Bay",153.166458129883,-26.9934272766113,1,2.36,3.38,762252873.98,49435724.51,31919794177.35,427.16,185.21,1354.67
"WANorth","Shark Bay",113.756118774414,-26.9057579040527,1,2.16,3.05,5037977.9,691007.84,73143219.45,79655.83,17020.95,666446.06
"QLDSouth","Sunshine Coast",153.150405883789,-26.933385848999,1,2.35,3.39,2727602295.16,142921786.15,156184580466.77,478.15,203.65,1556.08
"WANorth","Shark Bay",113.716842651367,-26.859920501709,1,2.16,3.28,5501079.61,743728.41,81550277.96,2202.54,751.85,9785.59
"QLDSouth","Sunshine Coast",153.138488769531,-26.8879661560059,1,2.35,3.38,3326256755.2,169661379.27,197631267306.91,540.52,226.46,1798.99
"WANorth","Shark Bay",113.699493408203,-26.8327312469482,1,2.16,3.19,6172220.85,817213.52,94379625.73,8308.66,2392.92,46351.57
"QLDSouth","Sunshine Coast",153.137466430664,-26.8345317840576,1,2.35,3.38,2455698484.52,132465630.55,134110129559.82,583.99,243.61,1948.85
"WANorth","Shark Bay",113.653076171875,-26.7785549163818,1,2.16,3.77,6687438.19,873106.22,104388832.65,247.65,116.14,703.49
"QLDSouth","Sunshine Coast",153.154235839844,-26.7919158935547,1,2.35,3.4,1927403716.57,109379335.79,97305483055.81,528.6,226.35,1690.82
"WANorth","Shark Bay",113.611312866211,-26.7192153930664,1,2.16,3.33,6935102.08,900104.4,109183853.72,2518.08,856.93,11143.14
"QLDSouth","Sunshine Coast",153.140274047852,-26.7403335571289,1,2.35,3.38,1131313673.25,70072273.97,50274637462.94,519.33,223,1654.46
"WANorth","Shark Bay",113.591339111328,-26.6928386688232,1,2.16,3.7,7345903.41,942731.05,117637944.15,585.73,249.12,1884.26
"WANorth","Shark Bay",113.548553466797,-26.6462440490723,1,2.16,3.32,7353294.7,936170.57,119480501,3435.08,1123.21,16039.37
"QLDSouth","Sunshine Coast",153.140197753906,-26.6791191101074,1,2.35,3.39,965895951.72,61438185.88,41282727191.49,488.61,214.52,1499.51
"WANorth","Shark Bay",113.485038757324,-26.5832023620605,1,2.16,3.28,9289446.34,1132191.94,161129668.29,4908.61,1536.66,24268.1
"QLDSouth","Sunshine Coast",153.102966308594,-26.6068859100342,1,2.36,3.35,675573262.63,45013477.11,27119599948.93,652.44,276.74,2094.49
"WANorth","Shark Bay",113.431434631348,-26.5368385314941,1,2.16,4.11,9110161.37,1105579.04,159471784.05,127.47,66.52,310.06
"WANorth","Shark Bay",113.662147521973,-26.5924301147461,1,2.34,3.58,1197.74,435.37,4937.58,117.88,62.57,279.23
"WANorth","Shark Bay",113.764892578125,-26.5810394287109,1,2.33,3.59,1251.58,453.82,5166.47,113.02,60.41,265.05
"WANorth","Shark Bay",113.810691833496,-26.5695495605469,1,2.34,2.77,1181.87,433.22,4798.03,3340.44,1108.75,15191.12
"QLDSouth","Sunshine Coast",153.10090637207,-26.5563278198242,1,2.36,3.39,413535950.12,29463703.89,15139076560.6,507.88,220.28,1590.26
"WANorth","Shark Bay",113.392501831055,-26.5031471252441,1,2.16,3.97,9355793.46,1120759.16,167451180.86,242.88,115.99,667.61
"WANorth","Shark Bay",113.64680480957,-26.5066165924072,1,2.33,3.62,1460.55,517.54,6229.87,117.11,62.21,277.12
"WANorth","Shark Bay",113.862808227539,-26.5229339599609,1,2.33,2.75,1265.06,462.32,5138.67,6333.36,1931.81,32305.56
"QLDSouth","Sunshine Coast",153.098251342773,-26.5055313110352,1,2.36,3.4,425377801.44,30131678.96,15712500099.03,518.21,224.81,1619.79
"WANorth","Shark Bay",113.339424133301,-26.4473876953125,1,2.16,3.97,9309228.67,1110030.92,168104830.15,257.49,120.74,729.61
"WANorth","Shark Bay",113.629089355469,-26.4602909088135,1,2.32,3.56,1577.85,552.44,6847.79,160.01,81.84,398.06
"WANorth","Shark Bay",113.874473571777,-26.4550762176514,1,2.33,2.78,1468.42,527.06,6106.16,6164.15,1892.28,31123.97
"QLDSouth","Noosa",153.107833862305,-26.4570808410645,1,2.36,2.45,386799768.92,27770066.13,14022429923.8,6927,2200.71,32575.18
"WANorth","Shark Bay",113.295753479004,-26.400369644165,1,2.16,3.89,8812373.06,1068224.69,154912276.58,341.49,152.96,1034.47
"WANorth","Shark Bay",113.566497802734,-26.4210052490234,1,2.32,3.56,1760.93,604.41,7876.45,172.28,87.19,434.94
"WANorth","Shark Bay",113.867027282715,-26.4105014801025,1,2.32,2.83,1595.47,566.4,6734.4,4592.85,1469.55,21892.13
"QLDSouth","Noosa",153.120483398438,-26.4043865203857,1,2.36,2.78,330017497.55,24212979.39,11612224717.73,2162.99,780.69,8660.38
"WANorth","Shark Bay",113.287734985352,-26.361421585083,1,2.16,3.91,9543064.58,1129524.88,174423591.68,273.18,126.56,788.6
"WANorth","Shark Bay",113.563659667969,-26.3592872619629,1,2.32,3.54,1981.29,670.77,9018.28,235.09,113.31,636.6
"WANorth","Shark Bay",113.856956481934,-26.3670234680176,1,2.32,3.68,1739.64,611.32,7439.82,128.69,66.28,320.61
"WANorth","Shark Bay",114.033073425293,-26.3912200927734,1,2.35,3.63,933.72,365.64,3397.71,92.47,50.58,210.47
"WANorth","Shark Bay",114.155731201172,-26.3952674865723,1,2.35,2.55,845.05,335.52,3016.76,3481.47,1167.7,15481.55
"WANorth","Shark Bay",113.277931213379,-26.3147201538086,1,2.16,3.9,9400056.09,1116043.56,170996514.37,279.44,129.01,810.87
"WANorth","Shark Bay",113.552940368652,-26.3299407958984,1,2.31,3.55,2152.67,721.48,9927.82,251.56,119.94,691.96
"WANorth","Shark Bay",113.853805541992,-26.3105525970459,1,2.31,3.61,2020.41,696.77,8858.81,154.26,77.57,397.11
"WANorth","Shark Bay",114.002883911133,-26.3639087677002,1,2.34,3.65,1014.15,392.62,3749.06,116.4,60.98,282.77
"WANorth","Shark Bay",114.206985473633,-26.3402328491211,1,2.35,2.59,869.23,344.42,3108.9,19067.49,5042.95,117875
"QLDSouth","Noosa",153.066970825195,-26.3208141326904,1,2.36,3.36,252715079.93,19238483.19,8450240244.54,491.65,213.54,1538.84
"WANorth","Shark Bay",113.243339538574,-26.2524394989014,1,2.16,3.8,9148660.45,1089864.62,165679628.77,132.83,68.35,330.79
"WANorth","Shark Bay",113.52661895752,-26.277271270752,1,2.31,3.48,2231.38,744.33,10356.95,487.84,207.12,1594.81
"WANorth","Shark Bay",113.742134094238,-26.2374496459961,1,2.3,3.56,2848.52,928.5,13568.17,290.17,132.48,857.65
"WANorth","Shark Bay",113.803512573242,-26.2646484375,1,2.31,3.57,2387.72,802.04,10876.56,220.24,104.93,612.33
"WANorth","Shark Bay",113.970413208008,-26.2838077545166,1,2.33,3.65,1245.36,468.91,4782.75,124.96,64.95,306.64
"WANorth","Shark Bay",114.200401306152,-26.2473735809326,1,2.34,2.65,1055.34,408.82,3885.9,13140.78,3668.35,75299.6
"QLDSouth","Noosa",153.074661254883,-26.273588180542,1,2.36,3.28,182034337.32,14498963.65,5718537614.92,721.49,300.44,2380.87
"WANorth","Shark Bay",113.19229888916,-26.1995239257812,1,2.16,3.79,9237319.58,1097968.14,167874348.59,132.06,68.03,328.34
"WANorth","Shark Bay",113.518592834473,-26.2752437591553,1,2.31,3.6,2193.43,733.75,10138.47,132.74,69.85,317.08
"WANorth","Shark Bay",113.688735961914,-26.2243900299072,1,2.3,3.61,3081.37,990.89,14976.88,229.25,108.81,640.12
"WANorth","Shark Bay",113.964813232422,-26.2407760620117,1,2.33,3.61,1377.38,512.13,5379,124.3,64.93,302.29
"WANorth","Shark Bay",114.193939208984,-26.2185649871826,1,2.34,2.78,1098.63,423.67,4068.35,6575.53,2011.55,33271.67
"QLDSouth","Noosa",153.084457397461,-26.2195510864258,1,2.36,3.28,158435596.54,12841362.34,4862781687.39,734.31,302.22,2473.73
"WANorth","Shark Bay",113.170143127441,-26.1732273101807,1,2.16,3.92,9409106.75,1113518.27,172177757.33,180.96,89.54,474.82
"WANorth","Shark Bay",113.448776245117,-26.1863288879395,1,2.3,3.62,2833.54,912.51,13824.38,135.66,71.3,324.39
"WANorth","Shark Bay",113.658096313477,-26.1673069000244,1,2.29,3.66,3703.47,1166.75,18467.95,296.28,133.81,892.64
"WANorth","Shark Bay",113.948387145996,-26.1591377258301,1,2.32,3.62,1597.32,582.68,6399.83,127.96,66.68,312.02
"WANorth","Shark Bay",114.182083129883,-26.1729850769043,1,2.34,2.83,1168.56,447.64,4363.37,5607.91,1754.21,27511.16
"QLDSouth","Noosa",153.100616455078,-26.1734504699707,1,2.37,2.76,143735970.93,11789358.23,4342955702.07,602.21,260.85,1869.55
"WANorth","Shark Bay",113.158309936523,-26.1391716003418,1,2.16,3.84,8338484.44,992107.89,152286283.9,189.45,93.59,497.08
"WANorth","Shark Bay",113.422157287598,-26.1293029785156,1,2.3,3.68,3108.31,994.15,15257.79,178.09,88.56,463.46
"WANorth","Shark Bay",113.57869720459,-26.1020202636719,1,2.29,3.59,4040.93,1253.78,20616.89,131.04,68.96,313.26
"WANorth","Shark Bay",113.710426330566,-26.1390037536621,1,2.34,3.52,1017.48,383.51,3958.53,121.94,64.84,287.3
"WANorth","Shark Bay",113.826751708984,-26.149715423584,1,2.34,3.6,1129.99,421.35,4453.13,301.95,136.24,910.18
"WANorth","Shark Bay",113.950996398926,-26.1384811401367,1,2.32,3.64,1650.66,599.08,6662.25,115.85,61.39,275.57
"WANorth","Shark Bay",114.210922241211,-26.1381092071533,1,2.34,2.84,1080.3,418.36,3973.62,6193.63,1907.53,31072.21
"QLDSouth","Gympie",153.111801147461,-26.1201992034912,1,2.36,3.27,146824909.27,11983871.92,4470576650.44,464.78,202.97,1445.51
"WANorth","Shark Bay",113.15983581543,-26.0855331420898,1,2.16,3.5,7743817.26,938455.51,137341701.7,160.58,81.43,405.76
"WANorth","Shark Bay",113.402076721191,-26.1020908355713,1,2.29,3.65,3605.38,1126.14,18319.23,172.83,86.81,442.38
"WANorth","Shark Bay",113.570701599121,-26.0803298950195,1,2.29,3.68,4175.38,1293.74,21305.42,158.32,80.22,401
"WANorth","Shark Bay",113.715957641602,-26.0783500671387,1,2.34,3.53,1163.05,428.57,4679.5,127.48,67.4,302.63
"WANorth","Shark Bay",113.835159301758,-26.1140918731689,1,2.34,3.62,1191.32,440.25,4757.78,120.46,64.33,281.77
"WANorth","Shark Bay",113.911178588867,-26.0832595825195,1,2.32,3.64,1913.11,678.45,7983.84,138.39,71.49,341.18
"WANorth","Carnarvon",114.231964111328,-26.0853595733643,1,2.34,2.91,1142.31,438.85,4248.97,4551.85,1467.87,21394.01
"QLDSouth","Gympie",153.129623413086,-26.08131980896,1,2.37,3.37,133690157.75,11026653.79,4016973147.69,502.95,217.27,1587.74
"WANorth","Shark Bay",113.12956237793,-26.0266876220703,1,2.16,3.72,6968707.49,859067.21,120570850.31,192.53,95.4,501.78
"WANorth","Shark Bay",113.279312133789,-26.0415687561035,1,2.28,3.53,5648.19,1639.5,31964.42,182.71,91.16,471.77
"WANorth","Shark Bay",113.312164306641,-26.0379962921143,1,2.29,3.56,3906.46,1197.15,20472.31,167.71,84.34,429.21
"WANorth","Shark Bay",113.360961914062,-26.0402011871338,1,2.29,3.67,4171.19,1266.52,22142.49,177.1,88.68,455.15
"WANorth","Shark Bay",113.562828063965,-26.0454349517822,1,2.28,3.7,5057.59,1524.27,26832.19,172.6,86.23,446.24
"WANorth","Shark Bay",113.722595214844,-26.0345668792725,1,2.33,3.62,1277.52,464.05,5246.76,171.31,85.64,442.59
"WANorth","Shark Bay",113.862182617188,-26.0217094421387,1,2.33,3.61,1499.56,536.5,6264.87,123.71,66.07,288.87
"WANorth","Shark Bay",113.898162841797,-26.0388717651367,1,2.32,2.97,1887.05,667.67,7917.37,96.77,52.72,221.29
"WANorth","Carnarvon",114.206573486328,-26.0333461761475,1,2.33,2.98,1375.77,514.56,5313.43,3572.68,1196.47,15904.7
"QLDSouth","Gympie",153.154998779297,-26.0190143585205,1,2.37,3.4,128286736.03,10606821.33,3847669062.34,620.02,260.58,2031.73
"WANorth","Shark Bay",113.074462890625,-25.9681720733643,1,2.16,3.84,6199619.49,776985.73,104827853.56,229.78,108.98,642.41
"WANorth","Shark Bay",113.201103210449,-25.997106552124,1,2.28,2.95,4883.74,1450.06,26747.98,211.03,101.2,581.23
"WANorth","Shark Bay",113.549812316895,-25.973316192627,1,2.28,3,6388.75,1868.84,35273.92,134.33,67.94,345.36
"WANorth","Shark Bay",113.73486328125,-25.9879550933838,1,2.33,3.02,1546.83,547.65,6579.19,102.64,55.57,236.51
"WANorth","Carnarvon",114.191688537598,-25.990837097168,1,2.33,2.99,1375.9,513.54,5334.89,3989.74,1318.68,18068.61
"QLDSouth","Gympie",153.177352905273,-25.9748039245605,1,2.37,3.43,108025814.22,9115650.53,3155100938.56,330.58,152.44,950.3
"WANorth","Shark Bay",113.044639587402,-25.9309673309326,1,2.16,3.78,6810101.78,838779.75,118196944.21,356.94,158.83,1091.39
"WANorth","Shark Bay",113.154029846191,-25.9391899108887,1,2.28,3.03,5372.11,1570.2,30112.56,156.56,77.62,413.53
"WANorth","Shark Bay",113.756805419922,-25.9245586395264,1,2.31,3.06,2168.3,735.45,9764.7,93.25,51.15,211.06
"WANorth","Carnarvon",114.213706970215,-25.9665393829346,1,2.34,3.03,1190.68,449.34,4567.76,3078.38,1059.22,13160.33
"QLDSouth","Gympie",153.196014404297,-25.9365634918213,1,3.23,4.16,118038134.11,9836479.22,3508204129.61,688.65,284.18,2318.61
"WANorth","Shark Bay",113.02271270752,-25.891149520874,1,2.16,3.02,4991034.27,638778.45,82333247.09,185.44,88.86,516.44
"WANorth","Shark Bay",113.157447814941,-25.8942527770996,1,2.28,2.94,5603.58,1636.3,31362.67,244.81,114.74,696.86
"WANorth","Shark Bay",113.517280578613,-25.8920707702637,1,2.27,2.95,8433.94,2363.14,49547.56,167.71,82.56,446.8
"WANorth","Shark Bay",113.768173217773,-25.9000301361084,1,2.3,3.06,2841.04,927.36,13498.48,103.81,56.24,238.8
"WANorth","Carnarvon",114.233070373535,-25.8787040710449,1,2.33,3.1,1371.86,503.56,5491.89,1557.81,578.58,6044.06
"QLDSouth","Gympie",153.175277709961,-25.9199466705322,1,3.23,4.2,141879614.63,11561224.5,4343068372.48,507.34,219.5,1596.1
"WANorth","Shark Bay",112.98983001709,-25.8296146392822,1,2.17,3.02,4297997.4,559595.24,69357612.43,196.53,93.58,551.61
"WANorth","Shark Bay",113.149253845215,-25.8800354003906,1,2.27,2.88,7247.19,2040.72,42669.44,335.86,150.43,1018.75
"WANorth","Shark Bay",113.464241027832,-25.8200645446777,1,2.26,2.96,11905.38,3163.37,75492.9,180.58,88.29,484.83
"WANorth","Shark Bay",113.765983581543,-25.8768615722656,1,2.29,3.02,3605.86,1137.97,17957.8,141.45,72.93,349.46
"WANorth","Carnarvon",114.18896484375,-25.8362445831299,1,2.31,2.93,2180.54,748.53,9591.19,6112.27,1899.42,30181.1
"QLDSouth","Gympie",153.084014892578,-25.8544025421143,1,3.24,4.23,73028010.23,6506877.81,1978279529.13,423.8,187.84,1289.93
"WANorth","Shark Bay",112.966743469238,-25.7923622131348,1,2.17,2.99,4155926.37,542125.21,66977908.96,220.71,102.97,638.72
"WANorth","Shark Bay",113.11368560791,-25.8178024291992,1,2.27,2.9,8507.28,2352.72,51231.27,334.04,149.94,1009.47
"WANorth","Shark Bay",113.455863952637,-25.8108425140381,1,2.26,2.93,12182.84,3221,77865,162.2,80.09,430.67
"WANorth","Shark Bay",113.72785949707,-25.8003177642822,1,2.28,2.97,4941.09,1475.4,26739.78,200.03,98.06,530.53
"WANorth","Carnarvon",114.133605957031,-25.7802562713623,1,2.29,2.79,3778.46,1196.35,18632.51,22826.13,5890.09,145981.26
"QLDSouth","Fraser Coast",153.085327148438,-25.7930164337158,1,3.25,4.13,17791827,1962295.51,355893680.63,492.78,212.16,1567.79
"WANorth","Shark Bay",112.969444274902,-25.7448596954346,1,2.17,2.96,2737600.21,374082.54,41605257.6,250.93,113.89,758.64
"WANorth","Shark Bay",113.079116821289,-25.7502117156982,1,2.26,2.89,10196.94,2753.59,63417.92,447.59,192.63,1434.89
"WANorth","Shark Bay",113.432159423828,-25.7516574859619,1,2.26,2.95,13379.97,3502.14,86570.35,183.37,88.03,509.23
"WANorth","Shark Bay",113.673324584961,-25.7584323883057,1,2.29,2.94,4610.85,1393.13,24518.05,227.75,109.66,619.21
"WANorth","Carnarvon",114.111671447754,-25.7504196166992,1,2.29,3.01,4593.28,1402.42,23940.26,5247.88,1664.26,25205.54
"QLDSouth","Fraser Coast",153.09001159668,-25.7552299499512,1,3.25,4.2,19889587.77,2111720.49,423847591.68,556.49,234.76,1824.24
"WANorth","Shark Bay",112.942481994629,-25.6842365264893,1,2.17,2.96,2101089.94,297643.18,30388562.71,255.89,116.18,771.84
"WANorth","Shark Bay",113.072257995605,-25.7167644500732,1,2.26,2.88,12607.93,3319.37,81028.17,488.05,206.78,1601.88
"WANorth","Shark Bay",113.410232543945,-25.70237159729,1,2.25,2.93,16366.97,4181.3,109287.59,204.59,96.49,583.23
"WANorth","Shark Bay",113.616310119629,-25.7126617431641,1,2.28,2.93,5929.48,1728.96,33132.2,233.56,111.67,642.37
"WANorth","Carnarvon",114.065330505371,-25.6924648284912,1,2.28,2.98,5596.26,1648.01,30812.86,7569.31,2293.24,38631.65
"QLDSouth","Fraser Coast",153.086318969727,-25.7141304016113,1,3.24,4.18,41065978.32,3928291.56,1012687465.08,543.63,230.29,1770.98
"WANorth","Shark Bay",112.930847167969,-25.6511478424072,1,2.17,2.96,2104463.79,297555.23,30542354.27,216.02,99.97,636.2
"WANorth","Shark Bay",113.055541992188,-25.6734848022461,1,2.25,2.89,17539.61,4404.47,120446.88,494.5,208.73,1633.17
"WANorth","Shark Bay",113.414222717285,-25.6686573028564,1,2.25,2.91,18374.79,4632.1,124790.67,222.54,103.8,643.91
"WANorth","Shark Bay",113.595527648926,-25.656852722168,1,2.27,2.94,7512.61,2120.08,43919.04,217.18,104.83,589.65
"WANorth","Carnarvon",114.020736694336,-25.6579189300537,1,2.28,3.04,5128.04,1536.95,27471.09,5302.93,1695.88,25058.12
"QLDSouth","Fraser Coast",153.081512451172,-25.658296585083,1,3.25,4.13,22918261.76,2370979.41,507752712.99,522.14,222.29,1689.95
"WANorth","Shark Bay",112.91576385498,-25.6081619262695,1,2.17,2.94,2062109.15,290453.07,30184426.59,226.84,104.22,674.9
"WANorth","Shark Bay",113.042152404785,-25.6116275787354,1,2.24,2.94,25051.31,6035.33,181379.71,433.8,186.3,1399.52
"WANorth","Shark Bay",113.432960510254,-25.6172618865967,1,2.25,2.9,20229.12,5036,139728.96,227.93,105.9,663.32
"WANorth","Shark Bay",113.57640838623,-25.6127490997314,1,2.26,2.95,9493.98,2588.54,58275,215.27,103.62,587.86
"WANorth","Carnarvon",113.997688293457,-25.6122951507568,1,2.29,3.07,4697.74,1426.94,24687.62,4863.4,1588.58,22223.54
"QLDSouth","Fraser Coast",153.105392456055,-25.5856399536133,1,3.24,4.1,30209647.2,2995345.18,711213445.1,526.34,222.96,1718.82
"WANorth","Shark Bay",112.919387817383,-25.572078704834,1,2.18,3.12,1214810.78,182220.53,16384289.56,107.21,55.4,269.06
"WANorth","Shark Bay",113.019607543945,-25.5678997039795,1,2.24,2.96,33044.49,7700.51,249821.98,351.13,155.72,1081.94
"WANorth","Shark Bay",113.466903686523,-25.5642185211182,1,2.24,2.91,27376.65,6546.03,199770.44,282.86,129.2,836.9
"WANorth","Shark Bay",113.521896362305,-25.5663013458252,1,2.26,2.98,13718.93,3564.74,89856.97,199.68,96.81,540.81
"WANorth","Carnarvon",113.984039306641,-25.560230255127,1,2.28,3.06,4966.54,1492.31,26541.35,4744.16,1563.26,21365.62
"QLDSouth","Fraser Coast",153.117279052734,-25.5545215606689,1,3.24,4.02,25501238.41,2586597.14,582014806.07,306.57,143.9,856.86
"WANorth","Shark Bay",112.919868469238,-25.5312461853027,1,2.18,3.23,1574511.33,228467.91,22202244.24,63.53,35.31,144.09
"WANorth","Shark Bay",113.022674560547,-25.5107650756836,1,2.23,3.09,49877.9,11128.47,397565.06,236.95,111.85,666.85
"WANorth","Carnarvon",113.957572937012,-25.5122013092041,1,2.27,3.08,7175.85,2054.1,40950.37,4429.42,1474.45,19664.35
"QLDSouth","Fraser Coast",153.13655090332,-25.5028553009033,1,3.24,4.05,29574378.12,2929891.78,698352935.63,113.85,60.01,273.92
"WANorth","Shark Bay",112.958602905273,-25.4818725585938,1,2.18,3.24,1223825.78,182367.91,16703241.55,70.87,38.75,164.6
"WANorth","Shark Bay",112.978309631348,-25.4784851074219,1,2.19,3.1,441740.83,74239.64,5159544.17,234.66,110.55,663.39
"WANorth","Carnarvon",113.931976318359,-25.4735069274902,1,2.27,3.1,7719.38,2195.05,44373.82,4042.32,1361.86,17655.73
"QLDSouth","Fraser Coast",153.157104492188,-25.4490642547607,1,3.25,3.69,22748809.87,2334763.92,511812704.04,279.76,128.5,819.54
"WANorth","Carnarvon",113.905830383301,-25.4210529327393,1,2.26,3.13,9398.13,2618.55,55357.41,3682.74,1259.62,15736.9
"QLDSouth","Fraser Coast",153.173034667969,-25.4173946380615,1,3.24,3.68,32973104.45,3213550.18,796942338.04,299.26,136.08,889.42
"WANorth","Carnarvon",113.887504577637,-25.375415802002,1,2.26,3.42,10938.83,2992.62,65984.55,360442.8,61707.81,4124298.45
"QLDSouth","Fraser Coast",152.920608520508,-25.3752250671387,1,3.24,3.37,40939442.4,3764138.75,1087684208.27,518934.15,84007.19,6434086.48
"QLDSouth","Fraser Coast",153.016967773438,-25.3915557861328,1,3.25,3.11,16298947.52,1749180.39,345007224.52,4265.63,1429.38,18752.59
"QLDSouth","Fraser Coast",153.20832824707,-25.3429145812988,1,3.25,3.66,21802331.06,2244058.39,489295376.34,331.8,148.74,1005.65
"WANorth","Carnarvon",113.86693572998,-25.3127536773682,1,2.25,3.42,14533.65,3830.09,92227.69,289074.35,51416.02,3125065.28
"QLDSouth","Fraser Coast",152.960266113281,-25.3060207366943,1,3.24,3.39,32389272.47,3157279.99,783487389.29,388703.17,66358.74,4447303.39
"QLDSouth","Fraser Coast",152.996765136719,-25.3283252716064,1,3.25,3.06,18373078.46,1962037.01,389379128.51,5758.36,1850.7,26819.01
"QLDSouth","Fraser Coast",153.220764160156,-25.3178386688232,1,3.25,3.64,19987395,2085329.8,439908723.98,402.01,175.49,1264.09
"WANorth","Carnarvon",113.848014831543,-25.2753429412842,1,2.24,3.44,21922.06,5482.37,149202.11,146722.07,28848.54,1376300.72
"QLDSouth","Fraser Coast",152.975250244141,-25.2924308776855,1,3.25,3.08,15032658.39,1730182.49,281007741.75,6199.6,1974.7,29217.86
"QLDSouth","Fraser Coast",153.246276855469,-25.2687702178955,1,3.25,3.66,17517528.5,1871541.14,372111925.07,499.28,210.24,1655.44
"WANorth","Carnarvon",113.834495544434,-25.2315101623535,1,2.25,3.63,20371.29,5134.49,137329.65,2175.65,713.24,10471.38
"QLDSouth","Fraser Coast",152.680648803711,-25.2434177398682,1,3.25,4.02,20226054.24,2070588.59,460911125.64,273.03,121,859.11
"QLDSouth","Fraser Coast",152.735366821289,-25.2627124786377,1,3.25,3.65,21339349.53,2213754.76,472593448.19,6009.88,1735.86,34173.15
"QLDSouth","Fraser Coast",152.803985595703,-25.2456855773926,1,3.25,3.39,21453252.37,2267167.95,458840272.44,469766.69,79754.36,5359335.16
"QLDSouth","Fraser Coast",152.830856323242,-25.2454967498779,1,3.25,3.45,20267639.51,2218407.12,407732158.86,211983.6,39077.54,2189213.32
"QLDSouth","Fraser Coast",152.900268554688,-25.2767868041992,1,3.25,3.49,10006303.04,1254024.87,164196421.68,77936.2,16577.59,658762.53
"QLDSouth","Fraser Coast",152.999938964844,-25.2313385009766,1,3.25,3.1,9798940.68,1235092,159332248.78,6148.3,1947.85,29280.02
"QLDSouth","Fraser Coast",153.269393920898,-25.2187080383301,1,3.25,3.63,16497970.46,1771639.2,348529204.67,725.64,289.34,2598.27
"WANorth","Carnarvon",113.809951782227,-25.180456161499,1,2.24,3.48,31703.5,7549.76,230629.2,17905.44,4296.88,134218.55
"QLDSouth","Fraser Coast",152.638671875,-25.2031402587891,1,3.25,3.54,16430382.31,1697284.77,373468542.1,24792.68,6110.85,171934.36
"QLDSouth","Fraser Coast",153.007949829102,-25.1947975158691,1,3.25,3.14,23757489.28,2481412.23,515834741.74,6997.32,2168.06,34432.52
"QLDSouth","Fraser Coast",153.290267944336,-25.1729202270508,1,3.25,3.6,22550270.97,2320021.49,505343418.43,1344.89,484.15,5598.47
"WANorth","Carnarvon",113.73747253418,-25.1302757263184,1,2.22,3.45,62838.51,13780.44,509009.21,20816.67,4901.3,160019.84
"QLDSouth","Bundaberg",152.623168945312,-25.1364898681641,1,3.25,3.72,11737673.2,1285991.69,244434285.79,1228.33,451.53,4944.36
"QLDSouth","Fraser Coast",153.071655273438,-25.1507892608643,1,3.24,3.12,42133359.43,3870218.17,1119170858.03,9249.87,2744.06,48445.13
"QLDSouth","Fraser Coast",153.315719604492,-25.1182537078857,1,3.24,3.59,26131160.14,2632064.85,603226093.5,1467.26,517.83,6305.74
"WANorth","Carnarvon",113.69261932373,-25.0909976959229,1,2.22,3.46,71263.95,15547.71,577751.02,20527.17,4833.25,157973.89
"QLDSouth","Bundaberg",152.568420410156,-25.0996189117432,1,3.25,3.62,11096268.15,1217349.04,231399970.35,2690.27,895.9,12348.83
"QLDSouth","Fraser Coast",153.126556396484,-25.1073627471924,1,3.24,3.16,51405360.52,4549351.12,1444672313.26,8419.03,2524.58,43490.85
"QLDSouth","Fraser Coast",153.333526611328,-25.0741291046143,1,3.24,3.62,28473935.39,2817350.63,675677540.33,813.25,312.63,3098.72
"WANorth","Carnarvon",113.661598205566,-25.0344772338867,1,2.22,3.59,60114.89,13509.79,466366.53,3310.19,1019.51,17411.99
"QLDSouth","Bundaberg",152.544769287109,-25.056697845459,1,2.97,3.34,12535853.66,1354328.51,266822917.42,2906.52,959.65,13485.39
"QLDSouth","Fraser Coast",153.170776367188,-25.055944442749,1,3.24,3.15,49202233.65,4376292.83,1373921200.64,11607.76,3289.12,65228.37
"QLDSouth","Fraser Coast",153.357498168945,-25.0332279205322,1,3.24,3.64,48254949.82,4457054.93,1256756888.96,567.84,228.72,2032.05
"WANorth","Carnarvon",113.656776428223,-24.9929332733154,1,2.23,3.57,38559.08,9117.71,280318.77,3209.64,992.11,16806.12
"QLDSouth","Bundaberg",152.508392333984,-25.0020694732666,1,2.97,3.38,13950713.42,1482669.11,303993595.83,1965.89,701.54,8091.88
"QLDSouth","Fraser Coast",153.204940795898,-25.0136394500732,1,3.24,3.21,51582099.34,4555171.57,1455209058.7,7723.13,2317.67,40069.75
"QLDSouth","Fraser Coast",153.356231689453,-24.9981651306152,1,3.24,3.64,64193517.97,5713907.38,1757396963.68,518.25,210.95,1830.1
"WANorth","Carnarvon",113.6591796875,-24.9584560394287,1,2.24,3.36,31193.99,7566.84,219339.98,36809.36,8165.22,303742.64
"QLDSouth","Bundaberg",152.489791870117,-24.9415721893311,1,2.97,3.29,14109216.41,1504779.68,305178380.62,7167.64,2166.18,36886.45
"QLDSouth","Fraser Coast",153.2265625,-24.9354839324951,1,3.24,3.24,38348037.25,3576929.17,996106047.61,5499.83,1712.29,27257.62
"QLDSouth","Fraser Coast",153.353256225586,-24.9639568328857,1,3.24,4.29,78933521.14,6838892.94,2241249969.9,6371.72,1784.27,38328.48
"QLDSouth","Bundaberg",152.498428344727,-24.9030914306641,1,2.97,3.29,16102643.78,1693549.42,354320982.61,10885.76,3130,59778.74
"QLDSouth","Fraser Coast",153.194808959961,-24.8763370513916,1,3.24,3.2,34003524.86,3253222.71,849082498.69,4653.78,1473.81,22595.55
"QLDSouth","Fraser Coast",153.281875610352,-24.8999462127686,1,3.24,3.58,79342578.59,6893721.77,2240245088.39,924.11,343.59,3721.45
"WANorth","Carnarvon",113.614540100098,-24.8525638580322,1,2.22,3.35,59155.53,13249.6,462359.41,33730.71,7623.81,270182.21
"QLDSouth","Bundaberg",152.485946655273,-24.8502807617188,1,2.97,3.34,18402843.88,1902336.61,414463689.35,9710.33,2804.34,53298.43
"QLDSouth","Fraser Coast",153.168518066406,-24.8398494720459,1,3.24,3.46,33595901.39,3237180.95,828450158.42,1887.33,677.06,7713.82
"QLDSouth","Fraser Coast",153.268493652344,-24.8464603424072,1,3.24,3.53,71110391.67,6277809.03,1963271261.47,1019.02,373.21,4193.93
"WANorth","Carnarvon",113.626899719238,-24.8038711547852,1,2.23,3.33,47252.36,10951.63,351723.92,35253.57,7941.15,283256.01
"QLDSouth","Bundaberg",152.467620849609,-24.8112659454346,1,2.97,3.38,21443711.78,2176717.16,494512674.79,8822.17,2558.96,48348.68
"QLDSouth","Fraser Coast",153.143753051758,-24.8237190246582,1,3.24,3.45,35276296.25,3383463.94,874521823,2785.12,944.2,12325.55
"QLDSouth","Fraser Coast",153.267044067383,-24.805269241333,1,3.24,3.66,65991363.73,5891818.48,1793026877.5,553.96,224.59,1961.04
"WANorth","Carnarvon",113.607635498047,-24.7339878082275,1,2.22,3.39,74269.66,16380.41,588255.09,1687.26,605.75,6941.02
"QLDSouth","Fraser Coast",153.160522460938,-24.7521915435791,1,3.24,3.7,56119018.26,5335443,1371374124.62,1764.72,638.96,7121.12
"QLDSouth","Fraser Coast",153.270690917969,-24.7551422119141,1,3.24,3.65,49822989.89,4621082.02,1284752950.59,612.74,244.74,2215.6
"WANorth","Carnarvon",113.585609436035,-24.7049198150635,1,2.22,3.53,87367.96,18952.23,706013.74,3103.31,986.21,15426.75
"QLDSouth","Bundaberg",152.309967041016,-24.727632522583,1,2.97,3.46,10833558.52,1207623.18,219599820.24,3584.68,1117.17,18302.22
"QLDSouth","Bundaberg",152.36669921875,-24.7287845611572,1,2.97,3.24,15993833.67,1694223.7,347367206.05,2718.62,907.71,12407.13
"QLDSouth","Fraser Coast",153.216064453125,-24.7082195281982,1,3.24,3.88,52010639.8,5195946.37,1166167029.82,894.53,354.58,3190.56
"QLDSouth","Fraser Coast",153.269912719727,-24.7052879333496,1,3.25,3.64,17550093.25,1874919.63,372794559.32,973.47,368.31,3772.52
"WANorth","Carnarvon",113.536682128906,-24.6466579437256,1,2.21,3.64,133485.49,27759.9,1134425.57,1712.87,596.28,7469.08
"QLDSouth","Bundaberg",152.235336303711,-24.6748962402344,1,2.98,2.86,8923196.8,1030836.46,171409338.81,864.63,336.86,3194.86
"WANorth","Carnarvon",113.49870300293,-24.5978164672852,1,2.21,3.49,158644.98,32825.68,1345781.02,7150.14,2005.61,42464.36
"QLDSouth","Bundaberg",152.14875793457,-24.6201496124268,1,2.98,3.41,7378584.03,878588.07,135667574.17,6808.21,1932.86,39644.47
"QLDSouth","Bundaberg",152.196136474609,-24.648962020874,1,2.98,2.95,9137695.79,1058814.87,174256350.39,752.79,300.79,2677.46
"WANorth","Carnarvon",113.43839263916,-24.5435962677002,1,2.2,3.5,246010.4,48192.46,2244489.48,7119.99,1997.83,42271.5
"QLDSouth","Bundaberg",152.125793457031,-24.5961494445801,1,2.98,2.93,6943261.61,830843.01,127012485.66,679.37,278.08,2325.1
"WANorth","Carnarvon",113.420707702637,-24.5145587921143,1,2.2,3.73,271901.07,52517.45,2529871.09,1258.64,459.8,5118.32
"QLDNorth","Gladstone",152.053207397461,-24.5125961303711,1,2.98,3.59,4926242.16,626565.26,82285080.94,1386.39,498.8,5764.16
"QLDSouth","Bundaberg",152.082656860352,-24.5386180877686,1,2.98,3.02,7563196.33,910095.1,136130040.3,651.93,269.94,2189.3
"WANorth","Carnarvon",113.398574829102,-24.4680690765381,1,2.19,3.74,422632.71,77693.39,4187939.15,1491.12,533.68,6227.71
"QLDNorth","Gladstone",152.020217895508,-24.4516868591309,1,2.98,3.03,6798080.5,833046.63,119124254.72,477.04,207.09,1497.59
"WANorth","Carnarvon",113.398719787598,-24.4143238067627,1,2.19,3.82,551605.55,97725.05,5752182.29,927.14,356.81,3489.48
"QLDNorth","Gladstone",152.00390625,-24.4185047149658,1,2.98,2.53,6370822.31,787203.72,110398493.02,4804.44,1477.84,24600.76
"WANorth","Carnarvon",113.398071289062,-24.371509552002,1,2.19,3.83,685900.32,118072.35,7437620.04,943.2,362.85,3548.02
"QLDNorth","Gladstone",151.990173339844,-24.3746223449707,1,2.98,3.32,6879697.17,844584.61,120052165.99,443.86,190.54,1430.66
"WANorth","Carnarvon",113.395683288574,-24.3264846801758,1,2.19,3.84,707273.11,120709.26,7776382.89,981.83,375.81,3718.13
"QLDNorth","Gladstone",151.977767944336,-24.3355083465576,1,2.98,3.34,6815165.9,840065.49,118106037.34,871.13,336.42,3272.27
"WANorth","Carnarvon",113.393569946289,-24.2762565612793,1,2.18,3.88,852598.13,142942.72,9572456.15,861.5,337.46,3151.33
"QLDNorth","Gladstone",151.961639404297,-24.2890186309814,1,2.98,3.35,7242895.45,886883.39,126567459.83,395.96,168.66,1307.05
"WANorth","Carnarvon",113.387710571289,-24.2301483154297,1,2.18,4.04,1124942.67,182373.03,13201101.16,452.38,196.64,1421.93
"QLDNorth","Gladstone",151.950286865234,-24.2453994750977,1,2.98,3.21,7106412.79,872404.51,123747556.07,139.54,69.02,373.62
"WANorth","Carnarvon",113.393035888672,-24.2194747924805,1,2.18,4.08,937599.46,154564.89,10792990.27,433.33,190.33,1339.66
"QLDNorth","Gladstone",151.922622680664,-24.207914352417,1,3.5,3.46,7427074.51,909208.13,129632939.47,1122.56,420.34,4390.35
"WANorth","Carnarvon",113.411437988281,-24.0960292816162,1,2.18,3.47,1584289.05,244950.68,19848915.18,57736.13,12663.01,470449.36
"QLDNorth","Gladstone",151.814437866211,-24.1448230743408,1,3.5,4.2,6478206.2,809947.47,109713246.2,1202.42,450.74,4668.79
"QLDNorth","Gladstone",151.889343261719,-24.1459865570068,1,3.5,3.81,7792812.41,951764.26,136176723.35,81697.67,17375.91,688369.73
"QLDNorth","Gladstone",151.77946472168,-24.0869579315186,1,3.5,3.48,5735382.24,731204.6,94431764.93,1484.19,535.91,6096.16
"WANorth","Carnarvon",113.421440124512,-24.0452919006348,1,2.18,3.7,1659152.34,254584.82,21017407.57,48945.82,11428.36,358430
"QLDNorth","Gladstone",151.57682800293,-24.0359382629395,1,3.51,4.13,2636503.71,366704.86,38864836.16,2054.65,711.63,8923.4
"QLDNorth","Gladstone",151.636505126953,-24.0335903167725,1,3.51,3.5,1253032.24,192913.86,16062836.2,72490.32,15574.72,604284.68
"QLDNorth","Gladstone",151.771438598633,-24.0289821624756,1,3.5,3.74,5238618.67,680769.08,83746291.65,137.6,69.06,358.38
"WANorth","Carnarvon",113.456199645996,-24.0021705627441,1,2.18,3.66,1672120.81,257245.28,21070270.63,72371.05,16138.55,562503.8
"QLDNorth","Gladstone",151.470016479492,-23.9934921264648,1,3.51,3.68,1795032.86,267379.12,23896062.42,79053.23,17445.71,622823.28
"QLDNorth","Gladstone",151.501342773438,-24.0050964355469,1,3.51,3.64,2158419.72,312582.06,29910018.95,58263.68,12983.22,460312.73
"QLDNorth","Gladstone",151.680267333984,-23.9906253814697,1,3.5,3.69,3808861.65,519686.05,56805535.57,149632.23,30303.9,1325874.55
"QLDNorth","Gladstone",151.735366821289,-24.0024108886719,1,3.5,3.16,4988399.07,656358.65,78184752.19,1835.01,642.16,7878.96
"WANorth","Carnarvon",113.464424133301,-23.9410152435303,1,2.17,3.14,2000098.73,301594.49,25855166.19,595.33,241.44,2094.35
"WANorth","Carnarvon",113.464508056641,-23.9073162078857,1,2.17,3.69,2014913.61,302120.54,26304883.85,63987.44,14793.2,468884.42
"QLDNorth","Gladstone",151.389236450195,-23.8761157989502,1,3.52,3.15,909053.12,148108.79,10714537.39,270.54,121.95,823.92
"WANorth","Carnarvon",113.499412536621,-23.8566093444824,1,2.17,3.15,1835936.49,278026.62,23674311.18,474.62,198.38,1602.49
"WANorth","Carnarvon",113.511947631836,-23.8013381958008,1,2.17,3.17,2332898.69,344203.82,31083528.53,221.15,101.62,659.23
"WANorth","Carnarvon",113.532752990723,-23.7624130249023,1,2.17,4.02,2592731.92,377447.97,35171373.06,4284.22,1332.87,21647.68
"QLDNorth","Gladstone",151.310440063477,-23.7504730224609,1,3.53,3.15,584903.4,100210.72,6463865.33,271.61,122,832.75
"WANorth","Carnarvon",113.574127197266,-23.7141151428223,1,2.17,4.03,2621783.58,381479.92,35574454.5,3950.65,1246.05,19561.4
"QLDNorth","Gladstone",151.297271728516,-23.700216293335,1,3.53,3.15,568452.01,97662.53,6261524.94,344.83,149.58,1110.62
"WANorth","Carnarvon",113.593322753906,-23.6568756103516,1,2.17,3.84,3051638.15,436892.12,42251733.21,19213.64,4913.13,126538.81
"QLDNorth","Gladstone",151.289306640625,-23.676664352417,1,3.53,3.25,567444.67,97335.38,6269536.7,135.74,66.8,367.84
"WANorth","Carnarvon",113.636512756348,-23.6082191467285,1,2.18,4.28,908790.53,145571.54,11054585.96,4156.88,1314.15,20414.01
"QLDNorth","Gladstone",150.890869140625,-23.6012115478516,1,3.87,3.84,11893847.82,1372196.06,224695483.94,40023.47,9329.44,298183.85
"QLDNorth","Gladstone",151.242279052734,-23.6224479675293,1,3.53,3.07,553250.46,94965.39,6115163.51,109.54,55.06,289.8
"WANorth","Carnarvon",113.703742980957,-23.5669136047363,1,2.17,4.36,2393915.27,350328.81,32326068.54,1504.24,551.21,6001.17
"QLDNorth","Rockhampton",150.843353271484,-23.5562496185303,1,3.9,4.42,622259.47,103221.26,7273445.78,1044.35,396.02,4008.06
"QLDNorth","Gladstone",150.956024169922,-23.5482921600342,1,3.91,4.08,430102.11,77508.53,4416020.12,2787,925.01,12841.63
"QLDNorth","Gladstone",151.234588623047,-23.5500907897949,1,3.53,2.88,600806.97,101951.2,6747223.83,259.16,117.49,783.26
"WANorth","Carnarvon",113.761253356934,-23.5080471038818,1,2.17,4.06,2584594.06,374817.09,35316199.43,10330.9,2947.08,57784.87
"QLDNorth","Livingstone",150.842330932617,-23.5058898925781,1,3.92,4.43,143117.02,29530.29,1228488.29,1042.05,394.68,4009.05
"QLDNorth","Gladstone",150.974456787109,-23.4952774047852,1,3.91,4,382809.97,69366.59,3920195.18,6811.59,2040.04,35782.72
"QLDNorth","Gladstone",151.209365844727,-23.5071468353271,1,3.9,3.15,681027.13,113454.94,7849269.73,1024.24,385.32,3997.57
"WANorth","Carnarvon",113.772033691406,-23.4601707458496,1,2.17,4.07,3215440.5,455632,45218174.63,8580.97,2531.38,45643.69
"QLDNorth","Livingstone",150.843444824219,-23.4517154693604,1,3.92,4.41,144448.12,29456.34,1266571.32,1045.33,395.4,4030.94
"QLDNorth","Gladstone",150.974609375,-23.4806785583496,1,3.91,3.98,373679.41,67620.52,3842413.75,13192.83,3671.53,76015.46
"QLDNorth","Gladstone",151.099014282227,-23.4751281738281,1,3.91,4.27,463140.95,81504.35,4945126.75,2884.33,970.33,12920.16
"QLDNorth","Gladstone",151.132568359375,-23.4932537078857,1,3.91,3.39,506605.95,87790.9,5533443.8,605.74,247.55,2096.77
"WANorth","Carnarvon",113.771347045898,-23.3920345306396,1,2.56,4.46,3717088.29,520125.17,53011540.81,8425.21,2492.12,44645.47
"QLDNorth","Livingstone",150.832336425781,-23.4267768859863,1,3.92,4.1,138530.49,28428.27,1203846.34,8401.02,2477.94,44763.05
"QLDNorth","Gladstone",151.013870239258,-23.4507179260254,1,3.91,4.11,398093.31,71445.79,4139460.13,7741.71,2316.33,40384.13
"QLDNorth","Gladstone",151.050552368164,-23.4423084259033,1,3.91,3.31,418678.39,74551.62,4402932.1,544.46,226.03,1843.35
"WANorth","Carnarvon",113.773536682129,-23.3757648468018,1,2.56,4.46,3629414.19,510940.42,51267808.79,7638.38,2284.58,39909.17
"QLDNorth","Livingstone",150.804550170898,-23.3733062744141,1,3.76,3.1,120270.71,25092.1,1023088.61,724.98,291.66,2552.12
"WANorth","Carnarvon",113.783485412598,-23.3198261260986,1,2.56,4.81,3176289.13,451933.27,44367596.63,773.37,312.94,2680.24
"QLDNorth","Livingstone",150.836380004883,-23.2843856811523,1,3.76,3.27,122020.81,25580.55,1027682.97,620.23,254.86,2120.84
"WANorth","Carnarvon",113.776527404785,-23.2587833404541,1,2.56,4.81,3448288.25,486298.15,48706361.67,748.99,304.39,2580.29
"QLDNorth","Livingstone",150.83283996582,-23.2611503601074,1,3.77,3.1,107244.39,22957.08,876292.47,1124.85,425.8,4307.71
"WANorth","Carnarvon",113.767364501953,-23.2190113067627,1,2.56,4.71,3384009.89,477278.61,47845907.95,1009.89,403.09,3526.62
"QLDNorth","Livingstone",150.821975708008,-23.2208461761475,1,3.77,3.14,92220.77,20244.74,726276.69,1006.66,384.89,3813.19
"WANorth","Carnarvon",113.757820129395,-23.1649322509766,1,2.56,4.86,3262932.83,456390.08,46949915.33,810.54,321.66,2904.97
"QLDNorth","Livingstone",150.802597045898,-23.1794948577881,1,3.77,2.93,68300.4,15648.14,506784.65,2858.38,948.97,13138.83
"WANorth","Carnarvon",113.759071350098,-23.1218738555908,1,2.56,3.38,3101191.38,437554.43,44056901.03,3932.11,1240.69,19461.69
"WANorth","Carnarvon",113.759391784668,-23.1155128479004,1,2.56,4.48,2953403.53,421142.42,41275841.75,4992.13,1608.12,23366.15
"QLDNorth","Livingstone",150.776229858398,-23.0662536621094,1,3.77,3.27,64252.63,14909.84,467479.58,330.63,146.1,1030.4
"WANorth","Carnarvon",113.822196960449,-23.0233879089355,1,2.57,4.46,2244272.12,323294.38,31327300.75,5482.48,1739.26,26238.78
"QLDNorth","Livingstone",150.778533935547,-23.0282688140869,1,3.77,3.38,79732.89,17958.09,604508.56,477.34,201.27,1583.94
"WANorth","Carnarvon",113.818969726562,-22.9798755645752,1,2.56,4.47,2305335.23,326696.77,33114081.61,6031.53,1895.27,29198.56
"QLDNorth","Livingstone",150.783172607422,-22.9765396118164,1,3.77,3.11,89647.61,19975.24,688100.46,2140.47,751.07,9041.49
"WANorth","Exmouth",113.79313659668,-22.888729095459,1,2.57,4.47,2201214.56,313446.61,31432675.38,6363.22,1987.73,31034.48
"QLDNorth","Livingstone",150.801406860352,-22.9300155639648,1,3.76,3.13,127376.28,27073.78,1042840.28,2333.16,805.45,10102.75
"WANorth","Exmouth",113.785163879395,-22.8669662475586,1,2.57,4.59,1959184.46,281694,27690802.92,2454.18,879.33,9879.25
"QLDNorth","Livingstone",150.796310424805,-22.8725109100342,1,3.77,3.35,108302.42,23502.54,862292.18,1779.86,631.25,7465.41
"WANorth","Exmouth",113.774269104004,-22.8148746490479,1,2.57,4.59,1814656.95,261126.53,25741413.48,2457.91,884.74,9809.76
"QLDNorth","Livingstone",150.8115234375,-22.820463180542,1,3.76,3.26,119667.88,25661.5,967732.59,2282.86,792.4,9798.22
"WANorth","Exmouth",113.681175231934,-22.7242183685303,1,2.57,4.8,1788614.34,258759.65,25143927.61,725.39,306.24,2333.05
"QLDNorth","Livingstone",150.817886352539,-22.7990493774414,1,3.76,4.31,155829.58,32306.69,1318617.15,903.38,374.81,2958.82
"QLDNorth","Livingstone",150.825561523438,-22.7294273376465,1,3.76,3.25,186063.45,37748.04,1620127.84,1977.36,703.48,8182.94
"WANorth","Exmouth",113.668655395508,-22.6922779083252,1,2.57,4.63,2043478.87,292185.15,29101139.8,2714.27,954.97,11226.5
"QLDNorth","Livingstone",150.842880249023,-22.6821880340576,1,3.74,3.26,423811.92,76843.06,4306720.42,454.76,191.66,1515.97
"WANorth","Exmouth",113.664154052734,-22.6289138793945,1,2.57,4.52,1805718.97,263172.45,25020649.59,8686.69,2597.07,45030.3
"QLDNorth","Livingstone",150.809143066406,-22.6473770141602,1,3.75,3.04,240373.17,47035.78,2200800.82,600.21,242.49,2125.9
"WANorth","Exmouth",113.648719787598,-22.5804042816162,1,2.57,4.58,1993958.04,294178.52,26835646.11,6467.13,2021.13,31480.74
"QLDNorth","Livingstone",150.785873413086,-22.5828475952148,1,3.75,3.06,245584.08,47706.6,2275798.31,670.08,267.76,2403.96
"WANorth","Exmouth",113.655250549316,-22.5566005706787,1,2.57,5.42,1665217.3,250873.28,21813379.58,4569.33,1464.68,21713.67
"QLDNorth","Livingstone",150.481338500977,-22.5306873321533,1,3.78,3.99,52246.02,12147.74,383919.86,4827.55,1531.49,23303.65
"QLDNorth","Livingstone",150.518493652344,-22.543851852417,1,3.78,3.18,55754.01,12818.94,416541.26,3914.78,1319.28,17124.07
"QLDNorth","Livingstone",150.789123535156,-22.5385704040527,1,3.75,3.15,306228.11,57494.74,2979409.51,214.31,98.5,640.13
"WANorth","Exmouth",113.706253051758,-22.4973945617676,1,2.57,4.2,1659443.95,246681.06,22288176.5,29.47,18.13,58.21
"WANorth","Exmouth",114.157676696777,-22.4859867095947,1,2.71,3.41,1720.67,587.2,7798.81,30.21,18.5,60.13
"WANorth","Exmouth",114.213005065918,-22.48708152771,1,2.71,4.53,1896.54,634.68,8863.65,7224.48,2194.38,36810.6
"QLDNorth","Livingstone",150.419281005859,-22.4931488037109,1,3.78,3.93,55425.63,12836.12,408681.39,7123.43,2213.3,34832.72
"QLDNorth","Livingstone",150.547119140625,-22.4826602935791,1,3.78,3.4,48838.46,11468.17,353920.49,1037.97,420.74,3517.06
"QLDNorth","Livingstone",150.758605957031,-22.4766330718994,1,3.75,3.07,284595.62,53431.79,2782373.64,182.17,85.32,531.34
"WANorth","Exmouth",113.735389709473,-22.4571781158447,1,2.57,4.15,957337.48,150939.03,11952383.44,33.6,20.31,68.04
"WANorth","Exmouth",114.149307250977,-22.442325592041,1,2.69,3.32,3196.45,1003.75,16227.93,40.49,23.77,85.57
"WANorth","Exmouth",114.224952697754,-22.4546546936035,1,2.69,4.64,2868.55,906.26,14518.4,2178.82,770.19,9065.21
"QLDNorth","Livingstone",150.359985351562,-22.4498634338379,1,3.78,4.02,55017.21,12764.12,404532.08,4547.53,1452.77,21754.71
"QLDNorth","Livingstone",150.528945922852,-22.4351024627686,1,3.78,3.43,56882.75,13097.96,423219.43,1239.33,490.4,4340.47
"QLDNorth","Livingstone",150.767425537109,-22.4484996795654,1,3.75,3.07,308564.79,56991.85,3093324.69,173.76,81.59,506.37
"WANorth","Exmouth",113.743804931641,-22.4039268493652,1,2.57,4.1,1272016.48,197050.77,16104336.37,37.77,22.45,78.32
"WANorth","Exmouth",114.187675476074,-22.4033355712891,1,2.67,3.32,5161.28,1514.98,28784.08,42.91,24.97,91.78
"WANorth","Exmouth",114.276000976562,-22.4289703369141,1,2.69,3.32,3507.93,1075.71,18522.36,42.12,24.56,89.84
"WANorth","Exmouth",114.305541992188,-22.4293174743652,1,2.69,3.36,3129.66,975.48,16152.38,37.97,22.5,79.19
"WANorth","Exmouth",114.374900817871,-22.3959865570068,1,2.68,5.89,4590.88,1350.69,25731.96,718.39,295.65,2424.14
"QLDNorth","Isaac",149.749954223633,-22.3917064666748,1,4.82,5.04,4049.82,1355.97,17889.02,726.14,299,2445.92
"QLDNorth","Livingstone",149.799652099609,-22.3898906707764,1,3.85,4.16,3184,1102.72,13419.76,611.5,259.27,1972.86
"QLDNorth","Livingstone",149.840850830078,-22.4018707275391,1,3.85,4.14,3379.65,1162.6,14368.29,655.08,275.88,2130.4
"QLDNorth","Livingstone",149.919509887695,-22.381275177002,1,3.85,2.59,3355.09,1157.58,14192.7,8296.15,2479.03,43178.75
"QLDNorth","Livingstone",150.33137512207,-22.4234485626221,1,3.78,4,52795,12313.36,385452.57,4722.73,1492.59,22995.38
"QLDNorth","Livingstone",150.507949829102,-22.3832931518555,1,3.77,4.09,63822.41,14502.61,482990.65,204.81,98.71,559.93
"QLDNorth","Livingstone",150.744201660156,-22.4067668914795,1,3.75,2.93,350969.43,63243.16,3652652.74,224.61,101.15,696.01
"WANorth","Exmouth",113.773399353027,-22.3664436340332,1,2.57,3.98,976038.32,154723.98,12047725.07,49.54,28.35,108.24
"WANorth","Exmouth",114.185302734375,-22.3393878936768,1,2.66,3.37,8676.19,2388.79,52621.85,41.26,24.16,87.52
"WANorth","Exmouth",114.399909973145,-22.360279083252,1,2.67,5.7,6601.44,1838.58,40022.63,2308.59,800.06,9930.59
"QLDNorth","Isaac",149.622375488281,-22.3531131744385,1,4.75,5.08,70876.3,15980.91,540404.71,597.81,250.63,1973
"QLDNorth","Isaac",149.685317993164,-22.3411979675293,1,4.81,5.27,7318,2169.69,38986.9,612.9,260.65,1966.08
"QLDNorth","Livingstone",149.908767700195,-22.347017288208,1,3.83,2.67,5116.48,1639.17,24153.97,4862.59,1566.6,22793.69
"QLDNorth","Livingstone",150.267608642578,-22.3510284423828,1,3.78,3.9,49234.07,11622.41,353092.01,5592.56,1768.52,26889.8
"QLDNorth","Livingstone",150.275543212891,-22.3539543151855,1,3.78,3.96,48462.16,11461.13,346738.52,5712.65,1806.57,27426.69
"QLDNorth","Livingstone",150.4775390625,-22.3421993255615,1,3.78,3.42,60097.81,13810.76,447155.83,4903.19,1588,22748.59
"QLDNorth","Livingstone",150.672607421875,-22.3479309082031,1,3.75,3.23,227959.18,43629.83,2182188.66,66.56,35.89,159.68
"WANorth","Exmouth",113.81721496582,-22.2944831848145,1,2.58,3.91,877602.85,141189.35,10613603.84,54.11,30.64,119.88
"WANorth","Exmouth",114.16007232666,-22.2972526550293,1,2.65,3.35,12160.08,3221.25,77436.75,46.06,26.56,99.75
"WANorth","Exmouth",114.423095703125,-22.2974071502686,1,2.65,5.8,11188.33,2880.33,75875.26,365.65,163.66,1103.83
"QLDNorth","Isaac",149.629516601562,-22.2910251617432,1,4.81,5.26,5728.47,1757.29,29111.41,683.22,284.02,2270.11
"QLDNorth","Livingstone",149.909851074219,-22.3037395477295,1,4.81,4,7580.76,2257.32,39960.07,757.81,308.43,2601.44
"QLDNorth","Livingstone",150.209350585938,-22.3132019042969,1,3.78,3.9,42642.42,10272.45,297319.13,4783.1,1532.89,22667.53
"QLDNorth","Livingstone",150.420547485352,-22.2935523986816,1,3.77,3.88,63860.84,14579.78,479044.11,612.29,263.13,1926.57
"QLDNorth","Livingstone",150.563858032227,-22.2944946289062,1,3.76,3.9,120305.17,25316.43,1007076.87,9475.74,2811.37,49540.14
"QLDNorth","Livingstone",150.624313354492,-22.3247718811035,1,3.76,3.16,152916.04,31046.55,1346712.98,87.75,45.64,221.02
"WANorth","Exmouth",113.828514099121,-22.2524871826172,1,2.57,3.68,971900.37,155498.98,11795588.24,135.65,67.25,362.31
"WANorth","Exmouth",114.139190673828,-22.259407043457,1,2.64,3.32,15647.65,4034,103018.04,52.12,29.53,115.65
"WANorth","Ashburton",114.440048217773,-22.2445259094238,1,2.64,5.75,17156.86,4197.55,124212.56,420.97,184.06,1315.26
"QLDNorth","Isaac",149.585418701172,-22.2349853515625,1,4.82,5.19,4902.29,1549.68,23798.03,748.89,304.13,2583.48
"QLDNorth","Livingstone",149.88264465332,-22.2331867218018,1,4.8,4.08,8089.79,2383.35,43312.52,998.41,388.43,3660.8
"QLDNorth","Livingstone",150.259246826172,-22.2268581390381,1,3.78,3.77,44971.82,10804.48,314027.73,9087.83,2650.86,49179.43
"QLDNorth","Livingstone",150.429077148438,-22.24778175354,1,3.77,3.96,62795.78,14713.61,449456.15,794.32,331.98,2587.7
"QLDNorth","Livingstone",150.539779663086,-22.2625122070312,1,3.76,3.05,111434.61,23719.19,917851.47,127.23,62.82,344.33
"WANorth","Exmouth",113.84489440918,-22.2057456970215,1,2.57,3.77,993055.44,159830.79,11903689.06,84.09,44.87,202.09
"WANorth","Exmouth",114.094535827637,-22.2017135620117,1,2.64,3.35,22163.91,5536.04,151081.71,51.74,29.25,115.44
"WANorth","Ashburton",114.451126098633,-22.2074108123779,1,2.64,5.77,19956.27,4765.41,149702.23,386.81,170.97,1191.03
"QLDNorth","Isaac",149.570358276367,-22.2017345428467,1,4.82,5.13,4506.58,1446.93,21370.07,544.18,231.24,1762.34
"QLDNorth","Livingstone",149.860214233398,-22.1910495758057,1,4.82,4.28,5078.31,1610.08,24456.72,475.19,213.29,1402.66
"QLDNorth","Livingstone",150.111770629883,-22.2227210998535,1,3.79,3.88,31494.87,7902.03,207716.4,1171.29,446.23,4418.36
"QLDNorth","Livingstone",150.477203369141,-22.2052268981934,1,3.77,4.44,94847.63,20935.34,738125.66,268.22,128.25,730.75
"QLDNorth","Livingstone",150.508102416992,-22.2125854492188,1,3.76,2.92,113328.58,24183.72,928033.31,132.31,64.53,365.82
"WANorth","Exmouth",113.860366821289,-22.1519222259521,1,2.57,3.75,1342051.61,211541.29,16399179.11,96.07,50.59,234.45
"WANorth","Exmouth",114.088935852051,-22.1467437744141,1,2.63,3.34,34694.93,8248.76,251520.03,50.93,28.66,114.78
"WANorth","Ashburton",114.473571777344,-22.1524887084961,1,2.64,5.67,18950.88,4599.51,138253.48,598.87,251.57,1968.74
"QLDNorth","Livingstone",149.845794677734,-22.1490898132324,1,4.82,5.09,5360.15,1707.48,25495.39,95.09,51.73,218.33
"QLDNorth","Livingstone",150.084350585938,-22.1551055908203,1,4.77,3.61,25867.91,6687.87,163462.9,105.03,53.27,273.9
"WANorth","Exmouth",113.880325317383,-22.1101894378662,1,2.58,3.84,746668.53,123188.18,8709504.3,58.19,32.13,134.7
"WANorth","Ashburton",114.487449645996,-22.1168785095215,1,2.63,5.74,31363.34,7103.21,251682.86,437.35,188.72,1397.22
"QLDNorth","Isaac",149.580337524414,-22.1141452789307,1,4.82,4.87,5313.14,1684.07,25522.81,1922.57,704.09,7550.66
"QLDNorth","Livingstone",149.869140625,-22.1042213439941,1,4.8,4.68,9728.11,2856.13,51770.06,982.09,396.26,3367.56
"QLDNorth","Livingstone",149.999053955078,-22.1032848358154,1,4.79,5.19,11480.69,3376.6,60251.07,482.36,216.32,1424.79
"QLDNorth","Livingstone",150.043960571289,-22.1081066131592,1,4.78,3.84,21638.85,5753.11,131355.14,65.75,35.58,156.82
"WANorth","Exmouth",113.901153564453,-22.0508842468262,1,2.58,3.67,933781.64,152033.53,11000870.67,123.3,63.03,312.6
"WANorth","Exmouth",114.119369506836,-22.0527305603027,1,2.62,3.31,62087.38,13796.56,490922.54,68.49,36.86,164.55
"WANorth","Ashburton",114.524040222168,-22.0527877807617,1,2.62,5.82,45139.53,9776.79,384007.61,270.64,124.04,798.15
"QLDNorth","Isaac",149.526382446289,-22.0507965087891,1,4.81,4.73,6318.87,1954.04,31417.44,2229.53,799.41,9018.79
"QLDNorth","Livingstone",149.895233154297,-22.0504837036133,1,4.79,5.13,13606.19,3798.99,77756.21,446.33,199.07,1338.24
"QLDNorth","Livingstone",149.968475341797,-22.0432682037354,1,4.79,3.2,14818.89,4188.95,82310.41,136.29,66.32,377.63
"WANorth","Exmouth",113.920783996582,-22.0038871765137,1,2.58,3.77,668526.83,112592.68,7560033.83,78.66,42.92,181.96
"WANorth","Exmouth",114.133293151855,-22.0002117156982,1,2.61,3.32,75452.42,16367.34,615902.99,51.94,29.11,117.82
"WANorth","Ashburton",114.584770202637,-21.9946041107178,1,2.64,5.58,17918.05,4381.94,129369.81,874.45,352,3034.71
"QLDNorth","Isaac",149.515625,-22.0066356658936,1,4.81,2.71,7454.97,2272.93,37641.09,204.16,93.54,616.16
"WANorth","Exmouth",113.929954528809,-21.9716148376465,1,2.58,3.74,784392,130334.23,9000863.52,56.12,31.11,129.28
"WANorth","Ashburton",114.576477050781,-21.9789524078369,1,2.63,5.54,23711.6,5632.02,177249.76,911.49,365.4,3178.87
"QLDNorth","Isaac",149.488876342773,-21.957181930542,1,4.8,2.83,8263.88,2478.6,42724.23,99.08,49.81,264.34
"WANorth","Exmouth",113.963989257812,-21.9190444946289,1,2.58,3.56,642598,109060.63,7182587.71,141.37,71.42,362.94
"WANorth","Exmouth",114.149383544922,-21.9102783203125,1,2.61,3.05,108489.35,22558.59,935203.6,243.94,108.49,769.6
"WANorth","Ashburton",114.639312744141,-21.9034576416016,1,2.62,5.7,38213.47,8596.97,305858.19,380.72,170,1151.23
"QLDNorth","Isaac",149.473205566406,-21.9128932952881,1,4.8,2.88,7743.33,2345.98,39459.72,46.73,26.29,106.2
"WANorth","Exmouth",113.988929748535,-21.8793773651123,1,2.58,3.76,715509.2,121355.1,7951969.53,68.24,38.11,152.57
"WANorth","Exmouth",114.161590576172,-21.857177734375,1,2.6,3.06,141410.61,28357.58,1281332.58,284.12,123.7,923.29
"WANorth","Ashburton",114.639007568359,-21.8556880950928,1,2.62,5.97,52905.56,11592.63,434673.23,116.48,60.98,283.35
"QLDNorth","Isaac",149.497985839844,-21.8373069763184,1,4.8,2.93,8433.85,2521.14,43816.05,37.59,21.93,80.9
"WANorth","Exmouth",114.026725769043,-21.8443050384521,1,2.58,4.01,884976.83,149432.31,9784590.91,19.93,12.81,37.31
"WANorth","Exmouth",114.072372436523,-21.8131542205811,1,2.58,3.95,917248.57,155312.24,10068092.18,19.34,12.55,35.61
"WANorth","Exmouth",114.106651306152,-21.8011608123779,1,2.58,3.97,599377.6,106865.16,6146411.77,22.21,14.08,42.4
"WANorth","Ashburton",114.694152832031,-21.8100566864014,1,2.63,3.76,38363.61,8800.07,295649.39,20.5,13.15,38.43
"WANorth","Ashburton",114.732940673828,-21.7966442108154,1,2.64,5.95,26457.68,6321.09,193874.56,113.91,59.95,274.75
"QLDNorth","Isaac",149.49885559082,-21.8184833526611,1,4.8,3.27,8409.09,2514.01,43687.03,24.53,15.29,47.95
"WANorth","Ashburton",114.803909301758,-21.7612190246582,1,2.63,3.53,35001.77,8062.27,269452.53,34.17,20.28,71.68
"WANorth","Ashburton",114.852874755859,-21.73219871521,1,2.63,3.54,44494.74,9891.15,360235.66,33.46,19.94,69.74
"WANorth","Ashburton",114.893501281738,-21.7101440429688,1,2.63,5.68,44894.13,9873.21,370871.28,251.77,117.95,715.72
"QLDNorth","Isaac",149.473403930664,-21.7105274200439,1,4.79,3.37,11093.01,3205.03,60295.4,29.19,17.75,59.16
"WANorth","Ashburton",114.962005615234,-21.6720962524414,1,2.62,3.35,75427.25,15419.84,689771.58,58.6,32.11,137.69
"WANorth","Ashburton",114.987686157227,-21.6752738952637,1,2.62,3.3,57459.82,12060.9,509881.05,83.36,43.66,207.94
"WANorth","Ashburton",115.063972473145,-21.6700992584229,1,2.62,5.16,49788.63,10610.08,433836.83,1237.53,470.7,4664.59
"QLDNorth","Mackay",149.501937866211,-21.6074867248535,1,4.8,3.2,10659.35,3120.37,56694.52,95.4,49,244.52
"WANorth","Ashburton",115.10912322998,-21.6282291412354,1,2.62,2.99,64548.43,13301.93,588300.98,927.62,336.5,3923.11
"WANorth","Ashburton",115.226104736328,-21.5682563781738,1,2.61,3.26,98081.14,19140.08,961987.59,115.76,57.48,312.31
"WANorth","Ashburton",115.250549316406,-21.56858253479,1,2.62,3.05,55264.8,11485.77,501608.55,344.04,144.3,1185.15
"WANorth","Ashburton",115.32438659668,-21.5746021270752,1,2.63,3.04,46490.88,9843.29,412600.31,347.22,145.04,1205.05
"WANorth","Ashburton",115.359649658203,-21.5610389709473,1,2.63,5.15,42505.76,9134.21,369033.32,245.3,115.26,694.76
"QLDNorth","Mackay",149.420806884766,-21.5454864501953,1,4.81,5.15,7039.42,2214.51,33671.15,1259.57,479.22,4739.36
"QLDNorth","Mackay",149.487106323242,-21.5661678314209,1,4.8,3.48,8938.02,2695.92,45497.64,143.7,67.75,422.53
"WANorth","Ashburton",115.419662475586,-21.5137615203857,1,2.63,3.33,44256.85,9583.09,377288.67,131.04,62.73,376.66
"WANorth","Ashburton",115.47191619873,-21.51194190979,1,2.62,5.08,67263.36,13726.29,622871.51,189.45,92.06,512.79
"QLDNorth","Mackay",149.299270629883,-21.5066986083984,1,4.82,4.93,5248.48,1704.09,24132.25,2495.47,873.07,10487.87
"QLDNorth","Mackay",149.368225097656,-21.5004806518555,1,4.82,3.67,5348.45,1736.24,24570.86,187.02,84.3,588.29
"WANorth","Ashburton",115.511497497559,-21.4501342773438,1,2.61,4.52,83911.39,16694.3,802372.2,2511.31,879.33,10533.9
"QLDNorth","Mackay",149.29914855957,-21.4694633483887,1,4.81,3.33,6229.25,1987.28,29263.93,2402.25,752.28,12566.96
"WANorth","Karratha",115.55899810791,-21.4032878875732,1,2.61,4.65,123738.53,23514.73,1254963.4,502.13,216.88,1585.74
"QLDNorth","Mackay",149.340362548828,-21.4251403808594,1,4.81,3.38,5787.42,1869.95,26684.75,3653.87,1083.48,20561.05
"WANorth","Karratha",115.591316223145,-21.3698673248291,1,2.6,4.38,160513.55,29434.58,1709872.11,1636.38,606.86,6345.59
"QLDNorth","Mackay",149.318893432617,-21.3723621368408,1,4.81,3.52,5602.11,1816.21,25722.87,2620.44,815.72,13767.63
"WANorth","Karratha",115.636985778809,-21.3276233673096,1,2.6,4.25,166284.93,30679.58,1745732.71,1959.03,713.11,7771.3
"QLDNorth","Mackay",149.32356262207,-21.3195629119873,1,4.81,3.61,5558.83,1815.09,25205.4,3761.44,1132.99,20459.86
"WANorth","Karratha",115.699020385742,-21.2780055999756,1,2.6,2.89,156081.44,29280.74,1594376.41,2366.34,762.61,11700.06
"WANorth","Karratha",115.73405456543,-21.2697048187256,1,2.62,2.85,73405.72,15187.71,657218.08,3561.73,1093.19,18749.41
"WANorth","Karratha",115.788192749023,-21.262508392334,1,2.64,4.17,19620.13,4937.19,133048.44,653.94,272.08,2175.7
"QLDNorth","Mackay",149.262390136719,-21.2634410858154,1,4.82,3.7,5331.57,1745.99,24108.04,8750.36,2370.54,54746.48
"WANorth","Karratha",115.833740234375,-21.2164745330811,1,2.62,4.59,55275.35,12043.47,457615.81,129.12,65.47,331.33
"QLDNorth","Mackay",149.203552246094,-21.2216854095459,1,4.82,4.26,4151.53,1391.99,18261.59,122.41,60.09,336.35
"WANorth","Karratha",115.851295471191,-21.1703968048096,1,2.61,4.36,115665.52,22686.62,1109147.66,220.03,104.55,614.88
"QLDNorth","Mackay",149.202774047852,-21.1665744781494,1,4.66,4.14,4125.57,1387.18,18061.25,137.3,65.87,391.11
"WANorth","Karratha",115.883941650391,-21.1121234893799,1,2.61,3.08,149677.19,28870.11,1454127.89,477.4,190.14,1773.28
"WANorth","Karratha",115.945236206055,-21.0636043548584,1,2.61,4.21,126668.63,24902.14,1201163.19,197.68,95.4,540.5
"QLDNorth","Mackay",149.23371887207,-21.0691242218018,1,4.65,4.08,5753.19,1871.94,26199.66,479.06,191.14,1772.66
"WANorth","Karratha",116.00074005127,-21.0321044921875,1,2.61,2.83,115636.59,23050.65,1075018.5,3489.34,1032.15,19814.92
"WANorth","Karratha",116.048873901367,-21.0148506164551,1,2.61,3.88,123285.82,24610.7,1137703.18,507.25,218.36,1611
"QLDNorth","Mackay",149.189743041992,-21.0312118530273,1,4.65,3.9,6187.4,1983.89,28812.74,6581.36,1796.32,41557.62
"WANorth","Karratha",116.110061645508,-20.9945011138916,1,2.61,2.74,140552.72,27759.25,1311305.32,9528.76,2518.36,62167.05
"WANorth","Karratha",116.153228759766,-20.9728336334229,1,2.6,4.02,244452.92,45069,2498369.59,215.17,103.29,590.7
"QLDNorth","Mackay",149.048797607422,-20.9769611358643,1,4.65,5.14,5916.96,1903.63,27458.97,263.65,123.12,751.73
"QLDNorth","Mackay",149.100326538086,-20.9781055450439,1,4.65,4.89,6515.4,2072.59,30684.09,1204.99,462.06,4481.53
"QLDNorth","Mackay",149.155029296875,-20.9785442352295,1,4.65,4.3,6734.63,2137.08,31793.67,149.28,70.87,431.17
"WANorth","Karratha",116.15380859375,-20.929069519043,1,2.6,3.62,191145.06,36402.77,1869387.84,1828.88,667.13,7260.02
"QLDNorth","Mackay",149.051864624023,-20.9236888885498,1,4.65,3.59,6101.06,1958.81,28366.38,2254.51,733.47,10984.13
"WANorth","Ashburton",115.397163391113,-20.8932819366455,1,2.62,3.85,79053.9,16869.73,663447.99,69.05,36.89,168.24
"WANorth","Karratha",116.189353942871,-20.8822536468506,1,2.59,3.88,305253.47,55487.06,3155162.5,442.97,190.3,1426.01
"QLDNorth","Mackay",148.893890380859,-20.8751964569092,1,4.65,4.76,5709,1816.37,27104.69,1912.4,691.31,7697.98
"QLDNorth","Mackay",148.945083618164,-20.8749885559082,1,4.64,4.98,7266.41,2250.89,35685.78,573.37,238.7,1923.4
"QLDNorth","Mackay",148.993865966797,-20.8916931152344,1,4.64,4.44,7264.77,2263.1,35309.94,22.34,14.18,42.52
"WANorth","Ashburton",115.311599731445,-20.8363857269287,1,2.57,4.51,1616531.4,244549.5,21054443.92,31.19,18.66,64.9
"WANorth","Karratha",116.207725524902,-20.8317775726318,1,2.61,3.6,122996.17,24838.64,1110572.37,27.49,16.74,55.8
"WANorth","Karratha",116.247543334961,-20.8148975372314,1,2.63,3.13,48152.02,10756.71,383896.28,151.54,71.73,439.68
"WANorth","Karratha",116.338638305664,-20.8400115966797,1,2.61,3.12,94858.68,19706.67,826845.47,150.97,71.55,437.11
"WANorth","Karratha",116.370178222656,-20.8314571380615,1,2.61,2.77,92710.69,19236.02,811403.39,4945.77,1434.48,28341.23
"WANorth","Karratha",116.419342041016,-20.82692527771,1,2.61,3.76,93122.71,19433.85,805827.33,538.54,226.29,1782.85
"QLDNorth","Mackay",148.842803955078,-20.8253059387207,1,4.65,4.35,5721,1819.58,27174.59,26.4,16.3,52.27
"WANorth","Ashburton",115.300354003906,-20.7760372161865,1,2.57,3.81,2079020.76,306651.39,27918651.78,215.89,96.93,675.55
"WANorth","Ashburton",115.487831115723,-20.7847900390625,1,2.66,2.99,11262.76,2908.75,75855.41,10090.39,2678.06,64975.42
"WANorth","Karratha",116.49250793457,-20.7913150787354,1,2.6,3.74,266402.77,49475.5,2669657.12,528.33,222.59,1742.7
"QLDNorth","Mackay",148.845092773438,-20.78391456604,1,4.65,3.85,5998.95,1892.19,28847.62,89.01,45.65,230.32
"WANorth","Ashburton",115.352661132812,-20.7395095825195,1,2.57,4.72,1617957.29,243874.81,21214240.1,21.73,13.62,42.47
"WANorth","Ashburton",115.492980957031,-20.7369003295898,1,2.7,2.97,2701.96,836.65,14309.47,14992.76,3813.51,101659.49
"WANorth","Karratha",116.54035949707,-20.746467590332,1,2.6,3.72,260172.74,49606.04,2486386.66,526.77,222.13,1734.94
"QLDNorth","Mackay",148.822952270508,-20.7695465087891,1,3.62,3.38,6120,1924.03,29571.24,160.73,75.6,470
"WANorth","Karratha",116.580741882324,-20.6878547668457,1,2.6,3.88,290280.41,54447.87,2839212.49,28.82,17.25,60.31
"WANorth","Karratha",116.834449768066,-20.7047786712646,1,4.73,5.51,930.28,338.85,3901.12,23.51,14.69,45.96
"WANorth","Karratha",116.889343261719,-20.715892791748,1,4.71,5.24,1396.31,484.15,6240.02,66.07,35.08,163.69
"WANorth","Karratha",117.254760742188,-20.7014217376709,1,4.67,4.79,4151,1237.13,22869.9,1042.59,371.62,4521.54
"WANorth","Karratha",117.30729675293,-20.723934173584,1,4.66,4.85,5155.8,1497.8,29348.35,617.14,236.21,2428.5
"WANorth","Karratha",117.371124267578,-20.7290821075439,1,4.66,4.76,6521.76,1841.86,38502.72,1676.23,561.92,7889.77
"WANorth","Karratha",117.407180786133,-20.7229251861572,1,4.65,4.88,7487.31,2083.13,45017.58,580.37,224.53,2247.01
"WANorth","Karratha",117.478233337402,-20.7161254882812,1,4.65,4.99,9520.03,2551.97,60397.51,238.31,104.97,768.25
"WANorth","Karratha",117.53833770752,-20.70654296875,1,4.64,5.71,10490.07,2763.72,68319.74,18.35,11.93,33.86
"WANorth","Karratha",117.576545715332,-20.6753768920898,1,4.64,5.01,11096.52,2916.65,72272.14,779.39,311.03,2771.7
"QLDNorth","Mackay",148.733520507812,-20.6849021911621,1,3.63,3.87,4193.13,1365.1,19468.33,562.56,234.71,1881.83
"QLDNorth","Mackay",148.759948730469,-20.7212963104248,1,3.62,3.46,4838.08,1555.32,22778.44,102.14,51.38,271.45
"WANorth","Karratha",116.56339263916,-20.6260738372803,1,2.6,3.73,274761.8,52101.1,2643201.48,42.53,24.04,96.52
"WANorth","Karratha",116.816337585449,-20.6157131195068,1,4.73,5.25,958.31,347.64,4041.26,46.4,26.03,106.1
"WANorth","Karratha",117.007186889648,-20.6498851776123,1,4.68,5.26,3133.66,978.19,16123.42,50.56,28.01,117.68
"WANorth","Karratha",117.050231933594,-20.6246738433838,1,4.67,5.27,4397.54,1313.44,24009.7,68.79,36.31,171.8
"WANorth","Karratha",117.200706481934,-20.6297302246094,1,4.66,4.85,4905.99,1429.53,27875.05,2996.89,924.91,15833.02
"WANorth","Karratha",117.641456604004,-20.6586017608643,1,4.65,4.88,9738.43,2621.84,61147.82,1988.18,704,8298.18
"QLDNorth","Mackay",148.729705810547,-20.6312599182129,1,3.63,3.13,3846.41,1257.94,17811.61,300.06,129.65,985.4
"WANorth","Karratha",116.63346862793,-20.5624713897705,1,2.62,3.77,76503.43,16623.37,621897.41,45.29,25.36,104.22
"WANorth","Karratha",116.853927612305,-20.5505542755127,1,4.71,5.11,1429.59,492.37,6462.19,91.37,46.27,241.94
"WANorth","Karratha",117.088943481445,-20.6125068664551,1,4.66,5.9,5736.03,1653.42,32868.88,20.73,13.23,39.27
"WANorth","Karratha",117.70694732666,-20.609338760376,1,4.64,5.75,10525.45,2832.76,65727.79,18.61,12.05,34.56
"WANorth","Karratha",117.731239318848,-20.6048641204834,1,4.65,5.44,7238.17,2027.33,43068.48,37.26,21.71,80.43
"WANorth","Port Hedland",117.788162231445,-20.5817928314209,1,4.66,5.12,6823.2,1950.63,39189.01,151.63,71.24,446.67
"WANorth","Port Hedland",117.855735778809,-20.5904445648193,1,4.65,4.96,7078.88,2031.92,40224.38,764.01,305.38,2712.6
"QLDNorth","Whitsunday",148.675888061523,-20.5708465576172,1,3.64,3.97,2751.83,933.58,12172.05,166.58,83.59,428.18
"QLDNorth","Whitsunday",148.85710144043,-20.5329475402832,1,3.62,4.1,4876.38,1543.8,23614.34,117.67,61.58,286.32
"QLDNorth","Whitsunday",148.89958190918,-20.547945022583,1,3.61,3.79,7627.75,2303.21,39153.98,33.82,20.01,71.42
"WANorth","Karratha",116.695823669434,-20.5156555175781,1,4.62,5.91,30930.65,7412.14,222722.99,25.39,15.7,50.33
"WANorth","Karratha",116.8779296875,-20.5187358856201,1,4.7,4.99,1648.16,559.5,7575.82,2882.98,892.87,15175.94
"WANorth","Port Hedland",117.895408630371,-20.5413818359375,1,4.65,4.95,7410.37,2100.71,42987.7,780.57,310.88,2786.11
"QLDNorth","Whitsunday",148.694717407227,-20.5426292419434,1,3.64,3.78,2823.07,953.55,12568.86,758.04,302.67,2698.5
"QLDNorth","Whitsunday",148.712020874023,-20.5181045532227,1,3.64,4.2,2762.68,933.49,12310.37,91.64,49.5,213.7
"QLDNorth","Whitsunday",148.81755065918,-20.5104503631592,1,3.63,3.91,3682.14,1202.88,17138.41,139.46,71.16,351.69
"QLDNorth","Whitsunday",148.934631347656,-20.5306968688965,1,3.59,3.67,15783.14,4370.02,90718.67,105.4,52.41,285.97
"WANorth","Karratha",116.779930114746,-20.5041923522949,1,4.61,5.68,47967.47,11010,363270.12,37.66,21.88,81.75
"WANorth","Karratha",116.891662597656,-20.4834842681885,1,4.7,5.75,2018.86,664.99,9686.27,41.72,23.95,91.93
"WANorth","Port Hedland",117.913688659668,-20.4775104522705,1,4.64,5.44,10222.87,2783.82,62539.76,40.65,24.27,83.07
"QLDNorth","Whitsunday",148.913909912109,-20.4831104278564,1,3.6,3.89,10614.5,3073.41,57631.49,49.85,27.79,114.68
"WANorth","Karratha",116.801399230957,-20.432638168335,1,4.6,5.59,82003.21,17773.86,666550.5,44.66,25.21,101.18
"WANorth","Karratha",116.898109436035,-20.4479827880859,1,4.68,5.81,2990.23,937.1,15325.55,38.44,22.31,83.41
"WANorth","Port Hedland",117.92943572998,-20.4624061584473,1,4.65,5.49,7758.19,2170.92,45993.58,33.96,20.05,72.03
"WANorth","Port Hedland",118.020324707031,-20.4503135681152,1,4.66,5.02,5224.72,1527.72,29329.7,71.41,39.94,158.63
"QLDNorth","Whitsunday",148.889389038086,-20.4597663879395,1,3.59,5.41,15348.45,4232.82,89037.35,6.64,5.04,9.8
"WANorth","Karratha",116.891777038574,-20.3901996612549,1,4.63,6.03,15011.97,3901.96,97588.25,33.75,19.93,71.57
"WANorth","Port Hedland",118.058555603027,-20.4135265350342,1,4.66,4.55,5273.04,1549.54,29291.33,346.89,155.82,1044.01
"QLDNorth","Whitsunday",148.895095825195,-20.3785915374756,1,3.59,4.27,18965.77,5111.12,113248.95,127.39,65.43,319.29
"QLDNorth","Whitsunday",148.952117919922,-20.3802852630615,1,3.59,4.01,16471.17,4516.24,96133.88,256.53,116.5,773.28
"QLDNorth","Mackay",149.021896362305,-20.3936939239502,1,3.59,4.83,15103.92,4208.44,86051.53,41.22,23.67,90.94
"WANorth","Port Hedland",118.129188537598,-20.370532989502,1,4.66,5.25,5665.4,1660.42,31455.32,79.65,41.4,202.54
"WANorth","Port Hedland",118.167083740234,-20.3465995788574,1,4.66,5.31,5839.01,1713.93,32246,66.32,35.34,163
"WANorth","Port Hedland",118.196533203125,-20.3357353210449,1,4.67,5.15,3885.24,1198.12,20121.94,127.35,61.41,361.47
"WANorth","Port Hedland",118.26683807373,-20.3528156280518,1,4.67,5.56,3931.59,1205.13,20584.17,29.45,17.77,60.52
"WANorth","Port Hedland",118.31844329834,-20.3370609283447,1,4.67,5.12,3985.43,1227.02,20664.75,161.32,74.92,483.87
"WANorth","Port Hedland",118.367660522461,-20.3476428985596,1,4.68,4.06,3146.95,990.7,15917.99,1337.43,502.04,5140.26
"QLDNorth","Whitsunday",148.919830322266,-20.3214683532715,1,3.58,4.46,22917.3,6047.55,140532.6,82.47,45.3,187.72
"QLDNorth","Whitsunday",149.051406860352,-20.3108921051025,1,3.59,5.16,14128.49,3949.46,80362.47,40.22,23.13,88.58
"WANorth","Port Hedland",118.455070495605,-20.3152179718018,1,4.67,5.89,3807.72,1186.04,19369.69,14.8,9.93,26.12
"WANorth","Port Hedland",118.461875915527,-20.3154773712158,1,4.67,5.85,3732.6,1166.57,18892.53,17.09,11.22,31.06
"WANorth","Port Hedland",118.53050994873,-20.3007946014404,1,4.67,5.55,4128.05,1283.75,20934.09,35.84,21.01,76.68
"WANorth","Port Hedland",118.634323120117,-20.2938327789307,1,4.67,5.23,4224.58,1311.38,21461.31,91.96,46.83,240.62
"WANorth","Port Hedland",118.696647644043,-20.3080749511719,1,4.67,5.89,4094.66,1277.41,20650.68,16.5,10.92,29.63
"WANorth","Port Hedland",118.741676330566,-20.2921085357666,1,4.67,3.76,4314.03,1342.27,21783.23,1420.17,522.01,5656.09
"QLDNorth","Whitsunday",148.906173706055,-20.2758388519287,1,3.58,3.77,27878.29,7148.47,178005.29,1100.12,411.83,4311.36
"QLDNorth","Whitsunday",149.048431396484,-20.2850322723389,1,3.58,5.16,31006.07,7873.84,200167.93,308.73,131.66,1038.36
"WANorth","Port Hedland",118.827583312988,-20.2426986694336,1,4.66,5,5132,1575.53,26248.33,314.85,134.15,1058.87
"WANorth","Port Hedland",118.840995788574,-20.229076385498,1,4.66,3.73,5547.19,1684.31,28811.79,463.18,194.52,1552.49
"QLDNorth","Whitsunday",148.831161499023,-20.2356262207031,1,3.57,3.82,38689.51,9558.57,259056.72,1401.56,509.68,5703.14
"QLDNorth","Whitsunday",148.910110473633,-20.2499942779541,1,3.57,4.14,49903.69,11956.78,347861.24,117.49,60.08,298.75
"QLDNorth","Whitsunday",149.029388427734,-20.2381935119629,1,3.58,5.21,32072.91,8112.37,208130.36,340.73,143.53,1164.46
"WANorth","Port Hedland",118.865966796875,-20.2053852081299,1,4.66,3.94,6447.3,1921.3,34327.61,89.15,46.5,222.96
"QLDNorth","Whitsunday",148.681640625,-20.1868515014648,1,3.56,4.3,54673.24,12892.45,390192.41,53.49,29.63,123.93
"QLDNorth","Whitsunday",148.752014160156,-20.2341957092285,1,3.56,3.98,63215.71,14653.44,461334.33,290.79,128.88,910.24
"QLDNorth","Whitsunday",148.811904907227,-20.2081069946289,1,3.56,3.89,60362.04,14125.91,434115.13,952.07,377.63,3377.07
"QLDNorth","Whitsunday",148.89094543457,-20.1693572998047,1,3.57,4.22,50837.48,12161.08,354993.07,111.67,59.49,263.66
"QLDNorth","Whitsunday",149.0478515625,-20.1767330169678,1,3.57,5.24,32732.49,8253.31,213363.12,354.39,148.94,1212.64
"WANorth","Port Hedland",118.907958984375,-20.1533355712891,1,4.66,4.04,6722.82,2003.75,35674.93,64.67,35.58,149.45
"QLDNorth","Whitsunday",148.616928100586,-20.1395874023438,1,3.57,3.97,49055.94,11754.77,342271.04,493.96,203.71,1706.64
"QLDNorth","Whitsunday",148.878921508789,-20.1377506256104,1,3.56,3.9,67857.98,15780.44,490048.12,599.06,243.03,2105.05
"QLDNorth","Whitsunday",149.020416259766,-20.1534824371338,1,3.57,5.23,41968.94,10392.27,278391.97,597.53,233.41,2262.92
"WANorth","Port Hedland",118.972709655762,-20.0898818969727,1,4.65,3.56,8230.63,2408.45,44580.81,578.34,238.04,1981.65
"QLDNorth","Whitsunday",148.307312011719,-20.1071434020996,1,3.08,3.53,91666.36,20261.87,713065.68,616.85,250.8,2153.5
"QLDNorth","Whitsunday",148.337829589844,-20.1377258300781,1,3.08,3.66,103792.56,22683.74,817902.9,159.95,76.04,457.89
"QLDNorth","Whitsunday",148.644317626953,-20.0960540771484,1,3.56,3.93,58371.47,13725.93,416987.72,852.78,335.19,3101.47
"QLDNorth","Whitsunday",148.877655029297,-20.0655612945557,1,3.56,4.49,82979.31,18716.83,625813.67,53.71,31.55,111.01
"QLDNorth","Whitsunday",148.969421386719,-20.0698776245117,1,3.57,5.35,42969.95,10574.02,287887.52,561.89,223.16,2069.41
"WANorth","Port Hedland",118.997650146484,-20.0329113006592,1,4.65,5.89,7485.48,2206.54,40254.2,159.15,75.83,453.72
"WANorth","East Pilbara",119.519950866699,-20.0433902740479,1,4.67,4.89,4743.85,1548.04,21750.62,848.32,329.69,3154.15
"WANorth","East Pilbara",119.583999633789,-20.0681285858154,1,4.66,4.85,5042.9,1635.02,23307.29,871.89,340.33,3208.06
"WANorth","East Pilbara",119.636421203613,-20.0477066040039,1,4.66,2.71,5212.64,1687.95,24096.07,464.91,197.57,1522.62
"QLDNorth","Whitsunday",148.298141479492,-20.0416526794434,1,3.08,3.73,81030.49,18080.58,624406.48,192.95,93.55,523.78
"QLDNorth","Whitsunday",148.433990478516,-20.0228958129883,1,3.08,3.58,114599.09,24700.42,920601.1,349.79,152.38,1116.03
"QLDNorth","Whitsunday",148.536437988281,-20.0547847747803,1,3.09,3.64,67586.67,15532.11,498996.78,235.52,109.73,680
"QLDNorth","Whitsunday",148.565017700195,-20.0668964385986,1,3.57,4.33,52715.49,12539.07,371110.76,82.97,44.42,198.26
"QLDNorth","Whitsunday",148.895431518555,-20.0388641357422,1,3.56,4.37,64149.76,14897.86,466092.23,68.09,37.59,155.63
"QLDNorth","Whitsunday",148.955841064453,-20.0561389923096,1,3.56,5.92,59434.29,13966.11,424634.95,58.39,31.8,138.92
"WANorth","Port Hedland",119.073089599609,-20.0058364868164,1,4.65,4.73,8479.75,2461.64,46530.53,3655.33,1160.68,17970.72
"WANorth","Port Hedland",119.086044311523,-19.9914436340332,1,4.65,5.24,8432.67,2442.84,46475.1,2679.28,912.97,11775.38
"WANorth","Port Hedland",119.365753173828,-19.9896373748779,1,4.65,5,7132.97,2194.93,35505.77,527.3,215.22,1849.58
"WANorth","Port Hedland",119.421737670898,-19.9905967712402,1,4.66,4.94,6121.25,1932.59,29346.06,805.69,312.69,3015.49
"WANorth","Port Hedland",119.469665527344,-20.003963470459,1,4.66,4.99,6388.08,2005.67,30855.81,858.14,338.05,3106.2
"WANorth","East Pilbara",119.688293457031,-19.9963130950928,1,4.66,2.72,5341.66,1724.31,24796.89,426,185.1,1345.8
"QLDNorth","Whitsunday",148.267623901367,-19.9859199523926,1,3.08,3.63,79243.63,17667.77,612435.43,197.78,91.96,581.21
"QLDNorth","Whitsunday",148.433792114258,-19.9874267578125,1,3.08,3.81,113415.19,24340.61,918946.65,134.72,67.79,349.83
"QLDNorth","Whitsunday",148.552749633789,-19.9927291870117,1,3.08,5.08,99099.08,21758.7,776563.16,1167.95,430.32,4698.71
"WANorth","Port Hedland",119.168464660645,-19.9530563354492,1,4.65,4.95,7000.54,2122.9,35854.81,1172.51,435.36,4645.44
"WANorth","Port Hedland",119.206848144531,-19.9463481903076,1,4.65,4.91,7105.18,2178.47,35615.51,2525.03,844.62,11546.48
"WANorth","Port Hedland",119.25757598877,-19.9648323059082,1,4.65,4.86,9012.86,2660.06,47739.31,1784.9,633.77,7468.52
"WANorth","Port Hedland",119.307754516602,-19.9808597564697,1,4.66,5.26,6693.94,2080.15,32855.76,472.72,200.31,1554.76
"WANorth","East Pilbara",119.744606018066,-19.9636402130127,1,4.66,4.8,5944.15,1877.17,28537.5,2032.03,719.62,8466.06
"WANorth","East Pilbara",119.843452453613,-19.9636344909668,1,4.67,4.77,4853.69,1557.41,22927.2,1814.85,652.77,7401.07
"WANorth","East Pilbara",119.89623260498,-19.9465560913086,1,4.66,4.79,5155.11,1647.61,24432.46,1699.75,615.72,6870.94
"WANorth","East Pilbara",119.945373535156,-19.9375991821289,1,4.67,4.8,4760.75,1534.68,22323.58,1529.11,561.24,6074.44
"WANorth","East Pilbara",119.996444702148,-19.9295768737793,1,4.67,2.66,4098.13,1346.71,18726.73,272.22,126.56,780.85
"QLDNorth","Whitsunday",148.151626586914,-19.9428615570068,1,3.08,3.66,84428.13,18601.17,664300.4,342,153.44,1032.69
"QLDNorth","Whitsunday",148.206604003906,-19.9486331939697,1,3.08,3.68,78855.37,17524.37,613311.47,165.88,79.47,466.17
"QLDNorth","Whitsunday",148.441223144531,-19.9711360931396,1,3.08,3.89,96371.56,20934.77,771676.21,98.05,52.01,235.49
"QLDNorth","Whitsunday",148.452850341797,-19.9661026000977,1,3.08,5.83,83772.18,18473.62,658353.01,1598.32,581.54,6435.21
"WANorth","Broome",120.065490722656,-19.9218635559082,1,4.67,4.9,4181.54,1368.47,19229.3,686.83,276.78,2419.68
"WANorth","Broome",120.112655639648,-19.914041519165,1,4.67,4.87,4169.12,1365.14,19156.7,907.74,353.01,3353.91
"WANorth","Broome",120.158889770508,-19.9079303741455,1,4.67,4.86,4049.4,1330.78,18516.64,957.81,369.56,3578.53
"WANorth","Broome",120.213424682617,-19.9057884216309,1,4.67,2.49,4436.58,1439.15,20659.49,318.72,144.81,944.36
"QLDNorth","Whitsunday",148.089401245117,-19.8941669464111,1,3.09,6.07,49506.19,11613.54,359090.56,983.18,380.09,3652.57
"WANorth","Broome",120.28434753418,-19.8830451965332,1,4.66,4.85,5291.03,1693.44,24968.28,973.02,377.36,3595.64
"WANorth","Broome",120.331367492676,-19.8702392578125,1,4.67,4.86,4727.96,1539.4,21772.38,847.85,335.86,3039.4
"WANorth","Broome",120.376899719238,-19.8509407043457,1,4.68,2.29,3552.72,1203.77,15482.05,558.18,234.09,1849.95
"QLDNorth","Whitsunday",147.870895385742,-19.8506202697754,1,3.09,3.57,67779.44,15177.2,525079.31,648.2,266.05,2214.16
"QLDNorth","Whitsunday",147.89860534668,-19.8779392242432,1,3.08,3.77,74376.11,16503.86,582381.24,235.43,110.87,665.91
"QLDNorth","Whitsunday",148.025787353516,-19.8905639648438,1,3.08,3.68,94803.84,20619.09,758240.89,354.58,158.35,1077.35
"QLDNorth","Whitsunday",148.049194335938,-19.880392074585,1,3.08,6.16,91474.27,19955.21,729226.7,1019.91,394.35,3777.88
"WANorth","Broome",120.446357727051,-19.824390411377,1,4.67,4.85,4554.15,1493.7,20740.34,988.11,384.32,3627.56
"WANorth","Broome",120.484565734863,-19.8106021881104,1,4.67,4.86,4377.49,1446.15,19722.21,955.5,373.17,3488.89
"WANorth","Broome",120.529876708984,-19.7982482910156,1,4.67,2.06,4186.62,1392.94,18670.4,1636.5,592.04,6649.43
"QLDNorth","Burdekin",147.636581420898,-19.7879085540771,1,3.07,3.41,127801.2,26429.25,1100685.85,2313.03,793.6,10139.93
"QLDNorth","Burdekin",147.66423034668,-19.8059043884277,1,3.07,3.57,155883.36,31514.82,1381985.05,558.81,234.45,1850.5
"QLDNorth","Whitsunday",147.857131958008,-19.801721572876,1,3.09,6.25,67724.29,15168.82,524424.46,963.93,379.47,3464.79
"WANorth","Broome",120.579978942871,-19.7765197753906,1,4.67,4.86,3839.3,1297.61,16725.05,1054.1,409.33,3863.84
"WANorth","Broome",120.65160369873,-19.7546901702881,1,4.67,4.84,3995.05,1345.13,17481.42,1095.9,423.52,4042.78
"WANorth","Broome",120.687477111816,-19.7428932189941,1,4.67,4.84,4273.31,1422.86,19005.49,1194.59,456.31,4477.69
"WANorth","Broome",120.729225158691,-19.7241172790527,1,4.67,1.97,3934.27,1328.23,17147.24,1382.68,512.46,5431.05
"QLDNorth","Burdekin",147.605331420898,-19.7488174438477,1,3.08,3.53,101890.8,21658.93,846358.13,873.78,339.57,3241.75
"QLDNorth","Whitsunday",147.738739013672,-19.7649955749512,1,3.07,3.3,150344.64,30708.52,1310815.03,3811.49,1239.21,17857.96
"QLDNorth","Whitsunday",147.856964111328,-19.7432193756104,1,3.08,6.36,75755.43,16739.25,597132.31,1117.62,432.9,4099.59
"WANorth","Broome",120.793174743652,-19.6948852539062,1,6.14,3.28,3577.58,1232.9,15105.66,3206.4,1068.31,14518.94
"QLDNorth","Burdekin",147.612564086914,-19.6770915985107,1,3.16,3.76,79358.44,17434.38,630345.58,396.52,171.64,1268.45
"QLDNorth","Whitsunday",147.75080871582,-19.702392578125,1,3.08,3.63,106934.46,22684.99,888737.19,465.39,197.43,1529.11
"QLDNorth","Whitsunday",147.780395507812,-19.7049865722656,1,3.08,3.82,105006.4,22334.87,869482.57,202.91,97.24,561.16
"QLDNorth","Whitsunday",147.826461791992,-19.7084178924561,1,3.08,6.41,75612.24,16699.01,596654.29,1000.17,393.02,3598.35
"WANorth","Broome",120.856033325195,-19.6699066162109,1,6.14,6.31,3690.21,1253.19,15975.3,1177.63,453.04,4359.84
"WANorth","Broome",120.902053833008,-19.6542224884033,1,6.14,6.31,3927.13,1332.4,16963.37,983.8,390.1,3483.89
"WANorth","Broome",120.94229888916,-19.6378479003906,1,6.16,3.2,2529.82,917.46,9941.89,3189.1,1066.96,14333.4
"QLDNorth","Burdekin",147.608001708984,-19.6527614593506,1,3.16,6.49,93831.88,20136.83,769921.66,1438.28,544.83,5407.38
"WANorth","Broome",121.010299682617,-19.5989818572998,1,6.15,3.41,3015.65,1060.97,12391.07,601.24,248.85,2032.43
"QLDNorth","Burdekin",147.57568359375,-19.5920028686523,1,3.16,6.48,73589.91,16250.79,581871.8,2188.11,782.77,8900.08
"WANorth","Broome",121.067588806152,-19.5578746795654,1,6.13,3.5,5236.64,1703.12,24006.84,400.96,175.66,1252.49
"QLDNorth","Burdekin",147.566986083984,-19.5536823272705,1,3.16,6.51,82769.52,18077.48,662800.95,1715.16,639.36,6567.37
"WANorth","Broome",121.12336730957,-19.5209617614746,1,6.14,6.52,3515.17,1217.59,14720.38,354.17,156.28,1101.18
"WANorth","Broome",121.15958404541,-19.4946613311768,1,6.14,3.52,3513.08,1218.28,14680.98,336.71,151.37,1013.97
"QLDNorth","Burdekin",147.518493652344,-19.4948139190674,1,3.16,6.8,78026.51,17150.5,619885.03,385.9,167.59,1229.26
"WANorth","Broome",121.21656036377,-19.4481582641602,1,6.14,3.33,3925.68,1331.92,16957.24,855.79,340.66,3037.54
"QLDNorth","Burdekin",147.482009887695,-19.440486907959,1,3.16,6.79,76664.51,16889.06,607230.35,409.97,176.78,1317.87
"WANorth","Broome",121.255737304688,-19.4106731414795,1,6.14,3.11,4517.99,1501.26,20098.18,16572.13,4454.13,100357.72
"QLDNorth","Townsville",147.112716674805,-19.3939304351807,1,3.18,3.33,216198.71,42594.01,1968140.91,28147.85,7014.32,189461.67
"QLDNorth","Burdekin",147.154144287109,-19.4040985107422,1,3.17,3.78,260878.18,49996.2,2469120.63,717.64,283.06,2626.3
"QLDNorth","Burdekin",147.201370239258,-19.4158000946045,1,3.17,3.77,295016.49,55248.44,2890976.98,739.35,290.34,2722.77
"QLDNorth","Burdekin",147.27033996582,-19.4202575683594,1,3.13,3.82,402615.35,72253.37,4183796.28,481.14,200.01,1640.19
"QLDNorth","Burdekin",147.316925048828,-19.4074878692627,1,3.13,3.82,383424.23,69223.03,3952946.05,492.9,204.04,1690.9
"QLDNorth","Burdekin",147.366546630859,-19.4134864807129,1,3.14,3.59,369710.6,67017.99,3792090.36,1413.42,529.26,5436.63
"QLDNorth","Burdekin",147.444625854492,-19.380880355835,1,3.14,6.73,237379.9,46441.23,2175900.79,427.15,183.12,1384.31
"WANorth","Broome",121.288803100586,-19.3769283294678,1,6.13,3.12,5066.33,1659.62,22969.18,16759.59,4515.06,100970.83
"QLDNorth","Townsville",147.091766357422,-19.3602600097656,1,3.18,6.57,219230.6,43207.56,1992565.23,1127.76,430.94,4241.39
"WANorth","Broome",121.341453552246,-19.3204784393311,1,6.13,6.39,4940.69,1619.25,22415.1,846.78,333.34,3072.26
"WANorth","Broome",121.361099243164,-19.2930088043213,1,6.13,3.56,5320.17,1724.55,24514.47,2226.83,765.63,9749.9
"QLDNorth","Townsville",146.900085449219,-19.3002738952637,1,3.25,3.81,129453.5,28059.99,1021377.71,1300.13,477.52,5219.41
"QLDNorth","Townsville",146.94758605957,-19.2947425842285,1,3.18,6.52,158164.84,33284.18,1300983.9,839.3,331.11,3034.56
"WANorth","Broome",121.392044067383,-19.2532920837402,1,6.13,3.63,5290.87,1713.25,24435.3,1356.3,496.55,5461.38
"QLDNorth","Townsville",146.981781005859,-19.2680759429932,1,3.18,4.12,167529.49,34799.62,1406141.89,220.66,102.38,645.49
"QLDNorth","Townsville",147.061813354492,-19.2527599334717,1,3.18,6.42,215428.34,42789.8,1932276.38,2169.27,777.06,8806.71
"WANorth","Broome",121.431411743164,-19.2021427154541,1,6.13,3.6,5132.92,1664.32,23693.36,1686.42,602.16,7010.42
"QLDNorth","Townsville",147.002349853516,-19.2261600494385,1,3.18,3.86,155879.54,32716.45,1289585.67,574.12,234.8,1992.56
"QLDNorth","Townsville",147.045791625977,-19.2077312469482,1,3.18,6.39,160390.41,33424.12,1341955.75,2098.46,756.07,8446.24
"WANorth","Broome",121.471351623535,-19.1473999023438,1,6.13,3.46,4847.9,1581.39,22211.99,5820.33,1844.02,27814.18
"QLDNorth","Townsville",146.617416381836,-19.1560077667236,1,3.26,4.32,74309.42,17740.17,508782.22,260.94,116.26,815.63
"QLDNorth","Townsville",146.672744750977,-19.1812114715576,1,3.25,3.68,81046.76,19154.21,562233.34,2677.03,911.36,11786.75
"QLDNorth","Townsville",146.745254516602,-19.1750354766846,1,3.25,3.43,94404.67,21701.43,682324.54,8182.09,2475.37,41655.42
"QLDNorth","Townsville",146.884170532227,-19.1261463165283,1,3.25,3.75,121332.35,26554.03,944393.99,1779.04,630.44,7474.03
"QLDNorth","Townsville",147.014053344727,-19.1807861328125,1,3.18,3.74,167330.78,34772.36,1403541.3,1384.77,508.15,5542.78
"QLDNorth","Townsville",147.022735595703,-19.1852207183838,1,3.18,6.44,167609.89,34789.57,1408758.12,1174.81,445.3,4473.75
"WANorth","Broome",121.51439666748,-19.0784320831299,1,6.13,3.43,5597.67,1782.95,26554.96,8488.75,2615.08,41702.04
"QLDNorth","Townsville",146.524719238281,-19.0995292663574,1,3.26,3.57,72473.48,17353.83,494262.24,4020.9,1327.02,18250.34
"QLDNorth","Townsville",146.544876098633,-19.1108875274658,1,3.26,4.17,73438.27,17548.65,502316.14,294.06,130.35,919.39
"QLDNorth","Townsville",146.780822753906,-19.1178245544434,1,3.25,4.03,105950.17,23889.42,787593.47,456.57,193.34,1507.64
"QLDNorth","Townsville",146.884262084961,-19.1123752593994,1,3.25,6.46,129367.73,28035,1021168.13,1102.46,420.66,4164.53
"WANorth","Broome",121.520469665527,-19.0504398345947,1,6.13,4.01,5717.76,1815.79,27236.92,595.55,238.09,2154.52
"QLDNorth","Townsville",146.468566894531,-19.0711936950684,1,3.26,4.14,64324.55,15601.82,431653.66,297.95,131.78,934.63
"QLDNorth","Townsville",146.793090820312,-19.1095657348633,1,3.25,3.91,112667.19,25143.84,850160.48,765.18,303.79,2751.72
"QLDNorth","Townsville",146.837158203125,-19.102445602417,1,3.25,6.23,122293.39,26836.01,946789.71,4123.84,1364.6,18594.8
"WANorth","Broome",121.545501708984,-18.9979515075684,1,6.13,3.69,5805.98,1837.59,27802.76,2803,950.94,12382.32
"QLDNorth","Townsville",146.406478881836,-19.0029544830322,1,3.26,6.14,61947.38,14969.03,419471.37,2572.66,899.15,10811.07
"WANorth","Broome",121.551979064941,-18.9434871673584,1,6.13,3.54,5880.35,1860.14,28163.21,7409.97,2282.71,36717.86
"QLDNorth","Townsville",146.331924438477,-18.9381656646729,1,3.19,3.32,41482.87,10339.14,272092.51,8596.97,2611.93,43288.08
"QLDNorth","Townsville",146.365142822266,-18.9604206085205,1,3.18,5.96,52933.31,12909.18,355864.36,4583.34,1498.26,20994.1
"WANorth","Broome",121.59538269043,-18.8983860015869,1,6.13,3.62,6281.59,1975.83,30272.27,4409.62,1450.98,20004.12
"QLDNorth","Hinchinbrook",146.309585571289,-18.9009704589844,1,3.19,6.29,36696.59,9238.12,238152.46,360.5,158.57,1126.16
"WANorth","Broome",121.602256774902,-18.8637847900391,1,6.13,3.83,6150.01,1942.6,29448.79,1824.14,637.87,7847.45
"QLDNorth","Hinchinbrook",146.279510498047,-18.8430213928223,1,3.2,3.77,27746.98,7147.95,175700.92,773.87,303.66,2844.16
"QLDNorth","Palm Island",146.553527832031,-18.8467845916748,1,3.17,3.87,89048.39,20373.52,651453.17,591.71,243.86,2018.9
"QLDNorth","Palm Island",146.644714355469,-18.7806949615479,1,3.17,3.97,105029.21,23262.95,806973.9,410.54,177.31,1315.62
"QLDNorth","Palm Island",146.662719726562,-18.7778167724609,1,3.17,6.05,112988.14,24781.05,879869.95,3296.9,1127.79,14184.56
"WANorth","Broome",121.630653381348,-18.8212699890137,1,6.13,4.01,6009.23,1907.44,28558.59,593.68,238.54,2127.12
"QLDNorth","Hinchinbrook",146.28483581543,-18.788667678833,1,3.2,3.52,25376.32,6587.26,159362,2749.62,946.41,11836.36
"QLDNorth","Palm Island",146.537780761719,-18.7881507873535,1,3.17,6.2,118395.74,25847.35,927110.22,660.29,269.76,2272.42
"WANorth","Broome",121.633827209473,-18.7459316253662,1,6.12,4.03,6577.6,2059.63,31869.08,521.16,213.21,1821.52
"QLDNorth","Hinchinbrook",146.29362487793,-18.7438869476318,1,3.2,3.38,24355.35,6324.76,153251.64,2863.81,1015.22,11642.24
"QLDNorth","Palm Island",146.530319213867,-18.7633838653564,1,3.17,3.87,143566.56,30550.81,1164049.48,451.22,193.6,1454.02
"QLDNorth","Palm Island",146.695037841797,-18.7528095245361,1,3.16,6.48,180557.22,37251.78,1527311.57,169.75,82.91,458.67
"WANorth","Broome",121.631500244141,-18.6964435577393,1,6.13,4.1,5239.51,1695.7,24237.3,491.45,203.52,1684.93
"QLDNorth","Hinchinbrook",146.313293457031,-18.6965656280518,1,3.2,3.39,27282.92,6972.86,175521.03,1352.05,511.57,5115.51
"QLDNorth","Palm Island",146.530151367188,-18.6977615356445,1,3.17,6.07,113378.45,24754.53,890057.56,988.89,388.8,3556.97
"WANorth","Broome",121.702735900879,-18.6924514770508,1,6.14,6.36,4416.19,1461.41,19823.16,1166.6,452.26,4259.99
"WANorth","Broome",121.748542785645,-18.6694412231445,1,6.14,3.92,4480.17,1483.9,20059.04,680.44,274.99,2385.71
"QLDNorth","Hinchinbrook",146.317077636719,-18.6443119049072,1,3.21,3.74,19300.99,5132.79,118001.68,505.3,212.01,1685.53
"QLDNorth","Palm Island",146.55891418457,-18.6555709838867,1,3.16,3.93,191932.3,39452.6,1628356.09,464.16,197.28,1519.96
"QLDNorth","Palm Island",146.595520019531,-18.6801776885986,1,3.16,6.05,203879.92,41439.22,1759099.46,2561.47,902.55,10605.44
"WANorth","Broome",121.738983154297,-18.5859107971191,1,6.13,3.89,5660.16,1811.35,26599.8,842.17,333.4,3023.98
"QLDNorth","Hinchinbrook",146.3427734375,-18.5997543334961,1,3.19,6.01,38499.74,9432.05,261920.16,1035.06,403.71,3767.52
"WANorth","Broome",121.748870849609,-18.5592384338379,1,6.13,4.03,6292.84,1997.96,29805.12,562.64,231.19,1938.12
"QLDNorth","Hinchinbrook",146.348968505859,-18.5500183105469,1,3.19,5.94,48761.09,11568.98,346653.89,2055.35,741.91,8255.63
"WANorth","Broome",121.770851135254,-18.5249538421631,1,6.13,6.53,5848.55,1873.13,27387.76,501.78,214.48,1616.29
"WANorth","Broome",121.808464050293,-18.4525394439697,1,6.12,4.21,6939.04,2171.42,33545.12,401.16,171.74,1309.84
"QLDNorth","Cassowary Coast",146.347763061523,-18.4298896789551,1,3.18,6.26,65542.5,14959.73,491057.06,516.89,219.59,1680.86
"WANorth","Broome",121.834434509277,-18.4405097961426,1,6.12,6.85,6858.59,2150.45,33061.49,153.16,75.7,407.64
"WANorth","Broome",121.935127258301,-18.4399223327637,1,6.13,4.07,5905.18,1896.22,27503.61,604.86,245.61,2120.21
"QLDNorth","Cassowary Coast",146.356842041016,-18.4150352478027,1,3.17,6.52,125682.61,26788.62,1024559.42,267.21,125.87,748.73
"WANorth","Broome",122.028900146484,-18.3615627288818,1,6.13,6.7,5499.32,1790.4,25086.12,261.37,123.64,727.74
"WANorth","Broome",122.058647155762,-18.32155418396,1,6.13,6.62,5645.47,1826.76,26000.68,383.95,173.05,1140.29
"WANorth","Broome",122.108795166016,-18.3069400787354,1,6.13,3.73,5660.17,1840.38,25834.99,1177.97,436.29,4688.22
"QLDNorth","Cassowary Coast",146.284317016602,-18.2905540466309,1,3.33,6.52,78545.44,17412.65,613862.4,1831.66,706.51,6563.52
"WANorth","Broome",122.169158935547,-18.2484817504883,1,6.13,3.82,4845.9,1604.54,21602.04,692.16,275.98,2487.53
"QLDNorth","Cassowary Coast",146.306060791016,-18.244478225708,1,3.32,6.57,148573.82,30833.3,1258739.78,2042.49,779.22,7418.11
"WANorth","Broome",122.210594177246,-18.1955833435059,1,6.13,6.4,5592.94,1816.23,25606.15,1997.35,764.94,7213.63
"WANorth","Broome",122.253555297852,-18.1877174377441,1,6.12,3.36,6785.42,2169.84,31572.19,7111.58,2137.94,36981.89
"QLDNorth","Cassowary Coast",146.217025756836,-18.1993274688721,1,3.32,3.56,200169.87,39910.84,1791262.09,6339.89,1926.58,32565.66
"QLDNorth","Cassowary Coast",146.232025146484,-18.1985282897949,1,3.32,6.63,152208.44,31456.96,1297417.6,2198.66,820.72,8268.99
"WANorth","Broome",122.322677612305,-18.1571865081787,1,6.12,3.22,6878.66,2162.97,32976.93,40351.97,9508.27,294360.65
"QLDNorth","Cassowary Coast",146.008666992188,-18.1486492156982,1,3.32,3.4,135814.78,28290.69,1149409.44,43651.14,10198.37,321818.37
"QLDNorth","Cassowary Coast",146.012237548828,-18.1618804931641,1,3.32,3.81,140796.18,29209.58,1197741.06,1460.86,526.57,6027.84
"QLDNorth","Cassowary Coast",146.143829345703,-18.1560192108154,1,3.32,3.8,190452.35,38114.18,1698131.06,1545.55,551.33,6478.89
"QLDNorth","Cassowary Coast",146.157608032227,-18.1430225372314,1,3.32,6.61,204869.14,40614.24,1850071.64,2134.69,805.17,7892.95
"WANorth","Broome",122.358604431152,-18.1208782196045,1,6.12,3.67,7465.95,2336.76,35914.2,990.97,375.14,3830.95
"QLDNorth","Cassowary Coast",146.016647338867,-18.0830326080322,1,3.33,6.56,94777.97,20313.51,779044.35,2200.06,829.31,8129.57
"WANorth","Broome",122.369987487793,-18.0450019836426,1,6.12,3.96,8230.37,2575.86,39360.19,313.74,138.62,982.1
"QLDNorth","Cassowary Coast",146.020706176758,-18.0799427032471,1,3.33,6.32,89690.62,19348.41,731047.31,6113.98,1976.53,28067.55
"WANorth","Broome",122.270835876465,-17.9692668914795,1,6.12,3.9,8386.11,2592.39,40969.84,375.8,162.02,1216.51
"QLDNorth","Cassowary Coast",146.065887451172,-18.0073947906494,1,3.02,3.73,72214.01,15954.86,571196.88,465.86,195.49,1563.13
"QLDNorth","Cassowary Coast",146.101272583008,-17.9797477722168,1,3.01,5.94,113793.09,23879.34,961082.41,3183.72,1142.06,12587.8
"WANorth","Broome",122.174751281738,-17.9715633392334,1,6.13,6.19,5744.92,1886.79,25723.86,3619.49,1275.86,14658.44
"WANorth","Broome",122.201286315918,-17.9162635803223,1,6.13,4.31,6029.7,1970.96,27152.88,24.17,15.68,43.78
"QLDNorth","Carpentaria",140.368133544922,-17.6779441833496,1,3.89,4.65,151.17,76.72,382.96,24.43,15.82,44.34
"QLDNorth","Carpentaria",140.385818481445,-17.6716804504395,1,3.89,4.38,153.97,77.93,391.46,613.22,250.24,2126.76
"QLDNorth","Cassowary Coast",146.154861450195,-17.9221496582031,1,3,5.86,231380.22,44680.75,2176354.72,3781.61,1324.02,15463.01
"WANorth","Broome",122.204780578613,-17.8366279602051,1,6.13,4.4,6251.14,2031.77,28380.01,23.04,15.04,41.38
"QLDNorth","Carpentaria",140.214996337891,-17.7029590606689,1,3.9,4.66,142.2,72.45,359.05,23.11,15.08,41.53
"QLDNorth","Carpentaria",140.218505859375,-17.7027893066406,1,3.9,4.65,142.88,72.77,360.91,23.76,15.45,42.9
"QLDNorth","Carpentaria",140.310592651367,-17.6870975494385,1,3.9,4.65,148.21,75.27,375.44,23.92,15.54,43.25
"QLDNorth","Carpentaria",140.340316772461,-17.6828422546387,1,3.9,4.27,149.56,75.96,378.56,47.53,28.11,97.77
"QLDNorth","Carpentaria",140.464904785156,-17.6438846588135,1,3.89,3.87,152.84,77.71,385.56,11773.81,3361.38,65175.11
"QLDNorth","Cassowary Coast",146.120620727539,-17.8555068969727,1,3,5.83,299558.27,56204.14,2922381.62,3574.03,1256.26,14559.43
"WANorth","Broome",122.197250366211,-17.7924537658691,1,6.13,4.49,6348.76,2051.47,29103.41,20.99,13.9,36.97
"QLDNorth","Carpentaria",140.121520996094,-17.7146682739258,1,3.91,4.61,127.68,65.94,316.69,25.53,16.46,46.6
"QLDNorth","Carpentaria",140.515335083008,-17.6259860992432,1,3.89,4.13,155.64,79.21,391.47,1631.42,582,6810.02
"QLDNorth","Cassowary Coast",146.116027832031,-17.7777137756348,1,3,5.97,194825.06,38586.76,1768217.8,896.37,370.63,2955.75
"WANorth","Broome",122.193878173828,-17.746509552002,1,6.12,4.57,6609.61,2124,30530.1,20.15,13.41,35.23
"QLDNorth","Carpentaria",140.021530151367,-17.7132759094238,1,3.92,4.7,121.56,62.99,300.63,20.35,13.53,35.65
"QLDNorth","Carpentaria",140.043045043945,-17.7161026000977,1,3.91,4.69,123.94,64.06,307.49,20.76,13.77,36.45
"QLDNorth","Carpentaria",140.105361938477,-17.7150611877441,1,3.91,4.09,125.22,64.89,309.05,1576.77,566.45,6510.77
"QLDNorth","Cassowary Coast",146.113525390625,-17.7575416564941,1,3,5.94,276979.52,52745.45,2642255.93,905.6,371.75,3024.05
"QLDNorth","Burke",139.674652099609,-17.6803550720215,1,4.27,4.98,15.25,11.35,22.24,18.04,12.74,28.51
"QLDNorth","Burke",139.720748901367,-17.6687698364258,1,3.84,5.23,295.25,142.95,781.71,19.52,13.05,33.93
"QLDNorth","Carpentaria",139.965087890625,-17.6877937316895,1,3.92,4.59,116.05,60.49,284.81,26.11,16.79,47.83
"QLDNorth","Carpentaria",140.540557861328,-17.6130619049072,1,3.89,4.76,160.12,81.29,403.78,113.66,58.34,287.65
"QLDNorth","Cassowary Coast",146.128433227539,-17.6823272705078,1,2.82,3.41,312660.03,58487.2,3058597.36,31.94,19.96,60.92
"QLDNorth","Burke",139.72966003418,-17.6520366668701,1,3.9,4.53,135.64,71.55,322.15,69.73,39.1,154.46
"QLDNorth","Carpentaria",139.905807495117,-17.6179084777832,1,3.91,4.66,127.32,65.82,315.24,157.33,77.61,419.48
"QLDNorth","Cassowary Coast",146.151962280273,-17.6473865509033,1,2.81,5.7,611789.86,104393.3,6791985.71,846.7,348.85,2820.26
"WANorth","Broome",122.145599365234,-17.5740623474121,1,6.11,4.75,10482.25,3163.53,52773.77,20.09,13.41,34.95
"QLDNorth","Burke",139.55126953125,-17.4675235748291,1,3.91,4.69,132.81,68.27,331.4,20.69,13.73,36.28
"QLDNorth","Carpentaria",139.797378540039,-17.5743885040283,1,3.9,4.14,139.97,71.46,352.48,59.79,34.25,128.53
"QLDNorth","Carpentaria",139.846939086914,-17.5938262939453,1,3.92,4.58,121.86,63.46,298.51,26.93,17.25,49.57
"QLDNorth","Carpentaria",140.616607666016,-17.5751857757568,1,3.89,6.8,163.7,83.2,411.29,217.99,103.71,608.18
"WANorth","Broome",122.140846252441,-17.5468120574951,1,6.11,4.77,11870.18,3519.01,61269.37,20.33,13.55,35.41
"QLDNorth","Burke",139.340286254883,-17.3700885772705,1,3.9,4.57,137.56,70.4,345.24,27.72,17.69,51.26
"QLDNorth","Carpentaria",140.6748046875,-17.5273208618164,1,3.88,4,170.19,86.37,427.8,3103.23,1047.27,13747.95
"QLDNorth","Cassowary Coast",146.119018554688,-17.5732955932617,1,2.81,5.65,552219.4,95675.49,5999915.33,858.87,347.86,2950.16
"WANorth","Broome",122.137870788574,-17.4900321960449,1,6.1,6.9,15088.33,4320.68,81748.73,451.49,185.91,1576.25
"WANorth","Derby-West Kimberley",123.531455993652,-17.4072303771973,1,6.07,6.42,55530.78,12835.27,410906.56,469.91,192.36,1654.31
"WANorth","Derby-West Kimberley",123.539482116699,-17.4078960418701,1,6.07,4.35,57904.26,13324.53,430827.1,19.5,13.06,33.74
"QLDNorth","Burke",139.318740844727,-17.3607711791992,1,3.91,4.05,125.94,65.14,311.75,82.27,45.47,185.15
"QLDNorth","Carpentaria",140.74006652832,-17.4942760467529,1,3.88,4.59,179.3,90.57,453.08,155.42,77.32,408.05
"QLDNorth","Cassowary Coast",146.081176757812,-17.4951591491699,1,2.81,5.61,531139.96,92308.36,5752498.26,925.19,371.93,3206.57
"WANorth","Broome",122.141387939453,-17.4324226379395,1,6.1,4.89,18062.9,5029.26,101877.21,19.58,13.11,33.9
"QLDNorth","Burke",139.308685302734,-17.3560638427734,1,3.91,4.53,127.1,65.69,314.86,29.54,18.7,55.25
"QLDNorth","Carpentaria",140.830657958984,-17.4451560974121,1,3.87,4.57,194.54,97.11,499.75,174.81,85.65,468.51
"QLDNorth","Cassowary Coast",146.071960449219,-17.4340782165527,1,2.81,5.58,539665.85,93692.94,5849991.21,960.13,380.43,3410.44
"WANorth","Broome",122.144454956055,-17.3932991027832,1,6.09,6.97,21539.45,5832.17,126460.66,446.11,184.58,1544.28
"WANorth","Derby-West Kimberley",123.528343200684,-17.3937339782715,1,6.07,6.37,57344.94,13156.54,429328.26,629.21,245.21,2383.52
"WANorth","Derby-West Kimberley",123.563148498535,-17.3763256072998,1,6.07,4.42,78281.88,17466.96,604612.67,19.6,13.12,33.97
"QLDNorth","Burke",139.288360595703,-17.3449077606201,1,3.91,4.5,128.25,66.14,318.85,32.83,20.44,62.86
"QLDNorth","Carpentaria",140.88053894043,-17.3816585540771,1,3.87,4.46,202.36,100.67,521.84,277.86,127.87,811.46
"QLDNorth","Cairns",146.078048706055,-17.395055770874,1,2.81,5.96,672942.39,113063.77,7640736.3,101.39,53.13,248.7
"WANorth","Broome",122.144874572754,-17.3518562316895,1,6.09,6.87,28094.06,7293.13,175253.78,659.13,254.51,2533.24
"WANorth","Derby-West Kimberley",123.475112915039,-17.3458309173584,1,6.07,6.44,81869.67,17699.93,668722.28,755.39,285.74,2989.99
"WANorth","Derby-West Kimberley",123.569053649902,-17.346565246582,1,6.07,4.51,71233.73,16007.58,546357.52,18.6,12.54,31.92
"QLDNorth","Burke",139.23600769043,-17.3140430450439,1,3.92,4.48,115.99,60.61,283.25,34.06,21.12,65.64
"QLDNorth","Carpentaria",140.888717651367,-17.3429565429688,1,3.87,4.06,212.08,105.08,549.32,4669.88,1425.6,24315.31
"QLDNorth","Cairns",146.073608398438,-17.3865737915039,1,2.8,5.74,878192.08,142017.46,10518522,207.83,99.07,579.63
"WANorth","Broome",122.160667419434,-17.3047370910645,1,6.08,6.75,36980.87,9236.52,243390.1,708.75,269.67,2788.01
"WANorth","Derby-West Kimberley",123.417602539062,-17.2973575592041,1,6.06,4.71,101446.85,21823.36,824377.97,18.44,12.44,31.61
"QLDNorth","Burke",139.219177246094,-17.2945404052734,1,3.92,4.47,114.08,59.67,278.36,34.86,21.54,67.46
"QLDNorth","Carpentaria",140.901763916016,-17.2915172576904,1,3.87,4.3,215.64,106.72,559.21,648.59,267.99,2187.71
"QLDNorth","Cairns",146.0078125,-17.3007183074951,1,2.81,5.5,742636.94,122480.34,8671191.84,656.05,265.46,2301.05
"WANorth","Broome",122.169792175293,-17.2573261260986,1,6.08,6.74,47754.34,11511.98,330076.15,681.55,261.39,2647.49
"WANorth","Derby-West Kimberley",123.392692565918,-17.2516899108887,1,6.08,6.47,43679.36,10976.37,281339.22,906.77,333.49,3737.89
"WANorth","Derby-West Kimberley",123.563186645508,-17.2601871490479,1,6.07,4.61,57589.5,14242.78,375561.89,25.33,16.24,46.79
"QLDNorth","Burke",139.198165893555,-17.2524547576904,1,3.92,4.27,116.65,60.85,285.75,50.09,29.51,103.42
"QLDNorth","Carpentaria",140.907333374023,-17.2408676147461,1,3.86,6.23,217.18,107.45,563.22,872.03,338.99,3234.04
"WANorth","Broome",122.218925476074,-17.1958827972412,1,6.08,6.7,54261.38,12989.18,376846.1,589.89,231.26,2220.46
"WANorth","Broome",123.373954772949,-17.2132339477539,1,6.09,6.48,27218.67,7332.21,159007.03,1288.49,449.91,5717.43
"WANorth","Derby-West Kimberley",123.616088867188,-17.2128028869629,1,6.08,4.51,35007.59,9306.11,206390.05,31.62,19.67,60.85
"QLDNorth","Burke",139.170349121094,-17.1922702789307,1,3.92,4.09,116.64,60.84,285.64,73.69,41.32,162.6
"QLDNorth","Carpentaria",140.935958862305,-17.1837463378906,1,3.86,4.42,226.07,111.09,592.18,492.71,213.25,1552.08
"QLDNorth","Cairns",146.008026123047,-17.1673545837402,1,2.84,5.47,784101.38,127971.74,9301928.82,895.54,342.58,3419.2
"WANorth","Broome",122.239624023438,-17.1622047424316,1,6.07,6.61,64025.06,15010.01,457223.59,606.23,238.09,2268.31
"WANorth","Broome",123.347625732422,-17.1607532501221,1,6.08,6.5,34483.55,8862.1,216321.29,1315.92,462.56,5751.47
"WANorth","Derby-West Kimberley",123.597160339355,-17.134859085083,1,6.08,6.42,35287.07,9217.59,214602.13,11000.34,2817.01,75499.72
"WANorth","Derby-West Kimberley",123.795593261719,-17.1432876586914,1,6.04,6.32,445020.71,87425.41,3899535.79,14320.58,3526.9,103888.96
"WANorth","Derby-West Kimberley",123.834739685059,-17.142276763916,1,6.02,4.4,2619663.98,390268.23,34051888.33,31.37,19.54,60.23
"QLDNorth","Burke",139.158264160156,-17.1464824676514,1,3.92,3.95,117.87,61.38,289.44,114.22,60.71,270.42
"QLDNorth","Carpentaria",140.943267822266,-17.1466102600098,1,3.86,4.15,232.51,113.97,610.7,1941.82,683.39,8213.34
"QLDNorth","Cairns",145.999618530273,-17.1491031646729,1,2.83,5.55,1352703.82,204457.97,17854535.51,1154.83,417.84,4818.41
"WANorth","Derby-West Kimberley",123.582817077637,-17.0903625488281,1,6.08,6.38,42151.67,10663.96,268779.26,8724.15,2331.84,56070.55
"WANorth","Derby-West Kimberley",123.755851745605,-17.0817451477051,1,6.07,6.34,93276.63,21819.42,653758.82,9462.19,2500.31,61791.06
"WANorth","Derby-West Kimberley",123.821250915527,-17.0902347564697,1,6.05,4.52,310123.7,62625.61,2640460.65,31.03,19.37,59.41
"QLDNorth","Burke",139.150787353516,-17.1010723114014,1,3.92,3.94,120.45,62.53,297,118.11,62.54,280.98
"QLDNorth","Carpentaria",140.948135375977,-17.0974521636963,1,3.86,3.97,238.96,116.88,629.05,8906.48,2552.67,49897.59
"QLDNorth","Cairns",146.005630493164,-17.1468601226807,1,2.83,5.45,1394586.33,209840.77,18524882.04,757.65,291.92,2890.52
"WANorth","Broome",122.289863586426,-17.0664482116699,1,6.07,6.51,60620.63,14413.53,423318.82,654.83,255.26,2470.83
"WANorth","Broome",123.285797119141,-17.0445117950439,1,6.07,6.51,62584.4,14586.62,452432.85,4246.92,1287.44,22583.14
"WANorth","Derby-West Kimberley",123.660873413086,-17.0353832244873,1,6.09,6.32,32206.32,8609.67,188877.68,5870.81,1695.32,33459.64
"WANorth","Derby-West Kimberley",123.685234069824,-17.0413150787354,1,6.07,6.38,66537.99,15928.48,456307.05,13457.24,3460.22,90105.25
"WANorth","Derby-West Kimberley",123.807083129883,-17.038854598999,1,6.06,4.61,114266.88,26164.54,822490.66,27.97,17.73,52.39
"QLDNorth","Doomadgee",139.092681884766,-16.9999408721924,1,3.88,4.51,177.04,87.64,464.9,36.33,22.22,71.51
"QLDNorth","Burke",139.120666503906,-17.0100116729736,1,3.88,4.04,180.77,89.19,476.95,110.95,59.21,261.25
"QLDNorth","Carpentaria",140.943222045898,-17.0436038970947,1,3.86,6.16,237.2,115.92,625.73,915.12,340.72,3678.21
"QLDNorth","Yarrabah",145.912002563477,-17.0747356414795,1,2.84,5.38,1098003.2,171237.75,13862910.4,851.66,319.8,3386.14
"WANorth","Broome",122.361793518066,-16.9978256225586,1,6.08,6.46,41829.97,10469.7,272119.23,873.25,326.6,3492.25
"WANorth","Broome",122.368659973145,-16.9945831298828,1,6.08,6.72,39822.34,10022.62,257229.25,9086.04,2496.1,55145.6
"WANorth","Broome",123.275177001953,-17.0187091827393,1,6.07,4.98,79056,17824.28,598547.98,28.57,18.06,53.7
"WANorth","Derby-West Kimberley",123.796585083008,-16.9986591339111,1,6.07,4.05,60154.01,15008.77,385156.07,111.32,59.46,261.64
"QLDNorth","Doomadgee",139.04817199707,-16.9529838562012,1,3.87,3.94,194.86,95.26,520.37,12115.72,3499.72,65504.05
"QLDNorth","Carpentaria",140.95344543457,-16.9973220825195,1,3.86,6.21,239.99,117.15,633.92,483.68,197.16,1713.09
"QLDNorth","Yarrabah",145.916687011719,-16.9676456451416,1,2.84,5.27,1073218.06,167403.89,13565854.28,2179.07,719.98,10325.12
"WANorth","Broome",122.425003051758,-16.9580631256104,1,6.08,6.34,39053.87,9853.56,251430.21,883.33,331.96,3495.86
"WANorth","Broome",122.47590637207,-16.9466228485107,1,6.08,6.67,50842.46,12238.8,350944.59,24085.92,5716.79,180078.7
"WANorth","Broome",123.236099243164,-16.9667892456055,1,6.06,4.49,106241.28,22777.71,866130.88,69.45,38.83,154.73
"WANorth","Derby-West Kimberley",123.84156036377,-16.9431324005127,1,6.07,4.14,63317.45,16092.67,391193.21,77.41,43.29,171.07
"QLDNorth","Doomadgee",138.942565917969,-16.880672454834,1,3.81,4.53,488.17,211.03,1542.26,1041.96,409.37,3739.55
"QLDNorth","Carpentaria",140.999237060547,-16.9440288543701,1,3.86,5.98,235.42,115.15,620.38,3316.64,1085.79,15489.73
"QLDNorth","Cairns",146.001770019531,-16.9421482086182,1,2.83,5.06,1465205.52,218917.78,19655545.27,1369.07,483.96,5898.08
"WANorth","Broome",122.545806884766,-16.8801078796387,1,6.08,6.59,49877.33,12078.36,340938.41,11022.83,3039.36,65461.42
"WANorth","Broome",123.184837341309,-16.9275875091553,1,6.06,6.82,140407.44,28526.62,1242044.73,24409.67,5823.46,180487.77
"WANorth","Derby-West Kimberley",123.777725219727,-16.902904510498,1,6.07,4.34,74727.92,17806.15,513238.53,37.28,22.74,73.61
"WANorth","Derby-West Kimberley",123.835624694824,-16.8986587524414,1,6.06,4.23,106941.19,25130.6,737679.2,38.18,23.21,75.76
"QLDNorth","Burke",138.850082397461,-16.8656177520752,1,3.81,4.48,495.89,213.42,1578.02,77.89,43.61,171.71
"QLDNorth","Doomadgee",138.892303466797,-16.8733081817627,1,3.81,4.49,519.16,221.88,1668.69,2316.78,811.06,9774.89
"QLDNorth","Carpentaria",141.049575805664,-16.8861103057861,1,3.86,6.08,234.15,114.7,615.47,2023.37,679.07,9352.89
"QLDNorth","Cairns",145.999176025391,-16.9174575805664,1,2.83,4.98,3041474.01,405118.09,48144601.11,1802.39,612.37,8209.55
"WANorth","Broome",122.530799865723,-16.841724395752,1,6.08,6.52,53428.46,12857.49,367840.43,10163.46,2870.58,57995.58
"WANorth","Broome",123.180473327637,-16.8580284118652,1,6.06,4.55,175326.37,34472.43,1624444.18,80.4,44.18,183.22
"WANorth","Derby-West Kimberley",123.741958618164,-16.8319988250732,1,6.07,4.21,56775.57,14347.97,356487.32,104.13,56.35,239.94
"QLDNorth","Burke",138.785995483398,-16.8390083312988,1,3.81,4.54,485.84,209.96,1536.34,3811.87,1258.68,17346.89
"QLDNorth","Carpentaria",141.066116333008,-16.8559246063232,1,3.86,4.26,236.56,115.81,622.15,3015.93,1029.55,13102.67
"QLDNorth","Yarrabah",145.912048339844,-16.8647308349609,1,2.83,5.56,3176252,421958.33,50377432.88,239.58,109.29,719.75
"QLDNorth","Yarrabah",145.929809570312,-16.8617134094238,1,2.83,4.87,2845655.79,384838.55,43978932.62,1726.41,589.76,7806.8
"WANorth","Broome",122.552360534668,-16.8030338287354,1,6.07,6.42,63591.3,14884.85,455639.05,17274.13,4597.28,106261.66
"WANorth","Broome",123.154022216797,-16.7992839813232,1,6.05,6.78,220514.58,42542.59,2084409.98,17005.34,4564.18,103069.09
"WANorth","Derby-West Kimberley",123.67862701416,-16.7564373016357,1,6.08,4.46,47025.14,12215.7,284112.18,41.26,24.83,82.93
"WANorth","Derby-West Kimberley",123.710670471191,-16.7799625396729,1,6.07,4.57,94463.49,21906.25,671994.49,29.72,18.73,56.03
"QLDNorth","Burke",138.382385253906,-16.7451858520508,1,3.81,4.68,506.38,216.98,1622.51,31.25,19.58,59.41
"QLDNorth","Burke",138.429443359375,-16.7687435150146,1,3.81,4.45,489.07,210.44,1558.42,49.7,29.22,103.08
"QLDNorth","Burke",138.473739624023,-16.7738361358643,1,3.81,4.11,523.95,223.35,1691.28,137.64,70.48,345.06
"QLDNorth","Burke",138.525970458984,-16.7795276641846,1,3.81,4.54,529.9,225.64,1712.54,42,25.27,84.34
"QLDNorth","Burke",138.579299926758,-16.7746887207031,1,3.8,4.35,546.4,232.13,1769.89,64.76,36.72,141.2
"QLDNorth","Burke",138.636611938477,-16.7679862976074,1,3.8,4.13,559.75,237.4,1815.89,136.5,69.89,342.51
"QLDNorth","Burke",138.680358886719,-16.7960319519043,1,3.81,4.62,462.02,201.15,1445.78,56.15,32.84,116.66
"QLDNorth","Burke",138.737106323242,-16.8132152557373,1,3.81,4.45,501.56,215.6,1598.55,4637.88,1470.35,22478.24
"QLDNorth","Carpentaria",141.103515625,-16.7927532196045,1,3.86,4.15,220.62,108.78,575.21,4646.06,1472.03,22541.52
"QLDNorth","Cairns",145.726104736328,-16.8030052185059,1,2.83,5.51,2889403.35,390170.51,44734016.44,249.89,113.09,760.08
"QLDNorth","Cairns",145.737869262695,-16.8133316040039,1,2.83,5.23,2842034.08,384651.92,43861953.79,2546.03,830.22,12225.48
"WANorth","Broome",122.583396911621,-16.7595157623291,1,6.07,6.44,86388.36,19054.98,677245.83,2699.6,874.33,13075.54
"WANorth","Broome",122.612152099609,-16.7646045684814,1,6.07,6.43,78713.08,17564.58,607632.67,2866.59,920,14066.66
"WANorth","Broome",122.693992614746,-16.7739105224609,1,6.07,5.84,66302.9,15141.67,495867.22,2902.4,927.33,14353.56
"WANorth","Broome",122.743278503418,-16.7536392211914,1,6.07,6.15,57853.18,13462.44,421609.49,107283.74,22967.39,876459.38
"WANorth","Broome",123.140037536621,-16.7331829071045,1,6.05,2.54,186175.75,37689.29,1627506.61,227356812.52,17057333.04,7867391391.92
"WANorth","Derby-West Kimberley",123.621742248535,-16.6970691680908,1,6.07,4.67,86439.19,20391.99,599323.78,65.14,36.61,144.36
"QLDNorth","Burke",138.258728027344,-16.7450256347656,1,3.51,6.87,2690445952802843,22515515760569.4,1873396446098019840,26.04,16.71,47.92
"QLDNorth","Mornington",139.228988647461,-16.7413368225098,1,3.78,4.28,891.8,345.09,3331.03,79.07,44.4,173.25
"QLDNorth","Mornington",139.309539794922,-16.753978729248,1,3.87,3.98,193.03,94.23,517.35,22193.88,5564.59,150177.76
"QLDNorth","Carpentaria",141.156280517578,-16.7444496154785,1,3.86,6.12,234.84,114.78,619.7,2612.37,848.2,12624.19
"QLDNorth","Cairns",145.689025878906,-16.7297172546387,1,2.83,4.67,2746237.74,373402.73,42117337.95,1157.25,421.78,4758.91
"WANorth","Broome",122.739082336426,-16.6962604522705,1,6.07,6.07,73572.7,16558.06,561521.12,120321.98,24997.93,1031529.37
"WANorth","Broome",123.093902587891,-16.7009868621826,1,6.07,4.71,74791.34,17610.04,524852.98,128.03,65.95,319.08
"WANorth","Derby-West Kimberley",123.527755737305,-16.6688785552979,1,6.06,4.61,141871.3,31155.24,1087160.91,59.18,33.91,127.31
"QLDNorth","Burke",138.204544067383,-16.6965427398682,1,3.81,4.86,492.89,211.51,1577.81,29.03,18.5,53.69
"QLDNorth","Mornington",139.103439331055,-16.673942565918,1,3.77,4.43,1114.52,428.51,4146.53,96.36,52.1,223.56
"QLDNorth","Mornington",139.380981445312,-16.7104110717773,1,3.86,4.06,222.6,106.94,608.79,87.58,47.98,199.5
"QLDNorth","Mornington",139.431930541992,-16.6998081207275,1,3.85,4.21,262.02,122.75,742.93,66.62,38.28,141.37
"QLDNorth","Mornington",139.483444213867,-16.6868915557861,1,3.86,4,229.41,109.82,630.3,24061.44,5960.8,165614.66
"QLDNorth","Carpentaria",141.201629638672,-16.6889476776123,1,3.85,6.33,247.01,119.95,657.6,332.21,146.07,1045.07
"QLDNorth","Cairns",145.686981201172,-16.7215843200684,1,2.83,4.61,2987972.12,401685.52,46541894.59,1733.09,594.8,7763.29
"WANorth","Broome",122.758804321289,-16.6481990814209,1,6.07,5.94,86644.18,19013.97,685599.73,202215.57,37682.6,2052703.5
"WANorth","Broome",123.038879394531,-16.6411304473877,1,6.07,4.69,71241.28,16685.46,506286.29,151.33,76.04,390.55
"WANorth","Derby-West Kimberley",123.477340698242,-16.6396064758301,1,6.06,4.49,156942.42,33842.24,1235515.67,96.22,51.43,228.11
"QLDNorth","Burke",138.109039306641,-16.6342353820801,1,3.81,4.52,500.97,214.16,1613.46,52.57,30.65,110.35
"QLDNorth","Burke",138.141159057617,-16.6566505432129,1,3.81,4.78,490.7,210.61,1570.8,32.92,20.68,62.03
NA,"Mornington",139.094833374023,-16.6291751861572,1,3.77,4.68,1085.35,419.98,3996.81,54.49,32.14,111.69
"QLDNorth","Mornington",139.505645751953,-16.6401557922363,1,3.86,4.22,228.35,109.74,622.97,4156.25,1324.33,20107.69
"QLDNorth","Carpentaria",141.220474243164,-16.645679473877,1,3.85,6.3,267.64,128.62,722.56,369.94,160.31,1187.22
"QLDNorth","Douglas",145.626510620117,-16.6954975128174,1,2.82,4.57,3004813.15,404202.79,46731537.62,2006.53,673.3,9284.7
"WANorth","Broome",122.767601013184,-16.5899047851562,1,6.06,5.79,116283.33,24509.36,972696.53,66045.09,13464.22,613692.3
"WANorth","Broome",123.041023254395,-16.6141128540039,1,6.07,4.59,74596.18,17402.95,532419.33,231.42,109.63,648.03
"WANorth","Derby-West Kimberley",123.402015686035,-16.5954914093018,1,6.05,4.51,280326.25,57096.95,2363958.11,224.81,107.07,624.48
"QLDNorth","Burke",138.054504394531,-16.585880279541,1,3.81,4.78,489.39,209.72,1571.54,33.93,21.23,64.25
"QLDNorth","Mornington",139.134765625,-16.5949783325195,1,3.77,4.7,1123.58,432.59,4167.02,51.16,30.4,103.85
"QLDNorth","Mornington",139.533416748047,-16.5946025848389,1,3.86,4.14,236.56,113.15,649.54,8901.35,2524.16,50895
"QLDNorth","Carpentaria",141.229339599609,-16.5890846252441,1,3.85,6.24,281.54,134.58,765.06,570.86,231.25,2019.42
"QLDNorth","Douglas",145.550155639648,-16.6172313690186,1,2.82,4.48,2581594.39,355305.61,38864980.9,5845.25,1696.88,32982.1
"WANorth","Broome",122.802848815918,-16.5510406494141,1,6.06,5.61,121162.15,25444.53,1017647.79,173766.58,31192.73,1917633.02
"WANorth","Broome",123.010116577148,-16.5286808013916,1,6.07,4.64,65820.44,15570.56,461558.13,220.64,105.13,613.29
"WANorth","Derby-West Kimberley",123.426895141602,-16.5296878814697,1,6.05,5.05,272398.02,56198.63,2248580.7,65.21,36.94,142.37
"QLDNorth","Burke",138.031524658203,-16.5585155487061,1,3.81,4.62,494.53,211.52,1592.59,49.57,29.47,100.72
"QLDNorth","Mornington",139.182846069336,-16.5619888305664,1,3.76,4.43,1374.76,510.28,5386.96,109.87,58.53,259.74
"QLDNorth","Mornington",139.554794311523,-16.5441150665283,1,3.86,4.59,231.5,111.34,630.03,33.55,20.96,63.81
"QLDNorth","Mornington",139.640274047852,-16.5737686157227,1,3.86,4.1,244.12,116.4,672.84,12609.7,3439.34,75710.13
"QLDNorth","Carpentaria",141.271575927734,-16.54079246521,1,3.85,6.26,272.26,130.79,734.81,573.85,232.2,2033.55
"QLDNorth","Douglas",145.504592895508,-16.550365447998,1,2.82,4.39,2383887.87,332327.39,35227738.61,19302.21,4762.24,136164.02
"WANorth","Broome",122.856956481934,-16.5005264282227,1,6.06,5.88,114647.3,24341.41,946984.48,4309.04,1289.27,23484.4
"WANorth","Broome",123.044677734375,-16.4756278991699,1,6.07,4.98,76703.83,17862.08,548346.72,80.97,43.99,188.38
"WANorth","Derby-West Kimberley",123.427047729492,-16.498477935791,1,6.05,4.73,257474.22,53010.6,2140134.92,83.69,45.34,195.35
"NT","Roper Gulf",137.948471069336,-16.4930438995361,1,3.81,4.19,470.45,202.16,1506.97,127.02,65.82,313.2
"NT","Roper Gulf",137.986282348633,-16.5220470428467,1,3.81,5.18,501.72,214.03,1622.18,16.01,11.08,26.4
"QLDNorth","Mornington",139.221939086914,-16.4744396209717,1,3.79,4.95,752.09,309.07,2536.68,34.86,21.66,66.75
"QLDNorth","Mornington",139.733795166016,-16.4616641998291,1,3.84,4.05,286.25,136.69,778.61,208898.41,39636.73,2044624.75
"QLDNorth","Carpentaria",141.301391601562,-16.4854583740234,1,3.84,6.34,298.53,141.58,820.11,309.26,136.6,969.73
"QLDNorth","Douglas",145.473693847656,-16.4987049102783,1,2.82,5.1,2142039.99,303179.91,30991037.88,40880.75,9170.62,327328.43
"WANorth","Broome",122.892707824707,-16.4416065216064,1,6.07,6.31,71170.68,16069.15,541129.57,9631.86,2669.99,57189.71
"WANorth","Broome",123.053565979004,-16.4397144317627,1,6.06,4.6,164251.85,34144.3,1378448.74,38.2,22.99,77.28
"WANorth","Derby-West Kimberley",123.479637145996,-16.4148178100586,1,6.08,4.31,47426.89,11685.88,315039.84,97.83,52.69,228.36
"NT","Roper Gulf",137.893630981445,-16.4424781799316,1,2.61,3.12,472.74,202.61,1521.43,81.1,44.85,182.47
"QLDNorth","Mornington",139.308975219727,-16.4366893768311,1,3.82,4.28,428.41,191.98,1276.67,89.92,49.08,205.84
"QLDNorth","Mornington",139.36604309082,-16.4459438323975,1,3.82,5.11,394.92,179.28,1155.13,17.71,12.1,29.75
"QLDNorth","Mornington",139.394424438477,-16.4029521942139,1,3.81,4.9,456.37,203.38,1368.44,35.76,22.16,68.77
"QLDNorth","Mornington",139.715118408203,-16.4232425689697,1,3.83,4.53,332.65,155.03,937.21,1790.65,645.3,7282.8
"QLDNorth","Carpentaria",141.302947998047,-16.4548301696777,1,3.84,6.57,317.44,149.33,881.75,56.58,32.01,125.19
"QLDNorth","Douglas",145.413314819336,-16.4441947937012,1,2.82,5.18,2157862.21,304823.3,31318580.25,9153.14,2758.32,46599.1
"WANorth","Broome",123.036972045898,-16.390869140625,1,6.06,4.89,151095.27,31994.32,1232305.78,241308984.22,17744728.62,8634987497.87
"WANorth","Derby-West Kimberley",123.528800964355,-16.3856620788574,1,6.08,4.83,35144.78,8933.56,224672.15,393200636.48,26656539.19,15852354419.04
"WANorth","Derby-West Kimberley",124.572593688965,-16.4047241210938,1,5.98,6.03,565014049.9,35985180.77,24989029095.84,23.32,15.05,42.76
"WANorth","Derby-West Kimberley",124.624954223633,-16.3990993499756,1,5.98,5.7,517726166.97,33816571.98,21965010857.6,40.96,24.83,81.31
"NT","Roper Gulf",137.843139648438,-16.3875751495361,1,2.62,3.2,434.21,188.1,1377.65,62.49,35.91,133.21
"QLDNorth","Mornington",139.448699951172,-16.3945960998535,1,3.81,4.77,478.93,212.23,1446.57,29.26,18.6,54.34
"QLDNorth","Mornington",139.506072998047,-16.3825073242188,1,3.82,4.82,399.78,181.9,1163.54,26.81,17.35,48.42
"QLDNorth","Mornington",139.564331054688,-16.3767108917236,1,3.83,4.76,363.82,167.87,1038.21,42.44,25.75,83.87
"QLDNorth","Mornington",139.626251220703,-16.3750514984131,1,3.84,4.51,311.25,145.96,870.64,2137.19,744.55,9152.64
"QLDNorth","Carpentaria",141.296936035156,-16.3879909515381,1,3.84,6.79,308.23,145.61,851.09,35.83,21.78,71.43
"QLDNorth","Douglas",145.420806884766,-16.3844795227051,1,2.82,5.91,1998929.06,285620.66,28545031.74,39.43,23.67,79.91
"WANorth","Broome",122.928512573242,-16.3830013275146,1,6.09,6.44,30715.07,7849.45,196102.91,6953.54,2082.84,36466.07
"WANorth","Broome",123.008804321289,-16.3651638031006,1,6.09,8.4,30866.43,8050.23,189785.06,3902.97,1281.62,17918.55
"WANorth","Derby-West Kimberley",123.510055541992,-16.3647518157959,1,6.09,8.41,28737.58,7507.88,176926.55,3509.01,1168.05,15818.23
"WANorth","Derby-West Kimberley",124.230072021484,-16.3460998535156,1,6.14,2.71,3585.03,1232.39,15204.3,266439518.83,19240990.48,9797471379.33
"WANorth","Derby-West Kimberley",124.337013244629,-16.3533782958984,1,6.15,2.71,2671.43,968.38,10472.46,317407757.99,22203374.19,12243488056.42
"WANorth","Derby-West Kimberley",124.57982635498,-16.3401622772217,1,5.98,5.44,538319767.73,34584324.59,23500113477.47,69,38.11,157.44
"WANorth","Derby-West Kimberley",124.623229980469,-16.3407764434814,1,5.98,5.85,589550544.03,37842808.68,25614881828.53,44.59,26.85,89.08
"NT","Roper Gulf",137.798065185547,-16.3308277130127,1,2.61,2.96,465.95,199.75,1500.48,312535.49,56219.05,3289290.32
"QLDNorth","Carpentaria",141.316589355469,-16.3420944213867,1,3.84,6.13,321.06,150.81,893.64,7534.48,2382.3,35558.84
"QLDNorth","Douglas",145.437911987305,-16.3215923309326,1,2.83,7.21,1740227.5,254419.2,24032643.59,3634.53,1192.85,16784.6
"WANorth","Derby-West Kimberley",123.479431152344,-16.2839679718018,1,6.08,8.46,48121.67,11750.45,324689.74,2754.97,955,11701.94
"WANorth","Derby-West Kimberley",124.182273864746,-16.3045463562012,1,6.14,2.29,4476.41,1467.67,20422.86,61.49,34.56,136.82
"WANorth","Derby-West Kimberley",124.370468139648,-16.30246925354,1,6.15,2.16,2769.65,989.62,11121.27,111.13,59.79,257.79
"NT","Roper Gulf",137.776031494141,-16.2903213500977,1,2.6,2.93,531.27,223.98,1749.48,615482.99,101835.23,7234360.73
"QLDNorth","Carpentaria",141.331832885742,-16.2933940887451,1,3.84,6.39,325.81,152.77,908.99,4021.4,1308.66,18738.72
"QLDNorth","Douglas",145.472015380859,-16.2848663330078,1,2.82,6.96,1868315.28,270680.51,26117190.38,2385.41,799.3,10918.67
"WANorth","Derby-West Kimberley",123.464195251465,-16.2380619049072,1,6.06,7.91,130435.41,27551.4,1078616.15,1672.53,593.9,7031.17
"WANorth","Derby-West Kimberley",123.998580932617,-16.2509937286377,1,6.13,6.46,6253,1960.6,30321.27,2826.76,952.33,12645.94
"WANorth","Derby-West Kimberley",124.046356201172,-16.2391033172607,1,6.13,6.48,5514.43,1760.03,26086.54,5159.37,1569.89,26831.77
"WANorth","Derby-West Kimberley",124.106101989746,-16.2285804748535,1,6.13,6.56,5485.06,1749.38,25991.7,2209.67,784.37,9112.89
"WANorth","Derby-West Kimberley",124.146224975586,-16.244119644165,1,6.13,2.76,5204.05,1667.1,24543.54,29.66,18.64,56.24
"WANorth","Derby-West Kimberley",124.378295898438,-16.2306747436523,1,6.14,3.03,3984.12,1321.11,17936.23,23.62,15.43,42.32
"NT","Roper Gulf",137.735229492188,-16.2372245788574,1,2.59,2.97,718.05,291.46,2486.94,373354.59,66479.14,3956714.41
"QLDNorth","Carpentaria",141.344482421875,-16.2220611572266,1,3.84,7.03,324.33,152.18,903.91,1400.39,521.63,5443.58
"QLDNorth","Douglas",145.474395751953,-16.2385120391846,1,2.82,6.89,2398194.89,334689.55,35352273.14,735.66,287.79,2730.57
"WANorth","Derby-West Kimberley",123.46981048584,-16.2051620483398,1,6.09,7.23,25085.36,6584.87,154426.93,1055.3,391.22,4228.44
"WANorth","Derby-West Kimberley",123.890998840332,-16.1812705993652,1,6.13,6.93,5874.07,1892.48,27202.53,1919.82,685.88,7898.36
"WANorth","Derby-West Kimberley",123.949371337891,-16.1897735595703,1,6.13,2.52,6293.06,1990.59,30011.37,111.13,58.26,270.58
"WANorth","Derby-West Kimberley",124.384140014648,-16.1881065368652,1,6.14,1.72,4352.32,1417.45,20143.16,91.34,49.38,212.71
"NT","Roper Gulf",137.479522705078,-16.1630687713623,1,2.58,3.15,830.09,327.45,3004,90.39,48.94,210.05
"NT","Roper Gulf",137.523498535156,-16.201192855835,1,2.62,3.42,402.65,181.02,1197.56,88.47,48.06,204.68
"NT","Roper Gulf",137.585739135742,-16.1782817840576,1,2.57,3.01,1042.83,400.18,3912.49,139.88,71.21,354.2
"NT","Roper Gulf",137.62516784668,-16.1928215026855,1,2.57,4.11,1045.87,400.91,3931.18,24,15.63,43.2
"NT","Roper Gulf",137.675552368164,-16.215633392334,1,2.57,3.02,1092.46,416.03,4144.88,284487.62,52157.49,2907586.87
"QLDNorth","Carpentaria",141.367401123047,-16.18971824646,1,3.84,7.13,326.2,152.92,910.27,1370.31,494.07,5678.79
"QLDNorth","Douglas",145.470916748047,-16.209602355957,1,2.82,6.28,2307552.17,323846.59,33749745.46,1675.32,601.29,6899.4
"WANorth","Derby-West Kimberley",123.523788452148,-16.1400356292725,1,6.11,6.44,13797.27,3938.86,75598.57,3600.8,1140.91,17796.6
"WANorth","Derby-West Kimberley",123.58341217041,-16.1436748504639,1,6.11,6.92,11172.68,3315.64,57776.26,597.13,236.26,2204.58
"WANorth","Derby-West Kimberley",123.629730224609,-16.1565017700195,1,6.12,7.46,8789.97,2720.92,42714.02,1875.95,670.11,7732.71
"WANorth","Derby-West Kimberley",123.801727294922,-16.1375675201416,1,6.13,2.73,6127.69,1978.32,28195.06,111.33,58.2,272.51
"WANorth","Derby-West Kimberley",124.400367736816,-16.1646690368652,1,6.14,1.96,4381.88,1422.6,20390.04,115.7,60.26,284.45
"NT","Roper Gulf",137.377471923828,-16.1210117340088,1,2.58,3.86,814.99,320.79,2965.9,33.91,21.05,65.21
"NT","Roper Gulf",137.422714233398,-16.1368770599365,1,2.58,3,871.27,340.28,3202.59,462451.49,80697.64,5016601.87
"QLDNorth","Carpentaria",141.388519287109,-16.1479759216309,1,3.83,7.53,342.6,159.48,965.6,236.46,108.52,702.84
"QLDNorth","Douglas",145.466705322266,-16.1219749450684,1,2.82,6.81,2288311.61,321293.59,33458496.63,211.78,98.84,614.46
"WANorth","Derby-West Kimberley",123.690673828125,-16.1033382415771,1,6.12,7.35,8552.56,2641.06,41812.85,2435.86,851.38,10272.91
"WANorth","Derby-West Kimberley",123.783554077148,-16.1084957122803,1,6.12,7.25,7458.2,2325.99,36114.96,3265.35,1119.33,14003.59
"WANorth","Derby-West Kimberley",124.438056945801,-16.0885257720947,1,6.15,6.38,3303.86,1120.56,14439.63,3182.26,1096.24,13546
"WANorth","Derby-West Kimberley",124.480964660645,-16.0828495025635,1,6.15,6.3,3027.01,1043.97,12899.25,2704.53,956.99,11071.72
"WANorth","Derby-West Kimberley",124.484535217285,-16.0912246704102,1,6.15,2.01,2936.72,1020.06,12375.17,60.25,34.34,130.75
"WANorth","Derby-West Kimberley",124.582328796387,-16.0861358642578,1,6.16,2.48,2572.69,925.25,10254.83,35.08,21.65,67.99
"NT","Roper Gulf",137.314041137695,-16.0900917053223,1,2.59,2.98,756.21,301.79,2694.97,527551.02,90848.73,5814251.09
"QLDNorth","Carpentaria",141.423645019531,-16.0846576690674,1,3.83,8.4,362.96,167.63,1034.05,2339.65,837.72,9458.98
"QLDNorth","Douglas",145.476913452148,-16.0783138275146,1,2.82,7.55,2505309.74,346864.76,37374804.22,2047.67,746.84,8070.02
"WANorth","Wyndham-East Kimberley",124.507705688477,-16.0009384155273,1,6.16,2.02,2205.69,799.83,8744.23,59.81,34.16,129.33
"WANorth","Derby-West Kimberley",124.578079223633,-16.0340747833252,1,6.16,1.88,2293.25,825.36,9195.13,133.69,69.86,323.35
"NT","Roper Gulf",137.263488769531,-16.0328502655029,1,2.59,3.03,735.38,296.53,2574.63,332184.07,60853.1,3364829.11
"QLDNorth","Carpentaria",141.412094116211,-16.0328712463379,1,3.83,8.3,381.33,174.99,1095.87,1916.71,711.36,7346.14
"QLDNorth","Douglas",145.469268798828,-16.0456676483154,1,2.82,3.37,2535693.76,350368.03,37939314.23,34.82,21.33,68.54
"WANorth","Wyndham-East Kimberley",124.469848632812,-15.9841394424438,1,6.14,2.28,4286.05,1422.83,19163.95,31.86,19.84,61.16
"NT","Roper Gulf",136.717742919922,-15.9318742752075,1,2.62,3.36,401.14,175.26,1259.49,37.59,22.95,74.02
"NT","Roper Gulf",136.775665283203,-15.9081058502197,1,2.61,3.34,446.49,192.2,1430.93,41.82,25.2,83.77
"NT","Roper Gulf",136.873657226562,-15.9208135604858,1,2.6,3.32,615,253.62,2089.98,41.09,24.82,82.06
"NT","Roper Gulf",136.912231445312,-15.931248664856,1,2.59,3.24,671.43,274.13,2310.92,43.3,25.9,87.78
"NT","Roper Gulf",136.940460205078,-15.9319181442261,1,2.61,3.29,486.06,207.69,1570.22,43.97,26.3,89.05
"NT","Roper Gulf",137.019271850586,-16.0027828216553,1,2.63,3.36,348.96,155.76,1062.56,45.06,26.97,91.02
"NT","Roper Gulf",137.04931640625,-16.0199108123779,1,2.62,3.15,430.79,186.74,1365.92,146.88,73.87,379.24
"NT","Roper Gulf",137.094848632812,-16.0026454925537,1,2.6,3.15,578.38,242.85,1907.85,150.43,75.4,390.36
"NT","Roper Gulf",137.174819946289,-15.9785556793213,1,2.58,3.16,760.99,305.98,2672.3,166.31,84.67,416.23
"NT","Roper Gulf",137.203567504883,-15.9930019378662,1,2.58,2.96,818.04,325.19,2920.4,604270.72,104736.56,6522497.42
"QLDNorth","Carpentaria",141.398162841797,-15.9851207733154,1,3.82,8.18,434.9,195.83,1283.36,2710.14,941.91,11468.29
"QLDNorth","Douglas",145.451736450195,-16.007360458374,1,2.82,3.01,2840491.53,385696.36,43573596.23,59.48,33,136.11
"WANorth","Wyndham-East Kimberley",124.447868347168,-15.9390983581543,1,6.15,2.88,3406.14,1150.22,14977.75,36.26,22.35,70.33
"NT","Roper Gulf",136.692031860352,-15.9165410995483,1,2.6,3.25,582.5,226.67,2227.96,713535.98,121489.32,7875172.96
"QLDNorth","Carpentaria",141.376220703125,-15.9288063049316,1,3.81,8.07,457.22,205.04,1355.04,2809.4,994.08,11473.91
"QLDNorth","Douglas",145.425979614258,-15.9622201919556,1,2.82,3.36,2560869.05,353213.56,38418846.07,100.71,54.2,234.95
"WANorth","Wyndham-East Kimberley",124.418724060059,-15.8794136047363,1,6.14,2.47,3731.49,1245.97,16654.97,32462.52,8097.8,215983.62
"QLDNorth","Carpentaria",141.395263671875,-15.8902997970581,1,3.82,7.91,409.01,186.05,1189.2,4845.36,1535.57,23428.64
"QLDNorth","Cook",145.369812011719,-15.8689947128296,1,2.76,3.31,2475350.54,343394.53,36821628.16,32.79,20.24,63.88
"WANorth","Wyndham-East Kimberley",124.400871276855,-15.8417091369629,1,6.14,2.61,4063.18,1333.85,18613.54,39.44,24.03,77.7
"NT","Roper Gulf",136.696868896484,-15.8331832885742,1,2.63,3.05,350.84,155.79,1078.48,88.2,47.9,204.2
"NT","Roper Gulf",136.986373901367,-15.8503980636597,1,2.59,3.39,721.66,295.02,2465.13,108.24,57.63,256.36
"NT","Roper Gulf",137.051300048828,-15.8476610183716,1,2.59,3.43,743.24,303.45,2539.73,34987.98,8655.39,235250.23
"QLDNorth","Carpentaria",141.408508300781,-15.8355550765991,1,3.82,7.91,433.27,195.29,1276.41,2348.8,836.91,9579.64
"QLDNorth","Cook",145.38166809082,-15.8379240036011,1,2.76,3.66,2603293.3,359129.78,38999029.29,19.82,13.18,34.75
"WANorth","Wyndham-East Kimberley",124.391937255859,-15.7801294326782,1,6.13,3.21,5346.09,1698.66,25553.92,19.62,13.1,34.16
"NT","Roper Gulf",136.733367919922,-15.771035194397,1,2.63,4.19,365.78,161.7,1130.58,13.7,9.61,22.28
"NT","Roper Gulf",136.805557250977,-15.7612228393555,1,2.61,3.3,478.75,204.92,1543.21,55.13,31.96,116.61
"NT","Roper Gulf",136.979064941406,-15.7855310440063,1,2.58,3.34,791.83,319.58,2753.08,133.34,69.08,327.78
"NT","Roper Gulf",137.115844726562,-15.7986011505127,1,2.59,3.34,680.88,280.98,2294.2,36519.95,8802.03,257071.61
"QLDNorth","Carpentaria",141.415649414062,-15.7776660919189,1,3.81,7.61,478.77,212.66,1439.94,7240.76,2244.89,35510.94
"QLDNorth","Cook",145.443222045898,-15.754828453064,1,2.76,3.25,2551404.51,353704.12,37924167.99,60.53,34.15,133.88
"WANorth","Wyndham-East Kimberley",124.383842468262,-15.7301540374756,1,6.13,2.88,6450.65,2019.29,31310.47,59.59,33.72,131.25
"NT","Roper Gulf",136.50260925293,-15.6994524002075,1,2.56,3.25,1411.93,514.47,5720.42,57.83,32.96,125.91
"NT","Roper Gulf",136.530364990234,-15.7224197387695,1,2.56,3.71,1389.49,508.22,5595.24,18.9,12.68,32.72
"NT","Roper Gulf",136.583251953125,-15.7246532440186,1,2.56,3.24,1418.71,517.63,5731.05,54.58,31.76,114.67
"NT","Roper Gulf",136.834075927734,-15.7366256713867,1,2.6,3.29,537.22,226.84,1762.42,139.68,71.87,346.64
"NT","Roper Gulf",137.107421875,-15.7500600814819,1,2.57,3.3,970.04,380.05,3516.94,80361.84,17568.66,643638.39
"QLDNorth","Carpentaria",141.415817260742,-15.7341289520264,1,3.81,7.53,501.51,221.23,1523.1,5965.25,1921.06,27619.2
"QLDNorth","Cook",145.440780639648,-15.7468500137329,1,2.75,2.98,3376951.4,449396.59,53166757.18,156.61,77.02,420.11
"WANorth","Wyndham-East Kimberley",124.368858337402,-15.680926322937,1,6.12,2.6,7282.29,2251.1,35896.83,235.55,109.99,677.23
"NT","Roper Gulf",136.482788085938,-15.6775360107422,1,2.55,3.12,1565.3,560.25,6513.12,69.23,38.98,152.25
"NT","Roper Gulf",136.633483886719,-15.6840410232544,1,2.55,3.25,1563.61,563.42,6423.15,130.62,67.69,321.34
"NT","Roper Gulf",137.102600097656,-15.6938915252686,1,2.57,3.27,1107.59,430.61,4037.09,101755.53,21257.36,873352.22
"QLDNorth","Carpentaria",141.420745849609,-15.6999979019165,1,3.81,7.45,519.5,227.64,1593.68,8238.63,2499.64,41702.26
"QLDNorth","Cook",145.357162475586,-15.698748588562,1,2.76,2.92,2965083.43,404742.6,44910052.65,191.98,91.55,538.29
"WANorth","Wyndham-East Kimberley",124.379577636719,-15.6583852767944,1,6.12,3.16,8152.69,2483.95,40976.74,45.98,27.18,94.92
"NT","Roper Gulf",136.423294067383,-15.6278944015503,1,2.55,2.73,1680.23,591.04,7190.81,245.47,116.42,683.05
"NT","Roper Gulf",136.684539794922,-15.6152477264404,1,2.55,3.3,1649.07,588.91,6864.55,136.7,70.18,341.18
"NT","Roper Gulf",137.087982177734,-15.6364164352417,1,2.56,3.03,1406.95,518.54,5578.62,455455.67,84051.25,4460696.6
"QLDNorth","Carpentaria",141.44123840332,-15.6337203979492,1,3.8,7.57,545.43,236.72,1697.78,1871.15,714.29,6822.9
"QLDNorth","Cook",145.337219238281,-15.609429359436,1,2.76,3.24,3240218.99,438932.55,49488136.19,59.53,33.47,132.76
"WANorth","Wyndham-East Kimberley",124.410972595215,-15.5899610519409,1,6.12,3.09,7471.05,2309.24,36772.96,66.08,36.73,149.41
"NT","Roper Gulf",136.316452026367,-15.5838413238525,1,2.56,3.11,1389.67,501.5,5742.78,83.96,45.53,195.61
"NT","Roper Gulf",136.367736816406,-15.6125822067261,1,2.55,3.09,1545.13,549.43,6517.26,82.46,44.9,190.83
"NT","Roper Gulf",136.777084350586,-15.574107170105,1,2.55,3,1789.59,631.11,7585.3,120.44,62.8,294.58
"NT","Roper Gulf",136.833297729492,-15.5383195877075,1,2.54,3.31,1974.83,686.83,8533.9,54.32,31.72,113.4
"NT","Roper Gulf",136.904006958008,-15.5475959777832,1,2.56,2.87,1173.81,446.42,4441.79,216.14,104.17,588.66
"NT","Roper Gulf",136.937316894531,-15.5774364471436,1,2.55,2.86,1579.91,574.22,6379.29,255.99,120.96,715.29
"NT","Roper Gulf",137.014739990234,-15.586576461792,1,2.56,3.36,1420.03,525.14,5590.39,145.96,74.19,369.49
"NT","Roper Gulf",137.050201416016,-15.6158323287964,1,2.55,3.34,1474.36,543.07,5832.75,82209.3,17492.54,691788.06
"QLDNorth","Carpentaria",141.450454711914,-15.5829486846924,1,3.8,7.33,590.84,253.42,1870.04,8419.94,2489.73,44647.33
"QLDNorth","Cook",145.330215454102,-15.5912666320801,1,2.75,2.86,3428054.93,461487.92,52771258.02,207.51,97.45,595.85
"WANorth","Wyndham-East Kimberley",124.418167114258,-15.539116859436,1,6.13,3.16,6059.19,1941.61,28283.78,148.5,75.23,377.93
"NT","Roper Gulf",136.270355224609,-15.5267705917358,1,2.56,3.05,1248.67,456.59,5071.59,235515.89,44198.26,2333944.93
"QLDNorth","Carpentaria",141.461395263672,-15.5369548797607,1,3.8,7.53,596.04,254.79,1897.19,2411.32,893.1,9147.67
"QLDNorth","Cook",145.320785522461,-15.5653171539307,1,2.75,5.93,3587735.4,480348.51,55626555.91,15372.74,4245.82,88922.87
"WANorth","Wyndham-East Kimberley",124.443572998047,-15.4937057495117,1,6.12,5.86,6672.21,2116.86,31528.34,19801.48,5263.62,120951.06
"WANorth","Wyndham-East Kimberley",125.000709533691,-15.4780082702637,1,5.04,1.98,14473.3,4101.89,80127.97,208.98,97.76,604.26
"WANorth","Wyndham-East Kimberley",125.047920227051,-15.468729019165,1,5.04,2.35,11793.45,3441.15,62695.86,151.43,76.49,386.98
"NT","Roper Gulf",136.261825561523,-15.4813098907471,1,2.56,6.43,1286.96,468.6,5258,6121.19,2034.37,26729.35
"QLDNorth","Carpentaria",141.469650268555,-15.5078430175781,1,3.8,6.87,617.49,262.46,1981.74,16585.05,4525.03,97648.83
"WANorth","Wyndham-East Kimberley",124.463150024414,-15.4064741134644,1,6.11,5.84,10658.72,3192.58,54350.6,14615.09,4044.82,84503.16
"WANorth","Wyndham-East Kimberley",124.99584197998,-15.4311647415161,1,5.04,2.11,12353.09,3570.08,66642.5,190.24,89.97,542.48
"WANorth","Wyndham-East Kimberley",125.066184997559,-15.428539276123,1,5.05,2.28,10732.87,3166.97,56229.18,196.23,95.68,526.38
"NT","Roper Gulf",136.219879150391,-15.4033269882202,1,2.56,6.33,1405.9,504.47,5869.32,5453.83,1840.41,23327.35
"QLDNorth","Kowanyama",141.508316040039,-15.4334802627563,1,3.79,7.43,658.36,277.03,2143.76,7852.27,2530.84,35712.72
"WANorth","Wyndham-East Kimberley",124.356224060059,-15.3932209014893,1,6.12,5.83,8897.92,2719.79,44212.08,20549.32,5443.23,126032.1
"WANorth","Wyndham-East Kimberley",124.443748474121,-15.3779649734497,1,6.1,5.86,13809.12,4012.29,73257.31,15447.15,4252.13,89882.34
"WANorth","Wyndham-East Kimberley",125.003211975098,-15.3864412307739,1,5.04,3.54,14663.2,4118.23,82479.22,21852440.37,2161700.83,528410106.2
"WANorth","Wyndham-East Kimberley",125.033515930176,-15.3738317489624,1,5.05,3.45,9884.5,2949.93,50980.48,23468507.06,2359750.84,547534170.76
"WANorth","Wyndham-East Kimberley",128.090316772461,-15.3669605255127,1,4.93,4.2,56128337.35,5170656.57,1454165002.16,512082.35,85522.33,5989782.76
"WANorth","Wyndham-East Kimberley",128.120590209961,-15.3749618530273,1,4.93,3.96,62145909.58,5715319.92,1604310928.26,60.67,33.72,138.18
"WANorth","Wyndham-East Kimberley",128.278747558594,-15.3833827972412,1,4.96,4.34,2710706.27,369869.04,41336329.12,335.92,146.23,1076.71
"NT","Roper Gulf",136.115036010742,-15.3544836044312,1,2.56,3.09,1261.76,457.85,5197.67,198,96.34,532.87
"NT","Roper Gulf",136.154373168945,-15.3790369033813,1,2.56,3.11,1292.67,468.08,5336.75,175915.62,33495.46,1731296.21
"QLDNorth","Kowanyama",141.528915405273,-15.3784799575806,1,3.79,7.41,691.33,287.78,2289.47,186.76,89.23,522.84
"QLDNorth","Hope Vale",145.302627563477,-15.3452205657959,1,2.78,4.27,3543113.83,478265.77,54152400.74,12535566.74,1336766.46,273478450.65
"WANorth","Wyndham-East Kimberley",124.32071685791,-15.3089828491211,1,6.1,4.67,17551.73,4822.46,101626.91,36511189.57,3458113.9,924595225.14
"WANorth","Wyndham-East Kimberley",128.066925048828,-15.3209896087646,1,4.93,4.98,56051107.5,5122127.94,1474273934.36,64575490.64,5593437.06,1859970345.1
"WANorth","Wyndham-East Kimberley",128.124252319336,-15.3248014450073,1,4.93,4,91548021.76,7803694.75,2653114981.15,56.85,31.85,128.07
"WANorth","Wyndham-East Kimberley",128.128356933594,-15.3167791366577,1,4.93,3.84,125923084.52,10209260.34,3922510710.77,207.05,100.18,561.48
"NT","Roper Gulf",136.055770874023,-15.3226823806763,1,2.57,3.04,1085.75,400.97,4373.34,283114.53,50749.15,3020263.34
"QLDNorth","Kowanyama",141.540954589844,-15.3341646194458,1,3.79,7.29,755.93,310.05,2558.09,223.87,104.25,649.5
"QLDNorth","Hope Vale",145.352462768555,-15.2814426422119,1,2.78,4.36,3368293.46,458289.23,50896920.07,7024401,826913.07,132402276.22
"WANorth","Wyndham-East Kimberley",124.343971252441,-15.2859258651733,1,6.09,4.75,29887.49,7687.15,188903.24,51137612.79,4622690.99,1381263400.08
"WANorth","Wyndham-East Kimberley",128.223083496094,-15.2668571472168,1,4.94,3.95,29914207.1,2977903.63,699494611.87,56.65,31.61,128.73
"WANorth","Wyndham-East Kimberley",128.255874633789,-15.2712717056274,1,4.92,3.79,454776438.2,31448126.36,17490576192.56,208.64,100.95,565.42
"NT","Roper Gulf",135.992614746094,-15.2876634597778,1,2.57,3,997.73,371.79,3975.45,248289.62,45743.29,2538274.47
"QLDNorth","Kowanyama",141.570571899414,-15.2726631164551,1,3.78,7.41,803.36,325.57,2768.92,83.57,44.78,199.25
"QLDNorth","Hope Vale",145.360290527344,-15.2734632492065,1,2.77,6.97,4753170.95,613038.27,77544613.96,16.28,11.06,27.8
"WANorth","Wyndham-East Kimberley",124.378463745117,-15.2625865936279,1,6.08,7.06,36110.65,9055.66,236260.32,39.12,23.38,80.03
"WANorth","Wyndham-East Kimberley",124.414283752441,-15.2452163696289,1,6.08,6.63,47373.26,11394.66,328965.5,401.84,172.57,1304.05
"WANorth","Wyndham-East Kimberley",124.460670471191,-15.2325954437256,1,6.08,6.63,47299.16,11373.65,328654.34,350.17,150.06,1153.65
"WANorth","Wyndham-East Kimberley",124.546234130859,-15.2495212554932,1,5.02,5.76,33973.9,8639.52,217486.01,87.6,45.49,221.34
"WANorth","Wyndham-East Kimberley",124.58065032959,-15.2420091629028,1,5.02,5.36,27821.56,7315.15,169636.42,1854.79,646.33,8023.02
"WANorth","Wyndham-East Kimberley",124.621078491211,-15.2665252685547,1,5.03,5.13,24680.16,6614.91,146376.67,41284.36,9630.68,306453.57
"WANorth","Wyndham-East Kimberley",124.679168701172,-15.2518796920776,1,5.03,5.4,24378.23,6541.06,144410.47,1498.8,553.4,5895.53
"WANorth","Wyndham-East Kimberley",124.713401794434,-15.2531232833862,1,5.03,5.09,25871.06,6868.22,155686.66,43124.77,10287.29,306001.69
"WANorth","Wyndham-East Kimberley",124.784233093262,-15.2281265258789,1,5.03,3.68,26357.25,6956.45,160136.94,5822839.77,690165.96,109782509.45
"WANorth","Wyndham-East Kimberley",124.837158203125,-15.2363758087158,1,5.03,3.77,17611.09,4861.65,101065.13,5219942.79,634433.09,94576104.34
"WANorth","Wyndham-East Kimberley",128.223709106445,-15.2203645706177,1,4.94,3.98,25384056.05,2552787.46,588867220.21,57.06,31.62,131.4
"WANorth","Wyndham-East Kimberley",128.232849121094,-15.2348432540894,1,4.94,3.96,18011056.13,1909696.3,387343380.18,58.69,32.42,135.61
"NT","Roper Gulf",135.898361206055,-15.2207584381104,1,2.58,3.01,789.43,303.62,3012.29,218.39,104.98,597.31
"NT","Roper Gulf",135.923324584961,-15.2407388687134,1,2.58,3.27,883.05,334.75,3435.4,33008.73,7653.98,251983.49
"QLDNorth","Kowanyama",141.574462890625,-15.2235231399536,1,3.78,7.03,870.98,348.18,3063.16,2014.58,715.03,8363.22
"QLDNorth","Hope Vale",145.327423095703,-15.2295150756836,1,2.78,4.34,4105785.89,538571.8,65541086.08,3450565.45,444897.12,57564630.8
"WANorth","Wyndham-East Kimberley",124.837196350098,-15.1718883514404,1,5.03,3.67,25693.58,6717.55,159100.47,5362073.37,671408.91,91696616.02
"WANorth","Wyndham-East Kimberley",128.212966918945,-15.1749248504639,1,4.94,6.12,16532400.22,1778139.68,348179637.14,3610,1166.93,17166.94
"WANorth","Wyndham-East Kimberley",128.237503051758,-15.1760940551758,1,4.93,6.13,113177490.51,9374183.93,3411782972.76,3903.35,1243.93,18964.94
"NT","Victoria Daly",129.196029663086,-15.1625785827637,1,4.95,3.29,5323318.55,657923.99,93328258.04,61.51,33.67,144.18
"NT","Victoria Daly",129.199676513672,-15.160961151123,1,4.95,3.14,6971144.37,830693.85,128492733.8,169.22,84.22,441.25
"NT","Roper Gulf",135.844009399414,-15.1683340072632,1,2.58,3.27,832.32,317.74,3209,31365.57,7300.23,238643.16
"QLDNorth","Kowanyama",141.595138549805,-15.185079574585,1,3.78,7.07,881.55,350.03,3137.27,1018.12,394.95,3748.39
"QLDNorth","Hope Vale",145.333099365234,-15.2225074768066,1,2.77,6.18,4436957.13,575883.55,71866256.99,10083.78,2861.8,57050.89
"WANorth","Wyndham-East Kimberley",124.855361938477,-15.1429424285889,1,5.03,5.62,25002.61,6632.83,150984.92,4949.44,1566.1,23967.49
"WANorth","Wyndham-East Kimberley",125.304618835449,-15.1396646499634,1,5.06,4.32,5888.28,1853.86,28447.26,9197.49,2568.03,54044.79
"WANorth","Wyndham-East Kimberley",125.365219116211,-15.1228294372559,1,5.07,5.2,4944.56,1606.32,22798.15,18725.84,4949.22,116054.74
"NT","Victoria Daly",129.229110717773,-15.0611801147461,1,4.95,6.27,3947481.67,556008.57,55422856.55,28942.35,7241.62,192961.08
"NT","Victoria Daly",129.598754882812,-15.134729385376,1,5.01,1.96,68576.61,16318.55,474559.71,37.04,21.74,78.83
"NT","Victoria Daly",129.627670288086,-15.1251249313354,1,5,2.3,114132.91,26322.98,811045.77,61.98,33.84,145.91
"NT","Roper Gulf",135.670120239258,-15.1215038299561,1,2.68,3.62,179.25,83.61,527.93,61.51,33.61,144.7
"NT","Roper Gulf",135.742385864258,-15.1108503341675,1,2.58,3.17,912.87,338.85,3692.06,110.49,58.59,263.37
"NT","Roper Gulf",135.779724121094,-15.1316137313843,1,2.58,3.13,862.4,324.03,3421.09,56615.71,12235.59,475256.6
"QLDNorth","Kowanyama",141.624618530273,-15.1111812591553,1,2.88,6.17,979.53,382.67,3568.16,1455.8,545.44,5582.26
"QLDNorth","Hope Vale",145.26692199707,-15.0901155471802,1,2.78,6.11,3547228.97,477012.63,54593125.37,12994.26,3501.88,79654.91
"WANorth","Wyndham-East Kimberley",124.845108032227,-15.0398464202881,1,5.03,5.59,26313.3,6935.07,160300.78,14309.11,3827.41,88357.32
"WANorth","Wyndham-East Kimberley",125.261390686035,-15.0821933746338,1,5.05,5.24,8870.65,2634.4,46494.66,7763.8,2310.35,40906.75
"WANorth","Wyndham-East Kimberley",125.309417724609,-15.0748262405396,1,5.05,4.44,8166.08,2453.47,42117.68,716.82,296.81,2391.69
"WANorth","Wyndham-East Kimberley",125.366409301758,-15.0749502182007,1,5.06,4.31,6205.01,1944.08,30145.95,8035.23,2308.53,45146.38
"NT","Victoria Daly",129.117156982422,-14.9952297210693,1,4.95,5.65,5375434.26,756851.34,74161606.57,13291.77,3657.15,78204.09
"NT","Victoria Daly",129.252014160156,-15.0351524353027,1,4.95,5.45,4158559.47,615468.61,53249545.19,21900.43,5553.86,145153.52
"NT","Victoria Daly",129.410400390625,-14.9652719497681,1,4.92,5.84,151493875.58,14709802.7,3361213746.88,9185.51,2554.86,54381.08
"NT","Victoria Daly",129.437927246094,-14.9719524383545,1,4.91,5.93,812810467.12,56988116.8,29362387866.69,9151.86,2523.02,55136.48
"NT","Victoria Daly",129.529296875,-15.0264749526978,1,4.97,5.46,629760.68,114758.58,6189332.51,58901.82,12811.69,486933.16
"NT","Victoria Daly",129.54460144043,-15.040994644165,1,4.97,2.65,611677.39,112200.99,5950752.81,58.85,32.37,137.12
"NT","Victoria Daly",129.635375976562,-15.0729827880859,1,4.99,2.37,144571.69,32086.18,1085755.55,110.18,58.46,262.37
"NT","Roper Gulf",135.683929443359,-15.0744066238403,1,2.58,3.09,839.79,314,3371.39,61027.9,13047.41,520122.66
"QLDNorth","Kowanyama",141.639617919922,-15.0733003616333,1,2.88,6.09,1037.19,400.69,3843.64,4930.34,1614.38,22408.61
"QLDNorth","Hope Vale",145.285614013672,-15.0589323043823,1,2.78,5.91,3528857.98,475014.57,54228670.08,11925.81,3239.45,72463.11
"WANorth","Wyndham-East Kimberley",124.898864746094,-15.0271453857422,1,5.03,5.45,25907.29,6855.96,156804.09,3274.72,1045.71,16059.07
"WANorth","Wyndham-East Kimberley",125.10546875,-15.0343952178955,1,5.06,5.28,7943.61,2422.63,39919.99,15737.1,4176.74,97951.64
"WANorth","Wyndham-East Kimberley",125.158798217773,-15.0236616134644,1,5.05,5.23,8275.68,2502.08,42150.73,14056.21,3932.49,79855.96
"WANorth","Wyndham-East Kimberley",125.227180480957,-14.9999437332153,1,5.05,3.77,8950.6,2663.71,46703.75,301665.33,50780.87,3613607.49
"WANorth","Wyndham-East Kimberley",125.245780944824,-15.0001363754272,1,5.05,3.76,8604.81,2562.37,44965.56,345574.67,56661.65,4311108.44
"WANorth","Wyndham-East Kimberley",128.104248046875,-15.0200548171997,1,4.97,5.15,1117957.86,171859.78,14481458.74,327588.45,52475.81,4296175.43
"WANorth","Wyndham-East Kimberley",128.151580810547,-15.0434598922729,1,4.97,4.98,1100751.44,171198.27,13966159.17,299872.19,46785.06,4176098.25
"WANorth","Wyndham-East Kimberley",128.215484619141,-15.0266199111938,1,4.96,4.96,1431716.2,214881.59,19074796.88,47187.19,10167.31,404102.27
"WANorth","Wyndham-East Kimberley",128.357131958008,-15.0189142227173,1,4.93,5.2,32852721.46,3182977.2,803059408.47,30945.07,7272.14,231332.66
"WANorth","Wyndham-East Kimberley",128.407028198242,-15.029426574707,1,4.97,6.14,1144812.96,178294.3,14450644.4,1709.12,600.05,7332.17
"WANorth","Wyndham-East Kimberley",128.475051879883,-15.0046501159668,1,4.96,6.76,2487081.77,349342.52,36136635.91,64929.11,13835.9,554296.97
"NT","Victoria Daly",129.034957885742,-14.9198684692383,1,4.97,3.15,687204.87,121054.58,7143754.74,142.87,68.11,410.85
"NT","Victoria Daly",129.629501342773,-15.0235919952393,1,4.99,2.32,250997.73,52572.56,2026069.09,144.96,69,417.57
"NT","Roper Gulf",135.525787353516,-15.0083923339844,1,2.59,3.21,723.77,273.4,2883.59,59.4,32.57,139.13
"NT","Roper Gulf",135.573394775391,-15.031590461731,1,2.58,3.35,772.59,290,3099.65,61.14,35.18,130.24
"NT","Roper Gulf",135.638565063477,-15.0378141403198,1,2.58,3.1,830.57,310.16,3345.83,47729.19,10692.67,378699.9
"QLDNorth","Pormpuraaw",141.660873413086,-15.0223045349121,1,2.88,5.97,1100.68,421.41,4131.57,5930.05,1623.33,37570.01
"QLDNorth","Hope Vale",145.338073730469,-14.9985475540161,1,2.77,5.94,4368035.17,568871.39,70376223.66,1313.39,472.31,5489
"WANorth","Wyndham-East Kimberley",124.953239440918,-14.9682312011719,1,5.03,5.4,21532.25,5746.87,129820.55,954.35,358.12,3764.22
"WANorth","Wyndham-East Kimberley",125.014305114746,-14.9793424606323,1,5.03,5.4,20766.05,5582.33,123839.21,10782.51,3066.12,60494.73
"WANorth","Wyndham-East Kimberley",125.059196472168,-14.981104850769,1,5.04,4.04,16909,4645.46,98158.86,224715.99,38678.24,2637977.95
"WANorth","Wyndham-East Kimberley",125.21174621582,-14.9692764282227,1,5.05,3.88,9167.17,2724.38,47881.87,129058.23,23724.76,1392193.38
"WANorth","Wyndham-East Kimberley",128.115615844727,-14.9633541107178,1,4.97,5.05,856693.99,137759.66,10386615.31,114653.8,21465.53,1204623.15
"WANorth","Wyndham-East Kimberley",128.265228271484,-14.9804067611694,1,4.96,5.02,2569326.57,354678.03,38476710.77,90610.74,18145.3,850363.64
"WANorth","Wyndham-East Kimberley",128.327514648438,-14.9675893783569,1,4.95,5.51,6138217.47,740286.53,111584482.63,193959.71,36093.11,1980171.65
"WANorth","Wyndham-East Kimberley",128.48127746582,-14.9631042480469,1,4.92,3.94,216980934.82,15885953.31,7886774454.7,93.15,47.48,243.04
"WANorth","Wyndham-East Kimberley",128.858551025391,-14.8627557754517,1,4.96,3.73,1267555.87,208395.92,14394024.73,65.94,37.56,142.36
"NT","Roper Gulf",135.472869873047,-14.9671669006348,1,2.59,3.06,642.07,246,2512.36,32678.41,7634.73,246044.07
"QLDNorth","Pormpuraaw",141.634017944336,-14.9669532775879,1,2.87,6.13,1205.62,456.84,4585.37,7223.93,2169.76,37589.34
"QLDNorth","Hope Vale",145.355865478516,-14.9762773513794,1,2.77,4.7,5513169.2,694540.86,93044732.07,233251.62,39491.49,2819738.22
"WANorth","Wyndham-East Kimberley",125.210952758789,-14.9208126068115,1,5.04,3.89,12843.88,3673.62,70452.91,76384.18,15265.08,729462.8
"WANorth","Wyndham-East Kimberley",128.126541137695,-14.9274501800537,1,4.96,6.27,1381691.11,208321.74,18295792.29,31708.76,7677.73,223470.1
"WANorth","Wyndham-East Kimberley",128.465911865234,-14.9306812286377,1,4.93,3.96,109607039.61,9027878.49,3346160483.74,79.91,41.56,202.91
"NT","Victoria Daly",129.624771118164,-14.9088068008423,1,4.97,2.58,563691.29,109671.5,4960180.51,179.7,88.97,471.29
"NT","Roper Gulf",135.433349609375,-14.9105844497681,1,2.6,2.77,538.65,210.88,2049.63,56442.63,11929.98,494802.61
"QLDNorth","Pormpuraaw",141.608688354492,-14.9055852890015,1,2.87,6.02,1322.19,494.36,5123.82,25519.69,6439.59,168909.01
"QLDNorth","Hope Vale",145.317611694336,-14.9490919113159,1,2.77,4.63,5501523.91,692187.76,93082596.69,128393.89,24895.16,1248945.38
"WANorth","Wyndham-East Kimberley",125.209754943848,-14.8662157058716,1,5.04,3.97,13877.07,3926.09,77282.7,140018.49,26103.13,1459925.26
"WANorth","Wyndham-East Kimberley",128.150115966797,-14.8587427139282,1,4.96,5.15,1826669.72,264082.87,25675616.29,994317.59,137454.18,15925344.93
"WANorth","Wyndham-East Kimberley",128.456253051758,-14.8809814453125,1,4.94,5.87,15556089.75,1720119.23,312413121.86,507.4,213.3,1685.73
"WANorth","Wyndham-East Kimberley",128.624084472656,-14.8013439178467,1,4.93,5.81,118916875.87,10234970.36,3327285723.89,507.19,216.46,1637.24
"WANorth","Wyndham-East Kimberley",128.735733032227,-14.8514633178711,1,4.96,6.09,1367039.62,211552.01,17259732.69,24358.94,6281.42,155293.29
"WANorth","Wyndham-East Kimberley",128.806945800781,-14.8499422073364,1,4.97,3.68,932617.58,162036.42,9760681.17,62.55,33.54,152.68
"NT","Victoria Daly",129.637725830078,-14.869083404541,1,4.99,2.61,176117.07,40374.62,1235464.87,183.2,90.53,481.54
"NT","Roper Gulf",135.423721313477,-14.8675756454468,1,2.6,3.02,536.6,209.98,2044.26,25187.43,6039.76,183951.21
"QLDNorth","Pormpuraaw",141.589569091797,-14.8615064620972,1,2.87,3.43,1402.72,519.39,5514.09,24273.69,5847.93,176178.5
"QLDNorth","Hope Vale",145.222076416016,-14.8688898086548,1,2.77,6,5612972.29,711205.39,93608188.15,1862.41,682.75,7315.96
"QLDNorth","Hope Vale",145.231597900391,-14.8859167098999,1,2.77,4.61,5524802.63,699737.28,92306173.09,78506.79,15667.38,750136.81
"WANorth","Wyndham-East Kimberley",125.15340423584,-14.8067455291748,1,5.03,3.93,18913.27,5159.08,110451.08,1503154.96,209041.15,23051258.08
"WANorth","Wyndham-East Kimberley",128.195236206055,-14.8283796310425,1,4.95,5.25,3890310.36,513103.62,61693125.36,417926.46,64641.94,5757256.32
"WANorth","Wyndham-East Kimberley",128.527557373047,-14.7843637466431,1,4.96,6.23,1831265.22,269851.04,24837538.1,21383.72,5729.73,128047.85
"WANorth","Wyndham-East Kimberley",128.601577758789,-14.79909324646,1,4.95,3.9,3364214.52,465538.84,49275728.88,63.56,33.96,156.02
"NT","West Daly",129.684432983398,-14.8089656829834,1,4.98,3.03,539346.56,98194.36,5358601.91,65.22,37.3,139.85
"NT","Roper Gulf",135.404830932617,-14.8228092193604,1,2.61,3.05,503.54,198.51,1900.61,15006.05,3826.13,101262.88
"QLDNorth","Pormpuraaw",141.578353881836,-14.8152437210083,1,2.86,3.45,1481.09,543.9,5891.18,17985.07,4477.39,125359.74
"QLDNorth","Cook",145.107711791992,-14.8189258575439,1,2.78,6.06,4113312.9,542479.29,64998127.07,757.78,311.08,2559.69
"QLDNorth","Hope Vale",145.155731201172,-14.8298187255859,1,2.77,4.35,5000057.13,648945.48,80360975.26,2442661.26,339306.36,36278487.14
"WANorth","Wyndham-East Kimberley",125.15779876709,-14.771409034729,1,5.03,5.18,19898.87,5425.43,115929.12,30743.43,7700.62,203720.37
"WANorth","Wyndham-East Kimberley",128.211807250977,-14.7566795349121,1,4.95,4.1,4868543.85,634439.6,77797907.54,63.5,33.9,156.13
"NT","West Daly",129.680160522461,-14.7723655700684,1,4.97,3.22,738144.17,126519.61,8030559.82,44.35,26.81,87.96
"NT","Roper Gulf",135.40104675293,-14.7666997909546,1,2.61,3.06,469.04,186.84,1744.48,32002.57,7798.16,222706.8
"QLDNorth","Pormpuraaw",141.563537597656,-14.7555322647095,1,2.86,3.48,1606.09,582.12,6511.69,14275.05,3664.14,95457.32
"QLDNorth","Cook",145.004684448242,-14.765022277832,1,2.78,5.92,3707569.11,488719.62,59047441.01,686.06,284.16,2294.42
"QLDNorth","Cook",145.046966552734,-14.7957363128662,1,2.78,4.24,3869458.1,510060.11,61450068.11,3048689.68,390774.95,51884838.48
"WANorth","Wyndham-East Kimberley",125.162040710449,-14.7307987213135,1,5.03,5.32,24820.74,6713.39,144738.69,19806.82,5322.29,118572.38
"WANorth","Wyndham-East Kimberley",128.21858215332,-14.7112264633179,1,4.95,4.21,8278393.58,984710.95,151332354.59,63.9,34.06,157.54
"NT","West Daly",129.68034362793,-14.7185859680176,1,4.97,2.96,1040917.22,173293.87,11692562.54,79.09,44.06,175.83
"NT","Roper Gulf",135.432189941406,-14.722728729248,1,2.61,3.01,452.4,181.35,1666.81,47526.93,10950.5,357582.85
"QLDNorth","Pormpuraaw",141.559204101562,-14.7273426055908,1,2.86,6.05,1673.81,601.92,6867.98,1523.11,572.58,5786.18
"QLDNorth","Cook",144.987640380859,-14.7468757629395,1,2.77,5.74,4374141.76,564793.01,71604605.08,4212.63,1398.15,18864.39
"WANorth","Wyndham-East Kimberley",125.128555297852,-14.6601362228394,1,5.02,3.97,30092.12,7888.86,183577.94,93505.48,18435.17,902337.84
"WANorth","Wyndham-East Kimberley",125.160118103027,-14.6572942733765,1,5.02,5.2,28295.64,7529.25,168630.42,13246.8,3608.13,79463.05
"WANorth","Wyndham-East Kimberley",128.201126098633,-14.7053632736206,1,4.95,4.24,5395753.83,677887.12,91660754.38,64.98,34.53,161
"NT","West Daly",129.682220458984,-14.6545448303223,1,4.96,2.62,2027194.97,313967.88,24939415.06,274.93,118.42,915.61
"NT","Roper Gulf",135.452590942383,-14.6908016204834,1,2.61,3.19,445.36,179.12,1632.13,85.82,47.28,193.7
"NT","Roper Gulf",135.470809936523,-14.6745538711548,1,2.61,3.02,447.05,179.71,1639.32,52155.52,11911.95,396378.56
"QLDNorth","Pormpuraaw",141.550689697266,-14.6618461608887,1,2.86,6.01,1863.02,656.93,7874.79,365.02,161.98,1120.2
"QLDNorth","Cook",144.95671081543,-14.6787748336792,1,2.77,4.63,5700995.96,716402.95,96450679.3,450.38,190.08,1498.43
"WANorth","Wyndham-East Kimberley",125.084785461426,-14.6038780212402,1,5.01,4.28,49703.06,12003.12,341544.21,2778.48,908.84,13170.51
"WANorth","Wyndham-East Kimberley",128.091583251953,-14.6392116546631,1,4.96,6.68,2232385.82,318691.42,31698564.49,39969.33,9519.01,285959.32
"WANorth","Wyndham-East Kimberley",128.13264465332,-14.6603422164917,1,4.96,3.86,2707778.9,373932.47,40379316.22,196.31,89.4,601.88
"NT","West Daly",129.684371948242,-14.6120672225952,1,4.96,2.95,2935724.28,473453.57,32912678.01,84.85,46.86,190.79
"NT","Roper Gulf",135.524978637695,-14.6124706268311,1,2.61,3.08,511.22,202.47,1909.04,59354.09,13377.76,458347.98
"QLDNorth","Pormpuraaw",141.548477172852,-14.6105136871338,1,2.85,5.94,1921.67,672.91,8212.89,278.28,126.26,835.08
"QLDNorth","Cook",144.940582275391,-14.6089067459106,1,2.77,4.18,9426820.87,1121025.8,170940650.42,7242.04,2106.49,40044.46
"WANorth","Wyndham-East Kimberley",125.078704833984,-14.5518770217896,1,5.01,4.5,56912.08,13355.87,408742.89,282.84,127.68,855.99
"WANorth","Wyndham-East Kimberley",128.000030517578,-14.5617656707764,1,4.96,6.66,2396826.47,348632.24,32725669.25,12158.18,3243.21,76389.71
"WANorth","Wyndham-East Kimberley",128.045211791992,-14.5876274108887,1,4.96,6.67,1979786.4,292960.28,26510837.82,14515.33,3749.05,95770.89
"NT","West Daly",129.531127929688,-14.5545520782471,1,4.97,5.48,1162769.53,205891.66,11619405.82,32495.04,7938.62,224796.91
"NT","West Daly",129.581802368164,-14.5655689239502,1,4.97,2.57,684928.38,129911.5,6237907.61,238.45,105.71,758.7
"NT","West Daly",129.687927246094,-14.5747318267822,1,4.97,2.93,1030355.87,193096.56,9380366.07,88.98,48.87,201.56
"NT","Roper Gulf",135.567230224609,-14.5412082672119,1,2.61,3,505.83,201.18,1874.63,64720.48,14206.38,522226.63
"QLDNorth","Pormpuraaw",141.536666870117,-14.5556573867798,1,2.85,3.38,2089.78,722.45,9097.12,59172.93,13200.83,465980.38
"QLDNorth","Cook",144.880081176758,-14.5607309341431,1,2.77,5.72,10206897.61,1206517.52,186192760.9,285.2,129.23,856.36
"QLDNorth","Cook",144.893249511719,-14.5655660629272,1,2.77,5.19,11047773.42,1287912.49,205715378.02,6857.33,1966.78,39120.89
"WANorth","Wyndham-East Kimberley",125.1201171875,-14.514669418335,1,5.01,5.35,56436.09,13368.8,398591.17,209.7,95.93,633.43
"WANorth","Wyndham-East Kimberley",125.262313842773,-14.4960641860962,1,5.01,5.53,55143.38,13091.43,388455.66,123.4,60.94,334.79
"WANorth","Wyndham-East Kimberley",125.319488525391,-14.5248193740845,1,5.01,5.25,57352.84,13445.61,412478.31,2677.34,852.84,13408.1
"WANorth","Wyndham-East Kimberley",125.367393493652,-14.5112953186035,1,5,5.09,115434.22,24282.03,969651.38,5497.67,1598.81,31065.41
"WANorth","Wyndham-East Kimberley",125.427215576172,-14.5262870788574,1,5,4.92,120756.3,25356.16,1014697.64,152077.06,29285.96,1480260.99
"WANorth","Wyndham-East Kimberley",125.949760437012,-14.5220060348511,1,5.01,4.16,66994.91,14928.01,524219.55,447596.3,81164.3,4531722.72
"WANorth","Wyndham-East Kimberley",126.010581970215,-14.5180864334106,1,5.01,5.64,65308.26,14629.58,506843.21,13711.35,3577.26,89105.68
"WANorth","Wyndham-East Kimberley",127.942878723145,-14.513729095459,1,4.96,6.66,2642557.5,388844.54,35111409.83,10218.12,2761.81,63427.44
"NT","West Daly",129.44775390625,-14.5041465759277,1,4.96,5.48,1466876.75,246914.04,15832622.1,7392.51,2177.32,39852.78
"NT","West Daly",129.479934692383,-14.5016145706177,1,4.97,5.39,1175302.01,203660.01,12196799.77,19547.91,5084.24,124497.19
"NT","West Daly",129.641220092773,-14.5319089889526,1,4.95,3.1,7318955.3,1026343.14,99960873.68,76.05,39.51,194.42
"NT","West Daly",129.642837524414,-14.5334577560425,1,4.95,3.48,7562291.65,1053857.02,104247715,43.57,26.54,85.35
"NT","Roper Gulf",135.578796386719,-14.5139532089233,1,2.61,3.28,498.11,198.42,1842.74,15580.82,4296.53,90309.93
"QLDNorth","Pormpuraaw",141.527404785156,-14.5103921890259,1,2.85,3.31,2126.68,733.65,9283.37,165633.46,33035.16,1499928.34
"QLDNorth","Cook",144.739639282227,-14.5463800430298,1,2.76,5.63,14502127.16,1613034.02,289415972.03,133.82,66.36,357.66
"QLDNorth","Cook",144.774948120117,-14.5439920425415,1,2.76,5.2,13019323.8,1485596.57,249550676.91,1191.8,430.45,4977.13
"WANorth","Wyndham-East Kimberley",125.131568908691,-14.4704513549805,1,5.01,5.55,63788.25,14645.51,473548.93,128.63,63.65,346.4
"WANorth","Wyndham-East Kimberley",125.27473449707,-14.4618988037109,1,5,5.64,95407.44,20565.94,775525.67,121.15,60.84,318.39
"WANorth","Wyndham-East Kimberley",125.482887268066,-14.480881690979,1,5,5.04,90830.42,20054.01,708485.83,14391.96,3677.6,97024.52
"WANorth","Wyndham-East Kimberley",125.520492553711,-14.4681940078735,1,5.01,4.94,47452.05,11728.88,313393.39,164359.19,31209.08,1634085.22
"WANorth","Wyndham-East Kimberley",125.86164855957,-14.4677419662476,1,5.01,4.53,73014.41,16186.44,573442.86,1213.9,448.01,4853.18
"WANorth","Wyndham-East Kimberley",125.997909545898,-14.4545955657959,1,5.01,5.61,70891.26,15732.71,556760.14,1706.01,608.47,7101.15
"WANorth","Wyndham-East Kimberley",127.930953979492,-14.5009260177612,1,4.96,4.54,2424399.38,364450.79,31147135.97,80.43,41.51,207.37
"NT","West Daly",129.366073608398,-14.4294281005859,1,4.96,3.83,1691352.64,278979.03,18777353.13,42.75,26.15,83.2
"NT","Roper Gulf",135.625366210938,-14.4839658737183,1,2.6,3.34,558.85,220.09,2094.2,12658,3324.49,81709.02
"QLDNorth","Pormpuraaw",141.526031494141,-14.4617919921875,1,2.85,3.65,2123.46,732.82,9263.57,11263.79,2992.72,71742.36
"QLDNorth","Cook",143.846130371094,-14.4575262069702,1,2.78,3.1,1919570.2,270087.84,28293134.74,10567.75,2843.89,65982.87
"QLDNorth","Cook",143.895843505859,-14.4822654724121,1,2.78,3.07,3164765.51,413553.6,51789826.21,11583.12,3056.21,74621.2
"QLDNorth","Cook",143.938598632812,-14.4828338623047,1,2.78,3.05,2824403.06,377560.64,44633921.28,11262.19,2979.67,72328.17
"QLDNorth","Cook",144.004318237305,-14.4783716201782,1,2.78,3.05,2403835.96,326836.51,37207002.1,13806.99,3557.72,91874.83
"QLDNorth","Cook",144.050003051758,-14.4639005661011,1,2.78,3.21,2358406.94,321177.1,36441418.16,18436.71,5069.36,106270.21
"QLDNorth","Cook",144.09049987793,-14.4441137313843,1,2.78,5.3,2140707.66,295420.82,32479210.19,139.65,68.95,375.16
"QLDNorth","Cook",144.660003662109,-14.5000143051147,1,2.76,5.37,20476508.77,2155154.15,442643962.41,231.87,105.94,696.3
"WANorth","Wyndham-East Kimberley",125.152992248535,-14.4271259307861,1,5.01,4.97,57071.66,13403,409267.24,289558.73,51321.31,3150937.62
"WANorth","Wyndham-East Kimberley",125.198593139648,-14.4466991424561,1,5.01,4.95,50307.22,12025.69,351988.96,91400.31,19823.83,736582.04
"WANorth","Wyndham-East Kimberley",125.596481323242,-14.4360542297363,1,5,4.96,84176.59,18546.46,662404.69,95919.95,20359.4,802271.48
"WANorth","Wyndham-East Kimberley",125.736625671387,-14.406229019165,1,5.01,5.09,74262.63,16474.25,581845.36,254503.27,43373.11,3016192.69
"WANorth","Wyndham-East Kimberley",125.759918212891,-14.4194965362549,1,5,5.23,76275.5,16833.14,602358.21,18073.5,4535.85,123967.53
"WANorth","Wyndham-East Kimberley",125.813087463379,-14.4428367614746,1,5,4.44,78899.23,17289.82,629911.15,1263.23,467.43,5010.05
"WANorth","Wyndham-East Kimberley",125.943725585938,-14.396312713623,1,5,5.33,82016.9,17852.26,661379.4,40264.03,8994.68,325391.97
"WANorth","Wyndham-East Kimberley",127.869132995605,-14.4294986724854,1,4.96,4.61,2207588,351166.9,25756437.4,82.71,42.57,213.85
"NT","West Daly",129.354202270508,-14.4140396118164,1,4.97,3.87,692196.06,128546.35,6540781.87,48.96,29.4,97.77
"NT","Roper Gulf",135.675582885742,-14.4104404449463,1,2.6,3.55,587.8,230.67,2208.77,3742.79,1166.59,19039.99
"QLDNorth","Pormpuraaw",141.536483764648,-14.4148235321045,1,2.85,3.48,2219.84,762.01,9751.36,15691.59,3979.96,106604.45
"QLDNorth","Cook",143.791213989258,-14.4109144210815,1,2.78,2.56,2003885.89,278023.24,30236903.49,3270160.39,469037.83,44934342.48
"QLDNorth","Cook",144.144821166992,-14.4031286239624,1,2.78,4.55,2463527.08,339406.79,37133335.54,279381.32,50502.5,2936145.49
"QLDNorth","Cook",144.63346862793,-14.4088802337646,1,2.76,4.76,22188424.97,2304789.88,488941118.18,92477.47,20163.73,737395.69
"WANorth","Wyndham-East Kimberley",125.573066711426,-14.3610992431641,1,5.01,5.01,70955.47,16159.1,531052.2,18891.02,4652.01,133981.89
"WANorth","Wyndham-East Kimberley",125.721366882324,-14.3566665649414,1,5,4.02,78273.06,17270.74,617274.09,89741.82,20683,647549.63
"WANorth","Wyndham-East Kimberley",125.943374633789,-14.3472080230713,1,5,5.38,75871.03,16710.01,601656.12,44267.08,9681.05,370100.52
"WANorth","Wyndham-East Kimberley",127.786949157715,-14.3601789474487,1,4.96,4.73,1581851.95,274527.57,16108885.42,84.08,43.23,217.51
"NT","West Daly",129.357345581055,-14.3789148330688,1,4.97,3.94,700693.91,125524.6,7057197.95,47.96,28.89,95.32
"NT","Roper Gulf",135.690505981445,-14.3648252487183,1,2.6,3.35,603.62,235.98,2280.34,17600.91,4474.7,117983.21
"QLDNorth","Pormpuraaw",141.546737670898,-14.3721208572388,1,2.85,3.45,2213.27,761.5,9682.11,18505.18,4560.11,131284.86
"QLDNorth","Cook",143.766632080078,-14.372615814209,1,2.78,2.77,2233203.51,306939.11,34042078.63,273345.61,50625.69,2748548.05
"QLDNorth","Cook",144.168395996094,-14.3686866760254,1,2.78,5.04,3634032.23,474911.59,58896956.81,307.68,136.45,957.61
"QLDNorth","Cook",144.629440307617,-14.3544597625732,1,2.76,4.74,17619993.76,1906127.78,365544340.38,59715.46,13005.06,491970.15
"WANorth","Wyndham-East Kimberley",125.580001831055,-14.3071508407593,1,5.01,5.08,70611.49,16102.98,527296.05,7035.12,2018.86,40014.08
"WANorth","Wyndham-East Kimberley",125.727348327637,-14.30442237854,1,5,4.25,97983.51,20950.08,807210.71,2512.32,858.54,11031.75
"WANorth","Wyndham-East Kimberley",126.016021728516,-14.2939434051514,1,5,5.23,94002.98,20204.13,769049.54,151582.9,29678.61,1430019.91
"WANorth","Wyndham-East Kimberley",127.774642944336,-14.3200511932373,1,4.96,4.31,1509475.2,265941.06,15008239.58,241.82,112.19,702.51
"NT","West Daly",129.381134033203,-14.3171844482422,1,4.97,3.32,774357.08,132632.83,8410361.51,146.78,72.54,391.97
"NT","East Arnhem",136.577545166016,-14.2649507522583,1,2.53,3.02,2472.52,863.38,10435.31,187.22,89.58,522.49
"NT","East Arnhem",136.647308349609,-14.2961120605469,1,2.53,2.85,2695.84,930.11,11568.94,285.35,129.8,850.46
"NT","East Arnhem",136.682022094727,-14.3022203445435,1,2.53,3.28,2811.98,963.14,12198.13,85.44,45.45,206.28
"NT","East Arnhem",136.715728759766,-14.275164604187,1,2.53,3.24,2752.21,948.08,11828.79,104.04,54.02,259.32
"NT","East Arnhem",136.803085327148,-14.2928056716919,1,2.52,2.91,3459.18,1147.25,15716.61,165.54,82.17,434.52
"NT","East Arnhem",136.842132568359,-14.308614730835,1,2.52,3.62,4064.76,1307.76,19338.46,81.93,43.35,200.56
"NT","East Arnhem",136.895416259766,-14.3086071014404,1,2.51,4.38,4366.06,1379,21403.08,23.45,15.61,40.56
"NT","East Arnhem",136.947952270508,-14.3060808181763,1,2.52,3.74,4222.37,1334.39,20725.88,37776.98,8617.63,294596.45
"QLDNorth","Pormpuraaw",141.573165893555,-14.3067054748535,1,2.85,3.73,2147.42,743.67,9298.36,654.94,251.04,2556.08
"QLDNorth","Cook",143.746032714844,-14.3179607391357,1,2.78,2.8,3558068.28,450506.31,61299522.56,253796.41,47556.35,2509462.02
"QLDNorth","Cook",144.194366455078,-14.3142557144165,1,2.77,5.12,4183516.09,538790.24,69020638.43,100.26,51.9,252.02
"QLDNorth","Cook",144.641754150391,-14.3458023071289,1,2.76,4.77,15631367.12,1727078.69,314285730.64,18416.98,4592.24,127734.49
"WANorth","Wyndham-East Kimberley",125.578880310059,-14.2579746246338,1,5,4.06,96586.88,20640.15,797292.63,5287.88,1665.32,25717.18
"WANorth","Wyndham-East Kimberley",125.72924041748,-14.2765264511108,1,5,5.33,109040.81,22948.46,918608.63,9971.05,2737.07,60176.18
"WANorth","Wyndham-East Kimberley",127.733703613281,-14.2567291259766,1,4.96,4.53,2089527.61,352103.92,22081735.81,182.78,84.61,545.66
"NT","West Daly",129.402877807617,-14.2470359802246,1,4.97,3.18,892606.69,147989.17,10199625.83,349.31,152.3,1112.76
"NT","Roper Gulf",135.780624389648,-14.2482147216797,1,2.59,2.87,718.65,277.77,2736.41,185.2,89.39,508.65
"NT","East Arnhem",136.480056762695,-14.2389888763428,1,2.54,3.09,2157.83,765.62,8920.95,63.86,35.5,144.75
"NT","East Arnhem",136.533569335938,-14.2534112930298,1,2.54,3.48,2286.7,806.68,9518.95,98.43,53.63,224.79
"NT","East Arnhem",136.982574462891,-14.2515935897827,1,2.52,3.57,3938.02,1262.96,18891.18,239299.35,41755.66,2721791.57
"QLDNorth","Pormpuraaw",141.591522216797,-14.2600746154785,1,2.85,3.58,2152.46,746.63,9289.67,2081.3,676.65,10223.95
"QLDNorth","Cook",143.734222412109,-14.2576913833618,1,2.78,2.93,3708270.71,467894.55,64121107.64,169071.61,32299.52,1658172.05
"QLDNorth","Cook",144.19091796875,-14.2678756713867,1,2.77,2.97,4463858.91,572252.38,73958721.44,294489.84,52687.49,3144209.58
"QLDNorth","Cook",144.300506591797,-14.2970142364502,1,2.78,3.35,3305561.22,450370.37,49883570.66,2624.55,799.68,14402.05
"QLDNorth","Cook",144.381118774414,-14.2772159576416,1,2.78,3.58,3094123,424029.58,46390618.26,3363.37,1031.4,17821.11
"QLDNorth","Cook",144.427124023438,-14.2571153640747,1,2.78,4.96,2971311.83,407287.22,44650363.84,375.31,159.75,1246
"QLDNorth","Cook",144.601455688477,-14.263840675354,1,2.76,4.94,13457656.6,1503893.51,267559961.24,2853.27,920.84,13854.78
"WANorth","Wyndham-East Kimberley",125.630767822266,-14.2305307388306,1,5,5.27,117519.12,24366.72,1012904.56,8960.5,2451.43,54885.56
"WANorth","Wyndham-East Kimberley",125.686218261719,-14.1855096817017,1,5,5.05,119483.75,24828.54,1024459.68,193009.35,36396.97,1921908.29
"WANorth","Wyndham-East Kimberley",126.042518615723,-14.224796295166,1,5,4.81,86275.43,18625.48,704090.15,78.99,42.09,191.23
"WANorth","Wyndham-East Kimberley",126.132736206055,-14.2032327651978,1,5,3.48,79989.61,17459.91,642742.64,175.06,81.83,514.43
"WANorth","Wyndham-East Kimberley",127.686531066895,-14.2098894119263,1,4.96,4.44,2962082.59,472335.23,33858491.35,386.66,165.47,1267.09
"NT","Roper Gulf",135.844604492188,-14.2093830108643,1,2.58,3.07,833.18,319.59,3182.22,60.28,33.51,137.24
"NT","East Arnhem",136.419189453125,-14.2032737731934,1,2.54,3.54,1878.54,680.61,7538.71,75.82,42.88,164.33
"NT","East Arnhem",136.963241577148,-14.2206211090088,1,2.52,3.66,3551.25,1163.25,16487.01,86678.07,17443.81,808451.28
"QLDNorth","Pormpuraaw",141.593063354492,-14.1998119354248,1,2.85,3.35,2238.58,773.14,9713.82,49226.41,10755.27,408943.68
"QLDNorth","Cook",143.710388183594,-14.2167491912842,1,2.78,2.84,3571391.53,454645.23,60885532.58,304962,54333.95,3273741.32
"QLDNorth","Cook",144.20654296875,-14.2234354019165,1,2.77,3.12,5450439.53,677853.75,94294528.58,5143.44,1443.23,31392.34
"QLDNorth","Cook",144.288970947266,-14.1891584396362,1,2.77,3.22,5208214.58,669840.31,84902594.59,32321.31,7340.64,257329.59
"QLDNorth","Cook",144.447326660156,-14.2399959564209,1,2.78,4.54,3269250.47,442378.35,50004281.3,107000.83,21670.82,970488.83
"QLDNorth","Cook",144.59228515625,-14.2512350082397,1,2.76,4.55,13757151.3,1525373.07,277126188.01,167312.93,32060.76,1632700.28
"WANorth","Wyndham-East Kimberley",126.033889770508,-14.0990734100342,1,5,3.96,92698.23,19891.03,761425.35,12323.11,3422.95,71595.67
"WANorth","Wyndham-East Kimberley",126.139549255371,-14.1599235534668,1,5,3.8,81035.96,17677.1,651348,72029.24,15607.74,591102.79
"WANorth","Wyndham-East Kimberley",126.578201293945,-14.1569900512695,1,5.02,6.81,42526.23,11000.48,260362.4,1651.56,591.86,6828.48
"WANorth","Wyndham-East Kimberley",126.645851135254,-14.1546716690063,1,5.02,6.41,37133.96,9792.92,221329.04,145605.59,31097.1,1171775.93
"NT","West Daly",129.446716308594,-14.1922149658203,1,4.97,3.48,601267.64,103541.14,6570462.55,153.43,73.45,434.77
"NT","West Daly",129.476287841797,-14.1537313461304,1,4.98,3.4,540227.95,94477.8,5777135.22,243.03,111.79,717.65
"NT","Roper Gulf",135.888412475586,-14.1528549194336,1,2.58,2.73,839.52,328.61,3081.1,122.04,62.91,304.7
"NT","East Arnhem",136.377975463867,-14.182258605957,1,2.54,2.77,1939.07,688.76,8059.7,125.39,64.71,311.81
"NT","East Arnhem",136.787506103516,-14.1503791809082,1,2.52,3.23,3978.24,1284.18,18836.84,57.63,33.04,124.02
"NT","East Arnhem",136.825744628906,-14.1678810119629,1,2.52,3.07,4165.02,1335.35,19912.51,92.83,50.05,217.05
"NT","East Arnhem",136.907073974609,-14.1549377441406,1,2.51,3.15,4672.12,1475.7,22792.44,528.48,228.27,1663.09
"NT","East Arnhem",136.944778442383,-14.155933380127,1,2.51,3.63,4638.51,1463.22,22694.58,139567.45,26068.66,1450200.19
"QLDNorth","Aurukun",141.590240478516,-14.1565055847168,1,2.85,3.35,2315.68,795.96,10115.51,12491.77,3199.4,84800.09
"QLDNorth","Cook",143.708038330078,-14.1611928939819,1,2.77,2.9,4707316.43,576167.71,84775925.6,265449.41,47768.6,2823877.5
"QLDNorth","Cook",144.21662902832,-14.1610956192017,1,2.77,3.3,5015738.07,641310.41,82864853.66,48475.36,10232.87,431270.96
"QLDNorth","Cook",144.263366699219,-14.1565418243408,1,2.77,3.6,6323207.52,789645.6,107490083.73,7790.02,2095.78,49897.92
"QLDNorth","Cook",144.520553588867,-14.162109375,1,2.77,4.63,8526769.46,1019835.34,153988865.66,71978.17,14821.34,651423.63
"QLDNorth","Cook",144.534255981445,-14.1781358718872,1,2.77,3.6,11061844.75,1269353.08,212085243.77,653292.73,107818.23,7683987.77
"WANorth","Wyndham-East Kimberley",126.014038085938,-14.0954818725586,1,5,4.15,95782.48,20475.46,790579.21,1608507.7,221655.48,24977823.01
"WANorth","Wyndham-East Kimberley",126.298713684082,-14.1234483718872,1,5,4.76,113515.86,25540.16,843652.51,40313.34,9489.56,294661.98
"WANorth","Wyndham-East Kimberley",126.313087463379,-14.0980167388916,1,5,4.89,117217.66,26331.64,871981.29,5023.11,1548.31,25534.77
"WANorth","Wyndham-East Kimberley",126.524612426758,-14.096697807312,1,5.01,5.17,45278.39,11647.7,278970.67,16267.99,4572.55,90769.33
"WANorth","Wyndham-East Kimberley",126.68187713623,-14.1017875671387,1,5.02,6.41,39903.26,10431.89,240585.25,123089.86,26899.62,959763.37
"WANorth","Wyndham-East Kimberley",127.570541381836,-14.1104593276978,1,4.95,5.03,6216775.04,895175.89,81745361.56,152.84,72.7,438.84
"NT","West Daly",129.490707397461,-14.098578453064,1,4.98,3.01,500610.67,88332.83,5292016.5,1599.33,576.54,6553.51
"NT","Roper Gulf",135.908020019531,-14.0824317932129,1,2.58,2.66,891.04,347.85,3272.46,192.66,93.16,525.76
"NT","East Arnhem",136.42448425293,-14.0986757278442,1,2.54,3.71,1938.51,695.21,7912.66,57.3,33.61,118.24
"NT","East Arnhem",136.755783081055,-14.0889873504639,1,2.52,3.36,4095.88,1320.82,19391.25,1923172.3,265249.22,29431261.79
"QLDNorth","Aurukun",141.590698242188,-14.1019258499146,1,2.85,5.01,2321.58,798.55,10125.72,521.19,212.24,1838.16
"QLDNorth","Cook",143.702667236328,-14.1184825897217,1,2.77,3.44,5221357.39,626961.16,96795694.44,27525.53,7137.13,172306.26
"WANorth","Wyndham-East Kimberley",125.972518920898,-14.0407934188843,1,5,4.35,119407.97,24750.16,1028708.46,268018.01,47890.18,2887918.68
"WANorth","Wyndham-East Kimberley",126.228637695312,-14.0332412719727,1,5,4.78,133850.93,29626.68,1014681.22,42465.24,10041.6,306633.22
"WANorth","Wyndham-East Kimberley",126.331893920898,-14.051061630249,1,5,4.81,133989.98,29639.69,1016771.8,25500.45,6304.98,175431.41
"WANorth","Wyndham-East Kimberley",126.521423339844,-14.0760927200317,1,5.01,5.65,46166.53,11864.94,284607.98,142,69.67,385.74
"WANorth","Wyndham-East Kimberley",126.666862487793,-14.0784797668457,1,5.02,6.36,38330,10106.54,228115.62,448516.56,78182.67,4885137.5
"WANorth","Wyndham-East Kimberley",127.518630981445,-14.0664129257202,1,4.95,6.42,5258871.16,759566.22,69410330.64,575166.93,96979.52,6555606.22
"NT","West Daly",129.530151367188,-14.0496559143066,1,4.97,3.36,742762.33,130926.94,7676129.28,277.44,122.29,881.3
"NT","West Daly",129.587509155273,-14.0334911346436,1,4.87,3.22,813421.02,141884.15,8521361.06,384.59,167.6,1217.27
"NT","Roper Gulf",135.917938232422,-14.0449848175049,1,2.57,2.84,958.51,370.69,3564.98,92.95,49.33,223.97
"NT","East Arnhem",136.414459228516,-14.0482530593872,1,2.54,3.7,1985.08,709.82,8134.5,60.49,35.19,126.25
"NT","East Arnhem",136.786849975586,-14.0534343719482,1,2.51,3.65,4456.21,1419.82,21455.15,178563.65,32528.32,1910955.67
"QLDNorth","Aurukun",141.541442871094,-14.034857749939,1,2.84,4.66,2453.19,836.86,10826.71,6560.29,1868.39,38077.09
"QLDNorth","Cook",143.690872192383,-14.0502414703369,1,2.77,3.47,6818762.37,791291.68,132328046.14,26764.41,6876.01,170744.06
"WANorth","Wyndham-East Kimberley",125.969436645508,-13.9986400604248,1,4.99,4.39,216767.37,41016.99,2127190.43,2055353.42,281378.62,31750676.78
"WANorth","Wyndham-East Kimberley",126.224334716797,-13.9877023696899,1,4.99,4.85,153526.96,33322.84,1195993.88,12803.93,3620.65,71751.14
"WANorth","Wyndham-East Kimberley",126.36644744873,-14.0002393722534,1,4.99,4.79,137240.09,30285.87,1044478.84,7099.05,2179.67,35493.52
"WANorth","Wyndham-East Kimberley",126.519927978516,-13.9991483688354,1,5.01,5.48,44290.98,11467.37,270094.63,296.04,130.26,938.64
"WANorth","Wyndham-East Kimberley",126.740211486816,-13.9950771331787,1,5.01,6.81,54386.8,13651.21,346514.39,1648.99,600.83,6606.66
"WANorth","Wyndham-East Kimberley",127.473075866699,-13.999174118042,1,4.94,4.85,12409726.39,1621038.98,186710765.07,273.96,121.23,864.41
"NT","West Daly",129.604217529297,-14.014591217041,1,4.87,3.07,780734.93,137350.75,8073250.79,718.92,285.34,2599.05
"NT","Roper Gulf",135.917770385742,-14.008355140686,1,2.57,2.84,1005.3,385.53,3786.39,89.25,47.66,213.15
"NT","East Arnhem",136.404632568359,-13.9819993972778,1,2.54,3.73,2343.49,811.89,10076.41,58.7,34.26,122.04
"NT","East Arnhem",136.793899536133,-14.0192241668701,1,2.51,3.84,4653.12,1471.23,22661.33,61.3,35.62,128.2
"QLDNorth","Aurukun",141.489639282227,-13.9769620895386,1,2.84,3.48,2590.83,876.93,11560.01,623709.59,93963.24,8761608.74
"QLDNorth","Aurukun",141.517471313477,-14.0072603225708,1,2.84,5.28,2490.31,849.06,10989.89,51.91,30.17,109.73
"QLDNorth","Cook",143.684951782227,-14.0090351104736,1,2.77,3.62,5793353.66,684262.3,109997192.41,2847.02,928.24,13555.08
"WANorth","Wyndham-East Kimberley",126.018661499023,-13.9406747817993,1,4.99,4.8,188320.3,36949.57,1743264.71,827.35,324.63,3025.64
"WANorth","Wyndham-East Kimberley",126.209922790527,-13.9621143341064,1,4.99,5.06,182156.27,38606.46,1466476.1,3527.48,1232.17,14544.56
"WANorth","Wyndham-East Kimberley",126.43628692627,-13.981466293335,1,4.99,5.07,186864.1,39342.43,1520224.9,4264.13,1401.03,19439.82
"WANorth","Wyndham-East Kimberley",126.494590759277,-13.9557723999023,1,4.99,5.11,169427.28,36573.58,1325234.06,659.58,271.4,2239.62
"WANorth","Wyndham-East Kimberley",126.748107910156,-13.9697885513306,1,5.01,6.66,51150.36,13003.59,319654.67,7318.81,2178.3,38708.01
"WANorth","Wyndham-East Kimberley",127.454193115234,-13.9779281616211,1,4.94,4.8,14941496.93,1894816.05,234517830.11,483.03,201.1,1641.19
"NT","West Daly",129.725326538086,-13.9901609420776,1,4.87,3.06,731462.89,131771.07,7275065.46,716.14,284.63,2582.85
"NT","Roper Gulf",135.945587158203,-13.9546432495117,1,2.57,2.75,1073.03,408.15,4085.77,163.46,80.02,441
"NT","East Arnhem",136.406616210938,-13.9645318984985,1,2.53,3.72,2535.55,866.59,11123.82,65.44,37.57,139.31
"NT","East Arnhem",136.852249145508,-13.9145517349243,1,2.51,3.79,5753.03,1768.63,29108.5,51055.13,11573.28,394164.34
"QLDNorth","Aurukun",141.467864990234,-13.9421710968018,1,2.84,4.33,2665.85,898.26,11972.72,8404.33,2298.29,51787.56
"QLDNorth","Cook",143.621948242188,-13.9459381103516,1,2.7,3.75,7066411.96,807650.25,140794593.55,1079.23,395.5,4415.41
"WANorth","Wyndham-East Kimberley",126.073684692383,-13.9132490158081,1,4.99,5.01,204387.38,40381.22,1857654.29,5807.74,1696.07,32407.44
"WANorth","Wyndham-East Kimberley",126.102348327637,-13.9015130996704,1,4.98,4.95,297226.15,58197.41,2682415.44,894.71,354.47,3194.21
"WANorth","Wyndham-East Kimberley",126.156257629395,-13.9100437164307,1,4.99,4.95,225327.36,46155.81,1905156.41,79.8,43.06,188.37
"WANorth","Wyndham-East Kimberley",126.701133728027,-13.931342124939,1,5,5.36,75471.99,18139.01,510076.81,216.67,101.44,623.74
"WANorth","Wyndham-East Kimberley",127.361793518066,-13.9075660705566,1,4.94,6.82,15188824.48,1918406.66,239901456.17,159498.45,32050.21,1427968.65
"WANorth","Wyndham-East Kimberley",127.42244720459,-13.9399271011353,1,4.94,5.08,23254685.05,2813911,387120560.64,225.49,104.65,658.19
"NT","West Daly",129.710052490234,-13.8956184387207,1,4.86,3.5,1204917.2,199727.17,13522121.39,124.26,62.66,323.27
"NT","Roper Gulf",135.993499755859,-13.8954582214355,1,2.56,2.81,1382.1,504.75,5583.91,148.69,73.63,395.14
"NT","East Arnhem",136.345336914062,-13.8505373001099,1,2.53,4.4,2597.53,873.32,11737.11,23.66,15.66,41.35
"NT","East Arnhem",136.868759155273,-13.882004737854,1,2.51,3.77,5796.13,1777.53,29446.82,40897.72,9409.56,311889.04
"QLDNorth","Aurukun",141.463897705078,-13.8970031738281,1,2.84,3.41,2598.93,879.63,11594.51,5909.64,1920.32,26932.46
"QLDNorth","Cook",143.606674194336,-13.9073543548584,1,2.7,3,7339121.76,838677.08,145878483.63,142.81,70.24,385.86
"WANorth","Wyndham-East Kimberley",126.756301879883,-13.8336124420166,1,5,5.56,77093.67,18731.93,510341.53,56.79,32.29,124.33
"WANorth","Wyndham-East Kimberley",127.0849609375,-13.8453769683838,1,4.97,5.77,1156047.65,191529.16,13017888.53,194.31,93.96,529.97
"WANorth","Wyndham-East Kimberley",127.163055419922,-13.8812484741211,1,4.96,5.63,1288612.95,211648.72,14644916.75,505.74,214.04,1659.12
"WANorth","Wyndham-East Kimberley",127.195587158203,-13.9027318954468,1,4.95,5.8,3924475.54,563406.17,53248868.03,207.08,97.59,590.52
"WANorth","Wyndham-East Kimberley",127.261611938477,-13.8989562988281,1,4.95,7.18,6715290.51,916015.02,96815829.45,2190.14,770.05,9201.38
"WANorth","Wyndham-East Kimberley",127.329704284668,-13.9112453460693,1,4.95,5.01,8818336.05,1188658.79,127875498.3,416.96,180.24,1332.42
"NT","West Daly",129.714584350586,-13.8510875701904,1,4.86,3.42,1497823.52,239677.88,17686269.95,218.43,101.31,639.93
"NT","Roper Gulf",136.021408081055,-13.8357791900635,1,2.55,2.95,1674.93,591.65,7112,201.14,94.57,577.6
"NT","East Arnhem",136.115585327148,-13.8337821960449,1,2.54,2.64,1852.12,648.83,7930.9,655.8,268.67,2246.34
"NT","East Arnhem",136.152740478516,-13.8414268493652,1,2.55,2.84,1804.07,637.07,7622.31,175.65,84.99,482.1
"NT","East Arnhem",136.209655761719,-13.8589363098145,1,2.54,2.95,2196.97,757.13,9585.97,112.22,58.61,274.92
"NT","East Arnhem",136.263244628906,-13.8416576385498,1,2.53,4.38,2887.92,954.87,13368.71,24.23,15.98,42.59
"NT","East Arnhem",136.924163818359,-13.8113698959351,1,2.5,3.63,8222.9,2403.02,44652.97,112870.95,22416.5,1058630.38
"QLDNorth","Aurukun",141.467193603516,-13.8500452041626,1,2.84,3.89,2476.81,843.38,10961.26,363.7,161.91,1109.67
"QLDNorth","Cook",143.580123901367,-13.8419332504272,1,2.7,3,5894923.2,693109,112753644.24,151.57,73.05,424.16
"WANorth","Wyndham-East Kimberley",126.742919921875,-13.7974071502686,1,5,6.49,89158.69,21300.31,603317.51,265092.15,51503.3,2444001.23
"WANorth","Wyndham-East Kimberley",127.049758911133,-13.8056221008301,1,4.98,5.44,283088.93,55311.18,2572471.86,137.71,68.45,365.55
"NT","West Daly",129.717864990234,-13.8392305374146,1,4.86,3.28,1302494.56,211332.13,15124528.26,197.03,94.38,546.58
"NT","East Arnhem",136.287124633789,-13.7903299331665,1,2.52,3.05,3283.35,1063.61,15658.69,117.92,60.51,297.77
"NT","East Arnhem",136.72135925293,-13.8025722503662,1,2.51,3.02,5753.28,1748.99,29734.9,131.54,67.26,331.77
"NT","East Arnhem",136.806213378906,-13.8089094161987,1,2.5,4.44,5917.82,1795.49,30637.45,25.17,16.49,44.65
"NT","East Arnhem",136.927230834961,-13.795804977417,1,2.49,3.73,8429.13,2436.61,46645.66,51589.44,11405.43,417446.12
"QLDNorth","Aurukun",141.476669311523,-13.7923936843872,1,2.85,3.58,2245.19,776.47,9715.53,213,103.13,575.7
"QLDNorth","Cook",143.563735961914,-13.8142957687378,1,2.7,2.57,6400962.53,751704.71,121994449.36,6726.98,2085.54,33150.78
"WANorth","Wyndham-East Kimberley",126.795379638672,-13.7659044265747,1,4.99,5.67,189414.19,39627.02,1557529.91,140.65,68.03,393.25
"WANorth","Wyndham-East Kimberley",126.84765625,-13.7543077468872,1,5,6.98,121854.08,27418.44,901715.98,4725.68,1474.62,23571.14
"WANorth","Wyndham-East Kimberley",126.985702514648,-13.7518939971924,1,4.99,5.46,183634.1,37784.1,1559417.56,113.98,58.71,286.44
"NT","West Daly",129.780822753906,-13.7513618469238,1,4.86,3.2,1273883.02,207522.59,14704365.34,561.3,227.96,1978.24
"NT","East Arnhem",136.306167602539,-13.73899269104,1,2.51,2.79,5203.46,1582.79,27060.78,360.27,160.04,1104.38
"NT","East Arnhem",136.466705322266,-13.7519035339355,1,2.5,3.15,6762.16,1990.07,36747.08,104.24,54.43,256.9
"NT","East Arnhem",136.734405517578,-13.7678565979004,1,2.5,4.45,6336.83,1903.13,33284.72,24.83,16.28,43.99
"NT","East Arnhem",136.915512084961,-13.7706165313721,1,2.49,3.52,8472.24,2454.6,46666.85,312424.8,54684.7,3462793.44
"QLDNorth","Aurukun",141.487823486328,-13.7472305297852,1,2.85,3.01,2101.26,733.28,8980.67,3482.57,1124.59,16636.84
"QLDNorth","Cook",143.545227050781,-13.7256336212158,1,2.7,3.29,9663203.79,1068327.47,200547178.33,93.02,47.49,241.87
"WANorth","Wyndham-East Kimberley",126.91707611084,-13.7416133880615,1,5,7.15,104838.81,23762.76,772470.42,4243.29,1342.63,20773.06
"WANorth","Wyndham-East Kimberley",126.945388793945,-13.7392282485962,1,5.01,5.68,71513.67,17120.23,488294.35,107.32,54.19,281.84
"NT","West Daly",129.780227661133,-13.6986417770386,1,4.86,3.69,1053566.03,176433.63,11700320.33,109.11,55.04,286.73
"NT","Roper Gulf",135.890579223633,-13.6950063705444,1,2.52,2.91,3504.83,1142.84,16427.82,191.64,91.32,538.1
"NT","Roper Gulf",135.923812866211,-13.6842212677002,1,2.52,2.86,4175.81,1330.74,20190.41,174.19,83.73,484.44
"NT","Roper Gulf",136.004440307617,-13.6934099197388,1,2.51,3.05,5262.66,1633.88,26300.7,95.1,49.54,237.21
"NT","Roper Gulf",136.056793212891,-13.6940355300903,1,2.51,3,4567.39,1395.75,23774.8,127.18,64.49,326.78
"NT","East Arnhem",136.121627807617,-13.7175912857056,1,2.51,2.95,5581.54,1668.14,29870.47,122.75,62.82,310.65
"NT","East Arnhem",136.173385620117,-13.7052164077759,1,2.51,2.95,5411.69,1636.42,28382.16,179.19,85.59,503.53
"NT","East Arnhem",136.29817199707,-13.7048635482788,1,2.5,3.29,6167.81,1843.5,32758.74,75.91,41.25,177.42
"NT","East Arnhem",136.528045654297,-13.6917581558228,1,2.49,2.92,8366.25,2399.78,47010.9,215.86,102.61,603.58
"NT","East Arnhem",136.580825805664,-13.695595741272,1,2.5,3.19,7981.29,2301.19,44561.41,124.06,62.73,321.03
"NT","East Arnhem",136.736801147461,-13.7012596130371,1,2.5,3.1,7815.91,2281.99,42670.39,180.57,86.35,505.88
"NT","East Arnhem",136.840972900391,-13.7422332763672,1,2.5,4.4,6974.15,2069.32,37228.44,27.72,17.87,50.34
"NT","East Arnhem",136.905517578125,-13.683892250061,1,2.49,3.84,9971.03,2852.49,55611.84,18905.71,4697.94,131734.66
"QLDNorth","Aurukun",141.496292114258,-13.7013731002808,1,2.85,4.77,1970.58,693.01,8337.7,3534.49,1145.96,16737.43
"QLDNorth","Cook",143.547515869141,-13.6934080123901,1,2.7,2.81,10388820.02,1138935.74,217945786.87,111.99,56.26,296.08
"NT","West Daly",129.785232543945,-13.6622085571289,1,4.86,3.41,1335520.57,214377.82,15789832.29,163.98,80.75,437.28
"NT","Roper Gulf",135.901000976562,-13.657675743103,1,2.51,3.06,4353.34,1372.06,21432.07,84.11,44.73,203.36
"NT","East Arnhem",136.211380004883,-13.6547632217407,1,2.5,2.99,6361.19,1885.84,34240.34,162.8,79.56,440.79
"NT","East Arnhem",136.247131347656,-13.6674661636353,1,2.5,3.32,7001.69,2046.45,38454.5,58.8,33.33,129.15
"NT","East Arnhem",136.631286621094,-13.6539487838745,1,2.49,4.06,9453.76,2675.3,54028.2,44.07,26.64,87.52
"NT","East Arnhem",136.687850952148,-13.6470651626587,1,2.49,3.32,8338.77,2406.93,46311.43,1194338.21,176615.74,16566656.28
"QLDNorth","Aurukun",141.500549316406,-13.6437864303589,1,2.85,4.71,1899.7,669.93,8016.78,6780.35,2011.32,36284.49
"QLDNorth","Cook",143.552429199219,-13.6366357803345,1,2.7,2.61,10637890.6,1168927.77,221828800.85,192.09,90.51,551.31
"NT","West Daly",129.814453125,-13.5995311737061,1,4.86,4.53,971860.46,161510.09,10998564.77,42.86,25.97,84.84
"NT","Roper Gulf",135.870178222656,-13.563102722168,1,2.52,3.7,4112,1289.08,20538.03,18691.5,4665.27,129243.33
"QLDNorth","Aurukun",141.509521484375,-13.6043281555176,1,2.86,4.53,1776.32,631.52,7417.29,76098.55,16501.72,621218.31
"QLDNorth","Cook",143.572219848633,-13.5790777206421,1,2.69,2.63,13775650.21,1471837.8,297454549.11,193.2,90.9,555.77
"NT","West Daly",129.821243286133,-13.5355777740479,1,4.86,4.57,926371.27,154545.63,10441055.05,43.24,26.1,86.17
"NT","Roper Gulf",135.869903564453,-13.5495548248291,1,2.52,3.63,4221.26,1319.29,21166.83,23335.86,5623.93,169775.85
"QLDNorth","Aurukun",141.527908325195,-13.5470037460327,1,2.86,4.68,1537.17,556.19,6272.41,3938.23,1274.48,18571.65
"QLDNorth","Cook",143.588241577148,-13.5460176467896,1,2.69,4.67,16637784.06,1740165.67,369098158.77,248.5,118.38,685.18
"NT","West Daly",129.850234985352,-13.5061693191528,1,4.87,5.12,671815.77,115662.9,7292680.29,36206.84,8995.19,240981.89
"NT","West Daly",129.902450561523,-13.4935579299927,1,4.87,5.16,624096.94,107241.06,6830712.17,9120.41,2676.45,48789.27
"NT","West Daly",129.940780639648,-13.5258026123047,1,4.87,5.16,639869.79,109302.81,7068906.46,8834.98,2596.94,47219.37
"NT","West Daly",130.027862548828,-13.5131816864014,1,4.87,3.48,559015.06,96743.37,6081644.68,205.82,95.74,602.42
"NT","West Daly",130.057388305664,-13.4979190826416,1,4.87,3.7,545846.43,94960.47,5890207.44,318.05,143.92,949.79
"NT","Roper Gulf",135.865219116211,-13.4958066940308,1,2.51,3.56,4255.41,1319.88,21639.81,34557.64,7721.43,282570.69
"QLDNorth","Aurukun",141.570724487305,-13.4818162918091,1,2.87,4.52,1267.07,470.11,4998.44,104597.28,22740.77,831794.85
"QLDNorth","Cook",143.5888671875,-13.4853553771973,1,2.69,2.59,15788351.76,1685711.39,338158031.82,289.03,128.99,892.91
"NT","West Daly",130.10905456543,-13.4542531967163,1,4.87,3.69,569165.67,98776.9,6152834.53,325.12,146.47,977.64
"NT","Roper Gulf",135.897552490234,-13.4396333694458,1,2.52,3.57,4175.37,1294.33,21286.64,32283.68,7299.6,259303.18
"QLDNorth","Aurukun",141.59033203125,-13.4536457061768,1,2.87,4.56,1255.14,466.22,4944.07,62602.78,14243.98,473223.97
"QLDNorth","Cook",143.600875854492,-13.4387683868408,1,2.69,2.82,20016877.86,2084586.13,442025383.61,179.72,84.03,526.63
"NT","West Daly",130.180389404297,-13.402871131897,1,4.87,3.74,596672.08,102712.03,6527910.25,254.16,118.14,732.95
"NT","East Arnhem",135.897552490234,-13.3698320388794,1,2.5,3.27,7122.31,2034.9,40818.65,466225.97,73274.87,6169962.23
"QLDNorth","Aurukun",141.609786987305,-13.3996906280518,1,2.87,4.47,1222.23,455.46,4794.03,415057.95,74954.73,4254817.45
"QLDNorth","Lockhart River",143.600570678711,-13.4083948135376,1,2.69,4.19,20984095.71,2172984.61,466822386.45,728887.62,121994.05,8291733.4
"NT","West Daly",130.220947265625,-13.3501777648926,1,4.87,3.44,669141.87,113444.92,7474338.32,292.99,128.83,930.97
"NT","West Daly",130.262237548828,-13.3293323516846,1,4.86,3.73,919217.98,148430.44,11007400.97,256.08,118.7,741.99
"NT","East Arnhem",135.889038085938,-13.333327293396,1,2.5,3.17,6403.9,1846.4,36356.44,2445206.24,305878.42,44335937.43
"QLDNorth","Aurukun",141.653274536133,-13.3408317565918,1,2.87,4.46,1186.95,442.92,4653.53,541681.17,94498.91,5818089.42
"QLDNorth","Lockhart River",143.567672729492,-13.3663196563721,1,2.69,2.73,20312598.23,2119814.21,446360446.26,260.4,115.88,815.99
"NT","West Daly",130.253479003906,-13.2951908111572,1,4.87,3.52,779040.83,128761.84,9031460.22,416.94,172.36,1454.03
"NT","East Arnhem",135.911361694336,-13.2851896286011,1,2.5,2.99,6196.29,1789.31,35162.71,425.62,175.66,1486.52
"NT","East Arnhem",135.952835083008,-13.2815170288086,1,2.5,2.77,6780.29,1933.94,39135.92,630.7,249.24,2323.53
"NT","East Arnhem",135.971206665039,-13.2912464141846,1,2.5,2.77,7512.93,2124.14,43761.15,543.29,221.95,1897.67
"NT","East Arnhem",136.056686401367,-13.2895755767822,1,2.49,2.77,10606.82,2917.35,63473.47,652.54,260.47,2350.77
"NT","East Arnhem",136.093765258789,-13.2874994277954,1,2.48,2.75,15101.62,3977.15,95681.02,643.7,258.96,2286.33
"NT","East Arnhem",136.160675048828,-13.2757520675659,1,2.48,2.9,16197.62,4242.21,103187.67,431.81,179.82,1479.8
"NT","East Arnhem",136.188018798828,-13.277271270752,1,2.47,2.82,19490.04,4976.56,128582.32,449.23,187.8,1522.93
"NT","East Arnhem",136.379623413086,-13.2866468429565,1,2.48,3.34,17176.17,4458.89,110810.23,265.99,122.69,775.87
"NT","East Arnhem",136.388229370117,-13.2718229293823,1,2.48,3.72,17629.92,4562.13,114213.63,68844.15,13964.75,643866.35
"QLDNorth","Aurukun",141.660064697266,-13.3204278945923,1,2.87,4.89,1227.33,456.47,4830.52,883.9,346.92,3215.06
"QLDNorth","Lockhart River",143.526992797852,-13.2824659347534,1,2.69,2.57,29019594.7,2929168.56,662610573.41,645.83,255.4,2371.32
"NT","Unincorporated NT",130.206604003906,-13.2379312515259,1,4.87,3.47,785786.54,130155.61,9068468.1,538.86,215.96,1956.01
"NT","East Arnhem",136.249847412109,-13.2145385742188,1,2.47,2.77,28273.81,6818.49,202470.54,434.08,184.97,1421.63
"NT","East Arnhem",136.329574584961,-13.2455606460571,1,2.46,3.23,29275,7044.28,209995.2,343.74,152.79,1056.16
"NT","East Arnhem",136.478103637695,-13.2370557785034,1,2.47,3.57,20009.01,5098.93,132254.41,407598.96,63723.02,5508965.82
"QLDNorth","Cook",141.656646728516,-13.2088060379028,1,2.86,4.54,1483.56,537.37,6057.22,62903.98,14579.72,459291.52
"QLDNorth","Lockhart River",143.523818969727,-13.2410411834717,1,2.69,2.63,30455337.75,3062449.39,698082715.51,377.92,160.88,1253.62
"NT","Unincorporated NT",130.160278320312,-13.1823720932007,1,4.87,3.69,783886.19,128650.35,9203823.64,385.82,168.71,1212.85
"NT","East Arnhem",136.527069091797,-13.1586847305298,1,2.47,4.59,22637.53,5672.57,153126.95,27268.46,6991.22,174405.86
"QLDNorth","Cook",141.630081176758,-13.16588306427,1,2.86,2.92,1711.07,608.6,7158.27,385.86,163.62,1287.71
"NT","Unincorporated NT",130.114105224609,-13.1344156265259,1,4.87,3.94,857341.07,136947.96,10524038.09,224.86,105.92,637.9
"NT","East Arnhem",136.537155151367,-13.1309747695923,1,2.47,4.05,22981.92,5777.68,154324.79,7341.78,2131.97,40683.86
"QLDNorth","Cook",141.620162963867,-13.124195098877,1,2.85,4.6,1878.41,656.81,8063.9,4525.7,1486.36,20568.14
"QLDNorth","Lockhart River",143.518127441406,-13.1592617034912,1,2.68,2.52,42806670.31,4135802.79,1033379590.83,563.52,228.41,1993.11
"NT","Unincorporated NT",130.114456176758,-13.0841131210327,1,4.86,3.95,925530.08,145490.13,11646384.05,242.16,112.78,698.24
"NT","East Arnhem",136.566558837891,-13.0734424591064,1,2.47,3.9,25737.68,6385.58,175790.21,23447.06,5911.97,156347.31
"QLDNorth","Cook",141.6103515625,-13.0873231887817,1,2.85,4.59,2117.85,726.74,9342.47,4566.31,1494.01,20886.97
"QLDNorth","Lockhart River",143.515731811523,-13.0599708557129,1,2.68,2.55,47700187.6,4529598.87,1180646166.57,746.62,288.96,2826.73
"NT","Unincorporated NT",130.122955322266,-13.0372858047485,1,4.86,4.65,998198.81,154660.93,12839636.58,50.52,29.44,106.48
"NT","East Arnhem",136.57878112793,-13.0233087539673,1,3.06,4.2,28540.27,6986.26,198506.39,714110.85,107174.44,10000313.9
"QLDNorth","Cook",141.586227416992,-13.0197448730469,1,2.84,4.41,2907.19,955.4,13609.73,193054.51,37014.86,1862923.06
"QLDNorth","Lockhart River",143.51904296875,-13.0131874084473,1,2.68,3.5,46868313.82,4452357.03,1160553535.04,97.12,51.56,233.1
"NT","Unincorporated NT",130.12239074707,-12.9755773544312,1,4.86,4.2,1097161.59,167258.73,14455091.01,298970.51,52295.24,3328476.86
"QLDNorth","Cook",141.588531494141,-12.9803609848022,1,2.84,4.41,2994.25,977.71,14160.16,193126.97,37024.61,1863966.46
"QLDNorth","Lockhart River",143.517974853516,-12.9657983779907,1,2.68,2.68,52452837.27,4899954.84,1330067246.29,409.54,171.78,1389.67
"NT","Unincorporated NT",130.135223388672,-12.9322748184204,1,4.86,4.96,1008736.75,155411.21,13104449.67,36.52,22.23,72.46
"NT","East Arnhem",136.641296386719,-12.9444522857666,1,3.04,4.4,56703.29,12425.89,463401.34,76340.89,16637.4,617205.83
"QLDNorth","Cook",141.600860595703,-12.9469728469849,1,2.84,4.59,3077.55,1000.11,14658.82,5796.52,1816.81,28267.91
"QLDNorth","Lockhart River",143.529708862305,-12.8848037719727,1,2.68,4.57,50729614.83,4795673.96,1261033778.25,473.49,208.59,1446.88
"NT","Unincorporated NT",130.171524047852,-12.906626701355,1,4.86,5.67,922048.35,143101.54,11887627.74,141.49,72.75,351.38
"NT","Unincorporated NT",130.196426391602,-12.9086303710938,1,4.87,5.92,725995.6,115690.39,9054639.82,57.73,33.47,121.71
"NT","Unincorporated NT",130.296234130859,-12.9128503799438,1,4.87,3.31,719431.57,114458.06,9006114.45,634.42,250.36,2342.53
"NT","Unincorporated NT",130.328811645508,-12.8758211135864,1,4.87,4.6,537961.26,90795.48,6148060.1,53.83,31.06,115.1
"NT","East Arnhem",136.557159423828,-12.8782138824463,1,3.05,4.4,48129.54,10871.19,375701.34,69121.69,15383.68,540906.8
"QLDNorth","Cook",141.638122558594,-12.9087953567505,1,2.84,5.4,2906.75,951.25,13718.25,55.71,32.47,116.59
"QLDNorth","Lockhart River",143.539016723633,-12.8579549789429,1,2.68,2.5,55296601.04,5183025.76,1388610659.25,807.56,309.35,3100.24
"NT","Unincorporated NT",130.34684753418,-12.8370552062988,1,4.87,4.13,659703.41,107364.6,7960364.64,136.23,68.76,351.32
"NT","East Arnhem",136.584808349609,-12.8217754364014,1,3.05,4.56,46751.67,10645.94,360105.96,33679.45,8170.19,235519.14
"QLDNorth","Cook",141.722412109375,-12.8567161560059,1,2.85,3.88,2399.03,804.73,10953.11,35433.33,8518.25,251157.82
"QLDNorth","Lockhart River",143.435653686523,-12.8476600646973,1,2.69,3.37,35138990.55,3602246.49,770079638.23,257393.54,46282.31,2748389.7
"QLDNorth","Lockhart River",143.455703735352,-12.8457956314087,1,2.69,4.3,36955383.23,3747656.97,823534639.76,5422.2,1708.98,26286.58
"QLDNorth","Lockhart River",143.529418945312,-12.8364248275757,1,2.69,2.41,33093942.77,3368742.72,737559510.07,991.35,373.67,3864.47
"NT","Unincorporated NT",130.347030639648,-12.7727603912354,1,4.87,4.16,651110.92,106465.15,7794626.41,122.57,62.75,309.99
"NT","East Arnhem",136.627563476562,-12.7711372375488,1,3.03,3.81,97829.47,19745.38,899062.87,317350670.67,23961565.93,10615529138.48
"QLDNorth","Aurukun",141.76823425293,-12.7761564254761,1,2.85,4.86,2274.45,769.25,10261.98,386.37,174.62,1141.16
"QLDNorth","Lockhart River",143.409057617188,-12.7623558044434,1,2.69,2.54,39578782.98,3974493.36,894164969.98,446.39,184.69,1545.25
"NT","Unincorporated NT",130.343002319336,-12.7198734283447,1,4.87,4.17,662048.6,108130.86,7933389.85,118.45,60.95,297.46
"NT","East Arnhem",136.684844970703,-12.7146396636963,1,3.03,4.14,130390.38,25253.02,1269726.93,6056209.06,743164.96,106671663.19
"QLDNorth","Aurukun",141.782638549805,-12.7518548965454,1,2.85,4.78,2187.24,744.06,9787.54,677.5,284.76,2206.61
"QLDNorth","Cook",143.39924621582,-12.7117786407471,1,2.68,2.43,45246084.61,4417846.36,1067298350.82,684.63,268.9,2535.81
"NT","Unincorporated NT",130.332962036133,-12.6523551940918,1,4.87,3.67,715381.33,115656.7,8691833.99,291835524.35,21829296.46,9987303919.22
"NT","East Arnhem",136.700820922852,-12.7017507553101,1,3.02,5.09,162308.6,30525.22,1645187.09,165896.23,33416.33,1474724.46
"QLDNorth","Cook",143.423385620117,-12.6772890090942,1,2.68,4.28,47217109.3,4559516.64,1133694252.05,110987.38,24142,878472.3
"NT","Unincorporated NT",130.377838134766,-12.6138553619385,1,4.87,5.11,498210.31,85658.76,5528399.14,117229.32,25371.09,933307.34
"NT","Unincorporated NT",130.419662475586,-12.6096591949463,1,4.88,3.16,271788.81,52763.66,2505342.48,541.64,218.77,1935.33
"NT","Unincorporated NT",130.484481811523,-12.6222324371338,1,4.88,3.79,289774.13,56016.56,2681233.92,179.61,87.44,486.39
"NT","East Arnhem",136.719665527344,-12.6018924713135,1,3.02,4.15,196006.03,36065.12,2043105.56,183.47,88.93,500.11
"QLDNorth","Cook",141.622665405273,-12.5852575302124,1,2.83,3.86,3928.85,1241.67,19386.42,77.08,42.26,176.92
"QLDNorth","Napranum",141.674560546875,-12.5665149688721,1,2.83,3.68,3804.16,1203.63,18775.24,115.14,59.59,286.51
"QLDNorth","Napranum",141.770690917969,-12.5717830657959,1,2.84,3.81,2841.31,934.07,13315.47,51942.16,11934.28,390451.63
"QLDNorth","Napranum",141.81477355957,-12.6042404174805,1,2.85,4.85,2359.45,796.53,10654,3779.07,1244.47,17295.33
"QLDNorth","Cook",143.452697753906,-12.6201343536377,1,2.68,2.8,44580401.46,4335421.18,1060432690.03,265.93,117.11,849.41
"NT","Unincorporated NT",130.523040771484,-12.5665369033813,1,4.89,3.92,184932.46,38296.48,1551436.84,114.41,59.4,283.14
"NT","East Arnhem",136.779830932617,-12.5793428421021,1,3.02,5.31,261421.53,46244.64,2876678.12,48896.36,11902.92,331452.44
"QLDNorth","Napranum",141.583908081055,-12.562424659729,1,2.82,3.01,4788.35,1471.93,24555.22,380.99,159.39,1307.39
"NT","Unincorporated NT",130.521713256836,-12.5568056106567,1,4.89,3.95,192217.17,39570.69,1626146.63,113.58,58.84,282.37
"NT","East Arnhem",136.790542602539,-12.5159950256348,1,3.02,4.41,267487.05,47221.99,2949853.78,148679.83,29482.12,1371243.45
"QLDNorth","Napranum",141.599563598633,-12.5275497436523,1,2.83,3.8,3659.89,1161.16,18020.68,194589.65,36904.2,1915770.54
"QLDNorth","Cook",143.296890258789,-12.5310916900635,1,2.68,4.56,45305679.3,4415803.13,1072128988.38,1119.33,432.34,4127.3
"QLDNorth","Cook",143.351959228516,-12.5580320358276,1,2.68,3.62,43808262.63,4280511.07,1034170334.44,609.89,242.26,2230.34
"NT","Unincorporated NT",130.579360961914,-12.4699602127075,1,4.89,4.36,188014.04,38551.71,1604397.18,617.68,245.41,2255.42
"NT","East Arnhem",136.007431030273,-12.4501485824585,1,3.05,3.33,31214.55,7418.49,228203.48,483.2,200.97,1644.97
"NT","East Arnhem",136.043746948242,-12.4668569564819,1,3.05,3.33,31494.72,7487.36,229965.49,549.38,227.57,1866.51
"NT","East Arnhem",136.096862792969,-12.4541425704956,1,3.06,3.35,27751.31,6699.32,198614.49,517.41,216.79,1727.39
"NT","East Arnhem",136.16194152832,-12.4605350494385,1,3.06,2.03,22985.77,5704.43,158205.22,1318.49,471.62,5566.59
"NT","East Arnhem",136.208679199219,-12.4597396850586,1,3.06,3.46,20902.05,5260.98,141014.04,44.36,26.25,91.6
"NT","East Arnhem",136.842422485352,-12.4660263061523,1,3.01,4.25,374425.59,63917.62,4295979.15,941210.91,143456.89,12538410
"QLDNorth","Napranum",141.621734619141,-12.4828300476074,1,2.83,4.57,3363.75,1079.93,16291.54,57302.03,13658.35,399733.34
"QLDNorth","Cook",143.280548095703,-12.4559621810913,1,2.68,4.46,47837554.77,4657290.58,1130462893.41,9087.51,2677.63,48257.99
"NT","Unincorporated NT",130.574981689453,-12.4141578674316,1,4.89,4.38,192728.42,39420.65,1649551.18,602.73,239.77,2199.7
"NT","Unincorporated NT",130.737930297852,-12.4244041442871,1,4.89,4.24,105557.78,24502.15,744843.73,505.1,213.09,1667.15
"NT","East Arnhem",136.007141113281,-12.4255781173706,1,3.05,2.11,31350.07,7454.35,228905.84,681.25,264.79,2576.95
"NT","East Arnhem",136.269180297852,-12.4234352111816,1,3.06,3.44,20872.42,5282.77,139341.79,49.6,28.9,104.66
"NT","East Arnhem",136.891830444336,-12.411304473877,1,3.02,4.27,185563.16,35294.1,1823052.92,595097.22,97072.97,7201280.94
"QLDNorth","Napranum",141.647598266602,-12.4201831817627,1,2.83,4.63,3442.97,1101.64,16754.65,52145.34,12409.49,367024.89
"QLDNorth","Cook",143.277847290039,-12.4190196990967,1,2.68,4.21,47201679.05,4600727.58,1114002745.67,37555.81,9939.48,222276.96
"NT","Unincorporated NT",130.635986328125,-12.3838605880737,1,4.89,5.18,121963.96,27937.04,874075.36,22140.48,5955.86,131330.67
"NT","Unincorporated NT",130.667068481445,-12.3975095748901,1,4.9,4.19,92526.22,22151.1,622485.72,1411.69,500.97,6020.29
"NT","Darwin",130.817459106445,-12.4013233184814,1,4.9,4.19,84000,20161.38,565612.9,515.79,217.37,1703.37
"NT","East Arnhem",135.99885559082,-12.3609342575073,1,3.05,2.68,37621.54,8742.14,283238.24,185.79,86.23,551.01
"NT","East Arnhem",136.310104370117,-12.3572044372559,1,3.06,3.57,22944.27,5761.8,154416.91,42.47,25.31,86.82
"NT","East Arnhem",136.953399658203,-12.3545627593994,1,3.03,4.46,106762.51,21819.29,951935.33,30907.53,7480.59,218394.6
"QLDNorth","Napranum",141.668304443359,-12.3724431991577,1,2.83,4.69,3625.35,1148.16,17924.66,36460.22,9940.63,205025.29
"QLDNorth","Cook",143.267303466797,-12.3943920135498,1,2.68,4.26,49041932.87,4729891.55,1177310111.02,34901.22,9512.26,196846.76
"NT","Darwin",130.900207519531,-12.3259315490723,1,4.89,4.67,136388.96,30665.91,1004082.75,1541.75,559.71,6249.85
"NT","Litchfield",130.947967529297,-12.3396530151367,1,4.89,4.49,140348.38,31308.61,1046194.88,30404.16,7185.54,225124.26
"NT","Unincorporated NT",132.011322021484,-12.290732383728,1,4.85,4.73,4096667.89,533227.16,66356275.41,4405.92,1343.06,23109.44
"NT","Unincorporated NT",132.053909301758,-12.3023500442505,1,4.85,4.94,3983477.03,513699.25,65777812.26,565.45,235.25,1901.15
"NT","East Arnhem",136.012054443359,-12.2994518280029,1,3.05,2.54,37828.11,8752.46,287030.15,152.86,76.41,398.18
"NT","East Arnhem",136.320724487305,-12.3121032714844,1,3.06,3.58,26579.6,6547.41,183604.88,44.33,26.3,91.13
"NT","East Arnhem",136.937927246094,-12.3128938674927,1,3.03,3.96,138357.6,27432.26,1282772.44,51914409.53,4814327.94,1335377624.12
"QLDNorth","Napranum",141.679977416992,-12.3266019821167,1,2.83,3.82,3677.78,1160.15,18303.74,129512.18,25425.71,1229403.5
"QLDNorth","Cook",143.083145141602,-12.314151763916,1,2.69,3.09,35426959.15,3585205.62,794636278.27,815320.46,128244.7,10337442.03
"QLDNorth","Cook",143.162658691406,-12.3421659469604,1,2.69,3.11,38412263.07,3818772.23,885740841.73,909025.08,139625.66,11963193.23
"QLDNorth","Cook",143.197570800781,-12.3469867706299,1,2.68,4.22,43922514.96,4280725.84,1041599567.26,56947.27,13362.04,409097.4
"QLDNorth","Cook",143.218353271484,-12.3574123382568,1,2.68,3.5,45583784.04,4436266.46,1081268714.43,4235.78,1259.16,23416.74
"NT","Litchfield",130.999145507812,-12.2127170562744,1,4.89,4.28,169049.16,36888.86,1297003.29,4019.63,1211.73,21708.82
"NT","Unincorporated NT",131.4208984375,-12.2685308456421,1,4.86,5.33,1495501.46,221065.18,20439033.99,2321.21,777.02,10667.44
"NT","Unincorporated NT",131.472625732422,-12.2777271270752,1,4.86,5.33,1263259.86,192645.38,16474687.86,2331.86,780.19,10723.09
"NT","Unincorporated NT",131.535339355469,-12.2733945846558,1,4.86,5.34,1464352.02,217638.47,19839431.52,2436.32,812.07,11247.52
"NT","Unincorporated NT",131.577728271484,-12.2796277999878,1,4.85,5.35,2198847.82,306059.15,32766491.21,2081.49,715.24,9169.88
"NT","Unincorporated NT",131.631881713867,-12.2783536911011,1,4.85,5.92,4824885.55,594581.35,85636166.78,95.79,50.54,232.91
"NT","Unincorporated NT",131.682693481445,-12.2791233062744,1,4.85,6.07,5019609.12,615744.37,89619504.36,62.89,35.98,135.12
"NT","Unincorporated NT",131.736846923828,-12.2702016830444,1,4.85,5.54,2543656.97,349534.37,38445109.86,1674.75,602.56,6864.9
"NT","Unincorporated NT",131.78694152832,-12.2552947998047,1,4.85,5.44,2840299.95,380519.41,44683107.72,27877.05,6709.76,200584.42
"NT","Unincorporated NT",131.943099975586,-12.2689266204834,1,4.85,4.82,3715896.88,499534.01,57049282.67,924,354.89,3491.94
"NT","West Arnhem",132.108551025391,-12.2662086486816,1,4.85,4.73,4708922.97,599286.81,78804296.58,249.32,111.89,771.11
"NT","East Arnhem",135.691482543945,-12.2486267089844,1,3.06,3.19,20777.82,5135.63,145226.26,3604.13,1135.78,18000.11
"NT","East Arnhem",135.742370605469,-12.2635383605957,1,3.06,3.46,25469.12,6161.76,182688.67,1636.97,596.98,6550.79
"NT","East Arnhem",135.998382568359,-12.260082244873,1,3.05,3.45,32023.54,7533.2,238313.5,1648.35,602.22,6570.7
"NT","East Arnhem",136.234939575195,-12.2211036682129,1,3.05,3.39,39689.62,9234.61,296913.4,612.26,252.25,2085.08
"NT","East Arnhem",136.256134033203,-12.2178087234497,1,3.05,2.57,38081.01,8919.92,282107.61,164.07,80.72,438.35
"NT","East Arnhem",136.341003417969,-12.2645406723022,1,3.06,3.49,28148.29,6923.02,194219.6,53.1,30.77,112.68
"NT","East Arnhem",136.929595947266,-12.2793607711792,1,3.03,4.11,128069.95,25744.81,1163154.07,5122543.49,634272.95,89735415.08
"QLDNorth","Napranum",141.701065063477,-12.2661838531494,1,2.83,4.66,3474.56,1101.84,17191.66,73320.45,16576.6,555013.21
"QLDNorth","Cook",143.099166870117,-12.2576332092285,1,2.69,3.42,33239779.58,3400833.25,733690834.88,6583.05,1956.24,35185.63
"NT","Litchfield",130.989242553711,-12.1898794174194,1,4.88,4.6,199616.3,42578.99,1580138.63,853.45,338.93,3043.43
"NT","Unincorporated NT",131.348663330078,-12.2170190811157,1,4.86,5.61,2013999.64,282071.35,29844316.16,1110.26,423.98,4185.52
"NT","Unincorporated NT",131.858276367188,-12.2237243652344,1,4.86,5.7,1859283.68,269178.98,26034126.27,2697.68,910.5,12067
"NT","Unincorporated NT",131.896331787109,-12.2106943130493,1,4.85,5.51,3275417.2,441648.76,50422932.18,644.34,252.12,2416.44
"NT","West Arnhem",132.162353515625,-12.21364402771,1,4.85,5.35,4538512.63,595225.58,71998395.29,569.82,227.61,2072.44
"NT","East Arnhem",135.002471923828,-12.2035093307495,1,3.06,3.4,25571.54,6315.82,176242.58,579.99,231.67,2106.45
"NT","East Arnhem",135.035659790039,-12.2280006408691,1,3.07,3.44,17813.36,4685.59,111787.67,465.99,190.76,1641.47
"NT","East Arnhem",135.105743408203,-12.2389240264893,1,3.07,2.8,17353.15,4533.74,110512.49,927.72,355.99,3511.28
"NT","East Arnhem",135.218414306641,-12.1919298171997,1,3.06,2.82,29271.27,7156.53,203690.99,203.88,94.11,606.42
"NT","East Arnhem",135.662689208984,-12.2106456756592,1,3.06,3.34,19600.73,4829.38,138466.87,587.02,235.86,2105.31
"NT","East Arnhem",135.787216186523,-12.2126140594482,1,3.06,3.52,27327.09,6561.61,197831.94,724.64,288.98,2594.2
"NT","East Arnhem",136.014984130859,-12.2320241928101,1,3.05,3.07,36275.64,8423.86,274185.56,111.69,57.94,277.37
"NT","East Arnhem",136.150787353516,-12.1998643875122,1,3.05,2.93,47100.19,10629.88,368828.81,91.04,47.6,226.18
"NT","East Arnhem",136.623153686523,-12.2152996063232,1,3.03,4.35,103194.48,21022.95,927984.13,56.87,32.68,121.99
"NT","East Arnhem",136.877563476562,-12.2180404663086,1,3.03,3.9,89248.84,18865.87,756039.9,48151148.52,4482998.78,1235705018.39
"QLDNorth","Napranum",141.713638305664,-12.2316465377808,1,2.83,4.94,3693.02,1161.02,18494.75,826.71,337.3,2808.27
"QLDNorth","Cook",143.099227905273,-12.2135963439941,1,2.69,3.43,29325942.91,3062945.87,628166647.2,46942.54,10609.93,366650.19
"NT","Litchfield",130.992370605469,-12.1579141616821,1,4.91,4.28,47396.14,11770.71,310355.19,267430.72,52684.95,2402243.79
"NT","Litchfield",131.153396606445,-12.1661376953125,1,4.87,4.99,719605.12,121967.86,8004473.93,3879.86,1193.18,20204.45
"NT","Unincorporated NT",131.233428955078,-12.1843738555908,1,4.86,5.23,904690.76,150682.12,10242393.02,1479274.76,204846.87,22897996
"NT","Unincorporated NT",131.357284545898,-12.1176900863647,1,4.85,5.46,2204074.59,308057.78,32585415.88,3933688.12,475887.61,73387551.95
"NT","West Arnhem",132.228332519531,-12.1744031906128,1,4.84,5.22,7563210.46,920137.78,133380747.9,369630.93,59726.91,4719473.52
"NT","West Arnhem",132.27033996582,-12.1444568634033,1,4.84,5.14,7845397.14,971657.89,133548899.49,2166534.14,278515.4,37607431.75
"NT","West Arnhem",132.337219238281,-12.1548480987549,1,4.84,5.13,9748045.97,1185448.92,169260334.38,1445672.41,195447.23,23479567.66
"NT","West Arnhem",132.359786987305,-12.1572351455688,1,4.82,5.3,144023068.41,13106352.31,3597705852.64,348.57,152.9,1097.46
"NT","West Arnhem",132.430633544922,-12.1582050323486,1,4.83,5.02,42137229.93,4434660.72,870518080.75,809.89,312.57,3063.22
"NT","East Arnhem",134.950958251953,-12.1458263397217,1,3.04,2.8,67069.79,14458.21,558690.28,965.35,368.79,3673.85
"NT","East Arnhem",135.274459838867,-12.1687259674072,1,3.06,2.71,22817.78,5799.91,150132.7,1940.72,679.91,8280.65
"NT","East Arnhem",135.686782836914,-12.1477298736572,1,3.06,3.36,19627.04,4840.44,138383.48,253.29,113.93,778.8
"NT","East Arnhem",135.699523925781,-12.1348676681519,1,3.06,3.38,20518.2,5031.92,145748.16,202.88,94.03,598.84
"NT","East Arnhem",135.855804443359,-12.1677484512329,1,3.06,3.45,27289.52,6581.09,195938.08,180.58,84.69,525.73
"NT","East Arnhem",135.897903442383,-12.1618242263794,1,3.06,3.31,24024.98,5903.67,167972.42,830.14,324.56,3056.15
"NT","East Arnhem",135.946105957031,-12.149995803833,1,3.06,3.25,25763.29,6312.2,180213.98,89.49,47.43,216.77
"NT","East Arnhem",136.159606933594,-12.1591968536377,1,3.06,3.15,24933.27,6209.39,169464.33,170.57,83.22,461.72
"NT","East Arnhem",136.60107421875,-12.1814622879028,1,3.03,3.35,112675.37,22604.87,1036698.16,445.9,190.33,1452.53
"NT","East Arnhem",136.733840942383,-12.1676731109619,1,3.03,3.42,117897.64,23709.68,1076244.97,272.38,121.52,846.06
"NT","East Arnhem",136.786148071289,-12.1561899185181,1,3.04,4.01,69722.13,14934.27,586251.67,173.24,85.21,461.22
"NT","East Arnhem",136.828033447266,-12.1474151611328,1,3.04,3.84,73456.13,15972.32,598036.99,36767267.59,3587383.93,880315337.12
"QLDNorth","Mapoon",141.757308959961,-12.1580944061279,1,2.84,4.8,3097.23,997.14,15014.47,1716.77,644.26,6492.33
"QLDNorth","Cook",143.101211547852,-12.1522407531738,1,2.69,3.69,21933518.41,2395294.35,440882324.68,7111.82,2180.51,35646.39
"NT","Unincorporated NT",131.005920410156,-12.1143760681152,1,4.87,4.5,520486.16,96927.85,4974357.68,39984.01,9520.01,286198.14
"NT","Unincorporated NT",131.051452636719,-12.1018924713135,1,4.86,4.88,1861750.84,271907.6,25644698.17,111938.84,22048.94,1067308.93
"NT","Unincorporated NT",131.092559814453,-12.0813102722168,1,4.86,4.98,1298356.31,197988.81,16902884.03,4142.52,1264.52,21774.76
"NT","Unincorporated NT",131.246597290039,-12.1323003768921,1,4.86,5.81,1055157,172033.7,12303188.97,7262.09,2134.36,39358.55
"NT","Unincorporated NT",131.364242553711,-12.101393699646,1,4.85,6.02,2564952.34,352690.03,38697945.01,6561.94,1970.55,34387.56
"NT","West Arnhem",132.488006591797,-12.1299524307251,1,4.83,5.34,24857816.7,2770114.26,477850171.63,5847.7,1789.49,29811.52
"NT","West Arnhem",132.530609130859,-12.1093482971191,1,4.83,5.36,60748870.62,6083576.86,1343455071.56,5033.35,1565.73,25141.32
"NT","West Arnhem",132.583312988281,-12.1053695678711,1,4.83,5.09,55392417.51,5801182.67,1136191912.98,390.87,168.64,1259.63
"NT","West Arnhem",132.637435913086,-12.0965223312378,1,4.83,4.67,65031612.52,6851351.12,1307887647.33,4286.53,1329.73,21779.79
"NT","East Arnhem",134.950317382812,-12.1034984588623,1,3.03,2.69,95266.35,19611.77,844664.66,356.37,151.41,1192.64
"NT","East Arnhem",135.318801879883,-12.110463142395,1,3.06,2.68,29203.38,7249.6,197481.86,615.78,250.44,2148.74
"NT","East Arnhem",135.761627197266,-12.0824356079102,1,3.06,3.04,21939.85,5355.83,156432.87,149.05,72.83,406.48
"NT","East Arnhem",136.12760925293,-12.083664894104,1,3.05,3.43,33089.49,7928.47,237166.67,165.31,81.95,435.06
"NT","East Arnhem",136.58869934082,-12.1013021469116,1,3.03,3.9,119841,23696.32,1128513.71,787228.25,123006.17,10132287.75
"QLDNorth","Mapoon",141.770416259766,-12.1294441223145,1,2.84,4.05,2774.68,908.28,13134.45,1739.43,611.68,7428.77
"QLDNorth","Cook",143.139129638672,-12.0931539535522,1,2.69,3.4,20153934.3,2224071.79,399537318.01,1950.51,659.38,8915.09
"NT","Unincorporated NT",131.270263671875,-12.0644159317017,1,4.86,5.64,1414951.73,225982.65,16824174.79,2526310.24,344186.23,38820135.21
"NT","Unincorporated NT",131.307174682617,-12.0514507293701,1,4.85,5.66,3766664.33,497840.31,59626976.44,133.94,64.19,383.32
"NT","West Arnhem",132.623382568359,-12.0515365600586,1,4.83,4.4,18600251.09,2235376.71,317392973.58,949.05,346.69,3949.71
"NT","West Arnhem",134.370147705078,-12.0470180511475,1,3.01,3.44,471887.28,75267.98,6062735.27,914.58,336.31,3768.38
"NT","West Arnhem",134.421295166016,-12.060338973999,1,3.01,3.67,371470.29,61214.55,4563546.11,311.1,133.44,1033.48
"NT","West Arnhem",134.468276977539,-12.0629529953003,1,3.02,3.68,292767.77,49777.64,3447707.39,336.51,143.44,1124.28
"NT","West Arnhem",134.524398803711,-12.0610952377319,1,3.02,4.09,234794.69,41055.4,2663646.81,275.54,124.9,828.91
"NT","West Arnhem",134.58024597168,-12.052583694458,1,3.02,3.61,207937.85,36903.77,2313504.88,4419.34,1369.38,22452.05
"NT","East Arnhem",134.945770263672,-12.0735340118408,1,3.04,3.18,69395.98,14987.94,574573.21,3400.18,1090.59,16484.77
"NT","East Arnhem",135.373519897461,-12.0797023773193,1,3.06,3.31,29296.17,7306.66,196336.22,1291.69,481.26,5047.85
"NT","East Arnhem",135.420715332031,-12.078875541687,1,3.05,2.61,33488.04,8106.14,235235.48,1416.06,495.42,6209.16
"NT","East Arnhem",135.498672485352,-12.0264129638672,1,3.05,2.72,36803.3,8822.92,261553.2,499.65,208.34,1688.2
"NT","East Arnhem",135.816177368164,-12.0222206115723,1,3.06,3.22,22947.93,5592.95,163563.77,88.67,46.18,222.56
"NT","East Arnhem",136.111434936523,-12.0630779266357,1,3.04,3.52,57257.11,12466.86,473389.81,152.45,76.98,389.63
"NT","East Arnhem",136.56086730957,-12.0609130859375,1,3.03,3.65,108577.73,21690.04,1009928.22,27915424.02,2817393.65,639181271.3
"QLDNorth","Mapoon",141.803771972656,-12.0563097000122,1,2.84,4.22,2500.56,832.01,11560.72,2350085.17,319208.05,36501414.54
"QLDNorth","Cook",143.156799316406,-12.0544710159302,1,2.69,3.13,20072691.18,2213788.09,398463648.67,1832.2,593.8,9161.18
"NT","West Arnhem",132.620742797852,-11.9969520568848,1,4.84,4.15,9535364.13,1193804.01,157212989.5,12518.39,3084.97,91774.71
"NT","West Arnhem",134.184463500977,-11.9982357025146,1,3.01,3.24,626883.59,95710.16,8577381.15,8893.82,2400.03,55998.94
"NT","West Arnhem",134.250152587891,-12.0107345581055,1,3.01,3.81,619030.33,94296.8,8515573.61,306.98,133.37,995.03
"NT","West Arnhem",134.316650390625,-12.0093860626221,1,3.01,3.92,623277.86,96327.54,8332974.79,284.33,128.9,853.15
"NT","West Arnhem",134.649963378906,-12.0148496627808,1,3.02,3.55,233735.12,40630.21,2683069.45,1296.33,485.83,5008.46
"NT","East Arnhem",134.843780517578,-12.0023307800293,1,3.02,3.51,291735.18,51472.94,3200451.7,1306.26,486.16,5111.16
"NT","East Arnhem",134.901092529297,-12.0129470825195,1,3.02,2.75,196724.05,36851.67,1981090.19,1411.43,494.21,6180.2
"NT","East Arnhem",135.511871337891,-12.0182876586914,1,3.05,2.6,36821.7,8832.99,261359.31,832.15,323.06,3104.98
"NT","East Arnhem",135.835510253906,-12.0029325485229,1,3.06,3.02,24398.77,5894.18,176080.25,227.46,101.51,717.03
"NT","East Arnhem",136.157913208008,-12.0233201980591,1,3.06,3.51,24908.15,6232.5,167794.77,186.2,91.8,490.96
"NT","East Arnhem",136.545349121094,-12.0239019393921,1,3.03,3.58,107763.74,21455.61,1009371.13,43580046.3,4280730.31,1019154719.79
"QLDNorth","Mapoon",141.819412231445,-12.0283946990967,1,2.85,4.27,2292.71,772.41,10416.3,507769.98,89128.93,5414859.21
"QLDNorth","Cook",143.176895141602,-12.0172853469849,1,2.69,3.77,18981451.26,2099414.59,376160710,9171.21,2602.62,52249.21
"NT","Tiwi Islands",130.948303222656,-11.9423351287842,1,4.87,4.87,752813.95,135527.73,7483871.59,2359833.75,329652.28,34762091.99
"NT","Tiwi Islands",130.982147216797,-11.933723449707,1,4.86,4.59,1824444.7,265338.82,25362682.93,1390.43,468.62,6583.01
"NT","West Arnhem",132.631072998047,-11.9484176635742,1,4.84,4.64,12359345.77,1506150.36,210681430.83,637.59,252.71,2333.08
"NT","West Arnhem",134.210144042969,-11.9517621994019,1,3,3.62,960401.83,142732.3,13404391.81,1026.47,386.84,3991.94
"NT","West Arnhem",134.68896484375,-11.9589719772339,1,3.01,3.52,448045.42,73013.08,5545038.18,845.93,330.76,3109.42
"NT","West Arnhem",134.740509033203,-11.9548368453979,1,3.01,3.79,430502.42,70573.64,5282968.01,287.52,132.09,840.26
"NT","East Arnhem",134.776611328125,-11.9581813812256,1,3.01,3.63,579275.1,92449.98,7321177.67,416.77,182.23,1303.04
"NT","East Arnhem",135.581314086914,-11.9595603942871,1,3.05,2.57,42831.03,10161.15,307207.13,1202.62,430.13,5116.62
"NT","East Arnhem",135.61979675293,-11.9580116271973,1,3.05,2.8,38708.33,9351.02,270222.52,350.14,152.67,1115
"NT","East Arnhem",135.849609375,-11.9655447006226,1,3.07,3.27,17599.11,4431.19,120200.66,853.09,332.28,3157.07
"NT","East Arnhem",136.203155517578,-12.0004482269287,1,3.06,3.21,28584.98,7015.5,197812.29,1774.5,627.88,7477.84
"NT","East Arnhem",136.275833129883,-11.9708499908447,1,3.05,3.16,41483.81,9699.16,306509.85,2666.12,899.95,11933.49
"NT","East Arnhem",136.313903808594,-11.9524831771851,1,3.05,3.09,49433.92,11290.57,377096.97,613.9,236.58,2383.48
"NT","East Arnhem",136.343872070312,-11.947639465332,1,3.04,3.5,59345.43,13170.22,471897.03,248.72,117.78,693.45
"NT","East Arnhem",136.528594970703,-11.9510841369629,1,3.03,3.81,107527.4,21291.64,1017991.98,209.75,101.87,564.21
"QLDNorth","Mapoon",141.865600585938,-11.9639463424683,1,2.85,3.46,1881.79,652.64,8205.7,2005408.07,283557.39,29198547.92
"QLDNorth","Mapoon",141.897277832031,-11.9500980377197,1,2.86,4.38,1611.72,569.59,6857.48,55824.22,13361.34,387110.85
"QLDNorth","Cook",143.157455444336,-11.9466142654419,1,2.69,4.09,33635995.94,3374795.24,769133771.99,31891.54,8778.44,177620.73
"NT","Tiwi Islands",130.504669189453,-11.8403720855713,1,4.88,5.13,335551.95,63621.54,3187616.82,44822.96,11827.46,264076.68
"NT","Tiwi Islands",130.807876586914,-11.8504104614258,1,4.9,5,85296.77,20759.9,559801.39,29757.5,8120.21,168968.75
"NT","Tiwi Islands",130.874359130859,-11.8713722229004,1,4.89,4.27,108704.96,25507.95,751104,109756.68,23128.96,922005.09
"NT","Tiwi Islands",130.89582824707,-11.8893566131592,1,4.89,4.56,118332.68,27423.84,831980.71,1745145.39,255729.54,23992303.26
"NT","Tiwi Islands",131.043060302734,-11.8865613937378,1,4.86,4.5,1250943.34,189884.75,16466710.32,3986.44,1178.76,22388.9
"NT","West Arnhem",132.639907836914,-11.9028997421265,1,4.84,4.53,12490996.98,1497901.33,219109688.4,384.9,157.08,1387.54
"NT","West Arnhem",133.896774291992,-11.9072465896606,1,3.01,3.68,489683.31,82647.59,5632617.92,495.9,196.4,1856.9
"NT","West Arnhem",133.951324462891,-11.9031887054443,1,3.01,3.82,583834.83,96371.52,6917926.84,1722.28,619.92,7040.01
"NT","West Arnhem",134.137069702148,-11.9051790237427,1,3,3.83,1404528.74,202166.61,20270342.82,814.59,327.08,2854.22
"NT","East Arnhem",135.756454467773,-11.911205291748,1,3.05,2.65,37482.68,9143.98,257482.46,2026.14,690.41,9090.71
"NT","East Arnhem",135.790130615234,-11.9003629684448,1,3.05,2.36,35734.95,8748.61,244638.2,1816.09,634.94,7818.05
"NT","East Arnhem",136.375,-11.9009981155396,1,3.04,3.54,63902.27,14163.25,506717.58,223.51,107.61,608.55
"NT","East Arnhem",136.528915405273,-11.9165210723877,1,3.03,3.89,112671.4,22811.96,1018745.5,1264481.08,194302.83,16257829.5
"QLDNorth","Mapoon",141.884399414062,-11.946722984314,1,2.86,3.59,1725.71,604.93,7420.24,884398.44,141485.1,10802834.7
"QLDNorth","Cook",142.948287963867,-11.8973693847656,1,2.69,2.97,33868696.77,3251256.46,840609365.04,1159769.41,179729.85,14762460.99
"QLDNorth","Cook",142.998092651367,-11.9294691085815,1,2.69,2.91,35196936.99,3366697.85,877146616.7,2205252.03,312190.34,31831385.9
"QLDNorth","Cook",143.058807373047,-11.9179401397705,1,2.68,3.61,44982134.5,4188050.5,1159658476.07,998.12,388.29,3660.25
"QLDNorth","Cook",143.106872558594,-11.8990879058838,1,2.68,3.49,41139866.49,3955559.2,1004756215.53,28932.47,7148.09,197549.3
"NT","Tiwi Islands",130.048980712891,-11.8261213302612,1,4.85,5.31,2960994.9,427617.71,40425923.04,95245.74,20106.25,805243.19
"NT","Tiwi Islands",130.108581542969,-11.8302373886108,1,4.86,5.2,2033404.33,298675.3,27555967.78,107510.2,22636.39,905826.75
"NT","Tiwi Islands",130.145629882812,-11.8264837265015,1,4.85,5.17,3704410.6,493247.23,57903757.84,74440.08,16654.49,573976.59
"NT","Tiwi Islands",130.204071044922,-11.8116674423218,1,4.86,5.09,1282427.07,195230.09,16761858.21,122420.75,25762.01,1023582.08
"NT","Tiwi Islands",130.259338378906,-11.7950744628906,1,4.86,5.09,1170865.54,179433.52,15207819,116127.28,24972.3,936047.16
"NT","Tiwi Islands",130.300674438477,-11.7818832397461,1,4.86,5.09,1063995.59,165154.61,13580626.42,75482.42,17313.26,555338.93
"NT","Tiwi Islands",130.386657714844,-11.8054189682007,1,4.87,5.18,805546.32,131073.54,9593247.04,45902.28,11453.23,298604.12
"NT","Tiwi Islands",130.427810668945,-11.8165292739868,1,4.87,5.17,601406.47,102684.59,6676577.4,27052.7,7345.57,155843.07
"NT","Tiwi Islands",130.578720092773,-11.8289165496826,1,4.88,5.37,232078.42,46966.6,2002285.73,1768.93,632.63,7305.67
"NT","Tiwi Islands",130.612777709961,-11.8281364440918,1,4.89,5.04,148313.17,32204.63,1156874.67,25351.58,7078.1,139443.51
"NT","Tiwi Islands",130.671371459961,-11.8170099258423,1,4.9,3.95,102042.97,23624.18,724848.14,813703.93,131561.3,9799361.08
"NT","Tiwi Islands",130.750625610352,-11.8247766494751,1,4.9,3.9,103303.27,23918.11,733162.33,531502.53,92232.72,5772221.67
"NT","Tiwi Islands",131.106369018555,-11.8367681503296,1,4.86,5.88,1456831.59,220078.08,19153736.77,2514.13,905.52,10008.85
"NT","Tiwi Islands",131.143173217773,-11.8116655349731,1,4.86,4.69,911903.95,148301.43,10782409.82,6606.82,1807.95,41487.81
"NT","West Arnhem",132.636825561523,-11.8432168960571,1,4.83,4.07,24364498.47,2621758.44,499889927.51,9785.09,2530.95,66497.39
"NT","West Arnhem",133.895065307617,-11.8185167312622,1,3.01,3.24,455084.29,77118.63,5221580.27,10541.14,2692.3,73000.29
"NT","West Arnhem",134.007934570312,-11.8538293838501,1,3.01,3.28,633481.18,104873.72,7423261.29,9924.25,2552.59,68123.14
"NT","West Arnhem",134.056777954102,-11.8575630187988,1,3,3.54,933077.23,145706.02,11881853.99,177.76,84.48,504.72
"NT","West Arnhem",134.068252563477,-11.8719110488892,1,3,2.96,1048411.65,160000.87,13827873.15,522.93,205.93,1971.44
"NT","East Arnhem",136.417495727539,-11.8494110107422,1,3.03,3.51,107108.77,21909.84,953166.7,290.03,134.78,828.97
"NT","East Arnhem",136.486282348633,-11.8582954406738,1,3.04,3.92,75872.38,15810.09,668367.35,1091069.43,170984.88,13657163.65
"QLDNorth","Cook",141.949020385742,-11.8594808578491,1,2.86,4.42,1750.76,610.81,7588.88,104.46,56.46,241.23
"QLDNorth","Cook",142.928421020508,-11.8899345397949,1,2.69,2.84,32987758.75,3163378.54,821845510.28,1391302.5,201533.61,19853551.14
"NT","Tiwi Islands",130.022125244141,-11.793194770813,1,4.85,4.81,3849820.3,538118.29,54893807.34,2072541.67,281994.4,32372197.57
"NT","Tiwi Islands",131.195007324219,-11.7888441085815,1,4.86,5.94,1547242.91,234965.41,20066609.69,2556.08,920.22,10173.65
"NT","Tiwi Islands",131.240982055664,-11.7524433135986,1,4.86,4.74,1991989.81,287805.29,27870134.91,2784.43,883,14022.41
"NT","West Arnhem",132.578628540039,-11.7922096252441,1,4.84,4.13,7051423.22,933845.31,106916824.15,1434.61,495.95,6434.57
"NT","West Arnhem",133.577560424805,-11.8029184341431,1,4.85,5.39,2852220,382515.4,44769841.19,5702.03,1592.15,34828.04
"NT","West Arnhem",133.653747558594,-11.8069162368774,1,4.85,5.4,3048927.67,402776.38,49008118.97,299.39,138.71,858.69
"NT","West Arnhem",133.939819335938,-11.7774648666382,1,3.01,3.58,647166.74,107575.32,7515409.2,1779023.16,266263.13,23488480.33
"QLDNorth","Cook",141.964004516602,-11.8045377731323,1,2.85,3.71,1886.44,651.17,8299.96,2759.93,933.8,12267.97
"QLDNorth","Cook",142.860336303711,-11.7837772369385,1,2.69,2.72,32897958.99,3202272.37,797088128.93,2158573.67,288245.97,34838441.06
"NT","Tiwi Islands",130.024185180664,-11.762095451355,1,4.84,5.96,7674141.47,904366.97,143482654.96,2369.19,864.31,9247.7
"NT","Tiwi Islands",131.293151855469,-11.7301988601685,1,4.85,4.59,3087288.59,416239.98,47723928.86,8933.08,2407.19,56384.33
"NT","West Arnhem",132.543960571289,-11.7247705459595,1,4.84,3.68,6853389.95,906886.74,104243009.57,392059.75,61017.16,5363469.29
"NT","West Arnhem",133.370880126953,-11.7535991668701,1,4.85,5.16,3644651.74,479786.12,58256954.46,22954.39,5479.18,170377.18
"NT","West Arnhem",133.417953491211,-11.7414617538452,1,4.85,5.01,4392764.53,554602.31,74975691.87,309884.78,49134.47,4166555.44
"NT","West Arnhem",133.479400634766,-11.77942943573,1,4.85,5.29,3802839.85,489728.76,63158052.78,4938.48,1408.67,29263.24
"NT","West Arnhem",133.531616210938,-11.7553157806396,1,4.85,5.32,3827948.5,492920.11,63556510.48,3532.68,1049.24,19873.76
"NT","West Arnhem",133.672592163086,-11.7725067138672,1,4.85,5.52,2803592.67,378192.75,43578815.3,1318.53,450.25,6107.67
"NT","West Arnhem",133.738784790039,-11.7747716903687,1,2.99,3.54,2337987.14,323937.37,34993911.85,305.67,141.29,879.34
"NT","West Arnhem",133.928909301758,-11.7508583068848,1,3.01,3.68,488666.24,85830.12,5218032.03,775057.58,130740.09,8656534.71
"QLDNorth","Cook",141.98078918457,-11.7673273086548,1,2.85,4.02,1954.65,671.17,8664.66,248.26,119.41,672.46
"QLDNorth","Cook",142.865814208984,-11.7535581588745,1,3,3.21,31005457.15,3054754.35,737387297.55,14293.08,3563.34,101215.43
"NT","Tiwi Islands",130.065078735352,-11.6915130615234,1,4.84,5.62,9175043.08,1030628.37,185442618.23,1261284.99,199327.16,15399203.49
"NT","Tiwi Islands",131.341598510742,-11.6812562942505,1,4.85,4.46,3614488.21,473428.35,58353634.84,17344.11,4455.27,114094.75
"NT","West Arnhem",132.489288330078,-11.6818885803223,1,4.84,3.85,6015515.94,801754.36,91025091.14,5016.78,1523.37,26248.68
"NT","West Arnhem",133.152313232422,-11.6975011825562,1,4.87,5.26,768178.74,134973.22,7969040.56,2828.7,893.81,14329.13
"NT","West Arnhem",133.199630737305,-11.7201299667358,1,4.87,5.31,844060.09,145341.78,9031436.01,2099.41,695.12,9936.91
"NT","West Arnhem",133.273788452148,-11.7158880233765,1,4.86,5.98,928215.57,157720.07,10116573.2,202.65,94.37,592.65
"NT","West Arnhem",133.319244384766,-11.6946496963501,1,4.86,6.01,977993.55,166375.81,10602829.05,190.23,89.05,553.39
"NT","West Arnhem",133.797073364258,-11.7242794036865,1,3,3.61,1431735.48,213071.68,19379196.29,1777.59,580.57,8773.4
"NT","West Arnhem",133.842254638672,-11.7227993011475,1,3,3.21,736100.13,121034.41,8648610.03,1403.5,498.09,5987.63
"NT","West Arnhem",133.917892456055,-11.7371520996094,1,3.01,3.49,556121.99,95902.17,6092105.12,345.45,150.09,1108.93
"NT","East Arnhem",136.2080078125,-11.6966419219971,1,3.05,3.58,47412.88,10781.42,365801.95,323.05,148.44,936.24
"NT","East Arnhem",136.257858276367,-11.6989812850952,1,3.03,3.83,103476.82,21254.99,915866.22,657529.5,111951.81,7295306.38
"QLDNorth","Cook",142.005126953125,-11.7086973190308,1,2.85,3.85,2147.23,726.08,9734.79,424.43,187.73,1296.74
"QLDNorth","Cook",142.867462158203,-11.6918067932129,1,3,3.22,27156673.73,2743190.07,621949057.21,11455.84,3161.16,67743.83
"NT","Tiwi Islands",130.095092773438,-11.669285774231,1,4.84,5.07,6635379.36,768969.04,129351563.28,20340.41,4825.69,154316.07
"NT","Tiwi Islands",130.187530517578,-11.6419429779053,1,4.84,4.79,6467814.97,746100.28,127430294.34,1697411.42,235932.94,25826463.82
"NT","Tiwi Islands",131.36328125,-11.63694190979,1,4.85,5.7,4798794.68,602011.28,82392190.57,1510183.37,232243.58,19165957.06
"NT","Tiwi Islands",131.425994873047,-11.6168279647827,1,4.84,4.59,6868767.47,825098.6,124838517.31,10116.16,2849.82,58030.15
"NT","West Arnhem",132.486053466797,-11.6637868881226,1,4.84,4.22,8690125.9,1099922.74,141255561.26,1434.33,525.46,5744.68
"NT","West Arnhem",133.131576538086,-11.656457901001,1,4.87,5.59,741700.34,131436.69,7592447.86,242.27,109.61,739.12
"NT","East Arnhem",136.146011352539,-11.65256690979,1,3.03,3.26,128600.97,25819.24,1170402.4,502.45,215.33,1610.36
"NT","East Arnhem",136.329177856445,-11.6450710296631,1,3.03,3.92,126001.04,25386.65,1140753.79,224447.2,43260.7,2122792.37
"QLDNorth","Cook",142.021499633789,-11.6523866653442,1,2.85,3.3,2270.39,761.05,10424.1,611353.05,91757.79,8664616.2
"QLDNorth","Cook",142.864364624023,-11.6457834243774,1,3,2.87,20782261.14,2202017.95,443258701.1,18128.83,4492.8,127402.78
"NT","Tiwi Islands",130.177734375,-11.5661220550537,1,4.85,6.1,5560888.85,660536.03,104760049,2780.49,985.87,11320.36
"NT","Tiwi Islands",131.474838256836,-11.591402053833,1,4.85,4.78,4768374.58,605112.66,80160850.6,10483.47,2964.25,59565.16
"NT","West Arnhem",132.535293579102,-11.5826101303101,1,4.83,4.71,22831882.7,2653928.93,408771612.98,586.95,245.32,1950.88
"NT","West Arnhem",133.107482910156,-11.6077547073364,1,4.87,5.77,793794.52,139282.98,8239134.1,10074.45,2923.18,54675.85
"NT","East Arnhem",136.166854858398,-11.6174325942993,1,3.03,2.81,91147.38,20050.82,715604.98,633.95,262.35,2135.46
"NT","East Arnhem",136.295028686523,-11.5613565444946,1,3.03,3.35,118858.44,25390.29,968438.59,100223.35,21470.52,821438.78
"QLDNorth","Cook",142.02815246582,-11.6156911849976,1,3.26,3.97,2330.65,778.81,10744.05,1970.05,696.49,8252.4
"QLDNorth","Cook",142.85791015625,-11.5837736129761,1,3,2.65,16473293.82,1813913.54,332169108.79,17876.42,4507.31,121617.24
"NT","Tiwi Islands",130.175399780273,-11.5458192825317,1,4.84,5.02,7840684.55,879974.01,160524491.87,360263.03,67201.89,3510625.06
"NT","Tiwi Islands",131.528823852539,-11.4797439575195,1,4.85,5.53,4310246.11,561294.32,69518105.57,3898589.18,521609.88,60194593.87
"NT","West Arnhem",132.061462402344,-11.5261945724487,1,4.84,5.38,16140787.27,1802248.8,317596901.31,513497.65,89611.69,5531191.91
"NT","West Arnhem",132.103866577148,-11.5351600646973,1,4.84,5.78,11204869.46,1328859.73,201946688.96,87899.39,19598.91,674693.47
"NT","West Arnhem",132.143127441406,-11.5230531692505,1,4.84,5.46,7540348.37,899105.17,138077381.1,79044.24,17967.21,589556.96
"NT","West Arnhem",132.500518798828,-11.5184679031372,1,4.84,3.72,8914534.02,1168198.08,135877633.67,9439.29,2728.57,51822.54
"NT","West Arnhem",132.523147583008,-11.5400514602661,1,4.84,5.1,9121804.51,1211797.62,135497035.93,171.28,84.26,456.24
"NT","West Arnhem",133.083114624023,-11.5242862701416,1,4.87,5.48,750769.29,132641.2,7721925.92,674.71,277.04,2296.43
"NT","East Arnhem",136.244705200195,-11.5727081298828,1,3.03,3.42,115770.53,24784.82,941070.78,49142.37,11603.57,352319.17
"QLDNorth","Cook",142.047119140625,-11.5551748275757,1,3.26,4.02,2433.69,809.12,11292.5,1325.83,495.35,5144.4
"QLDNorth","Cook",142.848205566406,-11.5669078826904,1,3,3.03,15143536.17,1695535.21,297694868.57,43225.14,10588.63,291919.17
"NT","Tiwi Islands",130.161422729492,-11.4907732009888,1,4.84,5.54,7121321.97,816513.24,140956702.5,3400691.9,479016.18,48180073.8
"NT","West Arnhem",132.029327392578,-11.4781379699707,1,4.83,5.8,20969681,2242880.8,439258206.33,127605.09,27375.34,1026911.03
"NT","West Arnhem",132.208831787109,-11.4825410842896,1,4.83,5.11,24756973.01,2665408.06,506936020.34,193311.23,39899.49,1627100.55
"NT","West Arnhem",132.270492553711,-11.4668083190918,1,4.84,5.05,18095097.36,2064812.07,339682166.62,1059566.51,177318.75,11777351.46
"NT","West Arnhem",132.31298828125,-11.4683017730713,1,4.84,5.03,16259900.75,1896749.06,295140065.3,1567644.39,243787.22,19445583.11
"NT","West Arnhem",132.383819580078,-11.4549140930176,1,4.84,3.79,12054663.24,1473800.97,204587231.02,9250.18,2692.78,50186.82
"NT","West Arnhem",132.426971435547,-11.4597721099854,1,4.84,4.12,12185356.87,1516319.83,200172906.45,571.83,241.26,1870.52
"NT","West Arnhem",133.073486328125,-11.5122003555298,1,4.87,6.12,756560.88,133644.5,7780043.73,38320.53,9422.31,259027.51
"QLDNorth","Cook",142.073867797852,-11.4911956787109,1,3.25,4.62,2652.03,869.33,12564.27,79.29,43.86,178.59
"QLDNorth","Cook",142.845962524414,-11.4972276687622,1,3.01,2.52,9961295.23,1199219.73,175959276.89,7397.85,2166.15,40327.1
"NT","Tiwi Islands",130.16975402832,-11.4444332122803,1,4.83,5.21,24500330.91,2304497.35,646820354.81,7563.64,2316.45,37836.87
"NT","Tiwi Islands",131.536544799805,-11.436595916748,1,4.85,5.32,5178544.45,659819.18,85930149.57,15820.16,4251.05,96153.66
"NT","West Arnhem",131.9990234375,-11.4327774047852,1,4.83,4.73,22810308.26,2415371.33,484125232.65,5740.41,1752.53,29434.06
"NT","West Arnhem",132.640228271484,-11.4434223175049,1,4.85,5.34,2241013.54,344728.8,27745518.38,12001.47,3239.19,73790.34
"NT","West Arnhem",132.780090332031,-11.4485273361206,1,4.85,5.6,3024008.52,450504.39,38973981.24,576.61,243.13,1887.26
"NT","West Arnhem",133.023818969727,-11.4552783966064,1,4.87,6.05,721181.02,128133.83,7359955.37,164647.04,33392.34,1445866.25
"QLDNorth","Cook",142.083679199219,-11.4627676010132,1,3.25,3.96,2769.39,902.19,13234.85,862.72,342.4,3077.6
"QLDNorth","Cook",142.857482910156,-11.4085350036621,1,3.01,2.78,7600122.95,947444.92,128087038.4,410.03,175.99,1329.97
"NT","Tiwi Islands",130.230453491211,-11.3935594558716,1,4.83,5.08,28657287.38,2831310.15,681614364.02,3724.39,1232.28,16911.44
"NT","Tiwi Islands",131.521224975586,-11.3907089233398,1,4.85,5.78,3682749.95,484827.32,58818908.49,5695.51,1792.77,27588
"NT","West Arnhem",131.914978027344,-11.3621482849121,1,4.84,4.91,16662874.26,1831637.41,336812254.22,20701.02,5472.72,127363.07
"NT","West Arnhem",131.947036743164,-11.3853130340576,1,4.84,4.94,16541675.66,1801687.59,340278668.7,4767.71,1471.86,24257.64
"NT","West Arnhem",132.613983154297,-11.3998851776123,1,4.85,5.27,2271176.97,342303.86,29156539.35,13401.59,3717.15,77621.89
"NT","West Arnhem",132.787384033203,-11.3777360916138,1,4.85,5.48,2177210.44,338285.75,26517812.56,395.52,168.4,1306.78
"NT","West Arnhem",132.997406005859,-11.4216756820679,1,4.87,5.55,846308.4,146587.79,8958086.23,511.84,205.75,1854.87
"NT","East Arnhem",136.597122192383,-11.4216785430908,1,3.03,3.55,147296.88,28380.02,1435666.88,1124.63,425.94,4302.71
"NT","East Arnhem",136.640731811523,-11.3713369369507,1,3.03,4.29,138251.19,27279.09,1293649.56,41603.78,10341.25,274193.17
"QLDNorth","Cook",142.103149414062,-11.401725769043,1,3.25,4.01,2988.32,961.71,14537.69,482.66,208.21,1532.11
"QLDNorth","Cook",142.872909545898,-11.3809547424316,1,3.01,3.12,7203085.27,895157.62,122514431.89,1197.98,455.47,4529.37
"NT","Tiwi Islands",130.261825561523,-11.3385334014893,1,4.83,5.09,28813156.82,2731910.29,740384511.76,9093.74,2501.35,55054
"NT","Tiwi Islands",130.316619873047,-11.3294315338135,1,4.83,5.24,23770818.87,2263554.67,614315615.49,2058.04,694.47,9399.69
"NT","Tiwi Islands",130.640731811523,-11.3504152297974,1,4.83,4.87,19391726.68,2122436.81,391246542.61,3517375.02,491008.39,50555575.71
"NT","Tiwi Islands",130.66682434082,-11.3222599029541,1,4.84,4.87,16451365.53,1848564.98,319568851.53,3207818.76,454303.44,45162855.58
"NT","Tiwi Islands",130.746994018555,-11.371994972229,1,4.84,5.22,15112192.1,1738410.27,282676931.56,6632.42,1904.49,37850.68
"NT","Tiwi Islands",130.799591064453,-11.3583660125732,1,4.84,4.88,12373400.64,1478677.61,218548690.42,2618.79,870.25,12094.46
"NT","Tiwi Islands",130.853012084961,-11.3462705612183,1,4.84,5.26,10763712.23,1320065.4,182902695.36,5845.21,1833.92,28435.88
"NT","Tiwi Islands",131.466506958008,-11.3359422683716,1,4.84,5.4,6062826.73,734557.88,109360433.39,18919.96,5093.21,113222.76
"NT","West Arnhem",131.836776733398,-11.317587852478,1,4.84,4.92,11011113.72,1296755.34,201259315.13,15625.06,4371.72,88147.19
"NT","West Arnhem",132.599029541016,-11.3259267807007,1,4.85,5.15,2437603.87,362586.56,31913485.57,14824.38,4153.5,83698.19
"NT","West Arnhem",132.863540649414,-11.3349733352661,1,4.86,5.27,1685987.16,274666.35,19141033.57,15245.35,4092.47,93077.75
"NT","West Arnhem",132.894546508789,-11.3347940444946,1,4.86,6.04,1681987.37,269606.86,19663387.53,1038.27,402,3831.14
"NT","West Arnhem",132.923782348633,-11.3376379013062,1,4.86,5.25,1190866.18,196881.39,13437461.12,3364.08,1060.3,16886.82
"NT","East Arnhem",136.546264648438,-11.3306303024292,1,3.04,2.96,62237.75,14493.75,450779.39,769.13,310.18,2683.67
"NT","East Arnhem",136.668273925781,-11.3229780197144,1,3.02,4.2,226111.13,42078.52,2282952.61,116813.13,25195.5,936017.95
"QLDNorth","Cook",142.11637878418,-11.3324689865112,1,3.09,3.65,3224.65,1028.19,15878.22,1189.97,453.13,4487.87
"QLDNorth","Cook",142.866561889648,-11.3505191802979,1,3.01,2.78,5197229.03,668940.58,84614818.43,19397.9,4865.94,132454.77
"NT","Tiwi Islands",130.331573486328,-11.3181953430176,1,4.83,5.23,26275018.46,2475393.09,687998259.65,1104.03,409.59,4401.51
"NT","Tiwi Islands",130.604202270508,-11.2962017059326,1,4.84,5.09,16503352.24,1854825.01,320381088.07,20386.31,4987.57,145564.01
"NT","Tiwi Islands",130.89421081543,-11.3064479827881,1,4.84,5.56,9653933.67,1215520.93,157418714.19,520.17,215.9,1767.88
"NT","Tiwi Islands",130.929824829102,-11.3132572174072,1,4.84,5.58,9024330.13,1148228.02,144965881.21,483.3,203.52,1606.16
"NT","Tiwi Islands",131.039672851562,-11.3159465789795,1,4.84,5.34,11394581.35,1404738.18,191134037.82,270.34,125.21,781.5
"NT","Tiwi Islands",131.068801879883,-11.3014717102051,1,4.84,5.94,13446031.22,1614749.75,234189597.6,44.13,26.47,88.89
"NT","Tiwi Islands",131.445999145508,-11.2863349914551,1,4.85,5.81,4418592.57,569379.26,72556693.5,4112.28,1279.29,20846.2
"NT","West Arnhem",131.79248046875,-11.2772884368896,1,4.84,6.54,6783131.29,816361.29,122948899.67,251.81,118.4,710.95
"NT","West Arnhem",132.623947143555,-11.2838859558105,1,4.85,5.48,2757227.28,405194.69,36626123.26,1233.02,434.89,5382.53
"NT","East Arnhem",136.548950195312,-11.2743463516235,1,3.01,2.95,545358.41,95642.07,5798463.14,815.15,325.53,2885.56
"NT","East Arnhem",136.685302734375,-11.2800846099854,1,3.02,4.37,190702.95,36047.79,1891999.01,40210.14,10230.61,254497.01
"QLDNorth","Cook",142.119735717773,-11.2773599624634,1,3.09,3.71,3316.61,1054.7,16379.82,703.57,287.9,2403.2
"QLDNorth","Cook",142.825485229492,-11.2893285751343,1,3.02,3.25,3668349.64,492089.2,56590527.19,857.22,327.83,3285.72
"NT","Tiwi Islands",130.358932495117,-11.2424116134644,1,4.83,5,26566148.86,2539570.73,676025050.93,46129.53,10433.53,360274.86
"NT","Tiwi Islands",130.491439819336,-11.2524118423462,1,4.84,5.2,15868204.8,1762184.71,315743622.44,2131.12,727.62,9488.26
"NT","Tiwi Islands",130.565307617188,-11.2675523757935,1,4.84,5.32,14040376.74,1606504.69,266461908.35,778.66,308.05,2815.69
"NT","Tiwi Islands",131.117950439453,-11.2520942687988,1,4.84,5.3,14341556.09,1706132.68,253113223.45,1135.74,426.77,4408.21
"NT","Tiwi Islands",131.151779174805,-11.246729850769,1,4.83,5.47,19212416.25,2176078.84,364234267.81,372.26,163.38,1165.1
"NT","Tiwi Islands",131.356216430664,-11.2465591430664,1,4.84,5.29,12159021.49,1414319.19,225933767.38,19278.54,4806.82,133252.18
"NT","Tiwi Islands",131.412414550781,-11.2522840499878,1,4.85,5.38,2974111.57,414577.77,43319358.23,26784.73,6869.03,171429.8
"NT","West Arnhem",131.811859130859,-11.2258338928223,1,4.84,6.64,11876633.46,1318951.32,240916051.47,195.99,95.03,531.42
"NT","West Arnhem",132.621826171875,-11.2328500747681,1,4.85,6,2613695.2,390192.46,33850571.06,1219.95,461.67,4647.19
NA,"East Arnhem",136.545593261719,-11.2220897674561,1,3.01,3.23,664514.61,114148.67,7248355.5,310.97,144.3,887.1
"NT","East Arnhem",136.631530761719,-11.1951751708984,1,3.04,3.78,82484.95,18721.71,615227.26,51688.31,12817.51,337608.15
"QLDNorth","Cook",142.114303588867,-11.2349643707275,1,3.09,3.99,3393.25,1079.31,16721.78,282.94,128.63,844.8
"QLDNorth","Cook",142.792556762695,-11.2303142547607,1,3.02,3.28,3581263.06,480266.81,55364319.91,699.7,278.91,2513.8
"NT","Tiwi Islands",130.368423461914,-11.1777906417847,1,4.84,5.38,7764069.5,979296.34,127892268.84,288.7,134.32,823.56
"NT","Tiwi Islands",130.446243286133,-11.1971912384033,1,4.84,5.72,13931810.21,1559307.92,275554248.25,96.76,52.18,225.5
"NT","Tiwi Islands",131.247192382812,-11.1940431594849,1,4.83,5.55,31478676.64,3409396.12,628234869.23,722.99,289.47,2569.11
"NT","Tiwi Islands",131.261795043945,-11.1898603439331,1,4.83,6.46,22961711.12,2555636.79,444535186.32,31.4,19.53,60.53
"NT","Tiwi Islands",131.299652099609,-11.2015371322632,1,4.84,6.41,15135566.18,1708708.33,293037923.2,46.5,27.37,96.67
"NT","West Arnhem",131.825469970703,-11.2042093276978,1,4.84,6.12,15523755.41,1622737.51,346423631.15,70.57,39.25,158.57
"NT","West Arnhem",131.895614624023,-11.1854572296143,1,4.84,5.42,7013341.74,841399.6,127588221.43,2213.92,734.47,10393.44
"NT","West Arnhem",131.960083007812,-11.1784086227417,1,4.84,5,7679302.32,918788.93,139561617.64,652806,102624.09,8418143.61
"NT","West Arnhem",132.432769775391,-11.2089195251465,1,4.85,5.12,4891491.28,643334.06,76822094.21,13204.31,3624.48,78074.08
"NT","West Arnhem",132.481201171875,-11.1749544143677,1,4.85,5.57,5014270.63,654217.56,79796309.86,919.84,357.64,3396.73
"NT","West Arnhem",132.62825012207,-11.178165435791,1,4.85,6.34,4629251.82,635272.98,67491343.54,58027.54,14240.96,383544.78
"QLDNorth","Northern Peninsula Area",142.139755249023,-11.1726818084717,1,3.1,3.91,2978.63,975.93,13999.87,497.49,207.9,1674.2
"QLDNorth","Cook",142.804824829102,-11.16344165802,1,3.02,3.19,3251874.82,442761.03,49186750.59,1034.88,394.28,3938.72
"NT","Tiwi Islands",130.380508422852,-11.1629219055176,1,4.83,5.47,19488229.23,2104464.46,402974609.94,136.45,68.98,350.8
"NT","Tiwi Islands",130.402770996094,-11.1618366241455,1,4.84,5.38,10741934.06,1241324.05,203676001.03,201.35,96.18,560.65
"NT","West Arnhem",132.001861572266,-11.1261157989502,1,4.84,5.64,9371586.15,1092312.63,176466377.84,363.17,158.74,1147.75
"NT","West Arnhem",132.022277832031,-11.146276473999,1,4.84,5.67,12844725.07,1428666.9,258425567.1,303.46,136.42,920.79
"NT","West Arnhem",132.134811401367,-11.1272020339966,1,4.84,5.66,14078159.15,1587401.22,274462178.13,303.03,136.02,922.38
"NT","West Arnhem",132.160491943359,-11.1263208389282,1,4.84,5.96,13650158.53,1561415.54,259659919.67,148.97,74.13,392.19
"NT","West Arnhem",132.192352294922,-11.1309881210327,1,4.84,5.81,12915790.04,1495603.9,241060305.61,281.83,128.09,842.05
"NT","West Arnhem",132.287612915039,-11.1635417938232,1,4.84,5.97,7651230.84,953385.49,129000618,182.94,88.5,500.72
"NT","West Arnhem",132.327835083008,-11.1182298660278,1,4.84,6.02,9893611.9,1206028.51,170877917.77,169.45,82.88,456.67
"NT","West Arnhem",132.35627746582,-11.1436605453491,1,4.84,5.37,7838049.84,983177.93,130347989.09,20147,5212.37,129329.98
"NT","West Arnhem",132.478958129883,-11.1468286514282,1,4.85,5.58,3957197.62,536609.13,59545982.28,912.32,354.44,3375.98
"NT","West Arnhem",132.615158081055,-11.129017829895,1,4.85,6.36,4323030.56,599777.23,62042314.09,57062.68,14107.53,372562.7
"QLDNorth","Northern Peninsula Area",142.14453125,-11.1362314224243,1,3.1,3.07,2943.22,967.82,13749.88,4100.29,1246.46,21745.82
"QLDNorth","Cook",142.804168701172,-11.1530590057373,1,3.02,2.39,2962886.4,410135.21,43728637.17,32677.67,8368.29,207021.78
"NT","West Arnhem",132.472778320312,-11.0708351135254,1,4.84,5.57,7935291.39,996921.55,131488779.72,904.01,357.03,3244.26
"NT","West Arnhem",132.603607177734,-11.0717344284058,1,4.85,6.51,4970586.48,667815.92,74994373.56,39816.58,10223.7,248000.57
"QLDNorth","Northern Peninsula Area",142.138977050781,-11.0583038330078,1,3.09,3.39,3467.54,1114.16,16729.77,657.53,265.44,2316.17
"QLDNorth","Cook",142.794006347656,-11.0856399536133,1,3.02,2.35,3797880.79,506148.07,59168421.9,74011.4,16881.26,550835.22
"NT","West Arnhem",132.465347290039,-11.0247783660889,1,4.84,5.63,13770728.3,1653410.47,239586374.66,769.86,314.4,2623.13
"NT","West Arnhem",132.588653564453,-11.0156278610229,1,4.84,6.4,6941374.72,884634.99,112981664.64,79065.51,18666.92,550302.24
"QLDNorth","Northern Peninsula Area",142.106628417969,-11.0066871643066,1,3.09,3.63,3858.37,1230.42,18737.99,252.54,117.58,726.35
"QLDNorth","Cook",142.767959594727,-11.0458612442017,1,3.01,2.76,4876868.78,626903.11,79920507.63,2394.49,813.5,10669.48
"NT","West Arnhem",132.552230834961,-10.9911222457886,1,4.84,6.31,11481843.18,1426103.48,189922840.08,183019.03,38333.72,1504878.27
"NT","West Arnhem",132.580017089844,-10.9708738327026,1,4.84,5.63,11483335.35,1364448.1,205931382.45,1382.68,521.85,5248.08
"QLDNorth","Torres",142.747802734375,-10.9939432144165,1,3.01,2.63,7068533.68,863994.69,124128231.53,1356.21,516.02,5076.98
"QLDNorth","Torres",142.163955688477,-10.9213438034058,1,3.07,3.65,7340.8,2213.06,37890.62,141.94,73.78,345.29
"QLDNorth","Torres",142.20703125,-10.9225664138794,1,3.07,3.46,6477.11,2000.31,32230.85,306.84,144.03,857.57
"QLDNorth","Northern Peninsula Area",142.257568359375,-10.9082870483398,1,3.06,4.13,10068.03,2893.25,55641.26,108074.97,23767.82,839768.85
"QLDNorth","Northern Peninsula Area",142.328857421875,-10.8887453079224,1,3.1,3.58,14187.77,3852.49,85192.6,175.92,88.82,445.43
"QLDNorth","Torres",142.614593505859,-10.8843431472778,1,3.01,3.15,6870073.94,854066.25,117134167.58,1374227.52,204209.02,18704746.33
"QLDNorth","Northern Peninsula Area",142.351898193359,-10.843563079834,1,3.1,3.13,13527.48,3738.2,78847.3,6334,1956.29,31560.42
"QLDNorth","Northern Peninsula Area",142.582778930664,-10.7971954345703,1,3.01,2.58,8753925.22,1041739.4,159302356.34,1193.52,460.48,4390.92
"QLDNorth","Torres",142.13151550293,-10.7413988113403,1,3.14,3.27,8586.62,2550.3,45095.4,1492.98,562.91,5648.3
"QLDNorth","Torres",142.15690612793,-10.7632503509521,1,3.06,3.18,8994.14,2666.68,47243.08,1780.05,648.34,7099.18
"QLDNorth","Torres",142.220672607422,-10.7488708496094,1,3.07,3.47,7613.46,2340.69,37800.09,201.36,98.72,533.75
"QLDNorth","Torres",142.267517089844,-10.7293510437012,1,3.06,3.9,10625.33,3054.2,58476.89,618227.9,104359.32,6997583.82
"QLDNorth","Torres",142.382995605469,-10.7556619644165,1,3.09,3.25,26919.12,6446.07,196127,2176.93,769.87,9050.03
"QLDNorth","Torres",142.619384765625,-10.7508888244629,1,3.01,2.68,7402687.95,896289.22,131908199.19,1288.57,470.65,5232.53
"QLDNorth","Torres",142.107070922852,-10.6979598999023,1,3.14,3.75,9644.31,2825.87,51545.29,83.99,46.25,190.08
"QLDNorth","Torres",142.309005737305,-10.7149000167847,1,3.08,3.12,42579.9,9396.72,350837.5,7003.49,2143.06,35268.48
"QLDNorth","Torres",142.383987426758,-10.7199859619141,1,3.1,3.46,13693.17,3524.75,91361.79,70791.06,14171.91,677914.78
"QLDNorth","Torres",142.109359741211,-10.663722038269,1,3.14,3.88,10556.93,3075.85,56678.62,1706.92,594.82,7430.3
"QLDNorth","Torres",142.31086730957,-10.6337766647339,1,3.07,3.97,65517.04,15090.2,482690.6,206.25,97.24,587.94
"QLDNorth","Torres",142.407257080078,-10.7049655914307,1,3.06,3.25,156518,31606.03,1390271.13,9208.26,2613.45,52432.58
"QLDNorth","Torres",142.471893310547,-10.712628364563,1,3.06,3.51,151738.4,30804.54,1337264.38,1427.03,509.28,6013.85
"QLDNorth","Torres",142.525588989258,-10.6800050735474,1,3.06,3.12,101445.14,21848.11,822604.52,1163.52,455.74,4168.75
"QLDNorth","Torres",142.587768554688,-10.7096462249756,1,3.06,3.59,130431.09,27739.96,1065042.84,47331.35,10253.23,401011.5
"QLDNorth","Torres",142.120346069336,-10.6408967971802,1,3.14,3.98,10795.08,3145.85,57851.4,556.83,239.81,1755.84
"QLDNorth","Torres",142.314498901367,-10.5469722747803,1,3.05,3.51,172161.22,34415.72,1548403.06,530.01,234.92,1590.13
"QLDNorth","Torres",142.284072875977,-10.5262041091919,1,3.05,3.39,163369.69,31201.88,1607045.17,9143.08,2509.67,55554.97
"QLDNorth","Torres Strait Island",142.221115112305,-10.2406320571899,1,3.05,3.54,359705.05,58485.05,4547166.28,20333.38,5042.34,141451.91
"QLDNorth","Torres Strait Island",142.277725219727,-10.2656869888306,1,3.08,4.12,86303.83,17551.14,789090.94,583081.59,89430.13,7951999.73
"QLDNorth","Torres Strait Island",142.28288269043,-10.2629451751709,1,3.08,3.63,81736.77,16942.14,723362.12,344.87,162.48,950.43
"QLDNorth","Torres Strait Island",142.336441040039,-10.2043075561523,1,3.06,3.05,199987.3,39239.86,1843757.86,3996.39,1353.5,17299.62
"QLDNorth","Torres Strait Island",142.126220703125,-10.1826858520508,1,3.09,4.2,35728.54,9343.13,216697.87,513972.84,80849.17,6739301.16
"QLDNorth","Torres",142.147506713867,-10.1988859176636,1,3.09,3.57,44140.17,10993.25,288800.77,848.84,354.76,2754.03
"QLDNorth","Torres Strait Island",142.348922729492,-10.1783800125122,1,3.06,3.89,261645.3,50106.12,2479303.1,507129.87,79755.43,6659216.22
"QLDNorth","Torres Strait Island",142.08576965332,-10.1318025588989,1,3.09,3.59,46664.37,11907.78,291197.42,693.49,298.58,2157.83
"QLDNorth","Torres Strait Island",142.346786499023,-10.1685905456543,1,3.06,3.61,277359.33,52557.72,2669930.61,5081.27,1573.54,25581.47
"QLDNorth","Torres Strait Island",142.08219909668,-10.109902381897,1,3.09,3.64,51555.92,13038.09,325086.4,18799.97,4806.12,124072.9
"QLDNorth","Torres Strait Island",142.26741027832,-10.1153011322021,1,3.08,3.35,55872.39,13373.23,387405.08,907.87,378.35,2948.86
"QLDNorth","Torres Strait Island",142.302734375,-10.1241130828857,1,3.07,3.63,107730.97,23250.53,866777.86,616.49,267.86,1900.28
"QLDNorth","Torres Strait Island",142.120590209961,-10.0592012405396,1,3.07,3.83,105533.47,22572.73,864515.03,800.82,332.76,2635.43
"QLDNorth","Torres Strait Island",142.168380737305,-10.0498027801514,1,3.06,2.58,182846.54,33309.69,1953106.76,287.17,130.8,853.34
"QLDNorth","Torres Strait Island",142.183883666992,-10.0605993270874,1,3.08,4.15,94723.92,19478.88,841951.01,213.92,99.64,622.52
