"state","lga","longitude","latitude","SLR","SWL_AEPPC","MTWL_AEPPC","SWL_MFSLR_50","SWL_MFSLR_10","SWL_MFSLR_90","MTWL_MFSLR_50","MTWL_MFSLR_10","MTWL_MFSLR_90"
"WANorth","Broome",122.211631774902,-18.0006217956543,0.6,5.72,2.26,206.15,103.09,525.98,29.85,18.62,57.37
"NT","East Arnhem",136.368728637695,-13.844162940979,0.6,2.13,4.03,122.64,63.07,307.49,25.01,15.82,47.48
"QLDNorth","Townsville",147.064956665039,-19.2769813537598,0.6,2.74,4.12,1581.84,598.86,5916.91,30.82,19.34,58.48
"QLDNorth","Livingstone",150.762512207031,-23.1382923126221,0.6,3.38,2.15,662.14,280.21,2132.58,61.48,35.34,131.13
"NSW","Wollongong",150.916046142578,-34.4743537902832,0.6,1.91,2.44,3171.72,1168.51,11960.7,849.06,336.56,3039.42
"VIC","Surf Coast",143.978164672852,-38.5659713745117,0.6,2.12,3.28,2500.81,872.35,10567.23,56.41,33.22,115.69
"SA","Onkaparinga",138.461669921875,-35.1174468994141,0.6,2.77,4.51,463.52,204.42,1415.65,9.64,7.12,14.58
"SA","Ceduna",133.674819946289,-32.189151763916,0.6,2.53,2.3,121.1,61.95,307,88.14,49.08,194.71
"WASouth","Esperance",121.899345397949,-33.8684463500977,0.6,1.71,2.97,663.6,278.83,2165.58,332.58,145.04,1063.1
"TAS","Burnie",145.898666381836,-41.0429649353027,0.6,2.49,3.81,4385.99,1421.43,20474.8,9.37,6.95,14.08
"WASouth","Joondalup",115.727348327637,-31.8087615966797,0.6,1.6,4.45,1058.3,427.56,3603.4,515.84,237.68,1445.74
"NT","Darwin",130.873245239258,-12.3418684005737,0.6,4.5,2.88,974.82,411.93,3075.72,238.57,111.81,680.45
"VIC","Bass Coast",145.221298217773,-38.5328369140625,0.6,2.47,2.49,3172.68,1089.86,13578.52,186.26,90.7,502.74
"VIC","Glenelg",141.63020324707,-38.4082489013672,0.6,1.57,2.21,95083.42,20654.79,762046.87,102.29,55.35,235.96
"TAS","Glamorgan-Spring Bay",148.082138061523,-42.5678176879883,0.6,1.56,2.64,42301.43,10135.42,298086.26,34.09,21.38,64.24
"WASouth","Fremantle",115.73705291748,-32.0583763122559,0.6,1.6,2.73,899.11,380.09,2847.78,25.28,16.63,44.49
"NSW","Waverley",151.290802001953,-33.871639251709,0.6,1.93,3.51,4669.65,1624.42,19085.25,41.7,25.37,82.09
"SA","Port Pirie",138.000579833984,-33.1267433166504,0.6,3.15,3.04,46.57,28.42,90.55,121.3,64.88,282.83
"SA","Port Adelaide Enfield",138.475845336914,-34.7812461853027,0.6,2.7,4.15,295.05,139.47,816.12,41.17,24.3,85.98
"QLDNorth","Townsville",146.846267700195,-19.251106262207,0.6,2.85,2.57,1041.33,423.56,3505.58,89.1,49.79,195.46
"SA","Charles Sturt",138.472106933594,-34.8702430725098,0.6,2.78,2.94,324.22,151.32,912.54,69.82,39.08,155.18
"VIC","Queenscliffe",144.617172241211,-38.2871551513672,0.6,1.79,4.62,13536.04,3734.86,79120.32,373.93,173.51,1054.23
"NT","Darwin",130.81266784668,-12.4085102081299,0.6,4.5,3.01,957.98,402.08,3062.32,33.88,21.07,64.96
"SA","Victor Harbor",138.605804443359,-35.594554901123,0.6,2.01,2.7,401.02,190.17,1082.91,56.6,33.39,115.63
"WASouth","Albany",117.89533996582,-35.1227531433105,0.6,1.61,2.29,2692.13,964.42,10777.73,667.18,281.34,2161.99
"SA","Unincorporated SA",135.905776977539,-34.6888732910156,0.6,2.09,3.04,2659.55,984.5,10042.36,42.62,25.54,86.19
"SA","Unincorporated SA",133.05322265625,-32.1064491271973,0.6,2.51,2.85,204.41,97.98,564.8,188.11,92.7,496.13
"WASouth","Greater Geraldton",114.582710266113,-28.7869205474854,0.6,1.56,2.91,3571.55,1262.01,14412.65,20.92,14.08,35.74
"NSW","Newcastle",151.791976928711,-32.9030685424805,0.6,1.88,2.11,4995.14,1718.61,20741.59,467.14,195.21,1580.03
"VIC","Hobsons Bay",144.897003173828,-37.8736267089844,0.6,1.55,3.14,7718.27,2344.23,39158.25,138,68.11,371.32
"QLDSouth","Bundaberg",152.412872314453,-24.7567653656006,0.6,2.57,3.18,21984.49,5662.9,141431.87,10.48,7.67,16.05
"WASouth","Bunbury",115.637229919434,-33.3057746887207,0.6,1.77,1.73,122.8,67.9,269.56,6235.45,1814.76,34832.65
"TAS","Clarence",147.393463134766,-42.9977607727051,0.6,1.67,5.49,11399.54,3144.52,67479.78,8.49,6.17,13.38
"WANorth","Port Hedland",118.570663452148,-20.2921123504639,0.6,4.27,3.91,151.58,74.78,405.28,26191.8,6523.35,177367.97
"WANorth","Wyndham-East Kimberley",128.095184326172,-15.3794431686401,0.6,4.53,3.04,45188.24,10801.17,318448.82,1232.86,470.2,4624.65
"QLDSouth","Brisbane",153.156661987305,-27.3602046966553,0.6,2.22,2.26,139360.05,28346.57,1230739.19,963.54,364.49,3738.3
"VIC","Greater Geelong",144.419860839844,-38.2895736694336,0.6,1.59,2.11,2334.56,837.18,9413.06,447.56,195.29,1397.69
"TAS","Burnie",145.878601074219,-41.0355949401855,0.6,2.49,2.74,4517.83,1461.54,21118.93,59.79,33.04,137.8
"WANorth","Carnarvon",113.636138916016,-24.8981914520264,0.6,1.83,4.79,698.5,286.26,2380.33,26.57,16.93,49.49
"QLDNorth","Mackay",149.22673034668,-21.1112022399902,0.6,4.25,3.23,165.53,85.22,405.97,43.23,26.59,83.25
"TAS","George Town",146.792098999023,-41.052360534668,0.6,2.48,6.36,3341.61,1160.43,13972.17,129.82,69.28,302.64
"WANorth","Broome",122.209922790527,-17.9969673156738,0.6,5.72,2.78,206.84,103.38,528.11,725.59,293.58,2526.39
"QLDNorth","Cairns",145.847991943359,-16.8677730560303,0.6,2.43,2.9,7823.33,2339.16,40832.94,17.34,11.66,30.02
"NT","East Arnhem",136.69255065918,-12.2084197998047,0.6,2.63,3.48,931.52,364.41,3396.74,17.43,11.72,30.2
"QLDNorth","Aurukun",141.797592163086,-12.6793203353882,0.6,2.45,3.3,100.27,52.73,244.46,509.9,222.48,1578.59
"QLDNorth","Gladstone",151.407104492188,-23.962682723999,0.6,3.11,2.39,4885.39,1583.56,22636.35,63.14,35.91,137.07
"NSW","Kempsey",153.09098815918,-30.9209632873535,0.6,1.84,2.3,27975.2,7609.69,160322.62,121.66,63.23,299.12
"VIC","East Gippsland",147.9462890625,-37.9042129516602,0.6,1.45,3.37,19461.53,5015.01,126186.53,248.53,115.58,717.16
"QLDNorth","Gladstone",151.320953369141,-23.7948703765869,0.6,3.12,2.79,4116.91,1348.89,18910.69,92.49,49.78,217.01
"VIC","Bass Coast",145.121734619141,-38.5073280334473,0.6,2.48,3.58,1933.46,698.12,7793.68,9.79,7.09,15.38
"NSW","Bega Valley",149.936981201172,-37.097900390625,0.6,1.89,2.7,3252.23,1172.02,12737.35,32.34,19.63,65.17
"NT","East Arnhem",136.425445556641,-13.8104448318481,0.6,2.1,2.85,183.1,88.86,498.08,206.05,101.08,544.7
"QLDNorth","Torres",142.110595703125,-10.6579341888428,0.6,2.74,2.65,261.77,124.77,718.57,33.87,21.11,64.68
"SA","Grant",140.672210693359,-38.0639533996582,0.6,1.58,2.93,33520.27,8458.29,217858.8,22.6,15.03,39.26
"NSW","Northern Beaches",151.305068969727,-33.8254356384277,0.6,1.93,3.91,4720.95,1638.36,19365.07,52.11,29,119.86
"WANorth","Karratha",116.761528015137,-20.5944957733154,0.6,4.21,3.04,643.14,265.95,2167.24,61.59,35.75,128.99
"SA","Copper Coast",137.588287353516,-33.9396820068359,0.6,2.43,2.88,92.51,50.57,210.79,367.86,165.06,1104.9
"TAS","Devonport",146.352432250977,-41.1579093933105,0.6,2.51,3.29,3622.15,1212.07,16134.15,16.74,11.57,27.6
"NSW","Randwick",151.252304077148,-33.9962577819824,0.6,1.92,4.88,4311,1519.34,17292.45,57.49,33.31,121.35
"QLDNorth","Mackay",149.297515869141,-21.2697410583496,0.6,4.41,3.18,181.77,92.87,449.44,145.27,74.1,365.52
"QLDNorth","Cassowary Coast",146.139678955078,-17.6090087890625,0.6,2.41,1.37,2756.05,962.6,11543.51,2812.4,956.77,12356.43
"TAS","Glamorgan-Spring Bay",148.067794799805,-42.5660400390625,0.6,1.56,3.48,38457.66,9302.19,267957.45,113.31,59.45,275.06
"QLDNorth","Cassowary Coast",146.334701538086,-18.4832286834717,0.6,2.79,2.51,568.81,242.72,1822.25,47.71,26.96,107.28
"WANorth","Ashburton",115.163749694824,-21.6142768859863,0.6,2.22,4.23,741.99,288.19,2791.03,11.27,7.83,18.95
"WANorth","Karratha",117.169364929199,-20.5933799743652,0.6,4.24,3.77,298.72,132.83,927.02,12.44,8.76,20.24
"QLDNorth","Carpentaria",140.803146362305,-17.5088596343994,0.6,3.36,4.48,71.42,38.98,166.32,217.72,102.09,624.61
"QLDNorth","Rockhampton",150.838195800781,-23.6046981811523,0.6,3.45,2.85,82215.42,17826.74,667672.49,121.36,62.88,300.25
"QLDSouth","Sunshine Coast",153.139892578125,-26.6974658966064,0.6,1.95,3.95,224708.32,43549.74,2103482.61,19.5,13.11,33.5
"QLDNorth","Whitsunday",148.842590332031,-20.2819118499756,0.6,3.18,2.89,426.79,190.29,1284.11,59.63,34.95,122.92
"QLDNorth","Torres",142.155624389648,-10.5569248199463,0.6,2.73,3.03,325.33,152.41,909.21,1650.12,595.1,6740.79
"QLDSouth","Fraser Coast",152.941467285156,-25.2762908935547,0.6,2.85,3.09,15954.5,4577.76,85837.76,42.17,25.93,81.32
"SA","Unincorporated SA",137.602798461914,-33.023551940918,0.6,2.99,2.68,45.85,28.04,88.87,111.77,57.08,286.06
"QLDSouth","Gold Coast",153.421966552734,-27.9614505767822,0.6,1.87,3.74,190617.87,40017.9,1556980.77,36.82,21.57,78.74
"WANorth","Karratha",116.678909301758,-20.5885372161865,0.6,2.23,2.45,534.8,224.91,1768.59,466.57,193.04,1609.33
"QLDNorth","Torres",142.315673828125,-10.5067167282104,0.6,2.67,2.54,763.73,319.3,2492.66,1630.05,596.94,6473.97
"QLDNorth","Douglas",145.468811035156,-16.4769401550293,0.6,2.42,2.19,6325.49,1954.74,31488.43,128.55,65.54,326.54
"NSW","Clarence Valley",153.367126464844,-29.4367237091064,0.6,1.83,3.05,15125.54,4591.53,73787.23,8.54,6.38,12.76
"NT","Roper Gulf",136.915344238281,-15.7344379425049,0.6,2.19,3.09,48.67,28.63,101.01,45.28,27.58,88.53
"QLDNorth","Torres Strait Island",142.210647583008,-10.522177696228,0.6,2.7,1.74,396.94,179.62,1167.49,2018.61,699.43,8771.63
"VIC","Greater Geelong",144.724807739258,-38.1704139709473,0.6,1.53,2,5187.69,1748.34,22304.78,275.88,128.18,791.57
"VIC","Mornington Peninsula",144.899749755859,-38.3481216430664,0.6,1.57,3.45,1765.68,689.81,6197.23,9.91,7.29,15.06
"WASouth","Joondalup",115.731964111328,-31.8238124847412,0.6,1.6,2.92,1090.39,442.34,3678.28,77.53,43.68,169.07
"SA","Onkaparinga",138.470275878906,-35.0958251953125,0.6,2.77,4.84,444.67,197.39,1345.35,30.58,19.21,57.92
"QLDNorth","Livingstone",150.760681152344,-23.1353740692139,0.6,3.38,2.1,654.22,277.85,2094.89,897.89,351.95,3270.42
"VIC","Surf Coast",144.035140991211,-38.4956665039062,0.6,2.12,3.16,2359.77,833.14,9787.05,73.74,42.2,156.72
"SA","Yorke Peninsula",137.767929077148,-35.0375442504883,0.6,2.46,3.88,1263.52,482.05,4728.74,34.64,21.3,67.75
"QLDNorth","Whitsunday",148.079605102539,-19.8762283325195,0.6,2.68,2.59,955.84,381.21,3355.01,18.22,12.18,31.8
"WANorth","Exmouth",114.142883300781,-21.9546566009521,0.6,2.21,2.33,903.01,358.86,3203.21,31.35,20.36,55.75
"NSW","Shoalhaven",150.768478393555,-35.0744934082031,0.6,1.9,2.53,2119.45,822.86,7446.49,144.93,75.9,347.33
"NSW","Coffs Harbour",153.156051635742,-30.3061962127686,0.6,1.99,1.82,56537.76,13974.98,369468.12,5312.59,1584.29,28659.64
"VIC","Moyne",142.245132446289,-38.4012489318848,0.6,1.58,3.12,27167.21,7290.55,159823.01,71.91,40.74,155.86
"SA","Onkaparinga",138.458389282227,-35.1697807312012,0.6,2.76,4.05,491.97,214.73,1525.66,14.94,9.92,26.88
"WANorth","Ashburton",115.466323852539,-20.6898097991943,0.6,2.26,1.45,255.98,114.71,792.28,2165.51,808.99,8139.92
"VIC","South Gippsland",146.47053527832,-38.7002143859863,0.6,2.42,6.37,78489.01,16814.75,654180.06,13.44,9.43,21.86
"QLDNorth","Isaac",149.473999023438,-21.7463283538818,0.6,4.4,2.51,226.37,109.63,609.12,1699.74,615.97,6865.61
"QLDNorth","Cook",145.285095214844,-15.4928417205811,0.6,2.35,1.6,8481.3,2549.94,43578.03,2211.91,756,9800.34
"VIC","Greater Geelong",144.635314941406,-38.1060447692871,0.6,1.57,3.24,9326.21,2864.56,45799.8,23.3,14.65,44.99
"WANorth","Ashburton",115.375946044922,-20.6875629425049,0.6,2.17,2.06,5943.58,1869.69,28741.98,132.53,68.72,325.35
"TAS","West Coast",145.027053833008,-41.8157424926758,0.6,2.43,4.04,600885.04,99468.68,7067888.78,37.11,23.16,70.23
"WASouth","Dundas",128.882766723633,-31.7294902801514,0.6,2.45,3.27,922.55,381.22,3040.12,66.91,38.85,139.32
"SA","Kingston (SA)",139.666198730469,-36.9562568664551,0.6,2.02,2.33,325.06,156.95,860.07,493.19,213.43,1553.78
"SA","Kangaroo Island",137.180358886719,-36.0086135864258,0.6,2.46,3.33,1480.68,586.73,5117.66,1103.08,412.01,4340.9
"TAS","Circular Head",145.312255859375,-40.7651710510254,0.6,2.48,3.99,7618.78,2275.27,39927.06,17.87,12.06,30.68
"SA","Elliston",134.854675292969,-33.6464500427246,0.6,2.19,2.67,160.43,81.3,405.9,35.65,22.29,67.39
"WASouth","Mandurah",115.67813873291,-32.5906257629395,0.6,1.36,2.62,3174.21,1059.96,14322.68,27.77,17.57,52.25
"WANorth","Shark Bay",113.513900756836,-25.9233150482178,0.6,1.87,2.46,213.48,100.43,609.49,324.79,144.44,1001.23
"VIC","Greater Geelong",144.474060058594,-38.2902946472168,0.6,1.82,3.11,2210.03,796.46,8861.18,37.82,23.56,71.72
"SA","Port Augusta",137.763549804688,-32.6352653503418,0.6,3.01,2.66,38.13,24.02,70.82,120.45,63.04,292.52
"QLDSouth","Noosa",153.108322143555,-26.3750782012939,0.6,1.96,2.75,125153.55,26197.63,1055267.12,40.99,24.9,81.01
"SA","Unincorporated SA",132.431213378906,-32.0147438049316,0.6,2.46,6.2,636.02,260.93,2177.55,56.45,31.18,130.89
"WANorth","Derby-West Kimberley",123.560806274414,-17.287561416626,0.6,5.67,3.04,812.91,342.72,2602.83,68,39.39,142.09
"SA","Unincorporated SA",136.499649047852,-35.1658554077148,0.6,2.13,6.97,610.79,271,1813.73,25.85,16.22,49.65
"WANorth","Derby-West Kimberley",123.719276428223,-16.1033020019531,0.6,5.72,2.73,215.93,107.43,554.46,15.61,10.45,27.55
"WANorth","Ashburton",115.097961425781,-21.6335697174072,0.6,2.22,2.65,807.36,311.35,3059.17,37.99,23.97,70.39
"SA","Wattle Range",139.998825073242,-37.4942817687988,0.6,1.61,3.96,4013.11,1437.1,15710.5,306.76,136.01,955.36
"QLDNorth","Torres",142.626602172852,-10.716986656189,0.6,2.68,1.16,630.28,271.38,1972.56,2553.87,902.85,10511.39
"TAS","Huon Valley",147.098419189453,-43.2927169799805,0.6,1.69,4.01,5263.23,1667.48,25321.14,739.38,293.92,2659.37
"QLDNorth","Torres",142.322967529297,-10.5164833068848,0.6,2.65,2.2,1714.1,633.26,6673.68,51.77,31.24,102.09
"SA","Kangaroo Island",136.535095214844,-35.8576393127441,0.6,2.14,2.85,536.38,239.51,1586.54,309.4,145.09,865.87
"SA","Wattle Range",139.879470825195,-37.3767509460449,0.6,1.65,2.01,952.44,400.63,3033.66,223.57,111.39,571.4
"SA","Unincorporated SA",136.156509399414,-34.9915504455566,0.6,2.12,2.38,891.04,373.56,2866.3,2703.41,985.62,10480.8
"VIC","Unincorporated Vic",146.515869140625,-38.9114189147949,0.6,2.43,4.18,25745.13,6445.7,172837.15,15.08,10.51,24.68
"WANorth","Shark Bay",114.16576385498,-26.3805446624756,0.6,1.95,2.26,57.77,33.14,124.21,335.07,153.33,976.17
"QLDSouth","Fraser Coast",153.356964111328,-24.9777183532715,0.6,2.84,3.29,49864.23,11642.81,364694.72,46.16,27.29,95.23
"WASouth","Rockingham",115.701889038086,-32.3069496154785,0.6,1.58,2.71,1462.82,567.61,5255.75,19.05,12.91,32.32
"WASouth","Nedlands",115.749351501465,-31.9685497283936,0.6,1.6,3,927.84,393.78,2912.99,23.27,14.97,42.97
"WANorth","Exmouth",114.09871673584,-22.0990867614746,0.6,2.22,3.66,645.69,267,2175.27,11.02,7.76,18.09
"WANorth","Ashburton",115.477195739746,-20.836986541748,0.6,2.25,1.73,306.67,134.21,979.84,82.57,46.76,177.57
"SA","Kangaroo Island",137.937957763672,-35.7128486633301,0.6,1.97,2.75,1322.16,527.81,4539.27,125.76,65.4,308.2
"SA","Cleve",136.576965332031,-33.9472122192383,0.6,2.34,2.35,672.59,283.89,2174.6,496.66,225.36,1433.71
"SA","Lower Eyre Peninsula",136.023025512695,-34.8660087585449,0.6,2.11,3.63,1217.42,496.37,4043.22,42.77,26.08,83.7
"SA","Whyalla",137.786407470703,-32.9926872253418,0.6,2.99,2.51,47.71,29.07,92.87,41.87,25.68,81.22
"SA","Yorke Peninsula",137.354400634766,-34.9310340881348,0.6,2.54,5.28,156.39,80.55,384.64,24.48,15.84,44.55
"QLDNorth","Mackay",149.895462036133,-21.0195617675781,0.6,4.37,2.61,567.73,249.06,1728.23,125.31,65.24,306.5
"VIC","East Gippsland",147.987808227539,-37.8907623291016,0.6,1.45,3.84,18244.41,4735.72,117211.07,15.58,10.84,25.49
NA,"Whitsunday",149.818756103516,-20.0906581878662,0.6,3.12,2.47,4315.86,1437.64,19167.43,247.27,116.43,697.25
"NSW","Ballina",153.61018371582,-28.8397369384766,0.6,1.91,4.42,59530.35,14871.66,380541.15,592.63,259.5,1805.44
"NT","Unincorporated NT",130.514770507812,-12.6257009506226,0.6,4.49,2.84,1388.32,541.25,4961.21,61.02,35.34,128.39
"SA","Yankalilla",138.086761474609,-35.6061515808105,0.6,1.99,2.74,673.53,293.35,2056.09,24.53,16.43,41.87
"NSW","Port Stephens",152.201217651367,-32.7411689758301,0.6,1.94,3.21,6254.49,2080.96,27224.36,781.29,314.24,2736.89
"QLDNorth","Cook",144.883728027344,-14.5548992156982,0.6,2.37,3.29,16081.01,4466.79,91771.91,49.49,28.7,105.43
"QLDNorth","Gladstone",151.92448425293,-23.306095123291,0.6,3.09,3.9,17420.12,4832.74,99133.24,29.11,18.48,54.23
"VIC","Bass Coast",145.359298706055,-38.569507598877,0.6,2.47,2.96,2426.29,847.62,10244.76,35.92,22.26,68.96
"WASouth","Dundas",126.06566619873,-32.2820434570312,0.6,1.69,2.45,1475.26,573.56,5278.69,106.76,57.39,248.69
"VIC","Mornington Peninsula",144.762985229492,-38.345573425293,0.6,1.54,3.38,1579.92,632.58,5341.26,3281.59,1091.87,14873.8
"QLDNorth","Cook",143.415405273438,-12.5892887115479,0.6,2.28,2.91,37256.35,9255.97,247505.29,93.31,48.23,236.64
"QLDNorth","Gladstone",151.908676147461,-23.4388313293457,0.6,3.09,3.52,17440.62,4816.11,100090.89,41.61,25.38,81.53
"VIC","Mornington Peninsula",145.036819458008,-38.4872627258301,0.6,2.47,2.5,3037.27,1039.13,13134.73,194.09,94.52,522.25
"VIC","Kingston (Vic.)",145.111022949219,-38.0797386169434,0.6,1.56,6.14,4483.57,1469.64,20463.2,45.76,27.01,94.72
"WANorth","Wyndham-East Kimberley",124.291732788086,-15.322434425354,0.6,5.71,3.06,268.76,127.98,737.8,75.74,42.11,169.52
"VIC","Bass Coast",145.368392944336,-38.5389366149902,0.6,2.48,2.24,2196.54,778.59,9086.74,1012.07,376.64,4038.19
"VIC","Wyndham",144.678146362305,-37.9899787902832,0.6,1.57,2.28,12214.66,3548.65,65308.63,1737.85,621.53,7186.15
"VIC","Surf Coast",144.363662719727,-38.3202171325684,0.6,1.59,2.45,2555.89,904.56,10497.81,27.87,17.9,50.92
"SA","Elliston",134.446472167969,-33.7753486633301,0.6,2.15,3.97,388.3,177.95,1117.42,184.29,88.93,506.52
"QLDNorth","Lockhart River",143.524948120117,-13.1872329711914,0.6,2.29,1.76,35505.91,8809.99,237171.03,236.65,112.1,661.73
"VIC","Mornington Peninsula",145.015808105469,-38.2528228759766,0.6,1.56,3.27,2590.54,945.52,10048.4,186.77,91.39,499.38
"QLDNorth","Cook",145.479095458984,-14.6609563827515,0.6,2.37,2.83,9989.95,2912.72,53760.19,23.19,15.2,41.33
"WASouth","Dandaragan",115.017585754395,-30.3131942749023,0.6,1.58,4.35,2161.97,807.87,8123.75,78.91,42.9,183.79
"QLDNorth","Livingstone",150.680480957031,-21.9535064697266,0.6,3.36,2.83,1461.94,558.89,5398.1,502.09,206.4,1743.42
"QLDNorth","Cook",143.597961425781,-13.4578561782837,0.6,2.29,2.91,22521.93,5833.84,143138.75,1515.15,566.18,5822.85
"QLDNorth","Gladstone",151.36018371582,-23.8441028594971,0.6,3.12,2.76,4420.85,1441.27,20399.18,54.5,31.68,114.77
"SA","Franklin Harbour",136.89794921875,-33.7826766967773,0.6,2.37,6.35,296.04,139.75,820.71,6,4.68,8.46
"WANorth","Broome",122.920036315918,-16.39599609375,0.6,5.68,4.78,556.65,239.83,1754.04,36.86,22.38,73.5
"QLDNorth","Palm Island",146.692947387695,-18.7623119354248,0.6,2.77,1.6,1187.02,471.43,4140.52,2293.93,780.37,10227.93
"VIC","Greater Geelong",144.608428955078,-38.1155853271484,0.6,1.57,2.71,9825.37,2989.57,48930.17,29.17,18.12,56.58
"NT","Roper Gulf",136.516967773438,-15.5269403457642,0.6,2.15,1.43,89.75,47.71,216.07,2152.77,769.78,8773.18
"VIC","Mornington Peninsula",144.682495117188,-38.3029098510742,0.6,1.52,1.75,3960.27,1440.78,15089.22,1074.27,436.73,3613.13
"VIC","Mornington Peninsula",144.72526550293,-38.3128089904785,0.6,1.53,2.15,2005.74,790.21,6887.79,505.64,208.58,1743.01
"VIC","Bayside (Vic.)",145.012969970703,-37.9861907958984,0.6,1.55,1.95,7164.14,2188.2,36146.53,448.4,188.24,1507.85
"VIC","Port Phillip",144.961761474609,-37.8651657104492,0.6,1.55,3.05,8309.41,2457.55,44084.15,16.14,10.66,29.11
"NT","Roper Gulf",135.730651855469,-14.306037902832,0.6,2.19,3.33,48.71,27.67,108.18,2662.21,943.19,10884.4
"QLDNorth","Torres",142.951507568359,-9.85594081878662,0.6,2.62,2.72,5917.7,1887.5,27901.12,43.99,26.87,85.68
"SA","Port Augusta",137.856109619141,-32.7116355895996,0.6,3,3.55,41.37,25.81,77.83,11.69,8.09,19.81
"WANorth","Ashburton",115.418029785156,-20.6629943847656,0.6,2.19,2.73,2885.28,989.67,12460.51,402,176.34,1252.41
"QLDNorth","Douglas",145.559967041016,-16.3844261169434,0.6,2.42,3.81,7630.76,2297.7,39372.94,47.06,27.03,102.54
"NT","East Arnhem",135.162536621094,-12.2201509475708,0.6,2.66,1.49,435.59,188.82,1380.01,342.62,157.08,993.15
"TAS","Circular Head",144.763442993164,-40.4397125244141,0.6,2.46,3.03,36405.37,8802.36,254793.18,539.94,230.75,1730.81
"TAS","King Island",144.104827880859,-40.0475730895996,0.6,2.06,3.6,110999.68,21989.67,1047402.35,623.09,260.97,2054.37
"QLDNorth","Cook",145.447540283203,-15.7513809204102,0.6,2.36,3.5,7570.86,2285.6,38895.24,16.04,10.91,27.37
NA,"Mackay",150.928894042969,-20.4258937835693,0.6,4.13,4.09,15609.8,4372.08,87894.58,255.09,118.4,737.52
"VIC","Bass Coast",145.272766113281,-38.5111198425293,0.6,2.47,3.93,2488.68,864.89,10593.25,9.68,7.19,14.5
"QLDNorth","Pormpuraaw",141.524032592773,-14.5044069290161,0.6,2.45,6.4,100.7,53.06,244.48,21.06,13.75,38.07
"WANorth","Broome",121.965843200684,-18.4140720367432,0.6,5.73,1.91,180.64,91.66,452.43,530.48,218.12,1833.34
"VIC","Wyndham",144.801208496094,-37.9131851196289,0.6,1.55,2.3,7771.64,2406.4,38033.54,76.08,43.37,162.49
"WASouth","Manjimup",115.999702453613,-34.846134185791,0.6,1.64,4.01,6641.41,2086.62,31959.49,30.22,18.93,57.54
NA,"Whitsunday",149.715850830078,-20.0136013031006,0.6,3.12,3.88,4199.86,1401.63,18620.12,15.19,10.39,25.69
"QLDNorth","Whitsunday",148.560501098633,-19.9888191223145,0.6,2.69,2.58,785.58,324.27,2620.33,38.66,23.57,76.18
"SA","Yankalilla",138.237152099609,-35.4988975524902,0.6,1.98,1.72,836.1,338.61,2877.7,580.91,244.64,1904.76
"VIC","Mornington Peninsula",144.851089477539,-38.3629608154297,0.6,1.57,3.44,1505.66,602.89,5103.08,5.62,4.37,8.02
"WANorth","Exmouth",114.142738342285,-21.7975425720215,0.6,2.19,3.69,2343.89,849.18,9271.87,654.89,264.35,2307.99
"WANorth","Wyndham-East Kimberley",128.772811889648,-14.8344984054565,0.6,4.56,1.78,4752.43,1591.33,20781.53,644.46,281.85,1957.88
"WASouth","Manjimup",116.738777160645,-35.0417938232422,0.6,1.6,3.69,3136.3,1093.94,13060.13,7.32,5.62,10.48
"QLDNorth","Mornington",139.676879882812,-16.4017772674561,0.6,3.44,4.23,31.98,20.24,59.5,11.5,8.22,18.27
"QLDNorth","Mornington",139.185501098633,-16.7576770782471,0.6,3.43,3.83,35.17,21.58,68.92,63.56,37.05,131.77
"QLDNorth","Torres",142.168746948242,-10.2303152084351,0.6,2.67,4.62,1144.22,442.12,4209.7,7.2,5.37,10.96
"WANorth","Karratha",116.95361328125,-20.6833477020264,0.6,4.29,3.46,102.57,52.51,263.13,295.77,136.69,853.08
"QLDNorth","Cairns",145.972595214844,-16.7534255981445,0.6,2.42,1.64,9000.78,2625.36,48744.2,121.88,65.74,279.79
"WASouth","Rockingham",115.689399719238,-32.2365188598633,0.6,1.61,3.46,656.71,288.69,1974.46,92.13,50.08,212.27
"QLDNorth","Burdekin",147.409255981445,-19.3074054718018,0.6,2.75,3.44,1378.17,529.27,5065.45,117.54,61.03,290.3
"NT","East Arnhem",135.678955078125,-11.9292297363281,0.6,2.65,2.23,570.55,243.87,1821.62,835.7,336.13,2913.61
"QLDNorth","Northern Peninsula Area",142.102737426758,-10.9672031402588,0.6,2.69,3.22,147.93,74.9,376.99,12.16,8.76,18.97
"WASouth","Augusta Margaret River",115.021179199219,-34.2565498352051,0.6,1.69,3.69,774.31,311.95,2705.67,3558.37,1188.57,15922.49
"QLDNorth","Torres",142.871856689453,-10.0437240600586,0.6,2.64,5.33,2736.7,973.39,11089.49,38.46,23.09,78.11
"WANorth","East Pilbara",119.774200439453,-19.9569301605225,0.6,4.26,3.93,171.79,86.65,436.44,76.83,41.67,180.15
"WANorth","Broome",122.248458862305,-17.1136341094971,0.6,5.67,4.01,812.35,337.04,2678.34,241.22,116.05,654.35
"QLDNorth","Cassowary Coast",146.335098266602,-18.3602714538574,0.6,2.77,2.72,1070.83,424.95,3765.23,54.74,32.35,111.7
"SA","Whyalla",137.440902709961,-33.2315673828125,0.6,2.97,3.14,54.57,32.55,109.54,89.21,50.31,192.5
"SA","Yorke Peninsula",137.768692016602,-35.0113372802734,0.6,2.46,5.51,1262.54,481.33,4731.7,46.77,26.76,102.72
"WANorth","Broome",123.314888000488,-17.0903549194336,0.6,5.68,4.38,598.85,259.83,1854.04,2554.73,910.85,10351.26
"QLDNorth","Torres",142.684844970703,-10.917688369751,0.6,2.61,3.47,12069.01,3505.64,64602.72,4.85,3.93,6.45
"QLDNorth","Mornington",139.580749511719,-17.1097755432129,0.6,3.49,6.05,21.2,14.01,37.4,21.84,14.1,40.23
"WANorth","Broome",123.159187316895,-16.3905277252197,0.6,5.66,4.77,1027.51,415.49,3499.36,9.45,6.76,15.21
"WANorth","Karratha",116.191215515137,-20.8251476287842,0.6,2.19,1.34,2777.64,965.61,11729.34,224.11,103.87,656.13
"QLDSouth","Gold Coast",153.519638061523,-28.1603393554688,0.6,1.85,3.53,67190.17,16248.68,452136.07,2180.71,799.89,8471.19
"QLDNorth","Torres",142.706924438477,-10.9305419921875,0.6,2.61,1.72,12938.44,3701.6,70904.9,35.55,21.63,70.74
"WANorth","Shark Bay",113.505187988281,-25.5005359649658,0.6,1.84,3.58,421.5,180.15,1375.42,16.59,11.36,27.83
"SA","Unincorporated SA",133.50520324707,-32.3217849731445,0.6,2.48,4.31,324.19,145.52,981.74,34.77,21.2,69.01
"QLDNorth","Palm Island",146.686508178711,-18.7334079742432,0.6,2.76,3.73,1532.46,588.55,5594.07,41.51,24.56,86.16
"WANorth","Wyndham-East Kimberley",127.829887390137,-14.3628454208374,0.6,4.56,5.87,4783.77,1691.42,18972.7,747.56,293.61,2749.92
"WANorth","Wyndham-East Kimberley",125.901412963867,-14.5167436599731,0.6,4.61,2.71,802.26,326.35,2745.94,16.86,11.35,29.18
"NT","East Arnhem",136.830047607422,-13.7504892349243,0.6,2.1,3.39,201.94,97.4,551.9,1452.4,540.19,5647.45
"QLDNorth","Lockhart River",143.545196533203,-12.843300819397,0.6,2.28,2.82,41163.61,10083.81,278864.49,2274.84,768.32,10291.23
"QLDNorth","Cook",143.759353637695,-13.9299163818359,0.6,2.37,2.83,16643.28,4427.63,102723.89,1747.52,608.03,7615.96
"QLDNorth","Torres",142.325164794922,-10.6027498245239,0.6,2.65,2.91,1547.13,577.58,5947.97,117.9,58.82,314.66
"WANorth","Karratha",115.705352783203,-21.2753944396973,0.6,2.21,4.77,1038.8,392.19,4022.37,37.74,22.87,75.33
"QLDNorth","Isaac",149.581100463867,-22.1410808563232,0.6,4.42,3.2,169.58,84.87,437.54,15.76,10.45,28.3
"WANorth","Karratha",116.686172485352,-20.527889251709,0.6,4.21,6.25,613.18,254.3,2061.92,19.73,12.89,35.8
"WANorth","Wyndham-East Kimberley",125.128280639648,-14.4441356658936,0.6,4.61,3.25,742.79,309.18,2448.41,38.41,24.08,71.91
"TAS","George Town",146.958847045898,-41.0102310180664,0.6,2.48,2.97,3257.38,1149.54,13246.98,48.49,28.74,99.26
"SA","Lower Eyre Peninsula",135.109100341797,-34.590259552002,0.6,2.14,5.11,511.01,227.48,1524.45,240.37,111.18,702.78
"NT","West Daly",129.409133911133,-14.2268543243408,0.6,4.57,3.43,3434.53,1174.63,14743.54,9493.98,2750.05,51900.08
"QLDNorth","Cook",143.262786865234,-11.9675226211548,0.6,2.28,2.88,39504.07,9699.9,267181.4,32.84,20.09,65.05
"NT","East Arnhem",136.455780029297,-11.4806699752808,0.6,2.63,2.68,1149.55,441.28,4280.28,32.96,20.56,62.92
"SA","Lower Eyre Peninsula",135.106781005859,-34.5828094482422,0.6,2.17,3.41,223.03,110.23,578.58,1920.7,669.96,8270.51
"QLDNorth","Cook",143.691986083984,-13.6643896102905,0.6,2.29,2.02,19687.34,5155.89,123706.12,372.84,163.14,1173.6
"NSW","Richmond Valley",153.452301025391,-29.1151275634766,0.6,1.82,2.73,45788.73,11888.99,277286.14,2635.3,929.87,10862.64
"QLDNorth","Hope Vale",145.282745361328,-15.387996673584,0.6,2.38,3.72,8035.45,2435.4,40820.3,371.98,171.69,1059.36
"QLDNorth","Cassowary Coast",146.16064453125,-17.9593524932861,0.6,2.61,2.86,1124.22,436.87,4097.18,600.24,248.66,2025.74
"WANorth","Wyndham-East Kimberley",127.62767791748,-14.1565856933594,0.6,4.55,4.61,9263.45,3005.55,41258.94,227.96,102.52,707.49
"QLDNorth","Cook",144.484512329102,-14.1636114120483,0.6,2.37,4.48,9958.45,2929.17,52732.84,5.05,3.99,7.06
"WANorth","Karratha",116.844825744629,-20.364673614502,0.6,4.23,3.35,403.64,175.4,1279.94,38.01,22.4,80.07
"NT","East Arnhem",136.624969482422,-12.9765071868896,0.6,2.66,3.74,473.84,204.17,1509.45,17.1,11.83,28.11
"SA","Yorke Peninsula",137.490112304688,-34.2766609191895,0.6,2.4,3,167.24,84.92,420.4,346.44,157.68,1017.16
"NT","West Arnhem",132.592666625977,-10.9687538146973,0.6,4.44,8.11,16054.96,4512.91,89646.69,45.62,27.49,90.89
"WANorth","Broome",122.178184509277,-17.6473617553711,0.6,5.72,3.78,228.12,113.24,586.25,66.58,37.4,147.45
"NT","Tiwi Islands",130.145385742188,-11.4755601882935,0.6,4.44,4,17790.55,4614.52,114663.31,61.05,35.8,125.49
"TAS","Huon Valley",145.952133178711,-43.3556022644043,0.6,1.66,3.8,33983.6,9183.25,194894.22,8.65,6.51,12.7
"QLDNorth","Mornington",139.748779296875,-16.5429191589355,0.6,3.45,5.46,27.69,17.8,50.57,48.24,27.62,105.54
"WANorth","Wyndham-East Kimberley",126.000129699707,-14.2587823867798,0.6,4.6,4.34,945.44,377.12,3320.07,852.29,340.12,3011.64
"NT","West Daly",129.814651489258,-13.4978065490723,0.6,4.47,5.43,3334.47,1159.38,13912.78,16,11.02,26.65
"QLDNorth","Livingstone",150.702621459961,-21.9537868499756,0.6,3.35,3.17,1650.95,618.14,6285.7,48.98,28.45,104.13
"QLDNorth","Cassowary Coast",146.178268432617,-17.9479675292969,0.6,2.6,1.83,1719.01,639.45,6606.77,164.29,80.47,442.65
"VIC","Wellington",147.512222290039,-38.1365203857422,0.6,1.48,3.31,3390.04,1169.28,14339.28,177.66,87.79,467.94
"NT","West Arnhem",132.923233032227,-11.1303930282593,0.6,4.45,4.68,6856.7,2252.12,30381.91,341.72,153.62,1028.1
"NSW","Ballina",153.611038208008,-28.8455924987793,0.6,1.91,3.08,45615.16,11921.02,273118.73,55.34,31.98,117.7
"QLDSouth","Fraser Coast",153.267807006836,-24.7002735137939,0.6,2.86,5.91,12941.52,3611.12,74296.53,11.18,7.93,18.08
"WANorth","Wyndham-East Kimberley",125.676094055176,-14.159613609314,0.6,4.6,3.09,1031.34,405.03,3706.8,12.89,9.11,20.72
"NSW","Bega Valley",150.083282470703,-36.422550201416,0.6,1.88,5.38,3465.93,1251.28,13482.41,69.81,38.51,159.58
"WANorth","Port Hedland",119.190498352051,-19.9453086853027,0.6,4.26,1.24,196.81,97.42,513.12,302.58,139.34,877.24
"VIC","Glenelg",141.072341918945,-38.0935173034668,0.6,1.59,2.11,13263.37,3863.19,70221.74,436.04,191.02,1354.12
"VIC","Glenelg",141.174133300781,-38.1464004516602,0.6,1.58,2.17,30943.43,7872.04,199127.83,389.13,173.95,1172.42
"VIC","Glenelg",141.239898681641,-38.1865692138672,0.6,1.58,2.12,31824.51,8054.12,206405.36,522.28,224.14,1664.91
"VIC","Glenelg",141.342407226562,-38.2694435119629,0.6,1.58,2.21,27960.62,7216.88,176335.8,436.13,194.45,1310.53
"VIC","Glenelg",141.362701416016,-38.3697319030762,0.6,1.58,2.04,45475.45,11075.87,309390.11,1750.84,625.2,7257.33
"VIC","Glenelg",141.41227722168,-38.4009056091309,0.6,1.57,1.98,122488.33,25881.41,1016404.12,1452.54,522.24,6025.65
"VIC","Glenelg",141.492294311523,-38.3837089538574,0.6,1.58,3.69,41000.65,9858.49,287625.18,18.7,12.57,32.26
"VIC","Glenelg",141.535110473633,-38.4397430419922,0.6,1.57,1.82,104732.14,22510.51,850662.92,7216.61,2048.13,41856.55
"VIC","Glenelg",141.640731811523,-38.2952766418457,0.6,1.58,1.93,43829.52,10966.31,284490.65,1546.57,545.21,6633.44
"VIC","Glenelg",141.667434692383,-38.280647277832,0.6,1.58,1.8,37339.08,9585.75,233549.28,5636.97,1664.25,30865.88
"VIC","Glenelg",141.718215942383,-38.2639350891113,0.6,1.58,1.9,31493.18,8295.05,189962.61,2147.9,720.87,9881.18
"VIC","Glenelg",141.857879638672,-38.2674942016602,0.6,1.59,1.95,21249.1,5870.36,120360.18,1121.52,413.9,4511.86
"VIC","Moyne",141.972457885742,-38.3012351989746,0.6,1.59,1.98,14676.83,4207.51,79494.08,1366.32,494.77,5616.23
"VIC","Moyne",142.069732666016,-38.361385345459,0.6,1.58,2.04,28274.22,7491.64,169818.78,885.44,340.99,3339.86
"VIC","Moyne",142.159042358398,-38.3936805725098,0.6,1.58,1.86,23071.64,6242.89,135040.93,2305.21,765.69,10761.28
"VIC","Moyne",142.317962646484,-38.3637771606445,0.6,1.59,2,16899.37,4685.6,96457.09,787.52,305.18,2961.52
"VIC","Moyne",142.368423461914,-38.3553047180176,0.6,1.59,2.19,15508.18,4279.26,89809.05,285.77,130.64,843.49
"VIC","Warrnambool",142.473266601562,-38.4061393737793,0.6,1.59,3.44,15787.01,4435.38,88324.99,19.19,12.84,33.33
"VIC","Warrnambool",142.593643188477,-38.4447784423828,0.6,1.6,2.08,9231.66,2627.99,52255.67,566.78,234.59,1924.04
"VIC","Moyne",142.699172973633,-38.5162963867188,0.6,1.59,1.91,14672.44,4091.73,83618.87,1823.78,635.32,7903.81
"VIC","Moyne",142.760925292969,-38.5590782165527,0.6,1.59,3.18,13683.99,3866.17,76470.25,21.86,14.39,38.76
"VIC","Moyne",142.855392456055,-38.6059112548828,0.6,2.1,2.5,5671.96,1755.28,28370.57,1038.06,396.31,3934.17
"VIC","Corangamite",142.938079833984,-38.6286964416504,0.6,2.09,4.17,11108.21,3225.52,59814.68,13.32,9.34,21.71
"VIC","Corangamite",143.061187744141,-38.6513214111328,0.6,2.1,3.67,5899.52,1832.2,29233.3,24.42,15.77,44.6
"VIC","Corangamite",143.12614440918,-38.6886444091797,0.6,2.09,4.15,7545.48,2253.52,39564.61,15.08,10.41,25.12
"VIC","Corangamite",143.220077514648,-38.765064239502,0.6,2.09,3.94,9334.96,2681.59,51898.34,18.1,12.18,31.22
"VIC","Corangamite",143.258102416992,-38.7737083435059,0.6,2.09,3.26,12503.49,3421.31,74661.58,49.85,29.2,104.1
"VIC","Colac Otway",143.322082519531,-38.7615127563477,0.6,2.09,3.15,9861.28,2763.45,57243.33,61.56,34.68,136.34
"VIC","Colac Otway",143.442535400391,-38.8025894165039,0.6,2.09,3.19,9953.15,2763.02,58789.68,55.6,31.8,120.53
"VIC","Colac Otway",143.474304199219,-38.8234748840332,0.6,2.09,3.68,8019.58,2274.42,46200.2,27.19,17.27,50.82
"VIC","Colac Otway",143.489456176758,-38.8496475219727,0.6,2.09,3.54,11564.62,3149.37,70084.45,30.45,19.41,56.12
"VIC","Colac Otway",143.561721801758,-38.8537979125977,0.6,2.09,3.18,9073.59,2558.88,52355.48,44.49,26.63,89.96
"VIC","Colac Otway",143.609146118164,-38.8103332519531,0.6,2.09,2.98,7695.58,2224.47,42872.26,84.88,46.64,192.7
"VIC","Colac Otway",143.670211791992,-38.7791442871094,0.6,2.1,2.87,6793.19,2003.64,36746.96,96.61,51.65,228.86
"VIC","Colac Otway",143.721633911133,-38.7261772155762,0.6,2.1,3.18,5203,1600.35,26488.98,44.91,26.63,92.34
"VIC","Colac Otway",143.830795288086,-38.6988716125488,0.6,2.11,2.9,3528.93,1153.99,16443.29,107.84,55.5,272.62
"VIC","Colac Otway",143.908462524414,-38.6325874328613,0.6,2.12,2.75,2490.07,864.11,10627.84,159.21,77.91,430.78
"VIC","Colac Otway",143.922714233398,-38.6115913391113,0.6,2.12,2.4,2530.3,877.2,10807.73,984.64,387.91,3529.25
"VIC","Surf Coast",144.006912231445,-38.5137557983398,0.6,2.12,2.49,2365.42,834.22,9829.23,637.14,256.39,2263.61
"VIC","Surf Coast",144.112899780273,-38.4712715148926,0.6,2.12,2.44,2588.93,904.07,10892.07,967.17,370.28,3665.18
"VIC","Surf Coast",144.18293762207,-38.4305267333984,0.6,2.11,2.69,2765.6,958.47,11748.9,187.15,88.32,536.5
"VIC","Surf Coast",144.246520996094,-38.4009552001953,0.6,2.12,2.82,2556.4,899.48,10613.83,198.22,90.5,604.12
"VIC","Surf Coast",144.299911499023,-38.3594818115234,0.6,1.59,2.03,2636.54,926.83,10942.92,413.56,178.17,1330.76
"VIC","Greater Geelong",144.483413696289,-38.2930297851562,0.6,1.82,2.2,2388.68,852.22,9708.23,557,229.23,1914.33
"VIC","Greater Geelong",144.531326293945,-38.2786865234375,0.6,1.82,2.37,2078.94,756.63,8217.63,158.75,78.59,420.07
"VIC","Greater Geelong",144.583847045898,-38.2871780395508,0.6,1.82,1.56,2091.6,757.66,8336.8,1512.82,548.06,6165.72
"VIC","Greater Geelong",144.711074829102,-38.2048835754395,0.6,1.53,1.93,6071.65,1998.34,26993.81,1979.84,688.34,8559.49
"VIC","Greater Geelong",144.672241210938,-38.1073417663574,0.6,1.57,1.92,8581.14,2678.04,41145.99,1772.59,607.08,7958.48
"VIC","Greater Geelong",144.566375732422,-38.0351142883301,0.6,1.56,1.93,14965.09,4217.86,83521.44,1283.31,461.62,5370.28
"VIC","Wyndham",144.640426635742,-38.0052757263184,0.6,1.56,1.95,14898.73,4201.69,83082.64,905.38,342.73,3525.05
"VIC","Wyndham",144.715637207031,-37.9673156738281,0.6,1.57,1.97,10862.44,3210.31,56698.34,568.12,231.44,1988.43
"VIC","Wyndham",144.800323486328,-37.9226760864258,0.6,1.55,1.97,8253.22,2535.89,40811.04,459.24,192.45,1546.75
"VIC","Bayside (Vic.)",144.973785400391,-37.9034385681152,0.6,1.55,2.07,8131.31,2421.42,42651.55,303.87,136.33,925.61
"VIC","Kingston (Vic.)",145.104125976562,-38.0440711975098,0.6,1.56,2.09,5332.69,1692.98,25534,174.07,87.17,447.77
"VIC","Mornington Peninsula",145.069442749023,-38.1770629882812,0.6,1.56,2.06,3117.67,1095.92,12803.87,205.61,99.92,553.25
"VIC","Mornington Peninsula",145.028579711914,-38.2162742614746,0.6,1.56,2.01,2917.44,1041.93,11687.82,256.89,120.18,731.28
"VIC","Mornington Peninsula",144.98030090332,-38.2909278869629,0.6,1.57,2.84,2234.38,837.67,8330.19,67.68,38.3,147.68
"VIC","Mornington Peninsula",144.711502075195,-38.3453521728516,0.6,1.53,3.02,1954.52,713.44,7714.79,19.7,13.32,33.49
"VIC","Mornington Peninsula",144.799087524414,-38.4085922241211,0.6,1.57,2.86,1957.03,712.04,7770.77,27.22,17.47,49.88
"VIC","Mornington Peninsula",144.880584716797,-38.4909248352051,0.6,1.57,2.73,2191.49,785.06,8890.07,38.57,23.66,75.15
"VIC","Mornington Peninsula",144.889007568359,-38.5022506713867,0.6,1.55,2.95,3681.77,1238.08,16233.32,27.04,17.47,49.01
"VIC","Mornington Peninsula",144.935150146484,-38.499584197998,0.6,1.56,2.83,2924.96,1013.21,12391.09,30.92,19.62,57.43
"VIC","Mornington Peninsula",145.001846313477,-38.4880523681641,0.6,1.56,2.17,2583.58,905.57,10795.65,203.04,97.3,561.56
"VIC","Bass Coast",145.211959838867,-38.5279922485352,0.6,2.47,3.41,2705.71,944.62,11355.12,56.18,32.59,118.5
"VIC","Bass Coast",145.113464355469,-38.5205268859863,0.6,2.47,3.8,2420.93,845.05,10239.48,29.92,18.98,55.72
"VIC","Bass Coast",145.319030761719,-38.5331535339355,0.6,2.48,4.06,2303.8,813.16,9575.4,19.14,12.92,32.71
"VIC","Bass Coast",145.344192504883,-38.5650634765625,0.6,2.47,3.61,2396.66,845.81,9937.62,46.38,27.45,95.46
"VIC","Bass Coast",145.450881958008,-38.5514945983887,0.6,2.48,3.91,2033.95,727.59,8314.61,25.71,16.51,47.3
"VIC","Bass Coast",145.509979248047,-38.5911598205566,0.6,2.48,3.82,1723.8,629.87,6848.42,32.85,20.26,64.11
"VIC","Bass Coast",145.600509643555,-38.6806640625,0.6,2.48,4.41,1927.84,690.28,7895.87,16.71,11.44,28.07
"VIC","Bass Coast",145.620834350586,-38.6789741516113,0.6,2.47,3.91,2567.28,882.44,11132.67,31.83,19.84,61.01
"VIC","Bass Coast",145.671844482422,-38.6737289428711,0.6,2.48,3.24,2286.45,798.37,9703.03,112.58,58.28,280.5
"VIC","South Gippsland",145.793563842773,-38.702205657959,0.6,2.48,3.26,1570.46,575.46,6246.57,102.31,53.78,249.28
"VIC","South Gippsland",145.814971923828,-38.7238578796387,0.6,2.48,3.38,1576.82,577.09,6284.55,68.15,38.21,151.2
"VIC","South Gippsland",145.868545532227,-38.8068962097168,0.6,2.48,3.19,1705.32,616.09,6926.7,102.64,54.79,242.79
"VIC","South Gippsland",145.91276550293,-38.9055824279785,0.6,2.47,3.06,2602.1,887.87,11430.33,181.23,88.4,488.56
"VIC","South Gippsland",145.990966796875,-38.8922653198242,0.6,2.47,2.98,3267.88,1078.98,15033.01,239.04,111.5,687.88
"VIC","South Gippsland",146.011672973633,-38.8788261413574,0.6,2.47,2.8,2790.32,942.1,12442.85,352.26,157.09,1073.68
"VIC","South Gippsland",146.120162963867,-38.8356971740723,0.6,2.48,2.94,1918.88,685.42,7897.57,201.19,96.88,551.68
"VIC","South Gippsland",146.194381713867,-38.8833122253418,0.6,2.49,3.63,1128.7,434.35,4188.59,33.46,20.93,63.48
"VIC","South Gippsland",146.262420654297,-38.9875793457031,0.6,2.49,2.99,1419.09,529.69,5489.78,101.83,55.91,228.8
"VIC","South Gippsland",146.313919067383,-39.0818901062012,0.6,2.48,2.99,2022.41,719.55,8355.17,105.92,58.16,237.38
"VIC","South Gippsland",146.323608398438,-39.0979347229004,0.6,2.47,3.58,2445.83,848.3,10462.61,62.82,35.69,136.78
"VIC","Unincorporated Vic",146.365310668945,-39.1418838500977,0.6,2.45,3.05,8190.61,2411.66,43862.46,259.77,121.89,734.7
"VIC","South Gippsland",146.425231933594,-39.1314163208008,0.6,2.45,3.28,9604.88,2731.54,54315.66,42.01,25.19,84.97
"VIC","South Gippsland",146.476226806641,-39.0241432189941,0.6,2.44,3.94,15102.95,4023.54,93610.59,12.51,8.87,20.05
"VIC","South Gippsland",146.483413696289,-39.0663795471191,0.6,2.44,3.09,11871.39,3268.7,70312.07,100.86,54.09,236.84
"VIC","South Gippsland",146.450546264648,-38.9980163574219,0.6,2.44,3.32,17745.66,4625.53,113330.48,39.13,23.22,81.12
"VIC","South Gippsland",146.461624145508,-38.9421501159668,0.6,2.44,2.6,21821.37,5542.66,144228.04,2653.61,969.84,10253.59
"VIC","Unincorporated Vic",146.514770507812,-38.9172515869141,0.6,2.44,2.57,22579.23,5732.97,148983.03,2710.26,979.66,10670.4
"VIC","Wellington",146.535461425781,-38.7930603027344,0.6,2.43,2.55,40959.35,9894.76,284855.99,4915.11,1614.24,22220.75
"VIC","Wellington",146.522018432617,-38.7835998535156,0.6,2.43,2.78,45063.31,10665.5,323533.37,1201.83,483.1,4097.95
"VIC","Wellington",146.433959960938,-38.730281829834,0.6,2.42,2.51,120396.71,24560.95,1068119.21,977.75,388.42,3451.9
"VIC","Wellington",147.02409362793,-38.519416809082,0.6,1.48,1.73,2647.08,958.17,10409.82,710.31,293.25,2384.48
"VIC","Wellington",147.07096862793,-38.4757423400879,0.6,1.49,1.8,2009.42,753.49,7535.88,393.31,172.69,1225
"VIC","Wellington",147.189910888672,-38.3921127319336,0.6,1.49,1.84,2167.79,790.48,8515.68,261.97,121.66,755.15
"VIC","Wellington",147.261337280273,-38.3325843811035,0.6,1.48,1.85,3065.94,1045.92,13321.84,247.87,115.12,717.3
"VIC","Wellington",147.33967590332,-38.2696342468262,0.6,1.48,1.9,3735.51,1239.11,16878.14,201.79,95.59,570.84
"VIC","Wellington",147.453384399414,-38.1829528808594,0.6,1.48,1.93,2951.86,1037.24,12172.9,164.04,80.35,442.01
"VIC","Wellington",147.522064208984,-38.1248092651367,0.6,1.48,1.83,3645.51,1241.85,15704.02,236.88,112.04,664.25
"VIC","Wellington",147.615447998047,-38.0626106262207,0.6,1.47,1.86,6026.61,1885.84,29403.37,203.55,98.89,548.38
"VIC","Wellington",147.695892333984,-38.0107536315918,0.6,1.46,1.99,9643.26,2789.13,52807.14,123,63.89,302.51
"VIC","East Gippsland",147.829528808594,-37.9416542053223,0.6,1.45,2.01,16670.66,4406.39,104145.01,113.81,59.82,275.26
"VIC","East Gippsland",147.875839233398,-37.9240379333496,0.6,1.45,2.02,17500.27,4596.73,110255.34,118.88,62.34,287.92
"VIC","East Gippsland",148.034805297852,-37.877140045166,0.6,1.45,1.97,17315.42,4532.61,109886.11,141.08,72.46,351.17
"VIC","East Gippsland",148.155181884766,-37.8430023193359,0.6,1.46,1.99,13421.09,3646.54,80813.05,141.31,72.58,351.65
"VIC","East Gippsland",148.258483886719,-37.8193511962891,0.6,1.45,2.02,14661.77,3949.31,89182.15,145.92,74.73,364.25
"VIC","East Gippsland",148.356628417969,-37.8117446899414,0.6,1.46,2.05,12381.89,3406.39,73232.26,175.51,86.99,460.09
"VIC","East Gippsland",148.521102905273,-37.804370880127,0.6,1.45,2.06,14517.86,3921.86,87886.07,178.72,88.55,468.17
"VIC","East Gippsland",148.585525512695,-37.8069458007812,0.6,1.46,2.11,13136.08,3567.06,79304.74,211.41,100.99,586.57
"VIC","East Gippsland",148.72981262207,-37.8159523010254,0.6,1.44,2.28,28428.29,7104.63,190186.07,157.01,78.01,412.92
"VIC","East Gippsland",148.786849975586,-37.7952995300293,0.6,1.46,2.31,12812.75,3548.56,74649.28,123.03,63.62,305.21
"VIC","East Gippsland",148.886962890625,-37.7905311584473,0.6,1.46,2.29,7900.35,2342.74,41851.71,160.28,80.04,416.86
"VIC","East Gippsland",149.046005249023,-37.7861557006836,0.6,1.46,2.34,9159.34,2710.57,48221.12,141.45,72.28,355.31
"VIC","East Gippsland",149.16242980957,-37.7828369140625,0.6,1.87,2.84,8537.35,2569.57,43759.57,103.36,55.34,243.07
"VIC","East Gippsland",149.273971557617,-37.8057403564453,0.6,1.86,2.73,17852.22,4884.43,104059.43,143.67,73.22,362.33
"VIC","East Gippsland",149.366806030273,-37.7815475463867,0.6,1.87,2.84,9719.95,2893.11,50432.28,99.53,53.52,232.73
"VIC","East Gippsland",149.426132202148,-37.7818412780762,0.6,1.87,2.77,10740.34,3167,56336.89,123.17,64.17,301.18
"VIC","East Gippsland",149.480285644531,-37.7810363769531,0.6,1.87,2.56,11156.59,3243.99,59906.38,215.72,102.55,603.2
"VIC","East Gippsland",149.494430541992,-37.7751312255859,0.6,1.87,2.65,12102.88,3505.05,65127.82,135.76,69.02,345.37
"VIC","East Gippsland",149.602462768555,-37.7272529602051,0.6,1.87,3.26,11470.17,3331.44,61607.13,27.46,17.67,50.06
"VIC","East Gippsland",149.671539306641,-37.6921310424805,0.6,1.87,2.82,11958.34,3464.89,64341.47,57.27,33.35,119.75
"VIC","East Gippsland",149.713882446289,-37.6465682983398,0.6,1.87,3,11014.87,3225.93,58411.67,38.4,23.58,74.66
"VIC","East Gippsland",149.721771240234,-37.6194801330566,0.6,1.87,2.48,9831.94,2916.01,51313.04,160.68,79.91,421.08
"VIC","East Gippsland",149.768264770508,-37.5742301940918,0.6,1.87,1.97,9549.13,2856.82,49137.39,795.64,316.4,2844.29
"TAS","Huon Valley",146.70002746582,-43.6302795410156,0.6,1.68,2.05,8807.12,2526.57,49292.27,633.81,261.89,2141.13
"TAS","Huon Valley",146.725952148438,-43.6302185058594,0.6,1.68,2.77,6397.37,1937.64,33045.4,88.48,47.66,207.93
"TAS","Huon Valley",146.823883056641,-43.6396865844727,0.6,1.7,2.45,3516.72,1171.15,15837.01,259.6,120.74,746.66
"TAS","Huon Valley",146.83642578125,-43.6413917541504,0.6,1.7,2.64,3600.41,1207.71,15971.73,110.57,58.38,265.63
"TAS","Huon Valley",146.875350952148,-43.6377182006836,0.6,1.7,2.07,2960.39,1030.79,12412.42,640.85,263.46,2184.21
"TAS","Huon Valley",146.65266418457,-43.6085815429688,0.6,1.67,3.61,13929.59,3708.84,86941.58,11.06,7.93,17.55
"TAS","Huon Valley",146.925216674805,-43.5979690551758,0.6,1.7,4.45,2668.63,942.36,10975.25,10.74,7.83,16.51
"TAS","Huon Valley",146.024490356445,-43.5679931640625,0.6,1.66,1.9,48659.36,12494.03,299573.28,6353.62,1935.83,32469.88
"TAS","Huon Valley",146.041366577148,-43.5667343139648,0.6,1.64,2.08,153933.62,33042.84,1223270.42,890.86,348.55,3258.07
"TAS","Huon Valley",146.100540161133,-43.5627288818359,0.6,1.65,1.86,73793.85,17252.11,525019.86,6733.99,2007.95,35700.48
"TAS","Huon Valley",146.117294311523,-43.5540924072266,0.6,1.65,3.22,124941.8,26690.5,1014704.92,36.23,21.69,74.29
"TAS","Huon Valley",146.204208374023,-43.5411643981934,0.6,1.65,2.32,96794.94,21117.9,768652.46,188.29,93.01,494.28
"TAS","Huon Valley",146.289398193359,-43.5471343994141,0.6,1.65,3.4,109952.24,22646.33,964061.56,20.35,13.97,33.58
"TAS","Huon Valley",146.330108642578,-43.5856704711914,0.6,1.66,2.42,49018.35,11375.73,363053.86,200.43,99.69,517.41
"TAS","Huon Valley",146.375564575195,-43.5824508666992,0.6,1.65,2.68,62311.17,13384.78,525434.4,56.06,32.35,119.46
"TAS","Huon Valley",146.386032104492,-43.586597442627,0.6,1.65,2,53883.79,11757.16,445715.53,1178.09,447.39,4469.27
"TAS","Huon Valley",146.461120605469,-43.5462989807129,0.6,1.66,3.6,37103.7,8520.92,286019.88,19.29,12.81,33.99
"TAS","Huon Valley",146.527770996094,-43.5751419067383,0.6,1.66,2.12,30218.9,7134.77,224278.27,255.11,118.94,731.28
"TAS","Huon Valley",146.597885131836,-43.5658683776855,0.6,1.68,2.46,8297.67,2409.29,45583.26,97.42,52.78,224.96
"TAS","Huon Valley",146.925354003906,-43.5755615234375,0.6,1.7,2.08,2787.5,977.87,11572.24,634.18,263.33,2122.53
"TAS","Huon Valley",146.02912902832,-43.5403099060059,0.6,1.65,1.98,87444.96,20778.56,598106.87,2830.18,951.39,12712.9
"TAS","Huon Valley",146.963455200195,-43.5297203063965,0.6,1.7,3.57,3046.4,1055.48,12867.01,20.99,13.83,37.27
"TAS","Kingborough",147.287857055664,-43.5285034179688,0.6,1.7,2.98,3189.24,1088.58,13807.15,58.01,33.59,122.53
"TAS","Kingborough",147.299224853516,-43.5296592712402,0.6,1.68,2.25,10077.16,2900.46,55522.91,386,173.97,1146.01
"TAS","Huon Valley",145.998428344727,-43.4649772644043,0.6,1.65,2.02,62311.45,15504.53,400126.74,2044.7,721.69,8569.19
"TAS","Huon Valley",146.991561889648,-43.4864807128906,0.6,1.7,2.47,3319.01,1132.79,14333.61,150.64,75.79,387.97
"TAS","Kingborough",147.1865234375,-43.4901275634766,0.6,1.69,2.81,3722.19,1237.63,16747.41,47.1,28.08,95.51
"TAS","Kingborough",147.331878662109,-43.4914779663086,0.6,1.68,2.49,10329.67,2902.59,59452.27,105.55,56.92,244.6
"TAS","Huon Valley",145.960891723633,-43.4287185668945,0.6,1.65,2.18,89942.78,21105.92,628159.39,367.72,166.85,1081.65
"TAS","Huon Valley",147.029708862305,-43.4380493164062,0.6,1.7,1.95,3523.21,1187.87,15503.68,1697.86,618.55,6790.33
"TAS","Kingborough",147.205184936523,-43.4563064575195,0.6,1.69,2.24,3762.07,1249.68,16945.34,290.21,138,794.85
"TAS","Kingborough",147.349029541016,-43.4391441345215,0.6,1.68,2.84,9888.65,2797.61,56359.62,41.12,25.2,79.92
"TAS","Huon Valley",145.957672119141,-43.4231262207031,0.6,1.7,1.93,2821.42,983.44,11843.42,907.41,364.28,3157.13
"TAS","Huon Valley",147.029922485352,-43.4311828613281,0.6,1.69,1.76,3751.67,1253.51,16719.38,3542.49,1171.15,16165.08
"TAS","Kingborough",147.169281005859,-43.4217338562012,0.6,1.69,2.74,4187.65,1371.5,19228.51,39.56,24.15,77.65
"TAS","Kingborough",147.381912231445,-43.3907890319824,0.6,1.68,2.51,9957.61,2814.57,56822.3,58.51,35.1,115.79
"TAS","Huon Valley",145.953216552734,-43.3851013183594,0.6,1.7,1.79,3001.31,1024.35,13048.17,2766.6,947.68,12012.55
"TAS","Kingborough",147.100143432617,-43.3887329101562,0.6,1.69,1.91,4688.49,1508.92,22074.45,2594.27,899.9,11050.06
"TAS","Kingborough",147.174331665039,-43.3735466003418,0.6,1.69,2.67,4654.53,1502.15,21812.03,56.23,32.66,118.31
"TAS","Kingborough",147.388381958008,-43.3743095397949,0.6,1.68,3.46,10158.84,2869.4,57966.3,25.04,15.98,46.71
"TAS","West Coast",145.860122680664,-43.3240089416504,0.6,1.65,3.58,108281.49,24785.97,782291.94,32.02,19.74,62.63
"TAS","West Coast",145.872009277344,-43.3267440795898,0.6,1.64,2.26,161680.8,34900.75,1268161.26,460.64,201.85,1424.32
"TAS","Huon Valley",147.072708129883,-43.332218170166,0.6,1.69,1.87,4905.49,1570.52,23252.11,3584.25,1196.88,16038.86
"TAS","Kingborough",147.175140380859,-43.3535766601562,0.6,1.69,2.61,4876.78,1562.86,23082.83,72.59,40.55,161.47
"TAS","Kingborough",147.387649536133,-43.3644943237305,0.6,1.68,4.24,10135.35,2863.77,57803.16,7.41,5.75,10.43
"TAS","West Coast",145.809722900391,-43.2847747802734,0.6,1.67,1.88,14492.62,4206.15,76814.49,3094.2,1068.08,13145.44
"TAS","Huon Valley",147.145385742188,-43.2968673706055,0.6,1.69,2.01,5295.1,1676.08,25506.49,530.44,240.99,1522.01
"TAS","Kingborough",147.343643188477,-43.2917823791504,0.6,1.68,4.31,10831.62,3030.52,62642.1,7.04,5.5,9.81
"TAS","West Coast",145.810775756836,-43.2693901062012,0.6,1.72,2.08,1391.21,540.49,5002.69,520.12,231.18,1554.32
"TAS","Kingborough",147.368865966797,-43.2646980285645,0.6,1.68,1.99,11148.83,3106.18,64859.45,1790.02,654.41,7086.48
"TAS","Kingborough",147.424240112305,-43.2564239501953,0.6,1.68,3.35,11217.52,3119.27,65470.82,21.44,14.19,37.71
"TAS","Tasman",147.774551391602,-43.2328567504883,0.6,1.68,3.39,10523.11,2964,60212.65,19.15,12.9,32.84
"TAS","Tasman",147.796905517578,-43.2448196411133,0.6,1.67,2.41,13817.57,3712.92,84793.94,82.61,46.12,182.39
"TAS","West Coast",145.780456542969,-43.2245597839355,0.6,1.71,1.94,1739.58,674.47,6194.44,2815.33,978,11893.98
"TAS","Kingborough",147.43603515625,-43.2273254394531,0.6,1.68,3.09,10956.76,3059.78,63539.74,24.46,15.97,43.77
"TAS","Tasman",147.715576171875,-43.1994171142578,0.6,1.67,2.49,11371.96,3150.77,66765.6,141.88,71.48,366.11
"TAS","Tasman",147.862182617188,-43.2088279724121,0.6,1.67,2.46,15055.64,3996.65,93974.77,185.04,90.27,498
"TAS","Tasman",147.872680664062,-43.2120361328125,0.6,1.67,3.52,14712.11,3924.33,91142.58,19.01,12.78,32.77
"TAS","Tasman",147.958618164062,-43.2214050292969,0.6,1.67,2.66,16587.45,4341.76,105606.7,96.55,53.35,215.12
"TAS","Tasman",147.998931884766,-43.2302474975586,0.6,1.67,2.7,17038.67,4451.83,108641.53,41.15,25.37,79.12
"TAS","West Coast",145.754043579102,-43.1833763122559,0.6,1.65,2.02,82292.8,19161.18,585930.73,2339.01,840.84,9387.15
"TAS","Kingborough",147.433731079102,-43.2078018188477,0.6,1.68,2.99,10866.33,3038.3,62904.27,30.13,19.03,56.53
"TAS","Tasman",147.696899414062,-43.1781997680664,0.6,1.68,2.7,10843,3032.73,62741.14,25.72,16.6,46.85
"TAS","Tasman",148.010375976562,-43.2168273925781,0.6,1.66,2.3,41231.19,9589.92,307807.47,240.03,116.1,644.8
"TAS","West Coast",145.696655273438,-43.1235504150391,0.6,1.64,2.09,401503.37,73215.66,4051241.2,1185.7,475.84,4058.31
"TAS","Kingborough",147.411727905273,-43.1649971008301,0.6,1.68,2.81,11052.91,3079.27,64348.62,46.72,28.02,93.73
"TAS","Tasman",147.666564941406,-43.140209197998,0.6,1.68,2.61,11025.66,3074.2,64101,51.44,29.77,109.67
"TAS","Tasman",148.008834838867,-43.1421737670898,0.6,1.66,2.49,41473.93,9634.03,310243.6,65.91,38.55,135.49
"TAS","West Coast",145.685073852539,-43.112190246582,0.6,1.7,2.24,3637.32,1261.27,15170.2,327.9,149.98,957.53
"TAS","Kingborough",147.404937744141,-43.1275825500488,0.6,1.68,1.88,10851.29,3033.74,62837.2,4668.81,1485.81,22455.79
"TAS","Tasman",147.647872924805,-43.0914535522461,0.6,1.67,2.66,11370.06,3150.9,66728.97,35.81,21.84,70.93
"TAS","Tasman",148.007949829102,-43.133716583252,0.6,1.66,2.42,37270.24,8777.88,273667.53,82.39,47.03,174.71
"TAS","West Coast",145.647384643555,-43.0529747009277,0.6,1.72,1.95,1485.64,581.66,5246.36,3625.22,1202.93,16402.71
"TAS","Clarence",147.42106628418,-43.0523529052734,0.6,1.68,1.86,11160.74,3103.7,65154.43,5253.49,1631.63,26240.11
"TAS","Tasman",147.63232421875,-43.0770645141602,0.6,1.67,2.53,11586.61,3197.15,68464.74,34.69,21.54,66.56
"TAS","Tasman",147.969223022461,-43.0835113525391,0.6,1.66,5.54,36457.03,8626.41,265758.44,5.36,4.27,7.32
"TAS","West Coast",145.606002807617,-43.012264251709,0.6,1.7,1.88,3643.5,1272.89,14989.75,4267.38,1405.32,19371.16
"TAS","Kingborough",147.348052978516,-43.0447425842285,0.6,1.68,1.85,10331.12,2897.78,59664.1,5887.22,1748.62,31757.44
"TAS","Clarence",147.474639892578,-43.0356559753418,0.6,1.67,1.93,11461.79,3166.06,67643.51,3533.5,1128.38,17226.76
"TAS","Clarence",147.52082824707,-43.0234298706055,0.6,1.68,1.85,11283.78,3117.74,66633.69,7266.76,2149.84,38892.36
"TAS","Tasman",147.620849609375,-43.0335884094238,0.6,1.67,2.1,13573.54,3631.93,84082.17,162.55,82.54,409.32
"TAS","Tasman",147.953903198242,-43.0417671203613,0.6,1.66,3.34,36058.7,8545.02,262309.87,25.53,16.1,48.62
"TAS","West Coast",145.525390625,-42.9875373840332,0.6,1.63,5.77,715532.77,118414.76,8322150.55,4.4,3.59,5.85
"TAS","West Coast",145.598937988281,-42.99365234375,0.6,1.71,1.83,2243.66,809.47,8968.83,3871.13,1261.28,18045.14
"TAS","Clarence",147.420562744141,-42.9977531433105,0.6,1.68,1.89,10245.46,2854.58,59965.74,4602.91,1403.85,24036.58
"TAS","Clarence",147.553817749023,-42.989860534668,0.6,1.67,2.08,13160.24,3522.96,81636.13,1422.32,515.04,5828.7
"TAS","Tasman",147.631622314453,-42.9938316345215,0.6,1.67,2.39,18377.61,4668.14,122993.48,65.19,36.48,145.66
"TAS","Tasman",147.986022949219,-42.9831314086914,0.6,1.56,4.06,34717.44,8281.27,250105.84,8.25,6.29,11.88
"TAS","West Coast",145.488647460938,-42.9550094604492,0.6,1.64,2.05,224259.72,42367,2202168.24,4198.73,1294.98,21608.05
"TAS","Clarence",147.554840087891,-42.9659843444824,0.6,1.67,1.83,16495.45,4243.33,108621.47,6061.61,1801.85,32576.52
"TAS","Tasman",147.632385253906,-42.9556884765625,0.6,1.67,2.51,19985.02,5005.53,136560.71,47.37,27.86,98.53
"TAS","Tasman",148.003829956055,-42.9639625549316,0.6,1.57,3.18,32117.87,7743.87,227973.96,19.91,13.65,32.99
"TAS","West Coast",145.449157714844,-42.9071311950684,0.6,1.7,1.95,2891.31,1057.37,11104.24,5824.05,1703.05,32408.86
"TAS","Clarence",147.537948608398,-42.9388542175293,0.6,1.67,1.79,17709.89,4500.37,118762.01,8780.72,2434.61,52483.19
"TAS","Tasman",147.640472412109,-42.9432792663574,0.6,1.67,2.61,21286.54,5290.27,146947.34,33.77,20.9,65.32
"TAS","Tasman",148.00407409668,-42.916877746582,0.6,1.57,3.39,32117.66,7791.71,225324.43,14.76,10.36,23.85
"TAS","West Coast",145.431121826172,-42.8805046081543,0.6,1.72,1.91,1337.54,525.46,4724.27,3771.12,1176.37,19142.87
"TAS","Clarence",147.515411376953,-42.879077911377,0.6,1.67,1.8,19705.22,4947.39,134165.55,7215.6,2094.88,40052.89
"TAS","Sorell",147.600143432617,-42.8698997497559,0.6,1.67,2.38,19625.92,4956.32,132173.93,34.58,21.97,63.61
"TAS","Tasman",147.98518371582,-42.8885726928711,0.6,1.56,4.24,32384.17,7865.02,226589.81,7.66,5.89,10.92
"TAS","West Coast",145.415832519531,-42.836971282959,0.6,1.65,1.97,67414.15,15099.73,522160.55,6703.52,1954.2,37122.34
"TAS","Clarence",147.536834716797,-42.8490219116211,0.6,1.67,1.82,17339.63,4446.19,114458.81,6323.77,1862.11,34499.05
"TAS","Clarence",147.579864501953,-42.8435554504395,0.6,1.67,2.13,19417.03,4900.04,131052.76,100.55,55.12,226.78
"TAS","Tasman",147.924240112305,-42.8430862426758,0.6,1.56,4.09,34077.88,8279.66,237416.73,9.53,7.02,14.49
"TAS","West Coast",145.382736206055,-42.7888107299805,0.6,1.63,1.78,607212.16,96661.91,7685277.92,4125.19,1302.9,20306.43
"TAS","Sorell",147.520858764648,-42.803165435791,0.6,1.67,1.87,18916.64,4960.41,118905.74,3004.93,1003.3,13614.47
"TAS","Sorell",147.581939697266,-42.8016395568848,0.6,1.66,2.94,41300.42,9248.92,331526.31,37.41,22.67,74.76
"TAS","West Coast",145.376937866211,-42.7676277160645,0.6,1.67,1.92,13008.74,3614.42,75256.27,1768.24,660.54,6730.92
"TAS","Sorell",147.932952880859,-42.7424583435059,0.6,1.56,2.74,36034.97,8683.03,254008.4,41.03,24.97,80.83
"TAS","West Coast",145.368698120117,-42.7230072021484,0.6,1.65,2.24,54750.29,12473.66,416636.34,253.89,122,687.85
"TAS","Glamorgan-Spring Bay",148.006561279297,-42.7278175354004,0.6,1.56,2.25,34739.03,8410.7,243304.89,91.7,50.58,205.61
"TAS","Glamorgan-Spring Bay",148.054504394531,-42.7257995605469,0.6,1.56,2.28,37730.37,9020.21,269076.09,83.3,46.31,185.28
"TAS","Glamorgan-Spring Bay",148.096984863281,-42.7202072143555,0.6,1.56,2.11,40929.13,9679.26,296243.4,293.69,139.41,806.29
"TAS","West Coast",145.331405639648,-42.6594543457031,0.6,1.65,2.87,123677.22,25047.59,1110279.09,24.09,15.72,43.14
"TAS","Glamorgan-Spring Bay",148.148025512695,-42.669303894043,0.6,1.56,2.83,46812.16,10839.91,349263.58,25.02,16.52,43.78
"TAS","West Coast",145.32160949707,-42.6448287963867,0.6,1.72,2.78,1168.54,467.9,4019.53,26.78,17.14,49.41
"TAS","Glamorgan-Spring Bay",148.169342041016,-42.6512565612793,0.6,1.56,2.48,50922.92,11633.25,387481.42,70.67,39.18,159.83
"TAS","West Coast",145.264724731445,-42.6105651855469,0.6,1.68,2.66,8987.22,2600.9,49401.79,32.98,20.6,62.79
"TAS","Glamorgan-Spring Bay",148.160095214844,-42.6400108337402,0.6,1.56,2.77,51688.22,11914.84,386291.86,38.44,23.5,75.41
"TAS","West Coast",145.27473449707,-42.5649108886719,0.6,1.69,1.92,5904.62,1825.57,29504.34,6310.01,1976.07,30648.62
"TAS","Glamorgan-Spring Bay",148.055892944336,-42.579460144043,0.6,1.56,2.25,38528.91,9353.12,266615.92,62.83,36.57,130.75
"TAS","Glamorgan-Spring Bay",148.107009887695,-42.5763397216797,0.6,1.56,2.51,43723.42,10415.66,310764.76,29.23,18.89,52.69
"TAS","Glamorgan-Spring Bay",148.123977661133,-42.5849571228027,0.6,1.56,2.65,44536.75,10568.46,318446.52,46.5,27.49,95.92
"TAS","West Coast",145.262847900391,-42.5347366333008,0.6,2.55,3.23,457.4,202.05,1393.86,57.99,33.05,126.24
"TAS","West Coast",145.237335205078,-42.4822196960449,0.6,2.48,3.28,6398.24,1948.26,32718.92,26.63,17.44,47.1
"TAS","Glamorgan-Spring Bay",148.008987426758,-42.5015869140625,0.6,1.56,2.45,38658.77,9394.45,266933.63,62.23,35.08,137.62
"TAS","West Coast",145.231674194336,-42.466968536377,0.6,2.46,3.21,24661.04,6127.28,168493.14,49.17,29.4,98.86
"TAS","Glamorgan-Spring Bay",148.014312744141,-42.4557800292969,0.6,1.56,2.45,41111.25,9890.37,288060.58,87.15,47.18,203.09
"TAS","West Coast",145.232315063477,-42.4186172485352,0.6,2.52,3.06,1078.21,440.35,3595.56,58.66,34.1,122.86
"TAS","Glamorgan-Spring Bay",148.011306762695,-42.4395561218262,0.6,1.56,2.35,40484.83,9756.07,283073.22,78.57,42.87,181.72
"TAS","West Coast",145.21257019043,-42.3617858886719,0.6,2.5,3.11,2726.38,936.88,11779.43,94.37,50.51,223.5
"TAS","Glamorgan-Spring Bay",148.015411376953,-42.372974395752,0.6,1.56,2.19,45677.47,10764.18,330306.8,182.56,90.42,477.95
"TAS","West Coast",145.191223144531,-42.3330688476562,0.6,2.43,3.19,418412.33,69960.45,4954251.43,117.39,60.57,293.44
"TAS","Glamorgan-Spring Bay",148.02897644043,-42.3470230102539,0.6,1.56,2.66,47896.79,11202.17,350164.73,29.64,19.03,54.02
"TAS","Glamorgan-Spring Bay",148.258193969727,-42.3345336914062,0.6,1.55,2.68,93850.21,19653.71,806359.59,31.27,19.77,58.43
"TAS","Glamorgan-Spring Bay",148.319534301758,-42.3450050354004,0.6,1.55,2.32,106717.86,22067.69,930649.63,128.07,65.56,322.97
"TAS","West Coast",145.176895141602,-42.2989883422852,0.6,2.47,2.93,17990.69,4825.65,108751.47,347.86,155.78,1052.79
"TAS","Glamorgan-Spring Bay",148.017181396484,-42.2893524169922,0.6,1.56,2.37,52641.58,12022.3,399855.42,91.6,51.86,195.99
"TAS","Glamorgan-Spring Bay",148.228851318359,-42.3110466003418,0.6,1.55,2.71,99095.99,20335.87,881402.93,19.63,13.29,33.31
"TAS","Glamorgan-Spring Bay",148.330047607422,-42.3185920715332,0.6,1.55,2.42,86693.17,18889.74,695122.58,85.36,46.45,197.27
"TAS","West Coast",145.188659667969,-42.2482681274414,0.6,2.47,2.86,20977.8,5472.29,132214.16,774.37,311.53,2713.12
"TAS","Glamorgan-Spring Bay",148.029907226562,-42.2586402893066,0.6,1.56,1.8,59984.46,13331.27,475313.41,8045.97,2385.6,42580.17
"TAS","Glamorgan-Spring Bay",148.251510620117,-42.2540512084961,0.6,1.55,2.17,121793.76,23743.36,1177135.44,85.61,46.73,196.62
"TAS","Glamorgan-Spring Bay",148.324981689453,-42.2534446716309,0.6,1.55,2.71,91671.35,19708.53,750852.98,41.76,25.03,84.54
"TAS","West Coast",145.171859741211,-42.2119636535645,0.6,2.53,2.92,969.83,402.34,3163.59,347.67,155.6,1053.46
"TAS","Glamorgan-Spring Bay",148.071105957031,-42.1934814453125,0.6,1.55,1.87,81202.66,16859.91,716656.3,3532.9,1160.99,16307.84
"TAS","Glamorgan-Spring Bay",148.248123168945,-42.2307014465332,0.6,1.55,2.62,116097.65,22712.77,1118519.37,23.33,15.31,41.48
"TAS","Glamorgan-Spring Bay",148.34782409668,-42.2207717895508,0.6,1.55,2.23,99711.42,21050.88,840194.01,115.54,61.49,272.78
"TAS","West Coast",145.199859619141,-42.1949310302734,0.6,2.44,3.03,140824.39,27774.74,1317084.52,154.42,78.77,386.84
"TAS","West Coast",145.25276184082,-42.1763648986816,0.6,2.49,2.87,4606.75,1483.19,21699.67,762.32,314.27,2553.75
"TAS","Glamorgan-Spring Bay",148.085830688477,-42.1706275939941,0.6,1.55,1.76,84569.97,17369.32,759813.56,7122.56,2171.79,36065.14
"TAS","Glamorgan-Spring Bay",148.254638671875,-42.1658248901367,0.6,1.55,3.57,123324.35,23816.01,1212666.67,8.99,6.72,13.36
"TAS","Glamorgan-Spring Bay",148.357803344727,-42.1832542419434,0.6,1.55,2.13,126510.82,25481.39,1145721.36,150.49,76.44,380.75
"TAS","West Coast",145.259750366211,-42.1467628479004,0.6,2.52,3.57,1119.96,446.38,3895.52,26.49,17.12,48.04
"TAS","Glamorgan-Spring Bay",148.082427978516,-42.1415100097656,0.6,1.55,1.79,90577.93,18342.04,831955.35,4849.84,1555.73,22922.44
"TAS","Glamorgan-Spring Bay",148.243194580078,-42.1159973144531,0.6,1.55,2.12,120485.04,23560.78,1158533.85,95.1,51.22,222.37
"TAS","Glamorgan-Spring Bay",148.341522216797,-42.1320266723633,0.6,1.55,2.02,132354.19,26318.27,1224225.05,214.3,104.77,568.59
"TAS","West Coast",145.255340576172,-42.1075897216797,0.6,2.47,2.73,22011.34,5687.34,140772.81,4640.93,1513.8,21326.02
"TAS","Glamorgan-Spring Bay",148.108413696289,-42.0997619628906,0.6,1.55,1.79,122018.08,23436.35,1213463.85,5440.01,1722.99,26127.85
"TAS","Glamorgan-Spring Bay",148.15641784668,-42.0934715270996,0.6,1.55,1.79,139712.38,26368.48,1422575.53,5195.8,1645.64,25032
"TAS","Glamorgan-Spring Bay",148.218154907227,-42.1014633178711,0.6,1.55,2.2,143534.76,27257.91,1441173.73,116.58,60.72,286.44
"TAS","Glamorgan-Spring Bay",148.35368347168,-42.1143798828125,0.6,1.55,2.09,114674.55,23544.62,1008500.1,209.51,101.69,564.31
"TAS","West Coast",145.247283935547,-42.0595054626465,0.6,2.5,3.05,3647.72,1234.1,15913.24,166.06,81.36,446.78
"TAS","Glamorgan-Spring Bay",148.329803466797,-42.0832252502441,0.6,1.55,2.4,134116.32,26608.11,1244712.52,90.76,49.04,211.68
"TAS","West Coast",145.229965209961,-42.0238990783691,0.6,2.48,3,8796.66,2628.2,45618.8,189.41,91.59,517.47
"TAS","Glamorgan-Spring Bay",148.290771484375,-42.0331077575684,0.6,1.55,2.37,133823.84,26521.4,1244742.53,101.94,54.38,241.59
"TAS","West Coast",145.205535888672,-41.9772605895996,0.6,2.47,3.24,11665.63,3354.14,63771.04,115.69,60.7,280.45
"TAS","West Coast",145.210815429688,-41.987922668457,0.6,2.46,3.09,28897.85,7309.73,188797.18,77.55,43,174.17
"TAS","Glamorgan-Spring Bay",148.293594360352,-41.9944076538086,0.6,1.55,2.24,157186.55,30199.63,1533110.75,244.49,118.6,652.53
"TAS","West Coast",145.151718139648,-41.9276809692383,0.6,2.43,3.03,708402.07,111963.2,8989175.59,308.2,141.4,898.72
"TAS","Glamorgan-Spring Bay",148.326049804688,-41.9238891601562,0.6,1.54,3.71,258843.61,45775.18,2852005.95,16.97,11.62,28.43
"TAS","West Coast",145.123046875,-41.9068222045898,0.6,2.43,3,887559.13,135336.76,11863705.56,367.6,164.2,1113.66
"TAS","Glamorgan-Spring Bay",148.32600402832,-41.9160652160645,0.6,1.54,2.39,216550.67,39496.8,2278758.25,148.71,76.2,370.4
"TAS","West Coast",145.065216064453,-41.8570671081543,0.6,2.43,3.16,823499.57,126993.74,10831902.43,151.1,75.01,399.17
"TAS","Glamorgan-Spring Bay",148.313522338867,-41.8726387023926,0.6,1.54,2.07,222878.8,40438.24,2364010.15,221.4,103.69,635.78
"TAS","Glamorgan-Spring Bay",148.285293579102,-41.8549880981445,0.6,1.54,2.35,263173.66,46697.56,2877583.56,105.85,56.19,252.48
"TAS","West Coast",144.993347167969,-41.7665786743164,0.6,2.47,2.87,13286.09,3658.08,78072.72,278.73,132.38,767.01
"TAS","Break O'Day",148.276168823242,-41.7884788513184,0.6,1.54,1.93,404165.55,66844.61,4899222.32,357.56,164.72,1024.4
"TAS","West Coast",144.968856811523,-41.7353935241699,0.6,2.47,2.95,19207.77,5049.15,120050.88,285.11,133.65,802.64
"TAS","Break O'Day",148.304916381836,-41.7495002746582,0.6,1.54,2.15,327964.62,56070.95,3788653.42,233.78,110.24,659.97
"TAS","West Coast",144.913070678711,-41.7110061645508,0.6,2.51,2.91,2219.05,802.25,8842.95,138.2,71.44,340.33
"TAS","Break O'Day",148.29084777832,-41.712272644043,0.6,1.54,1.84,381770.17,64434.3,4470061.36,698.58,293.38,2274.02
"TAS","West Coast",144.905609130859,-41.6852493286133,0.6,2.44,3.1,216254.22,41161.39,2099157.21,128.27,66.9,312.26
"TAS","Break O'Day",148.295654296875,-41.6715774536133,0.6,1.54,1.91,365622.78,62660.05,4170936.99,310.11,144.61,876.72
"TAS","Circular Head",144.895599365234,-41.6370429992676,0.6,2.46,3.08,28065.09,6988.95,189185.17,132.68,68.84,325.3
"TAS","Break O'Day",148.323333740234,-41.622428894043,0.6,1.54,2.06,309467.03,54870.22,3349239.18,233.99,112.02,641.84
"TAS","Circular Head",144.87744140625,-41.5798988342285,0.6,2.47,3.35,13734.18,3820.46,78986.06,41.2,24.86,82.42
"TAS","Break O'Day",148.323577880859,-41.5981369018555,0.6,1.54,1.9,289666.98,52050.99,3070886.83,688.71,290,2233.15
"TAS","Circular Head",144.852844238281,-41.5486030578613,0.6,2.43,3.37,606216.29,101214.21,7012833.33,36.76,22.92,69.75
"TAS","Break O'Day",148.303894042969,-41.5573692321777,0.6,1.54,2.3,297393.56,53271.23,3165776.62,129.62,66.53,324.91
"TAS","Circular Head",144.818405151367,-41.5034866333008,0.6,2.45,3.48,97936.56,21061.23,798207.27,23.73,15.71,41.47
"TAS","Break O'Day",148.286987304688,-41.5200653076172,0.6,1.54,1.89,330562.13,58055.77,3625606.46,541.69,234.52,1694.64
"TAS","Circular Head",144.797225952148,-41.4758071899414,0.6,2.44,3.09,226233.91,43878.75,2113835.22,85,46.92,191.29
"TAS","Break O'Day",148.269668579102,-41.4799690246582,0.6,1.54,2.7,318538.51,56324.81,3458187.7,55.68,32.18,118.37
"TAS","Circular Head",144.749847412109,-41.4273529052734,0.6,2.44,3.06,218544.57,42296.28,2054862.97,162.67,81.95,415.66
"TAS","Break O'Day",148.28434753418,-41.4291572570801,0.6,2.41,2.83,369299.84,63671.17,4162090,441.19,195.68,1337.67
"TAS","Circular Head",144.751449584961,-41.4097518920898,0.6,2.46,3.04,42951.05,10638.17,284359,166.88,83.38,432.36
"TAS","Break O'Day",148.297515869141,-41.3928070068359,0.6,2.42,2.88,303776.84,54225.62,3250218.57,359.4,165.1,1034.77
"TAS","Circular Head",144.760650634766,-41.350212097168,0.6,2.45,3.11,111790.87,24205.95,891893.76,149.16,74.98,385.09
"TAS","Break O'Day",148.308197021484,-41.3584861755371,0.6,2.42,2.91,265678.88,48929.21,2705141.04,362.83,166.64,1044.34
"TAS","Circular Head",144.714797973633,-41.298942565918,0.6,2.46,2.98,25486.2,6629.27,159403.95,246.77,117.55,680.81
"TAS","Break O'Day",148.335403442383,-41.3010597229004,0.6,2.42,2.97,300120.74,54435.6,3118431.35,272.64,129.08,755.71
"TAS","Circular Head",144.707702636719,-41.2828521728516,0.6,2.48,3.04,10576.05,3066.79,57279.26,145.07,74.69,358.7
"TAS","Break O'Day",148.365814208984,-41.2782859802246,0.6,2.42,3.38,286320.1,52100.63,2966622.28,111.61,58.15,274.82
"TAS","Circular Head",144.682250976562,-41.2399520874023,0.6,2.49,4.4,4839.92,1556.34,22774.99,7.23,5.54,10.39
"TAS","Break O'Day",148.316146850586,-41.2480316162109,0.6,2.42,3.06,233418.55,44350.49,2261460.46,209.64,99.47,589.57
"TAS","Circular Head",144.684188842773,-41.2004814147949,0.6,2.49,3.94,4666.32,1511.62,21711.33,9.08,6.74,13.66
"TAS","Break O'Day",148.289001464844,-41.2092742919922,0.6,2.42,3.13,200574.62,39210.85,1861494.74,201.31,96.57,555.95
"TAS","Circular Head",144.669128417969,-41.1608581542969,0.6,2.5,3.39,3600.88,1195.31,16288.43,18.83,12.84,31.65
"TAS","Break O'Day",148.287109375,-41.1660232543945,0.6,2.43,3.25,93849.14,20442.77,748969.46,165.04,80.92,443.66
"TAS","Circular Head",144.661819458008,-41.1233596801758,0.6,2.49,3.58,4850.52,1568.67,22580.61,572.14,240.09,1890.65
"TAS","Central Coast (Tas.)",146.15837097168,-41.1372108459473,0.6,2.5,2.89,4628.66,1492.43,21736.18,415.41,182.44,1288.23
"TAS","Central Coast (Tas.)",146.198120117188,-41.1493263244629,0.6,2.5,2.81,4199.29,1370.87,19395.23,546.97,230.76,1794.94
"TAS","Central Coast (Tas.)",146.2568359375,-41.1485290527344,0.6,2.5,2.83,4293.1,1402.61,19769.67,515.86,219.81,1668.23
"TAS","Devonport",146.321304321289,-41.1522064208984,0.6,2.5,2.95,3999.5,1319.31,18176.37,334.58,150.36,1008.63
"TAS","Latrobe (Tas.)",146.430786132812,-41.155158996582,0.6,2.51,2.96,3394.91,1150.22,14840.21,351.8,157.89,1059.37
"TAS","Latrobe (Tas.)",146.492980957031,-41.1431465148926,0.6,2.51,2.97,3375.87,1147.76,14667.3,327.95,149.47,964.09
"TAS","Latrobe (Tas.)",146.525863647461,-41.1228256225586,0.6,2.51,2.77,3702.52,1250.2,16194.92,487.56,212.53,1516.67
"TAS","Latrobe (Tas.)",146.589111328125,-41.1430435180664,0.6,2.51,2.98,2914.23,1012.44,12282.3,12.55,9.05,19.53
"TAS","Break O'Day",148.282577514648,-41.1071319580078,0.6,2.42,3.05,178187.17,35821.68,1582323.32,208.02,99.46,576.71
"TAS","Circular Head",144.664001464844,-41.0789909362793,0.6,2.49,3.78,5620.33,1839.7,25353.07,484.08,203.29,1617.25
"TAS","Central Coast (Tas.)",146.043014526367,-41.0946350097656,0.6,2.49,2.92,4768.05,1529.9,22550.53,464.06,198.32,1503.7
"TAS","Central Coast (Tas.)",146.093994140625,-41.1137771606445,0.6,2.49,2.94,4762.82,1529.43,22494.22,292.52,137.61,816.81
"TAS","Latrobe (Tas.)",146.640960693359,-41.0928993225098,0.6,2.48,2.69,3472.71,1188.03,14888.89,22.43,14.85,39.32
"TAS","Break O'Day",148.294143676758,-41.0832061767578,0.6,2.42,4.28,165790.17,33674.35,1451231.16,19.23,12.88,33.32
"TAS","Circular Head",144.630340576172,-41.0435943603516,0.6,2.48,3.96,6959.07,2190.92,33263.94,273.78,123.19,835.97
"TAS","Burnie",145.97412109375,-41.0647888183594,0.6,2.49,2.94,4970.93,1590.34,23572.64,312.65,146.11,879.91
"TAS","West Tamar",146.705780029297,-41.0612106323242,0.6,2.47,2.9,3758.8,1278.64,16202.7,293.54,138.63,813.54
"TAS","West Tamar",146.720199584961,-41.0631256103516,0.6,2.47,2.41,3567.11,1224.18,15179.47,53.1,31.05,110.75
"TAS","Break O'Day",148.299789428711,-41.0481185913086,0.6,2.42,3.1,148931.76,30800.48,1269694.2,248.35,117.18,697.2
"TAS","Circular Head",144.602462768555,-41.0091133117676,0.6,2.48,3.62,11009.58,3320.55,55328.48,450.13,196.28,1407.05
"TAS","Waratah-Wynyard",145.83430480957,-41.0343780517578,0.6,2.49,3.07,3940.85,1294.93,18057.72,405.96,174.7,1311.04
"TAS","Burnie",145.913665771484,-41.0499877929688,0.6,2.49,3.15,4668.24,1503.6,21952.7,142.44,74.64,341.39
"TAS","George Town",146.850326538086,-41.0287094116211,0.6,2.47,3.09,3508.18,1219.81,14591.18,170.75,87.19,424.28
"TAS","George Town",146.880859375,-41.0161895751953,0.6,2.47,2.3,3646.97,1264.42,15212.3,143.34,73.84,354.41
"TAS","Break O'Day",148.353164672852,-40.994701385498,0.6,2.43,4.57,111611.99,24004.27,901745.48,19.46,13.07,33.51
"TAS","Circular Head",144.611099243164,-40.9469757080078,0.6,2.47,3.79,13327.15,3907.85,69683.16,243.82,114.43,692.4
"TAS","Waratah-Wynyard",145.757232666016,-40.9896659851074,0.6,2.49,4.2,4418.14,1433.7,20565.17,16.78,11.73,27.12
"TAS","George Town",147.00080871582,-40.9813957214355,0.6,2.47,3.4,4203.5,1427.32,18054.42,62.37,36.92,125.91
"TAS","George Town",147.050521850586,-40.9833717346191,0.6,2.47,2.86,3830.93,1317.93,16158.37,619.02,269.88,1895.75
"TAS","George Town",147.10888671875,-40.9926414489746,0.6,2.47,3.19,4019.9,1376.16,17057.54,126.61,68.59,287.72
"TAS","George Town",147.168502807617,-41.000904083252,0.6,2.47,3.23,3725.62,1293.86,15472.9,138.77,74.54,318.5
"TAS","Dorset",147.230133056641,-40.9747161865234,0.6,2.47,3.81,3884.97,1343.84,16211.04,25.54,16.94,44.23
"TAS","Dorset",147.39714050293,-40.9836044311523,0.6,2.48,3.37,3194.94,1149.67,12558.93,76.62,44.38,158.97
"TAS","Dorset",147.488128662109,-40.9723701477051,0.6,2.47,2.35,3889.74,1358.64,15947.25,135.22,70.12,331.47
"TAS","Break O'Day",148.352798461914,-40.9916381835938,0.6,2.43,4.23,111391.51,24058.23,893087.21,24.29,15.91,43.25
"TAS","Circular Head",144.626983642578,-40.9217834472656,0.6,2.45,4.22,76042.8,16768.4,601542.5,88.6,47.1,213.55
"TAS","Waratah-Wynyard",145.689300537109,-40.935115814209,0.6,2.5,3.03,3521.48,1179.05,15698.65,373.82,161.91,1199.82
"TAS","Waratah-Wynyard",145.72607421875,-40.9378356933594,0.6,2.5,3.22,3564.66,1189.95,15966.95,160,84.66,374.22
"TAS","Dorset",147.282119750977,-40.9394226074219,0.6,2.47,3.62,4749.06,1585.11,20889.41,49.13,29.99,95.18
"TAS","Dorset",147.329818725586,-40.9436912536621,0.6,2.47,3.57,3870.72,1348.53,15947.31,58.96,35.19,117.69
"TAS","Dorset",147.349945068359,-40.9411163330078,0.6,2.47,3.45,3984.53,1380.77,16547.32,78.57,44.79,167.53
"TAS","Dorset",147.537063598633,-40.9300727844238,0.6,2.47,3.61,5060.69,1707.2,21752.06,8,6.09,11.59
"TAS","Break O'Day",148.306838989258,-40.9382095336914,0.6,2.43,3.03,64231.64,15052.5,458938.3,189.99,94.75,489.68
"TAS","Circular Head",144.646362304688,-40.8981094360352,0.6,2.45,3.65,62454.42,13875.54,493794.06,513.92,218.49,1669.5
"TAS","Waratah-Wynyard",145.581344604492,-40.9089317321777,0.6,2.49,3.02,4043.56,1328.8,18493.19,351.25,154.31,1102.03
"TAS","Waratah-Wynyard",145.614685058594,-40.9245758056641,0.6,2.49,3.49,3744.44,1245.23,16835.81,76.07,43.31,162.87
"TAS","Dorset",147.556701660156,-40.8995056152344,0.6,2.47,2.87,5536.36,1849.12,24101.3,24.83,16.28,44.03
"TAS","Dorset",148.261993408203,-40.8855972290039,0.6,2.44,3.09,45794.3,11348.87,301659.79,212.57,102.33,580.96
"TAS","Circular Head",144.696090698242,-40.8595733642578,0.6,2.45,3.83,63984.81,14490.27,487213.17,275.04,124.22,833.37
"TAS","Circular Head",145.410034179688,-40.8539161682129,0.6,2.49,2.68,5777.24,1796.91,28588.02,1497.6,551.06,5929.59
"TAS","Circular Head",145.476165771484,-40.8643913269043,0.6,2.49,2.68,4868.42,1553.44,23233.22,1517.18,560.41,5958.26
"TAS","Circular Head",145.514511108398,-40.8528327941895,0.6,2.49,3.55,4961.84,1580.26,23732.41,62.74,36.5,130.64
"TAS","Dorset",147.594696044922,-40.8484535217285,0.6,2.47,2.76,5497.02,1855.22,23496.17,369.5,177.26,982
"TAS","Dorset",147.740966796875,-40.8519058227539,0.6,2.46,2.68,6582.78,2262.72,26977.11,969.34,406.51,3101.23
"TAS","Dorset",147.760986328125,-40.8531341552734,0.6,2.46,3.1,6749,2313.41,27757.21,190.85,97.55,470.07
"TAS","Dorset",147.860855102539,-40.8730316162109,0.6,2.46,3.25,7233.28,2439.39,30497.73,148.21,77.58,355.03
"TAS","Dorset",147.899719238281,-40.844913482666,0.6,2.46,2.92,8710.04,2876.83,37721.24,36.21,22.42,69.66
"TAS","Dorset",148.210830688477,-40.8399543762207,0.6,2.44,2.85,31256.68,8297.95,185945.37,425.68,186.05,1329.94
"TAS","Circular Head",144.69287109375,-40.8074645996094,0.6,2.46,3.47,24518.71,6415.06,152081.46,1551.13,552.83,6511.65
"TAS","Circular Head",145.299163818359,-40.8147354125977,0.6,2.48,2.67,6580.39,2003.87,33580.79,2202.55,749.61,9842.21
"TAS","Circular Head",145.357513427734,-40.8470153808594,0.6,2.49,3.37,5806.06,1800.97,28867.76,107.81,57.88,251.52
"TAS","Dorset",147.636962890625,-40.8108901977539,0.6,2.46,2.7,6732.25,2277.71,28333.03,901.44,381.05,2855.05
"TAS","Dorset",147.674896240234,-40.8212509155273,0.6,2.46,3.25,7431.68,2506.2,31291.91,138.94,72.88,332.91
"TAS","Dorset",147.923492431641,-40.8156623840332,0.6,2.46,2.72,8760.05,2894.74,37894.55,120.23,64.15,281.72
"TAS","Dorset",148.176132202148,-40.8186264038086,0.6,2.44,3.22,26601.74,7265.64,151782.09,364.88,161.11,1130.51
"TAS","Circular Head",144.680114746094,-40.7445640563965,0.6,2.45,3.6,63550.35,14259.97,492551.54,460.16,195.21,1513.31
"TAS","Circular Head",145.095779418945,-40.7816848754883,0.6,2.48,2.75,10408.94,2931.88,59604.12,742.6,297.59,2629.09
"TAS","Circular Head",145.150955200195,-40.7978782653809,0.6,2.48,2.72,8940.54,2576.91,49542.07,1170.56,436.12,4607.87
"TAS","Circular Head",145.227600097656,-40.7947006225586,0.6,2.48,3.96,6888.08,2075.86,35732.94,28.92,17.79,57.31
"TAS","Circular Head",145.260818481445,-40.762882232666,0.6,2.49,3.06,6276.3,1925.75,31680.79,226.95,108.98,620.35
"TAS","Dorset",147.937637329102,-40.7492599487305,0.6,2.46,3.21,8059.34,2729.24,33549.5,55.17,32.69,112.02
"TAS","Dorset",148.090866088867,-40.7719078063965,0.6,2.45,7.83,13540.41,3968.71,70784.53,3.71,3.12,4.67
"TAS","Circular Head",144.673858642578,-40.7176933288574,0.6,2.5,3.46,2394.42,849.32,9835.54,510.62,215.01,1690.26
"TAS","Circular Head",145.071640014648,-40.7180595397949,0.6,2.48,3.64,10842.67,3122.62,59379.73,46.62,28.16,92.36
"TAS","Dorset",147.945587158203,-40.7393455505371,0.6,2.47,3.59,4182.11,1537.39,15605.34,103.48,55.68,241.09
"TAS","Dorset",147.998031616211,-40.7403450012207,0.6,2.45,3.2,18171.66,5164.3,98702.63,131.06,68.84,314.35
"TAS","Dorset",148.086532592773,-40.7328948974609,0.6,2.46,6.74,10547.33,3141.38,54378.3,5.48,4.36,7.5
"TAS","Circular Head",144.668197631836,-40.6715774536133,0.6,2.45,4.65,54110.85,12374,409225.71,27.25,17.54,49.67
"TAS","Circular Head",144.773864746094,-40.6976509094238,0.6,2.48,2.96,10239.54,2855.6,59826.62,482.39,205.43,1569.15
"TAS","Circular Head",144.836822509766,-40.6881294250488,0.6,2.48,2.94,8127.59,2397,43415.11,548.44,227.61,1856.73
"TAS","Circular Head",145.048599243164,-40.685546875,0.6,2.48,2.87,10328.11,3026.78,54932.19,231.74,109.45,652.59
"TAS","Circular Head",144.684814453125,-40.6413726806641,0.6,2.45,3.75,53526.55,12206.07,407257.34,451.76,195.1,1437.59
"TAS","Circular Head",144.734970092773,-40.6459159851074,0.6,2.47,3.1,13935.2,3829.64,81904.7,621.51,257.29,2095.11
"TAS","Circular Head",144.87516784668,-40.6708221435547,0.6,2.48,2.71,6999.24,2165.08,34546.73,3235.25,1075.5,14702.63
"TAS","Circular Head",144.982803344727,-40.6565856933594,0.6,2.48,2.73,8978.77,2693.28,46160.51,1056.5,410.36,3870.38
"TAS","Circular Head",144.737701416016,-40.5971183776855,0.6,2.46,3.25,23453.03,5927.35,155691.28,2104.94,738.2,8911.31
"TAS","Circular Head",144.770690917969,-40.5964431762695,0.6,2.47,2.71,20402.76,5246.23,132385.1,1997.63,725.75,7942.79
"TAS","Circular Head",144.912780761719,-40.6128616333008,0.6,2.48,2.69,7697.52,2364.58,38249.01,4908.2,1532.42,24389.85
"TAS","Circular Head",144.948745727539,-40.6073684692383,0.6,2.47,3.27,11935.35,3399.79,66288.68,137.07,71.44,332.65
"TAS","Flinders (Tas.)",148.176834106445,-40.5959587097168,0.6,2.46,3.77,8255.88,2589.39,39321.79,16.03,11.05,26.65
"TAS","Flinders (Tas.)",148.200256347656,-40.5891304016113,0.6,2.45,3.41,16595.25,4644.09,93228.07,293.93,134.76,861.1
"TAS","Circular Head",144.675552368164,-40.5673217773438,0.6,2.46,3.47,25401.94,6534.69,162212.31,1757.07,637.9,7056.51
"TAS","Circular Head",144.779983520508,-40.5709533691406,0.6,2.47,4.34,17725,4647.2,111959.61,48.15,28.35,99.81
"TAS","Flinders (Tas.)",148.112411499023,-40.5633201599121,0.6,2.47,3.16,5172.25,1753.08,22016.34,28.87,18.35,53.68
"TAS","Flinders (Tas.)",148.227340698242,-40.5468826293945,0.6,2.44,3.39,40046.55,10223.64,251965.71,351.97,156.48,1079.23
"TAS","Circular Head",144.703262329102,-40.5109214782715,0.6,2.46,3.3,25116.25,6435.97,161686.92,345.35,154.57,1046.86
"TAS","Circular Head",144.791122436523,-40.5122032165527,0.6,2.47,3.47,15765.18,4244.89,95476.26,167.78,84.07,432.2
"TAS","Flinders (Tas.)",148.098937988281,-40.5235214233398,0.6,2.46,2.83,6992.69,2239.07,32399.95,48.87,28.99,99.75
"TAS","Flinders (Tas.)",148.236694335938,-40.5198822021484,0.6,2.43,3.22,50184.92,12471.85,327074.46,41.48,25.49,80.21
"TAS","Flinders (Tas.)",148.315460205078,-40.5186309814453,0.6,2.43,4.42,87701.42,20098.47,640270.05,9.04,6.76,13.4
"TAS","Flinders (Tas.)",148.353866577148,-40.5163421630859,0.6,2.43,3.52,102330.41,22972.37,768383.92,238.88,113.37,665.2
"TAS","Circular Head",144.706481933594,-40.4838218688965,0.6,2.47,2.93,19200.17,5066.08,119165.15,4018.55,1277.67,19569.66
"TAS","Circular Head",144.85026550293,-40.4683647155762,0.6,2.47,2.68,14144.65,3891.02,82897.56,3744,1226.92,17303.73
"TAS","Circular Head",144.891799926758,-40.4872550964355,0.6,2.47,2.78,16490.64,4414.51,100654.21,1092.89,411.34,4240.66
"TAS","Circular Head",144.935012817383,-40.4715118408203,0.6,2.47,3.54,18162.89,4835.91,111252.67,205.93,99.67,558.28
"TAS","Flinders (Tas.)",148.047439575195,-40.475944519043,0.6,2.45,3.52,11130.43,3361.3,55769.62,238.22,113.47,658.92
"TAS","Flinders (Tas.)",148.053924560547,-40.4809074401855,0.6,2.46,3.46,10579.55,3232.88,52046.3,189.56,93.44,499.36
"TAS","Flinders (Tas.)",148.087585449219,-40.4819755554199,0.6,2.46,3.07,8780.66,2724.55,42486.57,26.08,17.13,45.93
"TAS","Flinders (Tas.)",148.406112670898,-40.480110168457,0.6,2.42,3.61,129841.78,27696.01,1054810.17,91.6,49.44,213.93
"TAS","Circular Head",144.792694091797,-40.4443855285645,0.6,2.47,2.67,20070.94,5234.89,126922.28,3642.36,1173.73,17412.62
"TAS","Circular Head",144.837173461914,-40.449146270752,0.6,2.47,2.84,17784.7,4692.43,110974.63,1871.09,638.64,8420.2
"TAS","Circular Head",144.968170166016,-40.4310569763184,0.6,2.47,3.46,16831.6,4551.43,100668.38,240.48,113.9,671.89
"TAS","Flinders (Tas.)",147.980758666992,-40.4205627441406,0.6,2.45,3.79,11438.6,3405.5,58719.62,9.03,6.78,13.29
"TAS","Flinders (Tas.)",148.474563598633,-40.4437446594238,0.6,2.42,3.31,284025.51,52731.32,2835667.88,675.22,270.82,2403.51
"TAS","Circular Head",144.84391784668,-40.4292869567871,0.6,2.46,2.9,24868.03,6228.25,167249.04,1824.4,632.89,7970.43
"TAS","Circular Head",144.970901489258,-40.4216804504395,0.6,2.47,3.49,20111.71,5244.55,127206.2,260.88,121.3,750.46
"TAS","Flinders (Tas.)",147.9794921875,-40.4032287597656,0.6,2.46,2.93,9686.95,2933.49,48703.06,21.64,14.25,38.42
"TAS","Flinders (Tas.)",148.460372924805,-40.4083251953125,0.6,2.43,3.36,119166.77,25275.73,983645.76,794.85,316.28,2838.21
"TAS","Circular Head",144.893737792969,-40.386287689209,0.6,2.46,3.98,25209.21,6289.6,170612.06,37.32,22.87,73.05
"TAS","Circular Head",144.950103759766,-40.3884658813477,0.6,2.47,3.44,19774.61,5126.85,126599.21,449.64,193.03,1447.84
"TAS","Flinders (Tas.)",148.002624511719,-40.3662147521973,0.6,2.46,2.79,9937.01,2944.63,51908.6,38.16,23.38,74.58
"TAS","Flinders (Tas.)",148.423919677734,-40.3693313598633,0.6,2.43,3.62,59822.17,14067.68,426645.13,553,229.75,1867.21
"TAS","Flinders (Tas.)",148.006896972656,-40.3459854125977,0.6,2.46,2.83,8240.67,2491.81,41973.77,23.6,15.27,43.03
"TAS","Flinders (Tas.)",148.36750793457,-40.3207015991211,0.6,2.44,3.48,27938.37,7334.74,170777.49,701.04,281.15,2488.94
"TAS","Flinders (Tas.)",147.946670532227,-40.276180267334,0.6,2.45,3.11,15317.89,4304,85849.96,19.34,12.86,33.94
"TAS","Flinders (Tas.)",148.316146850586,-40.2893104553223,0.6,2.43,3.67,47714.57,11762.9,316530.31,960.92,369.07,3620.93
"TAS","Flinders (Tas.)",148.024673461914,-40.2296142578125,0.6,2.45,3.03,11612.58,3301.34,64852.53,21.25,14,37.72
"TAS","Flinders (Tas.)",148.303619384766,-40.2542572021484,0.6,2.45,3.68,21215.08,5776.45,123406.94,961.1,367.26,3657.12
"TAS","Flinders (Tas.)",147.987350463867,-40.1960487365723,0.6,2.45,2.39,11203.92,3208.17,61883.81,9.11,6.72,13.85
"TAS","Flinders (Tas.)",148.315856933594,-40.1951789855957,0.6,3.02,4.33,6.69,5.19,9.45,627.39,257.77,2144.06
"TAS","Flinders (Tas.)",148.005523681641,-40.1689033508301,0.6,2.46,2.56,6422.56,1942.82,33245.64,42.49,25.65,84.76
"TAS","Flinders (Tas.)",148.317733764648,-40.1645240783691,0.6,2.45,3.5,12394.68,3674.43,63811.11,68,38.24,150.05
"TAS","King Island",143.895416259766,-40.1236953735352,0.6,2.13,2.73,1257.03,485.21,4604.44,339.46,150.93,1043.52
"TAS","King Island",143.947296142578,-40.123161315918,0.6,2.07,2.83,37169.87,9027.73,257593.6,324.71,150.67,923.74
"TAS","King Island",143.980819702148,-40.114086151123,0.6,2.07,3.64,45118.87,10551.59,331263.86,232.51,113.12,619.2
"TAS","Flinders (Tas.)",147.951965332031,-40.0990562438965,0.6,2.46,3.72,10739.35,3040.14,60782.03,111.65,60.72,253.84
"TAS","Flinders (Tas.)",148.005310058594,-40.1181678771973,0.6,2.47,2.54,5232.36,1618.84,26332.93,44.12,26.37,89.45
"TAS","Flinders (Tas.)",148.307266235352,-40.1286659240723,0.6,2.45,3,12973.86,3811.86,67700.68,340.59,153.93,1014.58
"TAS","King Island",143.863250732422,-40.0790481567383,0.6,2.07,2.98,30302.22,7533.64,203819.87,145.75,73.68,372.94
"TAS","King Island",144.046844482422,-40.0782127380371,0.6,2.07,3.29,59023.38,12963.97,478848.95,910.36,352.53,3390.42
"TAS","Flinders (Tas.)",147.892807006836,-40.0879211425781,0.6,2.45,2.67,14332.88,4063.29,79357.15,36.79,22.61,71.71
"TAS","Flinders (Tas.)",148.2958984375,-40.0857315063477,0.6,2.45,3.02,12524.33,3690.74,65141.97,251.59,119.21,700.21
"TAS","King Island",143.860076904297,-40.0594444274902,0.6,2.09,2.86,13457.9,3663.28,80736.47,764.84,313.48,2589.56
"TAS","King Island",144.106567382812,-40.0429611206055,0.6,2.06,3.25,120223.76,23451.6,1161728.82,421.73,181.22,1361.95
"TAS","Flinders (Tas.)",147.846771240234,-40.0310707092285,0.6,2.44,2.78,22045.65,5919.57,131242.72,31.2,19.68,58.56
"TAS","Flinders (Tas.)",148.293029785156,-40.0547065734863,0.6,2.45,3.42,12765.83,3771.89,66002.22,80.82,44.53,183.15
"TAS","King Island",143.882369995117,-39.9975700378418,0.6,2.12,2.53,2385.73,845.91,9809.27,10290.56,2948.75,57091.48
"TAS","King Island",144.128204345703,-39.9970970153809,0.6,2.05,3.28,202153.33,36177.9,2217840.14,308.49,140.2,915.73
"TAS","Flinders (Tas.)",147.855865478516,-40.0175628662109,0.6,2.45,2.77,19507.16,5427.52,109644.6,27.73,17.76,50.95
"TAS","Flinders (Tas.)",148.283706665039,-40.0074615478516,0.6,2.46,3.21,9520.74,2941.64,46199.63,178.58,88.03,472.4
"TAS","King Island",143.853927612305,-39.9506721496582,0.6,2.11,2.74,2907.45,1016.76,12107.14,934.12,385.24,3086.98
"TAS","King Island",144.139312744141,-39.9654006958008,0.6,2.05,2.62,312502.13,52431.21,3757286.24,9572.35,2638.38,57494.05
"TAS","Flinders (Tas.)",147.798294067383,-39.918342590332,0.6,2.44,2.96,22935.85,6346.1,128961.97,1894.45,654.79,8311.36
"TAS","Flinders (Tas.)",147.89599609375,-39.9532318115234,0.6,2.45,3.2,16694.01,4800.64,89211.63,23.21,15.15,41.66
"TAS","Flinders (Tas.)",148.263214111328,-39.9630470275879,0.6,2.45,3.09,13153.29,3865.82,68539.61,159.07,79.71,411.24
"TAS","King Island",143.829513549805,-39.9180564880371,0.6,2.12,3.08,2583.23,910.86,10675.51,348.27,162.31,978.44
"TAS","King Island",144.143463134766,-39.9264678955078,0.6,2.05,3.07,287173.93,49705.28,3272135.18,777.72,304.27,2873.62
"TAS","Flinders (Tas.)",147.766845703125,-39.9082679748535,0.6,2.44,3.26,25723.62,7093.09,144559.68,20.76,13.76,36.51
"TAS","Flinders (Tas.)",148.205902099609,-39.9435615539551,0.6,2.45,3.19,13653.42,3985.12,71884.25,137.5,70.84,340.8
"TAS","King Island",143.839248657227,-39.884334564209,0.6,2.15,2.96,750.78,312.53,2472.73,414.91,190.66,1183.21
"TAS","King Island",144.136596679688,-39.9176254272461,0.6,2.05,3.75,233604.19,42217.9,2487880.37,73.5,42.2,155.24
"TAS","Flinders (Tas.)",147.744827270508,-39.8761138916016,0.6,2.44,2.78,28724,7760.36,166386.9,68.13,38.47,149.18
"TAS","Flinders (Tas.)",148.139068603516,-39.9053268432617,0.6,2.45,3.17,13083.06,3830.41,68675.26,99.11,53.05,233.85
"TAS","King Island",143.854507446289,-39.8473930358887,0.6,2.14,2.95,842.67,343.54,2863.09,482.8,220.84,1375.91
"TAS","King Island",144.132369995117,-39.8418426513672,0.6,2.05,2.87,259233.43,47065.89,2716266.52,481.61,207.42,1533.63
"TAS","Flinders (Tas.)",147.771362304688,-39.8409767150879,0.6,2.45,2.91,13788.43,4278.62,65031.77,67.31,37.93,148.11
"TAS","Flinders (Tas.)",148.091217041016,-39.8570404052734,0.6,2.45,3.09,11670.83,3475.65,59806.52,174.19,85.46,465.83
"TAS","King Island",143.85676574707,-39.7956581115723,0.6,2.12,2.92,2111.69,751.83,8687.08,379.64,181.21,1016.38
"TAS","King Island",144.12744140625,-39.817554473877,0.6,2.05,2.8,239185.56,43876.38,2471751.09,429.21,187.33,1343.74
"TAS","Flinders (Tas.)",147.811630249023,-39.8306541442871,0.6,2.45,2.92,12424.24,3904.39,57626.77,71.51,40.11,158.01
"TAS","Flinders (Tas.)",148.043655395508,-39.8109970092773,0.6,2.46,4.64,10225.28,3085,51588.02,13.82,9.72,22.32
"TAS","King Island",143.844787597656,-39.7591819763184,0.6,2.12,2.97,2063.91,741.85,8353.45,191.89,97.16,480.75
"TAS","King Island",144.107025146484,-39.7624244689941,0.6,2.05,3.28,269536.27,48848.38,2826061.78,235.6,114.65,626.63
"TAS","Flinders (Tas.)",147.84489440918,-39.7629585266113,0.6,2.45,2.96,14571.22,4347.51,73452.04,77.01,42.94,171.23
"TAS","Flinders (Tas.)",148.013427734375,-39.7826461791992,0.6,2.45,3.34,11640.03,3441.88,60438.13,116.06,60.26,286.9
"TAS","King Island",143.820816040039,-39.6965179443359,0.6,2.09,3.08,12595.52,3801.38,62723.21,155.08,79.06,388.85
"TAS","King Island",144.110992431641,-39.7095756530762,0.6,2.05,2.58,237377.15,43575.72,2451068.66,773.37,326.44,2478.31
"TAS","Flinders (Tas.)",147.898330688477,-39.7129211425781,0.6,2.46,2.94,9791.33,3051.29,46707.66,1472.24,570.89,5293.77
"TAS","Flinders (Tas.)",147.947769165039,-39.7199745178223,0.6,2.46,3.06,7461.85,2376.87,34766.66,119.03,61.81,293.57
"TAS","Flinders (Tas.)",147.965942382812,-39.7286834716797,0.6,2.45,3.38,20996.84,5761.35,120501.77,158.31,78.16,421.22
"TAS","King Island",143.838088989258,-39.6834030151367,0.6,2.09,3.39,12878.37,3858.73,64887.63,44.47,26.53,90.44
"TAS","King Island",144.111511230469,-39.6770706176758,0.6,2.05,2.67,226163.25,41777.43,2315721.07,192.59,93.28,523.95
"TAS","King Island",143.924285888672,-39.651180267334,0.6,2.08,3.4,17602.75,4888.7,99907.16,81.34,46.19,174.24
"TAS","King Island",144.095275878906,-39.6545829772949,0.6,2.05,4.73,196212.42,37322,1919873.3,9.47,6.99,14.36
"TAS","King Island",143.921173095703,-39.6032028198242,0.6,2.08,3.6,15034.06,4210.78,84859.63,76.3,42.3,171.57
"TAS","King Island",144.043029785156,-39.6161041259766,0.6,2.06,4.24,127198.04,26465.07,1083475.81,25.53,16.41,46.88
"TAS","King Island",143.951919555664,-39.575366973877,0.6,2.06,3.24,88031.43,19314.96,696076.43,131.44,68.52,319.69
"TAS","King Island",143.97900390625,-39.5885543823242,0.6,2.06,3.53,83396.88,18688.67,636369.87,165.11,81.05,442.77
"VIC","South Gippsland",146.421844482422,-39.1332206726074,0.6,2.45,3.94,9531.25,2717.21,53680.25,10.52,7.6,16.5
"VIC","South Gippsland",146.439544677734,-39.1008491516113,0.6,2.45,3.41,11204.16,3109.48,65641.49,95.45,52.59,213.94
"VIC","Unincorporated Vic",146.250122070312,-39.0228652954102,0.6,2.47,3.1,2533.86,875.11,10899.34,113.25,60.25,267.82
"VIC","Unincorporated Vic",146.224090576172,-38.9649429321289,0.6,2.49,2.98,1354.77,509.07,5192.21,109.46,59.3,250.92
"VIC","South Gippsland",146.248489379883,-38.9512329101562,0.6,2.49,3.07,1157.22,445.48,4284.17,136.97,70.69,338.46
"VIC","South Gippsland",145.947830200195,-38.8994636535645,0.6,2.47,3.52,3375.1,1108.82,15638.22,23.7,15.33,43.25
"VIC","Colac Otway",143.527114868164,-38.8592071533203,0.6,2.1,3.34,6462.22,1899.08,35332.67,117.56,61.39,287.18
"VIC","South Gippsland",145.891571044922,-38.8503303527832,0.6,2.48,2.88,1851.59,661.46,7638.18,253.79,117.97,732.02
"VIC","South Gippsland",146.166641235352,-38.8644256591797,0.6,2.49,3.47,1377.82,516.25,5302.79,101.25,54.86,233.22
"VIC","South Gippsland",146.313766479492,-38.8775672912598,0.6,2.43,2.7,29427.05,7097.59,210055.85,1752.31,646.63,6827.24
"VIC","South Gippsland",146.37321472168,-38.8578033447266,0.6,2.43,2.51,27217.89,6649.06,190692.19,2730.57,998.15,10529.84
"VIC","South Gippsland",146.484771728516,-38.8814544677734,0.6,2.43,3.63,29547.29,7391.83,196774.77,153.54,77.97,388.08
"VIC","South Gippsland",146.266677856445,-38.8223075866699,0.6,2.43,2.73,33400.4,8327.05,222037.26,1718.43,642.68,6539.28
"VIC","South Gippsland",146.389358520508,-38.8456001281738,0.6,2.43,3.36,30081.35,7291.95,212341.8,31.13,19.44,59.5
"VIC","Colac Otway",143.380554199219,-38.7705993652344,0.6,2.09,3.58,9746.04,2721.91,56992.39,21.82,14.36,38.73
"VIC","Colac Otway",143.422012329102,-38.7849884033203,0.6,2.1,3.6,5540.91,1651.35,29830.97,62.42,35.3,137.15
"VIC","South Gippsland",145.861663818359,-38.7764129638672,0.6,2.49,3.11,1187.98,451.7,4493.72,196.23,96.76,515.47
"VIC","South Gippsland",146.223907470703,-38.7741508483887,0.6,2.42,2.62,55347.79,12960.48,399842.85,3406.8,1160.03,14751.5
"VIC","South Gippsland",146.418823242188,-38.8024101257324,0.6,2.42,3.31,71957.86,15538.46,594442.24,40.93,24.45,83.54
"VIC","Corangamite",143.173309326172,-38.7280006408691,0.6,2.1,3.36,4862.59,1521.35,24083.62,51.71,30.01,109.61
"VIC","Colac Otway",143.785034179688,-38.7066078186035,0.6,2.11,3.08,4128.06,1315.86,19966.17,174.98,87.75,448.78
"VIC","South Gippsland",146.206741333008,-38.7418212890625,0.6,2.42,2.6,71990,16198.92,550416.3,2645.77,954.93,10459.71
"VIC","Wellington",146.462844848633,-38.7444381713867,0.6,2.41,3.34,167723.63,32806.25,1574064.39,65.74,36.61,148.14
"VIC","Colac Otway",143.866333007812,-38.6734504699707,0.6,2.11,3.08,3020.09,1012.57,13570.89,137.06,68.79,357.11
"VIC","South Gippsland",145.768341064453,-38.6752052307129,0.6,2.49,2.45,1523.29,561.94,5995.27,4926.18,1650.55,21470.03
"VIC","South Gippsland",146.262573242188,-38.702880859375,0.6,2.42,2.68,57400.93,13459.18,412671.77,2943.01,1046.55,11876.53
"VIC","South Gippsland",146.317321777344,-38.6941146850586,0.6,2.42,2.72,84776.14,18295.07,693163.04,1975.54,741.12,7410.44
"VIC","South Gippsland",146.37451171875,-38.701057434082,0.6,2.42,2.68,86797.34,18850.31,700192.49,1536.4,592.64,5563.2
"VIC","South Gippsland",146.425537109375,-38.7058410644531,0.6,2.42,2.66,88144.8,18917.91,726230.96,1401.32,554.29,4874.84
"VIC","South Gippsland",146.526977539062,-38.6985206604004,0.6,2.42,2.72,65264.95,14608.54,507268.2,1140.15,462.14,3841.59
"VIC","Wellington",146.581451416016,-38.7003326416016,0.6,2.43,3.12,48160.24,11479.53,339723.61,154.91,75.75,420.62
"VIC","Wellington",146.637847900391,-38.696403503418,0.6,2.43,2.86,23917.85,6469.64,139771.26,786.02,314.33,2782.41
"VIC","Wellington",146.684783935547,-38.7009582519531,0.6,2.45,2.85,8941.27,2813.07,42149.67,716.91,294.72,2424.39
"VIC","Wellington",146.734375,-38.6946296691895,0.6,2.46,2.88,4351.59,1486.63,18446.47,639.36,266.89,2117.55
"VIC","Wellington",146.782333374023,-38.6860198974609,0.6,1.47,2.91,5122.56,1688.39,22948.41,19.73,13.22,34.11
"VIC","Corangamite",143.002075195312,-38.6296424865723,0.6,2.09,4.1,8225.54,2461.45,42721.52,30.26,18.89,58
"VIC","Bass Coast",145.551666259766,-38.6480751037598,0.6,2.48,2.53,1619.95,597.53,6349.98,461.57,199.08,1470.29
"VIC","Wellington",146.842651367188,-38.6615715026855,0.6,1.47,1.82,5541.83,1795.67,25489.23,499.79,218.49,1543.69
"VIC","Wellington",146.872207641602,-38.6447563171387,0.6,1.45,2.54,17276.36,4558.75,108002.62,46.59,27.5,96.38
"VIC","Moyne",142.796737670898,-38.5771369934082,0.6,2.09,2.64,12012.08,3439.96,66027.18,316.06,142.02,957.05
"VIC","Corangamite",142.901062011719,-38.6155624389648,0.6,2.1,2.68,4827.6,1521.15,23603.88,606.78,256.61,1968.04
"VIC","Wellington",146.93049621582,-38.6043281555176,0.6,1.46,1.8,12167.45,3392.55,70249.95,562.08,236.94,1843.92
"VIC","Wellington",146.974472045898,-38.5582618713379,0.6,1.47,2.75,5405.45,1732.82,25397.56,76.17,42.23,171.31
"VIC","Bass Coast",145.148681640625,-38.5175552368164,0.6,2.47,2.4,2737.63,946.39,11692.88,518.87,221.78,1667.43
"VIC","Wellington",146.998046875,-38.5383987426758,0.6,1.48,2.12,3686,1263.2,15693.67,107.64,56.19,264.81
"VIC","Moyne",142.64680480957,-38.4789199829102,0.6,1.59,2.49,12630.73,3509.45,73215.59,626.61,250.09,2265.08
"VIC","Surf Coast",144.097763061523,-38.4742584228516,0.6,2.12,2.09,2312.27,819.74,9529.74,750.22,307.71,2540.09
"VIC","Wellington",147.049911499023,-38.4927177429199,0.6,1.49,3.03,2030.93,764.45,7559.51,26.95,17,51.08
"VIC","Glenelg",141.558639526367,-38.4331817626953,0.6,1.57,2.49,123526.04,25923.27,1037494.02,944.71,365.39,3516.76
"VIC","Surf Coast",144.1611328125,-38.4358596801758,0.6,2.12,3.45,2543.12,891.74,10629.94,27.57,17.74,50.3
"VIC","Mornington Peninsula",144.849258422852,-38.4480476379395,0.6,1.57,1.46,1818.5,667.34,7141.11,529.31,225.3,1712.13
"VIC","Wellington",147.098709106445,-38.4510116577148,0.6,1.49,1.67,2051.15,766.63,7728.48,955.84,365.41,3635.74
"VIC","Moyne",142.142532348633,-38.3927955627441,0.6,1.58,1.87,32335.92,8408.74,199317.75,3556.82,1110.99,18091.51
"VIC","Moyne",142.209732055664,-38.3974876403809,0.6,1.58,2.21,23178.71,6297.88,134607.85,231.51,108.98,656.18
"VIC","Warrnambool",142.44255065918,-38.3908538818359,0.6,1.59,2.19,15603.87,4271.79,91666.05,268.88,123.58,789.04
"VIC","Warrnambool",142.532409667969,-38.4123992919922,0.6,1.59,2.16,14307.31,3930.15,84009.97,431.08,187.08,1363.8
"VIC","Wellington",147.159881591797,-38.413703918457,0.6,1.49,1.63,2020.04,749.96,7712.2,1297.6,478.52,5169.8
"VIC","Glenelg",141.650573730469,-38.3856811523438,0.6,1.57,3.24,81274.35,18105.86,628031.81,30.6,19.63,55.71
"VIC","Mornington Peninsula",144.78840637207,-38.361759185791,0.6,1.58,2.07,1237.78,511.48,4010.31,366.74,162.78,1124.65
"VIC","Wellington",147.212829589844,-38.3721466064453,0.6,1.49,1.72,2264.75,815.79,9074.08,1200.7,463.87,4404.41
"VIC","Glenelg",141.382507324219,-38.3421783447266,0.6,1.58,1.93,37936.09,9496.15,248254.1,1745.61,606.44,7630.83
"VIC","Moyne",142.009292602539,-38.324577331543,0.6,1.58,1.84,25236.26,6797.8,148115.88,2972.38,957.55,14437.43
"VIC","Glenelg",141.795745849609,-38.2637748718262,0.6,1.58,1.86,25762.5,6971.79,149749.17,2821.65,909.74,13739.68
"VIC","Moyne",141.895767211914,-38.2744064331055,0.6,1.59,2.22,18970.67,5302.9,105908.8,237.29,111.19,677.25
"VIC","Wellington",147.313613891602,-38.292350769043,0.6,1.48,1.75,3611.16,1201.39,16263.76,617.89,257.37,2059.55
"VIC","Glenelg",141.286392211914,-38.2221336364746,0.6,1.58,1.82,35583.96,8854,236432.62,2490.37,872.04,10451.02
"VIC","Queenscliffe",144.683502197266,-38.246208190918,0.6,1.52,2.15,4001.2,1430.89,15704.07,226.09,105.3,655.26
"VIC","Wellington",147.365676879883,-38.2471771240234,0.6,1.48,1.98,3706.94,1234.73,16628.78,139.6,71.68,347.87
"VIC","Glenelg",141.269760131836,-38.2036285400391,0.6,1.6,2.2,10842.33,3194.05,56936.92,213.27,100.12,611.37
"VIC","Wellington",147.417602539062,-38.2067680358887,0.6,1.48,1.79,3453.63,1174.67,14971.81,427.71,187.5,1328.27
"VIC","Glenelg",141.208801269531,-38.1662750244141,0.6,1.58,2.29,32190.23,8120.18,209884.26,181.22,87.23,501.16
"VIC","Wellington",147.474075317383,-38.162956237793,0.6,1.48,1.76,2911.87,1029.79,11877.28,515.55,220.08,1661.57
"VIC","Glenelg",141.108062744141,-38.1139183044434,0.6,1.58,1.99,31408.9,7985.33,202167.92,2374.47,804.19,10650.28
"VIC","Greater Geelong",144.714935302734,-38.134162902832,0.6,1.58,2.18,6611.48,2148.29,29931.04,162.49,82.34,410.78
"VIC","Mornington Peninsula",145.081008911133,-38.163745880127,0.6,1.56,1.94,3303.04,1147.69,13806.41,340.34,156.26,984.34
"SA","Grant",140.74040222168,-38.0601692199707,0.6,1.59,1.99,11790.79,3519.91,60117.91,938.38,364.97,3457.95
"SA","Grant",140.77214050293,-38.0627479553223,0.6,1.58,2.29,35137.02,8865.26,227724.61,133.75,69.45,327.35
"SA","Grant",140.85432434082,-38.0498161315918,0.6,1.59,2.08,15662.12,4414.17,87164.52,383.47,169.26,1184.62
"SA","Grant",140.912155151367,-38.0582466125488,0.6,1.59,1.99,16954.79,4720.95,96000.21,1215.78,447.13,4893.37
"SA","Grant",140.955093383789,-38.0625228881836,0.6,1.58,2.05,34947.76,8694.08,232559.98,484.23,205.61,1583.51
"VIC","Glenelg",141.0107421875,-38.069766998291,0.6,1.59,2,16953.45,4710.13,96385.39,996.05,380.82,3776.22
"VIC","Glenelg",141.052200317383,-38.088062286377,0.6,1.58,2.2,29044.56,7450.38,184825.45,224.99,107.05,626.14
"VIC","Wellington",147.582229614258,-38.0834007263184,0.6,1.47,3.13,5109.44,1645.26,23896.35,17.78,12.18,29.7
"SA","Grant",140.5830078125,-38.033863067627,0.6,1.58,2.85,39767.79,9935.09,260405.64,38.29,23.67,73.61
"SA","Grant",140.631912231445,-38.0421752929688,0.6,1.6,2.13,7527.02,2282.19,38374.97,314.91,140.44,967.75
"VIC","Kingston (Vic.)",145.088943481445,-38.0244255065918,0.6,1.55,1.16,5777.97,1811.94,28156.12,2877.41,974.83,12721.13
"VIC","East Gippsland",147.579849243164,-38.0433120727539,0.6,1.42,2.7,333515.52,66826.75,2867555.64,223.3,106.7,616.68
"VIC","Wellington",147.637832641602,-38.044059753418,0.6,1.47,2.15,7041.6,2146.45,35702.74,78.4,45.12,164.31
"SA","Grant",140.501113891602,-37.987247467041,0.6,1.6,2.58,9458.08,2972.21,44534.29,61.85,36.22,127.42
"SA","Grant",140.524429321289,-37.9978141784668,0.6,1.6,2.81,7176.61,2313.08,32809.61,39.61,24.78,74.38
"SA","Grant",140.429992675781,-37.9360847473145,0.6,1.61,2.01,6042.64,1985.02,26964.54,562.55,229.46,1965.72
"VIC","Wyndham",144.773010253906,-37.9353256225586,0.6,1.55,2.03,9585.8,2889.87,48623.52,528.98,217.34,1831.12
"VIC","Bayside (Vic.)",144.991851806641,-37.947208404541,0.6,1.55,1.38,7709.56,2324.05,39668.44,443.87,194.26,1379.22
"VIC","East Gippsland",147.737213134766,-37.9574432373047,0.6,1.41,3.74,835266.36,148730.73,8418069.74,22.94,15.56,38.44
"SA","Grant",140.370849609375,-37.9024505615234,0.6,1.6,1.56,7726.21,2507.69,34734.82,497.92,213.5,1595.17
"VIC","East Gippsland",147.776397705078,-37.914665222168,0.6,1.42,2.04,224147.94,46804.19,1831186.89,1678.74,624.54,6460.74
"VIC","East Gippsland",147.851989746094,-37.911060333252,0.6,1.43,2.84,121499.89,27658.9,880639.53,108.56,57.25,261.75
"VIC","East Gippsland",147.893478393555,-37.9159851074219,0.6,1.45,3.1,19595.15,5079.86,125552.51,19.02,13.24,30.72
"SA","Grant",140.36296081543,-37.8788871765137,0.6,1.62,2.18,3245.76,1148.61,13136.55,138.81,71.38,345.09
"VIC","East Gippsland",148.105895996094,-37.8565101623535,0.6,1.45,1.99,16226.41,4294.64,101310.1,140.89,72.45,349.83
"VIC","East Gippsland",148.20671081543,-37.8326759338379,0.6,1.45,4.66,14656.38,3938.15,89568.8,6.23,4.97,8.42
"SA","Grant",140.326446533203,-37.8215484619141,0.6,1.62,2.32,3214.1,1174.03,12296.68,145.99,74.7,365
"VIC","East Gippsland",148.314437866211,-37.8126602172852,0.6,1.45,2.05,14276.22,3862.86,86260.12,140.46,72.29,348.31
"VIC","East Gippsland",148.414672851562,-37.8078994750977,0.6,1.46,2.05,12427.31,3412.83,73729.21,214.01,102.84,586.55
"VIC","East Gippsland",148.627105712891,-37.814079284668,0.6,1.45,2.12,22915.29,5862.58,148895.45,216.59,103.46,599.88
"VIC","East Gippsland",148.685501098633,-37.8060111999512,0.6,1.45,2.27,14260.7,3855,86327.87,153.85,76.61,403.56
"VIC","East Gippsland",148.844741821289,-37.7903251647949,0.6,1.46,2.63,10734.46,3052.65,60236.2,50.2,29.93,101.36
"VIC","East Gippsland",149.202941894531,-37.7846832275391,0.6,1.87,2.73,10080.89,2977.55,52929.14,139.02,70.53,354.48
"VIC","East Gippsland",149.285018920898,-37.8005218505859,0.6,1.87,3.62,14952.43,4194.92,84168.12,17.19,12.09,27.46
"SA","Grant",140.317901611328,-37.7939872741699,0.6,1.62,2.23,2745.41,974.87,11156.26,150.54,76.3,382.39
"VIC","East Gippsland",148.474594116211,-37.8038063049316,0.6,1.46,0.98,11043.17,3096.86,63498.89,4358.49,1419.46,20169.72
"VIC","East Gippsland",148.524963378906,-37.7952766418457,0.6,1.38,3.21,1214561427.03,71966177.45,58357102415.76,196.68,95.59,530.76
"VIC","East Gippsland",148.576080322266,-37.8049087524414,0.6,1.46,2.23,11852.78,3283.84,69389.21,163.65,81.01,432.18
"VIC","East Gippsland",148.945434570312,-37.7836303710938,0.6,1.46,2.28,10459.49,3023.39,57026,160.9,79.78,424.12
"VIC","East Gippsland",148.998153686523,-37.7844581604004,0.6,1.46,2.31,11082.26,3193.67,60530.86,145.93,74.04,370.78
"VIC","East Gippsland",149.103958129883,-37.7829399108887,0.6,1.46,2.82,10021.39,2951.78,52907.6,27.7,18.29,48.2
"SA","Wattle Range",140.281753540039,-37.7494964599609,0.6,1.61,2.56,3990.97,1440.52,15412.11,108.18,57.19,259.68
"VIC","East Gippsland",149.590057373047,-37.7298011779785,0.6,1.87,2.99,10561.63,3090.6,56247.55,38.08,24.1,70.17
"SA","Wattle Range",140.263427734375,-37.7113876342773,0.6,1.62,2.65,2343.72,889.51,8525.04,58.33,34.86,116.25
"SA","Wattle Range",140.215057373047,-37.6637725830078,0.6,1.6,2.68,6637.09,2216.18,28610.99,71.75,41.52,149.62
"SA","Wattle Range",140.162246704102,-37.6170768737793,0.6,1.6,3.25,6649.25,2212.35,28842.36,23.79,15.91,40.79
"SA","Wattle Range",140.13639831543,-37.5949974060059,0.6,1.63,2.25,1555.33,612.36,5422.71,217.42,103.37,607.42
"VIC","East Gippsland",149.841262817383,-37.5509033203125,0.6,1.87,2.55,8601.7,2594.03,43907.73,215.9,104.86,579.64
"VIC","Unincorporated Vic",149.903854370117,-37.5688209533691,0.6,1.87,2.54,9054.64,2724.52,46258.05,117.42,63.89,265.9
"SA","Wattle Range",140.121139526367,-37.5391845703125,0.6,1.64,2.23,1195.56,489.88,3939.66,170.66,84.19,452.25
"VIC","East Gippsland",149.93977355957,-37.5252494812012,0.6,1.87,2.51,8342.93,2556.88,41421.53,139.44,74,327.01
"SA","Wattle Range",140.065521240234,-37.5013771057129,0.6,1.62,2.78,2266.46,860.84,8248.22,35.62,22.04,68.63
"VIC","Bega Valley",149.979309082031,-37.5064086914062,0.6,1.88,2.64,6351.48,2053.24,29091.99,82.61,46.95,176.59
"SA","Wattle Range",139.950042724609,-37.4479713439941,0.6,1.63,2.13,1914.37,753.89,6595.26,97.01,53.86,214.24
"SA","Wattle Range",140.008850097656,-37.4665794372559,0.6,1.62,2.4,3586.16,1238.65,15077.33,57.08,34.07,114.14
"SA","Wattle Range",140.032348632812,-37.4610557556152,0.6,1.64,2.71,1426.76,555.42,5103.58,33.86,20.43,68.73
"NSW","Bega Valley",149.979293823242,-37.4584083557129,0.6,1.88,2.63,5814.95,1889.94,26517.09,130.96,69.59,307.56
"SA","Wattle Range",139.912963867188,-37.4064483642578,0.6,1.64,2.41,1360.45,555,4485.81,32.54,19.87,64.74
"NSW","Bega Valley",149.966171264648,-37.4288520812988,0.6,1.88,2.76,5286.33,1742.37,23636.43,82.21,46.9,174.5
"SA","Wattle Range",139.891525268555,-37.3818130493164,0.6,1.64,2.95,1217.13,494.39,4069.66,10.05,7.27,15.73
"NSW","Bega Valley",149.957244873047,-37.3762359619141,0.6,1.88,1.39,4897.91,1632.64,21555.21,16183.77,5008.33,76055.46
"SA","Wattle Range",139.894088745117,-37.333625793457,0.6,1.51,3.58,2667911794.99,135579920.26,162128038885.19,26.11,16.39,50.05
"NSW","Bega Valley",149.980178833008,-37.325008392334,0.6,1.89,1.75,4453.62,1504.09,19250.05,369.93,175.7,1000.63
"SA","Robe",139.846664428711,-37.2822723388672,0.6,1.52,3.47,1076630301.72,67330445.64,47149687818.1,27.32,17.1,52.52
"NSW","Bega Valley",149.968536376953,-37.3025817871094,0.6,1.89,2.35,4305.62,1461.96,18466.78,57.37,34.28,114.43
"SA","Robe",139.837127685547,-37.2606010437012,0.6,1.52,3.88,610063429.74,40388828.54,24953139512.68,14.9,10.2,25.27
"NSW","Bega Valley",150.048004150391,-37.2452239990234,0.6,1.89,1.75,4473.47,1526.12,18980.25,346.3,161.57,971.22
"SA","Robe",139.796325683594,-37.2054901123047,0.6,1.53,3.55,19132769.07,2015775.17,414692994.62,20.79,13.58,37.54
"NSW","Bega Valley",150.03337097168,-37.2239723205566,0.6,1.89,2.85,4229.89,1453.96,17762.4,109.44,59.51,249.15
"SA","Robe",139.739883422852,-37.1650085449219,0.6,1.99,3.09,719.7,313.94,2182.61,13.43,9.34,22.24
"NSW","Bega Valley",150.023971557617,-37.1834716796875,0.6,1.89,2.74,3841.17,1342.11,15750.46,148.66,77.34,360.04
"SA","Robe",139.747909545898,-37.153434753418,0.6,1.99,2.82,777.87,338.78,2355.45,25.43,16.1,48.09
"NSW","Bega Valley",149.985443115234,-37.1308708190918,0.6,1.89,3.38,3434.81,1223.62,13690.45,37.08,23.47,68.37
"SA","Robe",139.742889404297,-37.0785598754883,0.6,1.99,2.92,731.48,323.96,2157.46,128.66,67.71,307.96
"SA","Robe",139.734085083008,-37.0505256652832,0.6,2,3.18,557.17,251.11,1617.25,10.61,7.63,16.78
"NSW","Bega Valley",149.942672729492,-37.0398750305176,0.6,1.89,2.87,2900.96,1060.75,11142.12,117.89,62.68,278.47
"SA","Kingston (SA)",139.690048217773,-36.9901237487793,0.6,2,2.88,498.46,229.64,1400.04,18.35,12.19,32.41
"NSW","Bega Valley",149.936935424805,-37.0071754455566,0.6,1.89,2.86,2881.17,1057.13,11002.7,15.49,10.58,26.28
"NSW","Bega Valley",149.943054199219,-36.950023651123,0.6,1.9,2.95,2791.88,1031.59,10547.55,40.77,25.22,77.96
"SA","Kingston (SA)",139.687896728516,-36.9373512268066,0.6,2.05,3.07,171.5,88.98,413.77,10.32,7.49,16.05
"NSW","Bega Valley",149.938751220703,-36.9044761657715,0.6,1.89,4.2,2871.9,1052.43,10993.48,13.02,9.41,20.13
"SA","Kingston (SA)",139.751434326172,-36.9028358459473,0.6,2.06,4.14,134.88,72.02,313.42,12.44,9.04,19.08
"SA","Kingston (SA)",139.796524047852,-36.8766288757324,0.6,2.07,4.13,117.18,63.66,266.11,12.35,8.98,18.92
"SA","Kingston (SA)",139.82112121582,-36.8556785583496,0.6,2.07,2.68,111.53,60.96,251.27,15.23,10.5,25.42
"NSW","Bega Valley",149.933685302734,-36.8700866699219,0.6,1.89,4.3,2943.28,1076.35,11292.8,11.68,8.55,17.75
"SA","Kingston (SA)",139.839019775391,-36.8294143676758,0.6,2.07,2.69,105.45,58.04,235.34,16.16,11.03,27.36
"NSW","Bega Valley",149.947814941406,-36.8517150878906,0.6,1.9,2.68,2813.26,1037.76,10655.43,36.06,22.94,66.03
"SA","Kingston (SA)",139.852264404297,-36.7863502502441,0.6,2.08,2.57,102.29,56.77,225.34,20.4,13.61,35.45
"NSW","Bega Valley",149.974624633789,-36.7799644470215,0.6,1.89,2.65,3101.92,1127.64,11993.03,37.12,23.56,68.14
"SA","Kingston (SA)",139.858383178711,-36.74951171875,0.6,2.08,2.75,94.2,52.84,204.51,13.27,9.39,21.31
"NSW","Bega Valley",149.989532470703,-36.7394943237305,0.6,1.88,2.84,3086.4,1123.24,11912.67,30.46,19.8,54.2
"SA","Kingston (SA)",139.854141235352,-36.6967544555664,0.6,2.08,2.78,96.59,54.26,208.89,12.78,9.13,20.18
"NSW","Bega Valley",150.001571655273,-36.6849975585938,0.6,1.88,2.98,3314.96,1195.6,12950.03,27.18,17.93,47.38
"SA","Kingston (SA)",139.844863891602,-36.6574974060059,0.6,2.08,2.47,96.81,54.46,208.78,26.93,17.44,48.59
"NSW","Bega Valley",150.015930175781,-36.6494674682617,0.6,1.88,3.12,3492.62,1247.56,13840.81,23.76,15.95,40.48
"SA","Kingston (SA)",139.830047607422,-36.6085319519043,0.6,2.08,2.77,92.75,52.51,198.28,13.39,9.57,21.06
"NSW","Bega Valley",150.035064697266,-36.616138458252,0.6,1.88,3.39,3340.01,1206.89,12999.01,18.1,12.56,29.49
"SA","Kingston (SA)",139.821029663086,-36.5684852600098,0.6,2.09,2.57,82.22,47.29,172.08,19.71,13.33,33.49
"NSW","Bega Valley",150.059936523438,-36.5766220092773,0.6,1.88,3.31,3320.68,1204.54,12839.48,19.88,13.65,32.85
"SA","Kingston (SA)",139.803558349609,-36.5380020141602,0.6,2.08,2.57,97.62,55.01,209.82,20.74,13.82,36.1
"NSW","Bega Valley",150.06852722168,-36.5477447509766,0.6,1.88,3.3,3305.25,1199.64,12769.89,20.05,13.74,33.24
"SA","Kingston (SA)",139.791915893555,-36.4919242858887,0.6,2.09,2.73,84.06,48.29,176.05,14.08,9.85,23.01
"NSW","Bega Valley",150.063095092773,-36.4972381591797,0.6,1.88,3.15,3558.98,1277.28,13970.54,22.62,15.28,38.21
"SA","Kingston (SA)",139.775497436523,-36.4551124572754,0.6,2.1,2.5,71.03,41.85,143.55,22.16,14.76,38.44
"NSW","Bega Valley",150.081558227539,-36.442684173584,0.6,1.88,3.04,3526.59,1267.57,13813.23,22.93,15.51,38.61
"SA","Kingston (SA)",139.756973266602,-36.4185371398926,0.6,2.09,2.97,76.52,44.59,157.07,21.93,14.89,36.76
"SA","Kingston (SA)",139.731491088867,-36.3667602539062,0.6,2.09,2.68,76.8,44.75,157.6,17.57,12.07,29.2
"NSW","Eurobodalla",150.091186523438,-36.3569068908691,0.6,1.88,3.04,3922.73,1392.37,15618.75,24.05,16.13,40.99
"SA","Kingston (SA)",139.714538574219,-36.3330459594727,0.6,2.09,2.48,76.46,44.56,156.88,32,20.24,59.64
"NSW","Eurobodalla",150.136993408203,-36.3149375915527,0.6,1.88,3.11,3593.72,1292.32,14049.45,22.83,15.41,38.59
"SA","Kingston (SA)",139.683654785156,-36.2842216491699,0.6,2.09,2.44,79.98,46.41,165.04,34.39,21.5,65.17
"NSW","Eurobodalla",150.148056030273,-36.2723121643066,0.6,1.88,2.43,3384.84,1232.96,12976.93,105.42,55.84,252.63
"SA","Coorong",139.689453125,-36.2381134033203,0.6,1.97,3.31,1416.1,516.24,5730.62,33.83,21.15,64.21
"NSW","Eurobodalla",150.148941040039,-36.2385597229004,0.6,1.88,3.47,3153.48,1165.27,11832.97,16.25,11.38,26.25
"SA","Coorong",139.628814697266,-36.1987915039062,0.6,2.09,2.73,82.46,47.66,171,17.18,11.69,29.12
"NSW","Eurobodalla",150.134841918945,-36.1971473693848,0.6,1.88,2.97,3351.82,1227.59,12734.37,40.24,24.19,81.2
"SA","Coorong",139.625747680664,-36.1536979675293,0.6,1.89,3.71,202763.21,38384.76,1997300.38,24.42,15.85,44.14
"NSW","Eurobodalla",150.13459777832,-36.165225982666,0.6,1.88,4.76,3502.85,1275.35,13415.61,6.82,5.29,9.63
"SA","Coorong",139.571441650391,-36.1088409423828,0.6,2.09,2.62,83.33,47.91,174.36,19.67,13.18,34.02
"NSW","Eurobodalla",150.140396118164,-36.108341217041,0.6,1.88,2.48,3351.78,1227.65,12732.78,332.99,149.21,1009.8
"SA","Kangaroo Island",136.905456542969,-36.0443840026855,0.6,2.45,3.62,1784.14,681.84,6510.94,70.46,39.83,153.6
"SA","Kangaroo Island",136.928207397461,-36.0405349731445,0.6,2.45,4.01,1835.8,697.8,6753.83,32.03,20.23,59.8
"SA","Kangaroo Island",137.016082763672,-36.029296875,0.6,2.45,3.92,1872.24,708.35,6938.08,45.35,27.23,90.98
"SA","Kangaroo Island",137.049743652344,-36.0282287597656,0.6,2.45,3.1,1792.79,684.96,6543.74,384.11,174.79,1120.55
"SA","Kangaroo Island",137.123550415039,-36.0327224731445,0.6,2.45,3.01,1705.22,655.32,6177.16,497.55,220.72,1496.21
"SA","Kangaroo Island",137.13444519043,-36.034538269043,0.6,2.46,3.06,1676.13,651.17,5960.06,444.63,201.03,1300.47
"SA","Kangaroo Island",137.426620483398,-36.0531272888184,0.6,2.46,2.87,1252.79,508.37,4189.44,423.82,201.11,1139.75
"SA","Kangaroo Island",137.475936889648,-36.0683212280273,0.6,1.97,3.1,1537.24,609.17,5301.34,84.27,46.64,188.81
"SA","Kangaroo Island",137.515167236328,-36.0489692687988,0.6,1.97,3.26,1296.09,527.2,4307.48,50.7,30.25,102.14
"SA","Kangaroo Island",137.568801879883,-36.0300827026367,0.6,1.97,3.54,1254.81,512.19,4152.03,16.57,11.37,27.69
"SA","Coorong",139.581848144531,-36.0672988891602,0.6,1.86,4.09,87752977.12,7425722.85,2585617285.47,13.91,9.75,22.62
"NSW","Eurobodalla",150.143844604492,-36.0624465942383,0.6,1.86,2.32,3328.8,1221.81,12603.04,335.6,157.93,928.38
"SA","Kangaroo Island",136.690704345703,-36.0229301452637,0.6,2.46,3.48,1164.98,468.27,3980.14,123.36,65.51,291.11
"SA","Kangaroo Island",136.73811340332,-36.0450325012207,0.6,2.46,2.83,1660.77,642.1,5960.07,570.2,255.43,1670.98
"SA","Kangaroo Island",136.788467407227,-36.0343894958496,0.6,2.46,2.9,1590.48,624.4,5566.87,609.54,267.34,1848.28
"SA","Kangaroo Island",136.846450805664,-36.0241584777832,0.6,2.46,2.95,1537.53,608.81,5309.79,334.81,163.01,871.42
"SA","Kangaroo Island",137.273880004883,-35.9951553344727,0.6,2.46,3.06,1267.25,513.74,4242.36,520.36,220.53,1699.02
"SA","Kangaroo Island",137.32177734375,-35.9999389648438,0.6,2.48,3.18,674.89,300.08,1985.32,214.08,106.22,552.78
"SA","Kangaroo Island",137.382507324219,-36.0181884765625,0.6,2.46,3.63,1177.16,481.72,3891.43,68.54,39.2,146.49
"SA","Kangaroo Island",137.603118896484,-36.0112037658691,0.6,1.97,3.75,1221.32,499.6,4031.74,13.77,9.73,22.07
"SA","Coorong",139.566696166992,-36.0242233276367,0.6,1.86,4.24,98035993.38,7922709.8,3126269490.85,11.74,8.4,18.57
"NSW","Eurobodalla",150.156890869141,-36.0260467529297,0.6,1.86,2.53,3302.73,1213.5,12486.81,292.87,133.08,872.89
"SA","Kangaroo Island",136.633361816406,-35.9650650024414,0.6,2.47,3.42,1031.44,422.37,3432.12,100.92,55.38,227.1
"SA","Kangaroo Island",137.626693725586,-35.9808921813965,0.6,1.98,4.03,1108.26,461.44,3564.42,11.08,8.11,16.9
"SA","Coorong",139.525054931641,-35.9813766479492,0.6,1.86,4.15,74220665.02,6131002.93,2315931375.83,12.65,9,20.16
"NSW","Eurobodalla",150.16096496582,-35.9916725158691,0.6,1.86,2.78,3279.28,1209.01,12328.33,81.4,45.44,179.9
"SA","Kangaroo Island",136.578521728516,-35.9429016113281,0.6,2.48,3.16,799.19,340.86,2508.36,199.26,99.04,515.26
"SA","Kangaroo Island",137.603698730469,-35.9404640197754,0.6,1.98,4.77,1118.6,465.81,3594.92,6.98,5.41,9.87
"SA","Coorong",139.421813964844,-35.9398231506348,0.6,2.08,3.47,99.98,56.09,216.3,14.78,10.46,23.54
"SA","Coorong",139.464080810547,-35.943431854248,0.6,1.86,3.83,35624385.57,3097468.19,1063885797.85,21.04,13.94,36.95
"NSW","Eurobodalla",150.163665771484,-35.9351654052734,0.6,1.86,2.79,3227.67,1191.29,12121.13,49.22,29.77,96.98
"SA","Kangaroo Island",136.536087036133,-35.896728515625,0.6,2.13,2.52,605.2,270.32,1776.64,635.51,290.86,1782.46
"SA","Kangaroo Island",137.677032470703,-35.8850936889648,0.6,1.98,2.32,928.51,397.24,2873.75,443.42,211.42,1179.72
"SA","Kangaroo Island",137.725204467773,-35.8824005126953,0.6,1.98,2.92,921.02,394.48,2846.11,66.58,38.37,140.59
"SA","Kangaroo Island",137.788360595703,-35.8557510375977,0.6,1.98,2.77,898.92,386.33,2764.74,113,61.48,256.57
"SA","Kangaroo Island",137.871337890625,-35.8728942871094,0.6,1.98,2.76,890.17,383.33,2729.71,121.9,65.41,282.49
"SA","Kangaroo Island",137.88493347168,-35.8728485107422,0.6,1.98,2.96,899.24,386.67,2763.15,72.73,41.32,156.76
"SA","Kangaroo Island",137.96125793457,-35.8787040710449,0.6,1.98,2.93,830.2,360.64,2516.28,71.23,40.71,152.05
"SA","Kangaroo Island",138.001083374023,-35.8967895507812,0.6,1.98,2.74,818.34,355.93,2476.9,114.76,62.41,260.52
"SA","Kangaroo Island",138.052825927734,-35.8993873596191,0.6,1.98,2.88,923.49,395.99,2847.58,63.48,36.9,132.3
"SA","Kangaroo Island",138.082214355469,-35.8790435791016,0.6,1.98,4.54,886.45,381.51,2721.61,8.03,6.11,11.63
"SA","Coorong",139.373916625977,-35.8965225219727,0.6,2.07,2.56,107.31,59.62,235.27,26.84,17.26,49.06
"NSW","Eurobodalla",150.189926147461,-35.8637771606445,0.6,1.86,3,3142.74,1165.71,11716.37,69.24,38.75,154.08
"SA","Kangaroo Island",138.135406494141,-35.8457832336426,0.6,1.97,4.25,1441.53,569.95,5010.16,10.32,7.61,15.59
"SA","Coorong",139.319274902344,-35.8516044616699,0.6,2.07,2.6,118.15,65.28,260.26,26.41,17,48.27
"NSW","Eurobodalla",150.194900512695,-35.8571395874023,0.6,1.86,3.9,3170.79,1173.62,11859.49,11.22,8.38,16.5
"SA","Kangaroo Island",136.559677124023,-35.8249588012695,0.6,2.13,2.96,542.62,242.45,1602.13,153.81,76.24,407.03
"SA","Kangaroo Island",138.12907409668,-35.8107795715332,0.6,1.97,4.56,1370.94,545.65,4722.1,8.23,6.24,11.96
"SA","Coorong",139.272583007812,-35.809326171875,0.6,2.07,2.61,120.01,66.01,266.22,23.88,15.6,42.74
"NSW","Eurobodalla",150.236907958984,-35.8035354614258,0.6,1.87,3.86,2998.55,1120.27,11065.57,15.57,10.98,24.85
"SA","Kangaroo Island",136.564651489258,-35.7734603881836,0.6,2.14,2.59,527.07,237.43,1536.09,728.39,309.48,2314.89
"SA","Kangaroo Island",138.073806762695,-35.774959564209,0.6,1.97,4.67,1418.84,558.93,4968.61,7.96,6.06,11.5
"SA","Coorong",139.215682983398,-35.7648048400879,0.6,2.07,2.71,120.32,66.11,267.36,18.79,12.69,32.12
"NSW","Eurobodalla",150.236831665039,-35.7761192321777,0.6,1.86,2.94,3087.32,1148.03,11469.92,17.68,12.15,29.37
"SA","Kangaroo Island",136.588409423828,-35.7481994628906,0.6,2.14,3.63,473.5,216.3,1354.11,12.33,8.88,19.23
"SA","Kangaroo Island",136.626861572266,-35.7417831420898,0.6,2.49,3.34,461.28,211.58,1311.52,86.9,47.14,201.78
"SA","Kangaroo Island",138.066772460938,-35.7513809204102,0.6,1.97,2.48,1381.95,540.01,4919.1,186.81,96.16,454.96
"SA","Yankalilla",138.176651000977,-35.6691741943359,0.6,1.99,2.56,809.09,348.49,2493.29,237.94,116.19,628.44
"SA","Yankalilla",138.198532104492,-35.6705513000488,0.6,1.99,4.18,782.6,339.35,2387.4,13.06,9.32,20.62
"SA","Coorong",139.162200927734,-35.7285499572754,0.6,2.05,3.12,147.67,79.41,337.09,10.97,8,16.82
"NSW","Eurobodalla",150.282455444336,-35.7173690795898,0.6,1.87,2.52,2887.21,1082.9,10602.93,39.12,24.35,74.17
"SA","Kangaroo Island",136.706756591797,-35.725227355957,0.6,2.5,4.53,421.17,195.98,1173.15,7.97,6.1,11.43
"SA","Kangaroo Island",136.731002807617,-35.7152709960938,0.6,2.5,4.27,407.92,190.88,1126.87,10.38,7.68,15.57
"SA","Kangaroo Island",136.78987121582,-35.6979751586914,0.6,2.5,3.45,376.63,178.78,1018.81,82.02,47.66,168.55
"SA","Kangaroo Island",137.616470336914,-35.674991607666,0.6,2.44,3,2947.22,1021.61,12463.72,196.17,100.1,483.94
"SA","Kangaroo Island",137.649337768555,-35.6554565429688,0.6,2.44,3.09,2977.96,1030.09,12634.51,112.41,62.02,248.88
"SA","Kangaroo Island",137.763717651367,-35.7223281860352,0.6,2.45,3.08,2295.41,826.67,9192.44,107.25,59.64,234.81
"SA","Kangaroo Island",137.775573730469,-35.7165031433105,0.6,2.45,3.25,2245.02,812.57,8920.75,88.5,49.67,192.73
"SA","Kangaroo Island",137.890029907227,-35.723461151123,0.6,1.96,2.76,1717.24,650.25,6387.68,83.99,47.51,180.87
"SA","Kangaroo Island",137.907119750977,-35.714672088623,0.6,1.97,2.78,1481.11,574.65,5318.31,69.88,39.78,150.42
"SA","Kangaroo Island",137.988906860352,-35.7158203125,0.6,1.98,2.48,1059.27,432.95,3531.08,98.12,54.12,219.09
"SA","Kangaroo Island",138.013977050781,-35.7265586853027,0.6,1.97,2.49,1297.31,511.63,4558.5,156.09,80.78,380.53
"SA","Yankalilla",138.130722045898,-35.6500282287598,0.6,1.99,2.56,667.79,296.44,1971.25,151.77,77.86,376.72
"SA","Yankalilla",138.246475219727,-35.6603355407715,0.6,1.99,2.85,642.57,286.73,1883.37,81.15,45.08,181.08
"SA","Yankalilla",138.312057495117,-35.6453323364258,0.6,2,2.99,512.15,236.79,1427.29,74.58,41.92,163.73
"SA","Yankalilla",138.3759765625,-35.6453437805176,0.6,2,2.74,522.93,241.03,1463.64,86.23,48.23,189.19
"SA","Yankalilla",138.414459228516,-35.6428642272949,0.6,2,2.82,518.82,238.98,1454.44,75.75,43.04,162.83
"SA","Victor Harbor",138.478042602539,-35.6393089294434,0.6,2,2.81,446.5,209.64,1219.99,77.52,43.9,167.41
"SA","Victor Harbor",138.513809204102,-35.6463623046875,0.6,2.01,3.96,393.16,187.82,1049.13,15.65,10.91,25.53
"SA","Coorong",139.103012084961,-35.6852188110352,0.6,2.05,2.97,152.91,81.75,352.01,12.99,9.26,20.57
"NSW","Eurobodalla",150.305648803711,-35.6829795837402,0.6,1.87,3.27,2834.6,1065.9,10373.01,12.68,9.15,19.69
"SA","Kangaroo Island",136.849060058594,-35.6847915649414,0.6,2.5,4.53,363.9,173.76,975.96,8.37,6.37,12.06
"SA","Kangaroo Island",136.900344848633,-35.6795883178711,0.6,2.5,4.19,384.56,182.06,1043.98,11.2,8.19,17.07
"SA","Kangaroo Island",136.94677734375,-35.6725311279297,0.6,2.5,3.77,408.97,192.19,1121.08,17.82,12.33,29.22
"SA","Kangaroo Island",137.011520385742,-35.6639022827148,0.6,2.5,3.43,398.12,188.41,1079.4,29.45,18.99,53.26
"SA","Kangaroo Island",137.058792114258,-35.6631202697754,0.6,2.5,3.08,438.93,205.44,1207.12,60.62,35.85,122.83
"SA","Kangaroo Island",137.106231689453,-35.6534042358398,0.6,2.49,3.27,473.1,219.5,1316.01,206.28,103.12,526.57
"SA","Kangaroo Island",137.630981445312,-35.6381607055664,0.6,2.44,3.16,2818.57,980.51,11875.53,70.44,40.39,149.6
"SA","Yankalilla",138.093200683594,-35.6287651062012,0.6,1.99,2.6,632.55,280.26,1879.35,84.73,47.77,183.42
"SA","Victor Harbor",138.55793762207,-35.6218681335449,0.6,2.01,4.29,423.82,199.76,1153.41,13.17,9.37,20.92
"SA","Coorong",139.046203613281,-35.6484336853027,0.6,2.05,3.44,163.43,86.58,380.97,7.88,6.03,11.29
"NSW","Shoalhaven",150.336212158203,-35.6333694458008,0.6,1.87,2.74,2700.89,1023.48,9775.73,41.63,25.79,79.27
"SA","Kangaroo Island",137.179275512695,-35.6163673400879,0.6,2.48,2.91,702.45,309.72,2092.78,818.52,341.18,2674.56
"SA","Kangaroo Island",137.632522583008,-35.5992774963379,0.6,2.44,3.42,3043.96,1048.07,13006.89,35.02,21.89,66.29
"SA","Coorong",139.058990478516,-35.5978546142578,0.6,1.85,3.95,1365225443.39,84941126.95,59432685438.83,21.42,14.45,36.39
"NSW","Shoalhaven",150.376419067383,-35.5752372741699,0.6,1.87,2.73,2711.25,1024.61,9858.3,45.3,27.67,88.07
"SA","Kangaroo Island",137.239776611328,-35.6021537780762,0.6,2.47,3.56,838.24,358.1,2615.91,37.82,23.59,71.53
"SA","Kangaroo Island",137.285034179688,-35.5917587280273,0.6,2.47,3.61,940.34,393.73,3022.12,40.54,25.13,77.3
"SA","Kangaroo Island",137.310577392578,-35.5752601623535,0.6,2.46,3.19,1413.16,558.14,4926.83,73.16,42.26,152.95
"SA","Kangaroo Island",137.372985839844,-35.5833930969238,0.6,2.46,3.27,1631.95,624.3,5977.11,76.57,43.42,165.09
"SA","Kangaroo Island",137.425735473633,-35.5836410522461,0.6,2.45,3.42,1879.31,701.65,7133.33,56.9,33.43,117.12
"SA","Kangaroo Island",137.48600769043,-35.574275970459,0.6,2.45,3.22,1876.62,696.95,7193.2,105.17,56.95,241.88
"SA","Kangaroo Island",137.555801391602,-35.571605682373,0.6,2.45,3.43,2089.35,760.72,8249.88,65.54,37.72,138.87
"SA","Kangaroo Island",137.586929321289,-35.5594902038574,0.6,2.45,3.53,2205.02,795.73,8820.09,37.07,22.92,71.38
"SA","Yankalilla",138.115966796875,-35.5587463378906,0.6,1.99,3.31,731.27,307.04,2374.48,19.56,13.16,33.61
"SA","Alexandrina",138.684585571289,-35.5412063598633,0.6,2.01,2.66,366.65,175.48,978.82,62.42,36.6,128.19
"SA","Alexandrina",138.741424560547,-35.5217819213867,0.6,2.02,2.23,294.76,145.04,758.26,174.74,87.87,445.98
"SA","Coorong",139.054931640625,-35.5639686584473,0.6,1.91,3.65,44517.72,11113.44,289869.64,22.71,15.17,39.15
"NSW","Shoalhaven",150.421203613281,-35.5334854125977,0.6,1.87,3.15,2453.15,942.41,8712.4,36.18,22.37,69.73
"SA","Yankalilla",138.144882202148,-35.5329360961914,0.6,1.99,1.56,790.03,325.34,2645.79,4933.2,1645.83,21666.81
"SA","Alexandrina",138.788360595703,-35.5141334533691,0.6,1.88,2.55,1007258.59,190608.13,9027160.01,1070.64,424.53,3770.21
"SA","Alexandrina",138.837677001953,-35.5001106262207,0.6,1.87,3.1,2971125.77,424909.78,41286287.54,168.75,82.68,453.46
"SA","Alexandrina",138.90217590332,-35.495979309082,0.6,1.88,3.19,1666994.3,262157.69,20183346.69,122.38,64.36,294.19
"SA","Coorong",139.107757568359,-35.5152053833008,0.6,1.9,3.55,81746.73,19126.55,577180.76,27.99,18.08,50.59
"NSW","Shoalhaven",150.419357299805,-35.5245475769043,0.6,1.87,3.22,2430.27,933.93,8630.48,31.27,19.73,58.61
"SA","Yankalilla",138.167190551758,-35.5175514221191,0.6,1.98,2.83,818.52,334.18,2778.87,53.88,31.39,113.1
"SA","Yankalilla",138.272125244141,-35.4736175537109,0.6,1.99,1.7,716.82,296.7,2393.22,467.94,200.61,1506.37
"SA","Alexandrina",138.961532592773,-35.4710655212402,0.6,1.91,3.26,42390.92,10558.26,278019.91,95.87,52.13,220.17
"SA","Coorong",139.153701782227,-35.4944000244141,0.6,1.9,3.38,121913.49,26921.95,933259.26,62.25,36,131.11
"SA","Coorong",139.235153198242,-35.4806175231934,0.6,1.9,3.38,153960.34,31538.86,1333013.11,55.22,32.49,113.58
"SA","Coorong",139.255584716797,-35.4789352416992,0.6,1.91,3.56,65923.45,15109.61,489913.97,21.94,14.56,38.38
"NSW","Shoalhaven",150.401947021484,-35.463996887207,0.6,1.87,3.26,2526.22,966.79,9018.2,40.5,24.73,79.35
"SA","Yankalilla",138.296783447266,-35.4467391967773,0.6,1.99,1.73,723.18,298.59,2424.38,293.41,134.54,859.41
"SA","Alexandrina",138.965591430664,-35.436954498291,0.6,1.9,3.47,82991.62,19801.92,565154.37,39.58,24.34,76.63
"SA","Murray Bridge",139.308883666992,-35.4209632873535,0.6,1.92,3.62,19854.23,5477.41,113213.6,19.32,13.17,32.4
"NSW","Shoalhaven",150.448516845703,-35.4087524414062,0.6,1.9,3.35,2494.27,955.79,8889.89,38.62,23.74,74.96
"SA","Yankalilla",138.328460693359,-35.4014854431152,0.6,1.99,1.77,654.93,274.34,2151.42,160.37,80.37,414.33
"SA","Alexandrina",138.99983215332,-35.4025688171387,0.6,1.89,3.16,237466.8,51208.67,1825778.05,115.15,60.26,280.54
"SA","Alexandrina",139.054641723633,-35.3926849365234,0.6,1.9,3.25,180615.34,39774.06,1358275,89.8,48.45,210.15
"SA","Alexandrina",139.106964111328,-35.3879737854004,0.6,1.9,3.54,159348.59,34588.3,1238507.14,31.47,19.92,58.64
"SA","Murray Bridge",139.308380126953,-35.3877601623535,0.6,1.94,3.62,6710.65,2146.54,31229.2,18.52,12.77,30.51
"NSW","Shoalhaven",150.472244262695,-35.379711151123,0.6,1.9,3.34,2446.42,937.72,8723.98,41.19,25.03,81.35
"SA","Yankalilla",138.377059936523,-35.3707275390625,0.6,1.99,1.96,628.61,264.57,2052.4,70.23,39.13,157.38
"SA","Murray Bridge",139.161315917969,-35.3434677124023,0.6,1.91,3.35,32010.03,8266.65,199942.56,51.55,29.94,109.17
"SA","Murray Bridge",139.211624145508,-35.3311576843262,0.6,1.93,3.38,10021.39,2981.73,51930.14,40.7,24.5,81.84
"SA","Murray Bridge",139.268783569336,-35.3396034240723,0.6,1.94,3.41,5409.47,1739.35,25273.9,25.13,16.33,45.24
"NSW","Shoalhaven",150.476806640625,-35.3392028808594,0.6,1.9,2.95,2389.36,920.06,8462.86,71.26,40.71,152.23
"SA","Yorke Peninsula",136.892074584961,-35.2995147705078,0.6,2.5,3.09,436.01,202.6,1215.15,117.5,64.29,263.48
"SA","Yorke Peninsula",136.94612121582,-35.2843360900879,0.6,2.49,3.35,489.64,222.51,1410.68,107.99,58.14,250.63
"SA","Onkaparinga",138.437393188477,-35.2955360412598,0.6,2,2.06,552.46,236.91,1757.08,35.34,22.51,64.67
"NSW","Shoalhaven",150.514236450195,-35.2721939086914,0.6,1.9,2.52,2514.19,954.7,9101.73,102.4,56.54,227.66
"SA","Yorke Peninsula",136.833374023438,-35.2586517333984,0.6,2.53,3.06,195.36,101.54,466.41,108.24,59.7,240.35
"SA","Yorke Peninsula",136.983993530273,-35.2511100769043,0.6,2.49,3.32,585.11,259.68,1740.97,64.98,38.46,130.93
"SA","Yorke Peninsula",137.068176269531,-35.2329216003418,0.6,2.48,3.14,625.02,273.48,1900.56,81.01,46.58,169.78
"SA","Yorke Peninsula",137.108047485352,-35.2438087463379,0.6,2.48,3.22,680.37,293.49,2112.26,81.52,46.6,172.51
"SA","Yorke Peninsula",137.158889770508,-35.2424430847168,0.6,2.47,3.28,838.13,353.04,2682.95,110.38,59.14,258.04
"SA","Onkaparinga",138.437713623047,-35.2665901184082,0.6,2,2.16,544.88,234.11,1728.29,29.78,19.44,52.63
"NSW","Shoalhaven",150.545104980469,-35.2491569519043,0.6,1.9,2.78,2507.38,956.77,9000.77,94.51,51.86,213.62
"SA","Yorke Peninsula",136.839752197266,-35.2131881713867,0.6,2.53,3.61,189.17,99.12,446.06,54.73,32.9,108.29
"SA","Yorke Peninsula",137.194564819336,-35.2126617431641,0.6,2.47,3.31,888.99,373.58,2847.89,97.64,53.18,223.28
"SA","Onkaparinga",138.463119506836,-35.2146835327148,0.6,2.76,3,484.34,211.75,1499.02,23.86,16.12,40.16
"NSW","Shoalhaven",150.567932128906,-35.2025871276855,0.6,1.9,2.6,2548.15,966.58,9235.16,37.05,23.59,67.61
"NSW","Shoalhaven",150.596466064453,-35.1903190612793,0.6,1.9,2.68,2612.1,989.58,9475.62,34.04,22.07,60.44
"NSW","Unincorp. Other Territories",150.691772460938,-35.2010726928711,0.6,1.9,3.53,2262.2,868.35,8080.75,9.45,7.11,13.81
"NSW","Unincorp. Other Territories",150.708023071289,-35.1964263916016,0.6,1.9,4.9,2121.38,823.57,7453.48,8.15,6.19,11.84
"WASouth","Albany",117.603546142578,-35.1297760009766,0.6,1.6,4.46,3069.22,1081,12572.15,12.11,8.73,18.88
"WASouth","Albany",117.638542175293,-35.136344909668,0.6,1.6,2.97,3475.16,1208.99,14447.69,54.77,32.35,111.92
"SA","Yorke Peninsula",136.848587036133,-35.1861114501953,0.6,2.51,3.75,282.36,139.34,724.4,44,27.09,84.49
"SA","Yorke Peninsula",137.264556884766,-35.1675338745117,0.6,2.47,3.67,831.08,350.31,2658.43,37.82,23.66,71.19
"SA","Yorke Peninsula",137.310241699219,-35.1675987243652,0.6,2.47,3.4,970.01,399.69,3203.3,49.87,30.51,96.14
"SA","Yorke Peninsula",137.348373413086,-35.1653175354004,0.6,2.45,3.28,1681.6,627.34,6437.67,74.91,43.07,157.73
"SA","Yorke Peninsula",137.610473632812,-35.1551742553711,0.6,2.46,3.24,1649.58,607.37,6479.93,74.54,42.85,157.04
"SA","Yorke Peninsula",137.634674072266,-35.1674423217773,0.6,2.45,3.8,1878.58,678.09,7591.78,31.44,20.38,56.13
"SA","Yorke Peninsula",137.679443359375,-35.1711044311523,0.6,2.45,3.64,2121.99,752.73,8786.78,9.17,6.93,13.37
"NSW","Unincorp. Other Territories",150.762313842773,-35.1617126464844,0.6,1.91,2.44,2012.92,788.3,6984.4,120.34,64.84,276.97
"WASouth","Albany",117.537940979004,-35.0852127075195,0.6,1.61,3.24,2658.63,948.62,10730.18,17.53,11.81,30.24
"WASouth","Albany",117.644309997559,-35.1269073486328,0.6,1.6,2.83,3422.05,1189.6,14260.4,56.48,33.35,115.27
"WASouth","Albany",117.856033325195,-35.1080741882324,0.6,1.6,2.8,3063.81,1080.93,12512.55,69.81,40.7,143.95
"WASouth","Albany",117.946891784668,-35.1290817260742,0.6,1.6,2.47,3801.9,1318.67,15807.18,82.2,46.34,178.36
"SA","Yorke Peninsula",136.918487548828,-35.1413688659668,0.6,2.51,3.54,300.35,146.54,783.56,51.27,31.23,99.44
"SA","Yorke Peninsula",137.412414550781,-35.1113395690918,0.6,2.46,3.37,1596.41,597.36,6098.25,50.72,30.86,98.63
"SA","Yorke Peninsula",137.487014770508,-35.1126708984375,0.6,2.46,3.43,1421.43,537.43,5367.25,45.81,28.27,87.4
"SA","Yorke Peninsula",137.524642944336,-35.1180801391602,0.6,2.46,3.84,1519.4,568.24,5829.06,31.22,20.29,55.49
"SA","Yorke Peninsula",137.740158081055,-35.1296997070312,0.6,2.45,3.47,1883.77,683.19,7544.16,56.74,33.37,116.59
"SA","Onkaparinga",138.462600708008,-35.1263885498047,0.6,2.77,3.61,465.41,205.11,1422.76,9.3,7.01,13.57
"NSW","Unincorp. Other Territories",150.775543212891,-35.1180725097656,0.6,1.91,2.26,2025.27,792.87,7028.99,150.17,78.4,361.18
"WASouth","Manjimup",116.499481201172,-35.039623260498,0.6,1.6,1.93,3132.81,1102.18,12842.22,527.52,229.54,1637.69
"WASouth","Manjimup",116.626121520996,-35.0582046508789,0.6,1.61,1.87,2708.79,958.57,11086.49,691.57,290.26,2255.3
"WASouth","Manjimup",116.632537841797,-35.0628356933594,0.6,1.6,1.82,3077.91,1076.21,12774.38,973.58,394.32,3317.03
"WASouth","Manjimup",116.657424926758,-35.0581321716309,0.6,1.6,2.38,2779.82,987.78,11272.79,120.9,65.45,275.85
"WASouth","Denmark",116.862083435059,-35.0571975708008,0.6,1.6,2.02,3820.62,1300.49,16433.41,311.76,147.23,860.74
"WASouth","Denmark",116.911567687988,-35.0656433105469,0.6,1.6,2.83,2964.09,1040.53,12241.67,70.01,40,149.72
"WASouth","Denmark",116.92749786377,-35.0664024353027,0.6,1.6,2.27,3345.06,1160.2,14017.17,157.03,81.71,378.91
"WASouth","Denmark",117.01692199707,-35.0369186401367,0.6,1.61,2.35,1910.78,707.43,7357.85,133.05,70.3,315.44
"WASouth","Denmark",117.070243835449,-35.0396041870117,0.6,1.6,2.2,2798.92,990.18,11437.85,114.88,62.6,259.8
"WASouth","Denmark",117.12614440918,-35.0523452758789,0.6,1.61,3.46,2582.93,920.57,10465.24,20.36,13.7,34.87
"WASouth","Albany",117.43677520752,-35.0582695007324,0.6,1.61,3.69,2481.84,891.46,9937.8,14.47,10.18,23.31
"WASouth","Albany",117.478675842285,-35.0829620361328,0.6,1.62,2.32,1553.73,590.76,5772.39,66.6,37.66,145.63
"WASouth","Albany",117.654037475586,-35.0811538696289,0.6,1.6,2.96,3409.37,1184.48,14226.4,78.38,43.88,172.75
"WASouth","Albany",117.752479553223,-35.0632133483887,0.6,1.6,3.22,2851.41,1013.95,11529.76,39.26,24.41,74.57
"WASouth","Albany",117.799957275391,-35.0789680480957,0.6,1.6,1.7,2847.66,1014.22,11482.25,4718.84,1518.77,22205.36
"WASouth","Albany",117.998588562012,-35.083553314209,0.6,1.6,2.7,4474.51,1506.6,19441.19,66.86,38.41,141.97
"SA","Yorke Peninsula",136.942672729492,-35.1013793945312,0.6,2.51,4.18,281.39,138.43,726.03,37.89,23.87,70.39
"SA","Yorke Peninsula",137.752334594727,-35.0895500183105,0.6,2.46,2.41,1358.44,515.14,5116.51,120.23,64.8,276.61
"WASouth","Manjimup",116.492492675781,-35.0378036499023,0.6,1.6,2.09,3306.19,1152.32,13741.36,183.51,94.06,450.82
"WASouth","Denmark",116.80200958252,-35.027214050293,0.6,1.6,2.18,2894.76,1016.58,11964.83,291.42,141.53,767.88
"WASouth","Denmark",117.164962768555,-35.040657043457,0.6,1.6,2.34,3479.01,1194.23,14821.4,149.97,77.87,364.28
"WASouth","Denmark",117.215309143066,-35.0246772766113,0.6,1.62,2.13,1346.67,523.38,4849.11,172.26,88.89,419.65
"WASouth","Denmark",117.261695861816,-35.0279731750488,0.6,1.61,2.01,2221.83,807.58,8766.01,187.94,95.51,468.3
"WASouth","Denmark",117.314033508301,-35.0409965515137,0.6,1.61,2.12,2413.66,872.85,9562.37,173.67,89.71,422.06
"WASouth","Albany",117.37866973877,-35.0329399108887,0.6,1.61,1.93,2409.83,869.63,9585.28,539.43,237.2,1640.31
"WASouth","Albany",118.054786682129,-35.0434722900391,0.6,1.6,2.03,4275.39,1450.77,18366.22,496.85,225.02,1438.99
"WASouth","Albany",118.068359375,-35.0635223388672,0.6,1.6,2.55,4154.92,1418.86,17674.85,75.77,43.14,162.23
"SA","Yorke Peninsula",136.928436279297,-35.0313949584961,0.6,2.52,3.69,227.23,115.78,557.4,68.94,39.56,146.36
"SA","Marion",138.500640869141,-35.0439109802246,0.6,2.77,2.5,399.01,180.18,1177.72,119.59,65.64,266.34
"NSW","Shoalhaven",150.76676940918,-35.0225372314453,0.6,1.9,2.26,2314.12,885.1,8308.57,150.51,78.28,364.39
"WASouth","Manjimup",116.441963195801,-34.986400604248,0.6,1.61,2.71,2391.27,856.99,9637.78,73.37,41.44,159.77
"WASouth","Albany",118.160102844238,-34.9965553283691,0.6,1.62,1.96,1674.17,655.72,5867.1,439.3,199.43,1276.27
"WASouth","Albany",118.208679199219,-35.0000228881836,0.6,1.6,2.61,4285.19,1458.79,18298.25,102.29,56.31,228.7
"SA","Lower Eyre Peninsula",135.93977355957,-34.9993171691895,0.6,2.14,2.73,433.56,195.97,1270.69,125.12,68.47,279.41
"SA","Lower Eyre Peninsula",136.003768920898,-34.9874534606934,0.6,2.13,3.04,601.9,262.89,1840.43,57.01,33.6,116.66
"SA","Yorke Peninsula",136.9482421875,-35.0069999694824,0.6,2.5,3.8,340.42,163.59,906.11,59.96,35.15,123.53
"SA","Holdfast Bay",138.505004882812,-34.9957733154297,0.6,2.77,2.79,361.78,165.69,1047.02,47.72,27.92,100.2
"NSW","Shoalhaven",150.793502807617,-34.9941062927246,0.6,1.82,2.24,2118.18,825.52,7392.21,114.85,61.88,265.13
"WASouth","Manjimup",116.376663208008,-34.9477043151855,0.6,1.61,1.95,2195.55,796.97,8690.12,557.29,248.99,1643.01
"WASouth","Albany",118.245780944824,-34.9216423034668,0.6,1.6,2.09,4164.97,1425.44,17643.95,430.56,193.77,1272.68
"WASouth","Albany",118.293395996094,-34.9157218933105,0.6,1.6,2.99,4025.98,1379.76,17047.62,93.19,51.06,211.39
"WASouth","Albany",118.388008117676,-34.9172668457031,0.6,1.6,3.27,4131.79,1414.27,17507.66,44.96,27.32,88.28
"WASouth","Albany",118.43773651123,-34.9264717102051,0.6,1.6,2.71,3536.69,1231.2,14670.4,161.68,83.52,394.67
"SA","Lower Eyre Peninsula",135.62873840332,-34.9475173950195,0.6,2.12,2.71,757.08,318.97,2437.49,143.77,77.88,324.43
"SA","Lower Eyre Peninsula",135.686218261719,-34.951774597168,0.6,2.12,2.67,815.2,339.7,2665.8,159.63,84.59,372.38
"SA","Lower Eyre Peninsula",135.875335693359,-34.9482650756836,0.6,2.14,2.84,454.18,204.63,1335.18,96.43,54.58,205.84
"SA","Lower Eyre Peninsula",136.05680847168,-34.9548683166504,0.6,2.12,3.02,902.7,377.86,2909.75,52.97,31.49,107.22
"SA","Yorke Peninsula",136.970291137695,-34.9538307189941,0.6,2.5,3.52,357.87,171.18,957.7,94.93,53.13,206.89
"SA","Yorke Peninsula",137.790176391602,-34.9498023986816,0.6,2.46,3.01,1188.69,458.01,4385.07,95.25,52.52,213.22
"SA","Charles Sturt",138.493499755859,-34.9453239440918,0.6,2.78,2.92,344.89,159.35,984.99,23.19,15.17,41.48
"NSW","Shoalhaven",150.779983520508,-34.9549674987793,0.6,1.82,2.37,2289.95,882.44,8118.24,69.33,39.93,146.17
"WASouth","Manjimup",116.278388977051,-34.8926849365234,0.6,1.61,2.04,2054.9,746.51,8156.33,214.67,106.25,556.71
"WASouth","Manjimup",116.313697814941,-34.9120445251465,0.6,1.61,2.16,1970.99,718.57,7793.32,164.85,85.65,397.7
"WASouth","Albany",118.473320007324,-34.9040679931641,0.6,1.59,3.93,4790.85,1620.81,20552.22,16.32,11.31,26.83
"SA","Lower Eyre Peninsula",135.60270690918,-34.892707824707,0.6,2.16,2.39,268.6,129.2,723.8,395.09,187.58,1065.6
"SA","Lower Eyre Peninsula",135.708190917969,-34.9039306640625,0.6,2.14,2.57,456.33,205.8,1338.75,164.89,87.72,381.39
"SA","Lower Eyre Peninsula",135.813537597656,-34.8753776550293,0.6,2.14,2.62,445.92,200.61,1315.92,119.14,65.66,263.48
"SA","Lower Eyre Peninsula",135.850769042969,-34.9092292785645,0.6,2.14,2.59,440.37,198.64,1294.29,231.13,120,548.08
"SA","Lower Eyre Peninsula",136.040588378906,-34.9115982055664,0.6,2.11,2.9,1207.29,493.8,3988.83,54.88,32.41,112.13
"SA","Yorke Peninsula",137.007171630859,-34.9160041809082,0.6,2.5,2.99,356.65,170.37,956.92,63.37,36.95,131.35
"SA","Yorke Peninsula",137.434066772461,-34.916015625,0.6,2.55,3.35,130.27,68.53,311.72,94,52.78,203.76
"SA","Yorke Peninsula",137.805541992188,-34.9134864807129,0.6,2.46,3.01,1154.29,447.59,4216.26,87.24,48.75,191.59
"SA","Charles Sturt",138.486358642578,-34.9103393554688,0.6,2.78,2.8,325.37,151.55,919.04,26.56,17.09,48.56
"NSW","Shoalhaven",150.770278930664,-34.9090614318848,0.6,1.82,2.23,2387.41,914.32,8537.54,134.93,70.83,323.45
"WASouth","Manjimup",116.05086517334,-34.8465347290039,0.6,1.61,2.12,2661.31,935.08,11049.18,194.84,98.16,492.07
"WASouth","Manjimup",116.111457824707,-34.850944519043,0.6,1.61,2.27,2413.96,860.74,9814.88,126.23,67.3,295.32
"WASouth","Manjimup",116.154434204102,-34.8547859191895,0.6,1.61,2.39,2414.13,861.98,9790.76,69.25,39.8,146.56
"WASouth","Manjimup",116.210372924805,-34.8674583435059,0.6,1.62,2.08,1666.79,621.6,6388.91,349.59,170.4,905.96
"WASouth","Albany",118.456573486328,-34.9003067016602,0.6,1.59,3.94,5132.47,1723.57,22223.56,17.73,12.09,29.85
"SA","Lower Eyre Peninsula",135.545608520508,-34.8329162597656,0.6,2.17,2.59,237.48,116.13,625.73,81.73,46.63,173.55
"SA","Yorke Peninsula",137.037017822266,-34.8975028991699,0.6,2.5,3.22,354.36,169.33,950.58,44.46,27.07,87.05
"SA","Yorke Peninsula",137.119888305664,-34.9118118286133,0.6,2.51,3.42,297.48,143.93,788.21,29.75,19.1,54.19
"SA","Yorke Peninsula",137.17822265625,-34.8988838195801,0.6,2.52,3.42,242.63,119.69,628.38,28.87,18.56,52.55
"SA","Yorke Peninsula",137.205261230469,-34.896785736084,0.6,2.52,3.21,233.06,115.34,601.42,33.44,21.12,62.32
"SA","Yorke Peninsula",137.259643554688,-34.8906936645508,0.6,2.53,3.21,206.39,103.18,526.81,32.22,20.44,59.72
"SA","Yorke Peninsula",137.289123535156,-34.893238067627,0.6,2.53,3.01,192.36,96.81,487.13,40.37,24.82,78.1
"SA","Yorke Peninsula",137.451095581055,-34.8677635192871,0.6,2.55,3.34,130.09,68.51,310.69,112.02,61.26,252.03
"SA","Yorke Peninsula",137.813827514648,-34.8672142028809,0.6,2.47,2.33,1095.46,428.52,3950.2,67.47,38.19,147.17
"NSW","Shoalhaven",150.753067016602,-34.8636322021484,0.6,1.82,2.19,2459.18,937.43,8852.68,181.43,90.53,468.58
"WASouth","Manjimup",115.992393493652,-34.8286247253418,0.6,1.66,2.05,1967.6,722.69,7674.45,202.07,97.64,550.27
"WASouth","Albany",118.413291931152,-34.8083572387695,0.6,1.59,3.67,5763.77,1905.65,25493.64,31.4,19.67,59.65
"SA","Lower Eyre Peninsula",135.501922607422,-34.7913246154785,0.6,2.17,2.41,224.21,110.47,584.71,584.27,258.83,1744.38
"SA","Lower Eyre Peninsula",136.003540039062,-34.8275985717773,0.6,2.11,3.22,1247.48,509,4131.86,25.65,16.65,46.22
"SA","Yorke Peninsula",137.45246887207,-34.8243675231934,0.6,2.55,3.39,138.85,72.59,334.71,106.34,58.5,237.43
"SA","Yorke Peninsula",137.853607177734,-34.7996711730957,0.6,2.47,2.97,926.82,371.91,3222.79,92.81,51.49,205.77
"SA","Port Adelaide Enfield",138.478958129883,-34.8245964050293,0.6,2.78,2.51,300.54,141.55,835.88,50.37,29.88,102.61
"NSW","Shoalhaven",150.768356323242,-34.8201484680176,0.6,1.82,2.86,2579.82,976.46,9379.78,31.23,20.03,56.83
"WASouth","Manjimup",115.960182189941,-34.7667274475098,0.6,1.66,1.89,2134.63,769.19,8580.14,556.09,245.55,1674.99
"WASouth","Albany",118.439796447754,-34.7701377868652,0.6,1.59,3.13,5503.33,1831.69,24116.79,45.65,27.13,93.35
"SA","Lower Eyre Peninsula",135.476257324219,-34.7575340270996,0.6,2.18,2.53,200.6,100.18,513.9,351.59,167.49,948.7
"SA","Lower Eyre Peninsula",136.013534545898,-34.7910461425781,0.6,2.11,3.2,1471.6,588.8,5000.83,25.26,16.42,45.45
"SA","Yorke Peninsula",137.45524597168,-34.7916793823242,0.6,2.55,3.42,139.29,72.8,335.87,105.65,58.02,236.75
"SA","Yorke Peninsula",137.865936279297,-34.7779502868652,0.6,2.47,2.45,885.15,357.61,3048.53,35,22.01,65.56
"NSW","Kiama",150.826202392578,-34.774356842041,0.6,1.82,2.85,2568.02,971.27,9351.57,37.06,22.88,71.57
"WASouth","Manjimup",115.928855895996,-34.7108383178711,0.6,1.67,1.93,1701.07,626.22,6670.39,459.25,205.38,1367.72
"WASouth","Albany",118.513496398926,-34.7271842956543,0.6,1.59,1.98,5005.76,1686.49,21580.06,464.65,209.27,1364.87
"WASouth","Albany",118.577919006348,-34.7082405090332,0.6,1.6,1.96,4510.24,1537.61,19150.72,415.28,194.36,1145.75
"WASouth","Albany",118.641914367676,-34.6965713500977,0.6,1.6,2.94,3908.05,1354.74,16237.98,52.77,31.26,107.52
"SA","Lower Eyre Peninsula",135.335220336914,-34.7054634094238,0.6,2.15,3.33,330.31,154.97,919.77,60.48,34.63,130.11
"SA","Lower Eyre Peninsula",135.439056396484,-34.7274475097656,0.6,2.17,2.39,240.8,117.34,638.01,967.19,394.67,3251.72
"SA","Port Lincoln",135.892684936523,-34.7439880371094,0.6,2.09,2.31,2681.58,995.81,10063.53,788.4,332.78,2523.47
"SA","Unincorporated SA",135.93717956543,-34.7292900085449,0.6,2.09,2.37,2540.95,944.87,9541.71,470.98,211.48,1390.02
"SA","Lower Eyre Peninsula",135.999130249023,-34.7331199645996,0.6,2.1,3.19,1843.2,716.57,6510.32,24.88,16.19,44.73
"SA","Yorke Peninsula",137.474060058594,-34.7379150390625,0.6,2.55,3.45,129.11,68.14,307.24,105.28,57.78,236.24
"SA","Yorke Peninsula",137.876220703125,-34.7336845397949,0.6,2.48,2.87,775.78,320.09,2591.71,109.6,59.33,251.5
"SA","Port Adelaide Enfield",138.491088867188,-34.7511978149414,0.6,2.71,2.97,250.56,120.88,674.47,12.27,8.9,18.92
"NSW","Kiama",150.849090576172,-34.726978302002,0.6,1.82,2.9,2535.97,960.88,9211.62,29.94,19.18,54.75
"WASouth","Manjimup",115.905700683594,-34.6893005371094,0.6,1.67,2.31,1609.65,595.92,6269.08,209.94,104.44,540.14
"WASouth","Albany",118.657928466797,-34.6917991638184,0.6,1.6,3.08,4316.31,1483.67,18103.58,43.01,25.83,86.57
"SA","Lower Eyre Peninsula",135.325469970703,-34.6993713378906,0.6,2.18,3.26,179.15,90.89,449.1,24.8,16.14,44.57
"SA","Yorke Peninsula",137.485076904297,-34.6953315734863,0.6,2.55,3.44,127.12,67.28,301.23,117.35,63.42,269.04
"SA","Yorke Peninsula",137.889953613281,-34.6969833374023,0.6,2.48,3.36,693.35,291.32,2256.29,44.09,27,85.47
"SA","Playford",138.471588134766,-34.7015037536621,0.6,2.71,3.38,257.77,124.32,692.97,7.94,6.08,11.38
"NSW","Kiama",150.860687255859,-34.6920127868652,0.6,1.92,2.52,2618.4,987.7,9569.72,71.14,41.07,149.08
"WASouth","Manjimup",115.858764648438,-34.6483764648438,0.6,1.67,2.98,1776.18,652.95,6963.09,28.37,18.06,52.69
"WASouth","Albany",118.732460021973,-34.6475105285645,0.6,1.6,2.87,3663.01,1285.07,14951.96,42.9,25.87,85.68
"SA","Lower Eyre Peninsula",135.326873779297,-34.6681861877441,0.6,2.18,2.52,165.95,84.93,411.34,528.85,233.62,1596.57
"SA","Lower Eyre Peninsula",135.921951293945,-34.6428375244141,0.6,2.09,2.88,2528.63,935.3,9589.11,31.37,19.86,58.44
"SA","Yorke Peninsula",137.49104309082,-34.6620597839355,0.6,2.55,3.43,131.76,69.42,314.15,140.1,73.67,334.02
"SA","Yorke Peninsula",137.904342651367,-34.6358642578125,0.6,2.49,3.28,582.21,251.24,1823.87,48.54,29.33,95.86
"SA","Adelaide Plains",138.42643737793,-34.6480331420898,0.6,2.71,2.77,263.38,126.46,712.97,16.57,11.46,27.29
"NSW","Kiama",150.864776611328,-34.6501274108887,0.6,1.92,2.4,2404.6,917.29,8655.52,101.1,55.39,228.15
"WASouth","Manjimup",115.80005645752,-34.5957412719727,0.6,1.67,2.08,1733.53,643.13,6691.88,146.13,75.18,361.7
"WASouth","Albany",118.748977661133,-34.5954666137695,0.6,1.6,2.81,3956.18,1378.67,16270.85,51.21,29.82,107.96
"SA","Lower Eyre Peninsula",135.316162109375,-34.6103324890137,0.6,2.22,2.44,96.39,52.97,216.95,518.97,232.39,1530.3
"SA","Lower Eyre Peninsula",135.936264038086,-34.6104278564453,0.6,2.09,2.9,2391.82,888.14,9036.25,29.95,19.07,55.34
"SA","Yorke Peninsula",137.500183105469,-34.6044120788574,0.6,2.55,3.43,121.58,64.85,284.83,144.22,75.33,347.43
"SA","Yorke Peninsula",137.912384033203,-34.618537902832,0.6,2.49,3.27,559.22,242.92,1735.07,50.33,30.27,100.06
"SA","Adelaide Plains",138.403396606445,-34.6134872436523,0.6,2.71,2.38,260.02,125.36,699.18,43.61,27.11,82.3
"NSW","Shellharbour",150.893783569336,-34.6025238037109,0.6,1.92,2.41,2812.31,1050.39,10419.44,91.69,50.71,204.61
"WASouth","Manjimup",115.731224060059,-34.5361518859863,0.6,1.67,2.38,1753.64,643.04,6913.15,75.34,42.82,161.9
"WASouth","Manjimup",115.753326416016,-34.553165435791,0.6,1.67,2.05,1536.74,572.51,5933.6,173.07,87.03,442.02
"WASouth","Albany",118.747589111328,-34.5683937072754,0.6,1.6,2.36,3571.74,1263.4,14386.19,99.66,55.39,219.31
"WASouth","Jerramungup",119.227691650391,-34.534309387207,0.6,1.6,2.23,2917.6,1054.89,11431.02,249.4,122.1,653.76
"WASouth","Jerramungup",119.256904602051,-34.5356292724609,0.6,1.6,3.45,3316.45,1194.99,12977.82,25.89,16.68,47.31
"SA","Lower Eyre Peninsula",135.317031860352,-34.5626525878906,0.6,2.25,2.35,57.28,33.99,115.73,398.09,184.02,1125.82
"SA","Unincorporated SA",135.946823120117,-34.5628547668457,0.6,2.09,2.92,2443.94,900.37,9353.63,30.2,19.26,55.68
"SA","Yorke Peninsula",137.492401123047,-34.5622596740723,0.6,2.55,3.43,121.11,64.79,282.27,157.4,80.96,387.85
"SA","Yorke Peninsula",137.893447875977,-34.5577239990234,0.6,2.49,3.21,577.05,249.44,1803.07,55.67,32.99,112.96
"SA","Adelaide Plains",138.351638793945,-34.5736656188965,0.6,2.71,2.03,256.61,123.94,688.27,19.79,13.56,32.84
"NSW","Shellharbour",150.831756591797,-34.553035736084,0.6,1.87,3.17,43514.07,10432.22,305710.27,69.38,39.82,147.23
"WASouth","Manjimup",115.672386169434,-34.4941368103027,0.6,1.67,2.22,1728.87,640.36,6695.31,113.7,60.44,269.2
"WASouth","Albany",118.791877746582,-34.5268898010254,0.6,1.6,3.1,3259.96,1167.5,12909.28,24.33,15.79,44.02
"WASouth","Albany",118.840110778809,-34.5116996765137,0.6,1.6,2.61,3009.4,1087.35,11783.56,84.13,46.6,188.25
"WASouth","Albany",118.897109985352,-34.504997253418,0.6,1.6,2.39,2902.86,1051.82,11332.6,96.15,53.38,212.47
"WASouth","Jerramungup",119.158416748047,-34.4976654052734,0.6,1.61,2.38,2419.82,892.81,9241.79,117.43,63.28,270.62
"WASouth","Jerramungup",119.285186767578,-34.5118827819824,0.6,1.6,3.16,3167.24,1135.87,12531.87,34.53,21.43,66.36
"SA","Lower Eyre Peninsula",135.318298339844,-34.5224838256836,0.6,2.24,2.37,66.17,38.43,137.84,325.57,154.64,887.14
"SA","Lower Eyre Peninsula",135.998809814453,-34.5188331604004,0.6,2.1,2.36,2180.4,807.44,8324.05,298.94,144.38,794.41
"SA","Tumby Bay",136.073135375977,-34.512020111084,0.6,2.1,2.63,1786.3,673.82,6674.98,218.31,109.85,548.82
"SA","Tumby Bay",136.107116699219,-34.5229568481445,0.6,2.1,3.33,1731.19,664.86,6273.03,21.25,14.22,36.64
"SA","Unincorporated SA",137.380996704102,-34.5214958190918,0.6,2.53,3.48,181.27,92.35,450.6,149.12,77.31,363.41
"SA","Yorke Peninsula",137.895538330078,-34.509952545166,0.6,2.49,3.2,582.55,251.34,1825.52,59.7,35.04,122.76
"SA","Adelaide Plains",138.315139770508,-34.5217552185059,0.6,2.71,2.08,244.23,118.86,648.03,18.27,12.56,30.26
"NSW","Shellharbour",150.853439331055,-34.5301818847656,0.6,1.88,2.84,33734.05,8393.39,224945.02,167.02,84.75,420.43
"WASouth","Nannup",115.607223510742,-34.447395324707,0.6,1.67,2.42,1789.23,662.13,6924.87,102.76,56.18,232.6
"WASouth","Jerramungup",118.949409484863,-34.4593963623047,0.6,1.61,2.74,2643.22,969.4,10152.16,60.64,35.09,127.84
"WASouth","Jerramungup",119.00870513916,-34.4599838256836,0.6,1.61,2.84,2464.55,910.21,9385.83,61.1,35.36,128.69
"WASouth","Jerramungup",119.048156738281,-34.4653663635254,0.6,1.61,2.37,2551.67,937.33,9792.29,121.8,64.51,289.1
"WASouth","Jerramungup",119.108016967773,-34.4735145568848,0.6,1.61,1.87,2029.09,768.18,7474.78,571.59,248.04,1774.35
"WASouth","Jerramungup",119.282707214355,-34.4768371582031,0.6,1.6,2.42,3144.51,1129,12421.86,108.79,59.09,248.28
"WASouth","Jerramungup",119.363868713379,-34.4838829040527,0.6,1.6,2.96,3007.42,1083.64,11835.01,13.26,9.44,21
"SA","Lower Eyre Peninsula",135.302597045898,-34.5082473754883,0.6,2.23,2.68,73.54,42.16,155.81,85.57,48.79,181.46
"SA","Tumby Bay",136.126312255859,-34.4671478271484,0.6,2.11,3.18,1487.84,577.66,5334.25,22.99,15.2,40.33
"SA","Yorke Peninsula",137.419784545898,-34.4762954711914,0.6,2.4,3.37,153.52,79.69,372.65,125.54,66.54,296.92
"SA","Yorke Peninsula",137.918411254883,-34.4620323181152,0.6,2.68,3.39,570.02,246.55,1780.49,63.24,36.83,131.36
"SA","Adelaide Plains",138.260284423828,-34.4787826538086,0.6,2.7,2.12,291.8,138.09,805.92,17.29,11.92,28.59
"NSW","Wollongong",150.849761962891,-34.4852981567383,0.6,1.88,3.04,17367.04,4721.69,102612.8,58.84,33.88,125.43
"NSW","Wollongong",150.903182983398,-34.4712257385254,0.6,1.92,2.24,2770.86,1037.6,10227.12,213.43,104.97,560.22
"WASouth","Nannup",115.485870361328,-34.3908157348633,0.6,1.66,2.13,2252.84,809.27,9075.57,197.6,97.51,517.99
"WASouth","Nannup",115.538330078125,-34.4236183166504,0.6,1.66,1.7,2046.69,742.43,8148.15,3543.1,1208.77,15248.73
"WASouth","Jerramungup",119.406532287598,-34.4336967468262,0.6,1.6,3.21,3241.96,1163.88,12786.26,12.53,8.9,20.04
"SA","Lower Eyre Peninsula",135.355972290039,-34.4217758178711,0.6,2.23,2.3,74.1,42.11,159.43,413.74,187.79,1207.02
"SA","Tumby Bay",136.143707275391,-34.4139289855957,0.6,2.11,3.16,1444.27,559.11,5215.24,20.85,13.99,35.84
"SA","Yorke Peninsula",137.425506591797,-34.4361991882324,0.6,2.4,3.41,170.48,86.5,428.59,120.22,64,282.92
"SA","Yorke Peninsula",137.946380615234,-34.4078636169434,0.6,2.35,2.86,515.91,226.37,1579.43,70.58,40.58,149.15
"SA","Adelaide Plains",138.249923706055,-34.4341163635254,0.6,2.7,2.64,296.99,140.16,823.5,18.68,12.71,31.5
"NSW","Wollongong",150.911224365234,-34.4259948730469,0.6,1.91,2.42,3189.72,1173.99,12045.77,107.28,58.41,243.94
"WASouth","Nannup",115.451011657715,-34.36767578125,0.6,1.66,2.32,2261.21,809.87,9157.37,39.31,23.87,77.99
"WASouth","Jerramungup",119.408996582031,-34.3939018249512,0.6,1.6,2.12,3422.28,1221.41,13598.17,294.74,140.91,798.57
"WASouth","Jerramungup",119.474838256836,-34.3979911804199,0.6,1.6,3.25,2979.02,1079.67,11607.42,14.61,10.12,24.25
"SA","Lower Eyre Peninsula",135.348175048828,-34.3730888366699,0.6,2.22,2.3,87.4,48.67,193.23,447.45,200.81,1326.13
"SA","Tumby Bay",136.145538330078,-34.4058647155762,0.6,2.11,3.12,1413.42,548.41,5089.62,21.86,14.57,37.9
"SA","Yorke Peninsula",137.440673828125,-34.3979988098145,0.6,2.39,3.42,176.78,89.33,446.77,123.91,65.6,293.96
"SA","Yorke Peninsula",137.983108520508,-34.3797225952148,0.6,2.35,2.86,505.48,221.86,1548.72,72.27,41.44,153.19
"SA","Adelaide Plains",138.239547729492,-34.3977470397949,0.6,2.71,2.24,283.69,135.11,775.85,51.22,30.67,102.49
"NSW","Wollongong",150.927154541016,-34.380241394043,0.6,1.91,2.41,3257.66,1194.06,12378.27,147.21,76.08,361.13
"WASouth","Augusta Margaret River",115.114120483398,-34.3457527160645,0.6,1.67,2.18,1829.3,677.6,7057.41,746.14,305.04,2542.63
"WASouth","Augusta Margaret River",115.169120788574,-34.3554878234863,0.6,1.64,2.1,5538.87,1791.16,25569.14,730.76,301.5,2451.25
"WASouth","Augusta Margaret River",115.178131103516,-34.3455810546875,0.6,1.64,2.05,5250.39,1697.96,24317.72,438.03,195.31,1315.69
"WASouth","Augusta Margaret River",115.252731323242,-34.3154830932617,0.6,1.65,2.11,4056.82,1339.05,18398.12,245.26,119.25,651.65
"WASouth","Augusta Margaret River",115.323333740234,-34.3184242248535,0.6,1.65,2.11,3385.86,1146.46,14819.88,235.76,115.15,622.81
"WASouth","Nannup",115.369979858398,-34.3293151855469,0.6,1.66,1.96,2892.45,999.21,12325.04,929.74,373.57,3224.48
"WASouth","Jerramungup",119.521812438965,-34.3588638305664,0.6,1.6,3.32,3571.65,1278.79,14076.75,14.36,9.96,23.79
"SA","Lower Eyre Peninsula",135.353698730469,-34.3556213378906,0.6,2.23,2.61,83.81,46.88,184.19,299.1,141.35,826.9
"SA","Tumby Bay",136.194808959961,-34.336181640625,0.6,2.11,3.15,1152.69,456.1,4055.76,20.34,13.69,34.81
"SA","Yorke Peninsula",137.474868774414,-34.3563575744629,0.6,2.4,3.43,145.97,75.52,357.6,124.72,66.01,295.98
"SA","Yorke Peninsula",138.00910949707,-34.3484191894531,0.6,2.35,2.85,442.91,198.89,1312.05,79.68,45.02,172.51
"SA","Adelaide Plains",138.221740722656,-34.3510093688965,0.6,2.71,2.18,286.3,136.14,784.82,68.81,39.51,145.96
"NSW","Wollongong",150.933074951172,-34.3690643310547,0.6,1.91,2.66,3177.95,1173.55,11933.44,81.21,45.71,176.81
"WASouth","Augusta Margaret River",115.064079284668,-34.2983169555664,0.6,1.67,2.25,1666.57,617.47,6466.09,122.56,63.73,300.94
"WASouth","Jerramungup",119.510375976562,-34.2989196777344,0.6,1.6,3.6,3775.05,1341.41,15034.04,13.23,9.31,21.42
"SA","Lower Eyre Peninsula",135.345321655273,-34.3000869750977,0.6,2.22,2.6,90.27,49.95,201.43,275.09,131.72,746.4
"SA","Tumby Bay",136.242691040039,-34.2956275939941,0.6,2.11,3.35,1065.09,425.07,3707.35,16.39,11.39,26.81
"SA","Yorke Peninsula",137.495086669922,-34.3133583068848,0.6,2.4,3.47,151.75,78.07,374.72,131.61,69.29,314.26
"SA","Yorke Peninsula",138.025238037109,-34.3000411987305,0.6,2.36,2.82,406.56,185.18,1179.71,85.45,47.74,188
"SA","Wakefield",138.20783996582,-34.3054428100586,0.6,2.71,2.48,255.52,124.19,677.7,25.58,16.9,44.66
"NSW","Wollongong",150.955596923828,-34.2879600524902,0.6,1.91,1.91,3489.73,1267.91,13417.73,1043.44,416.12,3641.88
"WASouth","Ravensthorpe",119.522560119629,-34.2559394836426,0.6,1.6,3.29,3731.75,1326.62,14859.36,17.22,11.7,29.3
"SA","Lower Eyre Peninsula",135.336288452148,-34.2558555603027,0.6,2.22,2.66,97.42,53.4,220.09,152.88,79.86,366.87
"SA","Tumby Bay",136.272445678711,-34.2473526000977,0.6,2.11,3.33,1083.27,430.68,3793.25,16.88,11.7,27.7
"SA","Yorke Peninsula",137.493392944336,-34.2675590515137,0.6,2.4,3.49,162.35,82.73,406.26,139.87,72.76,340.11
"SA","Yorke Peninsula",138.024490356445,-34.2730674743652,0.6,2.37,2.82,330.4,155.26,917.24,104.93,56.95,240.3
"SA","Wakefield",138.153900146484,-34.253303527832,0.6,2.39,2.43,208.82,105.03,526.84,17.99,12.36,29.88
"NSW","Wollongong",151.004867553711,-34.2265319824219,0.6,1.93,3.79,3669.75,1324.94,14229.08,11.23,8.15,17.35
"WASouth","Augusta Margaret River",115.019226074219,-34.2258415222168,0.6,1.68,2.05,1106.52,431.48,4011.11,228.21,110.85,610.32
"WASouth","Ravensthorpe",119.571472167969,-34.1985282897949,0.6,1.6,3.1,3607.25,1282.66,14385.37,23.34,15.29,41.59
"SA","Lower Eyre Peninsula",135.308288574219,-34.2018508911133,0.6,2.22,2.81,89.55,49.46,200.63,65.04,37.76,135.67
"SA","Tumby Bay",136.297836303711,-34.2082405090332,0.6,2.11,3.1,1063.7,423.34,3721.85,21.83,14.64,37.42
"SA","Yorke Peninsula",137.487152099609,-34.211742401123,0.6,2.4,3.51,155.19,79.61,384.66,148.3,76.02,369.17
"SA","Yorke Peninsula",138.039840698242,-34.2096405029297,0.6,2.38,2.79,240.44,118.88,620.4,123.12,64.89,294.65
"SA","Wakefield",138.137710571289,-34.197338104248,0.6,2.39,2.78,209.45,105.43,527.58,110.38,59.32,256.63
"SA","Wakefield",138.154418945312,-34.217830657959,0.6,2.39,2.1,191.95,97.97,473.99,29.5,19.16,52.63
"NSW","Wollongong",151.033432006836,-34.201286315918,0.6,1.93,3.31,3802.94,1366.62,14839.05,15.61,10.89,25.42
"WASouth","Augusta Margaret River",115.017852783203,-34.1611366271973,0.6,1.67,2.23,1396.87,532.4,5202.14,118.76,62.17,288.53
"WASouth","Ravensthorpe",119.584747314453,-34.1779365539551,0.6,1.6,3.44,3552.09,1263.22,14174.34,15.53,10.73,25.77
"SA","Lower Eyre Peninsula",135.263961791992,-34.1757392883301,0.6,2.23,2.73,74.48,41.98,162.69,103.59,56.57,234.83
"SA","Tumby Bay",136.332229614258,-34.1622657775879,0.6,2.11,3.09,1035.73,413.59,3607.87,22.25,14.89,38.25
"SA","Yorke Peninsula",137.466354370117,-34.1796340942383,0.6,2.4,3.09,163.82,83.46,409.86,22.96,15.34,39.56
"NSW","Sutherland",151.091796875,-34.1674118041992,0.6,1.93,2.81,3759.03,1352.3,14649.03,29.19,18.89,52.44
"WASouth","Augusta Margaret River",114.989479064941,-34.1106071472168,0.6,1.66,2.07,2058.3,793.28,7337.9,212.19,104.92,551.69
"WASouth","Ravensthorpe",119.627433776855,-34.1215400695801,0.6,1.6,3.18,3407.65,1214.42,13578.68,18.21,12.25,31.42
"SA","Lower Eyre Peninsula",135.259216308594,-34.1289978027344,0.6,2.21,2.38,110.27,59.34,255.77,323.23,152.59,891.07
"SA","Tumby Bay",136.357025146484,-34.1231880187988,0.6,2.12,3.12,994.58,399.63,3434.11,18.62,12.78,30.92
"SA","Yorke Peninsula",137.476531982422,-34.1326103210449,0.6,2.41,3,121.33,64.07,289.58,26.53,17.47,46.46
"NSW","Sutherland",151.151580810547,-34.1166496276855,0.6,1.93,2.81,3946.92,1410.56,15520.39,34.86,21.85,65.67
"WASouth","Augusta Margaret River",114.983840942383,-34.0987014770508,0.6,1.68,2.08,1191.98,492.38,3872.38,301.66,140.37,857.84
"WASouth","Ravensthorpe",119.679878234863,-34.0835838317871,0.6,1.6,2.08,3423.6,1216.75,13706.4,206.61,101.85,541.14
"WASouth","Ravensthorpe",119.736351013184,-34.0652923583984,0.6,1.6,3.55,3203.61,1140.19,12842.57,13.8,9.65,22.56
"SA","Lower Eyre Peninsula",135.268127441406,-34.0861625671387,0.6,2.21,2.67,107.3,57.87,248.29,202.94,100.94,523.48
"SA","Tumby Bay",136.383270263672,-34.0608139038086,0.6,2.12,3.09,889.9,363.33,3004.75,19,13.02,31.61
"SA","Yorke Peninsula",137.464599609375,-34.1275482177734,0.6,2.41,3.62,127.92,67.06,308.45,12.41,8.93,19.4
"NSW","Sutherland",151.175872802734,-34.086238861084,0.6,1.93,3,4009.91,1428.39,15846.04,23.21,15.26,41.14
"WASouth","Augusta Margaret River",114.994148254395,-34.0478363037109,0.6,1.69,2.5,764.09,313.25,2586.11,61.07,34.6,133.85
"WASouth","Ravensthorpe",119.777717590332,-34.0355567932129,0.6,1.67,2.92,3133.16,1114.84,12582.42,59.4,34.45,124.91
"WASouth","Esperance",122.129608154297,-34.036491394043,0.6,1.71,2.75,856.35,348.95,2909.12,76.05,42.42,169.12
"WASouth","Esperance",122.158882141113,-34.0404090881348,0.6,1.7,3.18,1176.22,462.83,4175.82,58.29,33.39,125.6
"WASouth","Esperance",122.19255065918,-34.019962310791,0.6,1.7,2.56,1038.63,414.53,3620.82,126.35,66.16,305.56
"WASouth","Esperance",123.199317932129,-34.0090293884277,0.6,1.7,2.64,1188.9,464.52,4273.5,136.41,70.86,333.11
"WASouth","Esperance",123.259063720703,-34.0275497436523,0.6,1.69,3.55,1527.25,581.97,5657.14,14.5,10.1,23.82
"SA","Lower Eyre Peninsula",135.266265869141,-34.0398864746094,0.6,2.21,2.73,113.14,60.55,264.67,190.37,94.48,495.06
"SA","Tumby Bay",136.467895507812,-34.0074310302734,0.6,2.12,2.45,747.25,312.85,2435.85,49.83,29.76,100.34
"SA","Copper Coast",137.5546875,-34.0558128356934,0.6,2.43,2.99,96.31,52.35,221.23,25.61,16.88,44.89
"NSW","Sutherland",151.212707519531,-34.0421981811523,0.6,1.93,3.38,3781.61,1350.76,14919.63,14.59,10.27,23.51
"WASouth","Augusta Margaret River",114.982078552246,-33.9913940429688,0.6,1.69,2.42,823.79,358.74,2487.05,102.95,54.11,250.85
"WASouth","Ravensthorpe",119.835670471191,-33.984977722168,0.6,1.67,2.49,2993.54,1064.85,12061.17,95.14,50.4,229.61
"WASouth","Ravensthorpe",119.896675109863,-33.9748725891113,0.6,1.68,2.15,2905.32,1034.52,11705.22,234.85,115.06,617.07
"WASouth","Ravensthorpe",119.948829650879,-33.9792556762695,0.6,1.68,3.09,2798.48,996.64,11297.44,32.17,20.04,61.68
"WASouth","Ravensthorpe",120.384895324707,-33.9631729125977,0.6,1.68,2.52,2025.49,735.43,8055.16,68.77,39.47,145.99
"WASouth","Ravensthorpe",120.430442810059,-33.9766540527344,0.6,1.68,2.45,2568.32,903.62,10661.36,86.93,47.87,196.27
"WASouth","Esperance",122.088882446289,-33.9997787475586,0.6,1.71,2.15,716.34,297.76,2373,146.48,76.46,352.95
"WASouth","Esperance",122.26456451416,-34.0004653930664,0.6,1.7,2.86,1017.65,407.65,3528.36,48.56,29.24,96.49
"WASouth","Esperance",123.162498474121,-33.998233795166,0.6,1.72,2.08,591.89,252.85,1887.15,475.73,212.51,1416.53
"WASouth","Esperance",123.292617797852,-33.9784812927246,0.6,1.69,3.9,1494.77,567.26,5586.84,11.5,8.32,17.89
"SA","Lower Eyre Peninsula",135.241180419922,-33.9765129089355,0.6,2.21,2.72,113.35,60.52,266.29,162.54,82.54,409.32
"SA","Cleve",136.513595581055,-33.9877281188965,0.6,2.12,2.91,747.49,311.83,2452.75,19.1,13.17,31.43
"SA","Copper Coast",137.526107788086,-33.9984512329102,0.6,2.42,3.78,103.05,55.48,239.88,11.49,8.31,17.84
"WASouth","Augusta Margaret River",114.978302001953,-33.9600410461426,0.6,1.71,2,399.46,181.81,1161.98,246.07,119.95,650.65
"WASouth","Ravensthorpe",119.990600585938,-33.9527015686035,0.6,1.68,2.69,2769.24,983.62,11241.03,52.27,30.11,112.28
"WASouth","Ravensthorpe",120.067375183105,-33.9367523193359,0.6,1.69,2.74,1741.06,650.85,6625.36,60.99,34.37,135.14
"WASouth","Ravensthorpe",120.110610961914,-33.9537506103516,0.6,1.69,2.98,1602.06,604.62,6022.3,43.65,25.76,90.73
"WASouth","Ravensthorpe",120.155662536621,-33.949275970459,0.6,1.68,3.23,2747.42,961.1,11476.02,27.01,17.07,50.98
"WASouth","Ravensthorpe",120.205429077148,-33.9425849914551,0.6,1.68,2.71,2157.14,779.2,8625.68,51.74,30.44,106.9
"WASouth","Ravensthorpe",120.269660949707,-33.9437828063965,0.6,1.68,2.78,2177.51,783.97,8755.03,57.13,32.8,122.71
"WASouth","Ravensthorpe",120.316528320312,-33.9492568969727,0.6,1.68,3.1,1993.91,725.06,7915.67,33.58,20.65,65.79
"WASouth","Ravensthorpe",120.475532531738,-33.958179473877,0.6,1.69,2.28,1731.39,650.99,6520.97,113.71,59.67,275.9
"WASouth","Esperance",122.026496887207,-33.9623031616211,0.6,1.71,2.31,697.56,290.71,2303.69,124.56,64.18,310.84
"WASouth","Esperance",122.307563781738,-33.9434776306152,0.6,1.7,2.5,1225.36,479.55,4382.62,87.38,47.64,200.9
"WASouth","Esperance",122.350654602051,-33.9339904785156,0.6,1.7,2.72,1147.18,452.48,4061.4,100.35,53.5,238.35
"WASouth","Esperance",122.439010620117,-33.9241828918457,0.6,1.7,2.26,943.74,380.21,3253.47,189.32,93.01,501.99
"WASouth","Esperance",122.489768981934,-33.9406089782715,0.6,1.71,2.11,725.09,304.69,2352.3,269.7,128.21,742.51
"WASouth","Esperance",122.522109985352,-33.9573936462402,0.6,1.7,2.53,1123.26,444.16,3963.52,141.1,72.33,352.48
"WASouth","Esperance",122.577781677246,-33.9543342590332,0.6,1.7,2.19,1120.03,442.01,3967.41,169.99,84.78,441.39
"WASouth","Esperance",123.143653869629,-33.9761924743652,0.6,1.72,2.47,550.96,237.52,1735.28,111.82,60.36,257.68
"WASouth","Esperance",123.313140869141,-33.9525032043457,0.6,1.69,2.56,1487.99,565.23,5553.05,161.01,82.12,402.48
"WASouth","Esperance",123.50643157959,-33.945240020752,0.6,1.69,2.51,1425.55,544.89,5273.95,239.24,115.44,645.75
"WASouth","Esperance",123.522392272949,-33.9453659057617,0.6,1.69,3.8,1702.14,636.19,6488.79,13.64,9.62,21.97
"SA","Elliston",135.191772460938,-33.9253692626953,0.6,2.2,3.01,118.53,62.89,280.85,18.85,13.01,30.96
"SA","Copper Coast",137.537673950195,-33.9754905700684,0.6,2.42,2.86,103.63,55.73,241.64,26.08,17.02,46.49
"NSW","Randwick",151.263778686523,-33.9545822143555,0.6,1.92,3.05,4546.12,1588.7,18457.46,22.63,14.99,39.62
"WASouth","Augusta Margaret River",114.979377746582,-33.9190673828125,0.6,1.69,2.78,802.59,351.9,2397.53,52.05,29.91,112.39
"WASouth","Ravensthorpe",120.530181884766,-33.9330368041992,0.6,1.69,2.49,1849.72,679.79,7235.81,95.1,50.64,227.27
"WASouth","Ravensthorpe",120.561729431152,-33.9172248840332,0.6,1.68,2.74,2374.87,840.99,9790.7,49.28,29.27,100.39
"WASouth","Esperance",121.641616821289,-33.89892578125,0.6,1.71,2.33,836.91,342.66,2822.24,124.27,65.24,299.39
"WASouth","Esperance",121.652870178223,-33.8976516723633,0.6,1.7,2.65,1141.03,447.18,4089.2,58.03,33.77,121.4
"WASouth","Esperance",121.746528625488,-33.8893661499023,0.6,1.71,2,734.06,305.07,2428.58,200.09,100.25,509.61
"WASouth","Esperance",121.791038513184,-33.910774230957,0.6,1.71,2.07,729.34,302.81,2418.4,190.54,95.94,482.45
"WASouth","Esperance",121.825714111328,-33.8972702026367,0.6,1.71,2.05,792.3,325.3,2667.7,154.34,79.51,379.69
"WASouth","Esperance",122.075332641602,-33.9008560180664,0.6,1.72,2.43,482.77,211.02,1495.02,133.02,69.06,325.74
"WASouth","Esperance",122.627914428711,-33.8959465026855,0.6,1.7,2.45,989.02,397.52,3414.01,147.92,74.94,376.49
"WASouth","Esperance",122.692840576172,-33.8993530273438,0.6,1.71,2.23,800.77,331.25,2657.12,164.39,82.6,421.89
"WASouth","Esperance",122.749076843262,-33.9037475585938,0.6,1.71,2.21,747.84,311.54,2460.24,132.21,68.97,321
"WASouth","Esperance",122.814529418945,-33.914665222168,0.6,1.71,2.54,652.88,276.35,2103.82,116.57,61.2,282.04
"WASouth","Esperance",122.836570739746,-33.9121932983398,0.6,1.7,2.27,1075.31,428.51,3750.99,193.98,95.96,506.88
"WASouth","Esperance",122.881294250488,-33.91748046875,0.6,1.7,2.27,1115.9,441.02,3943.03,185.83,91.76,488.59
"WASouth","Esperance",122.969390869141,-33.9028396606445,0.6,1.71,1.95,774.23,321.5,2556.44,541.84,236.3,1672.36
"WASouth","Esperance",122.980453491211,-33.8986015319824,0.6,1.71,2.51,868.37,354.25,2941.11,120.26,63.6,286.5
"WASouth","Esperance",123.074066162109,-33.8747062683105,0.6,1.71,2.63,755.73,314.05,2495.91,90.9,49.68,207.45
"WASouth","Esperance",123.112289428711,-33.8946113586426,0.6,1.71,2.3,723.19,302.34,2368.7,236.03,116.43,612.29
"WASouth","Esperance",123.35466003418,-33.9087448120117,0.6,1.69,2.3,1509.55,572.71,5641.31,258.88,125.16,692.69
"WASouth","Esperance",123.423583984375,-33.9012565612793,0.6,1.69,2.11,1371.28,526.94,5036.12,601.73,260.56,1869.22
"WASouth","Esperance",123.561981201172,-33.9116134643555,0.6,1.69,3.79,1697.93,636.82,6432.51,13.67,9.62,22.09
"SA","Elliston",135.183670043945,-33.9124450683594,0.6,2.2,3,118.69,63,281.03,76.55,42.47,171.84
"SA","Cleve",136.623336791992,-33.8943176269531,0.6,2.35,2.96,552.65,239.73,1720.49,27.25,17.81,48.3
"NSW","Waverley",151.286361694336,-33.8932914733887,0.6,1.93,2.61,4671.23,1624.19,19107.63,50.84,30.09,103.94
"WASouth","Augusta Margaret River",114.972427368164,-33.8668975830078,0.6,1.69,2.58,835.5,351.17,2685.54,75.23,41.43,171.51
"WASouth","Ravensthorpe",120.643753051758,-33.8913230895996,0.6,1.69,1.66,1556.23,592.26,5771.1,12120.18,3288.27,73726.77
"WASouth","Ravensthorpe",120.699363708496,-33.8748588562012,0.6,1.57,2.74,580082251.45,39967048.27,22103432531.19,440.09,190.21,1401.08
"WASouth","Ravensthorpe",120.738265991211,-33.8715782165527,0.6,1.6,3.55,1600056.91,252899.48,19244370.65,49.02,28.61,103.23
"WASouth","Ravensthorpe",120.786590576172,-33.8891334533691,0.6,1.7,3.18,911.94,369.94,3110.96,26.04,16.47,49.26
"WASouth","Esperance",120.841262817383,-33.8698654174805,0.6,1.7,2.64,1158.94,458.89,4071.23,59.73,33.87,130.96
"WASouth","Esperance",120.897163391113,-33.8647308349609,0.6,1.71,2.84,661.88,279.94,2134.03,57.13,32.67,123.65
"WASouth","Esperance",120.947532653809,-33.8675231933594,0.6,1.72,2.7,532.54,234.16,1620.81,54.68,31.53,116.87
"WASouth","Esperance",120.997116088867,-33.8714256286621,0.6,1.72,2.61,593.78,257.34,1843.16,61.13,34.74,133.25
"WASouth","Esperance",121.051406860352,-33.8629264831543,0.6,1.71,2.43,784.87,326.33,2583.37,91.37,49.34,213.3
"WASouth","Esperance",121.09969329834,-33.8558502197266,0.6,1.71,2.48,721.15,302.64,2345.96,75.08,41.78,167.81
"WASouth","Esperance",121.158401489258,-33.8698081970215,0.6,1.72,2.12,592.81,255.11,1864.37,185.57,91.58,488.54
"WASouth","Esperance",121.199333190918,-33.857551574707,0.6,1.69,2.72,1308.13,504.77,4782.04,72.72,40.72,161.06
"WASouth","Esperance",121.49040222168,-33.8397407531738,0.6,1.7,2.59,1002.25,400.83,3488.87,104.17,55.6,246.28
"WASouth","Esperance",121.509407043457,-33.8433074951172,0.6,1.7,2.7,1204.7,470.33,4332.66,51.34,30.21,106.05
"WASouth","Esperance",121.590721130371,-33.8551177978516,0.6,1.72,2,502.15,219.01,1557.35,153.18,80.72,361.79
"WASouth","Esperance",121.952407836914,-33.8378562927246,0.6,1.72,2.01,585.37,250.51,1861.54,159.44,82.44,388.82
"WASouth","Esperance",122.021957397461,-33.846851348877,0.6,1.72,1.99,497.99,217.13,1546.15,160.78,82.54,397.03
"WASouth","Esperance",122.052398681641,-33.8732948303223,0.6,1.73,2.08,451.69,199.19,1382.01,489.53,216.03,1487.92
"WASouth","Esperance",123.628372192383,-33.8802452087402,0.6,1.69,2.32,1684.74,638.36,6266.83,289.34,137.66,791.77
"WASouth","Esperance",123.665222167969,-33.847297668457,0.6,1.68,3.47,2017.67,742.81,7823.38,19.22,12.86,33.42
"SA","Elliston",135.132369995117,-33.8521461486816,0.6,2.2,2.83,126.56,66.54,303.72,88.31,48.23,202.23
"SA","Franklin Harbour",136.682769775391,-33.8711814880371,0.6,2.35,2.92,460.73,204.95,1385.26,83.67,46.06,189.49
"SA","Franklin Harbour",136.719573974609,-33.8524932861328,0.6,2.35,2.69,447.06,199.26,1342.03,41.67,25.69,80.09
"SA","Copper Coast",137.596405029297,-33.8713722229004,0.6,2.44,2.86,86.06,47.6,192.86,33.36,20.93,62.95
"WASouth","Augusta Margaret River",114.987022399902,-33.829517364502,0.6,1.7,2.77,600.79,274.1,1699.45,58.16,33.22,126.02
"WASouth","Esperance",121.280387878418,-33.843448638916,0.6,1.72,2.61,562.43,246.69,1713.66,57.05,32.75,122.56
"WASouth","Esperance",121.314628601074,-33.8270721435547,0.6,1.72,1.97,630.22,271.46,1970.97,182.73,93.38,451.5
"WASouth","Esperance",121.366172790527,-33.8207740783691,0.6,1.7,2.44,965.42,388.59,3329.01,100.83,53.87,238.48
"WASouth","Esperance",121.41983795166,-33.8288307189941,0.6,1.7,2.45,937.13,378.03,3224.53,233.29,113.51,620.98
"WASouth","Esperance",123.736099243164,-33.8149719238281,0.6,1.68,3.28,1945,723.11,7424.23,21.96,14.42,39.11
"SA","Elliston",135.083557128906,-33.8100700378418,0.6,2.19,2.9,141.02,73.12,344.8,69.94,39.38,153.67
"SA","Franklin Harbour",136.784591674805,-33.8199996948242,0.6,2.36,3.12,346.29,160.34,984.89,62.34,35.37,136.12
"SA","Franklin Harbour",136.845489501953,-33.804817199707,0.6,2.36,3.29,347.87,160.76,992.62,13.75,9.97,21.06
"SA","Copper Coast",137.638153076172,-33.8278846740723,0.6,2.44,2.72,79.07,44.26,174.18,43.09,26.23,84.55
"WASouth","Busselton",114.985389709473,-33.7757682800293,0.6,1.69,2.43,731.16,324.75,2145.61,344.88,159.31,985.49
"WASouth","Esperance",123.750137329102,-33.7754058837891,0.6,1.68,3.6,2784.16,994.43,11183.67,17.81,12.02,30.6
"SA","Elliston",135.027328491211,-33.7490158081055,0.6,2.2,3.26,132.31,68.98,321.63,13.55,9.84,20.7
"SA","Copper Coast",137.661575317383,-33.8095550537109,0.6,2.45,2.49,72.49,41.11,156.77,58.02,34.16,118.82
"NSW","Northern Beaches",151.298721313477,-33.7817840576172,0.6,1.93,2.43,5077.3,1745.76,21087.64,97.29,52.47,226.56
"WASouth","Busselton",114.974868774414,-33.7236289978027,0.6,1.69,2.4,794.52,352.8,2322.47,283.39,135.18,772.82
"WASouth","Esperance",123.760238647461,-33.7437705993652,0.6,1.68,3.65,2836.03,1012.28,11392.91,17.54,11.84,30.11
"SA","Elliston",134.969116210938,-33.7140197753906,0.6,2.19,3.1,148.4,76.23,367.98,45.46,27.04,92.83
"SA","Franklin Harbour",136.948928833008,-33.7289352416992,0.6,2.39,3.17,198.62,98.35,517.27,42.85,25.89,85.28
"SA","Franklin Harbour",136.99674987793,-33.7267532348633,0.6,2.39,3.09,204.63,102.34,522.23,35.61,22.3,67.13
"SA","Franklin Harbour",137.026382446289,-33.7231864929199,0.6,2.39,3.16,209.02,103.56,541.97,31.09,19.88,56.92
"SA","Franklin Harbour",137.09440612793,-33.7078552246094,0.6,2.4,3.14,165.49,84.74,409.95,31.76,20.18,58.76
"SA","Franklin Harbour",137.143447875977,-33.7029075622559,0.6,2.41,3.37,140.53,73.54,337.97,12.24,9.03,18.28
"SA","Barunga West",137.72705078125,-33.7447700500488,0.6,2.47,2.42,57.45,33.73,118.32,67.68,38.67,145
"NSW","Northern Beaches",151.316345214844,-33.7400131225586,0.6,1.93,2.57,4549.8,1586.37,18546.48,48.48,28.56,100.32
"WASouth","Busselton",114.971221923828,-33.6970252990723,0.6,1.7,2.39,483.6,227.48,1311.44,238.82,115.83,638.51
"WASouth","Esperance",123.784126281738,-33.6931953430176,0.6,1.68,3.69,2693.56,976.02,10561.43,17.69,11.95,30.36
"SA","Elliston",134.905166625977,-33.6764717102051,0.6,2.19,3.19,152.08,77.76,379.78,28.45,18.36,51.48
"SA","Franklin Harbour",137.193161010742,-33.6765327453613,0.6,2.41,3.4,135.32,70.57,328.24,12.55,9.23,18.83
"SA","Barunga West",137.754730224609,-33.7102966308594,0.6,2.47,2.72,52.14,31.18,104.49,23.41,15.52,40.82
"NSW","Northern Beaches",151.322494506836,-33.6744499206543,0.6,1.94,2.48,5283.04,1806.95,22099.99,50.33,29.41,105.52
"WASouth","Busselton",114.992866516113,-33.6648063659668,0.6,1.71,2.32,443.05,209.99,1191.13,272.09,127.45,769.62
"WASouth","Esperance",123.83927154541,-33.6523323059082,0.6,1.68,2.23,2340.93,863.4,8963.91,261.27,122.86,735.62
"WASouth","Esperance",123.876846313477,-33.6351661682129,0.6,1.68,3.07,2081.99,781.74,7772.75,29.65,19.06,53.93
"SA","Franklin Harbour",137.219360351562,-33.6563186645508,0.6,2.41,3.46,135.3,70.33,330.24,13.47,9.79,20.54
"SA","Barunga West",137.806015014648,-33.665843963623,0.6,2.48,2.67,47.11,28.66,92.08,23.98,15.84,42.04
"NSW","Northern Beaches",151.336761474609,-33.6438484191895,0.6,1.94,2.98,5254.83,1798.65,21959.12,27.49,17.75,49.82
"WASouth","Busselton",115.012512207031,-33.5945281982422,0.6,1.69,2.95,655.21,298.14,1853.52,16.58,11.44,27.46
"WASouth","Busselton",115.151664733887,-33.6266975402832,0.6,1.74,2.93,186.08,99.11,426.74,14.94,10.49,24.14
"WASouth","Busselton",115.188926696777,-33.6407012939453,0.6,1.75,3.11,156.7,85.08,350.6,11.92,8.62,18.45
"WASouth","Busselton",115.269371032715,-33.6505737304688,0.6,1.76,3.28,141.48,77.39,314.11,9.99,7.39,15.01
"WASouth","Busselton",115.340866088867,-33.6405715942383,0.6,1.76,3.28,135.21,73.98,300.8,9.73,7.22,14.55
"WASouth","Busselton",115.384063720703,-33.627025604248,0.6,1.76,2.27,144.03,77.7,327.39,167.49,83.9,431.81
"WASouth","Esperance",123.928314208984,-33.5916633605957,0.6,1.68,3.25,1975.89,753.93,7187.96,19.15,12.86,33.07
"SA","Elliston",134.83757019043,-33.6056938171387,0.6,2.2,3.09,123.68,64.62,300.75,31.74,20.2,58.52
"SA","Franklin Harbour",137.260025024414,-33.6035957336426,0.6,2.43,3.41,100.95,54.72,232.38,17.5,12.22,28.27
"SA","Barunga West",137.861618041992,-33.6160011291504,0.6,2.49,2.55,42.24,26.16,80.48,25.06,16.48,44.18
"NSW","Northern Beaches",151.343338012695,-33.6173553466797,0.6,1.94,2.88,5261.5,1799.16,22024.11,27.63,17.72,50.67
"WASouth","Busselton",115.001991271973,-33.5661087036133,0.6,1.68,2.32,1063.04,439.51,3470.34,55.5,32.35,116.09
"WASouth","Busselton",115.089622497559,-33.5697364807129,0.6,1.72,3.3,297.03,149.63,732.97,10.39,7.6,15.91
"WASouth","Busselton",115.447860717773,-33.5788192749023,0.6,1.75,1.97,154.77,82.33,359.23,579.61,254.84,1755.1
"WASouth","Esperance",123.98070526123,-33.5565719604492,0.6,1.68,3.26,2611.31,966.03,9881.67,12.76,9.11,20.19
"SA","Elliston",134.845581054688,-33.563663482666,0.6,2.2,3.08,126.5,65.64,311.18,33.11,20.87,61.98
"SA","Franklin Harbour",137.272903442383,-33.5749588012695,0.6,2.43,3.28,91.48,50.32,206.25,25,16.53,43.61
"SA","Barunga West",137.894073486328,-33.5795211791992,0.6,3.16,3.1,39.76,24.81,74.95,40.97,25.38,78.1
"NSW","Central Coast (NSW)",151.353622436523,-33.5448226928711,0.6,1.94,2.76,5116.21,1751.76,21399.83,36.99,22.71,72.18
"WASouth","Busselton",115.005264282227,-33.5277900695801,0.6,1.68,2.4,1026.71,442.4,3121.42,51.68,30.6,105.54
"WASouth","Busselton",115.056182861328,-33.5393142700195,0.6,1.71,3.3,373.86,183.27,956.06,10.29,7.54,15.75
"WASouth","Capel",115.485954284668,-33.5348243713379,0.6,1.76,2.22,147.23,78.8,338.95,367.94,164.44,1113.44
"WASouth","Esperance",123.98902130127,-33.5160102844238,0.6,1.68,3.14,2570.15,963.15,9513.07,15.21,10.56,25
"SA","Elliston",134.854598999023,-33.5280914306641,0.6,2.2,3.12,116.51,61.05,282.99,35.1,21.9,66.71
"SA","Franklin Harbour",137.299240112305,-33.5179252624512,0.6,2.44,3.27,80.1,44.89,175.97,26.73,17.41,47.74
"SA","Barunga West",137.930084228516,-33.5152359008789,0.6,3.17,3.18,34.79,22.2,63.48,28.44,18.42,51.12
"NSW","Central Coast (NSW)",151.421768188477,-33.517707824707,0.6,1.94,3.19,5305.18,1808.21,22325.37,11.49,8.28,17.98
"WASouth","Capel",115.542381286621,-33.4798927307129,0.6,1.76,2.01,134,72.51,304.13,554.85,242.56,1702.32
"WASouth","Esperance",123.998306274414,-33.4730606079102,0.6,1.68,3.25,2485.69,936.84,9124.41,13.23,9.37,21.22
"SA","Elliston",134.85090637207,-33.4759483337402,0.6,2.23,3,83.53,45.69,191.47,41.62,25.47,81.09
"SA","Franklin Harbour",137.316253662109,-33.4741325378418,0.6,2.95,3.74,76.3,43.03,166.18,29.69,19,54.41
"SA","Barunga West",137.905914306641,-33.4793663024902,0.6,3.17,3.12,35.52,22.63,64.96,25.62,16.81,45.28
"NSW","Central Coast (NSW)",151.447479248047,-33.477481842041,0.6,1.94,3.2,5255.42,1789.98,22155.77,11.36,8.2,17.74
"WASouth","Capel",115.56462097168,-33.4566841125488,0.6,1.77,1.89,124.3,67.92,278.49,869,363.36,2812.9
"WASouth","Esperance",124.001518249512,-33.4332008361816,0.6,1.67,3.22,3044.54,1116.3,11604.88,13.91,9.77,22.55
"SA","Elliston",134.839385986328,-33.4370346069336,0.6,2.22,3.04,95.67,51.36,225.07,46.89,28.18,93.72
"SA","Franklin Harbour",137.363555908203,-33.4304351806641,0.6,2.95,3.68,73.41,41.67,158.37,37.38,22.86,73.43
"SA","Port Pirie",137.885498046875,-33.4337196350098,0.6,3.17,3.35,35.98,22.88,65.92,21.53,14.42,37.03
"NSW","Central Coast (NSW)",151.46369934082,-33.4218559265137,0.6,1.94,3.16,5270.73,1792.89,22267.77,12.81,9.09,20.47
"WASouth","Capel",115.598304748535,-33.3883094787598,0.6,1.77,1.9,117.32,64.99,257.29,1159.66,460.84,4046.51
"WASouth","Esperance",124.031120300293,-33.369686126709,0.6,1.67,3.2,3033.23,1109.04,11622.16,14.93,10.37,24.56
"SA","Elliston",134.814239501953,-33.3729438781738,0.6,2.53,3.42,137.55,70.26,346.51,50.33,30.01,101.59
"SA","Franklin Harbour",137.388092041016,-33.3740463256836,0.6,2.96,3.61,65.85,38.09,138.23,41.56,25.01,83.56
"SA","Port Pirie",137.862121582031,-33.3922424316406,0.6,3.16,3.1,39.5,24.78,73.74,27.85,18.12,49.73
"NSW","Central Coast (NSW)",151.485321044922,-33.3851432800293,0.6,1.94,3.16,4874.38,1674.42,20325.22,12.83,9.11,20.51
"WASouth","Bunbury",115.611457824707,-33.3525466918945,0.6,1.77,2.01,112.56,62.9,243.62,868.7,348.94,3028.05
"WASouth","Esperance",124.039123535156,-33.342414855957,0.6,1.67,3.19,3386.49,1220.46,13231.83,15.6,10.77,25.9
"SA","Elliston",134.80207824707,-33.3401069641113,0.6,2.53,3.39,117.65,61.35,288.12,51.51,30.67,104.09
"SA","Franklin Harbour",137.386566162109,-33.3469276428223,0.6,2.96,3.61,63.29,36.82,131.72,42.14,25.33,84.81
"SA","Port Pirie",137.850677490234,-33.3456192016602,0.6,3.16,2.86,41.24,25.72,77.68,19.45,13.07,33.48
"NSW","Central Coast (NSW)",151.480850219727,-33.3466758728027,0.6,1.94,2.83,5950.97,1889.04,28296.81,510.88,220.93,1607.79
"WASouth","Esperance",124.060096740723,-33.3062896728516,0.6,1.67,3.71,3474.67,1247.8,13642.64,10.89,7.92,16.84
"SA","Elliston",134.750427246094,-33.2929801940918,0.6,2.52,3.36,141.63,71.91,360.09,55.6,32.82,113.61
"SA","Whyalla",137.401565551758,-33.2910270690918,0.6,2.97,3.53,57.99,34.22,118.29,49.98,29.64,101.98
"SA","Port Pirie",137.810272216797,-33.2857513427734,0.6,3.15,2.99,44.11,27.14,84.72,18.33,12.34,31.58
"NSW","Central Coast (NSW)",151.470977783203,-33.2974815368652,0.6,1.95,3.42,4176.35,1387.52,18677.23,21.04,13.99,36.75
"WASouth","Harvey",115.675010681152,-33.2608871459961,0.6,1.77,2.13,118.01,65.38,258.7,423.97,185.12,1327.46
"WASouth","Esperance",124.076385498047,-33.2642440795898,0.6,1.67,3.79,3784.88,1341.29,15143.42,11.56,8.34,18.04
"SA","Streaky Bay",134.629516601562,-33.2479209899902,0.6,2.51,4.09,193.43,94.13,521.34,12.19,8.72,19.27
"SA","Elliston",134.684005737305,-33.254810333252,0.6,2.51,3.41,178.85,87.97,475.07,53.79,31.88,109.35
"SA","Whyalla",137.418273925781,-33.2557182312012,0.6,2.97,3.53,55.6,33.04,112.22,49.71,29.47,101.51
"SA","Port Pirie",137.807678222656,-33.2593383789062,0.6,3.15,3.07,45.68,28,88.23,15.12,10.46,25.1
"NSW","Central Coast (NSW)",151.495315551758,-33.2661018371582,0.6,1.95,2.77,2996.06,1052.39,12351.66,33.01,20.58,63.07
"NSW","Central Coast (NSW)",151.523056030273,-33.2580947875977,0.6,1.96,3.67,2493,850.54,10987.15,23.43,15.61,40.48
"NSW","Central Coast (NSW)",151.566528320312,-33.2575988769531,0.6,1.94,2.8,5013.56,1719.7,20927.25,20.98,13.96,36.63
"WASouth","Harvey",115.679985046387,-33.2147789001465,0.6,1.76,1.9,131.42,71.68,294.46,3908.73,1235.44,19290.51
"WASouth","Esperance",124.094741821289,-33.2096214294434,0.6,1.67,3.7,3930.98,1383.56,15887.5,12.5,8.93,19.81
"SA","Streaky Bay",134.545349121094,-33.1910858154297,0.6,2.51,4.05,195.1,94.7,528.09,13.55,9.58,21.74
"SA","Streaky Bay",134.581817626953,-33.2057342529297,0.6,2.51,3.41,187.19,91.33,503.24,54.78,32.37,111.81
"SA","Whyalla",137.442199707031,-33.2197113037109,0.6,2.97,3.54,54.81,32.66,110.16,47.93,28.58,97.06
"SA","Port Pirie",137.821151733398,-33.226146697998,0.6,3.15,3.34,46.82,28.58,90.9,19.88,13.46,33.71
"NSW","Central Coast (NSW)",151.619323730469,-33.2048263549805,0.6,1.88,2.79,5203.27,1774.08,21907.16,20.63,13.76,35.88
"WASouth","Harvey",115.676567077637,-33.1664352416992,0.6,1.75,1.95,151.26,81.15,346.23,3003.52,967.3,14585.27
"WASouth","Esperance",124.107475280762,-33.1698188781738,0.6,1.67,3.79,3968.68,1392.3,16124.61,12.79,9.09,20.39
"SA","Streaky Bay",134.309631347656,-33.1851959228516,0.6,2.51,3.48,202.66,98.09,550.02,28.56,18.11,53.36
"SA","Streaky Bay",134.364837646484,-33.1700668334961,0.6,2.51,3.07,202.61,97.28,558.33,57.79,33.37,122.74
"SA","Streaky Bay",134.414978027344,-33.1612815856934,0.6,2.5,3.26,206.05,99.22,564.02,41.95,25.26,84.2
"SA","Streaky Bay",134.478668212891,-33.1595458984375,0.6,2.51,3.48,200.44,96.87,545.93,50.3,30.11,100.84
"SA","Whyalla",137.450042724609,-33.1701965332031,0.6,2.98,3.58,51.15,30.81,101.25,44.03,26.64,87.25
"SA","Port Pirie",137.850769042969,-33.1842231750488,0.6,3.15,3.64,45.64,28.01,87.96,44.31,26.78,88
"SA","Port Pirie",137.893035888672,-33.1661376953125,0.6,3.14,3.62,47.12,28.82,91.16,43.92,26.55,87.22
"SA","Port Pirie",137.92903137207,-33.1640663146973,0.6,3.15,2.81,45.49,27.93,87.59,37.81,23.75,70.63
"NSW","Lake Macquarie",151.640899658203,-33.1763343811035,0.6,1.88,2.8,5295.18,1800.8,22374.25,20.45,13.66,35.5
"WASouth","Harvey",115.681144714355,-33.1313514709473,0.6,1.75,1.99,163.76,86.64,382.62,1762.51,612.53,7693.52
"WASouth","Esperance",124.141700744629,-33.1211471557617,0.6,1.67,3.48,3632.9,1287.1,14576.13,15.04,10.38,25.06
"SA","Streaky Bay",134.260528564453,-33.1256637573242,0.6,2.54,3.42,102.07,53.86,246.93,47.62,28.77,94.19
"SA","Whyalla",137.474792480469,-33.1270484924316,0.6,2.98,3.41,51.48,30.95,102.18,42.7,26.23,82.47
"SA","Whyalla",137.517532348633,-33.113525390625,0.6,2.98,2.79,49.69,30.06,97.78,38.74,24.31,72.42
"NSW","Lake Macquarie",151.655502319336,-33.1222267150879,0.6,1.88,3.05,4927.25,1696.82,20441.8,15.47,10.75,25.37
"WASouth","Harvey",115.677635192871,-33.08251953125,0.6,1.74,2.06,195.55,100.89,473.1,840.04,328.35,3091.35
"WASouth","Esperance",124.195610046387,-33.0619583129883,0.6,1.67,3.13,3391.16,1210.68,13474.1,23.94,15.48,43.66
"SA","Streaky Bay",134.238632202148,-33.0751266479492,0.6,2.51,3.02,194.74,94.45,528.01,26.94,17.18,50
"SA","Streaky Bay",134.266143798828,-33.0796089172363,0.6,2.49,4.13,308.66,146.51,844.85,43.82,26.81,85.11
"SA","Unincorporated SA",137.564193725586,-33.0747947692871,0.6,2.99,3.57,47.31,28.82,92.21,39.52,24.3,76.6
"SA","Mount Remarkable",138.025192260742,-33.0680351257324,0.6,3.15,2.7,46.78,28.54,90.96,46.09,28.27,88.84
"NSW","Lake Macquarie",151.668395996094,-33.088306427002,0.6,1.88,3.03,5940.66,1987.49,25679.09,15.85,10.96,26.22
"WASouth","Harvey",115.671043395996,-33.0336990356445,0.6,1.74,2.09,217.39,110.58,536.13,551.92,227.44,1893.29
"WASouth","Esperance",124.212295532227,-33.0435600280762,0.6,1.68,1.95,2140.2,802.85,7990.46,1047.21,408.06,3815.62
"WASouth","Dundas",124.258407592773,-33.0132904052734,0.6,1.68,3.18,2919,1060.26,11341.93,22.76,14.84,41.02
"SA","Streaky Bay",134.156143188477,-33.0373878479004,0.6,2.51,3.7,183.8,89.51,496.58,39.39,24.38,75.38
"SA","Whyalla",137.719528198242,-32.996898651123,0.6,2.99,3.43,45.98,28.14,89.02,39.44,24.39,75.59
"SA","Whyalla",137.738174438477,-32.996997833252,0.6,2.99,3.48,46.31,28.31,89.75,39.94,24.53,77.51
"SA","Mount Remarkable",138.005615234375,-33.0324020385742,0.6,3.14,3.06,47.63,28.97,93,26.33,17.16,47.03
"NSW","Lake Macquarie",151.689636230469,-33.0369644165039,0.6,1.88,3.07,5517.51,1869.15,23421.19,23.9,15.71,42.27
"NSW","Lake Macquarie",151.726165771484,-33.0187072753906,0.6,1.88,3.06,5170.37,1767.19,21681.58,15.49,10.73,25.54
"WASouth","Harvey",115.667030334473,-32.9907722473145,0.6,1.46,1.84,240.91,120.58,607.97,408.24,181.26,1241.7
"WASouth","Dundas",124.308197021484,-32.9843902587891,0.6,1.68,2.07,2729.49,999.8,10487.26,301.09,141.06,845.51
"WASouth","Dundas",124.355827331543,-32.9667816162109,0.6,1.68,3.04,2418.92,898.79,9122.09,21.47,14.11,38.3
"SA","Streaky Bay",134.16569519043,-33.0062026977539,0.6,2.52,3.72,158.28,78.65,415.96,40.26,24.69,78.24
"SA","Mount Remarkable",137.944869995117,-32.9926071166992,0.6,3.14,2.82,47.62,29.01,92.77,35.37,22.46,65.06
"NSW","Newcastle",151.755249023438,-32.9575996398926,0.6,1.88,3.04,5581.57,1888.44,23731.51,16.73,11.43,28.18
"WASouth","Harvey",115.652122497559,-32.9409255981445,0.6,1.45,1.98,287.38,140.89,745.08,162.48,81.74,416.35
"WASouth","Dundas",124.42024230957,-32.9471321105957,0.6,1.68,2.08,2207.29,828.77,8212.67,279.37,132.23,773.58
"WASouth","Dundas",124.475952148438,-32.9387512207031,0.6,1.68,2.04,2165.51,816.18,8011.09,341.52,157.35,981.14
"WASouth","Dundas",124.519393920898,-32.935474395752,0.6,1.68,2.1,2064.93,782.52,7585.58,233.58,112.74,631.17
"WASouth","Dundas",124.575134277344,-32.9283485412598,0.6,1.68,2.75,2008.48,762.8,7361.04,52.94,29.83,118.59
"WASouth","Dundas",124.627891540527,-32.9224433898926,0.6,1.68,2.76,1971.85,749.47,7224.46,52.78,29.79,117.89
"WASouth","Dundas",124.666984558105,-32.9171752929688,0.6,1.68,2.77,2023.38,765.66,7461.32,53.41,30.12,119.42
"WASouth","Dundas",124.72811126709,-32.9045333862305,0.6,1.68,3.06,1954.52,741.42,7190.17,26.82,17.06,50.04
"SA","Streaky Bay",134.147842407227,-32.9440498352051,0.6,2.51,3.55,179.99,87.5,488.63,51.39,30.72,103.08
"SA","Whyalla",137.792358398438,-32.912654876709,0.6,2.99,3.27,47.23,28.86,91.54,49.31,29.46,99.3
"SA","Mount Remarkable",137.931793212891,-32.945686340332,0.6,3.15,2.91,46.65,28.52,90.37,30.57,19.71,55.18
"NSW","Newcastle",151.778686523438,-32.9410057067871,0.6,1.88,3.8,6068.46,2028.47,26240.97,8.41,6.33,12.36
"WASouth","Waroona",115.648643493652,-32.900691986084,0.6,1.45,2.6,310.86,150.7,818.65,56.1,31.35,127.16
"WASouth","Dundas",124.776504516602,-32.8932876586914,0.6,1.68,2.81,2081.33,782.69,7748.91,53.17,30,118.79
"WASouth","Dundas",124.827789306641,-32.8737030029297,0.6,1.68,3.4,2343.48,866.78,8927.49,19.08,12.78,33.05
"SA","Streaky Bay",134.106796264648,-32.9153175354004,0.6,2.52,3.49,146.29,73.04,383.16,50.98,30.6,101.61
"SA","Whyalla",137.802703857422,-32.8964157104492,0.6,2.99,3.29,46.89,28.68,90.76,47.95,28.81,95.77
"SA","Mount Remarkable",137.92333984375,-32.8952827453613,0.6,3.15,3.91,46.78,28.6,90.61,8.49,6.4,12.5
"WASouth","Waroona",115.629905700684,-32.8495674133301,0.6,1.44,2.57,364.45,173.35,984.07,61.82,34.15,142.24
"WASouth","Dundas",124.886604309082,-32.8456764221191,0.6,1.68,3.86,2696.02,978.17,10545.89,9.5,7.02,14.34
"SA","Streaky Bay",134.102554321289,-32.8653297424316,0.6,2.51,3.59,181.97,89.25,485.27,49.58,29.86,98.35
"SA","Whyalla",137.811965942383,-32.8540534973145,0.6,2.99,3.25,45.44,27.92,87.36,48.27,29.07,95.95
"SA","Mount Remarkable",137.904113769531,-32.858211517334,0.6,2.99,2.97,46.43,28.44,89.7,22.05,14.6,38.64
"NSW","Port Stephens",151.845993041992,-32.8574409484863,0.6,1.88,3.13,5484.19,1857.42,23297.49,18.64,12.64,31.64
"NSW","Port Stephens",151.886505126953,-32.8415222167969,0.6,1.88,2.62,5456.3,1852.57,23083.22,40.32,25.08,76.39
"NSW","Port Stephens",151.931243896484,-32.826171875,0.6,1.88,3.83,5567.3,1884.91,23645.28,8.8,6.59,13.07
"WASouth","Waroona",115.620826721191,-32.8227729797363,0.6,1.43,2.42,418.63,195.92,1154.54,85.71,45.4,208.62
"WASouth","Dundas",124.93709564209,-32.7966690063477,0.6,1.67,3.06,3013.51,1078.1,12011.59,24.43,15.73,44.83
"SA","Streaky Bay",134.122131347656,-32.8045616149902,0.6,2.51,3.59,170.15,83.53,455.24,48.41,29.25,95.61
"SA","Whyalla",137.813766479492,-32.8274917602539,0.6,2.99,3.26,45.11,27.76,86.52,47.01,28.42,92.97
"SA","Mount Remarkable",137.896591186523,-32.8130378723145,0.6,2.99,2.57,45.36,27.88,87.2,28.92,18.72,51.98
"NSW","Port Stephens",151.995193481445,-32.8015251159668,0.6,1.94,2.8,5364.29,1824.76,22639.49,25.06,16.48,44.15
"NSW","Port Stephens",152.049957275391,-32.7904014587402,0.6,1.94,2.83,5612.54,1898.22,23871.58,24.11,16,41.92
"NSW","Port Stephens",152.105438232422,-32.7936248779297,0.6,1.94,3.06,6164,2054.48,26768.1,20.99,13.85,37.18
"WASouth","Mandurah",115.612747192383,-32.7587585449219,0.6,1.43,2.56,468.45,216.72,1310.47,61.9,34.37,141.01
"WASouth","Dundas",124.992477416992,-32.7677345275879,0.6,1.67,2.67,3059.07,1092.77,12215.11,71.16,38.57,168.04
"WASouth","Dundas",125.016464233398,-32.7507400512695,0.6,1.67,2.85,3034.15,1085.36,12091.5,53.06,30.05,117.7
"WASouth","Dundas",125.090019226074,-32.7265357971191,0.6,1.67,3.03,3125.13,1114.6,12498.81,27.02,17.19,50.37
"SA","Streaky Bay",134.071029663086,-32.7439575195312,0.6,2.51,3.63,182.71,88.88,494.85,44.97,27.45,87.56
"SA","Whyalla",137.80729675293,-32.7693710327148,0.6,2.99,3.23,43.98,27.18,83.85,47.14,28.49,93.22
"SA","Port Augusta",137.890808105469,-32.7710227966309,0.6,3,2.62,42.92,26.6,81.54,22.65,15.13,39.04
"NSW","Port Stephens",152.155685424805,-32.7658233642578,0.6,1.94,3.04,5474.59,1854.62,23248.95,22.55,14.72,40.54
"WASouth","Mandurah",115.607124328613,-32.7169036865234,0.6,1.42,2.66,604.92,271.03,1766.19,56.61,31.77,127.18
"WASouth","Dundas",125.125335693359,-32.7073822021484,0.6,1.67,3.2,3153.98,1123.19,12641.97,22.48,14.67,40.49
"SA","Streaky Bay",134.058029174805,-32.7256622314453,0.6,2.52,3.66,166.4,81.49,448.03,42.84,26.28,82.94
"SA","Port Augusta",137.792068481445,-32.7212753295898,0.6,3,2.83,40.07,25.11,74.94,20.68,13.65,36.64
"WASouth","Mandurah",115.599494934082,-32.6866264343262,0.6,1.42,2.67,562.39,255.38,1609.77,57.05,32.02,128.01
"WASouth","Dundas",125.198837280273,-32.6661796569824,0.6,1.67,3.05,3209.83,1139.96,12916.01,27.69,17.44,52.56
"SA","Streaky Bay",134.09358215332,-32.7097091674805,0.6,2.53,3.55,124.35,63.39,316.74,19.91,13.19,35.14
"SA","Streaky Bay",134.139633178711,-32.713020324707,0.6,2.55,3.5,90.25,48.19,215.37,18.56,12.43,32.25
"SA","Streaky Bay",134.258987426758,-32.6792335510254,0.6,2.58,3.51,63.67,35.9,140.48,40.6,25.06,77.94
"SA","Port Augusta",137.763793945312,-32.6859321594238,0.6,3,3.25,39.58,24.82,74,40.31,24.85,77.66
"SA","Port Augusta",137.844696044922,-32.6832084655762,0.6,3.01,2.5,38.6,24.29,71.83,26.01,17.33,44.7
"NSW","Mid-Coast",152.217864990234,-32.6861267089844,0.6,1.94,3.07,6079.43,2034,26242.83,19.26,12.84,33.65
"WASouth","Mandurah",115.612724304199,-32.6398010253906,0.6,1.44,2.77,675.54,298,2015.27,52.56,29.85,116.03
"WASouth","Dundas",125.261291503906,-32.639404296875,0.6,1.67,2.84,3180.88,1131.95,12759.99,52.31,29.78,114.99
"WASouth","Dundas",125.299919128418,-32.6206016540527,0.6,1.67,2.92,3031.9,1086.81,12037.61,44.74,26.1,94.97
"WASouth","Dundas",125.356552124023,-32.6046524047852,0.6,1.67,2.92,3058.29,1096.68,12128.01,37.88,22.86,76.22
"WASouth","Dundas",125.411148071289,-32.5926475524902,0.6,1.67,2.94,3090.04,1108.6,12235.8,33.57,20.78,64.96
"WASouth","Dundas",125.445678710938,-32.5863265991211,0.6,1.67,4.01,3078.51,1105.59,12170.5,11.22,8.04,17.81
"SA","Streaky Bay",134.27360534668,-32.6319274902344,0.6,2.58,3.55,64,36.05,141.42,37.53,23.39,71.16
"SA","Port Augusta",137.836624145508,-32.6410903930664,0.6,3.01,2.41,39.12,24.54,73.08,33.59,21.58,60.69
"NSW","Mid-Coast",152.209411621094,-32.6361770629883,0.6,1.94,2.83,6156.3,2052.05,26733.21,24.99,16.58,43.34
"NSW","Mid-Coast",152.243713378906,-32.6129608154297,0.6,1.94,2.94,6171.68,2055.12,26844.14,20.07,13.35,35.14
"WASouth","Mandurah",115.633392333984,-32.5939178466797,0.6,1.57,2.92,442.24,202.63,1262.98,25.33,16.58,44.98
"WASouth","Dundas",125.525924682617,-32.5580215454102,0.6,1.67,4.2,3043.69,1096.79,11967.65,9.06,6.72,13.65
"SA","Streaky Bay",134.260116577148,-32.5783805847168,0.6,2.57,2.69,68.4,38.14,153.38,37.55,23.94,68.34
"NSW","Mid-Coast",152.320205688477,-32.6055908203125,0.6,1.94,2.82,6526.04,2159.13,28624.27,25.91,16.65,47.55
"WASouth","Mandurah",115.670928955078,-32.5409622192383,0.6,1.4,2.76,648.18,288.05,1912.84,25.97,16.92,46.46
"WASouth","Dundas",125.567039489746,-32.530704498291,0.6,1.67,3.06,3166.05,1136.8,12500.61,30.31,19.08,57.21
"SA","Ceduna",133.895065307617,-32.5452919006348,0.6,2.5,4.7,252.54,116.93,734.14,10.56,7.67,16.38
"SA","Ceduna",133.908020019531,-32.5220603942871,0.6,2.5,4.53,206.01,97.68,580.96,9.09,6.75,13.69
"SA","Streaky Bay",134.228332519531,-32.5367660522461,0.6,2.56,2.78,74.33,40.91,169.85,25.35,16.98,43.22
"NSW","Mid-Coast",152.313705444336,-32.5493583679199,0.6,1.94,2.87,6484.08,2143.6,28489.74,20.3,13.93,33.54
"NSW","Mid-Coast",152.340133666992,-32.5278701782227,0.6,1.94,2.83,6433.84,2129.98,28210.63,25.2,16.26,46.02
"WASouth","Mandurah",115.695930480957,-32.521125793457,0.6,1.4,2.7,647.42,286.93,1919.97,28.8,18.43,52.9
"WASouth","Dundas",125.627700805664,-32.4908752441406,0.6,1.67,2.8,3063.52,1105.27,12015.08,32.62,20.46,61.67
"WASouth","Dundas",125.654495239258,-32.473217010498,0.6,1.67,2.79,2983.46,1080.8,11633.01,34.92,21.39,68.69
"SA","Ceduna",133.845886230469,-32.5071868896484,0.6,2.53,3.81,131.98,66.77,339.62,18.53,12.5,31.79
"SA","Ceduna",133.997283935547,-32.5039138793945,0.6,2.52,4.31,166.29,81.16,450.72,10.4,7.63,15.86
"SA","Ceduna",134.070877075195,-32.4695320129395,0.6,2.54,4.29,115.79,59.54,291.59,9.76,7.22,14.7
"SA","Ceduna",134.090408325195,-32.47021484375,0.6,2.54,3.89,108.74,56.43,270.34,12.43,8.89,19.62
"SA","Streaky Bay",134.175994873047,-32.4855194091797,0.6,2.55,3.12,88.43,47.36,210.13,13.98,10.03,21.81
"NSW","Mid-Coast",152.412338256836,-32.4907112121582,0.6,1.94,3.13,6316.65,2096.17,27607.84,13.4,9.66,20.76
"NSW","Mid-Coast",152.456039428711,-32.4739952087402,0.6,1.68,3.18,6267.91,2086.42,27256.09,13.17,9.25,21.41
"WASouth","Mandurah",115.740791320801,-32.4680099487305,0.6,1.4,2.69,710.47,307.98,2180.6,29.37,18.72,54.28
"WASouth","Dundas",125.706619262695,-32.4370346069336,0.6,1.68,3.77,2875.16,1047.23,11126.06,11.78,8.48,18.47
"SA","Ceduna",133.846725463867,-32.4609375,0.6,2.51,2.93,178.52,86.28,490.43,28.32,18.76,48.87
"NSW","Mid-Coast",152.521682739258,-32.4567642211914,0.6,1.68,2.76,7596.72,2449.99,34577.59,20.54,13.57,36.35
"WASouth","Rockingham",115.721504211426,-32.3826293945312,0.6,1.39,2.62,985.82,405.85,3257.58,34.86,21.63,66.93
"WASouth","Dundas",125.731330871582,-32.4147415161133,0.6,1.68,2.8,2777.35,1017.13,10664.06,30.41,19.24,56.82
"WASouth","Dundas",125.770309448242,-32.396053314209,0.6,1.68,3.69,2516.06,932.62,9508.05,11.49,8.32,17.83
"SA","Ceduna",133.860244750977,-32.413387298584,0.6,2.53,3.07,117.75,60.39,297.66,17.51,12.23,28.26
"NSW","Mid-Coast",152.54020690918,-32.4330139160156,0.6,1.68,2.76,7245.91,2372.32,32190.71,20.42,13.51,36.07
"WASouth","Rockingham",115.711723327637,-32.3763732910156,0.6,1.39,2.79,1025.47,419.42,3420.86,22.45,14.89,39.26
"WASouth","Dundas",125.829124450684,-32.3588104248047,0.6,1.68,3.44,2354.3,879.29,8810.48,15.99,11.01,26.65
"SA","Unincorporated SA",133.848358154297,-32.3607711791992,0.6,2.56,2.96,82.3,44.37,194.17,16.19,11.44,25.74
"NSW","Mid-Coast",152.537170410156,-32.3683662414551,0.6,1.68,2.7,7093.5,2333.13,31293.68,31.34,19.75,58.88
"WASouth","Dundas",125.890777587891,-32.3272438049316,0.6,1.68,2.95,2003.13,763.84,7289.56,21.63,14.4,37.59
"WASouth","Dundas",125.939956665039,-32.3042793273926,0.6,1.68,2.61,1929.41,737.78,7001.41,42.09,25.43,83.89
"WASouth","Dundas",125.983673095703,-32.2883224487305,0.6,1.69,3.55,1893.91,723.77,6887.5,13.67,9.6,22.16
"WASouth","Dundas",126.580444335938,-32.3081016540527,0.6,1.72,3.19,634.91,274.32,1973.64,19.8,13.21,34.51
"WASouth","Dundas",126.625343322754,-32.3101997375488,0.6,1.72,3.12,627.99,272.65,1936.23,21.94,14.42,39.03
"WASouth","Dundas",126.683471679688,-32.3130416870117,0.6,1.72,2.53,541.81,241.25,1609.92,58.97,33.83,126.6
"WASouth","Dundas",126.734107971191,-32.3103523254395,0.6,1.71,2.57,831.04,352.46,2628.88,55.53,32.08,118.14
"WASouth","Dundas",126.778480529785,-32.3013000488281,0.6,1.71,2.37,720.68,309.63,2245.94,70.57,39.53,156.54
"WASouth","Dundas",126.848419189453,-32.3034362792969,0.6,1.72,4.16,634.98,276.35,1947.89,9.36,6.93,14.11
"SA","Unincorporated SA",133.836181640625,-32.352294921875,0.6,2.55,2.04,95.16,50.37,230.06,43.25,26.03,86.65
"NSW","Mid-Coast",152.522171020508,-32.3266525268555,0.6,1.68,3.96,8151.19,2503.24,40376.52,12.13,8.61,19.47
"WASouth","Rockingham",115.688369750977,-32.2748413085938,0.6,1.6,2.74,763.98,325.97,2402.54,33.81,21.12,64.27
"WASouth","Dundas",126.101448059082,-32.2738990783691,0.6,1.69,2.61,1278.62,503.77,4504.73,38.25,23.47,74.56
"WASouth","Dundas",126.13289642334,-32.2580986022949,0.6,1.69,3.17,1338.28,523.86,4757.94,15.68,10.84,25.98
"WASouth","Dundas",126.229583740234,-32.2429428100586,0.6,1.71,3.13,702.26,293.63,2304.02,16.4,11.26,27.43
"WASouth","Dundas",126.268409729004,-32.2527847290039,0.6,1.72,3.15,611.41,261,1947.94,16.36,11.23,27.37
"WASouth","Dundas",126.315170288086,-32.2620964050293,0.6,1.72,3.12,608.45,260.46,1929.05,18.28,12.35,31.28
"WASouth","Dundas",126.37329864502,-32.2812156677246,0.6,1.71,3.13,651.21,277.97,2066.56,18.35,12.38,31.48
"WASouth","Dundas",126.418922424316,-32.2886085510254,0.6,1.72,3.13,539.87,235.97,1659.73,18.55,12.5,31.9
"WASouth","Dundas",126.471771240234,-32.2922630310059,0.6,1.72,3.12,543.03,237.8,1663,19.39,12.98,33.64
"WASouth","Dundas",126.52661895752,-32.3000717163086,0.6,1.72,2.88,548.16,240.59,1670.8,33.24,20.51,64.68
"WASouth","Dundas",126.894958496094,-32.3038711547852,0.6,1.71,3.01,688.61,298.25,2120.67,27.8,17.59,52.26
"WASouth","Dundas",126.948722839355,-32.3001441955566,0.6,1.72,2.97,550.99,244.79,1642.26,25.95,16.63,47.87
"WASouth","Dundas",127.008438110352,-32.2939224243164,0.6,1.72,2.97,602.42,264.95,1818.92,26.02,16.73,47.69
"WASouth","Dundas",127.05305480957,-32.2870330810547,0.6,1.72,2.94,535.77,238.74,1590.84,27.41,17.48,50.81
"WASouth","Dundas",127.107360839844,-32.2873420715332,0.6,1.72,2.98,611.92,268.37,1855.26,26.52,17,48.82
"WASouth","Dundas",127.156761169434,-32.2812728881836,0.6,1.72,2.58,593.57,260.76,1797.53,44.14,26.47,88.9
"WASouth","Dundas",127.212768554688,-32.2844657897949,0.6,1.71,2.84,695.32,299.75,2158.22,30.83,19.44,57.94
"WASouth","Dundas",127.259368896484,-32.2746429443359,0.6,1.72,2.77,639.27,277.46,1969.94,32.8,20.53,62.23
"WASouth","Dundas",127.314971923828,-32.2637634277344,0.6,1.71,2.99,700.23,300.77,2187.01,23.82,15.66,42.14
"WASouth","Dundas",127.354232788086,-32.2527313232422,0.6,1.71,3.65,739.61,315.79,2327.55,11.81,8.5,18.51
"SA","Ceduna",133.767166137695,-32.2666244506836,0.6,2.54,3.92,116.46,59.87,293.34,11.74,8.45,18.37
"SA","Ceduna",133.777847290039,-32.2665901184082,0.6,2.54,3.56,115.75,59.58,290.95,17.33,11.82,29.27
"SA","Ceduna",133.851272583008,-32.2766571044922,0.6,2.55,2.68,92.7,49.31,222.42,34.68,21.46,66.97
"NSW","Mid-Coast",152.529312133789,-32.286075592041,0.6,1.68,1.93,7247.15,2383.08,31947.14,69.36,40.09,145.24
"WASouth","Kwinana",115.753379821777,-32.2424011230469,0.6,1.61,2.4,568.88,254.33,1673.29,63.14,36.49,133.09
"WASouth","Dundas",127.42276763916,-32.2359275817871,0.6,1.71,2.28,793.28,336.3,2518.27,72.6,41.17,157.05
"WASouth","Dundas",127.463645935059,-32.2284698486328,0.6,1.71,2.25,842.58,353.9,2710.36,91.23,50.24,205.25
"WASouth","Dundas",127.521705627441,-32.2205200195312,0.6,1.7,2.66,1103.82,450.3,3683.29,53.26,30.97,112.27
"SA","Ceduna",133.239868164062,-32.2043533325195,0.6,2.49,3.02,314.17,141.08,953.01,70.34,39.32,156.6
"SA","Ceduna",133.253402709961,-32.2127876281738,0.6,2.48,3.7,416.54,181.22,1314.71,19.87,13.3,34.38
"SA","Unincorporated SA",133.678817749023,-32.2343902587891,0.6,2.52,2.23,143.4,71.75,374.59,51.36,30.57,103.93
"NSW","Mid-Coast",152.523178100586,-32.2377243041992,0.6,1.68,2.46,10387.81,3078.18,54110.6,114.92,62.34,262.05
"WASouth","Kwinana",115.763900756836,-32.2021522521973,0.6,1.61,2.81,598.53,265.52,1779.85,32.52,20.6,60.42
"WASouth","Dundas",127.576217651367,-32.1881370544434,0.6,1.7,2.75,1120.2,453.57,3785.66,31.82,20.21,58.88
"WASouth","Dundas",127.615257263184,-32.1755561828613,0.6,1.7,2.6,1154.66,466.14,3915.95,67.01,37.81,147.14
"SA","Unincorporated SA",133.150283813477,-32.1936683654785,0.6,2.47,3.17,452.16,194.07,1455.9,49.96,29.4,103.43
"SA","Ceduna",133.3134765625,-32.1855735778809,0.6,2.49,3.22,320.88,144.2,970.39,41.05,24.82,81.83
"SA","Ceduna",133.368133544922,-32.1918525695801,0.6,2.49,3.32,271.44,124.57,798.22,30.93,19.44,58.48
"SA","Ceduna",133.427627563477,-32.1941261291504,0.6,2.5,2.75,230.55,108.01,659.71,51.7,29.93,110.11
"NSW","Mid-Coast",152.538162231445,-32.1926536560059,0.6,1.68,1.72,7469.52,2453.23,32942.9,211.62,104.91,547.69
"WASouth","Cockburn",115.744827270508,-32.1371726989746,0.6,1.6,2.87,822.26,349.55,2591.81,31.11,19.85,57.18
"WASouth","Dundas",127.685852050781,-32.149528503418,0.6,2.44,3.52,1202.03,483.12,4099.7,29.77,19.11,54.24
"WASouth","Dundas",127.734603881836,-32.137565612793,0.6,2.44,3.4,1098.04,444.24,3720.8,44.71,26.63,91.15
"SA","Unincorporated SA",133.109451293945,-32.1493606567383,0.6,2.49,3.32,285.22,129.09,858.4,33.9,21.1,64.85
"SA","Ceduna",133.464202880859,-32.1557502746582,0.6,2.51,3.88,182.98,89.6,489.37,13.37,9.45,21.46
"SA","Ceduna",133.520812988281,-32.1467399597168,0.6,2.54,3.88,109.68,57.41,268.07,13.77,9.69,22.25
"SA","Ceduna",133.578567504883,-32.1495704650879,0.6,2.52,2.46,152.09,75.49,401.75,126.56,65.39,313.87
"NSW","Mid-Coast",152.512573242188,-32.1440925598145,0.6,1.68,1.93,7487.05,2456.33,33079.42,90.02,49.86,200.57
"WASouth","Cockburn",115.75496673584,-32.0969123840332,0.6,1.6,2.88,738.53,318.26,2285.7,30.22,19.35,55.25
"WASouth","Dundas",127.791816711426,-32.1241111755371,0.6,2.45,3.5,968.87,399.59,3194.46,31.97,20.31,59.13
"WASouth","Dundas",127.841194152832,-32.1121406555176,0.6,2.45,3.53,997.29,410.11,3299.83,30.9,19.72,56.78
"WASouth","Dundas",127.893455505371,-32.1038360595703,0.6,2.45,3.52,929.33,385.43,3040.75,30.64,19.65,55.86
"WASouth","Dundas",127.937492370605,-32.0988807678223,0.6,2.45,3.53,1062.6,434.23,3542.73,31.59,20.17,57.93
"WASouth","Dundas",127.981498718262,-32.089427947998,0.6,2.44,3.5,1074.32,440.79,3553.64,32.76,20.87,60.19
"WASouth","Dundas",128.041961669922,-32.0753326416016,0.6,2.45,3.66,1028.09,425.4,3358,33.71,20.83,65.41
"SA","Unincorporated SA",132.977661132812,-32.1035575866699,0.6,2.47,3.35,509.57,214.98,1680.88,40.78,24.57,81.86
"SA","Unincorporated SA",132.992446899414,-32.105827331543,0.6,2.47,2.7,499.51,211.02,1645.78,85.48,47.84,187.42
"NSW","Mid-Coast",152.524337768555,-32.1037445068359,0.6,1.68,2.77,7500.32,2457.91,33201.31,34.03,21.54,63.07
"WASouth","Dundas",128.103988647461,-32.0477027893066,0.6,2.45,3.47,816.74,349.99,2538.62,35.86,22.56,67.03
"WASouth","Dundas",128.147399902344,-32.0388107299805,0.6,2.45,3.5,859.08,364.7,2707.66,33.9,21.49,62.68
"WASouth","Dundas",128.200286865234,-32.0213279724121,0.6,2.45,3.48,842.41,357.13,2664.79,49.99,29.45,103.23
"SA","Unincorporated SA",132.216537475586,-32.0306205749512,0.6,2.45,3.34,971.54,379.19,3547.51,48.65,28.8,99.73
"SA","Unincorporated SA",132.265014648438,-32.0361747741699,0.6,2.45,3.32,805.64,322.32,2844.53,52.36,30.74,108.57
"SA","Unincorporated SA",132.311965942383,-32.0363311767578,0.6,2.45,3.51,862.16,341.84,3081.49,31.77,19.8,60.86
"SA","Unincorporated SA",132.916961669922,-32.0495147705078,0.6,2.47,2.87,459.73,196.13,1495.68,39.28,24.49,74.21
"NSW","Mid-Coast",152.54850769043,-32.0601654052734,0.6,1.68,2.34,7860.83,2555.85,35195.96,38.64,23.88,74.29
"WASouth","Cottesloe",115.748397827148,-32.0159225463867,0.6,1.6,3.15,867.93,371.49,2694.11,29.64,18.92,54.58
"WASouth","Dundas",128.256439208984,-31.9999656677246,0.6,2.45,3.66,846.1,360.44,2652.47,30.13,19.27,55.2
"WASouth","Dundas",128.312133789062,-31.983757019043,0.6,2.45,3.96,853.04,361.73,2695.01,21.41,14.05,38.26
"SA","Unincorporated SA",132.165283203125,-32.0149269104004,0.6,2.48,3.24,392.56,173.56,1206.8,58.84,34.06,124.2
"SA","Unincorporated SA",132.368988037109,-32.0129013061523,0.6,2.46,2.98,723.85,292.46,2527.71,103.07,55.34,241.17
"SA","Unincorporated SA",132.472396850586,-32.0139274597168,0.6,2.45,3.42,844.6,333.12,3053.62,38.39,23.37,75.89
"SA","Unincorporated SA",132.848297119141,-32.009693145752,0.6,2.46,2.77,649.24,264.37,2251.31,63.43,37.41,128.76
"NSW","Mid-Coast",152.568206787109,-32.0073547363281,0.6,1.68,2.84,7611.49,2482.41,33954.22,33.98,21.5,63.1
"WASouth","Dundas",128.368698120117,-31.96462059021,0.6,2.45,4.19,862.91,365.21,2734.02,17.42,11.78,29.83
"SA","Unincorporated SA",132.113922119141,-31.9684658050537,0.6,2.47,2.89,475.84,205.39,1510.37,125.6,65.41,306.99
"SA","Unincorporated SA",132.520324707031,-31.9427661895752,0.6,2.45,2.99,832.79,327.23,3035.88,93.4,50.71,215.48
"SA","Unincorporated SA",132.580688476562,-31.937349319458,0.6,2.45,3.18,762.63,303.03,2738.83,61.65,35.35,132.03
"SA","Unincorporated SA",132.633117675781,-31.9477863311768,0.6,2.46,3.37,676.55,273.52,2371.43,43.9,26.39,88.08
"SA","Unincorporated SA",132.677658081055,-31.9606323242188,0.6,2.45,3.46,778.32,308.93,2796.85,34.59,21.54,65.99
"SA","Unincorporated SA",132.737106323242,-31.957389831543,0.6,2.46,3.69,624.81,254.99,2163.54,22.79,14.97,40.49
"SA","Unincorporated SA",132.793395996094,-31.9670734405518,0.6,2.49,2.65,306.04,138.48,916.56,87.78,49.9,186.84
"NSW","Mid-Coast",152.607528686523,-31.9559078216553,0.6,2.01,2.87,8735.56,2799.42,39898.06,20.43,13.71,35.15
"WASouth","Cambridge",115.747932434082,-31.9169654846191,0.6,1.6,2.99,1054.9,441.63,3369.18,34.99,22.01,65.54
"WASouth","Dundas",128.386245727539,-31.9521999359131,0.6,2.45,3.54,841.35,358.85,2632.72,32.91,20.92,60.65
"WASouth","Dundas",128.428405761719,-31.9378452301025,0.6,2.46,3.39,709.39,306.66,2188.41,46.59,28.2,91.95
"WASouth","Dundas",128.470016479492,-31.9254741668701,0.6,2.45,3.28,874.02,369.11,2777.87,66.74,37.6,146.92
"SA","Unincorporated SA",132.013717651367,-31.8924770355225,0.6,2.48,3.09,403.9,177.71,1250.72,74.6,41.37,167.96
"SA","Unincorporated SA",132.059448242188,-31.9186496734619,0.6,2.47,2.79,461.86,199.66,1464.71,64.11,37.96,129.18
"NSW","Mid-Coast",152.631057739258,-31.9270057678223,0.6,2.01,3.06,9097.19,2900.27,41838.97,16.96,11.63,28.37
"WASouth","Stirling",115.745735168457,-31.8783321380615,0.6,1.6,2.7,1143.56,473.22,3711.95,67.75,38.93,143.65
"WASouth","Dundas",128.533950805664,-31.8932571411133,0.6,2.45,3.18,806.27,345.11,2513.04,83.02,46.35,183.2
"WASouth","Dundas",128.580505371094,-31.8804798126221,0.6,2.45,3.2,877.7,369.92,2799.05,77.27,43.57,168.2
"WASouth","Dundas",128.611724853516,-31.8646335601807,0.6,2.45,3.78,792.35,338.72,2477.83,27.85,17.7,51.94
"SA","Unincorporated SA",131.970077514648,-31.8648357391357,0.6,2.47,2.87,454.87,196.67,1443.72,19.45,13.5,31.59
"NSW","Mid-Coast",152.629821777344,-31.8805847167969,0.6,2.07,3.02,654.66,289.58,1947,18.27,12.78,29.37
"NSW","Mid-Coast",152.681457519531,-31.8813209533691,0.6,2.06,2.74,823.19,357.82,2493.48,95.32,52.26,215.68
"WASouth","Dundas",128.681121826172,-31.8330821990967,0.6,2.45,3.76,907.29,380.64,2911.81,30.63,19.26,57.88
"SA","Unincorporated SA",131.866165161133,-31.8002967834473,0.6,2.47,3.66,552.64,233.25,1810.89,25.27,16.31,46.08
"SA","Unincorporated SA",131.903350830078,-31.8179912567139,0.6,2.48,3.06,379.78,168.49,1162.7,24.51,16.53,41.35
"NSW","Mid-Coast",152.739624023438,-31.8378868103027,0.6,2.01,3.75,7750.58,2535.88,34343.98,10.07,7.4,15.32
"WASouth","Joondalup",115.724632263184,-31.7862281799316,0.6,1.59,2.88,1224.33,498.28,4078.24,46.23,27.97,91.34
"WASouth","Dundas",128.707641601562,-31.8146839141846,0.6,2.45,3.51,879.15,369.18,2821.8,34.93,21.91,65.71
"WASouth","Dundas",128.745147705078,-31.7919063568115,0.6,2.45,3.54,903,374.72,2956.69,33.64,21.25,62.66
"WASouth","Dundas",128.780517578125,-31.7762622833252,0.6,2.45,3.51,934.84,387.42,3061.93,36.86,22.98,69.94
"WASouth","Dundas",128.817230224609,-31.7588386535645,0.6,2.45,4.03,917.93,380.16,3013.6,18.54,12.51,31.78
"SA","Unincorporated SA",131.816452026367,-31.7617855072021,0.6,2.47,2.95,436.59,189.99,1372.82,35.07,22.49,63.4
"NSW","Mid-Coast",152.768844604492,-31.7700748443604,0.6,2.01,2.88,9623.78,3068.86,44104.66,29.75,18.82,55.71
"WASouth","Joondalup",115.711456298828,-31.7327613830566,0.6,1.59,3.01,1437.05,573.87,4906.85,36.67,22.92,69.23
"WASouth","Dundas",128.923278808594,-31.7160186767578,0.6,2.45,3.5,946.98,389.41,3143.41,37.21,23.22,70.4
"WASouth","Dundas",128.980865478516,-31.6983222961426,0.6,2.45,3.96,912.79,377.28,3008.59,20.8,13.83,36.35
"SA","Unincorporated SA",131.749893188477,-31.7228736877441,0.6,2.46,3.04,554.64,233.04,1832.49,28.43,18.77,49.37
"NSW","Mid-Coast",152.789184570312,-31.7463817596436,0.6,2.01,3.25,10251.3,3243.51,47471.09,18.08,12.26,30.76
"WASouth","Wanneroo",115.685127258301,-31.6741313934326,0.6,1.59,2.87,1426.82,569.58,4877.03,51.44,30.81,102.86
"SA","Unincorporated SA",129.05632019043,-31.6806087493896,0.6,2.45,3.54,881.25,365.88,2887.14,37.8,23.48,72.07
"SA","Unincorporated SA",129.103088378906,-31.6748466491699,0.6,2.45,3.59,889.61,368.08,2931.18,37.68,23.39,71.93
"SA","Unincorporated SA",129.161315917969,-31.6735076904297,0.6,2.45,3.52,912.1,377.03,3005.79,45.72,27.64,90.54
"SA","Unincorporated SA",129.220596313477,-31.6642150878906,0.6,2.45,3.55,926.09,382.06,3060.21,42.95,26.12,84.44
"SA","Unincorporated SA",129.265991210938,-31.6626873016357,0.6,2.45,3.54,893.26,369.07,2950.11,43.36,26.37,85.22
"SA","Unincorporated SA",129.315948486328,-31.6522197723389,0.6,2.45,3.62,894.69,368.98,2964.47,37.94,23.42,73.18
"SA","Unincorporated SA",129.355773925781,-31.6487083435059,0.6,2.45,3.65,888.47,366.05,2950.48,36.56,22.65,70.2
"SA","Unincorporated SA",129.425933837891,-31.6450424194336,0.6,2.45,3.66,908.07,372.03,3042.6,36.07,22.39,69.11
"SA","Unincorporated SA",129.472854614258,-31.6405601501465,0.6,2.45,3.94,886.14,363.28,2970.31,20.25,13.52,35.15
"SA","Unincorporated SA",131.651901245117,-31.6733074188232,0.6,2.47,3.85,492.24,210.15,1591.27,19.83,13.28,34.31
"SA","Unincorporated SA",131.689712524414,-31.6900215148926,0.6,2.47,2.9,500.48,213.19,1622.96,41.42,25.8,78.14
"NSW","Port Macquarie-Hastings",152.797271728516,-31.7039813995361,0.6,2.01,2.82,9533.81,3048.19,43511.14,32.71,20.44,62.28
"WASouth","Wanneroo",115.66731262207,-31.6364288330078,0.6,1.59,3.13,1459.58,579.57,5030.26,38.38,23.63,74.33
"SA","Unincorporated SA",129.529388427734,-31.6297702789307,0.6,2.45,3.67,902.72,368.35,3048.35,34.85,21.68,66.61
"SA","Unincorporated SA",129.572463989258,-31.6263446807861,0.6,2.45,3.7,917.07,372.66,3117.42,32.35,20.31,61.07
"SA","Unincorporated SA",129.628784179688,-31.62229347229,0.6,2.45,3.74,869.35,354.78,2942.16,28.83,18.37,53.37
"SA","Unincorporated SA",129.693832397461,-31.6235198974609,0.6,2.45,3.73,888.67,360.93,3029.99,28.91,18.41,53.58
"SA","Unincorporated SA",129.735946655273,-31.6218967437744,0.6,2.45,3.7,908.3,367.3,3117.52,30.46,19.27,56.96
"SA","Unincorporated SA",129.787750244141,-31.6160411834717,0.6,2.45,3.64,936.29,377.24,3228.97,32.25,20.24,60.95
"SA","Unincorporated SA",129.832595825195,-31.6155910491943,0.6,2.45,3.86,907.31,366.15,3126.35,23.11,15.17,41.05
"SA","Unincorporated SA",131.550842285156,-31.6270198822021,0.6,2.46,3.76,586.85,244.4,1963.9,24.1,15.74,43.14
"SA","Unincorporated SA",131.594345092773,-31.6472778320312,0.6,2.46,2.99,606.06,251.51,2037.15,32.12,20.82,57.29
"NSW","Port Macquarie-Hastings",152.835205078125,-31.6545162200928,0.6,2.01,2.79,10122.49,3207.42,46786.16,37.09,22.79,72.26
"WASouth","Wanneroo",115.648307800293,-31.6077747344971,0.6,1.59,3.06,1615.15,640.12,5553.45,37.36,23.06,72.11
"SA","Unincorporated SA",129.888397216797,-31.5991954803467,0.6,2.45,3.72,887.13,357.83,3064.03,28.99,18.43,53.9
"SA","Unincorporated SA",129.949752807617,-31.5961685180664,0.6,2.45,3.67,862.5,348.77,2970.64,29.8,18.88,55.62
"SA","Unincorporated SA",129.994247436523,-31.5926780700684,0.6,2.45,3.77,834.39,338.53,2862.5,25.13,16.28,45.5
"SA","Unincorporated SA",130.050231933594,-31.5961151123047,0.6,2.45,3.8,802.32,327.1,2734.69,23.71,15.49,42.49
"SA","Unincorporated SA",130.118804931641,-31.5930976867676,0.6,2.45,3.71,777.81,318.53,2634.59,28.05,17.9,51.9
"SA","Unincorporated SA",130.15576171875,-31.5828647613525,0.6,2.45,3.77,785.45,321.32,2664,25.55,16.5,46.47
"SA","Unincorporated SA",130.215423583984,-31.5854110717773,0.6,2.45,3.72,776.56,318.24,2627.21,27.14,17.4,49.91
"SA","Unincorporated SA",130.254623413086,-31.5786609649658,0.6,2.45,3.81,759.92,312.34,2560.6,22.93,15.03,40.88
"SA","Unincorporated SA",130.329986572266,-31.5885944366455,0.6,2.46,3.86,738.84,305.02,2473.74,22.34,14.7,39.66
"SA","Unincorporated SA",130.372512817383,-31.5924854278564,0.6,2.46,3.85,730.91,302.72,2434.25,23.16,15.16,41.39
"SA","Unincorporated SA",130.413299560547,-31.5909996032715,0.6,2.46,3.82,710.47,295.34,2354.49,23.71,15.48,42.53
"SA","Unincorporated SA",130.47998046875,-31.599027633667,0.6,2.46,3.79,717.5,297.63,2385.72,24.82,16.11,44.87
"SA","Unincorporated SA",130.524963378906,-31.5999298095703,0.6,2.46,3.77,734.27,303.13,2459.56,24.94,16.19,45.04
"SA","Unincorporated SA",130.587509155273,-31.5946865081787,0.6,2.46,3.84,739.29,304.46,2486.56,23.32,15.26,41.67
"SA","Unincorporated SA",130.632949829102,-31.6012134552002,0.6,2.46,3.81,739.42,303.88,2496.64,24.29,15.82,43.66
"SA","Unincorporated SA",130.681182861328,-31.6080703735352,0.6,2.45,3.86,779.49,317.95,2659.66,22.61,14.87,40.1
"SA","Unincorporated SA",130.739852905273,-31.609992980957,0.6,2.45,3.85,813.4,328.99,2811.58,24.17,15.76,43.39
"SA","Unincorporated SA",130.789611816406,-31.6127681732178,0.6,2.45,3.73,793.06,321.43,2735.28,29.15,18.55,54.08
"SA","Unincorporated SA",130.838287353516,-31.6013946533203,0.6,2.45,3.7,855.38,343.09,2993.1,29.39,18.71,54.47
"SA","Unincorporated SA",130.885787963867,-31.5917358398438,0.6,2.45,3.63,832.25,334.12,2912.54,32.43,20.34,61.31
"SA","Unincorporated SA",130.931213378906,-31.5771179199219,0.6,2.45,3.79,816.01,327.96,2853.75,24.74,16.1,44.45
"SA","Unincorporated SA",131.437576293945,-31.5794830322266,0.6,2.46,3.8,638.77,262.91,2172.74,21.06,14.01,36.75
"SA","Unincorporated SA",131.485397338867,-31.5951290130615,0.6,2.47,2.85,509.64,216.12,1664.59,50.64,30.58,99.84
"NSW","Port Macquarie-Hastings",152.850280761719,-31.6034832000732,0.6,1.86,2.99,11156.66,3493.31,52384.45,22.76,14.97,40.36
"WASouth","Wanneroo",115.60888671875,-31.5414657592773,0.6,1.58,3.23,2210.31,846.48,7937.65,33.69,21.02,64.16
"SA","Unincorporated SA",130.997650146484,-31.5531368255615,0.6,2.45,3.64,846.64,337.95,2991.73,32.4,20.34,61.22
"SA","Unincorporated SA",131.023834228516,-31.5464344024658,0.6,2.45,3.61,846.38,337.6,2994.87,30,19.03,55.85
"SA","Unincorporated SA",131.380752563477,-31.5541572570801,0.6,2.47,2.85,535.54,225.26,1770.2,47.08,28.77,91.22
"NSW","Port Macquarie-Hastings",152.86848449707,-31.545295715332,0.6,1.86,3.08,11043.77,3463.52,51735.78,18.77,12.66,32.14
"WASouth","Wanneroo",115.579460144043,-31.5047473907471,0.6,1.58,2.78,2082.77,804.53,7390.49,76.04,42.49,168.53
"SA","Unincorporated SA",131.073684692383,-31.5080394744873,0.6,2.45,3.48,867.97,344.24,3099.26,42.84,25.86,85.44
"SA","Unincorporated SA",131.278564453125,-31.5154247283936,0.6,2.46,3.54,715.75,289.83,2490.87,33.77,21.08,64.28
"SA","Unincorporated SA",131.315841674805,-31.5268726348877,0.6,2.46,2.9,577.19,240.19,1936.81,41.41,25.85,77.84
"NSW","Port Macquarie-Hastings",152.907958984375,-31.5069618225098,0.6,1.86,2.68,11822.22,3675.03,56047.19,32.62,20.4,62.01
"WASouth","Wanneroo",115.559936523438,-31.4665012359619,0.6,1.59,2.97,1575.21,622.12,5457.52,48.6,28.85,99.12
"SA","Unincorporated SA",131.15950012207,-31.4727210998535,0.6,2.45,3.44,764.59,306.48,2699.96,40.63,24.71,80.15
"SA","Unincorporated SA",131.206832885742,-31.4837474822998,0.6,2.46,2.88,641.59,262.96,2199.3,43.5,26.86,83.15
"NSW","Port Macquarie-Hastings",152.940475463867,-31.4754161834717,0.6,1.85,2.68,12529.79,3860.22,60160.91,32.44,20.3,61.61
"WASouth","Gingin",115.536895751953,-31.418773651123,0.6,1.59,2.43,1521.25,603.94,5232.21,58.05,33.92,120.56
"NSW","Port Macquarie-Hastings",152.928359985352,-31.4325828552246,0.6,1.85,2.68,14482.27,4398.26,70759.6,31.23,19.67,58.78
"WASouth","Gingin",115.504013061523,-31.3707466125488,0.6,1.59,2.42,1423.96,568.76,4862.92,56.93,33.51,116.81
"NSW","Port Macquarie-Hastings",152.935363769531,-31.3760375976562,0.6,1.85,3.16,14945.86,4519.22,73466.38,16.72,11.43,28.18
"WASouth","Gingin",115.452171325684,-31.3046283721924,0.6,1.58,2.48,1836.62,711.43,6530.58,48.21,29.1,95.4
"NSW","Port Macquarie-Hastings",152.950302124023,-31.3485851287842,0.6,1.85,3.19,14848,4488.42,73046.86,15.92,10.96,26.58
"WASouth","Gingin",115.442108154297,-31.2915267944336,0.6,1.59,2.45,1345.73,542.01,4542.42,56.24,32.61,118.7
"NSW","Port Macquarie-Hastings",152.975173950195,-31.3107528686523,0.6,1.85,3.14,18305.54,5365.26,94040.2,16.09,11.09,26.79
"WASouth","Gingin",115.419357299805,-31.245044708252,0.6,1.59,2.33,1476.91,590.95,5017.51,118.11,62.33,282.81
"NSW","Kempsey",152.973022460938,-31.2520561218262,0.6,1.85,3.25,20254.31,5844.75,106371.93,15.02,10.43,24.74
"WASouth","Gingin",115.392807006836,-31.1863384246826,0.6,1.57,2.49,3208.13,1159.46,12509.76,57.6,33.75,119.07
"NSW","Kempsey",152.983184814453,-31.1969738006592,0.6,1.85,3.25,19891.1,5747.86,104313.93,14.82,10.31,24.36
"WASouth","Gingin",115.385330200195,-31.1538333892822,0.6,1.57,2.43,2909.34,1062.2,11202.79,71.16,40.61,152.32
"NSW","Kempsey",152.991317749023,-31.1546783447266,0.6,1.85,3.28,22825.8,6455.81,123416.54,15.88,10.92,26.52
"WASouth","Gingin",115.362205505371,-31.1025295257568,0.6,1.57,2.51,3702.99,1305.85,14965.26,52.06,31.22,103.74
"NSW","Kempsey",153.032028198242,-31.1024646759033,0.6,1.85,3.18,22878.77,6477.3,123464.76,17.02,11.59,28.83
"WASouth","Gingin",115.342430114746,-31.0608196258545,0.6,1.57,2.53,3757.21,1313.22,15416.68,47.56,28.77,93.83
"NSW","Kempsey",153.056930541992,-31.0748081207275,0.6,1.85,3.15,18664.75,5421.01,97345.75,19.3,12.92,33.45
"WASouth","Gingin",115.320510864258,-31.0287113189697,0.6,1.56,2.42,5706.24,1888.83,25201.23,104.65,55.04,254.3
"NSW","Kempsey",153.043502807617,-31.0297470092773,0.6,1.84,3.11,25809.77,7103.71,145497.93,20.04,13.28,35.33
"WASouth","Gingin",115.295783996582,-30.9604682922363,0.6,1.56,2.46,5731.49,1883.59,25637.27,75.12,41.8,167.93
"NSW","Kempsey",153.046813964844,-30.9842147827148,0.6,1.84,3.08,28711.32,7801.97,164594.8,20.26,13.43,35.72
"WASouth","Gingin",115.276443481445,-30.930419921875,0.6,1.56,2.52,6243.87,2017.06,28664.78,59.03,34.5,122.35
"NSW","Kempsey",153.088363647461,-30.9275894165039,0.6,1.85,3.12,20249.67,5782.72,108350.59,19.71,13.11,34.54
"WASouth","Dandaragan",115.240005493164,-30.8705768585205,0.6,1.56,2.52,6440.59,2060.25,30045.4,83.24,44.89,196.02
"NSW","Kempsey",153.085525512695,-30.8952293395996,0.6,1.84,3.12,33603.64,8889.97,200311.83,20.39,13.51,35.94
"WASouth","Dandaragan",115.187698364258,-30.8250331878662,0.6,1.56,2.44,5707.14,1858.88,25953.78,139.55,70.59,357.75
"NSW","Kempsey",153.030914306641,-30.8714618682861,0.6,1.84,3.06,47112.89,11814.38,303225.09,20.19,13.41,35.41
"WASouth","Dandaragan",115.184829711914,-30.798412322998,0.6,1.56,2.48,5998.42,1951.31,27257.77,106.67,55.14,267.61
"NSW","Kempsey",153.005218505859,-30.7961273193359,0.6,1.99,3.26,46358.96,11644.4,297774.77,18.99,12.71,32.98
"WASouth","Dandaragan",115.154327392578,-30.7313938140869,0.6,1.56,2.52,6904.95,2197.05,32387.71,106.4,55.35,263.72
"NSW","Nambucca Valley",153.005493164062,-30.7533626556396,0.6,1.99,3.95,45622.56,11468.11,292924.14,10.79,7.79,16.91
"WASouth","Dandaragan",115.146286010742,-30.7076206207275,0.6,1.56,2.43,6579.41,2097.2,30851.97,177.06,85.97,482.44
"NSW","Nambucca Valley",152.995315551758,-30.7101802825928,0.6,1.99,3.47,49608.6,12327.16,323612.55,15.2,10.48,25.38
"WASouth","Dandaragan",115.127380371094,-30.6585559844971,0.6,1.56,2.43,5913.57,1901.56,27470.17,186.59,90.91,503.01
"NSW","Nambucca Valley",153.004257202148,-30.6698932647705,0.6,1.99,3.53,50036.98,12406.33,327540.8,14.2,9.86,23.47
"WASouth","Dandaragan",115.111801147461,-30.6207237243652,0.6,1.58,2.51,2324.45,856.95,8911.47,90.08,48.36,212.81
"NSW","Nambucca Valley",153.019149780273,-30.6265201568604,0.6,1.99,3.51,51738.41,12789.41,339859.11,15.01,10.36,25.01
"WASouth","Dandaragan",115.083290100098,-30.5732135772705,0.6,1.57,2.54,4110.56,1388.37,17851.76,85.05,46.26,196.82
"NSW","Nambucca Valley",153.019500732422,-30.5769462585449,0.6,1.99,3.53,54132.61,13327.18,357233.77,15.18,10.43,25.5
"WASouth","Dandaragan",115.075393676758,-30.5281600952148,0.6,1.58,2.49,2015.73,764.79,7399.25,96.65,51.79,227.98
"NSW","Bellingen",153.031387329102,-30.5263671875,0.6,1.99,3.49,55233.57,13573.24,365275.42,15.5,10.64,26.03
"WASouth","Dandaragan",115.053398132324,-30.501594543457,0.6,1.57,2.49,3423.04,1185.04,14372.3,106.72,56.91,252.27
"NSW","Bellingen",153.044219970703,-30.4817237854004,0.6,1.99,2.99,57096.38,13967.33,379964.48,29.04,18.42,54.17
"WASouth","Dandaragan",115.047470092773,-30.4367961883545,0.6,1.57,2.47,3527.92,1225.37,14696.82,106.77,57.07,251.33
"NSW","Coffs Harbour",153.076995849609,-30.4302654266357,0.6,1.99,2.98,58260.47,14318.38,384009.67,27.66,17.68,51.06
"WASouth","Dandaragan",115.044143676758,-30.4008903503418,0.6,1.58,2.46,2918.25,1043.66,11661.51,121.31,64.47,286.18
"NSW","Coffs Harbour",153.092559814453,-30.3893413543701,0.6,1.99,3.12,59503.46,14528.63,396364.74,23.39,15.3,41.81
"WASouth","Dandaragan",115.02587890625,-30.3309841156006,0.6,1.58,2.44,2526.41,924.8,9762.75,134.37,70.99,318.39
"NSW","Coffs Harbour",153.126800537109,-30.3319225311279,0.6,1.99,3.4,61502.49,14942.13,412575.64,18.72,12.56,32.43
"WASouth","Dandaragan",114.994132995605,-30.235387802124,0.6,1.56,3.11,6567.44,2086.12,30995.82,24.96,15.87,46.83
"NSW","Coffs Harbour",153.156356811523,-30.2409725189209,0.6,1.99,3.24,58980.85,14515.27,387518.86,19.91,13.35,34.35
"WASouth","Dandaragan",114.994964599609,-30.2107048034668,0.6,1.6,2.5,1138.67,470.6,3705.31,93.4,51.56,208.93
"NSW","Coffs Harbour",153.176498413086,-30.1921348571777,0.6,1.99,3.4,61003.17,14969.71,402099.73,19.85,13.14,35.12
"WASouth","Dandaragan",115.000297546387,-30.169246673584,0.6,1.58,2.41,2564.72,934,9994.64,217.32,107.66,562.23
"NSW","Coffs Harbour",153.206909179688,-30.1587238311768,0.6,1.99,3.81,56793.79,14166.57,365018,13.8,9.57,22.9
"WASouth","Coorow",114.99592590332,-30.1270275115967,0.6,1.59,2.54,1281.19,522.83,4236.15,85.29,47.01,192.42
"NSW","Coffs Harbour",153.213607788086,-30.1134433746338,0.6,1.99,3.5,63524.19,15542.1,419968.29,17.36,11.77,29.63
"WASouth","Coorow",114.980415344238,-30.0796737670898,0.6,1.6,2.35,953.69,406.15,2971.26,204.16,101.15,530.22
"NSW","Coffs Harbour",153.208786010742,-30.0711421966553,0.6,1.99,3.27,67573.48,16384.11,452429.3,21.61,14.31,37.94
"WASouth","Coorow",114.954887390137,-30.0253677368164,0.6,1.59,2.68,1480.49,592.12,5033,67.91,37.98,151.46
"NSW","Coffs Harbour",153.215179443359,-30.0229415893555,0.6,1.99,4.06,61696.18,15207.07,403170.16,10.14,7.44,15.44
"WASouth","Coorow",114.95531463623,-29.9851188659668,0.6,1.59,2.43,1738.86,675.29,6173.87,195.57,97.5,503.45
"NSW","Coffs Harbour",153.238662719727,-29.9773464202881,0.6,1.99,2.68,58491.4,14564.43,376474.63,41.63,25.58,80.45
"WASouth","Coorow",114.968734741211,-29.9450035095215,0.6,1.58,2.93,2376.74,882.8,8977.81,41.43,24.62,85.31
"NSW","Clarence Valley",153.275238037109,-29.9223747253418,0.6,1.99,2.91,64368.07,15814.52,422039.62,33.14,20.83,62.37
"WASouth","Carnamah",114.973503112793,-29.8855590820312,0.6,1.58,2.39,2187.06,826.51,8047.42,288.87,136.5,800.55
"NSW","Clarence Valley",153.280456542969,-29.8977203369141,0.6,1.99,3.09,59136.24,14734.58,379941.99,27.93,17.86,51.48
"WASouth","Carnamah",114.972312927246,-29.8436660766602,0.6,1.58,2.8,2035.61,779.76,7340.93,61.13,34.58,134.44
"NSW","Clarence Valley",153.294281005859,-29.8302783966064,0.6,1.81,2.79,61231.9,15188.14,395805.04,33.75,21.09,64.1
"WASouth","Carnamah",114.957695007324,-29.8063068389893,0.6,1.58,2.65,1985.59,764.37,7107.56,92.06,49.29,218.24
"NSW","Clarence Valley",153.29426574707,-29.8049736022949,0.6,1.81,2.74,62298.25,15459.99,401957.96,30.78,19.67,56.42
"WASouth","Carnamah",114.952522277832,-29.757698059082,0.6,1.59,2.55,1303.88,532.81,4296.62,117.89,60.74,295.38
"NSW","Clarence Valley",153.297424316406,-29.755256652832,0.6,1.81,2.84,64388.85,15891.55,418748.83,28.35,18.28,51.43
"WASouth","Carnamah",114.951667785645,-29.71044921875,0.6,1.59,2.56,1366.53,555.79,4529.09,130.53,66.17,334.88
"NSW","Clarence Valley",153.313415527344,-29.7081756591797,0.6,1.81,3.01,71104.59,17203.97,476465.08,22.33,14.82,39.01
"WASouth","Irwin",114.953964233398,-29.6772804260254,0.6,1.6,2.52,1121.32,467.62,3593.99,158.25,78.95,412.74
"NSW","Clarence Valley",153.332794189453,-29.6719799041748,0.6,1.81,2.76,67868.45,16492.05,452484.83,33.05,20.96,61.18
"WASouth","Irwin",114.954727172852,-29.6415576934814,0.6,1.59,2.54,1306.54,533.49,4310.71,163.72,80.89,433.9
"NSW","Clarence Valley",153.342529296875,-29.6138515472412,0.6,1.81,2.75,70808.27,17117.71,475320.39,31.68,20.19,58.29
"WASouth","Irwin",114.970321655273,-29.5824966430664,0.6,1.6,2.5,1030.9,436.11,3236.23,173.47,84.43,471.09
"NSW","Clarence Valley",153.343475341797,-29.5742435455322,0.6,1.81,2.76,72550.38,17527.57,486892.12,31.55,20.13,57.97
"WASouth","Irwin",114.977729797363,-29.5372772216797,0.6,1.6,2.52,971.26,415.11,3004.01,170.01,82.59,464.15
"NSW","Clarence Valley",153.361145019531,-29.5248947143555,0.6,1.81,2.76,58608.45,14631.93,375414.66,36.42,22.78,68.71
"WASouth","Irwin",114.978500366211,-29.4595909118652,0.6,1.59,2.51,947.89,407.94,2900.01,174.41,84.45,478.24
"NSW","Clarence Valley",153.368377685547,-29.4821014404297,0.6,1.81,2.56,62869.61,15553.87,407671.78,50.51,30.21,101.37
"WASouth","Irwin",114.967781066895,-29.4326305389404,0.6,1.59,2.69,1046.31,444.23,3261.13,49.58,29.68,99.48
"WASouth","Irwin",114.954193115234,-29.3937854766846,0.6,1.59,2.54,999.78,426.69,3095.18,147.56,72.95,393.6
"NSW","Clarence Valley",153.371276855469,-29.3912181854248,0.6,1.81,2.65,66653.39,16307.75,439426.36,46.43,28.04,92.02
"WASouth","Irwin",114.926536560059,-29.3203926086426,0.6,1.58,2.43,1609.22,644.91,5425.92,267.57,122.7,788.89
"NSW","Clarence Valley",153.365295410156,-29.3581199645996,0.6,1.81,2.63,59279.8,14760.49,381267.25,48.41,29.04,96.91
"WASouth","Irwin",114.913864135742,-29.2869644165039,0.6,1.58,2.4,1543.21,621,5177.59,324.17,144.9,989.66
"NSW","Clarence Valley",153.348754882812,-29.3042602539062,0.6,1.81,2.31,60390.35,14972.34,391006.05,120.51,63.22,291.34
"WASouth","Irwin",114.909912109375,-29.2444686889648,0.6,1.58,2.42,1868.95,732.03,6509.11,386.97,170.04,1204.9
"NSW","Richmond Valley",153.368148803711,-29.2545299530029,0.6,1.81,2.29,62448.65,15399.76,407458.55,133.69,69.14,329.65
"WASouth","Irwin",114.88712310791,-29.1897125244141,0.6,1.57,2.59,2268.12,862.21,8241.47,210.71,99.95,592.71
"NSW","Richmond Valley",153.411026000977,-29.1963233947754,0.6,1.82,2.31,51863.7,13135.62,326036.62,148.96,75.43,379.29
"WASouth","Irwin",114.873435974121,-29.1469745635986,0.6,1.57,2.6,2168.12,828.95,7817.51,259.86,119.37,765.35
"NSW","Richmond Valley",153.452331542969,-29.1486778259277,0.6,1.81,2.54,55489.17,13945.34,352339.1,88.77,48.54,202.77
"WASouth","Irwin",114.856018066406,-29.1050128936768,0.6,1.57,2.64,2278.94,864,8318.17,124.49,64.57,306.82
"WASouth","Greater Geraldton",114.816383361816,-29.0628108978271,0.6,1.56,2.49,3170.93,1140.05,12489.28,323.03,144.1,990.31
"NSW","Richmond Valley",153.446487426758,-29.0618591308594,0.6,1.82,2.27,47563.13,12273.56,290604.02,257.42,120.07,736.75
"WASouth","Greater Geraldton",114.758316040039,-29.0034446716309,0.6,1.56,2.55,3205.08,1150.54,12651.23,251.02,117.02,720.49
"NSW","Richmond Valley",153.464874267578,-29.0198650360107,0.6,1.82,2.38,36411.71,9790.09,209884.13,184.56,90.68,490.1
"WASouth","Greater Geraldton",114.707145690918,-28.9571838378906,0.6,1.56,2.56,3583.19,1261.44,14553.72,308.78,140.33,916.62
"NSW","Ballina",153.507629394531,-28.9700202941895,0.6,1.91,2.53,42205.59,11102.01,250878.14,168.82,83.99,440.59
"WASouth","Greater Geraldton",114.663841247559,-28.9155330657959,0.6,1.56,2.58,3453.75,1222.55,13920.18,269.87,124.81,782.43
"NSW","Ballina",153.529373168945,-28.9397678375244,0.6,1.91,2.58,42914.05,11255.99,256159.29,136.5,70.17,339.97
"WASouth","Greater Geraldton",114.63501739502,-28.8812580108643,0.6,1.56,2.61,3618.79,1270.82,14755.62,239.32,112.6,677.31
"NSW","Ballina",153.580993652344,-28.8838138580322,0.6,1.91,2.55,35060.57,9554.77,197730.14,136.37,70.46,336.35
"WASouth","Greater Geraldton",114.618743896484,-28.8406734466553,0.6,1.57,2.9,2841.74,1035.89,10988.21,46.08,27.38,94.22
"NSW","Ballina",153.611129760742,-28.808500289917,0.6,1.91,2.5,65255.68,16113.6,423680.76,171.76,86.44,438.23
"WASouth","Greater Geraldton",114.592399597168,-28.7682914733887,0.6,1.58,2.47,1819.53,702.29,6514.96,333.69,150.73,996.48
"NSW","Byron",153.61198425293,-28.7380924224854,0.6,1.91,2.28,70084.83,17065.1,464703.87,230.85,112.59,612.32
"WASouth","Greater Geraldton",114.604347229004,-28.6926441192627,0.6,1.58,2.68,1711.83,666.7,6052.31,81.75,45.12,184.54
"NSW","Byron",153.620986938477,-28.7066612243652,0.6,1.91,2.27,61630.98,15330.18,396237.09,271.33,128.58,751.06
"WASouth","Chapman Valley",114.600944519043,-28.645206451416,0.6,1.58,2.47,1514.43,600.13,5227.29,390.58,173.33,1192.79
"NSW","Byron",153.631103515625,-28.6545715332031,0.6,1.91,2.22,63355.38,15634.99,412480.64,421.93,186.76,1287.93
"WASouth","Chapman Valley",114.577018737793,-28.5933303833008,0.6,1.57,2.39,2282.41,855.64,8499.46,277.91,126.53,828.42
"NSW","Byron",153.582260131836,-28.6068649291992,0.6,1.9,2.54,91097.96,21244.54,642905,136.58,71.89,325.53
"WASouth","Chapman Valley",114.562286376953,-28.5574893951416,0.6,1.58,2.42,1460.1,582.66,4987.45,220.73,102.34,646.53
"NSW","Byron",153.569381713867,-28.5657405853271,0.6,1.9,2.47,87053.53,20427.5,609162.06,201.61,100.48,518.34
"WASouth","Northampton",114.522659301758,-28.5005149841309,0.6,1.57,2.45,2653.29,975.37,10145.87,208.25,98.37,590.99
"NSW","Byron",153.555862426758,-28.5195655822754,0.6,1.9,2.39,88507.14,20692.53,622837.61,294.1,138.52,819.03
"WASouth","Northampton",114.488052368164,-28.4559593200684,0.6,1.56,2.46,3095.33,1118.47,12099,223.43,105.21,634.53
"NSW","Tweed",153.559204101562,-28.4693031311035,0.6,1.9,2.15,83122.49,19581.55,579133.43,612.88,257.67,2008.53
"WASouth","Northampton",114.442192077637,-28.413272857666,0.6,1.57,2.47,3039.36,1098.13,11895.04,246.2,114.17,714.9
"NSW","Tweed",153.563735961914,-28.4232139587402,0.6,1.9,2.1,87344.58,20324.14,620423.66,582.07,246.36,1890.33
"WASouth","Northampton",114.402420043945,-28.3563499450684,0.6,1.57,2.56,2472.24,916.83,9343.61,161.76,79.95,428.75
"NSW","Tweed",153.575973510742,-28.3762855529785,0.6,1.9,2.04,84742.8,19728.47,602489.74,795.91,321.25,2765.87
"WASouth","Northampton",114.371124267578,-28.3124885559082,0.6,1.57,2.56,2575.6,951.21,9783.89,147.74,73.56,388.78
"NSW","Tweed",153.579727172852,-28.3339424133301,0.6,1.85,2.12,83136.14,19407.21,588832.77,501.86,216.13,1593.76
"WASouth","Northampton",114.337631225586,-28.2735595703125,0.6,1.57,2.48,2385.99,889.04,8959.77,310.81,139.33,946.59
"NSW","Tweed",153.582611083984,-28.2861995697021,0.6,1.85,2.1,77087.69,18207.91,536919.48,407.9,180.88,1243.65
"WASouth","Northampton",114.274604797363,-28.2169628143311,0.6,1.56,2.45,3076.8,1108.08,12102.95,261.26,119.94,770.01
"NSW","Tweed",153.573059082031,-28.2406616210938,0.6,1.85,2.13,78363.71,18472.79,547225.55,268.1,126.83,745.14
"WASouth","Northampton",114.231704711914,-28.1851711273193,0.6,1.57,2.39,2823.27,1026.42,10973.33,410.84,179.99,1281.01
"NSW","Tweed",153.579681396484,-28.1937599182129,0.6,1.85,2.25,83251.29,19266.55,598934.82,158.59,80.16,403.46
"WASouth","Northampton",114.173194885254,-28.1166114807129,0.6,1.56,2.54,3106.9,1110.75,12376.69,47.99,28.9,95.41
"WASouth","Northampton",114.164390563965,-28.0951652526855,0.6,1.58,2.48,1742.53,668.22,6328.67,118.42,59.63,310.09
"QLDSouth","Gold Coast",153.467559814453,-28.1045627593994,0.6,1.85,2.35,64822.93,15722.96,434787.01,58.38,34.33,119.77
"WASouth","Northampton",114.156120300293,-28.0480766296387,0.6,1.57,2.43,2415.82,893.75,9182.55,230.17,107.16,666.67
"QLDSouth","Gold Coast",153.447174072266,-28.0567150115967,0.6,1.88,2.41,57879.39,14258.74,380003.75,64.36,36.74,138.62
"WASouth","Northampton",114.14404296875,-27.9935626983643,0.6,1.57,2.44,2919.18,1049.81,11548.08,239.55,111.44,692.8
"QLDSouth","Gold Coast",153.434448242188,-28.0055713653564,0.6,1.88,3.08,58617.62,14355.2,388704.57,27.12,17.12,51.34
"WASouth","Northampton",114.133796691895,-27.9583473205566,0.6,1.56,3.3,3142.38,1128.43,12410.08,24.58,15.71,45.72
"WASouth","Northampton",114.119079589844,-27.9107761383057,0.6,1.56,2.43,3955.95,1378.83,16264.78,134.86,66.71,361.87
"QLDSouth","Gold Coast",153.417724609375,-27.9157295227051,0.6,1.87,3.39,178529.93,38121.13,1419744.03,20.18,13.29,35.97
"WASouth","Northampton",114.106117248535,-27.8597660064697,0.6,1.56,2.43,3767.09,1320.67,15370.62,139.42,68.29,380.48
"QLDSouth","Gold Coast",153.417434692383,-27.8680477142334,0.6,1.88,2.84,139669.28,30186.93,1102662.19,43.86,25.87,91.21
"WASouth","Northampton",114.104621887207,-27.8098220825195,0.6,1.56,2.44,4032.21,1399.97,16676.05,120.17,60.18,317.8
"QLDSouth","Gold Coast",153.41813659668,-27.815128326416,0.6,1.9,2.73,19874.54,5528.5,111628.2,53.05,30.5,114.29
"WASouth","Northampton",114.114044189453,-27.7759704589844,0.6,1.56,2.5,4392.76,1506.84,18473.82,474.36,198.9,1591.91
"QLDSouth","Gold Coast",153.447219848633,-27.773681640625,0.6,1.89,2.55,45779.01,11510.37,293732.51,55.92,32.23,119.44
"WASouth","Northampton",114.135856628418,-27.7431621551514,0.6,1.56,2.55,3800.57,1341.43,15312.84,341.85,149.6,1082.95
"QLDSouth","Redland",153.458358764648,-27.7240924835205,0.6,1.89,2.57,44767.77,11264.75,287230.04,62.45,34.97,139.82
"WASouth","Northampton",114.146865844727,-27.6679363250732,0.6,1.56,2.56,4953.31,1670.36,21331.49,289.68,129.99,885.35
"QLDSouth","Redland",153.468841552734,-27.6832008361816,0.6,1.89,2.57,46501.63,11634.05,300789.81,75.13,40.88,175.3
"WASouth","Northampton",114.140434265137,-27.6351852416992,0.6,1.55,2.56,5369.61,1789.07,23520.24,289.9,130.25,883.72
"QLDSouth","Redland",153.46989440918,-27.6331539154053,0.6,1.88,3.17,66262.89,15672.97,464591.15,25.94,16.51,48.5
"WASouth","Northampton",114.118461608887,-27.5770015716553,0.6,1.55,2.57,5344.29,1788.8,23223.28,391.97,171.44,1230.26
"QLDSouth","Redland",153.488403320312,-27.5784130096436,0.6,2.23,3.37,47013.77,11645.91,309442.79,30.96,19.16,60.27
"WASouth","Northampton",114.10563659668,-27.5376720428467,0.6,1.55,2.62,5295.13,1780.25,22838.41,1142.98,439.57,4242.86
"QLDSouth","Redland",153.295120239258,-27.5337238311768,0.6,2.22,2.49,89352.79,19788.4,693753.38,1179.87,452.18,4398.96
"QLDSouth","Redland",153.346466064453,-27.5185470581055,0.6,2.22,2.43,93458.7,20702.19,723251.04,394.02,173.89,1215.22
"QLDSouth","Redland",153.505752563477,-27.5359077453613,0.6,2.23,3.54,45511.65,11316.53,298090.87,24.11,15.52,44.35
"WASouth","Northampton",114.091400146484,-27.4873790740967,0.6,1.55,2.6,5600.22,1867.79,24425.31,1426.22,535.05,5463.34
"QLDSouth","Redland",153.333679199219,-27.4929122924805,0.6,2.22,2.47,113313.48,24206.85,926046.93,1316.72,500.35,4950.78
"QLDSouth","Redland",153.37434387207,-27.4909057617188,0.6,2.22,2.48,107950.06,23420.65,860033.51,282.55,130.61,817.23
"QLDSouth","Redland",153.531661987305,-27.4719638824463,0.6,2.23,3.03,47737.44,11790.08,315617.58,57.2,32.73,123.69
"WASouth","Northampton",114.061492919922,-27.4315166473389,0.6,1.55,2.6,5427.52,1828.88,23281.8,1216.43,468.36,4486.49
"QLDSouth","Redland",153.244369506836,-27.4651298522949,0.6,2.22,2.48,130799.74,26776.57,1146266.75,1369.54,518.39,5173.34
"QLDSouth","Redland",153.359146118164,-27.4843215942383,0.6,2.22,2.47,103138.47,22437.17,820020.07,301.32,135.68,911.99
"QLDSouth","Redland",153.547256469727,-27.4374237060547,0.6,2.23,2.91,69402.55,16223.36,495769.5,86.95,46.43,208.02
"WASouth","Northampton",114.043167114258,-27.3897266387939,0.6,1.55,2.59,5722.89,1907.46,24958.2,1245.36,479.85,4579.67
"QLDSouth","Brisbane",153.223556518555,-27.3968029022217,0.6,2.22,2.33,151061.7,30146.35,1375057,3306.18,1135.33,14121.23
"QLDSouth","Brisbane",153.401565551758,-27.3549575805664,0.6,2.22,2.41,89373.99,19819.17,692221.33,200.08,94.25,572.66
"QLDSouth","Redland",153.522552490234,-27.4183692932129,0.6,2.22,3.31,98520.98,21813.44,760522.76,32.14,20.04,61.52
"WASouth","Northampton",114.017066955566,-27.3340930938721,0.6,1.55,3.04,5600.24,1877.74,24193.57,31.99,19.66,62.98
"QLDSouth","Brisbane",153.416473388672,-27.3524513244629,0.6,2.22,2.87,89521.12,19936.01,687893.01,34.31,20.72,69.47
"QLDSouth","Brisbane",153.440856933594,-27.340763092041,0.6,2.22,3.14,119698.22,25637.4,970093.12,39.91,24.11,79.83
"WASouth","Northampton",113.987716674805,-27.2875595092773,0.6,1.55,2.6,6068.5,2011.66,26635.39,1410.21,527.34,5438.93
"QLDSouth","Brisbane",153.186660766602,-27.3478660583496,0.6,2.22,2.88,168064.78,33325.26,1537109.24,41.02,24.71,82.36
"WASouth","Northampton",113.968650817871,-27.2540225982666,0.6,1.55,2.6,6108.95,2019.9,26925.97,1083.95,418.41,4010.65
"QLDSouth","Moreton Bay",153.117752075195,-27.249116897583,0.6,2.22,2.59,158720.28,31856.69,1424564.18,75.17,41.71,168.98
"WANorth","Shark Bay",113.934410095215,-27.1946182250977,0.6,1.55,2.59,6692.51,2180.78,30122.38,1043.95,405,3836.12
"QLDSouth","Moreton Bay",153.122039794922,-27.206563949585,0.6,2.22,2.82,157143.8,31659.02,1401495.14,46.57,27.69,94.98
"WANorth","Shark Bay",113.906616210938,-27.1532363891602,0.6,1.55,2.59,7550.6,2411.52,34987.49,992.77,387.9,3612.03
"QLDSouth","Moreton Bay",153.116012573242,-27.1891937255859,0.6,2.22,2.47,162958.34,32626.96,1466737.41,103.32,55.42,242.19
"WANorth","Shark Bay",113.880958557129,-27.1076793670654,0.6,1.55,2.69,7882.99,2498.98,36928.64,299.5,138.05,867.38
"QLDSouth","Moreton Bay",153.197082519531,-27.0994625091553,0.6,2.22,3.09,156559.96,31660.56,1386853.14,36.01,22.14,70.22
"WANorth","Shark Bay",113.85131072998,-27.0595798492432,0.6,1.55,2.62,8385.95,2630.94,39883.19,340.52,152.73,1029.19
"QLDSouth","Moreton Bay",153.209136962891,-27.0748748779297,0.6,2.22,3.11,152977.99,30652.33,1380802.46,37.79,23.04,74.6
"WANorth","Shark Bay",113.82349395752,-27.0176544189453,0.6,1.54,2.62,9172.24,2841,44407.82,242.87,113.74,692.82
"QLDSouth","Moreton Bay",153.187713623047,-27.0352001190186,0.6,2.22,3.18,157837.4,32004.52,1390465.9,36.52,22.33,71.88
"WANorth","Shark Bay",113.789260864258,-26.9580612182617,0.6,1.54,2.62,9643.91,2960.48,47312.78,238.6,111.55,683.73
"QLDSouth","Moreton Bay",153.166458129883,-26.9934272766113,0.6,1.96,2.98,213431.95,41345.15,2006485.61,37.88,22.94,75.7
"WANorth","Shark Bay",113.756118774414,-26.9057579040527,0.6,1.76,2.65,10503.98,3189.26,52300.33,872.43,345.61,3120.75
"QLDSouth","Sunshine Coast",153.150405883789,-26.933385848999,0.6,1.95,2.99,458636.51,78173.41,5202150.27,40.53,24.28,82.27
"WANorth","Shark Bay",113.716842651367,-26.859920501709,0.6,1.76,2.88,11073.09,3333.1,55828.41,101.33,53.17,247.94
"QLDSouth","Sunshine Coast",153.138488769531,-26.8879661560059,0.6,1.95,2.98,516622.67,86646.25,5991194.15,43.62,25.88,89.75
"WANorth","Shark Bay",113.699493408203,-26.8327312469482,0.6,1.76,2.79,11864.92,3526.97,60943.44,224.76,106.5,630.43
"QLDSouth","Sunshine Coast",153.137466430664,-26.8345317840576,0.6,1.95,2.98,430630.74,74689.91,4747630.92,45.69,27.04,94.16
"WANorth","Shark Bay",113.653076171875,-26.7785549163818,0.6,1.76,3.37,12449.61,3669.78,64742.94,27.31,17.34,51.09
"QLDSouth","Sunshine Coast",153.154235839844,-26.7919158935547,0.6,1.95,3,372377.66,66582.66,3916358.03,43.04,25.87,86.47
"WANorth","Shark Bay",113.611312866211,-26.7192153930664,0.6,1.76,2.93,12724.24,3737.45,66511.24,109.81,57.51,268.04
"QLDSouth","Sunshine Coast",153.140274047852,-26.7403335571289,0.6,1.95,2.98,270489.13,50971.54,2635174.43,42.59,25.64,85.35
"WANorth","Shark Bay",113.591339111328,-26.6928386688232,0.6,1.76,3.3,13171.25,3842.67,69555.02,45.77,27.41,92.28
"WANorth","Shark Bay",113.548553466797,-26.6462440490723,0.6,1.76,2.92,13179.2,3826.6,70206.65,132.3,67.65,333.51
"QLDSouth","Sunshine Coast",153.140197753906,-26.6791191101074,0.6,1.95,2.99,246013.09,47104.57,2341321.36,41.06,25.05,80.46
"WANorth","Shark Bay",113.485038757324,-26.5832023620605,0.6,1.76,2.88,15163.31,4288.96,84005.03,163.9,81.65,427.58
"QLDSouth","Sunshine Coast",153.102966308594,-26.6068859100342,0.6,1.96,2.95,198519.64,39084.59,1819575.03,48.83,29.19,98.32
"WANorth","Shark Bay",113.431434631348,-26.5368385314941,0.6,1.76,3.71,14987.03,4228.18,83485.36,18.33,12.41,31.25
"WANorth","Shark Bay",113.662147521973,-26.5924301147461,0.6,1.94,3.18,70.31,38.31,164.48,17.49,11.96,29.35
"WANorth","Shark Bay",113.764892578125,-26.5810394287109,0.6,1.93,3.19,72.19,39.28,169.01,17.06,11.71,28.44
"WANorth","Shark Bay",113.810691833496,-26.5695495605469,0.6,1.94,2.37,69.75,38.2,161.67,130.1,67.13,322.82
"QLDSouth","Sunshine Coast",153.10090637207,-26.5563278198242,0.6,1.96,2.99,147879.5,30309.06,1282506.67,42.02,25.46,83.35
"WANorth","Shark Bay",113.392501831055,-26.5031471252441,0.6,1.76,3.57,15228.19,4262.92,85967.23,26.99,17.32,49.51
"WANorth","Shark Bay",113.64680480957,-26.5066165924072,0.6,1.93,3.22,79.2,42.5,189.1,17.42,11.92,29.21
"WANorth","Shark Bay",113.862808227539,-26.5229339599609,0.6,1.93,2.35,72.66,39.72,168.47,190.98,93.67,507.65
"QLDSouth","Sunshine Coast",153.098251342773,-26.5055313110352,0.6,1.96,3,150405.91,30719.49,1311436.23,42.53,25.77,84.27
"WANorth","Shark Bay",113.339424133301,-26.4473876953125,0.6,1.76,3.57,15182.67,4238.39,86168.42,27.95,17.75,52.22
"WANorth","Shark Bay",113.629089355469,-26.4602909088135,0.6,1.92,3.16,82.95,44.19,200.14,21.01,14.05,36.31
"WANorth","Shark Bay",113.874473571777,-26.4550762176514,0.6,1.93,2.38,79.45,42.97,186.84,187.9,92.51,496.43
"QLDSouth","Noosa",153.107833862305,-26.4570808410645,0.6,1.96,2.05,142066.51,29251.37,1224881.19,201.52,101.28,510.19
"WANorth","Shark Bay",113.295753479004,-26.400369644165,0.6,1.76,3.49,14691.15,4141.88,82044.88,33.12,20.45,64.39
"WANorth","Shark Bay",113.566497802734,-26.4210052490234,0.6,1.92,3.16,88.6,46.64,217.67,21.97,14.6,38.29
"WANorth","Shark Bay",113.867027282715,-26.4105014801025,0.6,1.92,2.43,83.51,44.86,198.14,157.49,79.49,401.95
"QLDSouth","Noosa",153.120483398438,-26.4043865203857,0.6,1.96,2.38,129158.26,26941.94,1093828.56,100.24,54.39,230.42
"WANorth","Shark Bay",113.287734985352,-26.361421585083,0.6,1.76,3.51,15410.36,4282.9,88097.41,28.96,18.26,54.72
"WANorth","Shark Bay",113.563659667969,-26.3592872619629,0.6,1.92,3.14,95.1,49.65,236.09,26.47,17.08,48.12
"WANorth","Shark Bay",113.856956481934,-26.3670234680176,0.6,1.92,3.28,87.96,46.96,210.35,18.44,12.38,31.88
"WANorth","Shark Bay",114.033073425293,-26.3912200927734,0.6,1.95,3.23,60.55,34.5,131.44,15.12,10.53,24.77
"WANorth","Shark Bay",114.155731201172,-26.3952674865723,0.6,1.95,2.15,57.03,32.77,122.38,133.37,69.25,326.5
"WANorth","Shark Bay",113.277931213379,-26.3147201538086,0.6,1.76,3.5,15271.38,4252.15,87054.73,29.36,18.47,55.64
"WANorth","Shark Bay",113.552940368652,-26.3299407958984,0.6,1.91,3.15,99.95,51.87,250.1,27.57,17.68,50.59
"WANorth","Shark Bay",113.853805541992,-26.3105525970459,0.6,1.91,3.21,96.22,50.8,233.57,20.56,13.61,36.25
"WANorth","Shark Bay",114.002883911133,-26.3639087677002,0.6,1.94,3.25,63.63,36.01,139.43,17.36,11.78,29.57
"WANorth","Shark Bay",114.206985473633,-26.3402328491211,0.6,1.95,2.19,58.01,33.29,124.61,369.98,166.58,1103.71
"QLDSouth","Noosa",153.066970825195,-26.3208141326904,0.6,1.96,2.96,110047.12,23469.43,903902.18,41.21,24.99,81.72
"WANorth","Shark Bay",113.243339538574,-26.2524394989014,0.6,1.76,3.4,15025,4192.02,85420.37,18.79,12.61,32.49
"WANorth","Shark Bay",113.52661895752,-26.277271270752,0.6,1.91,3.08,102.13,52.85,256.53,41.02,24.53,83.49
"WANorth","Shark Bay",113.742134094238,-26.2374496459961,0.6,1.9,3.16,118.24,60.35,301.66,30.03,18.76,57.54
"WANorth","Shark Bay",113.803512573242,-26.2646484375,0.6,1.91,3.17,106.36,55.27,264.18,25.45,16.31,47.01
"WANorth","Shark Bay",113.970413208008,-26.2838077545166,0.6,1.93,3.25,71.97,40.05,161.36,18.12,12.23,31.04
"WANorth","Shark Bay",114.200401306152,-26.2473735809326,0.6,1.94,2.25,65.17,36.89,142.46,295.92,137.62,843.48
"QLDSouth","Noosa",153.074661254883,-26.273588180542,0.6,1.96,2.88,90384.09,19806.25,715106.93,51.87,30.67,106.18
"WANorth","Shark Bay",113.19229888916,-26.1995239257812,0.6,1.76,3.39,15112.2,4210.7,86097.51,18.73,12.58,32.34
"WANorth","Shark Bay",113.518592834473,-26.2752437591553,0.6,1.91,3.2,101.08,52.4,253.27,18.78,12.78,31.67
"WANorth","Shark Bay",113.688735961914,-26.2243900299072,0.6,1.9,3.21,123.95,62.75,320.08,26.07,16.67,48.28
"WANorth","Shark Bay",113.964813232422,-26.2407760620117,0.6,1.93,3.21,76.46,42.23,173.15,18.06,12.23,30.78
"WANorth","Shark Bay",114.193939208984,-26.2185649871826,0.6,1.94,2.38,66.76,37.69,146.44,195.33,95.97,516.71
"QLDSouth","Noosa",153.084457397461,-26.2195510864258,0.6,1.96,2.88,83159.46,18414.79,648829.91,52.42,30.77,108.65
"WANorth","Shark Bay",113.170143127441,-26.1732273101807,0.6,1.76,3.52,15280.2,4246.38,87415.05,22.62,14.83,40.36
"WANorth","Shark Bay",113.448776245117,-26.1863288879395,0.6,1.9,3.22,117.87,59.72,305.06,19.03,12.94,32.11
"WANorth","Shark Bay",113.658096313477,-26.1673069000244,0.6,1.89,3.26,138.41,69.21,362.95,30.41,18.88,58.94
"WANorth","Shark Bay",113.948387145996,-26.1591377258301,0.6,1.92,3.22,83.57,45.63,192.18,18.38,12.43,31.37
"WANorth","Shark Bay",114.182083129883,-26.1729850769043,0.6,1.94,2.43,69.28,38.95,152.72,177.53,88.4,461
"QLDSouth","Noosa",153.100616455078,-26.1734504699707,0.6,1.97,2.36,78440.31,17494.2,606277.2,46.54,28.17,91.84
"WANorth","Shark Bay",113.158309936523,-26.1391716003418,0.6,1.76,3.44,14211.9,3962.19,81207.56,23.25,15.23,41.48
"WANorth","Shark Bay",113.422157287598,-26.1293029785156,0.6,1.9,3.28,124.6,62.87,323.66,22.41,14.73,39.77
"WANorth","Shark Bay",113.57869720459,-26.1020202636719,0.6,1.89,3.19,145.84,72.27,387.73,18.64,12.68,31.44
"WANorth","Shark Bay",113.710426330566,-26.1390037536621,0.6,1.94,3.12,63.76,35.5,144.05,17.85,12.22,29.85
"WANorth","Shark Bay",113.826751708984,-26.149715423584,0.6,1.94,3.2,67.9,37.57,154.6,30.76,19.08,59.63
"WANorth","Shark Bay",113.950996398926,-26.1384811401367,0.6,1.92,3.24,85.23,46.4,196.87,17.31,11.83,29.12
"WANorth","Shark Bay",114.210922241211,-26.1381092071533,0.6,1.94,2.44,66.09,37.4,144.38,188.44,92.96,495.93
"QLDSouth","Gympie",153.111801147461,-26.1201992034912,0.6,1.96,2.87,79447.43,17666.82,616904.77,39.84,24.24,78.71
"WANorth","Shark Bay",113.15983581543,-26.0855331420898,0.6,1.76,3.1,13594.81,3832.2,76327.57,21.06,14.01,36.73
"WANorth","Shark Bay",113.402076721191,-26.1020908355713,0.6,1.89,3.25,136.2,67.76,361.2,22.01,14.56,38.68
"WANorth","Shark Bay",113.570701599121,-26.0803298950195,0.6,1.89,3.28,148.74,73.64,395.45,20.88,13.89,36.47
"WANorth","Shark Bay",113.715957641602,-26.0783500671387,0.6,1.94,3.13,69.08,37.95,159.26,18.33,12.51,30.8
"WANorth","Shark Bay",113.835159301758,-26.1140918731689,0.6,1.94,3.22,70.08,38.57,160.86,17.72,12.16,29.51
"WANorth","Shark Bay",113.911178588867,-26.0832595825195,0.6,1.92,3.24,93.12,49.99,219.45,19.26,12.96,33.1
"WANorth","Carnarvon",114.231964111328,-26.0853595733643,0.6,1.94,2.51,68.34,38.49,150.3,156.64,79.44,396.44
"QLDSouth","Gympie",153.129623413086,-26.08131980896,0.6,1.97,2.97,75103.41,16806.07,578547.95,41.77,25.25,83.27
"WANorth","Shark Bay",113.12956237793,-26.0266876220703,0.6,1.76,3.32,12761.19,3634.26,70590.36,23.48,15.41,41.72
"WANorth","Shark Bay",113.279312133789,-26.0415687561035,0.6,1.88,3.13,178.3,84.88,504.43,22.75,14.99,40.2
"WANorth","Shark Bay",113.312164306641,-26.0379962921143,0.6,1.89,3.16,142.91,70.29,386.1,21.61,14.31,37.98
"WANorth","Shark Bay",113.360961914062,-26.0402011871338,0.6,1.89,3.27,148.65,72.71,404.7,22.33,14.75,39.35
"WANorth","Shark Bay",113.562828063965,-26.0454349517822,0.6,1.88,3.3,166.87,81.25,454.14,21.99,14.5,38.88
"WANorth","Shark Bay",113.722595214844,-26.0345668792725,0.6,1.93,3.22,73.08,39.81,170.58,21.89,14.44,38.69
"WANorth","Shark Bay",113.862182617188,-26.0217094421387,0.6,1.93,3.21,80.46,43.43,189.73,18.01,12.36,29.95
"WANorth","Shark Bay",113.898162841797,-26.0388717651367,0.6,1.92,2.57,92.36,49.51,218.35,15.54,10.79,25.53
"WANorth","Carnarvon",114.206573486328,-26.0333461761475,0.6,1.93,2.58,76.41,42.35,171.88,135.46,70.27,331.83
"QLDSouth","Gympie",153.154998779297,-26.0190143585205,0.6,1.97,3,73267.11,16419.17,563791.63,47.36,28.16,96.54
"WANorth","Shark Bay",113.074462890625,-25.9681720733643,0.6,1.76,3.44,11896.49,3421.75,64906.17,26.11,16.69,48.38
"WANorth","Shark Bay",113.201103210449,-25.997106552124,0.6,1.88,2.55,163.4,78.86,453.29,24.81,15.96,45.56
"WANorth","Shark Bay",113.549812316895,-25.973316192627,0.6,1.88,2.6,191.98,91.82,535.15,18.92,12.57,33.34
"WANorth","Shark Bay",113.73486328125,-25.9879550933838,0.6,1.93,2.62,81.97,43.96,195.39,16.1,11.14,26.57
"WANorth","Carnarvon",114.191688537598,-25.990837097168,0.6,1.93,2.59,76.41,42.3,172.3,144.73,74.49,358.22
"QLDSouth","Gympie",153.177352905273,-25.9748039245605,0.6,1.97,3.03,66087.07,14992.45,500504.46,32.48,20.41,61.19
"WANorth","Shark Bay",113.044639587402,-25.9309673309326,0.6,1.76,3.38,12586.13,3582.52,69753.14,34.01,20.92,66.49
"WANorth","Shark Bay",113.154029846191,-25.9391899108887,0.6,1.88,2.63,173.02,82.71,486.69,20.74,13.61,37.15
"WANorth","Shark Bay",113.756805419922,-25.9245586395264,0.6,1.91,2.66,100.39,52.47,247.63,15.2,10.6,24.81
"WANorth","Carnarvon",114.213706970215,-25.9665393829346,0.6,1.94,2.63,70.06,39.04,156.97,123.88,65.31,296.18
"QLDSouth","Gympie",153.196014404297,-25.9365634918213,0.6,2.83,3.76,69696.89,15692.92,533397.42,50.44,29.66,104.5
"WANorth","Shark Bay",113.02271270752,-25.891149520874,0.6,1.76,2.62,10445.14,3042.36,56149.4,22.96,14.76,42.44
"WANorth","Shark Bay",113.157447814941,-25.8942527770996,0.6,1.88,2.54,177.45,84.78,498.71,27.12,17.21,50.8
"WANorth","Shark Bay",113.517280578613,-25.8920707702637,0.6,1.87,2.55,226.79,105.7,656.17,21.61,14.13,38.91
"WANorth","Shark Bay",113.768173217773,-25.9000301361084,0.6,1.9,2.66,118.06,60.3,300.73,16.21,11.22,26.72
"WANorth","Carnarvon",114.233070373535,-25.8787040710449,0.6,1.93,2.7,76.28,41.81,175.32,82.32,45.44,185.69
"QLDSouth","Gympie",153.175277709961,-25.9199466705322,0.6,2.83,3.8,77830.89,17290.29,606286.64,41.99,25.4,83.53
"WANorth","Shark Bay",112.98983001709,-25.8296146392822,0.6,1.77,2.62,9549.04,2810.12,50658.98,23.77,15.23,44.16
"WANorth","Shark Bay",113.149253845215,-25.8800354003906,0.6,1.87,2.48,207.06,96.8,599.89,32.79,20.25,63.8
"WANorth","Shark Bay",113.464241027832,-25.8200645446777,0.6,1.86,2.56,278.9,125.92,844.78,22.59,14.71,40.87
"WANorth","Shark Bay",113.765983581543,-25.8768615722656,0.6,1.89,2.62,136.21,68.18,356.9,19.51,13.11,33.58
"WANorth","Carnarvon",114.18896484375,-25.8362445831299,0.6,1.91,2.53,100.73,53.03,244.98,186.95,92.72,487.35
"QLDSouth","Gympie",153.084014892578,-25.8544025421143,0.6,2.84,3.83,52250.89,12246.83,378244.48,37.7,23.14,73.51
"WANorth","Shark Bay",112.966743469238,-25.7923622131348,0.6,1.77,2.59,9358.38,2757.15,49608.83,25.49,16.13,48.22
"WANorth","Shark Bay",113.11368560791,-25.8178024291992,0.6,1.87,2.5,227.97,105.42,669.45,32.68,20.21,63.45
"WANorth","Shark Bay",113.455863952637,-25.8108425140381,0.6,1.86,2.53,282.78,127.29,860.61,21.19,13.87,38.06
"WANorth","Shark Bay",113.72785949707,-25.8003177642822,0.6,1.88,2.57,164.55,79.68,453.2,24.02,15.66,43.13
"WANorth","Carnarvon",114.133605957031,-25.7802562713623,0.6,1.89,2.39,140.08,70.26,364.89,412.15,182.84,1254.81
"QLDSouth","Fraser Coast",153.085327148438,-25.7930164337158,0.6,2.85,3.73,22394.03,5965.66,135142.57,41.27,24.89,82.64
"WANorth","Shark Bay",112.969444274902,-25.7448596954346,0.6,1.77,2.56,7284.87,2206.89,37281.12,27.53,17.14,53.46
"WANorth","Shark Bay",113.079116821289,-25.7502117156982,0.6,1.86,2.49,254.15,115.86,760.9,38.95,23.49,78.36
"WANorth","Shark Bay",113.432159423828,-25.7516574859619,0.6,1.86,2.55,299.14,133.84,917.11,22.8,14.68,42.09
"WANorth","Shark Bay",113.673324584961,-25.7584323883057,0.6,1.89,2.54,157.86,76.98,430.22,25.97,16.75,47.33
"WANorth","Carnarvon",114.111671447754,-25.7504196166992,0.6,1.89,2.61,157.5,77.29,424.11,170.6,85.65,437.42
"QLDSouth","Fraser Coast",153.09001159668,-25.7552299499512,0.6,2.85,3.8,23942.83,6234.22,150081.04,44.39,26.45,90.5
"WANorth","Shark Bay",112.942481994629,-25.6842365264893,0.6,1.77,2.56,6215.37,1924.06,30876.36,27.85,17.34,54.02
"WANorth","Shark Bay",113.072257995605,-25.7167644500732,0.6,1.86,2.48,288.66,129.61,881.42,41.03,24.51,83.71
"WANorth","Shark Bay",113.410232543945,-25.70237159729,0.6,1.85,2.53,337.58,148.86,1054.73,24.35,15.51,45.66
"WANorth","Shark Bay",113.616310119629,-25.7126617431641,0.6,1.88,2.53,183.57,87.63,515.41,26.37,16.93,48.38
"WANorth","Carnarvon",114.065330505371,-25.6924648284912,0.6,1.88,2.58,177.31,85.15,493.45,212.54,103.82,565.15
"QLDSouth","Fraser Coast",153.086318969727,-25.7141304016113,0.6,2.84,3.78,36990.42,9047.37,253095.99,43.77,26.14,88.91
"WANorth","Shark Bay",112.930847167969,-25.6511478424072,0.6,1.77,2.56,6221.35,1923.71,30970.02,25.16,15.85,48.1
"WANorth","Shark Bay",113.055541992188,-25.6734848022461,0.6,1.85,2.49,351.89,153.58,1118.09,41.35,24.65,84.69
"WANorth","Shark Bay",113.414222717285,-25.6686573028564,0.6,1.85,2.51,361.85,158.29,1142.11,25.61,16.21,48.45
"WANorth","Shark Bay",113.595527648926,-25.656852722168,0.6,1.87,2.54,211.58,99.04,610.37,25.24,16.3,45.96
"WANorth","Carnarvon",114.020736694336,-25.6579189300537,0.6,1.88,2.64,168.26,81.66,460.6,171.68,86.62,435.88
"QLDSouth","Fraser Coast",153.081512451172,-25.658296585083,0.6,2.85,3.73,26068.08,6682.77,167259.71,42.72,25.59,86.44
"WANorth","Shark Bay",112.91576385498,-25.6081619262695,0.6,1.77,2.54,6145.92,1896.03,30751.74,25.91,16.25,49.84
"WANorth","Shark Bay",113.042152404785,-25.6116275787354,0.6,1.84,2.54,435.81,185.53,1429.4,38.23,23.02,77.19
"WANorth","Shark Bay",113.432960510254,-25.6172618865967,0.6,1.85,2.5,383.34,166.44,1222.28,25.98,16.4,49.32
"WANorth","Shark Bay",113.57640838623,-25.6127490997314,0.6,1.86,2.55,243.48,111.64,723.25,25.11,16.19,45.87
"WANorth","Carnarvon",113.997688293457,-25.6122951507568,0.6,1.89,2.67,159.64,78.1,432,162.99,83.29,405.59
"QLDSouth","Fraser Coast",153.105392456055,-25.5856399536133,0.6,2.84,3.7,30767.16,7688.97,204738.72,42.93,25.64,87.32
"WANorth","Shark Bay",112.919387817383,-25.572078704834,0.6,1.78,2.72,4474.09,1433.37,21313.59,16.52,11.12,28.7
"WANorth","Shark Bay",113.019607543945,-25.5678997039795,0.6,1.84,2.56,514.59,214.74,1732.12,33.67,20.67,66.15
"WANorth","Shark Bay",113.466903686523,-25.5642185211182,0.6,1.84,2.51,459.65,194.8,1514.67,29.58,18.48,56.7
"WANorth","Shark Bay",113.521896362305,-25.5663013458252,0.6,1.86,2.58,303.66,135.27,937.84,24,15.54,43.63
"WANorth","Carnarvon",113.984039306641,-25.560230255127,0.6,1.88,2.66,165.06,80.23,451.18,160.58,82.49,396.12
"QLDSouth","Fraser Coast",153.117279052734,-25.5545215606689,0.6,2.84,3.62,27793.09,7041.05,181535.02,31.04,19.72,57.51
"WANorth","Shark Bay",112.919868469238,-25.5312461853027,0.6,1.78,2.83,5227.42,1641.71,25576.32,12.07,8.49,19.73
"WANorth","Shark Bay",113.022674560547,-25.5107650756836,0.6,1.83,2.69,658.79,267.83,2289,26.59,16.95,49.48
"WANorth","Carnarvon",113.957572937012,-25.5122013092041,0.6,1.87,2.68,205.84,97.18,585.27,154.1,79.65,376.88
"QLDSouth","Fraser Coast",153.13655090332,-25.5028553009033,0.6,2.84,3.65,30377.31,7587.71,202509.3,17.13,11.67,29.01
"WANorth","Shark Bay",112.958602905273,-25.4818725585938,0.6,1.78,2.84,4493.99,1434.07,21561.57,12.89,8.97,21.37
"WANorth","Shark Bay",112.978309631348,-25.4784851074219,0.6,1.79,2.7,2438.38,836.34,10655.33,26.44,16.83,49.32
"WANorth","Carnarvon",113.931976318359,-25.4735069274902,0.6,1.87,2.7,215.05,101.13,614.15,145.87,75.94,353.29
"QLDSouth","Fraser Coast",153.157104492188,-25.4490642547607,0.6,2.85,3.29,25952.26,6621.34,168060.88,29.38,18.42,55.99
"WANorth","Carnarvon",113.905830383301,-25.4210529327393,0.6,1.86,2.73,242.01,112.42,701.3,137.94,72.47,329.72
"QLDSouth","Fraser Coast",153.173034667969,-25.4173946380615,0.6,2.84,3.28,32426.19,8020.31,219207.87,30.59,19.07,58.81
"WANorth","Carnarvon",113.887504577637,-25.375415802002,0.6,1.86,3.02,265.08,121.8,779.23,2158.25,748.52,9315.58
"QLDSouth","Fraser Coast",152.920608520508,-25.3752250671387,0.6,2.84,2.97,36921.99,8818.59,264181.07,2685.76,900.72,12164.44
"QLDSouth","Fraser Coast",153.016967773438,-25.3915557861328,0.6,2.85,2.71,21246.91,5568.02,132646.84,150.66,78.18,366.3
"QLDSouth","Fraser Coast",153.20832824707,-25.3429145812988,0.6,2.85,3.26,25298.91,6465.77,163584.69,32.55,20.11,63.31
"WANorth","Carnarvon",113.86693572998,-25.3127536773682,0.6,1.85,3.02,314.36,141.23,952.61,1890.63,670.9,7887.07
"QLDSouth","Fraser Coast",152.960266113281,-25.3060207366943,0.6,2.84,2.99,32080.47,7935.75,216979.75,2258.24,781.88,9746.71
"QLDSouth","Fraser Coast",152.996765136719,-25.3283252716064,0.6,2.85,2.66,22830.17,5965.19,142634.18,180.38,91.29,454.01
"QLDSouth","Fraser Coast",153.220764160156,-25.3178386688232,0.6,2.85,3.24,24013.4,6187.35,153467.9,36.52,22.21,72.62
"WANorth","Carnarvon",113.848014831543,-25.2753429412842,0.6,1.84,3.04,402.28,175.14,1271.35,1258.63,474.32,4822.01
"QLDSouth","Fraser Coast",152.975250244141,-25.2924308776855,0.6,2.85,2.68,20240.51,5531.66,117281.89,188.55,94.91,477.96
"QLDSouth","Fraser Coast",153.246276855469,-25.2687702178955,0.6,2.85,3.26,22186.24,5798.55,138804.69,41.59,24.75,85.38
"WANorth","Carnarvon",113.834495544434,-25.2315101623535,0.6,1.85,3.23,384.96,168.38,1209.65,100.59,51.52,258.23
"QLDSouth","Fraser Coast",152.680648803711,-25.2434177398682,0.6,2.85,3.62,24185.03,6161.07,157823.01,28.95,17.77,57.6
"QLDSouth","Fraser Coast",152.735366821289,-25.2627124786377,0.6,2.85,3.25,24975.18,6413.24,160211.11,185.06,87.84,525.06
"QLDSouth","Fraser Coast",152.803985595703,-25.2456855773926,0.6,2.85,2.99,25055.09,6505.64,157397.17,2530.05,873.08,10901.01
"QLDSouth","Fraser Coast",152.830856323242,-25.2454967498779,0.6,2.85,3.05,24214.86,6421.33,146630.72,1569.57,569.06,6370.49
"QLDSouth","Fraser Coast",152.900268554688,-25.2767868041992,0.6,2.85,3.09,15854.92,4560.2,84960.73,861.08,340.18,3099.11
"QLDSouth","Fraser Coast",152.999938964844,-25.2313385009766,0.6,2.85,2.7,15656.96,4518.76,83441.52,187.61,94.13,478.57
"QLDSouth","Fraser Coast",153.269393920898,-25.2187080383301,0.6,2.85,3.23,21402.19,5610.8,133457.66,52.05,29.98,111.9
"WANorth","Carnarvon",113.809951782227,-25.180456161499,0.6,1.84,3.08,501.95,212.21,1651.01,356.28,151.32,1193.13
"QLDSouth","Fraser Coast",152.638671875,-25.2031402587891,0.6,2.85,3.14,21349.54,5468.31,139108.1,433.11,186.92,1384.26
"QLDSouth","Fraser Coast",153.007949829102,-25.1947975158691,0.6,2.85,2.74,26636.69,6867.83,168852.06,202.75,100.38,527.45
"QLDSouth","Fraser Coast",153.290267944336,-25.1729202270508,0.6,2.85,3.2,25816.13,6596.22,166783.07,75.37,40.83,177.35
"WANorth","Carnarvon",113.73747253418,-25.1302757263184,0.6,1.82,3.05,756.72,304.48,2654.82,389.98,163.75,1325.88
"QLDSouth","Bundaberg",152.623168945312,-25.1364898681641,0.6,2.85,3.32,17448.14,4629.59,107869.15,71.38,39.16,164.61
"QLDSouth","Fraser Coast",153.071655273438,-25.1507892608643,0.6,2.84,2.72,37564.33,8966.88,268743.42,239.71,115.62,647.37
"QLDSouth","Fraser Coast",153.315719604492,-25.1182537078857,0.6,2.84,3.19,28202.99,7115.05,185476.15,79.42,42.51,190.48
"WANorth","Carnarvon",113.69261932373,-25.0909976959229,0.6,1.82,3.06,816.06,327.34,2864.47,386.72,162.38,1315.68
"QLDSouth","Bundaberg",152.568420410156,-25.0996189117432,0.6,2.85,3.22,16869.65,4479.7,104380.17,114.26,59.07,285.09
"QLDSouth","Fraser Coast",153.126556396484,-25.1073627471924,0.6,2.84,2.76,42325.79,9880.29,313228.74,226.55,109.98,606.79
"QLDSouth","Fraser Coast",153.333526611328,-25.0741291046143,0.6,2.84,3.22,29693.99,7411.47,198538.02,55.74,31.41,124.37
"WANorth","Carnarvon",113.661598205566,-25.0344772338867,0.6,1.82,3.19,736.87,300.88,2519.05,129.39,63.83,350.36
"QLDSouth","Bundaberg",152.544769287109,-25.056697845459,0.6,2.57,2.94,18150.66,4775.67,113693.04,119.68,61.56,300.55
"QLDSouth","Fraser Coast",153.170776367188,-25.055944442749,0.6,2.84,2.75,41227.87,9653.03,303932.47,274.69,128.9,773.86
"QLDSouth","Fraser Coast",153.357498168945,-25.0332279205322,0.6,2.84,3.24,40749.77,9759.53,288104.98,44.93,26.04,96.55
"WANorth","Carnarvon",113.656776428223,-24.9929332733154,0.6,1.83,3.17,564.52,237.65,1856.06,127.02,62.8,342.99
"QLDSouth","Bundaberg",152.508392333984,-25.0020694732666,0.6,2.57,2.98,19353.43,5042.28,122947.21,94.65,51.01,221.22
"QLDSouth","Fraser Coast",153.204940795898,-25.0136394500732,0.6,2.84,2.81,42413.04,9887.87,314597.48,215.12,104.48,577.68
"QLDSouth","Fraser Coast",153.356231689453,-24.9981651306152,0.6,2.84,3.24,48360.94,11328.17,352307.53,42.53,24.8,90.67
"WANorth","Carnarvon",113.6591796875,-24.9584560394287,0.6,1.84,2.96,497.1,212.5,1602.03,549,222.42,1947.62
"QLDSouth","Bundaberg",152.489791870117,-24.9415721893311,0.6,2.57,2.89,19485.06,5087.26,123234.49,205.7,100.33,549.69
"QLDSouth","Fraser Coast",153.2265625,-24.9354839324951,0.6,2.84,2.84,35501.43,8552.76,250601.32,175.47,87.13,458.45
"QLDSouth","Fraser Coast",153.353256225586,-24.9639568328857,0.6,2.84,3.89,54746.57,12618.03,407656.32,191.67,89.31,562.49
"QLDSouth","Bundaberg",152.498428344727,-24.9030914306641,0.6,2.57,2.89,21093,5461.08,134783.93,264.31,125.12,734.39
"QLDSouth","Fraser Coast",153.194808959961,-24.8763370513916,0.6,2.84,2.8,33030.44,8079.57,227703.62,158.74,79.63,409.65
"QLDSouth","Fraser Coast",153.281875610352,-24.8999462127686,0.6,2.84,3.18,54916.62,12678.63,407546.64,60.18,33.24,138.81
"WANorth","Carnarvon",113.614540100098,-24.8525638580322,0.6,1.82,2.95,729.79,297.39,2506.04,520.97,213.45,1815.49
"QLDSouth","Bundaberg",152.485946655273,-24.8502807617188,0.6,2.57,2.94,22852.36,5855.61,148078.46,246.8,117.14,685.53
"QLDSouth","Fraser Coast",153.168518066406,-24.8398494720459,0.6,2.84,3.06,32792.29,8055.64,224367.44,92.37,49.93,214.96
"QLDSouth","Fraser Coast",153.268493652344,-24.8464603424072,0.6,2.84,3.13,51423.29,11986.29,376520.12,63.81,34.93,149.13
"WANorth","Carnarvon",113.626899719238,-24.8038711547852,0.6,1.83,2.93,637.76,265.27,2126.77,534.96,218.74,1867.7
"QLDSouth","Bundaberg",152.467620849609,-24.8112659454346,0.6,2.57,2.98,25048.4,6348.65,164629.04,232.99,110.88,646.59
"QLDSouth","Fraser Coast",153.143753051758,-24.8237190246582,0.6,2.84,3.05,33766.79,8272.12,231772.76,116.66,60.96,284.76
"QLDSouth","Fraser Coast",153.267044067383,-24.805269241333,0.6,2.84,3.26,49169.1,11538.51,356575.98,44.27,25.75,94.51
"WANorth","Carnarvon",113.607635498047,-24.7339878082275,0.6,1.82,2.99,836.54,337.75,2895.61,86.36,46.71,201.77
"QLDSouth","Fraser Coast",153.160522460938,-24.7521915435791,0.6,2.84,3.3,44613.47,10871.82,303594.27,88.72,48.23,204.89
"QLDSouth","Fraser Coast",153.270690917969,-24.7551422119141,0.6,2.84,3.25,41539.18,9973.47,291938.77,47.03,27.12,101.69
"WANorth","Carnarvon",113.585609436035,-24.7049198150635,0.6,1.82,3.13,922.17,368.63,3230.63,124.48,62.57,325.81
"QLDSouth","Bundaberg",152.309967041016,-24.727632522583,0.6,2.57,3.06,16628.87,4458.19,101153.1,135.73,67.43,361
"QLDSouth","Bundaberg",152.36669921875,-24.7287845611572,0.6,2.57,2.84,21007.36,5462.39,133190.51,114.98,59.53,285.89
"QLDSouth","Fraser Coast",153.216064453125,-24.7082195281982,0.6,2.84,3.48,42624.11,10700.37,275458.68,59.01,33.87,126.57
"QLDSouth","Fraser Coast",153.269912719727,-24.7052879333496,0.6,2.85,3.24,22210.98,5804.83,138957.42,62.09,34.65,139.95
"WANorth","Carnarvon",113.536682128906,-24.6466579437256,0.6,1.81,3.24,1189.22,463.5,4294.04,87.14,46.27,210.84
"QLDSouth","Bundaberg",152.235336303711,-24.6748962402344,0.6,2.58,2.46,14801.72,4054.28,87180.77,57.82,32.85,126.67
"WANorth","Carnarvon",113.49870300293,-24.5978164672852,0.6,1.81,3.09,1319.03,512.54,4757.56,205.39,95.8,598.16
"QLDSouth","Bundaberg",152.14875793457,-24.6201496124268,0.6,2.58,3.01,13206.38,3683.59,75767.97,199.44,93.7,574
"QLDSouth","Bundaberg",152.196136474609,-24.648962020874,0.6,2.58,2.55,15014.19,4119.95,88046.72,53.21,30.69,113.93
"WANorth","Carnarvon",113.43839263916,-24.5435962677002,0.6,1.8,3.1,1716.22,645.34,6466.52,204.87,95.57,596.52
"QLDSouth","Bundaberg",152.125793457031,-24.5961494445801,0.6,2.58,2.53,12733.22,3562.14,72829.59,50.03,29.28,104.68
"WANorth","Carnarvon",113.420707702637,-24.5145587921143,0.6,1.8,3.33,1822.41,679.49,6947.99,72.43,39.59,168.06
"QLDNorth","Gladstone",152.053207397461,-24.5125961303711,0.6,2.58,3.19,10363.57,3007.32,56129.69,76.76,41.57,180.49
"QLDSouth","Bundaberg",152.082656860352,-24.5386180877686,0.6,2.58,2.62,13403.65,3762.29,75922.83,48.81,28.76,100.97
"WANorth","Carnarvon",113.398574829102,-24.4680690765381,0.6,1.79,3.34,2374.53,859.47,9401.57,80.19,43.29,189.06
"QLDNorth","Gladstone",152.020217895508,-24.4516868591309,0.6,2.58,2.63,12572.79,3567.81,70080.97,40.47,24.53,80.4
"WANorth","Carnarvon",113.398719787598,-24.4143238067627,0.6,1.79,3.42,2785.97,986.29,11373.64,60.3,34,133.55
"QLDNorth","Gladstone",152.00390625,-24.4185047149658,0.6,2.58,2.13,12092.53,3448.68,66954.21,161.8,79.76,431.09
"WANorth","Carnarvon",113.398071289062,-24.371509552002,0.6,1.79,3.43,3175.09,1104.81,13269.68,60.92,34.34,134.89
"QLDNorth","Gladstone",151.990173339844,-24.3746223449707,0.6,2.58,2.92,12663.15,3597.38,70408,38.76,23.33,78.22
"WANorth","Carnarvon",113.395683288574,-24.3264846801758,0.6,1.79,3.44,3234.09,1119.55,13629.08,62.41,35.07,138.74
"QLDNorth","Gladstone",151.977767944336,-24.3355083465576,0.6,2.58,2.94,12591.74,3585.82,69720.94,58.08,32.82,128.5
"WANorth","Carnarvon",113.393569946289,-24.2762565612793,0.6,1.78,3.48,3617.82,1239.07,15438.82,57.7,32.88,125.63
"QLDNorth","Gladstone",151.961639404297,-24.2890186309814,0.6,2.58,2.95,13060.12,3704.42,72676.37,36.19,21.69,74.09
"WANorth","Carnarvon",113.387710571289,-24.2301483154297,0.6,1.78,3.64,4272.46,1434.09,18722.6,39.2,23.78,77.93
"QLDNorth","Gladstone",151.950286865234,-24.2453994750977,0.6,2.58,2.81,12911.9,3668.01,71700.47,19.36,12.69,34.95
"WANorth","Carnarvon",113.393035888672,-24.2194747924805,0.6,1.78,3.68,3830.1,1298.57,16591.48,38.2,23.32,75.2
"QLDNorth","Gladstone",151.922622680664,-24.207914352417,0.6,3.1,3.06,13258.39,3760.09,73727.45,67.63,37.51,153.28
"WANorth","Carnarvon",113.411437988281,-24.0960292816162,0.6,1.78,3.07,5246.87,1711.78,23913.44,719.23,289.42,2532.26
"QLDNorth","Gladstone",151.814437866211,-24.1448230743408,0.6,3.1,3.8,12214.42,3508.12,66704.55,70.47,39.12,159.05
"QLDNorth","Gladstone",151.889343261719,-24.1459865570068,0.6,3.1,3.41,13646.35,3864.72,75938.45,885.78,349.92,3181.95
"QLDNorth","Gladstone",151.77946472168,-24.0869579315186,0.6,3.1,3.08,11353.7,3299.31,60963.64,79.96,43.4,186.65
"WANorth","Carnarvon",113.421440124512,-24.0452919006348,0.6,1.78,3.3,5394.26,1751.86,24748.42,651.37,272.14,2151.01
"QLDNorth","Gladstone",151.57682800293,-24.0359382629395,0.6,3.11,3.73,7122.25,2180.67,35787.73,97.19,51.45,234.59
"QLDNorth","Gladstone",151.636505126953,-24.0335903167725,0.6,3.11,3.1,4558.03,1483.26,21061.7,824.46,327.68,2942.69
"QLDNorth","Gladstone",151.771438598633,-24.0289821624756,0.6,3.1,3.34,10753.01,3160.82,56725.63,19.19,12.69,34.09
"WANorth","Carnarvon",113.456199645996,-24.0021705627441,0.6,1.78,3.26,5419.52,1762.82,24785.75,823.64,334.75,2818.87
"QLDNorth","Gladstone",151.470016479492,-23.9934921264648,0.6,3.11,3.28,5655.14,1804.17,26729.81,868.46,350.76,2996.53
"QLDNorth","Gladstone",151.501342773438,-24.0050964355469,0.6,3.11,3.24,6316.57,1981.43,30583.7,723.17,293.78,2499.38
"QLDNorth","Gladstone",151.680267333984,-23.9906253814697,0.6,3.1,3.29,8881.31,2688.1,44940.14,1273.55,488.54,4715.21
"QLDNorth","Gladstone",151.735366821289,-24.0024108886719,0.6,3.1,2.76,10441.83,3092.32,54434.37,90.82,48.37,217.71
"WANorth","Carnarvon",113.464424133301,-23.9410152435303,0.6,1.77,2.74,6034.36,1939.34,28023.89,46.22,26.9,98.32
"WANorth","Carnarvon",113.464508056641,-23.9073162078857,0.6,1.77,3.29,6061.13,1941.37,28315.34,764.99,317.71,2527.2
"QLDNorth","Gladstone",151.389236450195,-23.8761157989502,0.6,3.12,2.75,3759.7,1265.75,16519.01,28.8,17.85,56.17
"WANorth","Carnarvon",113.499412536621,-23.8566093444824,0.6,1.77,2.75,5732.11,1846.94,26580.7,40.35,23.91,83.73
"WANorth","Carnarvon",113.511947631836,-23.8013381958008,0.6,1.77,2.77,6618.16,2099.37,31298.12,25.52,16,49.14
"WANorth","Carnarvon",113.532752990723,-23.7624130249023,0.6,1.77,3.62,7051.06,2218.78,33706.49,151.05,74.97,399.25
"QLDNorth","Gladstone",151.310440063477,-23.7504730224609,0.6,3.13,2.75,2885.7,1001.26,12198.19,28.86,17.86,56.53
"WANorth","Carnarvon",113.574127197266,-23.7141151428223,0.6,1.77,3.63,7098.36,2232.97,33937.74,143.88,72,375.7
"QLDNorth","Gladstone",151.297271728516,-23.700216293335,0.6,3.13,2.75,2836.72,985.91,11967.63,33.31,20.18,67.2
"WANorth","Carnarvon",113.593322753906,-23.6568756103516,0.6,1.77,3.44,7775.35,2422.28,37627.62,371.68,163.99,1151.69
"QLDNorth","Gladstone",151.289306640625,-23.676664352417,0.6,3.13,2.85,2833.7,983.93,11976.81,19.04,12.44,34.63
"WANorth","Carnarvon",113.636512756348,-23.6082191467285,0.6,1.78,3.88,3759.05,1252.7,16831.6,148.34,74.33,385.44
"QLDNorth","Gladstone",150.890869140625,-23.6012115478516,0.6,3.47,3.44,17587.07,4813.38,102554.95,577.28,240.94,1926.15
"QLDNorth","Gladstone",151.242279052734,-23.6224479675293,0.6,3.13,2.67,2790.96,969.48,11798.99,16.74,11.08,30.01
"WANorth","Carnarvon",113.703742980957,-23.5669136047363,0.6,1.77,3.96,6721.49,2121.71,32042.89,80.61,44.14,184.9
"QLDNorth","Rockhampton",150.843353271484,-23.5562496185303,0.6,3.5,4.02,2994.9,1019.2,13093.15,64.76,36.19,145.13
"QLDNorth","Gladstone",150.956024169922,-23.5482921600342,0.6,3.51,3.68,2399.62,858.24,9705.52,116.7,60.21,291.86
"QLDNorth","Gladstone",151.234588623047,-23.5500907897949,0.6,3.13,2.48,2932.52,1011.66,12516.27,28.06,17.46,54.49
"WANorth","Carnarvon",113.761253356934,-23.5080471038818,0.6,1.77,3.66,7037.78,2209.49,33789.7,256.14,120.68,719.6
"QLDNorth","Livingstone",150.842330932617,-23.5058898925781,0.6,3.52,4.03,1239.98,481.02,4504.25,64.67,36.12,145.15
"QLDNorth","Gladstone",150.974456787109,-23.4952774047852,0.6,3.51,3.6,2237.64,802.95,9036.17,199.5,96.78,539.76
"QLDNorth","Gladstone",151.209365844727,-23.5071468353271,0.6,3.5,2.75,3161.54,1078.68,13705.58,64.01,35.6,144.9
"WANorth","Carnarvon",113.772033691406,-23.4601707458496,0.6,1.77,3.67,8023.14,2484.1,39191.13,229.15,110.16,624.64
"QLDNorth","Livingstone",150.843444824219,-23.4517154693604,0.6,3.52,4.01,1246.89,480.29,4587.52,64.8,36.16,145.63
"QLDNorth","Gladstone",150.974609375,-23.4806785583496,0.6,3.51,3.58,2205.46,790.76,8928.17,296.62,137.69,848.28
"QLDNorth","Gladstone",151.099014282227,-23.4751281738281,0.6,3.51,3.87,2508.58,884.52,10387.39,119.13,61.97,292.93
"QLDNorth","Gladstone",151.132568359375,-23.4932537078857,0.6,3.51,2.99,2647.29,924.85,11112.13,46.71,27.3,98.39
"WANorth","Carnarvon",113.771347045898,-23.3920345306396,0.6,2.16,4.06,8752.29,2689.46,43114.39,226.65,109.13,616.41
"QLDNorth","Livingstone",150.832336425781,-23.4267768859863,0.6,3.52,3.7,1215.98,470.16,4449.82,226.26,108.76,617.38
"QLDNorth","Gladstone",151.013870239258,-23.4507179260254,0.6,3.51,3.71,2290.82,817.31,9336.12,215.43,104.44,580.4
"QLDNorth","Gladstone",151.050552368164,-23.4423084259033,0.6,3.51,2.91,2361.18,838.44,9688.25,43.81,25.85,91.07
"WANorth","Carnarvon",113.773536682129,-23.3757648468018,0.6,2.16,4.06,8627.84,2660.86,42257.8,213.7,103.58,576.29
"QLDNorth","Livingstone",150.804550170898,-23.3733062744141,0.6,3.36,2.7,1117.11,436.24,4035.97,52.02,30.13,110.7
"WANorth","Carnarvon",113.783485412598,-23.3198261260986,0.6,2.16,4.41,7964.38,2471.98,38747.13,54.08,31.43,114
"QLDNorth","Livingstone",150.836380004883,-23.2843856811523,0.6,3.36,2.87,1126.84,441.31,4046.83,47.37,27.78,99.06
"WANorth","Carnarvon",113.776527404785,-23.2587833404541,0.6,2.16,4.41,8366.85,2583.1,40978.06,53.05,30.91,111.43
"QLDNorth","Livingstone",150.83283996582,-23.2611503601074,0.6,3.37,2.7,1042.86,413.57,3677.81,67.71,37.8,151.55
"WANorth","Carnarvon",113.767364501953,-23.2190113067627,0.6,2.16,4.31,8272.92,2554.25,40542.16,63.47,36.58,134.4
"QLDNorth","Livingstone",150.821975708008,-23.2208461761475,0.6,3.37,2.74,952.57,383.52,3285.95,63.35,35.58,140.86
"WANorth","Carnarvon",113.757820129395,-23.1649322509766,0.6,2.16,4.46,8094.03,2486.58,40084.91,55.62,31.95,119.64
"QLDNorth","Livingstone",150.802597045898,-23.1794948577881,0.6,3.37,2.53,795.53,328.61,2647.85,118.49,61.14,295.89
"WANorth","Carnarvon",113.759071350098,-23.1218738555908,0.6,2.16,2.98,7850.86,2424.48,38584.1,143.47,71.81,374.55
"WANorth","Carnarvon",113.759391784668,-23.1155128479004,0.6,2.16,4.08,7624.19,2369.5,37103.73,165.57,83.91,417.98
"QLDNorth","Livingstone",150.776229858398,-23.0662536621094,0.6,3.37,2.87,766.89,319.22,2522.65,32.48,19.9,64.24
"WANorth","Carnarvon",113.822196960449,-23.0233879089355,0.6,2.17,4.06,6466.14,2021.9,31445.16,175.14,87.95,448.09
"QLDNorth","Livingstone",150.778533935547,-23.0282688140869,0.6,3.37,2.98,872.94,356.91,2943.35,40.49,24.11,83.15
"WANorth","Carnarvon",113.818969726562,-22.9798755645752,0.6,2.16,4.07,6571.14,2034.64,32509.3,185.46,92.6,477.77
"QLDNorth","Livingstone",150.783172607422,-22.9765396118164,0.6,3.37,2.71,936.53,380.45,3181.2,99.61,53.14,236.45
"WANorth","Exmouth",113.79313659668,-22.888729095459,0.6,2.17,4.07,6391.42,1984.71,31508.58,191.52,95.28,495.57
"QLDNorth","Livingstone",150.801406860352,-22.9300155639648,0.6,3.36,2.73,1156.25,456.59,4082.54,104.9,55.41,252.73
"WANorth","Exmouth",113.785163879395,-22.8669662475586,0.6,2.17,4.19,5959.99,1861.52,29201.24,108.13,58.41,249.36
"QLDNorth","Livingstone",150.796310424805,-22.8725109100342,0.6,3.37,2.95,1049.02,419.44,3642.44,89.17,47.88,210.78
"WANorth","Exmouth",113.774269104004,-22.8148746490479,0.6,2.17,4.19,5692.16,1778.73,27949.85,108.23,58.63,248.31
"QLDNorth","Livingstone",150.8115234375,-22.820463180542,0.6,3.36,2.86,1113.75,442.15,3903.49,103.53,54.87,248.14
"WANorth","Exmouth",113.681175231934,-22.7242183685303,0.6,2.17,4.4,5643,1769.04,27558.77,52.04,31.02,104.9
"QLDNorth","Livingstone",150.817886352539,-22.7990493774414,0.6,3.36,3.91,1304.94,507.66,4699.71,59.36,35.02,120.97
"QLDNorth","Livingstone",150.825561523438,-22.7294273376465,0.6,3.36,2.85,1451.43,557.36,5317.77,94.98,51.09,222.71
"WANorth","Exmouth",113.668655395508,-22.6922779083252,0.6,2.17,4.23,6112.55,1902.81,30084.72,114.87,61.38,269.24
"QLDNorth","Livingstone",150.842880249023,-22.6821880340576,0.6,3.34,2.86,2378.5,853.81,9560.66,39.32,23.42,80.99
"WANorth","Exmouth",113.664154052734,-22.6289138793945,0.6,2.17,4.12,5675.32,1787.08,27477.62,230.84,111.86,619.59
"QLDNorth","Livingstone",150.809143066406,-22.6473770141602,0.6,3.35,2.64,1692.51,636,6390.7,46.45,26.97,99.2
"WANorth","Exmouth",113.648719787598,-22.5804042816162,0.6,2.17,4.18,6023.23,1910.59,28656.77,193.39,96.24,499.84
"QLDNorth","Livingstone",150.785873413086,-22.5828475952148,0.6,3.35,2.66,1714.43,641.43,6520.49,49.62,28.62,106.8
"WANorth","Exmouth",113.655250549316,-22.5566005706787,0.6,2.17,5.02,5406.08,1736.49,25306.6,157,79.33,399.98
"QLDNorth","Livingstone",150.481338500977,-22.5306873321533,0.6,3.38,3.59,677.38,282.29,2241.53,162.27,81.48,417.31
"QLDNorth","Livingstone",150.518493652344,-22.543851852417,0.6,3.38,2.78,704.31,291.55,2353.94,143.09,74.51,346.87
"QLDNorth","Livingstone",150.789123535156,-22.5385704040527,0.6,3.35,2.75,1957.16,717.43,7664.4,25.04,15.71,48.28
"WANorth","Exmouth",113.706253051758,-22.4973945617676,0.6,2.17,3.8,5394.83,1719.02,25635.67,7.61,5.69,11.45
"WANorth","Exmouth",114.157676696777,-22.4859867095947,0.6,2.31,3.01,87.38,45.84,216.38,7.73,5.76,11.68
"WANorth","Exmouth",114.213005065918,-22.48708152771,0.6,2.31,4.13,92.64,48.03,233.65,206.67,101.11,549.01
"QLDNorth","Livingstone",150.419281005859,-22.4931488037109,0.6,3.38,3.53,701.82,291.78,2327.19,204.93,101.63,531.12
"QLDNorth","Livingstone",150.547119140625,-22.4826602935791,0.6,3.38,3,650.51,272.71,2134.73,64.52,37.53,134.19
"QLDNorth","Livingstone",150.758605957031,-22.4766330718994,0.6,3.35,2.67,1873,686.56,7356.13,22.71,14.41,43.17
"WANorth","Exmouth",113.735389709473,-22.4571781158447,0.6,2.17,3.75,3878.28,1280.21,17638.95,8.24,6.09,12.58
"WANorth","Exmouth",114.149307250977,-22.442325592041,0.6,2.29,2.92,126.71,63.24,335.86,9.21,6.69,14.43
"WANorth","Exmouth",114.224952697754,-22.4546546936035,0.6,2.29,4.24,118.74,59.48,314.16,100.68,53.95,236.82
"QLDNorth","Livingstone",150.359985351562,-22.4498634338379,0.6,3.38,3.62,698.71,290.8,2312.98,156.55,78.94,400.43
"QLDNorth","Livingstone",150.528945922852,-22.4351024627686,0.6,3.38,3.03,712.83,295.34,2376.51,71.77,41.15,152.24
"QLDNorth","Livingstone",150.767425537109,-22.4484996795654,0.6,3.35,2.67,1966.11,713.65,7838.9,22.08,14.03,41.95
"WANorth","Exmouth",113.743804931641,-22.4039268493652,0.6,2.17,3.7,4599.34,1502.27,21094.33,8.84,6.47,13.69
"WANorth","Exmouth",114.187675476074,-22.4033355712891,0.6,2.27,2.92,168.91,80.95,473.69,9.54,6.89,15.05
"WANorth","Exmouth",114.276000976562,-22.4289703369141,0.6,2.29,2.92,133.98,65.92,363.59,9.43,6.83,14.86
"WANorth","Exmouth",114.305541992188,-22.4293174743652,0.6,2.29,2.96,125.11,62.16,334.92,8.86,6.48,13.78
"WANorth","Exmouth",114.374900817871,-22.3959865570068,0.6,2.28,5.49,157.45,75.57,442.88,51.74,30.37,107.33
"QLDNorth","Isaac",149.749954223633,-22.3917064666748,0.6,4.42,4.64,146.04,75.74,356.08,52.07,30.58,107.91
"QLDNorth","Livingstone",149.799652099609,-22.3898906707764,0.6,3.45,3.76,126.41,66.91,299.67,46.97,28.07,94.85
"QLDNorth","Livingstone",149.840850830078,-22.4018707275391,0.6,3.45,3.74,131.02,69.06,312.21,48.95,29.14,99.33
"QLDNorth","Livingstone",149.919509887695,-22.381275177002,0.6,3.45,2.19,130.44,68.89,309.91,224.56,108.78,604.17
"QLDNorth","Livingstone",150.33137512207,-22.4234485626221,0.6,3.38,3.6,681.64,284.59,2246.89,160.15,80.24,413.98
"QLDNorth","Livingstone",150.507949829102,-22.3832931518555,0.6,3.37,3.69,763.81,313.96,2572.55,24.37,15.73,44.55
"QLDNorth","Livingstone",150.744201660156,-22.4067668914795,0.6,3.35,2.53,2124.03,759.64,8660.94,25.75,15.96,50.77
"WANorth","Exmouth",113.773399353027,-22.3664436340332,0.6,2.17,3.58,3923.56,1299.38,17723.24,10.4,7.44,16.62
"WANorth","Exmouth",114.185302734375,-22.3393878936768,0.6,2.26,2.97,230.67,106.39,680.3,9.32,6.76,14.63
"WANorth","Exmouth",114.399909973145,-22.360279083252,0.6,2.27,5.3,195.79,90.93,577.28,104.23,55.19,250.14
"QLDNorth","Isaac",149.622375488281,-22.3531131744385,0.6,4.35,4.68,813.39,332.78,2751.89,46.34,27.51,94.86
"QLDNorth","Isaac",149.685317993164,-22.3411979675293,0.6,4.41,4.87,208.27,100.42,568.27,47.04,28.16,94.66
"QLDNorth","Livingstone",149.908767700195,-22.347017288208,0.6,3.43,2.27,168.03,84.87,426.38,162.97,82.6,411.8
"QLDNorth","Livingstone",150.267608642578,-22.3510284423828,0.6,3.38,3.5,653.67,274.9,2131.73,177.24,88.83,454.73
"QLDNorth","Livingstone",150.275543212891,-22.3539543151855,0.6,3.38,3.56,647.5,272.61,2108.63,179.52,89.97,460.15
"QLDNorth","Livingstone",150.4775390625,-22.3421993255615,0.6,3.38,3.02,736.74,304.88,2456.27,163.79,83.27,411.31
"QLDNorth","Livingstone",150.672607421875,-22.3479309082031,0.6,3.35,2.83,1639.51,607.95,6358.22,12.41,8.57,20.99
"WANorth","Exmouth",113.81721496582,-22.2944831848145,0.6,2.18,3.51,3681.11,1229.93,16425.47,10.96,7.79,17.67
"WANorth","Exmouth",114.16007232666,-22.2972526550293,0.6,2.25,2.95,282.46,127.3,857.76,9.95,7.15,15.82
"WANorth","Exmouth",114.423095703125,-22.2974071502686,0.6,2.25,5.4,268.69,119.03,847.34,34.5,21.3,66.95
"QLDNorth","Isaac",149.629516601562,-22.2910251617432,0.6,4.41,4.86,179.81,88.49,476.91,50.2,29.65,103.19
"QLDNorth","Livingstone",149.909851074219,-22.3037395477295,0.6,4.41,3.6,212.73,102.84,576.73,53.42,31.15,111.98
"QLDNorth","Livingstone",150.209350585938,-22.3132019042969,0.6,3.38,3.5,599.66,255.27,1922.8,161.37,81.53,410.43
"QLDNorth","Livingstone",150.420547485352,-22.2935523986816,0.6,3.37,3.48,764.08,314.96,2559.91,47.01,28.32,93.51
"QLDNorth","Livingstone",150.563858032227,-22.2944946289062,0.6,3.36,3.5,1117.3,438.57,3997.95,243.2,117.31,656.11
"QLDNorth","Livingstone",150.624313354492,-22.3247718811035,0.6,3.36,2.76,1290.24,495.69,4759.54,14.65,9.9,25.51
"WANorth","Exmouth",113.828514099121,-22.2524871826172,0.6,2.17,3.28,3913.57,1303.28,17499.75,19.03,12.49,34.31
"WANorth","Exmouth",114.139190673828,-22.259407043457,0.6,2.24,2.92,328.6,145.69,1018,10.72,7.62,17.29
"WANorth","Ashburton",114.440048217773,-22.2445259094238,0.6,2.24,5.35,347.27,149.21,1138.94,37.55,22.86,74.37
"QLDNorth","Isaac",149.585418701172,-22.2349853515625,0.6,4.42,4.79,163.77,82.06,422.6,53.05,30.89,111.51
"QLDNorth","Livingstone",149.88264465332,-22.2331867218018,0.6,4.4,3.68,221.19,106.25,605.3,63.04,35.78,137.45
"QLDNorth","Livingstone",150.259246826172,-22.2268581390381,0.6,3.38,3.37,619.1,263.13,1986.92,237.18,113.25,653.24
"QLDNorth","Livingstone",150.429077148438,-22.24778175354,0.6,3.37,3.56,756.41,316.69,2463.84,54.95,32.56,111.62
"QLDNorth","Livingstone",150.539779663086,-22.2625122070312,0.6,3.36,2.65,1067.12,421.75,3781.49,18.31,11.99,33.28
"WANorth","Exmouth",113.84489440918,-22.2057456970215,0.6,2.17,3.37,3964.46,1324.94,17595.8,14.28,9.8,24.17
"WANorth","Exmouth",114.094535827637,-22.2017135620117,0.6,2.24,2.95,404.94,176.16,1280.94,10.67,7.58,17.27
"WANorth","Ashburton",114.451126098633,-22.2074108123779,0.6,2.24,5.37,380.23,161.01,1273.9,35.69,21.87,70.07
"QLDNorth","Isaac",149.570358276367,-22.2017345428467,0.6,4.42,4.73,155.71,78.75,396.17,43.8,26.21,88.64
"QLDNorth","Livingstone",149.860214233398,-22.1910495758057,0.6,4.42,3.88,167.28,83.97,429.57,40.38,24.97,77.3
"QLDNorth","Livingstone",150.111770629883,-22.2227210998535,0.6,3.39,3.48,499.97,218.09,1550.54,69.37,38.88,153.87
"QLDNorth","Livingstone",150.477203369141,-22.2052268981934,0.6,3.37,4.04,968.76,391.32,3318.01,28.65,18.4,52.27
"QLDNorth","Livingstone",150.508102416992,-22.2125854492188,0.6,3.36,2.52,1077.96,426.69,3806.61,18.75,12.19,34.51
"WANorth","Exmouth",113.860366821289,-22.1519222259521,0.6,2.17,3.35,4749.65,1567.61,21325.21,15.47,10.53,26.43
"WANorth","Exmouth",114.088935852051,-22.1467437744141,0.6,2.23,2.94,529.86,223.79,1739.18,10.57,7.49,17.22
"WANorth","Ashburton",114.473571777344,-22.1524887084961,0.6,2.24,5.27,368.62,157.63,1214.52,46.39,27.57,94.74
"QLDNorth","Livingstone",149.845794677734,-22.1490898132324,0.6,4.42,4.69,172.78,86.98,440.43,15.38,10.67,25.32
"QLDNorth","Livingstone",150.084350585938,-22.1551055908203,0.6,4.37,3.21,444.28,197.32,1342.92,16.32,10.86,29.01
"WANorth","Exmouth",113.880325317383,-22.1101894378662,0.6,2.18,3.44,3341,1133.29,14588.01,11.45,8.02,18.95
"WANorth","Ashburton",114.487449645996,-22.1168785095215,0.6,2.23,5.34,498.72,204.58,1739.85,38.41,23.2,77.12
"QLDNorth","Isaac",149.580337524414,-22.1141452789307,0.6,4.42,4.47,171.87,86.26,440.71,93.4,51.12,212.22
"QLDNorth","Livingstone",149.869140625,-22.1042213439941,0.6,4.4,4.28,247.07,118.43,673.67,62.42,36.21,130.73
"QLDNorth","Livingstone",149.999053955078,-22.1032848358154,0.6,4.39,4.79,272.89,130.94,737.87,40.74,25.18,78.03
"QLDNorth","Livingstone",150.043960571289,-22.1081066131592,0.6,4.38,3.44,399.15,180.28,1177.79,12.32,8.53,20.76
"WANorth","Exmouth",113.901153564453,-22.0508842468262,0.6,2.18,3.27,3820.74,1285.77,16782.48,17.97,12.01,31.4
"WANorth","Exmouth",114.119369506836,-22.0527305603027,0.6,2.22,2.91,751.28,304.69,2597.81,12.63,8.71,21.37
"WANorth","Ashburton",114.524040222168,-22.0527877807617,0.6,2.22,5.42,620.49,247.81,2241.84,28.8,18.04,55.11
"QLDNorth","Isaac",149.526382446289,-22.0507965087891,0.6,4.41,4.33,190.71,94.31,499.23,102.08,55.16,236.1
"QLDNorth","Livingstone",149.895233154297,-22.0504837036133,0.6,4.39,4.73,302.16,140.54,859.89,38.89,23.96,75.15
"QLDNorth","Livingstone",149.968475341797,-22.0432682037354,0.6,4.39,2.8,318.05,149.03,889.76,19.08,12.39,35.18
"WANorth","Exmouth",113.920783996582,-22.0038871765137,0.6,2.18,3.37,3126.59,1073.76,13400.29,13.72,9.54,22.7
"WANorth","Exmouth",114.133293151855,-22.0002117156982,0.6,2.21,2.92,844.51,337.59,2976.51,10.7,7.56,17.49
"WANorth","Ashburton",114.584770202637,-21.9946041107178,0.6,2.24,5.18,356.43,153.11,1167.08,58.22,33.72,122.82
"QLDNorth","Isaac",149.515625,-22.0066356658936,0.6,4.41,2.31,210.6,103.26,556.41,24.32,15.23,47.19
"WANorth","Exmouth",113.929954528809,-21.9716148376465,0.6,2.18,3.34,3441.28,1172.29,14878.89,11.21,7.87,18.49
"WANorth","Ashburton",114.576477050781,-21.9789524078369,0.6,2.23,5.14,421.67,177.99,1409.78,59.68,34.49,126.29
"QLDNorth","Isaac",149.488876342773,-21.957181930542,0.6,4.4,2.43,224.03,108.77,600.35,15.76,10.43,28.4
"WANorth","Exmouth",113.963989257812,-21.9190444946289,0.6,2.18,3.16,3053.26,1053.42,12994.77,19.51,12.95,34.35
"WANorth","Exmouth",114.149383544922,-21.9102783203125,0.6,2.21,2.65,1050.1,409.25,3824.23,27.06,16.64,53.92
"WANorth","Ashburton",114.639312744141,-21.9034576416016,0.6,2.22,5.3,561.47,229.41,1955.74,35.35,21.79,68.66
"QLDNorth","Isaac",149.473205566406,-21.9128932952881,0.6,4.4,2.48,215.46,105.24,572.39,10.04,7.11,16.43
"WANorth","Exmouth",113.988929748535,-21.8793773651123,0.6,2.18,3.36,3256.64,1123.14,13812.9,12.6,8.88,20.42
"WANorth","Exmouth",114.161590576172,-21.857177734375,0.6,2.2,2.66,1231.09,469.46,4619.52,29.66,18.01,60.15
"WANorth","Ashburton",114.639007568359,-21.8556880950928,0.6,2.22,5.57,682.5,274.48,2414.89,17.37,11.78,29.61
"QLDNorth","Isaac",149.497985839844,-21.8373069763184,0.6,4.4,2.53,226.79,109.89,609.51,8.81,6.38,13.96
"WANorth","Exmouth",114.026725769043,-21.8443050384521,0.6,2.18,3.61,3699.64,1272.53,15643.2,6.02,4.62,8.77
"WANorth","Exmouth",114.072372436523,-21.8131542205811,0.6,2.18,3.55,3780,1302.34,15913.6,5.91,4.56,8.53
"WANorth","Exmouth",114.106651306152,-21.8011608123779,0.6,2.18,3.57,2928.33,1040.64,11835.13,6.43,4.89,9.47
"WANorth","Ashburton",114.694152832031,-21.8100566864014,0.6,2.23,3.36,562.8,232.64,1916.31,6.12,4.69,8.93
"WANorth","Ashburton",114.732940673828,-21.7966442108154,0.6,2.24,5.55,450.33,190.75,1487.69,17.14,11.66,29.06
"QLDNorth","Isaac",149.49885559082,-21.8184833526611,0.6,4.4,2.87,226.39,109.7,608.43,6.82,5.14,10.2
"WANorth","Ashburton",114.803909301758,-21.7612190246582,0.6,2.23,3.13,532.66,220.74,1812.55,8.32,6.08,12.98
"WANorth","Ashburton",114.852874755859,-21.73219871521,0.6,2.23,3.14,615.16,249.54,2157.51,8.22,6.02,12.77
"WANorth","Ashburton",114.893501281738,-21.7101440429688,0.6,2.23,5.28,618.46,249.27,2195.5,27.58,17.5,51.62
"QLDNorth","Isaac",149.473403930664,-21.7105274200439,0.6,4.39,2.97,267.32,126.91,738.19,7.57,5.62,11.57
"WANorth","Ashburton",114.962005615234,-21.6720962524414,0.6,2.22,2.95,844.34,325.72,3185.83,11.5,8.02,19.2
"WANorth","Ashburton",114.987686157227,-21.6752738952637,0.6,2.22,2.9,717.16,281.08,2657.55,14.21,9.64,24.59
"WANorth","Ashburton",115.063972473145,-21.6700992584229,0.6,2.22,4.76,658.08,260.27,2412.1,71.7,40.15,158.96
"QLDNorth","Mackay",149.501937866211,-21.6074867248535,0.6,4.4,2.8,261,124.89,711.42,15.41,10.33,27.1
"WANorth","Ashburton",115.10912322998,-21.6282291412354,0.6,2.22,2.59,769.01,298.09,2895.74,60.31,32.82,143.28
"WANorth","Ashburton",115.226104736328,-21.5682563781738,0.6,2.21,2.86,988.44,370.82,3889.57,17.3,11.37,31.39
"WANorth","Ashburton",115.250549316406,-21.56858253479,0.6,2.22,2.65,700.6,272.96,2631.59,33.26,19.75,69.87
"WANorth","Ashburton",115.32438659668,-21.5746021270752,0.6,2.23,2.64,631.57,248.82,2340.55,33.45,19.81,70.57
"WANorth","Ashburton",115.359649658203,-21.5610389709473,0.6,2.23,4.75,598.51,237.9,2188.97,27.15,17.26,50.71
"QLDNorth","Mackay",149.420806884766,-21.5454864501953,0.6,4.41,4.75,203.48,101.66,520.42,72.47,40.58,160.48
"QLDNorth","Mackay",149.487106323242,-21.5661678314209,0.6,4.4,3.08,234.83,114.4,623.44,19.7,12.55,37.63
"WANorth","Ashburton",115.419662475586,-21.5137615203857,0.6,2.23,2.93,613.18,244.85,2218.22,18.64,11.98,35.12
"WANorth","Ashburton",115.47191619873,-21.51194190979,0.6,2.22,4.68,788.26,303.76,2996.67,23.25,15.08,42.26
"QLDNorth","Mackay",149.299270629883,-21.5066986083984,0.6,4.42,4.53,170.62,86.88,426.15,109.22,58.16,258.47
"QLDNorth","Mackay",149.368225097656,-21.5004806518555,0.6,4.42,3.27,172.56,87.85,430.78,23.07,14.31,45.89
"WANorth","Ashburton",115.511497497559,-21.4501342773438,0.6,2.21,4.12,900.1,341.62,3488.39,109.63,58.41,259.15
"QLDNorth","Mackay",149.29914855957,-21.4694633483887,0.6,4.41,2.93,189.09,95.27,478.41,106.75,53.19,288.1
"WANorth","Karratha",115.55899810791,-21.4032878875732,0.6,2.21,4.25,1136.33,419.57,4562.25,41.73,25.22,83.2
"QLDNorth","Mackay",149.340362548828,-21.4251403808594,0.6,4.41,2.98,180.92,91.85,452.65,137.29,66.21,387.1
"WANorth","Karratha",115.591316223145,-21.3698673248291,0.6,2.2,3.98,1328.33,480.08,5492.6,84.79,46.76,191.2
"QLDNorth","Mackay",149.318893432617,-21.3723621368408,0.6,4.41,3.12,177.42,90.26,442.78,112.47,55.84,304.31
"WANorth","Karratha",115.636985778809,-21.3276233673096,0.6,2.2,3.85,1356.79,492.16,5561.43,94.45,51.51,215.92
"QLDNorth","Mackay",149.32356262207,-21.3195629119873,0.6,4.41,3.21,176.6,90.23,437.42,139.71,68,385.96
"WANorth","Karratha",115.699020385742,-21.2780055999756,0.6,2.2,2.49,1306.2,478.57,5266.89,105.79,53.63,276
"WANorth","Karratha",115.73405456543,-21.2697048187256,0.6,2.22,2.45,830.69,322.77,3094.75,135.21,66.56,366.26
"WANorth","Karratha",115.788192749023,-21.262508392334,0.6,2.24,3.77,376.38,164.47,1186.88,48.9,28.89,100.59
"QLDNorth","Mackay",149.262390136719,-21.2634410858154,0.6,4.42,3.3,172.23,88.15,425.89,231.85,105.9,696.65
"WANorth","Karratha",115.833740234375,-21.2164745330811,0.6,2.22,4.19,700.68,280.83,2490.58,18.48,12.29,32.52
"QLDNorth","Mackay",149.203552246094,-21.2216854095459,0.6,4.42,3.86,148.23,76.95,360.51,17.89,11.68,32.82
"WANorth","Karratha",115.851295471191,-21.1703968048096,0.6,2.21,3.96,1091.25,410.64,4236.37,25.44,16.28,47.13
"QLDNorth","Mackay",149.202774047852,-21.1665744781494,0.6,4.26,3.74,147.67,76.79,358.14,19.17,12.34,35.92
"WANorth","Karratha",115.883941650391,-21.1121234893799,0.6,2.21,2.68,1273.78,474.54,4983.81,40.49,23.31,88.97
"WANorth","Karratha",115.945236206055,-21.0636043548584,0.6,2.21,3.81,1152.4,434.25,4443.87,23.86,15.41,43.62
"QLDNorth","Mackay",149.23371887207,-21.0691242218018,0.6,4.25,3.68,180.28,91.91,447.69,40.57,23.38,88.96
"WANorth","Karratha",116.00074005127,-21.0321044921875,0.6,2.21,2.43,1091.08,414.58,4157.67,133.55,64.31,378.61
"WANorth","Karratha",116.048873901367,-21.0148506164551,0.6,2.21,3.48,1133.83,431.2,4301.47,41.99,25.32,84
"QLDNorth","Mackay",149.189743041992,-21.0312118530273,0.6,4.25,3.5,188.32,95.17,473.97,195.43,89.67,590.46
"WANorth","Karratha",116.110061645508,-20.9945011138916,0.6,2.21,2.34,1226.6,463.49,4684.06,244.02,109.82,751.86
"WANorth","Karratha",116.153228759766,-20.9728336334229,0.6,2.2,3.62,1709.69,619.91,6895.95,25.1,16.16,46.01
"QLDNorth","Mackay",149.048797607422,-20.9769611358643,0.6,4.25,4.74,183.34,92.84,460.48,28.35,17.96,53.17
"QLDNorth","Mackay",149.100326538086,-20.9781055450439,0.6,4.25,4.49,194.25,97.7,492.21,70.57,39.7,155.19
"QLDNorth","Mackay",149.155029296875,-20.9785442352295,0.6,4.25,3.9,198.15,99.52,502.81,20.16,12.89,38.09
"WANorth","Karratha",116.15380859375,-20.929069519043,0.6,2.2,3.22,1475.09,545.36,5794.55,90.64,49.49,207.28
"QLDNorth","Mackay",149.051864624023,-20.9236888885498,0.6,4.25,3.19,186.74,94.45,469.55,102.76,52.39,265.74
"WANorth","Ashburton",115.397163391113,-20.8932819366455,0.6,2.22,3.45,868.47,343.77,3112.32,12.69,8.71,21.66
"WANorth","Karratha",116.189353942871,-20.8822536468506,0.6,2.19,3.48,1953.42,702.29,7932.55,38.71,23.32,78.07
"QLDNorth","Mackay",148.893890380859,-20.8751964569092,0.6,4.25,4.36,179.45,90.27,456.91,93.1,50.56,214.7
"QLDNorth","Mackay",148.945083618164,-20.8749885559082,0.6,4.24,4.58,207.39,102.66,538.89,45.19,26.71,93.42
"QLDNorth","Mackay",148.993865966797,-20.8916931152344,0.6,4.24,4.04,207.36,103,535.47,6.45,4.91,9.49
"WANorth","Ashburton",115.311599731445,-20.8363857269287,0.6,2.17,4.11,5310.68,1710.09,24774.58,7.88,5.79,12.23
"WANorth","Karratha",116.207725524902,-20.8317775726318,0.6,2.21,3.2,1132.23,433.59,4239.63,7.3,5.42,11.17
"WANorth","Karratha",116.247543334961,-20.8148975372314,0.6,2.23,2.73,645.01,262.43,2241.45,20.34,12.98,38.54
"WANorth","Karratha",116.338638305664,-20.8400115966797,0.6,2.21,2.72,968.83,377.37,3551.85,20.29,12.97,38.4
"WANorth","Karratha",116.370178222656,-20.8314571380615,0.6,2.21,2.37,955.6,371.94,3511.9,164.64,78.35,469.3
"WANorth","Karratha",116.419342041016,-20.82692527771,0.6,2.21,3.36,958.15,374.23,3497.4,43.52,25.87,89.26
"QLDNorth","Mackay",148.842803955078,-20.8253059387207,0.6,4.25,3.95,179.67,90.36,457.61,7.13,5.34,10.74
"WANorth","Ashburton",115.300354003906,-20.7760372161865,0.6,2.17,3.41,6176.11,1958.79,29345.17,25.15,15.56,49.87
"WANorth","Ashburton",115.487831115723,-20.7847900390625,0.6,2.26,2.59,269.77,119.74,847.21,252.55,113.94,772.06
"WANorth","Karratha",116.49250793457,-20.7913150787354,0.6,2.2,3.34,1800.21,655.59,7175.85,43.03,25.62,88.05
"QLDNorth","Mackay",148.845092773438,-20.78391456604,0.6,4.25,3.45,184.86,92.51,474.31,14.78,9.9,26.15
"WANorth","Ashburton",115.352661132812,-20.7395095825195,0.6,2.17,4.32,5313.49,1707.26,24887.23,6.34,4.79,9.48
"WANorth","Ashburton",115.492980957031,-20.7369003295898,0.6,2.3,2.57,114.55,56.69,311.44,320.28,140.86,1009.92
"WANorth","Karratha",116.54035949707,-20.746467590332,0.6,2.2,3.32,1774.83,656.63,6876.08,42.95,25.58,87.82
"QLDNorth","Mackay",148.822952270508,-20.7695465087891,0.6,3.22,2.98,187.09,93.44,481.42,21.07,13.4,40.11
"WANorth","Karratha",116.580741882324,-20.6878547668457,0.6,2.2,3.48,1895.36,694.37,7445.93,7.51,5.52,11.7
"WANorth","Karratha",116.834449768066,-20.7047786712646,0.6,4.33,5.11,60.42,32.96,142.8,6.65,5.01,9.94
"WANorth","Karratha",116.889343261719,-20.715892791748,0.6,4.31,4.84,77.09,40.83,189.28,12.36,8.45,21.3
"WANorth","Karratha",117.254760742188,-20.7014217376709,0.6,4.27,4.39,148.21,71.69,412.63,64.69,34.84,156.02
"WANorth","Karratha",117.30729675293,-20.723934173584,0.6,4.26,4.45,168.8,80.4,479.24,47.23,26.54,107.45
"WANorth","Karratha",117.371124267578,-20.7290821075439,0.6,4.26,4.36,194.37,91.02,564.02,86.02,44.65,217.89
"WANorth","Karratha",117.407180786133,-20.7229251861572,0.6,4.25,4.48,211.15,98,619.48,45.52,25.75,102.56
"WANorth","Karratha",117.478233337402,-20.7161254882812,0.6,4.25,4.59,243.88,110.69,738.94,26.69,16.32,53.86
"WANorth","Karratha",117.53833770752,-20.70654296875,0.6,4.24,5.31,258.5,116.12,795.66,5.73,4.43,8.28
"WANorth","Karratha",117.576545715332,-20.6753768920898,0.6,4.24,4.61,267.37,119.93,822.97,54.33,31.31,116.32
"QLDNorth","Mackay",148.733520507812,-20.6849021911621,0.6,3.23,3.47,149.12,76.05,374.63,44.68,26.44,92.2
"QLDNorth","Mackay",148.759948730469,-20.7212963104248,0.6,3.22,3.06,162.48,82.24,411.64,16.05,10.63,28.85
"WANorth","Karratha",116.56339263916,-20.6260738372803,0.6,2.2,3.33,1833.89,676.25,7133.1,9.49,6.74,15.52
"WANorth","Karratha",116.816337585449,-20.6157131195068,0.6,4.33,4.85,61.5,33.47,145.85,10,7.07,16.42
"WANorth","Karratha",117.007186889648,-20.6498851776123,0.6,4.28,4.86,125.21,62.27,334.56,10.53,7.39,17.48
"WANorth","Karratha",117.050231933594,-20.6246738433838,0.6,4.27,4.87,153.44,74.31,424.85,12.66,8.63,21.93
"WANorth","Karratha",117.200706481934,-20.6297302246094,0.6,4.26,4.45,163.85,78.18,464.65,121.9,60.21,330.93
"WANorth","Karratha",117.641456604004,-20.6586017608643,0.6,4.25,4.48,247.23,112.5,744.44,95.3,51.11,224.59
"QLDNorth","Mackay",148.729705810547,-20.6312599182129,0.6,3.23,2.73,141.59,72.41,355.16,30.64,18.52,62.54
"WANorth","Karratha",116.63346862793,-20.5624713897705,0.6,2.22,3.37,851.55,340.75,2993.86,9.85,6.96,16.25
"WANorth","Karratha",116.853927612305,-20.5505542755127,0.6,4.31,4.71,78.19,41.25,193.3,15.01,9.98,26.93
"WANorth","Karratha",117.088943481445,-20.6125068664551,0.6,4.26,5.5,179.96,85.32,512.95,6.17,4.71,9.05
"WANorth","Karratha",117.70694732666,-20.609338760376,0.6,4.24,5.35,259.03,117.85,777.41,5.78,4.45,8.38
"WANorth","Karratha",117.731239318848,-20.6048641204834,0.6,4.25,5.04,206.91,96.42,603.25,8.76,6.34,13.91
"WANorth","Port Hedland",117.788162231445,-20.5817928314209,0.6,4.26,4.72,199.71,94.21,570.03,20.35,12.93,38.9
"WANorth","Port Hedland",117.855735778809,-20.5904445648193,0.6,4.25,4.56,204.16,96.55,579.02,53.69,30.97,114.82
"QLDNorth","Whitsunday",148.675888061523,-20.5708465576172,0.6,3.24,3.57,115.82,60.55,282.63,21.53,14.23,37.93
"QLDNorth","Whitsunday",148.85710144043,-20.5329475402832,0.6,3.22,3.7,163.25,81.88,420.64,17.47,11.85,29.79
"QLDNorth","Whitsunday",148.89958190918,-20.547945022583,0.6,3.21,3.39,213.52,104.09,569.73,8.27,6.04,12.95
"WANorth","Karratha",116.695823669434,-20.5156555175781,0.6,4.22,5.51,494.58,209.88,1616.81,6.96,5.22,10.5
"WANorth","Karratha",116.8779296875,-20.5187358856201,0.6,4.3,4.59,85.15,44.53,212.65,119.1,58.95,322.62
"WANorth","Port Hedland",117.895408630371,-20.5413818359375,0.6,4.25,4.55,209.85,98.5,602.57,54.38,31.3,116.68
"QLDNorth","Whitsunday",148.694717407227,-20.5426292419434,0.6,3.24,3.38,117.61,61.32,288.12,53.43,30.8,114.47
"QLDNorth","Whitsunday",148.712020874023,-20.5181045532227,0.6,3.24,3.8,116.09,60.54,284.55,15.04,10.39,25
"QLDNorth","Whitsunday",148.81755065918,-20.5104503631592,0.6,3.23,3.51,137.93,70.49,347.04,19.35,12.92,33.71
"QLDNorth","Whitsunday",148.934631347656,-20.5306968688965,0.6,3.19,3.27,330.31,152.86,943.23,16.36,10.76,29.77
"WANorth","Karratha",116.779930114746,-20.5041923522949,0.6,4.21,5.28,643.53,266.12,2168.39,8.82,6.37,14.04
"WANorth","Karratha",116.891662597656,-20.4834842681885,0.6,4.3,5.35,96.18,49.4,246.43,9.38,6.72,15.07
"WANorth","Port Hedland",117.913688659668,-20.4775104522705,0.6,4.24,5.04,254.53,116.62,754.56,9.24,6.78,14.18
"QLDNorth","Whitsunday",148.913909912109,-20.4831104278564,0.6,3.2,3.49,260.34,123.76,718.45,10.44,7.35,17.21
"WANorth","Karratha",116.801399230957,-20.432638168335,0.6,4.2,5.19,887.77,354.71,3121.04,9.77,6.93,15.96
"WANorth","Karratha",116.898109436035,-20.4479827880859,0.6,4.28,5.41,121.74,60.68,324.53,8.93,6.44,14.21
"WANorth","Port Hedland",117.92943572998,-20.4624061584473,0.6,4.25,5.09,215.7,100.46,627.51,8.29,6.04,13.02
"WANorth","Port Hedland",118.020324707031,-20.4503135681152,0.6,4.26,4.62,170.15,81.36,479.05,12.95,9.14,20.9
"QLDNorth","Whitsunday",148.889389038086,-20.4597663879395,0.6,3.19,5.01,324.82,149.96,932.7,3.12,2.64,3.93
"WANorth","Karratha",116.891777038574,-20.3901996612549,0.6,4.23,5.63,320.53,142.81,985.46,8.26,6.02,12.97
"WANorth","Port Hedland",118.058555603027,-20.4135265350342,0.6,4.26,4.15,171.09,82.06,478.68,33.43,20.68,64.75
"QLDNorth","Whitsunday",148.895095825195,-20.3785915374756,0.6,3.19,3.87,368.79,167.92,1077.51,18.33,12.29,31.81
"QLDNorth","Whitsunday",148.952117919922,-20.3802852630615,0.6,3.19,3.61,338.87,155.91,976.62,27.89,17.37,54.08
"QLDNorth","Mackay",149.021896362305,-20.3936939239502,0.6,3.19,4.43,321.7,149.44,913.81,9.31,6.68,14.97
"WANorth","Port Hedland",118.129188537598,-20.370532989502,0.6,4.26,4.85,178.62,85.53,499.59,13.83,9.34,24.2
"WANorth","Port Hedland",118.167083740234,-20.3465995788574,0.6,4.26,4.91,181.89,87.18,507.09,12.39,8.49,21.25
"WANorth","Port Hedland",118.196533203125,-20.3357353210449,0.6,4.27,4.75,142.45,70.32,382.12,18.32,11.83,34.26
"WANorth","Port Hedland",118.26683807373,-20.3528156280518,0.6,4.27,5.16,143.46,70.57,387.36,7.61,5.62,11.73
"WANorth","Port Hedland",118.31844329834,-20.3370609283447,0.6,4.27,4.72,144.64,71.34,388.27,21.12,13.33,40.82
"WANorth","Port Hedland",118.367660522461,-20.3476428985596,0.6,4.28,3.66,125.53,62.74,332,75.12,41.73,168.5
"QLDNorth","Whitsunday",148.919830322266,-20.3214683532715,0.6,3.18,4.06,413.14,185.76,1226.5,14.12,9.85,23.13
"QLDNorth","Whitsunday",149.051406860352,-20.3108921051025,0.6,3.19,4.76,309.07,143.85,877.07,9.18,6.58,14.74
"WANorth","Port Hedland",118.455070495605,-20.3152179718018,0.6,4.27,5.49,140.73,69.9,373.49,5.04,3.96,7.08
"WANorth","Port Hedland",118.461875915527,-20.3154773712158,0.6,4.27,5.45,139.06,69.21,367.94,5.49,4.27,7.86
"WANorth","Port Hedland",118.53050994873,-20.3007946014404,0.6,4.27,5.15,147.72,73.3,391.3,8.56,6.22,13.51
"WANorth","Port Hedland",118.634323120117,-20.2938327789307,0.6,4.27,4.83,149.79,74.24,397.19,15.07,10.05,26.84
"WANorth","Port Hedland",118.696647644043,-20.3080749511719,0.6,4.27,5.49,147,73.08,388.12,5.38,4.2,7.64
"WANorth","Port Hedland",118.741676330566,-20.2921085357666,0.6,4.27,3.36,151.68,75.28,400.75,77.88,42.72,178.45
"QLDNorth","Whitsunday",148.906173706055,-20.2758388519287,0.6,3.18,3.37,464.69,205.37,1413.38,66.81,37.05,151.62
"QLDNorth","Whitsunday",149.048431396484,-20.2850322723389,0.6,3.18,4.76,495.3,217.63,1516.48,31.17,18.69,64.54
"WANorth","Port Hedland",118.827583312988,-20.2426986694336,0.6,4.26,4.6,168.33,82.88,448.19,31.54,18.9,65.3
"WANorth","Port Hedland",118.840995788574,-20.229076385498,0.6,4.26,3.33,176.38,86.27,473.96,39.76,23.63,82.15
"QLDNorth","Whitsunday",148.831161499023,-20.2356262207031,0.6,3.17,3.42,565.66,244.48,1770.26,77.26,42.11,179.34
"QLDNorth","Whitsunday",148.910110473633,-20.2499942779541,0.6,3.17,3.74,658.99,279.62,2112.73,17.46,11.67,30.56
"QLDNorth","Whitsunday",149.029388427734,-20.2381935119629,0.6,3.18,4.81,505.46,221.56,1552.39,33.07,19.69,69.13
"WANorth","Port Hedland",118.865966796875,-20.2053852081299,0.6,4.26,3.54,193.03,93.36,526.49,14.79,10.01,25.64
"QLDNorth","Whitsunday",148.681640625,-20.1868515014648,0.6,3.16,3.9,696.09,292.55,2263.43,10.89,7.64,18.03
"QLDNorth","Whitsunday",148.752014160156,-20.2341957092285,0.6,3.16,3.58,759.44,315.91,2502.7,30.07,18.45,59.63
"QLDNorth","Whitsunday",148.811904907227,-20.2081069946289,0.6,3.16,3.49,738.68,309.04,2413.03,61.26,35.18,130.96
"QLDNorth","Whitsunday",148.89094543457,-20.1693572998047,0.6,3.17,3.82,666.36,282.48,2138.61,16.93,11.61,28.35
"QLDNorth","Whitsunday",149.0478515625,-20.1767330169678,0.6,3.17,4.84,511.67,223.86,1575.69,33.86,20.13,70.83
"WANorth","Port Hedland",118.907958984375,-20.1533355712891,0.6,4.26,3.64,197.94,95.74,538.79,12.2,8.53,20.17
"QLDNorth","Whitsunday",148.616928100586,-20.1395874023438,0.6,3.17,3.57,652.25,276.78,2092.29,41.32,24.29,86.95
"QLDNorth","Whitsunday",148.878921508789,-20.1377506256104,0.6,3.16,3.5,792.43,330.27,2595.04,46.4,27,98.62
"QLDNorth","Whitsunday",149.020416259766,-20.1534824371338,0.6,3.17,4.83,593.96,257.06,1848.39,46.32,26.36,102.99
"WANorth","Port Hedland",118.972709655762,-20.0898818969727,0.6,4.25,3.16,223.49,106.92,615.87,45.43,26.67,95.11
"QLDNorth","Whitsunday",148.307312011719,-20.1071434020996,0.6,2.68,3.13,949.13,383.71,3249.96,47.22,27.52,99.97
"QLDNorth","Whitsunday",148.337829589844,-20.1377258300781,0.6,2.68,3.26,1022.59,410.61,3528.75,21.01,13.45,39.49
"QLDNorth","Whitsunday",148.644317626953,-20.0960540771484,0.6,3.16,3.53,723.97,303.76,2355.45,57.35,32.75,124.43
"QLDNorth","Whitsunday",148.877655029297,-20.0655612945557,0.6,3.16,4.09,894.09,365.88,3005.16,10.92,7.93,16.87
"QLDNorth","Whitsunday",148.969421386719,-20.0698776245117,0.6,3.17,4.95,602.42,259.74,1885.97,44.65,25.65,97.61
"WANorth","Port Hedland",118.997650146484,-20.0329113006592,0.6,4.25,5.49,211.12,101.44,579.28,20.94,13.43,39.27
"WANorth","East Pilbara",119.519950866699,-20.0433902740479,0.6,4.27,4.49,160.58,82.01,400.39,57.17,32.42,125.7
"WANorth","East Pilbara",119.583999633789,-20.0681285858154,0.6,4.26,4.45,166.57,84.75,417.34,58.11,33.05,126.98
"WANorth","East Pilbara",119.636421203613,-20.0477066040039,0.6,4.26,2.31,169.92,86.38,425.76,39.85,23.85,81.2
"QLDNorth","Whitsunday",148.298141479492,-20.0416526794434,0.6,2.68,3.33,881.43,358.37,3001.1,23.51,15.23,42.8
"QLDNorth","Whitsunday",148.433990478516,-20.0228958129883,0.6,2.68,3.18,1085.2,432.14,3788.29,33.6,20.41,67.39
"QLDNorth","Whitsunday",148.536437988281,-20.0547847747803,0.6,2.69,3.24,790.53,327.14,2623.36,26.5,16.76,50.06
"QLDNorth","Whitsunday",148.565017700195,-20.0668964385986,0.6,3.17,3.93,681.02,287.71,2196.35,14.17,9.74,23.9
"QLDNorth","Whitsunday",148.895431518555,-20.0388641357422,0.6,3.16,3.97,766.16,319.06,2518.16,12.58,8.81,20.67
"QLDNorth","Whitsunday",148.955841064453,-20.0561389923096,0.6,3.16,5.52,731.85,306.93,2381.27,11.48,7.97,19.3
"WANorth","Port Hedland",119.073089599609,-20.0058364868164,0.6,4.25,4.33,227.53,108.33,631.89,137.33,69,357.06
"WANorth","Port Hedland",119.086044311523,-19.9914436340332,0.6,4.25,4.84,226.77,107.83,631.44,113.98,59.74,277.07
"WANorth","Port Hedland",119.365753173828,-19.9896373748779,0.6,4.25,4.6,205.1,101.12,537.25,42.98,25.1,91.25
"WANorth","Port Hedland",119.421737670898,-19.9905967712402,0.6,4.26,4.54,187.11,93.69,479.21,55.42,31.41,122.35
"WANorth","Port Hedland",119.469665527344,-20.003963470459,0.6,4.26,4.59,191.97,95.8,493.86,57.56,32.91,124.55
"WANorth","East Pilbara",119.688293457031,-19.9963130950928,0.6,4.26,2.32,172.43,87.49,433.15,37.81,22.93,75.4
"QLDNorth","Whitsunday",148.267623901367,-19.9859199523926,0.6,2.68,3.23,869.72,353.43,2966.44,23.86,15.07,45.56
"QLDNorth","Whitsunday",148.433792114258,-19.9874267578125,0.6,2.68,3.41,1078.46,428.35,3784.2,18.95,12.55,33.6
"QLDNorth","Whitsunday",148.552749633789,-19.9927291870117,0.6,2.68,4.68,994.58,400.48,3420.63,69.26,38.04,159.66
"WANorth","Port Hedland",119.168464660645,-19.9530563354492,0.6,4.25,4.55,202.81,99.12,540.42,69.42,38.31,158.57
"WANorth","Port Hedland",119.206848144531,-19.9463481903076,0.6,4.25,4.51,204.62,100.67,538.25,109.99,57.02,273.82
"WANorth","Port Hedland",119.25757598877,-19.9648323059082,0.6,4.25,4.46,236,113.48,641.69,89.32,47.99,210.83
"WANorth","Port Hedland",119.307754516602,-19.9808597564697,0.6,4.26,4.86,197.43,97.92,512.82,40.25,24.05,82.22
"WANorth","East Pilbara",119.744606018066,-19.9636402130127,0.6,4.26,4.4,183.85,92.07,471.25,96.55,51.79,227.3
"WANorth","East Pilbara",119.843452453613,-19.9636344909668,0.6,4.27,4.37,162.8,82.31,413.25,90.22,48.85,209.69
"WANorth","East Pilbara",119.89623260498,-19.9465560913086,0.6,4.26,4.39,168.79,85.14,429.32,86.74,47.17,200.54
"WANorth","East Pilbara",119.945373535156,-19.9375991821289,0.6,4.27,4.4,160.92,81.59,406.69,81.41,44.62,186.25
"WANorth","East Pilbara",119.996444702148,-19.9295768737793,0.6,4.27,2.26,147.08,75.43,366,28.9,18.26,54.39
"QLDNorth","Whitsunday",148.151626586914,-19.9428615570068,0.6,2.68,3.26,903.43,364.52,3114.72,33.14,20.49,64.33
"QLDNorth","Whitsunday",148.206604003906,-19.9486331939697,0.6,2.68,3.28,867.16,351.71,2968.99,21.47,13.81,39.91
"QLDNorth","Whitsunday",148.441223144531,-19.9711360931396,0.6,2.68,3.49,978.07,391.31,3407.7,15.66,10.71,26.5
"QLDNorth","Whitsunday",148.452850341797,-19.9661026000977,0.6,2.68,5.43,899.21,363.02,3097.96,83.6,45.58,192.81
"WANorth","Broome",120.065490722656,-19.9218635559082,0.6,4.27,4.5,148.87,76.16,371.86,50.36,29.19,107.21
"WANorth","Broome",120.112655639648,-19.914041519165,0.6,4.27,4.47,148.6,76.05,371.02,59.54,33.78,130.42
"WANorth","Broome",120.158889770508,-19.9079303741455,0.6,4.27,4.46,146.03,74.9,363.53,61.48,34.72,135.59
"WANorth","Broome",120.213424682617,-19.9057884216309,0.6,4.27,2.09,154.25,78.5,388.21,31.77,19.79,60.97
"QLDNorth","Whitsunday",148.089401245117,-19.8941669464111,0.6,2.69,5.67,655.84,274.78,2153.39,62.46,35.31,137.26
"WANorth","Broome",120.28434753418,-19.8830451965332,0.6,4.26,4.45,171.44,86.55,434.94,62.07,35.16,135.98
"WANorth","Broome",120.331367492676,-19.8702392578125,0.6,4.27,4.46,160.25,81.74,400.63,57.15,32.79,122.93
"WANorth","Broome",120.376899719238,-19.8509407043457,0.6,4.28,1.89,135,70.52,326.51,44.47,26.4,91.26
"QLDNorth","Whitsunday",147.870895385742,-19.8506202697754,0.6,2.69,3.17,791.88,322.64,2704.8,48.64,28.51,101.65
"QLDNorth","Whitsunday",147.89860534668,-19.8779392242432,0.6,2.68,3.37,837.26,339.27,2878.22,26.49,16.86,49.44
"QLDNorth","Whitsunday",148.025787353516,-19.8905639648438,0.6,2.68,3.28,968.49,387.76,3371.97,33.87,20.88,65.98
"QLDNorth","Whitsunday",148.049194335938,-19.880392074585,0.6,2.68,5.76,947.94,380.22,3293.95,63.85,36.1,140.07
"WANorth","Broome",120.446357727051,-19.824390411377,0.6,4.27,4.45,156.69,80.27,389.13,62.64,35.55,136.7
"WANorth","Broome",120.484565734863,-19.8106021881104,0.6,4.27,4.46,153.02,78.73,377.55,61.4,34.93,133.54
"WANorth","Broome",120.529876708984,-19.7982482910156,0.6,4.27,1.66,148.98,76.98,365.34,84.79,46.07,196.64
"QLDNorth","Burdekin",147.636581420898,-19.7879085540771,0.6,2.67,3.01,1158.57,450.04,4216.95,104.35,54.92,253.29
"QLDNorth","Burdekin",147.66423034668,-19.8059043884277,0.6,2.67,3.17,1305.21,500.16,4833.95,44.5,26.43,91.28
"QLDNorth","Whitsunday",147.857131958008,-19.801721572876,0.6,2.69,5.85,791.49,322.53,2702.77,61.72,35.28,132.99
"WANorth","Broome",120.579978942871,-19.7765197753906,0.6,4.27,4.46,141.43,73.77,342,65.12,36.92,141.97
"WANorth","Broome",120.65160369873,-19.7546901702881,0.6,4.27,4.44,144.85,75.38,351.19,66.66,37.68,145.88
"WANorth","Broome",120.687477111816,-19.7428932189941,0.6,4.27,4.44,150.82,77.96,369.26,70.2,39.41,155.11
"WANorth","Broome",120.729225158691,-19.7241172790527,0.6,4.27,1.57,143.52,74.81,347.15,76.64,42.25,174.15
"QLDNorth","Burdekin",147.605331420898,-19.7488174438477,0.6,2.68,3.13,1011.3,399.38,3601.91,58.19,33,127.78
"QLDNorth","Whitsunday",147.738739013672,-19.7649955749512,0.6,2.67,2.9,1277.18,492.44,4683.01,140.82,71.76,355.71
"QLDNorth","Whitsunday",147.856964111328,-19.7432193756104,0.6,2.68,5.96,846.54,342.17,2921.75,67.45,38.18,147.11
"WANorth","Broome",120.793174743652,-19.6948852539062,0.6,5.74,2.88,135.57,71.54,321.72,126.94,65.65,314.17
"QLDNorth","Burdekin",147.612564086914,-19.6770915985107,0.6,2.76,3.36,870.47,350.63,3018.19,36.22,21.92,72.77
"QLDNorth","Whitsunday",147.75080871582,-19.702392578125,0.6,2.68,3.23,1041.05,410.62,3709.06,39.87,23.84,81.41
"QLDNorth","Whitsunday",147.780395507812,-19.7049865722656,0.6,2.68,3.42,1029.74,406.81,3660.64,24.23,15.59,44.61
"QLDNorth","Whitsunday",147.826461791992,-19.7084178924561,0.6,2.68,6.01,845.58,341.68,2920.34,63.1,36.03,136.04
"WANorth","Broome",120.856033325195,-19.6699066162109,0.6,5.74,5.91,138.11,72.25,332.71,69.6,39.24,152.64
"WANorth","Broome",120.902053833008,-19.6542224884033,0.6,5.74,5.91,143.37,74.95,344.91,62.48,35.87,133.43
"WANorth","Broome",120.94229888916,-19.6378479003906,0.6,5.76,2.8,110.12,59.92,250.31,126.53,65.6,311.75
"QLDNorth","Burdekin",147.608001708984,-19.6527614593506,0.6,2.76,6.09,962.52,382.29,3403.05,78.47,43.83,173.7
"WANorth","Broome",121.010299682617,-19.5989818572998,0.6,5.75,3.01,122.36,65.38,285.67,46.5,27.39,96.56
"QLDNorth","Burdekin",147.57568359375,-19.5920028686523,0.6,2.76,6.08,831.94,336.14,2876.71,100.94,54.47,234.23
"WANorth","Broome",121.067588806152,-19.5578746795654,0.6,5.73,3.1,170.39,86.85,424.82,36.46,22.22,72.22
"QLDNorth","Burdekin",147.566986083984,-19.5536823272705,0.6,2.76,6.11,892.73,358.33,3110.5,87.21,48.24,195.18
"WANorth","Broome",121.12336730957,-19.5209617614746,0.6,5.74,6.12,134.14,71.01,316.78,33.85,20.72,66.85
"WANorth","Broome",121.15958404541,-19.4946613311768,0.6,5.74,3.12,134.1,71.03,316.27,32.84,20.32,63.62
"QLDNorth","Burdekin",147.518493652344,-19.4948139190674,0.6,2.76,6.4,861.68,347.19,2988.04,35.64,21.6,71.41
"WANorth","Broome",121.21656036377,-19.4481582641602,0.6,5.74,2.93,143.33,74.94,344.84,57.47,33.07,122.89
"QLDNorth","Burdekin",147.482009887695,-19.440486907959,0.6,2.76,6.39,852.62,344,2951.29,36.95,22.31,74.46
"WANorth","Broome",121.255737304688,-19.4106731414795,0.6,5.74,2.71,155.94,80.51,381.85,340.12,154.62,1002.14
"QLDNorth","Townsville",147.112716674805,-19.3939304351807,0.6,2.78,2.93,1588.22,599.25,5976.32,467.38,203.04,1467.28
"QLDNorth","Burdekin",147.154144287109,-19.4040985107422,0.6,2.77,3.38,1777.72,659.72,6847.4,51.71,29.59,112.62
"QLDNorth","Burdekin",147.201370239258,-19.4158000946045,0.6,2.77,3.37,1913.85,700.47,7527.08,52.64,30.04,115.08
"QLDNorth","Burdekin",147.27033996582,-19.4202575683594,0.6,2.73,3.42,2306.4,822.84,9395.99,40.68,24.02,84.91
"QLDNorth","Burdekin",147.316925048828,-19.4074878692627,0.6,2.73,3.42,2239.79,801.96,9081.39,41.27,24.31,86.47
"QLDNorth","Burdekin",147.366546630859,-19.4134864807129,0.6,2.74,3.19,2191.38,786.53,8857.83,77.65,43.07,174.26
"QLDNorth","Burdekin",147.444625854492,-19.380880355835,0.6,2.74,6.33,1679.83,631.16,6347.22,37.87,22.78,76.69
"WANorth","Broome",121.288803100586,-19.3769283294678,0.6,5.73,2.72,167.04,85.51,413.7,342.42,155.88,1005.81
"QLDNorth","Townsville",147.091766357422,-19.3602600097656,0.6,2.78,6.17,1601.55,604.42,6020.71,67.82,38.08,150.14
"WANorth","Broome",121.341453552246,-19.3204784393311,0.6,5.73,5.99,164.54,84.25,407.68,57.1,32.64,123.73
"WANorth","Broome",121.361099243164,-19.2930088043213,0.6,5.73,3.16,172.01,87.5,430.18,102,53.75,247.4
"QLDNorth","Townsville",146.900085449219,-19.3002738952637,0.6,2.85,3.41,1167.53,466.5,4031.92,73.86,40.49,170.05
"QLDNorth","Townsville",146.94758605957,-19.2947425842285,0.6,2.78,6.12,1316.64,516.82,4661.9,56.8,32.51,122.82
"WANorth","Broome",121.392044067383,-19.2532920837402,0.6,5.73,3.23,171.44,87.15,429.35,75.76,41.46,174.74
"QLDNorth","Townsville",146.981781005859,-19.2680759429932,0.6,2.78,3.72,1362.87,530.82,4884.47,25.48,16.07,48.52
"QLDNorth","Townsville",147.061813354492,-19.2527599334717,0.6,2.78,6.02,1584.83,600.9,5910.74,100.41,54.23,232.75
"WANorth","Broome",121.431411743164,-19.2021427154541,0.6,5.73,3.2,168.35,85.65,421.48,86.33,46.54,202.98
"QLDNorth","Townsville",147.002349853516,-19.2261600494385,0.6,2.78,3.46,1305.19,511.52,4637.35,45.23,26.45,95.42
"QLDNorth","Townsville",147.045791625977,-19.2077312469482,0.6,2.78,5.99,1327.72,518.13,4749.45,98.43,53.35,226.99
"WANorth","Broome",121.471351623535,-19.1473999023438,0.6,5.73,3.06,162.68,83.07,405.46,181.54,91.09,464.04
"QLDNorth","Townsville",146.617416381836,-19.1560077667236,0.6,2.86,3.92,836.81,354.3,2654.11,28.18,17.35,55.83
"QLDNorth","Townsville",146.672744750977,-19.1812114715576,0.6,2.85,3.28,881.54,370.99,2818.06,113.92,59.68,277.23
"QLDNorth","Townsville",146.745254516602,-19.1750354766846,0.6,2.85,3.03,966.04,399.85,3165.15,222.7,108.69,591.29
"QLDNorth","Townsville",146.884170532227,-19.1261463165283,0.6,2.85,3.35,1123.02,451.31,3846.73,89.15,47.84,210.93
"QLDNorth","Townsville",147.014053344727,-19.1807861328125,0.6,2.78,3.34,1361.9,530.57,4879.05,76.71,42.03,176.29
"QLDNorth","Townsville",147.022735595703,-19.1852207183838,0.6,2.78,6.04,1363.26,530.72,4889.92,69.5,38.83,155.03
"WANorth","Broome",121.51439666748,-19.0784320831299,0.6,5.73,3.03,177.34,89.27,451.32,227.67,112.33,591.69
"QLDNorth","Townsville",146.524719238281,-19.0995292663574,0.6,2.86,3.17,824.34,349.65,2608.4,145.41,74.77,360.38
"QLDNorth","Townsville",146.544876098633,-19.1108875274658,0.6,2.86,3.77,830.91,352,2633.82,30.27,18.58,59.99
"QLDNorth","Townsville",146.780822753906,-19.1178245544434,0.6,2.85,3.63,1035.29,423.57,3449.7,39.42,23.54,80.72
"QLDNorth","Townsville",146.884262084961,-19.1123752593994,0.6,2.85,6.06,1167.07,466.25,4031.42,66.9,37.53,148.5
"WANorth","Broome",121.520469665527,-19.0504398345947,0.6,5.73,3.61,179.61,90.25,458.24,46.23,26.67,100
"QLDNorth","Townsville",146.468566894531,-19.0711936950684,0.6,2.86,3.74,767.41,328.02,2404.81,30.51,18.7,60.59
"QLDNorth","Townsville",146.793090820312,-19.1095657348633,0.6,2.85,3.51,1074.18,436.78,3611.61,53.73,30.87,115.81
"QLDNorth","Townsville",146.837158203125,-19.102445602417,0.6,2.85,5.83,1128.34,454.18,3852.58,147.63,76.03,364.45
"WANorth","Broome",121.545501708984,-18.9979515075684,0.6,5.73,3.29,181.27,90.9,463.93,117.1,61.22,285.55
"QLDNorth","Townsville",146.406478881836,-19.0029544830322,0.6,2.86,5.74,750.26,319.98,2363.86,111.23,59.2,263.22
"WANorth","Broome",121.551979064941,-18.9434871673584,0.6,5.73,3.14,182.66,91.56,467.53,209.84,103.53,548.18
"QLDNorth","Townsville",146.331924438477,-18.9381656646729,0.6,2.79,2.92,589.82,256.27,1823.18,229.41,112.25,605.09
"QLDNorth","Townsville",146.365142822266,-18.9604206085205,0.6,2.78,5.56,682.71,292.78,2141.76,157.29,80.42,391.97
"WANorth","Broome",121.59538269043,-18.8983860015869,0.6,5.73,3.22,190.04,94.94,488.23,153.69,78.89,380.78
"QLDNorth","Hinchinbrook",146.309585571289,-18.9009704589844,0.6,2.79,5.89,547.99,239.52,1683.11,34.21,20.9,67.76
"WANorth","Broome",121.602256774902,-18.8637847900391,0.6,5.73,3.43,187.64,93.98,480.22,90.5,48.18,217.19
"QLDNorth","Hinchinbrook",146.279510498047,-18.8430213928223,0.6,2.8,3.37,463.37,205.36,1402.38,54.1,30.86,118.13
"QLDNorth","Palm Island",146.553527832031,-18.8467845916748,0.6,2.77,3.47,932.77,384.98,3078.43,46.05,27.06,96.18
"QLDNorth","Palm Island",146.644714355469,-18.7806949615479,0.6,2.77,3.57,1029.88,416.87,3500.38,36.98,22.35,74.38
"QLDNorth","Palm Island",146.662719726562,-18.7778167724609,0.6,2.77,5.65,1076.02,432.98,3686.81,129.08,67.82,309.81
"WANorth","Broome",121.630653381348,-18.8212699890137,0.6,5.73,3.61,185.05,92.95,471.46,46.15,26.7,99.24
"QLDNorth","Hinchinbrook",146.28483581543,-18.788667678833,0.6,2.8,3.12,439.19,195.53,1322.61,115.76,61.04,277.93
"QLDNorth","Palm Island",146.537780761719,-18.7881507873535,0.6,2.77,5.8,1106.63,444.07,3804.34,49.19,28.75,103.25
"WANorth","Broome",121.633827209473,-18.7459316253662,0.6,5.72,3.63,195.36,97.34,503.53,42.68,24.96,90.42
"QLDNorth","Hinchinbrook",146.29362487793,-18.7438869476318,0.6,2.8,2.98,428.51,190.82,1291.94,118.62,63.67,275.18
"QLDNorth","Palm Island",146.530319213867,-18.7633838653564,0.6,2.77,3.47,1242.32,490.92,4360.97,39.14,23.56,78.98
"QLDNorth","Palm Island",146.695037841797,-18.7528095245361,0.6,2.76,6.08,1425.51,552.95,5132.83,21.77,14.16,39.53
"WANorth","Broome",121.631500244141,-18.6964435577393,0.6,5.73,3.7,170.44,86.62,427.26,41.2,24.28,86.29
"QLDNorth","Hinchinbrook",146.313293457031,-18.6965656280518,0.6,2.8,2.99,458.71,202.32,1401.51,75.61,42.2,168.01
"QLDNorth","Palm Island",146.530151367188,-18.6977615356445,0.6,2.77,5.67,1078.25,432.71,3712.37,62.67,35.8,135.1
"WANorth","Broome",121.702735900879,-18.6924514770508,0.6,5.74,5.96,153.83,79.23,378.71,69.21,39.2,150.54
"WANorth","Broome",121.748542785645,-18.6694412231445,0.6,5.74,3.52,155.16,79.95,381.4,50.08,29.08,106.31
"QLDNorth","Hinchinbrook",146.317077636719,-18.6443119049072,0.6,2.81,3.34,372.69,168.35,1104.42,41.89,24.88,86.31
"QLDNorth","Palm Island",146.55891418457,-18.6555709838867,0.6,2.76,3.53,1478.73,572.33,5333.96,39.81,23.83,81.11
"QLDNorth","Palm Island",146.595520019531,-18.6801776885986,0.6,2.76,5.65,1533.29,589.45,5586.94,110.94,59.33,260.21
"WANorth","Broome",121.738983154297,-18.5859107971191,0.6,5.73,3.49,178.52,90.12,451.78,56.92,32.64,122.56
"QLDNorth","Hinchinbrook",146.3427734375,-18.5997543334961,0.6,2.79,5.61,563.99,242.53,1781.97,64.41,36.61,139.84
"WANorth","Broome",121.748870849609,-18.5592384338379,0.6,5.73,3.63,190.24,95.58,483.7,44.68,26.2,93.85
"QLDNorth","Hinchinbrook",146.348968505859,-18.5500183105469,0.6,2.79,5.54,649.9,274.14,2108.33,97.21,52.75,223.9
"WANorth","Broome",121.770851135254,-18.5249538421631,0.6,5.73,6.13,182.07,91.95,459.76,41.72,25.05,84.16
"WANorth","Broome",121.808464050293,-18.4525394439697,0.6,5.72,3.81,201.73,100.47,519.25,36.47,21.92,74.19
"QLDNorth","Cassowary Coast",146.347763061523,-18.4298896789551,0.6,2.78,5.86,776.09,319.86,2598.24,42.47,25.41,86.16
"WANorth","Broome",121.834434509277,-18.4405097961426,0.6,5.72,6.45,200.33,99.89,514.75,20.47,13.41,36.83
"WANorth","Broome",121.935127258301,-18.4399223327637,0.6,5.73,3.67,183.12,92.63,460.93,46.67,27.17,99.04
"QLDNorth","Cassowary Coast",146.356842041016,-18.4150352478027,0.6,2.77,6.12,1147,453.7,4039.45,28.58,18.2,53.04
"WANorth","Broome",122.028900146484,-18.3615627288818,0.6,5.73,6.3,175.46,89.49,436.17,28.21,18,52.14
"WANorth","Broome",122.058647155762,-18.32155418396,0.6,5.73,6.22,178.25,90.58,445.65,35.53,22.02,68.27
"WANorth","Broome",122.108795166016,-18.3069400787354,0.6,5.73,3.33,178.52,90.98,443.94,69.61,38.36,159.44
"QLDNorth","Cassowary Coast",146.284317016602,-18.2905540466309,0.6,2.93,6.12,865.11,350.36,2970.59,90.72,51.22,195.11
"WANorth","Broome",122.169158935547,-18.2484817504883,0.6,5.73,3.42,162.64,83.79,398.75,50.6,29.14,109.01
"QLDNorth","Cassowary Coast",146.306060791016,-18.244478225708,0.6,2.92,6.17,1268.13,493.64,4570.48,96.85,54.32,209.98
"WANorth","Broome",122.210594177246,-18.1955833435059,0.6,5.73,6,177.25,90.26,441.58,95.56,53.72,206.49
"WANorth","Broome",122.253555297852,-18.1877174377441,0.6,5.72,2.96,199.04,100.43,500.71,204.73,99.54,550.55
"QLDNorth","Cassowary Coast",146.217025756836,-18.1993274688721,0.6,2.92,3.16,1516.49,576.31,5648.01,191.09,93.51,510.1
"QLDNorth","Cassowary Coast",146.232025146484,-18.1985282897949,0.6,2.92,6.23,1286.66,499.61,4654.23,101.23,56.04,224.12
"WANorth","Broome",122.322677612305,-18.1571865081787,0.6,5.72,2.82,200.68,100.24,513.96,580.12,243.7,1911.3
"QLDNorth","Cassowary Coast",146.008666992188,-18.1486492156982,0.6,2.92,3,1201.62,468.8,4327.98,608.13,254.17,2016.35
"QLDNorth","Cassowary Coast",146.012237548828,-18.1618804931641,0.6,2.92,3.41,1227.88,477.88,4436.27,79.21,42.94,185.39
"QLDNorth","Cassowary Coast",146.143829345703,-18.1560192108154,0.6,2.92,3.4,1471.88,560.6,5469.94,81.93,44.14,193.6
"QLDNorth","Cassowary Coast",146.157608032227,-18.1430225372314,0.6,2.92,6.21,1537.75,582.38,5758.55,99.45,55.4,217.94
"WANorth","Broome",122.358604431152,-18.1208782196045,0.6,5.72,3.27,210.79,104.99,540.95,62.75,35.04,141.25
"QLDNorth","Cassowary Coast",146.016647338867,-18.0830326080322,0.6,2.93,6.16,968.33,384.3,3427.18,101.27,56.39,221.84
"WANorth","Broome",122.369987487793,-18.0450019836426,0.6,5.72,3.56,223.49,111.31,571.52,31.47,19.28,62.42
"QLDNorth","Cassowary Coast",146.020706176758,-18.0799427032471,0.6,2.93,5.92,936.8,373.24,3298.89,186.98,94.96,466.58
"WANorth","Broome",122.270835876465,-17.9692668914795,0.6,5.72,3.5,226.01,111.74,585.43,35.07,21.17,70.97
"QLDNorth","Cassowary Coast",146.065887451172,-18.0073947906494,0.6,2.62,3.33,822.57,332.46,2844.93,39.9,23.7,82.49
"QLDNorth","Cassowary Coast",146.101272583008,-17.9797477722168,0.6,2.61,5.54,1080.61,423.46,3887.37,126.4,68.33,288.38
"WANorth","Broome",122.174751281738,-17.9715633392334,0.6,5.73,5.79,180.12,92.35,442.79,136.52,73.03,315.97
"WANorth","Broome",122.201286315918,-17.9162635803223,0.6,5.73,3.91,185.43,94.8,457.39,6.76,5.21,9.66
"QLDNorth","Carpentaria",140.368133544922,-17.6779441833496,0.6,3.49,4.25,20.31,13.52,35.47,6.8,5.24,9.73
"QLDNorth","Carpentaria",140.385818481445,-17.6716804504395,0.6,3.49,3.98,20.53,13.65,35.94,47.05,27.48,99.23
"QLDNorth","Cassowary Coast",146.154861450195,-17.9221496582031,0.6,2.6,5.46,1654.23,616.7,6348.01,140.15,74.67,326.27
"WANorth","Broome",122.204780578613,-17.8366279602051,0.6,5.73,4,189.49,96.54,469.69,6.57,5.09,9.33
"QLDNorth","Carpentaria",140.214996337891,-17.7029590606689,0.6,3.5,4.26,19.58,13.06,34.13,6.58,5.09,9.35
"QLDNorth","Carpentaria",140.218505859375,-17.7027893066406,0.6,3.5,4.25,19.63,13.1,34.23,6.69,5.17,9.54
"QLDNorth","Carpentaria",140.310592651367,-17.6870975494385,0.6,3.5,4.25,20.07,13.37,35.05,6.72,5.19,9.59
"QLDNorth","Carpentaria",140.340316772461,-17.6828422546387,0.6,3.5,3.87,20.18,13.44,35.23,10.14,7.4,15.64
"QLDNorth","Carpentaria",140.464904785156,-17.6438846588135,0.6,3.49,3.47,20.44,13.62,35.62,277.04,130.59,773.48
"QLDNorth","Cassowary Coast",146.120620727539,-17.8555068969727,0.6,2.6,5.43,1931.47,707.72,7576.04,135.49,72.35,314.69
"WANorth","Broome",122.197250366211,-17.7924537658691,0.6,5.73,4.09,191.26,97.1,476.83,6.21,4.85,8.72
"QLDNorth","Carpentaria",140.121520996094,-17.7146682739258,0.6,3.51,4.21,18.35,12.34,31.65,6.99,5.37,10.02
"QLDNorth","Carpentaria",140.515335083008,-17.6259860992432,0.6,3.49,3.73,20.67,13.78,35.94,84.63,45.6,199.48
"QLDNorth","Cassowary Coast",146.116027832031,-17.7777137756348,0.6,2.6,5.57,1492.06,564.76,5604.3,59.09,34.78,120.89
"WANorth","Broome",122.193878173828,-17.746509552002,0.6,5.72,4.17,195.93,99.15,490.72,6.06,4.75,8.47
"QLDNorth","Carpentaria",140.021530151367,-17.7132759094238,0.6,3.52,4.3,17.82,12.01,30.68,6.1,4.77,8.54
"QLDNorth","Carpentaria",140.043045043945,-17.7161026000977,0.6,3.51,4.29,18.03,12.13,31.1,6.17,4.82,8.65
"QLDNorth","Carpentaria",140.105361938477,-17.7150611877441,0.6,3.51,3.69,18.14,12.23,31.19,82.92,44.86,194.17
"QLDNorth","Cassowary Coast",146.113525390625,-17.7575416564941,0.6,2.6,5.54,1842.76,681.26,7131.57,59.45,34.85,122.56
"QLDNorth","Burke",139.674652099609,-17.6803550720215,0.6,3.87,4.58,5.13,4.29,6.43,5.67,4.6,7.46
"QLDNorth","Burke",139.720748901367,-17.6687698364258,0.6,3.44,4.83,30.35,19.64,54.43,5.95,4.67,8.29
"QLDNorth","Carpentaria",139.965087890625,-17.6877937316895,0.6,3.52,4.19,17.33,11.72,29.7,7.08,5.43,10.18
"QLDNorth","Carpentaria",140.540557861328,-17.6130619049072,0.6,3.49,4.36,21.02,14,36.62,17.11,11.47,29.88
"QLDNorth","Cassowary Coast",146.128433227539,-17.6823272705078,0.6,2.42,3.01,1981.73,724.83,7785.98,7.99,6.03,11.77
"QLDNorth","Burke",139.72966003418,-17.6520366668701,0.6,3.5,4.13,19.03,12.96,31.98,12.77,9.02,20.57
"QLDNorth","Carpentaria",139.905807495117,-17.6179084777832,0.6,3.51,4.26,18.32,12.33,31.56,20.8,13.61,37.47
"QLDNorth","Cassowary Coast",146.151962280273,-17.6473865509033,0.6,2.41,5.3,2964.57,1026.13,12566.03,57.1,33.54,117.54
"WANorth","Broome",122.145599365234,-17.5740623474121,0.6,5.71,4.35,258.39,125.92,681.48,6.05,4.75,8.43
"QLDNorth","Burke",139.55126953125,-17.4675235748291,0.6,3.51,4.29,18.79,12.6,32.52,6.16,4.82,8.63
"QLDNorth","Carpentaria",139.797378540039,-17.5743885040283,0.6,3.5,3.74,19.39,12.96,33.75,11.64,8.33,18.42
"QLDNorth","Carpentaria",139.846939086914,-17.5938262939453,0.6,3.52,4.18,17.84,12.06,30.55,7.21,5.52,10.4
"QLDNorth","Carpentaria",140.616607666016,-17.5751857757568,0.6,3.49,6.4,21.3,14.19,37.02,25.3,16.2,46.82
"WANorth","Broome",122.140846252441,-17.5468120574951,0.6,5.71,4.37,278.4,134.23,745.33,6.09,4.78,8.5
"QLDNorth","Burke",139.340286254883,-17.3700885772705,0.6,3.5,4.17,19.19,12.84,33.33,7.34,5.61,10.61
"QLDNorth","Carpentaria",140.6748046875,-17.5273208618164,0.6,3.48,3.6,21.81,14.51,37.91,124.48,64.87,304.05
"QLDNorth","Cassowary Coast",146.119018554688,-17.5732955932617,0.6,2.41,5.25,2787.83,973.82,11665.06,57.59,33.48,120.76
"WANorth","Broome",122.137870788574,-17.4900321960449,0.6,5.7,6.5,321.5,151.82,886.11,39.16,22.99,82.9
"WANorth","Derby-West Kimberley",123.531455993652,-17.4072303771973,0.6,5.67,6.02,702.62,291.77,2334.78,40.11,23.47,85.34
"WANorth","Derby-West Kimberley",123.539482116699,-17.4078960418701,0.6,5.67,3.95,720.49,298.39,2402.05,5.94,4.67,8.26
"QLDNorth","Burke",139.318740844727,-17.3607711791992,0.6,3.51,3.65,18.2,12.25,31.35,14.1,9.88,22.94
"QLDNorth","Carpentaria",140.74006652832,-17.4942760467529,0.6,3.48,4.19,22.5,14.93,39.24,20.65,13.58,36.85
"QLDNorth","Cassowary Coast",146.081176757812,-17.4951591491699,0.6,2.41,5.21,2723.49,953.11,11374.02,60.22,34.86,126.95
"WANorth","Broome",122.141387939453,-17.4324226379395,0.6,5.7,4.49,358.16,166.3,1011.22,5.96,4.68,8.28
"QLDNorth","Burke",139.308685302734,-17.3560638427734,0.6,3.51,4.13,18.3,12.32,31.54,7.62,5.8,11.1
"QLDNorth","Carpentaria",140.830657958984,-17.4451560974121,0.6,3.47,4.17,23.63,15.57,41.62,22.16,14.44,40.03
"QLDNorth","Cassowary Coast",146.071960449219,-17.4340782165527,0.6,2.41,5.18,2749.63,961.67,11489.29,61.57,35.33,131.73
"WANorth","Broome",122.144454956055,-17.3932991027832,0.6,5.69,6.57,398.05,181.76,1151.26,38.87,22.89,81.89
"WANorth","Derby-West Kimberley",123.528343200684,-17.3937339782715,0.6,5.67,5.97,716.3,296.13,2397.03,47.78,27.15,106.25
"WANorth","Derby-West Kimberley",123.563148498535,-17.3763256072998,0.6,5.67,4.02,863.37,351.02,2943.65,5.96,4.69,8.29
"QLDNorth","Burke",139.288360595703,-17.3449077606201,0.6,3.51,4.1,18.4,12.37,31.78,8.12,6.11,12
"QLDNorth","Carpentaria",140.88053894043,-17.3816585540771,0.6,3.47,4.06,24.19,15.91,42.71,29.26,18.37,55.66
"QLDNorth","Cairns",146.078048706055,-17.395055770874,0.6,2.41,5.56,3138.97,1076.45,13485.94,15.98,10.84,27.38
"WANorth","Broome",122.144874572754,-17.3518562316895,0.6,5.69,6.47,466.84,207.85,1400.23,49.13,27.76,110.21
"WANorth","Derby-West Kimberley",123.475112915039,-17.3458309173584,0.6,5.67,6.04,886.9,353.82,3127.14,53.32,29.76,121.73
"WANorth","Derby-West Kimberley",123.569053649902,-17.346565246582,0.6,5.67,4.11,815.85,333.12,2770.04,5.78,4.56,7.99
"QLDNorth","Burke",139.23600769043,-17.3140430450439,0.6,3.52,4.08,17.32,11.74,29.6,8.31,6.23,12.31
"QLDNorth","Carpentaria",140.888717651367,-17.3429565429688,0.6,3.47,3.66,24.88,16.33,44.04,159.07,78.05,428.08
"QLDNorth","Cairns",146.073608398438,-17.3865737915039,0.6,2.4,5.34,3682.59,1234.26,16337.02,24.58,15.76,45.49
"WANorth","Broome",122.160667419434,-17.3047370910645,0.6,5.68,6.35,550.54,239.5,1705.23,51.32,28.74,116.73
"WANorth","Derby-West Kimberley",123.417602539062,-17.2973575592041,0.6,5.66,4.31,1008.66,401.19,3545.49,5.75,4.54,7.94
"QLDNorth","Burke",139.219177246094,-17.2945404052734,0.6,3.52,4.07,17.15,11.63,29.29,8.42,6.31,12.51
"QLDNorth","Carpentaria",140.901763916016,-17.2915172576904,0.6,3.47,3.9,25.13,16.48,44.52,48.66,28.63,100.92
"QLDNorth","Cairns",146.0078125,-17.3007183074951,0.6,2.41,5.1,3330.17,1129.38,14549.47,49,28.47,104.03
"WANorth","Broome",122.169792175293,-17.2573261260986,0.6,5.68,6.34,641.81,273.33,2047.24,50.13,28.21,113.16
"WANorth","Derby-West Kimberley",123.392692565918,-17.2516899108887,0.6,5.68,6.07,608.37,265.63,1860.11,59.5,32.65,139.18
"WANorth","Derby-West Kimberley",123.563186645508,-17.2601871490479,0.6,5.67,4.21,718.13,310.57,2212.12,6.95,5.33,10.05
"QLDNorth","Burke",139.198165893555,-17.2524547576904,0.6,3.52,3.87,17.38,11.76,29.76,10.47,7.62,16.17
"QLDNorth","Carpentaria",140.907333374023,-17.2408676147461,0.6,3.46,5.83,25.24,16.55,44.71,58.12,32.97,127.6
"WANorth","Broome",122.218925476074,-17.1958827972412,0.6,5.68,6.3,692.94,293.87,2216.66,45.97,26.21,101.83
"WANorth","Broome",123.373954772949,-17.2132339477539,0.6,5.69,6.08,458.06,208.52,1320.84,73.46,39.07,179.61
"WANorth","Derby-West Kimberley",123.616088867188,-17.2128028869629,0.6,5.68,4.11,532.72,240.58,1544.59,7.94,5.97,11.76
"QLDNorth","Burke",139.170349121094,-17.1922702789307,0.6,3.52,3.69,17.38,11.76,29.75,13.2,9.33,21.22
"QLDNorth","Carpentaria",140.935958862305,-17.1837463378906,0.6,3.46,4.02,25.86,16.88,46.08,41.26,24.97,82.14
"QLDNorth","Cairns",146.008026123047,-17.1673545837402,0.6,2.44,5.07,3440.51,1159.49,15175.53,59.05,33.18,131.93
"WANorth","Broome",122.239624023438,-17.1622047424316,0.6,5.67,6.21,765.26,320.5,2489.3,46.73,26.67,103.14
"WANorth","Broome",123.347625732422,-17.1607532501221,0.6,5.68,6.1,527.92,233.63,1588.76,74.39,39.73,180.25
"WANorth","Derby-West Kimberley",123.597160339355,-17.134859085083,0.6,5.68,6.02,535.27,239.21,1581.18,265.98,117.46,844.83
"WANorth","Derby-West Kimberley",123.795593261719,-17.1432876586914,0.6,5.64,5.92,2449.22,922.53,9007.57,311.58,134.41,1023.16
"WANorth","Derby-West Kimberley",123.834739685059,-17.142276763916,0.6,5.62,4,7094.92,2263.7,33058.62,7.9,5.95,11.69
"QLDNorth","Burke",139.158264160156,-17.1464824676514,0.6,3.52,3.55,17.49,11.83,29.99,17.16,11.75,28.79
"QLDNorth","Carpentaria",140.943267822266,-17.1466102600098,0.6,3.46,3.75,26.29,17.14,46.93,93.96,50.21,223.21
"QLDNorth","Cairns",145.999618530273,-17.1491031646729,0.6,2.43,5.15,4772.23,1535.9,22441.36,68.79,37.38,162.08
"WANorth","Derby-West Kimberley",123.582817077637,-17.0903625488281,0.6,5.68,5.98,595.51,261.07,1809.83,231.44,104.86,706.71
"WANorth","Derby-West Kimberley",123.755851745605,-17.0817451477051,0.6,5.67,5.94,959.1,401.15,3084.97,242.99,109.34,749.13
"WANorth","Derby-West Kimberley",123.821250915527,-17.0902347564697,0.6,5.65,4.12,1972.06,755.18,7128.66,7.85,5.92,11.6
"QLDNorth","Burke",139.150787353516,-17.1010723114014,0.6,3.52,3.54,17.72,11.96,30.45,17.51,11.96,29.46
"QLDNorth","Carpentaria",140.948135375977,-17.0974521636963,0.6,3.46,3.57,26.73,17.4,47.78,234.33,110.71,658.94
"QLDNorth","Cairns",146.005630493164,-17.1468601226807,0.6,2.43,5.05,4860.35,1560.03,22943.16,53.42,30.14,119.29
"WANorth","Broome",122.289863586426,-17.0664482116699,0.6,5.67,6.11,740.58,312.8,2376.84,48.94,27.81,108.57
"WANorth","Broome",123.285797119141,-17.0445117950439,0.6,5.67,6.11,754.88,315.05,2473.62,150.26,73.42,409.52
"WANorth","Derby-West Kimberley",123.660873413086,-17.0353832244873,0.6,5.69,5.92,506.72,229.61,1464.56,182.48,86.61,518.46
"WANorth","Derby-West Kimberley",123.685234069824,-17.0413150787354,0.6,5.67,5.98,783.14,332.13,2486.3,300.17,132.88,939.4
"WANorth","Derby-West Kimberley",123.807083129883,-17.038854598999,0.6,5.66,4.21,1083.31,447.33,3540.61,7.38,5.61,10.75
"QLDNorth","Doomadgee",139.092681884766,-16.9999408721924,0.6,3.48,4.11,22.33,14.64,39.85,8.63,6.43,12.96
"QLDNorth","Burke",139.120666503906,-17.0100116729736,0.6,3.48,3.64,22.61,14.8,40.47,16.87,11.57,28.2
"QLDNorth","Carpentaria",140.943222045898,-17.0436038970947,0.6,3.46,5.76,26.61,17.32,47.62,59.83,33.07,137.84
"QLDNorth","Yarrabah",145.912002563477,-17.0747356414795,0.6,2.44,4.98,4210.78,1380.89,19280.25,57.3,31.84,131.17
"WANorth","Broome",122.361793518066,-16.9978256225586,0.6,5.68,6.06,592.78,258.2,1823.29,58.17,32.24,133.62
"WANorth","Broome",122.368659973145,-16.9945831298828,0.6,5.68,6.32,575.54,251.53,1762.76,237.15,109.23,699.69
"WANorth","Broome",123.275177001953,-17.0187091827393,0.6,5.67,4.58,868.48,355.31,2925.9,7.47,5.68,10.91
"WANorth","Derby-West Kimberley",123.796585083008,-16.9986591339111,0.6,5.67,3.65,737.15,320.48,2245.86,16.9,11.6,28.22
"QLDNorth","Doomadgee",139.04817199707,-16.9529838562012,0.6,3.47,3.54,23.65,15.39,42.64,281.84,133.79,775.82
"QLDNorth","Carpentaria",140.95344543457,-16.9973220825195,0.6,3.46,5.81,26.8,17.43,48,40.81,23.82,87.15
"QLDNorth","Yarrabah",145.916687011719,-16.9676456451416,0.6,2.44,4.87,4153.49,1362.26,19031.29,100.68,51.81,256.06
"WANorth","Broome",122.425003051758,-16.9580631256104,0.6,5.68,5.94,568.85,248.98,1738.8,58.57,32.56,133.7
"WANorth","Broome",122.47590637207,-16.9466228485107,0.6,5.68,6.27,666.4,283.56,2123.94,425.66,179.59,1423.24
"WANorth","Broome",123.236099243164,-16.9667892456055,0.6,5.66,4.09,1036.99,411.63,3652.16,12.74,8.98,20.59
"WANorth","Derby-West Kimberley",123.84156036377,-16.9431324005127,0.6,5.67,3.74,760.18,334.18,2266.91,13.59,9.59,21.87
"QLDNorth","Doomadgee",138.942565917969,-16.880672454834,0.6,3.41,4.13,41.03,24.81,81.83,64.67,36.92,139.22
"QLDNorth","Carpentaria",140.999237060547,-16.9440288543701,0.6,3.46,5.58,26.49,17.25,47.38,129.54,66.29,326.61
"QLDNorth","Cairns",146.001770019531,-16.9421482086182,0.6,2.43,4.66,5006.56,1600.18,23773.39,76.18,40.82,182.99
"WANorth","Broome",122.545806884766,-16.8801078796387,0.6,5.68,6.19,658.78,281.32,2087.4,266.3,122.93,775.52
"WANorth","Broome",123.184837341309,-16.9275875091553,0.6,5.66,6.42,1225.84,471.14,4534.01,429.08,181.6,1425.18
"WANorth","Derby-West Kimberley",123.777725219727,-16.902904510498,0.6,5.67,3.94,839.63,355.09,2668.04,8.77,6.52,13.19
"WANorth","Derby-West Kimberley",123.835624694824,-16.8986587524414,0.6,5.66,3.83,1041.09,436.64,3316.81,8.89,6.6,13.42
"QLDNorth","Burke",138.850082397461,-16.8656177520752,0.6,3.41,4.08,41.42,24.98,82.96,13.64,9.63,21.92
"QLDNorth","Doomadgee",138.892303466797,-16.8733081817627,0.6,3.41,4.09,42.58,25.57,85.79,104.46,55.65,247.78
"QLDNorth","Carpentaria",141.049575805664,-16.8861103057861,0.6,3.46,5.68,26.41,17.21,47.15,96.3,50.02,241.31
"QLDNorth","Cairns",145.999176025391,-16.9174575805664,0.6,2.43,4.58,7759.8,2314.99,40693.83,89.85,47.01,223.15
"WANorth","Broome",122.530799865723,-16.841724395752,0.6,5.68,6.12,686.54,292.07,2184.72,253.64,118.79,721.17
"WANorth","Broome",123.180473327637,-16.8580284118652,0.6,5.66,4.15,1400.58,527.82,5326.27,13.9,9.71,22.79
"WANorth","Derby-West Kimberley",123.741958618164,-16.8319988250732,0.6,5.67,3.81,712.03,311.94,2144.01,16.24,11.23,26.8
"QLDNorth","Burke",138.785995483398,-16.8390083312988,0.6,3.41,4.14,40.92,24.73,81.64,140.83,72.44,349.57
"QLDNorth","Carpentaria",141.066116333008,-16.8559246063232,0.6,3.46,3.86,26.57,17.31,47.46,122.36,64.21,295.4
"QLDNorth","Yarrabah",145.912048339844,-16.8647308349609,0.6,2.43,5.16,7964.32,2372.26,41815.92,26.77,16.72,51.8
"QLDNorth","Yarrabah",145.929809570312,-16.8617134094238,0.6,2.43,4.47,7456.06,2244.75,38543.12,87.56,45.96,216.51
"WANorth","Broome",122.552360534668,-16.8030338287354,0.6,5.67,6.02,762.15,318.89,2484.12,348.69,157.58,1037.11
"WANorth","Broome",123.154022216797,-16.7992839813232,0.6,5.65,6.38,1607.17,598.82,6185.71,345.42,156.9,1018.3
"WANorth","Derby-West Kimberley",123.67862701416,-16.7564373016357,0.6,5.68,4.06,635.91,283.24,1871.09,9.32,6.87,14.17
"WANorth","Derby-West Kimberley",123.710670471191,-16.7799625396729,0.6,5.67,4.17,966.4,402.11,3136.31,7.65,5.8,11.2
"QLDNorth","Burke",138.382385253906,-16.7451858520508,0.6,3.41,4.28,41.95,25.23,84.36,7.89,5.96,11.6
"QLDNorth","Burke",138.429443359375,-16.7687435150146,0.6,3.41,4.05,41.08,24.77,82.34,10.42,7.58,16.14
"QLDNorth","Burke",138.473739624023,-16.7738361358643,0.6,3.41,3.71,42.81,25.67,86.48,19.2,12.85,33.32
"QLDNorth","Burke",138.525970458984,-16.7795276641846,0.6,3.41,4.14,43.1,25.83,87.13,9.42,6.94,14.31
"QLDNorth","Burke",138.579299926758,-16.7746887207031,0.6,3.4,3.95,43.9,26.27,88.87,12.21,8.69,19.49
"QLDNorth","Burke",138.636611938477,-16.7679862976074,0.6,3.4,3.73,44.54,26.62,90.25,19.1,12.78,33.17
"QLDNorth","Burke",138.680358886719,-16.7960319519043,0.6,3.41,4.22,39.7,24.11,78.72,11.21,8.12,17.38
"QLDNorth","Burke",138.737106323242,-16.8132152557373,0.6,3.41,4.05,41.71,25.13,83.61,158.41,79.52,408.37
"QLDNorth","Carpentaria",141.103515625,-16.7927532196045,0.6,3.46,3.75,25.48,16.67,45.28,158.58,79.57,409.06
"QLDNorth","Cairns",145.726104736328,-16.8030052185059,0.6,2.43,5.11,7524.63,2263.35,38938.82,27.46,17.06,53.52
"QLDNorth","Cairns",145.737869262695,-16.8133316040039,0.6,2.43,4.83,7450.37,2244.09,38481.57,110.54,56.43,283.37
"WANorth","Broome",122.583396911621,-16.7595157623291,0.6,5.67,6.04,915.95,369.83,3151,114.49,58.21,295.04
"WANorth","Broome",122.612152099609,-16.7646045684814,0.6,5.67,6.03,866.22,352.19,2952.46,118.69,60.02,308.26
"WANorth","Broome",122.693992614746,-16.7739105224609,0.6,5.67,5.44,781.48,322.18,2613.48,119.58,60.3,312.02
"WANorth","Broome",122.743278503418,-16.7536392211914,0.6,5.67,5.75,720.11,300.24,2371.08,1043.09,413.68,3678.23
"WANorth","Broome",123.140037536621,-16.7331829071045,0.6,5.65,2.14,1451.96,556.84,5332.29,103282.03,21834.67,865961.24
"WANorth","Derby-West Kimberley",123.621742248535,-16.6970691680908,0.6,5.67,4.27,916.28,385.19,2928.17,12.25,8.67,19.75
"QLDNorth","Burke",138.258728027344,-16.7450256347656,0.6,3.11,6.47,1810900394.21,102680775.46,91955522240.88,7.07,5.42,10.19
"QLDNorth","Mornington",139.228988647461,-16.7413368225098,0.6,3.38,3.88,58.91,33.32,129.88,13.77,9.74,22.04
"QLDNorth","Mornington",139.309539794922,-16.753978729248,0.6,3.47,3.58,23.52,15.29,42.49,405.27,176.71,1276.33
"QLDNorth","Carpentaria",141.156280517578,-16.7444496154785,0.6,3.46,5.72,26.45,17.22,47.35,112.26,57.16,288.88
"QLDNorth","Cairns",145.689025878906,-16.7297172546387,0.6,2.43,4.27,7298.66,2204.48,37555.76,68.87,37.59,160.88
"WANorth","Broome",122.739082336426,-16.6962604522705,0.6,5.67,5.67,831.82,339.94,2815.92,1117.4,435.25,4055.92
"WANorth","Broome",123.093902587891,-16.7009868621826,0.6,5.67,4.31,840.06,352.74,2704.1,18.38,12.35,31.79
"WANorth","Derby-West Kimberley",123.527755737305,-16.6688785552979,0.6,5.66,4.21,1233.49,496.73,4185.78,11.57,8.28,18.32
"QLDNorth","Burke",138.204544067383,-16.6965427398682,0.6,3.41,4.46,41.27,24.84,82.95,7.55,5.76,10.91
"QLDNorth","Mornington",139.103439331055,-16.673942565918,0.6,3.37,4.03,67.34,37.95,148.12,15.5,10.72,25.68
"QLDNorth","Mornington",139.380981445312,-16.7104110717773,0.6,3.46,3.66,25.62,16.5,46.85,14.64,10.2,23.99
"QLDNorth","Mornington",139.431930541992,-16.6998081207275,0.6,3.45,3.81,28.25,17.92,52.79,12.42,8.91,19.51
"QLDNorth","Mornington",139.483444213867,-16.6868915557861,0.6,3.46,3.6,26.08,16.76,47.83,425.4,184.15,1353.5
"QLDNorth","Carpentaria",141.201629638672,-16.6889476776123,0.6,3.45,5.93,27.27,17.68,49.07,32.57,19.89,64.79
"QLDNorth","Cairns",145.686981201172,-16.7215843200684,0.6,2.43,4.21,7677.61,2303.2,39875.53,87.76,46.2,215.79
"WANorth","Broome",122.758804321289,-16.6481990814209,0.6,5.67,5.54,917.58,369.35,3174.26,1525.77,556.78,6129.09
"WANorth","Broome",123.038879394531,-16.6411304473877,0.6,5.67,4.29,815.9,341.51,2646.29,20.32,13.45,35.89
"WANorth","Derby-West Kimberley",123.477340698242,-16.6396064758301,0.6,5.66,4.09,1310.52,522.01,4519.69,15.49,10.64,25.99
"QLDNorth","Burke",138.109039306641,-16.6342353820801,0.6,3.41,4.12,41.68,25.03,84.07,10.78,7.8,16.81
"QLDNorth","Burke",138.141159057617,-16.6566505432129,0.6,3.41,4.38,41.16,24.78,82.73,8.14,6.16,11.9
NA,"Mornington",139.094833374023,-16.6291751861572,0.6,3.37,4.28,66.27,37.49,144.89,11.01,8.02,16.94
"QLDNorth","Mornington",139.505645751953,-16.6401557922363,0.6,3.46,3.82,26.01,16.76,47.5,148.33,74.68,381.96
"QLDNorth","Carpentaria",141.220474243164,-16.645679473877,0.6,3.45,5.9,28.61,18.43,51.92,34.74,21.04,69.94
"QLDNorth","Douglas",145.626510620117,-16.6954975128174,0.6,2.42,4.17,7703.54,2311.85,39972.94,95.82,49.77,240.25
"WANorth","Broome",122.767601013184,-16.5899047851562,0.6,5.66,5.39,1094.74,430.13,3915.49,779.66,300.27,2970.1
"WANorth","Broome",123.041023254395,-16.6141128540039,0.6,5.67,4.19,838.75,350.25,2727.42,26.22,16.75,48.64
"WANorth","Derby-West Kimberley",123.402015686035,-16.5954914093018,0.6,5.65,4.11,1856.09,714.44,6670.89,25.77,16.51,47.57
"QLDNorth","Burke",138.054504394531,-16.585880279541,0.6,3.41,4.38,41.1,24.72,82.76,8.29,6.25,12.15
"QLDNorth","Mornington",139.134765625,-16.5949783325195,0.6,3.37,4.3,67.66,38.16,148.56,10.6,7.76,16.21
"QLDNorth","Mornington",139.533416748047,-16.5946025848389,0.6,3.46,3.74,26.57,17.07,48.7,234.25,109.97,666.81
"QLDNorth","Carpentaria",141.229339599609,-16.5890846252441,0.6,3.45,5.84,29.49,18.94,53.73,45.07,26.21,96.19
"QLDNorth","Douglas",145.550155639648,-16.6172313690186,0.6,2.42,4.08,7032.87,2139.74,35787.81,182,86.65,514
"WANorth","Broome",122.802848815918,-16.5510406494141,0.6,5.66,5.21,1122.07,439.9,4023.08,1393.09,497.09,5883.82
"WANorth","Broome",123.010116577148,-16.5286808013916,0.6,5.67,4.24,778.07,327.63,2503.43,25.48,16.33,47.05
"WANorth","Derby-West Kimberley",123.426895141602,-16.5296878814697,0.6,5.65,4.65,1824.41,707.68,6473.59,12.26,8.72,19.59
"QLDNorth","Burke",138.031524658203,-16.5585155487061,0.6,3.41,4.22,41.35,24.84,83.42,10.4,7.61,15.92
"QLDNorth","Mornington",139.182846069336,-16.5619888305664,0.6,3.36,4.03,76.37,42.14,173.3,16.77,11.49,28.1
"QLDNorth","Mornington",139.554794311523,-16.5441150665283,0.6,3.46,4.19,26.23,16.9,47.82,8.23,6.21,12.1
"QLDNorth","Mornington",139.640274047852,-16.5737686157227,0.6,3.46,3.7,27.07,17.36,49.74,288.68,132.4,846.24
"QLDNorth","Carpentaria",141.271575927734,-16.54079246521,0.6,3.45,5.86,28.91,18.62,52.45,45.21,26.27,96.59
"QLDNorth","Douglas",145.504592895508,-16.550365447998,0.6,2.42,3.99,6704.58,2055.61,33738.9,372.7,160.95,1203.48
"WANorth","Broome",122.856956481934,-16.5005264282227,0.6,5.66,5.48,1085.47,428.36,3853.06,151.58,73.49,419.24
"WANorth","Broome",123.044677734375,-16.4756278991699,0.6,5.67,4.58,852.88,355.76,2776.09,13.96,9.68,23.17
"WANorth","Derby-West Kimberley",123.427047729492,-16.498477935791,0.6,5.65,4.33,1763.76,683.31,6284.41,14.24,9.86,23.69
"NT","Roper Gulf",137.948471069336,-16.4930438995361,0.6,3.41,3.79,40.13,24.18,80.7,18.3,12.33,31.44
"NT","Roper Gulf",137.986282348633,-16.5220470428467,0.6,3.41,4.78,41.71,25.02,84.35,5.28,4.23,7.13
"QLDNorth","Mornington",139.221939086914,-16.4744396209717,0.6,3.39,4.55,53.18,31.19,110.3,8.42,6.33,12.44
"QLDNorth","Mornington",139.733795166016,-16.4616641998291,0.6,3.44,3.65,29.79,19.12,54.3,1555.83,573.93,6114.6
"QLDNorth","Carpentaria",141.301391601562,-16.4854583740234,0.6,3.44,5.94,30.55,19.53,56.02,31.2,19.11,61.94
"QLDNorth","Douglas",145.473693847656,-16.4987049102783,0.6,2.42,4.7,6287.77,1945.45,31242.2,584.67,238.47,2037
"WANorth","Broome",122.892707824707,-16.4416065216064,0.6,5.67,5.91,815.42,333.88,2754.11,245.6,113.74,715.14
"WANorth","Broome",123.053565979004,-16.4397144317627,0.6,5.66,4.2,1346.81,524.8,4826.52,8.9,6.56,13.58
"WANorth","Derby-West Kimberley",123.479637145996,-16.4148178100586,0.6,5.68,3.91,639.17,275.8,1990.76,15.64,10.79,26.01
"NT","Roper Gulf",137.893630981445,-16.4424781799316,0.6,2.21,2.72,40.25,24.21,81.16,13.98,9.8,22.74
"QLDNorth","Mornington",139.308975219727,-16.4366893768311,0.6,3.42,3.88,37.94,23.44,73.05,14.87,10.34,24.44
"QLDNorth","Mornington",139.36604309082,-16.4459438323975,0.6,3.42,4.71,36.13,22.5,68.8,5.61,4.46,7.66
"QLDNorth","Mornington",139.394424438477,-16.4029521942139,0.6,3.41,4.5,39.41,24.26,76.16,8.55,6.42,12.66
"QLDNorth","Mornington",139.715118408203,-16.4232425689697,0.6,3.43,4.13,32.6,20.62,60.69,89.5,48.51,207.67
"QLDNorth","Carpentaria",141.302947998047,-16.4548301696777,0.6,3.44,6.17,31.7,20.16,58.51,11.26,8,18.14
"QLDNorth","Douglas",145.413314819336,-16.4441947937012,0.6,2.42,4.78,6315.59,1951.77,31439.91,238.2,115.98,632.45
"WANorth","Broome",123.036972045898,-16.390869140625,0.6,5.66,4.49,1281,504.71,4512.64,107039.51,22358.45,915708.04
"WANorth","Derby-West Kimberley",123.528800964355,-16.3856620788574,0.6,5.68,4.43,533.97,234.75,1625.29,143472.45,28541.86,1318427.53
"WANorth","Derby-West Kimberley",124.572593688965,-16.4047241210938,0.6,5.58,5.63,178334.57,34172.3,1732405.8,6.62,5.09,9.52
"WANorth","Derby-West Kimberley",124.624954223633,-16.3990993499756,0.6,5.58,5.3,169223.26,32921.36,1603388.83,9.28,6.87,14
"NT","Roper Gulf",137.843139648438,-16.3875751495361,0.6,2.22,2.8,38.25,23.15,76.47,11.95,8.57,18.82
"QLDNorth","Mornington",139.448699951172,-16.3945960998535,0.6,3.41,4.37,40.57,24.89,78.74,7.58,5.78,10.99
"QLDNorth","Mornington",139.506072998047,-16.3825073242188,0.6,3.42,4.42,36.4,22.69,69.1,7.19,5.54,10.26
"QLDNorth","Mornington",139.564331054688,-16.3767108917236,0.6,3.43,4.36,34.4,21.63,64.53,9.48,7.02,14.26
"QLDNorth","Mornington",139.626251220703,-16.3750514984131,0.6,3.44,4.11,31.32,19.89,58.06,99.52,52.86,238.19
"QLDNorth","Carpentaria",141.296936035156,-16.3879909515381,0.6,3.44,6.39,31.14,19.86,57.28,8.56,6.35,12.95
"QLDNorth","Douglas",145.420806884766,-16.3844795227051,0.6,2.42,5.51,6032.24,1877.04,29738.45,9.07,6.68,13.85
"WANorth","Broome",122.928512573242,-16.3830013275146,0.6,5.69,6.04,492.51,217.22,1497.93,201.99,97.99,545.93
"WANorth","Broome",123.008804321289,-16.3651638031006,0.6,5.69,8,493.96,220.54,1468.78,142.84,73.22,356.44
"WANorth","Derby-West Kimberley",123.510055541992,-16.3647518157959,0.6,5.69,8.01,473.23,211.5,1408.24,134,69.26,330.75
"WANorth","Derby-West Kimberley",124.230072021484,-16.3460998535156,0.6,5.74,2.31,135.74,71.52,322.98,113594.99,23471.26,987798.59
"WANorth","Derby-West Kimberley",124.337013244629,-16.3533782958984,0.6,5.75,2.31,113.77,61.89,258.24,126174.19,25577.11,1129127.79
"WANorth","Derby-West Kimberley",124.57982635498,-16.3401622772217,0.6,5.58,5.04,173230.44,33367.8,1669713.57,12.69,8.88,20.81
"WANorth","Derby-West Kimberley",124.623229980469,-16.3407764434814,0.6,5.58,5.45,182941.66,35220.05,1758309.87,9.76,7.2,14.79
"NT","Roper Gulf",137.798065185547,-16.3308277130127,0.6,2.21,2.56,39.9,24,80.49,1981.25,707.83,8133.2
"QLDNorth","Carpentaria",141.316589355469,-16.3420944213867,0.6,3.44,5.73,31.91,20.28,58.98,211.95,106.22,537.74
"QLDNorth","Douglas",145.437911987305,-16.3215923309326,0.6,2.43,6.81,5550.9,1751.18,26821.37,136.86,70.14,342.73
"WANorth","Derby-West Kimberley",123.479431152344,-16.2839679718018,0.6,5.68,8.06,644.77,276.72,2027.13,115.9,61.38,276.03
"WANorth","Derby-West Kimberley",124.182273864746,-16.3045463562012,0.6,5.74,1.89,155.08,79.43,385.54,11.84,8.38,19.13
"WANorth","Derby-West Kimberley",124.370468139648,-16.30246925354,0.6,5.75,1.76,116.27,62.7,267.73,16.89,11.64,27.97
"NT","Roper Gulf",137.776031494141,-16.2903213500977,0.6,2.2,2.53,43.17,25.71,88.26,2975.29,1010.97,13050.89
"QLDNorth","Carpentaria",141.331832885742,-16.2933940887451,0.6,3.44,5.99,32.19,20.44,59.58,145.42,74.15,366.14
"QLDNorth","Douglas",145.472015380859,-16.2848663330078,0.6,2.42,6.56,5792.55,1817.5,28193.95,106.3,55.16,264.79
"WANorth","Derby-West Kimberley",123.464195251465,-16.2380619049072,0.6,5.66,7.51,1172.84,461.41,4166.01,85.91,46.16,203.34
"WANorth","Derby-West Kimberley",123.998580932617,-16.2509937286377,0.6,5.73,6.06,189.52,94.5,488.71,117.7,61.27,289.18
"WANorth","Derby-West Kimberley",124.046356201172,-16.2391033172607,0.6,5.73,6.08,175.75,88.58,446.53,168.87,82.7,454.14
"WANorth","Derby-West Kimberley",124.106101989746,-16.2285804748535,0.6,5.73,6.16,175.19,88.25,445.55,101.53,54.54,237.57
"WANorth","Derby-West Kimberley",124.146224975586,-16.244119644165,0.6,5.73,2.36,169.75,85.74,430.49,7.64,5.78,11.22
"WANorth","Derby-West Kimberley",124.378295898438,-16.2306747436523,0.6,5.74,2.63,144.61,74.57,356.65,6.67,5.16,9.46
"NT","Roper Gulf",137.735229492188,-16.2372245788574,0.6,2.19,2.57,51.72,30.11,108.99,2204.31,782.73,9086.59
"QLDNorth","Carpentaria",141.344482421875,-16.2220611572266,0.6,3.44,6.63,32.11,20.39,59.38,77.22,42.7,174.39
"QLDNorth","Douglas",145.474395751953,-16.2385120391846,0.6,2.42,6.49,6728.69,2064.36,33810.41,52.48,29.88,115.28
"WANorth","Derby-West Kimberley",123.46981048584,-16.2051620483398,0.6,5.69,6.83,436.17,195.49,1297.88,65.17,35.93,149.87
"WANorth","Derby-West Kimberley",123.890998840332,-16.1812705993652,0.6,5.73,6.53,182.54,92.52,457.89,93.32,50.32,218.03
"WANorth","Derby-West Kimberley",123.949371337891,-16.1897735595703,0.6,5.73,2.12,190.25,95.37,485.7,16.88,11.46,28.8
"WANorth","Derby-West Kimberley",124.384140014648,-16.1881065368652,0.6,5.74,1.32,152.49,77.79,382.36,15.01,10.38,24.93
"NT","Roper Gulf",137.479522705078,-16.1630687713623,0.6,2.18,2.75,56.43,32.29,122.07,14.92,10.32,24.74
"NT","Roper Gulf",137.523498535156,-16.201192855835,0.6,2.22,3.02,36.56,22.63,70.3,14.73,10.21,24.36
"NT","Roper Gulf",137.585739135742,-16.1782817840576,0.6,2.17,2.61,64.7,36.42,143.04,19.38,12.93,33.85
"NT","Roper Gulf",137.62516784668,-16.1928215026855,0.6,2.17,3.71,64.82,36.46,143.45,6.73,5.2,9.58
"NT","Roper Gulf",137.675552368164,-16.215633392334,0.6,2.17,2.62,66.53,37.28,148.08,1872.57,676.69,7553
"QLDNorth","Carpentaria",141.367401123047,-16.18971824646,0.6,3.44,6.73,32.22,20.45,59.64,76.22,41.33,178.88
"QLDNorth","Douglas",145.470916748047,-16.209602355957,0.6,2.42,5.88,6574.93,2023.97,32882.31,85.99,46.5,201.04
"WANorth","Derby-West Kimberley",123.523788452148,-16.1400356292725,0.6,5.71,6.04,304.7,143.62,845.49,136.09,68.29,354.98
"WANorth","Derby-West Kimberley",123.58341217041,-16.1436748504639,0.6,5.71,6.52,268.47,129.52,719.53,46.31,26.55,101.39
"WANorth","Derby-West Kimberley",123.629730224609,-16.1565017700195,0.6,5.72,7.06,232.48,115.03,600.26,92.03,49.62,215.28
"WANorth","Derby-West Kimberley",123.801727294922,-16.1375675201416,0.6,5.73,2.33,187.23,95.01,467.85,16.9,11.45,28.92
"WANorth","Derby-West Kimberley",124.400367736816,-16.1646690368652,0.6,5.74,1.56,153.11,77.96,385.17,17.3,11.69,29.68
"NT","Roper Gulf",137.377471923828,-16.1210117340088,0.6,2.18,3.46,55.81,31.9,121.14,8.28,6.22,12.26
"NT","Roper Gulf",137.422714233398,-16.1368770599365,0.6,2.18,2.6,58.09,33.04,126.85,2506.34,879.26,10477.21
"QLDNorth","Carpentaria",141.388519287109,-16.1479759216309,0.6,3.43,7.13,33.18,20.97,61.78,26.56,16.65,51.06
"QLDNorth","Douglas",145.466705322266,-16.1219749450684,0.6,2.42,6.41,6541.98,2014.38,32711.76,24.86,15.74,47.11
"WANorth","Derby-West Kimberley",123.690673828125,-16.1033382415771,0.6,5.72,6.95,228.7,113,592.63,107.64,57.29,255.28
"WANorth","Derby-West Kimberley",123.783554077148,-16.1084957122803,0.6,5.72,6.85,210.66,104.7,542.77,128.34,67.51,307.43
"WANorth","Derby-West Kimberley",124.438056945801,-16.0885257720947,0.6,5.75,5.98,129.24,67.56,313.14,126.37,66.67,301.36
"WANorth","Derby-West Kimberley",124.480964660645,-16.0828495025635,0.6,5.75,5.9,122.63,64.75,292.64,114.62,61.45,267.01
"WANorth","Derby-West Kimberley",124.484535217285,-16.0912246704102,0.6,5.75,1.61,120.43,63.85,285.45,11.69,8.35,18.61
"WANorth","Derby-West Kimberley",124.582328796387,-16.0861358642578,0.6,5.76,2.08,111.23,60.22,255.01,8.45,6.33,12.57
"NT","Roper Gulf",137.314041137695,-16.0900917053223,0.6,2.19,2.58,53.36,30.75,114.38,2712.43,944.04,11447.12
"QLDNorth","Carpentaria",141.423645019531,-16.0846576690674,0.6,3.43,8,34.35,21.61,64.38,105.07,56.74,242.94
"QLDNorth","Douglas",145.476913452148,-16.0783138275146,0.6,2.42,7.15,6907.44,2109.09,34958.06,97,52.96,220.86
"WANorth","Wyndham-East Kimberley",124.507705688477,-16.0009384155273,0.6,5.76,1.62,101.42,55.18,231.76,11.64,8.32,18.49
"WANorth","Derby-West Kimberley",124.578079223633,-16.0340747833252,0.6,5.76,1.48,103.82,56.23,238.86,18.87,12.78,32.05
"NT","Roper Gulf",137.263488769531,-16.0328502655029,0.6,2.19,2.63,52.47,30.43,111.28,2055.07,742.28,8244.76
"QLDNorth","Carpentaria",141.412094116211,-16.0328712463379,0.6,3.43,7.9,35.38,22.17,66.66,93.23,51.43,208.75
"QLDNorth","Douglas",145.469268798828,-16.0456676483154,0.6,2.42,2.97,6957.58,2121.85,35273.92,8.42,6.27,12.63
"WANorth","Wyndham-East Kimberley",124.469848632812,-15.9841394424438,0.6,5.74,1.88,151.09,77.96,371.1,7.98,6.01,11.8
"NT","Roper Gulf",136.717742919922,-15.9318742752075,0.6,2.22,2.96,36.47,22.19,72.46,8.81,6.55,13.23
"NT","Roper Gulf",136.775665283203,-15.9081058502197,0.6,2.21,2.94,38.89,23.46,78.23,9.39,6.93,14.25
"NT","Roper Gulf",136.873657226562,-15.9208135604858,0.6,2.2,2.92,47.13,27.7,98.19,9.3,6.87,14.08
"NT","Roper Gulf",136.912231445312,-15.931248664856,0.6,2.19,2.84,49.68,29.02,104.3,9.59,7.05,14.66
"NT","Roper Gulf",136.940460205078,-15.9319181442261,0.6,2.21,2.89,40.93,24.57,82.71,9.68,7.11,14.78
"NT","Roper Gulf",137.019271850586,-16.0027828216553,0.6,2.23,2.96,33.55,20.68,65.44,9.82,7.22,14.98
"NT","Roper Gulf",137.04931640625,-16.0199108123779,0.6,2.22,2.75,38.07,23.05,76.08,19.96,13.22,35.27
"NT","Roper Gulf",137.094848632812,-16.0026454925537,0.6,2.2,2.75,45.43,26.99,92.97,20.25,13.38,35.88
"NT","Roper Gulf",137.174819946289,-15.9785556793213,0.6,2.18,2.76,53.56,31,113.8,21.51,14.34,37.29
"NT","Roper Gulf",137.203567504883,-15.9930019378662,0.6,2.18,2.56,55.93,32.16,120.02,2942.65,1028.16,12264.46
"QLDNorth","Carpentaria",141.398162841797,-15.9851207733154,0.6,3.42,7.78,38.29,23.72,73.28,114.76,60.87,272.71
"QLDNorth","Douglas",145.451736450195,-16.007360458374,0.6,2.42,2.61,7447.94,2247.75,38329.58,11.6,8.15,19.07
"WANorth","Wyndham-East Kimberley",124.447868347168,-15.9390983581543,0.6,5.75,2.48,131.63,68.62,320.09,8.62,6.45,12.83
"NT","Roper Gulf",136.692031860352,-15.9165410995483,0.6,2.2,2.85,45.62,25.9,102.03,3251.24,1123.89,13732.7
"QLDNorth","Carpentaria",141.376220703125,-15.9288063049316,0.6,3.41,7.67,39.45,24.38,75.71,117.26,62.87,272.79
"QLDNorth","Douglas",145.425979614258,-15.9622201919556,0.6,2.42,2.96,6998.94,2132.17,35540.75,15.92,10.98,26.46
"WANorth","Wyndham-East Kimberley",124.418724060059,-15.8794136047363,0.6,5.74,2.07,139.04,72,341.14,509.13,221.32,1587.28
"QLDNorth","Carpentaria",141.395263671875,-15.8902997970581,0.6,3.42,7.51,36.9,23,70.01,162.63,81.61,418.65
"QLDNorth","Cook",145.369812011719,-15.8689947128296,0.6,2.36,2.91,6857.76,2096.41,34646.69,8.12,6.08,12.11
"WANorth","Wyndham-East Kimberley",124.400871276855,-15.8417091369629,0.6,5.74,2.21,146.33,75,364.67,9.07,6.74,13.62
"NT","Roper Gulf",136.696868896484,-15.8331832885742,0.6,2.23,2.65,33.66,20.68,66.02,14.7,10.19,24.32
"NT","Roper Gulf",136.986373901367,-15.8503980636597,0.6,2.19,2.99,51.88,30.33,108.42,16.62,11.39,27.88
"NT","Roper Gulf",137.051300048828,-15.8476610183716,0.6,2.19,3.03,52.81,30.85,110.38,532.54,230.34,1670.78
"QLDNorth","Carpentaria",141.408508300781,-15.8355550765991,0.6,3.42,7.51,38.2,23.68,73.05,105.32,56.7,244.8
"QLDNorth","Cook",145.38166809082,-15.8379240036011,0.6,2.36,3.26,7068.28,2153.53,35861.82,6,4.7,8.41
"WANorth","Wyndham-East Kimberley",124.391937255859,-15.7801294326782,0.6,5.73,2.81,172.51,86.71,441.04,5.97,4.68,8.32
"NT","Roper Gulf",136.733367919922,-15.771035194397,0.6,2.23,3.79,34.51,21.15,67.92,4.81,3.89,6.44
"NT","Roper Gulf",136.805557250977,-15.7612228393555,0.6,2.21,2.9,40.56,24.38,81.86,11.09,7.99,17.38
"NT","Roper Gulf",136.979064941406,-15.7855310440063,0.6,2.18,2.94,54.85,31.82,115.85,18.84,12.69,32.31
"NT","Roper Gulf",137.115844726562,-15.7986011505127,0.6,2.19,2.94,50.1,29.46,103.84,546.41,232.67,1762.11
"QLDNorth","Carpentaria",141.415649414062,-15.7776660919189,0.6,3.41,7.21,40.56,24.92,78.52,206.95,102.5,537.3
"QLDNorth","Cook",145.443222045898,-15.754828453064,0.6,2.36,2.85,6983.41,2133.95,35265.47,11.73,8.32,18.88
"WANorth","Wyndham-East Kimberley",124.383842468262,-15.7301540374756,0.6,5.73,2.48,193.09,96.19,498.21,11.62,8.25,18.66
"NT","Roper Gulf",136.50260925293,-15.6994524002075,0.6,2.16,2.85,77.6,42.35,179.66,11.41,8.14,18.2
"NT","Roper Gulf",136.530364990234,-15.7224197387695,0.6,2.16,3.31,76.86,42.04,177.29,5.83,4.59,8.11
"NT","Roper Gulf",136.583251953125,-15.7246532440186,0.6,2.16,2.84,77.83,42.5,179.86,11.02,7.96,17.21
"NT","Roper Gulf",136.834075927734,-15.7366256713867,0.6,2.2,2.89,43.46,25.91,88.65,19.37,13,33.41
"NT","Roper Gulf",137.107421875,-15.7500600814819,0.6,2.17,2.9,61.95,35.31,134.18,877.06,352.24,3056.22
"QLDNorth","Carpentaria",141.415817260742,-15.7341289520264,0.6,3.41,7.13,41.7,25.52,81.22,184.24,93.35,462.09
"QLDNorth","Cook",145.440780639648,-15.7468500137329,0.6,2.35,2.58,8262.56,2463.64,43190.09,20.74,13.55,37.5
"WANorth","Wyndham-East Kimberley",124.368858337402,-15.680926322937,0.6,5.72,2.2,207.66,102.67,540.8,26.5,16.78,49.94
"NT","Roper Gulf",136.482788085938,-15.6775360107422,0.6,2.15,2.72,82.56,44.57,194.21,12.71,9.01,20.4
"NT","Roper Gulf",136.633483886719,-15.6840410232544,0.6,2.15,2.85,82.5,44.72,192.6,18.6,12.54,31.93
"NT","Roper Gulf",137.102600097656,-15.6938915252686,0.6,2.17,2.87,67.09,38.06,145.76,1010.5,394.92,3670.4
"QLDNorth","Carpentaria",141.420745849609,-15.6999979019165,0.6,3.41,7.05,42.59,25.96,83.45,223.62,109.33,591.69
"QLDNorth","Cook",145.357162475586,-15.698748588562,0.6,2.36,2.52,7642.27,2313.7,39030.68,23.44,15.03,43.51
"WANorth","Wyndham-East Kimberley",124.379577636719,-15.6583852767944,0.6,5.72,2.76,222.22,108.91,585.49,9.94,7.25,15.36
"NT","Roper Gulf",136.423294067383,-15.6278944015503,0.6,2.15,2.33,86.14,46.02,206.09,27.16,17.36,50.2
"NT","Roper Gulf",136.684539794922,-15.6152477264404,0.6,2.15,2.9,85.18,45.92,200.43,19.12,12.82,33.1
"NT","Roper Gulf",137.087982177734,-15.6364164352417,0.6,2.16,2.63,77.44,42.55,176.98,2483.52,901,9764.31
"QLDNorth","Carpentaria",141.44123840332,-15.6337203979492,0.6,3.4,7.17,43.86,26.58,86.68,91.89,51.56,199.7
"QLDNorth","Cook",145.337219238281,-15.609429359436,0.6,2.36,2.84,8060.18,2429.06,41371.44,11.61,8.22,18.79
"WANorth","Wyndham-East Kimberley",124.410972595215,-15.5899610519409,0.6,5.72,2.69,210.88,104.25,548.68,12.36,8.69,20.17
"NT","Roper Gulf",136.316452026367,-15.5838413238525,0.6,2.16,2.71,76.87,41.7,180.08,14.27,9.88,23.7
"NT","Roper Gulf",136.367736816406,-15.6125822067261,0.6,2.15,2.69,81.92,44.05,194.28,14.12,9.8,23.36
"NT","Roper Gulf",136.777084350586,-15.574107170105,0.6,2.15,2.6,89.46,47.87,212.81,17.72,11.99,30.31
"NT","Roper Gulf",136.833297729492,-15.5383195877075,0.6,2.14,2.91,94.91,50.36,228.4,10.99,7.96,17.09
"NT","Roper Gulf",136.904006958008,-15.5475959777832,0.6,2.16,2.47,69.46,38.89,154.36,25.17,16.24,45.91
"NT","Roper Gulf",136.937316894531,-15.5774364471436,0.6,2.15,2.46,83.02,45.23,191.81,27.86,17.77,51.6
"NT","Roper Gulf",137.014739990234,-15.586576461792,0.6,2.16,2.96,77.87,42.87,177.2,19.89,13.25,34.72
"NT","Roper Gulf",137.050201416016,-15.6158323287964,0.6,2.15,2.94,79.65,43.74,181.77,889.1,351.33,3191.42
"QLDNorth","Carpentaria",141.450454711914,-15.5829486846924,0.6,3.4,6.93,46.01,27.69,91.86,226.56,109.07,616.42
"QLDNorth","Cook",145.330215454102,-15.5912666320801,0.6,2.35,2.46,8337.36,2503.2,42997.03,24.56,15.6,46.25
"WANorth","Wyndham-East Kimberley",124.418167114258,-15.539116859436,0.6,5.73,2.76,185.97,93.95,468.73,20.09,13.36,35.19
"NT","Roper Gulf",136.270355224609,-15.5267705917358,0.6,2.16,2.65,72.09,39.42,167.14,1671.91,612.69,6619.94
"QLDNorth","Carpentaria",141.461395263672,-15.5369548797607,0.6,3.4,7.13,46.26,27.78,92.65,106.99,58.96,238.11
"QLDNorth","Cook",145.320785522461,-15.5653171539307,0.6,2.35,5.53,8568.25,2564.09,44378.16,325.13,150.24,931.98
"WANorth","Wyndham-East Kimberley",124.443572998047,-15.4937057495117,0.6,5.72,5.46,197.04,98.95,500.29,378.46,170.91,1120.9
"WANorth","Wyndham-East Kimberley",125.000709533691,-15.4780082702637,0.6,4.64,1.58,313.57,147.16,875.53,24.66,15.63,46.64
"WANorth","Wyndham-East Kimberley",125.047920227051,-15.468729019165,0.6,4.64,1.95,277.32,132.44,755.69,20.33,13.49,35.7
"NT","Roper Gulf",136.261825561523,-15.4813098907471,0.6,2.16,6.03,73.41,40.04,170.8,187.11,96.62,453.1
"QLDNorth","Carpentaria",141.469650268555,-15.5078430175781,0.6,3.4,6.47,47.25,28.28,95.11,340.27,156.09,985.83
"WANorth","Wyndham-East Kimberley",124.463150024414,-15.4064741134644,0.6,5.71,5.44,260.99,126.62,693.62,315.41,145.93,903.91
"WANorth","Wyndham-East Kimberley",124.99584197998,-15.4311647415161,0.6,4.64,1.71,285.14,135.4,783.88,23.31,14.87,43.71
"WANorth","Wyndham-East Kimberley",125.066184997559,-15.428539276123,0.6,4.65,1.88,262.08,126,707.91,23.75,15.43,42.93
"NT","Roper Gulf",136.219879150391,-15.4033269882202,0.6,2.16,5.93,77.41,41.85,182.45,174.59,90.98,417.56
"QLDNorth","Kowanyama",141.508316040039,-15.4334802627563,0.6,3.39,7.03,49.1,29.21,99.7,217.27,110.14,539.13
"WANorth","Wyndham-East Kimberley",124.356224060059,-15.3932209014893,0.6,5.72,5.43,234.19,115.01,612.81,386.97,174.39,1148.92
"WANorth","Wyndham-East Kimberley",124.443748474121,-15.3779649734497,0.6,5.7,5.46,304.86,145.22,829.68,326.07,150.37,938
"WANorth","Wyndham-East Kimberley",125.003211975098,-15.3864412307739,0.6,4.64,3.14,316.04,147.51,890.85,25333.78,6322.33,171309.98
"WANorth","Wyndham-East Kimberley",125.033515930176,-15.3738317489624,0.6,4.65,3.05,249.44,120.75,667.49,26441.82,6663.77,175003.5
"WANorth","Wyndham-East Kimberley",128.090316772461,-15.3669605255127,0.6,4.53,3.8,44617.92,10669.09,314462.03,2664.43,910.43,11653.24
"WANorth","Wyndham-East Kimberley",128.120590209961,-15.3749618530273,0.6,4.53,3.56,47429.39,11329.85,333559.35,11.74,8.25,19.24
"WANorth","Wyndham-East Kimberley",128.278747558594,-15.3833827972412,0.6,4.56,3.94,7241.85,2191.94,37136.34,32.79,19.91,65.96
"NT","Roper Gulf",136.115036010742,-15.3544836044312,0.6,2.16,2.69,72.54,39.49,169.62,23.88,15.5,43.25
"NT","Roper Gulf",136.154373168945,-15.3790369033813,0.6,2.16,2.71,73.6,40.01,172.33,1403.4,518.79,5533.79
"QLDNorth","Kowanyama",141.528915405273,-15.3784799575806,0.6,3.39,7.01,50.56,29.88,103.71,23.06,14.8,42.76
"QLDNorth","Hope Vale",145.302627563477,-15.3452205657959,0.6,2.38,3.87,8504.15,2557.42,43668.74,18150.41,4738.42,115386.2
"WANorth","Wyndham-East Kimberley",124.32071685791,-15.3089828491211,0.6,5.7,4.27,352.04,162.17,1009.73,34471.14,8381.15,239646.44
"WANorth","Wyndham-East Kimberley",128.066925048828,-15.3209896087646,0.6,4.53,4.58,44581.07,10608.9,317063.98,48533.39,11184.26,364505.1
"WANorth","Wyndham-East Kimberley",128.124252319336,-15.3248014450073,0.6,4.53,3.6,59839.7,13657.78,451080.07,11.29,7.98,18.39
"WANorth","Wyndham-East Kimberley",128.128356933594,-15.3167791366577,0.6,4.53,3.44,72454.14,16047.1,570346.11,24.53,15.87,44.63
"NT","Roper Gulf",136.055770874023,-15.3226823806763,0.6,2.17,2.64,66.29,36.46,152.93,1867.14,665.67,7727.28
"QLDNorth","Kowanyama",141.540954589844,-15.3341646194458,0.6,3.39,6.89,53.34,31.25,110.85,25.7,16.25,48.7
"QLDNorth","Hope Vale",145.352462768555,-15.2814426422119,0.6,2.38,3.96,8249.85,2492.78,42074.11,12822.29,3552.02,74668.47
"WANorth","Wyndham-East Kimberley",124.343971252441,-15.2859258651733,0.6,5.69,4.35,484.5,214.52,1464.68,42193.38,9975.55,304905.95
"WANorth","Wyndham-East Kimberley",128.223083496094,-15.2668571472168,0.6,4.54,3.55,30586.27,7662.07,202707.88,11.27,7.94,18.44
"WANorth","Wyndham-East Kimberley",128.255874633789,-15.2712717056274,0.6,4.52,3.39,156559.26,31517.87,1398564.4,24.64,15.94,44.81
"NT","Roper Gulf",135.992614746094,-15.2876634597778,0.6,2.17,2.6,63.01,34.85,144.42,1725.74,625.46,6961.83
"QLDNorth","Kowanyama",141.570571899414,-15.2726631164551,0.6,3.38,7.01,55.33,32.18,116.25,14.23,9.79,23.97
"QLDNorth","Hope Vale",145.360290527344,-15.2734632492065,0.6,2.37,6.57,10143.55,2968.2,54166.53,5.33,4.23,7.35
"WANorth","Wyndham-East Kimberley",124.378463745117,-15.2625865936279,0.6,5.68,6.66,542.73,236.67,1675.08,9.02,6.63,13.87
"WANorth","Wyndham-East Kimberley",124.414283752441,-15.2452163696289,0.6,5.68,6.23,638.73,271.66,2043.1,36.51,21.99,73.99
"WANorth","Wyndham-East Kimberley",124.460670471191,-15.2325954437256,0.6,5.68,6.23,638.13,271.36,2041.94,33.62,20.22,68.75
"WANorth","Wyndham-East Kimberley",124.546234130859,-15.2495212554932,0.6,4.62,5.36,523.22,230.09,1593.89,14.64,9.88,25.53
"WANorth","Wyndham-East Kimberley",124.58065032959,-15.2420091629028,0.6,4.62,4.96,464.12,208.23,1373.13,91.41,48.56,220.09
"WANorth","Wyndham-East Kimberley",124.621078491211,-15.2665252685547,0.6,4.63,4.73,431.93,196.03,1256.85,588.13,245.58,1958.03
"WANorth","Wyndham-East Kimberley",124.679168701172,-15.2518796920776,0.6,4.63,5,428.75,194.71,1246.69,80.44,44.24,182.94
"WANorth","Wyndham-East Kimberley",124.713401794434,-15.2531232833862,0.6,4.63,4.69,444.31,200.5,1304.22,603.72,255.49,1956.29
"WANorth","Wyndham-East Kimberley",124.784233093262,-15.2281265258789,0.6,4.63,3.28,449.3,202.04,1326.46,11457.26,3186.93,66729.81
"WANorth","Wyndham-East Kimberley",124.837158203125,-15.2363758087158,0.6,4.63,3.37,352.75,162.96,1006.38,10729.99,3029.92,61019.53
"WANorth","Wyndham-East Kimberley",128.223709106445,-15.2203645706177,0.6,4.54,3.58,27716.39,6985.68,182814.41,11.32,7.94,18.67
"WANorth","Wyndham-East Kimberley",128.232849121094,-15.2348432540894,0.6,4.54,3.56,22559.19,5869.2,142186.28,11.51,8.06,19.03
"NT","Roper Gulf",135.898361206055,-15.2207584381104,0.6,2.18,2.61,54.75,30.86,122.27,25.32,16.32,46.31
"NT","Roper Gulf",135.923324584961,-15.2407388687134,0.6,2.18,2.87,58.56,32.72,132.31,514.25,213.96,1741.1
"QLDNorth","Kowanyama",141.574462890625,-15.2235231399536,0.6,3.38,6.63,58.08,33.5,123.51,96.05,51.59,225.64
"QLDNorth","Hope Vale",145.327423095703,-15.2295150756836,0.6,2.38,3.94,9290.47,2746.29,48967.53,8370.17,2448.81,45299.5
"WANorth","Wyndham-East Kimberley",124.837196350098,-15.1718883514404,0.6,4.63,3.27,442.48,197.85,1321.3,10904.35,3134.67,59897.95
"WANorth","Wyndham-East Kimberley",128.212966918945,-15.1749248504639,0.6,4.54,5.72,21428.98,5623.15,133377.33,136.3,69.22,347.39
"WANorth","Wyndham-East Kimberley",128.237503051758,-15.1760940551758,0.6,4.53,5.73,67960.42,15246.15,524552.35,142.84,71.92,368.78
"NT","Victoria Daly",129.196029663086,-15.1625785827637,0.6,4.55,2.89,10856.99,3096.74,60535.19,11.84,8.25,19.74
"NT","Victoria Daly",129.199676513672,-15.160961151123,0.6,4.55,2.74,12763.87,3561.76,73337.68,21.73,14.3,38.62
"NT","Roper Gulf",135.844009399414,-15.1683340072632,0.6,2.18,2.87,56.52,31.71,127.01,498.74,207.97,1685.19
"QLDNorth","Kowanyama",141.595138549805,-15.185079574585,0.6,3.38,6.67,58.5,33.61,125.29,63.78,36.13,139.41
"QLDNorth","Hope Vale",145.333099365234,-15.2225074768066,0.6,2.37,5.78,9733.1,2858.91,51750.56,252.45,118.57,714.1
"WANorth","Wyndham-East Kimberley",124.855361938477,-15.1429424285889,0.6,4.63,5.22,435.3,196.34,1280.44,164.72,82.58,424.4
"WANorth","Wyndham-East Kimberley",125.304618835449,-15.1396646499634,0.6,4.66,3.92,182.81,91.38,470.35,238.89,111.11,691.28
"WANorth","Wyndham-East Kimberley",125.365219116211,-15.1228294372559,0.6,4.67,4.8,164.62,83.85,411.85,365.99,164.71,1093.45
"NT","Victoria Daly",129.229110717773,-15.0611801147461,0.6,4.55,5.87,9073.86,2799.3,44280.58,475.25,206.97,1483.48
"NT","Victoria Daly",129.598754882812,-15.134729385376,0.6,4.61,1.56,797.45,336.98,2545.51,8.73,6.34,13.74
"NT","Victoria Daly",129.627670288086,-15.1251249313354,0.6,4.6,1.9,1082.55,448.95,3510.97,11.89,8.27,19.88
"NT","Roper Gulf",135.670120239258,-15.1215038299561,0.6,2.28,3.22,22.49,14.23,43.01,11.84,8.24,19.78
"NT","Roper Gulf",135.742385864258,-15.1108503341675,0.6,2.18,2.77,59.74,32.96,138.15,16.83,11.5,28.34
"NT","Roper Gulf",135.779724121094,-15.1316137313843,0.6,2.18,2.73,57.73,32.09,131.98,710.82,283.51,2547.75
"QLDNorth","Kowanyama",141.624618530273,-15.1111812591553,0.6,2.48,5.77,62.32,35.46,135.35,79.04,43.86,177.05
"QLDNorth","Hope Vale",145.26692199707,-15.0901155471802,0.6,2.38,5.71,8510.08,2553.39,43881.63,293.93,133.84,872.42
"WANorth","Wyndham-East Kimberley",124.845108032227,-15.0398464202881,0.6,4.63,5.19,448.85,201.67,1327.28,311.44,141.17,928.42
"WANorth","Wyndham-East Kimberley",125.261390686035,-15.0821933746338,0.6,4.65,4.84,233.76,112.83,631.6,215.8,104.28,584.89
"WANorth","Wyndham-East Kimberley",125.309417724609,-15.0748262405396,0.6,4.65,4.04,222.44,108.11,595.22,51.67,30.44,106.47
"WANorth","Wyndham-East Kimberley",125.366409301758,-15.0749502182007,0.6,4.66,3.91,188.65,94.02,487.01,220.29,104.23,620.55
"NT","Victoria Daly",129.117156982422,-14.9952297210693,0.6,4.55,5.25,10920.64,3368.27,52736.04,297.95,137.37,862.85
"NT","Victoria Daly",129.252014160156,-15.0351524353027,0.6,4.55,5.05,9361.94,2975.25,43230.43,402.04,176.5,1250.54
"NT","Victoria Daly",129.410400390625,-14.9652719497681,0.6,4.52,5.44,80953.76,19978.56,519873.5,238.71,110.77,693.85
"NT","Victoria Daly",129.437927246094,-14.9719524383545,0.6,4.51,5.53,221816.36,45026.75,1908423.79,238.18,109.94,699.62
"NT","Victoria Daly",129.529296875,-15.0264749526978,0.6,4.57,5.06,3016.51,1086.1,11884.65,727.91,291.45,2585.13
"NT","Victoria Daly",129.54460144043,-15.040994644165,0.6,4.57,2.25,2964.24,1071.51,11607.62,11.53,8.06,19.15
"NT","Victoria Daly",129.635375976562,-15.0729827880859,0.6,4.59,1.97,1247.53,505.58,4182.53,16.8,11.49,28.27
"NT","Roper Gulf",135.683929443359,-15.0744066238403,0.6,2.18,2.69,56.82,31.49,130.82,743.56,294.66,2689.45
"QLDNorth","Kowanyama",141.639617919922,-15.0733003616333,0.6,2.48,5.69,64.49,36.45,141.53,164.33,84.1,407.61
"QLDNorth","Hope Vale",145.285614013672,-15.0589323043823,0.6,2.38,5.51,8483.61,2546.97,43705.63,279.19,127.73,824.27
"WANorth","Wyndham-East Kimberley",124.898864746094,-15.0271453857422,0.6,4.63,5.05,444.69,200.28,1309.83,128.56,64.81,333.76
"WANorth","Wyndham-East Kimberley",125.10546875,-15.0343952178955,0.6,4.66,4.88,218.78,107.29,576.39,329.73,148.77,987.66
"WANorth","Wyndham-East Kimberley",125.158798217773,-15.0236616134644,0.6,4.65,4.83,224.22,109.39,595.5,308.12,143.48,873.74
"WANorth","Wyndham-East Kimberley",125.227180480957,-14.9999437332153,0.6,4.65,3.37,235.02,113.58,633.3,1939.61,665.92,8605.27
"WANorth","Wyndham-East Kimberley",125.245780944824,-15.0001363754272,0.6,4.65,3.36,229.53,110.96,619.05,2104.38,711.17,9566.51
"WANorth","Wyndham-East Kimberley",128.104248046875,-15.0200548171997,0.6,4.57,4.75,4256.53,1383.9,19791.9,2037.97,679.17,9546.61
"WANorth","Wyndham-East Kimberley",128.151580810547,-15.0434598922729,0.6,4.57,4.58,4217.1,1380.7,19366.28,1932.69,633.96,9385.61
"WANorth","Wyndham-East Kimberley",128.215484619141,-15.0266199111938,0.6,4.56,4.56,4937.58,1582.41,23349.41,637.23,253.7,2311.5
"WANorth","Wyndham-East Kimberley",128.357131958008,-15.0189142227173,0.6,4.53,4.8,32355.1,7974.44,220215.87,494.71,207.49,1654.03
"WANorth","Wyndham-East Kimberley",128.407028198242,-15.029426574707,0.6,4.57,5.74,4317.58,1414.76,19766.62,87.03,46.44,208.52
"WANorth","Wyndham-East Kimberley",128.475051879883,-15.0046501159668,0.6,4.56,6.36,6877.24,2118.12,34258.52,771.73,305.21,2794.12
"NT","Victoria Daly",129.034957885742,-14.9198684692383,0.6,4.57,2.75,3178.72,1121.47,12952.57,19.63,12.59,37
"NT","Victoria Daly",129.629501342773,-15.0235919952393,0.6,4.59,1.92,1737.01,679.92,6081.25,19.8,12.69,37.36
"NT","Roper Gulf",135.525787353516,-15.0083923339844,0.6,2.19,2.81,51.97,28.98,119.11,11.59,8.09,19.32
"NT","Roper Gulf",135.573394775391,-15.031590461731,0.6,2.18,2.95,54.05,30.02,124.39,11.8,8.47,18.57
"NT","Roper Gulf",135.638565063477,-15.0378141403198,0.6,2.18,2.7,56.45,31.26,130.23,641.61,261.49,2223.19
"QLDNorth","Pormpuraaw",141.660873413086,-15.0223045349121,0.6,2.48,5.57,66.83,37.57,147.8,183.58,84.38,555.78
"QLDNorth","Hope Vale",145.338073730469,-14.9985475540161,0.6,2.37,5.54,9642.1,2837.97,51104.08,74.31,40.23,175.27
"WANorth","Wyndham-East Kimberley",124.953239440918,-14.9682312011719,0.6,4.63,5,397.97,180.16,1169.52,61.35,34.07,139.77
"WANorth","Wyndham-East Kimberley",125.014305114746,-14.9793424606323,0.6,4.63,5,389.41,177.05,1136.88,262.8,123.58,739.66
"WANorth","Wyndham-East Kimberley",125.059196472168,-14.981104850769,0.6,4.64,3.64,344.25,158.57,988.91,1625.48,565.56,7124.64
"WANorth","Wyndham-East Kimberley",125.21174621582,-14.9692764282227,0.6,4.65,3.48,238.42,115.12,642.84,1165.39,421.81,4855.34
"WANorth","Wyndham-East Kimberley",128.115615844727,-14.9633541107178,0.6,4.57,4.65,3628.24,1211.92,16213.79,1085.51,397.23,4451.54
"WANorth","Wyndham-East Kimberley",128.265228271484,-14.9804067611694,0.6,4.56,4.62,7012.8,2137.47,35572.86,942.56,359.14,3612.13
"WANorth","Wyndham-East Kimberley",128.327514648438,-14.9675893783569,0.6,4.55,5.11,11825.66,3323.84,67384.85,1488.08,542.57,5998.21
"WANorth","Wyndham-East Kimberley",128.48127746582,-14.9631042480469,0.6,4.52,3.54,100427.57,20922.23,867240.7,15.19,10.14,27
"WANorth","Wyndham-East Kimberley",128.858551025391,-14.8627557754517,0.6,4.56,3.33,4589.66,1553.58,19720.11,12.35,8.81,19.59
"NT","Roper Gulf",135.472869873047,-14.9671669006348,0.6,2.19,2.66,48.37,27.2,109.66,511.16,213.64,1716.36
"QLDNorth","Pormpuraaw",141.634017944336,-14.9669532775879,0.6,2.47,5.73,70.59,39.43,157.33,206.66,100.43,555.95
"QLDNorth","Hope Vale",145.355865478516,-14.9762773513794,0.6,2.37,4.3,11087.68,3199.03,60424.78,1662.24,572.67,7415.24
"WANorth","Wyndham-East Kimberley",125.210952758789,-14.9208126068115,0.6,4.64,3.49,291.89,137.74,810.47,850.75,323.76,3294.59
"WANorth","Wyndham-East Kimberley",128.126541137695,-14.9274501800537,0.6,4.56,5.87,4833.33,1553.25,22772.5,502,214.36,1620.06
"WANorth","Wyndham-East Kimberley",128.465911865234,-14.9306812286377,0.6,4.53,3.56,66665.8,14905.67,518475.29,13.85,9.36,24.23
"NT","Victoria Daly",129.624771118164,-14.9088068008423,0.6,4.57,2.18,2822.44,1056.95,10406.35,22.53,14.78,40.18
"NT","Roper Gulf",135.433349609375,-14.9105844497681,0.6,2.2,2.37,43.53,24.8,97.05,709.52,279.24,2610.11
"QLDNorth","Pormpuraaw",141.608688354492,-14.9055852890015,0.6,2.47,5.62,74.61,41.35,168.17,440.68,192.89,1369.59
"QLDNorth","Hope Vale",145.317611694336,-14.9490919113159,0.6,2.37,4.23,11073.62,3192.53,60439.53,1161.79,434.18,4549.11
"WANorth","Wyndham-East Kimberley",125.209754943848,-14.8662157058716,0.6,4.64,3.57,305.76,143.34,856.74,1223.8,446.7,4995.72
"WANorth","Wyndham-East Kimberley",128.150115966797,-14.8587427139282,0.6,4.56,4.75,5714.73,1790.79,27906.96,3967.48,1210.3,20953.34
"WANorth","Wyndham-East Kimberley",128.456253051758,-14.8809814453125,0.6,4.54,5.47,20660.47,5512.33,124979.15,42,24.97,86.31
"WANorth","Wyndham-East Kimberley",128.624084472656,-14.8013439178467,0.6,4.53,5.41,70007.75,16071.33,516718.56,41.99,25.19,84.81
"WANorth","Wyndham-East Kimberley",128.735733032227,-14.8514633178711,0.6,4.56,5.69,4802.51,1567.65,21989.76,428.54,190.04,1302.24
"WANorth","Wyndham-East Kimberley",128.806945800781,-14.8499422073364,0.6,4.57,3.28,3817.88,1335.88,15620.25,11.96,8.23,20.43
"NT","Victoria Daly",129.637725830078,-14.869083404541,0.6,4.59,2.21,1404.37,580.32,4519.58,22.79,14.93,40.7
"NT","Roper Gulf",135.423721313477,-14.8675756454468,0.6,2.2,2.62,43.43,24.73,96.9,437.23,185.61,1441.52
"QLDNorth","Pormpuraaw",141.589569091797,-14.8615064620972,0.6,2.47,3.03,77.3,42.59,175.75,427.64,182.05,1404.66
"QLDNorth","Hope Vale",145.222076416016,-14.8688898086548,0.6,2.37,5.6,11207.68,3244.87,60644.06,91.63,50.18,208.24
"QLDNorth","Hope Vale",145.231597900391,-14.8859167098999,0.6,2.37,4.21,11101.71,3213.37,60136.54,864.86,328.85,3350.3
"WANorth","Wyndham-East Kimberley",125.15340423584,-14.8067455291748,0.6,4.63,3.53,368.18,168.87,1061.46,5083.96,1556.46,26158.74
"WANorth","Wyndham-East Kimberley",128.195236206055,-14.8283796310425,0.6,4.55,4.85,8994.78,2667.61,47221.75,2358.63,769.68,11379.66
"WANorth","Wyndham-East Kimberley",128.527557373047,-14.7843637466431,0.6,4.56,5.83,5723.36,1814.16,27356.79,396.32,179.84,1159.91
"WANorth","Wyndham-East Kimberley",128.601577758789,-14.79909324646,0.6,4.55,3.5,8243.85,2516.36,41264.81,12.08,8.29,20.7
"NT","West Daly",129.684432983398,-14.8089656829834,0.6,4.58,2.63,2748.66,989.13,10900.11,12.26,8.77,19.38
"NT","Roper Gulf",135.404830932617,-14.8228092193604,0.6,2.21,2.65,41.8,23.91,92.75,320.45,141.14,1007.56
"QLDNorth","Pormpuraaw",141.578353881836,-14.8152437210083,0.6,2.46,3.05,79.86,43.78,182.86,357.23,155.1,1145.24
"QLDNorth","Cook",145.107711791992,-14.8189258575439,0.6,2.38,5.66,9300.69,2758.23,48723.73,53.42,31.31,110.9
"QLDNorth","Hope Vale",145.155731201172,-14.8298187255859,0.6,2.37,3.95,10456.47,3071.32,55338.47,6803.27,2081.4,34339.15
"WANorth","Wyndham-East Kimberley",125.15779876709,-14.771409034729,0.6,4.63,4.78,379.57,174.04,1092.74,492.78,214.74,1532.57
"WANorth","Wyndham-East Kimberley",128.211807250977,-14.7566795349121,0.6,4.55,3.7,10290.57,3029.94,54272.62,12.07,8.28,20.71
"NT","West Daly",129.680160522461,-14.7723655700684,0.6,4.57,2.82,3318.06,1151.58,13894.65,9.73,7.19,14.67
"NT","Roper Gulf",135.40104675293,-14.7666997909546,0.6,2.21,2.66,40.06,23.06,88.1,504.79,216.37,1616.74
"QLDNorth","Pormpuraaw",141.563537597656,-14.7555322647095,0.6,2.46,3.08,83.84,45.6,194.19,310.99,137.53,972.49
"QLDNorth","Cook",145.004684448242,-14.765022277832,0.6,2.38,5.52,8738.84,2590.81,45996.06,50.33,29.66,103.85
"QLDNorth","Cook",145.046966552734,-14.7957363128662,0.6,2.38,3.84,8965.82,2658.11,47110.03,7770.84,2265.46,42562.22
"WANorth","Wyndham-East Kimberley",125.162040710449,-14.7307987213135,0.6,4.63,4.92,433.4,197.77,1248.39,378.52,172.05,1107.62
"WANorth","Wyndham-East Kimberley",128.21858215332,-14.7112264633179,0.6,4.55,3.81,14150.36,3944.44,80901.97,12.11,8.31,20.82
"NT","West Daly",129.68034362793,-14.7185859680176,0.6,4.57,2.56,4078.02,1390.82,17407.88,13.77,9.69,22.24
"NT","Roper Gulf",135.432189941406,-14.722728729248,0.6,2.21,2.61,39.2,22.65,85.73,639.98,265.25,2147.96
"QLDNorth","Pormpuraaw",141.559204101562,-14.7273426055908,0.6,2.46,5.65,85.95,46.53,200.49,81.22,45.15,180.9
"QLDNorth","Cook",144.987640380859,-14.7468757629395,0.6,2.37,5.34,9650.19,2825.75,51637.42,149.53,77.15,367.61
"WANorth","Wyndham-East Kimberley",125.128555297852,-14.6601362228394,0.6,4.62,3.57,486.49,217.88,1439.77,960.51,362.57,3743.01
"WANorth","Wyndham-East Kimberley",125.160118103027,-14.6572942733765,0.6,4.62,4.8,468.85,211.86,1368.24,297.35,136.26,871.16
"WANorth","Wyndham-East Kimberley",128.201126098633,-14.7053632736206,0.6,4.55,3.84,10945.39,3152.79,59883.9,12.24,8.37,21.09
"NT","West Daly",129.682220458984,-14.6545448303223,0.6,4.56,2.22,6083.27,1986.69,27424.06,29.08,17.54,59.84
"NT","Roper Gulf",135.452590942383,-14.6908016204834,0.6,2.21,2.79,38.84,22.48,84.66,14.46,10.11,23.57
"NT","Roper Gulf",135.470809936523,-14.6745538711548,0.6,2.21,2.62,38.92,22.53,84.88,676.68,278.99,2284.89
"QLDNorth","Pormpuraaw",141.550689697266,-14.6618461608887,0.6,2.46,5.61,91.65,49.04,217.64,34.47,21.17,67.54
"QLDNorth","Cook",144.95671081543,-14.6787748336792,0.6,2.37,4.23,11312.81,3259.08,61742.35,39.1,23.3,80.42
"WANorth","Wyndham-East Kimberley",125.084785461426,-14.6038780212402,0.6,4.61,3.88,657.4,280.27,2089.62,116.49,59.58,296.32
"WANorth","Wyndham-East Kimberley",128.091583251953,-14.6392116546631,0.6,4.56,6.28,6445.57,2004.57,31668.23,576.81,243.87,1878.38
"WANorth","Wyndham-East Kimberley",128.13264465332,-14.6603422164917,0.6,4.56,3.46,7237.16,2206.36,36618.06,23.76,14.82,46.53
"NT","West Daly",129.684371948242,-14.6120672225952,0.6,4.56,2.55,7596.77,2541.95,32390.52,14.36,10.06,23.35
"NT","Roper Gulf",135.524978637695,-14.6124706268311,0.6,2.21,2.68,42.19,24.2,93,731.26,299.11,2492.97
"QLDNorth","Pormpuraaw",141.548477172852,-14.6105136871338,0.6,2.45,5.54,93.37,49.75,223.2,29.29,18.23,56.63
"QLDNorth","Cook",144.940582275391,-14.6089067459106,0.6,2.37,3.78,15297.45,4263.53,87037.66,206.97,98.66,577.46
"WANorth","Wyndham-East Kimberley",125.078704833984,-14.5518770217896,0.6,4.61,4.1,713.05,298.82,2327.4,29.57,18.35,57.48
"WANorth","Wyndham-East Kimberley",128.000030517578,-14.5617656707764,0.6,4.56,6.26,6726.39,2115.54,32279.97,282.44,127.82,850.79
"WANorth","Wyndham-East Kimberley",128.045211791992,-14.5876274108887,0.6,4.56,6.27,5997.51,1905.83,28448.15,314.12,139.43,974.41
"NT","West Daly",129.531127929688,-14.5545520782471,0.6,4.57,5.08,4358.09,1542.35,17342.45,509.44,218.7,1625.83
"NT","West Daly",129.581802368164,-14.5655689239502,0.6,4.57,2.17,3172.39,1170.01,11940.52,26.7,16.39,53.46
"NT","West Daly",129.687927246094,-14.5747318267822,0.6,4.57,2.53,4053.15,1484.11,15252.18,14.78,10.31,24.13
"NT","Roper Gulf",135.567230224609,-14.5412082672119,0.6,2.21,2.6,41.92,24.11,91.99,770.24,310.09,2695.97
"QLDNorth","Pormpuraaw",141.536666870117,-14.5556573867798,0.6,2.45,2.98,98.19,51.91,237.32,729.92,296.73,2517.8
"QLDNorth","Cook",144.880081176758,-14.5607309341431,0.6,2.37,5.32,16044.87,4455.74,91617.34,29.72,18.48,57.49
"QLDNorth","Cook",144.893249511719,-14.5655660629272,0.6,2.37,4.79,16825.38,4633.74,97265.78,200.31,94.68,569.44
"WANorth","Wyndham-East Kimberley",125.1201171875,-14.514669418335,0.6,4.61,4.95,709.47,298.99,2292.54,24.72,15.46,47.98
"WANorth","Wyndham-East Kimberley",125.262313842773,-14.4960641860962,0.6,4.61,5.13,699.67,295.25,2257.38,17.98,11.77,32.72
"WANorth","Wyndham-East Kimberley",125.319488525391,-14.5248193740845,0.6,4.61,4.85,716.36,300.02,2340.13,113.93,57.35,299.52
"WANorth","Wyndham-East Kimberley",125.367393493652,-14.5112953186035,0.6,4.6,4.69,1089.94,427.73,3908.13,175.43,83.61,495.87
"WANorth","Wyndham-East Kimberley",125.427215576172,-14.5262870788574,0.6,4.6,4.52,1119.81,438.99,4016.08,1285.99,478.63,5037.36
"WANorth","Wyndham-East Kimberley",125.949760437012,-14.5220060348511,0.6,4.61,3.76,786.37,319.45,2702.14,2457.72,882.31,9857.3
"WANorth","Wyndham-East Kimberley",126.010581970215,-14.5180864334106,0.6,4.61,5.24,774.43,315.6,2648.04,303.56,135.56,933.13
"WANorth","Wyndham-East Kimberley",127.942878723145,-14.513729095459,0.6,4.56,6.26,7132.05,2258.74,33672,254.46,116.07,760.97
"NT","West Daly",129.44775390625,-14.5041465759277,0.6,4.56,5.08,5009.98,1720,20880.06,209.54,100.64,575.8
"NT","West Daly",129.479934692383,-14.5016145706177,0.6,4.57,4.99,4386.21,1532.3,17854.49,375.54,167.39,1140.5
"NT","West Daly",129.641220092773,-14.5319089889526,0.6,4.55,2.7,13142.24,4043.67,63080.92,13.45,9.08,23.62
"NT","West Daly",129.642837524414,-14.5334577560425,0.6,4.55,3.08,13402.69,4108.36,64690.41,9.63,7.15,14.41
"NT","Roper Gulf",135.578796386719,-14.5139532089233,0.6,2.21,2.88,41.53,23.91,91.05,327.76,151.31,940.68
"QLDNorth","Pormpuraaw",141.527404785156,-14.5103921890259,0.6,2.45,2.91,99.23,52.4,240.23,1353.6,514.5,5077.41
"QLDNorth","Cook",144.739639282227,-14.5463800430298,0.6,2.36,5.23,19808.84,5303.79,119375.03,18.88,12.39,34.05
"QLDNorth","Cook",144.774948120117,-14.5439920425415,0.6,2.36,4.8,18567.48,5048.25,109218.26,70.1,38.05,165.27
"WANorth","Wyndham-East Kimberley",125.131568908691,-14.4704513549805,0.6,4.61,5.15,763.56,315.81,2542.25,18.43,12.09,33.4
"WANorth","Wyndham-East Kimberley",125.27473449707,-14.4618988037109,0.6,4.6,5.24,972.19,387.16,3417.89,17.78,11.76,31.75
"WANorth","Wyndham-East Kimberley",125.482887268066,-14.480881690979,0.6,4.6,4.64,943.93,381.35,3237.42,312.52,137.83,982.04
"WANorth","Wyndham-East Kimberley",125.520492553711,-14.4681940078735,0.6,4.61,4.54,639.37,276.41,1984.51,1347.34,497.24,5345.21
"WANorth","Wyndham-East Kimberley",125.86164855957,-14.4677419662476,0.6,4.61,4.13,828.03,335.34,2851.64,70.88,38.97,162.79
"WANorth","Wyndham-East Kimberley",125.997909545898,-14.4545955657959,0.6,4.61,5.21,813.5,329.67,2801.57,86.93,46.83,204.55
"WANorth","Wyndham-East Kimberley",127.930953979492,-14.5009260177612,0.6,4.56,4.14,6772.71,2172.62,31336.53,13.91,9.35,24.55
"NT","West Daly",129.366073608398,-14.4294281005859,0.6,4.56,3.43,5456.83,1850.73,23130.27,9.52,7.09,14.19
"NT","Roper Gulf",135.625366210938,-14.4839658737183,0.6,2.2,2.94,44.5,25.44,98.31,289.35,129.73,885.85
"QLDNorth","Pormpuraaw",141.526031494141,-14.4617919921875,0.6,2.45,3.25,99.13,52.36,239.92,269.78,121.8,819.34
"QLDNorth","Cook",143.846130371094,-14.4575262069702,0.6,2.38,2.7,5887.38,1815.11,29580.71,259.65,118.13,779.22
"QLDNorth","Cook",143.895843505859,-14.4822654724121,0.6,2.38,2.67,7947.03,2343.79,42515.44,274.34,123.34,838.91
"QLDNorth","Cook",143.938598632812,-14.4828338623047,0.6,2.38,2.65,7422.6,2219.18,38886.52,269.76,121.48,823.35
"QLDNorth","Cook",144.004318237305,-14.4783716201782,0.6,2.38,2.65,6738.18,2035.16,34863.81,304.83,135.11,950.43
"QLDNorth","Cook",144.050003051758,-14.4639005661011,0.6,2.38,2.81,6661.49,2013.94,34431.6,362.59,167.1,1037.16
"QLDNorth","Cook",144.09049987793,-14.4441137313843,0.6,2.38,4.9,6285.42,1915.42,32133.89,19.37,12.68,35.04
"QLDNorth","Cook",144.660003662109,-14.5000143051147,0.6,2.36,4.97,24364.28,6310.84,154039.72,26.25,16.41,50.78
"WANorth","Wyndham-East Kimberley",125.152992248535,-14.4271259307861,0.6,4.61,4.57,714.25,299.45,2329.19,1892.53,670.16,7926.18
"WANorth","Wyndham-East Kimberley",125.198593139648,-14.4466991424561,0.6,4.61,4.55,662.18,280.59,2127.73,947.48,378.72,3313.85
"WANorth","Wyndham-East Kimberley",125.596481323242,-14.4360542297363,0.6,4.6,4.56,901.81,363.88,3109.38,975.32,384.82,3488.13
"WANorth","Wyndham-East Kimberley",125.736625671387,-14.406229019165,0.6,4.61,4.69,836.49,338.91,2876.63,1751.52,605.8,7721.03
"WANorth","Wyndham-East Kimberley",125.759918212891,-14.4194965362549,0.6,4.6,4.83,850.02,343.32,2937.06,358.28,156.31,1137.59
"WANorth","Wyndham-East Kimberley",125.813087463379,-14.4428367614746,0.6,4.6,4.04,867.45,348.88,3016.95,72.59,39.98,165.92
"WANorth","Wyndham-East Kimberley",125.943725585938,-14.396312713623,0.6,4.6,4.93,887.85,355.64,3106.49,579.36,235.72,2029.76
"WANorth","Wyndham-East Kimberley",127.869132995605,-14.4294986724854,0.6,4.56,4.21,6402.52,2124.75,27959.63,14.14,9.49,25.01
"NT","West Daly",129.354202270508,-14.4140396118164,0.6,4.57,3.47,3192.55,1162.61,12285.07,10.33,7.6,15.64
"NT","Roper Gulf",135.675582885742,-14.4104404449463,0.6,2.2,3.15,45.87,26.17,101.51,139.29,69.21,369.66
"QLDNorth","Pormpuraaw",141.536483764648,-14.4148235321045,0.6,2.45,3.08,101.81,53.6,247.42,329.15,144.52,1039.12
"QLDNorth","Cook",143.791213989258,-14.4109144210815,0.6,2.38,2.16,6041.21,1846.92,30783.81,8104.78,2527.7,39043.35
"QLDNorth","Cook",144.144821166992,-14.4031286239624,0.6,2.38,4.15,6838.08,2081.77,34822.37,1852.33,663.72,7597.43
"QLDNorth","Cook",144.63346862793,-14.4088802337646,0.6,2.36,4.36,25566.77,6570.2,163513.62,954.16,382.6,3316.04
"WANorth","Wyndham-East Kimberley",125.573066711426,-14.3610992431641,0.6,4.61,4.61,813.94,335,2723.22,367.92,158.7,1191.87
"WANorth","Wyndham-East Kimberley",125.721366882324,-14.3566665649414,0.6,4.6,3.62,863.31,348.65,2980.48,937.12,388.48,3067.35
"WANorth","Wyndham-East Kimberley",125.943374633789,-14.3472080230713,0.6,4.6,4.98,847.32,341.81,2935.01,613.27,246.35,2192.76
"WANorth","Wyndham-East Kimberley",127.786949157715,-14.3601789474487,0.6,4.56,4.33,5242.03,1832.95,21097.9,14.28,9.58,25.26
"NT","West Daly",129.357345581055,-14.3789148330688,0.6,4.57,3.54,3216.01,1146.14,12858.18,10.2,7.52,15.4
"NT","Roper Gulf",135.690505981445,-14.3648252487183,0.6,2.2,2.95,46.61,26.53,103.47,352.63,155.05,1104.31
"QLDNorth","Pormpuraaw",141.546737670898,-14.3721208572388,0.6,2.45,3.05,101.63,53.58,246.37,363.39,156.81,1177.41
"QLDNorth","Cook",143.766632080078,-14.372615814209,0.6,2.38,2.37,6446.99,1959.89,33052.91,1828.21,664.7,7302.34
"QLDNorth","Cook",144.168395996094,-14.3686866760254,0.6,2.38,4.64,8634.42,2546.64,45925.69,31.11,19.1,61.48
"QLDNorth","Cook",144.629440307617,-14.3544597625732,0.6,2.36,4.34,22264.01,5862.61,137329.56,733.93,294.08,2601.14
"WANorth","Wyndham-East Kimberley",125.580001831055,-14.3071508407593,0.6,4.61,4.68,811.57,334.31,2711.64,203.41,96.18,577.2
"WANorth","Wyndham-East Kimberley",125.727348327637,-14.30442237854,0.6,4.6,3.85,987.85,391.48,3501,109.66,57.58,266.43
"WANorth","Wyndham-East Kimberley",126.016021728516,-14.2939434051514,0.6,4.6,4.83,963.57,383.06,3400.73,1283.48,482.47,4934.07
"WANorth","Wyndham-East Kimberley",127.774642944336,-14.3200511932373,0.6,4.56,3.91,5096.78,1798.34,20220.78,26.92,16.98,51.05
"NT","West Daly",129.381134033203,-14.3171844482422,0.6,4.57,2.92,3414.8,1184.65,14285.28,19.95,13.07,35.97
"NT","East Arnhem",136.577545166016,-14.2649507522583,0.6,2.13,2.62,108.61,57.77,257.69,23.09,14.84,42.74
"NT","East Arnhem",136.647308349609,-14.2961120605469,0.6,2.13,2.45,114.4,60.41,274.14,29.73,18.53,57.25
"NT","East Arnhem",136.682022094727,-14.3022203445435,0.6,2.13,2.88,117.33,61.69,282.99,14.42,9.87,24.47
"NT","East Arnhem",136.715728759766,-14.275164604187,0.6,2.13,2.84,115.83,61.11,277.82,16.23,10.95,28.07
"NT","East Arnhem",136.803085327148,-14.2928056716919,0.6,2.12,2.51,132.86,68.52,329.47,21.45,14.09,38.27
"NT","East Arnhem",136.842132568359,-14.308614730835,0.6,2.12,3.22,146.36,74.12,373.12,14.06,9.6,24.06
"NT","East Arnhem",136.895416259766,-14.3086071014404,0.6,2.11,3.98,152.78,76.51,396.54,6.64,5.2,9.22
"NT","East Arnhem",136.947952270508,-14.3060808181763,0.6,2.12,3.34,149.74,75.02,388.96,557.62,229.74,1912.21
"QLDNorth","Pormpuraaw",141.573165893555,-14.3067054748535,0.6,2.45,3.33,99.8,52.82,240.46,48.95,27.53,110.8
"QLDNorth","Cook",143.746032714844,-14.3179607391357,0.6,2.38,2.4,8525.67,2467.29,47040.75,1748.6,640.21,6914.3
"QLDNorth","Cook",144.194366455078,-14.3142557144165,0.6,2.37,4.72,9395.61,2746.96,50511.16,15.87,10.69,27.6
"QLDNorth","Cook",144.641754150391,-14.3458023071289,0.6,2.36,4.37,20720.4,5525.7,125428.09,362.35,157.48,1158.2
"WANorth","Wyndham-East Kimberley",125.578880310059,-14.2579746246338,0.6,4.6,3.66,979.38,388,3475.13,171.38,85.68,442.72
"WANorth","Wyndham-East Kimberley",125.72924041748,-14.2765264511108,0.6,4.6,4.93,1053.3,413.48,3783.37,250.75,115.44,737.32
"WANorth","Wyndham-East Kimberley",127.733703613281,-14.2567291259766,0.6,4.56,4.13,6194.82,2128.15,25492.94,22.76,14.34,43.87
"NT","West Daly",129.402877807617,-14.2470359802246,0.6,4.57,2.78,3718.74,1265.14,16038.01,33.57,20.4,67.27
"NT","Roper Gulf",135.780624389648,-14.2482147216797,0.6,2.19,2.47,51.75,29.26,115.43,22.94,14.82,42.06
"NT","East Arnhem",136.480056762695,-14.2389888763428,0.6,2.14,2.69,100.09,53.75,234.56,12.11,8.51,19.79
"NT","East Arnhem",136.533569335938,-14.2534112930298,0.6,2.14,3.08,103.64,55.47,243.87,15.7,10.91,25.77
"NT","East Arnhem",136.982574462891,-14.2515935897827,0.6,2.12,3.17,143.6,72.58,367.92,1687.97,592.15,7259.6
"QLDNorth","Pormpuraaw",141.591522216797,-14.2600746154785,0.6,2.45,3.18,99.94,52.95,240.33,97.95,49.91,254.55
"QLDNorth","Cook",143.734222412109,-14.2576913833618,0.6,2.38,2.53,8739.83,2524,48328.2,1370.38,507.6,5392.35
"QLDNorth","Cook",144.19091796875,-14.2678756713867,0.6,2.37,2.57,9768.46,2848.08,52649.43,1911.8,680.81,7916.02
"QLDNorth","Cook",144.300506591797,-14.2970142364502,0.6,2.38,2.95,8157.31,2466.85,41569.47,112.57,55.18,312.65
"QLDNorth","Cook",144.381118774414,-14.2772159576416,0.6,2.38,3.18,7840.12,2379.24,39797.71,130.64,64.28,355.27
"QLDNorth","Cook",144.427124023438,-14.2571153640747,0.6,2.38,4.56,7651.89,2322.42,38895.11,35.05,20.99,72
"QLDNorth","Cook",144.601455688477,-14.263840675354,0.6,2.36,4.54,18940.07,5085.46,113881.37,118.36,60.05,305.46
"WANorth","Wyndham-East Kimberley",125.630767822266,-14.2305307388306,0.6,4.6,4.87,1101.7,428.63,4011.82,235.18,108.06,697.71
"WANorth","Wyndham-East Kimberley",125.686218261719,-14.1855096817017,0.6,4.6,4.65,1112.72,433.48,4039.21,1483.7,545.3,5891.69
"WANorth","Wyndham-East Kimberley",126.042518615723,-14.224796295166,0.6,4.6,4.41,915.23,364.81,3225.35,13.76,9.43,23.38
"WANorth","Wyndham-East Kimberley",126.132736206055,-14.2032327651978,0.6,4.6,3.08,874.62,350.93,3053.67,22.18,14.05,42.34
"WANorth","Wyndham-East Kimberley",127.686531066895,-14.2098894119263,0.6,4.56,4.04,7637.62,2538.34,32945.84,35.68,21.44,72.73
"NT","Roper Gulf",135.844604492188,-14.2093830108643,0.6,2.18,2.67,56.55,31.82,126.37,11.7,8.22,19.16
"NT","East Arnhem",136.419189453125,-14.2032737731934,0.6,2.14,3.14,92.11,50.09,212.02,13.42,9.54,21.35
"NT","East Arnhem",136.963241577148,-14.2206211090088,0.6,2.12,3.26,134.97,69.09,339.07,917.79,350.74,3504.23
"QLDNorth","Pormpuraaw",141.593063354492,-14.1998119354248,0.6,2.45,2.95,102.33,54.07,246.85,653.61,262.41,2328.08
"QLDNorth","Cook",143.710388183594,-14.2167491912842,0.6,2.38,2.44,8544.81,2480.87,46849.88,1952.3,693.49,8110.11
"QLDNorth","Cook",144.20654296875,-14.2234354019165,0.6,2.37,2.72,11011.82,3152.69,60910.46,168.56,78.63,498.99
"QLDNorth","Cook",144.288970947266,-14.1891584396362,0.6,2.37,2.82,10715.52,3130.28,57194.28,507.8,208.66,1763.17
"QLDNorth","Cook",144.447326660156,-14.2399959564209,0.6,2.38,4.14,8103.43,2440.49,41629.8,1041.44,399.51,3910.16
"QLDNorth","Cook",144.59228515625,-14.2512350082397,0.6,2.36,4.15,19191.86,5128.92,116307.18,1361.81,505.34,5342.49
"WANorth","Wyndham-East Kimberley",126.033889770508,-14.0990734100342,0.6,4.6,3.56,955.53,379.48,3380.46,284.73,132.02,818.34
"WANorth","Wyndham-East Kimberley",126.139549255371,-14.1599235534668,0.6,4.6,3.4,881.47,353.55,3078.14,821.31,328.1,2904.01
"WANorth","Wyndham-East Kimberley",126.578201293945,-14.1569900512695,0.6,4.62,6.41,598.68,265.98,1775.61,85.26,46.06,199.8
"WANorth","Wyndham-East Kimberley",126.645851135254,-14.1546716690063,0.6,4.62,6.01,551.9,248.05,1610.73,1252.87,496.17,4378.31
"NT","West Daly",129.446716308594,-14.1922149658203,0.6,4.57,3.08,2933.87,1021.1,12318.49,20.49,13.17,38.28
"NT","West Daly",129.476287841797,-14.1537313461304,0.6,4.58,3,2751.35,966.49,11403.22,27,16.94,51.71
"NT","Roper Gulf",135.888412475586,-14.1528549194336,0.6,2.18,2.33,56.81,32.36,123.94,17.86,12,30.93
"NT","East Arnhem",136.377975463867,-14.182258605957,0.6,2.14,2.37,93.88,50.45,220.69,18.15,12.21,31.36
"NT","East Arnhem",136.787506103516,-14.1503791809082,0.6,2.12,2.83,144.48,73.31,367.29,11.39,8.16,18.03
"NT","East Arnhem",136.825744628906,-14.1678810119629,0.6,2.12,2.67,148.52,75.05,379.73,15.16,10.46,25.23
"NT","East Arnhem",136.907073974609,-14.1549377441406,0.6,2.11,2.75,159.11,79.69,411.79,43.03,26.01,85.62
"NT","East Arnhem",136.944778442383,-14.155933380127,0.6,2.11,3.23,158.43,79.28,410.73,1221.44,446.35,4975.73
"QLDNorth","Aurukun",141.590240478516,-14.1565055847168,0.6,2.45,2.95,104.43,55.02,252.93,287.06,126.78,905.81
"QLDNorth","Cook",143.708038330078,-14.1611928939819,0.6,2.37,2.5,10084.72,2859.76,57143.06,1796.34,641.93,7421.77
"QLDNorth","Cook",144.21662902832,-14.1610956192017,0.6,2.37,2.9,10476.13,3049.59,56366.65,647.61,254.68,2403.53
"QLDNorth","Cook",144.263366699219,-14.1565418243408,0.6,2.37,3.2,12038.23,3455.09,65890.23,216.23,98.36,658.95
"QLDNorth","Cook",144.520553588867,-14.162109375,0.6,2.37,4.23,14403.59,4028.27,81751.1,820.96,318.08,3078.35
"QLDNorth","Cook",144.534255981445,-14.1781358718872,0.6,2.37,3.2,16838.23,4593.56,99061.81,3083.65,1046.2,13531.69
"WANorth","Wyndham-East Kimberley",126.014038085938,-14.0954818725586,0.6,4.6,3.75,974.48,386.14,3457.54,5294.85,1612.16,27449.39
"WANorth","Wyndham-East Kimberley",126.298713684082,-14.1234483718872,0.6,4.6,4.36,1079.03,440.89,3594.99,579.79,243.42,1912.47
"WANorth","Wyndham-East Kimberley",126.313087463379,-14.0980167388916,0.6,4.6,4.49,1100.01,449.04,3666.94,166.18,82.02,440.84
"WANorth","Wyndham-East Kimberley",126.524612426758,-14.096697807312,0.6,4.61,4.77,621.63,275.26,1850.7,336.36,157.07,943.55
"WANorth","Wyndham-East Kimberley",126.68187713623,-14.1017875671387,0.6,4.62,6.01,576.24,257.64,1693.41,1132.75,454.83,3884.17
"WANorth","Wyndham-East Kimberley",127.570541381836,-14.1104593276978,0.6,4.55,4.63,11916.24,3725.16,55908.5,20.44,13.09,38.49
"NT","West Daly",129.490707397461,-14.098578453064,0.6,4.58,2.61,2628.45,928.27,10818.64,83.63,45.34,194.93
"NT","Roper Gulf",135.908020019531,-14.0824317932129,0.6,2.18,2.26,58.88,33.48,128.51,23.49,15.19,42.9
"NT","East Arnhem",136.42448425293,-14.0986757278442,0.6,2.14,3.31,93.86,50.73,218.27,11.35,8.24,17.52
"NT","East Arnhem",136.755783081055,-14.0889873504639,0.6,2.12,2.96,147.03,74.56,373.73,5894.01,1795.53,30289.03
"QLDNorth","Aurukun",141.590698242188,-14.1019258499146,0.6,2.45,4.61,104.59,55.13,253.08,42.68,24.89,90.91
"QLDNorth","Cook",143.702667236328,-14.1184825897217,0.6,2.37,3.04,10731.74,3008.46,61874.77,461.15,205.17,1386.06
"WANorth","Wyndham-East Kimberley",125.972518920898,-14.0407934188843,0.6,4.6,3.95,1112.3,432.66,4049.26,1806.75,642.91,7522.31
"WANorth","Wyndham-East Kimberley",126.228637695312,-14.0332412719727,0.6,4.6,4.38,1191.17,481.96,4016.04,598.16,251.82,1958.72
"WANorth","Wyndham-East Kimberley",126.331893920898,-14.051061630249,0.6,4.6,4.41,1191.91,482.09,4021,440.48,190.46,1401.08
"WANorth","Wyndham-East Kimberley",126.521423339844,-14.0760927200317,0.6,4.61,5.25,628.92,278.33,1873.05,19.56,12.76,35.63
"WANorth","Wyndham-East Kimberley",126.666862487793,-14.0784797668457,0.6,4.62,5.96,562.5,252.79,1640.19,2460.75,862.71,10311.6
"WANorth","Wyndham-East Kimberley",127.518630981445,-14.0664129257202,0.6,4.55,6.02,10777.93,3375.51,50682.08,2856.78,981.77,12301.77
"NT","West Daly",129.530151367188,-14.0496559143066,0.6,4.57,2.96,3330.5,1175.49,13523.38,29.23,17.88,58.49
"NT","West Daly",129.587509155273,-14.0334911346436,0.6,4.47,2.82,3517.14,1233.56,14398.11,35.56,21.61,71
"NT","Roper Gulf",135.917938232422,-14.0449848175049,0.6,2.17,2.44,61.51,34.79,135.28,15.17,10.37,25.71
"NT","East Arnhem",136.414459228516,-14.0482530593872,0.6,2.14,3.3,95.21,51.37,221.92,11.72,8.47,18.23
"NT","East Arnhem",136.786849975586,-14.0534343719482,0.6,2.11,3.25,154.66,77.86,397.12,1416.04,509.75,5871.52
"QLDNorth","Aurukun",141.541442871094,-14.034857749939,0.6,2.44,4.26,108.1,56.7,263.45,195.05,91.81,560.27
"QLDNorth","Cook",143.690872192383,-14.0502414703369,0.6,2.37,3.07,12595.73,3459.41,74643.35,453.46,200.63,1378.5
"WANorth","Wyndham-East Kimberley",125.969436645508,-13.9986400604248,0.6,4.59,3.99,1590.73,585.84,6261.58,6133.83,1860.26,31699.45
"WANorth","Wyndham-East Kimberley",126.224334716797,-13.9877023696899,0.6,4.59,4.45,1293.33,517.18,4432.38,291.34,136.54,819.4
"WANorth","Wyndham-East Kimberley",126.36644744873,-14.0002393722534,0.6,4.59,4.39,1209.17,488.36,4086.39,204.51,100.7,537.14
"WANorth","Wyndham-East Kimberley",126.519927978516,-13.9991483688354,0.6,4.61,5.08,613.46,272.7,1815.14,30.4,18.57,60.74
"WANorth","Wyndham-East Kimberley",126.740211486816,-13.9950771331787,0.6,4.61,6.41,693.9,302.76,2107.82,85.18,46.48,195.88
"WANorth","Wyndham-East Kimberley",127.473075866699,-13.999174118042,0.6,4.54,4.45,18040.86,5319.56,91770.19,29.01,17.79,57.81
"NT","West Daly",129.604217529297,-14.014591217041,0.6,4.47,2.67,3431.64,1209.76,13938.92,51.76,29.73,111.92
"NT","Roper Gulf",135.917770385742,-14.008355140686,0.6,2.17,2.44,63.3,35.62,140.26,14.8,10.16,24.96
"NT","East Arnhem",136.404632568359,-13.9819993972778,0.6,2.14,3.33,105.18,55.68,252.34,11.51,8.33,17.86
"NT","East Arnhem",136.793899536133,-14.0192241668701,0.6,2.11,3.44,158.73,79.54,410.37,11.82,8.53,18.4
"QLDNorth","Aurukun",141.489639282227,-13.9769620895386,0.6,2.44,3.08,111.7,58.31,274.02,2999.09,963.33,14640.31
"QLDNorth","Aurukun",141.517471313477,-14.0072603225708,0.6,2.44,4.88,109.08,57.2,265.83,10.69,7.72,16.76
"QLDNorth","Cook",143.684951782227,-14.0090351104736,0.6,2.37,3.22,11422.42,3170.54,66808.08,118.2,60.34,301.48
"WANorth","Wyndham-East Kimberley",126.018661499023,-13.9406747817993,0.6,4.59,4.4,1461.97,550.26,5556.71,56.31,32.12,122.6
"WANorth","Wyndham-East Kimberley",126.209922790527,-13.9621143341064,0.6,4.59,4.66,1433.07,564.93,5009.16,134.42,71.52,314.5
"WANorth","Wyndham-East Kimberley",126.43628692627,-13.981466293335,0.6,4.59,4.67,1455.18,571.37,5118.52,150.63,77.24,374.3
"WANorth","Wyndham-East Kimberley",126.494590759277,-13.9557723999023,0.6,4.59,4.71,1372.11,546.89,4713.85,49.15,28.85,102.35
"WANorth","Wyndham-East Kimberley",126.748107910156,-13.9697885513306,0.6,4.61,6.26,668.82,294.06,2008.21,208.29,100.66,565.82
"WANorth","Wyndham-East Kimberley",127.454193115234,-13.9779281616211,0.6,4.54,4.4,20166.78,5841.71,105221.75,40.77,24.1,84.94
"NT","West Daly",129.725326538086,-13.9901609420776,0.6,4.47,2.66,3300.01,1180.03,13094.9,51.64,29.69,111.5
"NT","Roper Gulf",135.945587158203,-13.9546432495117,0.6,2.17,2.35,65.82,36.85,146.81,21.28,13.87,38.61
"NT","East Arnhem",136.406616210938,-13.9645318984985,0.6,2.13,3.32,110.27,57.9,267.76,12.29,8.81,19.34
"NT","East Arnhem",136.852249145508,-13.9145517349243,0.6,2.11,3.39,180.28,88.83,476.88,668.07,274.2,2277.23
"QLDNorth","Aurukun",141.467864990234,-13.9421710968018,0.6,2.44,3.93,113.63,59.16,279.84,226.31,103.95,673.81
"QLDNorth","Cook",143.621948242188,-13.9459381103516,0.6,2.3,3.35,12868.25,3502.14,77473.22,66.05,36.17,153.81
"WANorth","Wyndham-East Kimberley",126.073684692383,-13.9132490158081,0.6,4.59,4.61,1535.58,580.37,5772.7,181.3,86.63,508.61
"WANorth","Wyndham-East Kimberley",126.102348327637,-13.9015130996704,0.6,4.58,4.55,1922.44,722.67,7196.41,59.02,33.86,126.65
"WANorth","Wyndham-East Kimberley",126.156257629395,-13.9100437164307,0.6,4.59,4.55,1628.13,628.83,5860.82,13.84,9.56,23.17
"WANorth","Wyndham-East Kimberley",126.701133728027,-13.931342124939,0.6,4.6,4.96,844.64,359.06,2658.16,25.2,15.99,47.53
"WANorth","Wyndham-East Kimberley",127.361793518066,-13.9075660705566,0.6,4.54,6.42,20366.41,5885.24,106664.46,1323.29,505.24,4929.82
"WANorth","Wyndham-East Kimberley",127.42244720459,-13.9399271011353,0.6,4.54,4.68,26297,7406.04,142137.2,25.82,16.29,49.09
"NT","West Daly",129.710052490234,-13.8956184387207,0.6,4.46,3.1,4452.2,1514.48,18994.46,18.05,11.97,32.04
"NT","Roper Gulf",135.993499755859,-13.8954582214355,0.6,2.16,2.41,76.62,41.86,177.08,20.11,13.19,36.15
"NT","East Arnhem",136.345336914062,-13.8505373001099,0.6,2.13,4,111.88,58.17,276.53,6.67,5.21,9.33
"NT","East Arnhem",136.868759155273,-13.882004737854,0.6,2.11,3.37,181.09,89.1,480.2,584.82,242.18,1978.79
"QLDNorth","Aurukun",141.463897705078,-13.8970031738281,0.6,2.44,3.01,111.91,58.42,274.51,183.2,93.33,455.16
"QLDNorth","Cook",143.606674194336,-13.9073543548584,0.6,2.3,2.6,13163.96,3582.26,79139.76,19.63,12.82,35.63
"WANorth","Wyndham-East Kimberley",126.756301879883,-13.8336124420166,0.6,4.6,5.16,855.48,366.06,2658.99,11.29,8.04,18.06
"WANorth","Wyndham-East Kimberley",127.0849609375,-13.8453769683838,0.6,4.57,5.37,4342.96,1476.87,18566.26,23.61,15.27,43.11
"WANorth","Wyndham-East Kimberley",127.163055419922,-13.8812484741211,0.6,4.56,5.23,4635.25,1568.08,19925.63,41.91,25.02,85.49
"WANorth","Wyndham-East Kimberley",127.195587158203,-13.9027318954468,0.6,4.55,5.4,9042.09,2821.58,43230.1,24.53,15.62,46
"WANorth","Wyndham-East Kimberley",127.261611938477,-13.8989562988281,0.6,4.55,6.78,12480.7,3776.95,61882.5,100.99,53.94,238.95
"WANorth","Wyndham-East Kimberley",127.329704284668,-13.9112453460693,0.6,4.55,4.61,14697.11,4416.05,73126.1,37.33,22.57,74.95
"NT","West Daly",129.714584350586,-13.8510875701904,0.6,4.46,3.02,5073.13,1689.57,22314.22,25.33,15.97,48.27
"NT","Roper Gulf",136.021408081055,-13.8357791900635,0.6,2.15,2.55,85.98,46.05,204.74,24.1,15.33,45.39
"NT","East Arnhem",136.115585327148,-13.8337821960449,0.6,2.14,2.24,91.33,48.67,218.57,48.99,28.68,102.54
"NT","East Arnhem",136.152740478516,-13.8414268493652,0.6,2.15,2.44,89.9,48.14,213.43,22.22,14.38,40.73
"NT","East Arnhem",136.209655761719,-13.8589363098145,0.6,2.14,2.55,101.18,53.4,244.9,16.98,11.5,29.08
"NT","East Arnhem",136.263244628906,-13.8416576385498,0.6,2.13,3.98,119.22,61.37,298.99,6.77,5.27,9.5
"NT","East Arnhem",136.924163818359,-13.8113698959351,0.6,2.1,3.23,223.36,106.77,616.47,1075.35,407.7,4119.52
"QLDNorth","Aurukun",141.467193603516,-13.8500452041626,0.6,2.44,3.49,108.73,56.97,265.41,34.39,21.16,67.16
"QLDNorth","Cook",143.580123901367,-13.8419332504272,0.6,2.3,2.6,11542.15,3195.07,67807.6,20.34,13.13,37.72
"WANorth","Wyndham-East Kimberley",126.742919921875,-13.7974071502686,0.6,4.6,6.09,933.47,395.4,2939.87,1794.89,671.59,6805.51
"WANorth","Wyndham-East Kimberley",127.049758911133,-13.8056221008301,0.6,4.58,5.04,1867.04,700.95,7017.95,19.2,12.62,34.5
"NT","West Daly",129.717864990234,-13.8392305374146,0.6,4.46,2.88,4665.15,1566.68,20314.64,23.81,15.31,43.91
"NT","East Arnhem",136.287124633789,-13.7903299331665,0.6,2.12,2.65,128.76,65.47,328.74,17.5,11.72,30.5
"NT","East Arnhem",136.72135925293,-13.8025722503662,0.6,2.11,2.62,180.28,88.24,483.01,18.68,12.49,32.55
"NT","East Arnhem",136.806213378906,-13.8089094161987,0.6,2.1,4.04,183.36,89.64,491.76,6.93,5.37,9.77
"NT","East Arnhem",136.927230834961,-13.795804977417,0.6,2.09,3.33,226.71,107.66,632.83,672.26,271.81,2357
"QLDNorth","Aurukun",141.476669311523,-13.7923936843872,0.6,2.45,3.18,102.51,54.21,246.88,24.95,16.14,45.3
"QLDNorth","Cook",143.563735961914,-13.8142957687378,0.6,2.3,2.17,12126.83,3354.5,71089.27,198.01,98.07,515.58
"WANorth","Wyndham-East Kimberley",126.795379638672,-13.7659044265747,0.6,4.59,5.27,1467.06,573.85,5193.52,19.45,12.58,36.04
"WANorth","Wyndham-East Kimberley",126.84765625,-13.7543077468872,0.6,4.6,6.58,1125.91,460.07,3741.47,160.21,79.65,420.17
"WANorth","Wyndham-East Kimberley",126.985702514648,-13.7518939971924,0.6,4.59,5.06,1440.03,557.68,5197.3,17.14,11.51,29.8
"NT","West Daly",129.780822753906,-13.7513618469238,0.6,4.46,2.8,4603.39,1549.67,19974.13,44.62,25.98,95.01
"NT","East Arnhem",136.306167602539,-13.73899269104,0.6,2.11,2.39,169.74,83.11,456.46,34.2,21.02,66.97
"NT","East Arnhem",136.466705322266,-13.7519035339355,0.6,2.1,2.75,198.63,95.35,548.45,16.25,11,27.92
"NT","East Arnhem",136.734405517578,-13.7678565979004,0.6,2.1,4.05,191.04,92.83,516.83,6.87,5.33,9.68
"NT","East Arnhem",136.915512084961,-13.7706165313721,0.6,2.09,3.12,227.4,108.14,633,1980.83,696.18,8387.95
"QLDNorth","Aurukun",141.487823486328,-13.7472305297852,0.6,2.45,2.61,98.51,52.38,235.5,133.4,67.7,340.91
"QLDNorth","Cook",143.545227050781,-13.7256336212158,0.6,2.3,2.89,15526.47,4142.12,95792.15,15.18,10.14,26.92
"WANorth","Wyndham-East Kimberley",126.91707611084,-13.7416133880615,0.6,4.6,6.75,1028.76,422.22,3409.8,150.18,75.3,389.49
"WANorth","Wyndham-East Kimberley",126.945388793945,-13.7392282485962,0.6,4.61,5.28,817.77,346.82,2589.46,16.54,10.97,29.51
"NT","West Daly",129.780227661133,-13.6986417770386,0.6,4.46,3.29,4107.68,1405.88,17414.81,16.7,11.08,29.82
"NT","Roper Gulf",135.890579223633,-13.6950063705444,0.6,2.12,2.51,133.91,68.36,338.34,23.41,15.01,43.5
"NT","Roper Gulf",135.923812866211,-13.6842212677002,0.6,2.12,2.46,148.75,74.9,382.9,22.11,14.25,40.85
"NT","Roper Gulf",136.004440307617,-13.6934099197388,0.6,2.11,2.65,170.89,84.71,448.73,15.38,10.4,26.61
"NT","Roper Gulf",136.056793212891,-13.6940355300903,0.6,2.11,2.6,156.96,77.07,422.35,18.31,12.18,32.25
"NT","East Arnhem",136.121627807617,-13.7175912857056,0.6,2.11,2.55,177.03,85.77,484.33,17.92,11.99,31.29
"NT","East Arnhem",136.173385620117,-13.7052164077759,0.6,2.11,2.55,173.78,84.79,469.71,22.49,14.44,41.8
"NT","East Arnhem",136.29817199707,-13.7048635482788,0.6,2.1,2.89,187.97,91.07,511.91,13.43,9.32,22.36
"NT","East Arnhem",136.528045654297,-13.6917581558228,0.6,2.09,2.52,225.69,106.68,635.8,25.15,16.1,46.61
"NT","East Arnhem",136.580825805664,-13.695595741272,0.6,2.1,2.79,219.4,104.03,615.71,18.04,11.98,31.91
"NT","East Arnhem",136.736801147461,-13.7012596130371,0.6,2.1,2.7,216.66,103.51,599.9,22.59,14.51,41.92
"NT","East Arnhem",136.840972900391,-13.7422332763672,0.6,2.1,4,202.35,97.61,552.75,7.34,5.64,10.5
"NT","East Arnhem",136.905517578125,-13.683892250061,0.6,2.09,3.44,250.75,118.34,703.23,368.09,159.64,1179.83
"QLDNorth","Aurukun",141.496292114258,-13.7013731002808,0.6,2.45,4.37,94.79,50.63,225.23,134.58,68.47,342.15
"QLDNorth","Cook",143.547515869141,-13.6934080123901,0.6,2.3,2.41,16215.85,4304.27,100695.27,16.96,11.22,30.4
"NT","West Daly",129.785232543945,-13.6622085571289,0.6,4.46,3.01,4735.77,1580.18,20846.18,21.32,13.94,38.41
"NT","Roper Gulf",135.901000976562,-13.657675743103,0.6,2.11,2.66,152.51,76.28,396.86,14.29,9.78,24.26
"NT","East Arnhem",136.211380004883,-13.6547632217407,0.6,2.1,2.59,191.48,92.32,525.68,21.23,13.82,38.6
"NT","East Arnhem",136.247131347656,-13.6674661636353,0.6,2.1,2.92,202.83,96.96,563.6,11.52,8.2,18.48
"NT","East Arnhem",136.631286621094,-13.6539487838745,0.6,2.09,3.66,242.86,113.87,691.15,9.69,7.17,14.63
"NT","East Arnhem",136.687850952148,-13.6470651626587,0.6,2.09,2.92,225.25,106.88,630.1,4428.7,1406.75,21455.61
"QLDNorth","Aurukun",141.500549316406,-13.6437864303589,0.6,2.45,4.31,92.73,49.62,219.99,198.95,95.96,544.29
"QLDNorth","Cook",143.552429199219,-13.6366357803345,0.6,2.3,2.21,16448.01,4371.92,101767.89,23.45,14.93,44.14
"NT","West Daly",129.814453125,-13.5995311737061,0.6,4.46,4.13,3913.47,1333.28,16780.37,9.53,7.06,14.36
"NT","Roper Gulf",135.870178222656,-13.563102722168,0.6,2.12,3.3,147.38,73.48,386.84,365.58,158.97,1166.39
"QLDNorth","Aurukun",141.509521484375,-13.6043281555176,0.6,2.46,4.13,89.07,47.89,209.97,848.84,339.25,2991.9
"QLDNorth","Cook",143.572219848633,-13.5790777206421,0.6,2.29,2.23,19207.34,5020.14,121353.52,23.53,14.97,44.35
"NT","West Daly",129.821243286133,-13.5355777740479,0.6,4.46,4.17,3802.52,1298.48,16264.72,9.58,7.08,14.49
"NT","Roper Gulf",135.869903564453,-13.5495548248291,0.6,2.12,3.23,149.71,74.51,393.91,417.65,177.84,1373.81
"QLDNorth","Aurukun",141.527908325195,-13.5470037460327,0.6,2.46,4.28,81.66,44.37,189.87,143.61,72.98,364.18
"QLDNorth","Cook",143.588241577148,-13.5460176467896,0.6,2.29,4.27,21510.84,5550.78,138129.08,27.36,17.54,50.29
"NT","West Daly",129.850234985352,-13.5061693191528,0.6,4.47,4.72,3135.81,1091.23,13113.91,543.59,235.73,1695.08
"NT","West Daly",129.902450561523,-13.4935579299927,0.6,4.47,4.76,3000.21,1042.84,12608.97,237.69,113.9,650.12
"NT","West Daly",129.940780639648,-13.5258026123047,0.6,4.47,4.76,3045.47,1054.82,12870.97,233.2,111.86,637.49
"NT","West Daly",130.027862548828,-13.5131816864014,0.6,4.47,3.08,2808.37,980.33,11760.14,24.44,15.44,46.55
"NT","West Daly",130.057388305664,-13.4979190826416,0.6,4.47,3.3,2768.49,969.45,11536.61,31.73,19.72,61.18
"NT","Roper Gulf",135.865219116211,-13.4958066940308,0.6,2.11,3.16,150.44,74.53,399.16,528.6,215.09,1864.99
"QLDNorth","Aurukun",141.570724487305,-13.4818162918091,0.6,2.47,4.12,72.72,40.12,165.69,1027.34,411.23,3564.59
"QLDNorth","Cook",143.5888671875,-13.4853553771973,0.6,2.29,2.19,20845.01,5445.9,131060.5,29.96,18.46,58.95
"NT","West Daly",130.10905456543,-13.4542531967163,0.6,4.47,3.29,2838.86,992.64,11842.55,32.15,19.93,62.25
"NT","Roper Gulf",135.897552490234,-13.4396333694458,0.6,2.12,3.17,148.74,73.66,395.24,507.45,207.96,1771.27
"QLDNorth","Aurukun",141.59033203125,-13.4536457061768,0.6,2.47,4.16,72.31,39.92,164.61,755.02,310.58,2541.21
"QLDNorth","Cook",143.600875854492,-13.4387683868408,0.6,2.29,2.42,24034.65,6186.03,153910.53,22.53,14.28,42.94
"NT","West Daly",130.180389404297,-13.402871131897,0.6,4.47,3.34,2920.39,1016.18,12270.56,27.74,17.52,52.37
"NT","East Arnhem",135.897552490234,-13.3698320388794,0.6,2.1,2.87,204.91,96.63,584.14,2518.59,829.8,11862.32
"QLDNorth","Aurukun",141.609786987305,-13.3996906280518,0.6,2.47,4.07,71.17,39.36,161.59,2348.9,841.16,9491.36
"QLDNorth","Lockhart River",143.600570678711,-13.4083948135376,0.6,2.29,3.79,24724.88,6342.11,159034.37,3293.03,1126.69,14164.04
"NT","West Daly",130.220947265625,-13.3501777648926,0.6,4.47,3.04,3128.32,1078.63,13308.95,30.21,18.45,60.45
"NT","West Daly",130.262237548828,-13.3293323516846,0.6,4.46,3.33,3784.87,1267.4,16788.46,27.86,17.57,52.75
"NT","East Arnhem",135.889038085938,-13.333327293396,0.6,2.1,2.77,192.25,91.16,544.94,6807.53,1955.82,38730.54
"QLDNorth","Aurukun",141.653274536133,-13.3408317565918,0.6,2.47,4.06,69.93,38.71,158.73,2755.79,966.62,11451.65
"QLDNorth","Lockhart River",143.567672729492,-13.3663196563721,0.6,2.29,2.33,24247.07,6248.54,154814.42,28.14,17.31,55.85
"NT","West Daly",130.253479003906,-13.2951908111572,0.6,4.47,3.12,3427.17,1163.78,14909.22,37.33,21.97,78.99
"NT","East Arnhem",135.911361694336,-13.2851896286011,0.6,2.1,2.59,188.49,89.46,534.13,37.79,22.22,80.04
"NT","East Arnhem",135.952835083008,-13.2815170288086,0.6,2.1,2.37,198.95,93.73,569.57,47.85,27.41,104.64
"NT","East Arnhem",135.971206665039,-13.2912464141846,0.6,2.1,2.37,211.59,99.15,609.05,43.75,25.57,92.67
"NT","East Arnhem",136.056686401367,-13.2895755767822,0.6,2.09,2.37,260.23,119.95,761.3,48.84,28.15,105.37
"NT","East Arnhem",136.093765258789,-13.2874994277954,0.6,2.08,2.35,321.67,144.46,973.86,48.44,28.05,103.63
"NT","East Arnhem",136.160675048828,-13.2757520675659,0.6,2.08,2.5,335.48,150.16,1019.01,38.12,22.54,79.82
"NT","East Arnhem",136.188018798828,-13.277271270752,0.6,2.07,2.42,374.88,165.26,1162.81,39.04,23.13,81.21
"NT","East Arnhem",136.379623413086,-13.2866468429565,0.6,2.08,2.94,347.5,154.72,1063.53,28.5,17.92,54.18
"NT","East Arnhem",136.388229370117,-13.2718229293823,0.6,2.08,3.32,352.98,156.86,1083.01,799.32,306.92,3056.87
"QLDNorth","Aurukun",141.660064697266,-13.3204278945923,0.6,2.47,4.49,71.35,39.41,162.33,58.59,33.43,127.15
"QLDNorth","Lockhart River",143.526992797852,-13.2824659347534,0.6,2.29,2.17,30034.11,7586.59,196225.31,48.54,27.82,105.92
"NT","Unincorporated NT",130.206604003906,-13.2379312515259,0.6,4.47,3.07,3444.95,1171.33,14945.84,43.54,25.15,94.37
"NT","East Arnhem",136.249847412109,-13.2145385742188,0.6,2.07,2.37,468.63,199.62,1526.92,38.24,22.92,77.92
"NT","East Arnhem",136.329574584961,-13.2455606460571,0.6,2.06,2.83,478.52,203.56,1560.72,33.25,20.44,65.2
"NT","East Arnhem",136.478103637695,-13.2370557785034,0.6,2.07,3.17,380.83,167.68,1182.62,2323.48,763.09,11082.61
"QLDNorth","Cook",141.656646728516,-13.2088060379028,0.6,2.46,4.14,79.94,43.47,185.94,757.19,314.96,2496.05
"QLDNorth","Lockhart River",143.523818969727,-13.2410411834717,0.6,2.29,2.23,30917.05,7791.86,202462.28,35.19,21.08,72.26
"NT","Unincorporated NT",130.160278320312,-13.1823720932007,0.6,4.47,3.29,3439.95,1163.18,15079.29,35.63,21.69,70.84
"NT","East Arnhem",136.527069091797,-13.1586847305298,0.6,2.07,4.19,410.11,178.76,1291.31,458.56,202.64,1396.16
"QLDNorth","Cook",141.630081176758,-13.16588306427,0.6,2.46,2.52,87.09,46.84,205.53,35.63,21.3,73.43
"NT","Unincorporated NT",130.114105224609,-13.1344156265259,0.6,4.47,3.54,3629.88,1207.63,16342.16,25.77,16.41,48.18
"NT","East Arnhem",136.537155151367,-13.1309747695923,0.6,2.07,3.65,413.84,180.74,1297.36,208.68,99.37,582.98
"QLDNorth","Cook",141.620162963867,-13.124195098877,0.6,2.45,4.2,92.1,49.03,220.76,156.1,80.03,387.18
"QLDNorth","Lockhart River",143.518127441406,-13.1592617034912,0.6,2.28,2.12,37923.37,9331.17,256186.32,44.72,26.02,95.44
"NT","Unincorporated NT",130.114456176758,-13.0841131210327,0.6,4.46,3.55,3800.44,1252.28,17366.59,26.94,17.03,50.86
"NT","East Arnhem",136.566558837891,-13.0734424591064,0.6,2.07,3.5,442.94,191.92,1402.8,418.84,183.25,1307.54
"QLDNorth","Cook",141.6103515625,-13.0873231887817,0.6,2.45,4.19,98.98,52.1,241.14,156.94,80.28,390.77
"QLDNorth","Lockhart River",143.515731811523,-13.0599708557129,0.6,2.28,2.15,40468.03,9854.53,277505.67,52.95,29.96,117.7
"NT","Unincorporated NT",130.122955322266,-13.0372858047485,0.6,4.46,4.25,3976.77,1299.06,18413.3,10.52,7.61,16.46
"NT","East Arnhem",136.57878112793,-13.0233087539673,0.6,2.66,3.8,471.28,202.56,1508.91,3252.82,1042.45,15849.23
"QLDNorth","Cook",141.586227416992,-13.0197448730469,0.6,2.44,4.01,119.7,61.39,302.21,1483.91,550.84,5782.52
"QLDNorth","Lockhart River",143.51904296875,-13.0131874084473,0.6,2.28,3.1,40043.09,9753.35,274662.33,15.57,10.65,26.33
"NT","Unincorporated NT",130.12239074707,-12.9755773544312,0.6,4.46,3.8,4208.84,1361.55,19770.27,1929.2,677.76,8191.2
"QLDNorth","Cook",141.588531494141,-12.9803609848022,0.6,2.44,4.01,121.84,62.25,309.49,1484.25,550.93,5784.46
"QLDNorth","Lockhart River",143.517974853516,-12.9657983779907,0.6,2.28,2.28,42841.18,10330.36,298074.04,36.93,21.93,76.87
"NT","Unincorporated NT",130.135223388672,-12.9322748184204,0.6,4.46,4.56,4001.9,1302.83,18640.23,8.66,6.43,13.06
"NT","East Arnhem",136.641296386719,-12.9444522857666,0.6,2.64,4,711.48,286.15,2509.43,850.46,340.92,2980.29
"QLDNorth","Cook",141.600860595703,-12.9469728469849,0.6,2.44,4.19,123.86,63.1,315.98,181.09,90.28,468.57
"QLDNorth","Lockhart River",143.529708862305,-12.8848037719727,0.6,2.28,4.17,41991.07,10197.88,288692.85,40.29,24.64,78.75
"NT","Unincorporated NT",130.171524047852,-12.906626701355,0.6,4.46,5.27,3791.86,1239.9,17581.55,19.52,13.09,33.69
"NT","Unincorporated NT",130.196426391602,-12.9086303710938,0.6,4.47,5.52,3285.19,1091.39,14932.16,11.4,8.22,17.83
"NT","Unincorporated NT",130.296234130859,-12.9128503799438,0.6,4.47,2.91,3267.34,1084.4,14884.1,48.02,27.49,105.15
"NT","Unincorporated NT",130.328811645508,-12.8758211135864,0.6,4.47,4.2,2744.42,943.71,11837.03,10.93,7.86,17.24
"NT","East Arnhem",136.557159423828,-12.8782138824463,0.6,2.65,4,644.83,264.1,2212.61,801.25,325.26,2753.43
"QLDNorth","Cook",141.638122558594,-12.9087953567505,0.6,2.44,5,119.69,61.23,303.65,11.16,8.07,17.38
"QLDNorth","Lockhart River",143.539016723633,-12.8579549789429,0.6,2.28,2.1,44220.03,10684.4,305878.04,55.5,31.21,124.4
"NT","Unincorporated NT",130.34684753418,-12.8370552062988,0.6,4.47,3.73,3101.77,1043.56,13821.65,19.08,12.66,33.68
"NT","East Arnhem",136.584808349609,-12.8217754364014,0.6,2.65,4.16,633.69,260.8,2157.04,520.5,222.5,1671.92
"QLDNorth","Cook",141.722412109375,-12.8567161560059,0.6,2.45,3.48,106.66,55.38,265.29,536.6,228.14,1737.67
"QLDNorth","Lockhart River",143.435653686523,-12.8476600646973,0.6,2.29,2.97,33687.87,8589.03,214744.17,1763.43,629.87,7302.09
"QLDNorth","Lockhart River",143.455703735352,-12.8457956314087,0.6,2.29,3.9,34722.15,8795.41,223567.73,173.98,87.02,448.58
"QLDNorth","Lockhart River",143.529418945312,-12.8364248275757,0.6,2.29,2.01,32497.44,8250.51,209256.15,62.77,34.95,141.99
"NT","Unincorporated NT",130.347030639648,-12.7727603912354,0.6,4.47,3.76,3077.46,1038.3,13648.26,17.91,11.98,31.25
"NT","East Arnhem",136.627563476562,-12.7711372375488,0.6,2.63,3.41,986.92,377.82,3734.86,126160.57,26773.74,1036489.69
"QLDNorth","Aurukun",141.76823425293,-12.7761564254761,0.6,2.45,4.46,103.31,53.91,255.12,35.66,22.14,68.3
"QLDNorth","Lockhart River",143.409057617188,-12.7623558044434,0.6,2.29,2.14,36180.74,9111.06,234882.46,38.89,22.9,81.92
"NT","Unincorporated NT",130.343002319336,-12.7198734283447,0.6,4.47,3.77,3108.38,1048.02,13793.53,17.54,11.78,30.48
"NT","East Arnhem",136.684844970703,-12.7146396636963,0.6,2.63,3.74,1172.59,437.91,4594.37,11730.61,3331.59,65588.76
"QLDNorth","Aurukun",141.782638549805,-12.7518548965454,0.6,2.45,4.38,100.91,52.84,247.97,49.95,29.7,101.45
"QLDNorth","Cook",143.39924621582,-12.7117786407471,0.6,2.28,2.03,39205.64,9707.92,261199,50.27,28.69,110.27
"NT","Unincorporated NT",130.332962036133,-12.6523551940918,0.6,4.47,3.27,3256.29,1091.2,14570.24,119972.83,25317.68,999238.04
"NT","East Arnhem",136.700820922852,-12.7017507553101,0.6,2.62,4.69,1337.23,490.68,5366.97,1354.88,518.05,5026.05
"QLDNorth","Cook",143.423385620117,-12.6772890090942,0.6,2.28,3.88,40221.63,9893.53,270830.5,1064.55,426.25,3683.3
"NT","Unincorporated NT",130.377838134766,-12.6138553619385,0.6,4.47,4.71,2620.88,911.3,11106.05,1100.07,439.14,3819.57
"NT","Unincorporated NT",130.419662475586,-12.6096591949463,0.6,4.48,2.76,1821.96,681.4,6907.49,43.67,25.35,93.77
"NT","Unincorporated NT",130.484481811523,-12.6222324371338,0.6,4.48,3.39,1893.37,706.3,7194.5,22.52,14.62,40.94
"NT","East Arnhem",136.719665527344,-12.6018924713135,0.6,2.62,3.75,1497.48,542.32,6111.88,22.81,14.77,41.63
"QLDNorth","Cook",141.622665405273,-12.5852575302124,0.6,2.43,3.46,143.4,71.85,373.68,13.56,9.45,22.32
"QLDNorth","Napranum",141.674560546875,-12.5665149688721,0.6,2.43,3.28,140.65,70.52,366.57,17.25,11.62,29.8
"QLDNorth","Napranum",141.770690917969,-12.5717830657959,0.6,2.44,3.41,118.06,60.57,298.27,675.01,279.3,2264.33
"QLDNorth","Napranum",141.81477355957,-12.6042404174805,0.6,2.45,4.45,105.61,55.05,260.92,140.1,71.94,348.95
"QLDNorth","Cook",143.452697753906,-12.6201343536377,0.6,2.28,2.4,38858.53,9598.84,260189.56,28.5,17.42,57.21
"NT","Unincorporated NT",130.523040771484,-12.5665369033813,0.6,4.49,3.52,1446.13,562.21,5181.32,17.18,11.6,29.59
"NT","East Arnhem",136.779830932617,-12.5793428421021,0.6,2.62,4.91,1779.94,629.56,7504.72,650.98,278.86,2052.36
"QLDNorth","Napranum",141.583908081055,-12.562424659729,0.6,2.42,2.61,161.48,79.57,430.61,35.36,20.96,74.1
"NT","Unincorporated NT",130.521713256836,-12.5568056106567,0.6,4.49,3.55,1480.05,573.36,5329.61,17.11,11.53,29.55
"NT","East Arnhem",136.790542602539,-12.5159950256348,0.6,2.62,4.01,1804.6,637.51,7618.69,1268.68,480.55,4811.37
"QLDNorth","Napranum",141.599563598633,-12.5275497436523,0.6,2.43,3.4,137.43,69.01,357.65,1490.98,549.85,5880.39
"QLDNorth","Cook",143.296890258789,-12.5310916900635,0.6,2.28,4.16,39236.62,9705.23,261907.67,67.51,38.15,147.71
"QLDNorth","Cook",143.351959228516,-12.5580320358276,0.6,2.28,3.22,38453.3,9525.71,256303.92,46.9,26.95,102.1
"NT","Unincorporated NT",130.579360961914,-12.4699602127075,0.6,4.49,3.96,1460.54,564.45,5286.73,47.26,27.16,102.79
"NT","East Arnhem",136.007431030273,-12.4501485824585,0.6,2.65,2.93,497.3,209.99,1640.56,40.78,24.09,85.05
"NT","East Arnhem",136.043746948242,-12.4668569564819,0.6,2.65,2.93,499.97,211.15,1648.15,44.05,25.96,91.75
"NT","East Arnhem",136.096862792969,-12.4541425704956,0.6,2.66,2.95,463.42,197.52,1509.41,42.49,25.21,87.59
"NT","East Arnhem",136.16194152832,-12.4605350494385,0.6,2.66,1.63,413.88,179.36,1316.84,74.48,40.19,176.75
"NT","East Arnhem",136.208679199219,-12.4597396850586,0.6,2.66,3.06,390.94,170.86,1229.02,9.73,7.1,15.04
"NT","East Arnhem",136.842422485352,-12.4660263061523,0.6,2.61,3.85,2208.1,764.49,9546.35,3838.95,1241.75,18152.88
"QLDNorth","Napranum",141.621734619141,-12.4828300476074,0.6,2.43,4.17,130.65,66.08,336.65,715.98,302.86,2296.48
"QLDNorth","Cook",143.280548095703,-12.4559621810913,0.6,2.28,4.06,40537.91,10020.28,270367.07,237.17,113.93,645.86
"NT","Unincorporated NT",130.574981689453,-12.4141578674316,0.6,4.49,3.98,1482.41,572.05,5375.51,46.57,26.78,101.26
"NT","Unincorporated NT",130.737930297852,-12.4244041442871,0.6,4.49,3.84,1032.99,430.05,3336.1,41.88,24.95,85.74
"NT","East Arnhem",136.007141113281,-12.4255781173706,0.6,2.65,1.71,498.59,210.59,1643.59,50.12,28.43,111.34
"NT","East Arnhem",136.269180297852,-12.4234352111816,0.6,2.66,3.04,390.61,171.28,1220.25,10.41,7.53,16.29
"NT","East Arnhem",136.891830444336,-12.411304473877,0.6,2.62,3.87,1449.09,535.33,5707.94,2915.77,982.33,13015.05
"QLDNorth","Napranum",141.647598266602,-12.4201831817627,0.6,2.43,4.23,132.48,66.87,342.36,676.6,285.93,2181.81
"QLDNorth","Cook",143.277847290039,-12.4190196990967,0.6,2.28,3.81,40213.74,9947.09,267998.13,555.66,250.28,1614.87
"NT","Unincorporated NT",130.635986328125,-12.3838605880737,0.6,4.49,4.78,1126.52,465.27,3672.23,404.68,184.06,1177.66
"NT","Unincorporated NT",130.667068481445,-12.3975095748901,0.6,4.5,3.79,954.46,404.8,2995.56,77.6,41.68,185.26
"NT","Darwin",130.817459106445,-12.4013233184814,0.6,4.5,3.79,900.67,382.57,2828.21,42.41,25.25,86.85
"NT","East Arnhem",135.99885559082,-12.3609342575073,0.6,2.65,2.28,556.24,231.72,1867.63,22.98,14.5,44.13
"NT","East Arnhem",136.310104370117,-12.3572044372559,0.6,2.66,3.17,413.43,180.44,1297.83,9.48,6.95,14.56
"NT","East Arnhem",136.953399658203,-12.3545627593994,0.6,2.63,4.06,1040.04,401.15,3865.13,494.35,211.04,1597.88
"QLDNorth","Napranum",141.668304443359,-12.3724431991577,0.6,2.43,4.29,136.65,68.55,356.51,545.87,250.29,1538.45
"QLDNorth","Cook",143.267303466797,-12.3943920135498,0.6,2.28,3.86,41147.22,10113.71,277034.93,531.75,243.76,1501.33
"NT","Darwin",130.900207519531,-12.3259315490723,0.6,4.49,4.27,1204.67,492.03,3990.82,81.81,44.54,189.46
"NT","Litchfield",130.947967529297,-12.3396530151367,0.6,4.49,4.09,1225.53,498.19,4090.42,489.51,206,1627.25
"NT","Unincorporated NT",132.011322021484,-12.290732383728,0.6,4.45,4.33,9278.09,2729.9,49332.05,153.61,75.31,415.22
"NT","Unincorporated NT",132.053909301758,-12.3023500442505,0.6,4.45,4.54,9123.41,2669.47,49073.57,44.82,26.48,92.77
"NT","East Arnhem",136.012054443359,-12.2994518280029,0.6,2.65,2.14,558.07,231.89,1882.59,20.44,13.49,36.31
"NT","East Arnhem",136.320724487305,-12.3121032714844,0.6,2.66,3.18,451.57,194.82,1439.89,9.73,7.11,14.99
"NT","East Arnhem",136.937927246094,-12.3128938674927,0.6,2.63,3.56,1215.07,460.21,4622.64,42576.77,10221.66,298787.52
"QLDNorth","Napranum",141.679977416992,-12.3266019821167,0.6,2.43,3.42,137.83,68.98,361.01,1167.85,439.71,4506.26
"QLDNorth","Cook",143.083145141602,-12.314151763916,0.6,2.29,2.69,33853.25,8564.63,218827.06,3522.06,1160.98,16167.69
"QLDNorth","Cook",143.162658691406,-12.3421659469604,0.6,2.29,2.71,35537.1,8895.17,233552.22,3759.63,1221.74,17648.52
"QLDNorth","Cook",143.197570800781,-12.3469867706299,0.6,2.28,3.82,38513.44,9526,257407.07,713.32,298.9,2328.61
"QLDNorth","Cook",143.218353271484,-12.3574123382568,0.6,2.28,3.1,39380.95,9732.19,263245.03,150.02,72.45,418.52
"NT","Litchfield",130.999145507812,-12.2127170562744,0.6,4.49,3.88,1370.28,549.71,4653.34,145.38,70.8,399.93
"NT","Unincorporated NT",131.4208984375,-12.2685308456421,0.6,4.46,4.93,5068.41,1609.58,24337.51,104.58,54.23,261.12
"NT","Unincorporated NT",131.472625732422,-12.2777271270752,0.6,4.46,4.93,4580.32,1482.02,21384.07,104.86,54.37,261.93
"NT","Unincorporated NT",131.535339355469,-12.2733945846558,0.6,4.46,4.94,5004.81,1594.56,23906.58,107.66,55.69,269.55
"NT","Unincorporated NT",131.577728271484,-12.2796277999878,0.6,4.45,4.95,6387.3,1956.52,32304.12,97.95,51.6,238.46
"NT","Unincorporated NT",131.631881713867,-12.2783536911011,0.6,4.45,5.52,10235.1,2914.25,57490.27,15.45,10.52,26.32
"NT","Unincorporated NT",131.682693481445,-12.2791233062744,0.6,4.45,5.67,10480.98,2976.05,59080.14,12,8.58,18.99
"NT","Unincorporated NT",131.736846923828,-12.2702016830444,0.6,4.45,5.14,6970.68,2118.82,35555.33,85.97,46.56,200.44
"NT","Unincorporated NT",131.78694152832,-12.2552947998047,0.6,4.45,5.04,7447.64,2229.6,38912.22,464.67,197.71,1518.37
"NT","Unincorporated NT",131.943099975586,-12.2689266204834,0.6,4.45,4.42,8750.61,2625.06,45055.74,60.17,33.89,133.61
"NT","West Arnhem",132.108551025391,-12.2662086486816,0.6,4.45,4.33,10086.79,2928.07,54692.77,27.42,16.95,53.98
"NT","East Arnhem",135.691482543945,-12.2486267089844,0.6,2.66,2.79,389.55,168.41,1250.91,136.17,68.1,357.41
"NT","East Arnhem",135.742370605469,-12.2635383605957,0.6,2.66,3.06,440.16,187.86,1435.58,84.81,46.3,194.88
"NT","East Arnhem",135.998382568359,-12.260082244873,0.6,2.65,3.05,504.99,211.93,1683.79,85.16,46.54,195.24
"NT","East Arnhem",136.234939575195,-12.2211036682129,0.6,2.65,2.99,574.39,239.47,1921.22,47.01,27.61,98.06
"NT","East Arnhem",136.256134033203,-12.2178087234497,0.6,2.65,2.17,560.31,234.54,1863.15,21.33,13.94,38.47
"NT","East Arnhem",136.341003417969,-12.2645406723022,0.6,2.66,3.09,467.38,201.45,1489.28,10.84,7.81,17.03
"NT","East Arnhem",136.929595947266,-12.2793607711792,0.6,2.63,3.71,1160.03,443.01,4358.95,10609.41,3029.46,59125.98
"QLDNorth","Napranum",141.701065063477,-12.2661838531494,0.6,2.43,4.26,133.21,66.88,347.69,830.11,340.17,2796.29
"QLDNorth","Cook",143.099166870117,-12.2576332092285,0.6,2.29,3.02,32583.29,8297.58,208596.9,195.46,94.37,534.34
"NT","Litchfield",130.989242553711,-12.1898794174194,0.6,4.48,4.2,1513.97,599.12,5238.62,57.37,32.97,123.03
"NT","Unincorporated NT",131.348663330078,-12.2170190811157,0.6,4.46,5.21,6059.48,1863.01,30543.37,67.18,37.71,148.95
"NT","Unincorporated NT",131.858276367188,-12.2237243652344,0.6,4.46,5.3,5775.74,1811.44,28140.11,114.44,59.64,281.16
"NT","Unincorporated NT",131.896331787109,-12.2106943130493,0.6,4.45,5.11,8112.6,2438.07,41838.57,48.47,27.6,107.13
"NT","West Arnhem",132.162353515625,-12.21364402771,0.6,4.45,4.95,9866.16,2916.14,51807.63,45.02,25.96,97.7
"NT","East Arnhem",135.002471923828,-12.2035093307495,0.6,2.66,3,441.22,190.66,1404.97,45.5,26.24,98.66
"NT","East Arnhem",135.035659790039,-12.2280006408691,0.6,2.67,3.04,355.18,159.39,1069.14,39.9,23.35,84.95
"NT","East Arnhem",135.105743408203,-12.2389240264893,0.6,2.67,2.4,349.64,156.27,1061.81,60.32,33.95,134.05
"NT","East Arnhem",135.218414306641,-12.1919298171997,0.6,2.66,2.42,478.48,205.5,1532.44,24.3,15.28,46.74
"NT","East Arnhem",135.662689208984,-12.2106456756592,0.6,2.66,2.94,376.15,162.31,1215.65,45.83,26.52,98.63
"NT","East Arnhem",135.787216186523,-12.2126140594482,0.6,2.66,3.12,459.15,195.08,1505.84,52.01,29.96,111.79
"NT","East Arnhem",136.014984130859,-12.2320241928101,0.6,2.65,2.67,544.21,226.62,1831.58,16.94,11.42,29.23
"NT","East Arnhem",136.150787353516,-12.1998643875122,0.6,2.65,2.53,636.52,260.57,2188.24,14.98,10.15,25.86
"NT","East Arnhem",136.623153686523,-12.2152996063232,0.6,2.63,3.95,1019.05,392.3,3806.49,11.3,8.1,17.86
"NT","East Arnhem",136.877563476562,-12.2180404663086,0.6,2.63,3.5,934.03,367.63,3366.1,40697.15,9793.57,285199.58
"QLDNorth","Napranum",141.713638305664,-12.2316465377808,0.6,2.43,4.54,138.17,69.01,363.27,56.29,32.87,117.24
"QLDNorth","Cook",143.099227905273,-12.2135963439941,0.6,2.29,3.03,30223.95,7792.62,190039.96,635.24,260.27,2180.48
"NT","Litchfield",130.992370605469,-12.1579141616821,0.6,4.51,3.88,638.92,277,1972.95,1804.37,680.79,6735.51
"NT","Litchfield",131.153396606445,-12.1661376953125,0.6,4.47,4.59,3267.81,1126.54,13867.55,142.33,70.15,383.06
"NT","Unincorporated NT",131.233428955078,-12.1843738555908,0.6,4.46,4.83,3748.87,1278.9,16078.33,5035.35,1537.65,26054.24
"NT","Unincorporated NT",131.357284545898,-12.1176900863647,0.6,4.45,5.06,6396.4,1964.17,32196.89,9054.82,2549.78,52405.09
"NT","West Arnhem",132.228332519531,-12.1744031906128,0.6,4.44,4.82,13403.67,3787.14,74999.07,2191.09,734.01,10100.34
"NT","West Arnhem",132.27033996582,-12.1444568634033,0.6,4.44,4.74,13701.53,3912.98,75055.79,6330.81,1848.88,35088.45
"NT","West Arnhem",132.337219238281,-12.1548480987549,0.6,4.44,4.73,15608.12,4408.89,86523.31,4966.4,1494.92,26449.29
"NT","West Arnhem",132.359786987305,-12.1572351455688,0.6,4.42,4.9,78534.27,18641.85,541521.11,33.53,20.45,66.72
"NT","West Arnhem",132.430633544922,-12.1582050323486,0.6,4.43,4.62,37566.4,9730.08,231135.51,55.6,31.4,123.51
"NT","East Arnhem",134.950958251953,-12.1458263397217,0.6,2.64,2.4,786.89,313.38,2807.39,61.77,34.68,137.74
"NT","East Arnhem",135.274459838867,-12.1687259674072,0.6,2.66,2.31,412.06,181.16,1276.1,93.92,50.06,224.3
"NT","East Arnhem",135.686782836914,-12.1477298736572,0.6,2.66,2.96,376.45,162.53,1215.21,27.68,17.14,54.31
"NT","East Arnhem",135.699523925781,-12.1348676681519,0.6,2.66,2.98,386.62,166.36,1253.61,24.23,15.27,46.39
"NT","East Arnhem",135.855804443359,-12.1677484512329,0.6,2.66,3.05,458.77,195.42,1497.17,22.59,14.35,42.9
"NT","East Arnhem",135.897903442383,-12.1618242263794,0.6,2.66,2.91,425.01,183.09,1365.03,56.43,32.12,123.34
"NT","East Arnhem",135.946105957031,-12.149995803833,0.6,2.66,2.85,443.2,190.59,1423.88,14.83,10.13,25.21
"NT","East Arnhem",136.159606933594,-12.1591968536377,0.6,2.66,2.75,434.58,188.73,1372.29,21.83,14.19,39.69
"NT","East Arnhem",136.60107421875,-12.1814622879028,0.6,2.63,2.95,1074.23,409.75,4068.1,38.86,23.32,78.94
"NT","East Arnhem",136.733840942383,-12.1676731109619,0.6,2.63,3.02,1103.83,421.65,4160.51,28.91,17.82,57.07
"NT","East Arnhem",136.786148071289,-12.1561899185181,0.6,2.64,3.61,805.42,319.53,2889.68,22.04,14.4,39.66
"NT","East Arnhem",136.828033447266,-12.1474151611328,0.6,2.64,3.44,831.03,332.68,2924.4,34615.99,8567.75,232692.81
"QLDNorth","Mapoon",141.757308959961,-12.1580944061279,0.6,2.44,4.4,124.33,62.99,320.56,87.26,48.47,193.84
"QLDNorth","Cook",143.101211547852,-12.1522407531738,0.6,2.29,3.29,25390.13,6723.81,153671.6,204.73,100.72,538.53
"NT","Unincorporated NT",131.005920410156,-12.1143760681152,0.6,4.47,4.1,2690.58,981.45,10424.19,576.94,243.88,1879.32
"NT","Unincorporated NT",131.051452636719,-12.1018924713135,0.6,4.46,4.48,5780.33,1822.44,27886.79,1070.01,403.68,4139.75
"NT","Unincorporated NT",131.092559814453,-12.0813102722168,0.6,4.46,4.58,4656.25,1506.55,21715.83,148.03,72.64,400.66
"NT","Unincorporated NT",131.246597290039,-12.1323003768921,0.6,4.46,5.41,4111.4,1384.74,17947.78,207.32,99.44,571.51
"NT","Unincorporated NT",131.364242553711,-12.101393699646,0.6,4.45,5.62,7005.64,2130.28,35695.44,195.08,94.79,527.04
"NT","West Arnhem",132.488006591797,-12.1299524307251,0.6,4.43,4.94,27370.19,7336.66,161277.97,182.05,89.46,483.76
"NT","West Arnhem",132.530609130859,-12.1093482971191,0.6,4.43,4.96,46786.76,11762.39,299870.6,166.39,82.57,436.75
"NT","West Arnhem",132.583312988281,-12.1053695678711,0.6,4.43,4.69,44265.99,11431.68,271188.34,35.91,21.69,72.47
"NT","West Arnhem",132.637435913086,-12.0965223312378,0.6,4.43,4.27,48738.79,12631.81,295081.69,151.1,74.86,400.71
"NT","East Arnhem",134.950317382812,-12.1034984588623,0.6,2.63,2.29,971.32,376.28,3597.58,33.97,20.33,70.13
"NT","East Arnhem",135.318801879883,-12.110463142395,0.6,2.66,2.28,477.82,207.1,1504.24,47.17,27.49,99.84
"NT","East Arnhem",135.761627197266,-12.0824356079102,0.6,2.66,2.64,402.48,172.7,1307.97,20.14,13.1,36.76
"NT","East Arnhem",136.12760925293,-12.083664894104,0.6,2.65,3.03,515.01,218.53,1678.93,21.43,14.06,38.29
"NT","East Arnhem",136.58869934082,-12.1013021469116,0.6,2.63,3.5,1114.71,421.51,4280.59,3448.74,1132.29,15974.4
"QLDNorth","Mapoon",141.770416259766,-12.1294441223145,0.6,2.44,3.65,116.39,59.56,295.83,87.95,46.98,210.16
"QLDNorth","Cook",143.139129638672,-12.0931539535522,0.6,2.29,3,24133.26,6431.16,144855.31,94.21,49.15,234.46
"NT","Unincorporated NT",131.270263671875,-12.0644159317017,0.6,4.46,5.24,4902.81,1630.97,21655.1,6942.12,2099.31,35763.02
"NT","Unincorporated NT",131.307174682617,-12.0514507293701,0.6,4.45,5.26,8822.14,2619.71,46266.4,18.89,12.15,35.49
"NT","West Arnhem",132.623382568359,-12.0515365600586,0.6,4.43,4,22999.12,6450.75,126170.66,61.15,33.42,143.86
"NT","West Arnhem",134.370147705078,-12.0470180511475,0.6,2.61,3.04,2536.9,843.27,11738.19,59.8,32.81,139.86
"NT","West Arnhem",134.421295166016,-12.060338973999,0.6,2.61,3.27,2197.63,744.93,9898.78,31.31,18.84,64.35
"NT","West Arnhem",134.468276977539,-12.0629529953003,0.6,2.62,3.28,1905.08,657.99,8366.01,32.82,19.68,67.69
"NT","West Arnhem",134.524398803711,-12.0610952377319,0.6,2.62,3.69,1668.83,586.17,7166.15,29.11,18.11,56.38
"NT","West Arnhem",134.58024597168,-12.052583694458,0.6,2.62,3.21,1551.53,549.85,6585.1,153.89,76.19,408.09
"NT","East Arnhem",134.945770263672,-12.0735340118408,0.6,2.64,2.78,803.16,320.22,2855.01,131.49,66.47,339.04
"NT","East Arnhem",135.373519897461,-12.0797023773193,0.6,2.66,2.91,478.73,208.08,1499,73.57,40.68,166.67
"NT","East Arnhem",135.420715332031,-12.078875541687,0.6,2.65,2.21,518.72,221.46,1670.71,77.74,41.4,188.72
"NT","East Arnhem",135.498672485352,-12.0264129638672,0.6,2.65,2.32,548.95,233.01,1780.48,41.61,24.62,86.39
"NT","East Arnhem",135.816177368164,-12.0222206115723,0.6,2.66,2.82,413.47,177.25,1343.42,14.75,9.97,25.61
"NT","East Arnhem",136.111434936523,-12.0630779266357,0.6,2.64,3.12,715.64,286.72,2541.74,20.41,13.55,35.84
"NT","East Arnhem",136.56086730957,-12.0609130859375,0.6,2.63,3.25,1050.62,399.72,4004.74,29343.14,7411.54,192032.36
"QLDNorth","Mapoon",141.803771972656,-12.0563097000122,0.6,2.44,3.82,109.35,56.5,274.03,6647.37,2006.52,34465.6
"QLDNorth","Cook",143.156799316406,-12.0544710159302,0.6,2.29,2.73,24074.84,6413.3,144621.62,90.74,46.15,238.33
"NT","West Arnhem",132.620742797852,-11.9969520568848,0.6,4.44,3.75,15402.9,4427.51,82773.83,287.43,124.04,949.8
"NT","West Arnhem",134.184463500977,-11.9982357025146,0.6,2.61,2.84,3008.24,974.04,14454.82,234.13,106.69,706.17
"NT","West Arnhem",134.250152587891,-12.0107345581055,0.6,2.61,3.41,2985.57,965.38,14392.24,31.06,18.84,62.91
"NT","West Arnhem",134.316650390625,-12.0093860626221,0.6,2.61,3.52,2997.84,977.8,14206.27,29.67,18.46,57.36
"NT","West Arnhem",134.649963378906,-12.0148496627808,0.6,2.62,3.15,1664.31,582.52,7197.46,73.73,40.92,165.89
"NT","East Arnhem",134.843780517578,-12.0023307800293,0.6,2.62,3.11,1901.05,671.35,8000.68,74.07,40.93,167.92
"NT","East Arnhem",134.901092529297,-12.0129470825195,0.6,2.62,2.35,1500.77,549.38,5999.88,77.59,41.34,188.19
"NT","East Arnhem",135.511871337891,-12.0182876586914,0.6,2.65,2.2,549.11,233.17,1779.68,56.51,32.03,124.52
"NT","East Arnhem",135.835510253906,-12.0029325485229,0.6,2.66,2.62,428.96,182.92,1404.19,25.95,15.99,51.68
"NT","East Arnhem",136.157913208008,-12.0233201980591,0.6,2.66,3.11,434.32,189.15,1364.17,23.01,15.06,41.17
"NT","East Arnhem",136.545349121094,-12.0239019393921,0.6,2.63,3.18,1045.88,397.12,4003.41,38332.98,9526,254064.55
"QLDNorth","Mapoon",141.819412231445,-12.0283946990967,0.6,2.45,3.87,103.8,54.04,257.41,2650.94,933.28,10968.63
"QLDNorth","Cook",143.176895141602,-12.0172853469849,0.6,2.29,3.37,23280.79,6212.39,139708.9,238.48,112.01,677.4
"NT","Tiwi Islands",130.948303222656,-11.9423351287842,0.6,4.47,4.47,3357.47,1200.1,13319.13,6663.91,2045.66,33470.6
"NT","Tiwi Islands",130.982147216797,-11.933723449707,0.6,4.46,4.19,5710.56,1795.89,27702.38,76.89,40.04,195.46
"NT","West Arnhem",132.631072998047,-11.9484176635742,0.6,4.44,4.24,17996.88,5090.04,98667.87,48.16,27.64,104.9
"NT","West Arnhem",134.210144042969,-11.9517621994019,0.6,2.6,3.22,3885.72,1237.98,18895.06,64.09,35.69,144.78
"NT","West Arnhem",134.68896484375,-11.9589719772339,0.6,2.61,3.12,2459.2,828.02,11126.09,57.07,32.49,124.63
"NT","West Arnhem",134.740509033203,-11.9548368453979,0.6,2.61,3.39,2400.96,811.31,10807.54,29.87,18.73,56.84
"NT","East Arnhem",134.776611328125,-11.9581813812256,0.6,2.61,3.23,2869,953.99,13144.64,37.32,22.72,73.96
"NT","East Arnhem",135.581314086914,-11.9595603942871,0.6,2.65,2.17,601.25,253.61,1960.92,70.48,38.03,168.03
"NT","East Arnhem",135.61979675293,-11.9580116271973,0.6,2.65,2.4,565.83,241.28,1815.65,33.62,20.43,67.35
"NT","East Arnhem",135.849609375,-11.9655447006226,0.6,2.67,2.87,352.61,154.14,1116.72,57.36,32.58,125.77
"NT","East Arnhem",136.203155517578,-12.0004482269287,0.6,2.66,2.81,471.72,203.07,1505.75,89.01,47.72,210.99
"NT","East Arnhem",136.275833129883,-11.9708499908447,0.6,2.65,2.76,589.83,246.63,1958.24,113.64,59.23,279.29
"NT","East Arnhem",136.313903808594,-11.9524831771851,0.6,2.65,2.69,655.26,270.17,2217.54,47.08,26.57,106.25
"NT","East Arnhem",136.343872070312,-11.947639465332,0.6,2.64,3.1,731.19,296.32,2536.93,27.38,17.48,50.65
"NT","East Arnhem",136.528594970703,-11.9510841369629,0.6,2.63,3.41,1044.51,395.3,4023.89,24.72,16.03,44.76
"QLDNorth","Mapoon",141.865600585938,-11.9639463424683,0.6,2.45,3.06,92.2,48.84,223.08,6043.96,1868.89,30145.1
"QLDNorth","Mapoon",141.897277832031,-11.9500980377197,0.6,2.46,3.98,84.02,45.01,200.31,704.84,298.89,2252.69
"QLDNorth","Cook",143.157455444336,-11.9466142654419,0.6,2.29,3.69,32815.77,8259.4,214585.87,503.74,232.3,1411.55
"NT","Tiwi Islands",130.504669189453,-11.8403720855713,0.6,4.48,4.73,2067.55,762.36,7981.41,617.87,277.8,1790.76
"NT","Tiwi Islands",130.807876586914,-11.8504104614258,0.6,4.5,4.6,908.99,389.35,2810.74,483.23,221.69,1369.88
"NT","Tiwi Islands",130.874359130859,-11.8713722229004,0.6,4.49,3.87,1051.36,440.56,3352.9,1057.45,415.43,3791.75
"NT","Tiwi Islands",130.89582824707,-11.8893566131592,0.6,4.49,4.16,1106.27,460.13,3565.07,5560.31,1756.58,26794.35
"NT","Tiwi Islands",131.043060302734,-11.8865613937378,0.6,4.46,4.1,4553.47,1469.24,21377.85,144.66,69.64,407.4
"NT","West Arnhem",132.639907836914,-11.9028997421265,0.6,4.44,4.13,18111.66,5073.29,101017.58,35.58,20.78,76.8
"NT","West Arnhem",133.896774291992,-11.9072465896606,0.6,2.61,3.28,2593.88,891.95,11231.2,41.42,23.76,91.47
"NT","West Arnhem",133.951324462891,-11.9031887054443,0.6,2.61,3.42,2882.53,978.07,12705.32,87.43,47.36,203.49
"NT","West Arnhem",134.137069702148,-11.9051790237427,0.6,2.6,3.43,4881.11,1525.55,24216.79,55.79,32.27,118.38
"NT","East Arnhem",135.756454467773,-11.911205291748,0.6,2.65,2.25,555.01,238.06,1763.8,96.38,50.52,237.22
"NT","East Arnhem",135.790130615234,-11.9003629684448,0.6,2.65,1.96,539.33,231.83,1710.47,90.26,48.04,216.7
"NT","East Arnhem",136.375,-11.9009981155396,0.6,2.64,3.14,764.38,309.53,2647.64,25.68,16.56,46.84
"NT","East Arnhem",136.528915405273,-11.9165210723877,0.6,2.63,3.49,1074.21,412,4025.68,4582.97,1489.66,21214.73
"QLDNorth","Mapoon",141.884399414062,-11.946722984314,0.6,2.46,3.19,87.53,46.67,210.02,3698.19,1231.48,16600.56
"QLDNorth","Cook",142.948287963867,-11.8973693847656,0.6,2.29,2.57,32951.8,8076.64,226337.51,4351.34,1421.58,20021.44
"QLDNorth","Cook",142.998092651367,-11.9294691085815,0.6,2.29,2.51,33721.19,8247.5,232189.9,6398.45,1979.94,31747.78
"QLDNorth","Cook",143.058807373047,-11.9179401397705,0.6,2.28,3.21,39068.26,9401.72,274535.22,63.02,35.77,137.44
"QLDNorth","Cook",143.106872558594,-11.8990879058838,0.6,2.28,3.09,37030.34,9085,251904.79,475.15,205.36,1504.55
"NT","Tiwi Islands",130.048980712891,-11.8261213302612,0.6,4.45,4.91,7635.94,2391.3,36643.42,971.2,381.94,3495.88
"NT","Tiwi Islands",130.108581542969,-11.8302373886108,0.6,4.46,4.8,6094.45,1928.06,29115.85,1044.41,410.09,3751.69
"NT","Tiwi Islands",130.145629882812,-11.8264837265015,0.6,4.45,4.77,8734.37,2605.19,45459.44,837.69,341.13,2853.23
"NT","Tiwi Islands",130.204071044922,-11.8116674423218,0.6,4.46,4.69,4621.89,1493.92,21606.94,1129.05,443.19,4037.14
"NT","Tiwi Islands",130.259338378906,-11.7950744628906,0.6,4.46,4.69,4376.27,1420.18,20381.69,1093.86,434.99,3826.3
"NT","Tiwi Islands",130.300674438477,-11.7818832397461,0.6,4.46,4.69,4132.03,1351.25,19043.72,844.71,349.16,2797.27
"NT","Tiwi Islands",130.386657714844,-11.8054189682007,0.6,4.47,4.78,3496.67,1176.28,15458.93,626.76,272.49,1927.78
"NT","Tiwi Islands",130.427810668945,-11.8165292739868,0.6,4.47,4.77,2934.28,1016.02,12437.48,456.38,208.74,1305.01
"NT","Tiwi Islands",130.578720092773,-11.8289165496826,0.6,4.48,4.97,1657.22,635.44,6038.31,88.84,47.94,208.06
"NT","Tiwi Islands",130.612777709961,-11.8281364440918,0.6,4.49,4.64,1266.8,506.7,4344.82,438.94,204.15,1220.78
"NT","Tiwi Islands",130.671371459961,-11.8170099258423,0.6,4.5,3.55,1012.21,420.74,3282.07,3517.87,1178.9,15657.36
"NT","Tiwi Islands",130.750625610352,-11.8247766494751,0.6,4.5,3.5,1019.69,423.87,3304.61,2724.6,952.64,11397.4
"NT","Tiwi Islands",131.106369018555,-11.8367681503296,0.6,4.46,5.48,4989.37,1605.26,23407.34,109.71,59.45,251.32
"NT","Tiwi Islands",131.143173217773,-11.8116655349731,0.6,4.46,4.29,3766.77,1266.74,16581.72,195.88,90.01,589.86
"NT","West Arnhem",132.636825561523,-11.8432168960571,0.6,4.43,3.67,27042.98,7098.32,165700.81,247.94,110.15,782.86
"NT","West Arnhem",133.895065307617,-11.8185167312622,0.6,2.61,2.84,2482.3,855.65,10732.01,259.26,114.31,827.93
"NT","West Arnhem",134.007934570312,-11.8538293838501,0.6,2.61,2.88,3027.19,1028.96,13254.3,250.05,110.71,794.29
"NT","West Arnhem",134.056777954102,-11.8575630187988,0.6,2.6,3.14,3819.01,1253.39,17576.42,22.38,14.32,41.86
"NT","West Arnhem",134.068252563477,-11.8719110488892,0.6,2.6,2.56,4095.61,1325.79,19251,42.76,24.45,94.81
"NT","East Arnhem",136.417495727539,-11.8494110107422,0.6,2.63,3.11,1042.07,402.15,3868.13,30.02,18.96,56.38
"NT","East Arnhem",136.486282348633,-11.8582954406738,0.6,2.64,3.52,847.33,330.64,3126.15,4194.8,1379.67,19108.05
"QLDNorth","Cook",141.949020385742,-11.8594808578491,0.6,2.46,4.02,88.3,46.94,212.87,16.27,11.25,26.88
"QLDNorth","Cook",142.928421020508,-11.8899345397949,0.6,2.29,2.44,32434.83,7944.94,223292.49,4853.48,1522.68,23916.79
"NT","Tiwi Islands",130.022125244141,-11.793194770813,0.6,4.45,4.41,8938.49,2744.9,44026.48,6164.56,1862.71,32070.32
"NT","Tiwi Islands",131.195007324219,-11.7888441085815,0.6,4.46,5.54,5172.91,1669.56,24070.46,110.8,60.03,253.8
"NT","Tiwi Islands",131.240982055664,-11.7524433135986,0.6,4.46,4.34,6019.66,1885.64,29314.56,116.64,58.56,307.68
"NT","West Arnhem",132.578628540039,-11.7922096252441,0.6,4.44,3.73,12851.86,3820.89,65679.17,78.35,41.43,192.8
"NT","West Arnhem",133.577560424805,-11.8029184341431,0.6,4.45,4.99,7466.38,2236.61,38957.52,179.32,83.4,531.08
"NT","West Arnhem",133.653747558594,-11.8069162368774,0.6,4.45,5,7771.2,2306.95,41130.2,30.6,19.29,57.58
"NT","West Arnhem",133.939819335938,-11.7774648666382,0.6,2.61,3.18,3066.27,1044.79,13352.78,5624.82,1799.64,26455.32
"QLDNorth","Cook",141.964004516602,-11.8045377731323,0.6,2.45,3.31,92.34,48.78,224.62,116.02,60.56,283.96
"QLDNorth","Cook",142.860336303711,-11.7837772369385,0.6,2.29,2.32,32381.83,8003.41,219231.93,6316.84,1887.37,33514.69
"NT","Tiwi Islands",130.024185180664,-11.762095451355,0.6,4.44,5.56,13521.28,3748.06,78357.33,105.87,57.81,239.67
"NT","Tiwi Islands",131.293151855469,-11.7301988601685,0.6,4.45,4.19,7829.72,2352.92,40480.11,234.75,106.88,709.08
"NT","West Arnhem",132.543960571289,-11.7247705459595,0.6,4.44,3.28,12634.07,3754.32,64688.66,2269.92,743.48,10906.05
"NT","West Arnhem",133.370880126953,-11.7535991668701,0.6,4.45,4.76,8649.55,2562.29,45625.61,413.54,175.08,1376.72
"NT","West Arnhem",133.417953491211,-11.7414617538452,0.6,4.45,4.61,9674.82,2795.05,53082.61,1971.15,652.88,9372.73
"NT","West Arnhem",133.479400634766,-11.77942943573,0.6,4.45,4.89,8872.88,2594.02,47891.37,164.5,77.5,478.4
"NT","West Arnhem",133.531616210938,-11.7553157806396,0.6,4.45,4.92,8907.99,2604.15,48072.42,134.54,64.94,379.29
"NT","West Arnhem",133.672592163086,-11.7725067138672,0.6,4.45,5.12,7389.74,2221.41,38332.33,74.48,39.09,186.86
"NT","West Arnhem",133.738784790039,-11.7747716903687,0.6,2.59,3.14,6626.82,2024.31,33604.35,30.98,19.5,58.41
"NT","West Arnhem",133.928909301758,-11.7508583068848,0.6,2.61,3.28,2590.64,912.4,10727.64,3416.65,1174.48,14534.71
"QLDNorth","Cook",141.98078918457,-11.7673273086548,0.6,2.45,3.62,94.33,49.67,230.49,27.35,17.63,49.73
"QLDNorth","Cook",142.865814208984,-11.7535581588745,0.6,2.6,2.81,31250.93,7780.11,209226.84,311.23,135.24,1007.27
"NT","Tiwi Islands",130.065078735352,-11.6915130615234,0.6,4.44,5.22,15050.98,4053.79,91395.69,4576.02,1512.66,20535.2
"NT","Tiwi Islands",131.341598510742,-11.6812562942505,0.6,4.45,4.06,8606.53,2541.87,45671.02,349.54,154.64,1082.33
"NT","West Arnhem",132.489288330078,-11.6818885803223,0.6,4.44,3.45,11683.25,3486.78,59634.38,166.06,81.22,448.19
"NT","West Arnhem",133.152313232422,-11.6975011825562,0.6,4.47,4.86,3398.42,1197.15,13830.68,117.75,58.99,311.7
"NT","West Arnhem",133.199630737305,-11.7201299667358,0.6,4.47,4.91,3596.04,1251.51,14909.19,98.46,50.73,250.24
"NT","West Arnhem",133.273788452148,-11.7158880233765,0.6,4.46,5.58,3807.06,1314.41,15959.53,24.21,15.31,46.1
"NT","West Arnhem",133.319244384766,-11.6946496963501,0.6,4.46,5.61,3928.27,1357.23,16415.46,23.31,14.78,44.24
"NT","West Arnhem",133.797073364258,-11.7242794036865,0.6,2.6,3.21,4937.62,1574.4,23572.27,89.1,45.53,232.22
"NT","West Arnhem",133.842254638672,-11.7227993011475,0.6,2.6,2.81,3312.55,1121.36,14526.73,77.33,41.53,184.65
"NT","West Arnhem",133.917892456055,-11.7371520996094,0.6,2.61,3.09,2799.64,975.21,11772.28,33.35,20.22,67.13
"NT","East Arnhem",136.2080078125,-11.6966419219971,0.6,2.65,3.18,639.05,262.79,2177.45,32.03,20.09,60.65
"NT","East Arnhem",136.257858276367,-11.6989812850952,0.6,2.63,3.43,1020.72,394.89,3776.58,3095.63,1070.09,13116.75
"QLDNorth","Cook",142.005126953125,-11.7086973190308,0.6,2.45,3.45,99.8,52.07,247.17,37.73,23.13,73.74
"QLDNorth","Cook",142.867462158203,-11.6918067932129,0.6,2.6,2.82,28861.97,7293.79,188909.1,272.53,125.87,791.63
"NT","Tiwi Islands",130.095092773438,-11.669285774231,0.6,4.44,4.67,12391.37,3400.52,73631.39,384.61,162.23,1297.32
"NT","Tiwi Islands",130.187530517578,-11.6419429779053,0.6,4.44,4.39,12202.66,3339.48,72973.24,5468.55,1673.68,28005.22
"NT","Tiwi Islands",131.36328125,-11.63694190979,0.6,4.45,5.3,10201.86,2936.05,56173.52,5098.21,1657.93,23416.3
"NT","Tiwi Islands",131.425994873047,-11.6168279647827,0.6,4.44,4.19,12651.07,3547.35,72079.07,252.94,118.27,721.43
"NT","West Arnhem",132.486053466797,-11.6637868881226,0.6,4.44,3.82,14568.53,4215.19,77625.31,78.34,42.89,180.12
"NT","West Arnhem",133.131576538086,-11.656457901001,0.6,4.47,5.19,3327.65,1178.23,13434.73,26.95,16.75,52.63
"NT","East Arnhem",136.146011352539,-11.65256690979,0.6,2.63,2.86,1162.91,443.78,4375.23,41.75,25.11,83.98
"NT","East Arnhem",136.329177856445,-11.6450710296631,0.6,2.63,3.52,1148.75,439.3,4308.39,1624.31,604.86,6253.81
"QLDNorth","Cook",142.021499633789,-11.6523866653442,0.6,2.45,2.9,103.2,53.56,257.53,2963.3,949.7,14542.85
"QLDNorth","Cook",142.864364624023,-11.6457834243774,0.6,2.6,2.47,24581.91,6392.82,154168.04,358.94,155.42,1156.4
"NT","Tiwi Islands",130.177734375,-11.5661220550537,0.6,4.45,5.7,11145.17,3104.12,64880.98,116.54,62.56,270.59
"NT","Tiwi Islands",131.474838256836,-11.591402053833,0.6,4.45,4.38,10163.01,2945.11,55255.74,258.41,121.1,732.82
"NT","West Arnhem",132.535293579102,-11.5826101303101,0.6,4.43,4.31,26009.08,7150.45,146854.9,45.83,27.15,94.22
"NT","West Arnhem",133.107482910156,-11.6077547073364,0.6,4.47,5.37,3465.97,1219.94,14110.06,252.31,120.09,696.11
"NT","East Arnhem",136.166854858398,-11.6174325942993,0.6,2.63,2.41,945.9,381.31,3256.9,48,28.27,99.47
"NT","East Arnhem",136.295028686523,-11.5613565444946,0.6,2.63,2.95,1109.22,439.34,3905.2,1001.34,397.29,3537.9
"QLDNorth","Cook",142.02815246582,-11.6156911849976,0.6,2.86,3.57,104.83,54.31,262.24,94.77,50.79,223.85
"QLDNorth","Cook",142.85791015625,-11.5837736129761,0.6,2.6,2.25,21382.98,5690.76,129662.84,355.93,155.72,1124.6
"NT","Tiwi Islands",130.175399780273,-11.5458192825317,0.6,4.44,4.62,13696.59,3687.07,83815.59,2157.6,787.82,8457.28
"NT","Tiwi Islands",131.528823852539,-11.4797439575195,0.6,4.45,5.13,9565.36,2815.23,50729.29,9006.26,2694.06,46530.15
"NT","West Arnhem",132.061462402344,-11.5261945724487,0.6,4.44,4.98,21122.96,5668.77,126219.3,2668.84,936.31,11109.42
"NT","West Arnhem",132.103866577148,-11.5351600646973,0.6,4.44,5.38,16968.52,4721.58,96192.68,925.53,376.13,3143.87
"NT","West Arnhem",132.143127441406,-11.5230531692505,0.6,4.44,5.06,13379.34,3734.96,76572.62,868.4,357.02,2899.45
"NT","West Arnhem",132.500518798828,-11.5184679031372,0.6,4.44,3.32,14793.1,4370.29,75838.33,242.64,115.23,674.08
"NT","West Arnhem",132.523147583008,-11.5400514602661,0.6,4.44,4.7,14998.52,4467.43,75710.81,21.89,14.3,39.4
"NT","West Arnhem",133.083114624023,-11.5242862701416,0.6,4.47,5.08,3352,1184.7,13571.74,49.83,29.21,103.9
"NT","East Arnhem",136.244705200195,-11.5727081298828,0.6,2.63,3.02,1091.84,433.02,3838.6,652.94,274.63,2128.93
"QLDNorth","Cook",142.047119140625,-11.5551748275757,0.6,2.86,3.62,107.59,55.57,270.19,74.73,41.39,168.58
"QLDNorth","Cook",142.848205566406,-11.5669078826904,0.6,2.6,2.63,20329.95,5464.92,121412.33,604.56,259.96,1901.77
"NT","Tiwi Islands",130.161422729492,-11.4907732009888,0.6,4.44,5.14,12928.15,3525.15,77526.73,8297.37,2559.82,40711.82
"NT","West Arnhem",132.029327392578,-11.4781379699707,0.6,4.43,5.4,24714.69,6463.74,153331.69,1157.5,459.64,4045.01
"NT","West Arnhem",132.208831787109,-11.4825410842896,0.6,4.43,4.71,27303.51,7168.99,167098.25,1485.1,576.21,5331.49
"NT","West Arnhem",132.270492553711,-11.4668083190918,0.6,4.44,4.65,22622.29,6150.75,131414.61,4121.71,1410.11,17483.51
"NT","West Arnhem",132.31298828125,-11.4683017730713,0.6,4.44,4.63,21216.35,5845.29,120786.08,5213.73,1706.89,23620.69
"NT","West Arnhem",132.383819580078,-11.4549140930176,0.6,4.44,3.39,17729.36,5024.16,96945.38,239.71,114.32,661.23
"NT","West Arnhem",132.426971435547,-11.4597721099854,0.6,4.44,3.72,17844.44,5110.63,95684.85,45.12,26.88,91.87
"NT","West Arnhem",133.073486328125,-11.5122003555298,0.6,4.47,5.72,3367.49,1190.06,13632.93,562.42,242.38,1770.14
"QLDNorth","Cook",142.073867797852,-11.4911956787109,0.6,2.85,4.22,113.28,58.01,288.06,13.79,9.67,22.44
"QLDNorth","Cook",142.845962524414,-11.4972276687622,0.6,2.61,2.12,15812.1,4439.55,88561.98,209.63,100.33,579.91
"NT","Tiwi Islands",130.16975402832,-11.4444332122803,0.6,4.43,4.81,27133.33,6569.7,193406.12,212.44,104.45,558.15
"NT","Tiwi Islands",131.536544799805,-11.436595916748,0.6,4.45,4.92,10678.85,3102.09,57608.6,330.77,150.35,976.74
"NT","West Arnhem",131.9990234375,-11.4327774047852,0.6,4.43,4.33,25994.33,6757.57,162545.38,180.04,88.35,480.08
"NT","West Arnhem",132.640228271484,-11.4434223175049,0.6,4.45,4.94,6460.51,2101.29,29235.85,280.25,127.72,833.3
"NT","West Arnhem",132.780090332031,-11.4485273361206,0.6,4.45,5.2,7733.03,2467.29,35847.99,45.34,27.01,92.36
"NT","West Arnhem",133.023818969727,-11.4552783966064,0.6,4.47,5.65,3272.1,1160.37,13186.37,1348.75,517.83,4966.8
"QLDNorth","Cook",142.083679199219,-11.4627676010132,0.6,2.85,3.56,116.26,59.32,297.19,57.75,33.17,123.86
"QLDNorth","Cook",142.857482910156,-11.4085350036621,0.6,2.61,2.38,13442.88,3854.18,73198.66,36.96,22.25,74.87
"NT","Tiwi Islands",130.230453491211,-11.3935594558716,0.6,4.43,4.68,29808.56,7433.48,199582.86,138.88,71.52,344.28
"NT","Tiwi Islands",131.521224975586,-11.3907089233398,0.6,4.45,5.38,8703.69,2578.41,45889.17,179.19,89.56,461.78
"NT","West Arnhem",131.914978027344,-11.3621482849121,0.6,4.44,4.51,21530.29,5724.05,130747.3,388.68,174.95,1156.18
"NT","West Arnhem",131.947036743164,-11.3853130340576,0.6,4.44,4.54,21436.2,5667.71,131553.02,161.06,79.56,427.47
"NT","West Arnhem",132.613983154297,-11.3998851776123,0.6,4.45,4.87,6512.54,2092.41,30119.07,299.43,138.72,858.99
"NT","West Arnhem",132.787384033203,-11.3777360916138,0.6,4.45,5.08,6349.51,2077.64,28452.64,36.17,21.67,74.08
"NT","West Arnhem",132.997406005859,-11.4216756820679,0.6,4.47,5.15,3601.78,1257.94,14836.42,42.22,24.43,91.41
"NT","East Arnhem",136.597122192383,-11.4216785430908,0.6,2.63,3.15,1261.58,469.69,4945.75,67.7,37.81,151.44
"NT","East Arnhem",136.640731811523,-11.3713369369507,0.6,2.63,3.89,1214.51,458.67,4646.12,590.85,256.3,1831.61
"QLDNorth","Cook",142.103149414062,-11.401725769043,0.6,2.85,3.61,121.69,61.63,314.41,40.76,24.61,81.5
"QLDNorth","Cook",142.872909545898,-11.3809547424316,0.6,2.61,2.72,13017.01,3725.12,71270.92,70.32,39.36,156.18
"NT","Tiwi Islands",130.261825561523,-11.3385334014893,0.6,4.43,4.69,29905.74,7275.79,209736.68,237.27,109.37,698.99
"NT","Tiwi Islands",130.316619873047,-11.3294315338135,0.6,4.43,4.84,26645.66,6499.42,187514.53,97.29,50.7,242.03
"NT","Tiwi Islands",130.640731811523,-11.3504152297974,0.6,4.43,4.47,23581.42,6253.18,143044.22,8467.03,2598.08,41904.57
"NT","Tiwi Islands",130.66682434082,-11.3222599029541,0.6,4.44,4.47,21365.9,5755.74,126688.93,8011.72,2479.75,39162.36
"NT","Tiwi Islands",130.746994018555,-11.371994972229,0.6,4.44,4.82,20304.7,5547.42,117699.39,196.34,92.87,558.27
"NT","Tiwi Islands",130.799591064453,-11.3583660125732,0.6,4.44,4.48,18009.16,5034.13,100862.31,112.42,58.05,281.55
"NT","Tiwi Islands",130.853012084961,-11.3462705612183,0.6,4.44,4.86,16564.46,4702.81,90642.54,182,90.79,470.24
"NT","Tiwi Islands",131.466506958008,-11.3359422683716,0.6,4.44,5,11738.3,3308.38,66575.76,368.26,167.57,1077.36
"NT","West Arnhem",131.836776733398,-11.317587852478,0.6,4.44,4.52,16791.86,4652.8,95996.1,328.32,152.89,927.1
"NT","West Arnhem",132.599029541016,-11.3259267807007,0.6,4.45,4.75,6794.82,2165.94,31796.88,318.12,148.27,898.73
"NT","West Arnhem",132.863540649414,-11.3349733352661,0.6,4.46,4.87,5446.44,1833.51,23398.03,323.51,146.96,957.87
"NT","West Arnhem",132.894546508789,-11.3347940444946,0.6,4.46,5.64,5438.68,1813.17,23779.08,64.53,36.52,141.25
"NT","West Arnhem",132.923782348633,-11.3376379013062,0.6,4.46,4.85,4420.97,1501.49,18923.01,130.65,65.35,343.98
"NT","East Arnhem",136.546264648438,-11.3306303024292,0.6,2.64,2.56,752.37,313.84,2468.19,53.9,31.26,114.09
"NT","East Arnhem",136.668273925781,-11.3229780197144,0.6,2.62,3.8,1631.52,594.89,6532.78,1097.73,437.31,3826.23
"QLDNorth","Cook",142.11637878418,-11.3324689865112,0.6,2.69,3.25,127.38,64.16,331.5,70.04,39.24,155.32
"QLDNorth","Cook",142.866561889648,-11.3505191802979,0.6,2.61,2.38,10701.95,3127.75,57077.88,373.81,163.04,1183.7
"NT","Tiwi Islands",130.331573486328,-11.3181953430176,0.6,4.43,4.83,28296.05,6857.83,200702.33,66.96,36.93,153.52
"NT","Tiwi Islands",130.604202270508,-11.2962017059326,0.6,4.44,4.69,21406.38,5767.42,126882.03,385.13,165.48,1252.66
"NT","Tiwi Islands",130.89421081543,-11.3064479827881,0.6,4.44,5.16,15517.53,4475.66,82838.8,42.63,25.15,88.81
"NT","Tiwi Islands",130.929824829102,-11.3132572174072,0.6,4.44,5.18,14902.15,4325.31,78842.34,40.79,24.28,83.84
"NT","Tiwi Islands",131.039672851562,-11.3159465789795,0.6,4.44,4.94,17140.32,4881.54,93068.52,28.78,18.14,54.42
"NT","Tiwi Islands",131.068801879883,-11.3014717102051,0.6,4.44,5.54,18930.26,5307.17,105133.36,9.7,7.14,14.77
"NT","Tiwi Islands",131.445999145508,-11.2863349914551,0.6,4.45,5.41,9708.91,2839.49,52048.29,147.38,73.14,390.32
"NT","West Arnhem",131.79248046875,-11.2772884368896,0.6,4.44,6.14,12556.2,3524.76,71422.46,27.58,17.54,51.42
"NT","West Arnhem",132.623947143555,-11.2838859558105,0.6,4.45,5.08,7316.17,2315.25,34536.2,71.55,38.29,173.22
"NT","East Arnhem",136.548950195312,-11.2743463516235,0.6,2.61,2.55,2767,973.62,11428.46,55.81,32.18,119.16
"NT","East Arnhem",136.685302734375,-11.2800846099854,0.6,2.62,3.97,1473.04,542.16,5836.5,578.9,254.65,1751.5
"QLDNorth","Cook",142.119735717773,-11.2773599624634,0.6,2.69,3.31,129.54,65.14,337.74,51.1,29.89,106.78
"QLDNorth","Cook",142.825485229492,-11.2893285751343,0.6,2.62,2.85,8683.25,2601.51,44838,57.52,32.31,128.82
"NT","Tiwi Islands",130.358932495117,-11.2424116134644,0.6,4.43,4.6,28483.75,6963.96,198599.28,628.62,257.67,2157.65
"NT","Tiwi Islands",130.491439819336,-11.2524118423462,0.6,4.44,4.8,20908.2,5592.82,125776.86,99.35,52.14,243.4
"NT","Tiwi Islands",130.565307617188,-11.2675523757935,0.6,4.44,4.92,19427.96,5290.9,113600.72,54.3,31.13,117.42
"NT","Tiwi Islands",131.117950439453,-11.2520942687988,0.6,4.44,4.9,19676.95,5485.39,110151.12,68.1,37.85,153.66
"NT","Tiwi Islands",131.151779174805,-11.246729850769,0.6,4.43,5.07,23450.34,6347.53,137034.05,34.87,21.28,69.15
"NT","Tiwi Islands",131.356216430664,-11.2465591430664,0.6,4.44,4.89,17821.29,4901.49,102893.68,372.43,161.85,1187.97
"NT","Tiwi Islands",131.412414550781,-11.2522840499878,0.6,4.45,4.98,7656.22,2347.27,38195.24,453.66,200.51,1381.82
"NT","West Arnhem",131.811859130859,-11.2258338928223,0.6,4.44,6.24,17571.79,4700.43,106934.89,23.73,15.37,43.18
"NT","West Arnhem",132.621826171875,-11.2328500747681,0.6,4.45,5.6,7085.21,2263.43,32941.21,71.09,39.68,158.6
NA,"East Arnhem",136.545593261719,-11.2220897674561,0.6,2.61,2.83,3115.32,1082.64,13066.03,31.31,19.75,58.72
"NT","East Arnhem",136.631530761719,-11.1951751708984,0.6,2.64,3.38,890.89,365.94,2974.55,673.03,291.53,2075.14
"QLDNorth","Cook",142.114303588867,-11.2349643707275,0.6,2.69,3.59,131.33,66.05,341.96,29.58,18.43,57.02
"QLDNorth","Cook",142.792556762695,-11.2303142547607,0.6,2.62,2.88,8558.97,2563.83,44252.52,50.93,29.33,109.7
"NT","Tiwi Islands",130.368423461914,-11.1777906417847,0.6,4.44,4.98,13616.13,3931.41,73131.85,29.94,18.92,56.16
"NT","Tiwi Islands",130.446243286133,-11.1971912384033,0.6,4.44,5.32,19337.69,5197.08,115910.9,15.54,10.73,25.82
"NT","Tiwi Islands",131.247192382812,-11.1940431594849,0.6,4.43,5.15,31536.24,8310.1,190052.34,51.94,29.99,111.14
"NT","Tiwi Islands",131.261795043945,-11.1898603439331,0.6,4.43,6.06,26097.72,6990.36,154434.27,7.91,5.95,11.73
"NT","Tiwi Islands",131.299652099609,-11.2015371322632,0.6,4.44,6.01,20323.53,5490.36,120269.17,10.01,7.28,15.53
"NT","West Arnhem",131.825469970703,-11.2042093276978,0.6,4.44,5.72,20634.7,5322.91,132973.32,12.86,9.04,20.9
"NT","West Arnhem",131.895614624023,-11.1854572296143,0.6,4.44,5.02,12810.17,3589.23,73027.49,101.65,52.43,257.07
"NT","West Arnhem",131.960083007812,-11.1784086227417,0.6,4.44,4.6,13526.74,3783.81,77065.43,3082.27,1015.66,14293.21
"NT","West Arnhem",132.432769775391,-11.2089195251465,0.6,4.45,4.72,10319.65,3055.36,53863.14,296.78,136.63,861.99
"NT","West Arnhem",132.481201171875,-11.1749544143677,0.6,4.45,5.17,10474.29,3086.27,55104.83,60.01,34.05,131.41
"NT","West Arnhem",132.62825012207,-11.178165435791,0.6,4.45,5.94,9984.04,3032.33,49836.65,721.41,310.54,2240.21
"QLDNorth","Northern Peninsula Area",142.139755249023,-11.1726818084717,0.6,2.7,3.51,121.45,62.18,307.38,41.5,24.59,85.96
"QLDNorth","Cook",142.804824829102,-11.16344165802,0.6,2.62,2.79,8077.56,2441.75,41220.08,64.41,36.1,143.62
"NT","Tiwi Islands",130.380508422852,-11.1629219055176,0.6,4.43,5.07,23651.76,6221.35,145601.76,19.1,12.68,33.65
"NT","Tiwi Islands",130.402770996094,-11.1618366241455,0.6,4.44,4.98,16544.34,4532.43,96686.07,24.12,15.48,44.59
"NT","West Arnhem",132.001861572266,-11.1261157989502,0.6,4.44,5.24,15243.61,4197.67,88715.03,34.36,20.91,68.53
"NT","West Arnhem",132.022277832031,-11.146276473999,0.6,4.44,5.27,18417.68,4931.27,111532.46,30.85,19.1,60.05
"NT","West Arnhem",132.134811401367,-11.1272020339966,0.6,4.44,5.26,19459.31,5253.06,115635.05,30.82,19.06,60.11
"NT","West Arnhem",132.160491943359,-11.1263208389282,0.6,4.44,5.56,19102.17,5201.29,111851.79,20.13,13.24,35.98
"NT","West Arnhem",132.192352294922,-11.1309881210327,0.6,4.44,5.41,18478.75,5068.62,106973.31,29.51,18.39,56.91
"NT","West Arnhem",132.287612915039,-11.1635417938232,0.6,4.44,5.57,13497.05,3868.66,73511.46,22.77,14.73,41.66
"NT","West Arnhem",132.327835083008,-11.1182298660278,0.6,4.44,5.62,15747.55,4454.66,87018.49,21.75,14.16,39.42
"NT","West Arnhem",132.35627746582,-11.1436605453491,0.6,4.44,4.97,13693.83,3940.75,73971.19,382.41,169.91,1166.86
"NT","West Arnhem",132.478958129883,-11.1468286514282,0.6,4.45,5.18,9087.25,2740.28,46228.68,59.72,33.86,130.93
"NT","West Arnhem",132.615158081055,-11.129017829895,0.6,4.45,5.96,9582.37,2929.5,47381.94,714.19,308.8,2201.5
"QLDNorth","Northern Peninsula Area",142.14453125,-11.1362314224243,0.6,2.7,2.67,120.59,61.87,304.07,147.13,72.01,400.34
"QLDNorth","Cook",142.804168701172,-11.1530590057373,0.6,2.62,1.99,7638.87,2332.15,38411.35,511.15,225.73,1547.43
"NT","West Arnhem",132.472778320312,-11.0708351135254,0.6,4.44,5.17,13795.51,3973.71,74358.94,59.39,34.01,127.84
"NT","West Arnhem",132.603607177734,-11.0717344284058,0.6,4.45,6.11,10419.44,3124.6,53090.55,575.49,254.55,1724.53
"QLDNorth","Northern Peninsula Area",142.138977050781,-11.0583038330078,0.6,2.69,2.99,133.05,67.32,342.05,49.06,28.47,104.44
"QLDNorth","Cook",142.794006347656,-11.0856399536133,0.6,2.62,1.95,8865.94,2645.86,46052.58,834.79,343.91,2783.64
"NT","West Arnhem",132.465347290039,-11.0247783660889,0.6,4.44,5.23,19203.22,5383.05,106580.38,53.93,31.51,112.54
"NT","West Arnhem",132.588653564453,-11.0156278610229,0.6,4.44,6,12731.14,3698.78,67889.84,868.54,365.29,2782.02
"QLDNorth","Northern Peninsula Area",142.106628417969,-11.0066871643066,0.6,2.69,3.23,141.85,71.45,366.13,27.63,17.47,52.08
"QLDNorth","Cook",142.767959594727,-11.0458612442017,0.6,2.61,2.36,10301.12,3008.29,55156.28,106.54,55.75,261.15
"NT","West Arnhem",132.552230834961,-10.9911222457886,0.6,4.44,5.91,17218.96,4925.96,92714.21,1437.14,562.53,5087.46
"NT","West Arnhem",132.580017089844,-10.9708738327026,0.6,4.44,5.23,17220.3,4797.05,97327.04,76.64,42.71,170.61
"QLDNorth","Torres",142.747802734375,-10.9939432144165,0.6,2.61,2.23,12870.56,3646.76,71832.72,75.75,42.42,167.25
"QLDNorth","Torres",142.163955688477,-10.9213438034058,0.6,2.67,3.25,208.66,101.62,558.62,19.55,13.21,33.34
"QLDNorth","Torres",142.20703125,-10.9225664138794,0.6,2.67,3.06,193.57,95.64,506.95,31.06,19.73,57.54
"QLDNorth","Northern Peninsula Area",142.257568359375,-10.9082870483398,0.6,2.66,3.73,252.21,119.35,703.46,1047.7,422.27,3585.06
"QLDNorth","Northern Peninsula Area",142.328857421875,-10.8887453079224,0.6,2.7,3.18,309.85,141.72,908.32,22.24,14.76,38.84
"QLDNorth","Torres",142.614593505859,-10.8843431472778,0.6,2.61,2.75,12652.51,3621.55,69376.14,4817.65,1534.78,23076.56
"QLDNorth","Northern Peninsula Area",142.351898193359,-10.843563079834,0.6,2.7,2.73,301.11,139.19,867.11,190.99,94.38,500.59
"QLDNorth","Northern Peninsula Area",142.582778930664,-10.7971954345703,0.6,2.61,2.18,14632.61,4079.96,83432.13,70.16,39.62,153.3
"QLDNorth","Torres",142.13151550293,-10.7413988113403,0.6,2.74,2.87,229.24,110.65,620.13,80.25,44.7,178.3
"QLDNorth","Torres",142.15690612793,-10.7632503509521,0.6,2.66,2.78,235.71,113.65,637.68,89.18,48.65,204.51
"QLDNorth","Torres",142.220672607422,-10.7488708496094,0.6,2.67,3.07,213.28,105.1,557.82,24.12,15.73,43.29
"QLDNorth","Torres",142.267517089844,-10.7293510437012,0.6,2.66,3.5,260.5,123.29,724.75,2983.25,1025.93,12792.9
"QLDNorth","Torres",142.382995605469,-10.7556619644165,0.6,2.69,2.85,455.03,193.01,1498.04,100.63,53.93,236.59
"QLDNorth","Torres",142.619384765625,-10.7508888244629,0.6,2.61,2.28,13232.25,3727.94,74501.17,73.46,40.14,170.3
"QLDNorth","Torres",142.107070922852,-10.6979598999023,0.6,2.74,3.35,245.79,117.68,671.91,14.27,9.98,23.3
"QLDNorth","Torres",142.309005737305,-10.7149000167847,0.6,2.68,2.72,599.13,241.98,2123.56,202.86,99.68,535.1
"QLDNorth","Torres",142.383987426758,-10.7199859619141,0.6,2.7,3.06,303.32,134.36,947.24,812.81,309.64,3152.86
"QLDNorth","Torres",142.109359741211,-10.663722038269,0.6,2.74,3.48,259.49,123.82,711.3,86.96,46.2,210.19
"QLDNorth","Torres",142.31086730957,-10.6337766647339,0.6,2.67,3.57,775.91,321.53,2571.59,24.47,15.58,45.88
"QLDNorth","Torres",142.407257080078,-10.7049655914307,0.6,2.66,2.85,1308.39,501.03,4851.32,239.06,112.29,678.83
"QLDNorth","Torres",142.471893310547,-10.712628364563,0.6,2.66,3.11,1284.27,493.37,4739.48,78.1,42.09,185.14
"QLDNorth","Torres",142.525588989258,-10.6800050735474,0.6,2.66,2.72,1008.65,401.47,3540.91,69.1,39.38,148.59
"QLDNorth","Torres",142.587768554688,-10.7096462249756,0.6,2.66,3.19,1172.81,463.3,4134.47,638.39,254.99,2300.88
"QLDNorth","Torres",142.120346069336,-10.6408967971802,0.6,2.74,3.58,262.99,125.5,720.09,44.4,26.79,88.45
"QLDNorth","Torres",142.314498901367,-10.5469722747803,0.6,2.65,3.11,1385.36,527.3,5175.24,43.11,26.46,83.34
"QLDNorth","Torres",142.284072875977,-10.5262041091919,0.6,2.65,2.99,1342.46,497.17,5291.96,238.04,109.59,702.8
"QLDNorth","Torres Strait Island",142.221115112305,-10.2406320571899,0.6,2.65,3.14,2155.6,724.81,9877.44,384.53,166.56,1231.3
"QLDNorth","Torres Strait Island",142.277725219727,-10.2656869888306,0.6,2.68,3.72,915.42,352.03,3453.63,2880.3,935.17,13812.93
"QLDNorth","Torres Strait Island",142.28288269043,-10.2629451751709,0.6,2.68,3.23,886.03,344.65,3278.03,33.31,21.21,61.2
"QLDNorth","Torres Strait Island",142.336441040039,-10.2043075561523,0.6,2.66,2.65,1515.66,570.47,5746.75,144.88,75.66,349
"QLDNorth","Torres Strait Island",142.126220703125,-10.1826858520508,0.6,2.69,3.8,539.27,241.15,1590.42,2670.32,880.25,12507.45
"QLDNorth","Torres",142.147506713867,-10.1988859176636,0.6,2.69,3.17,612.21,265.87,1889.55,57.19,33.88,115.87
"QLDNorth","Torres Strait Island",142.348922729492,-10.1783800125122,0.6,2.66,3.49,1780.85,660.59,6864.32,2648.94,873.08,12418.06
"QLDNorth","Torres Strait Island",142.08576965332,-10.1318025588989,0.6,2.69,3.19,632.98,278.93,1898.95,50.66,30.55,100.09
"QLDNorth","Torres Strait Island",142.346786499023,-10.1685905456543,0.6,2.66,3.21,1844.27,679.8,7176.29,167.33,82.82,441.32
"QLDNorth","Torres Strait Island",142.08219909668,-10.109902381897,0.6,2.69,3.24,672,294.53,2028.61,366.85,161.84,1138.17
"QLDNorth","Torres Strait Island",142.26741027832,-10.1153011322021,0.6,2.68,2.95,705.21,299.05,2253.72,59.54,35.22,120.72
"QLDNorth","Torres Strait Island",142.302734375,-10.1241130828857,0.6,2.67,3.23,1045.69,416.73,3653.8,47.2,28.63,92.75
"QLDNorth","Torres Strait Island",142.120590209961,-10.0592012405396,0.6,2.67,3.43,1032.84,409.4,3648.07,55.22,32.6,112.85
"QLDNorth","Torres Strait Island",142.168380737305,-10.0498027801514,0.6,2.66,2.18,1436.32,517.06,5948.89,29.85,18.62,57.37
"QLDNorth","Torres Strait Island",142.183883666992,-10.0605993270874,0.6,2.68,3.75,968,374.75,3590.64,25.01,15.82,47.48
