"state","lga","longitude","latitude","SLR","SWL_AEPPC","MTWL_AEPPC","SWL_MFSLR_50","SWL_MFSLR_10","SWL_MFSLR_90","MTWL_MFSLR_50","MTWL_MFSLR_10","MTWL_MFSLR_90"
"WANorth","Broome",122.211631774902,-18.0006217956543,0.54,5.66,2.2,120.99,64.85,281.11,21.25,13.9,38.27
"NT","East Arnhem",136.368728637695,-13.844162940979,0.54,2.07,3.97,75.81,41.67,173.4,18.13,12,32.27
"QLDNorth","Townsville",147.064956665039,-19.2769813537598,0.54,2.68,4.06,757.26,315.93,2482.48,21.88,14.38,38.93
"QLDNorth","Livingstone",150.762512207031,-23.1382923126221,0.54,3.32,2.09,345.82,159.49,990.87,40.72,24.74,80.52
"NSW","Wollongong",150.916046142578,-34.4743537902832,0.54,1.85,2.38,1416.33,576.59,4677.15,432.56,188.09,1363.05
"VIC","Surf Coast",143.978164672852,-38.5659713745117,0.54,2.06,3.22,1143.6,443.22,4183.74,37.69,23.4,71.94
"SA","Onkaparinga",138.461669921875,-35.1174468994141,0.54,2.71,4.45,250.88,120.08,685.27,7.69,5.85,11.15
"SA","Ceduna",133.674819946289,-32.189151763916,0.54,2.47,2.24,74.96,41.01,173.15,56.32,33.25,114.93
"WASouth","Esperance",121.899345397949,-33.8684463500977,0.54,1.65,2.91,346.51,158.78,1004.66,186.08,88.17,529.56
"TAS","Burnie",145.898666381836,-41.0429649353027,0.54,2.43,3.75,1896.1,687.79,7587.48,7.49,5.72,10.81
"WASouth","Joondalup",115.727348327637,-31.8087615966797,0.54,1.54,4.39,527.41,233.29,1588.7,276.23,137.53,698.36
"NT","Darwin",130.873245239258,-12.3418684005737,0.54,4.44,2.82,489.82,225.6,1377.69,137.99,69.76,354.42
"VIC","Bass Coast",145.221298217773,-38.5328369140625,0.54,2.41,2.43,1416.72,541.54,5242.85,110.44,57.79,269.91
"VIC","Glenelg",141.63020324707,-38.4082489013672,0.54,1.51,2.15,30219.99,7647.49,196690.56,64.39,37.05,136.63
"TAS","Glamorgan-Spring Bay",148.082138061523,-42.5678176879883,0.54,1.5,2.58,14578.72,4029.56,84509.93,23.95,15.74,42.37
"WASouth","Fremantle",115.73705291748,-32.0583763122559,0.54,1.54,2.67,455.44,209.84,1285.45,18.3,12.55,30.44
"NSW","Waverley",151.290802001953,-33.871639251709,0.54,1.87,3.45,2006.11,775.58,7122.43,28.72,18.36,52.83
"SA","Port Pirie",138.000579833984,-33.1267433166504,0.54,3.09,2.98,31.72,20.34,57.7,75.07,42.75,160.83
"SA","Port Adelaide Enfield",138.475845336914,-34.7812461853027,0.54,2.64,4.09,167.07,85.12,417.43,28.39,17.66,55.07
"QLDNorth","Townsville",146.846267700195,-19.251106262207,0.54,2.79,2.51,519.79,231.33,1549.83,56.87,33.69,115.33
"SA","Charles Sturt",138.472106933594,-34.8702430725098,0.54,2.72,2.88,181.87,91.6,461.56,45.66,27.08,93.7
"VIC","Queenscliffe",144.617172241211,-38.2871551513672,0.54,1.73,4.56,5228.08,1640.77,25612.93,206.78,103.61,525.58
"NT","Darwin",130.81266784668,-12.4085102081299,0.54,4.44,2.95,482.19,220.74,1372.29,23.82,15.53,42.79
"SA","Victor Harbor",138.605804443359,-35.594554901123,0.54,1.95,2.64,220.22,112.52,538.43,37.8,23.51,71.91
"WASouth","Albany",117.89533996582,-35.1227531433105,0.54,1.55,2.23,1222.04,485.11,4258.68,348.19,160.07,1003.16
"SA","Unincorporated SA",135.905776977539,-34.6888732910156,0.54,2.03,2.98,1208.73,494.19,3996.25,29.29,18.47,55.2
"SA","Unincorporated SA",133.05322265625,-32.1064491271973,0.54,2.45,2.79,120.08,61.95,299.71,111.42,58.93,266.71
"WASouth","Greater Geraldton",114.582710266113,-28.7869205474854,0.54,1.5,2.85,1576.05,617.96,5531.84,15.44,10.81,24.99
"NSW","Newcastle",151.791976928711,-32.9030685424805,0.54,1.82,2.05,2131.54,815.94,7676.4,252.64,115.2,756.48
"VIC","Hobsons Bay",144.897003173828,-37.8736267089844,0.54,1.49,3.08,3153.32,1078.95,13600.06,84.31,44.66,205.48
"QLDSouth","Bundaberg",152.412872314453,-24.7567653656006,0.54,2.51,3.12,8089.19,2386.35,43200.88,8.29,6.26,12.16
"WASouth","Bunbury",115.637229919434,-33.3057746887207,0.54,1.71,1.67,75.91,44.53,154.03,2602.44,856.91,12240.18
"TAS","Clarence",147.393463134766,-42.9977607727051,0.54,1.61,5.43,4479.18,1405.4,22195.06,6.85,5.14,10.32
"WANorth","Port Hedland",118.570663452148,-20.2921123504639,0.54,4.21,3.85,91.75,48.57,222.32,9469.97,2710.34,52964.84
"WANorth","Wyndham-East Kimberley",128.095184326172,-15.3794431686401,0.54,4.47,2.98,15471.16,4267.01,89688.28,605.09,254.13,1988.71
"QLDSouth","Brisbane",153.156661987305,-27.3602046966553,0.54,2.16,2.2,42630.9,10168.35,302795.51,484.71,202.08,1642.13
"VIC","Greater Geelong",144.419860839844,-38.2895736694336,0.54,1.53,2.05,1074.94,427.11,3770.14,243.09,115.24,677.44
"TAS","Burnie",145.878601074219,-41.0355949401855,0.54,2.43,2.68,1947.32,705.23,7801.98,39.71,23.29,84.2
"WANorth","Carnarvon",113.636138916016,-24.8981914520264,0.54,1.77,4.73,362.87,162.59,1093.89,19.14,12.76,33.5
"QLDNorth","Mackay",149.22673034668,-21.1112022399902,0.54,4.19,3.17,99.31,54.64,222.66,29.66,19.15,53.5
"TAS","George Town",146.792098999023,-41.052360534668,0.54,2.42,6.3,1484.43,573,5379.44,79.8,45.35,170.94
"WANorth","Broome",122.209922790527,-17.9969673156738,0.54,5.66,2.72,121.36,65.01,282.13,375.51,166.33,1154.12
"QLDNorth","Cairns",145.847991943359,-16.8677730560303,0.54,2.37,2.84,3191.92,1076.85,14122.43,13.03,9.12,21.37
"NT","East Arnhem",136.69255065918,-12.2084197998047,0.54,2.57,3.42,470.19,202.04,1506.46,13.1,9.16,21.48
"QLDNorth","Aurukun",141.797592163086,-12.6793203353882,0.54,2.39,3.24,63.25,35.47,141.05,273.36,129.59,755.86
"QLDNorth","Gladstone",151.407104492188,-23.962682723999,0.54,3.05,2.33,2089.34,758,8304.74,41.71,25.1,83.8
"NSW","Kempsey",153.09098815918,-30.9209632873535,0.54,1.78,2.24,10048.38,3113.37,48361,75.27,41.77,169.15
"VIC","East Gippsland",147.9462890625,-37.9042129516602,0.54,1.39,3.31,7248.69,2139.17,38986.27,143.16,71.88,371.58
"QLDNorth","Gladstone",151.320953369141,-23.7948703765869,0.54,3.06,2.73,1791.08,656.11,7063.77,58.81,33.68,126.71
"VIC","Bass Coast",145.121734619141,-38.5073280334473,0.54,2.42,3.52,907.2,362.69,3181.03,7.8,5.83,11.7
"NSW","Bega Valley",149.936981201172,-37.097900390625,0.54,1.83,2.64,1448.65,578.15,4949.61,22.84,14.57,42.92
"NT","East Arnhem",136.425445556641,-13.8104448318481,0.54,2.04,2.79,108.75,56.73,267.65,120.94,63.71,290.1
"QLDNorth","Torres",142.110595703125,-10.6579341888428,0.54,2.68,2.59,150.01,77,372.24,23.82,15.56,42.63
"SA","Grant",140.672210693359,-38.0639533996582,0.54,1.52,2.87,11824.34,3424.16,63732.01,16.55,11.46,27.2
"NSW","Northern Beaches",151.305068969727,-33.8254356384277,0.54,1.87,3.85,2025.94,781.57,7216.34,35.09,20.71,74.27
"WANorth","Karratha",116.761528015137,-20.5944957733154,0.54,4.15,2.98,336.88,152.17,1005.35,40.79,25,79.34
"SA","Copper Coast",137.588287353516,-33.9396820068359,0.54,2.37,2.82,58.82,34.16,123.44,203.76,99.05,548.26
"TAS","Devonport",146.352432250977,-41.1579093933105,0.54,2.45,3.23,1596.14,595.9,6123.1,12.63,9.06,19.81
"NSW","Randwick",151.252304077148,-33.9962577819824,0.54,1.86,4.82,1866.9,730.28,6517.35,38.34,23.46,75.1
"QLDNorth","Mackay",149.297515869141,-21.2697410583496,0.54,4.35,3.12,108.04,59.03,244.01,88.3,48.18,202.59
"QLDNorth","Cassowary Coast",146.139678955078,-17.6090087890625,0.54,2.35,1.31,1248.13,484.28,4530.06,1271.07,481.64,4816.19
"TAS","Glamorgan-Spring Bay",148.067794799805,-42.5660400390625,0.54,1.5,3.42,13380.88,3730.15,76781.97,70.6,39.51,156.85
"QLDNorth","Cassowary Coast",146.334701538086,-18.4832286834717,0.54,2.73,2.45,301.63,140.15,860.1,32.41,19.39,67.21
"WANorth","Ashburton",115.163749694824,-21.6142768859863,0.54,2.16,4.17,383.14,163.57,1262.38,8.84,6.37,14.12
"WANorth","Karratha",117.169364929199,-20.5933799743652,0.54,4.18,3.71,168.94,81.46,468.15,9.67,7.05,14.98
"QLDNorth","Carpentaria",140.803146362305,-17.5088596343994,0.54,3.3,4.42,46.61,27.03,99.74,127.09,64.28,328.13
"QLDNorth","Rockhampton",150.838195800781,-23.6046981811523,0.54,3.39,2.79,26512.94,6698.3,174625.29,75.11,41.56,169.72
"QLDSouth","Sunshine Coast",153.139892578125,-26.6974658966064,0.54,1.89,3.89,65532.58,14965.36,490506.8,14.49,10.14,23.58
"QLDNorth","Whitsunday",148.842590332031,-20.2819118499756,0.54,3.12,2.83,232.91,112.58,627.69,39.62,24.5,75.97
"QLDNorth","Torres",142.155624389648,-10.5569248199463,0.54,2.67,2.97,182.43,92.19,460.04,786.62,314.15,2791.51
"QLDSouth","Fraser Coast",152.941467285156,-25.2762908935547,0.54,2.79,3.03,6061.71,1970.55,27561.99,29.01,18.73,52.38
"SA","Unincorporated SA",137.602798461914,-33.023551940918,0.54,2.93,2.62,31.28,20.09,56.74,69.74,38.09,162.48
"QLDSouth","Gold Coast",153.421966552734,-27.9614505767822,0.54,1.81,3.68,56512.86,13868.48,374157.9,25.67,15.87,50.88
"WANorth","Karratha",116.678909301758,-20.5885372161865,0.54,2.17,2.39,285.35,130.86,837.27,252.36,114.04,769.1
"QLDNorth","Torres",142.315673828125,-10.5067167282104,0.54,2.61,2.48,393.23,179.38,1140.24,778,315.02,2691.87
"QLDNorth","Douglas",145.468811035156,-16.4769401550293,0.54,2.36,2.13,2636.24,916.18,11177.27,79.1,43.14,183.04
"NSW","Clarence Valley",153.367126464844,-29.4367237091064,0.54,1.77,2.99,5777.5,1975.88,24053.77,6.89,5.3,9.89
"NT","Roper Gulf",136.915344238281,-15.7344379425049,0.54,2.13,3.03,33,20.47,63.67,30.93,19.79,56.54
"QLDNorth","Torres Strait Island",142.210647583008,-10.522177696228,0.54,2.64,1.68,218.2,106.89,576.14,943.08,363.31,3538.12
"VIC","Greater Geelong",144.724807739258,-38.1704139709473,0.54,1.47,1.94,2205.35,828.64,8195.17,157.27,78.89,406.11
"VIC","Mornington Peninsula",144.899749755859,-38.3481216430664,0.54,1.51,3.39,836.03,358.8,2588.08,7.88,5.98,11.48
"WASouth","Joondalup",115.731964111328,-31.8238124847412,0.54,1.54,2.86,541.78,240.53,1618.38,50.18,29.94,101.22
"SA","Onkaparinga",138.470275878906,-35.0958251953125,0.54,2.71,4.78,241.68,116.36,654.56,21.72,14.29,38.59
"QLDNorth","Livingstone",150.760681152344,-23.1353740692139,0.54,3.32,2.04,342.1,158.28,975.09,454.89,195.81,1455.94
"VIC","Surf Coast",144.035140991211,-38.4956665039062,0.54,2.06,3.1,1085.38,425.25,3904.69,47.97,29.02,94.54
"SA","Yorke Peninsula",137.767929077148,-35.0375442504883,0.54,2.4,3.82,618.62,259.88,2028.95,24.3,15.69,44.44
"QLDNorth","Whitsunday",148.079605102539,-19.8762283325195,0.54,2.62,2.53,481.22,210.4,1489.79,13.63,9.49,22.5
"WANorth","Exmouth",114.142883300781,-21.9546566009521,0.54,2.15,2.27,457.22,199.26,1428.98,22.21,15.07,37.29
"NSW","Shoalhaven",150.768478393555,-35.0744934082031,0.54,1.84,2.47,985.37,420.53,3053.21,88.12,49.23,193.49
"NSW","Coffs Harbour",153.156051635742,-30.3061962127686,0.54,1.93,1.76,18928,5380.42,102522.52,2253.07,758.32,10269.37
"VIC","Moyne",142.245132446289,-38.4012489318848,0.54,1.52,3.06,9786.8,2995.6,48225.35,46.89,28.12,94.07
"SA","Onkaparinga",138.458389282227,-35.1697807312012,0.54,2.7,3.99,264.69,125.52,733.02,11.4,7.88,19.34
"WANorth","Ashburton",115.466323852539,-20.6898097991943,0.54,2.2,1.39,147.02,71.39,406.43,1004.63,414.14,3307.94
"VIC","South Gippsland",146.47053527832,-38.7002143859863,0.54,2.36,6.31,25428.92,6355.09,171446.08,10.36,7.53,16.06
"QLDNorth","Isaac",149.473999023438,-21.7463283538818,0.54,4.34,2.45,131.63,68.54,320.8,807.87,324.04,2837.99
"QLDNorth","Cook",145.285095214844,-15.4928417205811,0.54,2.29,1.54,3432.54,1163.8,14974.1,1023.98,389.65,3909.46
"VIC","Greater Geelong",144.635314941406,-38.1060447692871,0.54,1.51,3.18,3738.82,1292.27,15659.48,17.01,11.2,30.75
"WANorth","Ashburton",115.375946044922,-20.6875629425049,0.54,2.11,2,2492.55,880.22,10295.92,81.3,45.02,182.44
"TAS","West Coast",145.027053833008,-41.8157424926758,0.54,2.37,3.98,158822.58,31471.52,1460026.49,25.85,16.91,45.91
"WASouth","Dundas",128.882766723633,-31.7294902801514,0.54,2.39,3.21,466.11,210.4,1363.33,43.95,26.94,85.04
"SA","Kingston (SA)",139.666198730469,-36.9562568664551,0.54,1.96,2.27,182.29,94.67,437.6,265.28,124.84,745.16
"SA","Kangaroo Island",137.180358886719,-36.0086135864258,0.54,2.4,3.27,713.53,310.17,2178.53,547.45,225.64,1878.55
"TAS","Circular Head",145.312255859375,-40.7651710510254,0.54,2.42,3.93,3116.71,1050.34,13840.14,13.39,9.4,21.79
"SA","Elliston",134.854675292969,-33.6464500427246,0.54,2.13,2.61,96.55,52.37,222.63,24.93,16.34,44.23
"WASouth","Mandurah",115.67813873291,-32.5906257629395,0.54,1.3,2.56,1417.33,528.15,5500.75,19.92,13.19,35.18
"WANorth","Shark Bay",113.513900756836,-25.9233150482178,0.54,1.81,2.4,124.86,63.34,320.97,182.16,87.85,501.74
"VIC","Greater Geelong",144.474060058594,-38.2902946472168,0.54,1.76,3.05,1023.19,408.36,3570.61,26.3,17.18,46.78
"SA","Port Augusta",137.763549804688,-32.6352653503418,0.54,2.95,2.6,26.49,17.48,46.25,74.6,41.65,165.78
"QLDSouth","Noosa",153.108322143555,-26.3750782012939,0.54,1.9,2.69,38698.92,9471.87,263649.02,28.28,18.06,52.2
"SA","Unincorporated SA",132.431213378906,-32.0147438049316,0.54,2.4,6.14,333.52,149.58,1009.65,37.71,22.11,80.4
"WANorth","Derby-West Kimberley",123.560806274414,-17.287561416626,0.54,5.61,2.98,415.95,191.18,1185.5,44.59,27.28,86.56
"SA","Unincorporated SA",136.499649047852,-35.1658554077148,0.54,2.07,6.91,321.59,154.77,856.48,18.67,12.28,33.6
"WANorth","Derby-West Kimberley",123.719276428223,-16.1033020019531,0.54,5.66,2.67,126.15,67.3,294.77,11.86,8.26,19.77
"WANorth","Ashburton",115.097961425781,-21.6335697174072,0.54,2.16,2.59,413.39,175.36,1371.02,26.41,17.45,46
"SA","Wattle Range",139.998825073242,-37.4942817687988,0.54,1.55,3.9,1750.38,694.61,5978.21,173.03,83.22,481.01
"QLDNorth","Torres",142.626602172852,-10.716986656189,0.54,2.62,1.1,330.81,154.96,923.69,1165.41,457.15,4163.84
"TAS","Huon Valley",147.098419189453,-43.2927169799805,0.54,1.63,3.95,2234.23,794.06,9186.18,381.93,166.5,1208.65
"QLDNorth","Torres",142.322967529297,-10.5164833068848,0.54,2.59,2.14,814.01,332.22,2766.49,34.89,22.14,64.28
"SA","Kangaroo Island",136.535095214844,-35.8576393127441,0.54,2.08,2.79,286.11,138.48,759.29,174.37,88.2,440.26
"SA","Wattle Range",139.879470825195,-37.3767509460449,0.54,1.59,1.95,479.68,220.03,1360.73,130.16,69.53,302.86
"SA","Unincorporated SA",136.156509399414,-34.9915504455566,0.54,2.06,2.32,451.76,206.59,1292.97,1226.65,494.7,4152.93
"VIC","Unincorporated Vic",146.515869140625,-38.9114189147949,0.54,2.37,4.12,9324.5,2681.29,51745.6,11.5,8.31,17.91
"WANorth","Shark Bay",114.16576385498,-26.3805446624756,0.54,1.89,2.2,38.51,23.35,76.69,187.33,92.69,490.43
"QLDSouth","Fraser Coast",153.356964111328,-24.9777183532715,0.54,2.78,3.23,16904.81,4565.12,101329.65,31.47,19.61,60.38
"WASouth","Rockingham",115.701889038086,-32.3069496154785,0.54,1.52,2.65,705.78,301.05,2231.37,14.19,10,22.83
"WASouth","Nedlands",115.749351501465,-31.9685497283936,0.54,1.54,2.94,468.52,216.63,1311.91,16.99,11.42,29.5
"WANorth","Exmouth",114.09871673584,-22.0990867614746,0.54,2.16,3.6,338.08,152.71,1008.7,8.67,6.32,13.54
"WANorth","Ashburton",115.477195739746,-20.836986541748,0.54,2.19,1.67,172.98,82.23,492.08,53.1,31.84,105.78
"SA","Kangaroo Island",137.937957763672,-35.7128486633301,0.54,1.91,2.69,644.4,281.99,1955.63,77.55,43.05,173.76
"SA","Cleve",136.576965332031,-33.9472122192383,0.54,2.28,2.29,350.73,161.37,1008.42,266.97,131.09,693.13
"SA","Lower Eyre Peninsula",136.023025512695,-34.8660087585449,0.54,2.05,3.57,598.27,266.83,1762.2,29.38,18.82,53.76
"SA","Whyalla",137.786407470703,-32.9926872253418,0.54,2.93,2.45,32.41,20.75,59.03,28.82,18.56,52.32
"SA","Yorke Peninsula",137.354400634766,-34.9310340881348,0.54,2.48,5.22,94.36,51.93,212.11,17.78,12.01,30.48
"QLDNorth","Mackay",149.895462036133,-21.0195617675781,0.54,4.31,2.55,301.11,143.44,820.05,77.3,42.96,172.9
"VIC","East Gippsland",147.987808227539,-37.8907623291016,0.54,1.39,3.78,6839.38,2031.64,36481.42,11.84,8.54,18.44
NA,"Whitsunday",149.818756103516,-20.0906581878662,0.54,3.06,2.41,1868.79,694.84,7150.02,142.52,72.35,362.28
"NSW","Ballina",153.61018371582,-28.8397369384766,0.54,1.85,4.36,19827.35,5690.15,105283.78,312.97,148.84,852.95
"NT","Unincorporated NT",130.514770507812,-12.6257009506226,0.54,4.43,2.78,673.35,288.44,2118.5,40.45,24.74,79.01
"SA","Yankalilla",138.086761474609,-35.6061515808105,0.54,1.93,2.68,351.17,166.21,958.82,17.82,12.42,28.82
"NSW","Port Stephens",152.201217651367,-32.7411689758301,0.54,1.88,3.15,2609.59,969.25,9805.32,401.36,176.82,1240.31
"QLDNorth","Cook",144.883728027344,-14.5548992156982,0.54,2.31,3.23,6104.95,1927.51,29271.08,33.5,20.51,66.17
"QLDNorth","Gladstone",151.92448425293,-23.306095123291,0.54,3.03,3.84,6560.64,2069.06,31375.99,20.78,13.81,36.38
"VIC","Bass Coast",145.359298706055,-38.569507598877,0.54,2.41,2.9,1112.88,431.9,4068.66,25.1,16.33,45.16
"WASouth","Dundas",126.06566619873,-32.2820434570312,0.54,1.63,2.39,711.18,303.89,2240.13,66.92,38.28,143.25
"VIC","Mornington Peninsula",144.762985229492,-38.345573425293,0.54,1.48,3.32,756.44,331.9,2264.02,1460.41,542.44,5690.88
"QLDNorth","Cook",143.415405273438,-12.5892887115479,0.54,2.22,2.85,13004.1,3713.47,71486.83,59.28,32.73,136.98
"QLDNorth","Gladstone",151.908676147461,-23.4388313293457,0.54,3.03,3.46,6567.59,2062.65,31648.64,28.66,18.37,52.5
"VIC","Mornington Peninsula",145.036819458008,-38.4872627258301,0.54,2.41,2.44,1362.18,518.8,5088.37,114.6,59.98,279.31
"VIC","Kingston (Vic.)",145.111022949219,-38.0797386169434,0.54,1.5,6.08,1934.02,708.74,7583.62,31.22,19.43,60.09
"WANorth","Wyndham-East Kimberley",124.291732788086,-15.322434425354,0.54,5.65,3,153.61,78.78,381.19,49.14,28.97,101.46
"VIC","Bass Coast",145.368392944336,-38.5389366149902,0.54,2.42,2.18,1017.57,400.11,3652.31,506.63,208.13,1760.22
"VIC","Wyndham",144.678146362305,-37.9899787902832,0.54,1.51,2.22,4766.43,1566.96,21551.3,824.16,326.67,2956.97
"VIC","Surf Coast",144.363662719727,-38.3202171325684,0.54,1.53,2.39,1166.24,457.92,4159,19.98,13.42,34.37
"SA","Elliston",134.446472167969,-33.7753486633301,0.54,2.09,3.91,213.92,105.99,553.85,109.38,56.77,271.73
"QLDNorth","Lockhart River",143.524948120117,-13.1872329711914,0.54,2.23,1.7,12452.9,3552.04,68794.78,136.99,69.93,345.63
"VIC","Mornington Peninsula",145.015808105469,-38.2528228759766,0.54,1.5,3.21,1180.46,476.54,3998.41,110.71,58.19,268.28
"QLDNorth","Cook",145.479095458984,-14.6609563827515,0.54,2.31,2.77,3977.47,1311.81,18089.01,16.94,11.58,28.49
"WASouth","Dandaragan",115.017585754395,-30.3131942749023,0.54,1.52,4.29,1003.15,413.63,3302.03,50.98,29.46,109.12
"QLDNorth","Livingstone",150.680480957031,-21.9535064697266,0.54,3.3,2.77,705.4,296.89,2285.69,269.59,121.13,826.54
"QLDNorth","Cook",143.597961425781,-13.4578561782837,0.54,2.23,2.85,8266.95,2451.09,43669.83,728.47,300.37,2446.93
"QLDNorth","Gladstone",151.36018371582,-23.8441028594971,0.54,3.06,2.7,1909.66,696.42,7562.26,36.54,22.42,71.42
"SA","Franklin Harbour",136.89794921875,-33.7826766967773,0.54,2.31,6.29,167.58,85.27,419.54,5.01,4.01,6.84
"WANorth","Broome",122.920036315918,-16.39599609375,0.54,5.62,4.72,295.82,138.65,831.07,25.7,16.4,47.83
"QLDNorth","Palm Island",146.692947387695,-18.7623119354248,0.54,2.71,1.54,584.81,254.73,1800.32,1058.09,400.93,4062.64
"VIC","Greater Geelong",144.608428955078,-38.1155853271484,0.54,1.51,2.65,3918.45,1342.91,16619.54,20.82,13.57,37.79
"NT","Roper Gulf",136.516967773438,-15.5269403457642,0.54,2.09,1.37,57.24,32.42,126.22,999.3,396.03,3538.68
"VIC","Mornington Peninsula",144.682495117188,-38.3029098510742,0.54,1.46,1.69,1729.63,696.21,5765.01,534.57,237.79,1592.56
"VIC","Mornington Peninsula",144.72526550293,-38.3128089904785,0.54,1.47,2.09,937.66,405.48,2846.24,271.3,122.28,826.36
"VIC","Bayside (Vic.)",145.012969970703,-37.9861907958984,0.54,1.49,1.89,2948.81,1014.09,12654.93,243.5,111.49,725.31
"VIC","Port Phillip",144.961761474609,-37.8651657104492,0.54,1.49,2.99,3369.87,1125.78,15130.53,12.22,8.42,20.78
"NT","Roper Gulf",135.730651855469,-14.306037902832,0.54,2.13,3.27,33.03,19.85,67.72,1209.81,475.49,4296.59
"QLDNorth","Torres",142.951507568359,-9.85594081878662,0.54,2.56,2.66,2482.78,887.77,10024.42,30.13,19.33,54.9
"SA","Port Augusta",137.856109619141,-32.7116355895996,0.54,2.94,3.49,28.51,18.64,50.35,9.15,6.56,14.7
"WANorth","Ashburton",115.418029785156,-20.6629943847656,0.54,2.13,2.67,1300.68,496.53,4852.69,220.7,105.13,613.72
"QLDNorth","Douglas",145.559967041016,-16.3844261169434,0.54,2.36,3.75,3121.12,1059.65,13667.15,32.02,19.44,64.53
"NT","East Arnhem",135.162536621094,-12.2201509475708,0.54,2.6,1.43,237.23,111.8,669.72,191.13,94.73,498.09
"TAS","Circular Head",144.763442993164,-40.4397125244141,0.54,2.4,2.97,12736.47,3549.27,73378.53,287.81,133.92,821.15
"TAS","King Island",144.104827880859,-40.0475730895996,0.54,2,3.54,34736.78,8090.9,261879.91,327.41,149.6,958.1
"QLDNorth","Cook",145.447540283203,-15.7513809204102,0.54,2.3,3.44,3099.06,1054.63,13517.83,12.16,8.59,19.66
NA,"Mackay",150.928894042969,-20.4258937835693,0.54,4.07,4.03,5943.71,1890.69,28155.67,146.56,73.45,381.06
"VIC","Bass Coast",145.272766113281,-38.5111198425293,0.54,2.41,3.87,1138.6,439.81,4193.02,7.71,5.9,11.1
"QLDNorth","Pormpuraaw",141.524032592773,-14.5044069290161,0.54,2.39,6.34,63.49,35.67,141.06,15.53,10.58,26.46
"WANorth","Broome",121.965843200684,-18.4140720367432,0.54,5.67,1.85,107.43,58.34,245.47,283.27,127.3,864.81
"VIC","Wyndham",144.801208496094,-37.9131851196289,0.54,1.49,2.24,3172.94,1104.66,13247.99,49.33,29.75,97.67
"WASouth","Manjimup",115.999702453613,-34.846134185791,0.54,1.58,3.95,2754.45,971.63,11327.65,21.49,14.11,38.37
NA,"Whitsunday",149.715850830078,-20.0136013031006,0.54,3.06,3.82,1823.52,679.16,6966.01,11.57,8.22,18.57
"QLDNorth","Whitsunday",148.560501098633,-19.9888191223145,0.54,2.63,2.52,403.34,181.89,1192.67,26.82,17.19,49.39
"SA","Yankalilla",138.237152099609,-35.4988975524902,0.54,1.92,1.66,426.61,189.11,1297.6,307.4,141.15,895.07
"VIC","Mornington Peninsula",144.851089477539,-38.3629608154297,0.54,1.51,3.38,724.36,317.84,2172.95,4.73,3.77,6.51
"WANorth","Exmouth",114.142738342285,-21.7975425720215,0.54,2.13,3.63,1078.81,432.61,3719.21,342.42,151.34,1063.92
"WANorth","Wyndham-East Kimberley",128.772811889648,-14.8344984054565,0.54,4.5,1.72,2038.09,761.35,7689.71,337.5,160.33,917.5
"WASouth","Manjimup",116.738777160645,-35.0417938232422,0.54,1.54,3.63,1402.09,543.37,5062.36,6,4.73,8.28
"QLDNorth","Mornington",139.676879882812,-16.4017772674561,0.54,3.38,4.17,22.61,14.98,39.54,9.01,6.66,13.66
"QLDNorth","Mornington",139.185501098633,-16.7576770782471,0.54,3.37,3.77,24.63,15.87,45.13,41.96,25.82,80.88
"QLDNorth","Torres",142.168746948242,-10.2303152084351,0.54,2.61,4.56,565.79,240.43,1827.37,5.91,4.54,8.63
"WANorth","Karratha",116.95361328125,-20.6833477020264,0.54,4.23,3.4,64.55,35.33,150.72,167.44,83.59,434.4
"QLDNorth","Cairns",145.972595214844,-16.7534255981445,0.54,2.36,1.58,3621.2,1194.73,16562.68,75.39,43.25,159.27
"WASouth","Rockingham",115.689399719238,-32.2365188598633,0.54,1.55,3.4,343.27,163.83,924.49,58.61,33.86,124.22
"QLDNorth","Burdekin",147.409255981445,-19.3074054718018,0.54,2.69,3.38,668.92,282.69,2158.52,72.98,40.46,164.65
"NT","East Arnhem",135.678955078125,-11.9292297363281,0.54,2.59,2.17,302.46,140.75,859.83,426.43,187.87,1312.16
"QLDNorth","Northern Peninsula Area",142.102737426758,-10.9672031402588,0.54,2.63,3.16,89.75,48.64,208.3,9.47,7.05,14.14
"WASouth","Augusta Margaret River",115.021179199219,-34.2565498352051,0.54,1.63,3.63,398.13,175.66,1227.57,1570.82,585.5,6050.76
"QLDNorth","Torres",142.871856689453,-10.0437240600586,0.54,2.58,5.27,1240.24,489.17,4369.39,26.7,16.87,50.52
"WANorth","East Pilbara",119.774200439453,-19.9569301605225,0.54,4.2,3.87,102.68,55.46,237.64,49.77,28.69,107.17
"WANorth","Broome",122.248458862305,-17.1136341094971,0.54,5.61,3.95,415.69,188.33,1216.41,139.37,72.14,342.16
"QLDNorth","Cassowary Coast",146.335098266602,-18.3602714538574,0.54,2.71,2.66,533.03,232.01,1652.77,36.68,22.85,69.7
"SA","Whyalla",137.440902709961,-33.2315673828125,0.54,2.91,3.08,36.58,22.97,68.49,56.94,34,113.76
"SA","Yorke Peninsula",137.768692016602,-35.0113372802734,0.54,2.4,5.45,618.19,259.54,2030.09,31.84,19.26,64.64
"WANorth","Broome",123.314888000488,-17.0903549194336,0.54,5.62,4.32,315.93,149.01,873.59,1165.76,460.79,4106.71
"QLDNorth","Torres",142.684844970703,-10.917688369751,0.54,2.55,3.41,4715.25,1549.85,21341.54,4.14,3.43,5.35
"QLDNorth","Mornington",139.580749511719,-17.1097755432129,0.54,3.43,5.99,15.62,10.76,26.04,16.05,10.82,27.81
"WANorth","Broome",123.159187316895,-16.3905277252197,0.54,5.6,4.71,513.58,227.35,1547.35,7.55,5.58,11.59
"WANorth","Karratha",116.191215515137,-20.8251476287842,0.54,2.13,1.28,1256.92,485.65,4595.64,130.44,65.29,343
"QLDSouth","Gold Coast",153.519638061523,-28.1603393554688,0.54,1.79,3.47,22109.31,6162.21,122953.88,1010.97,409.95,3428.86
"QLDNorth","Torres",142.706924438477,-10.9305419921875,0.54,2.55,1.66,5019.89,1627.61,23206.45,24.87,15.91,46.21
"WANorth","Shark Bay",113.505187988281,-25.5005359649658,0.54,1.78,3.52,230.31,107.17,667.71,12.52,8.91,19.96
"SA","Unincorporated SA",133.50520324707,-32.3217849731445,0.54,2.42,4.25,181.85,88.44,492.94,24.38,15.62,45.19
"QLDNorth","Palm Island",146.686508178711,-18.7334079742432,0.54,2.7,3.67,735.95,311.03,2360.24,28.6,17.83,55.18
"WANorth","Wyndham-East Kimberley",127.829887390137,-14.3628454208374,0.54,4.5,5.81,2050.19,804.32,7084.62,385.73,166.34,1245.63
"WANorth","Wyndham-East Kimberley",125.901412963867,-14.5167436599731,0.54,4.55,2.65,411.04,182.94,1244,12.71,8.9,20.82
"NT","East Arnhem",136.830047607422,-13.7504892349243,0.54,2.04,3.33,118.77,61.62,293.54,701.26,287.93,2380.49
"QLDNorth","Lockhart River",143.545196533203,-12.843300819397,0.54,2.22,2.76,14225.32,4011.09,79589.15,1050.16,395.35,4085.27
"QLDNorth","Cook",143.759353637695,-13.9299163818359,0.54,2.31,2.77,6296.73,1912.29,32396.96,828.28,320.28,3115.68
"QLDNorth","Torres",142.325164794922,-10.6027498245239,0.54,2.59,2.85,742.29,305.81,2494.2,73.18,39.13,177.03
"WANorth","Karratha",115.705352783203,-21.2753944396973,0.54,2.15,4.71,518.66,215.85,1754.02,26.25,16.73,48.9
"QLDNorth","Isaac",149.581100463867,-22.1410808563232,0.54,4.36,3.14,101.49,54.43,238.19,11.96,8.26,20.26
"WANorth","Karratha",116.686172485352,-20.527889251709,0.54,4.15,6.19,322.72,146.16,961.27,14.64,9.98,25.03
"WANorth","Wyndham-East Kimberley",125.128280639648,-14.4441356658936,0.54,4.55,3.19,383.51,174.26,1122.01,26.67,17.52,46.89
"TAS","George Town",146.958847045898,-41.0102310180664,0.54,2.42,2.91,1450.71,568.16,5127.5,32.89,20.54,62.67
"SA","Lower Eyre Peninsula",135.109100341797,-34.590259552002,0.54,2.08,5.05,273.9,132.21,732.49,138.93,69.41,364.87
"NT","West Daly",129.409133911133,-14.2268543243408,0.54,4.51,3.37,1521.53,579.31,5646.01,3799.3,1245.68,17524.72
"QLDNorth","Cook",143.262786865234,-11.9675226211548,0.54,2.22,2.82,13708.11,3873.38,76581.81,23.16,14.89,42.85
"NT","East Arnhem",136.455780029297,-11.4806699752808,0.54,2.57,2.62,568.16,240.02,1854.92,23.24,15.2,41.58
"SA","Lower Eyre Peninsula",135.106781005859,-34.5828094482422,0.54,2.11,3.35,129.88,68.88,306.29,901.81,349.5,3355.67
"QLDNorth","Cook",143.691986083984,-13.6643896102905,0.54,2.23,1.96,7324.34,2193.18,38295.88,206.24,98.02,578.85
"NSW","Richmond Valley",153.452301025391,-29.1151275634766,0.54,1.76,2.67,15656.07,4651.9,79183.62,1198.8,469.44,4288.86
"QLDNorth","Hope Vale",145.282745361328,-15.387996673584,0.54,2.32,3.66,3269.71,1116.64,14118.5,205.81,102.63,527.88
"QLDNorth","Cassowary Coast",146.16064453125,-17.9593524932861,0.54,2.55,2.8,556.89,237.86,1783.35,316.59,143.23,946.07
"WANorth","Wyndham-East Kimberley",127.62767791748,-14.1565856933594,0.54,4.49,4.55,3716.17,1349.37,14254.97,132.46,64.52,367.07
"QLDNorth","Cook",144.484512329102,-14.1636114120483,0.54,2.31,4.42,3966.18,1318.47,17777.6,4.3,3.47,5.81
"WANorth","Karratha",116.844825744629,-20.364673614502,0.54,4.17,3.29,221.51,104.62,625.85,26.42,16.42,51.65
"NT","East Arnhem",136.624969482422,-12.9765071868896,0.54,2.6,3.68,255.9,119.95,726,12.87,9.24,20.14
"SA","Yorke Peninsula",137.490112304688,-34.2766609191895,0.54,2.34,2.94,100.23,54.47,229.77,193.05,95.06,508.92
"NT","West Arnhem",132.592666625977,-10.9687538146973,0.54,4.38,8.05,6096.05,1945.41,28660.31,31.13,19.74,57.9
"WANorth","Broome",122.178184509277,-17.6473617553711,0.54,5.66,3.72,132.54,70.56,309.94,43.75,26.04,89.49
"NT","Tiwi Islands",130.145385742188,-11.4755601882935,0.54,4.38,3.94,6686.06,1984.79,35766.96,40.47,25.03,77.4
"TAS","Huon Valley",145.952133178711,-43.3556022644043,0.54,1.6,3.74,11971.33,3687.2,57652.62,6.97,5.4,9.85
"QLDNorth","Mornington",139.748779296875,-16.5429191589355,0.54,3.39,5.4,19.87,13.35,34.16,32.74,19.82,66.23
"WANorth","Wyndham-East Kimberley",126.000129699707,-14.2587823867798,0.54,4.54,4.28,476.51,208.37,1475.82,434.04,189.87,1351.83
"NT","West Daly",129.814651489258,-13.4978065490723,0.54,4.41,5.37,1481.58,572.54,5358.86,12.13,8.67,19.19
"QLDNorth","Livingstone",150.702621459961,-21.9537868499756,0.54,3.29,3.11,786.97,325.07,2621.31,33.19,20.35,65.44
"QLDNorth","Cassowary Coast",146.178268432617,-17.9479675292969,0.54,2.54,1.77,816.11,335.14,2741.51,98.64,51.89,240.69
"VIC","Wellington",147.512222290039,-38.1365203857422,0.54,1.42,3.25,1503.78,576.93,5506.49,105.83,56.12,253.03
"NT","West Arnhem",132.923233032227,-11.1303930282593,0.54,4.39,4.62,2834.68,1040.72,10823.15,190.68,92.85,513.84
"NSW","Ballina",153.611038208008,-28.8455924987793,0.54,1.85,3.02,15602.65,4663.18,78111.75,37.05,22.62,73.06
"QLDSouth","Fraser Coast",153.267807006836,-24.7002735137939,0.54,2.8,5.85,5020.96,1591.76,24203.14,8.78,6.45,13.54
"WANorth","Wyndham-East Kimberley",125.676094055176,-14.159613609314,0.54,4.54,3.03,515.3,222.2,1629.67,9.98,7.31,15.3
"NSW","Bega Valley",150.083282470703,-36.422550201416,0.54,1.82,5.32,1534.05,613.23,5209.44,45.66,26.73,96.09
"WANorth","Port Hedland",119.190498352051,-19.9453086853027,0.54,4.2,1.18,116.05,61.63,274.92,170.9,85.05,445.46
"VIC","Glenelg",141.072341918945,-38.0935173034668,0.54,1.53,2.05,5133.2,1691.42,23005.11,237.45,112.97,658.4
"VIC","Glenelg",141.174133300781,-38.1464004516602,0.54,1.52,2.11,11003.01,3209.8,58778.54,214.33,103.84,578.33
"VIC","Glenelg",141.239898681641,-38.1865692138672,0.54,1.52,2.06,11284.59,3276.54,60708.41,279.33,130.46,792.96
"VIC","Glenelg",141.342407226562,-38.2694435119629,0.54,1.52,2.15,10043.66,2968.35,52687.36,237.5,114.79,639.3
"VIC","Glenelg",141.362701416016,-38.3697319030762,0.54,1.52,1.98,15559.63,4364.56,87388.8,829.7,328.41,2983.32
"VIC","Glenelg",141.41227722168,-38.4009056091309,0.54,1.51,1.92,37956.42,9368.91,254894.1,701.32,279.31,2523.5
"VIC","Glenelg",141.492294311523,-38.3837089538574,0.54,1.52,3.63,14174.63,3930.33,81835.97,13.95,9.76,22.79
"VIC","Glenelg",141.535110473633,-38.4397430419922,0.54,1.51,1.76,32966.43,8263.17,217160.96,2968.25,955.48,14440.66
"VIC","Glenelg",141.640731811523,-38.2952766418457,0.54,1.52,1.87,15051.86,4325.68,81032.87,742.05,290.34,2751.47
"VIC","Glenelg",141.667434692383,-38.280647277832,0.54,1.52,1.74,13030.09,3832.33,67848.57,2376.52,792.68,10978.19
"VIC","Glenelg",141.718215942383,-38.2639350891113,0.54,1.52,1.84,11178.79,3364.63,56337.99,997.27,373.31,3938.47
"VIC","Glenelg",141.857879638672,-38.2674942016602,0.54,1.53,1.89,7845.24,2464.9,37362.38,555.68,226.57,1945
"VIC","Moyne",141.972457885742,-38.3012351989746,0.54,1.53,1.92,5623.01,1826.51,25721.8,663.74,266.05,2368.65
"VIC","Moyne",142.069732666016,-38.361385345459,0.54,1.52,1.98,10144.99,3069.87,50931.58,449.21,190.31,1483.73
"VIC","Moyne",142.159042358398,-38.3936805725098,0.54,1.52,1.8,8448.32,2605.23,41439.92,1062.77,394.14,4252.82
"VIC","Moyne",142.317962646484,-38.3637771606445,0.54,1.53,1.94,6383.86,2012.28,30612.64,404.23,172.23,1331.57
"VIC","Moyne",142.368423461914,-38.3553047180176,0.54,1.53,2.13,5908.88,1854.52,28707.02,162.34,80.25,430
"VIC","Warrnambool",142.473266601562,-38.4061393737793,0.54,1.53,3.38,6004.4,1915.31,28279.73,14.28,9.95,23.47
"VIC","Warrnambool",142.593643188477,-38.4447784423828,0.54,1.54,2.02,3704.69,1195.81,17632.75,300.66,135.92,903.22
"VIC","Moyne",142.699172973633,-38.5162963867188,0.54,1.53,1.85,5621.5,1781.21,26919.93,860.75,333.19,3221.46
"VIC","Moyne",142.760925292969,-38.5590782165527,0.54,1.53,3.12,5279.48,1692.6,24839.52,16.05,11.02,26.89
"VIC","Moyne",142.855392456055,-38.6059112548828,0.54,2.04,2.44,2389.79,831.59,10176.1,518.32,217.89,1719.36
"VIC","Corangamite",142.938079833984,-38.6286964416504,0.54,2.03,4.11,4376.02,1437.94,19912.55,10.28,7.47,15.96
"VIC","Corangamite",143.061187744141,-38.6513214111328,0.54,2.04,3.61,2475.91,864.32,10454.18,17.74,11.97,30.5
"VIC","Corangamite",143.12614440918,-38.6886444091797,0.54,2.03,4.09,3089.71,1041.3,13727.02,11.5,8.24,18.2
"VIC","Corangamite",143.220077514648,-38.765064239502,0.54,2.03,3.88,3741.98,1217.74,17524.2,13.55,9.48,22.13
"VIC","Corangamite",143.258102416992,-38.7737083435059,0.54,2.03,3.2,4867.75,1516.26,24310.14,33.72,20.84,65.42
"VIC","Colac Otway",143.322082519531,-38.7615127563477,0.54,2.03,3.09,3931.33,1251.14,19140.46,40.77,24.33,83.4
"VIC","Colac Otway",143.442535400391,-38.8025894165039,0.54,2.03,3.13,3964.28,1250.97,19605.19,37.2,22.5,74.64
"VIC","Colac Otway",143.474304199219,-38.8234748840332,0.54,2.03,3.62,3263.9,1049.98,15782.63,19.54,12.99,34.31
"VIC","Colac Otway",143.489456176758,-38.8496475219727,0.54,2.03,3.48,4537.51,1407.35,22964.63,21.64,14.43,37.51
"VIC","Colac Otway",143.561721801758,-38.8537979125977,0.54,2.03,3.12,3647.55,1167.47,17663.06,30.44,19.18,57.36
"VIC","Colac Otway",143.609146118164,-38.8103332519531,0.54,2.03,2.92,3144.97,1029.21,14755.66,54.44,31.76,113.87
"VIC","Colac Otway",143.670211791992,-38.7791442871094,0.54,2.04,2.81,2811.04,936.78,12843.97,61.17,34.82,132.93
"VIC","Colac Otway",143.721633911133,-38.7261772155762,0.54,2.04,3.12,2211.2,765.23,9566.63,30.7,19.18,58.73
"VIC","Colac Otway",143.830795288086,-38.6988716125488,0.54,2.05,2.84,1559.12,570.14,6228.59,67.53,37.14,155.6
"VIC","Colac Otway",143.908462524414,-38.6325874328613,0.54,2.06,2.69,1139.18,439.45,4205.33,95.89,50.4,234.87
"VIC","Colac Otway",143.922714233398,-38.6115913391113,0.54,2.06,2.34,1155.73,445.44,4269.34,494.25,213.73,1559.24
"VIC","Surf Coast",144.006912231445,-38.5137557983398,0.54,2.06,2.43,1087.72,425.75,3919.83,334.05,147.23,1045.49
"VIC","Surf Coast",144.112899780273,-38.4712715148926,0.54,2.06,2.38,1179.8,457.7,4299.31,486.36,204.97,1613.19
"VIC","Surf Coast",144.18293762207,-38.4305267333984,0.54,2.05,2.63,1252.02,482.42,4602.54,110.91,56.43,286.16
"VIC","Surf Coast",144.246520996094,-38.4009552001953,0.54,2.06,2.76,1166.45,455.61,4200.35,116.8,57.68,318.43
"VIC","Surf Coast",144.299911499023,-38.3594818115234,0.54,1.53,1.97,1199.31,468.06,4317.38,226.4,106.11,648.17
"VIC","Greater Geelong",144.483413696289,-38.2930297851562,0.54,1.76,2.14,1097.34,434.01,3876.38,295.99,133.12,899.12
"VIC","Greater Geelong",144.531326293945,-38.2786865234375,0.54,1.76,2.31,968.41,389.94,3336.35,95.64,50.8,229.61
"VIC","Greater Geelong",144.583847045898,-38.2871780395508,0.54,1.76,1.5,973.71,390.42,3379.87,727.46,291.71,2576.23
"VIC","Greater Geelong",144.711074829102,-38.2048835754395,0.54,1.47,1.87,2540.83,934.55,9730.56,926.76,358.11,3461.01
"VIC","Greater Geelong",144.672241210938,-38.1073417663574,0.54,1.51,1.86,3468.89,1216.28,14219.84,838.97,319.83,3241.51
"VIC","Greater Geelong",144.566375732422,-38.0351142883301,0.54,1.5,1.87,5722.31,1830.56,26891.7,627.33,249.95,2275.08
"VIC","Wyndham",144.640426635742,-38.0052757263184,0.54,1.5,1.89,5699.47,1824.24,26764.51,458.3,191.19,1557.57
"VIC","Wyndham",144.715637207031,-37.9673156738281,0.54,1.51,1.91,4288.79,1431.83,18976.38,301.3,134.27,930.38
"VIC","Wyndham",144.800323486328,-37.9226760864258,0.54,1.49,1.91,3349.36,1158.02,14115.62,248.79,113.74,742.13
"VIC","Bayside (Vic.)",144.973785400391,-37.9034385681152,0.54,1.49,2.01,3304.79,1110.87,14687.28,171.56,83.4,467.5
"VIC","Kingston (Vic.)",145.104125976562,-38.0440711975098,0.54,1.5,2.03,2260.75,804.98,9255.65,103.91,55.76,243.19
"VIC","Mornington Peninsula",145.069442749023,-38.1770629882812,0.54,1.5,2,1394.59,544.25,4972.87,120.71,63.05,294.19
"VIC","Mornington Peninsula",145.028579711914,-38.2162742614746,0.54,1.5,1.95,1313.72,520.06,4581,147.5,74.45,378.16
"VIC","Mornington Peninsula",144.98030090332,-38.2909278869629,0.54,1.51,2.78,1033.34,427.33,3377.46,44.4,26.6,89.62
"VIC","Mornington Peninsula",144.711502075195,-38.3453521728516,0.54,1.47,2.96,916.09,369.85,3152.04,14.62,10.28,23.57
"VIC","Mornington Peninsula",144.799087524414,-38.4085922241211,0.54,1.51,2.8,917.15,369.2,3172.62,19.56,13.13,33.74
"VIC","Mornington Peninsula",144.880584716797,-38.4909248352051,0.54,1.51,2.67,1015.47,403.1,3581.09,26.77,17.24,48.79
"VIC","Mornington Peninsula",144.889007568359,-38.5022506713867,0.54,1.49,2.89,1619.76,607.4,6156.96,19.44,13.12,33.21
"VIC","Mornington Peninsula",144.935150146484,-38.499584197998,0.54,1.5,2.77,1316.76,507.14,4828.35,21.94,14.57,38.3
"VIC","Mornington Peninsula",145.001846313477,-38.4880523681641,0.54,1.5,2.11,1177.61,458.39,4265.05,119.35,61.56,298.16
"VIC","Bass Coast",145.211959838867,-38.5279922485352,0.54,2.41,3.35,1227.59,476.14,4463.47,37.55,23,73.51
"VIC","Bass Coast",145.113464355469,-38.5205268859863,0.54,2.41,3.74,1110.67,430.72,4066.77,21.3,14.14,37.27
"VIC","Bass Coast",145.319030761719,-38.5331535339355,0.54,2.42,4,1062.19,416.06,3828.61,14.25,10,23.08
"VIC","Bass Coast",145.344192504883,-38.5650634765625,0.54,2.41,3.55,1100.64,431.07,3958.72,31.6,19.71,60.51
"VIC","Bass Coast",145.450881958008,-38.5514945983887,0.54,2.42,3.85,949.53,376.44,3371.77,18.58,12.47,32.16
"VIC","Bass Coast",145.509979248047,-38.5911598205566,0.54,2.42,3.76,818.16,330.62,2831.6,23.17,14.99,42.29
"VIC","Bass Coast",145.600509643555,-38.6806640625,0.54,2.42,4.35,904.82,359.02,3218.55,12.61,8.97,20.11
"VIC","Bass Coast",145.620834350586,-38.6789741516113,0.54,2.41,3.85,1170.92,447.83,4384.69,22.52,14.72,40.45
"VIC","Bass Coast",145.671844482422,-38.6737289428711,0.54,2.42,3.18,1054.98,409.24,3874.51,70.2,38.81,159.64
"VIC","South Gippsland",145.793563842773,-38.702205657959,0.54,2.42,3.2,752.36,304.8,2606.62,64.41,36.11,143.55
"VIC","South Gippsland",145.814971923828,-38.7238578796387,0.54,2.42,3.32,755.1,305.57,2620.88,44.68,26.55,91.54
"VIC","South Gippsland",145.868545532227,-38.8068962097168,0.54,2.42,3.13,810.26,324.1,2860.71,64.59,36.72,140.19
"VIC","South Gippsland",145.91276550293,-38.9055824279785,0.54,2.41,3,1185.2,450.31,4490.07,107.75,56.47,263.04
"VIC","South Gippsland",145.990966796875,-38.8922653198242,0.54,2.41,2.92,1454.92,536.67,5745.68,138.24,69.59,357.9
"VIC","South Gippsland",146.011672973633,-38.8788261413574,0.54,2.41,2.74,1262.09,475,4846.5,195.97,94.74,534.3
"VIC","South Gippsland",146.120162963867,-38.8356971740723,0.54,2.42,2.88,901.04,356.75,3219.17,118.37,61.32,293.44
"VIC","South Gippsland",146.194381713867,-38.8833122253418,0.54,2.43,3.57,558.88,236.62,1819.12,23.56,15.44,41.91
"VIC","South Gippsland",146.262420654297,-38.9875793457031,0.54,2.43,2.93,686.76,282.89,2320.6,64.13,37.39,132.9
"VIC","South Gippsland",146.313919067383,-39.0818901062012,0.54,2.42,2.93,944.67,372.7,3386.57,66.45,38.74,137.37
"VIC","South Gippsland",146.323608398438,-39.0979347229004,0.54,2.41,3.52,1120.94,432.21,4146.45,41.53,24.96,83.64
"VIC","Unincorporated Vic",146.365310668945,-39.1418838500977,0.54,2.39,2.99,3326.48,1106.84,15062.04,148.98,75.4,379.75
"VIC","South Gippsland",146.425231933594,-39.1314163208008,0.54,2.39,3.22,3839.22,1238.13,18257.13,28.91,18.24,54.49
"VIC","South Gippsland",146.476226806641,-39.0241432189941,0.54,2.38,3.88,5769.73,1754.47,29798.37,9.71,7.13,14.86
"VIC","South Gippsland",146.483413696289,-39.0663795471191,0.54,2.38,3.03,4645.7,1455.25,23031.75,63.59,36.29,137.09
"VIC","South Gippsland",146.450546264648,-38.9980163574219,0.54,2.38,3.26,6670.88,1989.05,35392.57,27.12,16.96,52.27
"VIC","South Gippsland",146.461624145508,-38.9421501159668,0.54,2.38,2.54,8035.15,2340.71,43968.81,1206.3,487.56,4071.82
"VIC","Unincorporated Vic",146.514770507812,-38.9172515869141,0.54,2.38,2.51,8285.87,2412.91,45271.32,1229.45,492,4220.49
"VIC","Wellington",146.535461425781,-38.7930603027344,0.54,2.37,2.49,14161.78,3943.34,81126.52,2100.78,771.21,8167.38
"VIC","Wellington",146.522018432617,-38.7835998535156,0.54,2.37,2.72,15432.66,4218.74,90976.07,591.37,260.4,1783.65
"VIC","Wellington",146.433959960938,-38.730281829834,0.54,2.36,2.45,37372.59,8937.59,266537.15,491.14,213.98,1528.45
"VIC","Wellington",147.02409362793,-38.519416809082,0.54,1.42,1.67,1203.62,482.28,4127.61,368.39,166.15,1095.61
"VIC","Wellington",147.07096862793,-38.4757423400879,0.54,1.43,1.74,939.21,388.48,3086.18,216.4,103.17,601.62
"VIC","Wellington",147.189910888672,-38.3921127319336,0.54,1.43,1.78,1005.58,405.6,3445.07,150.11,75.27,389.25
"VIC","Wellington",147.261337280273,-38.3325843811035,0.54,1.42,1.79,1373.75,521.85,5153.56,142.83,71.62,371.65
"VIC","Wellington",147.33967590332,-38.2696342468262,0.54,1.42,1.84,1641.02,607.85,6376.64,118.69,60.59,302.6
"VIC","Wellington",147.453384399414,-38.1829528808594,0.54,1.42,1.87,1327.66,517.95,4751.76,98.51,51.82,240.38
"VIC","Wellington",147.522064208984,-38.1248092651367,0.54,1.42,1.77,1605.4,609.06,5975.99,137.11,69.89,346.82
"VIC","Wellington",147.615447998047,-38.0626106262207,0.54,1.41,1.8,2523.86,887.06,10508.9,119.62,62.47,291.86
"VIC","Wellington",147.695892333984,-38.0107536315918,0.54,1.4,1.93,3853.02,1261.6,17800.14,76.02,42.16,170.87
"VIC","East Gippsland",147.829528808594,-37.9416542053223,0.54,1.39,1.95,6306.05,1904.03,32800.06,70.88,39.73,156.95
"VIC","East Gippsland",147.875839233398,-37.9240379333496,0.54,1.39,1.96,6587.8,1977.9,34527.07,73.72,41.24,163.43
"VIC","East Gippsland",148.034805297852,-37.877140045166,0.54,1.39,1.91,6525.14,1953.05,34422.98,86.01,47.21,195.42
"VIC","East Gippsland",148.155181884766,-37.8430023193359,0.54,1.4,1.93,5188.11,1605.81,26105.58,86.13,47.29,195.66
"VIC","East Gippsland",148.258483886719,-37.8193511962891,0.54,1.39,1.96,5617.82,1725.32,28526.61,88.66,48.55,201.96
"VIC","East Gippsland",148.356628417969,-37.8117446899414,0.54,1.4,1.99,4825.12,1510.3,23890.88,104.68,55.66,249.2
"VIC","East Gippsland",148.521102905273,-37.804370880127,0.54,1.39,2,5568.17,1714.52,28153.22,106.4,56.56,253.14
"VIC","East Gippsland",148.585525512695,-37.8069458007812,0.54,1.4,2.05,5088.84,1574.27,25666.65,123.77,63.66,310.09
"VIC","East Gippsland",148.72981262207,-37.8159523010254,0.54,1.38,2.22,10194.73,2926.76,56397.63,94.7,50.46,226.09
"VIC","East Gippsland",148.786849975586,-37.7952995300293,0.54,1.4,2.25,4975.97,1566.92,24306.54,76.03,42,172.24
"VIC","East Gippsland",148.886962890625,-37.7905311584473,0.54,1.4,2.23,3220.19,1078.33,14439.16,96.47,51.64,228.03
"VIC","East Gippsland",149.046005249023,-37.7861557006836,0.54,1.4,2.28,3678.56,1229.57,16402.63,86.21,47.11,197.49
"VIC","East Gippsland",149.16242980957,-37.7828369140625,0.54,1.81,2.78,3452.95,1171.85,15030.24,65,37.04,140.33
"VIC","East Gippsland",149.273971557617,-37.8057403564453,0.54,1.8,2.67,6706.92,2088.97,32775.8,87.42,47.66,201
"VIC","East Gippsland",149.366806030273,-37.7815475463867,0.54,1.81,2.78,3880.59,1303.85,17078.03,62.83,35.95,134.95
"VIC","East Gippsland",149.426132202148,-37.7818412780762,0.54,1.81,2.71,4245.38,1414.44,18867.47,76.11,42.33,170.2
"VIC","East Gippsland",149.480285644531,-37.7810363769531,0.54,1.81,2.5,4393.17,1445.35,19940.03,126.04,64.54,317.99
"VIC","East Gippsland",149.494430541992,-37.7751312255859,0.54,1.81,2.59,4727.15,1549.62,21497.59,83.08,45.19,192.51
"VIC","East Gippsland",149.602462768555,-37.7272529602051,0.54,1.81,3.2,4504.15,1480.36,20448.8,19.72,13.26,33.85
"VIC","East Gippsland",149.671539306641,-37.6921310424805,0.54,1.81,2.76,4676.31,1533.63,21263.85,38.21,23.49,74.21
"VIC","East Gippsland",149.713882446289,-37.6465682983398,0.54,1.81,2.94,4342.92,1438.1,19491.7,26.66,17.19,48.51
"VIC","East Gippsland",149.721771240234,-37.6194801330566,0.54,1.81,2.42,3920.81,1313.14,17346.22,96.68,51.56,230.11
"VIC","East Gippsland",149.768264770508,-37.5742301940918,0.54,1.81,1.91,3819.16,1289.12,16682.87,407.99,177.91,1284.04
"TAS","Huon Valley",146.70002746582,-43.6302795410156,0.54,1.62,1.99,3551,1154.19,16730.19,332.48,150.07,994.44
"TAS","Huon Valley",146.725952148438,-43.6302185058594,0.54,1.62,2.71,2663.18,908.96,11673.47,56.52,32.39,121.93
"TAS","Huon Valley",146.823883056641,-43.6396865844727,0.54,1.64,2.39,1554.26,577.77,6021.52,148.89,74.76,385.31
"TAS","Huon Valley",146.83642578125,-43.6413917541504,0.54,1.64,2.58,1587.51,593.97,6067.6,69.07,38.87,152
"TAS","Huon Valley",146.875350952148,-43.6377182006836,0.54,1.64,2.01,1331.11,515.05,4835.83,335.8,150.88,1012.43
"TAS","Huon Valley",146.65266418457,-43.6085815429688,0.54,1.61,3.55,5364.69,1630.48,27880.77,8.7,6.44,13.18
"TAS","Huon Valley",146.925216674805,-43.5979690551758,0.54,1.64,4.39,1212.44,475.11,4328.85,8.47,6.37,12.47
"TAS","Huon Valley",146.024490356445,-43.5679931640625,0.54,1.6,1.84,16536.73,4864.43,84889.27,2646.79,908.2,11490.33
"TAS","Huon Valley",146.041366577148,-43.5667343139648,0.54,1.58,2.02,46622.99,11672.66,301141.23,451.68,194.11,1450.99
"TAS","Huon Valley",146.100540161133,-43.5627288818359,0.54,1.59,1.8,24055.71,6503.66,140655.97,2788.98,938.59,12514.3
"TAS","Huon Valley",146.117294311523,-43.5540924072266,0.54,1.59,3.16,38639.99,9632.1,254510.55,25.3,15.95,48.29
"TAS","Huon Valley",146.204208374023,-43.5411643981934,0.54,1.59,2.26,30709.12,7801.64,198224.36,111.52,59.11,265.81
"TAS","Huon Valley",146.289398193359,-43.5471343994141,0.54,1.59,3.34,34441.63,8308.03,243049.25,15.06,10.73,23.63
"TAS","Huon Valley",146.330108642578,-43.5856704711914,0.54,1.6,2.36,16646.49,4470.76,100919.24,117.97,62.92,276.98
"TAS","Huon Valley",146.375564575195,-43.5824508666992,0.54,1.59,2.62,20659,5175.47,140755.91,37.48,22.85,74.04
"TAS","Huon Valley",146.386032104492,-43.586597442627,0.54,1.59,1.94,18126.43,4605.45,121381.36,580.85,243.01,1928.47
"TAS","Huon Valley",146.461120605469,-43.5462989807129,0.54,1.6,3.54,12956.14,3446.97,81424.78,14.35,9.92,23.89
"TAS","Huon Valley",146.527770996094,-43.5751419067383,0.54,1.6,2.06,10770.87,2937.93,65419.69,146.57,73.75,378.16
"TAS","Huon Valley",146.597885131836,-43.5658683776855,0.54,1.62,2.4,3365.58,1105.86,15592.83,61.63,35.5,130.89
"TAS","Huon Valley",146.925354003906,-43.5755615234375,0.54,1.64,2.02,1260.94,491.19,4540.21,332.66,150.82,986.66
"TAS","Huon Valley",146.02912902832,-43.5403099060059,0.54,1.59,1.92,28026.01,7688.72,158161.55,1278.3,479.21,4941.06
"TAS","Huon Valley",146.963455200195,-43.5297203063965,0.54,1.64,3.51,1365.87,526.14,4994.94,15.48,10.64,25.95
"TAS","Kingborough",147.287857055664,-43.5285034179688,0.54,1.64,2.92,1423.37,540.97,5322.23,38.65,23.64,75.76
"TAS","Kingborough",147.299224853516,-43.5296592712402,0.54,1.62,2.19,4008.71,1306.83,18621.94,212.78,103.85,566.59
"TAS","Huon Valley",145.998428344727,-43.4649772644043,0.54,1.59,1.96,20659.08,5907.62,110148.31,954.04,373.69,3464.54
"TAS","Huon Valley",146.991561889648,-43.4864807128906,0.54,1.64,2.41,1475.39,560.7,5504.53,91.23,49.17,213.76
"TAS","Kingborough",147.1865234375,-43.4901275634766,0.54,1.63,2.75,1635.76,607.2,6332.17,32.04,20.12,60.54
"TAS","Kingborough",147.331878662109,-43.4914779663086,0.54,1.62,2.43,4099,1307.7,19803.94,66.24,37.99,141.13
"TAS","Huon Valley",145.960891723633,-43.4287185668945,0.54,1.59,2.12,28745.49,7797.65,165296.2,203.69,100.02,537.87
"TAS","Huon Valley",147.029708862305,-43.4380493164062,0.54,1.64,1.89,1556.84,585.18,5907.33,807.07,325.27,2809.97
"TAS","Kingborough",147.205184936523,-43.4563064575195,0.54,1.63,2.18,1651.52,612.52,6399.49,164.6,84.31,407.62
"TAS","Kingborough",147.349029541016,-43.4391441345215,0.54,1.62,2.78,3941.15,1265.05,18874.32,28.35,18.25,51.57
"TAS","Huon Valley",145.957672119141,-43.4231262207031,0.54,1.64,1.87,1274.74,493.71,4635.85,459.22,201.97,1410.47
"TAS","Huon Valley",147.029922485352,-43.4311828613281,0.54,1.63,1.7,1647.41,614.21,6322.64,1564.51,577.77,6133.67
"TAS","Kingborough",147.169281005859,-43.4217338562012,0.54,1.63,2.68,1818.75,666,7170.53,27.38,17.56,50.25
"TAS","Kingborough",147.381912231445,-43.3907890319824,0.54,1.62,2.45,3965.88,1271.95,19013.71,38.95,24.59,71.99
"TAS","Huon Valley",145.953216552734,-43.3851013183594,0.54,1.64,1.73,1347.66,512.16,5058.19,1252.43,477.53,4695.39
"TAS","Kingborough",147.100143432617,-43.3887329101562,0.54,1.63,1.85,2013.4,725.77,8118.97,1181.99,455.8,4355.4
"TAS","Kingborough",147.174331665039,-43.3735466003418,0.54,1.63,2.61,2000.27,722.84,8032.05,37.58,23.05,73.4
"TAS","Kingborough",147.388381958008,-43.3743095397949,0.54,1.62,3.4,4037.94,1294.23,19357.89,18.15,12.11,31.8
"TAS","West Coast",145.860122680664,-43.3240089416504,0.54,1.59,3.52,33970.26,9011.26,201387.25,22.64,14.65,41.41
"TAS","West Coast",145.872009277344,-43.3267440795898,0.54,1.58,2.2,48729.57,12261.72,311069.22,249.47,118.72,689.04
"TAS","Huon Valley",147.072708129883,-43.332218170166,0.54,1.63,1.81,2097.07,752.38,8507.78,1581.1,589.18,6090.55
"TAS","Kingborough",147.175140380859,-43.3535766601562,0.54,1.63,2.55,2086.03,749.08,8452.01,47.29,28,97.11
"TAS","Kingborough",147.387649536133,-43.3644943237305,0.54,1.62,4.18,4029.53,1291.95,19308.85,6.07,4.82,8.25
"TAS","West Coast",145.809722900391,-43.2847747802734,0.54,1.61,1.82,5559.46,1825.98,24940.14,1385.14,531.79,5092.11
"TAS","Huon Valley",147.145385742188,-43.2968673706055,0.54,1.63,1.95,2246.4,797.75,9246.68,283.25,139.25,731.44
"TAS","Kingborough",147.343643188477,-43.2917823791504,0.54,1.62,4.25,4277.84,1359.45,20757.72,5.79,4.64,7.81
"TAS","West Coast",145.810775756836,-43.2693901062012,0.54,1.66,2.02,674.61,288.08,2134.44,278.29,134.14,745.39
"TAS","Kingborough",147.368865966797,-43.2646980285645,0.54,1.62,1.93,4390.42,1389.96,21417.85,846.39,342.19,2920.03
"TAS","Kingborough",147.424240112305,-43.2564239501953,0.54,1.62,3.29,4414.76,1395.24,21599.46,15.78,10.89,26.23
"TAS","Tasman",147.774551391602,-43.2328567504883,0.54,1.62,3.33,4168.02,1332.57,20031.75,14.25,9.99,23.16
"TAS","Tasman",147.796905517578,-43.2448196411133,0.54,1.61,2.35,5325.84,1632.09,27260.16,53.13,31.44,108.37
"TAS","West Coast",145.780456542969,-43.2245597839355,0.54,1.65,1.88,824.9,351.61,2587.03,1272.26,491.25,4653.66
"TAS","Kingborough",147.43603515625,-43.2273254394531,0.54,1.62,3.03,4322.29,1371.26,21025.24,17.77,12.1,29.99
"TAS","Tasman",147.715576171875,-43.1994171142578,0.54,1.61,2.43,4469.43,1407.91,21983.53,86.44,46.64,202.88
"TAS","Tasman",147.862182617188,-43.2088279724121,0.54,1.61,2.4,5753.46,1743.92,29902.68,109.78,57.54,267.61
"TAS","Tasman",147.872680664062,-43.2120361328125,0.54,1.61,3.46,5635.18,1715.49,29090.37,14.16,9.9,23.11
"TAS","Tasman",147.958618164062,-43.2214050292969,0.54,1.61,2.6,6277.72,1878.88,33214.09,61.13,35.84,125.72
"TAS","Tasman",147.998931884766,-43.2302474975586,0.54,1.61,2.64,6431.2,1921.7,34071.9,28.37,18.36,51.1
"TAS","West Coast",145.754043579102,-43.1833763122559,0.54,1.59,1.96,26535.4,7147.93,155260.74,1076.79,428.79,3760.8
"TAS","Kingborough",147.433731079102,-43.2078018188477,0.54,1.62,2.93,4290.17,1362.6,20835.89,21.43,14.17,37.76
"TAS","Tasman",147.696899414062,-43.1781997680664,0.54,1.62,2.64,4281.88,1360.35,20787.25,18.59,12.54,31.89
"TAS","Tasman",148.010375976562,-43.2168273925781,0.54,1.6,2.24,14246.34,3833.83,86986.38,138.75,72.17,337.66
"TAS","West Coast",145.696655273438,-43.1235504150391,0.54,1.58,2.03,110489.31,23886.01,884767.76,584.22,256.87,1768.12
"TAS","Kingborough",147.411727905273,-43.1649971008301,0.54,1.62,2.75,4356.41,1379.12,21265.98,31.81,20.08,59.52
"TAS","Tasman",147.666564941406,-43.140209197998,0.54,1.62,2.55,4346.74,1377.08,21192.31,34.69,21.21,68.56
"TAS","Tasman",148.008834838867,-43.1421737670898,0.54,1.6,2.43,14321.8,3849.7,87605.74,43.35,26.76,82.93
"TAS","West Coast",145.685073852539,-43.112190246582,0.54,1.64,2.18,1602.15,617.63,5792.85,183.72,90.87,481.99
"TAS","Kingborough",147.404937744141,-43.1275825500488,0.54,1.62,1.82,4284.83,1360.76,20815.9,2005.79,715.76,8245.09
"TAS","Tasman",147.647872924805,-43.0914535522461,0.54,1.61,2.6,4468.76,1407.96,21972.68,25.04,16.04,46.31
"TAS","Tasman",148.007949829102,-43.133716583252,0.54,1.6,2.36,13008.46,3540.39,78252.99,53,32,104.25
"TAS","West Coast",145.647384643555,-43.0529747009277,0.54,1.66,1.89,715.69,307.75,2227.78,1597.35,591.86,6214.76
"TAS","Clarence",147.42106628418,-43.0523529052734,0.54,1.62,1.8,4394.64,1388.97,21505.5,2230.51,778.68,9485.69
"TAS","Tasman",147.63232421875,-43.0770645141602,0.54,1.61,2.47,4545.28,1426.55,22486.42,24.33,15.85,43.74
"TAS","Tasman",147.969223022461,-43.0835113525391,0.54,1.6,5.48,12752.73,3485.36,76214.63,4.53,3.69,6
"TAS","West Coast",145.606002807617,-43.012264251709,0.54,1.64,1.82,1604.6,622.75,5730.79,1849.89,680.76,7218.38
"TAS","Kingborough",147.348052978516,-43.0447425842285,0.54,1.62,1.79,4099.52,1305.74,19867.43,2471.26,828.75,11263.18
"TAS","Clarence",147.474639892578,-43.0356559753418,0.54,1.61,1.87,4501.19,1414.06,22243.52,1560.93,558.74,6495.06
"TAS","Clarence",147.52082824707,-43.0234298706055,0.54,1.62,1.79,4438.22,1394.62,21944.44,2986.81,998.08,13516.92
"TAS","Tasman",147.620849609375,-43.0335884094238,0.54,1.61,2.04,5241.12,1600.01,27054.13,97.7,53.09,224.31
"TAS","Tasman",147.953903198242,-43.0417671203613,0.54,1.6,3.28,12627.26,3455.75,75323.96,18.47,12.2,32.97
"TAS","West Coast",145.525390625,-42.9875373840332,0.54,1.57,5.71,185851.72,36818.43,1691266.36,3.8,3.16,4.9
"TAS","West Coast",145.598937988281,-42.99365234375,0.54,1.65,1.77,1037.2,414.36,3609.62,1694.55,617.63,6772.11
"TAS","Clarence",147.420562744141,-42.9977531433105,0.54,1.62,1.83,4068.91,1288.21,19957.81,1980.29,680.12,8765.68
"TAS","Clarence",147.553817749023,-42.989860534668,0.54,1.61,2.02,5097.27,1556.74,26344.76,688.17,275.84,2449.15
"TAS","Tasman",147.631622314453,-42.9938316345215,0.54,1.61,2.33,6884.3,2005.53,38097.27,42.93,25.46,88.51
"TAS","Tasman",147.986022949219,-42.9831314086914,0.54,1.5,4,12203.74,3359.6,72162.48,6.68,5.24,9.27
"TAS","West Coast",145.488647460938,-42.9550094604492,0.54,1.58,1.99,65414.82,14599.06,511170.1,1823.08,632.46,7964.42
"TAS","Clarence",147.554840087891,-42.9659843444824,0.54,1.61,1.77,6246.37,1840.5,34066.23,2537.05,851.43,11524.29
"TAS","Tasman",147.632385253906,-42.9556884765625,0.54,1.61,2.45,7423.93,2135.53,41859.42,32.21,19.97,62.26
"TAS","Tasman",148.003829956055,-42.9639625549316,0.54,1.51,3.12,11378.16,3162.73,66389.09,14.76,10.51,23.25
"TAS","West Coast",145.449157714844,-42.9071311950684,0.54,1.64,1.89,1303.12,526.99,4374.62,2447.39,809.29,11470.9
"TAS","Clarence",147.537948608398,-42.9388542175293,0.54,1.61,1.73,6658.78,1940.54,36915.59,3541.42,1116.31,17701.83
"TAS","Tasman",147.640472412109,-42.9432792663574,0.54,1.61,2.55,7857.69,2244.55,44714.21,23.75,15.42,43.01
"TAS","Tasman",148.00407409668,-42.916877746582,0.54,1.51,3.33,11378.09,3180.31,65694.26,11.28,8.2,17.37
"TAS","West Coast",145.431121826172,-42.8805046081543,0.54,1.66,1.85,651.14,280.86,2027.22,1655.1,580.08,7141.78
"TAS","Clarence",147.515411376953,-42.879077911377,0.54,1.61,1.74,7330.32,2113.19,41198.08,2967.87,975.08,13879.39
"TAS","Sorell",147.600143432617,-42.8698997497559,0.54,1.61,2.32,7303.77,2116.62,40647.26,24.26,16.13,41.99
"TAS","Tasman",147.98518371582,-42.8885726928711,0.54,1.5,4.18,11463.03,3207.23,66026.2,6.25,4.93,8.6
"TAS","West Coast",145.415832519531,-42.836971282959,0.54,1.59,1.91,22175.63,5768.62,139966.36,2777.62,915.95,12961.99
"TAS","Clarence",147.536834716797,-42.8490219116211,0.54,1.61,1.76,6533.35,1919.5,35709.54,2635.59,877.01,12134.63
"TAS","Clarence",147.579864501953,-42.8435554504395,0.54,1.61,2.07,7233.77,2094.98,40336.81,63.41,36.91,131.84
"TAS","Tasman",147.924240112305,-42.8430862426758,0.54,1.5,4.03,12001.22,3359.01,68858.92,7.61,5.78,11.09
"TAS","West Coast",145.382736206055,-42.7888107299805,0.54,1.57,1.72,160326.91,30671.13,1574322.2,1794.32,635.95,7531.3
"TAS","Sorell",147.520858764648,-42.803165435791,0.54,1.61,1.81,7065.77,2118.19,36955.79,1349.12,502.68,5255.34
"TAS","Sorell",147.581939697266,-42.8016395568848,0.54,1.6,2.88,14267.86,3710.92,92996.41,26.04,16.59,48.56
"TAS","West Coast",145.376937866211,-42.7676277160645,0.54,1.61,1.86,5044.43,1593.07,24484.34,837.12,345.07,2787.83
"TAS","Sorell",147.932952880859,-42.7424583435059,0.54,1.5,2.68,12619.78,3505.94,73175.09,28.3,18.1,52.1
"TAS","West Coast",145.368698120117,-42.7230072021484,0.54,1.59,2.18,18388.56,4857.3,114230.33,145.94,75.46,357.89
"TAS","Glamorgan-Spring Bay",148.006561279297,-42.7278175354004,0.54,1.5,2.19,12210.57,3406.82,70394.02,58.36,34.17,120.71
"TAS","Glamorgan-Spring Bay",148.054504394531,-42.7257995605469,0.54,1.5,2.22,13152.91,3628.23,77070.4,53.53,31.56,109.91
"TAS","Glamorgan-Spring Bay",148.096984863281,-42.7202072143555,0.54,1.5,2.05,14152.37,3865.96,84039.57,166.38,85.09,412.9
"TAS","West Coast",145.331405639648,-42.6594543457031,0.54,1.59,2.81,38287.83,9096.82,275987.2,17.52,11.94,29.61
"TAS","Glamorgan-Spring Bay",148.148025512695,-42.669303894043,0.54,1.5,2.77,15970.66,4280.78,97462.59,18.13,12.48,30
"TAS","West Coast",145.32160949707,-42.6448287963867,0.54,1.66,2.72,576.61,253.01,1752.9,19.27,12.9,33.45
"TAS","Glamorgan-Spring Bay",148.169342041016,-42.6512565612793,0.54,1.5,2.42,17227.49,4561.74,107010.35,46.17,27.15,96.22
"TAS","West Coast",145.264724731445,-42.6105651855469,0.54,1.62,2.6,3616.29,1184.71,16763.64,23.25,15.22,41.5
"TAS","Glamorgan-Spring Bay",148.160095214844,-42.6400108337402,0.54,1.5,2.71,17460.33,4661,106714.64,26.69,17.14,48.94
"TAS","West Coast",145.27473449707,-42.5649108886719,0.54,1.63,1.86,2477.84,861.51,10541.38,2630.43,925.17,10908.62
"TAS","Glamorgan-Spring Bay",148.055892944336,-42.579460144043,0.54,1.5,2.19,13403.19,3748.53,76435.92,41.53,25.52,80.31
"TAS","Glamorgan-Spring Bay",148.107009887695,-42.5763397216797,0.54,1.5,2.45,15019.06,4129.7,87738.17,20.86,14.08,35.44
"TAS","Glamorgan-Spring Bay",148.123977661133,-42.5849571228027,0.54,1.5,2.59,15270.27,4184.18,89687.69,31.67,19.73,60.77
"TAS","West Coast",145.262847900391,-42.5347366333008,0.54,2.49,3.17,247.89,118.83,675.77,38.64,23.29,77.82
"TAS","West Coast",145.237335205078,-42.4822196960449,0.54,2.42,3.22,2663.51,913.45,11569.62,19.18,13.1,32.04
"TAS","Glamorgan-Spring Bay",148.008987426758,-42.5015869140625,0.54,1.5,2.39,13443.84,3763.43,76517.89,41.17,24.58,84.11
"TAS","West Coast",145.231674194336,-42.466968536377,0.54,2.4,3.15,8970.37,2561.77,50573.62,33.31,20.97,62.45
"TAS","Glamorgan-Spring Bay",148.014312744141,-42.4557800292969,0.54,1.5,2.39,14209.04,3941.77,81947.45,55.75,32.09,119.38
"TAS","West Coast",145.232315063477,-42.4186172485352,0.54,2.46,3,536.33,239.56,1585.59,39.04,23.96,75.94
"TAS","Glamorgan-Spring Bay",148.011306762695,-42.4395561218262,0.54,1.5,2.29,14014.03,3893.57,80669.41,50.78,29.44,108.01
"TAS","West Coast",145.21257019043,-42.3617858886719,0.54,2.44,3.05,1236.03,472.62,4613.3,59.89,34.12,130.12
"TAS","Glamorgan-Spring Bay",148.015411376953,-42.372974395752,0.54,1.5,2.13,15621.83,4253.86,92688.48,108.46,57.63,257.9
"TAS","West Coast",145.191223144531,-42.3330688476562,0.54,2.37,3.13,114668.47,22928.06,1060425.69,72.89,40.18,166.25
"TAS","Glamorgan-Spring Bay",148.02897644043,-42.3470230102539,0.54,1.5,2.6,16303.31,4409.32,97688.89,21.12,14.17,36.25
"TAS","Glamorgan-Spring Bay",148.258193969727,-42.3345336914062,0.54,1.49,2.62,29867.01,7313.07,206954.98,22.16,14.67,38.9
"TAS","Glamorgan-Spring Bay",148.319534301758,-42.3450050354004,0.54,1.49,2.26,33528.44,8116.73,235454.82,78.83,43.15,181.24
"TAS","West Coast",145.176895141602,-42.2989883422852,0.54,2.41,2.87,6753.72,2066.33,34102.93,193.76,94.03,524.94
"TAS","Glamorgan-Spring Bay",148.017181396484,-42.2893524169922,0.54,1.5,2.31,17749.9,4698.82,110081.08,58.31,34.94,115.61
"TAS","Glamorgan-Spring Bay",148.228851318359,-42.3110466003418,0.54,1.49,2.65,31365.37,7541.13,224211.06,14.57,10.26,23.46
"TAS","Glamorgan-Spring Bay",148.330047607422,-42.3185920715332,0.54,1.49,2.36,27809.07,7056.73,181073.65,54.72,31.64,116.29
"TAS","West Coast",145.188659667969,-42.2482681274414,0.54,2.41,2.8,7755.04,2313.94,40658.39,398.16,175.45,1230.61
"TAS","Glamorgan-Spring Bay",148.029907226562,-42.2586402893066,0.54,1.5,1.74,19963.42,5156.85,128612.17,3273.56,1096.07,14665.15
"TAS","Glamorgan-Spring Bay",148.251510620117,-42.2540512084961,0.54,1.49,2.11,37762.66,8669.38,290900.05,54.86,31.82,115.95
"TAS","Glamorgan-Spring Bay",148.324981689453,-42.2534446716309,0.54,1.49,2.65,29242.22,7331.43,194088.33,28.75,18.14,54.24
"TAS","West Coast",145.171859741211,-42.2119636535645,0.54,2.47,2.86,487.56,220.87,1413.07,193.67,93.93,525.24
"TAS","Glamorgan-Spring Bay",148.071105957031,-42.1934814453125,0.54,1.49,1.81,26218.83,6370.44,186114.34,1560.7,573.25,6182.39
"TAS","Glamorgan-Spring Bay",148.248123168945,-42.2307014465332,0.54,1.49,2.56,36169.38,8329.96,277830.01,17.03,11.65,28.58
"TAS","Glamorgan-Spring Bay",148.34782409668,-42.2207717895508,0.54,1.49,2.17,31540.63,7779.35,214754.18,71.86,40.73,155.68
"TAS","West Coast",145.199859619141,-42.1949310302734,0.54,2.38,2.97,43033.84,9983.55,321849.09,93.29,50.9,213.2
"TAS","West Coast",145.25276184082,-42.1763648986816,0.54,2.43,2.81,1981.78,714.62,7994.81,392.57,176.84,1165.36
"TAS","Glamorgan-Spring Bay",148.085830688477,-42.1706275939941,0.54,1.49,1.7,27195.34,6543.42,196171.69,2933.41,1007.25,12629.29
"TAS","Glamorgan-Spring Bay",148.254638671875,-42.1658248901367,0.54,1.49,3.51,38189.5,8693.25,298790.85,7.22,5.55,10.31
"TAS","Glamorgan-Spring Bay",148.357803344727,-42.1832542419434,0.54,1.49,2.07,39076.43,9238.48,283903.74,91.15,49.54,210.17
"TAS","West Coast",145.259750366211,-42.1467628479004,0.54,2.46,3.51,554.99,242.51,1704.16,19.09,12.89,32.61
"TAS","Glamorgan-Spring Bay",148.082427978516,-42.1415100097656,0.54,1.49,1.73,28928.12,6872.31,212858.02,2075.65,746,8399.14
"TAS","Glamorgan-Spring Bay",148.243194580078,-42.1159973144531,0.54,1.49,2.06,37397.26,8609.36,286759.53,60.3,34.56,129.53
"TAS","Glamorgan-Spring Bay",148.341522216797,-42.1320266723633,0.54,1.49,1.96,40697.14,9511.12,301352.73,125.29,65.8,301.52
"TAS","West Coast",145.255340576172,-42.1075897216797,0.54,2.41,2.67,8098.08,2395.62,43019.65,1995.01,727.88,7870.8
"TAS","Glamorgan-Spring Bay",148.108413696289,-42.0997619628906,0.54,1.49,1.73,37825.25,8568.42,298967.62,2301.65,817.81,9449.16
"TAS","Glamorgan-Spring Bay",148.15641784668,-42.0934715270996,0.54,1.49,1.73,42727.88,9527.45,344959.25,2208.45,784.69,9091.72
"TAS","Glamorgan-Spring Bay",148.218154907227,-42.1014633178711,0.54,1.49,2.14,43778.55,9816.2,349015.49,72.44,40.27,162.68
"TAS","Glamorgan-Spring Bay",148.35368347168,-42.1143798828125,0.54,1.49,2.03,35770.12,8604.04,253109.44,122.77,64.06,299.48
"TAS","West Coast",145.247283935547,-42.0595054626465,0.54,2.44,2.99,1606.27,605.64,6047.6,99.6,52.4,242.71
"TAS","Glamorgan-Spring Bay",148.329803466797,-42.0832252502441,0.54,1.49,2.34,41184.47,9605.34,305887.8,57.82,33.23,123.91
"TAS","West Coast",145.229965209961,-42.0238990783691,0.54,2.42,2.94,3547.2,1195.9,15603.77,112.11,58.3,277.01
"TAS","Glamorgan-Spring Bay",148.290771484375,-42.0331077575684,0.54,1.49,2.31,41103.63,9577.16,305894.43,64.2,36.47,139.56
"TAS","West Coast",145.205535888672,-41.9772605895996,0.54,2.41,3.18,4573.17,1489.44,21094.11,71.94,40.26,159.61
"TAS","West Coast",145.210815429688,-41.987922668457,0.54,2.4,3.03,10346.16,3002.69,56026.82,50.19,29.52,103.96
"TAS","Glamorgan-Spring Bay",148.293594360352,-41.9944076538086,0.54,1.49,2.18,47508.78,10764.69,368991.34,141.07,73.56,341.3
"TAS","West Coast",145.151718139648,-41.9276809692383,0.54,2.37,2.97,184183.97,35008.04,1812791.59,173.76,86.18,455.26
"TAS","Glamorgan-Spring Bay",148.326049804688,-41.9238891601562,0.54,1.48,3.65,74427.55,15651.9,645112.39,12.78,9.1,20.34
"TAS","West Coast",145.123046875,-41.9068222045898,0.54,2.37,2.94,225619.98,41521.61,2327010.4,203.63,98.59,552.17
"TAS","Glamorgan-Spring Bay",148.32600402832,-41.9160652160645,0.54,1.48,2.33,63387.49,13705.84,527142.98,90.18,49.4,205.03
"TAS","West Coast",145.065216064453,-41.8570671081543,0.54,2.37,3.1,210909.93,39210.65,2144046.82,91.48,48.71,219.3
"TAS","Glamorgan-Spring Bay",148.313522338867,-41.8726387023926,0.54,1.48,2.01,65052.18,13999.52,544859.34,129.02,65.19,333.41
"TAS","Glamorgan-Spring Bay",148.285293579102,-41.8549880981445,0.54,1.48,2.29,75547.17,15935.47,650317.06,66.41,37.56,145.21
"TAS","West Coast",144.993347167969,-41.7665786743164,0.54,2.41,2.81,5141.12,1610.38,25307.51,158.73,81.22,394.75
"TAS","Break O'Day",148.276168823242,-41.7884788513184,0.54,1.48,1.87,111148.44,22006.94,1049819.01,198.62,98.87,512.18
"TAS","West Coast",144.968856811523,-41.7353935241699,0.54,2.41,2.89,7163.57,2152.27,37275.96,162,81.92,411.21
"TAS","Break O'Day",148.304916381836,-41.7495002746582,0.54,1.48,2.09,92096.75,18787.29,832983.48,135.5,68.88,344.8
"TAS","West Coast",144.913070678711,-41.7110061645508,0.54,2.45,2.85,1026.95,411.03,3564,84.42,46.62,189.98
"TAS","Break O'Day",148.29084777832,-41.712272644043,0.54,1.48,1.78,105589.76,21291.46,966678.67,362.9,166.22,1049.82
"TAS","West Coast",144.905609130859,-41.6852493286133,0.54,2.38,3.04,63309.39,14224.63,489598.94,78.94,43.94,175.82
"TAS","Break O'Day",148.295654296875,-41.6715774536133,0.54,1.48,1.85,101561.69,20763.07,908260.16,174.73,87.94,445.22
"TAS","Circular Head",144.895599365234,-41.6370429992676,0.54,2.4,3.02,10077.43,2883.84,56130.43,81.38,45.09,182.41
"TAS","Break O'Day",148.323333740234,-41.622428894043,0.54,1.48,2,87408.35,18424.81,745506.69,135.6,69.88,336.27
"TAS","Circular Head",144.87744140625,-41.5798988342285,0.54,2.41,3.29,5296.91,1674.57,25573.81,28.4,18.03,53.02
"TAS","Break O'Day",148.323577880859,-41.5981369018555,0.54,1.48,1.84,82358.62,17570.58,689505.02,358.29,164.5,1032.82
"TAS","Circular Head",144.852844238281,-41.5486030578613,0.54,2.37,3.31,160090.23,31968.14,1449786.88,25.63,16.75,45.63
"TAS","Break O'Day",148.303894042969,-41.5573692321777,0.54,1.48,2.24,84333.16,17940.87,708650.73,79.69,43.72,182.22
"TAS","Circular Head",144.818405151367,-41.5034866333008,0.54,2.39,3.42,31034.9,7782.79,205070.93,17.29,11.93,28.57
"TAS","Break O'Day",148.286987304688,-41.5200653076172,0.54,1.48,1.83,92752.96,19384.78,800649.79,288.65,135.88,805.69
"TAS","Circular Head",144.797225952148,-41.4758071899414,0.54,2.38,3.03,65932.86,15067.07,492678.96,54.51,31.93,113.12
"TAS","Break O'Day",148.269668579102,-41.4799690246582,0.54,1.48,2.64,89711.01,18863.83,767297.36,37.25,22.74,73.44
"TAS","Circular Head",144.749847412109,-41.4273529052734,0.54,2.38,3,63912.53,14577.13,480291.14,97.76,52.75,227.44
"TAS","Break O'Day",148.28434753418,-41.4291572570801,0.54,2.35,2.77,102480.49,21064.37,906526.12,239.98,115.45,651.2
"TAS","Circular Head",144.751449584961,-41.4097518920898,0.54,2.4,2.98,14780.07,4209.01,80999.12,100.04,53.57,235.64
"TAS","Break O'Day",148.297515869141,-41.3928070068359,0.54,2.36,2.82,85960.55,18229.89,725640.16,199.54,99.08,516.84
"TAS","Circular Head",144.760650634766,-41.350212097168,0.54,2.39,3.05,34959.54,8821.25,226611.43,90.43,48.69,212.33
"TAS","Break O'Day",148.308197021484,-41.3584861755371,0.54,2.36,2.85,76194.1,16619.25,615135.68,201.25,99.91,521.14
"TAS","Circular Head",144.714797973633,-41.298942565918,0.54,2.4,2.92,9240.06,2749.91,48111.53,142.26,72.98,354.59
"TAS","Break O'Day",148.335403442383,-41.3010597229004,0.54,2.36,2.91,85028.87,18293.41,699105.26,155.61,79.39,389.51
"TAS","Circular Head",144.707702636719,-41.2828521728516,0.54,2.42,2.98,4186.89,1374.09,19151.27,88.19,48.52,199.19
"TAS","Break O'Day",148.365814208984,-41.2782859802246,0.54,2.36,3.32,81501.7,17585.66,668399.37,69.65,38.74,156.72
"TAS","Circular Head",144.682250976562,-41.2399520874023,0.54,2.43,4.34,2071.83,746.26,8350.5,5.93,4.67,8.22
"TAS","Break O'Day",148.316146850586,-41.2480316162109,0.54,2.36,3,67814.39,15212.78,523540.28,122.84,62.79,311.51
"TAS","Circular Head",144.684188842773,-41.2004814147949,0.54,2.43,3.88,2004.83,726.94,7998.67,7.28,5.57,10.52
"TAS","Break O'Day",148.289001464844,-41.2092742919922,0.54,2.36,3.07,59162.75,13616.51,439415.76,118.43,61.15,295.48
"TAS","Circular Head",144.669128417969,-41.1608581542969,0.54,2.44,3.33,1587.7,588.48,6175.77,14.04,9.95,22.4
"TAS","Break O'Day",148.287109375,-41.1660232543945,0.54,2.37,3.19,29866.7,7576.8,193650.09,99.05,52.15,241.18
"TAS","Circular Head",144.661819458008,-41.1233596801758,0.54,2.43,3.52,2075.91,751.59,8286.33,303.21,138.78,889.1
"TAS","Central Coast (Tas.)",146.15837097168,-41.1372108459473,0.54,2.44,2.83,1990.26,718.63,8006.91,227.31,108.39,629.5
"TAS","Central Coast (Tas.)",146.198120117188,-41.1493263244629,0.54,2.44,2.75,1823.3,665.73,7226.46,291.18,133.92,848.49
"TAS","Central Coast (Tas.)",146.2568359375,-41.1485290527344,0.54,2.44,2.77,1859.92,679.59,7351.9,276.24,128.19,794.38
"TAS","Devonport",146.321304321289,-41.1522064208984,0.54,2.44,2.89,1745.04,643.15,6816.42,187.09,91.08,505.08
"TAS","Latrobe (Tas.)",146.430786132812,-41.155158996582,0.54,2.45,2.9,1505.72,568.46,5679.32,195.73,95.18,527.89
"TAS","Latrobe (Tas.)",146.492980957031,-41.1431465148926,0.54,2.45,2.91,1498.12,567.37,5619.72,183.75,90.59,484.96
"TAS","Latrobe (Tas.)",146.525863647461,-41.1228256225586,0.54,2.45,2.71,1627.98,612.75,6143.85,262.56,124.36,729.13
"TAS","Latrobe (Tas.)",146.589111328125,-41.1430435180664,0.54,2.45,2.92,1312.42,506.79,4790.18,9.75,7.26,14.51
"TAS","Break O'Day",148.282577514648,-41.1071319580078,0.54,2.36,2.99,53184.95,12552.53,379634.53,121.98,62.79,305.4
"TAS","Circular Head",144.664001464844,-41.0789909362793,0.54,2.43,3.72,2370.2,867.51,9196.6,260.87,119.48,772.5
"TAS","Central Coast (Tas.)",146.043014526367,-41.0946350097656,0.54,2.43,2.86,2044.12,734.84,8276.39,251.14,116.85,723.51
"TAS","Central Coast (Tas.)",146.093994140625,-41.1137771606445,0.54,2.43,2.88,2042.1,734.64,8257.79,165.78,84.1,417.74
"TAS","Latrobe (Tas.)",146.640960693359,-41.0928993225098,0.54,2.42,2.63,1536.74,585.25,5696.08,16.44,11.34,27.24
"TAS","Break O'Day",148.294143676758,-41.0832061767578,0.54,2.36,4.22,49842.85,11873.24,351206.81,14.31,9.98,23.47
"TAS","Circular Head",144.630340576172,-41.0435943603516,0.54,2.42,3.9,2872.74,1015.23,11742.92,156.19,76.12,426.55
"TAS","Burnie",145.97412109375,-41.0647888183594,0.54,2.43,2.88,2122.24,760.92,8613.26,176.01,88.76,446.68
"TAS","West Tamar",146.705780029297,-41.0612106323242,0.54,2.41,2.84,1650.23,625.28,6146.51,166.3,84.66,416.24
"TAS","West Tamar",146.720199584961,-41.0631256103516,0.54,2.41,2.35,1574.29,601.26,5796.03,35.69,22.02,69.17
"TAS","Break O'Day",148.299789428711,-41.0481185913086,0.54,2.36,3.04,45257.29,10957.26,311407.61,143.07,72.78,362.26
"TAS","Circular Head",144.602462768555,-41.0091133117676,0.54,2.42,3.56,4341.04,1476.01,18563.24,244.35,115.77,681.52
"TAS","Waratah-Wynyard",145.83430480957,-41.0343780517578,0.54,2.43,3.01,1721.99,632.44,6776.36,222.66,104.25,639.52
"TAS","Burnie",145.913665771484,-41.0499877929688,0.54,2.43,3.09,2005.57,723.47,8078.66,86.75,48.49,190.51
"TAS","George Town",146.850326538086,-41.0287094116211,0.54,2.41,3.03,1550.86,599.33,5593.47,102.13,55.77,231.68
"TAS","George Town",146.880859375,-41.0161895751953,0.54,2.41,2.24,1605.98,619.01,5807.32,87.24,48.02,197.04
"TAS","Break O'Day",148.353164672852,-40.994701385498,0.54,2.37,4.51,34909.19,8755.07,228863,14.46,10.11,23.59
"TAS","Circular Head",144.611099243164,-40.9469757080078,0.54,2.41,3.73,5155.42,1709.01,22846.26,140.72,71.23,360.02
"TAS","Waratah-Wynyard",145.757232666016,-40.9896659851074,0.54,2.43,4.14,1908.6,693.13,7617.62,12.66,9.17,19.5
"TAS","George Town",147.00080871582,-40.9813957214355,0.54,2.41,3.34,1824.95,690.35,6775.25,41.26,25.74,77.63
"TAS","George Town",147.050521850586,-40.9833717346191,0.54,2.41,2.8,1678.7,642.54,6131.37,325.49,154.19,891.26
"TAS","George Town",147.10888671875,-40.9926414489746,0.54,2.41,3.13,1753.05,668.04,6437.61,78.02,44.94,163.33
"TAS","George Town",147.168502807617,-41.000904083252,0.54,2.41,3.17,1637.11,631.97,5896.77,84.73,48.43,178.98
"TAS","Dorset",147.230133056641,-40.9747161865234,0.54,2.41,3.75,1700,653.9,6149.36,18.47,12.77,30.28
"TAS","Dorset",147.39714050293,-40.9836044311523,0.54,2.42,3.31,1425.66,568.22,4887.17,49.65,30.37,95.76
"TAS","Dorset",147.488128662109,-40.9723701477051,0.54,2.41,2.29,1701.88,660.38,6059.23,82.78,45.84,185.52
"TAS","Break O'Day",148.352798461914,-40.9916381835938,0.54,2.37,4.17,34847.12,8772.78,226884.32,17.66,12.06,29.67
"TAS","Circular Head",144.626983642578,-40.9217834472656,0.54,2.39,4.16,24714.53,6339.32,158978.97,56.58,32.04,124.89
"TAS","Waratah-Wynyard",145.689300537109,-40.935115814209,0.54,2.44,2.97,1556.15,581.27,5974.15,206.73,97.35,590.48
"TAS","Waratah-Wynyard",145.72607421875,-40.9378356933594,0.54,2.44,3.16,1573.32,586.1,6065.96,96.32,54.32,206.93
"TAS","Dorset",147.282119750977,-40.9394226074219,0.54,2.41,3.56,2036.79,758.67,7725.63,33.29,21.35,60.35
"TAS","Dorset",147.329818725586,-40.9436912536621,0.54,2.41,3.51,1694.39,655.96,6059.25,39.22,24.65,73.06
"TAS","Dorset",147.349945068359,-40.9411163330078,0.54,2.41,3.39,1739.16,670.05,6264.04,50.79,30.62,100.39
"TAS","Dorset",147.537063598633,-40.9300727844238,0.54,2.41,3.55,2156.7,811.07,8012.17,6.5,5.08,9.07
"TAS","Break O'Day",148.306838989258,-40.9382095336914,0.54,2.37,2.97,21231.18,5752.38,124617.45,112.43,60.11,263.59
"TAS","Circular Head",144.646362304688,-40.8981094360352,0.54,2.39,3.59,20701.74,5345.95,133104.05,275.3,127.49,794.93
"TAS","Waratah-Wynyard",145.581344604492,-40.9089317321777,0.54,2.43,2.96,1762.33,647.31,6923.26,195.46,93.23,546.99
"TAS","Waratah-Wynyard",145.614685058594,-40.9245758056641,0.54,2.43,3.43,1644.55,610.55,6362.25,49.33,29.71,97.87
"TAS","Dorset",147.556701660156,-40.8995056152344,0.54,2.41,2.81,2338.31,871.5,8786.91,18.01,12.31,30.15
"TAS","Dorset",148.261993408203,-40.8855972290039,0.54,2.38,3.03,15657.78,4461.26,85421.2,124.38,64.42,307.42
"TAS","Circular Head",144.696090698242,-40.8595733642578,0.54,2.39,3.77,21157.74,5558.64,131506.47,156.84,76.7,425.36
"TAS","Circular Head",145.410034179688,-40.8539161682129,0.54,2.43,2.62,2429.68,849.33,10246.27,720.87,293.14,2487.26
"TAS","Circular Head",145.476165771484,-40.8643913269043,0.54,2.43,2.62,2082.81,745.01,8501.56,729.34,297.62,2498.09
"TAS","Circular Head",145.514511108398,-40.8528327941895,0.54,2.43,3.49,2118.75,756.58,8665.78,41.47,25.47,80.26
"TAS","Dorset",147.594696044922,-40.8484535217285,0.54,2.41,2.7,2323.35,874.09,8588.1,204.58,105.62,493.06
"TAS","Dorset",147.740966796875,-40.8519058227539,0.54,2.4,2.62,2732.55,1045.12,9725.14,487.34,222.93,1387.97
"TAS","Dorset",147.760986328125,-40.8531341552734,0.54,2.4,3.04,2794.57,1066.17,9977.88,112.88,61.71,254.07
"TAS","Dorset",147.860855102539,-40.8730316162109,0.54,2.4,3.19,2974.42,1118.28,10860.27,89.91,50.21,197.35
"TAS","Dorset",147.899719238281,-40.844913482666,0.54,2.4,2.86,3515.75,1297.25,13150.05,25.29,16.43,45.57
"TAS","Dorset",148.210830688477,-40.8399543762207,0.54,2.38,2.79,11103.21,3365.69,55264.58,232.37,110.32,647.81
"TAS","Circular Head",144.69287109375,-40.8074645996094,0.54,2.4,3.41,8923.76,2669.81,46117.81,744.02,293.99,2705.96
"TAS","Circular Head",145.299163818359,-40.8147354125977,0.54,2.42,2.61,2731.66,936.88,11843.55,1020.08,386.68,3924.49
"TAS","Circular Head",145.357513427734,-40.8470153808594,0.54,2.43,3.31,2440.58,851.05,10336.46,67.52,38.57,144.71
"TAS","Dorset",147.636962890625,-40.8108901977539,0.54,2.4,2.64,2788.33,1051.35,10163.98,456.5,210.32,1288.4
"TAS","Dorset",147.674896240234,-40.8212509155273,0.54,2.4,3.19,3047.74,1145.82,11114.47,84.83,47.46,186.25
"TAS","Dorset",147.923492431641,-40.8156623840332,0.54,2.4,2.66,3533.91,1304.51,13204.41,74.48,42.31,160.26
"TAS","Dorset",148.176132202148,-40.8186264038086,0.54,2.38,3.16,9603.27,2986.39,46036.1,202.27,96.92,559.69
"TAS","Circular Head",144.680114746094,-40.7445640563965,0.54,2.39,3.54,21028.39,5479.07,132802.58,249.24,115.2,727.67
"TAS","Circular Head",145.095779418945,-40.7816848754883,0.54,2.42,2.69,4127.3,1319.57,19849.46,383.42,168.37,1196.26
"TAS","Circular Head",145.150955200195,-40.7978782653809,0.54,2.42,2.66,3599.38,1174.87,16806.48,577.5,237.49,1982.21
"TAS","Circular Head",145.227600097656,-40.7947006225586,0.54,2.42,3.9,2846.35,967.11,12524.54,20.66,13.34,38.23
"TAS","Circular Head",145.260818481445,-40.762882232666,0.54,2.43,3,2617.78,903.94,11238.71,131.93,68.17,326.12
"TAS","Dorset",147.937637329102,-40.7492599487305,0.54,2.4,3.15,3278.46,1237.19,11833.62,36.94,23.07,69.88
"TAS","Dorset",148.090866088867,-40.7719078063965,0.54,2.39,7.77,5229.6,1732.94,23170.99,3.25,2.79,4.01
"TAS","Circular Head",144.673858642578,-40.7176933288574,0.54,2.44,3.4,1099.71,432.68,3922.1,273.71,125.67,803.82
"TAS","Circular Head",145.071640014648,-40.7180595397949,0.54,2.42,3.58,4281.76,1396.59,19782.19,31.75,20.17,58.74
"TAS","Dorset",147.945587158203,-40.7393455505371,0.54,2.41,3.53,1816.59,738.08,5942.18,65.07,37.25,139.3
"TAS","Dorset",147.998031616211,-40.7403450012207,0.54,2.39,3.14,6814.83,2196.39,31253.3,80.49,45.09,176.88
"TAS","Dorset",148.086532592773,-40.7328948974609,0.54,2.4,6.68,4176.65,1404.13,18276.08,4.63,3.76,6.13
"TAS","Circular Head",144.668197631836,-40.6715774536133,0.54,2.39,4.59,18195.16,4822.36,112400.08,19.58,13.17,33.61
"TAS","Circular Head",144.773864746094,-40.6976509094238,0.54,2.42,2.9,4066.79,1288.63,19916.13,260.05,120.62,751.79
"TAS","Circular Head",144.836822509766,-40.6881294250488,0.54,2.42,2.88,3303.43,1100.78,14923.71,291.89,132.28,874.73
"TAS","Circular Head",145.048599243164,-40.685546875,0.54,2.42,2.81,4098.44,1357.95,18443.54,134.43,68.44,341.33
"TAS","Circular Head",144.684814453125,-40.6413726806641,0.54,2.39,3.69,18018.24,4763.41,111913.38,245.14,115.14,694.82
"TAS","Circular Head",144.734970092773,-40.6459159851074,0.54,2.41,3.04,5366.63,1678.19,26422.75,326.67,147.7,975.18
"TAS","Circular Head",144.87516784668,-40.6708221435547,0.54,2.42,2.65,2887.66,1004.44,12149.72,1441.84,535.12,5631.91
"TAS","Circular Head",144.982803344727,-40.6565856933594,0.54,2.42,2.67,3613.23,1222.51,15770.43,526.6,224.83,1694.25
"TAS","Circular Head",144.737701416016,-40.5971183776855,0.54,2.4,3.19,8573.91,2486.42,47101.84,979.3,381.38,3588.78
"TAS","Circular Head",144.770690917969,-40.5964431762695,0.54,2.41,2.65,7563.45,2227.73,40705.7,934.25,375.59,3235.75
"TAS","Circular Head",144.912780761719,-40.6128616333008,0.54,2.42,2.63,3145.69,1087.37,13315.52,2098.12,735.93,8881.54
"TAS","Circular Head",144.948745727539,-40.6073684692383,0.54,2.41,3.21,4668.22,1507.67,21842.15,83.8,46.61,186.12
"TAS","Flinders (Tas.)",148.176834106445,-40.5959587097168,0.54,2.4,3.71,3350.33,1179.99,13651.17,12.15,8.69,19.19
"TAS","Flinders (Tas.)",148.200256347656,-40.5891304016113,0.54,2.39,3.35,6280.37,1996.23,29688.76,166.5,82.53,438.08
"TAS","Circular Head",144.675552368164,-40.5673217773438,0.54,2.4,3.41,9212.56,2714.58,48873.72,832.36,334.41,2908.92
"TAS","Circular Head",144.779983520508,-40.5709533691406,0.54,2.41,4.28,6663.89,1997.43,35007.03,32.68,20.29,62.99
"TAS","Flinders (Tas.)",148.112411499023,-40.5633201599121,0.54,2.41,3.1,2199.44,830.66,8099.73,20.63,13.72,36.04
"TAS","Flinders (Tas.)",148.227340698242,-40.5468826293945,0.54,2.38,3.33,13877.42,4061.11,72645.26,195.82,94.41,536.79
"TAS","Circular Head",144.703262329102,-40.5109214782715,0.54,2.4,3.24,9119.25,2677.64,48731.23,192.5,93.37,522.27
"TAS","Circular Head",144.791122436523,-40.5122032165527,0.54,2.41,3.41,5996.93,1841.11,30332.34,100.52,53.98,235.57
"TAS","Flinders (Tas.)",148.098937988281,-40.5235214233398,0.54,2.4,2.77,2885.22,1035.29,11468.06,33.12,20.71,62.95
"TAS","Flinders (Tas.)",148.236694335938,-40.5198822021484,0.54,2.37,3.16,17002.62,4856.66,91871.75,28.58,18.44,51.74
"TAS","Flinders (Tas.)",148.315460205078,-40.5186309814453,0.54,2.37,4.36,28099.98,7461.85,168161.61,7.25,5.59,10.34
"TAS","Flinders (Tas.)",148.353866577148,-40.5163421630859,0.54,2.37,3.46,32285.26,8415.6,198162.03,138.15,70.64,347.26
"TAS","Circular Head",144.706481933594,-40.4838218688965,0.54,2.41,2.87,7161.02,2158.76,37028.35,1752.52,624.85,7284.92
"TAS","Circular Head",144.85026550293,-40.4683647155762,0.54,2.41,2.62,5439.18,1702.38,26710.84,1644.38,602.47,6521.17
"TAS","Circular Head",144.891799926758,-40.4872550964355,0.54,2.41,2.72,6244.73,1907.19,31808.91,542.9,225.31,1839.46
"TAS","Circular Head",144.935012817383,-40.4715118408203,0.54,2.41,3.48,6811.87,2070.29,34808.03,120.88,62.91,296.6
"TAS","Flinders (Tas.)",148.047439575195,-40.475944519043,0.54,2.39,3.46,4383.9,1492.3,18696.4,137.81,70.7,344.31
"TAS","Flinders (Tas.)",148.053924560547,-40.4809074401855,0.54,2.4,3.4,4188.13,1440.89,17569.16,112.19,59.36,268.27
"TAS","Flinders (Tas.)",148.087585449219,-40.4819755554199,0.54,2.4,3.01,3541.4,1235.28,14636.14,18.82,12.9,31.32
"TAS","Flinders (Tas.)",148.406112670898,-40.480110168457,0.54,2.36,3.55,40001.2,9958.08,263546.27,58.3,33.47,125.09
"TAS","Circular Head",144.792694091797,-40.4443855285645,0.54,2.41,2.61,7452.65,2223.39,39190.8,1604.15,578.91,6558.1
"TAS","Circular Head",144.837173461914,-40.449146270752,0.54,2.41,2.78,6684.08,2014.92,34729.72,880.81,334.76,3410.28
"TAS","Circular Head",144.968170166016,-40.4310569763184,0.54,2.41,3.4,6360.82,1960.35,31812.94,138.99,70.94,350.4
"TAS","Flinders (Tas.)",147.980758666992,-40.4205627441406,0.54,2.39,3.73,4492.99,1509.95,19584.16,7.25,5.6,10.26
"TAS","Flinders (Tas.)",148.474563598633,-40.4437446594238,0.54,2.36,3.25,80913.62,17777.14,641785.39,351.96,154.67,1103.47
"TAS","Circular Head",144.84391784668,-40.4292869567871,0.54,2.4,2.84,9038.1,2599.74,50237.41,861.01,332.04,3245.89
"TAS","Circular Head",144.970901489258,-40.4216804504395,0.54,2.41,3.43,7466.28,2227.09,39269.69,149.55,75.07,387.08
"TAS","Flinders (Tas.)",147.9794921875,-40.4032287597656,0.54,2.4,2.87,3868.73,1320.22,16550.1,15.91,10.93,26.67
"TAS","Flinders (Tas.)",148.460372924805,-40.4083251953125,0.54,2.37,3.3,37028.8,9171.35,247488.4,407.62,177.85,1281.56
"TAS","Circular Head",144.893737792969,-40.386287689209,0.54,2.4,3.92,9149.63,2622.77,51145.66,25.99,16.72,47.56
"TAS","Circular Head",144.950103759766,-40.3884658813477,0.54,2.41,3.38,7353.55,2182.05,39101,244.11,114.04,699.27
"TAS","Flinders (Tas.)",148.002624511719,-40.3662147521973,0.54,2.4,2.73,3958.49,1324.73,17527.31,26.51,17.06,48.46
"TAS","Flinders (Tas.)",148.423919677734,-40.3693313598633,0.54,2.37,3.56,19914.8,5412.53,116697.11,294.07,133.39,879.17
"TAS","Flinders (Tas.)",148.006896972656,-40.3459854125977,0.54,2.4,2.77,3344.77,1139.89,14477.05,17.2,11.63,29.54
"TAS","Flinders (Tas.)",148.36750793457,-40.3207015991211,0.54,2.38,3.42,10036.47,3011.94,51190.29,364.06,159.97,1138.71
"TAS","Flinders (Tas.)",147.946670532227,-40.276180267334,0.54,2.39,3.05,5843.58,1864.17,27565.51,14.38,9.96,23.86
"TAS","Flinders (Tas.)",148.316146850586,-40.2893104553223,0.54,2.37,3.61,16247.48,4607.48,89201.83,483.53,204.36,1595.65
"TAS","Flinders (Tas.)",148.024673461914,-40.2296142578125,0.54,2.39,2.97,4554.45,1468.32,21415.8,15.66,10.76,26.24
"TAS","Flinders (Tas.)",148.303619384766,-40.2542572021484,0.54,2.39,3.62,7833.94,2429.38,38212.51,483.61,203.46,1610
"TAS","Flinders (Tas.)",147.987350463867,-40.1960487365723,0.54,2.39,2.33,4409.94,1430.97,20531.44,7.3,5.56,10.65
"TAS","Flinders (Tas.)",148.315856933594,-40.1951789855957,0.54,2.96,4.27,5.53,4.4,7.55,329.45,147.95,995.66
"TAS","Flinders (Tas.)",148.005523681641,-40.1689033508301,0.54,2.4,2.5,2672.62,911.15,11737.11,29.21,18.54,54.37
"TAS","Flinders (Tas.)",148.317733764648,-40.1645240783691,0.54,2.39,3.44,4829.61,1616.85,21106.03,44.59,26.56,90.91
"TAS","King Island",143.895416259766,-40.1236953735352,0.54,2.07,2.67,615.76,261.42,1980.89,189.54,91.39,520.77
"TAS","King Island",143.947296142578,-40.123161315918,0.54,2.01,2.77,12976.93,3630.95,74103.98,182.12,91.25,466.66
"TAS","King Island",143.980819702148,-40.114086151123,0.54,2.01,3.58,15449.78,4178.17,92930.15,134.84,70.5,325.57
"TAS","Flinders (Tas.)",147.951965332031,-40.0990562438965,0.54,2.4,3.66,4245.02,1363.34,20202.15,69.67,40.27,145.91
"TAS","Flinders (Tas.)",148.005310058594,-40.1181678771973,0.54,2.41,2.48,2222.43,773.18,9515.89,30.21,19.01,57.07
"TAS","Flinders (Tas.)",148.307266235352,-40.1286659240723,0.54,2.39,2.94,5032.25,1671.18,22260.44,190.11,93.02,507.76
"TAS","King Island",143.863250732422,-40.0790481567383,0.54,2.01,2.92,10797.59,3085.35,60023.58,88.56,47.93,206.29
"TAS","King Island",144.046844482422,-40.0782127380371,0.54,2.01,3.23,19675.31,5028.8,129472.84,460.57,196.1,1503.93
"TAS","Flinders (Tas.)",147.892807006836,-40.0879211425781,0.54,2.39,2.61,5504.27,1770.07,25681.92,25.65,16.55,46.77
"TAS","Flinders (Tas.)",148.2958984375,-40.0857315063477,0.54,2.39,2.96,4875.05,1623.31,21501.8,144.75,73.9,363.67
"TAS","King Island",143.860076904297,-40.0594444274902,0.54,2.03,2.8,5200.91,1612.44,26083.31,393.74,176.44,1180.06
"TAS","King Island",144.106567382812,-40.0429611206055,0.54,2,3.19,37324.27,8573.44,287471.16,230.43,107.74,661.83
"TAS","Flinders (Tas.)",147.846771240234,-40.0310707092285,0.54,2.38,2.72,8109.44,2483.48,40389.43,22.12,14.61,38.98
"TAS","Flinders (Tas.)",148.293029785156,-40.0547065734863,0.54,2.39,3.36,4959.57,1655.4,21757.18,52.09,30.46,108.78
"TAS","King Island",143.882369995117,-39.9975700378418,0.54,2.06,2.47,1096.12,431.11,3912.67,4085.03,1326.4,19094.76
"TAS","King Island",144.128204345703,-39.9970970153809,0.54,1.99,3.22,59581.69,12664.82,514442.94,173.9,85.52,463.01
"TAS","Flinders (Tas.)",147.855865478516,-40.0175628662109,0.54,2.39,2.71,7263.98,2296.9,34354.89,19.89,13.32,34.39
"TAS","Flinders (Tas.)",148.283706665039,-40.0074615478516,0.54,2.4,3.15,3808.94,1323.52,15782.46,106.33,56.26,255.2
"TAS","King Island",143.853927612305,-39.9506721496582,0.54,2.05,2.68,1309.67,508.74,4728.65,471.37,212.4,1382.23
"TAS","King Island",144.139312744141,-39.9654006958008,0.54,1.99,2.56,88179.51,17686.05,826774.08,3827.51,1200.06,19215.9
"TAS","Flinders (Tas.)",147.798294067383,-39.918342590332,0.54,2.38,2.9,8403.56,2643.97,39757.17,890.71,342.37,3370.58
"TAS","Flinders (Tas.)",147.89599609375,-39.9532318115234,0.54,2.39,3.14,6314,2056.69,28535.09,16.95,11.54,28.69
"TAS","Flinders (Tas.)",148.263214111328,-39.9630470275879,0.54,2.39,3.03,5094.84,1692.45,22508.55,95.81,51.45,225.26
"TAS","King Island",143.829513549805,-39.9180564880371,0.54,2.06,3.02,1177.46,460.79,4222.31,193.97,97.57,491.45
"TAS","King Island",144.143463134766,-39.9264678955078,0.54,1.99,3.01,81720.41,16856.3,730042.45,399.7,171.76,1295.94
"TAS","Flinders (Tas.)",147.766845703125,-39.9082679748535,0.54,2.38,3.2,9317.49,2922.48,44059.79,15.33,10.59,25.48
"TAS","Flinders (Tas.)",148.205902099609,-39.9435615539551,0.54,2.39,3.13,5268.87,1739.39,23494.72,84.04,46.27,190.22
"TAS","King Island",143.839248657227,-39.884334564209,0.54,2.09,2.9,387.22,175.96,1132.03,227.07,112.78,583.12
"TAS","King Island",144.136596679688,-39.9176254272461,0.54,1.99,3.69,67862.92,14552.81,570488.04,47.82,29.03,93.74
"TAS","Flinders (Tas.)",147.744827270508,-39.8761138916016,0.54,2.38,2.72,10290.12,3168.79,50004.29,44.67,26.7,90.44
"TAS","Flinders (Tas.)",148.139068603516,-39.9053268432617,0.54,2.39,3.11,5070.36,1678.5,22548.64,62.59,35.66,135.53
"TAS","King Island",143.854507446289,-39.8473930358887,0.54,2.08,2.89,429.63,191.59,1291.67,260.25,128.73,667.93
"TAS","King Island",144.132369995117,-39.8418426513672,0.54,1.99,2.81,74528.42,16048.55,617412.11,259.67,121.67,736.46
"TAS","Flinders (Tas.)",147.771362304688,-39.8409767150879,0.54,2.39,2.85,5315.73,1854.27,21469.06,44.19,26.37,89.85
"TAS","Flinders (Tas.)",148.091217041016,-39.8570404052734,0.54,2.39,3.03,4575,1537.91,19910.11,103.97,54.77,252
"TAS","King Island",143.85676574707,-39.7956581115723,0.54,2.06,2.86,982.13,387.71,3507.41,209.62,107.74,508.57
"TAS","King Island",144.12744140625,-39.817554473877,0.54,1.99,2.74,69320.46,15066.34,567158.26,234.1,111,653.86
"TAS","Flinders (Tas.)",147.811630249023,-39.8306541442871,0.54,2.39,2.86,4839.97,1707.65,19255.81,46.66,27.73,95.24
"TAS","Flinders (Tas.)",148.043655395508,-39.8109970092773,0.54,2.4,4.58,4061.7,1381.43,17429.86,10.63,7.75,16.36
"TAS","King Island",143.844787597656,-39.7591819763184,0.54,2.06,2.91,962.1,383.07,3385.94,113.44,61.48,259.25
"TAS","King Island",144.107025146484,-39.7624244689941,0.54,1.99,3.22,77189.01,16594.54,639828.36,136.45,71.36,329.08
"TAS","Flinders (Tas.)",147.84489440918,-39.7629585266113,0.54,2.39,2.9,5586.58,1881.12,23955.4,49.88,29.48,102.38
"TAS","Flinders (Tas.)",148.013427734375,-39.7826461791992,0.54,2.39,3.28,4564.14,1524.46,20099.25,72.15,40,162.91
"TAS","King Island",143.820816040039,-39.6965179443359,0.54,2.03,3.02,4899.98,1667.05,20781.91,93.65,51.07,214.19
"TAS","King Island",144.110992431641,-39.7095756530762,0.54,1.99,2.52,68848.58,14973.39,562885.33,397.7,182.99,1134.33
"TAS","Flinders (Tas.)",147.898330688477,-39.7129211425781,0.54,2.4,2.88,3906.23,1367.84,15938.57,709.87,302.62,2245.89
"TAS","Flinders (Tas.)",147.947769165039,-39.7199745178223,0.54,2.4,3,3058.88,1092.46,12219.31,73.81,40.92,166.32
"TAS","Flinders (Tas.)",147.965942382812,-39.7286834716797,0.54,2.39,3.32,7761.37,2423.66,37401.94,95.4,50.55,230.18
"TAS","King Island",143.838088989258,-39.6834030151367,0.54,2.03,3.33,4998.9,1689.66,21426.23,30.42,19.11,57.64
"TAS","King Island",144.111511230469,-39.6770706176758,0.54,1.99,2.61,65914.33,14416.09,534832.29,113.81,59.27,280.13
"TAS","King Island",143.924285888672,-39.651180267334,0.54,2.02,3.34,6622.51,2090.61,31596.35,52.39,31.48,104
"TAS","King Island",144.095275878906,-39.6545829772949,0.54,1.99,4.67,58003.45,13024.72,451799.05,7.57,5.76,11
"TAS","King Island",143.921173095703,-39.6032028198242,0.54,2.02,3.54,5746.04,1827.79,27279.16,49.46,29.09,102.56
"TAS","King Island",144.043029785156,-39.6161041259766,0.54,2,4.18,39267.42,9558.85,269983.55,18.46,12.4,31.91
"TAS","King Island",143.951919555664,-39.575366973877,0.54,2,3.18,28195.12,7199.53,181297.26,80.69,44.9,179.58
"TAS","King Island",143.97900390625,-39.5885543823242,0.54,2,3.47,26855.6,6989.09,167239.42,99.08,52.22,240.75
"VIC","South Gippsland",146.421844482422,-39.1332206726074,0.54,2.39,3.88,3812.72,1232.28,18064.8,8.32,6.21,12.47
"VIC","South Gippsland",146.439544677734,-39.1008491516113,0.54,2.39,3.35,4410.03,1391.29,21650.13,60.51,35.39,125.1
"VIC","Unincorporated Vic",146.250122070312,-39.0228652954102,0.54,2.41,3.04,1157.19,444.49,4301.9,70.57,39.99,153.13
"VIC","Unincorporated Vic",146.224090576172,-38.9649429321289,0.54,2.43,2.92,658.69,272.96,2207.07,68.45,39.42,144.4
"VIC","South Gippsland",146.248489379883,-38.9512329101562,0.54,2.43,3.01,571.58,242.07,1856.43,83.74,46.18,189.04
"VIC","South Gippsland",145.947830200195,-38.8994636535645,0.54,2.41,3.46,1497.82,550.02,5953.45,17.27,11.67,29.68
"VIC","Colac Otway",143.527114868164,-38.8592071533203,0.54,2.04,3.28,2687.47,892.67,12398.2,72.99,40.67,163.05
"VIC","South Gippsland",145.891571044922,-38.8503303527832,0.54,2.42,2.82,872.55,345.5,3123.86,145.89,73.21,378.51
"VIC","South Gippsland",146.166641235352,-38.8644256591797,0.54,2.43,3.41,668.76,276.42,2249.33,63.81,36.75,135.2
"VIC","South Gippsland",146.313766479492,-38.8775672912598,0.54,2.37,2.64,10516.52,2924.15,61673.89,830.33,338.52,2823.71
"VIC","South Gippsland",146.37321472168,-38.8578033447266,0.54,2.37,2.45,9803.22,2757.3,56532.69,1237.74,500.35,4170.42
"VIC","South Gippsland",146.484771728516,-38.8814544677734,0.54,2.37,3.57,10555.19,3033.03,58153.05,92.81,50.43,213.81
"VIC","South Gippsland",146.266677856445,-38.8223075866699,0.54,2.37,2.67,11786.27,3376.31,64831.08,815.86,336.66,2716.3
"VIC","South Gippsland",146.389358520508,-38.8456001281738,0.54,2.37,3.3,10726.74,2996.12,62277.61,22.07,14.45,39.54
"VIC","Colac Otway",143.380554199219,-38.7705993652344,0.54,2.03,3.52,3889.96,1234.2,19064.93,16.03,11,26.87
"VIC","Colac Otway",143.422012329102,-38.7849884033203,0.54,2.04,3.54,2340.04,787.15,10646.35,41.28,24.72,83.84
"VIC","South Gippsland",145.861663818359,-38.7764129638672,0.54,2.43,3.05,585.23,245.11,1937.96,115.74,61.25,276.05
"VIC","South Gippsland",146.223907470703,-38.7741508483887,0.54,2.36,2.56,18569.07,5027.58,110077.97,1510.47,572.83,5648.75
"VIC","South Gippsland",146.418823242188,-38.8024101257324,0.54,2.36,3.25,23516.38,5919.26,157289.13,28.24,17.76,53.67
"VIC","Corangamite",143.173309326172,-38.7280006408691,0.54,2.04,3.3,2080.56,731.15,8781.11,34.85,21.36,68.53
"VIC","Colac Otway",143.785034179688,-38.7066078186035,0.54,2.05,3.02,1795.44,641.64,7417.63,104.4,56.1,243.68
"VIC","South Gippsland",146.206741333008,-38.7418212890625,0.54,2.36,2.54,23525.83,6145.22,146764.89,1203.08,480.81,4145.41
"VIC","Wellington",146.462844848633,-38.7444381713867,0.54,2.35,3.28,50365.69,11597.41,377850.71,43.25,25.54,89.87
"VIC","Colac Otway",143.866333007812,-38.6734504699707,0.54,2.05,3.02,1355.25,506.86,5240.2,83.8,45.06,198.39
"VIC","South Gippsland",145.768341064453,-38.6752052307129,0.54,2.43,2.39,731.99,298.35,2512.05,2105.03,786.8,7918.62
"VIC","South Gippsland",146.262573242188,-38.702880859375,0.54,2.36,2.62,19187.88,5201.36,113251.58,1324.07,522.14,4647.51
"VIC","South Gippsland",146.317321777344,-38.6941146850586,0.54,2.36,2.66,27255,6856.47,180614.19,924.95,382.74,3039.9
"VIC","South Gippsland",146.37451171875,-38.701057434082,0.54,2.36,2.62,27839.14,7043.47,182261.82,737.66,312.98,2348.51
"VIC","South Gippsland",146.425537109375,-38.7058410644531,0.54,2.36,2.6,28227.8,7066.2,188350.72,679.02,294.69,2085.28
"VIC","South Gippsland",146.526977539062,-38.6985206604004,0.54,2.36,2.66,21538.33,5599.46,136368.44,563.98,250.2,1682.91
"VIC","Wellington",146.581451416016,-38.7003326416016,0.54,2.37,3.06,16383.99,4507.46,95063.36,93.56,49.14,229.88
"VIC","Wellington",146.637847900391,-38.696403503418,0.54,2.37,2.8,8726.7,2690.24,42744.09,403.54,176.87,1258.86
"VIC","Wellington",146.684783935547,-38.7009582519531,0.54,2.39,2.79,3599.64,1271.34,14531.64,371.47,166.9,1112.1
"VIC","Wellington",146.734375,-38.6946296691895,0.54,2.4,2.82,1882.71,716.12,6907.52,335.1,152.65,984.58
"VIC","Wellington",146.782333374023,-38.6860198974609,0.54,1.41,2.85,2180.41,803.02,8407.7,14.64,10.21,23.96
"VIC","Corangamite",143.002075195312,-38.6296424865723,0.54,2.03,4.04,3339.24,1127.38,14708.96,21.51,14.08,38.64
"VIC","Bass Coast",145.551666259766,-38.6480751037598,0.54,2.42,2.47,773.66,315.3,2645.42,249.93,117.25,709.03
"VIC","Wellington",146.842651367188,-38.6615715026855,0.54,1.41,1.76,2340.39,848.8,9241.05,268.48,127.5,740.81
"VIC","Wellington",146.872207641602,-38.6447563171387,0.54,1.39,2.48,6511.89,1963.19,33891.51,31.73,19.74,61.03
"VIC","Moyne",142.796737670898,-38.5771369934082,0.54,2.03,2.58,4695.22,1523.7,21764.59,177.75,86.52,481.77
"VIC","Corangamite",142.901062011719,-38.6155624389648,0.54,2.04,2.62,2067.09,731.06,8623.53,319.69,147.35,921.79
"VIC","Wellington",146.93049621582,-38.6043281555176,0.54,1.4,1.74,4749.85,1504.78,23013.43,298.41,137.14,869.3
"VIC","Wellington",146.974472045898,-38.5582618713379,0.54,1.41,2.69,2288.49,822.01,9211.13,49.38,29.04,102.43
"VIC","Bass Coast",145.148681640625,-38.5175552368164,0.54,2.41,2.34,1240.61,476.94,4582.78,277.69,129.22,794.04
"VIC","Wellington",146.998046875,-38.5383987426758,0.54,1.42,2.06,1621.43,618.48,5972.44,67.42,37.56,151.58
"VIC","Moyne",142.64680480957,-38.4789199829102,0.54,1.53,2.43,4912.31,1551.37,23885.99,329.08,143.97,1046.11
"VIC","Surf Coast",144.097763061523,-38.4742584228516,0.54,2.06,2.03,1065.7,419.09,3812.18,386.97,173.51,1159.75
"VIC","Wellington",147.049911499023,-38.4927177429199,0.54,1.43,2.97,948.25,393.56,3094.88,19.39,12.81,34.47
"VIC","Glenelg",141.558639526367,-38.4331817626953,0.54,1.51,2.43,38245.7,9382.55,259649.23,476.18,202.53,1554.28
"VIC","Surf Coast",144.1611328125,-38.4358596801758,0.54,2.06,3.39,1161,452.08,4206.08,19.79,13.3,33.99
"VIC","Mornington Peninsula",144.849258422852,-38.4480476379395,0.54,1.51,1.4,858.5,348.27,2940.28,282.71,131.06,813.17
"VIC","Wellington",147.098709106445,-38.4510116577148,0.54,1.43,1.61,956.75,394.58,3157.07,481.23,202.53,1601.52
"VIC","Moyne",142.142532348633,-38.3927955627441,0.54,1.52,1.81,11447.66,3406.1,58828.99,1570.2,550.98,6787.77
"VIC","Moyne",142.209732055664,-38.3974876403809,0.54,1.52,2.15,8483.6,2625.88,41320.29,134.31,68.17,343.02
"VIC","Warrnambool",142.44255065918,-38.3908538818359,0.54,1.53,2.13,5941.68,1851.61,29240.69,153.68,76.34,404.94
"VIC","Warrnambool",142.532409667969,-38.4123992919922,0.54,1.53,2.1,5495.44,1717.78,27033.22,235.02,110.87,662.64
"VIC","Wellington",147.159881591797,-38.413703918457,0.54,1.43,1.57,943.68,386.84,3151.09,633.62,258.17,2198.5
"VIC","Glenelg",141.650573730469,-38.3856811523438,0.54,1.51,3.18,26239.66,6792.62,165265.98,21.73,14.58,37.27
"VIC","Mornington Peninsula",144.78840637207,-38.361759185791,0.54,1.52,2.01,607.27,274.12,1749.28,203.2,97.82,557.08
"VIC","Wellington",147.212829589844,-38.3721466064453,0.54,1.43,1.66,1045.97,417.27,3647.73,590.87,251.05,1903.26
"VIC","Glenelg",141.382507324219,-38.3421783447266,0.54,1.52,1.87,13217.44,3800.08,71681.45,827.47,319.53,3121.15
"VIC","Moyne",142.009292602539,-38.324577331543,0.54,1.52,1.78,9158.46,2812.75,45034.1,1335.96,482,5540.4
"VIC","Glenelg",141.795745849609,-38.2637748718262,0.54,1.52,1.8,9330.16,2877.46,45480.79,1274.83,460.28,5298.82
"VIC","Moyne",141.895767211914,-38.2744064331055,0.54,1.53,2.16,7083.93,2249.37,33299.59,137.32,69.41,352.92
"VIC","Wellington",147.313613891602,-38.292350769043,0.54,1.42,1.69,1591.77,591.17,6167.35,324.95,147.74,960.27
"VIC","Glenelg",141.286392211914,-38.2221336364746,0.54,1.52,1.76,12477.54,3568,68601.98,1139.3,443.08,4142.31
"VIC","Queenscliffe",144.683502197266,-38.246208190918,0.54,1.46,2.09,1745.71,691.9,5976.01,131.48,66.1,342.59
"VIC","Wellington",147.365676879883,-38.2471771240234,0.54,1.42,1.92,1629.72,605.92,6291.79,85.19,46.76,193.76
"VIC","Glenelg",141.269760131836,-38.2036285400391,0.54,1.54,2.14,4281.64,1425.3,19048.23,124.75,63.16,321.87
"VIC","Wellington",147.417602539062,-38.2067680358887,0.54,1.42,1.73,1529.14,579.33,5724.62,233.36,111.09,647.08
"VIC","Glenelg",141.208801269531,-38.1662750244141,0.54,1.52,2.23,11401.23,3300.72,61628.54,107.74,55.8,269.14
"VIC","Wellington",147.474075317383,-38.162956237793,0.54,1.42,1.7,1311.46,514.61,4647.78,276.08,128.33,791.53
"VIC","Glenelg",141.108062744141,-38.1139183044434,0.54,1.52,1.93,11151.86,3251.35,59585.56,1091.47,411.93,4213.32
"VIC","Greater Geelong",144.714935302734,-38.134162902832,0.54,1.52,2.12,2743.27,997.43,10678.48,97.66,52.97,225.03
"VIC","Mornington Peninsula",145.081008911133,-38.163745880127,0.54,1.5,1.88,1469,567.34,5321.97,189.98,94.29,494.12
"SA","Grant",140.74040222168,-38.0601692199707,0.54,1.53,1.93,4617.3,1555.53,20003.38,473.3,202.31,1530.86
"SA","Grant",140.77214050293,-38.0627479553223,0.54,1.52,2.23,12336.4,3572.09,66323.73,81.97,45.44,183.45
"SA","Grant",140.85432434082,-38.0498161315918,0.54,1.53,2.02,5961.64,1907.06,27945.11,211.52,101.32,583.74
"SA","Grant",140.912155151367,-38.0582466125488,0.54,1.53,1.93,6402.7,2025.94,30482.1,597.54,242.88,2092.41
"SA","Grant",140.955093383789,-38.0625228881836,0.54,1.52,1.99,12276.58,3509.95,67589.85,260.94,120.71,757.98
"VIC","Glenelg",141.0107421875,-38.069766998291,0.54,1.53,1.94,6402.25,2021.76,30592.16,499.4,210.21,1657.11
"VIC","Glenelg",141.052200317383,-38.088062286377,0.54,1.52,2.14,10393.42,3054.64,54964.92,130.9,67.09,328.86
"VIC","Wellington",147.582229614258,-38.0834007263184,0.54,1.41,3.07,2175.38,784.53,8719.64,13.33,9.49,21.16
"SA","Grant",140.5830078125,-38.033863067627,0.54,1.52,2.79,13790.44,3957.81,74831.66,26.59,17.25,47.89
"SA","Grant",140.631912231445,-38.0421752929688,0.54,1.54,2.07,3082.91,1053.21,13354.98,177.16,85.65,486.62
"VIC","Kingston (Vic.)",145.088943481445,-38.0244255065918,0.54,1.49,1.1,2429.95,855.72,10106.84,1297.48,489.82,4943.94
"VIC","East Gippsland",147.579849243164,-38.0433120727539,0.54,1.36,2.64,93498.46,22001.65,648277.08,130.02,66.89,324.38
"VIC","Wellington",147.637832641602,-38.044059753418,0.54,1.41,2.09,2903.38,996.67,12515.02,50.69,30.83,98.65
"SA","Grant",140.501113891602,-37.987247467041,0.54,1.54,2.52,3786.37,1335.89,15269.51,40.94,25.29,78.47
"SA","Grant",140.524429321289,-37.9978141784668,0.54,1.54,2.75,2953.43,1066.04,11598.48,27.42,17.97,48.34
"SA","Grant",140.429992675781,-37.9360847473145,0.54,1.55,1.95,2529.9,928.94,9721.06,298.64,133.24,920.81
"VIC","Wyndham",144.773010253906,-37.9353256225586,0.54,1.49,1.97,3832.35,1302.54,16525.77,282.55,126.89,863.86
"VIC","Bayside (Vic.)",144.991851806641,-37.947208404541,0.54,1.49,1.32,3150.12,1070.58,13759.43,241.29,114.7,669.37
"VIC","East Gippsland",147.737213134766,-37.9574432373047,0.54,1.35,3.68,213620.29,45202.31,1708800.13,16.77,11.82,26.69
"SA","Grant",140.370849609375,-37.9024505615234,0.54,1.54,1.5,3156.24,1146.43,12209.24,267.57,124.87,763
"VIC","East Gippsland",147.776397705078,-37.914665222168,0.54,1.36,1.98,65385.47,15968.21,432971.59,798.89,328.1,2686.91
"VIC","East Gippsland",147.851989746094,-37.911060333252,0.54,1.37,2.78,37680.64,9946.07,224036.28,67.93,38.2,150
"VIC","East Gippsland",147.893478393555,-37.9159851074219,0.54,1.39,3.04,7293.46,2164.05,38809.93,14.16,10.23,21.81
"SA","Grant",140.36296081543,-37.8788871765137,0.54,1.56,2.12,1446.05,567.75,5089.01,84.76,46.58,192.37
"VIC","East Gippsland",148.105895996094,-37.8565101623535,0.54,1.39,1.93,6154.61,1860.52,31995.4,85.9,47.21,194.75
"VIC","East Gippsland",148.20671081543,-37.8326759338379,0.54,1.39,4.6,5615.96,1720.93,28637.89,5.19,4.23,6.8
"SA","Grant",140.326446533203,-37.8215484619141,0.54,1.56,2.26,1433.36,579.05,4795.23,88.69,48.53,202.33
"VIC","East Gippsland",148.314437866211,-37.8126602172852,0.54,1.39,1.99,5484.69,1691.29,27684.01,85.66,47.12,193.98
"VIC","East Gippsland",148.414672851562,-37.8078994750977,0.54,1.4,1.99,4841.05,1512.88,24036.74,125.14,64.7,310.08
"VIC","East Gippsland",148.627105712891,-37.814079284668,0.54,1.39,2.06,8396.78,2461.95,45247.36,126.5,65.06,316.42
"VIC","East Gippsland",148.685501098633,-37.8060111999512,0.54,1.39,2.21,5479.32,1688.19,27703.58,92.98,49.64,221.47
"VIC","East Gippsland",148.844741821289,-37.7903251647949,0.54,1.4,2.57,4243.28,1368.39,20038.81,33.93,21.3,63.87
"VIC","East Gippsland",149.202941894531,-37.7846832275391,0.54,1.81,2.67,4010.04,1338.05,17837.15,84.87,46.08,197.07
"VIC","East Gippsland",149.285018920898,-37.8005218505859,0.54,1.81,3.56,5717.95,1821.59,27079.02,12.94,9.42,19.72
"SA","Grant",140.317901611328,-37.7939872741699,0.54,1.56,2.17,1243.79,489.84,4393.06,91.18,49.46,210.99
"VIC","East Gippsland",148.474594116211,-37.8038063049316,0.54,1.4,0.92,4352.96,1386.21,21013.07,1885.4,686.93,7485.66
"VIC","East Gippsland",148.524963378906,-37.7952766418457,0.54,1.32,3.15,149960726.56,11787334.06,4891976339.91,115.98,60.58,283.41
"VIC","East Gippsland",148.576080322266,-37.8049087524414,0.54,1.4,2.17,4639.15,1461.31,22759.5,98.29,52.2,235.56
"VIC","East Gippsland",148.945434570312,-37.7836303710938,0.54,1.4,2.22,4145.33,1356.58,19075.05,96.81,51.49,231.6
"VIC","East Gippsland",148.998153686523,-37.7844581604004,0.54,1.4,2.25,4366.82,1425.15,20127.01,88.66,48.14,205.21
"VIC","East Gippsland",149.103958129883,-37.7829399108887,0.54,1.4,2.76,3988.73,1327.63,17830.61,19.87,13.68,32.71
"SA","Wattle Range",140.281753540039,-37.7494964599609,0.54,1.55,2.5,1741.69,696.09,5875.92,67.72,38.16,148.93
"VIC","East Gippsland",149.590057373047,-37.7298011779785,0.54,1.81,2.93,4181.75,1383.69,18840.54,26.46,17.53,45.87
"SA","Wattle Range",140.263427734375,-37.7113876342773,0.54,1.56,2.59,1078.73,451.06,3448.47,38.84,24.44,72.25
"SA","Wattle Range",140.215057373047,-37.6637725830078,0.54,1.54,2.62,2752.83,1025.76,10253.68,46.8,28.61,90.68
"SA","Wattle Range",140.162246704102,-37.6170768737793,0.54,1.54,3.19,2757.37,1024.16,10328.27,17.33,12.06,28.15
"SA","Wattle Range",140.13639831543,-37.5949974060059,0.54,1.57,2.19,745.83,322.34,2295.06,126.93,65.01,319.99
"VIC","East Gippsland",149.841262817383,-37.5509033203125,0.54,1.81,2.49,3476.37,1181.89,15076.03,126.13,65.85,306.79
"VIC","Unincorporated Vic",149.903854370117,-37.5688209533691,0.54,1.81,2.48,3640.69,1235.27,15800.42,72.9,42.16,152.14
"SA","Wattle Range",140.121139526367,-37.5391845703125,0.54,1.58,2.17,588.59,263.68,1721.52,102.07,54.04,245.38
"VIC","East Gippsland",149.93977355957,-37.5252494812012,0.54,1.81,2.45,3382.1,1166.64,14305.52,85.1,48.12,183.27
"SA","Wattle Range",140.065521240234,-37.5013771057129,0.54,1.56,2.72,1046.68,437.96,3347.53,24.92,16.18,44.96
"VIC","Bega Valley",149.979309082031,-37.5064086914062,0.54,1.82,2.58,2645.98,957.63,10408.69,53.13,31.95,105.26
"SA","Wattle Range",139.950042724609,-37.4479713439941,0.54,1.57,2.07,899.13,388.67,2737.22,61.4,36.15,125.26
"SA","Wattle Range",140.008850097656,-37.4665794372559,0.54,1.56,2.34,1581.86,607.65,5760.92,38.09,23.94,71.07
"SA","Wattle Range",140.032348632812,-37.4610557556152,0.54,1.58,2.65,690.11,295.23,2173.14,23.81,15.11,45.02
"NSW","Bega Valley",149.979293823242,-37.4584083557129,0.54,1.82,2.57,2443.94,888.8,9575.76,80.43,45.53,173.43
"SA","Wattle Range",139.912963867188,-37.4064483642578,0.54,1.58,2.35,661.17,295.03,1934.89,22.97,14.74,42.66
"NSW","Bega Valley",149.966171264648,-37.4288520812988,0.54,1.82,2.7,2243.05,826.09,8634.23,52.89,31.92,104.14
"SA","Wattle Range",139.891525268555,-37.3818130493164,0.54,1.58,2.89,598.14,265.87,1772.56,7.98,5.97,11.94
"NSW","Bega Valley",149.957244873047,-37.3762359619141,0.54,1.82,1.33,2094.16,779.12,7946.89,6140.05,2136.6,24718.23
"SA","Wattle Range",139.894088745117,-37.333625793457,0.54,1.45,3.52,304476879.76,20843749.09,12270784145.25,18.84,12.39,33.84
"NSW","Bega Valley",149.980178833008,-37.325008392334,0.54,1.83,1.69,1922.39,723.68,7177.76,204.79,104.79,501.47
"SA","Robe",139.846664428711,-37.2822723388672,0.54,1.46,3.41,134542638.08,11101721.8,4037671100.66,19.62,12.87,35.34
"NSW","Bega Valley",149.968536376953,-37.3025817871094,0.54,1.83,2.29,1864.8,705.41,6914.36,38.27,24.08,71.23
"SA","Robe",139.837127685547,-37.2606010437012,0.54,1.46,3.82,80693303.01,7008662.24,2277260301.1,11.37,8.08,18.3
"NSW","Bega Valley",150.048004150391,-37.2452239990234,0.54,1.83,1.69,1930.1,733.21,7087.15,192.98,97.17,488.19
"SA","Robe",139.796325683594,-37.2054901123047,0.54,1.47,3.49,3577668.08,472060.74,57010392.24,15.35,10.46,26.12
"NSW","Bega Valley",150.03337097168,-37.2239723205566,0.54,1.83,2.79,1835.25,701.94,6676.54,68.43,39.55,143.49
"SA","Robe",139.739883422852,-37.1650085449219,0.54,1.93,3.03,372.77,176.67,1011.76,10.36,7.47,16.31
"NSW","Bega Valley",150.023971557617,-37.1834716796875,0.54,1.83,2.68,1682.74,653.14,5991.89,90.15,50.07,199.86
"SA","Robe",139.747909545898,-37.153434753418,0.54,1.93,2.76,399.78,189.2,1083.59,18.4,12.19,32.65
"NSW","Bega Valley",149.985443115234,-37.1308708190918,0.54,1.83,3.32,1521.64,601.01,5281.73,25.83,17.12,44.81
"SA","Robe",139.742889404297,-37.0785598754883,0.54,1.93,2.86,378.25,181.73,1001.26,79.16,44.42,173.64
"SA","Robe",139.734085083008,-37.0505256652832,0.54,1.94,3.12,296.07,144.5,772.5,8.38,6.23,12.66
"NSW","Bega Valley",149.942672729492,-37.0398750305176,0.54,1.83,2.81,1307.04,528.51,4388.04,73.17,41.44,158.6
"SA","Kingston (SA)",139.690048217773,-36.9901237487793,0.54,1.94,2.82,267.84,133.33,678.46,13.72,9.5,22.89
"NSW","Bega Valley",149.936935424805,-37.0071754455566,0.54,1.83,2.8,1299.01,526.89,4338.6,11.78,8.36,18.96
"NSW","Bega Valley",149.943054199219,-36.950023651123,0.54,1.84,2.89,1262.72,515.42,4176.73,28.14,18.26,50.43
"SA","Kingston (SA)",139.687896728516,-36.9373512268066,0.54,1.99,3.01,102.52,56.8,226.51,8.17,6.12,12.16
"NSW","Bega Valley",149.938751220703,-36.9044761657715,0.54,1.83,4.14,1295.25,524.78,4335.33,10.08,7.52,14.91
"SA","Kingston (SA)",139.751434326172,-36.9028358459473,0.54,2,4.08,82.59,46.96,176.41,9.67,7.25,14.21
"SA","Kingston (SA)",139.796524047852,-36.8766288757324,0.54,2.01,4.07,72.77,42.02,152.25,9.6,7.21,14.1
"SA","Kingston (SA)",139.82112121582,-36.8556785583496,0.54,2.01,2.62,69.61,40.42,144.59,11.6,8.3,18.4
"NSW","Bega Valley",149.933685302734,-36.8700866699219,0.54,1.83,4.24,1324.18,535.5,4441.42,9.14,6.9,13.31
"SA","Kingston (SA)",139.839019775391,-36.8294143676758,0.54,2.01,2.63,66.18,38.67,136.31,12.24,8.68,19.65
"NSW","Bega Valley",149.947814941406,-36.8517150878906,0.54,1.84,2.62,1271.42,518.19,4215.16,25.2,16.77,43.43
"SA","Kingston (SA)",139.852264404297,-36.7863502502441,0.54,2.02,2.51,64.39,37.9,131.09,15.09,10.48,24.81
"NSW","Bega Valley",149.974624633789,-36.7799644470215,0.54,1.83,2.59,1388.25,558.41,4688.52,25.86,17.18,44.68
"SA","Kingston (SA)",139.858383178711,-36.74951171875,0.54,2.02,2.69,59.79,35.54,120.13,10.25,7.5,15.7
"NSW","Bega Valley",149.989532470703,-36.7394943237305,0.54,1.82,2.78,1382,556.45,4660.24,21.64,14.69,36.36
"SA","Kingston (SA)",139.854141235352,-36.6967544555664,0.54,2.02,2.72,61.16,36.4,122.44,9.9,7.32,14.94
"NSW","Bega Valley",150.001571655273,-36.6849975585938,0.54,1.82,2.92,1473.77,588.61,5023.93,19.53,13.43,32.21
"SA","Kingston (SA)",139.844863891602,-36.6574974060059,0.54,2.02,2.41,61.28,36.52,122.38,19.37,13.1,32.95
"NSW","Bega Valley",150.015930175781,-36.6494674682617,0.54,1.82,3.06,1544.67,611.58,5333.91,17.31,12.09,27.96
"SA","Kingston (SA)",139.830047607422,-36.6085319519043,0.54,2.02,2.71,58.96,35.33,116.83,10.33,7.63,15.53
"NSW","Bega Valley",150.035064697266,-36.616138458252,0.54,1.82,3.33,1483.79,593.61,5041.03,13.55,9.75,21.03
"SA","Kingston (SA)",139.821029663086,-36.5684852600098,0.54,2.03,2.51,52.91,32.16,102.84,14.63,10.29,23.57
"NSW","Bega Valley",150.059936523438,-36.5766220092773,0.54,1.82,3.25,1476.06,592.57,4985.32,14.74,10.51,23.17
"SA","Kingston (SA)",139.803558349609,-36.5380020141602,0.54,2.02,2.51,61.74,36.85,122.93,15.31,10.63,25.22
"NSW","Bega Valley",150.06852722168,-36.5477447509766,0.54,1.82,3.24,1469.89,590.4,4960.99,14.86,10.57,23.42
"SA","Kingston (SA)",139.791915893555,-36.4919242858887,0.54,2.03,2.67,53.97,32.77,104.97,10.81,7.83,16.81
"NSW","Bega Valley",150.063095092773,-36.4972381591797,0.54,1.82,3.09,1571.06,624.68,5378.88,16.56,11.63,26.54
"SA","Kingston (SA)",139.775497436523,-36.4551124572754,0.54,2.04,2.44,46.38,28.81,87.36,16.26,11.28,26.69
"NSW","Bega Valley",150.081558227539,-36.442684173584,0.54,1.82,2.98,1558.19,620.4,5324.34,16.77,11.79,26.79
"SA","Kingston (SA)",139.756973266602,-36.4185371398926,0.54,2.03,2.91,49.59,30.5,94.73,16.1,11.37,25.64
"SA","Kingston (SA)",139.731491088867,-36.3667602539062,0.54,2.03,2.62,49.75,30.6,95.02,13.19,9.41,20.83
"NSW","Eurobodalla",150.091186523438,-36.3569068908691,0.54,1.82,2.98,1714.86,675.12,5946.78,17.5,12.22,28.28
"SA","Kingston (SA)",139.714538574219,-36.3330459594727,0.54,2.03,2.42,49.55,30.49,94.62,22.63,14.98,39.63
"NSW","Eurobodalla",150.136993408203,-36.3149375915527,0.54,1.82,3.05,1584.86,631.29,5406.21,16.7,11.72,26.78
"SA","Kingston (SA)",139.683654785156,-36.2842216491699,0.54,2.03,2.38,51.61,31.62,99.04,24.14,15.82,42.92
"NSW","Eurobodalla",150.148056030273,-36.2723121643066,0.54,1.82,2.37,1501.7,605.14,5033.32,66.17,37.35,145.29
"SA","Coorong",139.689453125,-36.2381134033203,0.54,1.91,3.25,685.46,276.42,2412.02,23.79,15.59,42.35
"NSW","Eurobodalla",150.148941040039,-36.2385597229004,0.54,1.82,3.41,1409,575.15,4632.17,12.3,8.92,18.93
"SA","Coorong",139.628814697266,-36.1987915039062,0.54,2.03,2.67,53.04,32.39,102.26,12.93,9.14,20.78
"NSW","Eurobodalla",150.134841918945,-36.1971473693848,0.54,1.82,2.91,1488.51,602.76,4948.57,27.81,17.59,52.31
"SA","Coorong",139.625747680664,-36.1536979675293,0.54,1.83,3.65,59743.44,13358.05,468165.11,17.74,12.03,30.22
"NSW","Eurobodalla",150.13459777832,-36.165225982666,0.54,1.82,4.7,1548.74,623.83,5186.2,5.63,4.48,7.67
"SA","Coorong",139.571441650391,-36.1088409423828,0.54,2.03,2.56,53.54,32.54,104.07,14.6,10.18,23.91
"NSW","Eurobodalla",150.140396118164,-36.108341217041,0.54,1.82,2.42,1488.5,602.79,4948.01,186.29,90.45,505.61
"SA","Kangaroo Island",136.905456542969,-36.0443840026855,0.54,2.39,3.56,843.89,355.07,2705.7,46.04,27.55,92.84
"SA","Kangaroo Island",136.928207397461,-36.0405349731445,0.54,2.39,3.95,865.85,362.54,2796.37,22.64,14.98,39.72
"SA","Kangaroo Island",137.016082763672,-36.029296875,0.54,2.39,3.86,881.3,367.47,2864.94,30.97,19.57,57.95
"SA","Kangaroo Island",137.049743652344,-36.0282287597656,0.54,2.39,3.04,847.57,356.53,2717.96,211.84,104.3,555.25
"SA","Kangaroo Island",137.123550415039,-36.0327224731445,0.54,2.39,2.95,810.22,342.62,2580.54,267.39,128.67,720.27
"SA","Kangaroo Island",137.13444519043,-36.034538269043,0.54,2.4,3,797.77,340.66,2498.76,241.65,118.28,634.88
"SA","Kangaroo Island",137.426620483398,-36.0531272888184,0.54,2.4,2.81,613.89,272.62,1819.45,231.45,118.33,563.81
"SA","Kangaroo Island",137.475936889648,-36.0683212280273,0.54,1.91,3.04,738.02,320.82,2248.78,54.09,31.76,111.79
"SA","Kangaroo Island",137.515167236328,-36.0489692687988,0.54,1.91,3.2,632.95,281.69,1865.52,34.24,21.51,64.31
"SA","Kangaroo Island",137.568801879883,-36.0300827026367,0.54,1.91,3.48,614.78,274.47,1804.82,12.51,8.92,19.87
"SA","Coorong",139.581848144531,-36.0672988891602,0.54,1.8,4.03,14090800.74,1526387.72,296010978.28,10.69,7.77,16.56
"NSW","Eurobodalla",150.143844604492,-36.0624465942383,0.54,1.8,2.26,1479.31,600.21,4902.62,187.6,95.19,468.76
"SA","Kangaroo Island",136.690704345703,-36.0229301452637,0.54,2.4,3.42,575.03,253.19,1737.43,76.22,43.12,165.06
"SA","Kangaroo Island",136.73811340332,-36.0450325012207,0.54,2.4,2.77,791.18,336.39,2498.77,302.29,146.74,795.56
"SA","Kangaroo Island",136.788467407227,-36.0343894958496,0.54,2.4,2.84,760.98,328.03,2349.9,321,152.88,871.14
"SA","Kangaroo Island",136.846450805664,-36.0241584777832,0.54,2.4,2.89,738.14,320.65,2252.01,187.2,97.95,442.8
"SA","Kangaroo Island",137.273880004883,-35.9951553344727,0.54,2.4,3,620.26,275.21,1840.12,278.4,128.57,807.57
"SA","Kangaroo Island",137.32177734375,-35.9999389648438,0.54,2.42,3.12,351.81,169.63,929.07,125.18,66.62,293.97
"SA","Kangaroo Island",137.382507324219,-36.0181884765625,0.54,2.4,3.57,580.43,259.73,1702.54,44.91,27.16,88.97
"SA","Kangaroo Island",137.603118896484,-36.0112037658691,0.54,1.91,3.69,599.99,268.39,1757.69,10.59,7.75,16.2
"SA","Coorong",139.566696166992,-36.0242233276367,0.54,1.8,4.18,15568508.15,1618029.27,351175145.58,9.17,6.79,13.86
"NSW","Eurobodalla",150.156890869141,-36.0260467529297,0.54,1.8,2.47,1468.88,596.53,4861.9,165.96,81.6,443.47
"SA","Kangaroo Island",136.633361816406,-35.9650650024414,0.54,2.41,3.36,515.35,230.74,1520.57,63.62,37.07,132.01
"SA","Kangaroo Island",137.626693725586,-35.9808921813965,0.54,1.92,3.97,549.77,249.86,1573.22,8.71,6.58,12.73
"SA","Coorong",139.525054931641,-35.9813766479492,0.54,1.8,4.09,12119155.48,1284630.92,268073026.73,9.82,7.22,14.93
"NSW","Eurobodalla",150.16096496582,-35.9916725158691,0.54,1.8,2.72,1459.49,594.55,4806.33,52.43,31.03,107.04
"SA","Kangaroo Island",136.578521728516,-35.9429016113281,0.54,2.42,3.1,409.62,190.25,1146.7,117.35,62.55,275.95
"SA","Kangaroo Island",137.603698730469,-35.9404640197754,0.54,1.92,4.71,554.38,251.99,1585.33,5.75,4.57,7.85
"SA","Coorong",139.421813964844,-35.9398231506348,0.54,2.02,3.41,63.08,37.5,126.34,11.29,8.27,17.16
"SA","Coorong",139.464080810547,-35.943431854248,0.54,1.8,3.77,6259975.66,694874.17,133108414.44,15.51,10.71,25.76
"NSW","Eurobodalla",150.163665771484,-35.9351654052734,0.54,1.8,2.73,1438.8,586.7,4733.57,33.34,21.2,61.38
"SA","Kangaroo Island",136.536087036133,-35.896728515625,0.54,2.07,2.46,318.94,154.42,840.7,333.28,164.94,843.18
"SA","Kangaroo Island",137.677032470703,-35.8850936889648,0.54,1.92,2.26,468.82,218.35,1296,241.06,123.77,581.57
"SA","Kangaroo Island",137.725204467773,-35.8824005126953,0.54,1.92,2.86,465.42,216.98,1284.77,43.76,26.65,85.73
"SA","Kangaroo Island",137.788360595703,-35.8557510375977,0.54,1.92,2.71,455.35,212.94,1251.67,70.43,40.72,147.33
"SA","Kangaroo Island",137.871337890625,-35.8728942871094,0.54,1.92,2.7,451.36,211.45,1237.39,75.41,43.06,160.66
"SA","Kangaroo Island",137.88493347168,-35.8728485107422,0.54,1.92,2.9,455.5,213.11,1251.02,47.37,28.48,94.56
"SA","Kangaroo Island",137.96125793457,-35.8787040710449,0.54,1.92,2.87,423.9,200.16,1149.96,46.49,28.1,92
"SA","Kangaroo Island",138.001083374023,-35.8967895507812,0.54,1.92,2.68,418.45,197.8,1133.75,71.42,41.28,149.37
"SA","Kangaroo Island",138.052825927734,-35.8993873596191,0.54,1.92,2.82,466.54,217.73,1285.37,41.92,25.73,81.17
"SA","Kangaroo Island",138.082214355469,-35.8790435791016,0.54,1.92,4.48,449.66,210.55,1234.08,6.52,5.1,9.1
"SA","Coorong",139.373916625977,-35.8965225219727,0.54,2.01,2.5,67.23,39.62,136.27,19.32,12.98,33.24
"NSW","Eurobodalla",150.189926147461,-35.8637771606445,0.54,1.8,2.94,1404.68,575.35,4591.07,45.33,26.88,93.1
"SA","Kangaroo Island",138.135406494141,-35.8457832336426,0.54,1.91,4.19,696.53,302.17,2137.31,8.17,6.21,11.84
"SA","Coorong",139.319274902344,-35.8516044616699,0.54,2.01,2.54,73.31,42.98,149.23,19.04,12.81,32.76
"NSW","Eurobodalla",150.194900512695,-35.8571395874023,0.54,1.8,3.84,1415.96,578.86,4641.51,8.81,6.78,12.47
"SA","Kangaroo Island",136.559677124023,-35.8249588012695,0.54,2.07,2.9,289.1,140.01,766,92.96,49.43,223.19
"SA","Kangaroo Island",138.12907409668,-35.8107795715332,0.54,1.91,4.5,665.76,290.55,2026.38,6.66,5.2,9.33
"SA","Coorong",139.272583007812,-35.809326171875,0.54,2.01,2.55,74.35,43.41,152.31,17.39,11.85,29.36
"NSW","Eurobodalla",150.236907958984,-35.8035354614258,0.54,1.81,3.8,1346.54,555.12,4360.9,11.83,8.64,18.02
"SA","Kangaroo Island",136.564651489258,-35.7734603881836,0.54,2.08,2.53,281.63,137.4,737.52,376.82,174.41,1066.79
"SA","Kangaroo Island",138.073806762695,-35.774959564209,0.54,1.91,4.61,686.66,296.91,2121.34,6.47,5.06,9.01
"SA","Coorong",139.215682983398,-35.7648048400879,0.54,2.01,2.65,74.53,43.48,152.89,14.02,9.85,22.7
"NSW","Eurobodalla",150.236831665039,-35.7761192321777,0.54,1.8,2.88,1382.37,567.49,4504.06,13.27,9.47,20.95
"SA","Kangaroo Island",136.588409423828,-35.7481994628906,0.54,2.08,3.57,255.74,126.35,658.4,9.59,7.14,14.31
"SA","Kangaroo Island",136.626861572266,-35.7417831420898,0.54,2.43,3.28,249.78,123.86,639.73,55.6,32.07,118.68
"SA","Kangaroo Island",138.066772460938,-35.7513809204102,0.54,1.91,2.42,670.57,287.85,2102.31,110.73,60.91,246.71
"SA","Yankalilla",138.176651000977,-35.6691741943359,0.54,1.93,2.5,414.19,194.08,1140.5,137.67,72.22,329.94
"SA","Yankalilla",138.198532104492,-35.6705513000488,0.54,1.93,4.12,401.96,189.49,1096.81,10.1,7.46,15.24
"SA","Coorong",139.162200927734,-35.7285499572754,0.54,1.99,3.06,89.61,51.27,188.35,8.63,6.5,12.68
"NSW","Eurobodalla",150.282455444336,-35.7173690795898,0.54,1.81,2.46,1301.46,538.43,4196.46,27.11,17.69,48.22
"SA","Kangaroo Island",136.706756591797,-35.725227355957,0.54,2.44,4.47,230.15,115.61,578.65,6.48,5.09,8.96
"SA","Kangaroo Island",136.731002807617,-35.7152709960938,0.54,2.44,4.21,223.62,112.9,558.07,8.21,6.26,11.83
"SA","Kangaroo Island",136.78987121582,-35.6979751586914,0.54,2.44,3.39,208.13,106.44,509.66,52.79,32.39,100.94
"SA","Kangaroo Island",137.616470336914,-35.674991607666,0.54,2.38,2.94,1325.78,510.92,4853.81,115.71,63.15,260.8
"SA","Kangaroo Island",137.649337768555,-35.6554565429688,0.54,2.38,3.03,1338.22,514.74,4913.63,70.1,41.05,143.35
"SA","Kangaroo Island",137.763717651367,-35.7223281860352,0.54,2.39,3.02,1058.7,422.28,3690.52,67.2,39.63,136.03
"SA","Kangaroo Island",137.775573730469,-35.7165031433105,0.54,2.39,3.19,1037.76,415.79,3592.21,56.53,33.61,113.88
"SA","Kangaroo Island",137.890029907227,-35.723461151123,0.54,1.9,2.7,815.36,340.23,2659.55,53.93,32.29,107.56
"SA","Kangaroo Island",137.907119750977,-35.714672088623,0.54,1.91,2.72,713.72,304.41,2255.26,45.7,27.52,91.11
"SA","Kangaroo Island",137.988906860352,-35.7158203125,0.54,1.92,2.42,527.84,235.94,1559.97,62.02,36.31,127.81
"SA","Kangaroo Island",138.013977050781,-35.7265586853027,0.54,1.91,2.43,633.49,274.2,1963.09,94.2,52.07,210.06
"SA","Yankalilla",138.130722045898,-35.6500282287598,0.54,1.93,2.5,348.48,167.78,923.14,91.85,50.37,208.17
"SA","Yankalilla",138.246475219727,-35.6603355407715,0.54,1.93,2.79,336.61,162.83,886.02,52.28,30.8,107.67
"SA","Yankalilla",138.312057495117,-35.6453323364258,0.54,1.94,2.93,274.45,137.07,690.34,48.46,28.85,98.33
"SA","Yankalilla",138.3759765625,-35.6453437805176,0.54,1.94,2.68,279.64,139.27,706.14,55.22,32.74,112
"SA","Yankalilla",138.414459228516,-35.6428642272949,0.54,1.94,2.76,277.66,138.2,702.15,49.14,29.54,97.85
"SA","Victor Harbor",138.478042602539,-35.6393089294434,0.54,1.94,2.75,242.57,122.83,599.4,50.17,30.07,100.32
"SA","Victor Harbor",138.513809204102,-35.6463623046875,0.54,1.95,3.9,216.33,111.27,523.3,11.88,8.59,18.46
"SA","Coorong",139.103012084961,-35.6852188110352,0.54,1.99,2.91,92.47,52.63,195.84,10.05,7.41,15.2
"NSW","Eurobodalla",150.305648803711,-35.6829795837402,0.54,1.81,3.21,1280.09,530.82,4114.47,9.84,7.33,14.61
"SA","Kangaroo Island",136.849060058594,-35.6847915649414,0.54,2.44,4.47,201.78,103.74,490.33,6.77,5.3,9.41
"SA","Kangaroo Island",136.900344848633,-35.6795883178711,0.54,2.44,4.13,212.06,108.19,520.98,8.79,6.64,12.85
"SA","Kangaroo Island",136.94677734375,-35.6725311279297,0.54,2.44,3.71,224.14,113.59,555.49,13.36,9.59,20.85
"SA","Kangaroo Island",137.011520385742,-35.6639022827148,0.54,2.44,3.37,218.78,111.58,536.86,21,14.15,35.79
"SA","Kangaroo Island",137.058792114258,-35.6631202697754,0.54,2.44,3.02,238.87,120.62,593.71,40.21,25.06,75.93
"SA","Kangaroo Island",137.106231689453,-35.6534042358398,0.54,2.43,3.21,255.54,128.03,641.7,121.06,64.87,281.39
"SA","Kangaroo Island",137.630981445312,-35.6381607055664,0.54,2.38,3.1,1273.58,492.39,4647.16,46.03,27.9,90.67
"SA","Yankalilla",138.093200683594,-35.6287651062012,0.54,1.93,2.54,331.88,159.51,884.31,54.35,32.45,108.92
"SA","Victor Harbor",138.55793762207,-35.6218681335449,0.54,1.95,4.23,231.45,117.61,569.88,10.18,7.49,15.44
"SA","Coorong",139.046203613281,-35.6484336853027,0.54,1.99,3.38,98.17,55.42,210.28,6.41,5.04,8.86
"NSW","Shoalhaven",150.336212158203,-35.6333694458008,0.54,1.81,2.68,1225.62,511.77,3900.63,28.67,18.64,51.19
"SA","Kangaroo Island",137.179275512695,-35.6163673400879,0.54,2.42,2.85,364.72,174.53,974.21,418.53,190.41,1214.86
"SA","Kangaroo Island",137.632522583008,-35.5992774963379,0.54,2.38,3.36,1364.88,522.82,5043.78,24.54,16.08,43.58
"SA","Coorong",139.058990478516,-35.5978546142578,0.54,1.79,3.89,166603429.17,13683784.21,4973049919.34,15.77,11.06,25.41
"NSW","Shoalhaven",150.376419067383,-35.5752372741699,0.54,1.81,2.67,1229.85,512.28,3930.27,30.94,19.85,56.28
"SA","Kangaroo Island",137.239776611328,-35.6021537780762,0.54,2.41,3.5,427.59,198.89,1190.86,26.3,17.2,46.67
"SA","Kangaroo Island",137.285034179688,-35.5917587280273,0.54,2.41,3.55,474.19,216.61,1356.06,28,18.2,50.04
"SA","Kangaroo Island",137.310577392578,-35.5752601623535,0.54,2.4,3.13,684.18,296.53,2105.28,47.63,29.06,92.49
"SA","Kangaroo Island",137.372985839844,-35.5833930969238,0.54,2.4,3.21,778.82,327.98,2505.2,49.62,29.78,99.07
"SA","Kangaroo Island",137.425735473633,-35.5836410522461,0.54,2.39,3.36,884.3,364.34,2937.4,37.98,23.53,72.74
"SA","Kangaroo Island",137.48600769043,-35.574275970459,0.54,2.39,3.16,883.16,362.15,2959.58,66.03,38.02,139.71
"SA","Kangaroo Island",137.555801391602,-35.571605682373,0.54,2.39,3.37,972.77,391.84,3348.13,43.14,26.24,84.79
"SA","Kangaroo Island",137.586929321289,-35.5594902038574,0.54,2.39,3.47,1021.11,408.03,3555.7,25.83,16.75,46.58
"SA","Yankalilla",138.115966796875,-35.5587463378906,0.54,1.93,3.25,378.15,173.17,1091.47,14.53,10.17,23.65
"SA","Alexandrina",138.684585571289,-35.5412063598633,0.54,1.95,2.6,203.15,104.67,491.62,41.28,25.53,78.9
"SA","Alexandrina",138.741424560547,-35.5217819213867,0.54,1.96,2.17,166.93,88.17,390.7,104.27,56.16,242.32
"SA","Coorong",139.054931640625,-35.5639686584473,0.54,1.85,3.59,15264.4,4377.88,82410.48,16.62,11.56,27.13
"NSW","Shoalhaven",150.421203613281,-35.5334854125977,0.54,1.81,3.09,1123.96,475.13,3516.61,25.27,16.4,45.61
"SA","Yankalilla",138.144882202148,-35.5329360961914,0.54,1.93,1.5,405.4,182.43,1203.1,2107.73,784.78,7983.91
"SA","Alexandrina",138.788360595703,-35.5141334533691,0.54,1.82,2.49,252829,56510.26,1819684.21,532.94,231.8,1654.74
"SA","Alexandrina",138.837677001953,-35.5001106262207,0.54,1.81,3.04,669312.5,116269.83,7148670,101.05,53.17,245.97
"SA","Alexandrina",138.90217590332,-35.495979309082,0.54,1.82,3.13,397869.55,75284.63,3753996.49,75.67,42.44,166.64
"SA","Coorong",139.107757568359,-35.5152053833008,0.54,1.84,3.49,26376.88,7136.3,153172.45,20.06,13.54,34.17
"NSW","Shoalhaven",150.419357299805,-35.5245475769043,0.54,1.81,3.16,1114.52,471.28,3486.83,22.16,14.64,39.01
"SA","Yankalilla",138.167190551758,-35.5175514221191,0.54,1.92,2.77,418.53,186.89,1257.42,36.17,22.24,70.49
"SA","Yankalilla",138.272125244141,-35.4736175537109,0.54,1.93,1.64,371.42,167.92,1099.22,253.03,118.06,724.67
"SA","Alexandrina",138.961532592773,-35.4710655212402,0.54,1.85,3.2,14606.48,4180.55,79372.18,60.75,35.1,128.37
"SA","Coorong",139.153701782227,-35.4944000244141,0.54,1.84,3.32,37796.07,9707.24,236048.95,41.18,25.16,80.52
"SA","Coorong",139.235153198242,-35.4806175231934,0.54,1.84,3.32,46630.28,11193.39,325350.13,36.97,22.94,70.76
"SA","Coorong",139.255584716797,-35.4789352416992,0.54,1.85,3.5,21733.81,5772.02,132162.38,16.11,11.14,26.65
"NSW","Shoalhaven",150.401947021484,-35.463996887207,0.54,1.81,3.2,1154.05,486.18,3627.5,27.97,17.94,51.24
"SA","Yankalilla",138.296783447266,-35.4467391967773,0.54,1.93,1.67,374.39,168.87,1112.09,166.24,82.41,437.3
"SA","Alexandrina",138.965591430664,-35.436954498291,0.54,1.84,3.41,26738.12,7362.69,150297.02,27.4,17.69,49.65
"SA","Murray Bridge",139.308883666992,-35.4209632873535,0.54,1.86,3.56,7380.19,2315.89,35359.71,14.37,10.18,22.88
"NSW","Shoalhaven",150.448516845703,-35.4087524414062,0.54,1.84,3.29,1140.9,481.2,3581.02,26.8,17.3,48.68
"SA","Yankalilla",138.328460693359,-35.4014854431152,0.54,1.93,1.71,342.43,156.48,998.74,96.52,51.83,226.78
"SA","Alexandrina",138.99983215332,-35.4025688171387,0.54,1.83,3.1,68871.99,17314.47,431820.43,71.64,40,159.66
"SA","Alexandrina",139.054641723633,-35.3926849365234,0.54,1.84,3.19,53836.79,13792.4,330894.03,57.27,32.87,123.1
"SA","Alexandrina",139.106964111328,-35.3879737854004,0.54,1.84,3.48,48096.49,12162.88,304514.98,22.29,14.77,39.03
"SA","Murray Bridge",139.308380126953,-35.3877601623535,0.54,1.88,3.56,2780.28,996.7,11094.42,13.83,9.9,21.68
"NSW","Shoalhaven",150.472244262695,-35.379711151123,0.54,1.84,3.28,1121.19,473.01,3520.81,28.4,18.14,52.4
"SA","Yankalilla",138.377059936523,-35.3707275390625,0.54,1.93,1.9,330.02,151.45,957.27,45.91,27.12,94.9
"SA","Murray Bridge",139.161315917969,-35.3434677124023,0.54,1.85,3.29,11343.77,3354.26,58994.93,34.76,21.31,68.28
"SA","Murray Bridge",139.211624145508,-35.3311576843262,0.54,1.87,3.32,3988.73,1339.74,17533.86,28.09,17.79,52.68
"SA","Murray Bridge",139.268783569336,-35.3396034240723,0.54,1.88,3.35,2290.02,824.8,9170.75,18.2,12.35,30.9
"NSW","Shoalhaven",150.476806640625,-35.3392028808594,0.54,1.84,2.89,1097.63,464.98,3425.83,46.51,28.1,92.1
"SA","Yorke Peninsula",136.892074584961,-35.2995147705078,0.54,2.44,3.03,237.44,119.12,597.26,72.95,42.39,150.89
"SA","Yorke Peninsula",136.94612121582,-35.2843360900879,0.54,2.43,3.29,263.57,129.61,683.1,67.62,38.73,144.25
"SA","Onkaparinga",138.437393188477,-35.2955360412598,0.54,1.94,2,293.81,137.13,832.36,24.74,16.49,42.62
"NSW","Shoalhaven",150.514236450195,-35.2721939086914,0.54,1.84,2.46,1149.1,480.71,3657.73,64.46,37.77,132.3
"SA","Yorke Peninsula",136.833374023438,-35.2586517333984,0.54,2.47,3,115.28,63.97,252.28,67.76,39.66,138.92
"SA","Yorke Peninsula",136.983993530273,-35.2511100769043,0.54,2.43,3.26,309.4,148.93,825.49,42.81,26.7,80.42
"SA","Yorke Peninsula",137.068176269531,-35.2329216003418,0.54,2.42,3.08,328.33,156.04,893.29,52.2,31.72,101.6
"SA","Yorke Peninsula",137.108047485352,-35.2438087463379,0.54,2.42,3.16,354.38,166.28,982.36,52.5,31.74,103.07
"SA","Yorke Peninsula",137.158889770508,-35.2424430847168,0.54,2.41,3.22,427.54,196.35,1218.29,68.96,39.33,148.09
"SA","Onkaparinga",138.437713623047,-35.2665901184082,0.54,1.94,2.1,290.18,135.67,820.08,21.21,14.45,35.41
"NSW","Shoalhaven",150.545104980469,-35.2491569519043,0.54,1.84,2.72,1146.3,481.64,3621.19,59.97,34.94,124.93
"SA","Yorke Peninsula",136.839752197266,-35.2131881713867,0.54,2.47,3.55,111.99,62.6,242.36,36.68,23.2,67.78
"SA","Yorke Peninsula",137.194564819336,-35.2126617431641,0.54,2.41,3.25,450.82,206.61,1285.49,61.75,35.74,130.01
"SA","Onkaparinga",138.463119506836,-35.2146835327148,0.54,2.7,2.94,261,123.95,721.49,17.37,12.21,27.76
"NSW","Shoalhaven",150.567932128906,-35.2025871276855,0.54,1.84,2.54,1163.06,486.09,3705.95,25.82,17.2,44.36
"NSW","Shoalhaven",150.596466064453,-35.1903190612793,0.54,1.84,2.62,1189.3,496.48,3792.69,23.92,16.2,40.1
"NSW","Unincorp. Other Territories",150.691772460938,-35.2010726928711,0.54,1.84,3.47,1044.91,441.39,3286.29,7.55,5.85,10.62
"NSW","Unincorp. Other Territories",150.708023071289,-35.1964263916016,0.54,1.84,4.84,986.18,420.85,3055.79,6.61,5.16,9.24
"WASouth","Albany",117.603546142578,-35.1297760009766,0.54,1.54,4.4,1375.07,537.58,4891.8,9.44,7.03,14.07
"WASouth","Albany",117.638542175293,-35.136344909668,0.54,1.54,2.91,1537.72,594.54,5543.94,36.7,22.85,69.83
"SA","Yorke Peninsula",136.848587036133,-35.1861114501953,0.54,2.45,3.69,160.59,85.05,374.96,30.14,19.48,54.22
"SA","Yorke Peninsula",137.264556884766,-35.1675338745117,0.54,2.41,3.61,424.31,194.99,1208.26,26.3,17.24,46.47
"SA","Yorke Peninsula",137.310241699219,-35.1675987243652,0.54,2.41,3.34,487.64,219.56,1429.02,33.73,21.67,60.9
"SA","Yorke Peninsula",137.348373413086,-35.1653175354004,0.54,2.39,3.22,800.11,329.42,2678.28,48.65,29.56,95.09
"SA","Yorke Peninsula",137.610473632812,-35.1551742553711,0.54,2.4,3.18,786.38,319.97,2694.1,48.43,29.43,94.71
"SA","Yorke Peninsula",137.634674072266,-35.1674423217773,0.54,2.39,3.74,883.99,353.31,3106.77,22.27,15.07,37.52
"SA","Yorke Peninsula",137.679443359375,-35.1711044311523,0.54,2.39,3.58,986.43,388.13,3543.62,7.35,5.71,10.31
"NSW","Unincorp. Other Territories",150.762313842773,-35.1617126464844,0.54,1.85,2.38,940.68,404.59,2882.15,74.54,42.72,157.83
"WASouth","Albany",117.537940979004,-35.0852127075195,0.54,1.55,3.18,1208.35,477.95,4241.76,13.16,9.22,21.5
"WASouth","Albany",117.644309997559,-35.1269073486328,0.54,1.54,2.77,1516.55,585.95,5479.22,37.73,23.48,71.71
"WASouth","Albany",117.856033325195,-35.1080741882324,0.54,1.54,2.74,1372.89,537.55,4870.92,45.66,28.09,87.58
"WASouth","Albany",117.946891784668,-35.1290817260742,0.54,1.54,2.41,1667.25,642.87,6011.31,52.89,31.58,106.21
"SA","Yorke Peninsula",136.918487548828,-35.1413688659668,0.54,2.45,3.48,169.77,88.99,402.41,34.59,22.14,62.78
"SA","Yorke Peninsula",137.412414550781,-35.1113395690918,0.54,2.4,3.31,763.54,315.22,2550.85,34.25,21.9,62.32
"SA","Yorke Peninsula",137.487014770508,-35.1126708984375,0.54,2.4,3.37,687.78,286.61,2273.93,31.25,20.24,55.89
"SA","Yorke Peninsula",137.524642944336,-35.1180801391602,0.54,2.4,3.78,730.31,301.35,2449.28,22.13,15.02,37.14
"SA","Yorke Peninsula",137.740158081055,-35.1296997070312,0.54,2.39,3.41,886.19,355.7,3089.23,37.89,23.49,72.44
"SA","Onkaparinga",138.462600708008,-35.1263885498047,0.54,2.71,3.55,251.8,120.45,688.37,7.44,5.77,10.45
"NSW","Unincorp. Other Territories",150.775543212891,-35.1180725097656,0.54,1.85,2.2,945.87,406.71,2898.7,90.98,50.69,200.42
"WASouth","Manjimup",116.499481201172,-35.039623260498,0.54,1.54,1.87,1400.69,547.05,4986.27,281.85,133.28,781.28
"WASouth","Manjimup",116.626121520996,-35.0582046508789,0.54,1.55,1.81,1228.85,482.46,4368.32,359.63,164.63,1042.04
"WASouth","Manjimup",116.632537841797,-35.0628356933594,0.54,1.54,1.76,1378.58,535.44,4962.56,489.25,216.9,1474.6
"WASouth","Manjimup",116.657424926758,-35.0581321716309,0.54,1.54,2.32,1257.81,495.67,4434.33,74.85,43.08,157.25
"WASouth","Denmark",116.862083435059,-35.0571975708008,0.54,1.54,1.96,1674.64,634.89,6225.22,175.56,89.37,437.91
"WASouth","Denmark",116.911567687988,-35.0656433105469,0.54,1.54,2.77,1332.61,519.43,4775.92,45.78,27.66,90.73
"WASouth","Denmark",116.92749786377,-35.0664024353027,0.54,1.54,2.21,1485.81,572.9,5395.03,94.71,52.61,209.26
"WASouth","Denmark",117.01692199707,-35.0369186401367,0.54,1.55,2.29,897.62,367.04,3020.48,81.59,45.95,177.43
"WASouth","Denmark",117.070243835449,-35.0396041870117,0.54,1.54,2.14,1265.59,496.75,4492.72,71.48,41.39,149
"WASouth","Denmark",117.12614440918,-35.0523452758789,0.54,1.55,3.4,1177.34,465.21,4147.38,15.07,10.55,24.44
"WASouth","Albany",117.43677520752,-35.0582695007324,0.54,1.55,3.63,1135.78,451.95,3958.78,11.08,8.07,17.01
"WASouth","Albany",117.478675842285,-35.0829620361328,0.54,1.56,2.26,745.14,312.08,2427.84,43.76,26.2,88.49
"WASouth","Albany",117.654037475586,-35.0811538696289,0.54,1.54,2.9,1511.49,583.68,5467.46,50.67,30.06,103.2
"WASouth","Albany",117.752479553223,-35.0632133483887,0.54,1.54,3.16,1286.93,507.48,4525.2,27.2,17.73,48.45
"WASouth","Albany",117.799957275391,-35.0789680480957,0.54,1.54,1.64,1285.4,507.6,4508.42,2025.12,730.03,8162.29
"WASouth","Albany",117.998588562012,-35.083553314209,0.54,1.54,2.64,1930.51,724.77,7241.87,43.92,26.67,86.49
"SA","Yorke Peninsula",136.942672729492,-35.1013793945312,0.54,2.45,4.12,160.1,84.55,375.72,26.34,17.38,46
"SA","Yorke Peninsula",137.752334594727,-35.0895500183105,0.54,2.4,2.35,660.29,275.89,2178.1,74.48,42.7,157.65
"WASouth","Manjimup",116.492492675781,-35.0378036499023,0.54,1.54,2.03,1470.26,569.4,5299.4,108.96,59.71,244.68
"WASouth","Denmark",116.80200958252,-35.027214050293,0.54,1.54,2.12,1304.52,508.66,4678.6,165.22,86.25,395.15
"WASouth","Denmark",117.164962768555,-35.040657043457,0.54,1.54,2.28,1539.25,588,5672.84,90.86,50.38,201.97
"WASouth","Denmark",117.215309143066,-35.0246772766113,0.54,1.56,2.07,655.14,279.86,2075.37,102.94,56.75,229.4
"WASouth","Denmark",117.261695861816,-35.0279731750488,0.54,1.55,1.95,1028.11,413.49,3536.08,111.33,60.54,253.2
"WASouth","Denmark",117.314033508301,-35.0409965515137,0.54,1.55,2.06,1107.66,443.45,3823.92,103.69,57.22,230.59
"WASouth","Albany",117.37866973877,-35.0329399108887,0.54,1.55,1.87,1106.08,441.98,3832.17,287.57,137.28,782.41
"WASouth","Albany",118.054786682129,-35.0434722900391,0.54,1.54,1.97,1853.01,700.55,6880.47,267.05,130.92,695.43
"WASouth","Albany",118.068359375,-35.0635223388672,0.54,1.54,2.49,1805.95,686.66,6646.91,49.15,29.61,97.53
"SA","Yorke Peninsula",136.928436279297,-35.0313949584961,0.54,2.46,3.63,132.07,71.99,296.18,45.15,27.39,88.89
"SA","Marion",138.500640869141,-35.0439109802246,0.54,2.71,2.44,219.22,107.19,580.68,74.12,43.2,152.37
"NSW","Shoalhaven",150.76676940918,-35.0225372314453,0.54,1.84,2.2,1066.47,449.05,3369.56,91.16,50.62,202.03
"WASouth","Manjimup",116.441963195801,-34.986400604248,0.54,1.55,2.65,1098.41,436.19,3851.05,47.75,28.55,96.19
"WASouth","Albany",118.160102844238,-34.9965553283691,0.54,1.56,1.9,796.93,342.8,2463.66,239.05,117.44,624.24
"WASouth","Albany",118.208679199219,-35.0000228881836,0.54,1.54,2.55,1856.83,704.04,6857.54,64.39,37.63,132.84
"SA","Lower Eyre Peninsula",135.93977355957,-34.9993171691895,0.54,2.08,2.67,236.24,115.61,621.78,77.19,44.87,159.08
"SA","Lower Eyre Peninsula",136.003768920898,-34.9874534606934,0.54,2.07,2.98,317.37,150.59,867.82,38.05,23.64,72.48
"SA","Yorke Peninsula",136.9482421875,-35.0069999694824,0.54,2.44,3.74,190.03,98.26,458.63,39.82,24.62,76.31
"SA","Holdfast Bay",138.505004882812,-34.9957733154297,0.54,2.71,2.73,200.72,99.39,522.35,32.42,20.01,63.21
"NSW","Shoalhaven",150.793502807617,-34.9941062927246,0.54,1.76,2.18,984.84,421.75,3033.17,71.47,40.96,151.75
"WASouth","Manjimup",116.376663208008,-34.9477043151855,0.54,1.55,1.89,1017.16,408.6,3508.51,296.12,143.41,783.57
"WASouth","Albany",118.245780944824,-34.9216423034668,0.54,1.54,2.03,1809.88,689.53,6636.46,234.76,114.43,622.65
"WASouth","Albany",118.293395996094,-34.9157218933105,0.54,1.54,2.93,1755.43,669.61,6434.24,59.22,34.46,123.76
"WASouth","Albany",118.388008117676,-34.9172668457031,0.54,1.54,3.21,1796.9,684.67,6590.3,30.73,19.63,56.4
"WASouth","Albany",118.43773651123,-34.9264717102051,0.54,1.54,2.65,1562.2,604.36,5620.79,97.23,53.65,217.07
"SA","Lower Eyre Peninsula",135.62873840332,-34.9475173950195,0.54,2.06,2.65,390.15,179.22,1117.5,87.48,50.38,181.97
"SA","Lower Eyre Peninsula",135.686218261719,-34.951774597168,0.54,2.06,2.61,417,189.66,1211.28,96.12,54.28,206.01
"SA","Lower Eyre Peninsula",135.875335693359,-34.9482650756836,0.54,2.08,2.78,246.33,120.19,650.11,61.07,36.58,120.83
"SA","Lower Eyre Peninsula",136.05680847168,-34.9548683166504,0.54,2.06,2.96,457.08,208.73,1310.6,35.62,22.3,67.18
"SA","Yorke Peninsula",136.970291137695,-34.9538307189941,0.54,2.44,3.46,198.77,102.36,482.07,60.21,35.71,121.38
"SA","Yorke Peninsula",137.790176391602,-34.9498023986816,0.54,2.4,2.95,585.55,248.19,1895.74,60.39,35.34,124.72
"SA","Charles Sturt",138.493499755859,-34.9453239440918,0.54,2.72,2.86,192.27,95.97,494.41,16.93,11.56,28.58
"NSW","Shoalhaven",150.779983520508,-34.9549674987793,0.54,1.76,2.31,1056.44,447.84,3300.01,45.38,27.62,88.79
"WASouth","Manjimup",116.278388977051,-34.8926849365234,0.54,1.55,1.98,958.32,385.24,3313.95,125.48,66.63,295.85
"WASouth","Manjimup",116.313697814941,-34.9120445251465,0.54,1.55,2.1,923.03,372.24,3180.9,98.94,54.88,218.57
"WASouth","Albany",118.473320007324,-34.9040679931641,0.54,1.53,3.87,2052.92,774.03,7613.3,12.34,8.88,19.31
"SA","Lower Eyre Peninsula",135.60270690918,-34.892707824707,0.54,2.1,2.33,153.53,79.46,374.67,217.29,111.14,530.68
"SA","Lower Eyre Peninsula",135.708190917969,-34.9039306640625,0.54,2.08,2.51,247.37,120.81,651.67,98.97,56.08,210.49
"SA","Lower Eyre Peninsula",135.813537597656,-34.8753776550293,0.54,2.08,2.56,242.29,118.07,641.66,73.87,43.21,150.89
"SA","Lower Eyre Peninsula",135.850769042969,-34.9092292785645,0.54,2.08,2.53,239.57,117.02,632.16,134.11,74.35,291.72
"SA","Lower Eyre Peninsula",136.040588378906,-34.9115982055664,0.54,2.05,2.84,593.78,265.58,1740.85,36.77,22.89,69.94
"SA","Yorke Peninsula",137.007171630859,-34.9160041809082,0.54,2.44,2.93,198.16,101.92,481.71,41.85,25.76,80.65
"SA","Yorke Peninsula",137.434066772461,-34.916015625,0.54,2.49,3.29,80.05,44.9,175.55,59.68,35.5,119.73
"SA","Yorke Peninsula",137.805541992188,-34.9134864807129,0.54,2.4,2.95,570.27,243.1,1829.93,55.8,33.05,113.27
"SA","Charles Sturt",138.486358642578,-34.9103393554688,0.54,2.72,2.74,182.45,91.72,464.52,19.13,12.87,32.93
"NSW","Shoalhaven",150.770278930664,-34.9090614318848,0.54,1.76,2.17,1096.82,462.37,3453.02,82.62,46.26,181.48
"WASouth","Manjimup",116.05086517334,-34.8465347290039,0.54,1.55,2.06,1209.44,471.8,4355.09,115,62.05,264.75
"WASouth","Manjimup",116.111457824707,-34.850944519043,0.54,1.55,2.21,1107.79,437.91,3914.68,77.81,44.18,167.21
"WASouth","Manjimup",116.154434204102,-34.8547859191895,0.54,1.55,2.33,1107.86,438.48,3906.02,45.33,27.54,89
"WASouth","Manjimup",116.210372924805,-34.8674583435059,0.54,1.56,2.02,793.77,326.71,2660.01,194.63,101.94,458.56
"WASouth","Albany",118.456573486328,-34.9003067016602,0.54,1.53,3.88,2184.21,818.06,8168.31,13.3,9.43,21.26
"SA","Lower Eyre Peninsula",135.545608520508,-34.8329162597656,0.54,2.11,2.53,137.43,72.18,328.66,52.62,31.75,103.63
"SA","Yorke Peninsula",137.037017822266,-34.8975028991699,0.54,2.44,3.16,197.02,101.36,478.84,30.42,19.47,55.69
"SA","Yorke Peninsula",137.119888305664,-34.9118118286133,0.54,2.45,3.36,168.31,87.57,404.55,21.19,14.22,36.35
"SA","Yorke Peninsula",137.17822265625,-34.8988838195801,0.54,2.46,3.36,140.1,74.17,329.91,20.63,13.86,35.36
"SA","Yorke Peninsula",137.205261230469,-34.896785736084,0.54,2.46,3.15,135.12,71.75,317.15,23.54,15.57,41.23
"SA","Yorke Peninsula",137.259643554688,-34.8906936645508,0.54,2.47,3.15,121.12,64.9,281.51,22.77,15.11,39.67
"SA","Yorke Peninsula",137.289123535156,-34.893238067627,0.54,2.47,2.95,113.68,61.28,262.35,27.89,18,50.51
"SA","Yorke Peninsula",137.451095581055,-34.8677635192871,0.54,2.49,3.28,79.95,44.89,175.02,69.88,40.6,144.98
"SA","Yorke Peninsula",137.813827514648,-34.8672142028809,0.54,2.41,2.27,544.05,233.76,1725.67,44.28,26.53,89.34
"NSW","Shoalhaven",150.753067016602,-34.8636322021484,0.54,1.76,2.13,1126.45,472.87,3567.53,107.86,57.69,253.34
"WASouth","Manjimup",115.992393493652,-34.8286247253418,0.54,1.6,1.99,921.6,374.16,3137.2,118.84,61.76,292.77
"WASouth","Albany",118.413291931152,-34.8083572387695,0.54,1.53,3.61,2424.58,895.45,9242.48,22.25,14.6,39.63
"SA","Lower Eyre Peninsula",135.501922607422,-34.7913246154785,0.54,2.11,2.35,130.49,69.01,309.2,309,148.49,826.95
"SA","Lower Eyre Peninsula",136.003540039062,-34.8275985717773,0.54,2.05,3.16,611.55,272.93,1796.93,18.54,12.57,31.5
"SA","Yorke Peninsula",137.45246887207,-34.8243675231934,0.54,2.49,3.33,84.78,47.29,187.15,66.69,38.95,137.4
"SA","Yorke Peninsula",137.853607177734,-34.7996711730957,0.54,2.41,2.91,468.05,205.78,1436.84,59,34.72,120.79
"SA","Port Adelaide Enfield",138.478958129883,-34.8245964050293,0.54,2.72,2.45,169.87,86.26,426.51,34.04,21.28,64.58
"NSW","Shoalhaven",150.768356323242,-34.8201484680176,0.54,1.76,2.8,1176.06,490.56,3758.14,22.14,14.84,37.94
"WASouth","Manjimup",115.960182189941,-34.7667274475098,0.54,1.6,1.83,991.72,395.76,3468.53,295.55,141.62,797.28
"WASouth","Albany",118.439796447754,-34.7701377868652,0.54,1.53,3.07,2325.75,864.11,8792,31.15,19.5,59.31
"SA","Lower Eyre Peninsula",135.476257324219,-34.7575340270996,0.54,2.12,2.47,118.06,63.2,275.29,195.63,100.37,477.99
"SA","Lower Eyre Peninsula",136.013534545898,-34.7910461425781,0.54,2.05,3.14,709.59,311.15,2133.72,18.29,12.41,31.03
"SA","Yorke Peninsula",137.45524597168,-34.7916793823242,0.54,2.49,3.36,85.02,47.42,187.74,66.29,38.65,137.04
"SA","Yorke Peninsula",137.865936279297,-34.7779502868652,0.54,2.41,2.39,449.07,198.64,1366.72,24.53,16.16,43.15
"NSW","Kiama",150.826202392578,-34.774356842041,0.54,1.76,2.79,1171.22,488.21,3747.97,25.83,16.73,46.69
"WASouth","Manjimup",115.928855895996,-34.7108383178711,0.54,1.61,1.87,808.44,328.89,2765.26,248.8,120.59,664.35
"WASouth","Albany",118.513496398926,-34.7271842956543,0.54,1.53,1.92,2135.62,802.2,7955.13,251.43,122.64,663.1
"WASouth","Albany",118.577919006348,-34.7082405090332,0.54,1.54,1.9,1944.37,738.18,7144.41,227.25,114.75,566.47
"WASouth","Albany",118.641914367676,-34.6965713500977,0.54,1.54,2.88,1709.09,658.67,6158.56,35.49,22.15,67.35
"SA","Lower Eyre Peninsula",135.335220336914,-34.7054634094238,0.54,2.09,3.27,184.94,93.59,464.85,40.13,24.29,79.96
"SA","Lower Eyre Peninsula",135.439056396484,-34.7274475097656,0.54,2.11,2.33,139.15,72.86,334.46,486.36,217.08,1448.44
"SA","Port Lincoln",135.892684936523,-34.7439880371094,0.54,2.03,2.25,1217.73,499.3,4003.83,404.64,186.19,1152.92
"SA","Unincorporated SA",135.93717956543,-34.7292900085449,0.54,2.03,2.31,1160.1,476.25,3816.48,254.51,123.81,674.09
"SA","Lower Eyre Peninsula",135.999130249023,-34.7331199645996,0.54,2.04,3.13,868.99,371.31,2705.47,18.04,12.26,30.59
"SA","Yorke Peninsula",137.474060058594,-34.7379150390625,0.54,2.49,3.39,79.41,44.68,173.27,66.08,38.51,136.78
"SA","Yorke Peninsula",137.876220703125,-34.7336845397949,0.54,2.42,2.81,398.81,179.78,1180.94,68.52,39.44,144.71
"SA","Port Adelaide Enfield",138.491088867188,-34.7511978149414,0.54,2.65,2.91,144.22,74.84,351.61,9.55,7.15,14.1
"NSW","Kiama",150.849090576172,-34.726978302002,0.54,1.76,2.84,1158.06,483.51,3697.45,21.31,14.27,36.69
"WASouth","Manjimup",115.905700683594,-34.6893005371094,0.54,1.61,2.25,769.24,314.53,2615.07,122.99,65.61,287.91
"WASouth","Albany",118.657928466797,-34.6917991638184,0.54,1.54,3.02,1868.96,714.83,6791.85,29.53,18.66,55.42
"SA","Lower Eyre Peninsula",135.325469970703,-34.6993713378906,0.54,2.12,3.2,106.64,57.9,243.84,17.99,12.22,30.49
"SA","Yorke Peninsula",137.485076904297,-34.6953315734863,0.54,2.49,3.38,78.3,44.17,170.22,72.87,41.88,153.75
"SA","Yorke Peninsula",137.889953613281,-34.6969833374023,0.54,2.42,3.3,360.46,165.17,1042.45,30.19,19.42,54.78
"SA","Playford",138.471588134766,-34.7015037536621,0.54,2.65,3.32,147.95,76.75,360.28,6.45,5.08,8.92
"NSW","Kiama",150.860687255859,-34.6920127868652,0.54,1.86,2.46,1191.88,495.63,3826.57,46.44,28.33,90.38
"WASouth","Manjimup",115.858764648438,-34.6483764648438,0.54,1.61,2.92,840.5,341.5,2874.23,20.31,13.52,35.44
"WASouth","Albany",118.732460021973,-34.6475105285645,0.54,1.54,2.81,1612.33,628.11,5717.79,29.46,18.69,54.9
"SA","Lower Eyre Peninsula",135.326873779297,-34.6681861877441,0.54,2.12,2.46,99.54,54.47,225.31,282.49,135.41,763.61
"SA","Lower Eyre Peninsula",135.921951293945,-34.6428375244141,0.54,2.03,2.82,1155.04,471.91,3833.54,22.23,14.73,38.91
"SA","Yorke Peninsula",137.49104309082,-34.6620597839355,0.54,2.49,3.37,80.87,45.43,176.77,85.47,47.92,186.81
"SA","Yorke Peninsula",137.904342651367,-34.6358642578125,0.54,2.43,3.22,308.02,144.57,860.78,32.92,20.92,60.74
"SA","Adelaide Plains",138.42643737793,-34.6480331420898,0.54,2.65,2.71,150.84,77.94,369.63,12.51,8.98,19.6
"NSW","Kiama",150.864776611328,-34.6501274108887,0.54,1.86,2.34,1103.92,463.72,3495.94,63.72,37.08,132.55
"WASouth","Manjimup",115.80005645752,-34.5957412719727,0.54,1.61,2.02,822.32,336.88,2773.28,88.77,48.81,200.69
"WASouth","Albany",118.748977661133,-34.5954666137695,0.54,1.54,2.75,1728.02,669.13,6169.77,34.55,21.24,67.6
"SA","Lower Eyre Peninsula",135.316162109375,-34.6103324890137,0.54,2.16,2.38,61.04,35.62,126.69,277.73,134.77,735.02
"SA","Lower Eyre Peninsula",135.936264038086,-34.6104278564453,0.54,2.03,2.84,1098.64,450.44,3634.04,21.32,14.2,37.05
"SA","Yorke Peninsula",137.500183105469,-34.6044120788574,0.54,2.49,3.37,75.23,42.73,161.85,87.73,48.89,193.54
"SA","Yorke Peninsula",137.912384033203,-34.618537902832,0.54,2.43,3.21,297.05,140.26,822.97,34.02,21.52,63.13
"SA","Adelaide Plains",138.403396606445,-34.6134872436523,0.54,2.65,2.32,149.11,77.33,363.19,29.9,19.49,52.95
"NSW","Shellharbour",150.893783569336,-34.6025238037109,0.54,1.86,2.35,1271.03,523.86,4131.05,58.36,34.24,120.18
"WASouth","Manjimup",115.731224060059,-34.5361518859863,0.54,1.61,2.32,830.9,336.83,2855.67,48.9,29.41,97.35
"WASouth","Manjimup",115.753326416016,-34.553165435791,0.54,1.61,1.99,737.8,303.39,2488.78,103.37,55.68,240.38
"WASouth","Albany",118.747589111328,-34.5683937072754,0.54,1.54,2.3,1576.13,618.57,5522.7,62.9,37.08,127.93
"WASouth","Jerramungup",119.227691650391,-34.534309387207,0.54,1.54,2.17,1313.78,525.88,4490.31,143.62,75.51,341.88
"WASouth","Jerramungup",119.256904602051,-34.5356292724609,0.54,1.54,3.39,1474.37,588.34,5033.63,18.7,12.59,32.17
"SA","Lower Eyre Peninsula",135.317031860352,-34.5626525878906,0.54,2.19,2.29,38.21,23.89,71.96,218.77,109.24,557.6
"SA","Unincorporated SA",135.946823120117,-34.5628547668457,0.54,2.03,2.86,1120.16,456.01,3748.71,21.48,14.33,37.25
"SA","Yorke Peninsula",137.492401123047,-34.5622596740723,0.54,2.49,3.37,74.97,42.69,160.55,94.91,52.17,213.7
"SA","Yorke Peninsula",137.893447875977,-34.5577239990234,0.54,2.43,3.15,305.56,143.64,851.94,37.25,23.25,70.41
"SA","Adelaide Plains",138.351638793945,-34.5736656188965,0.54,2.65,1.97,147.35,76.54,358.08,14.68,10.45,23.16
"NSW","Shellharbour",150.831756591797,-34.553035736084,0.54,1.81,3.11,14954.32,4135.6,86452.79,45.41,27.55,89.37
"WASouth","Manjimup",115.672386169434,-34.4941368103027,0.54,1.61,2.16,820.33,335.57,2774.56,70.82,40.11,153.84
"WASouth","Albany",118.791877746582,-34.5268898010254,0.54,1.54,3.04,1451.75,576.15,5009.7,17.68,11.98,30.15
"WASouth","Albany",118.840110778809,-34.5116996765137,0.54,1.54,2.55,1350.93,540.42,4614.76,54.01,31.74,111.5
"WASouth","Albany",118.897109985352,-34.504997253418,0.54,1.54,2.33,1307.81,524.5,4455.5,60.9,35.86,124.33
"WASouth","Jerramungup",119.158416748047,-34.4976654052734,0.54,1.55,2.32,1110.21,452.57,3708.35,72.91,41.8,154.57
"WASouth","Jerramungup",119.285186767578,-34.5118827819824,0.54,1.54,3.1,1414.53,562.08,4877.69,24.23,15.77,43.62
"SA","Lower Eyre Peninsula",135.318298339844,-34.5224838256836,0.54,2.18,2.31,43.51,26.68,84.22,182.55,93.41,449.98
"SA","Lower Eyre Peninsula",135.998809814453,-34.5188331604004,0.54,2.04,2.3,1010.84,413.43,3375.21,169.05,87.81,407.42
"SA","Tumby Bay",136.073135375977,-34.512020111084,0.54,2.04,2.57,844.81,351.31,2766.97,127.4,68.66,292.07
"SA","Tumby Bay",136.107116699219,-34.5229568481445,0.54,2.04,3.27,821.31,347.1,2616.55,15.65,10.9,25.56
"SA","Unincorporated SA",137.380996704102,-34.5214958190918,0.54,2.47,3.42,107.77,58.74,244.57,90.4,50.05,201.54
"SA","Yorke Peninsula",137.895538330078,-34.509952545166,0.54,2.43,3.14,308.18,144.62,861.49,39.66,24.55,75.89
"SA","Adelaide Plains",138.315139770508,-34.5217552185059,0.54,2.65,2.02,140.93,73.71,339.19,13.66,9.75,21.52
"NSW","Shellharbour",150.853439331055,-34.5301818847656,0.54,1.82,2.78,11892.19,3400.51,65594.7,100.11,54.37,229.79
"WASouth","Nannup",115.607223510742,-34.447395324707,0.54,1.61,2.36,846.06,345.82,2860.03,64.66,37.55,134.88
"WASouth","Jerramungup",118.949409484863,-34.4593963623047,0.54,1.55,2.68,1202.04,487.36,4035.55,40.22,24.58,78.7
"WASouth","Jerramungup",119.00870513916,-34.4599838256836,0.54,1.55,2.78,1128.66,460.5,3760.33,40.5,24.76,79.18
"WASouth","Jerramungup",119.048156738281,-34.4653663635254,0.54,1.55,2.31,1164.51,472.83,3906.57,75.35,42.53,164.04
"WASouth","Jerramungup",119.108016967773,-34.4735145568848,0.54,1.55,1.81,947.48,395.29,3063.65,302.96,142.91,839.72
"WASouth","Jerramungup",119.282707214355,-34.4768371582031,0.54,1.54,2.36,1405.39,559.02,4839.14,68.07,39.3,143.04
"WASouth","Jerramungup",119.363868713379,-34.4838829040527,0.54,1.54,2.9,1350.13,538.76,4632.89,10.24,7.54,15.49
"SA","Lower Eyre Peninsula",135.302597045898,-34.5082473754883,0.54,2.17,2.62,47.85,29,94.04,54.84,33.07,107.87
"SA","Tumby Bay",136.126312255859,-34.4671478271484,0.54,2.05,3.12,716.64,305.85,2261.34,16.8,11.58,27.87
"SA","Yorke Peninsula",137.419784545898,-34.4762954711914,0.54,2.34,3.31,92.8,51.43,206.14,77.43,43.73,168.02
"SA","Yorke Peninsula",137.918411254883,-34.4620323181152,0.54,2.62,3.33,302.2,142.14,842.34,41.77,25.68,80.65
"SA","Adelaide Plains",138.260284423828,-34.4787826538086,0.54,2.64,2.06,165.41,84.36,412.73,13,9.3,20.45
"NSW","Wollongong",150.849761962891,-34.4852981567383,0.54,1.82,2.98,6542.64,2026.23,32365.43,39.15,23.82,77.37
"NSW","Wollongong",150.903182983398,-34.4712257385254,0.54,1.86,2.18,1254.16,518.11,4062.35,124.83,65.91,297.53
"WASouth","Nannup",115.485870361328,-34.3908157348633,0.54,1.6,2.07,1041.02,414.27,3648.26,116.47,61.68,277.26
"WASouth","Nannup",115.538330078125,-34.4236183166504,0.54,1.6,1.64,954.88,383.35,3310.95,1564.75,594.44,5819.83
"WASouth","Jerramungup",119.406532287598,-34.4336967468262,0.54,1.54,3.15,1444.53,574.54,4966.72,9.73,7.15,14.85
"SA","Lower Eyre Peninsula",135.355972290039,-34.4217758178711,0.54,2.17,2.24,48.17,28.97,96.01,226.5,111.25,593.67
"SA","Tumby Bay",136.143707275391,-34.4139289855957,0.54,2.05,3.1,697.72,296.99,2215.88,15.39,10.74,25.06
"SA","Yorke Peninsula",137.425506591797,-34.4361991882324,0.54,2.34,3.35,101.98,55.37,233.8,74.47,42.22,160.88
"SA","Yorke Peninsula",137.946380615234,-34.4078636169434,0.54,2.29,2.8,276.26,131.63,756.22,46.11,28.02,90.42
"SA","Adelaide Plains",138.249923706055,-34.4341163635254,0.54,2.64,2.58,168.06,85.5,420.82,13.94,9.86,22.31
"NSW","Wollongong",150.911224365234,-34.4259948730469,0.54,1.85,2.36,1423.57,579.02,4707.07,67.21,38.89,140.78
"WASouth","Nannup",115.451011657715,-34.36767578125,0.54,1.6,2.26,1044.49,414.55,3677.85,27.23,17.38,50.45
"WASouth","Jerramungup",119.408996582031,-34.3939018249512,0.54,1.54,2.06,1516.64,600.03,5249.67,166.91,85.91,409.34
"WASouth","Jerramungup",119.474838256836,-34.3979911804199,0.54,1.54,3.19,1338.65,536.99,4552.63,11.17,8.03,17.63
"SA","Lower Eyre Peninsula",135.348175048828,-34.3730888366699,0.54,2.16,2.24,55.9,33,114.15,243.03,118.17,646.14
"SA","Tumby Bay",136.145538330078,-34.4058647155762,0.54,2.05,3.06,684.3,291.87,2167.79,16.06,11.15,26.35
"SA","Yorke Peninsula",137.440673828125,-34.3979988098145,0.54,2.33,3.36,105.36,57,242.7,76.52,43.17,166.52
"SA","Yorke Peninsula",137.983108520508,-34.3797225952148,0.54,2.29,2.8,271.23,129.26,742.98,47.1,28.56,92.62
"SA","Adelaide Plains",138.239547729492,-34.3977470397949,0.54,2.65,2.18,161.27,82.72,398.84,34.55,21.78,64.51
"NSW","Wollongong",150.927154541016,-34.380241394043,0.54,1.85,2.35,1450.83,587.93,4823.85,89.36,49.34,200.4
"WASouth","Augusta Margaret River",115.114120483398,-34.3457527160645,0.54,1.61,2.12,863.09,353.08,2909.25,385.07,172.16,1160.79
"WASouth","Augusta Margaret River",115.169120788574,-34.3554878234863,0.54,1.58,2.04,2339.26,846.88,9267.12,377.92,170.36,1123.18
"WASouth","Augusta Margaret River",115.178131103516,-34.3455810546875,0.54,1.58,1.99,2229.32,807.11,8857.9,238.43,115.25,641.56
"WASouth","Augusta Margaret River",115.252731323242,-34.3154830932617,0.54,1.59,2.05,1767.53,651.8,6891.22,141.47,73.93,340.89
"WASouth","Augusta Margaret River",115.323333740234,-34.3184242248535,0.54,1.59,2.05,1502.11,566.79,5672.31,136.53,71.64,327.28
"WASouth","Nannup",115.369979858398,-34.3293151855469,0.54,1.6,1.9,1303.59,500.83,4805.18,469.38,206.6,1437.52
"WASouth","Jerramungup",119.521812438965,-34.3588638305664,0.54,1.54,3.26,1576.09,625.35,5415.67,11,7.91,17.33
"SA","Lower Eyre Peninsula",135.353698730469,-34.3556213378906,0.54,2.17,2.55,53.82,31.91,109.33,169.14,86.15,422.39
"SA","Tumby Bay",136.194808959961,-34.336181640625,0.54,2.05,3.09,569.56,247.26,1767.12,15.05,10.54,24.41
"SA","Yorke Peninsula",137.474868774414,-34.3563575744629,0.54,2.34,3.37,88.68,49,198.64,76.97,43.41,167.55
"SA","Yorke Peninsula",138.00910949707,-34.3484191894531,0.54,2.29,2.79,240.82,117.15,639.96,51.43,30.77,103.07
"SA","Adelaide Plains",138.221740722656,-34.3510093688965,0.54,2.65,2.12,162.61,83.29,402.99,45.07,27.35,88.68
"NSW","Wollongong",150.933074951172,-34.3690643310547,0.54,1.85,2.6,1418.84,578.83,4667.55,52.32,31.19,105.38
"WASouth","Augusta Margaret River",115.064079284668,-34.2983169555664,0.54,1.61,2.19,793.67,324.76,2688.92,75.77,42.06,170.07
"WASouth","Jerramungup",119.510375976562,-34.2989196777344,0.54,1.54,3.54,1656.65,652.84,5746.03,10.22,7.45,15.76
"SA","Lower Eyre Peninsula",135.345321655273,-34.3000869750977,0.54,2.16,2.54,57.54,33.78,118.5,156.86,80.85,385.19
"SA","Tumby Bay",136.242691040039,-34.2956275939941,0.54,2.05,3.29,530.45,232.07,1629.89,12.39,8.93,19.29
"SA","Yorke Peninsula",137.495086669922,-34.3133583068848,0.54,2.34,3.41,91.84,50.49,207.17,80.79,45.35,176.83
"SA","Yorke Peninsula",138.025238037109,-34.3000411987305,0.54,2.3,2.76,222.95,109.86,581.56,54.77,32.44,111.36
"SA","Wakefield",138.20783996582,-34.3054428100586,0.54,2.65,2.42,146.78,76.68,353.13,18.5,12.73,30.55
"NSW","Wollongong",150.955596923828,-34.2879600524902,0.54,1.85,1.85,1543.52,620.55,5186.94,520.74,227.66,1603.96
"WASouth","Ravensthorpe",119.522560119629,-34.2559394836426,0.54,1.54,3.23,1639.54,646.36,5685.91,12.96,9.15,20.9
"SA","Lower Eyre Peninsula",135.336288452148,-34.2558555603027,0.54,2.16,2.6,61.63,35.88,128.34,92.45,51.54,203.27
"SA","Tumby Bay",136.272445678711,-34.2473526000977,0.54,2.05,3.27,538.6,234.82,1663.84,12.73,9.15,19.87
"SA","Yorke Peninsula",137.493392944336,-34.2675590515137,0.54,2.34,3.43,97.59,53.2,222.81,85.34,47.39,189.87
"SA","Yorke Peninsula",138.024490356445,-34.2730674743652,0.54,2.31,2.76,184.98,93.75,463.7,65.89,38.02,138.89
"SA","Wakefield",138.153900146484,-34.253303527832,0.54,2.33,2.37,122.4,65.94,281.52,13.48,9.61,21.27
"NSW","Wollongong",151.004867553711,-34.2265319824219,0.54,1.87,3.73,1615,645.62,5468.38,8.82,6.61,13.04
"WASouth","Augusta Margaret River",115.019226074219,-34.2258415222168,0.54,1.62,1.99,548.99,235.21,1749.6,132.59,69.22,321.37
"WASouth","Ravensthorpe",119.571472167969,-34.1985282897949,0.54,1.54,3.04,1590.23,627.05,5522.41,17.03,11.64,28.65
"SA","Lower Eyre Peninsula",135.308288574219,-34.2018508911133,0.54,2.16,2.75,57.13,33.48,118.08,42.84,26.26,83.03
"SA","Tumby Bay",136.297836303711,-34.2082405090332,0.54,2.05,3.04,529.83,231.22,1635.62,16.04,11.2,26.05
"SA","Yorke Peninsula",137.487152099609,-34.211742401123,0.54,2.34,3.45,93.71,51.39,212.11,89.96,49.3,204.41
"SA","Yorke Peninsula",138.039840698242,-34.2096405029297,0.54,2.32,2.73,138.97,73.72,326.14,76.08,42.75,166.87
"SA","Wakefield",138.137710571289,-34.197338104248,0.54,2.33,2.72,122.74,66.17,281.88,68.96,39.44,147.36
"SA","Wakefield",138.154418945312,-34.217830657959,0.54,2.33,2.04,113.47,61.94,255.97,21.03,14.26,35.41
"NSW","Wollongong",151.033432006836,-34.201286315918,0.54,1.87,3.25,1667.66,663.87,5678.92,11.86,8.58,18.4
"WASouth","Augusta Margaret River",115.017852783203,-34.1611366271973,0.54,1.61,2.17,677.08,284.2,2210.87,73.65,41.14,163.75
"WASouth","Ravensthorpe",119.584747314453,-34.1779365539551,0.54,1.54,3.38,1568.32,618.49,5449.45,11.81,8.46,18.62
"SA","Lower Eyre Peninsula",135.263961791992,-34.1757392883301,0.54,2.17,2.67,48.4,28.89,97.77,65.13,37.78,136.04
"SA","Tumby Bay",136.332229614258,-34.1622657775879,0.54,2.05,3.03,517.27,226.42,1590.47,16.31,11.36,26.57
"SA","Yorke Peninsula",137.466354370117,-34.1796340942383,0.54,2.34,3.03,98.39,53.62,224.58,16.79,11.67,27.39
"NSW","Sutherland",151.091796875,-34.1674118041992,0.54,1.87,2.75,1650.32,657.61,5613.42,20.83,14.08,35.29
"WASouth","Augusta Margaret River",114.989479064941,-34.1106071472168,0.54,1.6,2.01,959.75,406.9,3013.11,124.18,65.88,293.45
"WASouth","Ravensthorpe",119.627433776855,-34.1215400695801,0.54,1.54,3.12,1510.81,596.94,5242.9,13.63,9.54,22.26
"SA","Lower Eyre Peninsula",135.259216308594,-34.1289978027344,0.54,2.15,2.32,68.9,39.45,146.92,181.37,92.29,451.77
"SA","Tumby Bay",136.357025146484,-34.1231880187988,0.54,2.06,3.06,498.74,219.53,1521.36,13.9,9.91,21.94
"SA","Yorke Peninsula",137.476531982422,-34.1326103210449,0.54,2.35,2.94,75.09,42.27,164.28,19.11,13.13,31.65
"NSW","Sutherland",151.151580810547,-34.1166496276855,0.54,1.87,2.75,1724.38,683.05,5913.06,24.44,16.05,43.22
"WASouth","Augusta Margaret River",114.983840942383,-34.0987014770508,0.54,1.62,2.02,587,264.89,1695.04,170.44,85.61,436.58
"WASouth","Ravensthorpe",119.679878234863,-34.0835838317871,0.54,1.54,2.02,1517.17,597.97,5287.26,121.24,64.15,288.39
"WASouth","Ravensthorpe",119.736351013184,-34.0652923583984,0.54,1.54,3.49,1429.14,564,4986.4,10.61,7.69,16.52
"SA","Lower Eyre Peninsula",135.268127441406,-34.0861625671387,0.54,2.15,2.61,67.22,38.57,143.04,119.3,63.63,279.9
"SA","Tumby Bay",136.383270263672,-34.0608139038086,0.54,2.06,3.03,451.24,201.5,1349.05,14.16,10.07,22.38
"SA","Yorke Peninsula",137.464599609375,-34.1275482177734,0.54,2.35,3.56,78.75,44.04,173.89,9.65,7.17,14.42
"NSW","Sutherland",151.175872802734,-34.086238861084,0.54,1.87,2.94,1749.13,690.82,6024.61,16.95,11.62,28.37
"WASouth","Augusta Margaret River",114.994148254395,-34.0478363037109,0.54,1.63,2.44,393.4,176.32,1178.64,40.48,24.28,82.03
"WASouth","Ravensthorpe",119.777717590332,-34.0355567932129,0.54,1.61,2.86,1400.83,552.7,4895.4,39.48,24.18,77.08
"WASouth","Esperance",122.129608154297,-34.036491394043,0.54,1.65,2.69,435.9,194.31,1310.35,49.32,29.16,101.25
"WASouth","Esperance",122.158882141113,-34.0404090881348,0.54,1.64,3.12,580.02,250.54,1814.13,38.82,23.51,77.46
"WASouth","Esperance",122.19255065918,-34.019962310791,0.54,1.64,2.5,518.58,226.88,1595.61,77.88,43.51,172.42
"WASouth","Esperance",123.199317932129,-34.0090293884277,0.54,1.64,2.58,585.64,251.36,1852.28,83.44,46.28,186.35
"WASouth","Esperance",123.259063720703,-34.0275497436523,0.54,1.63,3.49,733.7,307.9,2384.17,11.1,8.02,17.34
"SA","Lower Eyre Peninsula",135.266265869141,-34.0398864746094,0.54,2.15,2.67,70.51,40.17,151.51,112.62,59.95,266.19
"SA","Tumby Bay",136.467895507812,-34.0074310302734,0.54,2.06,2.39,385.58,176.12,1116.83,33.71,21.2,63.29
"SA","Copper Coast",137.5546875,-34.0558128356934,0.54,2.37,2.93,61,35.24,128.93,18.52,12.72,30.68
"NSW","Sutherland",151.212707519531,-34.0421981811523,0.54,1.87,3.32,1659.24,656.93,5706.66,11.16,8.13,17.14
"WASouth","Augusta Margaret River",114.982078552246,-33.9913940429688,0.54,1.63,2.36,420.96,199.21,1137.93,64.77,36.3,144.37
"WASouth","Ravensthorpe",119.835670471191,-33.984977722168,0.54,1.61,2.43,1344.52,530.35,4712.49,60.33,34.06,133.32
"WASouth","Ravensthorpe",119.896675109863,-33.9748725891113,0.54,1.62,2.09,1308.8,516.73,4587.14,136.05,71.59,324.57
"WASouth","Ravensthorpe",119.948829650879,-33.9792556762695,0.54,1.62,3.03,1265.41,499.67,4443.06,22.73,14.85,40.84
"WASouth","Ravensthorpe",120.384895324707,-33.9631729125977,0.54,1.62,2.46,945.97,380.09,3276.93,45.04,27.33,88.69
"WASouth","Ravensthorpe",120.430442810059,-33.9766540527344,0.54,1.62,2.39,1171.34,457.49,4217.27,55.62,32.51,115.76
"WASouth","Esperance",122.088882446289,-33.9997787475586,0.54,1.65,2.09,371.2,168.45,1090.86,88.96,49.55,196.31
"WASouth","Esperance",122.26456451416,-34.0004653930664,0.54,1.64,2.8,509.14,223.49,1558.89,32.93,20.86,61.1
"WASouth","Esperance",123.162498474121,-33.998233795166,0.54,1.66,2.02,312.62,145.4,887.62,256.82,124.35,685.65
"WASouth","Esperance",123.292617797852,-33.9784812927246,0.54,1.63,3.84,719.64,300.89,2357.49,9.01,6.73,13.41
"SA","Lower Eyre Peninsula",135.241180419922,-33.9765129089355,0.54,2.15,2.66,70.63,40.15,152.34,97.69,53.09,224.32
"SA","Cleve",136.513595581055,-33.9877281188965,0.54,2.06,2.85,385.69,175.6,1123.8,14.22,10.17,22.27
"SA","Copper Coast",137.526107788086,-33.9984512329102,0.54,2.36,3.72,64.83,37.13,138.67,9,6.73,13.37
"WASouth","Augusta Margaret River",114.978302001953,-33.9600410461426,0.54,1.65,1.94,219.44,108.06,573.69,141.89,74.32,340.42
"WASouth","Ravensthorpe",119.990600585938,-33.9527015686035,0.54,1.62,2.63,1253.5,493.79,4423.09,35.19,21.42,70.03
"WASouth","Ravensthorpe",120.067375183105,-33.9367523193359,0.54,1.63,2.68,825.53,340.51,2748.45,40.44,24.13,82.74
"WASouth","Ravensthorpe",120.110610961914,-33.9537506103516,0.54,1.63,2.92,765.97,318.66,2522.24,29.92,18.61,57.81
"WASouth","Ravensthorpe",120.155662536621,-33.949275970459,0.54,1.62,3.17,1244.61,483.6,4506.22,19.42,12.85,34.41
"WASouth","Ravensthorpe",120.205429077148,-33.9425849914551,0.54,1.62,2.65,1001.13,400.39,3485.09,34.87,21.63,67
"WASouth","Ravensthorpe",120.269660949707,-33.9437828063965,0.54,1.62,2.72,1009.63,402.6,3532.09,38.12,23.14,75.86
"WASouth","Ravensthorpe",120.316528320312,-33.9492568969727,0.54,1.62,3.04,932.69,375.26,3225.81,23.63,15.25,43.28
"WASouth","Ravensthorpe",120.475532531738,-33.958179473877,0.54,1.63,2.22,821.4,340.58,2709.45,70.83,39.64,157.28
"WASouth","Esperance",122.026496887207,-33.9623031616211,0.54,1.65,2.25,362.43,164.86,1062.14,76.88,42.33,175.1
"WASouth","Esperance",122.307563781738,-33.9434776306152,0.54,1.64,2.44,601.78,258.67,1894.79,55.88,32.37,118.22
"WASouth","Esperance",122.350654602051,-33.9339904785156,0.54,1.64,2.66,567.11,245.49,1769.33,63.3,35.94,137.88
"WASouth","Esperance",122.439010620117,-33.9241828918457,0.54,1.64,2.2,475.74,209.91,1449.14,112.07,59.11,269.54
"WASouth","Esperance",122.489768981934,-33.9406089782715,0.54,1.65,2.05,375.28,171.98,1082.29,154.1,78.91,383.38
"WASouth","Esperance",122.522109985352,-33.9573936462402,0.54,1.64,2.47,556.46,241.43,1730.9,86.02,47.14,196.07
"WASouth","Esperance",122.577781677246,-33.9543342590332,0.54,1.64,2.13,555.02,240.38,1732.43,101.71,54.38,240.07
"WASouth","Esperance",123.143653869629,-33.9761924743652,0.54,1.66,2.41,293.09,137.45,823.06,69.77,40.06,147.9
"WASouth","Esperance",123.313140869141,-33.9525032043457,0.54,1.63,2.5,716.7,299.92,2344.65,96.87,52.84,220.94
"WASouth","Esperance",123.50643157959,-33.945240020752,0.54,1.63,2.45,689.58,290.19,2238.32,138.34,71.8,338.11
"WASouth","Esperance",123.522392272949,-33.9453659057617,0.54,1.63,3.74,808.9,333.6,2697.41,10.5,7.67,16.13
"SA","Elliston",135.191772460938,-33.9253692626953,0.54,2.14,2.95,73.53,41.57,159.82,14.06,10.07,21.96
"SA","Copper Coast",137.537673950195,-33.9754905700684,0.54,2.36,2.8,65.15,37.28,139.59,18.82,12.82,31.67
"NSW","Randwick",151.263778686523,-33.9545822143555,0.54,1.86,2.99,1958.29,760.22,6911.22,16.57,11.43,27.42
"WASouth","Augusta Margaret River",114.979377746582,-33.9190673828125,0.54,1.63,2.72,411.19,195.78,1101,35.06,21.29,70.09
"WASouth","Ravensthorpe",120.530181884766,-33.9330368041992,0.54,1.63,2.43,871.76,354.11,2975.35,60.31,34.2,132.09
"WASouth","Ravensthorpe",120.561729431152,-33.9172248840332,0.54,1.62,2.68,1091.63,428.86,3906,33.38,20.88,63.32
"WASouth","Esperance",121.641616821289,-33.89892578125,0.54,1.65,2.27,426.98,191.15,1275.07,76.72,42.96,169.28
"WASouth","Esperance",121.652870178223,-33.8976516723633,0.54,1.64,2.59,564.38,242.9,1780.22,38.66,23.75,75.13
"WASouth","Esperance",121.746528625488,-33.8893661499023,0.54,1.65,1.94,379.45,172.17,1113.83,117.79,63.24,273.22
"WASouth","Esperance",121.791038513184,-33.910774230957,0.54,1.65,2.01,377.25,171.02,1109.62,112.72,60.78,260.08
"WASouth","Esperance",121.825714111328,-33.8972702026367,0.54,1.65,1.99,406.45,182.41,1212.06,93.25,51.33,209.65
"WASouth","Esperance",122.075332641602,-33.9008560180664,0.54,1.66,2.37,260.23,123.56,719.75,81.57,45.22,182.63
"WASouth","Esperance",122.627914428711,-33.8959465026855,0.54,1.64,2.39,496.23,218.49,1513.35,89.75,48.67,208.06
"WASouth","Esperance",122.692840576172,-33.8993530273438,0.54,1.65,2.17,410.35,185.41,1207.73,98.69,53.12,230.51
"WASouth","Esperance",122.749076843262,-33.9037475585938,0.54,1.65,2.15,385.86,175.46,1126.89,81.12,45.17,180.24
"WASouth","Esperance",122.814529418945,-33.914665222168,0.54,1.65,2.48,341.47,157.51,978.83,72.43,40.56,160.43
"WASouth","Esperance",122.836570739746,-33.9121932983398,0.54,1.64,2.21,535.03,233.76,1647.14,114.55,60.8,271.9
"WASouth","Esperance",122.881294250488,-33.91748046875,0.54,1.64,2.21,553.17,239.89,1722.85,110.2,58.4,263.06
"WASouth","Esperance",122.969390869141,-33.9028396606445,0.54,1.65,1.89,398.09,180.49,1166.47,288.72,136.81,796.15
"WASouth","Esperance",122.980453491211,-33.8986015319824,0.54,1.65,2.45,441.4,196.96,1323.31,74.49,41.98,162.71
"WASouth","Esperance",123.074066162109,-33.8747062683105,0.54,1.65,2.57,389.52,176.72,1141.58,57.9,33.62,121.68
"WASouth","Esperance",123.112289428711,-33.8946113586426,0.54,1.65,2.24,374.39,170.78,1089.08,136.67,72.35,322.3
"WASouth","Esperance",123.35466003418,-33.9087448120117,0.54,1.63,2.24,726.04,303.49,2378.16,148.52,77.22,360.15
"WASouth","Esperance",123.423583984375,-33.9012565612793,0.54,1.63,2.05,665.91,281.57,2147.27,317.3,149.39,880.02
"WASouth","Esperance",123.561981201172,-33.9116134643555,0.54,1.63,3.73,807.1,333.9,2676.35,10.52,7.67,16.21
"SA","Elliston",135.183670043945,-33.9124450683594,0.54,2.14,2.94,73.62,41.63,159.91,49.61,29.19,102.71
"SA","Cleve",136.623336791992,-33.8943176269531,0.54,2.29,2.9,293.9,138.59,816.75,19.58,13.36,32.78
"NSW","Waverley",151.286361694336,-33.8932914733887,0.54,1.87,2.55,2006.73,775.49,7129.94,34.32,21.41,65.33
"WASouth","Augusta Margaret River",114.972427368164,-33.8668975830078,0.54,1.63,2.52,426.33,195.42,1219.35,48.84,28.55,102.53
"WASouth","Ravensthorpe",120.643753051758,-33.8913230895996,0.54,1.63,1.6,746.22,312.8,2427.35,4733.24,1463.09,24036.03
"WASouth","Ravensthorpe",120.699363708496,-33.8748588562012,0.54,1.51,2.68,77115311.99,6942755.44,2041802588.41,239.44,112.54,678.92
"WASouth","Ravensthorpe",120.738265991211,-33.8715782165527,0.54,1.54,3.49,383461.61,72887.52,3596444.33,33.22,20.46,64.93
"WASouth","Ravensthorpe",120.786590576172,-33.8891334533691,0.54,1.64,3.12,461.29,204.8,1391.89,18.8,12.44,33.36
"WASouth","Esperance",120.841262817383,-33.8698654174805,0.54,1.64,2.58,572.34,248.62,1773.18,39.68,23.82,80.43
"WASouth","Esperance",120.897163391113,-33.8647308349609,0.54,1.65,2.78,345.7,159.35,991.47,38.12,23.05,76.38
"WASouth","Esperance",120.947532653809,-33.8675231933594,0.54,1.66,2.64,284.26,135.69,774.03,36.65,22.33,72.6
"WASouth","Esperance",120.997116088867,-33.8714256286621,0.54,1.66,2.55,313.52,147.72,868.97,40.52,24.36,81.7
"WASouth","Esperance",121.051406860352,-33.8629264831543,0.54,1.65,2.37,403.01,182.93,1177.52,58.18,33.41,124.76
"WASouth","Esperance",121.09969329834,-33.8558502197266,0.54,1.65,2.42,373.44,170.94,1079.66,48.75,28.77,100.54
"WASouth","Esperance",121.158401489258,-33.8698081970215,0.54,1.66,2.06,313.06,146.57,877.97,110.07,58.29,263.03
"WASouth","Esperance",121.199333190918,-33.857551574707,0.54,1.63,2.66,638.24,270.88,2049.52,47.37,28.11,96.89
"WASouth","Esperance",121.49040222168,-33.8397407531738,0.54,1.64,2.53,502.2,220.12,1543.18,65.46,37.2,142
"WASouth","Esperance",121.509407043457,-33.8433074951172,0.54,1.64,2.64,592.64,254.19,1875.34,34.63,21.49,66.52
"WASouth","Esperance",121.590721130371,-33.8551177978516,0.54,1.66,1.94,269.62,127.76,746.7,92.62,52.04,200.73
"WASouth","Esperance",121.952407836914,-33.8378562927246,0.54,1.66,1.95,309.52,144.19,876.77,96.01,53.03,214.18
"WASouth","Esperance",122.021957397461,-33.846851348877,0.54,1.66,1.93,267.61,126.78,741.87,96.74,53.09,218.24
"WASouth","Esperance",122.052398681641,-33.8732948303223,0.54,1.67,2.02,245.11,117.31,670.6,263.51,126.2,716.67
"WASouth","Esperance",123.628372192383,-33.8802452087402,0.54,1.63,2.26,801.46,334.63,2614.23,164.16,84.13,406.2
"WASouth","Esperance",123.665222167969,-33.847297668457,0.54,1.62,3.41,942.68,383.52,3191.94,14.3,9.96,23.53
"SA","Elliston",135.132369995117,-33.8521461486816,0.54,2.14,2.77,77.99,43.73,171.49,56.41,32.73,118.92
"SA","Franklin Harbour",136.682769775391,-33.8711814880371,0.54,2.29,2.86,249.52,120.36,672.01,53.74,31.4,112.16
"SA","Franklin Harbour",136.719573974609,-33.8524932861328,0.54,2.29,2.63,242.85,117.35,653.11,28.7,18.57,51.67
"SA","Copper Coast",137.596405029297,-33.8713722229004,0.54,2.38,2.8,55.12,32.35,113.95,23.49,15.44,41.6
"WASouth","Augusta Margaret River",114.987022399902,-33.829517364502,0.54,1.64,2.71,316.85,156.36,807.75,38.74,23.4,77.69
"WASouth","Esperance",121.280387878418,-33.843448638916,0.54,1.66,2.55,298.58,142.21,813.83,38.07,23.11,75.77
"WASouth","Esperance",121.314628601074,-33.8270721435547,0.54,1.66,1.91,330.78,155,923.02,108.55,59.32,245.01
"WASouth","Esperance",121.366172790527,-33.8207740783691,0.54,1.64,2.38,485.56,214.06,1479.39,63.57,36.16,137.95
"WASouth","Esperance",121.41983795166,-33.8288307189941,0.54,1.64,2.39,472.74,208.82,1437.54,135.24,70.72,326.41
"WASouth","Esperance",123.736099243164,-33.8149719238281,0.54,1.62,3.22,912.07,374.35,3044.99,16.12,11.05,27.11
"SA","Elliston",135.083557128906,-33.8100700378418,0.54,2.13,2.84,85.97,47.6,192.23,45.74,27.28,92.88
"SA","Franklin Harbour",136.784591674805,-33.8199996948242,0.54,2.3,3.06,192.97,96.5,494.37,41.24,24.76,83.28
"SA","Franklin Harbour",136.845489501953,-33.804817199707,0.54,2.3,3.23,193.76,96.73,497.86,10.58,7.92,15.53
"SA","Copper Coast",137.638153076172,-33.8278846740723,0.54,2.38,2.66,51.07,30.3,103.97,29.58,18.92,54.25
"WASouth","Busselton",114.985389709473,-33.7757682800293,0.54,1.63,2.37,378.11,182.14,996.31,192.27,95.94,494.64
"WASouth","Esperance",123.750137329102,-33.7754058837891,0.54,1.62,3.54,1259.58,498.67,4402.77,13.36,9.37,21.73
"SA","Elliston",135.027328491211,-33.7490158081055,0.54,2.14,3.2,81.18,45.17,180.56,10.44,7.83,15.29
"SA","Copper Coast",137.661575317383,-33.8095550537109,0.54,2.39,2.43,47.23,28.35,94.57,38.65,24,73.69
"NSW","Northern Beaches",151.298721313477,-33.7817840576172,0.54,1.87,2.37,2163.07,827.54,7791.57,61.55,35.31,131.73
"WASouth","Busselton",114.974868774414,-33.7236289978027,0.54,1.63,2.34,407.47,196.23,1069.93,161.12,82.76,397.44
"WASouth","Esperance",123.760238647461,-33.7437705993652,0.54,1.62,3.59,1280.68,506.72,4476.84,13.17,9.25,21.42
"SA","Elliston",134.969116210938,-33.7140197753906,0.54,2.13,3.04,90.01,49.42,203.82,31.04,19.45,59.01
"SA","Franklin Harbour",136.948928833008,-33.7289352416992,0.54,2.33,3.11,117.01,62.16,276.91,29.43,18.7,54.67
"SA","Franklin Harbour",136.99674987793,-33.7267532348633,0.54,2.33,3.03,120.19,64.42,279.3,24.91,16.35,44.08
"SA","Franklin Harbour",137.026382446289,-33.7231864929199,0.54,2.33,3.1,122.51,65.12,288.79,22.05,14.74,37.99
"SA","Franklin Harbour",137.09440612793,-33.7078552246094,0.54,2.34,3.08,99.29,54.36,224.62,22.48,14.94,39.1
"SA","Franklin Harbour",137.143447875977,-33.7029075622559,0.54,2.35,3.31,85.7,47.85,188.79,9.53,7.25,13.67
"SA","Barunga West",137.72705078125,-33.7447700500488,0.54,2.41,2.36,38.31,23.72,73.41,44.4,26.83,88.15
"NSW","Northern Beaches",151.316345214844,-33.7400131225586,0.54,1.87,2.51,1959.72,759.21,6941.21,32.88,20.43,63.28
"WASouth","Busselton",114.971221923828,-33.6970252990723,0.54,1.64,2.33,260.64,132.21,639.7,138.12,72.02,334.69
"WASouth","Esperance",123.784126281738,-33.6931953430176,0.54,1.62,3.63,1222.63,490.36,4181.68,13.27,9.32,21.58
"SA","Elliston",134.905166625977,-33.6764717102051,0.54,2.13,3.13,92.02,50.31,209.69,20.35,13.72,34.71
"SA","Franklin Harbour",137.193161010742,-33.6765327453613,0.54,2.35,3.34,82.84,46.11,183.9,9.74,7.39,14.04
"SA","Barunga West",137.754730224609,-33.7102966308594,0.54,2.41,2.66,35.11,22.1,65.64,17.08,11.8,28.17
"NSW","Northern Beaches",151.322494506836,-33.6744499206543,0.54,1.88,2.42,2241.79,853.59,8127.42,34.01,20.97,66.22
"WASouth","Busselton",114.992866516113,-33.6648063659668,0.54,1.65,2.26,240.88,123.02,586.63,155.33,78.49,395.96
"WASouth","Esperance",123.83927154541,-33.6523323059082,0.54,1.62,2.17,1077.58,439.13,3607.84,149.76,75.94,380.18
"WASouth","Esperance",123.876846313477,-33.6351661682129,0.54,1.62,3.01,969.69,401.57,3173.34,21.13,14.19,36.2
"SA","Franklin Harbour",137.219360351562,-33.6563186645508,0.54,2.35,3.4,82.83,45.96,184.9,10.39,7.8,15.18
"SA","Barunga West",137.806015014648,-33.665843963623,0.54,2.42,2.61,32.05,20.49,58.58,17.45,12.02,28.92
"NSW","Northern Beaches",151.336761474609,-33.6438484191895,0.54,1.88,2.92,2231.02,850.07,8080.78,19.74,13.31,33.7
"WASouth","Busselton",115.012512207031,-33.5945281982422,0.54,1.63,2.89,342.56,168.65,873.37,12.52,8.97,19.72
"WASouth","Busselton",115.151664733887,-33.6266975402832,0.54,1.68,2.87,110.34,62.59,232.89,11.4,8.29,17.56
"WASouth","Busselton",115.188926696777,-33.6407012939453,0.54,1.69,3.05,94.53,54.56,195.13,9.3,6.95,13.79
"WASouth","Busselton",115.269371032715,-33.6505737304688,0.54,1.7,3.22,86.22,50.1,176.75,7.93,6.05,11.45
"WASouth","Busselton",115.340866088867,-33.6405715942383,0.54,1.7,3.22,82.78,48.11,170,7.75,5.93,11.13
"WASouth","Busselton",115.384063720703,-33.627025604248,0.54,1.7,2.21,87.62,50.28,183.47,100.37,53.87,235.37
"WASouth","Esperance",123.928314208984,-33.5916633605957,0.54,1.62,3.19,925.1,388.69,2957.64,14.26,9.96,23.31
"SA","Elliston",134.83757019043,-33.6056938171387,0.54,2.14,3.03,76.39,42.59,169.97,22.46,14.96,38.96
"SA","Franklin Harbour",137.260025024414,-33.6035957336426,0.54,2.37,3.35,63.63,36.67,134.76,13.14,9.51,20.24
"SA","Barunga West",137.861618041992,-33.6160011291504,0.54,2.43,2.49,29.05,18.87,51.89,18.16,12.45,30.25
"NSW","Northern Beaches",151.343338012695,-33.6173553466797,0.54,1.88,2.82,2233.56,850.28,8102.3,19.83,13.29,34.22
"WASouth","Busselton",115.001991271973,-33.5661087036133,0.54,1.62,2.26,529.53,239.15,1535.8,37.14,22.85,72.16
"WASouth","Busselton",115.089622497559,-33.5697364807129,0.54,1.66,3.24,168.08,90.68,378.94,8.22,6.21,12.06
"WASouth","Busselton",115.447860717773,-33.5788192749023,0.54,1.69,1.91,93.48,52.97,199.45,306.78,146.43,831.52
"WASouth","Esperance",123.98070526123,-33.5565719604492,0.54,1.62,3.2,1188.97,485.84,3938.65,9.89,7.3,14.95
"SA","Elliston",134.845581054688,-33.563663482666,0.54,2.14,3.02,77.96,43.2,175.27,23.33,15.4,41.02
"SA","Franklin Harbour",137.272903442383,-33.5749588012695,0.54,2.37,3.22,58.23,34,121.05,18.12,12.49,29.9
"SA","Barunga West",137.894073486328,-33.5795211791992,0.54,3.1,3.04,27.51,18,48.67,28.26,18.37,50.51
"NSW","Central Coast (NSW)",151.353622436523,-33.5448226928711,0.54,1.88,2.7,2177.98,830.09,7895.31,25.78,16.62,47.05
"WASouth","Busselton",115.005264282227,-33.5277900695801,0.54,1.62,2.34,513.22,240.56,1396.1,34.83,21.73,66.23
"WASouth","Busselton",115.056182861328,-33.5393142700195,0.54,1.65,3.24,206.75,108.84,481.32,8.15,6.16,11.96
"WASouth","Capel",115.485954284668,-33.5348243713379,0.54,1.7,2.16,89.37,50.92,189.29,203.8,98.72,552.08
"WASouth","Esperance",123.98902130127,-33.5160102844238,0.54,1.62,3.08,1172.09,484.53,3806.17,11.58,8.35,18.12
"SA","Elliston",134.854598999023,-33.5280914306641,0.54,2.14,3.06,72.4,40.47,160.91,24.59,16.08,43.83
"SA","Franklin Harbour",137.299240112305,-33.5179252624512,0.54,2.38,3.21,51.67,30.68,104.93,19.24,13.08,32.43
"SA","Barunga West",137.930084228516,-33.5152359008789,0.54,3.11,3.12,24.39,16.28,41.92,20.35,13.77,34.49
"NSW","Central Coast (NSW)",151.421768188477,-33.517707824707,0.54,1.88,3.13,2250.25,854.13,8201.98,9,6.7,13.47
"WASouth","Capel",115.542381286621,-33.4798927307129,0.54,1.7,1.95,82.11,47.25,171.69,294.96,140.07,808.98
"WASouth","Esperance",123.998306274414,-33.4730606079102,0.54,1.62,3.19,1137.37,472.6,3665.93,10.22,7.49,15.63
"SA","Elliston",134.85090637207,-33.4759483337402,0.54,2.17,2.94,53.66,31.18,113.21,28.67,18.43,52.25
"SA","Franklin Harbour",137.316253662109,-33.4741325378418,0.54,2.89,3.68,49.46,29.54,99.66,21.15,14.15,36.49
"SA","Barunga West",137.905914306641,-33.4793663024902,0.54,3.11,3.06,24.86,16.56,42.8,18.53,12.68,30.92
"NSW","Central Coast (NSW)",151.447479248047,-33.477481842041,0.54,1.88,3.14,2231.24,846.38,8145.88,8.91,6.64,13.31
"WASouth","Capel",115.56462097168,-33.4566841125488,0.54,1.71,1.83,76.74,44.54,158.61,441.69,201.51,1271.27
"WASouth","Esperance",124.001518249512,-33.4332008361816,0.54,1.61,3.16,1365.12,553.36,4551.73,10.69,7.78,16.52
"SA","Elliston",134.839385986328,-33.4370346069336,0.54,2.16,2.98,60.63,34.64,130.95,31.91,20.18,59.52
"SA","Franklin Harbour",137.363555908203,-33.4304351806641,0.54,2.89,3.62,47.77,28.7,95.43,26.03,16.72,47.78
"SA","Port Pirie",137.885498046875,-33.4337196350098,0.54,3.11,3.29,25.14,16.73,43.36,15.84,11.04,25.81
"NSW","Central Coast (NSW)",151.46369934082,-33.4218559265137,0.54,1.88,3.1,2237.09,847.61,8182.93,9.93,7.29,15.14
"WASouth","Capel",115.598304748535,-33.3883094787598,0.54,1.71,1.84,72.85,42.81,147.7,572.66,249.57,1763.49
"WASouth","Esperance",124.031120300293,-33.369686126709,0.54,1.61,3.14,1360.55,550.11,4557.83,11.39,8.21,17.83
"SA","Elliston",134.814239501953,-33.3729438781738,0.54,2.47,3.36,84.06,45.92,193.08,34.01,21.36,64
"SA","Franklin Harbour",137.388092041016,-33.3740463256836,0.54,2.9,3.55,43.32,26.47,84.44,28.63,18.12,53.68
"SA","Port Pirie",137.862121582031,-33.3922424316406,0.54,3.1,3.04,27.35,17.98,47.97,19.97,13.56,33.65
"NSW","Central Coast (NSW)",151.485321044922,-33.3851432800293,0.54,1.88,3.1,2085.1,797.04,7537.58,9.94,7.3,15.16
"WASouth","Bunbury",115.611457824707,-33.3525466918945,0.54,1.71,1.95,70.19,41.57,140.62,441.55,194.3,1358.46
"WASouth","Esperance",124.039123535156,-33.342414855957,0.54,1.61,3.13,1502.36,599.61,5122.21,11.85,8.49,18.71
"SA","Elliston",134.80207824707,-33.3401069641113,0.54,2.47,3.33,73.04,40.65,163.54,34.73,21.78,65.42
"SA","Franklin Harbour",137.386566162109,-33.3469276428223,0.54,2.9,3.55,41.8,25.67,80.85,28.99,18.33,54.4
"SA","Port Pirie",137.850677490234,-33.3456192016602,0.54,3.1,2.8,28.43,18.59,50.27,14.46,10.11,23.57
"NSW","Central Coast (NSW)",151.480850219727,-33.3466758728027,0.54,1.88,2.77,2495.33,888.42,10152.28,273.83,128.78,768.43
"WASouth","Esperance",124.060096740723,-33.3062896728516,0.54,1.61,3.65,1537.52,611.69,5265.12,8.58,6.44,12.7
"SA","Elliston",134.750427246094,-33.2929801940918,0.54,2.46,3.3,86.31,46.9,199.88,37.2,23.15,70.77
"SA","Whyalla",137.401565551758,-33.2910270690918,0.54,2.91,3.47,38.64,24.03,73.39,33.8,21.12,64.22
"SA","Port Pirie",137.810272216797,-33.2857513427734,0.54,3.09,2.93,30.2,19.51,54.35,13.7,9.6,22.36
"NSW","Central Coast (NSW)",151.470977783203,-33.2974815368652,0.54,1.89,3.36,1814.33,673,6985.24,15.51,10.74,25.63
"WASouth","Harvey",115.675010681152,-33.2608871459961,0.54,1.71,2.07,73.24,43.04,148.43,231.53,109.82,646.73
"WASouth","Esperance",124.076385498047,-33.2642440795898,0.54,1.61,3.73,1660.53,652.79,5783.64,9.05,6.74,13.51
"SA","Streaky Bay",134.629516601562,-33.2479209899902,0.54,2.45,4.03,114.26,59.75,278.88,9.5,7.03,14.33
"SA","Elliston",134.684005737305,-33.254810333252,0.54,2.45,3.35,106.47,56.22,256.5,36.11,22.55,68.38
"SA","Whyalla",137.418273925781,-33.2557182312012,0.54,2.91,3.47,37.2,23.29,69.99,33.64,21.01,63.95
"SA","Port Pirie",137.807678222656,-33.2593383789062,0.54,3.09,3.01,31.17,20.07,56.37,11.53,8.27,18.18
"NSW","Central Coast (NSW)",151.495315551758,-33.2661018371582,0.54,1.89,2.71,1345.54,524.76,4814.52,23.27,15.21,41.67
"NSW","Central Coast (NSW)",151.523056030273,-33.2580947875977,0.54,1.9,3.61,1140.38,433.24,4333.08,17.09,11.86,27.96
"NSW","Central Coast (NSW)",151.566528320312,-33.2575988769531,0.54,1.88,2.74,2138.61,816.41,7738.22,15.48,10.72,25.55
"WASouth","Harvey",115.679985046387,-33.2147789001465,0.54,1.7,1.84,80.69,46.76,166.77,1709.36,606.23,7191.33
"WASouth","Esperance",124.094741821289,-33.2096214294434,0.54,1.61,3.64,1718.11,671.27,6038.79,9.71,7.17,14.69
"SA","Streaky Bay",134.545349121094,-33.1910858154297,0.54,2.45,3.99,115.14,60.08,282.12,10.44,7.64,15.98
"SA","Streaky Bay",134.581817626953,-33.2057342529297,0.54,2.45,3.35,110.93,58.15,270.14,36.71,22.87,69.76
"SA","Whyalla",137.442199707031,-33.2197113037109,0.54,2.91,3.48,36.72,23.05,68.84,32.55,20.44,61.42
"SA","Port Pirie",137.821151733398,-33.226146697998,0.54,3.09,3.28,31.87,20.44,57.9,14.74,10.38,23.72
"NSW","Central Coast (NSW)",151.619323730469,-33.2048263549805,0.54,1.82,2.73,2211.3,839.61,8063.57,15.25,10.59,25.08
"WASouth","Harvey",115.676567077637,-33.1664352416992,0.54,1.69,1.89,91.57,52.28,192.94,1348.55,486.41,5591.43
"WASouth","Esperance",124.107475280762,-33.1698188781738,0.54,1.61,3.73,1732.93,675.09,6119.84,9.91,7.29,15.08
"SA","Streaky Bay",134.309631347656,-33.1851959228516,0.54,2.45,3.42,119.15,62.01,292.64,20.42,13.56,35.85
"SA","Streaky Bay",134.364837646484,-33.1700668334961,0.54,2.45,3.01,119.12,61.55,296.62,38.52,23.5,75.87
"SA","Streaky Bay",134.414978027344,-33.1612815856934,0.54,2.44,3.2,120.94,62.65,299.34,28.87,18.29,54.05
"SA","Streaky Bay",134.478668212891,-33.1595458984375,0.54,2.45,3.42,117.97,61.32,290.68,34,21.42,63.57
"SA","Whyalla",137.450042724609,-33.1701965332031,0.54,2.92,3.52,34.51,21.87,63.81,30.16,19.19,55.8
"SA","Port Pirie",137.850769042969,-33.1842231750488,0.54,3.09,3.58,31.15,20.07,56.22,30.33,19.27,56.24
"SA","Port Pirie",137.893035888672,-33.1661376953125,0.54,3.08,3.56,32.05,20.59,58.05,30.09,19.12,55.79
"SA","Port Pirie",137.92903137207,-33.1640663146973,0.54,3.09,2.75,31.05,20.02,56,26.29,17.3,46.14
"NSW","Lake Macquarie",151.640899658203,-33.1763343811035,0.54,1.82,2.74,2246.43,850.98,8218.14,15.12,10.51,24.84
"WASouth","Harvey",115.681144714355,-33.1313514709473,0.54,1.69,1.93,98.35,55.45,211.1,834.68,322.41,3144.22
"WASouth","Esperance",124.141700744629,-33.1211471557617,0.54,1.61,3.42,1600.4,629,5588.28,11.47,8.22,18.16
"SA","Streaky Bay",134.260528564453,-33.1256637573242,0.54,2.48,3.36,64.27,36.15,142.33,32.36,20.56,59.79
"SA","Whyalla",137.474792480469,-33.1270484924316,0.54,2.92,3.35,34.71,21.96,64.33,29.33,18.92,53.05
"SA","Whyalla",137.517532348633,-33.113525390625,0.54,2.92,2.73,33.62,21.39,61.83,26.88,17.67,47.19
"NSW","Lake Macquarie",151.655502319336,-33.1222267150879,0.54,1.82,2.99,2105.45,806.62,7576.48,11.76,8.48,18.36
"WASouth","Harvey",115.677635192871,-33.08251953125,0.54,1.68,2,115.38,63.6,255.54,428.42,183.95,1383.99
"WASouth","Esperance",124.195610046387,-33.0619583129883,0.54,1.61,3.07,1504.23,595.29,5206.55,17.43,11.77,29.93
"SA","Streaky Bay",134.238632202148,-33.0751266479492,0.54,2.45,2.96,114.95,59.93,282.08,19.38,12.93,33.81
"SA","Streaky Bay",134.266143798828,-33.0796089172363,0.54,2.43,4.07,173.99,88.98,430.63,30.02,19.29,54.57
"SA","Unincorporated SA",137.564193725586,-33.0747947692871,0.54,2.93,3.51,32.17,20.59,58.65,27.36,17.66,49.64
"SA","Mount Remarkable",138.025192260742,-33.0680351257324,0.54,3.09,2.64,31.85,20.41,57.94,31.42,20.24,56.72
"NSW","Lake Macquarie",151.668395996094,-33.088306427002,0.54,1.82,2.97,2491.44,929.98,9302.97,12.02,8.62,18.92
"WASouth","Harvey",115.671043395996,-33.0336990356445,0.54,1.68,2.03,126.91,69.07,285.98,293.55,132.19,890.22
"WASouth","Esperance",124.212295532227,-33.0435600280762,0.54,1.62,1.89,994.05,411.31,3253.23,522.43,223.69,1672.66
"WASouth","Dundas",124.258407592773,-33.0132904052734,0.54,1.62,3.12,1314.35,528.29,4458.8,16.65,11.33,28.3
"SA","Streaky Bay",134.156143188477,-33.0373878479004,0.54,2.45,3.64,109.12,57.1,266.92,27.28,17.72,48.92
"SA","Whyalla",137.719528198242,-32.996898651123,0.54,2.93,3.37,31.36,20.16,56.82,27.31,17.72,49.05
"SA","Whyalla",137.738174438477,-32.996997833252,0.54,2.93,3.42,31.55,20.27,57.25,27.62,17.81,50.17
"SA","Mount Remarkable",138.005615234375,-33.0324020385742,0.54,3.08,3,32.37,20.69,59.11,18.99,12.91,32
"NSW","Lake Macquarie",151.689636230469,-33.0369644165039,0.54,1.82,3.01,2331.14,879.99,8563.44,17.4,11.93,29.07
"NSW","Lake Macquarie",151.726165771484,-33.0187072753906,0.54,1.82,3,2198.72,836.67,7988.8,11.77,8.47,18.47
"WASouth","Harvey",115.667030334473,-32.9907722473145,0.54,1.4,1.78,139.21,74.67,320.25,223.78,107.76,609
"WASouth","Dundas",124.308197021484,-32.9843902587891,0.54,1.62,2.01,1237.3,501.1,4155.24,170.15,86,430.93
"WASouth","Dundas",124.355827331543,-32.9667816162109,0.54,1.62,2.98,1109.84,455.29,3665.09,15.8,10.83,26.6
"SA","Streaky Bay",134.16569519043,-33.0062026977539,0.54,2.46,3.66,95.39,50.83,227.58,27.82,17.92,50.59
"SA","Mount Remarkable",137.944869995117,-32.9926071166992,0.54,3.08,2.76,32.36,20.72,58.97,24.76,16.45,42.85
"NSW","Newcastle",151.755249023438,-32.9575996398926,0.54,1.82,2.98,2355.49,888.16,8665.48,12.62,8.96,20.18
"WASouth","Harvey",115.652122497559,-32.9409255981445,0.54,1.39,1.92,163.16,85.9,384.58,97.66,52.63,227.78
"WASouth","Dundas",124.42024230957,-32.9471321105957,0.54,1.62,2.02,1022.05,423.24,3334.54,159.06,81.13,397.79
"WASouth","Dundas",124.475952148438,-32.9387512207031,0.54,1.62,1.98,1004.63,417.45,3260.79,190.58,94.88,492.67
"WASouth","Dundas",124.519393920898,-32.935474395752,0.54,1.62,2.04,962.53,401.93,3104.49,135.39,70.28,331.23
"WASouth","Dundas",124.575134277344,-32.9283485412598,0.54,1.62,2.69,938.82,392.8,3021.66,35.59,21.24,73.56
"WASouth","Dundas",124.627891540527,-32.9224433898926,0.54,1.62,2.7,923.39,386.61,2971.15,35.5,21.22,73.17
"WASouth","Dundas",124.666984558105,-32.9171752929688,0.54,1.62,2.71,945.08,394.12,3058.68,35.88,21.43,74.02
"WASouth","Dundas",124.72811126709,-32.9045333862305,0.54,1.62,3,916.09,382.88,2958.46,19.3,12.85,33.84
"SA","Streaky Bay",134.147842407227,-32.9440498352051,0.54,2.45,3.49,107.08,55.95,263.08,34.66,21.81,64.84
"SA","Whyalla",137.792358398438,-32.912654876709,0.54,2.93,3.21,32.12,20.62,58.27,33.39,21.01,62.7
"SA","Mount Remarkable",137.931793212891,-32.945686340332,0.54,3.09,2.85,31.77,20.4,57.6,21.71,14.63,36.95
"NSW","Newcastle",151.778686523438,-32.9410057067871,0.54,1.82,3.74,2539.63,947.22,9485.97,6.79,5.27,9.61
"WASouth","Waroona",115.648643493652,-32.900691986084,0.54,1.39,2.54,175.11,91.27,418.59,37.5,22.21,78.33
"WASouth","Dundas",124.776504516602,-32.8932876586914,0.54,1.62,2.75,969.41,402.01,3164.58,35.73,21.35,73.67
"WASouth","Dundas",124.827789306641,-32.8737030029297,0.54,1.62,3.34,1078.64,440.67,3594.65,14.21,9.91,23.3
"SA","Streaky Bay",134.106796264648,-32.9153175354004,0.54,2.46,3.43,88.86,47.56,211.37,34.41,21.73,64.01
"SA","Whyalla",137.802703857422,-32.8964157104492,0.54,2.93,3.23,31.91,20.5,57.82,32.56,20.58,60.69
"SA","Mount Remarkable",137.92333984375,-32.8952827453613,0.54,3.09,3.85,31.84,20.45,57.74,6.86,5.31,9.71
"WASouth","Waroona",115.629905700684,-32.8495674133301,0.54,1.38,2.51,202.05,103.52,494,40.93,23.99,86.64
"WASouth","Dundas",124.886604309082,-32.8456764221191,0.54,1.62,3.8,1223.63,491.33,4176.14,7.58,5.78,10.99
"SA","Streaky Bay",134.102554321289,-32.8653297424316,0.54,2.45,3.53,108.14,56.96,261.45,33.55,21.26,62.16
"SA","Whyalla",137.811965942383,-32.8540534973145,0.54,2.93,3.19,31.02,20.02,55.87,32.76,20.75,60.79
"SA","Mount Remarkable",137.904113769531,-32.858211517334,0.54,2.93,2.91,31.63,20.35,57.22,16.18,11.17,26.81
"NSW","Port Stephens",151.845993041992,-32.8574409484863,0.54,1.82,3.07,2318.47,875.02,8522.72,13.91,9.81,22.4
"NSW","Port Stephens",151.886505126953,-32.8415222167969,0.54,1.82,2.56,2307.85,872.96,8452.14,27.86,18.17,49.51
"NSW","Port Stephens",151.931243896484,-32.826171875,0.54,1.82,3.77,2350.07,886.67,8637.14,7.08,5.46,10.11
"WASouth","Waroona",115.620826721191,-32.8227729797363,0.54,1.37,2.36,228.9,115.58,570.39,54.92,31,122.3
"WASouth","Dundas",124.93709564209,-32.7966690063477,0.54,1.61,3,1352.59,536.28,4695.05,17.75,11.94,30.65
"SA","Streaky Bay",134.122131347656,-32.8045616149902,0.54,2.45,3.53,101.8,53.66,246.84,32.85,20.87,60.6
"SA","Whyalla",137.813766479492,-32.8274917602539,0.54,2.93,3.2,30.82,19.91,55.39,31.99,20.33,59.09
"SA","Mount Remarkable",137.896591186523,-32.8130378723145,0.54,2.93,2.51,30.98,19.99,55.78,20.66,13.97,35.02
"NSW","Port Stephens",151.995193481445,-32.8015251159668,0.54,1.88,2.74,2272.8,861.16,8305.77,18.16,12.45,30.23
"NSW","Port Stephens",152.049957275391,-32.7904014587402,0.54,1.88,2.77,2367.25,892.3,8711.5,17.54,12.12,28.85
"NSW","Port Stephens",152.105438232422,-32.7936248779297,0.54,1.88,3,2575.59,958.14,9657.3,15.48,10.65,25.9
"WASouth","Mandurah",115.612747192383,-32.7587585449219,0.54,1.37,2.5,253.28,126.56,639.27,40.98,24.13,85.97
"WASouth","Dundas",124.992477416992,-32.7677345275879,0.54,1.61,2.61,1370.98,542.85,4766.59,46.45,26.77,100.67
"WASouth","Dundas",125.016464233398,-32.7507400512695,0.54,1.61,2.79,1360.92,539.53,4723.16,35.67,21.38,73.06
"WASouth","Dundas",125.090019226074,-32.7265357971191,0.54,1.61,2.97,1397.6,552.6,4866.11,19.43,12.94,34.04
"SA","Streaky Bay",134.071029663086,-32.7439575195312,0.54,2.45,3.57,108.54,56.74,266.09,30.74,19.71,55.99
"SA","Whyalla",137.80729675293,-32.7693710327148,0.54,2.93,3.17,30.12,19.53,53.85,32.07,20.38,59.23
"SA","Port Augusta",137.890808105469,-32.7710227966309,0.54,2.94,2.56,29.47,19.16,52.51,16.58,11.53,27.06
"NSW","Port Stephens",152.155685424805,-32.7658233642578,0.54,1.88,2.98,2314.82,873.83,8506.74,16.51,11.25,28
"WASouth","Mandurah",115.607124328613,-32.7169036865234,0.54,1.36,2.6,318.81,154.78,836.25,37.81,22.48,78.34
"WASouth","Dundas",125.125335693359,-32.7073822021484,0.54,1.61,3.14,1409.2,556.42,4916.24,16.47,11.22,27.96
"SA","Streaky Bay",134.058029174805,-32.7256622314453,0.54,2.46,3.6,99.78,52.48,243.32,29.42,18.95,53.32
"SA","Port Augusta",137.792068481445,-32.7212753295898,0.54,2.94,2.77,27.71,18.19,48.67,15.27,10.51,25.56
"WASouth","Mandurah",115.599494934082,-32.6866264343262,0.54,1.36,2.61,298.56,146.71,769.29,38.07,22.64,78.8
"WASouth","Dundas",125.198837280273,-32.6661796569824,0.54,1.61,2.99,1431.64,563.9,5012.05,19.86,13.1,35.37
"SA","Streaky Bay",134.09358215332,-32.7097091674805,0.54,2.47,3.49,76.77,41.86,178.09,14.76,10.19,24.61
"SA","Streaky Bay",134.139633178711,-32.713020324707,0.54,2.49,3.44,57.53,32.71,125.85,13.86,9.66,22.79
"SA","Streaky Bay",134.258987426758,-32.6792335510254,0.54,2.52,3.45,42.03,25.1,85.68,28.03,18.16,50.42
"SA","Port Augusta",137.763793945312,-32.6859321594238,0.54,2.94,3.19,27.4,18,48.12,27.85,18.02,50.25
"SA","Port Augusta",137.844696044922,-32.6832084655762,0.54,2.95,2.44,26.79,17.65,46.84,18.78,13.03,30.57
"NSW","Mid-Coast",152.217864990234,-32.6861267089844,0.54,1.88,3.01,2543.76,949.55,9486.58,14.33,9.95,23.68
"WASouth","Mandurah",115.612724304199,-32.6398010253906,0.54,1.38,2.71,352.12,168.58,941.67,35.37,21.25,72.13
"WASouth","Dundas",125.261291503906,-32.639404296875,0.54,1.61,2.78,1420.01,560.33,4957.53,35.21,21.21,71.55
"WASouth","Dundas",125.299919128418,-32.6206016540527,0.54,1.61,2.86,1360.01,540.18,4704.2,30.59,18.83,60.23
"WASouth","Dundas",125.356552124023,-32.6046524047852,0.54,1.61,2.86,1370.66,544.59,4735.99,26.34,16.72,49.41
"WASouth","Dundas",125.411148071289,-32.5926475524902,0.54,1.61,2.88,1383.46,549.92,4773.85,23.62,15.34,42.79
"WASouth","Dundas",125.445678710938,-32.5863265991211,0.54,1.61,3.95,1378.82,548.57,4750.92,8.81,6.52,13.35
"SA","Streaky Bay",134.27360534668,-32.6319274902344,0.54,2.52,3.49,42.23,25.19,86.19,26.12,17.06,46.45
"SA","Port Augusta",137.836624145508,-32.6410903930664,0.54,2.95,2.35,27.11,17.82,47.58,23.64,15.87,40.25
"NSW","Mid-Coast",152.209411621094,-32.6361770629883,0.54,1.88,2.77,2572.69,957.13,9645.97,18.11,12.52,29.73
"NSW","Mid-Coast",152.243713378906,-32.6129608154297,0.54,1.88,2.88,2578.47,958.41,9681.99,14.87,10.3,24.62
"WASouth","Mandurah",115.633392333984,-32.5939178466797,0.54,1.51,2.86,240.49,119.13,618.38,18.34,12.52,30.74
"WASouth","Dundas",125.525924682617,-32.5580215454102,0.54,1.61,4.14,1364.77,544.64,4679.59,7.27,5.56,10.51
"SA","Streaky Bay",134.260116577148,-32.5783805847168,0.54,2.51,2.63,44.83,26.5,92.72,26.13,17.43,44.8
"NSW","Mid-Coast",152.320205688477,-32.6055908203125,0.54,1.88,2.76,2711.35,1001.96,10257.96,18.71,12.57,32.32
"WASouth","Mandurah",115.670928955078,-32.5409622192383,0.54,1.34,2.7,339.26,163.5,898.49,18.75,12.75,31.65
"WASouth","Dundas",125.567039489746,-32.530704498291,0.54,1.61,3,1414.06,562.49,4866.74,21.55,14.21,38.17
"SA","Ceduna",133.895065307617,-32.5452919006348,0.54,2.44,4.64,145.25,72.63,379.49,8.35,6.26,12.39
"SA","Ceduna",133.908020019531,-32.5220603942871,0.54,2.44,4.47,120.92,61.77,307.42,7.29,5.57,10.54
"SA","Streaky Bay",134.228332519531,-32.5367660522461,0.54,2.5,2.72,48.31,28.23,101.64,18.35,12.79,29.65
"NSW","Mid-Coast",152.313705444336,-32.5493583679199,0.54,1.88,2.81,2695.65,995.47,10214.56,15.02,10.7,23.61
"NSW","Mid-Coast",152.340133666992,-32.5278701782227,0.54,1.88,2.77,2676.85,989.78,10124.45,18.25,12.3,31.38
"WASouth","Mandurah",115.695930480957,-32.521125793457,0.54,1.34,2.64,338.9,162.93,901.5,20.58,13.77,35.57
"WASouth","Dundas",125.627700805664,-32.4908752441406,0.54,1.61,2.74,1372.77,548.43,4696.28,23.02,15.13,40.84
"WASouth","Dundas",125.654495239258,-32.473217010498,0.54,1.61,2.73,1340.44,537.49,4561.66,24.48,15.75,45
"SA","Ceduna",133.845886230469,-32.5071868896484,0.54,2.47,3.75,80.99,43.86,189.63,13.84,9.71,22.49
"SA","Ceduna",133.997283935547,-32.5039138793945,0.54,2.46,4.25,99.72,52.29,244.63,8.23,6.23,12.03
"SA","Ceduna",134.070877075195,-32.4695320129395,0.54,2.48,4.23,71.99,39.57,165.31,7.77,5.93,11.23
"SA","Ceduna",134.090408325195,-32.47021484375,0.54,2.48,3.83,68.04,37.7,154.43,9.66,7.14,14.57
"SA","Streaky Bay",134.175994873047,-32.4855194091797,0.54,2.49,3.06,56.48,32.2,123.1,10.74,7.96,16.02
"NSW","Mid-Coast",152.412338256836,-32.4907112121582,0.54,1.88,3.07,2632.92,975.63,9929.54,10.34,7.7,15.33
"NSW","Mid-Coast",152.456039428711,-32.4739952087402,0.54,1.62,3.12,2614.63,971.54,9815.61,10.18,7.41,15.76
"WASouth","Mandurah",115.740791320801,-32.4680099487305,0.54,1.34,2.63,368.46,173.65,1010.92,20.95,13.96,36.41
"WASouth","Dundas",125.706619262695,-32.4370346069336,0.54,1.62,3.71,1296.57,522.44,4382.35,9.21,6.85,13.8
"SA","Ceduna",133.846725463867,-32.4609375,0.54,2.45,2.87,106.3,55.25,263.95,20.27,14,33.13
"NSW","Mid-Coast",152.521682739258,-32.4567642211914,0.54,1.62,2.7,3108.59,1122.66,12159.49,15.18,10.46,25.38
"WASouth","Rockingham",115.721504211426,-32.3826293945312,0.54,1.33,2.56,494.79,222.6,1450.79,24.44,15.91,43.96
"WASouth","Dundas",125.731330871582,-32.4147415161133,0.54,1.62,2.74,1256.8,508.91,4218.23,21.61,14.32,37.93
"WASouth","Dundas",125.770309448242,-32.396053314209,0.54,1.62,3.63,1149.87,470.69,3804.36,9,6.73,13.37
"SA","Ceduna",133.860244750977,-32.413387298584,0.54,2.47,3.01,73.09,40.08,168.4,13.15,9.52,20.23
"NSW","Mid-Coast",152.54020690918,-32.4330139160156,0.54,1.62,2.7,2979.09,1090.58,11401.38,15.1,10.41,25.2
"WASouth","Rockingham",115.711723327637,-32.3763732910156,0.54,1.33,2.73,512.66,229.29,1516.08,16.45,11.36,27.2
"WASouth","Dundas",125.829124450684,-32.3588104248047,0.54,1.62,3.38,1083.12,446.4,3552.22,12.12,8.66,19.19
"SA","Unincorporated SA",133.848358154297,-32.3607711791992,0.54,2.5,2.9,52.95,30.36,114.65,12.26,8.96,18.6
"NSW","Mid-Coast",152.537170410156,-32.3683662414551,0.54,1.62,2.64,2922.64,1074.35,11115.04,22.21,14.66,39.17
"WASouth","Dundas",125.890777587891,-32.3272438049316,0.54,1.62,2.89,936.57,393.28,2995.24,15.9,11.03,26.15
"WASouth","Dundas",125.939956665039,-32.3042793273926,0.54,1.62,2.55,905.49,381.18,2888.46,28.96,18.4,53.87
"WASouth","Dundas",125.983673095703,-32.2883224487305,0.54,1.63,3.49,890.48,374.66,2846.13,10.52,7.66,16.25
"WASouth","Dundas",126.580444335938,-32.3081016540527,0.54,1.66,3.13,333,156.47,924.15,14.69,10.2,24.22
"WASouth","Dundas",126.625343322754,-32.3101997375488,0.54,1.66,3.06,329.73,155.61,908.36,16.11,11.04,27.05
"WASouth","Dundas",126.683471679688,-32.3130416870117,0.54,1.66,2.47,288.71,139.39,769.35,39.22,23.79,78.02
"WASouth","Dundas",126.734107971191,-32.3103523254395,0.54,1.65,2.51,424.29,196.06,1196.17,37.16,22.68,73.31
"WASouth","Dundas",126.778480529785,-32.3013000488281,0.54,1.65,2.31,373.22,174.49,1038.14,46.11,27.36,94.44
"WASouth","Dundas",126.848419189453,-32.3034362792969,0.54,1.66,4.1,333.03,157.51,913.29,7.48,5.71,10.83
"SA","Unincorporated SA",133.836181640625,-32.352294921875,0.54,2.49,1.98,60.34,34.04,133.55,29.67,18.79,55.46
"NSW","Mid-Coast",152.522171020508,-32.3266525268555,0.54,1.62,3.9,3312.07,1144.6,13980.28,9.45,6.94,14.47
"WASouth","Rockingham",115.688369750977,-32.2748413085938,0.54,1.54,2.68,393.35,182.75,1103.07,23.78,15.57,42.38
"WASouth","Dundas",126.101448059082,-32.2738990783691,0.54,1.63,2.55,625.27,270.4,1942.24,26.57,17.12,48.45
"WASouth","Dundas",126.13289642334,-32.2580986022949,0.54,1.63,3.11,651.47,280.09,2040.22,11.91,8.54,18.75
"WASouth","Dundas",126.229583740234,-32.2429428100586,0.54,1.65,3.07,364.63,166.35,1062.28,12.4,8.84,19.7
"WASouth","Dundas",126.268409729004,-32.2527847290039,0.54,1.66,3.09,321.88,149.61,913.31,12.37,8.82,19.66
"WASouth","Dundas",126.315170288086,-32.2620964050293,0.54,1.66,3.06,320.48,149.34,905.34,13.67,9.61,22.17
"WASouth","Dundas",126.37329864502,-32.2812156677246,0.54,1.65,3.07,340.68,158.34,963.21,13.72,9.63,22.29
"WASouth","Dundas",126.418922424316,-32.2886085510254,0.54,1.66,3.07,287.78,136.64,790.74,13.85,9.71,22.56
"WASouth","Dundas",126.471771240234,-32.2922630310059,0.54,1.66,3.06,289.29,137.59,792.14,14.41,10.04,23.67
"WASouth","Dundas",126.52661895752,-32.3000717163086,0.54,1.66,2.82,291.75,139.05,795.48,23.41,15.17,42.63
"WASouth","Dundas",126.894958496094,-32.3038711547852,0.54,1.65,2.95,358.24,168.7,985.88,19.94,13.21,35.19
"WASouth","Dundas",126.948722839355,-32.3001441955566,0.54,1.66,2.91,293.11,141.22,783.25,18.74,12.55,32.51
"WASouth","Dundas",127.008438110352,-32.2939224243164,0.54,1.66,2.91,317.62,151.65,858.68,18.78,12.62,32.41
"WASouth","Dundas",127.05305480957,-32.2870330810547,0.54,1.66,2.88,285.81,138.08,761.14,19.68,13.13,34.31
"WASouth","Dundas",127.107360839844,-32.2873420715332,0.54,1.66,2.92,322.13,153.41,874.11,19.11,12.81,33.1
"WASouth","Dundas",127.156761169434,-32.2812728881836,0.54,1.66,2.52,313.42,149.49,849.59,30.22,19.08,56.76
"WASouth","Dundas",127.212768554688,-32.2844657897949,0.54,1.65,2.78,361.38,169.47,1001.58,21.88,14.45,38.61
"WASouth","Dundas",127.259368896484,-32.2746429443359,0.54,1.66,2.71,335.06,158.08,922.59,23.13,15.17,41.17
"WASouth","Dundas",127.314971923828,-32.2637634277344,0.54,1.65,2.93,363.68,169.98,1013.6,17.35,11.89,28.99
"WASouth","Dundas",127.354232788086,-32.2527313232422,0.54,1.65,3.59,382.03,177.6,1072.03,9.23,6.86,13.82
"SA","Ceduna",133.767166137695,-32.2666244506836,0.54,2.48,3.86,72.37,39.76,166.2,9.18,6.83,13.73
"SA","Ceduna",133.777847290039,-32.2665901184082,0.54,2.48,3.5,71.97,39.59,164.98,13.03,9.23,20.88
"SA","Ceduna",133.851272583008,-32.2766571044922,0.54,2.49,2.62,58.94,33.39,129.55,24.33,15.79,43.99
"NSW","Mid-Coast",152.529312133789,-32.286075592041,0.54,1.62,1.87,2979.55,1095.03,11323.71,45.39,27.72,88.28
"WASouth","Kwinana",115.753379821777,-32.2424011230469,0.54,1.55,2.34,301.66,146.17,796.55,41.72,25.47,81.61
"WASouth","Dundas",127.42276763916,-32.2359275817871,0.54,1.65,2.22,406.9,187.95,1150.78,47.3,28.39,94.72
"WASouth","Dundas",127.463645935059,-32.2284698486328,0.54,1.65,2.19,429.59,196.78,1229.49,58.09,33.96,120.52
"WASouth","Dundas",127.521705627441,-32.2205200195312,0.54,1.64,2.6,547.78,244.43,1620.36,35.79,21.97,70.02
"SA","Ceduna",133.239868164062,-32.2043533325195,0.54,2.43,2.96,176.79,86,479.94,45.97,27.24,94.48
"SA","Ceduna",133.253402709961,-32.2127876281738,0.54,2.42,3.64,227.87,107.74,641.13,14.73,10.27,24.13
"SA","Unincorporated SA",133.678817749023,-32.2343902587891,0.54,2.46,2.17,87.27,46.8,207.11,34.64,21.71,65.33
"NSW","Mid-Coast",152.523178100586,-32.2377243041992,0.54,1.62,2.4,4119.76,1378.68,18195.09,71.51,41.24,150.16
"WASouth","Kwinana",115.763900756836,-32.2021522521973,0.54,1.55,2.75,315.77,151.95,842.06,22.96,15.22,40.09
"WASouth","Dundas",127.576217651367,-32.1881370544434,0.54,1.64,2.69,555.09,246.02,1660.84,22.51,14.96,39.17
"WASouth","Dundas",127.615257263184,-32.1755561828613,0.54,1.64,2.54,570.44,252.15,1712.2,44.01,26.29,89.32
"SA","Unincorporated SA",133.150283813477,-32.1936683654785,0.54,2.41,3.11,245.34,114.6,702.78,33.79,20.97,65.04
"SA","Ceduna",133.3134765625,-32.1855735778809,0.54,2.43,3.16,180.18,87.71,487.81,28.31,18.01,52.68
"SA","Ceduna",133.368133544922,-32.1918525695801,0.54,2.43,3.26,154.99,76.89,409.18,21.94,14.45,38.93
"SA","Ceduna",133.427627563477,-32.1941261291504,0.54,2.44,2.69,133.81,67.63,344.68,34.85,21.31,68.81
"NSW","Mid-Coast",152.538162231445,-32.1926536560059,0.54,1.62,1.66,3061.7,1124,11640.88,123.88,65.88,291.53
"WASouth","Cockburn",115.744827270508,-32.1371726989746,0.54,1.54,2.81,420.25,194.6,1180.98,22.06,14.72,38.15
"WASouth","Dundas",127.685852050781,-32.149528503418,0.54,2.38,3.46,591.46,260.4,1784.34,21.2,14.23,36.38
"WASouth","Dundas",127.734603881836,-32.137565612793,0.54,2.38,3.34,545.2,241.46,1635.21,30.58,19.18,58.05
"SA","Unincorporated SA",133.109451293945,-32.1493606567383,0.54,2.43,3.26,162.05,79.39,436.84,23.84,15.56,42.73
"SA","Ceduna",133.464202880859,-32.1557502746582,0.54,2.45,3.82,108.68,57.16,263.43,10.31,7.55,15.79
"SA","Ceduna",133.520812988281,-32.1467399597168,0.54,2.48,3.82,68.57,38.29,153.26,10.59,7.72,16.32
"SA","Ceduna",133.578567504883,-32.1495704650879,0.54,2.46,2.4,92.02,48.99,220.58,78,43.05,176.63
"NSW","Mid-Coast",152.512573242188,-32.1440925598145,0.54,1.62,1.87,3068.17,1125.27,11684.29,57.4,33.73,118.04
"WASouth","Cockburn",115.75496673584,-32.0969123840332,0.54,1.54,2.82,381.53,178.86,1054.67,21.49,14.39,36.99
"WASouth","Dundas",127.791816711426,-32.1241111755371,0.54,2.39,3.44,487.12,219.51,1425.47,22.61,15.03,39.32
"WASouth","Dundas",127.841194152832,-32.1121406555176,0.54,2.39,3.47,499.96,224.71,1467.72,21.93,14.64,37.91
"WASouth","Dundas",127.893455505371,-32.1038360595703,0.54,2.39,3.46,469.19,212.5,1363.59,21.76,14.59,37.36
"WASouth","Dundas",127.937492370605,-32.0988807678223,0.54,2.39,3.47,529.34,236.56,1564.6,22.37,14.94,38.6
"WASouth","Dundas",127.981498718262,-32.089427947998,0.54,2.38,3.44,534.59,239.78,1568.94,23.11,15.4,39.96
"WASouth","Dundas",128.041961669922,-32.0753326416016,0.54,2.39,3.6,513.84,232.23,1490.98,23.71,15.38,43.06
"SA","Unincorporated SA",132.977661132812,-32.1035575866699,0.54,2.41,3.29,273.2,125.65,799.8,28.14,17.84,52.7
"SA","Unincorporated SA",132.992446899414,-32.105827331543,0.54,2.41,2.64,268.34,123.57,784.76,54.78,32.5,111.06
"NSW","Mid-Coast",152.524337768555,-32.1037445068359,0.54,1.62,2.71,3073.06,1125.92,11723.02,23.91,15.85,41.67
"WASouth","Dundas",128.103988647461,-32.0477027893066,0.54,2.39,3.41,417.71,194.83,1159.15,25.07,16.52,44.02
"WASouth","Dundas",128.147399902344,-32.0388107299805,0.54,2.39,3.44,437.15,202.18,1228.39,23.83,15.82,41.44
"WASouth","Dundas",128.200286865234,-32.0213279724121,0.54,2.39,3.42,429.51,198.4,1210.87,33.8,21,64.93
"SA","Unincorporated SA",132.216537475586,-32.0306205749512,0.54,2.39,3.28,488.33,209.4,1566.5,32.99,20.58,62.94
"SA","Unincorporated SA",132.265014648438,-32.0361747741699,0.54,2.39,3.26,412.6,180.91,1284.13,35.25,21.82,67.94
"SA","Unincorporated SA",132.311965942383,-32.0363311767578,0.54,2.39,3.45,438.56,190.74,1380.02,22.48,14.69,40.35
"SA","Unincorporated SA",132.916961669922,-32.0495147705078,0.54,2.41,2.81,249.03,115.69,720.04,27.21,17.79,48.24
"NSW","Mid-Coast",152.54850769043,-32.0601654052734,0.54,1.62,2.28,3205.69,1166.22,12355.02,26.81,17.38,48.29
"WASouth","Cottesloe",115.748397827148,-32.0159225463867,0.54,1.54,3.09,441.2,205.57,1222.85,21.12,14.1,36.59
"WASouth","Dundas",128.256439208984,-31.9999656677246,0.54,2.39,3.6,431.2,200.06,1205.83,21.43,14.34,36.96
"WASouth","Dundas",128.312133789062,-31.983757019043,0.54,2.39,3.9,434.38,200.7,1223.22,15.76,10.79,26.57
"SA","Unincorporated SA",132.165283203125,-32.0149269104004,0.54,2.42,3.18,216.03,103.64,593.57,39.15,23.93,76.68
"SA","Unincorporated SA",132.368988037109,-32.0129013061523,0.54,2.4,2.92,374.7,165.75,1154.66,64.84,37.04,139.35
"SA","Unincorporated SA",132.472396850586,-32.0139274597168,0.54,2.39,3.36,430.51,186.36,1368.78,26.65,17.05,49.22
"SA","Unincorporated SA",132.848297119141,-32.009693145752,0.54,2.4,2.71,339.75,151.36,1040.38,41.89,26.05,79.21
"NSW","Mid-Coast",152.568206787109,-32.0073547363281,0.54,1.62,2.78,3114.03,1136.02,11962.02,23.89,15.82,41.69
"WASouth","Dundas",128.368698120117,-31.96462059021,0.54,2.39,4.13,438.91,202.43,1239.14,13.09,9.21,21.24
"SA","Unincorporated SA",132.113922119141,-31.9684658050537,0.54,2.41,2.83,256.87,120.59,726.4,77.46,43.06,173.14
"SA","Unincorporated SA",132.520324707031,-31.9427661895752,0.54,2.39,2.93,425.09,183.39,1361.62,59.34,34.24,125.91
"SA","Unincorporated SA",132.580688476562,-31.937349319458,0.54,2.39,3.12,392.72,171.14,1241.1,40.83,24.75,81.02
"SA","Unincorporated SA",132.633117675781,-31.9477863311768,0.54,2.4,3.31,352.59,156.06,1090.21,30.08,19.03,56.28
"SA","Unincorporated SA",132.677658081055,-31.9606323242188,0.54,2.39,3.4,399.99,174.13,1264.74,24.27,15.85,43.41
"SA","Unincorporated SA",132.737106323242,-31.957389831543,0.54,2.4,3.63,328.23,146.51,1003.8,16.67,11.42,27.97
"SA","Unincorporated SA",132.793395996094,-31.9670734405518,0.54,2.43,2.59,172.66,84.58,463.39,56.11,33.75,110.74
"NSW","Mid-Coast",152.607528686523,-31.9559078216553,0.54,1.95,2.81,3525.02,1265.79,13831.1,15.11,10.55,24.62
"WASouth","Cambridge",115.747932434082,-31.9169654846191,0.54,1.54,2.93,525.89,240.19,1495.45,24.52,16.15,43.14
"WASouth","Dundas",128.386245727539,-31.9521999359131,0.54,2.39,3.48,429.02,199.26,1197.75,23.2,15.44,40.23
"WASouth","Dundas",128.428405761719,-31.9378452301025,0.54,2.4,3.33,367.96,172.98,1014.18,31.73,20.19,58.51
"WASouth","Dundas",128.470016479492,-31.9254741668701,0.54,2.39,3.22,443.98,204.38,1257.02,43.84,26.16,89.2
"SA","Unincorporated SA",132.013717651367,-31.8924770355225,0.54,2.42,3.03,221.64,105.86,612.98,48.47,28.51,100.62
"SA","Unincorporated SA",132.059448242188,-31.9186496734619,0.54,2.41,2.73,250.07,117.56,706.6,42.29,26.39,79.45
"NSW","Mid-Coast",152.631057739258,-31.9270057678223,0.54,1.95,3,3656.09,1306.76,14435.2,12.78,9.1,20.31
"WASouth","Stirling",115.745735168457,-31.8783321380615,0.54,1.54,2.64,565.5,255.6,1631.7,44.44,26.99,87.41
"WASouth","Dundas",128.533950805664,-31.8932571411133,0.54,2.39,3.12,412.89,192.38,1148.63,53.36,31.58,108.8
"WASouth","Dundas",128.580505371094,-31.8804798126221,0.54,2.39,3.14,445.67,204.78,1265.64,50.03,29.88,100.75
"WASouth","Dundas",128.611724853516,-31.8646335601807,0.54,2.39,3.72,406.47,189.17,1134.13,19.97,13.28,34.99
"SA","Unincorporated SA",131.970077514648,-31.8648357391357,0.54,2.41,2.81,246.66,115.98,697.48,14.46,10.4,22.37
"NSW","Mid-Coast",152.629821777344,-31.8805847167969,0.54,2.01,2.96,342.31,164.28,912.91,13.67,9.9,20.95
"NSW","Mid-Coast",152.681457519531,-31.8813209533691,0.54,2,2.68,420.68,198.75,1140.58,60.43,35.18,126.02
"WASouth","Dundas",128.681121826172,-31.8330821990967,0.54,2.39,3.7,459.17,210.12,1311.44,21.75,14.33,38.57
"SA","Unincorporated SA",131.866165161133,-31.8002967834473,0.54,2.41,3.6,293.9,135.22,855.27,18.29,12.33,31.42
"SA","Unincorporated SA",131.903350830078,-31.8179912567139,0.54,2.42,3,209.69,100.91,574.01,17.8,12.48,28.5
"NSW","Mid-Coast",152.739624023438,-31.8378868103027,0.54,1.95,3.69,3165.2,1158.02,12085.53,8,6.06,11.66
"WASouth","Joondalup",115.724632263184,-31.7862281799316,0.54,1.53,2.82,601.32,267.75,1775.93,31.51,20.04,58.16
"WASouth","Dundas",128.707641601562,-31.8146839141846,0.54,2.39,3.45,446.33,204.42,1274.89,24.48,16.09,43.24
"WASouth","Dundas",128.745147705078,-31.7919063568115,0.54,2.39,3.48,457.21,207.18,1329.61,23.67,15.66,41.43
"WASouth","Dundas",128.780517578125,-31.7762622833252,0.54,2.39,3.45,471.7,213.49,1372.13,25.7,16.8,45.74
"WASouth","Dundas",128.817230224609,-31.7588386535645,0.54,2.39,3.97,464.01,209.88,1352.62,13.85,9.72,22.49
"SA","Unincorporated SA",131.816452026367,-31.7617855072021,0.54,2.41,2.89,237.72,112.42,666.58,24.57,16.47,41.87
"NSW","Mid-Coast",152.768844604492,-31.7700748443604,0.54,1.95,2.82,3846.02,1374.93,15136.87,21.19,14.03,37.27
"WASouth","Joondalup",115.711456298828,-31.7327613830566,0.54,1.53,2.95,694.58,304.04,2097.6,25.58,16.76,45.32
"WASouth","Dundas",128.923278808594,-31.7160186767578,0.54,2.39,3.44,477.21,214.47,1404.95,25.91,16.95,46
"WASouth","Dundas",128.980865478516,-31.6983222961426,0.54,2.39,3.9,461.67,208.45,1350.6,15.35,10.63,25.38
"SA","Unincorporated SA",131.749893188477,-31.7228736877441,0.54,2.4,2.98,294.85,135.11,864.44,20.34,14,33.43
"NSW","Mid-Coast",152.789184570312,-31.7463817596436,0.54,1.95,3.19,4071,1445.15,16172.84,13.54,9.54,21.84
"WASouth","Wanneroo",115.685127258301,-31.6741313934326,0.54,1.53,2.81,690.13,302,2086.12,34.69,21.87,64.72
"SA","Unincorporated SA",129.05632019043,-31.6806087493896,0.54,2.39,3.48,447.29,202.77,1301.43,26.29,17.13,46.99
"SA","Unincorporated SA",129.103088378906,-31.6748466491699,0.54,2.39,3.53,451.11,203.87,1319.28,26.21,17.07,46.9
"SA","Unincorporated SA",129.161315917969,-31.6735076904297,0.54,2.39,3.46,461.36,208.33,1349.47,31.19,19.83,57.7
"SA","Unincorporated SA",129.220596313477,-31.6642150878906,0.54,2.39,3.49,467.72,210.82,1371.44,29.49,18.85,54.19
"SA","Unincorporated SA",129.265991210938,-31.6626873016357,0.54,2.39,3.48,452.77,204.36,1326.95,29.74,19.01,54.64
"SA","Unincorporated SA",129.315948486328,-31.6522197723389,0.54,2.39,3.56,453.42,204.32,1332.76,26.37,17.08,47.64
"SA","Unincorporated SA",129.355773925781,-31.6487083435059,0.54,2.39,3.59,450.59,202.86,1327.1,25.51,16.58,45.89
"SA","Unincorporated SA",129.425933837891,-31.6450424194336,0.54,2.39,3.6,459.52,205.84,1364.33,25.2,16.41,45.25
"SA","Unincorporated SA",129.472854614258,-31.6405601501465,0.54,2.39,3.88,449.52,201.47,1335.12,14.99,10.42,24.62
"SA","Unincorporated SA",131.651901245117,-31.6733074188232,0.54,2.41,3.79,264.82,123.11,761.33,14.71,10.25,24.09
"SA","Unincorporated SA",131.689712524414,-31.6900215148926,0.54,2.41,2.84,268.81,124.7,774.95,28.54,18.64,50.53
"NSW","Port Macquarie-Hastings",152.797271728516,-31.7039813995361,0.54,1.95,2.76,3813.64,1366.59,14953.42,23.08,15.11,41.2
"WASouth","Wanneroo",115.66731262207,-31.6364288330078,0.54,1.53,3.07,704.38,306.76,2145.02,26.65,17.22,48.31
"SA","Unincorporated SA",129.529388427734,-31.6297702789307,0.54,2.39,3.61,457.09,204,1366.65,24.43,15.94,43.77
"SA","Unincorporated SA",129.572463989258,-31.6263446807861,0.54,2.39,3.64,463.62,206.15,1394.49,22.85,15.03,40.48
"SA","Unincorporated SA",129.628784179688,-31.62229347229,0.54,2.39,3.68,441.85,197.22,1323.73,20.6,13.73,35.85
"SA","Unincorporated SA",129.693832397461,-31.6235198974609,0.54,2.39,3.67,450.68,200.3,1359.24,20.65,13.76,35.98
"SA","Unincorporated SA",129.735946655273,-31.6218967437744,0.54,2.39,3.64,459.63,203.48,1394.53,21.65,14.33,38.02
"SA","Unincorporated SA",129.787750244141,-31.6160411834717,0.54,2.39,3.58,472.36,208.43,1439.32,22.78,14.98,40.41
"SA","Unincorporated SA",129.832595825195,-31.6155910491943,0.54,2.39,3.8,459.18,202.9,1398.08,16.88,11.56,28.32
"SA","Unincorporated SA",131.550842285156,-31.6270198822021,0.54,2.4,3.7,310.22,141.02,920.04,17.53,11.94,29.6
"SA","Unincorporated SA",131.594345092773,-31.6472778320312,0.54,2.4,2.93,319.35,144.71,950.87,22.7,15.37,38.22
"NSW","Port Macquarie-Hastings",152.835205078125,-31.6545162200928,0.54,1.95,2.73,4024.93,1430.67,15962.68,25.84,16.67,47.1
"WASouth","Wanneroo",115.648307800293,-31.6077747344971,0.54,1.53,3,771.6,335.45,2344.8,26.01,16.85,47.01
"SA","Unincorporated SA",129.888397216797,-31.5991954803467,0.54,2.39,3.66,449.98,198.75,1372.98,20.7,13.77,36.18
"SA","Unincorporated SA",129.949752807617,-31.5961685180664,0.54,2.39,3.61,438.72,194.22,1335.26,21.22,14.08,37.21
"SA","Unincorporated SA",129.994247436523,-31.5926780700684,0.54,2.39,3.71,425.83,189.07,1291.43,18.2,12.32,31.06
"SA","Unincorporated SA",130.050231933594,-31.5961151123047,0.54,2.39,3.74,411.07,183.32,1239.41,17.28,11.77,29.2
"SA","Unincorporated SA",130.118804931641,-31.5930976867676,0.54,2.39,3.65,399.75,178.99,1198.51,20.1,13.41,34.97
"SA","Unincorporated SA",130.15576171875,-31.5828647613525,0.54,2.39,3.71,403.28,180.4,1210.55,18.48,12.47,31.66
"SA","Unincorporated SA",130.215423583984,-31.5854110717773,0.54,2.39,3.66,399.17,178.85,1195.49,19.51,13.08,33.75
"SA","Unincorporated SA",130.254623413086,-31.5786609649658,0.54,2.39,3.75,391.46,175.86,1168.17,16.76,11.46,28.21
"SA","Unincorporated SA",130.329986572266,-31.5885944366455,0.54,2.4,3.8,381.68,172.15,1132.45,16.38,11.23,27.45
"SA","Unincorporated SA",130.372512817383,-31.5924854278564,0.54,2.4,3.79,377.99,170.98,1116.17,16.92,11.55,28.52
"SA","Unincorporated SA",130.413299560547,-31.5909996032715,0.54,2.4,3.76,368.46,167.22,1083.2,17.28,11.77,29.23
"SA","Unincorporated SA",130.47998046875,-31.599027633667,0.54,2.4,3.73,371.74,168.39,1096.12,18,12.2,30.67
"SA","Unincorporated SA",130.524963378906,-31.5999298095703,0.54,2.4,3.71,379.55,171.19,1126.6,18.08,12.25,30.78
"SA","Unincorporated SA",130.587509155273,-31.5946865081787,0.54,2.4,3.78,381.88,171.86,1137.73,17.02,11.62,28.7
"SA","Unincorporated SA",130.632949829102,-31.6012134552002,0.54,2.4,3.75,381.94,171.57,1141.88,17.66,12,29.93
"SA","Unincorporated SA",130.681182861328,-31.6080703735352,0.54,2.39,3.8,400.53,178.7,1208.77,16.55,11.35,27.72
"SA","Unincorporated SA",130.739852905273,-31.609992980957,0.54,2.39,3.79,416.17,184.27,1270.74,17.58,11.96,29.76
"SA","Unincorporated SA",130.789611816406,-31.6127681732178,0.54,2.39,3.67,406.8,180.46,1239.66,20.81,13.85,36.29
"SA","Unincorporated SA",130.838287353516,-31.6013946533203,0.54,2.39,3.64,435.45,191.36,1344.34,20.96,13.96,36.52
"SA","Unincorporated SA",130.885787963867,-31.5917358398438,0.54,2.39,3.57,424.84,186.86,1311.73,22.9,15.05,40.62
"SA","Unincorporated SA",130.931213378906,-31.5771179199219,0.54,2.39,3.73,417.37,183.76,1287.88,17.95,12.2,30.42
"SA","Unincorporated SA",131.437576293945,-31.5794830322266,0.54,2.4,3.74,334.82,150.6,1007.64,15.53,10.76,25.63
"SA","Unincorporated SA",131.485397338867,-31.5951290130615,0.54,2.41,2.79,273.24,126.25,792.82,34.2,21.72,63.01
"NSW","Port Macquarie-Hastings",152.850280761719,-31.6034832000732,0.54,1.8,2.93,4393.2,1544.95,17671.86,16.65,11.42,27.88
"WASouth","Wanneroo",115.60888671875,-31.5414657592773,0.54,1.52,3.17,1023.31,431.38,3233.87,23.7,15.5,42.32
"SA","Unincorporated SA",130.997650146484,-31.5531368255615,0.54,2.39,3.58,431.45,188.78,1343.79,22.88,15.05,40.57
"SA","Unincorporated SA",131.023834228516,-31.5464344024658,0.54,2.39,3.55,431.33,188.61,1345.06,21.35,14.17,37.36
"SA","Unincorporated SA",131.380752563477,-31.5541572570801,0.54,2.41,2.79,285.7,131.04,837.95,32.03,20.56,58.09
"NSW","Port Macquarie-Hastings",152.86848449707,-31.545295715332,0.54,1.8,3.02,4353.17,1533.08,17474.79,14,9.82,22.72
"WASouth","Wanneroo",115.579460144043,-31.5047473907471,0.54,1.52,2.72,970.01,412.09,3032.54,49.31,29.21,100.93
"SA","Unincorporated SA",131.073684692383,-31.5080394744873,0.54,2.39,3.42,441.22,191.94,1387.18,29.42,18.68,54.76
"SA","Unincorporated SA",131.278564453125,-31.5154247283936,0.54,2.4,3.48,370.92,164.41,1139.51,23.75,15.54,42.39
"SA","Unincorporated SA",131.315841674805,-31.5268726348877,0.54,2.4,2.84,305.62,138.83,908.61,28.54,18.67,50.36
"NSW","Port Macquarie-Hastings",152.907958984375,-31.5069618225098,0.54,1.8,2.62,4628.38,1617.09,18780.12,23.02,15.09,41.04
"WASouth","Wanneroo",115.559936523438,-31.4665012359619,0.54,1.53,2.91,754.4,326.95,2308.32,32.96,20.61,62.6
"SA","Unincorporated SA",131.15950012207,-31.4727210998535,0.54,2.39,3.38,393.63,172.88,1225.24,28.05,17.93,51.7
"SA","Unincorporated SA",131.206832885742,-31.4837474822998,0.54,2.4,2.82,336.15,150.62,1018.72,29.83,19.33,53.44
"NSW","Port Macquarie-Hastings",152.940475463867,-31.4754161834717,0.54,1.79,2.62,4876.96,1690.25,20016.26,22.91,15.02,40.8
"WASouth","Gingin",115.536895751953,-31.418773651123,0.54,1.53,2.37,731.11,318.34,2222.37,38.68,23.84,74.66
"NSW","Port Macquarie-Hastings",152.928359985352,-31.4325828552246,0.54,1.79,2.62,5555.88,1900.87,23163.64,22.14,14.6,39.11
"WASouth","Gingin",115.504013061523,-31.3707466125488,0.54,1.53,2.36,688.89,301.6,2080.69,38,23.58,72.57
"NSW","Port Macquarie-Hastings",152.935363769531,-31.3760375976562,0.54,1.79,3.1,5715.69,1947.86,23959.61,12.62,8.96,20.18
"WASouth","Gingin",115.452171325684,-31.3046283721924,0.54,1.52,2.42,866.2,368.91,2713.04,32.72,20.77,60.48
"NSW","Port Macquarie-Hastings",152.950302124023,-31.3485851287842,0.54,1.79,3.13,5682,1935.9,23836.44,12.07,8.62,19.15
"WASouth","Gingin",115.442108154297,-31.2915267944336,0.54,1.53,2.39,654.73,288.8,1956.86,37.59,23.02,73.62
"NSW","Port Macquarie-Hastings",152.975173950195,-31.3107528686523,0.54,1.79,3.08,6860,2273.17,29921.42,12.19,8.72,19.28
"WASouth","Gingin",115.419357299805,-31.245044708252,0.54,1.53,2.27,711.9,312.17,2140.13,73.29,41.23,160.82
"NSW","Kempsey",152.973022460938,-31.2520561218262,0.54,1.79,3.19,7513.9,2455.21,33430.61,11.46,8.25,17.95
"WASouth","Gingin",115.392807006836,-31.1863384246826,0.54,1.51,2.43,1430.96,572.57,4869.95,38.41,23.74,73.83
"NSW","Kempsey",152.983184814453,-31.1969738006592,0.54,1.79,3.19,7392.53,2418.55,32847.93,11.32,8.16,17.7
"WASouth","Gingin",115.385330200195,-31.1538333892822,0.54,1.51,2.37,1310.44,529.16,4409.54,46.45,28.04,92.15
"NSW","Kempsey",152.991317749023,-31.1546783447266,0.54,1.79,3.22,8367.26,2685.07,38215.19,12.04,8.6,19.11
"WASouth","Gingin",115.362205505371,-31.1025295257568,0.54,1.51,2.45,1628.16,637.24,5722.37,35.06,22.13,65.22
"NSW","Kempsey",153.032028198242,-31.1024646759033,0.54,1.79,3.12,8384.74,2693.12,38228.63,12.82,9.07,20.6
"WASouth","Gingin",115.342430114746,-31.0608196258545,0.54,1.51,2.47,1649.6,640.48,5877.49,32.32,20.56,59.58
"NSW","Kempsey",153.056930541992,-31.0748081207275,0.54,1.79,3.09,6981.04,2294.42,30866.35,14.35,10,23.55
"WASouth","Gingin",115.320510864258,-31.0287113189697,0.54,1.5,2.36,2402.79,888.33,9147.02,65.73,36.87,146.15
"NSW","Kempsey",153.043502807617,-31.0297470092773,0.54,1.78,3.05,9345.57,2926.42,44317.08,14.85,10.25,24.74
"WASouth","Gingin",115.295783996582,-30.9604682922363,0.54,1.5,2.4,2412.35,886.11,9289.33,48.77,28.78,100.6
"NSW","Kempsey",153.046813964844,-30.9842147827148,0.54,1.78,3.02,10286.03,3184.08,49519.3,15,10.36,24.98
"WASouth","Gingin",115.276443481445,-30.930419921875,0.54,1.5,2.46,2605.6,942.43,10271.02,39.26,24.22,75.66
"NSW","Kempsey",153.088363647461,-30.9275894165039,0.54,1.79,3.06,7512.36,2431.75,33989.76,14.63,10.14,24.24
"WASouth","Dandaragan",115.240005493164,-30.8705768585205,0.54,1.5,2.46,2679.37,960.57,10715.2,53.49,30.69,115.63
"NSW","Kempsey",153.085525512695,-30.8952293395996,0.54,1.78,3.06,11850.8,3581.05,59092.99,15.08,10.41,25.12
"WASouth","Dandaragan",115.187698364258,-30.8250331878662,0.54,1.5,2.38,2403.13,875.64,9392.49,85.16,46.12,198.71
"NSW","Kempsey",153.030914306641,-30.8714618682861,0.54,1.78,3,16062.97,4625.62,85820.02,14.95,10.35,24.79
"WASouth","Dandaragan",115.184829711914,-30.798412322998,0.54,1.5,2.42,2513.23,914.73,9816.15,66.87,36.92,153.02
"NSW","Kempsey",153.005218505859,-30.7961273193359,0.54,1.93,3.2,15831.44,4565.68,84430.45,14.15,9.86,23.25
"WASouth","Dandaragan",115.154327392578,-30.7313938140869,0.54,1.5,2.46,2852.62,1017.78,11464.16,66.72,37.05,151.02
"NSW","Nambucca Valley",153.005493164062,-30.7533626556396,0.54,1.93,3.89,15604.93,4503.42,83191.63,8.5,6.34,12.74
"WASouth","Dandaragan",115.146286010742,-30.7076206207275,0.54,1.5,2.37,2731.29,976.06,10973.74,105.52,55.07,260.08
"NSW","Nambucca Valley",152.995315551758,-30.7101802825928,0.54,1.93,3.41,16826.79,4805.92,90996.11,11.58,8.28,18.37
"WASouth","Dandaragan",115.127380371094,-30.6585559844971,0.54,1.5,2.37,2481.22,893.72,9884.97,110.61,57.91,270.03
"NSW","Nambucca Valley",153.004257202148,-30.6698932647705,0.54,1.93,3.47,16957.51,4833.69,91989.63,10.89,7.84,17.12
"WASouth","Dandaragan",115.111801147461,-30.6207237243652,0.54,1.52,2.45,1070.75,436.18,3588.84,57.43,32.81,124.51
"NSW","Nambucca Valley",153.019149780273,-30.6265201568604,0.54,1.93,3.45,17475.59,4967.81,95097.48,11.45,8.2,18.12
"WASouth","Dandaragan",115.083290100098,-30.5732135772705,0.54,1.51,2.48,1788.59,673.37,6706.76,54.54,31.53,116.05
"NSW","Nambucca Valley",153.019500732422,-30.5769462585449,0.54,1.93,3.47,18201.75,5155.43,99462.02,11.57,8.25,18.44
"WASouth","Dandaragan",115.075393676758,-30.5281600952148,0.54,1.52,2.43,941.87,393.72,3035.77,61.19,34.9,132.47
"NSW","Bellingen",153.031387329102,-30.5263671875,0.54,1.93,3.43,18534.58,5241.01,101474.85,11.78,8.4,18.79
"WASouth","Dandaragan",115.053398132324,-30.501594543457,0.54,1.51,2.43,1516.95,583.93,5517.9,66.9,37.99,145.1
"NSW","Bellingen",153.044219970703,-30.4817237854004,0.54,1.93,2.93,19096.23,5377.77,105140.18,20.74,13.77,36.34
"WASouth","Dandaragan",115.047470092773,-30.4367961883545,0.54,1.51,2.41,1558.72,601.78,5629.91,66.93,38.08,144.62
"NSW","Coffs Harbour",153.076995849609,-30.4302654266357,0.54,1.93,2.92,19446.28,5499.26,106147.05,19.85,13.27,34.45
"WASouth","Dandaragan",115.044143676758,-30.4008903503418,0.54,1.52,2.4,1314.04,520.84,4571.72,75.07,42.5,162.54
"NSW","Coffs Harbour",153.092559814453,-30.3893413543701,0.54,1.93,3.06,19819.29,5571.89,109215.81,17.06,11.65,28.78
"WASouth","Dandaragan",115.02587890625,-30.3309841156006,0.54,1.52,2.38,1154.13,467.14,3895.96,82.32,46.35,178.92
"NSW","Coffs Harbour",153.126800537109,-30.3319225311279,0.54,1.93,3.34,20417.54,5714.41,113227.84,13.97,9.75,22.9
"WASouth","Dandaragan",114.994132995605,-30.235387802124,0.54,1.5,3.05,2726.82,971.41,11019.78,18.09,12.04,31.88
"NSW","Coffs Harbour",153.156356811523,-30.2409725189209,0.54,1.93,3.18,19662.55,5567.28,107019.66,14.76,10.3,24.12
"WASouth","Dandaragan",114.994964599609,-30.2107048034668,0.54,1.54,2.44,563.33,254.32,1629.08,59.33,34.76,122.46
"NSW","Coffs Harbour",153.176498413086,-30.1921348571777,0.54,1.93,3.34,20268.29,5723.9,110637,14.72,10.15,24.61
"WASouth","Dandaragan",115.000297546387,-30.169246673584,0.54,1.52,2.35,1169.87,471.32,3979.15,126.88,67.43,298.49
"NSW","Coffs Harbour",153.206909179688,-30.1587238311768,0.54,1.93,3.75,19005.13,5446.76,101410.48,10.61,7.64,16.74
"WASouth","Coorow",114.99592590332,-30.1270275115967,0.54,1.53,2.48,626.4,279.59,1837.7,54.68,31.99,113.72
"NSW","Coffs Harbour",153.213607788086,-30.1134433746338,0.54,1.93,3.44,21020.61,5920.5,115052.18,13.05,9.2,21.12
"WASouth","Coorow",114.980415344238,-30.0796737670898,0.54,1.54,2.29,480.25,222.75,1335.51,119.94,63.75,283.15
"NSW","Coffs Harbour",153.208786010742,-30.0711421966553,0.54,1.93,3.21,22222.79,6208.41,123025.64,15.89,10.97,26.38
"WASouth","Coorow",114.954887390137,-30.0253677368164,0.54,1.53,2.62,713.45,312.73,2146.07,44.54,26.4,91.68
"NSW","Coffs Harbour",153.215179443359,-30.0229415893555,0.54,1.93,4,20475.4,5805.52,110902.04,8.04,6.09,11.75
"WASouth","Coorow",114.95531463623,-29.9851188659668,0.54,1.53,2.37,824.59,352,2579.3,115.39,61.68,270.25
"NSW","Coffs Harbour",153.238662719727,-29.9773464202881,0.54,1.93,2.62,19515.64,5584.24,104270.67,28.67,18.5,51.87
"WASouth","Coorow",114.968734741211,-29.9450035095215,0.54,1.52,2.87,1092.4,448,3612.88,28.55,17.87,54.69
"NSW","Clarence Valley",153.275238037109,-29.9223747253418,0.54,1.93,2.85,21271.76,6013.82,115562.76,23.35,15.37,41.25
"WASouth","Carnamah",114.973503112793,-29.8855590820312,0.54,1.52,2.33,1013.62,422.21,3274.09,163.92,83.49,410.25
"NSW","Clarence Valley",153.280456542969,-29.8977203369141,0.54,1.93,3.03,19709.17,5642.92,105134.57,20.02,13.39,34.71
"WASouth","Carnamah",114.972312927246,-29.8436660766602,0.54,1.52,2.74,950.22,400.65,3014.23,40.52,24.26,82.35
"NSW","Clarence Valley",153.294281005859,-29.8302783966064,0.54,1.75,2.73,20336.68,5799.01,109077,23.74,15.55,42.29
"WASouth","Carnamah",114.957695007324,-29.8063068389893,0.54,1.52,2.59,929.18,393.53,2927.85,58.57,33.38,127.36
"NSW","Clarence Valley",153.29426574707,-29.8049736022949,0.54,1.75,2.68,20655.15,5892.35,110601.9,21.85,14.6,37.7
"WASouth","Carnamah",114.952522277832,-29.757698059082,0.54,1.53,2.49,636.38,284.39,1861.29,73.17,40.29,167.24
"NSW","Clarence Valley",153.297424316406,-29.755256652832,0.54,1.75,2.78,21277.94,6040.18,114751.47,20.29,13.67,34.68
"WASouth","Carnamah",114.951667785645,-29.71044921875,0.54,1.53,2.5,663.83,295.41,1951.69,80.19,43.51,187.24
"NSW","Clarence Valley",153.313415527344,-29.7081756591797,0.54,1.75,2.95,23265.26,6487.33,128892.6,16.37,11.32,27.04
"WASouth","Irwin",114.953964233398,-29.6772804260254,0.54,1.54,2.46,555.59,252.87,1584.96,95.37,51,226
"NSW","Clarence Valley",153.332794189453,-29.6719799041748,0.54,1.75,2.7,22310.08,6245.21,123039.24,23.29,15.46,40.55
"WASouth","Irwin",114.954727172852,-29.6415576934814,0.54,1.53,2.48,637.54,284.72,1866.78,98.33,52.13,236.4
"NSW","Clarence Valley",153.342529296875,-29.6138515472412,0.54,1.75,2.69,23177.98,6458.05,128613.87,22.43,14.95,38.82
"WASouth","Irwin",114.970321655273,-29.5824966430664,0.54,1.54,2.44,515.1,237.49,1442.23,103.58,54.18,254.56
"NSW","Clarence Valley",153.343475341797,-29.5742435455322,0.54,1.75,2.7,23690.58,6597.05,131428.47,22.34,14.91,38.62
"WASouth","Irwin",114.977729797363,-29.5372772216797,0.54,1.54,2.46,488.2,227.17,1348.75,101.73,53.12,251.18
"NSW","Clarence Valley",153.361145019531,-29.5248947143555,0.54,1.75,2.7,19550.79,5607.53,104006.41,25.42,16.66,45.01
"WASouth","Irwin",114.978500366211,-29.4595909118652,0.54,1.53,2.45,477.62,223.63,1306.65,104.09,54.19,258.04
"NSW","Clarence Valley",153.368377685547,-29.4821014404297,0.54,1.75,2.5,20825.56,5924.54,112015.88,34.12,21.48,63.87
"WASouth","Irwin",114.967781066895,-29.4326305389404,0.54,1.53,2.63,522.03,241.46,1452.22,33.56,21.15,62.8
"WASouth","Irwin",114.954193115234,-29.3937854766846,0.54,1.53,2.48,501.09,232.86,1385.53,89.55,47.51,216.55
"NSW","Clarence Valley",153.371276855469,-29.3912181854248,0.54,1.75,2.59,21950.28,6182.36,119838.81,31.63,20.09,58.54
"WASouth","Irwin",114.926536560059,-29.3203926086426,0.54,1.52,2.37,769.05,337.71,2296.29,153,75.85,404.87
"NSW","Clarence Valley",153.365295410156,-29.3581199645996,0.54,1.75,2.57,19752.23,5651.85,105464.56,32.84,20.73,61.34
"WASouth","Irwin",114.913864135742,-29.2869644165039,0.54,1.52,2.34,740.6,326.42,2201.48,181.84,88.1,496.52
"NSW","Clarence Valley",153.348754882812,-29.3042602539062,0.54,1.75,2.25,20084.95,5724.81,107886.01,74.63,41.76,165.18
"WASouth","Irwin",114.909912109375,-29.2444686889648,0.54,1.52,2.36,879.91,378.51,2705.01,213.26,101.74,592.73
"NSW","Richmond Valley",153.368148803711,-29.2545299530029,0.54,1.75,2.23,20700.02,5871.68,111963.14,81.94,45.26,184.61
"WASouth","Irwin",114.88712310791,-29.1897125244141,0.54,1.51,2.53,1047.37,438.58,3345.06,123.4,63.07,313.01
"NSW","Richmond Valley",153.411026000977,-29.1963233947754,0.54,1.76,2.25,17513.67,5088.69,91609.34,90.32,48.96,209.45
"WASouth","Irwin",114.873435974121,-29.1469745635986,0.54,1.51,2.54,1005.72,423.33,3189.78,149.03,74,393.98
"NSW","Richmond Valley",153.452331542969,-29.1486778259277,0.54,1.75,2.48,18611.76,5370.15,98234.66,56.68,32.92,119.21
"WASouth","Irwin",114.856018066406,-29.1050128936768,0.54,1.51,2.58,1051.87,439.4,3373.07,76.85,42.56,173.06
"WASouth","Greater Geraldton",114.816383361816,-29.0628108978271,0.54,1.5,2.43,1416.02,563.94,4862.77,181.27,87.66,496.81
"NSW","Richmond Valley",153.446487426758,-29.0618591308594,0.54,1.76,2.21,16201.06,4787.11,82598.37,147.77,74.39,380.7
"WASouth","Greater Geraldton",114.758316040039,-29.0034446716309,0.54,1.5,2.49,1429.73,568.6,4919.48,144.46,72.69,373.13
"NSW","Richmond Valley",153.464874267578,-29.0198650360107,0.54,1.76,2.32,12738.46,3905.78,61628.51,109.53,57.78,263.79
"WASouth","Greater Geraldton",114.707145690918,-28.9571838378906,0.54,1.5,2.5,1580.67,617.7,5580.54,174.06,85.59,463.42
"NSW","Ballina",153.507629394531,-28.9700202941895,0.54,1.85,2.47,14548.99,4373.83,72363,101.08,53.93,239.68
"WASouth","Greater Geraldton",114.663841247559,-28.9155330657959,0.54,1.5,2.52,1529.19,600.54,5361.43,154.19,77.02,401.89
"NSW","Ballina",153.529373168945,-28.9397678375244,0.54,1.85,2.52,14768.61,4428.38,73732.52,83.49,45.87,189.8
"WASouth","Greater Geraldton",114.63501739502,-28.8812580108643,0.54,1.5,2.55,1594.8,621.83,5650.17,138.38,70.21,352.95
"NSW","Ballina",153.580993652344,-28.8838138580322,0.54,1.85,2.49,12312.24,3821.19,58407.09,83.41,46.04,187.98
"WASouth","Greater Geraldton",114.618743896484,-28.8406734466553,0.54,1.51,2.84,1283,517.35,4333.45,31.42,19.66,59.8
"NSW","Ballina",153.611129760742,-28.808500289917,0.54,1.85,2.44,21535.58,6116.08,115967.12,102.67,55.34,238.53
"WASouth","Greater Geraldton",114.592399597168,-28.7682914733887,0.54,1.52,2.41,858.94,364.64,2707.2,186.64,91.28,499.6
"NSW","Byron",153.61198425293,-28.7380924224854,0.54,1.85,2.22,22964.75,6440.18,126025.57,133.97,70.2,322.32
"WASouth","Greater Geraldton",114.604347229004,-28.6926441192627,0.54,1.52,2.62,813.04,347.96,2533.55,52.63,30.83,109.52
"NSW","Byron",153.620986938477,-28.7066612243652,0.54,1.85,2.21,20455.93,5847.8,109184.15,154.93,79.11,387.36
"WASouth","Chapman Valley",114.600944519043,-28.645206451416,0.54,1.52,2.41,728.16,316.53,2220.49,215.05,103.51,587.36
"NSW","Byron",153.631103515625,-28.6545715332031,0.54,1.85,2.16,20970.33,5952.34,113204.38,230.52,110.7,629.37
"WASouth","Chapman Valley",114.577018737793,-28.5933303833008,0.54,1.51,2.33,1053.31,435.57,3439.16,158.31,77.98,423.08
"NSW","Byron",153.582260131836,-28.6068649291992,0.54,1.84,2.48,29077.55,7843.73,168784.33,83.53,46.88,182.53
"WASouth","Chapman Valley",114.562286376953,-28.5574893951416,0.54,1.52,2.36,704.6,308.23,2128.58,128.67,64.42,338.48
"NSW","Byron",153.569381713867,-28.5657405853271,0.54,1.84,2.41,27913.08,7571.71,160790.19,118.6,63.37,277.43
"WASouth","Northampton",114.522659301758,-28.5005149841309,0.54,1.51,2.39,1206.17,490.06,4033.3,122.1,62.17,312.19
"NSW","Byron",153.555862426758,-28.5195655822754,0.54,1.84,2.33,28332.21,7660.06,164035.31,166.59,84.6,418.77
"WASouth","Northampton",114.488052368164,-28.4559593200684,0.54,1.5,2.4,1385.59,554.32,4725.79,130.09,66.05,332.82
"NSW","Tweed",153.559204101562,-28.4693031311035,0.54,1.84,2.09,26776.06,7288.91,153638.75,322.58,147.9,938.84
"WASouth","Northampton",114.442192077637,-28.413272857666,0.54,1.51,2.41,1363.03,545.24,4654.03,141.96,71.09,370.53
"NSW","Tweed",153.563735961914,-28.4232139587402,0.54,1.84,2.04,27997.05,7537.22,163463.02,307.95,142.04,888.96
"WASouth","Northampton",114.402420043945,-28.3563499450684,0.54,1.51,2.5,1131.83,463.51,3745.1,97.27,51.59,233.87
"NSW","Tweed",153.575973510742,-28.3762855529785,0.54,1.84,1.98,27245.36,7338.11,159204.26,408.11,180.37,1252.13
"WASouth","Northampton",114.371124267578,-28.3124885559082,0.54,1.51,2.5,1174.33,479.12,3903.56,89.65,47.86,214.16
"NSW","Tweed",153.579727172852,-28.3339424133301,0.54,1.79,2.06,26780.02,7230.47,155952.66,269.48,126.25,762.4
"WASouth","Northampton",114.337631225586,-28.2735595703125,0.54,1.51,2.42,1096.23,450.85,3606.34,175.08,85.04,477.03
"NSW","Tweed",153.582611083984,-28.2861995697021,0.54,1.79,2.04,25019.95,6827.07,143521.92,223.61,107.56,609.86
"WASouth","Northampton",114.274604797363,-28.2169628143311,0.54,1.5,2.39,1378.13,549.68,4727.18,149.75,74.32,396.14
"NSW","Tweed",153.573059082031,-28.2406616210938,0.54,1.79,2.07,25392.38,6916.39,145998.95,153.28,78.15,384.61
"WASouth","Northampton",114.231704711914,-28.1851711273193,0.54,1.51,2.33,1275.49,513.09,4328.17,225.06,107.08,626.32
"NSW","Tweed",153.579681396484,-28.1937599182129,0.54,1.79,2.19,26813.4,7183.29,158358.58,95.55,51.71,221.42
"WASouth","Northampton",114.173194885254,-28.1166114807129,0.54,1.5,2.48,1390.25,550.88,4823.3,32.58,20.64,60.48
"WASouth","Northampton",114.164390563965,-28.0951652526855,0.54,1.52,2.42,826.16,348.68,2637.43,73.46,39.62,174.72
"QLDSouth","Gold Coast",153.467559814453,-28.1045627593994,0.54,1.79,2.29,21407,5982.47,118699.5,38.87,24.1,74.22
"WASouth","Northampton",114.156120300293,-28.0480766296387,0.54,1.51,2.37,1108.56,453,3686.95,133.61,67.15,347.95
"QLDSouth","Gold Coast",153.447174072266,-28.0567150115967,0.54,1.82,2.35,19331.77,5478.64,105149.96,42.44,25.62,84.65
"WASouth","Northampton",114.14404296875,-27.9935626983643,0.54,1.51,2.38,1314.42,523.6,4531.67,138.5,69.56,360.2
"QLDSouth","Gold Coast",153.434448242188,-28.0055713653564,0.54,1.82,3.02,19553.54,5511.99,107314.32,19.5,12.88,34.63
"WASouth","Northampton",114.133796691895,-27.9583473205566,0.54,1.5,3.24,1404.54,558.76,4835.01,17.84,11.93,31.19
"WASouth","Northampton",114.119079589844,-27.9107761383057,0.54,1.5,2.37,1727.93,669.21,6167.7,82.58,43.83,200.77
"QLDSouth","Gold Coast",153.417724609375,-27.9157295227051,0.54,1.81,3.33,53277.02,13275.45,344341.25,14.94,10.26,25.14
"WASouth","Northampton",114.106117248535,-27.8597660064697,0.54,1.5,2.37,1653.5,643.75,5861.68,85.09,44.76,210.04
"QLDSouth","Gold Coast",153.417434692383,-27.8680477142334,0.54,1.82,2.78,42716.02,10760.61,274282.59,30.05,18.69,58.08
"WASouth","Northampton",114.104621887207,-27.8098220825195,0.54,1.5,2.38,1757.88,678.43,6307.89,74.44,39.95,178.63
"QLDSouth","Gold Coast",153.41813659668,-27.815128326416,0.54,1.84,2.67,7386.99,2335.32,34913.75,35.67,21.67,71.15
"WASouth","Northampton",114.114044189453,-27.7759704589844,0.54,1.5,2.44,1898.73,724.87,6916.73,256.15,117.16,761.6
"QLDSouth","Gold Coast",153.447219848633,-27.773681640625,0.54,1.83,2.49,15653.08,4518.35,83398.23,37.4,22.78,74.03
"WASouth","Northampton",114.135856628418,-27.7431621551514,0.54,1.5,2.49,1666.73,652.85,5841.85,190.74,90.66,538.45
"QLDSouth","Redland",153.458358764648,-27.7240924835205,0.54,1.83,2.51,15341.54,4431.49,81734.78,41.3,24.51,85.31
"WASouth","Northampton",114.146865844727,-27.6679363250732,0.54,1.5,2.5,2115.47,795.3,7872.61,164.34,79.89,449.16
"QLDSouth","Redland",153.468841552734,-27.6832008361816,0.54,1.83,2.51,15875.28,4562.03,85199.45,48.78,28.21,104.57
"WASouth","Northampton",114.140434265137,-27.6351852416992,0.54,1.49,2.5,2274.83,845.99,8596.02,164.44,80.04,448.42
"QLDSouth","Redland",153.46989440918,-27.6331539154053,0.54,1.82,3.11,21834.5,5965.35,125998.05,18.73,12.47,32.9
"WASouth","Northampton",114.118461608887,-27.5770015716553,0.54,1.49,2.51,2265.17,845.87,8498.28,215.74,102.49,603.95
"QLDSouth","Redland",153.488403320312,-27.5784130096436,0.54,2.17,3.31,16032.55,4566.21,87402.19,21.97,14.26,40
"WASouth","Northampton",114.10563659668,-27.5376720428467,0.54,1.49,2.56,2246.41,842.23,8371.42,565.24,239.18,1840.32
"QLDSouth","Redland",153.295120239258,-27.5337238311768,0.54,2.16,2.43,28575.73,7358.17,180752.62,581.64,245.35,1901.14
"QLDSouth","Redland",153.346466064453,-27.5185470581055,0.54,2.16,2.37,29754.85,7663.28,187655.01,216.75,103.81,597.3
"QLDSouth","Redland",153.505752563477,-27.5359077453613,0.54,2.17,3.48,15570.78,4449.82,84511.11,17.54,11.8,30.35
"WASouth","Northampton",114.091400146484,-27.4873790740967,0.54,1.49,2.54,2362.57,879.42,8893.16,689.87,285.47,2310.53
"QLDSouth","Redland",153.333679199219,-27.4929122924805,0.54,2.16,2.41,35387.79,8821.54,234406.52,642.01,268.75,2114.49
"QLDSouth","Redland",153.37434387207,-27.4909057617188,0.54,2.16,2.42,33876.66,8563.26,219312.73,160.69,80.24,417.94
"QLDSouth","Redland",153.531661987305,-27.4719638824463,0.54,2.17,2.97,16254.49,4617.06,88970.3,38.16,23.09,76.4
"WASouth","Northampton",114.061492919922,-27.4315166473389,0.54,1.49,2.54,2296.9,862.91,8517.55,597.83,253.23,1935.16
"QLDSouth","Redland",153.244369506836,-27.4651298522949,0.54,2.16,2.42,40266.71,9660.05,284025.36,665.14,277.46,2199.85
"QLDSouth","Redland",153.359146118164,-27.4843215942383,0.54,2.16,2.41,32514.61,8238.94,210107.73,170.27,83.04,461.31
"QLDSouth","Redland",153.547256469727,-27.4374237060547,0.54,2.17,2.85,22763.44,6153.56,133583.2,55.63,31.63,121.98
"WASouth","Northampton",114.043167114258,-27.3897266387939,0.54,1.49,2.53,2409.1,896.21,9067.59,610.61,258.82,1971.29
"QLDSouth","Brisbane",153.223556518555,-27.3968029022217,0.54,2.16,2.27,45839.4,10747.59,334571.26,1470.26,561.83,5431.07
"QLDSouth","Brisbane",153.401565551758,-27.3549575805664,0.54,2.16,2.35,28581.83,7368.46,180393.33,117.78,59.82,303.47
"QLDSouth","Redland",153.522552490234,-27.4183692932129,0.54,2.16,3.25,31201.53,8032.52,196336.48,22.71,14.85,40.75
"WASouth","Northampton",114.017066955566,-27.3340930938721,0.54,1.49,2.98,2362.58,883.63,8817.19,22.62,14.59,41.62
"QLDSouth","Brisbane",153.416473388672,-27.3524513244629,0.54,2.16,2.81,28624.17,7407.55,179377.85,24.09,15.3,45.46
"QLDSouth","Brisbane",153.440856933594,-27.340763092041,0.54,2.16,3.08,37177.39,9289.38,244417.38,27.6,17.54,51.52
"WASouth","Northampton",113.987716674805,-27.2875595092773,0.54,1.49,2.54,2539.65,940.15,9614.2,682.9,281.76,2301.24
"QLDSouth","Brisbane",153.186660766602,-27.3478660583496,0.54,2.16,2.82,50457.89,11762.41,369857.36,28.29,17.93,52.99
"WASouth","Northampton",113.968650817871,-27.2540225982666,0.54,1.49,2.54,2554.88,943.62,9708.55,538.9,228.79,1749.42
"QLDSouth","Moreton Bay",153.117752075195,-27.249116897583,0.54,2.16,2.53,47925.78,11294.85,345393.23,48.81,28.72,101.17
"WANorth","Shark Bay",113.934410095215,-27.1946182250977,0.54,1.49,2.53,2773.51,1011,10739.9,520.97,222.18,1680.75
"QLDSouth","Moreton Bay",153.122039794922,-27.206563949585,0.54,2.16,2.76,47497.15,11231.76,340355.24,31.72,19.87,60.24
"WANorth","Shark Bay",113.906616210938,-27.1532363891602,0.54,1.49,2.53,3091.6,1106.78,12289.14,497.92,213.72,1592.12
"QLDSouth","Moreton Bay",153.116012573242,-27.1891937255859,0.54,2.16,2.41,49075.97,11540.35,354582.36,64.98,37.09,139.88
"WANorth","Shark Bay",113.880958557129,-27.1076793670654,0.54,1.49,2.63,3213.82,1142.84,12901.11,169.34,84.34,440.95
"QLDSouth","Moreton Bay",153.197082519531,-27.0994625091553,0.54,2.16,3.03,47338.3,11232.25,337153.31,25.16,16.24,45.9
"WANorth","Shark Bay",113.85131072998,-27.0595798492432,0.54,1.49,2.56,3397.79,1197.02,13826.46,190.08,92.37,514.34
"QLDSouth","Moreton Bay",153.209136962891,-27.0748748779297,0.54,2.16,3.05,46362.42,10909.81,335829.16,26.28,16.84,48.47
"WANorth","Shark Bay",113.82349395752,-27.0176544189453,0.54,1.48,2.56,3683.22,1282.7,15230.48,140.23,70.84,360.21
"QLDSouth","Moreton Bay",153.187713623047,-27.0352001190186,0.54,2.16,3.12,47685.78,11342.01,337943.66,25.48,16.37,46.88
"WANorth","Shark Bay",113.789260864258,-26.9580612182617,0.54,1.48,2.56,3853.26,1331.15,16124.29,138.01,69.62,355.96
"QLDSouth","Moreton Bay",153.166458129883,-26.9934272766113,0.54,1.9,2.92,62565.3,14281.77,470102.37,26.33,16.77,49.11
"WANorth","Shark Bay",113.756118774414,-26.9057579040527,0.54,1.7,2.59,4161.2,1423.38,17646.31,443.26,192.63,1395.83
"QLDSouth","Sunshine Coast",153.150405883789,-26.933385848999,0.54,1.89,2.93,124543.7,25336.88,1108063.38,27.99,17.65,52.93
"WANorth","Shark Bay",113.716842651367,-26.859920501709,0.54,1.7,2.82,4363.57,1481.03,18714.13,63.85,35.74,142.86
"QLDSouth","Sunshine Coast",153.138488769531,-26.8879661560059,0.54,1.89,2.92,138629.65,27795.52,1258235.85,29.9,18.69,57.24
"WANorth","Shark Bay",113.699493408203,-26.8327312469482,0.54,1.7,2.73,4643.42,1558.34,20250.43,130.78,66.78,330.88
"QLDSouth","Sunshine Coast",153.137466430664,-26.8345317840576,0.54,1.89,2.92,117677.8,24318.44,1020538.17,31.18,19.45,59.77
"WANorth","Shark Bay",113.653076171875,-26.7785549163818,0.54,1.7,3.31,4848.87,1615.01,21383.22,19.62,13.03,34.48
"QLDSouth","Sunshine Coast",153.154235839844,-26.7919158935547,0.54,1.89,2.94,103248.86,21929.31,858211.14,29.55,18.69,55.36
"WANorth","Shark Bay",113.611312866211,-26.7192153930664,0.54,1.7,2.87,4945.03,1641.79,21908.14,68.64,38.35,153.24
"QLDSouth","Sunshine Coast",153.140274047852,-26.7403335571289,0.54,1.89,2.92,77434.56,17242.29,600797.94,29.26,18.54,54.71
"WANorth","Shark Bay",113.591339111328,-26.6928386688232,0.54,1.7,3.24,5101.11,1683.33,22808.44,31.23,19.68,58.69
"WANorth","Shark Bay",113.548553466797,-26.6462440490723,0.54,1.7,2.86,5103.88,1676.99,23000.67,81.17,44.39,186.55
"QLDSouth","Sunshine Coast",153.140197753906,-26.6791191101074,0.54,1.89,2.93,71098.82,16060.41,540150.68,28.32,18.15,51.88
"WANorth","Shark Bay",113.485038757324,-26.5832023620605,0.54,1.7,2.82,5790.48,1858.3,27031.79,98.43,52.57,233.3
"QLDSouth","Sunshine Coast",153.102966308594,-26.6068859100342,0.54,1.9,2.89,58616.94,13577.04,430499.82,33.1,20.83,62.14
"WANorth","Shark Bay",113.431434631348,-26.5368385314941,0.54,1.7,3.65,5729.86,1834.59,26881.24,13.71,9.65,22.15
"WANorth","Shark Bay",113.662147521973,-26.5924301147461,0.54,1.88,3.12,45.95,26.61,98.74,13.14,9.33,20.93
"WANorth","Shark Bay",113.764892578125,-26.5810394287109,0.54,1.87,3.13,47.06,27.21,101.19,12.84,9.16,20.35
"WANorth","Shark Bay",113.810691833496,-26.5695495605469,0.54,1.88,2.31,45.62,26.54,97.22,79.96,44.08,181.16
"QLDSouth","Sunshine Coast",153.10090637207,-26.5563278198242,0.54,1.9,2.93,44969.41,10799.79,314234.36,28.91,18.42,53.55
"WANorth","Shark Bay",113.392501831055,-26.5031471252441,0.54,1.7,3.51,5812.78,1848.15,27599.4,19.41,13.03,33.52
"WANorth","Shark Bay",113.64680480957,-26.5066165924072,0.54,1.87,3.16,51.15,29.21,111.95,13.09,9.3,20.85
"WANorth","Shark Bay",113.862808227539,-26.5229339599609,0.54,1.87,2.29,47.33,27.48,100.89,112.95,59.49,272.28
"QLDSouth","Sunshine Coast",153.098251342773,-26.5055313110352,0.54,1.9,2.94,45660.26,10931.32,320606.6,29.23,18.62,54.09
"WANorth","Shark Bay",113.339424133301,-26.4473876953125,0.54,1.7,3.51,5797.13,1838.57,27657.52,20.04,13.31,35.16
"WANorth","Shark Bay",113.629089355469,-26.4602909088135,0.54,1.86,3.1,53.33,30.26,117.81,15.5,10.79,25.35
"WANorth","Shark Bay",113.874473571777,-26.4550762176514,0.54,1.87,2.32,51.3,29.5,110.74,111.31,58.83,266.85
"QLDSouth","Noosa",153.107833862305,-26.4570808410645,0.54,1.9,1.99,43375.31,10460,301498.09,118.55,63.82,273.5
"WANorth","Shark Bay",113.295753479004,-26.400369644165,0.54,1.7,3.43,5627.95,1800.85,26463.44,23.34,15.12,42.46
"WANorth","Shark Bay",113.566497802734,-26.4210052490234,0.54,1.86,3.1,56.58,31.76,127.06,16.13,11.16,26.59
"WANorth","Shark Bay",113.867027282715,-26.4105014801025,0.54,1.86,2.37,53.65,30.67,116.76,94.96,51.32,220.68
"QLDSouth","Noosa",153.120483398438,-26.4043865203857,0.54,1.9,2.32,39811.63,9713.73,272304.2,63.23,36.47,133.74
"WANorth","Shark Bay",113.287734985352,-26.361421585083,0.54,1.7,3.45,5875.32,1855.94,28214.14,20.69,13.65,36.67
"WANorth","Shark Bay",113.563659667969,-26.3592872619629,0.54,1.86,3.08,60.3,33.6,136.7,19.08,12.86,32.67
"WANorth","Shark Bay",113.856956481934,-26.3670234680176,0.54,1.86,3.22,56.21,31.96,123.21,13.78,9.63,22.55
"WANorth","Shark Bay",114.033073425293,-26.3912200927734,0.54,1.89,3.17,40.17,24.21,80.69,11.52,8.32,17.97
"WANorth","Shark Bay",114.155731201172,-26.3952674865723,0.54,1.89,2.09,38.06,23.11,75.67,81.76,45.33,183.02
"WANorth","Shark Bay",113.277931213379,-26.3147201538086,0.54,1.7,3.44,5827.61,1843.94,27913.42,20.94,13.8,37.22
"WANorth","Shark Bay",113.552940368652,-26.3299407958984,0.54,1.85,3.09,63.07,34.95,143.98,19.79,13.26,34.17
"WANorth","Shark Bay",113.853805541992,-26.3105525970459,0.54,1.85,3.15,60.94,34.3,135.39,15.19,10.48,25.32
"WANorth","Shark Bay",114.002883911133,-26.3639087677002,0.54,1.88,3.19,42,25.16,85.1,13.05,9.2,21.08
"WANorth","Shark Bay",114.206985473633,-26.3402328491211,0.54,1.89,2.13,38.65,23.44,76.91,204.81,99.87,547.73
"QLDSouth","Noosa",153.066970825195,-26.3208141326904,0.54,1.9,2.9,34468.38,8579.31,229355.57,28.41,18.11,52.61
"WANorth","Shark Bay",113.243339538574,-26.2524394989014,0.54,1.7,3.34,5742.92,1820.46,27441.34,14.01,9.79,22.94
"WANorth","Shark Bay",113.52661895752,-26.277271270752,0.54,1.85,3.02,64.3,35.54,147.31,28.29,17.81,53.64
"WANorth","Shark Bay",113.742134094238,-26.2374496459961,0.54,1.84,3.1,73.37,40.05,170.44,21.37,13.99,38.37
"WANorth","Shark Bay",113.803512573242,-26.2646484375,0.54,1.85,3.11,66.7,37.01,151.25,18.41,12.34,31.99
"WANorth","Shark Bay",113.970413208008,-26.2838077545166,0.54,1.87,3.19,46.93,27.69,97.06,13.56,9.52,22.02
"WANorth","Shark Bay",114.200401306152,-26.2473735809326,0.54,1.88,2.19,42.92,25.72,86.76,167.52,84.1,430
"QLDSouth","Noosa",153.074661254883,-26.273588180542,0.54,1.9,2.82,28872.39,7364.14,185752.17,34.95,21.78,66.59
"WANorth","Shark Bay",113.19229888916,-26.1995239257812,0.54,1.7,3.33,5772.91,1827.76,27637.04,13.97,9.76,22.85
"WANorth","Shark Bay",113.518592834473,-26.2752437591553,0.54,1.85,3.14,63.71,35.27,145.62,14.01,9.9,22.42
"WANorth","Shark Bay",113.688735961914,-26.2243900299072,0.54,1.84,3.15,76.55,41.48,179.77,18.82,12.58,32.76
"WANorth","Shark Bay",113.964813232422,-26.2407760620117,0.54,1.87,3.15,49.56,29.04,103.41,13.52,9.52,21.85
"WANorth","Shark Bay",114.193939208984,-26.2185649871826,0.54,1.88,2.32,43.86,26.22,88.94,115.26,60.8,276.64
"QLDSouth","Noosa",153.084457397461,-26.2195510864258,0.54,1.9,2.82,26786.78,6896.84,170183.63,35.28,21.85,67.98
"WANorth","Shark Bay",113.170143127441,-26.1732273101807,0.54,1.7,3.46,5830.64,1841.69,28017.39,16.56,11.33,27.88
"WANorth","Shark Bay",113.448776245117,-26.1863288879395,0.54,1.84,3.16,73.16,39.68,172.17,14.18,10.02,22.7
"WANorth","Shark Bay",113.658096313477,-26.1673069000244,0.54,1.83,3.2,84.54,45.31,201.31,21.61,14.07,39.21
"WANorth","Shark Bay",113.948387145996,-26.1591377258301,0.54,1.86,3.16,53.68,31.14,113.59,13.73,9.66,22.23
"WANorth","Shark Bay",114.182083129883,-26.1729850769043,0.54,1.88,2.37,45.35,27.01,92.36,105.77,56.47,249.65
"QLDSouth","Noosa",153.100616455078,-26.1734504699707,0.54,1.91,2.3,25414.72,6585.74,160104.71,31.7,20.18,58.44
"WANorth","Shark Bay",113.158309936523,-26.1391716003418,0.54,1.7,3.38,5462.44,1730.38,26220.25,16.98,11.6,28.58
"WANorth","Shark Bay",113.422157287598,-26.1293029785156,0.54,1.84,3.22,76.91,41.56,181.59,16.42,11.26,27.52
"WANorth","Shark Bay",113.57869720459,-26.1020202636719,0.54,1.83,3.13,88.61,47.1,213.64,13.91,9.84,22.27
"WANorth","Shark Bay",113.710426330566,-26.1390037536621,0.54,1.88,3.06,42.08,24.85,87.63,13.38,9.51,21.26
"WANorth","Shark Bay",113.826751708984,-26.149715423584,0.54,1.88,3.14,44.53,26.14,93.39,21.84,14.21,39.62
"WANorth","Shark Bay",113.950996398926,-26.1384811401367,0.54,1.86,3.18,54.64,31.61,116.08,13.02,9.24,20.78
"WANorth","Shark Bay",114.210922241211,-26.1381092071533,0.54,1.88,2.38,43.46,26.04,87.81,111.6,59.08,266.61
"QLDSouth","Gympie",153.111801147461,-26.1201992034912,0.54,1.9,2.81,25708.21,6644.2,162628.37,27.56,17.62,50.86
"WANorth","Shark Bay",113.15983581543,-26.0855331420898,0.54,1.7,3.04,5248.51,1679.2,24797.81,15.53,10.76,25.61
"WANorth","Shark Bay",113.402076721191,-26.1020908355713,0.54,1.83,3.19,83.32,44.45,200.43,16.16,11.14,26.84
"WANorth","Shark Bay",113.570701599121,-26.0803298950195,0.54,1.83,3.22,90.19,47.91,217.46,15.41,10.67,25.45
"WANorth","Shark Bay",113.715957641602,-26.0783500671387,0.54,1.88,3.07,45.23,26.38,95.92,13.71,9.72,21.86
"WANorth","Shark Bay",113.835159301758,-26.1140918731689,0.54,1.88,3.16,45.82,26.77,96.78,13.29,9.47,21.04
"WANorth","Shark Bay",113.911178588867,-26.0832595825195,0.54,1.86,3.18,59.18,33.81,128,14.33,10.03,23.32
"WANorth","Carnarvon",114.231964111328,-26.0853595733643,0.54,1.88,2.45,44.79,26.72,91.05,94.5,51.29,217.95
"QLDSouth","Gympie",153.129623413086,-26.08131980896,0.54,1.91,2.91,24439.58,6352.13,153498.95,28.76,18.28,53.51
"WANorth","Shark Bay",113.12956237793,-26.0266876220703,0.54,1.7,3.26,4957.95,1600.94,23113.77,17.12,11.72,28.73
"WANorth","Shark Bay",113.279312133789,-26.0415687561035,0.54,1.82,3.07,106.18,54.44,270.72,16.65,11.44,27.79
"WANorth","Shark Bay",113.312164306641,-26.0379962921143,0.54,1.83,3.1,87.01,45.94,212.83,15.9,10.97,26.4
"WANorth","Shark Bay",113.360961914062,-26.0402011871338,0.54,1.83,3.21,90.14,47.36,222.04,16.37,11.27,27.25
"WANorth","Shark Bay",113.562828063965,-26.0454349517822,0.54,1.82,3.24,100.03,52.34,246.31,16.14,11.1,26.96
"WANorth","Shark Bay",113.722595214844,-26.0345668792725,0.54,1.87,3.16,47.58,27.54,102.03,16.08,11.06,26.84
"WANorth","Shark Bay",113.862182617188,-26.0217094421387,0.54,1.87,3.15,51.88,29.78,112.29,13.49,9.61,21.32
"WANorth","Shark Bay",113.898162841797,-26.0388717651367,0.54,1.86,2.51,58.74,33.52,127.42,11.81,8.51,18.46
"WANorth","Carnarvon",114.206573486328,-26.0333461761475,0.54,1.87,2.52,49.52,29.12,102.73,82.91,45.93,185.71
"QLDSouth","Gympie",153.154998779297,-26.0190143585205,0.54,1.91,2.94,23901.11,6220.37,149970.82,32.2,20.17,61.13
"WANorth","Shark Bay",113.074462890625,-25.9681720733643,0.54,1.7,3.38,4654.54,1516.43,21431.74,18.84,12.59,32.83
"WANorth","Shark Bay",113.201103210449,-25.997106552124,0.54,1.82,2.49,98.16,50.95,245.89,17.99,12.1,31.1
"WANorth","Shark Bay",113.549812316895,-25.973316192627,0.54,1.82,2.54,113.48,58.43,285.51,14.1,9.76,23.48
"WANorth","Shark Bay",113.73486328125,-25.9879550933838,0.54,1.87,2.56,52.76,30.12,115.3,12.19,8.75,19.14
"WANorth","Carnarvon",114.191688537598,-25.990837097168,0.54,1.87,2.53,49.53,29.09,102.96,88.01,48.4,198.95
"QLDSouth","Gympie",153.177352905273,-25.9748039245605,0.54,1.91,2.97,21782.36,5731.72,134730.88,22.93,15.1,40.55
"WANorth","Shark Bay",113.044639587402,-25.9309673309326,0.54,1.7,3.32,4896.69,1580.41,22866.9,23.9,15.44,43.7
"WANorth","Shark Bay",113.154029846191,-25.9391899108887,0.54,1.82,2.57,103.34,53.19,262.13,15.32,10.49,25.88
"WANorth","Shark Bay",113.756805419922,-25.9245586395264,0.54,1.85,2.6,63.31,35.31,142.7,11.58,8.37,18
"WANorth","Carnarvon",114.213706970215,-25.9665393829346,0.54,1.88,2.57,45.81,27.06,94.68,76.51,43,167.65
"QLDSouth","Gympie",153.196014404297,-25.9365634918213,0.54,2.77,3.7,22850.31,5972.19,142674.32,34.08,21.13,65.65
"WANorth","Shark Bay",113.02271270752,-25.891149520874,0.54,1.7,2.56,4140.22,1364.23,18810.95,16.78,11.28,29.18
"WANorth","Shark Bay",113.157447814941,-25.8942527770996,0.54,1.82,2.48,105.72,54.39,267.96,19.5,12.95,34.3
"WANorth","Shark Bay",113.517280578613,-25.8920707702637,0.54,1.81,2.49,131.84,66.33,343.01,15.9,10.84,26.98
"WANorth","Shark Bay",113.768173217773,-25.9000301361084,0.54,1.84,2.6,73.26,40.02,169.96,12.27,8.81,19.24
"WANorth","Carnarvon",114.233070373535,-25.8787040710449,0.54,1.87,2.64,49.45,28.78,104.58,52.96,31.02,110.13
"QLDSouth","Gympie",153.175277709961,-25.9199466705322,0.54,2.77,3.74,25236.95,6516.62,160106.96,28.9,18.38,53.66
"WANorth","Shark Bay",112.98983001709,-25.8296146392822,0.54,1.71,2.56,3819.12,1270.14,17147.11,17.32,11.6,30.23
"WANorth","Shark Bay",113.149253845215,-25.8800354003906,0.54,1.81,2.42,121.48,61.27,316.42,23.13,14.99,42.11
"WANorth","Shark Bay",113.464241027832,-25.8200645446777,0.54,1.8,2.5,158.82,77.64,430.6,16.54,11.24,28.2
"WANorth","Shark Bay",113.765983581543,-25.8768615722656,0.54,1.83,2.56,83.33,44.7,198.29,14.5,10.14,23.63
"WANorth","Carnarvon",114.18896484375,-25.8362445831299,0.54,1.85,2.47,63.51,35.65,141.32,110.8,58.95,262.46
"QLDSouth","Gympie",153.084014892578,-25.8544025421143,0.54,2.78,3.77,17631.3,4777.73,104711.73,26.22,16.9,47.83
"WANorth","Shark Bay",112.966743469238,-25.7923622131348,0.54,1.71,2.53,3750.43,1248.57,16826.86,18.44,12.21,32.72
"WANorth","Shark Bay",113.11368560791,-25.8178024291992,0.54,1.81,2.44,132.46,66.17,349.26,23.06,14.96,41.9
"WANorth","Shark Bay",113.455863952637,-25.8108425140381,0.54,1.8,2.47,160.81,78.4,437.85,15.61,10.66,26.45
"WANorth","Shark Bay",113.72785949707,-25.8003177642822,0.54,1.82,2.51,98.78,51.43,245.85,17.48,11.9,29.6
"WANorth","Carnarvon",114.133605957031,-25.7802562713623,0.54,1.83,2.33,85.46,45.92,202.28,225.71,108.61,614.78
"QLDSouth","Fraser Coast",153.085327148438,-25.7930164337158,0.54,2.79,3.67,8224.68,2500.88,41467.99,28.45,18.05,53.14
"WANorth","Shark Bay",112.969444274902,-25.7448596954346,0.54,1.71,2.5,2993.5,1021.89,13011.88,19.76,12.9,35.91
"WANorth","Shark Bay",113.079116821289,-25.7502117156982,0.54,1.8,2.43,146.07,72.04,391.92,27.01,17.13,50.66
"WANorth","Shark Bay",113.432159423828,-25.7516574859619,0.54,1.8,2.49,169.16,82.02,463.64,16.68,11.22,28.96
"WANorth","Shark Bay",113.673324584961,-25.7584323883057,0.54,1.83,2.48,95.16,49.86,234.6,18.75,12.64,32.18
"WANorth","Carnarvon",114.111671447754,-25.7504196166992,0.54,1.83,2.55,94.96,50.04,231.6,102.04,54.89,238.13
"QLDSouth","Fraser Coast",153.09001159668,-25.7552299499512,0.54,2.79,3.74,8734.9,2601.98,45571.49,30.38,19.06,57.67
"WANorth","Shark Bay",112.942481994629,-25.6842365264893,0.54,1.71,2.5,2594.9,903.22,10981.55,19.97,13.04,36.25
"WANorth","Shark Bay",113.072257995605,-25.7167644500732,0.54,1.8,2.42,163.81,79.68,447.37,28.3,17.8,53.77
"WANorth","Shark Bay",113.410232543945,-25.70237159729,0.54,1.79,2.47,188.6,90.26,525.81,17.7,11.79,31.16
"WANorth","Shark Bay",113.616310119629,-25.7126617431641,0.54,1.82,2.47,109,56.03,276.02,19.01,12.76,32.83
"WANorth","Carnarvon",114.065330505371,-25.6924648284912,0.54,1.82,2.52,105.65,54.6,265.41,124.36,65.26,299.88
"QLDSouth","Fraser Coast",153.086318969727,-25.7141304016113,0.54,2.78,3.72,12920.53,3638.06,72938.48,30,18.86,56.76
"WANorth","Shark Bay",112.930847167969,-25.6511478424072,0.54,1.71,2.5,2597.15,903.08,11011.52,18.22,12.02,32.65
"WANorth","Shark Bay",113.055541992188,-25.6734848022461,0.54,1.79,2.43,195.78,92.83,554.15,28.5,17.89,54.33
"WANorth","Shark Bay",113.414222717285,-25.6686573028564,0.54,1.79,2.45,200.76,95.39,564.86,18.52,12.27,32.87
"WANorth","Shark Bay",113.595527648926,-25.656852722168,0.54,1.81,2.48,123.86,62.55,321.39,18.28,12.33,31.34
"WANorth","Carnarvon",114.020736694336,-25.6579189300537,0.54,1.82,2.58,100.78,52.58,249.46,102.62,55.45,237.37
"QLDSouth","Fraser Coast",153.081512451172,-25.658296585083,0.54,2.79,3.67,9429.7,2769.88,50240.3,29.35,18.51,55.34
"WANorth","Shark Bay",112.91576385498,-25.6081619262695,0.54,1.71,2.48,2568.79,891.38,10941.65,18.71,12.29,33.71
"WANorth","Shark Bay",113.042152404785,-25.6116275787354,0.54,1.78,2.48,237.34,110.05,691.25,26.55,16.82,49.98
"WANorth","Shark Bay",113.432960510254,-25.6172618865967,0.54,1.79,2.44,211.46,99.8,600.42,18.76,12.4,33.4
"WANorth","Shark Bay",113.57640838623,-25.6127490997314,0.54,1.8,2.49,140.55,69.67,374.42,18.19,12.26,31.29
"WANorth","Carnarvon",113.997688293457,-25.6122951507568,0.54,1.83,2.61,96.12,50.51,235.47,97.94,53.52,222.47
"QLDSouth","Fraser Coast",153.105392456055,-25.5856399536133,0.54,2.78,3.64,10946.58,3142.54,60267.06,29.48,18.54,55.85
"WANorth","Shark Bay",112.919387817383,-25.572078704834,0.54,1.72,2.66,1930.34,692.98,7866.67,12.48,8.74,20.52
"WANorth","Shark Bay",113.019607543945,-25.5678997039795,0.54,1.78,2.5,275.62,125.52,821.71,23.69,15.27,43.5
"WANorth","Shark Bay",113.466903686523,-25.5642185211182,0.54,1.78,2.45,248.99,114.98,728.26,21.08,13.81,37.87
"WANorth","Shark Bay",113.521896362305,-25.5663013458252,0.54,1.8,2.52,171.46,82.81,473.06,17.47,11.81,29.91
"WANorth","Carnarvon",113.984039306641,-25.560230255127,0.54,1.82,2.6,99.05,51.75,244.86,96.63,53.06,217.79
"QLDSouth","Fraser Coast",153.117279052734,-25.5545215606689,0.54,2.78,3.56,9989.48,2903.18,54083.45,22.02,14.63,38.35
"WANorth","Shark Bay",112.919868469238,-25.5312461853027,0.54,1.72,2.77,2220.54,783.01,9269.46,9.41,6.85,14.64
"WANorth","Shark Bay",113.022674560547,-25.5107650756836,0.54,1.77,2.63,344.25,153.14,1056.04,19.16,12.77,33.49
"WANorth","Carnarvon",113.957572937012,-25.5122013092041,0.54,1.81,2.62,120.83,61.49,309.47,93.12,51.41,208.25
"QLDSouth","Fraser Coast",153.13655090332,-25.5028553009033,0.54,2.78,3.59,10821.67,3105.27,59676.11,12.9,9.13,20.72
"WANorth","Shark Bay",112.958602905273,-25.4818725585938,0.54,1.72,2.78,1938.07,693.29,7949,9.98,7.21,15.74
"WANorth","Shark Bay",112.978309631348,-25.4784851074219,0.54,1.73,2.64,1117.87,426.72,4215.12,19.06,12.69,33.4
"WANorth","Carnarvon",113.931976318359,-25.4735069274902,0.54,1.81,2.64,125.69,63.74,323.18,88.63,49.25,196.48
"QLDSouth","Fraser Coast",153.157104492188,-25.4490642547607,0.54,2.79,3.23,9391.99,2746.95,50456.83,20.95,13.77,37.44
"WANorth","Carnarvon",113.905830383301,-25.4210529327393,0.54,1.8,2.67,139.78,70.11,364.18,84.28,47.22,184.64
"QLDSouth","Fraser Coast",153.173034667969,-25.4173946380615,0.54,2.78,3.22,11476.42,3264.16,64087.09,21.73,14.2,39.13
"WANorth","Carnarvon",113.887504577637,-25.375415802002,0.54,1.8,2.96,151.72,75.35,400.4,1001.59,386.17,3734.99
"QLDSouth","Fraser Coast",152.920608520508,-25.3752250671387,0.54,2.78,2.91,12899.02,3555.16,75807.39,1219.44,456.17,4748.79
"QLDSouth","Fraser Coast",153.016967773438,-25.3915557861328,0.54,2.79,2.65,7844.52,2350.34,40778.12,91.24,50.56,202.98
"QLDSouth","Fraser Coast",153.20832824707,-25.3429145812988,0.54,2.79,3.2,9178.92,2688.8,49245.71,22.98,14.9,41.81
"WANorth","Carnarvon",113.86693572998,-25.3127536773682,0.54,1.79,2.96,176.88,86.09,479.76,889.09,349.94,3215.32
"QLDSouth","Fraser Coast",152.960266113281,-25.3060207366943,0.54,2.78,2.93,11366.24,3233.17,63500.52,1043.26,401.63,3890.2
"QLDSouth","Fraser Coast",152.996765136719,-25.3283252716064,0.54,2.79,2.6,8368.7,2500.7,43531.26,107.29,58.12,246.24
"QLDSouth","Fraser Coast",153.220764160156,-25.3178386688232,0.54,2.79,3.18,8758.07,2584.37,46496.02,25.49,16.29,47.31
"WANorth","Carnarvon",113.848014831543,-25.2753429412842,0.54,1.78,2.98,220.84,104.48,622.07,616.46,256.13,2064.93
"QLDSouth","Fraser Coast",152.975250244141,-25.2924308776855,0.54,2.79,2.62,7509.3,2336.52,36501.26,111.65,60.2,257.9
"QLDSouth","Fraser Coast",153.246276855469,-25.2687702178955,0.54,2.79,3.2,8155.96,2437.74,42477.97,28.65,17.96,54.73
"WANorth","Carnarvon",113.834495544434,-25.2315101623535,0.54,1.79,3.17,212.26,100.85,594.83,63.43,34.73,148.18
"QLDSouth","Fraser Coast",152.680648803711,-25.2434177398682,0.54,2.79,3.56,8814.39,2574.49,47681.87,20.68,13.33,38.4
"QLDSouth","Fraser Coast",152.735366821289,-25.2627124786377,0.54,2.79,3.19,9073.14,2669.13,48330.73,109.8,56.15,280.67
"QLDSouth","Fraser Coast",152.803985595703,-25.2456855773926,0.54,2.79,2.93,9099.26,2703.72,47566.07,1155.62,443.55,4302.49
"QLDSouth","Fraser Coast",152.830856323242,-25.2454967498779,0.54,2.79,2.99,8824.17,2672.16,44627.49,751.97,301.75,2653.11
"QLDSouth","Fraser Coast",152.900268554688,-25.2767868041992,0.54,2.79,3.03,6027.65,1963.75,27308.41,438.07,189.91,1387.12
"QLDSouth","Fraser Coast",152.999938964844,-25.2313385009766,0.54,2.79,2.64,5959.87,1947.68,26868.54,111.15,59.75,258.2
"QLDSouth","Fraser Coast",153.269393920898,-25.2187080383301,0.54,2.79,3.17,7896.1,2366.59,41002.39,35.06,21.34,69.81
"WANorth","Carnarvon",113.809951782227,-25.180456161499,0.54,1.78,3.02,269.52,124.19,787,197.98,91.6,587.51
"QLDSouth","Fraser Coast",152.638671875,-25.2031402587891,0.54,2.79,3.08,7878.61,2312.42,42561.52,236.01,110.79,671.58
"QLDSouth","Fraser Coast",153.007949829102,-25.1947975158691,0.54,2.79,2.68,9614.62,2838.82,50670.56,119.2,63.31,281.81
"QLDSouth","Fraser Coast",153.290267944336,-25.1729202270508,0.54,2.79,3.14,9347.64,2737.57,50111.43,48.92,28.18,105.67
"WANorth","Carnarvon",113.73747253418,-25.1302757263184,0.54,1.76,2.99,389.98,171.87,1206.79,214.75,98.35,646.03
"QLDSouth","Bundaberg",152.623168945312,-25.1364898681641,0.54,2.79,3.26,6570.13,1990.62,33853.81,46.58,27.14,98.81
"QLDSouth","Fraser Coast",153.071655273438,-25.1507892608643,0.54,2.78,2.66,13100.81,3608.92,76984.63,138.58,71.9,338.87
"QLDSouth","Fraser Coast",153.315719604492,-25.1182537078857,0.54,2.78,3.13,10121.99,2930.62,55139.05,51.28,29.22,112.68
"WANorth","Carnarvon",113.69261932373,-25.0909976959229,0.54,1.76,3,417.4,183.44,1292.23,213.14,97.61,641.56
"QLDSouth","Bundaberg",152.568420410156,-25.0996189117432,0.54,2.79,3.16,6373.76,1932.52,32866.71,71.14,39.28,161.99
"QLDSouth","Fraser Coast",153.126556396484,-25.1073627471924,0.54,2.78,2.7,14586.28,3938.15,88364.02,131.72,68.74,319.69
"QLDSouth","Fraser Coast",153.333526611328,-25.0741291046143,0.54,2.78,3.16,10602.34,3040.28,58621.82,37.28,22.25,76.78
"WANorth","Carnarvon",113.661598205566,-25.0344772338867,0.54,1.76,3.13,380.76,170.04,1151.1,79.56,42.12,195.01
"QLDSouth","Bundaberg",152.544769287109,-25.056697845459,0.54,2.51,2.88,6807.74,2047.06,35494.45,74.17,40.77,169.87
"QLDSouth","Fraser Coast",153.170776367188,-25.055944442749,0.54,2.78,2.69,14245.31,3856.54,86000.19,156.66,79.29,397.92
"QLDSouth","Fraser Coast",153.357498168945,-25.0332279205322,0.54,2.78,3.18,14096.54,3894.81,81958.82,30.71,18.79,61.13
"WANorth","Carnarvon",113.656776428223,-24.9929332733154,0.54,1.77,3.11,299.58,137.51,874.44,78.25,41.51,191.32
"QLDSouth","Bundaberg",152.508392333984,-25.0020694732666,0.54,2.51,2.92,7212.44,2149.63,38084.37,60.05,34.42,128.93
"QLDSouth","Fraser Coast",153.204940795898,-25.0136394500732,0.54,2.78,2.75,14613.34,3940.87,88711.46,125.72,65.63,305.86
"QLDSouth","Fraser Coast",153.356231689453,-24.9981651306152,0.54,2.78,3.18,16445.43,4453.94,98226.74,29.23,17.99,57.77
"WANorth","Carnarvon",113.6591796875,-24.9584560394287,0.54,1.78,2.9,267.18,124.34,765.96,292.16,129.56,913.17
"QLDSouth","Bundaberg",152.489791870117,-24.9415721893311,0.54,2.51,2.83,7256.57,2166.88,38164.45,120.75,63.28,292.49
"QLDSouth","Fraser Coast",153.2265625,-24.9354839324951,0.54,2.78,2.78,12451.49,3458.56,72291.13,104.66,55.74,248.41
"QLDSouth","Fraser Coast",153.353256225586,-24.9639568328857,0.54,2.78,3.83,18387.44,4907.86,112012.05,113.32,56.99,298.61
"QLDSouth","Bundaberg",152.498428344727,-24.9030914306641,0.54,2.51,2.83,7793.36,2309.67,41368.93,151.32,77.2,379.61
"QLDSouth","Fraser Coast",153.194808959961,-24.8763370513916,0.54,2.78,2.74,11668.71,3285.86,66318.23,95.63,51.4,224.48
"QLDSouth","Fraser Coast",153.281875610352,-24.8999462127686,0.54,2.78,3.12,18438.83,4929.07,111984.93,39.95,23.41,84.76
"WANorth","Carnarvon",113.614540100098,-24.8525638580322,0.54,1.76,2.89,377.47,168.26,1145.75,278.7,124.85,857.22
"QLDSouth","Bundaberg",152.485946655273,-24.8502807617188,0.54,2.51,2.88,8376.02,2459.32,45023.86,142.27,72.75,356.8
"QLDSouth","Fraser Coast",153.168518066406,-24.8398494720459,0.54,2.78,3,11592.97,3277.1,65443.1,58.74,33.77,125.64
"QLDSouth","Fraser Coast",153.268493652344,-24.8464603424072,0.54,2.78,3.07,17379.76,4686.15,104282,42.11,24.48,90.41
"WANorth","Carnarvon",113.626899719238,-24.8038711547852,0.54,1.77,2.87,334.34,151.82,988.44,285.42,127.63,879.38
"QLDSouth","Bundaberg",152.467620849609,-24.8112659454346,0.54,2.51,2.92,9097.08,2644.92,49528.57,135.09,69.24,338.51
"QLDSouth","Fraser Coast",153.143753051758,-24.8237190246582,0.54,2.78,2.99,11902.57,3356.26,67383.9,72.48,40.41,161.82
"QLDSouth","Fraser Coast",153.267044067383,-24.805269241333,0.54,2.78,3.2,16692.56,4528.29,99297.17,30.3,18.61,59.97
"WANorth","Carnarvon",113.607635498047,-24.7339878082275,0.54,1.76,2.93,426.81,188.68,1304.86,55.29,31.8,118.68
"QLDSouth","Fraser Coast",153.160522460938,-24.7521915435791,0.54,2.78,3.24,15293.94,4292.12,85914.05,56.65,32.73,120.33
"QLDSouth","Fraser Coast",153.270690917969,-24.7551422119141,0.54,2.78,3.19,14342.08,3971.56,82939.73,32,19.49,64.06
"WANorth","Carnarvon",113.585609436035,-24.7049198150635,0.54,1.76,3.07,465.94,204.14,1439.99,76.84,41.38,182.67
"QLDSouth","Bundaberg",152.309967041016,-24.727632522583,0.54,2.51,3,6291.82,1924.17,31950.77,83.06,44.26,200.33
"QLDSouth","Bundaberg",152.36669921875,-24.7287845611572,0.54,2.51,2.78,7764.87,2310.17,40928.51,71.54,39.56,162.4
"QLDSouth","Fraser Coast",153.216064453125,-24.7082195281982,0.54,2.78,3.42,14678.77,4231.15,78713.79,39.25,23.81,78
"QLDSouth","Fraser Coast",153.269912719727,-24.7052879333496,0.54,2.79,3.18,8164.15,2440.12,42520.03,41.09,24.31,85.38
"WANorth","Carnarvon",113.536682128906,-24.6466579437256,0.54,1.75,3.18,585.78,250.87,1860.28,55.75,31.53,123.47
"QLDSouth","Bundaberg",152.235336303711,-24.6748962402344,0.54,2.52,2.4,5666.06,1766.54,27949.79,38.54,23.16,78.06
"WANorth","Carnarvon",113.49870300293,-24.5978164672852,0.54,1.75,3.03,643.03,274.63,2040.08,120.6,60.7,315.6
"QLDSouth","Bundaberg",152.14875793457,-24.6201496124268,0.54,2.52,2.95,5113.35,1620.48,24634.12,117.45,59.5,304.1
"QLDSouth","Bundaberg",152.196136474609,-24.648962020874,0.54,2.52,2.49,5739.21,1792.27,28199.53,35.76,21.79,70.95
"WANorth","Carnarvon",113.43839263916,-24.5435962677002,0.54,1.74,3.04,814.92,337.92,2689.08,120.32,60.58,314.82
"QLDSouth","Bundaberg",152.125793457031,-24.5961494445801,0.54,2.52,2.47,4948.17,1572.32,23772.62,33.83,20.89,65.75
"WANorth","Carnarvon",113.420707702637,-24.5145587921143,0.54,1.74,3.27,860.17,353.97,2868.62,47.2,27.4,100.68
"QLDNorth","Gladstone",152.053207397461,-24.5125961303711,0.54,2.52,3.13,4111.1,1350.09,18805,49.73,28.63,107.35
"QLDSouth","Bundaberg",152.082656860352,-24.5386180877686,0.54,2.52,2.56,5182.04,1651.61,24679.43,33.09,20.55,63.65
"WANorth","Carnarvon",113.398574829102,-24.4680690765381,0.54,1.73,3.28,1091.49,437.33,3766,51.72,29.7,111.93
"QLDNorth","Gladstone",152.020217895508,-24.4516868591309,0.54,2.52,2.57,4892.02,1574.57,22963.61,27.95,17.81,51.85
"WANorth","Carnarvon",113.398719787598,-24.4143238067627,0.54,1.73,3.36,1260.32,495,4470.02,40.02,23.9,81.86
"QLDNorth","Gladstone",152.00390625,-24.4185047149658,0.54,2.52,2.07,4723.52,1527.17,22039.42,97.29,51.48,235.02
"WANorth","Carnarvon",113.398071289062,-24.371509552002,0.54,1.73,3.37,1417.69,548.23,5135.4,40.39,24.11,82.6
"QLDNorth","Gladstone",151.990173339844,-24.3746223449707,0.54,2.52,2.86,4923.65,1586.31,23060.03,26.89,17.03,50.58
"WANorth","Carnarvon",113.395683288574,-24.3264846801758,0.54,1.73,3.38,1441.38,554.8,5260.41,41.28,24.57,84.72
"QLDNorth","Gladstone",151.977767944336,-24.3355083465576,0.54,2.52,2.88,4898.66,1581.72,22857.41,38.69,23.15,79.07
"WANorth","Carnarvon",113.393569946289,-24.2762565612793,0.54,1.72,3.42,1594.42,607.84,5885.08,38.46,23.19,77.48
"QLDNorth","Gladstone",151.961639404297,-24.2890186309814,0.54,2.52,2.89,5062.35,1628.73,23727.61,25.28,15.94,48.17
"WANorth","Carnarvon",113.387710571289,-24.2301483154297,0.54,1.72,3.58,1851.87,693.3,7000.51,27.16,17.32,50.41
"QLDNorth","Gladstone",151.950286865234,-24.2453994750977,0.54,2.52,2.75,5010.62,1614.31,23440.66,14.39,9.84,24.5
"WANorth","Carnarvon",113.393035888672,-24.2194747924805,0.54,1.72,3.62,1678.38,634.04,6279.09,26.54,17.02,48.82
"QLDNorth","Gladstone",151.922622680664,-24.207914352417,0.54,3.04,3,5131.47,1650.74,24036.23,44.37,26.11,92.67
"WANorth","Carnarvon",113.411437988281,-24.0960292816162,0.54,1.72,3.01,2227.98,813.02,8725.25,372.55,164.2,1156.53
"QLDNorth","Gladstone",151.814437866211,-24.1448230743408,0.54,3.04,3.74,4766.35,1550.84,21965.44,46.05,27.11,95.8
"QLDNorth","Gladstone",151.889343261719,-24.1459865570068,0.54,3.04,3.35,5266.41,1692.02,24684,449.36,194.79,1420.44
"QLDNorth","Gladstone",151.77946472168,-24.0869579315186,0.54,3.04,3.02,4462.97,1467.51,20256.47,51.59,29.77,110.64
"WANorth","Carnarvon",113.421440124512,-24.0452919006348,0.54,1.72,3.24,2284.22,830.14,8998.97,340.76,155.35,998.57
"QLDNorth","Gladstone",151.57682800293,-24.0359382629395,0.54,3.05,3.67,2933.29,1010.95,12541.82,61.5,34.69,135.92
"QLDNorth","Gladstone",151.636505126953,-24.0335903167725,0.54,3.05,3.04,1962.91,714.65,7782.95,421.26,183.61,1323.95
"QLDNorth","Gladstone",151.771438598633,-24.0289821624756,0.54,3.04,3.28,4249.88,1411.95,18984.6,14.28,9.84,23.95
"WANorth","Carnarvon",113.456199645996,-24.0021705627441,0.54,1.72,3.2,2293.85,834.81,9011.18,420.89,187.17,1273.7
"QLDNorth","Gladstone",151.470016479492,-23.9934921264648,0.54,3.05,3.22,2383.41,852.41,9644.87,441.44,195.21,1345.73
"QLDNorth","Gladstone",151.501342773438,-24.0050964355469,0.54,3.05,3.18,2632.89,927.43,10887.82,374.38,166.43,1143.01
"QLDNorth","Gladstone",151.680267333984,-23.9906253814697,0.54,3.04,3.23,3577.91,1220.39,15394.69,623.04,263.03,2023.72
"QLDNorth","Gladstone",151.735366821289,-24.0024108886719,0.54,3.04,2.7,4139.03,1384.38,18293.04,57.86,32.82,127.08
"WANorth","Carnarvon",113.464424133301,-23.9410152435303,0.54,1.71,2.68,2526.78,909.68,10064.11,31.5,19.35,62.14
"WANorth","Carnarvon",113.464508056641,-23.9073162078857,0.54,1.71,3.23,2536.87,910.54,10158.27,393.81,178.58,1154.45
"QLDNorth","Gladstone",151.389236450195,-23.8761157989502,0.54,3.06,2.69,1650.59,619.6,6254.4,20.58,13.38,37.55
"WANorth","Carnarvon",113.499412536621,-23.8566093444824,0.54,1.71,2.69,2412.59,870.58,9596.43,27.88,17.4,53.78
"WANorth","Carnarvon",113.511947631836,-23.8013381958008,0.54,1.71,2.71,2745.77,976.97,11116.46,18.46,12.13,33.29
"WANorth","Carnarvon",113.532752990723,-23.7624130249023,0.54,1.71,3.56,2906.89,1026.84,11883.44,91.46,48.68,219.34
"QLDNorth","Gladstone",151.310440063477,-23.7504730224609,0.54,3.07,2.69,1300.84,501.76,4760.65,20.62,13.39,37.76
"WANorth","Carnarvon",113.574127197266,-23.7141151428223,0.54,1.71,3.57,2924.44,1032.75,11956.79,87.54,46.94,207.66
"QLDNorth","Gladstone",151.297271728516,-23.700216293335,0.54,3.07,2.69,1280.96,494.83,4679.58,23.46,14.94,44.12
"WANorth","Carnarvon",113.593322753906,-23.6568756103516,0.54,1.71,3.38,3174.3,1111.23,13120.67,205.66,98.48,569.12
"QLDNorth","Gladstone",151.289306640625,-23.676664352417,0.54,3.07,2.79,1279.73,493.93,4682.82,14.18,9.67,24.29
"WANorth","Carnarvon",113.636512756348,-23.6082191467285,0.54,1.72,3.82,1650.33,613.85,6360.82,89.98,48.31,212.5
"QLDNorth","Gladstone",150.890869140625,-23.6012115478516,0.54,3.41,3.38,6617.2,2061.6,32349.01,305.67,139.23,904.11
"QLDNorth","Gladstone",151.242279052734,-23.6224479675293,0.54,3.07,2.61,1262.34,487.4,4620.2,12.63,8.71,21.36
"WANorth","Carnarvon",113.703742980957,-23.5669136047363,0.54,1.71,3.9,2784.32,986.32,11354.25,51.97,30.22,109.71
"QLDNorth","Rockhampton",150.843353271484,-23.5562496185303,0.54,3.44,3.96,1345.07,509.84,5073.87,42.68,25.28,88.22
"QLDNorth","Gladstone",150.956024169922,-23.5482921600342,0.54,3.45,3.62,1101.87,436.77,3875.4,72.51,39.97,165.45
"QLDNorth","Gladstone",151.234588623047,-23.5500907897949,0.54,3.07,2.42,1319.83,506.44,4872.23,20.11,13.12,36.53
"WANorth","Carnarvon",113.761253356934,-23.5080471038818,0.54,1.71,3.6,2901.96,1022.97,11909.84,147.11,74.73,372.72
"QLDNorth","Livingstone",150.842330932617,-23.5058898925781,0.54,3.46,3.97,608.24,259.38,1942.05,42.62,25.23,88.24
"QLDNorth","Gladstone",150.974456787109,-23.4952774047852,0.54,3.45,3.54,1034.69,411.36,3634.01,117.48,61.26,287.73
"QLDNorth","Gladstone",151.209365844727,-23.5071468353271,0.54,3.44,2.69,1412.24,536.54,5286.98,42.23,24.91,88.1
"WANorth","Carnarvon",113.772033691406,-23.4601707458496,0.54,1.71,3.61,3265.2,1136.72,13610.34,133.08,68.84,328.14
"QLDNorth","Livingstone",150.843444824219,-23.4517154693604,0.54,3.46,3.95,611.29,259.03,1974.33,42.7,25.26,88.5
"QLDNorth","Gladstone",150.974609375,-23.4806785583496,0.54,3.45,3.52,1021.29,405.73,3594.9,167.87,84.14,432.2
"QLDNorth","Gladstone",151.099014282227,-23.4751281738281,0.54,3.45,3.81,1146.79,448.78,4119.61,73.86,41.01,165.99
"QLDNorth","Gladstone",151.132568359375,-23.4932537078857,0.54,3.45,2.93,1203.71,467.16,4377.41,31.8,19.61,62.18
"WANorth","Carnarvon",113.771347045898,-23.3920345306396,0.54,2.1,4,3531.1,1220.95,14830.64,131.77,68.26,324.25
"QLDNorth","Livingstone",150.832336425781,-23.4267768859863,0.54,3.46,3.64,597.63,254.11,1920.92,131.56,68.05,324.71
"QLDNorth","Gladstone",151.013870239258,-23.4507179260254,0.54,3.45,3.65,1056.8,417.97,3742.39,125.88,65.61,307.15
"QLDNorth","Gladstone",151.050552368164,-23.4423084259033,0.54,3.45,2.85,1085.96,427.69,3869.2,30.02,18.67,58
"WANorth","Carnarvon",113.773536682129,-23.3757648468018,0.54,2.1,4,3485.87,1209.26,14565.19,124.97,65.13,305.2
"QLDNorth","Livingstone",150.804550170898,-23.3733062744141,0.54,3.3,2.64,553.72,237.55,1759.35,35.04,21.43,69.14
"WANorth","Carnarvon",113.783485412598,-23.3198261260986,0.54,2.1,4.35,3243.67,1131.72,13471.49,36.29,22.26,70.99
"QLDNorth","Livingstone",150.836380004883,-23.2843856811523,0.54,3.3,2.81,558.05,240.03,1763.62,32.21,19.93,62.56
"WANorth","Carnarvon",113.776527404785,-23.2587833404541,0.54,2.1,4.35,3390.83,1177.41,14167.6,35.66,21.93,69.55
"QLDNorth","Livingstone",150.83283996582,-23.2611503601074,0.54,3.31,2.64,520.48,226.41,1618.19,44.42,26.29,91.73
"WANorth","Carnarvon",113.767364501953,-23.2190113067627,0.54,2.1,4.25,3356.55,1165.57,14031.89,41.91,25.52,82.33
"QLDNorth","Livingstone",150.821975708008,-23.2208461761475,0.54,3.31,2.68,479.74,211.55,1462.16,41.84,24.89,85.88
"WANorth","Carnarvon",113.757820129395,-23.1649322509766,0.54,2.1,4.4,3291.16,1137.74,13889.38,37.22,22.59,74.15
"QLDNorth","Livingstone",150.802597045898,-23.1794948577881,0.54,3.31,2.47,407.93,184.08,1203.94,73.5,40.52,167.5
"WANorth","Carnarvon",113.759071350098,-23.1218738555908,0.54,2.1,2.92,3202.03,1112.13,13420.46,87.32,46.84,207.09
"WANorth","Carnarvon",113.759391784668,-23.1155128479004,0.54,2.1,4.02,3118.71,1089.41,12956.15,99.33,53.88,228.58
"QLDNorth","Livingstone",150.776229858398,-23.0662536621094,0.54,3.31,2.81,394.69,179.34,1152.58,22.93,14.75,42.37
"WANorth","Carnarvon",113.822196960449,-23.0233879089355,0.54,2.11,4,2688.94,944.46,11163.45,104.48,56.21,243.35
"QLDNorth","Livingstone",150.778533935547,-23.0282688140869,0.54,3.31,2.92,443.49,198.29,1324.21,27.96,17.54,53.44
"WANorth","Carnarvon",113.818969726562,-22.9798755645752,0.54,2.1,4.01,2728.2,949.81,11502.89,110.01,58.88,257.81
"QLDNorth","Livingstone",150.783172607422,-22.9765396118164,0.54,3.31,2.65,472.47,210.02,1420.14,62.87,35.72,136.89
"WANorth","Exmouth",113.79313659668,-22.888729095459,0.54,2.11,4.01,2660.96,928.81,11183.71,113.24,60.41,266.44
"QLDNorth","Livingstone",150.801406860352,-22.9300155639648,0.54,3.3,2.67,571.15,247.5,1777.61,65.87,37.09,145.34
"WANorth","Exmouth",113.785163879395,-22.8669662475586,0.54,2.11,4.13,2498.74,876.76,10443.86,67.69,38.89,143.6
"QLDNorth","Livingstone",150.796310424805,-22.8725109100342,0.54,3.31,2.89,523.24,229.3,1604.18,56.91,32.52,123.44
"WANorth","Exmouth",113.774269104004,-22.8148746490479,0.54,2.11,4.13,2397.45,841.59,10040.18,67.75,39.02,143.05
"QLDNorth","Livingstone",150.8115234375,-22.820463180542,0.54,3.3,2.8,552.21,240.44,1707.29,65.1,36.76,142.96
"WANorth","Exmouth",113.681175231934,-22.7242183685303,0.54,2.11,4.34,2378.81,837.46,9913.66,35.05,22,65.87
"QLDNorth","Livingstone",150.817886352539,-22.7990493774414,0.54,3.3,3.85,636.84,272.28,2017.73,39.46,24.54,74.89
"QLDNorth","Livingstone",150.825561523438,-22.7294273376465,0.54,3.3,2.79,700.84,296.16,2255.05,60.24,34.48,129.71
"WANorth","Exmouth",113.668655395508,-22.6922779083252,0.54,2.11,4.17,2556.23,894.24,10727.82,71.48,40.66,153.86
"QLDNorth","Livingstone",150.842880249023,-22.6821880340576,0.54,3.28,2.8,1093.13,434.74,3823.31,27.24,17.08,52.19
"WANorth","Exmouth",113.664154052734,-22.6289138793945,0.54,2.11,4.06,2391.06,845.14,9887.38,133.96,69.79,325.76
"QLDNorth","Livingstone",150.809143066406,-22.6473770141602,0.54,3.29,2.58,804.78,333.51,2660.69,31.64,19.4,62.64
"WANorth","Exmouth",113.648719787598,-22.5804042816162,0.54,2.11,4.12,2522.59,897.53,10268.44,114.23,60.96,268.5
"QLDNorth","Livingstone",150.785873413086,-22.5828475952148,0.54,3.29,2.6,814.16,336.07,2709.27,33.58,20.46,66.94
"WANorth","Exmouth",113.655250549316,-22.5566005706787,0.54,2.11,4.96,2288.73,823.58,9181.43,94.69,51.23,219.7
"QLDNorth","Livingstone",150.481338500977,-22.5306873321533,0.54,3.32,3.53,352.98,160.56,1036.31,97.55,52.48,228.25
"QLDNorth","Livingstone",150.518493652344,-22.543851852417,0.54,3.32,2.72,365.59,165.29,1082.97,87.11,48.42,193.26
"QLDNorth","Livingstone",150.789123535156,-22.5385704040527,0.54,3.29,2.69,917.2,371.71,3133.5,18.15,11.93,32.76
"WANorth","Exmouth",113.706253051758,-22.4973945617676,0.54,2.11,3.74,2284.44,816.12,9288.81,6.21,4.78,8.98
"WANorth","Exmouth",114.157676696777,-22.4859867095947,0.54,2.25,2.95,55.88,31.27,126.38,6.3,4.83,9.14
"WANorth","Exmouth",114.213005065918,-22.48708152771,0.54,2.25,4.07,58.9,32.61,135.43,121.27,63.72,292.16
"QLDNorth","Livingstone",150.419281005859,-22.4931488037109,0.54,3.32,3.47,364.42,165.41,1071.88,120.35,64.02,283.58
"QLDNorth","Livingstone",150.547119140625,-22.4826602935791,0.54,3.32,2.94,340.35,155.64,991.77,42.53,26.12,82.21
"QLDNorth","Livingstone",150.758605957031,-22.4766330718994,0.54,3.29,2.61,881.62,357.28,3019.84,16.62,11.04,29.63
"WANorth","Exmouth",113.735389709473,-22.4571781158447,0.54,2.11,3.69,1697.36,625.97,6634.76,6.67,5.08,9.77
"WANorth","Exmouth",114.149307250977,-22.442325592041,0.54,2.23,2.86,78.08,41.77,187.73,7.38,5.53,11.05
"WANorth","Exmouth",114.224952697754,-22.4546546936035,0.54,2.23,4.18,73.64,39.53,176.78,63.48,36.2,137.08
"QLDNorth","Livingstone",150.359985351562,-22.4498634338379,0.54,3.32,3.56,362.97,164.91,1065.99,94.45,51,219.93
"QLDNorth","Livingstone",150.528945922852,-22.4351024627686,0.54,3.32,2.97,369.56,167.22,1092.31,46.81,28.37,92.1
"QLDNorth","Livingstone",150.767425537109,-22.4484996795654,0.54,3.29,2.61,920.97,369.95,3197.64,16.2,10.77,28.87
"WANorth","Exmouth",113.743804931641,-22.4039268493652,0.54,2.11,3.64,1978.91,722.89,7793.8,7.11,5.37,10.54
"WANorth","Exmouth",114.187675476074,-22.4033355712891,0.54,2.21,2.86,101.13,52.17,255.82,7.61,5.68,11.48
"WANorth","Exmouth",114.276000976562,-22.4289703369141,0.54,2.23,2.86,82.1,43.36,201.63,7.54,5.63,11.35
"WANorth","Exmouth",114.305541992188,-22.4293174743652,0.54,2.23,2.9,77.19,41.13,187.26,7.13,5.37,10.6
"WANorth","Exmouth",114.374900817871,-22.3959865570068,0.54,2.22,5.43,94.93,49.03,240.8,34.87,21.59,67.25
"QLDNorth","Isaac",149.749954223633,-22.3917064666748,0.54,4.36,4.58,88.72,49.14,197.88,35.07,21.72,67.57
"QLDNorth","Livingstone",149.799652099609,-22.3898906707764,0.54,3.39,3.7,77.91,43.95,169.43,31.96,20.11,60.17
"QLDNorth","Livingstone",149.840850830078,-22.4018707275391,0.54,3.39,3.68,80.46,45.22,175.79,33.17,20.8,62.71
"QLDNorth","Livingstone",149.919509887695,-22.381275177002,0.54,3.39,2.13,80.15,45.11,174.63,130.68,68.06,318.45
"QLDNorth","Livingstone",150.33137512207,-22.4234485626221,0.54,3.32,3.54,354.98,161.73,1038.54,96.4,51.75,226.61
"QLDNorth","Livingstone",150.507949829102,-22.3832931518555,0.54,3.31,3.63,393.27,176.68,1173.08,17.71,11.94,30.48
"QLDNorth","Livingstone",150.744201660156,-22.4067668914795,0.54,3.29,2.47,987.29,391.33,3497.91,18.61,12.1,34.28
"WANorth","Exmouth",113.773399353027,-22.3664436340332,0.54,2.11,3.52,1715.19,634.4,6663.29,8.23,6.09,12.55
"WANorth","Exmouth",114.185302734375,-22.3393878936768,0.54,2.2,2.91,133.87,66.71,354.35,7.45,5.58,11.19
"WANorth","Exmouth",114.399909973145,-22.360279083252,0.54,2.21,5.24,115.51,57.92,305.66,65.49,36.96,144
"QLDNorth","Isaac",149.622375488281,-22.3531131744385,0.54,4.29,4.62,416.17,186.19,1246.43,31.58,19.75,60.17
"QLDNorth","Isaac",149.685317993164,-22.3411979675293,0.54,4.35,4.81,122.12,63.34,301.37,32,20.17,60.05
"QLDNorth","Livingstone",149.908767700195,-22.347017288208,0.54,3.37,2.21,100.66,54.44,232.71,97.93,53.12,225.54
"QLDNorth","Livingstone",150.267608642578,-22.3510284423828,0.54,3.32,3.44,341.84,156.77,990.51,105.61,56.72,246.59
"QLDNorth","Livingstone",150.275543212891,-22.3539543151855,0.54,3.32,3.5,338.94,155.59,980.85,106.83,57.37,249.24
"QLDNorth","Livingstone",150.4775390625,-22.3421993255615,0.54,3.32,2.96,380.7,172.07,1125.25,98.37,53.51,225.3
"QLDNorth","Livingstone",150.672607421875,-22.3479309082031,0.54,3.29,2.77,782.06,320.25,2648.51,9.65,6.91,15.48
"WANorth","Exmouth",113.81721496582,-22.2944831848145,0.54,2.12,3.45,1619.5,603.8,6222.51,8.63,6.35,13.26
"WANorth","Exmouth",114.16007232666,-22.2972526550293,0.54,2.19,2.89,160.64,78.4,436.55,7.91,5.88,12.01
"WANorth","Exmouth",114.423095703125,-22.2974071502686,0.54,2.19,5.34,153.58,73.81,431.77,24.21,15.69,43.97
"QLDNorth","Isaac",149.629516601562,-22.2910251617432,0.54,4.35,4.8,106.99,56.52,257.39,33.94,21.13,64.9
"QLDNorth","Livingstone",149.909851074219,-22.3037395477295,0.54,4.35,3.54,124.46,64.71,305.41,35.89,22.09,69.86
"QLDNorth","Livingstone",150.209350585938,-22.3132019042969,0.54,3.32,3.44,316.31,146.66,902.69,97.06,52.5,224.86
"QLDNorth","Livingstone",150.420547485352,-22.2935523986816,0.54,3.31,3.42,393.39,177.18,1167.89,31.99,20.27,59.4
"QLDNorth","Livingstone",150.563858032227,-22.2944946289062,0.54,3.3,3.44,553.8,238.69,1744.43,140.4,72.85,342.99
"QLDNorth","Livingstone",150.624313354492,-22.3247718811035,0.54,3.3,2.7,630.38,266.49,2040.84,11.2,7.87,18.45
"WANorth","Exmouth",113.828514099121,-22.2524871826172,0.54,2.11,3.22,1711.26,636.11,6587.62,14.17,9.7,24.09
"WANorth","Exmouth",114.139190673828,-22.259407043457,0.54,2.18,2.86,184.08,88.53,509.3,8.46,6.22,13
"WANorth","Ashburton",114.440048217773,-22.2445259094238,0.54,2.18,5.29,193.46,90.45,563.44,26.13,16.71,48.34
"QLDNorth","Isaac",149.585418701172,-22.2349853515625,0.54,4.36,4.73,98.36,52.81,230.85,35.66,21.92,69.6
"QLDNorth","Livingstone",149.88264465332,-22.2331867218018,0.54,4.34,3.62,128.91,66.63,318.99,41.65,25.02,84.01
"QLDNorth","Livingstone",150.259246826172,-22.2268581390381,0.54,3.32,3.31,325.53,150.71,929.74,137.27,70.57,341.64
"QLDNorth","Livingstone",150.429077148438,-22.24778175354,0.54,3.31,3.5,389.84,178.06,1128.37,36.81,22.98,69.66
"QLDNorth","Livingstone",150.539779663086,-22.2625122070312,0.54,3.3,2.59,531.36,230.44,1659.19,13.69,9.35,23.44
"WANorth","Exmouth",113.84489440918,-22.2057456970215,0.54,2.11,3.31,1731.27,645.62,6620.15,10.95,7.8,17.58
"WANorth","Exmouth",114.094535827637,-22.2017135620117,0.54,2.18,2.89,222.15,105.03,626.29,8.42,6.19,12.99
"WANorth","Ashburton",114.451126098633,-22.2074108123779,0.54,2.18,5.31,209.91,96.87,623.19,24.96,16.06,45.81
"QLDNorth","Isaac",149.570358276367,-22.2017345428467,0.54,4.36,4.67,93.99,50.89,217.82,30.01,18.91,56.61
"QLDNorth","Livingstone",149.860214233398,-22.1910495758057,0.54,4.36,3.82,100.25,53.91,234.28,27.89,18.1,50.04
"QLDNorth","Livingstone",150.111770629883,-22.2227210998535,0.54,3.33,3.42,268.57,127.29,743.76,45.4,26.96,92.99
"QLDNorth","Livingstone",150.477203369141,-22.2052268981934,0.54,3.31,3.98,487.07,215.41,1474.99,20.48,13.75,35.19
"QLDNorth","Livingstone",150.508102416992,-22.2125854492188,0.54,3.3,2.46,536.22,232.86,1669.11,13.98,9.49,24.22
"WANorth","Exmouth",113.860366821289,-22.1519222259521,0.54,2.11,3.29,2037.02,751.13,7870.53,11.77,8.32,19.05
"WANorth","Exmouth",114.088935852051,-22.1467437744141,0.54,2.17,2.88,282.97,130.27,824.73,8.35,6.12,12.95
"WANorth","Ashburton",114.473571777344,-22.1524887084961,0.54,2.18,5.21,204.14,95.03,596.99,31.61,19.79,60.1
"QLDNorth","Livingstone",149.845794677734,-22.1490898132324,0.54,4.36,4.63,103.22,55.65,239.6,11.7,8.42,18.33
"QLDNorth","Livingstone",150.084350585938,-22.1551055908203,0.54,4.31,3.15,241.49,116.32,653.5,12.35,8.56,20.72
"WANorth","Exmouth",113.880325317383,-22.1101894378662,0.54,2.12,3.38,1484.19,560.93,5592.38,8.97,6.51,14.12
"WANorth","Ashburton",114.487449645996,-22.1168785095215,0.54,2.17,5.28,267.96,120.17,825.01,26.67,16.94,49.94
"QLDNorth","Isaac",149.580337524414,-22.1141452789307,0.54,4.36,4.41,102.73,55.24,239.74,59.33,34.49,124.2
"QLDNorth","Livingstone",149.869140625,-22.1042213439941,0.54,4.34,4.22,142.41,73.47,351.24,41.28,25.29,80.31
"QLDNorth","Livingstone",149.999053955078,-22.1032848358154,0.54,4.33,4.73,155.73,80.42,381.22,28.12,18.24,50.47
"QLDNorth","Livingstone",150.043960571289,-22.1081066131592,0.54,4.32,3.38,219.29,107.24,580.71,9.59,6.88,15.33
"WANorth","Exmouth",113.901153564453,-22.0508842468262,0.54,2.12,3.21,1674.68,628.42,6344.11,13.46,9.37,22.25
"WANorth","Exmouth",114.119369506836,-22.0527305603027,0.54,2.16,2.85,387.46,171.98,1183.44,9.8,7.01,15.73
"WANorth","Ashburton",114.524040222168,-22.0527877807617,0.54,2.16,5.36,326.18,142.79,1036.44,20.58,13.51,36.91
"QLDNorth","Isaac",149.526382446289,-22.0507965087891,0.54,4.35,4.27,112.81,59.86,268.21,64.27,36.94,136.7
"QLDNorth","Livingstone",149.895233154297,-22.0504837036133,0.54,4.33,4.67,170.69,85.71,437.52,26.97,17.44,48.79
"QLDNorth","Livingstone",149.968475341797,-22.0432682037354,0.54,4.33,2.74,178.75,90.35,451.18,14.21,9.63,24.64
"WANorth","Exmouth",113.920783996582,-22.0038871765137,0.54,2.12,3.31,1398.18,534.34,5180.87,10.56,7.61,16.61
"WANorth","Exmouth",114.133293151855,-22.0002117156982,0.54,2.15,2.86,430.47,188.6,1337.63,8.44,6.17,13.14
"WANorth","Ashburton",114.584770202637,-21.9946041107178,0.54,2.18,5.12,198.05,92.58,575.96,38.77,23.72,75.92
"QLDNorth","Isaac",149.515625,-22.0066356658936,0.54,4.35,2.25,123.34,64.95,295.7,17.68,11.6,32.09
"WANorth","Exmouth",113.929954528809,-21.9716148376465,0.54,2.12,3.28,1524.22,578.27,5692.64,8.8,6.4,13.81
"WANorth","Ashburton",114.576477050781,-21.9789524078369,0.54,2.17,5.08,230.4,106.01,682.71,39.65,24.2,77.84
"QLDNorth","Isaac",149.488876342773,-21.957181930542,0.54,4.34,2.37,130.4,68.06,316.64,11.96,8.25,20.32
"WANorth","Exmouth",113.963989257812,-21.9190444946289,0.54,2.12,3.1,1368.63,525.22,5039.55,14.49,10.02,24.12
"WANorth","Exmouth",114.149383544922,-21.9102783203125,0.54,2.15,2.59,523.73,224.28,1676.06,19.46,12.56,36.19
"WANorth","Ashburton",114.639312744141,-21.9034576416016,0.54,2.16,5.24,298.12,133.21,916.6,24.75,16.01,44.98
"QLDNorth","Isaac",149.473205566406,-21.9128932952881,0.54,4.34,2.42,125.9,66.07,303.34,7.97,5.84,12.42
"WANorth","Exmouth",113.988929748535,-21.8793773651123,0.54,2.12,3.3,1450.41,556.41,5324.22,9.78,7.14,15.1
"WANorth","Exmouth",114.161590576172,-21.857177734375,0.54,2.14,2.6,604.31,253.77,1986.72,21.13,13.49,39.93
"WANorth","Ashburton",114.639007568359,-21.8556880950928,0.54,2.16,5.51,355.38,156.55,1108.17,13.06,9.2,21.1
"QLDNorth","Isaac",149.497985839844,-21.8373069763184,0.54,4.34,2.47,131.84,68.69,320.98,7.09,5.3,10.72
"WANorth","Exmouth",114.026725769043,-21.8443050384521,0.54,2.12,3.55,1626.83,622.59,5955.15,5.03,3.96,7.06
"WANorth","Exmouth",114.072372436523,-21.8131542205811,0.54,2.12,3.49,1658.61,635.7,6047.72,4.95,3.92,6.88
"WANorth","Exmouth",114.106651306152,-21.8011608123779,0.54,2.12,3.51,1318.13,519.48,4632.93,5.34,4.17,7.56
"WANorth","Ashburton",114.694152832031,-21.8100566864014,0.54,2.17,3.3,298.76,134.9,899.95,5.11,4.02,7.17
"WANorth","Ashburton",114.732940673828,-21.7966442108154,0.54,2.18,5.49,244.44,112.83,716.57,12.9,9.12,20.75
"QLDNorth","Isaac",149.49885559082,-21.8184833526611,0.54,4.34,2.81,131.63,68.58,320.47,5.63,4.36,8.08
"WANorth","Ashburton",114.803909301758,-21.7612190246582,0.54,2.17,3.07,284.32,128.67,855.97,6.73,5.08,10.04
"WANorth","Ashburton",114.852874755859,-21.73219871521,0.54,2.17,3.08,323.66,143.69,1001.28,6.66,5.03,9.9
"WANorth","Ashburton",114.893501281738,-21.7101440429688,0.54,2.17,5.22,325.22,143.55,1017.14,19.79,13.14,34.8
"QLDNorth","Isaac",149.473403930664,-21.7105274200439,0.54,4.33,2.91,152.87,78.19,381.38,6.18,4.73,9.05
"WANorth","Ashburton",114.962005615234,-21.6720962524414,0.54,2.16,2.89,430.39,182.63,1422,9.01,6.51,14.29
"WANorth","Ashburton",114.987686157227,-21.6752738952637,0.54,2.16,2.84,371.58,159.94,1207.91,10.9,7.69,17.85
"WANorth","Ashburton",115.063972473145,-21.6700992584229,0.54,2.16,4.7,343.91,149.24,1107.02,46.77,27.75,95.75
"QLDNorth","Mackay",149.501937866211,-21.6074867248535,0.54,4.34,2.74,149.61,77.07,368.9,11.72,8.18,19.48
"WANorth","Ashburton",115.10912322998,-21.6282291412354,0.54,2.16,2.53,395.67,168.62,1304.92,40.03,23.15,87.21
"WANorth","Ashburton",115.226104736328,-21.5682563781738,0.54,2.15,2.8,495.97,205.23,1701.81,13.01,8.92,22.24
"WANorth","Ashburton",115.250549316406,-21.56858253479,0.54,2.16,2.59,363.85,155.77,1197.28,23.43,14.66,45.69
"WANorth","Ashburton",115.32438659668,-21.5746021270752,0.54,2.17,2.58,331.42,143.32,1077.42,23.55,14.7,46.1
"WANorth","Ashburton",115.359649658203,-21.5610389709473,0.54,2.17,4.69,315.76,137.65,1014.41,19.52,12.98,34.24
"QLDNorth","Mackay",149.420806884766,-21.5454864501953,0.54,4.35,4.69,119.58,64.04,278.43,47.22,28.02,96.58
"QLDNorth","Mackay",149.487106323242,-21.5661678314209,0.54,4.34,3.02,136.04,71.22,327.58,14.62,9.74,26.18
"WANorth","Ashburton",115.419662475586,-21.5137615203857,0.54,2.17,2.87,322.72,141.26,1026.61,13.91,9.35,24.6
"WANorth","Ashburton",115.47191619873,-21.51194190979,0.54,2.16,4.62,404.58,171.51,1345.78,16.98,11.5,29.06
"QLDNorth","Mackay",149.299270629883,-21.5066986083984,0.54,4.36,4.47,102.05,55.59,232.6,68.31,38.74,148.31
"QLDNorth","Mackay",149.368225097656,-21.5004806518555,0.54,4.36,3.21,103.1,56.16,234.87,16.86,10.96,31.3
"WANorth","Ashburton",115.511497497559,-21.4501342773438,0.54,2.15,4.06,455.89,190.63,1542.99,68.54,38.89,148.66
"QLDNorth","Mackay",149.29914855957,-21.4694633483887,0.54,4.35,2.87,111.94,60.4,258.12,66.92,35.75,163.53
"WANorth","Karratha",115.55899810791,-21.4032878875732,0.54,2.15,4.19,562.28,229.36,1964.54,28.74,18.26,53.47
"QLDNorth","Mackay",149.340362548828,-21.4251403808594,0.54,4.35,2.92,107.58,58.45,245.57,83.92,43.53,213.33
"WANorth","Karratha",115.591316223145,-21.3698673248291,0.54,2.14,3.92,647.11,258.93,2321.67,54.39,31.83,113.07
"QLDNorth","Mackay",149.318893432617,-21.3723621368408,0.54,4.35,3.06,105.71,57.54,240.75,70.13,37.34,171.78
"WANorth","Karratha",115.636985778809,-21.3276233673096,0.54,2.14,3.79,659.57,264.79,2347.84,59.94,34.73,126.14
"QLDNorth","Mackay",149.32356262207,-21.3195629119873,0.54,4.35,3.15,105.27,57.52,238.13,85.25,44.59,212.76
"WANorth","Karratha",115.699020385742,-21.2780055999756,0.54,2.14,2.43,637.4,258.2,2235.63,66.37,36.01,157.33
"WANorth","Karratha",115.73405456543,-21.2697048187256,0.54,2.16,2.39,424.13,181.14,1385.36,82.77,43.74,202.96
"WANorth","Karratha",115.788192749023,-21.262508392334,0.54,2.18,3.71,208,98.74,584.74,33.14,20.64,63.43
"QLDNorth","Mackay",149.262390136719,-21.2634410858154,0.54,4.36,3.24,102.92,56.33,232.47,134.49,66.44,362
"WANorth","Karratha",115.833740234375,-21.2164745330811,0.54,2.16,4.13,363.89,159.81,1139.39,13.8,9.56,22.96
"QLDNorth","Mackay",149.203552246094,-21.2216854095459,0.54,4.36,3.8,89.92,49.84,200.09,13.41,9.13,23.15
"WANorth","Karratha",115.851295471191,-21.1703968048096,0.54,2.15,3.9,542.16,224.97,1837.78,18.41,12.32,32.06
"QLDNorth","Mackay",149.202774047852,-21.1665744781494,0.54,4.2,3.68,89.61,49.75,198.9,14.27,9.6,25.11
"WANorth","Karratha",115.883941650391,-21.1121234893799,0.54,2.15,2.62,623.14,256.24,2127.19,27.96,17.01,56.8
"WANorth","Karratha",115.945236206055,-21.0636043548584,0.54,2.15,3.75,569.43,236.57,1918.6,17.37,11.72,29.9
"QLDNorth","Mackay",149.23371887207,-21.0691242218018,0.54,4.19,3.62,107.24,58.48,243.15,28.02,17.06,56.79
"WANorth","Karratha",116.00074005127,-21.0321044921875,0.54,2.15,2.37,542.09,226.91,1807.03,81.86,42.41,209.11
"WANorth","Karratha",116.048873901367,-21.0148506164551,0.54,2.15,3.42,561.17,235.08,1863.18,28.89,18.33,53.93
"QLDNorth","Mackay",149.189743041992,-21.0312118530273,0.54,4.19,3.44,111.54,60.35,255.96,115.32,57.2,311.94
"WANorth","Karratha",116.110061645508,-20.9945011138916,0.54,2.15,2.28,602.33,250.87,2011.69,140.82,68.64,387.72
"WANorth","Karratha",116.153228759766,-20.9728336334229,0.54,2.14,3.56,812.13,325.91,2849.28,18.18,12.23,31.37
"QLDNorth","Mackay",149.048797607422,-20.9769611358643,0.54,4.19,4.68,108.88,59.02,249.4,20.29,13.45,35.73
"QLDNorth","Mackay",149.100326538086,-20.9781055450439,0.54,4.19,4.43,114.69,61.79,264.81,46.1,27.47,93.71
"QLDNorth","Mackay",149.155029296875,-20.9785442352295,0.54,4.19,3.84,116.76,62.82,269.94,14.93,9.98,26.47
"WANorth","Karratha",116.15380859375,-20.929069519043,0.54,2.14,3.16,711.11,290.41,2436.23,57.75,33.5,121.59
"QLDNorth","Mackay",149.051864624023,-20.9236888885498,0.54,4.19,3.13,110.69,59.93,253.81,64.66,35.26,152.06
"WANorth","Ashburton",115.397163391113,-20.8932819366455,0.54,2.16,3.39,441.45,191.71,1392.44,9.84,7.02,15.92
"WANorth","Karratha",116.189353942871,-20.8822536468506,0.54,2.13,3.42,915.62,364.64,3232,26.86,17.02,50.49
"QLDNorth","Mackay",148.893890380859,-20.8751964569092,0.54,4.19,4.3,106.79,57.54,247.65,59.16,34.15,125.5
"QLDNorth","Mackay",148.945083618164,-20.8749885559082,0.54,4.18,4.52,121.65,64.61,287.31,30.87,19.23,59.35
"QLDNorth","Mackay",148.993865966797,-20.8916931152344,0.54,4.18,3.98,121.64,64.79,285.67,5.35,4.19,7.58
"WANorth","Ashburton",115.311599731445,-20.8363857269287,0.54,2.11,4.05,2252.35,812.3,9007.53,6.41,4.86,9.52
"WANorth","Karratha",116.207725524902,-20.8317775726318,0.54,2.15,3.14,560.46,236.25,1839.06,5.99,4.58,8.77
"WANorth","Karratha",116.247543334961,-20.8148975372314,0.54,2.17,2.67,337.76,150.35,1036.28,15.05,10.05,26.75
"WANorth","Karratha",116.338638305664,-20.8400115966797,0.54,2.15,2.66,487.1,208.49,1568.23,15.02,10.03,26.66
"WANorth","Karratha",116.370178222656,-20.8314571380615,0.54,2.15,2.31,481.12,205.79,1552.34,98.83,50.65,253.69
"WANorth","Karratha",116.419342041016,-20.82692527771,0.54,2.15,3.3,482.27,206.93,1546.57,29.84,18.69,56.96
"QLDNorth","Mackay",148.842803955078,-20.8253059387207,0.54,4.19,3.89,106.91,57.6,248,5.86,4.51,8.47
"WANorth","Ashburton",115.300354003906,-20.7760372161865,0.54,2.11,3.35,2580.14,917.88,10490.18,18.22,11.82,33.73
"WANorth","Ashburton",115.487831115723,-20.7847900390625,0.54,2.2,2.53,154.13,74.2,431.71,145.25,70.96,397.09
"WANorth","Karratha",116.49250793457,-20.7913150787354,0.54,2.14,3.28,850.73,342.74,2953.15,29.54,18.52,56.27
"QLDNorth","Mackay",148.845092773438,-20.78391456604,0.54,4.19,3.39,109.69,58.82,256.13,11.29,7.87,18.87
"WANorth","Ashburton",115.352661132812,-20.7395095825195,0.54,2.11,4.26,2253.42,811.09,9044.38,5.27,4.1,7.57
"WANorth","Ashburton",115.492980957031,-20.7369003295898,0.54,2.24,2.51,71.3,37.86,175.4,179.88,85.88,505.66
"WANorth","Karratha",116.54035949707,-20.746467590332,0.54,2.14,3.26,839.93,343.23,2841.89,29.49,18.5,56.13
"QLDNorth","Mackay",148.822952270508,-20.7695465087891,0.54,3.16,2.92,110.88,59.36,259.58,15.53,10.34,27.73
"WANorth","Karratha",116.580741882324,-20.6878547668457,0.54,2.14,3.42,891.09,360.94,3053,6.14,4.65,9.15
"WANorth","Karratha",116.834449768066,-20.7047786712646,0.54,4.27,5.05,40.09,23.24,86.94,5.5,4.27,7.9
"WANorth","Karratha",116.889343261719,-20.715892791748,0.54,4.25,4.78,49.92,28.18,112.05,9.61,6.83,15.69
"WANorth","Karratha",117.254760742188,-20.7014217376709,0.54,4.21,4.33,89.91,46.76,225.94,42.64,24.43,94.16
"WANorth","Karratha",117.30729675293,-20.723934173584,0.54,4.2,4.39,101.07,51.85,258.52,32.12,19.12,67.31
"WANorth","Karratha",117.371124267578,-20.7290821075439,0.54,4.2,4.3,114.75,57.97,299.34,55.1,30.54,127.18
"WANorth","Karratha",117.407180786133,-20.7229251861572,0.54,4.19,4.42,123.63,61.96,325.71,31.07,18.61,64.55
"WANorth","Karratha",117.478233337402,-20.7161254882812,0.54,4.19,4.53,140.76,69.14,381.72,19.22,12.34,36.16
"WANorth","Karratha",117.53833770752,-20.70654296875,0.54,4.18,5.25,148.33,72.18,408,4.81,3.81,6.7
"WANorth","Karratha",117.576545715332,-20.6753768920898,0.54,4.18,4.55,152.9,74.31,420.58,36.44,22.19,72.29
"QLDNorth","Mackay",148.733520507812,-20.6849021911621,0.54,3.17,3.41,90.4,49.32,207.13,30.56,19.06,58.65
"QLDNorth","Mackay",148.759948730469,-20.7212963104248,0.54,3.16,3,97.66,52.92,225.46,12.16,8.39,20.62
"WANorth","Karratha",116.56339263916,-20.6260738372803,0.54,2.14,3.27,865.04,352.45,2937.31,7.58,5.57,11.79
"WANorth","Karratha",116.816337585449,-20.6157131195068,0.54,4.27,4.79,40.74,23.56,88.62,7.94,5.81,12.41
"WANorth","Karratha",117.007186889648,-20.6498851776123,0.54,4.22,4.8,77.24,41.19,187.08,8.32,6.05,13.13
"WANorth","Karratha",117.050231933594,-20.6246738433838,0.54,4.21,4.81,92.75,48.3,231.96,9.82,6.96,16.1
"WANorth","Karratha",117.200706481934,-20.6297302246094,0.54,4.2,4.39,98.4,50.56,251.43,75.41,39.97,185.25
"WANorth","Karratha",117.641456604004,-20.6586017608643,0.54,4.19,4.42,142.49,70.15,384.28,60.42,34.49,130.69
"QLDNorth","Mackay",148.729705810547,-20.6312599182129,0.54,3.17,2.67,86.28,47.19,197.41,21.76,13.83,41.36
"WANorth","Karratha",116.63346862793,-20.5624713897705,0.54,2.16,3.31,433.7,190.19,1344.65,7.84,5.73,12.29
"WANorth","Karratha",116.853927612305,-20.5505542755127,0.54,4.25,4.65,50.56,28.43,114.18,11.45,7.93,19.37
"WANorth","Karratha",117.088943481445,-20.6125068664551,0.54,4.2,5.44,107.07,54.69,274.83,5.14,4.03,7.26
"WANorth","Karratha",117.70694732666,-20.609338760376,0.54,4.18,5.29,148.6,73.15,399.56,4.85,3.83,6.77
"WANorth","Karratha",117.731239318848,-20.6048641204834,0.54,4.19,4.98,121.39,61.06,318.01,7.05,5.27,10.69
"WANorth","Port Hedland",117.788162231445,-20.5817928314209,0.54,4.2,4.66,117.59,59.8,302.21,15.05,10.01,26.98
"WANorth","Port Hedland",117.855735778809,-20.5904445648193,0.54,4.19,4.5,119.94,61.13,306.5,36.05,21.97,71.45
"QLDNorth","Whitsunday",148.675888061523,-20.5708465576172,0.54,3.18,3.51,72.01,40.17,160.73,15.84,10.91,26.37
"QLDNorth","Whitsunday",148.85710144043,-20.5329475402832,0.54,3.16,3.64,98.08,52.7,229.89,13.13,9.25,21.22
"QLDNorth","Whitsunday",148.89958190918,-20.547945022583,0.54,3.15,3.33,124.88,65.41,302.06,6.69,5.04,10.02
"WANorth","Karratha",116.695823669434,-20.5156555175781,0.54,4.16,5.45,265.96,122.96,772.31,5.73,4.42,8.3
"WANorth","Karratha",116.8779296875,-20.5187358856201,0.54,4.24,4.53,54.6,30.47,124.42,73.84,39.21,181.06
"WANorth","Port Hedland",117.895408630371,-20.5413818359375,0.54,4.19,4.49,122.95,62.24,317.69,36.47,22.18,72.49
"QLDNorth","Whitsunday",148.694717407227,-20.5426292419434,0.54,3.18,3.32,73.01,40.63,163.54,35.89,21.86,71.25
"QLDNorth","Whitsunday",148.712020874023,-20.5181045532227,0.54,3.18,3.74,72.16,40.17,161.71,11.47,8.22,18.12
"QLDNorth","Whitsunday",148.81755065918,-20.5104503631592,0.54,3.17,3.45,84.27,46.06,193.35,14.39,10,23.71
"QLDNorth","Whitsunday",148.934631347656,-20.5306968688965,0.54,3.13,3.21,184.94,92.44,475.51,12.37,8.48,21.2
"WANorth","Karratha",116.779930114746,-20.5041923522949,0.54,4.15,5.22,337.06,152.25,1005.83,7.09,5.29,10.78
"WANorth","Karratha",116.891662597656,-20.4834842681885,0.54,4.24,5.29,60.92,33.44,142.08,7.5,5.56,11.49
"WANorth","Port Hedland",117.913688659668,-20.4775104522705,0.54,4.18,4.98,146.27,72.46,388.98,7.39,5.6,10.88
"QLDNorth","Whitsunday",148.913909912109,-20.4831104278564,0.54,3.14,3.43,149.27,76.44,372.18,8.26,6.02,12.95
"WANorth","Karratha",116.801399230957,-20.432638168335,0.54,4.14,5.13,450.27,197.19,1395.95,7.78,5.71,12.1
"WANorth","Karratha",116.898109436035,-20.4479827880859,0.54,4.22,5.35,75.31,40.25,182.02,7.17,5.35,10.9
"WANorth","Port Hedland",117.92943572998,-20.4624061584473,0.54,4.19,5.03,126.03,63.36,329.5,6.71,5.05,10.07
"WANorth","Port Hedland",118.020324707031,-20.4503135681152,0.54,4.2,4.56,101.8,52.41,258.43,10.02,7.32,15.42
"QLDNorth","Whitsunday",148.889389038086,-20.4597663879395,0.54,3.13,4.95,182.17,90.86,470.73,2.78,2.4,3.43
"WANorth","Karratha",116.891777038574,-20.3901996612549,0.54,4.17,5.57,180,86.95,494.62,6.69,5.03,10.04
"WANorth","Port Hedland",118.058555603027,-20.4135265350342,0.54,4.2,4.09,102.31,52.81,258.25,23.53,15.28,42.67
"QLDNorth","Whitsunday",148.895095825195,-20.3785915374756,0.54,3.13,3.81,204.22,100.6,536.02,13.7,9.56,22.5
"QLDNorth","Whitsunday",148.952117919922,-20.3802852630615,0.54,3.13,3.55,189.25,94.1,490.63,20,13.06,36.28
"QLDNorth","Mackay",149.021896362305,-20.3936939239502,0.54,3.13,4.37,180.6,90.58,462.14,7.45,5.52,11.42
"WANorth","Port Hedland",118.129188537598,-20.370532989502,0.54,4.2,4.79,106.35,54.82,268.38,10.63,7.47,17.6
"WANorth","Port Hedland",118.167083740234,-20.3465995788574,0.54,4.2,4.85,108.1,55.76,272.01,9.63,6.86,15.65
"WANorth","Port Hedland",118.196533203125,-20.3357353210449,0.54,4.21,4.69,86.75,45.96,210.85,13.7,9.24,24.06
"WANorth","Port Hedland",118.26683807373,-20.3528156280518,0.54,4.21,5.1,87.31,46.11,213.46,6.21,4.73,9.17
"WANorth","Port Hedland",118.31844329834,-20.3370609283447,0.54,4.21,4.66,87.95,46.56,213.91,15.57,10.29,28.17
"WANorth","Port Hedland",118.367660522461,-20.3476428985596,0.54,4.22,3.6,77.42,41.48,185.79,48.77,28.73,100.91
"QLDNorth","Whitsunday",148.919830322266,-20.3214683532715,0.54,3.12,4,226.2,110.17,602.28,10.83,7.84,16.89
"QLDNorth","Whitsunday",149.051406860352,-20.3108921051025,0.54,3.13,4.7,174.2,87.52,445.38,7.35,5.45,11.26
"WANorth","Port Hedland",118.455070495605,-20.3152179718018,0.54,4.21,5.43,85.81,45.71,206.56,4.29,3.45,5.82
"WANorth","Port Hedland",118.461875915527,-20.3154773712158,0.54,4.21,5.39,84.9,45.3,203.8,4.63,3.69,6.39
"WANorth","Port Hedland",118.53050994873,-20.3007946014404,0.54,4.21,5.09,89.64,47.71,215.41,6.91,5.18,10.42
"WANorth","Port Hedland",118.634323120117,-20.2938327789307,0.54,4.21,4.77,90.77,48.26,218.32,11.49,7.98,19.32
"WANorth","Port Hedland",118.696647644043,-20.3080749511719,0.54,4.21,5.43,89.25,47.58,213.83,4.54,3.64,6.23
"WANorth","Port Hedland",118.741676330566,-20.2921085357666,0.54,4.21,3.3,91.8,48.87,220.08,50.38,29.35,106.26
"QLDNorth","Whitsunday",148.906173706055,-20.2758388519287,0.54,3.12,3.31,251.45,120.58,684.28,43.89,25.82,91.77
"QLDNorth","Whitsunday",149.048431396484,-20.2850322723389,0.54,3.12,4.7,266.31,127.04,729.04,22.1,13.95,42.54
"WANorth","Port Hedland",118.827583312988,-20.2426986694336,0.54,4.2,4.54,100.82,53.29,243.4,22.33,14.09,42.99
"WANorth","Port Hedland",118.840995788574,-20.229076385498,0.54,4.2,3.27,105.15,55.24,255.96,27.51,17.22,52.86
"QLDNorth","Whitsunday",148.831161499023,-20.2356262207031,0.54,3.11,3.36,300.12,141.06,837.98,50.02,28.97,106.73
"QLDNorth","Whitsunday",148.910110473633,-20.2499942779541,0.54,3.11,3.68,344.34,159.19,982.56,13.12,9.13,21.71
"QLDNorth","Whitsunday",149.029388427734,-20.2381935119629,0.54,3.12,4.75,271.22,129.1,744.56,23.31,14.61,45.26
"WANorth","Port Hedland",118.865966796875,-20.2053852081299,0.54,4.2,3.48,114.04,59.31,281.35,11.3,7.95,18.54
"QLDNorth","Whitsunday",148.681640625,-20.1868515014648,0.54,3.1,3.84,361.74,165.8,1045.42,8.58,6.23,13.5
"QLDNorth","Whitsunday",148.752014160156,-20.2341957092285,0.54,3.1,3.52,391.24,177.67,1144.38,21.4,13.79,39.62
"QLDNorth","Whitsunday",148.811904907227,-20.2081069946289,0.54,3.1,3.43,381.6,174.18,1107.41,40.6,24.64,80.43
"QLDNorth","Whitsunday",148.89094543457,-20.1693572998047,0.54,3.11,3.76,347.81,160.65,993.39,12.76,9.08,20.29
"QLDNorth","Whitsunday",149.0478515625,-20.1767330169678,0.54,3.11,4.78,274.21,130.31,754.61,23.81,14.91,46.26
"WANorth","Port Hedland",118.907958984375,-20.1533355712891,0.54,4.2,3.58,116.65,60.67,287.26,9.5,6.88,14.94
"QLDNorth","Whitsunday",148.616928100586,-20.1395874023438,0.54,3.11,3.51,341.17,157.73,974,28.48,17.66,55.64
"QLDNorth","Whitsunday",148.878921508789,-20.1377506256104,0.54,3.1,3.44,406.5,184.92,1182.3,31.61,19.42,62.31
"QLDNorth","Whitsunday",149.020416259766,-20.1534824371338,0.54,3.11,4.77,313.6,147.58,871.19,31.57,19,64.79
"WANorth","Port Hedland",118.972709655762,-20.0898818969727,0.54,4.19,3.1,130.12,67.01,324,31.02,19.2,60.31
"QLDNorth","Whitsunday",148.307312011719,-20.1071434020996,0.54,2.62,3.07,478.18,211.64,1447.74,32.11,19.75,63.08
"QLDNorth","Whitsunday",148.337829589844,-20.1377258300781,0.54,2.62,3.2,511.36,224.95,1559.05,15.49,10.37,27.34
"QLDNorth","Whitsunday",148.644317626953,-20.0960540771484,0.54,3.1,3.47,374.76,171.5,1083.59,38.25,23.1,76.82
"QLDNorth","Whitsunday",148.877655029297,-20.0655612945557,0.54,3.1,4.03,453.15,202.77,1349.21,8.59,6.45,12.72
"QLDNorth","Whitsunday",148.969421386719,-20.0698776245117,0.54,3.11,4.89,317.62,148.97,887.12,30.54,18.55,61.74
"WANorth","Port Hedland",118.997650146484,-20.0329113006592,0.54,4.19,5.43,123.62,63.92,306.62,15.45,10.35,27.21
"WANorth","East Pilbara",119.519950866699,-20.0433902740479,0.54,4.21,4.43,96.63,52.78,219.9,38.14,22.9,77.52
"WANorth","East Pilbara",119.583999633789,-20.0681285858154,0.54,4.2,4.39,99.87,54.36,228.27,38.71,23.29,78.23
"WANorth","East Pilbara",119.636421203613,-20.0477066040039,0.54,4.2,2.25,101.67,55.31,232.41,27.57,17.37,52.31
"QLDNorth","Whitsunday",148.298141479492,-20.0416526794434,0.54,2.62,3.27,447.37,199.02,1347.57,17.14,11.6,29.4
"QLDNorth","Whitsunday",148.433990478516,-20.0228958129883,0.54,2.62,3.12,539.46,235.54,1661.88,23.64,15.09,44.23
"QLDNorth","Whitsunday",148.536437988281,-20.0547847747803,0.54,2.63,3.18,405.63,183.34,1193.91,19.09,12.64,33.85
"QLDNorth","Whitsunday",148.565017700195,-20.0668964385986,0.54,3.11,3.87,354.69,163.33,1017.49,10.87,7.76,17.4
"QLDNorth","Whitsunday",148.895431518555,-20.0388641357422,0.54,3.1,3.91,394.35,179.26,1150.73,9.77,7.09,15.27
"QLDNorth","Whitsunday",148.955841064453,-20.0561389923096,0.54,3.1,5.46,378.43,173.12,1094.28,8.99,6.48,14.36
"WANorth","Port Hedland",119.073089599609,-20.0058364868164,0.54,4.19,4.27,132.23,67.8,331.57,83.94,45.18,198.37
"WANorth","Port Hedland",119.086044311523,-19.9914436340332,0.54,4.19,4.78,131.83,67.52,331.36,70.98,39.69,157.88
"WANorth","Port Hedland",119.365753173828,-19.9896373748779,0.54,4.19,4.54,120.44,63.73,286.52,29.51,18.19,58.11
"WANorth","Port Hedland",119.421737670898,-19.9905967712402,0.54,4.2,4.48,110.89,59.5,258.51,37.1,22.25,75.66
"WANorth","Port Hedland",119.469665527344,-20.003963470459,0.54,4.2,4.53,113.47,60.7,265.61,38.38,23.21,76.88
"WANorth","East Pilbara",119.688293457031,-19.9963130950928,0.54,4.2,2.26,103.03,55.95,236.03,26.3,16.76,48.94
"QLDNorth","Whitsunday",148.267623901367,-19.9859199523926,0.54,2.62,3.17,442.02,196.55,1333.56,17.38,11.49,31.1
"QLDNorth","Whitsunday",148.433792114258,-19.9874267578125,0.54,2.62,3.35,536.44,233.68,1660.26,14.12,9.75,23.64
"QLDNorth","Whitsunday",148.552749633789,-19.9927291870117,0.54,2.62,4.62,498.74,219.95,1515.99,45.33,26.44,96.13
"WANorth","Port Hedland",119.168464660645,-19.9530563354492,0.54,4.19,4.49,119.23,62.6,288.04,45.43,26.61,95.54
"WANorth","Port Hedland",119.206848144531,-19.9463481903076,0.54,4.19,4.45,120.19,63.47,287,68.74,38.05,156.22
"WANorth","Port Hedland",119.25757598877,-19.9648323059082,0.54,4.19,4.4,136.66,70.7,336.2,57,32.59,123.47
"WANorth","Port Hedland",119.307754516602,-19.9808597564697,0.54,4.2,4.8,116.38,61.91,274.77,27.82,17.5,52.91
"WANorth","East Pilbara",119.744606018066,-19.9636402130127,0.54,4.2,4.34,109.15,58.57,254.64,61.13,34.9,132.11
"WANorth","East Pilbara",119.843452453613,-19.9636344909668,0.54,4.21,4.31,97.83,52.95,226.25,57.51,33.11,122.86
"WANorth","East Pilbara",119.89623260498,-19.9465560913086,0.54,4.2,4.33,101.07,54.59,234.15,55.51,32.08,118.03
"WANorth","East Pilbara",119.945373535156,-19.9375991821289,0.54,4.21,4.34,96.82,52.54,223.01,52.43,30.52,110.43
"WANorth","East Pilbara",119.996444702148,-19.9295768737793,0.54,4.21,2.2,89.29,48.96,202.83,20.65,13.65,36.47
"QLDNorth","Whitsunday",148.151626586914,-19.9428615570068,0.54,2.62,3.2,457.41,202.09,1393.4,23.35,15.15,42.42
"QLDNorth","Whitsunday",148.206604003906,-19.9486331939697,0.54,2.62,3.22,440.85,195.69,1334.59,15.8,10.62,27.61
"QLDNorth","Whitsunday",148.441223144531,-19.9711360931396,0.54,2.62,3.43,491.28,215.41,1510.83,11.9,8.45,19.09
"QLDNorth","Whitsunday",148.452850341797,-19.9661026000977,0.54,2.62,5.37,455.48,201.34,1386.65,53.7,31.11,113.93
"WANorth","Broome",120.065490722656,-19.9218635559082,0.54,4.21,4.44,90.27,49.38,205.75,34.03,20.83,67.18
"WANorth","Broome",120.112655639648,-19.914041519165,0.54,4.21,4.41,90.12,49.32,205.33,39.56,23.76,80.13
"WANorth","Broome",120.158889770508,-19.9079303741455,0.54,4.21,4.4,88.71,48.64,201.6,40.73,24.35,82.99
"WANorth","Broome",120.213424682617,-19.9057884216309,0.54,4.21,2.03,93.2,50.74,213.88,22.48,14.68,40.42
"QLDNorth","Whitsunday",148.089401245117,-19.8941669464111,0.54,2.63,5.61,342.86,156.7,999.56,41.31,24.73,83.91
"WANorth","Broome",120.28434753418,-19.8830451965332,0.54,4.2,4.39,102.5,55.4,236.91,41.08,24.63,83.2
"WANorth","Broome",120.331367492676,-19.8702392578125,0.54,4.21,4.4,96.45,52.62,220.02,38.13,23.13,75.98
"WANorth","Broome",120.376899719238,-19.8509407043457,0.54,4.22,1.83,82.66,46.08,183.02,30.43,19.03,58.11
"QLDNorth","Whitsunday",147.870895385742,-19.8506202697754,0.54,2.63,3.11,406.25,181.07,1227.22,32.99,20.39,64.03
"QLDNorth","Whitsunday",147.89860534668,-19.8779392242432,0.54,2.62,3.31,427.14,189.45,1297.81,19.09,12.71,33.47
"QLDNorth","Whitsunday",148.025787353516,-19.8905639648438,0.54,2.62,3.22,486.95,213.65,1496.57,23.81,15.41,43.4
"QLDNorth","Whitsunday",148.049194335938,-19.880392074585,0.54,2.62,5.7,477.64,209.91,1465.36,42.13,25.22,85.45
"WANorth","Broome",120.446357727051,-19.824390411377,0.54,4.21,4.39,94.52,51.77,214.33,41.42,24.87,83.6
"WANorth","Broome",120.484565734863,-19.8106021881104,0.54,4.21,4.4,92.53,50.88,208.58,40.67,24.48,81.86
"WANorth","Broome",120.529876708984,-19.7982482910156,0.54,4.21,1.6,90.32,49.86,202.5,54.39,31.41,115.96
"QLDNorth","Burdekin",147.636581420898,-19.7879085540771,0.54,2.61,2.95,572.17,244.3,1830.2,65.56,36.79,145.63
"QLDNorth","Burdekin",147.66423034668,-19.8059043884277,0.54,2.61,3.11,636.96,268.66,2069.53,30.45,19.05,58.12
"QLDNorth","Whitsunday",147.857131958008,-19.801721572876,0.54,2.63,5.79,406.07,181.01,1226.39,40.87,24.7,81.55
"WANorth","Broome",120.579978942871,-19.7765197753906,0.54,4.21,4.4,86.2,47.98,190.82,42.89,25.73,86.49
"WANorth","Broome",120.65160369873,-19.7546901702881,0.54,4.21,4.38,88.07,48.93,195.43,43.8,26.21,88.64
"WANorth","Broome",120.687477111816,-19.7428932189941,0.54,4.21,4.38,91.33,50.43,204.45,45.89,27.29,93.66
"WANorth","Broome",120.729225158691,-19.7241172790527,0.54,4.21,1.51,87.34,48.59,193.4,49.66,29.05,103.95
"QLDNorth","Burdekin",147.605331420898,-19.7488174438477,0.54,2.62,3.07,506.28,219.4,1588.11,38.76,23.27,78.67
"QLDNorth","Whitsunday",147.738739013672,-19.7649955749512,0.54,2.61,2.84,624.64,264.92,2011.28,85.86,46.81,197.69
"QLDNorth","Whitsunday",147.856964111328,-19.7432193756104,0.54,2.62,5.9,431.4,190.91,1315.46,44.27,26.52,89.31
"WANorth","Broome",120.793174743652,-19.6948852539062,0.54,5.68,2.82,82.97,46.68,180.61,78.21,43.2,176.78
"QLDNorth","Burdekin",147.612564086914,-19.6770915985107,0.54,2.7,3.3,442.36,195.15,1354.48,25.3,16.1,47.4
"QLDNorth","Whitsunday",147.75080871582,-19.702392578125,0.54,2.62,3.17,519.67,224.96,1630.56,27.58,17.36,52.43
"QLDNorth","Whitsunday",147.780395507812,-19.7049865722656,0.54,2.62,3.36,514.58,223.08,1611.39,17.62,11.84,30.51
"QLDNorth","Whitsunday",147.826461791992,-19.7084178924561,0.54,2.62,5.95,430.96,190.66,1314.89,41.69,25.18,83.23
"WANorth","Broome",120.856033325195,-19.6699066162109,0.54,5.68,5.85,84.37,47.09,186.15,45.53,27.18,92.32
"WANorth","Broome",120.902053833008,-19.6542224884033,0.54,5.68,5.85,87.26,48.67,192.28,41.32,25.07,81.79
"WANorth","Broome",120.94229888916,-19.6378479003906,0.54,5.7,2.74,68.81,39.79,144.09,77.98,43.17,175.56
"QLDNorth","Burdekin",147.608001708984,-19.6527614593506,0.54,2.7,6.03,484.25,210.94,1508.97,50.73,30.03,103.71
"WANorth","Broome",121.010299682617,-19.5989818572998,0.54,5.69,2.95,75.66,43.04,162.29,31.67,19.67,61.14
"QLDNorth","Burdekin",147.57568359375,-19.5920028686523,0.54,2.7,6.02,424.7,187.88,1297.2,63.63,36.52,135.73
"WANorth","Broome",121.067588806152,-19.5578746795654,0.54,5.67,3.04,101.93,55.57,231.94,25.45,16.3,47.08
"QLDNorth","Burdekin",147.566986083984,-19.5536823272705,0.54,2.7,6.05,452.53,199,1391.7,55.79,32.74,115.18
"WANorth","Broome",121.12336730957,-19.5209617614746,0.54,5.68,6.06,82.19,46.36,178.11,23.8,15.3,43.91
"WANorth","Broome",121.15958404541,-19.4946613311768,0.54,5.68,3.06,82.16,46.38,177.85,23.16,15.04,42
"QLDNorth","Burdekin",147.518493652344,-19.4948139190674,0.54,2.7,6.34,438.34,193.42,1342.3,24.93,15.89,46.6
"WANorth","Broome",121.21656036377,-19.4481582641602,0.54,5.68,2.87,87.24,48.67,192.24,38.32,23.31,75.96
"QLDNorth","Burdekin",147.482009887695,-19.440486907959,0.54,2.7,6.33,434.19,191.83,1327.43,25.76,16.35,48.39
"WANorth","Broome",121.255737304688,-19.4106731414795,0.54,5.68,2.65,94.12,51.91,210.72,189.87,93.4,502.15
"QLDNorth","Townsville",147.112716674805,-19.3939304351807,0.54,2.72,2.87,760.01,316.12,2504.9,252.76,119.35,707.72
"QLDNorth","Burdekin",147.154144287109,-19.4040985107422,0.54,2.71,3.32,841.16,344.69,2831.21,34.85,21.09,70.22
"QLDNorth","Burdekin",147.201370239258,-19.4158000946045,0.54,2.71,3.31,898.91,363.79,3082.93,35.41,21.38,71.6
"QLDNorth","Burdekin",147.27033996582,-19.4202575683594,0.54,2.67,3.36,1063.26,420.52,3763.99,28.08,17.48,54.46
"QLDNorth","Burdekin",147.316925048828,-19.4074878692627,0.54,2.67,3.36,1035.59,410.9,3650.37,28.45,17.67,55.36
"QLDNorth","Burdekin",147.366546630859,-19.4134864807129,0.54,2.68,3.13,1015.42,403.78,3569.39,50.25,29.57,104.01
"QLDNorth","Burdekin",147.444625854492,-19.380880355835,0.54,2.68,6.27,799.36,331.23,2644.39,26.33,16.67,49.69
"WANorth","Broome",121.288803100586,-19.3769283294678,0.54,5.67,2.66,100.12,54.8,226.47,191.03,94.08,503.81
"QLDNorth","Townsville",147.091766357422,-19.3602600097656,0.54,2.72,6.11,765.75,318.57,2521.64,44.48,26.46,90.96
"WANorth","Broome",121.341453552246,-19.3204784393311,0.54,5.67,5.93,98.77,54.08,223.51,38.11,23.03,76.42
"WANorth","Broome",121.361099243164,-19.2930088043213,0.54,5.67,3.1,102.8,55.95,234.58,64.23,36.09,142.58
"QLDNorth","Townsville",146.900085449219,-19.3002738952637,0.54,2.79,3.35,576.16,252.33,1757.76,48.03,27.97,101.75
"QLDNorth","Townsville",146.94758605957,-19.2947425842285,0.54,2.72,6.06,641.98,276.7,2003.12,37.92,22.95,75.92
"WANorth","Broome",121.392044067383,-19.2532920837402,0.54,5.67,3.17,102.5,55.75,234.17,49.14,28.56,104.27
"QLDNorth","Townsville",146.981781005859,-19.2680759429932,0.54,2.72,3.66,662.23,283.43,2088.99,18.43,12.18,32.91
"QLDNorth","Townsville",147.061813354492,-19.2527599334717,0.54,2.72,5.96,758.55,316.9,2480.15,63.33,36.38,134.96
"WANorth","Broome",121.431411743164,-19.2021427154541,0.54,5.67,3.14,100.83,54.89,230.3,55.28,31.7,119.32
"QLDNorth","Townsville",147.002349853516,-19.2261600494385,0.54,2.72,3.4,636.95,274.14,1993.62,30.89,19.06,60.49
"QLDNorth","Townsville",147.045791625977,-19.2077312469482,0.54,2.72,5.93,646.84,277.33,2036.94,62.21,35.84,131.95
"WANorth","Broome",121.471351623535,-19.1473999023438,0.54,5.67,3,97.77,53.39,222.41,107.91,58.01,251.13
"QLDNorth","Townsville",146.617416381836,-19.1560077667236,0.54,2.8,3.86,426.94,196.99,1206.5,20.18,13.04,37.34
"QLDNorth","Townsville",146.672744750977,-19.1812114715576,0.54,2.79,3.22,447.42,205.32,1273.37,70.95,39.65,157.96
"QLDNorth","Townsville",146.745254516602,-19.1750354766846,0.54,2.79,2.97,485.84,219.64,1413.69,129.7,68.01,312.34
"QLDNorth","Townsville",146.884170532227,-19.1261463165283,0.54,2.79,3.29,556.35,244.92,1684.93,56.9,32.49,123.51
"QLDNorth","Townsville",147.014053344727,-19.1807861328125,0.54,2.72,3.28,661.81,283.31,2086.9,49.7,28.92,105.1
"QLDNorth","Townsville",147.022735595703,-19.1852207183838,0.54,2.72,5.98,662.4,283.39,2091.08,45.48,26.93,93.62
"WANorth","Broome",121.51439666748,-19.0784320831299,0.54,5.67,2.97,105.66,56.97,244.93,132.3,70.06,312.53
"QLDNorth","Townsville",146.524719238281,-19.0995292663574,0.54,2.8,3.11,421.21,194.66,1187.78,88.38,48.57,200.03
"QLDNorth","Townsville",146.544876098633,-19.1108875274658,0.54,2.8,3.71,424.23,195.84,1198.2,21.53,13.87,39.84
"QLDNorth","Townsville",146.780822753906,-19.1178245544434,0.54,2.79,3.57,517.08,231.33,1527.58,27.3,17.16,52.03
"QLDNorth","Townsville",146.884262084961,-19.1123752593994,0.54,2.79,6,575.95,252.21,1757.57,43.94,26.12,90.07
"WANorth","Broome",121.520469665527,-19.0504398345947,0.54,5.67,3.55,106.88,57.53,248.3,31.51,19.21,63.1
"QLDNorth","Townsville",146.468566894531,-19.0711936950684,0.54,2.8,3.68,394.93,183.79,1104.01,21.68,13.95,40.19
"QLDNorth","Townsville",146.793090820312,-19.1095657348633,0.54,2.79,3.45,534.53,237.81,1591.95,36.08,21.91,72.01
"QLDNorth","Townsville",146.837158203125,-19.102445602417,0.54,2.79,5.77,558.72,246.32,1687.24,89.59,49.31,202.06
"WANorth","Broome",121.545501708984,-18.9979515075684,0.54,5.67,3.23,107.77,57.9,251.08,72.73,40.57,162.22
"QLDNorth","Townsville",146.406478881836,-19.0029544830322,0.54,2.8,5.68,386.98,179.72,1087.07,69.44,39.36,150.76
"WANorth","Broome",121.551979064941,-18.9434871673584,0.54,5.67,3.08,108.51,58.28,252.83,122.94,65.1,291.77
"QLDNorth","Townsville",146.331924438477,-18.9381656646729,0.54,2.73,2.86,311.64,147.17,860.49,133.21,70.01,318.89
"QLDNorth","Townsville",146.365142822266,-18.9604206085205,0.54,2.72,5.5,355.48,165.91,994.7,94.85,51.86,215.74
"WANorth","Broome",121.59538269043,-18.8983860015869,0.54,5.67,3.16,112.45,60.22,262.88,92.89,50.97,210.19
"QLDNorth","Hinchinbrook",146.309585571289,-18.9009704589844,0.54,2.73,5.83,291.67,138.49,800.76,24.03,15.42,44.45
"WANorth","Broome",121.602256774902,-18.8637847900391,0.54,5.67,3.37,111.17,59.67,259,57.67,32.7,126.81
"QLDNorth","Hinchinbrook",146.279510498047,-18.8430213928223,0.54,2.74,3.31,250.81,120.58,679.48,36.3,21.9,73.31
"QLDNorth","Palm Island",146.553527832031,-18.8467845916748,0.54,2.71,3.41,470.76,212.27,1378.79,31.4,19.46,60.92
"QLDNorth","Palm Island",146.644714355469,-18.7806949615479,0.54,2.71,3.51,514.64,228.03,1547.76,25.78,16.38,48.34
"QLDNorth","Palm Island",146.662719726562,-18.7778167724609,0.54,2.71,5.59,535.35,235.95,1621.76,79.39,44.48,174.57
"WANorth","Broome",121.630653381348,-18.8212699890137,0.54,5.67,3.55,109.79,59.08,254.74,31.46,19.23,62.66
"QLDNorth","Hinchinbrook",146.28483581543,-18.788667678833,0.54,2.74,3.06,239,115.37,644.6,71.98,40.47,158.32
"QLDNorth","Palm Island",146.537780761719,-18.7881507873535,0.54,2.71,5.74,549.04,241.38,1668.21,33.32,20.55,64.94
"WANorth","Broome",121.633827209473,-18.7459316253662,0.54,5.66,3.57,115.28,61.58,270.28,29.32,18.09,57.63
"QLDNorth","Hinchinbrook",146.29362487793,-18.7438869476318,0.54,2.74,2.92,233.76,112.87,631.13,73.58,42.03,156.91
"QLDNorth","Palm Island",146.530319213867,-18.7633838653564,0.54,2.71,3.41,609.27,264.19,1886.36,27.12,17.18,51.03
"QLDNorth","Palm Island",146.695037841797,-18.7528095245361,0.54,2.7,6.02,689.56,294.05,2184.34,16,10.87,27.37
"WANorth","Broome",121.631500244141,-18.6964435577393,0.54,5.67,3.64,101.96,55.44,233.14,28.41,17.65,55.25
"QLDNorth","Hinchinbrook",146.313293457031,-18.6965656280518,0.54,2.74,2.93,248.53,118.97,679.11,49.06,29.03,100.65
"QLDNorth","Palm Island",146.530151367188,-18.6977615356445,0.54,2.71,5.61,536.35,235.82,1631.87,41.44,25.03,82.71
"WANorth","Broome",121.702735900879,-18.6924514770508,0.54,5.68,5.9,92.97,51.17,209.16,45.3,27.16,91.18
"WANorth","Broome",121.748542785645,-18.6694412231445,0.54,5.68,3.46,93.69,51.59,210.5,33.86,20.76,66.67
"QLDNorth","Hinchinbrook",146.317077636719,-18.6443119049072,0.54,2.75,3.28,206.16,100.83,548.05,28.83,18.04,55.26
"QLDNorth","Palm Island",146.55891418457,-18.6555709838867,0.54,2.7,3.47,712.69,303.31,2261.23,27.54,17.35,52.26
"QLDNorth","Palm Island",146.595520019531,-18.6801776885986,0.54,2.7,5.59,736.31,311.46,2357.53,69.28,39.44,149.21
"WANorth","Broome",121.738983154297,-18.5859107971191,0.54,5.67,3.43,106.3,57.45,245.15,37.99,23.04,75.77
"QLDNorth","Hinchinbrook",146.3427734375,-18.5997543334961,0.54,2.73,5.55,299.33,140.05,842.97,42.47,25.54,85.32
"WANorth","Broome",121.748870849609,-18.5592384338379,0.54,5.67,3.57,112.56,60.58,260.69,30.56,18.9,59.59
"QLDNorth","Hinchinbrook",146.348968505859,-18.5500183105469,0.54,2.73,5.48,340.06,156.38,980.72,61.51,35.48,130.33
"WANorth","Broome",121.770851135254,-18.5249538421631,0.54,5.67,6.07,108.19,58.5,249.05,28.73,18.15,54.03
"WANorth","Broome",121.808464050293,-18.4525394439697,0.54,5.66,3.75,118.66,63.36,277.87,25.46,16.1,48.23
"QLDNorth","Cassowary Coast",146.347763061523,-18.4298896789551,0.54,2.72,5.8,398.95,179.66,1183.62,29.19,18.39,55.18
"WANorth","Broome",121.834434509277,-18.4405097961426,0.54,5.66,6.39,117.91,63.03,275.7,15.13,10.34,25.68
"WANorth","Broome",121.935127258301,-18.4399223327637,0.54,5.67,3.61,108.76,58.89,249.61,31.78,19.53,62.55
"QLDNorth","Cassowary Coast",146.356842041016,-18.4150352478027,0.54,2.71,6.06,567.03,246.09,1760.72,20.44,13.61,35.66
"WANorth","Broome",122.028900146484,-18.3615627288818,0.54,5.67,6.24,104.66,57.09,237.52,20.2,13.48,35.11
"WANorth","Broome",122.058647155762,-18.32155418396,0.54,5.67,6.16,106.15,57.72,242.15,24.86,16.17,44.75
"WANorth","Broome",122.108795166016,-18.3069400787354,0.54,5.67,3.27,106.3,57.95,241.32,45.54,26.64,96.02
"QLDNorth","Cassowary Coast",146.284317016602,-18.2905540466309,0.54,2.87,6.06,439.91,195.01,1335.24,57.8,34.56,115.15
"WANorth","Broome",122.169158935547,-18.2484817504883,0.54,5.67,3.36,97.75,53.81,219.09,34.18,20.8,68.19
"QLDNorth","Cassowary Coast",146.306060791016,-18.244478225708,0.54,2.86,6.11,620.65,265.5,1967.73,61.3,36.43,123.02
"WANorth","Broome",122.210594177246,-18.1955833435059,0.54,5.67,5.94,105.62,57.54,240.16,60.57,36.07,121.17
"WANorth","Broome",122.253555297852,-18.1877174377441,0.54,5.66,2.9,117.23,63.34,268.92,120.24,62.83,292.9
"QLDNorth","Cassowary Coast",146.217025756836,-18.1993274688721,0.54,2.86,3.1,729.05,305.2,2380.71,113.01,59.4,273.46
"QLDNorth","Cassowary Coast",146.232025146484,-18.1985282897949,0.54,2.86,6.17,628.81,268.39,2000.15,63.79,37.47,130.44
"WANorth","Broome",122.322677612305,-18.1571865081787,0.54,5.66,2.76,118.1,63.23,275.32,307.02,140.66,897.83
"QLDNorth","Cassowary Coast",146.008666992188,-18.1486492156982,0.54,2.86,2.94,591.28,253.45,1873.51,320.33,146.09,942.13
"QLDNorth","Cassowary Coast",146.012237548828,-18.1618804931641,0.54,2.86,3.35,602.89,257.86,1915.65,51.16,29.48,109.97
"QLDNorth","Cassowary Coast",146.143829345703,-18.1560192108154,0.54,2.86,3.34,709.72,297.71,2313.05,52.74,30.22,114.34
"QLDNorth","Cassowary Coast",146.157608032227,-18.1430225372314,0.54,2.86,6.15,738.24,308.1,2422.6,62.78,37.08,127.21
"WANorth","Broome",122.358604431152,-18.1208782196045,0.54,5.66,3.21,123.44,65.93,288.3,41.48,24.55,86.1
"QLDNorth","Cassowary Coast",146.016647338867,-18.0830326080322,0.54,2.87,6.1,486.88,211.94,1518.6,63.81,37.68,129.25
"WANorth","Broome",122.369987487793,-18.0450019836426,0.54,5.66,3.5,130.11,69.49,302.92,22.29,14.34,41.28
"QLDNorth","Cassowary Coast",146.020706176758,-18.0799427032471,0.54,2.87,5.86,472.59,206.44,1467.34,110.82,60.23,252.37
"WANorth","Broome",122.270835876465,-17.9692668914795,0.54,5.66,3.44,131.44,69.73,309.55,24.57,15.6,46.34
"QLDNorth","Cassowary Coast",146.065887451172,-18.0073947906494,0.54,2.56,3.27,420.39,186.02,1284.29,27.6,17.27,53.06
"QLDNorth","Cassowary Coast",146.101272583008,-17.9797477722168,0.54,2.55,5.48,537.41,231.28,1700.95,77.91,44.79,163.67
"WANorth","Broome",122.174751281738,-17.9715633392334,0.54,5.67,5.73,107.16,58.73,240.76,83.5,47.55,177.7
"WANorth","Broome",122.201286315918,-17.9162635803223,0.54,5.67,3.85,109.99,60.13,247.89,5.58,4.42,7.7
"QLDNorth","Carpentaria",140.368133544922,-17.6779441833496,0.54,3.43,4.19,15.03,10.42,24.83,5.62,4.44,7.75
"QLDNorth","Carpentaria",140.385818481445,-17.6716804504395,0.54,3.43,3.92,15.18,10.51,25.12,32.01,19.73,62.66
"QLDNorth","Cassowary Coast",146.154861450195,-17.9221496582031,0.54,2.54,5.4,788.38,324.39,2644.69,85.5,48.51,182.9
"WANorth","Broome",122.204780578613,-17.8366279602051,0.54,5.67,3.94,112.15,61.13,253.88,5.44,4.32,7.47
"QLDNorth","Carpentaria",140.214996337891,-17.7029590606689,0.54,3.44,4.2,14.54,10.1,23.98,5.45,4.33,7.48
"QLDNorth","Carpentaria",140.218505859375,-17.7027893066406,0.54,3.44,4.19,14.58,10.13,24.04,5.53,4.38,7.61
"QLDNorth","Carpentaria",140.310592651367,-17.6870975494385,0.54,3.44,4.19,14.87,10.31,24.56,5.55,4.4,7.65
"QLDNorth","Carpentaria",140.340316772461,-17.6828422546387,0.54,3.44,3.81,14.94,10.36,24.67,8.05,6.06,11.88
"QLDNorth","Carpentaria",140.464904785156,-17.6438846588135,0.54,3.43,3.41,15.12,10.49,24.92,157.87,80.23,397.74
"QLDNorth","Cassowary Coast",146.120620727539,-17.8555068969727,0.54,2.54,5.37,906.36,367.18,3100.97,82.93,47.15,177.05
"WANorth","Broome",122.197250366211,-17.7924537658691,0.54,5.67,4.03,113.1,61.45,257.35,5.18,4.14,7.02
"QLDNorth","Carpentaria",140.121520996094,-17.7146682739258,0.54,3.45,4.15,13.72,9.6,22.4,5.75,4.54,7.96
"QLDNorth","Carpentaria",140.515335083008,-17.6259860992432,0.54,3.43,3.67,15.27,10.6,25.12,54.3,31.12,117.46
"QLDNorth","Cassowary Coast",146.116027832031,-17.7777137756348,0.54,2.54,5.51,718.47,299.69,2364.12,39.3,24.39,74.84
"WANorth","Broome",122.193878173828,-17.746509552002,0.54,5.66,4.11,115.58,62.61,264.09,5.06,4.06,6.84
"QLDNorth","Carpentaria",140.021530151367,-17.7132759094238,0.54,3.46,4.24,13.36,9.37,21.78,5.09,4.08,6.89
"QLDNorth","Carpentaria",140.043045043945,-17.7161026000977,0.54,3.45,4.23,13.5,9.45,22.05,5.14,4.12,6.97
"QLDNorth","Carpentaria",140.105361938477,-17.7150611877441,0.54,3.45,3.63,13.58,9.52,22.11,53.31,30.67,114.65
"QLDNorth","Cassowary Coast",146.113525390625,-17.7575416564941,0.54,2.54,5.48,868.8,354.8,2936.75,39.51,24.43,75.77
"QLDNorth","Burke",139.674652099609,-17.6803550720215,0.54,3.81,4.52,4.35,3.71,5.34,4.77,3.95,6.1
"QLDNorth","Burke",139.720748901367,-17.6687698364258,0.54,3.38,4.77,21.57,14.58,36.5,4.98,4,6.71
"QLDNorth","Carpentaria",139.965087890625,-17.6877937316895,0.54,3.46,4.13,13.03,9.16,21.16,5.82,4.59,8.07
"QLDNorth","Carpentaria",140.540557861328,-17.6130619049072,0.54,3.43,4.3,15.5,10.75,25.55,12.88,8.99,21.27
"QLDNorth","Cassowary Coast",146.128433227539,-17.6823272705078,0.54,2.36,2.95,927.55,375.16,3178.21,6.49,5.04,9.2
"QLDNorth","Burke",139.72966003418,-17.6520366668701,0.54,3.44,4.07,14.17,10.03,22.61,9.9,7.24,15.2
"QLDNorth","Carpentaria",139.905807495117,-17.6179084777832,0.54,3.45,4.2,13.7,9.59,22.35,15.36,10.48,26.08
"QLDNorth","Cassowary Coast",146.151962280273,-17.6473865509033,0.54,2.35,5.24,1332.8,512.96,4889.66,38.1,23.61,72.97
"WANorth","Broome",122.145599365234,-17.5740623474121,0.54,5.65,4.29,148.27,77.64,354.9,5.05,4.06,6.82
"QLDNorth","Burke",139.55126953125,-17.4675235748291,0.54,3.45,4.23,14.01,9.78,22.96,5.13,4.12,6.95
"QLDNorth","Carpentaria",139.797378540039,-17.5743885040283,0.54,3.44,3.68,14.42,10.03,23.74,9.11,6.74,13.77
"QLDNorth","Carpentaria",139.846939086914,-17.5938262939453,0.54,3.46,4.12,13.38,9.4,21.7,5.92,4.65,8.23
"QLDNorth","Carpentaria",140.616607666016,-17.5751857757568,0.54,3.43,6.34,15.69,10.89,25.8,18.31,12.26,31.87
"WANorth","Broome",122.140846252441,-17.5468120574951,0.54,5.65,4.31,158.56,82.24,384.69,5.09,4.09,6.86
"QLDNorth","Burke",139.340286254883,-17.3700885772705,0.54,3.44,4.11,14.28,9.95,23.47,6.01,4.72,8.38
"QLDNorth","Carpentaria",140.6748046875,-17.5273208618164,0.54,3.42,3.54,16.02,11.11,26.36,76.84,42.74,171.65
"QLDNorth","Cassowary Coast",146.119018554688,-17.5732955932617,0.54,2.35,5.19,1261.07,489.36,4572.97,38.4,23.57,74.77
"WANorth","Broome",122.137870788574,-17.4900321960449,0.54,5.64,6.44,180.5,91.88,449.51,27.13,16.8,53.3
"WANorth","Derby-West Kimberley",123.531455993652,-17.4072303771973,0.54,5.61,5.96,364.79,165.4,1075.03,27.73,17.12,54.71
"WANorth","Derby-West Kimberley",123.539482116699,-17.4078960418701,0.54,5.61,3.89,373.13,168.78,1102.87,4.97,4.01,6.69
"QLDNorth","Burke",139.318740844727,-17.3607711791992,0.54,3.45,3.59,13.62,9.54,22.22,10.82,7.86,16.77
"QLDNorth","Carpentaria",140.74006652832,-17.4942760467529,0.54,3.42,4.13,16.48,11.4,27.19,15.26,10.46,25.69
"QLDNorth","Cassowary Coast",146.081176757812,-17.4951591491699,0.54,2.35,5.15,1234.85,479.99,4470.15,39.97,24.44,78.21
"WANorth","Broome",122.141387939453,-17.4324226379395,0.54,5.64,4.43,198.91,99.73,506.25,4.98,4.01,6.7
"QLDNorth","Burke",139.308685302734,-17.3560638427734,0.54,3.45,4.07,13.69,9.58,22.33,6.22,4.86,8.73
"QLDNorth","Carpentaria",140.830657958984,-17.4451560974121,0.54,3.41,4.11,17.22,11.83,28.66,16.25,11.06,27.68
"QLDNorth","Cassowary Coast",146.071960449219,-17.4340782165527,0.54,2.35,5.12,1245.51,483.86,4510.91,40.78,24.74,80.86
"WANorth","Broome",122.144454956055,-17.3932991027832,0.54,5.63,6.51,218.75,108.03,568.93,26.96,16.74,52.71
"WANorth","Derby-West Kimberley",123.528343200684,-17.3937339782715,0.54,5.61,5.91,371.18,167.62,1100.79,32.46,19.51,66.63
"WANorth","Derby-West Kimberley",123.563148498535,-17.3763256072998,0.54,5.61,3.96,439.11,195.34,1324.33,4.99,4.01,6.71
"QLDNorth","Burke",139.288360595703,-17.3449077606201,0.54,3.45,4.04,13.75,9.62,22.49,6.59,5.1,9.36
"QLDNorth","Carpentaria",140.88053894043,-17.3816585540771,0.54,3.41,4,17.59,12.07,29.34,20.88,13.73,37.24
"QLDNorth","Cairns",146.078048706055,-17.395055770874,0.54,2.35,5.5,1403.16,535.54,5210.66,12.11,8.54,19.66
"WANorth","Broome",122.144874572754,-17.3518562316895,0.54,5.63,6.41,252.49,121.89,678.55,33.28,19.91,68.86
"WANorth","Derby-West Kimberley",123.475112915039,-17.3458309173584,0.54,5.61,5.98,449.87,196.75,1398.4,35.83,21.19,75.31
"WANorth","Derby-West Kimberley",123.569053649902,-17.346565246582,0.54,5.61,4.05,417.3,186.35,1253.83,4.85,3.92,6.49
"QLDNorth","Burke",139.23600769043,-17.3140430450439,0.54,3.46,4.02,13.03,9.17,21.09,6.72,5.19,9.58
"QLDNorth","Carpentaria",140.888717651367,-17.3429565429688,0.54,3.41,3.6,18.04,12.35,30.17,95.81,50.48,233.55
"QLDNorth","Cairns",146.073608398438,-17.3865737915039,0.54,2.34,5.28,1620.09,605.71,6192.35,17.85,11.96,31.05
"WANorth","Broome",122.160667419434,-17.3047370910645,0.54,5.62,6.29,292.89,138.48,810.22,34.62,20.54,72.52
"WANorth","Derby-West Kimberley",123.417602539062,-17.2973575592041,0.54,5.6,4.25,505.09,220.3,1565.7,4.83,3.9,6.46
"QLDNorth","Burke",139.219177246094,-17.2945404052734,0.54,3.46,4.01,12.91,9.1,20.9,6.81,5.25,9.72
"QLDNorth","Carpentaria",140.901763916016,-17.2915172576904,0.54,3.41,3.84,18.21,12.45,30.46,33,20.47,63.62
"QLDNorth","Cairns",146.0078125,-17.3007183074951,0.54,2.35,5.04,1479.86,559.19,5579.08,33.2,20.37,65.38
"WANorth","Broome",122.169792175293,-17.2573261260986,0.54,5.62,6.28,336.25,155.96,955.11,33.89,20.2,70.52
"WANorth","Derby-West Kimberley",123.392692565918,-17.2516899108887,0.54,5.62,6.01,320.44,152,876.16,39.54,23.04,84.96
"WANorth","Derby-West Kimberley",123.563186645508,-17.2601871490479,0.54,5.61,4.15,372.04,174.96,1024.07,5.73,4.5,7.98
"QLDNorth","Burke",139.198165893555,-17.2524547576904,0.54,3.46,3.81,13.07,9.19,21.2,8.28,6.22,12.24
"QLDNorth","Carpentaria",140.907333374023,-17.2408676147461,0.54,3.4,5.77,18.28,12.5,30.58,38.72,23.24,78.57
"WANorth","Broome",122.218925476074,-17.1958827972412,0.54,5.62,6.24,360.27,166.47,1025.96,31.35,18.91,64.13
"WANorth","Broome",123.373954772949,-17.2132339477539,0.54,5.63,6.02,248.22,122.24,643.82,47.8,27.08,106.88
"WANorth","Derby-West Kimberley",123.616088867188,-17.2128028869629,0.54,5.62,4.05,284.35,139.04,741.19,6.46,5,9.19
"QLDNorth","Burke",139.170349121094,-17.1922702789307,0.54,3.46,3.63,13.06,9.19,21.19,10.2,7.46,15.63
"QLDNorth","Carpentaria",140.935958862305,-17.1837463378906,0.54,3.4,3.96,18.68,12.73,31.41,28.44,18.1,52.86
"QLDNorth","Cairns",146.008026123047,-17.1673545837402,0.54,2.38,5.01,1523.92,572.59,5794.68,39.28,23.38,80.97
"WANorth","Broome",122.239624023438,-17.1622047424316,0.54,5.61,6.15,393.94,179.99,1138.86,31.81,19.21,64.88
"WANorth","Broome",123.347625732422,-17.1607532501221,0.54,5.62,6.04,282.04,135.42,760.25,48.35,27.49,107.22
"WANorth","Derby-West Kimberley",123.597160339355,-17.134859085083,0.54,5.62,5.96,285.57,138.32,756.98,152.18,72.93,430.62
"WANorth","Derby-West Kimberley",123.795593261719,-17.1432876586914,0.54,5.58,5.86,1122.34,466.11,3623.66,175.48,82.34,511.62
"WANorth","Derby-West Kimberley",123.834739685059,-17.142276763916,0.54,5.56,3.94,2923.16,1045.53,11677.67,6.43,4.98,9.14
"QLDNorth","Burke",139.158264160156,-17.1464824676514,0.54,3.46,3.49,13.14,9.24,21.34,12.92,9.18,20.57
"QLDNorth","Carpentaria",140.943267822266,-17.1466102600098,0.54,3.4,3.69,18.96,12.9,31.94,59.65,33.94,129.97
"QLDNorth","Cairns",145.999618530273,-17.1491031646729,0.54,2.37,5.09,2045.74,737.44,8240.32,45.06,26.02,97.45
"WANorth","Derby-West Kimberley",123.582817077637,-17.0903625488281,0.54,5.62,5.92,314.34,149.65,854.82,134.27,65.85,366.7
"WANorth","Derby-West Kimberley",123.755851745605,-17.0817451477051,0.54,5.61,5.88,482.7,220.28,1381.42,140.29,68.38,386.46
"WANorth","Derby-West Kimberley",123.821250915527,-17.0902347564697,0.54,5.59,4.06,923.48,389.27,2935.67,6.39,4.96,9.08
"QLDNorth","Burke",139.150787353516,-17.1010723114014,0.54,3.46,3.48,13.29,9.33,21.64,13.15,9.33,21
"QLDNorth","Carpentaria",140.948135375977,-17.0974521636963,0.54,3.4,3.51,19.24,13.08,32.46,135.78,69.15,344.32
"QLDNorth","Cairns",146.005630493164,-17.1468601226807,0.54,2.37,4.99,2079.7,747.86,8405.97,35.89,21.44,73.95
"WANorth","Broome",122.289863586426,-17.0664482116699,0.54,5.61,6.05,382.49,176.09,1092.45,33.17,19.94,67.94
"WANorth","Broome",123.285797119141,-17.0445117950439,0.54,5.61,6.05,389.13,177.23,1132.4,91.02,47.78,224.41
"WANorth","Derby-West Kimberley",123.660873413086,-17.0353832244873,0.54,5.63,5.86,271.82,133.32,706.54,108.42,55.44,277.49
"WANorth","Derby-West Kimberley",123.685234069824,-17.0413150787354,0.54,5.61,5.92,402.21,185.85,1137.62,169.68,81.49,473.77
"WANorth","Derby-West Kimberley",123.807083129883,-17.038854598999,0.54,5.6,4.15,538.61,242.98,1563.76,6.04,4.72,8.48
"QLDNorth","Doomadgee",139.092681884766,-16.9999408721924,0.54,3.42,4.05,16.37,11.2,27.57,6.96,5.34,10.03
"QLDNorth","Burke",139.120666503906,-17.0100116729736,0.54,3.42,3.58,16.55,11.3,27.95,12.72,9.06,20.19
"QLDNorth","Carpentaria",140.943222045898,-17.0436038970947,0.54,3.4,5.7,19.17,13.02,32.36,39.74,23.31,84.23
"QLDNorth","Yarrabah",145.912002563477,-17.0747356414795,0.54,2.38,4.92,1827.79,670.11,7187.89,38.22,22.52,80.55
"WANorth","Broome",122.361793518066,-16.9978256225586,0.54,5.62,6,313.04,148.17,860.54,38.74,22.78,81.9
"WANorth","Broome",122.368659973145,-16.9945831298828,0.54,5.62,6.26,304.84,144.72,834.78,137.25,68.32,363.43
"WANorth","Broome",123.275177001953,-17.0187091827393,0.54,5.61,4.52,441.45,197.49,1317.14,6.11,4.77,8.59
"WANorth","Derby-West Kimberley",123.796585083008,-16.9986591339111,0.54,5.61,3.59,380.89,179.98,1038.11,12.74,9.08,20.21
"QLDNorth","Doomadgee",139.04817199707,-16.9529838562012,0.54,3.41,3.48,17.24,11.71,29.3,160.33,81.99,398.83
"QLDNorth","Carpentaria",140.95344543457,-16.9973220825195,0.54,3.4,5.75,19.29,13.1,32.59,28.16,17.35,55.75
"QLDNorth","Yarrabah",145.916687011719,-16.9676456451416,0.54,2.38,4.81,1805.39,661.96,7104.3,63.48,34.91,147.06
"WANorth","Broome",122.425003051758,-16.9580631256104,0.54,5.62,5.88,301.65,143.4,824.57,38.99,22.98,81.94
"WANorth","Broome",122.47590637207,-16.9466228485107,0.54,5.62,6.21,347.83,161.21,987.25,232.36,106.87,688.57
"WANorth","Broome",123.236099243164,-16.9667892456055,0.54,5.6,4.03,517.84,225.45,1608.03,9.87,7.21,15.22
"WANorth","Derby-West Kimberley",123.84156036377,-16.9431324005127,0.54,5.61,3.68,391.58,186.89,1046.87,10.47,7.65,16.07
"QLDNorth","Doomadgee",138.942565917969,-16.880672454834,0.54,3.35,4.07,28.3,17.99,52.68,42.62,25.74,84.98
"QLDNorth","Carpentaria",140.999237060547,-16.9440288543701,0.54,3.4,5.52,19.09,12.97,32.21,79.65,43.58,183.07
"QLDNorth","Cairns",146.001770019531,-16.9421482086182,0.54,2.37,4.6,2135.92,765.16,8679.25,49.39,28.17,108.69
"WANorth","Broome",122.545806884766,-16.8801078796387,0.54,5.62,6.13,344.25,160.06,971.95,152.35,75.98,398.69
"WANorth","Broome",123.184837341309,-16.9275875091553,0.54,5.6,6.36,601.99,254.59,1953.59,234.04,107.94,689.42
"WANorth","Derby-West Kimberley",123.777725219727,-16.902904510498,0.54,5.61,3.88,428.23,197.38,1212.19,7.06,5.4,10.19
"WANorth","Derby-West Kimberley",123.835624694824,-16.8986587524414,0.54,5.6,3.77,519.68,237.74,1474.51,7.15,5.46,10.35
"QLDNorth","Burke",138.850082397461,-16.8656177520752,0.54,3.35,4.02,28.54,18.1,53.33,10.5,7.68,16.1
"QLDNorth","Doomadgee",138.892303466797,-16.8733081817627,0.54,3.35,4.03,29.26,18.49,54.96,65.62,37.23,142.78
"QLDNorth","Carpentaria",141.049575805664,-16.8861103057861,0.54,3.4,5.62,19.03,12.95,32.08,60.99,33.82,139.42
"QLDNorth","Cairns",145.999176025391,-16.9174575805664,0.54,2.37,4.52,3168.59,1066.83,14079.13,57.3,31.99,129.94
"WANorth","Broome",122.530799865723,-16.841724395752,0.54,5.62,6.06,357.27,165.56,1012.64,145.82,73.67,373.45
"WANorth","Broome",123.180473327637,-16.8580284118652,0.54,5.6,4.09,678.7,281.99,2258.29,10.69,7.73,16.67
"WANorth","Derby-West Kimberley",123.741958618164,-16.8319988250732,0.54,5.61,3.75,369.19,175.66,995.64,12.29,8.82,19.29
"QLDNorth","Burke",138.785995483398,-16.8390083312988,0.54,3.35,4.08,28.23,17.95,52.57,85.86,47.2,194.62
"QLDNorth","Carpentaria",141.066116333008,-16.8559246063232,0.54,3.4,3.8,19.14,13.01,32.26,75.66,42.35,167.25
"QLDNorth","Yarrabah",145.912048339844,-16.8647308349609,0.54,2.37,5.1,3243.65,1090.55,14428.04,19.27,12.61,34.9
"QLDNorth","Yarrabah",145.929809570312,-16.8617134094238,0.54,2.37,4.41,3056.74,1037.65,13407.63,55.98,31.34,126.45
"WANorth","Broome",122.552360534668,-16.8030338287354,0.54,5.61,5.96,392.5,179.18,1136.72,194.18,95.01,517.9
"WANorth","Broome",123.154022216797,-16.7992839813232,0.54,5.59,6.32,768.17,315.91,2583.75,192.54,94.64,509.44
"WANorth","Derby-West Kimberley",123.67862701416,-16.7564373016357,0.54,5.62,4,333.47,161.04,880.81,7.45,5.67,10.87
"WANorth","Derby-West Kimberley",123.710670471191,-16.7799625396729,0.54,5.61,4.11,486.01,220.75,1402.1,6.24,4.87,8.79
"QLDNorth","Burke",138.382385253906,-16.7451858520508,0.54,3.35,4.22,28.87,18.27,54.14,6.42,4.98,9.08
"QLDNorth","Burke",138.429443359375,-16.7687435150146,0.54,3.35,3.99,28.33,17.97,52.97,8.24,6.19,12.22
"QLDNorth","Burke",138.473739624023,-16.7738361358643,0.54,3.35,3.65,29.4,18.55,55.37,14.29,9.95,23.47
"QLDNorth","Burke",138.525970458984,-16.7795276641846,0.54,3.35,4.08,29.58,18.66,55.74,7.53,5.72,10.97
"QLDNorth","Burke",138.579299926758,-16.7746887207031,0.54,3.34,3.89,30.08,18.94,56.74,9.51,7,14.48
"QLDNorth","Burke",138.636611938477,-16.7679862976074,0.54,3.34,3.67,30.47,19.18,57.53,14.22,9.91,23.37
"QLDNorth","Burke",138.680358886719,-16.7960319519043,0.54,3.35,4.16,27.47,17.53,50.87,8.8,6.59,13.07
"QLDNorth","Burke",138.737106323242,-16.8132152557373,0.54,3.35,3.99,28.72,18.2,53.7,95.46,51.33,223.85
"QLDNorth","Carpentaria",141.103515625,-16.7927532196045,0.54,3.4,3.69,18.43,12.58,30.92,95.55,51.37,224.19
"QLDNorth","Cairns",145.726104736328,-16.8030052185059,0.54,2.37,5.05,3082.03,1045.39,13531.45,19.71,12.85,35.95
"QLDNorth","Cairns",145.737869262695,-16.8133316040039,0.54,2.37,4.77,3054.64,1037.38,13388.36,69.05,37.7,161.11
"WANorth","Broome",122.583396911621,-16.7595157623291,0.54,5.61,5.98,463.11,204.74,1408,71.27,38.77,167.07
"WANorth","Broome",122.612152099609,-16.7646045684814,0.54,5.61,5.97,440.42,195.93,1327.9,73.62,39.85,173.79
"WANorth","Broome",122.693992614746,-16.7739105224609,0.54,5.61,5.38,401.45,180.84,1189.86,74.11,40.02,175.69
"WANorth","Broome",122.743278503418,-16.7536392211914,0.54,5.61,5.69,372.96,169.72,1090.06,520.58,226.46,1618.36
"WANorth","Broome",123.140037536621,-16.7331829071045,0.54,5.59,2.08,701.07,295.91,2260.59,32555.35,8039.55,220672.7
"WANorth","Derby-West Kimberley",123.621742248535,-16.6970691680908,0.54,5.61,4.21,463.26,212.38,1318.07,9.54,6.99,14.66
"QLDNorth","Burke",138.258728027344,-16.7450256347656,0.54,3.05,6.41,214835035,16230811.2,7365801886.01,5.81,4.58,8.08
"QLDNorth","Mornington",139.228988647461,-16.7413368225098,0.54,3.32,3.82,39.19,23.47,79.83,10.59,7.75,16.18
"QLDNorth","Mornington",139.309539794922,-16.753978729248,0.54,3.41,3.52,17.15,11.64,29.2,222.31,105.33,624.26
"QLDNorth","Carpentaria",141.156280517578,-16.7444496154785,0.54,3.4,5.66,19.06,12.95,32.19,70.02,38.14,163.93
"QLDNorth","Cairns",145.689025878906,-16.7297172546387,0.54,2.37,4.21,2998.6,1020.88,13098.12,45.11,26.15,96.8
"WANorth","Broome",122.739082336426,-16.6962604522705,0.54,5.61,5.61,424.65,189.79,1272.5,553.84,237.07,1767.18
"WANorth","Broome",123.093902587891,-16.7009868621826,0.54,5.61,4.25,428.43,196.21,1226.93,13.74,9.6,22.5
"WANorth","Derby-West Kimberley",123.527755737305,-16.6688785552979,0.54,5.6,4.15,605.37,267,1818.02,9.06,6.7,13.7
"QLDNorth","Burke",138.204544067383,-16.6965427398682,0.54,3.35,4.4,28.45,18.02,53.33,6.16,4.83,8.59
"QLDNorth","Mornington",139.103439331055,-16.673942565918,0.54,3.31,3.97,44.2,26.38,89.86,11.78,8.45,18.56
"QLDNorth","Mornington",139.380981445312,-16.7104110717773,0.54,3.4,3.6,18.52,12.47,31.89,11.19,8.09,17.46
"QLDNorth","Mornington",139.431930541992,-16.6998081207275,0.54,3.39,3.75,20.23,13.43,35.51,9.65,7.16,14.49
"QLDNorth","Mornington",139.483444213867,-16.6868915557861,0.54,3.4,3.54,18.82,12.65,32.49,232.23,109.31,658.13
"QLDNorth","Carpentaria",141.201629638672,-16.6889476776123,0.54,3.39,5.87,19.59,13.26,33.24,22.99,14.75,42.69
"QLDNorth","Cairns",145.686981201172,-16.7215843200684,0.54,2.37,4.15,3138.36,1061.94,13824.07,56.1,31.49,126.07
"WANorth","Broome",122.758804321289,-16.6481990814209,0.54,5.61,5.48,463.85,204.5,1417.35,733.06,295.88,2562.45
"WANorth","Broome",123.038879394531,-16.6411304473877,0.54,5.61,4.23,417.33,190.57,1203.3,15.04,10.37,25.09
"WANorth","Derby-West Kimberley",123.477340698242,-16.6396064758301,0.54,5.6,4.03,639.29,279.2,1948.04,11.78,8.4,18.77
"QLDNorth","Burke",138.109039306641,-16.6342353820801,0.54,3.35,4.06,28.7,18.14,53.97,8.5,6.35,12.68
"QLDNorth","Burke",138.141159057617,-16.6566505432129,0.54,3.35,4.32,28.38,17.98,53.2,6.6,5.13,9.29
NA,"Mornington",139.094833374023,-16.6291751861572,0.54,3.31,4.22,43.57,26.09,88.09,8.66,6.51,12.76
"QLDNorth","Mornington",139.505645751953,-16.6401557922363,0.54,3.4,3.76,18.78,12.64,32.29,89.97,48.52,210.77
"QLDNorth","Carpentaria",141.220474243164,-16.645679473877,0.54,3.39,5.84,20.46,13.77,34.98,24.37,15.51,45.73
"QLDNorth","Douglas",145.626510620117,-16.6954975128174,0.54,2.36,4.11,3147.9,1065.52,13854.45,60.72,33.67,138.87
"WANorth","Broome",122.767601013184,-16.5899047851562,0.54,5.6,5.33,543.73,234.55,1712.02,400.6,169.73,1335.04
"WANorth","Broome",123.041023254395,-16.6141128540039,0.54,5.61,4.13,427.83,194.96,1236.45,18.91,12.63,32.98
"WANorth","Derby-West Kimberley",123.402015686035,-16.5954914093018,0.54,5.59,4.05,874.46,370.31,2765.45,18.62,12.47,32.33
"QLDNorth","Burke",138.054504394531,-16.585880279541,0.54,3.35,4.32,28.34,17.93,53.21,6.71,5.21,9.47
"QLDNorth","Mornington",139.134765625,-16.5949783325195,0.54,3.31,4.24,44.39,26.51,90.1,8.37,6.32,12.27
"QLDNorth","Mornington",139.533416748047,-16.5946025848389,0.54,3.4,3.68,19.14,12.85,33.02,135.74,68.73,348.02
"QLDNorth","Carpentaria",141.229339599609,-16.5890846252441,0.54,3.39,5.78,21.03,14.11,36.07,30.8,18.91,60.93
"QLDNorth","Douglas",145.550155639648,-16.6172313690186,0.54,2.36,4.02,2900.14,993.86,12541.85,108.16,55.46,275.34
"WANorth","Broome",122.802848815918,-16.5510406494141,0.54,5.6,5.15,555.93,239.34,1754.3,675.43,267.17,2469.98
"WANorth","Broome",123.010116577148,-16.5286808013916,0.54,5.61,4.18,399.87,183.59,1144.68,18.43,12.35,32.01
"WANorth","Derby-West Kimberley",123.426895141602,-16.5296878814697,0.54,5.59,4.59,861.01,367.16,2691.72,9.54,7.02,14.55
"QLDNorth","Burke",138.031524658203,-16.5585155487061,0.54,3.35,4.16,28.5,18.02,53.6,8.23,6.22,12.07
"QLDNorth","Mornington",139.182846069336,-16.5619888305664,0.54,3.3,3.97,49.5,28.99,103.5,12.65,9,20.13
"QLDNorth","Mornington",139.554794311523,-16.5441150665283,0.54,3.4,4.13,18.92,12.74,32.48,6.67,5.17,9.43
"QLDNorth","Mornington",139.640274047852,-16.5737686157227,0.54,3.4,3.64,19.47,13.05,33.66,163.83,81.23,431.26
"QLDNorth","Carpentaria",141.271575927734,-16.54079246521,0.54,3.39,5.8,20.65,13.9,35.3,30.89,18.95,61.16
"QLDNorth","Douglas",145.504592895508,-16.550365447998,0.54,2.36,3.93,2778.01,958.62,11893.72,206.17,96.83,592.1
"WANorth","Broome",122.856956481934,-16.5005264282227,0.54,5.6,5.42,539.58,233.68,1687.43,91.74,47.82,229.2
"WANorth","Broome",123.044677734375,-16.4756278991699,0.54,5.61,4.52,434.31,197.72,1256.29,10.73,7.72,16.92
"WANorth","Derby-West Kimberley",123.427047729492,-16.498477935791,0.54,5.59,4.27,835.21,355.76,2620.83,10.92,7.84,17.26
"NT","Roper Gulf",137.948471069336,-16.4930438995361,0.54,3.35,3.73,27.74,17.58,52.02,13.68,9.59,22.27
"NT","Roper Gulf",137.986282348633,-16.5220470428467,0.54,3.35,4.72,28.72,18.13,54.13,4.47,3.67,5.86
"QLDNorth","Mornington",139.221939086914,-16.4744396209717,0.54,3.33,4.49,35.74,22.11,68.91,6.81,5.26,9.66
"QLDNorth","Mornington",139.733795166016,-16.4616641998291,0.54,3.38,3.59,21.21,14.23,36.42,746.04,304.07,2557
"QLDNorth","Carpentaria",141.301391601562,-16.4854583740234,0.54,3.38,5.88,21.7,14.51,37.45,22.12,14.23,41
"QLDNorth","Douglas",145.473693847656,-16.4987049102783,0.54,2.36,4.64,2622.09,912.26,11098.58,309.19,137.94,950.8
"WANorth","Broome",122.892707824707,-16.4416065216064,0.54,5.61,5.85,417.1,186.74,1247.33,141.65,70.85,370.64
"WANorth","Broome",123.053565979004,-16.4397144317627,0.54,5.6,4.14,655.2,280.54,2066.67,7.15,5.44,10.46
"WANorth","Derby-West Kimberley",123.479637145996,-16.4148178100586,0.54,5.62,3.85,335.01,157.23,931.36,11.88,8.51,18.78
"NT","Roper Gulf",137.893630981445,-16.4424781799316,0.54,2.15,2.66,27.82,17.6,52.29,10.74,7.8,16.64
"QLDNorth","Mornington",139.308975219727,-16.4366893768311,0.54,3.36,3.82,26.38,17.1,47.56,11.35,8.19,17.75
"QLDNorth","Mornington",139.36604309082,-16.4459438323975,0.54,3.36,4.65,25.24,16.48,45.06,4.72,3.84,6.25
"QLDNorth","Mornington",139.394424438477,-16.4029521942139,0.54,3.35,4.44,27.29,17.64,49.38,6.9,5.33,9.82
"QLDNorth","Mornington",139.715118408203,-16.4232425689697,0.54,3.37,4.07,23.01,15.23,40.25,57.1,32.91,121.8
"QLDNorth","Carpentaria",141.302947998047,-16.4548301696777,0.54,3.38,6.11,22.43,14.93,38.95,8.84,6.5,13.57
"QLDNorth","Douglas",145.413314819336,-16.4441947937012,0.54,2.36,4.72,2632.53,914.93,11161.77,137.8,72.1,331.84
"WANorth","Broome",123.036972045898,-16.390869140625,0.54,5.6,4.43,626.32,270.86,1945.31,33619.38,8212.92,232049.87
"WANorth","Derby-West Kimberley",123.528800964355,-16.3856620788574,0.54,5.62,4.37,284.95,136,775.96,43761.45,10231.38,322144.44
"WANorth","Derby-West Kimberley",124.572593688965,-16.4047241210938,0.54,5.52,5.57,53224.55,12031.14,411893.24,5.48,4.32,7.6
"WANorth","Derby-West Kimberley",124.624954223633,-16.3990993499756,0.54,5.52,5.24,50770.81,11634.02,384180.19,7.43,5.67,10.75
"NT","Roper Gulf",137.843139648438,-16.3875751495361,0.54,2.16,2.74,26.57,16.91,49.56,9.33,6.92,14.04
"QLDNorth","Mornington",139.448699951172,-16.3945960998535,0.54,3.35,4.31,28.01,18.05,50.88,6.19,4.85,8.65
"QLDNorth","Mornington",139.506072998047,-16.3825073242188,0.54,3.36,4.36,25.41,16.61,45.24,5.91,4.67,8.13
"QLDNorth","Mornington",139.564331054688,-16.3767108917236,0.54,3.37,4.3,24.15,15.9,42.54,7.57,5.78,10.93
"QLDNorth","Mornington",139.626251220703,-16.3750514984131,0.54,3.38,4.05,22.2,14.75,38.68,62.82,35.55,137.8
"QLDNorth","Carpentaria",141.296936035156,-16.3879909515381,0.54,3.38,6.33,22.08,14.73,38.21,6.91,5.28,10.03
"QLDNorth","Douglas",145.420806884766,-16.3844795227051,0.54,2.36,5.45,2525.98,883.34,10616.63,7.27,5.52,10.65
"WANorth","Broome",122.928512573242,-16.3830013275146,0.54,5.63,5.98,264.95,126.83,721.01,118.79,61.95,290.68
"WANorth","Broome",123.008804321289,-16.3651638031006,0.54,5.63,7.94,265.66,128.57,708.37,86.97,47.66,198.05
"WANorth","Derby-West Kimberley",123.510055541992,-16.3647518157959,0.54,5.63,7.95,255.6,123.82,682.04,82.11,45.33,185.16
"WANorth","Derby-West Kimberley",124.230072021484,-16.3460998535156,0.54,5.68,2.25,83.07,46.67,181.24,35466.9,8579.91,248428.58
"WANorth","Derby-West Kimberley",124.337013244629,-16.3533782958984,0.54,5.69,2.25,70.87,40.97,148.19,38982.84,9269.71,280200.42
"WANorth","Derby-West Kimberley",124.57982635498,-16.3401622772217,0.54,5.52,4.98,51851.55,11775.92,398453.62,9.84,7.14,15.36
"WANorth","Derby-West Kimberley",124.623229980469,-16.3407764434814,0.54,5.52,5.39,54460.47,12362.63,417432.13,7.77,5.91,11.29
"NT","Roper Gulf",137.798065185547,-16.3308277130127,0.54,2.15,2.5,27.6,17.47,51.9,927.35,367.23,3305.49
"QLDNorth","Carpentaria",141.316589355469,-16.3420944213867,0.54,3.38,5.67,22.57,15.01,39.23,124.05,66.62,286.76
"QLDNorth","Douglas",145.437911987305,-16.3215923309326,0.54,2.37,6.75,2343.84,829.84,9674.6,83.68,45.85,191.18
"WANorth","Derby-West Kimberley",123.479431152344,-16.2839679718018,0.54,5.62,8,337.65,157.7,946.66,72.05,40.66,157.35
"WANorth","Derby-West Kimberley",124.182273864746,-16.3045463562012,0.54,5.68,1.83,93.65,51.28,212.55,9.25,6.77,14.24
"WANorth","Derby-West Kimberley",124.370468139648,-16.30246925354,0.54,5.69,1.7,72.26,41.45,153.08,12.73,9.11,20.05
"NT","Roper Gulf",137.776031494141,-16.2903213500977,0.54,2.14,2.47,29.63,18.58,56.39,1337.14,506.13,5059.13
"QLDNorth","Carpentaria",141.331832885742,-16.2933940887451,0.54,3.38,5.93,22.75,15.11,39.59,88.38,48.2,202.9
"QLDNorth","Douglas",145.472015380859,-16.2848663330078,0.54,2.36,6.5,2435.47,858.08,10119.06,66.66,36.94,151.57
"WANorth","Derby-West Kimberley",123.464195251465,-16.2380619049072,0.54,5.6,7.45,578.51,249.85,1810.29,55.03,31.46,119.51
"WANorth","Derby-West Kimberley",123.998580932617,-16.2509937286377,0.54,5.67,6,112.17,59.96,263.11,73.06,40.6,164.08
"WANorth","Derby-West Kimberley",124.046356201172,-16.2391033172607,0.54,5.67,6.02,104.81,56.57,242.59,101.11,53.18,246.3
"WANorth","Derby-West Kimberley",124.106101989746,-16.2285804748535,0.54,5.67,6.1,104.51,56.38,242.11,63.96,36.56,137.47
"WANorth","Derby-West Kimberley",124.146224975586,-16.244119644165,0.54,5.67,2.3,101.58,54.94,234.73,6.24,4.85,8.81
"WANorth","Derby-West Kimberley",124.378295898438,-16.2306747436523,0.54,5.68,2.57,87.94,48.45,198.16,5.52,4.38,7.56
"NT","Roper Gulf",137.735229492188,-16.2372245788574,0.54,2.13,2.51,34.86,21.42,68.18,1020.81,402.02,3652.25
"QLDNorth","Carpentaria",141.344482421875,-16.2220611572266,0.54,3.38,6.57,22.7,15.08,39.47,50,29.33,104.08
"QLDNorth","Douglas",145.474395751953,-16.2385120391846,0.54,2.36,6.43,2787,962.29,11916.41,35.32,21.28,71.71
"WANorth","Derby-West Kimberley",123.46981048584,-16.2051620483398,0.54,5.63,6.77,237.51,115.35,633.74,42.92,25.11,90.81
"WANorth","Derby-West Kimberley",123.890998840332,-16.1812705993652,0.54,5.67,6.47,108.45,58.83,248.14,59.29,34.01,127.25
"WANorth","Derby-West Kimberley",123.949371337891,-16.1897735595703,0.54,5.67,2.06,112.56,60.46,261.66,12.73,8.98,20.58
"WANorth","Derby-West Kimberley",124.384140014648,-16.1881065368652,0.54,5.68,1.26,92.24,50.33,210.97,11.45,8.21,18.07
"NT","Roper Gulf",137.479522705078,-16.1630687713623,0.54,2.12,2.69,37.7,22.81,75.5,11.38,8.17,17.95
"NT","Roper Gulf",137.523498535156,-16.201192855835,0.54,2.16,2.96,25.51,16.56,45.95,11.25,8.09,17.7
"NT","Roper Gulf",137.585739135742,-16.1782817840576,0.54,2.11,2.55,42.64,25.42,87.08,14.41,10.01,23.8
"NT","Roper Gulf",137.62516784668,-16.1928215026855,0.54,2.11,3.65,42.71,25.45,87.31,5.56,4.41,7.64
"NT","Roper Gulf",137.675552368164,-16.215633392334,0.54,2.11,2.56,43.73,25.96,89.84,881.44,352.66,3092.49
"QLDNorth","Carpentaria",141.367401123047,-16.18971824646,0.54,3.38,6.67,22.77,15.12,39.62,49.42,28.49,106.49
"QLDNorth","Douglas",145.470916748047,-16.209602355957,0.54,2.36,5.82,2729.62,945.33,11621.6,55.08,31.67,118.29
"WANorth","Derby-West Kimberley",123.523788452148,-16.1400356292725,0.54,5.65,5.98,171.98,87.4,430.92,83.26,44.76,197.32
"WANorth","Derby-West Kimberley",123.58341217041,-16.1436748504639,0.54,5.65,6.46,153.46,79.64,372.69,31.56,19.13,63.88
"WANorth","Derby-West Kimberley",123.629730224609,-16.1565017700195,0.54,5.66,7,134.82,71.57,316.6,58.55,33.58,125.81
"WANorth","Derby-West Kimberley",123.801727294922,-16.1375675201416,0.54,5.67,2.27,110.95,60.26,252.98,12.74,8.98,20.66
"WANorth","Derby-West Kimberley",124.400367736816,-16.1646690368652,0.54,5.68,1.5,92.58,50.43,212.37,13.01,9.15,21.14
"NT","Roper Gulf",137.377471923828,-16.1210117340088,0.54,2.12,3.4,37.33,22.56,74.98,6.7,5.18,9.54
"NT","Roper Gulf",137.422714233398,-16.1368770599365,0.54,2.12,2.54,38.7,23.29,78.16,1145.87,446.38,4151.65
"QLDNorth","Carpentaria",141.388519287109,-16.1479759216309,0.54,3.37,7.07,23.38,15.47,40.91,19.14,12.57,34.46
"QLDNorth","Douglas",145.466705322266,-16.1219749450684,0.54,2.36,6.35,2717.3,941.3,11567.34,18.03,11.95,32.05
"WANorth","Derby-West Kimberley",123.690673828125,-16.1033382415771,0.54,5.66,6.89,132.84,70.43,312.97,67.42,38.22,146.66
"WANorth","Derby-West Kimberley",123.783554077148,-16.1084957122803,0.54,5.66,6.79,123.37,65.76,289.17,78.98,44.3,173.37
"WANorth","Derby-West Kimberley",124.438056945801,-16.0885257720947,0.54,5.69,5.92,79.48,44.33,176.26,77.89,43.81,170.29
"WANorth","Derby-West Kimberley",124.480964660645,-16.0828495025635,0.54,5.69,5.84,75.81,42.67,165.85,71.34,40.71,152.71
"WANorth","Derby-West Kimberley",124.484535217285,-16.0912246704102,0.54,5.69,1.55,74.58,42.14,162.17,9.14,6.75,13.9
"WANorth","Derby-West Kimberley",124.582328796387,-16.0861358642578,0.54,5.7,2.02,69.44,39.97,146.52,6.83,5.26,9.76
"NT","Roper Gulf",137.314041137695,-16.0900917053223,0.54,2.13,2.52,35.85,21.83,71.2,1230.33,475.87,4496
"QLDNorth","Carpentaria",141.423645019531,-16.0846576690674,0.54,3.37,7.94,24.12,15.89,42.45,65.97,37.89,140.27
"QLDNorth","Douglas",145.476913452148,-16.0783138275146,0.54,2.36,7.09,2853.55,981.04,12279.84,61.39,35.61,128.74
"WANorth","Wyndham-East Kimberley",124.507705688477,-16.0009384155273,0.54,5.7,1.56,63.9,36.95,134.44,9.11,6.73,13.81
"WANorth","Derby-West Kimberley",124.578079223633,-16.0340747833252,0.54,5.7,1.42,65.26,37.58,138.14,14.06,9.91,22.66
"NT","Roper Gulf",137.263488769531,-16.0328502655029,0.54,2.13,2.57,35.31,21.62,69.47,958.4,383.28,3346.26
"QLDNorth","Carpentaria",141.412094116211,-16.0328712463379,0.54,3.37,7.84,24.77,16.26,43.8,59.24,34.68,122.37
"QLDNorth","Douglas",145.469268798828,-16.0456676483154,0.54,2.36,2.91,2872.18,986.38,12379.65,6.8,5.22,9.8
"WANorth","Wyndham-East Kimberley",124.469848632812,-15.9841394424438,0.54,5.68,1.82,91.48,50.43,205.37,6.48,5.02,9.22
"NT","Roper Gulf",136.717742919922,-15.9318742752075,0.54,2.16,2.9,25.46,16.28,47.22,7.09,5.43,10.22
"NT","Roper Gulf",136.775665283203,-15.9081058502197,0.54,2.15,2.88,26.97,17.11,50.59,7.51,5.71,10.93
"NT","Roper Gulf",136.873657226562,-15.9208135604858,0.54,2.14,2.86,32.06,19.87,62.07,7.44,5.67,10.81
"NT","Roper Gulf",136.912231445312,-15.931248664856,0.54,2.13,2.78,33.62,20.73,65.53,7.65,5.8,11.21
"NT","Roper Gulf",136.940460205078,-15.9319181442261,0.54,2.15,2.83,28.24,17.84,53.19,7.71,5.85,11.29
"NT","Roper Gulf",137.019271850586,-16.0027828216553,0.54,2.17,2.9,23.61,15.27,43.08,7.82,5.92,11.43
"NT","Roper Gulf",137.04931640625,-16.0199108123779,0.54,2.16,2.69,26.45,16.84,49.33,14.8,10.21,24.7
"NT","Roper Gulf",137.094848632812,-16.0026454925537,0.54,2.14,2.69,31.02,19.41,59.09,14.99,10.32,25.08
"NT","Roper Gulf",137.174819946289,-15.9785556793213,0.54,2.12,2.7,35.97,21.99,70.88,15.82,10.99,25.97
"NT","Roper Gulf",137.203567504883,-15.9930019378662,0.54,2.12,2.5,37.4,22.73,74.36,1323.93,513.87,4783.92
"QLDNorth","Carpentaria",141.398162841797,-15.9851207733154,0.54,3.36,7.72,26.59,17.28,47.7,71.42,40.36,155.64
"QLDNorth","Douglas",145.451736450195,-16.007360458374,0.54,2.36,2.55,3053.74,1038.9,13340.76,9.08,6.61,14.2
"WANorth","Wyndham-East Kimberley",124.447868347168,-15.9390983581543,0.54,5.69,2.42,80.8,44.96,179.78,6.95,5.35,9.94
"NT","Roper Gulf",136.692031860352,-15.9165410995483,0.54,2.14,2.79,31.14,18.7,64.25,1448.25,556.74,5296.4
"QLDNorth","Carpentaria",141.376220703125,-15.9288063049316,0.54,3.35,7.61,27.32,17.72,49.12,72.82,41.55,155.68
"QLDNorth","Douglas",145.425979614258,-15.9622201919556,0.54,2.36,2.9,2887.55,990.7,12463.9,12.07,8.64,19.07
"WANorth","Wyndham-East Kimberley",124.418724060059,-15.8794136047363,0.54,5.68,2.01,84.88,46.94,190.39,272.99,128.98,759.6
"QLDNorth","Carpentaria",141.395263671875,-15.8902997970581,0.54,3.36,7.45,25.72,16.81,45.78,97.74,52.55,228.91
"QLDNorth","Cook",145.369812011719,-15.8689947128296,0.54,2.3,2.85,2835.07,975.73,12181.36,6.58,5.07,9.44
"WANorth","Wyndham-East Kimberley",124.400871276855,-15.8417091369629,0.54,5.68,2.15,88.88,48.7,202.17,7.27,5.57,10.49
"NT","Roper Gulf",136.696868896484,-15.8331832885742,0.54,2.17,2.59,23.68,15.27,43.42,11.23,8.08,17.68
"NT","Roper Gulf",136.986373901367,-15.8503980636597,0.54,2.13,2.93,34.95,21.56,67.86,12.55,8.93,19.99
"NT","Roper Gulf",137.051300048828,-15.8476610183716,0.54,2.13,2.97,35.51,21.89,68.96,284.26,133.7,795.47
"QLDNorth","Carpentaria",141.408508300781,-15.8355550765991,0.54,3.36,7.45,26.54,17.26,47.56,66.11,37.87,141.23
"QLDNorth","Cook",145.38166809082,-15.8379240036011,0.54,2.3,3.2,2913.28,999.62,12565.19,5.02,4.02,6.79
"WANorth","Wyndham-East Kimberley",124.391937255859,-15.7801294326782,0.54,5.67,2.75,103.07,55.5,239.9,4.99,4.01,6.73
"NT","Roper Gulf",136.733367919922,-15.771035194397,0.54,2.17,3.73,24.22,15.58,44.54,4.11,3.39,5.34
"NT","Roper Gulf",136.805557250977,-15.7612228393555,0.54,2.15,2.84,28.01,17.71,52.69,8.72,6.49,13.06
"NT","Roper Gulf",136.979064941406,-15.7855310440063,0.54,2.12,2.88,36.75,22.52,72.03,14.04,9.85,22.83
"NT","Roper Gulf",137.115844726562,-15.7986011505127,0.54,2.13,2.88,33.87,21,65.27,290.92,134.92,834.51
"QLDNorth","Carpentaria",141.415649414062,-15.7776660919189,0.54,3.35,7.15,28.01,18.07,50.76,121.42,64.51,286.55
"QLDNorth","Cook",145.443222045898,-15.754828453064,0.54,2.3,2.79,2881.78,991.44,12376.98,9.17,6.73,14.07
"WANorth","Wyndham-East Kimberley",124.383842468262,-15.7301540374756,0.54,5.67,2.42,114.07,60.93,267.71,9.09,6.68,13.92
"NT","Roper Gulf",136.50260925293,-15.6994524002075,0.54,2.1,2.79,50.22,29.12,106.91,8.94,6.6,13.62
"NT","Roper Gulf",136.530364990234,-15.7224197387695,0.54,2.1,3.25,49.79,28.92,105.64,4.89,3.94,6.58
"NT","Roper Gulf",136.583251953125,-15.7246532440186,0.54,2.1,2.78,50.35,29.21,107.02,8.67,6.47,12.95
"NT","Roper Gulf",136.834075927734,-15.7366256713867,0.54,2.14,2.83,29.8,18.71,56.61,14.4,10.06,23.53
"NT","Roper Gulf",137.107421875,-15.7500600814819,0.54,2.11,2.84,41.01,24.72,82.21,445.38,195.96,1369.83
"QLDNorth","Carpentaria",141.415817260742,-15.7341289520264,0.54,3.35,7.07,28.72,18.46,52.32,109.36,59.31,250.18
"QLDNorth","Cook",145.440780639648,-15.7468500137329,0.54,2.29,2.52,3352.77,1128.29,14854.08,15.32,10.44,26.1
"WANorth","Wyndham-East Kimberley",124.368858337402,-15.680926322937,0.54,5.66,2.14,121.79,64.61,288.22,19.1,12.66,33.78
"NT","Roper Gulf",136.482788085938,-15.6775360107422,0.54,2.09,2.66,53.1,30.49,114.67,9.86,7.23,15.09
"NT","Roper Gulf",136.633483886719,-15.6840410232544,0.54,2.09,2.79,53.07,30.58,113.81,13.89,9.74,22.58
"NT","Roper Gulf",137.102600097656,-15.6938915252686,0.54,2.11,2.81,44.05,26.45,88.57,505.92,217.2,1615.26
"QLDNorth","Carpentaria",141.420745849609,-15.6999979019165,0.54,3.35,6.99,29.27,18.75,53.62,130.19,68.37,312.53
"QLDNorth","Cook",145.357162475586,-15.698748588562,0.54,2.3,2.46,3125.36,1066.29,13560.18,17.1,11.46,29.84
"WANorth","Wyndham-East Kimberley",124.379577636719,-15.6583852767944,0.54,5.66,2.7,129.45,68.14,309.58,7.9,5.95,11.69
"NT","Roper Gulf",136.423294067383,-15.6278944015503,0.54,2.09,2.27,55.17,31.38,120.97,19.53,13.05,33.93
"NT","Roper Gulf",136.684539794922,-15.6152477264404,0.54,2.09,2.84,54.61,31.32,117.97,14.23,9.93,23.32
"NT","Roper Gulf",137.087982177734,-15.6364164352417,0.54,2.1,2.57,50.13,29.24,105.47,1136.48,456.3,3896.52
"QLDNorth","Carpentaria",141.44123840332,-15.6337203979492,0.54,3.34,7.11,30.05,19.15,55.48,58.47,34.76,117.58
"QLDNorth","Cook",145.337219238281,-15.609429359436,0.54,2.3,2.78,3278.76,1114.02,14289.95,9.09,6.66,14.01
"WANorth","Wyndham-East Kimberley",124.410972595215,-15.5899610519409,0.54,5.66,2.63,123.49,65.5,292,9.61,7,14.93
"NT","Roper Gulf",136.316452026367,-15.5838413238525,0.54,2.1,2.65,49.79,28.72,107.13,10.94,7.86,17.27
"NT","Roper Gulf",136.367736816406,-15.6125822067261,0.54,2.09,2.63,52.73,30.17,114.71,10.83,7.8,17.04
"NT","Roper Gulf",136.777084350586,-15.574107170105,0.54,2.09,2.54,57.08,32.51,124.5,13.29,9.35,21.55
"NT","Roper Gulf",136.833297729492,-15.5383195877075,0.54,2.08,2.85,60.2,34.03,132.68,8.65,6.47,12.87
"NT","Roper Gulf",136.904006958008,-15.5475959777832,0.54,2.1,2.41,45.46,26.97,93.26,18.23,12.29,31.31
"NT","Roper Gulf",136.937316894531,-15.5774364471436,0.54,2.09,2.4,53.37,30.9,113.39,19.97,13.32,34.79
"NT","Roper Gulf",137.014739990234,-15.586576461792,0.54,2.1,2.9,50.38,29.44,105.59,14.75,10.23,24.35
"NT","Roper Gulf",137.050201416016,-15.6158323287964,0.54,2.09,2.88,51.41,29.98,108.04,450.88,195.5,1424.25
"QLDNorth","Carpentaria",141.450454711914,-15.5829486846924,0.54,3.34,6.87,31.38,19.86,58.45,131.72,68.22,324.26
"QLDNorth","Cook",145.330215454102,-15.5912666320801,0.54,2.29,2.4,3380.07,1144.58,14794.31,17.83,11.86,31.52
"WANorth","Wyndham-East Kimberley",124.418167114258,-15.539116859436,0.54,5.67,2.7,110.28,59.65,253.41,14.88,10.31,24.65
"NT","Roper Gulf",136.270355224609,-15.5267705917358,0.54,2.1,2.59,47,27.3,100.18,795.96,322.49,2746.43
"QLDNorth","Carpentaria",141.461395263672,-15.5369548797607,0.54,3.34,7.07,31.52,19.92,58.91,67.05,39.22,137.76
"QLDNorth","Cook",145.320785522461,-15.5653171539307,0.54,2.29,5.47,3464.2,1169.61,15221.32,182.32,91.01,470.4
"WANorth","Wyndham-East Kimberley",124.443572998047,-15.4937057495117,0.54,5.66,5.4,116.17,62.5,268.72,209.03,102.21,555.4
"WANorth","Wyndham-East Kimberley",125.000709533691,-15.4780082702637,0.54,4.58,1.52,176.48,89.33,444.68,17.9,11.88,31.76
"WANorth","Wyndham-East Kimberley",125.047920227051,-15.468729019165,0.54,4.58,1.89,158.01,81.25,389.5,15.04,10.4,24.97
"NT","Roper Gulf",136.261825561523,-15.4813098907471,0.54,2.1,5.97,47.77,27.68,102.15,110.89,61.17,245.8
"QLDNorth","Carpentaria",141.469650268555,-15.5078430175781,0.54,3.34,6.41,32.13,20.24,60.31,189.95,94.2,494.79
"WANorth","Wyndham-East Kimberley",124.463150024414,-15.4064741134644,0.54,5.65,5.38,149.61,78.03,360.59,177.42,88.66,457.63
"WANorth","Wyndham-East Kimberley",124.99584197998,-15.4311647415161,0.54,4.58,1.65,162.02,82.88,402.56,17.01,11.36,29.96
"WANorth","Wyndham-East Kimberley",125.066184997559,-15.428539276123,0.54,4.59,1.82,150.17,77.69,367.26,17.3,11.74,29.48
"NT","Roper Gulf",136.219879150391,-15.4033269882202,0.54,2.1,5.87,50.11,28.81,108.4,104.19,57.95,228.37
"QLDNorth","Kowanyama",141.508316040039,-15.4334802627563,0.54,3.33,6.97,33.26,20.84,62.93,126.85,68.83,287.42
"WANorth","Wyndham-East Kimberley",124.356224060059,-15.3932209014893,0.54,5.66,5.37,135.71,71.56,322.55,213.26,104.08,567.88
"WANorth","Wyndham-East Kimberley",124.443748474121,-15.3779649734497,0.54,5.64,5.4,172.06,88.27,423.66,182.8,91.09,473.13
"WANorth","Wyndham-East Kimberley",125.003211975098,-15.3864412307739,0.54,4.58,3.08,177.73,89.52,451.67,9190.31,2635.05,51333.92
"WANorth","Wyndham-East Kimberley",125.033515930176,-15.3738317489624,0.54,4.59,2.99,143.64,74.76,348.34,9551.29,2762.79,52328.96
"WANorth","Wyndham-East Kimberley",128.090316772461,-15.3669605255127,0.54,4.47,3.74,15295.31,4220.02,88677.08,1210.72,460.6,4568.8
"WANorth","Wyndham-East Kimberley",128.120590209961,-15.3749618530273,0.54,4.47,3.5,16160.05,4454.53,93509.52,9.18,6.68,14.32
"WANorth","Wyndham-East Kimberley",128.278747558594,-15.3833827972412,0.54,4.5,3.88,2977.59,1015.65,12966.39,23.13,14.76,43.38
"NT","Roper Gulf",136.115036010742,-15.3544836044312,0.54,2.1,2.63,47.26,27.34,101.52,17.39,11.78,29.67
"NT","Roper Gulf",136.154373168945,-15.3790369033813,0.54,2.1,2.65,47.89,27.67,102.97,679.93,277.65,2337.33
"QLDNorth","Kowanyama",141.528915405273,-15.3784799575806,0.54,3.33,6.95,34.15,21.28,65.2,16.85,11.3,29.37
"QLDNorth","Hope Vale",145.302627563477,-15.3452205657959,0.54,2.32,3.81,3440.87,1166.87,15002.15,6807.66,2032.68,35969.84
"WANorth","Wyndham-East Kimberley",124.32071685791,-15.3089828491211,0.54,5.64,4.21,195.85,97.49,505.57,12125.79,3396.04,69440.67
"WANorth","Wyndham-East Kimberley",128.066925048828,-15.3209896087646,0.54,4.47,4.52,15283.95,4198.59,89337.18,16498.2,4402.98,101282.23
"WANorth","Wyndham-East Kimberley",128.124252319336,-15.3248014450073,0.54,4.47,3.54,19920.05,5270.38,122695.4,8.86,6.48,13.74
"WANorth","Wyndham-East Kimberley",128.128356933594,-15.3167791366577,0.54,4.47,3.38,23662.3,6093.36,151539.08,17.81,12.03,30.52
"NT","Roper Gulf",136.055770874023,-15.3226823806763,0.54,2.11,2.58,43.58,25.45,92.48,879.14,347.48,3156.63
"QLDNorth","Kowanyama",141.540954589844,-15.3341646194458,0.54,3.33,6.83,35.84,22.15,69.23,18.58,12.3,33.02
"QLDNorth","Hope Vale",145.352462768555,-15.2814426422119,0.54,2.32,3.9,3348.12,1140.29,14508.2,4979.31,1568.3,24312.16
"WANorth","Wyndham-East Kimberley",124.343971252441,-15.2859258651733,0.54,5.63,4.29,261.07,125.4,706.59,14545.2,3972.31,86248.06
"WANorth","Wyndham-East Kimberley",128.223083496094,-15.2668571472168,0.54,4.48,3.49,10888.65,3132.65,59728.77,8.85,6.45,13.78
"WANorth","Wyndham-East Kimberley",128.255874633789,-15.2712717056274,0.54,4.46,3.33,47338.11,11186.68,339714.61,17.88,12.08,30.64
"NT","Roper Gulf",135.992614746094,-15.2876634597778,0.54,2.11,2.54,41.64,24.43,87.84,818.99,328.53,2873.76
"QLDNorth","Kowanyama",141.570571899414,-15.2726631164551,0.54,3.32,6.95,37.04,22.74,72.25,10.91,7.79,17.44
"QLDNorth","Hope Vale",145.360290527344,-15.2734632492065,0.54,2.31,6.51,4032.47,1334.27,18212.01,4.51,3.66,6.02
"WANorth","Wyndham-East Kimberley",124.378463745117,-15.2625865936279,0.54,5.62,6.6,289.15,137.01,797.32,7.24,5.48,10.66
"WANorth","Wyndham-East Kimberley",124.414283752441,-15.2452163696289,0.54,5.62,6.17,334.8,155.1,953.37,25.48,16.14,48.11
"WANorth","Wyndham-East Kimberley",124.460670471191,-15.2325954437256,0.54,5.62,6.17,334.52,154.95,952.88,23.65,14.97,45.03
"WANorth","Wyndham-East Kimberley",124.546234130859,-15.2495212554932,0.54,4.56,5.3,279.78,133.57,762.45,11.19,7.86,18.46
"WANorth","Wyndham-East Kimberley",124.58065032959,-15.2420091629028,0.54,4.56,4.9,251.17,122.09,666.72,58.19,32.93,128.33
"WANorth","Wyndham-East Kimberley",124.621078491211,-15.2665252685547,0.54,4.57,4.67,235.43,115.63,615.68,310.83,141.64,917.57
"WANorth","Wyndham-East Kimberley",124.679168701172,-15.2518796920776,0.54,4.57,4.94,233.87,114.93,611.2,51.87,30.29,108.66
"WANorth","Wyndham-East Kimberley",124.713401794434,-15.2531232833862,0.54,4.57,4.63,241.5,118,636.53,318.24,146.77,916.83
"WANorth","Wyndham-East Kimberley",124.784233093262,-15.2281265258789,0.54,4.57,3.22,243.94,118.82,646.29,4499.59,1422.44,21972.93
"WANorth","Wyndham-East Kimberley",124.837158203125,-15.2363758087158,0.54,4.57,3.31,196.21,97.92,504.06,4241.7,1359.22,20273.18
"WANorth","Wyndham-East Kimberley",128.223709106445,-15.2203645706177,0.54,4.48,3.52,9964.67,2882.62,54426.37,8.88,6.46,13.93
"WANorth","Wyndham-East Kimberley",128.232849121094,-15.2348432540894,0.54,4.48,3.5,8279.25,2464.45,43408.21,9.02,6.54,14.17
"NT","Roper Gulf",135.898361206055,-15.2207584381104,0.54,2.12,2.55,36.69,21.9,75.61,18.33,12.34,31.56
"NT","Roper Gulf",135.923324584961,-15.2407388687134,0.54,2.12,2.81,38.98,23.09,81.18,275.46,125.11,825.55
"QLDNorth","Kowanyama",141.574462890625,-15.2235231399536,0.54,3.32,6.57,38.69,23.58,76.3,60.85,34.78,131.24
"QLDNorth","Hope Vale",145.327423095703,-15.2295150756836,0.54,2.32,3.88,3725.92,1244.15,16630.96,3392.04,1122.17,15505.44
"WANorth","Wyndham-East Kimberley",124.837196350098,-15.1718883514404,0.54,4.57,3.21,240.61,116.6,644.02,4303.68,1401.44,19937.5
"WANorth","Wyndham-East Kimberley",128.212966918945,-15.1749248504639,0.54,4.48,5.66,7904.99,2371.27,40980.18,83.38,45.31,193.52
"WANorth","Wyndham-East Kimberley",128.237503051758,-15.1760940551758,0.54,4.47,5.67,22337.29,5818.94,140543.24,86.97,46.9,204.22
"NT","Victoria Daly",129.196029663086,-15.1625785827637,0.54,4.49,2.83,4286.85,1386.16,20128.3,9.25,6.68,14.65
"NT","Victoria Daly",129.199676513672,-15.160961151123,0.54,4.49,2.68,4958.89,1572.17,23921.83,15.97,10.96,26.8
"NT","Roper Gulf",135.844009399414,-15.1683340072632,0.54,2.12,2.81,37.75,22.45,78.24,267.97,121.96,801.65
"QLDNorth","Kowanyama",141.595138549805,-15.185079574585,0.54,3.32,6.61,38.94,23.65,77.29,42.09,25.24,85.09
"QLDNorth","Hope Vale",145.333099365234,-15.2225074768066,0.54,2.31,5.72,3885.31,1289.97,17479.28,145.2,73.55,370.15
"WANorth","Wyndham-East Kimberley",124.855361938477,-15.1429424285889,0.54,4.57,5.16,237.09,115.8,626.07,98.87,53.11,231.74
"WANorth","Wyndham-East Kimberley",125.304618835449,-15.1396646499634,0.54,4.6,3.86,108.59,58.18,254.2,138.16,69.37,359.49
"WANorth","Wyndham-East Kimberley",125.365219116211,-15.1228294372559,0.54,4.61,4.74,98.82,53.85,225.56,202.82,98.87,543.15
"NT","Victoria Daly",129.229110717773,-15.0611801147461,0.54,4.49,5.81,3647.65,1265.74,15191.2,256.58,121.43,714.75
"NT","Victoria Daly",129.598754882812,-15.134729385376,0.54,4.55,1.5,408.82,188.3,1161.98,7.03,5.27,10.57
"NT","Victoria Daly",129.627670288086,-15.1251249313354,0.54,4.54,1.84,538.27,243.77,1551.97,9.29,6.7,14.74
"NT","Roper Gulf",135.670120239258,-15.1215038299561,0.54,2.22,3.16,16.48,10.91,29.53,9.25,6.67,14.68
"NT","Roper Gulf",135.742385864258,-15.1108503341675,0.54,2.12,2.71,39.68,23.24,84.4,12.69,9.01,20.28
"NT","Roper Gulf",135.779724121094,-15.1316137313843,0.54,2.12,2.67,38.48,22.68,80.99,368.63,161.18,1162.9
"QLDNorth","Kowanyama",141.624618530273,-15.1111812591553,0.54,2.42,5.71,41.22,24.82,82.86,51.06,30.05,105.51
"QLDNorth","Hope Vale",145.26692199707,-15.0901155471802,0.54,2.32,5.65,3443.03,1165.22,15067.96,166.5,82.02,443.26
"WANorth","Wyndham-East Kimberley",124.845108032227,-15.0398464202881,0.54,4.57,5.13,243.72,118.62,646.64,175.4,86.05,468.78
"WANorth","Wyndham-East Kimberley",125.261390686035,-15.0821933746338,0.54,4.59,4.78,135.49,70.33,331.43,126.08,65.52,309.29
"WANorth","Wyndham-East Kimberley",125.309417724609,-15.0748262405396,0.54,4.59,3.98,129.56,67.68,314.2,34.83,21.63,66.76
"WANorth","Wyndham-East Kimberley",125.366409301758,-15.0749502182007,0.54,4.6,3.85,111.71,59.69,262.29,128.44,65.49,326.21
"NT","Victoria Daly",129.117156982422,-14.9952297210693,0.54,4.49,5.19,4309.46,1495.08,17778.57,168.55,83.96,438.88
"NT","Victoria Daly",129.252014160156,-15.0351524353027,0.54,4.49,4.99,3751.71,1337.12,14866.56,220.72,105.22,612.9
"NT","Victoria Daly",129.410400390625,-14.9652719497681,0.54,4.46,5.38,26146.49,7421.77,139414.49,138.06,69.18,360.7
"NT","Victoria Daly",129.437927246094,-14.9719524383545,0.54,4.45,5.47,64773.03,15421.39,449373.38,137.79,68.71,363.39
"NT","Victoria Daly",129.529296875,-15.0264749526978,0.54,4.51,5,1353.8,539.86,4650.37,376.59,165.24,1178.24
"NT","Victoria Daly",129.54460144043,-15.040994644165,0.54,4.51,2.19,1332.67,533.33,4552.7,9.03,6.54,14.26
"NT","Victoria Daly",129.635375976562,-15.0729827880859,0.54,4.53,1.91,611.57,271.28,1816.75,12.67,9,20.24
"NT","Roper Gulf",135.683929443359,-15.0744066238403,0.54,2.12,2.63,37.94,22.3,80.36,383.87,166.87,1220.95
"QLDNorth","Kowanyama",141.639617919922,-15.0733003616333,0.54,2.42,5.63,42.52,25.44,86.25,98.66,53.99,223.47
"QLDNorth","Hope Vale",145.285614013672,-15.0589323043823,0.54,2.32,5.45,3433.38,1162.58,15013.56,158.97,78.64,421.18
"WANorth","Wyndham-East Kimberley",124.898864746094,-15.0271453857422,0.54,4.57,4.99,241.68,117.89,638.99,79.1,42.71,186.68
"WANorth","Wyndham-East Kimberley",125.10546875,-15.0343952178955,0.54,4.6,4.82,127.65,67.22,305.24,184.65,90.21,495.62
"WANorth","Wyndham-East Kimberley",125.158798217773,-15.0236616134644,0.54,4.59,4.77,130.5,68.4,314.34,173.72,87.32,443.86
"WANorth","Wyndham-East Kimberley",125.227180480957,-14.9999437332153,0.54,4.59,3.31,136.14,70.76,332.24,909.8,347.6,3477.67
"WANorth","Wyndham-East Kimberley",125.245780944824,-15.0001363754272,0.54,4.59,3.3,133.28,69.29,325.5,979.07,368.79,3825.41
"WANorth","Wyndham-East Kimberley",128.104248046875,-15.0200548171997,0.54,4.51,4.69,1845.65,671.42,7359.34,951.21,353.82,3818.25
"WANorth","Wyndham-East Kimberley",128.151580810547,-15.0434598922729,0.54,4.51,4.52,1830.26,670.02,7216.75,906.87,332.55,3760.25
"WANorth","Wyndham-East Kimberley",128.215484619141,-15.0266199111938,0.54,4.5,4.5,2109.42,757.51,8539.81,334.09,145.84,1065.38
"WANorth","Wyndham-East Kimberley",128.357131958008,-15.0189142227173,0.54,4.47,4.74,11453.77,3247.36,64352.25,266.02,121.7,788.29
"WANorth","Wyndham-East Kimberley",128.407028198242,-15.029426574707,0.54,4.51,5.68,1869.46,684.88,7350.88,55.68,31.64,122.24
"WANorth","Wyndham-East Kimberley",128.475051879883,-15.0046501159668,0.54,4.5,6.3,2842.32,984.82,12058.46,396.93,172.24,1263.63
"NT","Victoria Daly",129.034957885742,-14.9198684692383,0.54,4.51,2.69,1419.14,555.66,5024.82,14.58,9.77,25.79
"NT","Victoria Daly",129.629501342773,-15.0235919952393,0.54,4.53,1.86,823.8,354.17,2544.45,14.69,9.84,26.01
"NT","Roper Gulf",135.525787353516,-15.0083923339844,0.54,2.13,2.75,35.01,20.7,73.85,9.07,6.56,14.37
"NT","Roper Gulf",135.573394775391,-15.031590461731,0.54,2.12,2.89,36.27,21.36,76.79,9.22,6.84,13.87
"NT","Roper Gulf",135.638565063477,-15.0378141403198,0.54,2.12,2.64,37.71,22.15,80.03,336.16,149.87,1028.68
"QLDNorth","Pormpuraaw",141.660873413086,-15.0223045349121,0.54,2.42,5.51,43.9,26.14,89.68,109.01,54.15,295.4
"QLDNorth","Hope Vale",145.338073730469,-14.9985475540161,0.54,2.31,5.48,3852.61,1281.47,17282.64,48.3,27.8,104.55
"WANorth","Wyndham-East Kimberley",124.953239440918,-14.9682312011719,0.54,4.57,4.94,218.71,107.17,577.04,40.65,23.94,85.28
"WANorth","Wyndham-East Kimberley",125.014305114746,-14.9793424606323,0.54,4.57,4.94,214.47,105.51,562.53,150.55,76.34,382.06
"WANorth","Wyndham-East Kimberley",125.059196472168,-14.981104850769,0.54,4.58,3.58,191.95,95.54,496.18,776.04,300.08,2934.18
"WANorth","Wyndham-East Kimberley",125.21174621582,-14.9692764282227,0.54,4.59,3.42,137.91,71.62,336.74,575.21,230.47,2077.77
"WANorth","Wyndham-East Kimberley",128.115615844727,-14.9633541107178,0.54,4.51,4.59,1598.55,595.83,6150.3,539.6,218.34,1921.59
"WANorth","Wyndham-East Kimberley",128.265228271484,-14.9804067611694,0.54,4.5,4.56,2892.69,992.91,12474.03,475.2,199.4,1592.16
"WANorth","Wyndham-East Kimberley",128.327514648438,-14.9675893783569,0.54,4.49,5.05,4629.59,1477.32,22166.96,716.74,289.07,2513.16
"WANorth","Wyndham-East Kimberley",128.48127746582,-14.9631042480469,0.54,4.46,3.48,31744.44,7736.55,220966.12,11.57,8.04,19.42
"WANorth","Wyndham-East Kimberley",128.858551025391,-14.8627557754517,0.54,4.5,3.27,1975.16,745.08,7335.31,9.6,7.09,14.55
"NT","Roper Gulf",135.472869873047,-14.9671669006348,0.54,2.13,2.6,32.82,19.55,68.56,273.97,124.94,814.98
"QLDNorth","Pormpuraaw",141.634017944336,-14.9669532775879,0.54,2.41,5.67,46.12,27.31,94.87,121.27,63.34,295.48
"QLDNorth","Hope Vale",145.355865478516,-14.9762773513794,0.54,2.31,4.24,4368.75,1427.31,20095.26,791.82,303.47,3041.67
"WANorth","Wyndham-East Kimberley",125.210952758789,-14.9208126068115,0.54,4.58,3.43,165.46,84.17,414.83,433.33,181.63,1465.62
"WANorth","Wyndham-East Kimberley",128.126541137695,-14.9274501800537,0.54,4.5,5.81,2069.29,744.93,8349.68,269.55,125.32,773.71
"WANorth","Wyndham-East Kimberley",128.465911865234,-14.9306812286377,0.54,4.47,3.5,21953.95,5701.86,139076.98,10.65,7.48,17.62
"NT","Victoria Daly",129.624771118164,-14.9088068008423,0.54,4.51,2.12,1275.15,526.81,4126.37,16.5,11.29,27.77
"NT","Roper Gulf",135.433349609375,-14.9105844497681,0.54,2.14,2.31,29.85,17.99,61.42,368.02,159,1188.48
"QLDNorth","Pormpuraaw",141.608688354492,-14.9055852890015,0.54,2.41,5.56,48.47,28.5,100.74,239.72,113.97,665.17
"QLDNorth","Hope Vale",145.317611694336,-14.9490919113159,0.54,2.31,4.17,4363.76,1424.69,20099.67,573.61,236.54,1959.45
"WANorth","Wyndham-East Kimberley",125.209754943848,-14.8662157058716,0.54,4.58,3.51,172.52,87.24,436.08,601.09,242.67,2131.76
"WANorth","Wyndham-East Kimberley",128.150115966797,-14.8587427139282,0.54,4.5,4.69,2406,846.72,10026.31,1732.46,595.12,7746.9
"WANorth","Wyndham-East Kimberley",128.456253051758,-14.8809814453125,0.54,4.48,5.41,7649.38,2329.17,38650.38,28.9,18.1,55.27
"WANorth","Wyndham-East Kimberley",128.624084472656,-14.8013439178467,0.54,4.47,5.35,22942.01,6101.64,138652.8,28.89,18.24,54.4
"WANorth","Wyndham-East Kimberley",128.735733032227,-14.8514633178711,0.54,4.5,5.63,2057.41,751.15,8090.93,233.77,112.45,635.66
"WANorth","Wyndham-East Kimberley",128.806945800781,-14.8499422073364,0.54,4.51,3.22,1673.55,650.42,5947.29,9.33,6.66,15.11
"NT","Victoria Daly",129.637725830078,-14.869083404541,0.54,4.53,2.15,680.35,307.11,1948,16.67,11.39,28.09
"NT","Roper Gulf",135.423721313477,-14.8675756454468,0.54,2.14,2.56,29.79,17.95,61.33,238.03,110.09,696.53
"QLDNorth","Pormpuraaw",141.589569091797,-14.8615064620972,0.54,2.41,2.97,50.05,29.27,104.81,233.33,108.19,680.48
"QLDNorth","Hope Vale",145.222076416016,-14.8688898086548,0.54,2.31,5.54,4411.28,1445.7,20160.88,58.32,33.92,122.1
"QLDNorth","Hope Vale",145.231597900391,-14.8859167098999,0.54,2.31,4.15,4373.72,1433.06,20008.96,439.79,184.2,1487.91
"WANorth","Wyndham-East Kimberley",125.15340423584,-14.8067455291748,0.54,4.57,3.47,203.92,101.11,528.82,2165.62,746.32,9459.22
"WANorth","Wyndham-East Kimberley",128.195236206055,-14.8283796310425,0.54,4.49,4.79,3619.02,1212.02,16096.37,1084.91,395.98,4472.15
"WANorth","Wyndham-East Kimberley",128.527557373047,-14.7843637466431,0.54,4.5,5.77,2409.27,856.66,9848.24,217.89,107,572.77
"WANorth","Wyndham-East Kimberley",128.601577758789,-14.79909324646,0.54,4.49,3.44,3345.93,1150,14256.79,9.41,6.71,15.29
"NT","West Daly",129.684432983398,-14.8089656829834,0.54,4.52,2.57,1245.11,496.28,4302.17,9.55,7.06,14.41
"NT","Roper Gulf",135.404830932617,-14.8228092193604,0.54,2.15,2.59,28.78,17.41,58.97,179.96,86.04,504.6
"QLDNorth","Pormpuraaw",141.578353881836,-14.8152437210083,0.54,2.4,2.99,51.54,30,108.62,198.45,93.66,566.25
"QLDNorth","Cook",145.107711791992,-14.8189258575439,0.54,2.32,5.6,3729.61,1249.01,16556.42,35.89,22.19,69.25
"QLDNorth","Hope Vale",145.155731201172,-14.8298187255859,0.54,2.31,3.89,4144.26,1375.92,18566.26,2814.79,969.44,12084
"WANorth","Wyndham-East Kimberley",125.15779876709,-14.771409034729,0.54,4.57,4.72,209.59,103.89,542.83,265.09,125.52,736
"WANorth","Wyndham-East Kimberley",128.211807250977,-14.7566795349121,0.54,4.49,3.64,4085.03,1359.22,18244.11,9.41,6.7,15.29
"NT","West Daly",129.680160522461,-14.7723655700684,0.54,4.51,2.76,1475.01,569.07,5352.57,7.75,5.91,11.22
"NT","Roper Gulf",135.40104675293,-14.7666997909546,0.54,2.15,2.6,27.7,16.85,56.3,270.89,126.38,772.28
"QLDNorth","Pormpuraaw",141.563537597656,-14.7555322647095,0.54,2.4,3.02,53.84,31.12,114.66,175.17,84.05,488.76
"QLDNorth","Cook",145.004684448242,-14.765022277832,0.54,2.32,5.46,3526.21,1180.57,15719.86,34.01,21.13,65.28
"QLDNorth","Cook",145.046966552734,-14.7957363128662,0.54,2.32,3.78,3608.54,1208.14,16062.09,3172.64,1046.26,14659.59
"WANorth","Wyndham-East Kimberley",125.162040710449,-14.7307987213135,0.54,4.57,4.86,236.16,116.56,611.95,209.06,102.82,549.48
"WANorth","Wyndham-East Kimberley",128.21858215332,-14.7112264633179,0.54,4.49,3.75,5441.15,1723.4,26131.43,9.44,6.72,15.37
"NT","West Daly",129.68034362793,-14.7185859680176,0.54,4.51,2.5,1775.84,674.44,6556.49,10.59,7.72,16.31
"NT","Roper Gulf",135.432189941406,-14.722728729248,0.54,2.15,2.55,27.16,16.58,54.93,335.39,151.81,997.29
"QLDNorth","Pormpuraaw",141.559204101562,-14.7273426055908,0.54,2.4,5.59,55.06,31.69,118,52.32,30.85,107.57
"QLDNorth","Cook",144.987640380859,-14.7468757629395,0.54,2.31,5.28,3855.51,1276.5,17444.89,90.63,49.96,203.63
"WANorth","Wyndham-East Kimberley",125.128555297852,-14.6601362228394,0.54,4.56,3.51,262.04,127.17,695.77,483.34,201.12,1643.99
"WANorth","Wyndham-East Kimberley",125.160118103027,-14.6572942733765,0.54,4.56,4.74,253.47,124.01,664.58,168.24,83.36,442.68
"WANorth","Wyndham-East Kimberley",128.201126098633,-14.7053632736206,0.54,4.49,3.78,4318.25,1408.72,19933.29,9.53,6.77,15.55
"NT","West Daly",129.682220458984,-14.6545448303223,0.54,4.5,2.16,2545.21,929.65,9870.03,20.76,13.17,39.75
"NT","Roper Gulf",135.452590942383,-14.6908016204834,0.54,2.15,2.73,26.93,16.47,54.31,11.07,8.02,17.18
"NT","Roper Gulf",135.470809936523,-14.6745538711548,0.54,2.15,2.56,26.99,16.5,54.44,352.65,158.87,1054.34
"QLDNorth","Pormpuraaw",141.550689697266,-14.6618461608887,0.54,2.4,5.55,58.33,33.22,127.05,24.19,15.6,44.32
"QLDNorth","Cook",144.95671081543,-14.6787748336792,0.54,2.31,4.17,4448.5,1451.39,20489.19,27.1,17.01,51.86
"WANorth","Wyndham-East Kimberley",125.084785461426,-14.6038780212402,0.54,4.55,3.82,343.6,159.52,972.88,72.39,39.59,167.72
"WANorth","Wyndham-East Kimberley",128.091583251953,-14.6392116546631,0.54,4.5,6.22,2681.24,937.17,11234.7,305.44,140.75,883.9
"WANorth","Wyndham-East Kimberley",128.13264465332,-14.6603422164917,0.54,4.5,3.4,2975.85,1021.66,12803.42,17.31,11.32,31.69
"NT","West Daly",129.684371948242,-14.6120672225952,0.54,4.5,2.49,3108.61,1160.51,11465.05,11,7.98,17.04
"NT","Roper Gulf",135.524978637695,-14.6124706268311,0.54,2.15,2.62,29.02,17.6,59.11,378.15,169.14,1140.37
"QLDNorth","Pormpuraaw",141.548477172852,-14.6105136871338,0.54,2.39,5.48,59.32,33.66,129.97,20.89,13.64,37.82
"QLDNorth","Cook",144.940582275391,-14.6089067459106,0.54,2.31,3.72,5836.56,1848.38,27908.5,121.43,62.33,305.75
"WANorth","Wyndham-East Kimberley",125.078704833984,-14.5518770217896,0.54,4.55,4.04,369.67,168.99,1071.97,21.08,13.72,38.33
"WANorth","Wyndham-East Kimberley",128.000030517578,-14.5617656707764,0.54,4.5,6.2,2786.15,983.74,11429.83,160.63,78.69,433.35
"WANorth","Wyndham-East Kimberley",128.045211791992,-14.5876274108887,0.54,4.5,6.21,2512.89,895.52,10201.14,176.76,85.1,489.63
"NT","West Daly",129.531127929688,-14.5545520782471,0.54,4.51,5.02,1885.24,740.23,6534.3,273.14,127.6,776.19
"NT","West Daly",129.581802368164,-14.5655689239502,0.54,4.51,2.11,1416.6,577.26,4670.04,19.22,12.39,35.91
"NT","West Daly",129.687927246094,-14.5747318267822,0.54,4.51,2.47,1766.09,715.02,5821.01,11.29,8.17,17.55
"NT","Roper Gulf",135.567230224609,-14.5412082672119,0.54,2.15,2.54,28.85,17.54,58.53,396.24,174.72,1223.61
"QLDNorth","Pormpuraaw",141.536666870117,-14.5556573867798,0.54,2.39,2.92,62.07,34.97,137.34,377.53,167.93,1150.58
"QLDNorth","Cook",144.880081176758,-14.5607309341431,0.54,2.31,5.26,6092.6,1923.22,29226.71,21.17,13.81,38.34
"QLDNorth","Cook",144.893249511719,-14.5655660629272,0.54,2.31,4.73,6358.7,1992.23,30843.53,117.9,60.07,301.93
"WANorth","Wyndham-East Kimberley",125.1201171875,-14.514669418335,0.54,4.55,4.89,367.99,169.08,1057.51,17.93,11.76,32.58
"WANorth","Wyndham-East Kimberley",125.262313842773,-14.4960641860962,0.54,4.55,5.07,363.42,167.18,1042.9,13.47,9.2,23.09
"WANorth","Wyndham-East Kimberley",125.319488525391,-14.5248193740845,0.54,4.55,4.79,371.21,169.6,1077.25,70.95,38.25,169.35
"WANorth","Wyndham-East Kimberley",125.367393493652,-14.5112953186035,0.54,4.54,4.63,541.58,233.37,1709.12,104.64,53.71,266.58
"WANorth","Wyndham-East Kimberley",125.427215576172,-14.5262870788574,0.54,4.54,4.46,554.92,238.89,1751.55,628.51,258.22,2147.74
"WANorth","Wyndham-East Kimberley",125.949760437012,-14.5220060348511,0.54,4.55,3.7,403.7,179.46,1226.13,1125.85,447.77,3929.91
"WANorth","Wyndham-East Kimberley",126.010581970215,-14.5180864334106,0.54,4.55,5.18,398.18,177.51,1204.01,171.4,82.97,470.92
"WANorth","Wyndham-East Kimberley",127.942878723145,-14.513729095459,0.54,4.5,6.2,2936.93,1043.47,11872.5,146.24,72.15,391.95
"NT","West Daly",129.44775390625,-14.5041465759277,0.54,4.5,5.02,2137.24,816.53,7722.51,122.79,63.46,304.96
"NT","West Daly",129.479934692383,-14.5016145706177,0.54,4.51,4.93,1896.19,735.88,6707.69,207.58,100.31,564.14
"NT","West Daly",129.641220092773,-14.5319089889526,0.54,4.49,2.64,5090.99,1762.37,20888.55,10.37,7.28,17.22
"NT","West Daly",129.642837524414,-14.5334577560425,0.54,4.49,3.02,5181.71,1787.73,21367.61,7.68,5.87,11.04
"NT","Roper Gulf",135.578796386719,-14.5139532089233,0.54,2.15,2.82,28.61,17.41,57.99,183.65,91.6,474.35
"QLDNorth","Pormpuraaw",141.527404785156,-14.5103921890259,0.54,2.39,2.85,62.66,35.27,138.85,658.17,275.58,2163.11
"QLDNorth","Cook",144.739639282227,-14.5463800430298,0.54,2.3,5.17,7365.01,2249.72,37087.04,14.07,9.63,23.93
"QLDNorth","Cook",144.774948120117,-14.5439920425415,0.54,2.3,4.74,6948.29,2151.92,34234.64,45.83,26.44,99.17
"WANorth","Wyndham-East Kimberley",125.131568908691,-14.4704513549805,0.54,4.55,5.09,393.15,177.62,1160.64,13.77,9.42,23.52
"WANorth","Wyndham-East Kimberley",125.27473449707,-14.4618988037109,0.54,4.54,5.18,488.62,213.35,1514.89,13.34,9.19,22.47
"WANorth","Wyndham-East Kimberley",125.482887268066,-14.480881690979,0.54,4.54,4.58,475.82,210.47,1442.71,175.95,84.22,493.08
"WANorth","Wyndham-East Kimberley",125.520492553711,-14.4681940078735,0.54,4.55,4.48,335.1,157.54,928.73,655.43,267.25,2265.52
"WANorth","Wyndham-East Kimberley",125.86164855957,-14.4677419662476,0.54,4.55,4.07,422.9,187.47,1287.02,46.29,27.02,97.83
"WANorth","Wyndham-East Kimberley",125.997909545898,-14.4545955657959,0.54,4.55,5.15,416.22,184.62,1266.66,55.63,31.88,120.15
"WANorth","Wyndham-East Kimberley",127.930953979492,-14.5009260177612,0.54,4.5,4.08,2803.41,1007.59,11128.73,10.69,7.48,17.83
"NT","West Daly",129.366073608398,-14.4294281005859,0.54,4.5,3.37,2308.06,872.19,8467.64,7.6,5.83,10.89
"NT","Roper Gulf",135.625366210938,-14.4839658737183,0.54,2.14,2.88,30.45,18.41,62.14,164.16,79.75,449.39
"QLDNorth","Pormpuraaw",141.526031494141,-14.4617919921875,0.54,2.39,3.19,62.6,35.25,138.69,154.14,75.35,418.91
"QLDNorth","Cook",143.846130371094,-14.4575262069702,0.54,2.32,2.64,2471.33,857.06,10565.93,148.92,73.3,400.4
"QLDNorth","Cook",143.895843505859,-14.4822654724121,0.54,2.32,2.61,3237.31,1078.77,14645.09,156.48,76.21,427.9
"QLDNorth","Cook",143.938598632812,-14.4828338623047,0.54,2.32,2.59,3044.39,1027.01,13515.1,154.13,75.17,420.75
"QLDNorth","Cook",144.004318237305,-14.4783716201782,0.54,2.32,2.59,2790.54,950.03,12250.03,172.05,82.72,478.77
"QLDNorth","Cook",144.050003051758,-14.4639005661011,0.54,2.32,2.75,2761.94,941.11,12113.27,201.13,100.16,517.92
"QLDNorth","Cook",144.09049987793,-14.4441137313843,0.54,2.32,4.84,2621.2,899.58,11383.27,14.4,9.84,24.55
"QLDNorth","Cook",144.660003662109,-14.5000143051147,0.54,2.3,4.91,8873.16,2630.74,46651.91,18.93,12.4,34.29
"WANorth","Wyndham-East Kimberley",125.152992248535,-14.4271259307861,0.54,4.55,4.51,370.23,169.31,1072.71,889.89,349.59,3229.67
"WANorth","Wyndham-East Kimberley",125.198593139648,-14.4466991424561,0.54,4.55,4.49,345.84,159.68,988.84,477.43,209.16,1473.33
"WANorth","Wyndham-East Kimberley",125.596481323242,-14.4360542297363,0.54,4.54,4.5,456.67,201.77,1391.25,490.04,212.19,1542.88
"WANorth","Wyndham-East Kimberley",125.736625671387,-14.406229019165,0.54,4.55,4.63,426.79,189.27,1297.17,829.99,319.23,3154.34
"WANorth","Wyndham-East Kimberley",125.759918212891,-14.4194965362549,0.54,4.54,4.77,433,191.48,1321.67,198.98,94.32,562.84
"WANorth","Wyndham-East Kimberley",125.813087463379,-14.4428367614746,0.54,4.54,3.98,440.98,194.27,1353.98,47.29,27.65,99.52
"WANorth","Wyndham-East Kimberley",125.943725585938,-14.396312713623,0.54,4.54,4.87,450.31,197.66,1390.09,306.66,136.51,947.76
"WANorth","Wyndham-East Kimberley",127.869132995605,-14.4294986724854,0.54,4.5,4.15,2665.11,987.59,10043.34,10.85,7.58,18.12
"NT","West Daly",129.354202270508,-14.4140396118164,0.54,4.51,3.41,1424.7,573.97,4791.15,8.18,6.21,11.88
"NT","Roper Gulf",135.675582885742,-14.4104404449463,0.54,2.14,3.09,31.29,18.88,63.95,85.02,45.3,204.65
"QLDNorth","Pormpuraaw",141.536483764648,-14.4148235321045,0.54,2.39,3.02,64.12,36,142.59,184.36,87.89,518.8
"QLDNorth","Cook",143.791213989258,-14.4109144210815,0.54,2.32,2.1,2529.36,870.57,10951.92,3295.09,1154.66,13564.14
"QLDNorth","Cook",144.144821166992,-14.4031286239624,0.54,2.32,4.09,2827.75,969.59,12236.93,872.86,346.57,3108.85
"QLDNorth","Cook",144.63346862793,-14.4088802337646,0.54,2.3,4.3,9266.34,2727.85,49226.45,480.46,211.09,1474.21
"WANorth","Wyndham-East Kimberley",125.573066711426,-14.3610992431641,0.54,4.55,4.55,416.42,187.3,1234.74,203.79,95.62,586.96
"WANorth","Wyndham-East Kimberley",125.721366882324,-14.3566665649414,0.54,4.54,3.56,439.09,194.15,1339.24,472.73,214.01,1374.32
"WANorth","Wyndham-East Kimberley",125.943374633789,-14.3472080230713,0.54,4.54,4.92,431.76,190.72,1320.83,322.76,142.04,1016
"WANorth","Wyndham-East Kimberley",127.786949157715,-14.3601789474487,0.54,4.5,4.27,2226.13,864.64,7794.99,10.95,7.64,18.29
"NT","West Daly",129.357345581055,-14.3789148330688,0.54,4.51,3.48,1434.12,566.65,4991.85,8.09,6.15,11.72
"NT","Roper Gulf",135.690505981445,-14.3648252487183,0.54,2.14,2.89,31.74,19.11,65.06,196.15,93.63,548
"QLDNorth","Pormpuraaw",141.546737670898,-14.3721208572388,0.54,2.39,2.99,64.02,35.98,142.04,201.53,94.59,580.55
"QLDNorth","Cook",143.766632080078,-14.372615814209,0.54,2.32,2.31,2681.77,918.35,11675.85,862.63,347.02,2999.96
"QLDNorth","Cook",144.168395996094,-14.3686866760254,0.54,2.32,4.58,3488.27,1162.44,15698.21,22.06,14.22,40.72
"QLDNorth","Cook",144.629440307617,-14.3544597625732,0.54,2.3,4.28,8181.69,2461.97,42071.46,379.39,166.58,1184.81
"WANorth","Wyndham-East Kimberley",125.580001831055,-14.3071508407593,0.54,4.55,4.62,415.33,186.95,1230.01,119.54,60.92,305.63
"WANorth","Wyndham-East Kimberley",125.727348327637,-14.30442237854,0.54,4.54,3.79,495.7,215.5,1548.01,68.56,38.39,152.42
"WANorth","Wyndham-East Kimberley",126.016021728516,-14.2939434051514,0.54,4.54,4.77,484.73,211.32,1508.05,627.41,260.09,2108.07
"WANorth","Wyndham-East Kimberley",127.774642944336,-14.3200511932373,0.54,4.5,3.85,2170.53,849.93,7502.71,19.37,12.79,34.45
"NT","West Daly",129.381134033203,-14.3171844482422,0.54,4.51,2.86,1513.66,583.76,5487.82,14.79,10.11,25.14
"NT","East Arnhem",136.577545166016,-14.2649507522583,0.54,2.07,2.56,67.97,38.51,147.91,16.87,11.33,29.36
"NT","East Arnhem",136.647308349609,-14.2961120605469,0.54,2.07,2.39,71.22,40.09,156.38,21.18,13.84,38.2
"NT","East Arnhem",136.682022094727,-14.3022203445435,0.54,2.07,2.82,72.86,40.85,160.92,11.04,7.85,17.77
"NT","East Arnhem",136.715728759766,-14.275164604187,0.54,2.07,2.78,72.02,40.5,158.27,12.28,8.62,20.11
"NT","East Arnhem",136.803085327148,-14.2928056716919,0.54,2.06,2.45,81.48,44.9,184.52,15.78,10.81,26.58
"NT","East Arnhem",136.842132568359,-14.308614730835,0.54,2.06,3.16,88.9,48.19,206.38,10.8,7.66,17.51
"NT","East Arnhem",136.895416259766,-14.3086071014404,0.54,2.05,3.92,92.39,49.59,218,5.49,4.41,7.39
"NT","East Arnhem",136.947952270508,-14.3060808181763,0.54,2.06,3.28,90.74,48.71,214.25,296.28,133.39,898.22
"QLDNorth","Pormpuraaw",141.573165893555,-14.3067054748535,0.54,2.39,3.27,62.98,35.53,138.98,33.17,19.76,69.2
"QLDNorth","Cook",143.746032714844,-14.3179607391357,0.54,2.32,2.34,3448.7,1129.79,16040.83,828.75,335.5,2856.1
"QLDNorth","Cook",144.194366455078,-14.3142557144165,0.54,2.31,4.66,3763.85,1244.42,17102.07,12.04,8.44,19.8
"QLDNorth","Cook",144.641754150391,-14.3458023071289,0.54,2.3,4.31,7669.35,2334.26,38775.31,201.01,94.95,572.01
"WANorth","Wyndham-East Kimberley",125.578880310059,-14.2579746246338,0.54,4.54,3.6,491.88,213.77,1537.71,102.46,54.9,240.72
"WANorth","Wyndham-East Kimberley",125.72924041748,-14.2765264511108,0.54,4.54,4.87,525.17,226.36,1659.93,144.32,71.8,380.97
"WANorth","Wyndham-East Kimberley",127.733703613281,-14.2567291259766,0.54,4.5,4.07,2587.18,989.01,9242.25,16.65,10.99,30.06
"NT","West Daly",129.402877807617,-14.2470359802246,0.54,4.51,2.72,1634.39,619.33,6090.26,23.62,15.09,44.16
"NT","Roper Gulf",135.780624389648,-14.2482147216797,0.54,2.13,2.41,34.88,20.87,71.79,16.77,11.32,28.94
"NT","East Arnhem",136.480056762695,-14.2389888763428,0.54,2.08,2.63,63.15,36.09,135.9,9.44,6.87,14.68
"NT","East Arnhem",136.533569335938,-14.2534112930298,0.54,2.08,3.02,65.16,37.12,140.75,11.92,8.59,18.62
"NT","East Arnhem",136.982574462891,-14.2515935897827,0.54,2.06,3.11,87.39,47.29,203.79,802.84,312.74,2984.16
"QLDNorth","Pormpuraaw",141.591522216797,-14.2600746154785,0.54,2.39,3.12,63.06,35.6,138.91,61.93,33.76,146.28
"QLDNorth","Cook",143.734222412109,-14.2576913833618,0.54,2.32,2.47,3526.57,1153.13,16435.41,665.52,272.25,2283.49
"QLDNorth","Cook",144.19091796875,-14.2678756713867,0.54,2.31,2.51,3898.02,1285.57,17752.29,898.04,354.59,3225.94
"QLDNorth","Cook",144.300506591797,-14.2970142364502,0.54,2.32,2.89,3314.3,1129.61,14351.49,70.19,36.95,176.01
"QLDNorth","Cook",144.381118774414,-14.2772159576416,0.54,2.32,3.12,3198.09,1093.44,13799.78,80.25,42.39,197.47
"QLDNorth","Cook",144.427124023438,-14.2571153640747,0.54,2.32,4.5,3128.9,1069.91,13517.78,24.56,15.48,46.94
"QLDNorth","Cook",144.601455688477,-14.263840675354,0.54,2.3,4.48,7073.65,2166.19,35547.36,73.43,39.87,172.37
"WANorth","Wyndham-East Kimberley",125.630767822266,-14.2305307388306,0.54,4.54,4.81,546.84,233.81,1749.87,136.23,67.65,362.5
"WANorth","Wyndham-East Kimberley",125.686218261719,-14.1855096817017,0.54,4.54,4.59,551.76,236.2,1760.63,714.85,290.39,2472.95
"WANorth","Wyndham-East Kimberley",126.042518615723,-14.224796295166,0.54,4.54,4.35,462.78,202.24,1437.87,10.58,7.53,17.06
"WANorth","Wyndham-East Kimberley",126.132736206055,-14.2032327651978,0.54,4.54,3.02,444.26,195.3,1368.8,16.27,10.79,29.11
"WANorth","Wyndham-East Kimberley",127.686531066895,-14.2098894119263,0.54,4.5,3.98,3123.65,1159.03,11641.81,24.96,15.78,47.37
"NT","Roper Gulf",135.844604492188,-14.2093830108643,0.54,2.12,2.61,37.77,22.52,77.89,9.15,6.66,14.26
"NT","East Arnhem",136.419189453125,-14.2032737731934,0.54,2.08,3.08,58.6,33.87,124.09,10.35,7.61,15.72
"NT","East Arnhem",136.963241577148,-14.2206211090088,0.54,2.06,3.2,82.64,45.23,189.35,463.95,195.2,1549.29
"QLDNorth","Pormpuraaw",141.593063354492,-14.1998119354248,0.54,2.39,2.89,64.41,36.28,142.3,341.81,150.34,1072.26
"QLDNorth","Cook",143.710388183594,-14.2167491912842,0.54,2.32,2.38,3455.67,1135.39,15982.24,915.15,360.53,3297.04
"QLDNorth","Cook",144.20654296875,-14.2234354019165,0.54,2.31,2.66,4341.83,1408.68,20240.57,100.94,50.82,268.09
"QLDNorth","Cook",144.288970947266,-14.1891584396362,0.54,2.31,2.76,4236.55,1399.67,19125.7,272.35,122.32,834.96
"QLDNorth","Cook",144.447326660156,-14.2399959564209,0.54,2.32,4.08,3294.59,1118.74,14370.24,519.84,219.47,1709.92
"QLDNorth","Cook",144.59228515625,-14.2512350082397,0.54,2.3,4.09,7158.23,2182.85,36228.13,661.77,271.16,2264.49
"WANorth","Wyndham-East Kimberley",126.033889770508,-14.0990734100342,0.54,4.54,3.5,481.08,209.54,1499.96,161.8,81.02,418.45
"WANorth","Wyndham-East Kimberley",126.139549255371,-14.1599235534668,0.54,4.54,3.34,447.39,196.61,1378.67,419.81,183.82,1308.27
"WANorth","Wyndham-East Kimberley",126.578201293945,-14.1569900512695,0.54,4.56,6.35,315.85,152.18,840.26,54.66,31.4,117.63
"WANorth","Wyndham-East Kimberley",126.645851135254,-14.1546716690063,0.54,4.56,5.95,293.55,142.92,769.7,613.93,266.73,1893.11
"NT","West Daly",129.446716308594,-14.1922149658203,0.54,4.51,3.02,1320.37,510.69,4802.88,15.15,10.18,26.59
"NT","West Daly",129.476287841797,-14.1537313461304,0.54,4.52,2.94,1246.21,486.05,4480.48,19.42,12.77,34.85
"NT","Roper Gulf",135.888412475586,-14.1528549194336,0.54,2.12,2.27,37.93,22.86,76.54,13.39,9.36,21.94
"NT","East Arnhem",136.377975463867,-14.182258605957,0.54,2.08,2.31,59.61,34.08,128.65,13.58,9.5,22.22
"NT","East Arnhem",136.787506103516,-14.1503791809082,0.54,2.06,2.77,87.87,47.72,203.47,8.93,6.61,13.5
"NT","East Arnhem",136.825744628906,-14.1678810119629,0.54,2.06,2.61,90.07,48.73,209.67,11.55,8.27,18.27
"NT","East Arnhem",136.907073974609,-14.1549377441406,0.54,2.05,2.69,95.84,51.43,225.53,29.54,18.77,54.86
"NT","East Arnhem",136.944778442383,-14.155933380127,0.54,2.05,3.17,95.47,51.2,225.01,600.04,242.5,2124.08
"QLDNorth","Aurukun",141.590240478516,-14.1565055847168,0.54,2.39,2.89,65.6,36.85,145.44,163,78.12,458.49
"QLDNorth","Cook",143.708038330078,-14.1611928939819,0.54,2.31,2.44,4011.42,1290.32,19110.29,849.08,336.31,3044.08
"QLDNorth","Cook",144.21662902832,-14.1610956192017,0.54,2.31,2.84,4151.27,1367.15,18876.44,338.99,146.35,1103.48
"QLDNorth","Cook",144.263366699219,-14.1565418243408,0.54,2.31,3.14,4704.42,1529.73,21723.96,126.31,62.16,344.32
"QLDNorth","Cook",144.520553588867,-14.162109375,0.54,2.31,4.17,5528.71,1756.33,26378.14,419.65,178.76,1378.75
"QLDNorth","Cook",144.534255981445,-14.1781358718872,0.54,2.31,3.14,6363.07,1976.67,31355.64,1380.89,521.98,5226.57
"WANorth","Wyndham-East Kimberley",126.014038085938,-14.0954818725586,0.54,4.54,3.69,489.66,212.85,1530.7,2246.3,770.31,9878.24
"WANorth","Wyndham-East Kimberley",126.298713684082,-14.1234483718872,0.54,4.54,4.3,536.7,239.83,1585.36,306.86,140.51,898.33
"WANorth","Wyndham-East Kimberley",126.313087463379,-14.0980167388916,0.54,4.54,4.43,546.08,243.81,1613.89,99.66,52.79,239.8
"WANorth","Wyndham-East Kimberley",126.524612426758,-14.096697807312,0.54,4.55,4.71,326.72,156.95,872.17,187.98,94.73,475.65
"WANorth","Wyndham-East Kimberley",126.68187713623,-14.1017875671387,0.54,4.56,5.95,305.17,147.88,805.17,560.69,246.64,1699.69
"WANorth","Wyndham-East Kimberley",127.570541381836,-14.1104593276978,0.54,4.49,4.57,4661.49,1636.93,18738.3,15.12,10.12,26.72
"NT","West Daly",129.490707397461,-14.098578453064,0.54,4.52,2.55,1196,468.71,4273.22,53.72,30.96,115.05
"NT","Roper Gulf",135.908020019531,-14.0824317932129,0.54,2.12,2.2,39.17,23.57,79.07,17.13,11.57,29.46
"NT","East Arnhem",136.42448425293,-14.0986757278442,0.54,2.08,3.25,59.6,34.26,127.38,8.9,6.67,13.16
"NT","East Arnhem",136.755783081055,-14.0889873504639,0.54,2.06,2.9,89.26,48.45,206.68,2473.83,848.74,10793.36
"QLDNorth","Aurukun",141.590698242188,-14.1019258499146,0.54,2.39,4.55,65.69,36.92,145.52,29.32,18.05,57.91
"QLDNorth","Cook",143.702667236328,-14.1184825897217,0.54,2.31,2.98,4242.32,1350.55,20528.74,249.72,120.48,672.36
"WANorth","Wyndham-East Kimberley",125.972518920898,-14.0407934188843,0.54,4.54,3.89,551.57,235.79,1764.57,853.51,336.77,3081.17
"WANorth","Wyndham-East Kimberley",126.228637695312,-14.0332412719727,0.54,4.54,4.32,586.65,259.84,1751.53,315.6,144.87,917.86
"WANorth","Wyndham-East Kimberley",126.331893920898,-14.051061630249,0.54,4.54,4.35,586.97,259.9,1753.48,239.63,112.68,678.92
"WANorth","Wyndham-East Kimberley",126.521423339844,-14.0760927200317,0.54,4.55,5.19,330.17,158.53,881.64,14.53,9.89,24.92
"WANorth","Wyndham-East Kimberley",126.666862487793,-14.0784797668457,0.54,4.56,5.9,298.61,145.37,782.35,1127.09,438.81,4092.55
"WANorth","Wyndham-East Kimberley",127.518630981445,-14.0664129257202,0.54,4.49,5.96,4258.75,1497.98,17154.14,1289.11,492.95,4797.01
"NT","West Daly",129.530151367188,-14.0496559143066,0.54,4.51,2.9,1479.99,579.69,5223.68,20.86,13.4,38.94
"NT","West Daly",129.587509155273,-14.0334911346436,0.54,4.41,2.76,1554.43,605.4,5526.81,24.88,15.89,46.36
"NT","Roper Gulf",135.917938232422,-14.0449848175049,0.54,2.11,2.38,40.74,24.39,82.82,11.56,8.21,18.58
"NT","East Arnhem",136.414459228516,-14.0482530593872,0.54,2.08,3.24,60.37,34.64,129.29,9.16,6.84,13.64
"NT","East Arnhem",136.786849975586,-14.0534343719482,0.54,2.05,3.19,93.42,50.37,218.29,685.44,273.29,2465.33
"QLDNorth","Aurukun",141.541442871094,-14.034857749939,0.54,2.38,4.2,67.68,37.86,150.88,115.12,58.42,297.55
"QLDNorth","Cook",143.690872192383,-14.0502414703369,0.54,2.31,3.01,4900.06,1531.45,24304.8,245.97,118.08,669.06
"WANorth","Wyndham-East Kimberley",125.969436645508,-13.9986400604248,0.54,4.53,3.93,761.09,309.74,2612.25,2564.24,876.23,11244.67
"WANorth","Wyndham-East Kimberley",126.224334716797,-13.9877023696899,0.54,4.53,4.39,631.74,276.87,1914.14,165.18,83.51,418.94
"WANorth","Wyndham-East Kimberley",126.36644744873,-14.0002393722534,0.54,4.53,4.33,594.62,262.95,1779.12,120.13,63.49,286.47
"WANorth","Wyndham-East Kimberley",126.519927978516,-13.9991483688354,0.54,4.55,5.02,322.86,155.64,857.07,21.6,13.87,40.29
"WANorth","Wyndham-East Kimberley",126.740211486816,-13.9950771331787,0.54,4.55,6.35,360.72,171,980.5,54.61,31.66,115.56
"WANorth","Wyndham-East Kimberley",127.473075866699,-13.999174118042,0.54,4.48,4.39,6770.67,2255.74,29270.59,20.72,13.34,38.53
"NT","West Daly",129.604217529297,-14.014591217041,0.54,4.41,2.61,1520.38,594.88,5367.92,34.88,21.18,69.82
"NT","Roper Gulf",135.917770385742,-14.008355140686,0.54,2.11,2.38,41.81,24.92,85.55,11.31,8.06,18.09
"NT","East Arnhem",136.404632568359,-13.9819993972778,0.54,2.08,3.27,66.03,37.25,145.14,9.02,6.74,13.39
"NT","East Arnhem",136.793899536133,-14.0192241668701,0.54,2.05,3.38,95.63,51.35,224.83,9.23,6.88,13.75
"QLDNorth","Aurukun",141.489639282227,-13.9769620895386,0.54,2.38,3.02,69.7,38.83,156.31,1346.76,484.62,5610.42
"QLDNorth","Aurukun",141.517471313477,-14.0072603225708,0.54,2.38,4.82,68.23,38.16,152.1,8.44,6.29,12.64
"QLDNorth","Cook",143.684951782227,-14.0090351104736,0.54,2.31,3.16,4487.27,1415.86,21996.12,73.35,40.04,170.35
"WANorth","Wyndham-East Kimberley",126.018661499023,-13.9406747817993,0.54,4.53,4.34,705.41,292.76,2346.04,37.63,22.71,75.8
"WANorth","Wyndham-East Kimberley",126.209922790527,-13.9621143341064,0.54,4.53,4.6,692.85,299.78,2136.92,82.34,46.66,176.95
"WANorth","Wyndham-East Kimberley",126.43628692627,-13.981466293335,0.54,4.53,4.61,702.46,302.85,2178.86,91.22,50.01,206.96
"WANorth","Wyndham-East Kimberley",126.494590759277,-13.9557723999023,0.54,4.53,4.65,666.27,291.15,2023.2,33.3,20.61,64.43
"WANorth","Wyndham-East Kimberley",126.748107910156,-13.9697885513306,0.54,4.55,6.2,348.96,166.57,938.7,122.12,63.47,300.2
"WANorth","Wyndham-East Kimberley",127.454193115234,-13.9779281616211,0.54,4.48,4.34,7484.67,2454.07,33105.1,28.14,17.53,54.47
"NT","West Daly",129.725326538086,-13.9901609420776,0.54,4.41,2.6,1467.79,581.71,5074.48,34.81,21.15,69.59
"NT","Roper Gulf",135.945587158203,-13.9546432495117,0.54,2.11,2.29,43.3,25.69,89.14,15.68,10.66,26.79
"NT","East Arnhem",136.406616210938,-13.9645318984985,0.54,2.07,3.26,68.9,38.58,153.1,9.56,7.09,14.38
"NT","East Arnhem",136.852249145508,-13.9145517349243,0.54,2.05,3.33,107.24,56.72,257.38,348.61,156.41,1051.15
"QLDNorth","Aurukun",141.467864990234,-13.9421710968018,0.54,2.38,3.87,70.79,39.34,159.3,131.59,65.34,351.3
"QLDNorth","Cook",143.621948242188,-13.9459381103516,0.54,2.24,3.29,4995.37,1548.46,25132.54,43.44,25.26,92.96
"WANorth","Wyndham-East Kimberley",126.073684692383,-13.9132490158081,0.54,4.53,4.55,737.3,307.14,2427.96,107.79,55.45,272.74
"WANorth","Wyndham-East Kimberley",126.102348327637,-13.9015130996704,0.54,4.52,4.49,902.54,374.15,2960.77,39.26,23.81,78.05
"WANorth","Wyndham-East Kimberley",126.156257629395,-13.9100437164307,0.54,4.53,4.49,777.18,330.13,2461.29,10.64,7.63,16.92
"WANorth","Wyndham-East Kimberley",126.701133728027,-13.931342124939,0.54,4.54,4.9,430.53,199.37,1208.16,18.25,12.12,32.31
"WANorth","Wyndham-East Kimberley",127.361793518066,-13.9075660705566,0.54,4.48,6.36,7551.32,2470.52,33513.34,644.89,271.11,2106.44
"WANorth","Wyndham-East Kimberley",127.42244720459,-13.9399271011353,0.54,4.48,4.62,9504.2,3038.28,43394.73,18.65,12.32,33.26
"NT","West Daly",129.710052490234,-13.8956184387207,0.54,4.4,3.04,1921.84,728.18,7091.93,13.52,9.34,22.66
"NT","Roper Gulf",135.993499755859,-13.8954582214355,0.54,2.1,2.35,49.65,28.82,105.52,14.89,10.19,25.25
"NT","East Arnhem",136.345336914062,-13.8505373001099,0.54,2.07,3.94,69.8,38.75,157.6,5.52,4.42,7.46
"NT","East Arnhem",136.868759155273,-13.882004737854,0.54,2.05,3.31,107.67,56.87,258.99,309.26,139.87,926.32
"QLDNorth","Aurukun",141.463897705078,-13.8970031738281,0.54,2.38,2.95,69.82,38.9,156.57,108.8,59.3,246.8
"QLDNorth","Cook",143.606674194336,-13.9073543548584,0.54,2.24,2.54,5098.56,1580.31,25618.59,14.57,9.93,24.93
"WANorth","Wyndham-East Kimberley",126.756301879883,-13.8336124420166,0.54,4.54,5.1,435.5,202.86,1208.5,8.86,6.53,13.52
"WANorth","Wyndham-East Kimberley",127.0849609375,-13.8453769683838,0.54,4.51,5.31,1879.35,711.88,6947.87,17.21,11.62,29.59
"WANorth","Wyndham-East Kimberley",127.163055419922,-13.8812484741211,0.54,4.5,5.17,1992.81,751.33,7404.08,28.85,18.13,54.79
"WANorth","Wyndham-East Kimberley",127.195587158203,-13.9027318954468,0.54,4.49,5.34,3636.15,1274.8,14866.46,17.81,11.87,31.37
"WANorth","Wyndham-East Kimberley",127.261611938477,-13.8989562988281,0.54,4.49,6.72,4859.76,1657.4,20531.04,63.66,36.2,138.19
"WANorth","Wyndham-East Kimberley",127.329704284668,-13.9112453460693,0.54,4.49,4.55,5630.01,1907.79,23859.71,25.99,16.53,48.67
"NT","West Daly",129.714584350586,-13.8510875701904,0.54,4.4,2.96,2161.47,803.52,8198.3,18.33,12.11,32.76
"NT","Roper Gulf",136.021408081055,-13.8357791900635,0.54,2.09,2.49,55.08,31.4,120.25,17.53,11.67,30.99
"NT","East Arnhem",136.115585327148,-13.8337821960449,0.54,2.08,2.18,58.15,33,127.54,33.19,20.5,64.54
"NT","East Arnhem",136.152740478516,-13.8414268493652,0.54,2.09,2.38,57.33,32.68,124.83,16.3,11.01,28.11
"NT","East Arnhem",136.209655761719,-13.8589363098145,0.54,2.08,2.49,63.77,35.87,141.28,12.79,9.01,20.76
"NT","East Arnhem",136.263244628906,-13.8416576385498,0.54,2.07,3.92,73.91,40.66,169.08,5.59,4.47,7.58
"NT","East Arnhem",136.924163818359,-13.8113698959351,0.54,2.04,3.17,130.05,66.93,324.28,535.05,223.51,1792.1
"QLDNorth","Aurukun",141.467193603516,-13.8500452041626,0.54,2.38,3.43,68.03,38.02,151.89,24.14,15.6,44.1
"QLDNorth","Cook",143.580123901367,-13.8419332504272,0.54,2.24,2.54,4529.58,1425.72,22292.08,15.05,10.15,26.23
"WANorth","Wyndham-East Kimberley",126.742919921875,-13.7974071502686,0.54,4.54,6.03,471.07,217.43,1322.8,848.47,350.26,2815.62
"WANorth","Wyndham-East Kimberley",127.049758911133,-13.8056221008301,0.54,4.52,4.98,879.1,364.01,2894.61,14.29,9.8,24.21
"NT","West Daly",129.717864990234,-13.8392305374146,0.54,4.4,2.82,2004.38,750.73,7534.04,17.34,11.65,30.08
"NT","East Arnhem",136.287124633789,-13.7903299331665,0.54,2.06,2.59,79.22,43.1,184.15,13.14,9.17,21.67
"NT","East Arnhem",136.72135925293,-13.8025722503662,0.54,2.05,2.56,107.24,56.38,260.35,13.94,9.7,22.97
"NT","East Arnhem",136.806213378906,-13.8089094161987,0.54,2.04,3.98,108.88,57.18,264.59,5.71,4.54,7.78
"NT","East Arnhem",136.927230834961,-13.795804977417,0.54,2.03,3.27,131.8,67.43,332.02,350.58,155.18,1084.24
"QLDNorth","Aurukun",141.476669311523,-13.7923936843872,0.54,2.39,3.12,64.52,36.36,142.31,18.09,12.22,30.94
"QLDNorth","Cook",143.563735961914,-13.8142957687378,0.54,2.24,2.11,4735.57,1489.59,23260.75,116.69,62,276.1
"WANorth","Wyndham-East Kimberley",126.795379638672,-13.7659044265747,0.54,4.53,5.21,707.62,304.03,2207.58,14.45,9.77,25.18
"WANorth","Wyndham-East Kimberley",126.84765625,-13.7543077468872,0.54,4.54,6.52,557.64,249.2,1643.38,96.43,51.41,229.66
"WANorth","Wyndham-East Kimberley",126.985702514648,-13.7518939971924,0.54,4.53,5,695.88,296.31,2209.02,12.9,9.02,21.22
"NT","West Daly",129.780822753906,-13.7513618469238,0.54,4.4,2.74,1980.48,743.39,7420.29,30.52,18.76,60.25
"NT","East Arnhem",136.306167602539,-13.73899269104,0.54,2.05,2.33,101.58,53.42,247.44,24.02,15.5,43.98
"NT","East Arnhem",136.466705322266,-13.7519035339355,0.54,2.04,2.69,117.02,60.45,291.89,12.3,8.66,20.01
"NT","East Arnhem",136.734405517578,-13.7678565979004,0.54,2.04,3.99,112.98,59.01,276.7,5.67,4.51,7.72
"NT","East Arnhem",136.915512084961,-13.7706165313721,0.54,2.03,3.06,132.17,67.7,332.1,927.18,361.78,3398.52
"QLDNorth","Aurukun",141.487823486328,-13.7472305297852,0.54,2.39,2.55,62.25,35.26,136.39,81.78,44.42,190.27
"QLDNorth","Cook",143.545227050781,-13.7256336212158,0.54,2.24,2.83,5915.15,1800.94,30422.64,11.56,8.04,19.37
"WANorth","Wyndham-East Kimberley",126.91707611084,-13.7416133880615,0.54,4.54,6.69,514.14,230.67,1511.67,90.98,48.88,214.51
"WANorth","Wyndham-East Kimberley",126.945388793945,-13.7392282485962,0.54,4.55,5.22,418.19,193.24,1180.02,12.49,8.64,21.04
"NT","West Daly",129.780227661133,-13.6986417770386,0.54,4.4,3.23,1787.46,681.01,6558.84,12.6,8.71,21.23
"NT","Roper Gulf",135.890579223633,-13.6950063705444,0.54,2.06,2.45,82.06,44.8,188.98,17.08,11.45,29.83
"NT","Roper Gulf",135.923812866211,-13.6842212677002,0.54,2.06,2.4,90.2,48.64,211.24,16.22,10.92,28.19
"NT","Roper Gulf",136.004440307617,-13.6934099197388,0.54,2.05,2.59,102.2,54.34,243.66,11.7,8.23,19.17
"NT","Roper Gulf",136.056793212891,-13.6940355300903,0.54,2.05,2.54,94.67,49.91,230.73,13.69,9.49,22.79
"NT","East Arnhem",136.121627807617,-13.7175912857056,0.54,2.05,2.49,105.5,54.95,260.99,13.43,9.35,22.17
"NT","East Arnhem",136.173385620117,-13.7052164077759,0.54,2.05,2.49,103.75,54.39,253.89,16.47,11.05,28.78
"NT","East Arnhem",136.29817199707,-13.7048635482788,0.54,2.04,2.83,111.34,58,274.33,10.36,7.45,16.39
"NT","East Arnhem",136.528045654297,-13.6917581558228,0.54,2.03,2.46,131.27,66.88,333.42,18.22,12.19,31.74
"NT","East Arnhem",136.580825805664,-13.695595741272,0.54,2.04,2.73,127.97,65.38,323.92,13.51,9.35,22.57
"NT","East Arnhem",136.736801147461,-13.7012596130371,0.54,2.04,2.64,126.53,65.09,316.42,16.54,11.11,28.85
"NT","East Arnhem",136.840972900391,-13.7422332763672,0.54,2.04,3.94,118.98,61.74,293.95,6.01,4.74,8.3
"NT","East Arnhem",136.905517578125,-13.683892250061,0.54,2.03,3.38,144.32,73.42,365.08,203.87,96.12,581.62
"QLDNorth","Aurukun",141.496292114258,-13.7013731002808,0.54,2.39,4.31,60.13,34.2,131.03,82.43,44.87,190.89
"QLDNorth","Cook",143.547515869141,-13.6934080123901,0.54,2.24,2.35,6151,1864.27,31820.59,12.78,8.81,21.61
"NT","West Daly",129.785232543945,-13.6622085571289,0.54,4.4,2.95,2031.66,756.55,7711.23,15.7,10.71,26.67
"NT","Roper Gulf",135.901000976562,-13.657675743103,0.54,2.05,2.6,92.25,49.45,218.16,10.95,7.79,17.64
"NT","East Arnhem",136.211380004883,-13.6547632217407,0.54,2.04,2.53,113.22,58.72,280.96,15.64,10.63,26.78
"NT","East Arnhem",136.247131347656,-13.6674661636353,0.54,2.04,2.86,119.24,61.37,299.14,9.03,6.64,13.8
"NT","East Arnhem",136.631286621094,-13.6539487838745,0.54,2.03,3.6,140.23,70.92,359.43,7.72,5.89,11.19
"NT","East Arnhem",136.687850952148,-13.6470651626587,0.54,2.03,2.86,131.04,66.99,330.73,1912.71,681.39,7913.83
"QLDNorth","Aurukun",141.500549316406,-13.6437864303589,0.54,2.39,4.25,58.95,33.58,128.28,117.19,60.8,289.9
"QLDNorth","Cook",143.552429199219,-13.6366357803345,0.54,2.24,2.15,6230.2,1890.62,32125.48,17.1,11.39,30.22
"NT","West Daly",129.814453125,-13.5995311737061,0.54,4.4,4.07,1711.22,649.27,6343.39,7.61,5.81,11
"NT","Roper Gulf",135.870178222656,-13.563102722168,0.54,2.06,3.24,89.45,47.81,213.2,202.62,95.76,575.65
"QLDNorth","Aurukun",141.509521484375,-13.6043281555176,0.54,2.4,4.07,56.85,32.52,123.01,432.46,189.44,1343.85
"QLDNorth","Cook",143.572219848633,-13.5790777206421,0.54,2.23,2.17,7163.42,2141.14,37639.78,17.16,11.42,30.36
"NT","West Daly",129.821243286133,-13.5355777740479,0.54,4.4,4.11,1667.49,634,6167.68,7.64,5.82,11.09
"NT","Roper Gulf",135.869903564453,-13.5495548248291,0.54,2.06,3.17,90.73,48.42,216.7,228.42,105.93,667.01
"QLDNorth","Aurukun",141.527908325195,-13.5470037460327,0.54,2.4,4.22,52.58,30.37,112.36,87.39,47.52,201.92
"QLDNorth","Cook",143.588241577148,-13.5460176467896,0.54,2.23,4.21,7932.16,2343.79,42291.84,19.66,13.17,33.99
"NT","West Daly",129.850234985352,-13.5061693191528,0.54,4.41,4.66,1401.89,542.16,5081.12,289.57,136.51,805.88
"NT","West Daly",129.902450561523,-13.4935579299927,0.54,4.41,4.7,1347.21,520.47,4904.69,137.53,70.94,340.17
"NT","West Daly",129.940780639648,-13.5258026123047,0.54,4.41,4.7,1365.49,525.85,4996.32,135.19,69.79,334.21
"NT","West Daly",130.027862548828,-13.5131816864014,0.54,4.41,3.02,1269.43,492.31,4606.5,17.75,11.74,31.71
"NT","West Daly",130.057388305664,-13.4979190826416,0.54,4.41,3.24,1253.19,487.39,4527.63,22.46,14.63,40.54
"NT","Roper Gulf",135.865219116211,-13.4958066940308,0.54,2.05,3.1,91.12,48.43,219.3,282.37,125.71,878.23
"QLDNorth","Aurukun",141.570724487305,-13.4818162918091,0.54,2.41,4.06,47.37,27.73,99.4,513.5,225.26,1573.29
"QLDNorth","Cook",143.5888671875,-13.4853553771973,0.54,2.23,2.13,7710.84,2303.9,40338.95,21.33,13.79,39.21
"NT","West Daly",130.10905456543,-13.4542531967163,0.54,4.41,3.23,1281.83,497.87,4635.54,22.73,14.77,41.18
"NT","Roper Gulf",135.897552490234,-13.4396333694458,0.54,2.06,3.11,90.19,47.92,217.36,272.18,121.95,838.41
"QLDNorth","Aurukun",141.59033203125,-13.4536457061768,0.54,2.41,4.1,47.13,27.61,98.81,389.19,174.97,1160.21
"QLDNorth","Cook",143.600875854492,-13.4387683868408,0.54,2.23,2.36,8765.04,2583.87,46616.7,16.5,10.94,29.49
"NT","West Daly",130.180389404297,-13.402871131897,0.54,4.41,3.28,1314.91,508.48,4786.06,19.9,13.15,35.25
"NT","East Arnhem",135.897552490234,-13.3698320388794,0.54,2.04,2.81,120.34,61.18,308.93,1150.91,423.72,4642.51
"QLDNorth","Aurukun",141.609786987305,-13.3996906280518,0.54,2.41,4.01,46.46,27.26,97.18,1080.88,428.94,3798.36
"QLDNorth","Lockhart River",143.600570678711,-13.4083948135376,0.54,2.23,3.73,8991.26,2642.47,48011.13,1465,557.99,5445.89
"NT","West Daly",130.220947265625,-13.3501777648926,0.54,4.41,2.98,1398.88,536.52,5149.08,21.48,13.79,40.11
"NT","West Daly",130.262237548828,-13.3293323516846,0.54,4.4,3.27,1660.53,620.33,6346.14,19.98,13.19,35.48
"NT","East Arnhem",135.889038085938,-13.333327293396,0.54,2.04,2.71,113.63,58.05,290.21,2816.37,916.63,13466.3
"QLDNorth","Aurukun",141.653274536133,-13.3408317565918,0.54,2.41,4,45.73,26.85,95.63,1248.02,486.11,4497.61
"QLDNorth","Lockhart River",143.567672729492,-13.3663196563721,0.54,2.23,2.27,8834.73,2607.36,46863.02,20.16,13.02,37.35
"NT","West Daly",130.253479003906,-13.2951908111572,0.54,4.41,3.06,1518.6,574.49,5703.08,25.99,16.13,51.03
"NT","East Arnhem",135.911361694336,-13.2851896286011,0.54,2.04,2.53,111.62,57.08,285.03,26.28,16.3,51.64
"NT","East Arnhem",135.952835083008,-13.2815170288086,0.54,2.04,2.31,117.19,59.52,301.99,32.5,19.69,65.72
"NT","East Arnhem",135.971206665039,-13.2912464141846,0.54,2.04,2.31,123.86,62.62,320.77,29.99,18.49,58.92
"NT","East Arnhem",136.056686401367,-13.2895755767822,0.54,2.03,2.31,149.22,74.32,392.1,33.1,20.16,66.14
"NT","East Arnhem",136.093765258789,-13.2874994277954,0.54,2.02,2.29,180.58,87.86,489.38,32.86,20.1,65.15
"NT","East Arnhem",136.160675048828,-13.2757520675659,0.54,2.02,2.44,187.54,90.97,509.75,26.49,16.5,51.51
"NT","East Arnhem",136.188018798828,-13.277271270752,0.54,2.01,2.36,207.25,99.16,574.06,27.06,16.9,52.32
"NT","East Arnhem",136.379623413086,-13.2866468429565,0.54,2.02,2.88,193.58,93.45,529.75,20.39,13.43,36.35
"NT","East Arnhem",136.388229370117,-13.2718229293823,0.54,2.02,3.26,196.32,94.61,538.48,409.68,173.11,1370.09
"QLDNorth","Aurukun",141.660064697266,-13.3204278945923,0.54,2.41,4.43,46.56,27.3,97.58,39,23.54,78.32
"QLDNorth","Lockhart River",143.526992797852,-13.2824659347534,0.54,2.23,2.11,10711.57,3104.86,58006.88,32.92,19.95,66.45
"NT","Unincorporated NT",130.206604003906,-13.2379312515259,0.54,4.41,3.01,1525.68,577.84,5715.69,29.85,18.22,59.89
"NT","East Arnhem",136.249847412109,-13.2145385742188,0.54,2.01,2.31,253.37,117.54,733.56,26.56,16.76,50.41
"NT","East Arnhem",136.329574584961,-13.2455606460571,0.54,2,2.77,258.17,119.63,748.16,23.42,15.12,42.94
"NT","East Arnhem",136.478103637695,-13.2370557785034,0.54,2.01,3.11,210.21,100.47,582.86,1070.35,392.93,4366.95
"QLDNorth","Cook",141.656646728516,-13.2088060379028,0.54,2.4,4.08,51.58,29.81,110.26,390.2,177.18,1141.64
"QLDNorth","Lockhart River",143.523818969727,-13.2410411834717,0.54,2.23,2.17,10994.57,3180.37,59663.64,24.65,15.54,47.1
"NT","Unincorporated NT",130.160278320312,-13.1823720932007,0.54,4.41,3.23,1523.69,574.22,5761.6,24.93,15.95,46.27
"NT","East Arnhem",136.527069091797,-13.1586847305298,0.54,2.01,4.13,224.7,106.42,630.85,248.46,119.14,676.77
"QLDNorth","Cook",141.630081176758,-13.16588306427,0.54,2.4,2.46,55.71,31.88,120.67,24.93,15.68,47.79
"NT","Unincorporated NT",130.114105224609,-13.1344156265259,0.54,4.41,3.48,1599.2,593.94,6194.1,18.62,12.4,32.7
"NT","East Arnhem",136.537155151367,-13.1309747695923,0.54,2.01,3.59,226.54,107.48,633.51,122.33,62.74,308.38
"QLDNorth","Cook",141.620162963867,-13.124195098877,0.54,2.39,4.14,58.59,33.22,128.69,94.2,51.64,213.37
"QLDNorth","Lockhart River",143.518127441406,-13.1592617034912,0.54,2.22,2.06,13213.45,3740.61,73739.52,30.58,18.78,60.5
"NT","Unincorporated NT",130.114456176758,-13.0841131210327,0.54,4.4,3.49,1666.67,613.66,6542.49,19.38,12.83,34.34
"NT","East Arnhem",136.566558837891,-13.0734424591064,0.54,2.01,3.44,240.83,113.45,679.67,229.01,108.83,637.98
"QLDNorth","Cook",141.6103515625,-13.0873231887817,0.54,2.39,4.13,62.51,35.09,139.33,94.66,51.78,215.15
"QLDNorth","Lockhart River",143.515731811523,-13.0599708557129,0.54,2.22,2.09,14008.8,3928.91,79240.04,35.6,21.32,73.06
"NT","Unincorporated NT",130.122955322266,-13.0372858047485,0.54,4.4,4.19,1736.11,634.26,6896.34,8.32,6.21,12.44
"NT","East Arnhem",136.57878112793,-13.0233087539673,0.54,2.6,3.74,254.65,119.09,725.77,1448.88,520.29,6025.7
"QLDNorth","Cook",141.586227416992,-13.0197448730469,0.54,2.38,3.95,74.18,40.67,170.72,714.94,293.04,2431.67
"QLDNorth","Lockhart River",143.51904296875,-13.0131874084473,0.54,2.22,3.04,13876.34,3892.59,78508.95,11.83,8.41,18.99
"NT","Unincorporated NT",130.12239074707,-12.9755773544312,0.54,4.4,3.74,1827.03,661.65,7352.1,905.4,353.16,3326.69
"QLDNorth","Cook",141.588531494141,-12.9803609848022,0.54,2.38,3.95,75.37,41.18,174.41,715.08,293.08,2432.41
"QLDNorth","Lockhart River",143.517974853516,-12.9657983779907,0.54,2.22,2.22,14746.03,4099.24,84506.82,25.74,16.1,49.79
"NT","Unincorporated NT",130.135223388672,-12.9322748184204,0.54,4.4,4.5,1745.98,635.92,6972.78,6.98,5.34,10.1
"NT","East Arnhem",136.641296386719,-12.9444522857666,0.54,2.58,3.94,368.93,162.53,1147.14,433.2,190.28,1339.16
"QLDNorth","Cook",141.600860595703,-12.9469728469849,0.54,2.38,4.13,76.49,41.69,177.7,107.67,57.55,253.34
"QLDNorth","Lockhart River",143.529708862305,-12.8848037719727,0.54,2.22,4.11,14482.42,4051.9,82109.31,27.84,17.88,50.89
"NT","Unincorporated NT",130.171524047852,-12.906626701355,0.54,4.4,5.21,1663.29,608.2,6615.33,14.5,10.12,23.7
"NT","Unincorporated NT",130.196426391602,-12.9086303710938,0.54,4.41,5.46,1461.86,542.23,5710.98,8.94,6.66,13.37
"NT","Unincorporated NT",130.296234130859,-12.9128503799438,0.54,4.41,2.85,1454.7,539.1,5694.43,32.6,19.73,66.01
"NT","Unincorporated NT",130.328811645508,-12.8758211135864,0.54,4.41,4.14,1243.38,475.72,4633.6,8.61,6.39,12.97
"NT","East Arnhem",136.557159423828,-12.8782138824463,0.54,2.59,3.94,337.68,151.21,1024.27,410.57,182.39,1247.06
"QLDNorth","Cook",141.638122558594,-12.9087953567505,0.54,2.38,4.94,74.17,40.58,171.45,8.77,6.55,13.06
"QLDNorth","Lockhart River",143.539016723633,-12.8579549789429,0.54,2.22,2.04,15172.5,4225.47,86495.49,37.14,22.12,76.8
"NT","Unincorporated NT",130.34684753418,-12.8370552062988,0.54,4.41,3.67,1388.19,520.79,5327.26,14.21,9.82,23.7
"NT","East Arnhem",136.584808349609,-12.8217754364014,0.54,2.59,4.1,332.42,149.51,1001.09,278.47,129.6,795.97
"QLDNorth","Cook",141.722412109375,-12.8567161560059,0.54,2.39,3.42,66.87,37.07,151.83,286.21,132.55,824.08
"QLDNorth","Lockhart River",143.435653686523,-12.8476600646973,0.54,2.23,2.91,11877.53,3471.76,62911.38,835.07,330.62,2999.87
"QLDNorth","Lockhart River",143.455703735352,-12.8457956314087,0.54,2.23,3.84,12205.23,3546.75,65233.13,103.86,55.68,243.59
"QLDNorth","Lockhart River",143.529418945312,-12.8364248275757,0.54,2.23,1.95,11499.11,3348.36,61462.53,41.49,24.5,86.5
"NT","Unincorporated NT",130.347030639648,-12.7727603912354,0.54,4.41,3.7,1378.39,518.43,5267.07,13.42,9.35,22.15
"NT","East Arnhem",136.627563476562,-12.7711372375488,0.54,2.57,3.35,495.28,208.71,1640.77,38979.05,9659.13,259423.01
"QLDNorth","Aurukun",141.76823425293,-12.7761564254761,0.54,2.39,4.4,64.97,36.18,146.58,24.94,16.25,44.77
"QLDNorth","Lockhart River",143.409057617188,-12.7623558044434,0.54,2.23,2.08,12665.72,3661.1,68197.04,26.97,16.74,52.73
"NT","Unincorporated NT",130.343002319336,-12.7198734283447,0.54,4.41,3.71,1390.85,522.8,5317.5,13.17,9.2,21.66
"NT","East Arnhem",136.684844970703,-12.7146396636963,0.54,2.57,3.68,578.41,238.37,1976.99,4596.09,1480.42,21634.48
"QLDNorth","Aurukun",141.782638549805,-12.7518548965454,0.54,2.39,4.32,63.61,35.54,142.88,33.78,21.16,63.92
"QLDNorth","Cook",143.39924621582,-12.7117786407471,0.54,2.22,1.97,13614.88,3876.27,75036.81,33.97,20.51,68.9
"NT","Unincorporated NT",130.332962036133,-12.6523551940918,0.54,4.41,3.21,1450.27,542.14,5586.25,37254.15,9185.05,251016.38
"NT","East Arnhem",136.700820922852,-12.7017507553101,0.54,2.56,4.63,651.01,264.07,2273.82,658.74,277.29,2143.4
"QLDNorth","Cook",143.423385620117,-12.6772890090942,0.54,2.22,3.82,13932.01,3942.9,77522.51,530.21,232.65,1620.37
"NT","Unincorporated NT",130.377838134766,-12.6138553619385,0.54,4.41,4.65,1192.9,461,4375.26,546.11,238.97,1674.22
"NT","Unincorporated NT",130.419662475586,-12.6096591949463,0.54,4.42,2.7,859.97,354.86,2853.57,29.94,18.35,59.55
"NT","Unincorporated NT",130.484481811523,-12.6222324371338,0.54,4.42,3.33,890.25,366.51,2960.06,16.49,11.18,28.25
"NT","East Arnhem",136.719665527344,-12.6018924713135,0.54,2.56,3.69,720.82,288.95,2555.98,16.68,11.28,28.67
"QLDNorth","Cook",141.622665405273,-12.5852575302124,0.54,2.37,3.4,87.28,46.86,206.66,10.45,7.55,16.36
"QLDNorth","Napranum",141.674560546875,-12.5665149688721,0.54,2.37,3.22,85.77,46.08,203.11,12.97,9.09,21.23
"QLDNorth","Napranum",141.770690917969,-12.5717830657959,0.54,2.38,3.35,73.27,40.18,168.71,351.87,159.03,1045.79
"QLDNorth","Napranum",141.81477355957,-12.6042404174805,0.54,2.39,4.39,66.27,36.87,149.57,85.46,46.91,194.3
"QLDNorth","Cook",143.452697753906,-12.6201343536377,0.54,2.22,2.34,13506.34,3837.05,74775.77,20.39,13.09,38.17
"NT","Unincorporated NT",130.523040771484,-12.5665369033813,0.54,4.43,3.46,698.53,298.47,2202.91,12.93,9.07,21.09
"NT","East Arnhem",136.779830932617,-12.5793428421021,0.54,2.56,4.85,842.1,330.47,3074.69,340.57,158.8,957.25
"QLDNorth","Napranum",141.583908081055,-12.562424659729,0.54,2.36,2.55,97.12,51.36,234.79,24.76,15.46,48.18
"NT","Unincorporated NT",130.521713256836,-12.5568056106567,0.54,4.43,3.49,713.26,303.8,2259.57,12.88,9.03,21.06
"NT","East Arnhem",136.790542602539,-12.5159950256348,0.54,2.56,3.95,852.6,334.22,3116.68,620.89,259.16,2060.83
"QLDNorth","Napranum",141.599563598633,-12.5275497436523,0.54,2.37,3.34,84,45.19,198.66,718,292.56,2468.68
"QLDNorth","Cook",143.296890258789,-12.5310916900635,0.54,2.22,4.1,13624.56,3875.3,75220.01,44.3,26.51,89.63
"QLDNorth","Cook",143.351959228516,-12.5580320358276,0.54,2.22,3.16,13379.51,3810.73,73769.99,31.92,19.39,64.29
"NT","Unincorporated NT",130.579360961914,-12.4699602127075,0.54,4.43,3.9,704.79,299.55,2243.2,32.14,19.52,64.68
"NT","East Arnhem",136.007431030273,-12.4501485824585,0.54,2.59,2.87,267.27,123.02,782.52,28.15,17.53,54.54
"NT","East Arnhem",136.043746948242,-12.4668569564819,0.54,2.59,2.87,268.56,123.63,785.77,30.17,18.74,58.39
"NT","East Arnhem",136.096862792969,-12.4541425704956,0.54,2.6,2.89,250.83,116.43,725.98,29.21,18.26,56
"NT","East Arnhem",136.16194152832,-12.4605350494385,0.54,2.6,1.57,226.56,106.75,642.07,48.4,27.78,105.35
"NT","East Arnhem",136.208679199219,-12.4597396850586,0.54,2.6,3,215.23,102.18,603.39,7.75,5.84,11.47
"NT","East Arnhem",136.842422485352,-12.4660263061523,0.54,2.55,3.79,1022.39,393.58,3818.16,1681.86,609.02,6808.49
"QLDNorth","Napranum",141.621734619141,-12.4828300476074,0.54,2.37,4.11,80.26,43.45,188.13,371.03,171.05,1059.15
"QLDNorth","Cook",143.280548095703,-12.4559621810913,0.54,2.22,4,14030.57,3988.34,77403.11,137.27,70.96,338.16
"NT","Unincorporated NT",130.574981689453,-12.4141578674316,0.54,4.43,3.92,714.28,303.17,2277.08,31.72,19.28,63.81
"NT","Unincorporated NT",130.737930297852,-12.4244041442871,0.54,4.43,3.78,516.04,234.51,1482.23,28.83,18.09,54.94
"NT","East Arnhem",136.007141113281,-12.4255781173706,0.54,2.59,1.65,267.9,123.34,783.82,33.88,20.34,69.5
"NT","East Arnhem",136.269180297852,-12.4234352111816,0.54,2.6,2.98,215.06,102.41,599.52,8.23,6.15,12.32
"NT","East Arnhem",136.891830444336,-12.411304473877,0.54,2.56,3.81,699.82,285.6,2403.43,1313.04,493.21,5046.63
"QLDNorth","Napranum",141.647598266602,-12.4201831817627,0.54,2.37,4.17,81.27,43.92,191,352.61,162.42,1011.43
"QLDNorth","Cook",143.277847290039,-12.4190196990967,0.54,2.22,3.75,13929.55,3962.11,76792.46,295.34,144.07,771.48
"NT","Unincorporated NT",130.635986328125,-12.3838605880737,0.54,4.43,4.72,557.91,251.73,1615.98,222.02,109.26,580.65
"NT","Unincorporated NT",130.667068481445,-12.3975095748901,0.54,4.44,3.73,480.6,222.08,1345.33,50.22,28.7,109.9
"NT","Darwin",130.817459106445,-12.4013233184814,0.54,4.44,3.73,456.15,211.08,1277.5,29.16,18.28,55.58
"NT","East Arnhem",135.99885559082,-12.3609342575073,0.54,2.59,2.22,295.62,134.42,879.35,16.8,11.1,30.22
"NT","East Arnhem",136.310104370117,-12.3572044372559,0.54,2.6,3.11,226.34,107.33,633.72,7.57,5.72,11.14
"NT","East Arnhem",136.953399658203,-12.3545627593994,0.54,2.57,4,519.21,220.28,1692.19,265.85,123.57,764.17
"QLDNorth","Napranum",141.668304443359,-12.3724431991577,0.54,2.37,4.23,83.57,44.92,198.09,290.66,144.08,738.54
"QLDNorth","Cook",143.267303466797,-12.3943920135498,0.54,2.22,3.8,14220.23,4021.79,79119.05,283.88,140.69,722.49
"NT","Darwin",130.900207519531,-12.3259315490723,0.54,4.43,4.21,592.63,264.72,1741.63,52.67,30.47,112.14
"NT","Litchfield",130.947967529297,-12.3396530151367,0.54,4.43,4.03,601.86,267.71,1780.7,263.5,120.92,776.8
"NT","Unincorporated NT",132.011322021484,-12.290732383728,0.54,4.39,4.27,3721.45,1237.46,16742.34,92.85,48.88,227.22
"NT","Unincorporated NT",132.053909301758,-12.3023500442505,0.54,4.39,4.48,3665.57,1212.78,16663.37,30.64,19.08,58.98
"NT","East Arnhem",136.012054443359,-12.2994518280029,0.54,2.59,2.08,296.5,134.51,885.69,15.12,10.4,25.35
"NT","East Arnhem",136.320724487305,-12.3121032714844,0.54,2.6,3.12,245.05,114.99,695.82,7.75,5.84,11.43
"NT","East Arnhem",136.937927246094,-12.3128938674927,0.54,2.57,3.5,597.23,249.26,1987.93,14664.1,4060.4,84688.85
"QLDNorth","Napranum",141.679977416992,-12.3266019821167,0.54,2.37,3.36,84.22,45.17,200.34,576.3,239.25,1942.83
"QLDNorth","Cook",143.083145141602,-12.314151763916,0.54,2.23,2.63,11930,3462.88,63986.88,1556.39,573.25,6134.56
"QLDNorth","Cook",143.162658691406,-12.3421659469604,0.54,2.23,2.65,12462.75,3582.93,67849.34,1650.56,600.18,6638
"QLDNorth","Cook",143.197570800781,-12.3469867706299,0.54,2.22,3.76,13398.34,3810.83,74055.69,369.79,169.03,1072.47
"QLDNorth","Cook",143.218353271484,-12.3574123382568,0.54,2.22,3.04,13669.66,3884.99,75565.61,90.9,47.21,228.85
"NT","Litchfield",130.999145507812,-12.2127170562744,0.54,4.43,3.82,665.47,292.5,1999.81,88.36,46.24,219.68
"NT","Unincorporated NT",131.4208984375,-12.2685308456421,0.54,4.4,4.87,2159.66,769.2,8864.38,65.69,36.38,149.68
"NT","Unincorporated NT",131.472625732422,-12.2777271270752,0.54,4.4,4.87,1971.54,714.12,7890.08,65.85,36.46,150.1
"NT","Unincorporated NT",131.535339355469,-12.2733945846558,0.54,4.4,4.88,2135.25,762.74,8723,67.43,37.25,154.02
"NT","Unincorporated NT",131.577728271484,-12.2796277999878,0.54,4.39,4.89,2659.41,916.93,11437.53,61.93,34.79,137.94
"NT","Unincorporated NT",131.631881713867,-12.2783536911011,0.54,4.39,5.46,4065.21,1312.42,19214.76,11.75,8.32,18.98
"NT","Unincorporated NT",131.682693481445,-12.2791233062744,0.54,4.39,5.61,4153,1337.45,19692.34,9.36,6.92,14.14
"NT","Unincorporated NT",131.736846923828,-12.2702016830444,0.54,4.39,5.08,2877.05,985.11,12468.5,55.07,31.71,117.97
"NT","Unincorporated NT",131.78694152832,-12.2552947998047,0.54,4.39,4.98,3053.63,1031.34,13523.14,251.44,116.53,729.86
"NT","Unincorporated NT",131.943099975586,-12.2689266204834,0.54,4.39,4.36,3530.49,1194.61,15430.33,39.95,23.83,81.89
"NT","West Arnhem",132.108551025391,-12.2662086486816,0.54,4.39,4.27,4012.15,1318.02,18371.18,19.69,12.77,36.23
"NT","East Arnhem",135.691482543945,-12.2486267089844,0.54,2.6,2.73,214.54,100.86,613.06,83.31,44.65,198.54
"NT","East Arnhem",135.742370605469,-12.2635383605957,0.54,2.6,3,239.47,111.29,693.94,54.4,31.55,115.03
"NT","East Arnhem",135.998382568359,-12.260082244873,0.54,2.59,2.99,270.99,124.04,801.05,54.6,31.7,115.22
"NT","East Arnhem",136.234939575195,-12.2211036682129,0.54,2.59,2.93,304.29,138.46,902.03,31.99,19.81,61.99
"NT","East Arnhem",136.256134033203,-12.2178087234497,0.54,2.59,2.11,297.57,135.89,877.45,15.71,10.71,26.7
"NT","East Arnhem",136.341003417969,-12.2645406723022,0.54,2.6,3.03,252.76,118.51,717.26,8.54,6.36,12.82
"NT","East Arnhem",136.929595947266,-12.2793607711792,0.54,2.57,3.65,572.82,240.86,1885.58,4198.77,1359.03,19706.09
"QLDNorth","Napranum",141.701065063477,-12.2661838531494,0.54,2.37,4.2,81.67,43.93,193.67,423.86,189.9,1264.51
"QLDNorth","Cook",143.099166870117,-12.2576332092285,0.54,2.23,2.96,11526.45,3365.55,61288.23,115.33,59.89,285.13
"NT","Litchfield",130.989242553711,-12.1898794174194,0.54,4.42,4.14,727.96,316.06,2224.82,38.27,23.24,76.04
"NT","Unincorporated NT",131.348663330078,-12.2170190811157,0.54,4.4,5.15,2536.25,877.39,10874.9,44.11,26.23,90.31
"NT","Unincorporated NT",131.858276367188,-12.2237243652344,0.54,4.4,5.24,2429.11,855.5,10101.67,71.24,39.63,159.98
"NT","Unincorporated NT",131.896331787109,-12.2106943130493,0.54,4.39,5.05,3297.95,1117.74,14435.08,32.88,19.81,67.13
"NT","West Arnhem",132.162353515625,-12.21364402771,0.54,4.39,4.89,3933.08,1313.19,17496.63,30.77,18.74,61.79
"NT","East Arnhem",135.002471923828,-12.2035093307495,0.54,2.6,2.94,239.99,112.78,680.61,31.06,18.92,62.33
"NT","East Arnhem",135.035659790039,-12.2280006408691,0.54,2.61,2.98,197.43,95.99,532.27,27.6,17.04,54.48
"NT","East Arnhem",135.105743408203,-12.2389240264893,0.54,2.61,2.34,194.65,94.29,528.98,40.03,23.87,82.14
"NT","East Arnhem",135.218414306641,-12.1919298171997,0.54,2.6,2.36,258.15,120.65,735.94,17.66,11.63,31.82
"NT","East Arnhem",135.662689208984,-12.2106456756592,0.54,2.6,2.88,207.89,97.57,597.48,31.27,19.11,62.31
"NT","East Arnhem",135.787216186523,-12.2126140594482,0.54,2.6,3.06,248.75,115.13,724.44,35.03,21.32,69.75
"NT","East Arnhem",136.014984130859,-12.2320241928101,0.54,2.59,2.61,289.86,131.76,864.06,12.76,8.95,20.86
"NT","East Arnhem",136.150787353516,-12.1998643875122,0.54,2.59,2.47,333.76,149.39,1014.11,11.43,8.05,18.68
"NT","East Arnhem",136.623153686523,-12.2152996063232,0.54,2.57,3.89,509.77,215.9,1669.06,8.86,6.57,13.39
"NT","East Arnhem",136.877563476562,-12.2180404663086,0.54,2.57,3.44,471.33,203.64,1494.22,14080.16,3907.03,81214.58
"QLDNorth","Napranum",141.713638305664,-12.2316465377808,0.54,2.37,4.48,84.41,45.19,201.47,37.62,23.18,72.8
"QLDNorth","Cook",143.099227905273,-12.2135963439941,0.54,2.23,2.97,10772.49,3180.65,56358.63,333.15,149.24,1010.87
"NT","Litchfield",130.992370605469,-12.1579141616821,0.54,4.45,3.82,334.89,157.85,923.86,852.5,354.58,2789.54
"NT","Litchfield",131.153396606445,-12.1661376953125,0.54,4.41,4.53,1454.89,557.92,5343.18,86.69,45.86,211.32
"NT","Unincorporated NT",131.233428955078,-12.1843738555908,0.54,4.4,4.77,1646.3,625.39,6104.03,2146.97,738.2,9425.2
"NT","Unincorporated NT",131.357284545898,-12.1176900863647,0.54,4.39,5,2662.82,920.16,11403.35,3640.76,1163.73,17678.12
"NT","West Arnhem",132.228332519531,-12.1744031906128,0.54,4.38,4.76,5182.05,1661.42,24409.02,1015.3,379.43,4017.01
"NT","West Arnhem",132.27033996582,-12.1444568634033,0.54,4.38,4.68,5285.57,1711.03,24425.63,2638.23,871.4,12321.05
"NT","West Arnhem",132.337219238281,-12.1548480987549,0.54,4.38,4.67,5943.13,1905.01,27760.02,2120.5,719.71,9553.72
"NT","West Arnhem",132.359786987305,-12.1572351455688,0.54,4.36,4.84,25442.12,6973.33,144628.49,23.6,15.12,43.83
"NT","West Arnhem",132.430633544922,-12.1582050323486,0.54,4.37,4.56,13101.46,3884.23,67217.14,37.2,22.25,76.3
"NT","East Arnhem",134.950958251953,-12.1458263397217,0.54,2.58,2.34,403.95,176.39,1269.03,40.9,24.33,84.17
"NT","East Arnhem",135.274459838867,-12.1687259674072,0.54,2.6,2.25,225.67,107.71,624.16,59.63,33.85,130.54
"NT","East Arnhem",135.686782836914,-12.1477298736572,0.54,2.6,2.9,208.04,97.69,597.29,19.86,12.9,36.42
"NT","East Arnhem",135.699523925781,-12.1348676681519,0.54,2.6,2.92,213.09,99.76,614.25,17.62,11.63,31.6
"NT","East Arnhem",135.855804443359,-12.1677484512329,0.54,2.6,2.99,248.56,115.31,720.68,16.54,10.99,29.46
"NT","East Arnhem",135.897903442383,-12.1618242263794,0.54,2.6,2.85,232.04,108.74,663.18,37.7,22.7,76.21
"NT","East Arnhem",135.946105957031,-12.149995803833,0.54,2.6,2.79,240.96,112.75,688.85,11.32,8.04,18.26
"NT","East Arnhem",136.159606933594,-12.1591968536377,0.54,2.6,2.69,236.73,111.75,666.35,16.04,10.89,27.46
"NT","East Arnhem",136.60107421875,-12.1814622879028,0.54,2.57,2.89,534.55,224.53,1771.95,26.95,17.02,51
"NT","East Arnhem",136.733840942383,-12.1676731109619,0.54,2.57,2.96,547.79,230.39,1808.14,20.65,13.36,38.09
"NT","East Arnhem",136.786148071289,-12.1561899185181,0.54,2.58,3.55,412.5,179.5,1302.46,16.18,11.03,27.45
"NT","East Arnhem",136.828033447266,-12.1474151611328,0.54,2.58,3.38,424.28,186.13,1316.54,12171.64,3464.02,67624.59
"QLDNorth","Mapoon",141.757308959961,-12.1580944061279,0.54,2.38,4.34,76.76,41.62,180.02,55.81,32.88,114.47
"QLDNorth","Cook",143.101211547852,-12.1522407531738,0.54,2.23,3.23,9208.7,2785.18,46551.56,120.25,63.51,287.14
"NT","Unincorporated NT",131.005920410156,-12.1143760681152,0.54,4.41,4.04,1221.41,492.81,4132.74,305.51,140.76,884.3
"NT","Unincorporated NT",131.051452636719,-12.1018924713135,0.54,4.4,4.42,2430.85,860.18,10019.79,532.66,221.53,1800.02
"NT","Unincorporated NT",131.092559814453,-12.0813102722168,0.54,4.4,4.52,2000.93,724.75,8000.16,89.81,47.32,220.04
"NT","Unincorporated NT",131.246597290039,-12.1323003768921,0.54,4.4,5.35,1788.92,671.79,6739.22,121.61,62.78,302.92
"NT","Unincorporated NT",131.364242553711,-12.101393699646,0.54,4.39,5.56,2890.03,989.9,12512.71,115.13,60.13,281.62
"NT","West Arnhem",132.488006591797,-12.1299524307251,0.54,4.37,4.88,9852.58,3012.65,48620.29,108.19,57.08,260.72
"NT","West Arnhem",132.530609130859,-12.1093482971191,0.54,4.37,4.9,15962.86,4607.29,84965.09,99.77,53.11,237.8
"NT","West Arnhem",132.583312988281,-12.1053695678711,0.54,4.37,4.63,15186.69,4490.54,77614.69,25.1,15.94,47.22
"NT","West Arnhem",132.637435913086,-12.0965223312378,0.54,4.37,4.21,16561.03,4912.69,83742.91,91.48,48.62,220.06
"NT","East Arnhem",134.950317382812,-12.1034984588623,0.54,2.57,2.23,488.23,207.95,1586.39,23.88,15.04,45.85
"NT","East Arnhem",135.318801879883,-12.110463142395,0.54,2.6,2.22,257.83,121.5,723.74,32.08,19.74,63.01
"NT","East Arnhem",135.761627197266,-12.0824356079102,0.54,2.6,2.58,220.94,103.17,638.17,14.91,10.13,25.64
"NT","East Arnhem",136.12760925293,-12.083664894104,0.54,2.59,2.97,275.82,127.52,798.97,15.77,10.8,26.6
"NT","East Arnhem",136.58869934082,-12.1013021469116,0.54,2.57,3.44,552.65,230.32,1855.04,1527.19,560.48,6068.51
"QLDNorth","Mapoon",141.770416259766,-12.1294441223145,0.54,2.38,3.59,72.33,39.58,167.47,56.21,31.97,123.11
"QLDNorth","Cook",143.139129638672,-12.0931539535522,0.54,2.23,2.94,8797.4,2675.84,44140.88,59.8,33.29,135.85
"NT","Unincorporated NT",131.270263671875,-12.0644159317017,0.54,4.4,5.18,2096.04,778.4,7980.02,2866.44,976.94,12534.03
"NT","Unincorporated NT",131.307174682617,-12.0514507293701,0.54,4.39,5.2,3556.45,1192.42,15802.98,14.08,9.46,24.84
"NT","West Arnhem",132.623382568359,-12.0515365600586,0.54,4.37,3.94,8424.42,2683.18,38981.86,40.53,23.53,87.53
"NT","West Arnhem",134.370147705078,-12.0470180511475,0.54,2.55,2.98,1158.44,429.9,4598.76,39.72,23.14,85.33
"NT","West Arnhem",134.421295166016,-12.060338973999,0.54,2.55,3.21,1018.03,384.5,3944.78,22.19,14.05,42.43
"NT","West Arnhem",134.468276977539,-12.0629529953003,0.54,2.56,3.22,895.21,343.87,3390.52,23.15,14.61,44.41
"NT","West Arnhem",134.524398803711,-12.0610952377319,0.54,2.56,3.63,794.64,309.9,2949.56,20.78,13.56,37.67
"NT","West Arnhem",134.58024597168,-12.052583694458,0.54,2.56,3.15,744.19,292.56,2733.42,93,49.4,223.71
"NT","East Arnhem",134.945770263672,-12.0735340118408,0.54,2.58,2.72,411.45,179.85,1288.39,80.73,43.69,189.33
"NT","East Arnhem",135.373519897461,-12.0797023773193,0.54,2.6,2.85,258.27,122.01,721.47,47.87,28.09,99.93
"NT","East Arnhem",135.420715332031,-12.078875541687,0.54,2.59,2.15,277.61,129.05,795.45,50.3,28.53,111.75
"NT","East Arnhem",135.498672485352,-12.0264129638672,0.54,2.59,2.26,292.13,135.09,842.33,28.66,17.87,55.31
"NT","East Arnhem",135.816177368164,-12.0222206115723,0.54,2.6,2.76,226.36,105.62,653.72,11.27,7.92,18.52
"NT","East Arnhem",136.111434936523,-12.0630779266357,0.54,2.58,3.06,370.88,162.82,1160.43,15.1,10.44,25.06
"NT","East Arnhem",136.56086730957,-12.0609130859375,0.54,2.57,3.19,523.96,219.57,1747.1,10489.53,3040.31,56890.14
"QLDNorth","Mapoon",141.803771972656,-12.0563097000122,0.54,2.38,3.76,68.38,37.75,156.32,2756.67,937.99,12124.04
"QLDNorth","Cook",143.156799316406,-12.0544710159302,0.54,2.23,2.67,8778.23,2669.15,44076.78,57.81,31.46,137.86
"NT","West Arnhem",132.620742797852,-11.9969520568848,0.54,4.38,3.69,5872.76,1912.25,26674.96,163.18,76.59,478.49
"NT","West Arnhem",134.184463500977,-11.9982357025146,0.54,2.55,2.78,1350.46,489.46,5546.4,135.68,66.88,366.45
"NT","West Arnhem",134.250152587891,-12.0107345581055,0.54,2.55,3.35,1341.3,485.54,5524.79,22.03,14.05,41.57
"NT","West Arnhem",134.316650390625,-12.0093860626221,0.54,2.55,3.46,1346.26,491.16,5460.5,21.14,13.79,38.26
"NT","West Arnhem",134.649963378906,-12.0148496627808,0.54,2.56,3.09,792.7,308.16,2961.16,47.96,28.23,99.5
"NT","East Arnhem",134.843780517578,-12.0023307800293,0.54,2.56,3.05,893.5,350.15,3256.97,48.16,28.24,100.6
"NT","East Arnhem",134.901092529297,-12.0129470825195,0.54,2.56,2.29,722.24,292.34,2513.79,50.21,28.49,111.47
"NT","East Arnhem",135.511871337891,-12.0182876586914,0.54,2.59,2.14,292.21,135.18,841.99,37.75,22.65,76.86
"NT","East Arnhem",135.835510253906,-12.0029325485229,0.54,2.6,2.56,233.98,108.65,680.27,18.74,12.12,34.83
"NT","East Arnhem",136.157913208008,-12.0233201980591,0.54,2.6,3.05,236.61,111.97,662.8,16.82,11.48,28.39
"NT","East Arnhem",136.545349121094,-12.0239019393921,0.54,2.57,3.12,521.84,218.29,1746.58,13341.83,3810.83,73189.65
"QLDNorth","Mapoon",141.819412231445,-12.0283946990967,0.54,2.39,3.81,65.25,36.26,147.76,1205.2,470.99,4326.5
"QLDNorth","Cook",143.176895141602,-12.0172853469849,0.54,2.23,3.31,8517.22,2593.78,42726.93,137.95,69.87,352.99
"NT","Tiwi Islands",130.948303222656,-11.9423351287842,0.54,4.41,4.41,1490.77,590.6,5152.62,2762.84,954.44,11808.57
"NT","Tiwi Islands",130.982147216797,-11.933723449707,0.54,4.4,4.13,2404.42,848.89,9960.14,49.81,27.68,115.33
"NT","West Arnhem",132.631072998047,-11.9484176635742,0.54,4.38,4.18,6755.81,2167.95,31243.39,32.69,19.83,65.87
"NT","West Arnhem",134.210144042969,-11.9517621994019,0.54,2.54,3.16,1700.3,607.35,7058.52,42.28,24.96,88.03
"NT","West Arnhem",134.68896484375,-11.9589719772339,0.54,2.55,3.06,1126.46,422.9,4382.36,38.09,22.94,76.92
"NT","West Arnhem",134.740509033203,-11.9548368453979,0.54,2.55,3.33,1102.42,415.21,4269.27,21.27,13.97,37.95
"NT","East Arnhem",134.776611328125,-11.9581813812256,0.54,2.55,3.17,1294.07,480.39,5091.83,25.99,16.62,48.09
"NT","East Arnhem",135.581314086914,-11.9595603942871,0.54,2.59,2.11,317.07,145.8,918.78,46.05,26.43,100.66
"NT","East Arnhem",135.61979675293,-11.9580116271973,0.54,2.59,2.34,300.2,139.4,857.29,23.65,15.11,44.21
"NT","East Arnhem",135.849609375,-11.9655447006226,0.54,2.61,2.81,196.14,93.14,553.54,38.26,22.99,77.56
"NT","East Arnhem",136.203155517578,-12.0004482269287,0.54,2.6,2.75,254.87,119.36,724.4,56.82,32.42,123.55
"NT","East Arnhem",136.275833129883,-11.9708499908447,0.54,2.59,2.7,311.64,142.18,917.66,70.79,39.38,159.02
"NT","East Arnhem",136.313903808594,-11.9524831771851,0.54,2.59,2.63,342.59,154.34,1026.32,32.03,19.14,66.63
"NT","East Arnhem",136.343872070312,-11.947639465332,0.54,2.58,3.04,378.12,167.72,1158.45,19.66,13.13,34.21
"NT","East Arnhem",136.528594970703,-11.9510841369629,0.54,2.57,3.35,521.22,217.39,1754.62,17.94,12.14,30.6
"QLDNorth","Mapoon",141.865600585938,-11.9639463424683,0.54,2.39,3,58.65,33.11,129.9,2530.4,879.89,10747.19
"QLDNorth","Mapoon",141.897277832031,-11.9500980377197,0.54,2.4,3.92,53.94,30.76,117.9,365.83,169.03,1040.95
"QLDNorth","Cook",143.157455444336,-11.9466142654419,0.54,2.23,3.63,11600.44,3351.61,62869.65,270.39,134.72,683.48
"NT","Tiwi Islands",130.504669189453,-11.8403720855713,0.54,4.42,4.67,963.63,392.6,3249.91,324.95,158.26,846.71
"NT","Tiwi Islands",130.807876586914,-11.8504104614258,0.54,4.44,4.54,459.94,214.44,1270.39,260.46,129.17,665.3
"NT","Tiwi Islands",130.874359130859,-11.8713722229004,0.54,4.43,3.81,524.29,239.67,1488.94,527.03,227.32,1663.24
"NT","Tiwi Islands",130.89582824707,-11.8893566131592,0.54,4.43,4.1,548.88,249.22,1573.48,2347.41,832.15,9665.82
"NT","Tiwi Islands",131.043060302734,-11.8865613937378,0.54,4.4,4.04,1961.14,708.57,7888.01,87.97,45.56,223.37
"NT","West Arnhem",132.639907836914,-11.9028997421265,0.54,4.38,4.07,6794.58,2161.53,31912.24,24.89,15.34,49.75
"NT","West Arnhem",133.896774291992,-11.9072465896606,0.54,2.55,3.22,1181.83,452.17,4419.61,28.54,17.31,58.23
"NT","West Arnhem",133.951324462891,-11.9031887054443,0.54,2.55,3.36,1299.56,491.28,4938.41,55.91,32.2,119.59
"NT","West Arnhem",134.137069702148,-11.9051790237427,0.54,2.54,3.37,2087.69,732.96,8824.8,37.32,22.8,73.45
"NT","East Arnhem",135.756454467773,-11.911205291748,0.54,2.59,2.19,295.03,137.73,835.23,61.04,34.13,137.29
"NT","East Arnhem",135.790130615234,-11.9003629684448,0.54,2.59,1.9,287.52,134.48,812.46,57.54,32.62,126.55
"NT","East Arnhem",136.375,-11.9009981155396,0.54,2.58,3.08,393.53,174.43,1203.85,18.56,12.51,31.88
"NT","East Arnhem",136.528915405273,-11.9165210723877,0.54,2.57,3.43,534.54,225.64,1755.32,1972.57,717.43,7833.82
"QLDNorth","Mapoon",141.884399414062,-11.946722984314,0.54,2.4,3.13,55.97,31.78,123.03,1626.26,604.48,6282.18
"QLDNorth","Cook",142.948287963867,-11.8973693847656,0.54,2.23,2.51,11643.7,3284.79,65960.04,1882.61,687.85,7436.11
"QLDNorth","Cook",142.998092651367,-11.9294691085815,0.54,2.23,2.45,11888.1,3347.27,67493.04,2663.59,926.8,11260.09
"QLDNorth","Cook",143.058807373047,-11.9179401397705,0.54,2.22,3.15,13571.93,3766.05,78476.25,41.64,25.01,84
"QLDNorth","Cook",143.106872558594,-11.8990879058838,0.54,2.22,3.03,12933.08,3651.68,72629.45,256.54,120.58,723.88
"NT","Tiwi Islands",130.048980712891,-11.8261213302612,0.54,4.39,4.85,3123.03,1098.42,12811.39,488.18,210.77,1545.97
"NT","Tiwi Islands",130.108581542969,-11.8302373886108,0.54,4.4,4.74,2549.42,904.91,10416.37,521.17,224.7,1647.42
"NT","Tiwi Islands",130.145629882812,-11.8264837265015,0.54,4.39,4.71,3524.59,1186.46,15554.7,427.34,190.38,1287.66
"NT","Tiwi Islands",130.204071044922,-11.8116674423218,0.54,4.4,4.63,1987.64,719.28,7964.05,559.04,240.95,1759.81
"NT","Tiwi Islands",130.259338378906,-11.7950744628906,0.54,4.4,4.63,1892.32,687.24,7556.42,543.33,236.93,1676.88
"NT","Tiwi Islands",130.300674438477,-11.7818832397461,0.54,4.4,4.63,1797,657.14,7108.48,430.56,194.41,1264.92
"NT","Tiwi Islands",130.386657714844,-11.8054189682007,0.54,4.41,4.72,1546.28,580.04,5891.98,329.15,155.53,904.8
"NT","Tiwi Islands",130.427810668945,-11.8165292739868,0.54,4.41,4.71,1320.54,508.41,4844.61,247.4,122.36,636.87
"NT","Tiwi Islands",130.578720092773,-11.8289165496826,0.54,4.42,4.91,789.66,333.25,2528.27,56.72,32.56,122
"NT","Tiwi Islands",130.612777709961,-11.8281364440918,0.54,4.43,4.58,620.06,271.82,1880.07,238.87,119.94,599.76
"NT","Tiwi Islands",130.671371459961,-11.8170099258423,0.54,4.44,3.49,506.69,229.94,1460.61,1554.72,581.2,5960.01
"NT","Tiwi Islands",130.750625610352,-11.8247766494751,0.54,4.44,3.44,510.06,231.48,1469.63,1235.3,479.78,4478.42
"NT","Tiwi Islands",131.106369018555,-11.8367681503296,0.54,4.4,5.42,2129.32,767.35,8558.88,68.58,39.51,144.61
"NT","Tiwi Islands",131.143173217773,-11.8116655349731,0.54,4.4,4.23,1653.38,620.04,6275.76,115.56,57.4,311.66
"NT","West Arnhem",132.636825561523,-11.8432168960571,0.54,4.37,3.61,9746.51,2924.42,49818.67,142.86,68.83,402.08
"NT","West Arnhem",133.895065307617,-11.8185167312622,0.54,2.55,2.78,1135.98,435.58,4242.41,148.72,71.17,422.86
"NT","West Arnhem",134.007934570312,-11.8538293838501,0.54,2.55,2.82,1358.11,514.23,5130.04,143.95,69.15,407.36
"NT","West Arnhem",134.056777954102,-11.8575630187988,0.54,2.54,3.08,1674,614.15,6613.59,16.4,10.98,28.82
"NT","West Arnhem",134.068252563477,-11.8719110488892,0.54,2.54,2.5,1782.74,645.99,7178.07,29.37,17.76,60.14
"NT","East Arnhem",136.417495727539,-11.8494110107422,0.54,2.57,3.05,520.12,220.77,1693.37,21.37,14.13,37.67
"NT","East Arnhem",136.486282348633,-11.8582954406738,0.54,2.58,3.46,431.76,185.11,1398,1821.55,669.57,7130.08
"QLDNorth","Cook",141.949020385742,-11.8594808578491,0.54,2.4,3.96,56.41,31.94,124.54,12.31,8.83,19.34
"QLDNorth","Cook",142.928421020508,-11.8899345397949,0.54,2.23,2.38,11479.17,3236.54,65160.84,2077.05,731.72,8726.35
"NT","Tiwi Islands",130.022125244141,-11.793194770813,0.54,4.39,4.35,3598.64,1243.58,15112.72,2575.8,877.26,11363
"NT","Tiwi Islands",131.195007324219,-11.7888441085815,0.54,4.4,5.48,2199.69,794.95,8776.8,69.2,39.86,145.89
"NT","Tiwi Islands",131.240982055664,-11.7524433135986,0.54,4.4,4.28,2521.24,886.98,10480.33,72.47,38.98,173.49
"NT","West Arnhem",132.578628540039,-11.7922096252441,0.54,4.38,3.67,4989.64,1674.74,21661.32,50.66,28.55,113.92
"NT","West Arnhem",133.577560424805,-11.8029184341431,0.54,4.39,4.93,3060.55,1034.26,13537.3,106.72,53.59,283.56
"NT","West Arnhem",133.653747558594,-11.8069162368774,0.54,4.39,4.94,3172.78,1063.49,14214.93,21.74,14.35,38.39
"NT","West Arnhem",133.939819335938,-11.7774648666382,0.54,2.55,3.12,1373.88,521.34,5164.34,2371.91,850.49,9555.68
"QLDNorth","Cook",141.964004516602,-11.8045377731323,0.54,2.39,3.25,58.73,33.07,130.71,72.12,40.17,161.41
"QLDNorth","Cook",142.860336303711,-11.7837772369385,0.54,2.23,2.26,11462.29,3257.97,64093.42,2633,887.71,11822.56
"NT","Tiwi Islands",130.024185180664,-11.762095451355,0.54,4.38,5.5,5222.95,1645.99,25390.52,66.42,38.53,138.57
"NT","Tiwi Islands",131.293151855469,-11.7301988601685,0.54,4.39,4.13,3194.27,1082.54,14012.56,136,66.99,367.81
"NT","West Arnhem",132.543960571289,-11.7247705459595,0.54,4.38,3.22,4913.48,1648.46,21367.09,1048.12,383.83,4304.28
"NT","West Arnhem",133.370880126953,-11.7535991668701,0.54,4.39,4.7,3493.77,1168.87,15605.86,226.4,104.45,668.29
"NT","West Arnhem",133.417953491211,-11.7414617538452,0.54,4.39,4.55,3864.37,1264.01,17883.69,923.1,341.47,3755.6
"NT","West Arnhem",133.479400634766,-11.77942943573,0.54,4.39,4.83,3574.85,1181.89,16301.65,98.75,50.16,258.12
"NT","West Arnhem",133.531616210938,-11.7553157806396,0.54,4.39,4.86,3587.58,1186.04,16357.1,82.41,42.78,209.45
"NT","West Arnhem",133.672592163086,-11.7725067138672,0.54,4.39,5.06,3032.26,1027.93,13341.62,48.4,27.09,110.76
"NT","West Arnhem",133.738784790039,-11.7747716903687,0.54,2.53,3.08,2749,945.47,11851.03,21.98,14.49,38.89
"NT","West Arnhem",133.928909301758,-11.7508583068848,0.54,2.55,3.22,1180.5,461.49,4240.86,1514.4,579.24,5573.99
"QLDNorth","Cook",141.98078918457,-11.7673273086548,0.54,2.39,3.56,59.87,33.61,133.78,19.64,13.23,33.65
"QLDNorth","Cook",142.865814208984,-11.7535581588745,0.54,2.54,2.75,11101.37,3176.05,61454.78,175.29,82.79,504.47
"NT","Tiwi Islands",130.065078735352,-11.6915130615234,0.54,4.38,5.16,5751.86,1766.34,29163.06,1969.88,727.39,7607.62
"NT","Tiwi Islands",131.341598510742,-11.6812562942505,0.54,4.39,4,3478.13,1160.48,15619.84,194.6,93.41,538.17
"NT","West Arnhem",132.489288330078,-11.6818885803223,0.54,4.38,3.39,4579.39,1542.35,19858.53,99.59,52.33,243.4
"NT","West Arnhem",133.152313232422,-11.6975011825562,0.54,4.41,4.8,1507.13,589.3,5330.39,73.09,39.23,175.53
"NT","West Arnhem",133.199630737305,-11.7201299667358,0.54,4.41,4.85,1585.78,613.33,5703.07,62.22,34.25,144.05
"NT","West Arnhem",133.273788452148,-11.7158880233765,0.54,4.4,5.52,1669.28,641,6063.43,17.61,11.65,31.43
"NT","West Arnhem",133.319244384766,-11.6946496963501,0.54,4.4,5.55,1717.04,659.76,6219.1,17.01,11.29,30.29
"NT","West Arnhem",133.797073364258,-11.7242794036865,0.54,2.54,3.15,2109.43,754.06,8613.14,56.87,31.08,134.68
"NT","West Arnhem",133.842254638672,-11.7227993011475,0.54,2.54,2.75,1472.81,555.61,5571.23,50.06,28.61,109.58
"NT","West Arnhem",133.917892456055,-11.7371520996094,0.54,2.55,3.03,1265.88,489.99,4610.78,23.48,14.97,44.08
"NT","East Arnhem",136.2080078125,-11.6966419219971,0.54,2.59,3.12,334.95,150.54,1009.61,22.65,14.88,40.23
"NT","East Arnhem",136.257858276367,-11.6989812850952,0.54,2.57,3.37,510.52,217.18,1657.25,1385.72,532.69,5082.1
"QLDNorth","Cook",142.005126953125,-11.7086973190308,0.54,2.39,3.39,62.98,35.07,142.46,26.24,16.89,47.97
"QLDNorth","Cook",142.867462158203,-11.6918067932129,0.54,2.54,2.76,10334.59,2996.8,56056.71,155.55,77.61,406.13
"NT","Tiwi Islands",130.095092773438,-11.669285774231,0.54,4.38,4.61,4828.45,1507.96,24008.04,212.09,97.53,633.49
"NT","Tiwi Islands",130.187530517578,-11.6419429779053,0.54,4.38,4.33,4762.22,1483.58,23814.82,2312.52,796.72,10058.08
"NT","Tiwi Islands",131.36328125,-11.63694190979,0.54,4.39,5.24,4053.32,1321.25,18818.22,2171.08,789.97,8561.83
"NT","Tiwi Islands",131.425994873047,-11.6168279647827,0.54,4.38,4.13,4919.43,1566.44,23552.02,145.45,73.38,373.57
"NT","West Arnhem",132.486053466797,-11.6637868881226,0.54,4.38,3.76,5585.65,1829.51,25176.94,50.65,29.45,107.15
"NT","West Arnhem",133.131576538086,-11.656457901001,0.54,4.41,5.13,1478.85,580.91,5192.85,19.39,12.63,35.41
"NT","East Arnhem",136.146011352539,-11.65256690979,0.54,2.57,2.8,574.11,241.24,1891.91,28.75,18.19,53.92
"NT","East Arnhem",136.329177856445,-11.6450710296631,0.54,2.57,3.46,567.81,239.05,1865.88,775.54,318.78,2609.34
"QLDNorth","Cook",142.021499633789,-11.6523866653442,0.54,2.39,2.84,64.91,35.97,147.82,1332.29,478.44,5576.79
"QLDNorth","Cook",142.864364624023,-11.6457834243774,0.54,2.54,2.41,8944.46,2661.48,46686.89,199.31,93.83,571.21
"NT","Tiwi Islands",130.177734375,-11.5661220550537,0.54,4.39,5.64,4389.12,1389.13,21424.25,72.41,41.37,154.56
"NT","Tiwi Islands",131.474838256836,-11.591402053833,0.54,4.39,4.32,4039.43,1324.93,18541.28,148.28,74.96,378.87
"NT","West Arnhem",132.535293579102,-11.5826101303101,0.54,4.37,4.25,9410.5,2943.75,44688.89,31.26,19.52,59.8
"NT","West Arnhem",133.107482910156,-11.6077547073364,0.54,4.41,5.31,1534.06,599.38,5427.2,145.12,74.4,361.75
"NT","East Arnhem",136.166854858398,-11.6174325942993,0.54,2.57,2.35,476.72,210.45,1450.52,32.59,20.24,62.79
"NT","East Arnhem",136.295028686523,-11.5613565444946,0.54,2.57,2.89,550.19,239.07,1707.96,501.79,218.37,1562.68
"QLDNorth","Cook",142.02815246582,-11.6156911849976,0.54,2.8,3.51,65.83,36.42,150.26,60.12,34.29,130.3
"QLDNorth","Cook",142.85791015625,-11.5837736129761,0.54,2.54,2.19,7889.72,2396.92,39951.58,197.8,94,557.05
"NT","Tiwi Islands",130.175399780273,-11.5458192825317,0.54,4.38,4.56,5283.86,1621.86,26976.92,1001.32,404.38,3423.79
"NT","Tiwi Islands",131.528823852539,-11.4797439575195,0.54,4.39,5.07,3825,1272.22,17168.52,3623.18,1222.83,15884.04
"NT","West Arnhem",132.061462402344,-11.5261945724487,0.54,4.38,4.92,7803.32,2388.58,38995.38,1212.53,472.36,4376.45
"NT","West Arnhem",132.103866577148,-11.5351600646973,0.54,4.38,5.32,6407.37,2026.18,30537.1,467.47,207.88,1405.13
"NT","West Arnhem",132.143127441406,-11.5230531692505,0.54,4.38,5,5173.58,1640.81,24869.45,441.42,198.34,1306.42
"NT","West Arnhem",132.500518798828,-11.5184679031372,0.54,4.38,3.26,5663.09,1889.99,24654.71,140.11,71.68,351.43
"NT","West Arnhem",132.523147583008,-11.5400514602661,0.54,4.38,4.64,5733.81,1927.76,24617.39,16.08,10.96,27.29
"NT","West Arnhem",133.083114624023,-11.5242862701416,0.54,4.41,5.02,1488.58,583.78,5240.49,33.71,20.84,65.31
"NT","East Arnhem",136.244705200195,-11.5727081298828,0.54,2.57,2.96,542.43,235.97,1681.73,341.5,156.63,989.34
"QLDNorth","Cook",142.047119140625,-11.5551748275757,0.54,2.8,3.56,67.39,37.18,154.35,48.54,28.53,100.95
"QLDNorth","Cook",142.848205566406,-11.5669078826904,0.54,2.54,2.57,7539.16,2311.14,37656.2,318.64,149.08,893.8
"NT","Tiwi Islands",130.161422729492,-11.4907732009888,0.54,4.38,5.08,5016.29,1557.62,25148.16,3365.47,1167.86,14084.73
"NT","West Arnhem",132.029327392578,-11.4781379699707,0.54,4.37,5.34,8987.93,2688.04,46458.88,571.7,248.99,1762.9
"NT","West Arnhem",132.208831787109,-11.4825410842896,0.54,4.37,4.65,9830.98,2950.61,50196.65,715.45,305.16,2260.29
"NT","West Arnhem",132.270492553711,-11.4668083190918,0.54,4.38,4.59,8300.09,2570.61,40437.03,1792.95,682.85,6582.12
"NT","West Arnhem",132.31298828125,-11.4683017730713,0.54,4.38,4.57,7834.36,2455.42,37481.35,2215.31,810.93,8629.06
"NT","West Arnhem",132.383819580078,-11.4549140930176,0.54,4.38,3.33,6665.36,2142.68,30752.07,138.59,71.17,345.4
"NT","West Arnhem",132.426971435547,-11.4597721099854,0.54,4.38,3.66,6704.29,2175.84,30391.97,30.83,19.34,58.46
"NT","West Arnhem",133.073486328125,-11.5122003555298,0.54,4.41,5.66,1494.77,586.16,5261.75,298.57,139.97,837.93
"QLDNorth","Cook",142.073867797852,-11.4911956787109,0.54,2.79,4.16,70.59,38.65,163.51,10.61,7.7,16.44
"QLDNorth","Cook",142.845962524414,-11.4972276687622,0.54,2.55,2.06,6012.99,1916.93,28348.01,122.83,63.28,306.92
"NT","Tiwi Islands",130.16975402832,-11.4444332122803,0.54,4.37,4.75,9775.81,2727.67,57256.29,124.31,65.62,296.53
"NT","Tiwi Islands",131.536544799805,-11.436595916748,0.54,4.39,4.86,4223.5,1388.32,19250.35,185.17,91.07,490.68
"NT","West Arnhem",131.9990234375,-11.4327774047852,0.54,4.37,4.27,9405.69,2797.77,48964.03,107.11,56.44,258.93
"NT","West Arnhem",132.640228271484,-11.4434223175049,0.54,4.39,4.88,2686.83,977.77,10455,159.51,78.64,425.32
"NT","West Arnhem",132.780090332031,-11.4485273361206,0.54,4.39,5.14,3158.75,1129.79,12560.83,30.97,19.42,58.74
"NT","West Arnhem",133.023818969727,-11.4552783966064,0.54,4.41,5.59,1456.61,572.98,5106.37,656.05,277.18,2120.65
"QLDNorth","Cook",142.083679199219,-11.4627676010132,0.54,2.79,3.5,72.26,39.43,168.16,38.49,23.37,76.5
"QLDNorth","Cook",142.857482910156,-11.4085350036621,0.54,2.55,2.32,5195.69,1687.87,23881.02,25.76,16.31,48.63
"NT","Tiwi Islands",130.230453491211,-11.3935594558716,0.54,4.37,4.62,10639.15,3048.41,58899.41,84.79,46.66,191.96
"NT","Tiwi Islands",131.521224975586,-11.3907089233398,0.54,4.39,5.32,3513.44,1175.48,15686.97,106.66,57.14,250.03
"NT","West Arnhem",131.914978027344,-11.3621482849121,0.54,4.38,4.45,7938.62,2409.54,40252.18,214.11,104.38,571.11
"NT","West Arnhem",131.947036743164,-11.3853130340576,0.54,4.38,4.48,7907.39,2388.18,40475.36,96.89,51.36,233.25
"NT","West Arnhem",132.613983154297,-11.3998851776123,0.54,4.39,4.81,2706.3,974.05,10738.84,169.3,84.71,437.11
"NT","West Arnhem",132.787384033203,-11.3777360916138,0.54,4.39,5.02,2645.25,967.86,10202.59,25.26,15.93,48.17
"NT","West Arnhem",132.997406005859,-11.4216756820679,0.54,4.41,5.09,1588.05,616.16,5678.01,29.04,17.75,58.2
"NT","East Arnhem",136.597122192383,-11.4216785430908,0.54,2.57,3.09,617.77,253.88,2112.56,44.42,26.29,91.67
"NT","East Arnhem",136.640731811523,-11.3713369369507,0.54,2.57,3.83,596.98,248.51,1997.01,312.13,147.19,864.07
"QLDNorth","Cook",142.103149414062,-11.401725769043,0.54,2.79,3.55,75.29,40.82,176.91,28.13,17.86,52.49
"QLDNorth","Cook",142.872909545898,-11.3809547424316,0.54,2.55,2.66,5047.31,1636.91,23314.23,45.96,27.26,94.25
"NT","Tiwi Islands",130.261825561523,-11.3385334014893,0.54,4.37,4.63,10670.36,2990.14,61589.54,137.32,68.39,363.1
"NT","Tiwi Islands",130.316619873047,-11.3294315338135,0.54,4.37,4.78,9617.54,2701.39,55684.13,61.56,34.24,139.79
"NT","Tiwi Islands",130.640731811523,-11.3504152297974,0.54,4.37,4.41,8616.14,2609.1,43643.87,3427.35,1183.55,14455.57
"NT","Tiwi Islands",130.66682434082,-11.3222599029541,0.54,4.38,4.41,7884.04,2421.53,39125.94,3261.02,1134.92,13601.35
"NT","Tiwi Islands",130.746994018555,-11.371994972229,0.54,4.38,4.76,7530.73,2342.51,36618.18,115.8,59.03,296.59
"NT","Tiwi Islands",130.799591064453,-11.3583660125732,0.54,4.38,4.42,6759.96,2146.5,31868.09,70.11,38.67,160.18
"NT","Tiwi Islands",130.853012084961,-11.3462705612183,0.54,4.38,4.8,6269.88,2018.93,28946.69,108.16,57.84,254.15
"NT","Tiwi Islands",131.466506958008,-11.3359422683716,0.54,4.38,4.94,4598.8,1471.14,21927.27,203.96,100.41,535.95
"NT","West Arnhem",131.836776733398,-11.317587852478,0.54,4.38,4.46,6347.3,1999.6,30480.93,183.93,92.46,468.18
"NT","West Arnhem",132.599029541016,-11.3259267807007,0.54,4.39,4.69,2811.64,1004.81,11275.77,178.78,89.94,455.27
"NT","West Arnhem",132.863540649414,-11.3349733352661,0.54,4.4,4.81,2304.1,864.88,8555.81,181.51,89.22,482.14
"NT","West Arnhem",132.894546508789,-11.3347940444946,0.54,4.4,5.58,2301.15,856.24,8681.11,42.54,25.48,86.1
"NT","West Arnhem",132.923782348633,-11.3376379013062,0.54,4.4,4.79,1909.7,722.55,7067.91,80.26,43.03,191.81
"NT","East Arnhem",136.546264648438,-11.3306303024292,0.54,2.58,2.5,387.96,176.62,1130.16,36.18,22.15,71.04
"NT","East Arnhem",136.668273925781,-11.3229780197144,0.54,2.56,3.74,778.63,314.05,2713.87,545.06,238.08,1676.85
"QLDNorth","Cook",142.11637878418,-11.3324689865112,0.54,2.63,3.19,78.45,42.32,185.54,45.79,27.19,93.78
"QLDNorth","Cook",142.866561889648,-11.3505191802979,0.54,2.55,2.32,4231.72,1398.65,19090.67,206.72,97.96,583.33
"NT","Tiwi Islands",130.331573486328,-11.3181953430176,0.54,4.37,4.77,10152.04,2835.1,59196.65,43.98,25.74,92.8
"NT","Tiwi Islands",130.604202270508,-11.2962017059326,0.54,4.38,4.63,7897.49,2425.96,39179.61,212.35,99.28,613.83
"NT","Tiwi Islands",130.89421081543,-11.3064479827881,0.54,4.38,5.1,5912.08,1930.95,26693.8,29.29,18.22,56.71
"NT","Tiwi Islands",130.929824829102,-11.3132572174072,0.54,4.38,5.12,5700.65,1872.47,25531.92,28.15,17.65,53.84
"NT","Tiwi Islands",131.039672851562,-11.3159465789795,0.54,4.38,4.88,6465.72,2087.86,29643.03,20.57,13.57,36.49
"NT","Tiwi Islands",131.068801879883,-11.3014717102051,0.54,4.38,5.48,7070.35,2251.01,33080.08,7.73,5.86,11.28
"NT","Tiwi Islands",131.445999145508,-11.2863349914551,0.54,4.39,5.35,3876.62,1282.09,17569.76,89.45,47.62,214.92
"NT","West Arnhem",131.79248046875,-11.2772884368896,0.54,4.38,6.08,4886.21,1557.46,23358.84,19.8,13.17,34.67
"NT","West Arnhem",132.623947143555,-11.2838859558105,0.54,4.39,5.02,3005.07,1066.94,12146.39,46.68,26.59,103.45
"NT","East Arnhem",136.548950195312,-11.2743463516235,0.54,2.55,2.49,1252.59,489.27,4489.41,37.33,22.74,73.88
"NT","East Arnhem",136.685302734375,-11.2800846099854,0.54,2.56,3.91,710.22,288.88,2452.09,306.44,146.33,829.98
"QLDNorth","Cook",142.119735717773,-11.2773599624634,0.54,2.63,3.25,79.65,42.9,188.68,34.48,21.28,66.93
"QLDNorth","Cook",142.825485229492,-11.2893285751343,0.54,2.56,2.79,3506.02,1184.96,15363.2,38.36,22.83,79.25
"NT","Tiwi Islands",130.358932495117,-11.2424116134644,0.54,4.37,4.54,10212.63,2874.55,58638.1,330.03,147.89,1001.34
"NT","Tiwi Islands",130.491439819336,-11.2524118423462,0.54,4.38,4.74,7731.88,2359.76,38872.34,62.73,35.11,140.5
"NT","Tiwi Islands",130.565307617188,-11.2675523757935,0.54,4.38,4.86,7237.43,2244.79,35468.51,36.42,22.07,72.91
"NT","Tiwi Islands",131.117950439453,-11.2520942687988,0.54,4.38,4.84,7320.86,2318.93,34497.69,44.65,26.32,92.88
"NT","Tiwi Islands",131.151779174805,-11.246729850769,0.54,4.37,5.01,8573.03,2644.5,41989.98,24.45,15.67,45.27
"NT","Tiwi Islands",131.356216430664,-11.2465591430664,0.54,4.38,4.83,6696.46,2095.54,32445.15,206.03,97.32,585.23
"NT","Tiwi Islands",131.412414550781,-11.2522840499878,0.54,4.39,4.92,3130.49,1080.21,13298.67,246.07,118.01,670.51
"NT","West Arnhem",131.811859130859,-11.2258338928223,0.54,4.38,6.18,6612.02,2018.01,33589.81,17.29,11.7,29.63
"NT","West Arnhem",132.621826171875,-11.2328500747681,0.54,4.39,5.54,2919.56,1045.42,11640.34,46.41,27.46,95.56
NA,"East Arnhem",136.545593261719,-11.2220897674561,0.54,2.55,2.77,1393.65,538.31,5064.42,22.19,14.66,39.08
"NT","East Arnhem",136.631530761719,-11.1951751708984,0.54,2.58,3.32,451.69,202.8,1336.84,350.94,165.28,966.81
"QLDNorth","Cook",142.114303588867,-11.2349643707275,0.54,2.63,3.53,80.64,43.44,190.8,21.08,13.77,38.06
"QLDNorth","Cook",142.792556762695,-11.2303142547607,0.54,2.56,2.82,3460.82,1169.5,15182.53,34.38,20.92,68.58
"NT","Tiwi Islands",130.368423461914,-11.1777906417847,0.54,4.38,4.92,5255.91,1718.28,23861.4,21.31,14.1,37.54
"NT","Tiwi Islands",130.446243286133,-11.1971912384033,0.54,4.38,5.26,7207.16,2208.94,36117.01,11.81,8.46,18.65
"NT","Tiwi Islands",131.247192382812,-11.1940431594849,0.54,4.37,5.09,11192.55,3370.12,56361.94,34.99,21.34,69.39
"NT","Tiwi Islands",131.261795043945,-11.1898603439331,0.54,4.37,6,9439.35,2884.36,46759.44,6.43,4.98,9.17
"NT","Tiwi Islands",131.299652099609,-11.2015371322632,0.54,4.38,5.95,7537.01,2320.82,37336.95,7.95,5.97,11.81
"NT","West Arnhem",131.825469970703,-11.2042093276978,0.54,4.38,5.66,7640.79,2257.01,40868.44,9.96,7.26,15.42
"NT","West Arnhem",131.895614624023,-11.1854572296143,0.54,4.38,4.96,4975.07,1583.07,23830.75,64.03,35.29,147.59
"NT","West Arnhem",131.960083007812,-11.1784086227417,0.54,4.38,4.54,5224.85,1660.11,25013.45,1380.33,508.25,5490.56
"NT","West Arnhem",132.432769775391,-11.2089195251465,0.54,4.39,4.66,4095.42,1369.48,18120.18,167.95,83.56,438.48
"NT","West Arnhem",132.481201171875,-11.1749544143677,0.54,4.39,5.11,4150.61,1381.94,18495.7,39.85,23.93,80.68
"NT","West Arnhem",132.62825012207,-11.178165435791,0.54,4.39,5.88,3975.35,1360.19,16896.39,373.56,174.95,1035.76
"QLDNorth","Northern Peninsula Area",142.139755249023,-11.1726818084717,0.54,2.64,3.45,75.16,41.14,173.34,28.59,17.85,55.06
"QLDNorth","Cook",142.804824829102,-11.16344165802,0.54,2.56,2.73,3285.13,1119.26,14242.89,42.47,25.22,87.4
"NT","Tiwi Islands",130.380508422852,-11.1629219055176,0.54,4.37,5.01,8639.27,2597.15,44345.54,14.22,9.84,23.68
"NT","Tiwi Islands",130.402770996094,-11.1618366241455,0.54,4.38,4.92,6263.03,1952.98,30678.03,17.54,11.77,30.5
"NT","West Arnhem",132.001861572266,-11.1261157989502,0.54,4.38,5.18,5818.07,1822.67,28392.1,24.12,15.43,44.91
"NT","West Arnhem",132.022277832031,-11.146276473999,0.54,4.38,5.21,6897.81,2106.99,34886.8,21.89,14.22,39.87
"NT","West Arnhem",132.134811401367,-11.1272020339966,0.54,4.38,5.2,7247.94,2230.34,36039.65,21.88,14.2,39.91
"NT","West Arnhem",132.160491943359,-11.1263208389282,0.54,4.38,5.5,7128.11,2210.55,34976.69,14.91,10.23,25.15
"NT","West Arnhem",132.192352294922,-11.1309881210327,0.54,4.38,5.35,6918.39,2159.74,33600.67,21.04,13.74,37.99
"NT","West Arnhem",132.287612915039,-11.1635417938232,0.54,4.38,5.51,5214.53,1693.58,23972.84,16.66,11.25,28.69
"NT","West Arnhem",132.327835083008,-11.1182298660278,0.54,4.38,5.56,5990.89,1922.8,27902.97,15.98,10.86,27.3
"NT","West Arnhem",132.35627746582,-11.1436605453491,0.54,4.38,4.91,5282.9,1721.95,24107.73,211,101.67,575.86
"NT","West Arnhem",132.478958129883,-11.1468286514282,0.54,4.39,5.12,3652.49,1241.7,15791.39,39.67,23.81,80.41
"NT","West Arnhem",132.615158081055,-11.129017829895,0.54,4.39,5.9,3831.12,1318.6,16145.5,370.19,174.06,1019.64
"QLDNorth","Northern Peninsula Area",142.14453125,-11.1362314224243,0.54,2.64,2.61,74.67,40.96,171.66,89.31,46.95,219.88
"QLDNorth","Cook",142.804168701172,-11.1530590057373,0.54,2.56,1.93,3124.11,1073.94,13366.37,273.97,131.29,742.42
"NT","West Arnhem",132.472778320312,-11.0708351135254,0.54,4.38,5.11,5318.19,1734.91,24221.44,39.48,23.9,78.71
"NT","West Arnhem",132.603607177734,-11.0717344284058,0.54,4.39,6.05,4131.05,1397.38,17886.09,304.81,146.28,818.47
"QLDNorth","Northern Peninsula Area",142.138977050781,-11.0583038330078,0.54,2.63,2.93,81.59,44.19,190.85,33.24,20.37,65.61
"QLDNorth","Cook",142.794006347656,-11.0856399536133,0.54,2.56,1.89,3572.34,1203.12,15737.24,426.01,191.78,1259.37
"NT","West Arnhem",132.465347290039,-11.0247783660889,0.54,4.38,5.17,7162.04,2279.95,33489.57,36.2,22.32,70.17
"NT","West Arnhem",132.588653564453,-11.0156278610229,0.54,4.38,5.94,4947.44,1626.49,22316.41,441.48,202.48,1258.71
"QLDNorth","Northern Peninsula Area",142.106628417969,-11.0066871643066,0.54,2.63,3.17,86.43,46.63,202.89,19.83,13.12,35.08
"QLDNorth","Cook",142.767959594727,-11.0458612442017,0.54,2.55,2.3,4088.8,1350.48,18511.24,66.8,37.29,149.69
"NT","West Arnhem",132.552230834961,-10.9911222457886,0.54,4.38,5.85,6492.41,2104.95,29541.44,694.62,298.63,2166.96
"NT","West Arnhem",132.580017089844,-10.9708738327026,0.54,4.38,5.17,6492.87,2055.31,30861.01,49.66,29.34,102.05
"QLDNorth","Torres",142.747802734375,-10.9939432144165,0.54,2.55,2.17,4996.18,1605.89,23479.57,49.14,29.16,100.24
"QLDNorth","Torres",142.163955688477,-10.9213438034058,0.54,2.61,3.19,122.32,64.02,296.76,14.53,10.2,23.48
"QLDNorth","Torres",142.20703125,-10.9225664138794,0.54,2.61,3,114.33,60.62,271.94,22.03,14.64,38.37
"QLDNorth","Northern Peninsula Area",142.257568359375,-10.9082870483398,0.54,2.6,3.67,145.07,73.99,365.19,522.65,230.69,1581.42
"QLDNorth","Northern Peninsula Area",142.328857421875,-10.8887453079224,0.54,2.64,3.12,174.6,86.36,459.64,16.31,11.28,26.94
"QLDNorth","Torres",142.614593505859,-10.8843431472778,0.54,2.55,2.69,4919.93,1595.9,22755.64,2063.25,736.95,8449.95
"QLDNorth","Northern Peninsula Area",142.351898193359,-10.843563079834,0.54,2.64,2.67,170.16,84.96,440.82,112.96,59.89,268.87
"QLDNorth","Northern Peninsula Area",142.582778930664,-10.7971954345703,0.54,2.55,2.12,5607.76,1776.6,26865.81,45.87,27.42,92.68
"QLDNorth","Torres",142.13151550293,-10.7413988113403,0.54,2.68,2.81,133.13,69.11,326.01,51.76,30.57,106.18
"QLDNorth","Torres",142.15690612793,-10.7632503509521,0.54,2.6,2.72,136.5,70.8,334.3,56.92,32.99,120.13
"QLDNorth","Torres",142.220672607422,-10.7488708496094,0.54,2.61,3.01,124.75,65.99,296.38,17.54,11.94,29.7
"QLDNorth","Torres",142.267517089844,-10.7293510437012,0.54,2.6,3.44,149.36,76.18,375.12,1340.36,512.87,4969.03
"QLDNorth","Torres",142.382995605469,-10.7556619644165,0.54,2.63,2.79,246.74,114.03,721.06,63.45,36.2,136.96
"QLDNorth","Torres",142.619384765625,-10.7508888244629,0.54,2.55,2.22,5122.36,1638.03,24263.13,47.8,27.75,101.88
"QLDNorth","Torres",142.107070922852,-10.6979598999023,0.54,2.68,3.29,141.74,73.05,350.41,10.94,7.93,17.01
"QLDNorth","Torres",142.309005737305,-10.7149000167847,0.54,2.62,2.66,316.06,139.77,987.09,119.25,62.92,285.49
"QLDNorth","Torres",142.383987426758,-10.7199859619141,0.54,2.64,3,171.28,82.31,477.32,415.9,174.49,1408.75
"QLDNorth","Torres",142.109359741211,-10.663722038269,0.54,2.68,3.42,148.84,76.47,368.85,55.64,31.49,123.12
"QLDNorth","Torres",142.31086730957,-10.6337766647339,0.54,2.61,3.51,398.87,180.51,1172.68,17.77,11.84,31.29
"QLDNorth","Torres",142.407257080078,-10.7049655914307,0.54,2.6,2.79,638.36,269.08,2076.22,138.25,70.03,353.66
"QLDNorth","Torres",142.471893310547,-10.712628364563,0.54,2.6,3.05,627.76,265.37,2033.09,50.51,28.96,109.84
"QLDNorth","Torres",142.525588989258,-10.6800050735474,0.54,2.6,2.66,505.09,220.44,1563.88,45.24,27.27,90.12
"QLDNorth","Torres",142.587768554688,-10.7096462249756,0.54,2.6,3.13,578.5,250.77,1797.95,334.64,146.51,1060.97
"QLDNorth","Torres",142.120346069336,-10.6408967971802,0.54,2.68,3.52,150.64,77.41,372.95,30.39,19.28,56.5
"QLDNorth","Torres",142.314498901367,-10.5469722747803,0.54,2.59,3.05,672.06,281.74,2200.58,29.59,19.07,53.55
"QLDNorth","Torres",142.284072875977,-10.5262041091919,0.54,2.59,2.93,653.3,267.21,2245.2,137.72,68.52,364.88
"QLDNorth","Torres Strait Island",142.221115112305,-10.2406320571899,0.54,2.59,3.08,1000.49,375.15,3937.13,212.05,99.87,604.41
"QLDNorth","Torres Strait Island",142.277725219727,-10.2656869888306,0.54,2.62,3.66,462.87,195.85,1529.14,1298.66,471.85,5324.24
"QLDNorth","Torres Strait Island",142.28288269043,-10.2629451751709,0.54,2.62,3.17,449.47,192.15,1458.99,23.46,15.63,40.56
"QLDNorth","Torres Strait Island",142.336441040039,-10.2043075561523,0.54,2.6,2.59,728.69,302.42,2418.13,88.08,49.09,194.33
"QLDNorth","Torres Strait Island",142.126220703125,-10.1826858520508,0.54,2.63,3.74,287.49,139.34,760.96,1213.13,446.83,4869.14
"QLDNorth","Torres",142.147506713867,-10.1988859176636,0.54,2.63,3.11,322.26,152.13,888.63,38.16,23.82,72.04
"QLDNorth","Torres Strait Island",142.348922729492,-10.1783800125122,0.54,2.6,3.43,842.49,345.1,2837.51,1204.38,443.56,4837.81
"QLDNorth","Torres Strait Island",142.08576965332,-10.1318025588989,0.54,2.63,3.13,332.09,158.84,892.61,34.21,21.7,63.15
"QLDNorth","Torres Strait Island",142.346786499023,-10.1685905456543,0.54,2.6,3.15,869.45,354.11,2953.32,100.28,53.25,240.04
"QLDNorth","Torres Strait Island",142.08219909668,-10.109902381897,0.54,2.63,3.18,350.45,166.81,947.28,203.26,97.31,563.1
"QLDNorth","Torres Strait Island",142.26741027832,-10.1153011322021,0.54,2.62,2.89,366,169.11,1041.38,39.57,24.66,74.75
"QLDNorth","Torres Strait Island",142.302734375,-10.1241130828857,0.54,2.61,3.17,521.75,227.97,1608.68,32.1,20.47,58.96
"QLDNorth","Torres Strait Island",142.120590209961,-10.0592012405396,0.54,2.61,3.37,515.98,224.35,1606.41,36.97,23.01,70.35
"QLDNorth","Torres Strait Island",142.168380737305,-10.0498027801514,0.54,2.6,2.12,694.27,276.81,2494.55,21.25,13.9,38.27
"QLDNorth","Torres Strait Island",142.183883666992,-10.0605993270874,0.54,2.62,3.69,486.73,207.19,1583.63,18.13,12,32.27
