"state","lga","longitude","latitude","SLR","SWL_AEPPC","MTWL_AEPPC","SWL_MFSLR_50","SWL_MFSLR_10","SWL_MFSLR_90","MTWL_MFSLR_50","MTWL_MFSLR_10","MTWL_MFSLR_90"
"WANorth","Broome",122.218292236328,-18.0007991790771,0.2,5.26,5.67,10.86,7.8,17.16,4.21,3.38,5.77
"NT","East Arnhem",136.368423461914,-13.8599948883057,0.2,1.68,2,6.94,5.16,10.64,3.56,2.92,4.75
"QLDNorth","Townsville",147.105270385742,-19.2773990631104,0.2,2.27,2.52,49.78,27.77,114.4,9.79,6.95,15.98
"QLDNorth","Livingstone",150.793533325195,-23.122766494751,0.2,2.89,3.68,45.07,26.5,94.14,3.99,3.23,5.41
"NSW","Wollongong",150.913467407227,-34.4770774841309,0.2,1.42,2.66,459.87,184.19,1694.65,2.4,2.11,2.86
"VIC","Surf Coast",144,-38.5785293579102,0.2,1.7,2.56,16.34,10.95,28.61,4.09,3.31,5.52
"SA","Onkaparinga",138.421051025391,-35.1084899902344,0.2,2.49,3.35,3.67,3.11,4.57,2.01,1.84,2.28
"SA","Ceduna",133.631576538086,-32.1934509277344,0.2,2.2,3.66,3.58,3.05,4.43,1.74,1.63,1.91
"WASouth","Esperance",121.897087097168,-33.8707008361816,0.2,1.3,1.56,10.07,7.44,15.17,4.62,3.81,5.97
"TAS","Burnie",145.914001464844,-40.9999961853027,0.2,2.1,3.11,14.28,9.87,23.82,2.88,2.49,3.53
"WASouth","Joondalup",115.684211730957,-31.8255958557129,0.2,1.19,3.42,11.7,8.51,17.96,1.67,1.56,1.83
"NT","Darwin",130.845794677734,-12.2999992370605,0.2,4,4.61,81.8,44.82,187.2,3.19,2.7,4.03
"VIC","Bass Coast",145.224685668945,-38.5499954223633,0.2,2.09,3.25,10.39,7.36,16.94,3.13,2.64,4
"VIC","Glenelg",141.631576538086,-38.4138069152832,0.2,1.2,2.8,18.92,12.89,31.8,3.34,2.78,4.35
"TAS","Glamorgan-Spring Bay",148.099990844727,-42.5463905334473,0.2,1.18,1.7,20.81,13.5,38.13,4.85,3.89,6.61
"WASouth","Fremantle",115.736831665039,-32.0597686767578,0.2,1.18,3.34,11.33,8.24,17.45,1.64,1.54,1.79
"NSW","Waverley",151.315795898438,-33.8696632385254,0.2,1.45,3.06,368.65,154.27,1267.98,2.1,1.9,2.41
"SA","Port Pirie",138,-33.1237258911133,0.2,2.81,3.67,2.92,2.54,3.54,2.04,1.85,2.34
"SA","Port Adelaide Enfield",138.473678588867,-34.782169342041,0.2,2.42,3.11,3.58,3.04,4.44,2.15,1.95,2.46
"QLDNorth","Townsville",146.894729614258,-19.244197845459,0.2,2.38,3.18,33.73,20.01,70.85,3.61,2.94,4.85
"SA","Charles Sturt",138.473663330078,-34.8685684204102,0.2,2.5,3.18,3.57,3.04,4.43,2.15,1.95,2.46
"VIC","Queenscliffe",144.631576538086,-38.2900199890137,0.2,1.44,2.5,10.88,7.74,17.51,4.03,3.27,5.42
"NT","Darwin",130.789474487305,-12.4139251708984,0.2,4.01,4.66,71.92,39.79,163.06,2.92,2.5,3.63
"SA","Victor Harbor",138.631576538086,-35.5991897583008,0.2,1.64,2.44,5.77,4.62,7.77,4.08,3.3,5.5
"WASouth","Albany",117.894737243652,-35.1271858215332,0.2,1.21,3.45,12.33,9.05,18.56,1.91,1.76,2.13
"SA","Unincorporated SA",135.894729614258,-34.6957054138184,0.2,1.75,3.43,7.31,5.63,10.4,2.69,2.34,3.28
"WASouth","Esperance",121.894737243652,-33.8696632385254,0.2,1.3,1.56,10.1,7.46,15.23,4.63,3.82,5.98
"SA","Unincorporated SA",133.052627563477,-32.1043510437012,0.2,2.16,3.79,4.3,3.58,5.48,1.91,1.75,2.14
"WASouth","Greater Geraldton",114.57893371582,-28.7936973571777,0.2,1.14,2.72,24.88,15.69,47.54,2.6,2.27,3.14
"NSW","Newcastle",151.789474487305,-32.9031105041504,0.2,1.41,2.98,153.71,72.39,450.05,2.19,1.95,2.58
"VIC","Hobsons Bay",144.894729614258,-37.8758659362793,0.2,1.19,1.41,10.79,7.56,17.92,5.35,4.22,7.44
"QLDSouth","Bundaberg",152.421051025391,-24.754753112793,0.2,2.14,2.89,72.54,39.24,171.68,4.09,3.28,5.64
"WASouth","Bunbury",115.631576538086,-33.2998161315918,0.2,1.3,3.3,8.09,6.15,11.72,1.9,1.74,2.14
"TAS","Clarence",147.368423461914,-42.9977073669434,0.2,1.29,1.55,15.77,10.57,27.68,9.22,6.72,14.36
"WANorth","Port Hedland",118.578948974609,-20.2841644287109,0.2,3.76,4.68,17.02,11.26,30.49,2.05,1.82,2.42
"WANorth","Wyndham-East Kimberley",128.105255126953,-15.3765287399292,0.2,4.01,4.78,2.97639328919652e+38,1.31260553434253e+38,6.85396569844381e+38,4.63,3.65,6.54
"QLDSouth","Brisbane",153.157897949219,-27.3544616699219,0.2,1.77,2.89,654.96,251.2,2553,2.8,2.38,3.54
"VIC","Greater Geelong",144.421051025391,-38.2900199890137,0.2,1.19,1.87,12.82,8.86,21.6,5.1,4.01,7.2
"TAS","Burnie",145.894729614258,-41.0038528442383,0.2,2.1,3.01,14.07,9.75,23.38,3.14,2.67,3.92
"WANorth","Carnarvon",113.631576538086,-24.8980293273926,0.2,1.28,1.99,2213.89,718.77,10847.35,4.77,3.72,6.85
"QLDNorth","Mackay",149.263153076172,-21.1209907531738,0.2,3.7,4.44,62.89,34.72,144.65,3.72,3.04,4.98
"TAS","George Town",146.789474487305,-41.0435485839844,0.2,2.07,3.41,15.78,10.6,27.58,2.48,2.19,2.96
"WANorth","Broome",122.210517883301,-17.997501373291,0.2,5.26,5.67,10.86,7.8,17.17,4.21,3.38,5.77
"QLDNorth","Cairns",145.842102050781,-16.8426761627197,0.2,1.98,2.61,78.31,41.94,187.83,9.44,6.72,15.39
"NT","East Arnhem",136.684204101562,-12.2082605361938,0.2,2.17,2.48,31.79,19.27,64.27,8.61,6.25,13.57
"QLDNorth","Aurukun",141.789474487305,-12.6707773208618,0.2,1.98,3.28,7.4,5.43,11.61,1.91,1.73,2.18
"QLDNorth","Gladstone",151.421051025391,-23.9397563934326,0.2,2.65,3.39,101.4,52.27,256.76,4.88,3.82,6.95
"NSW","Unincorporated NSW",159.052627563477,-31.5230770111084,0.2,1.64,3.52,283.58,124.34,908.67,2.22,1.98,2.62
"VIC","East Gippsland",147.947357177734,-37.9173851013184,0.2,1.06,2.03,21.05,13.89,37.3,2.45,2.14,2.96
"QLDNorth","Gladstone",151.315795898438,-23.7953815460205,0.2,2.66,3.45,80.56,43.07,193.48,4.17,3.35,5.72
"VIC","Bass Coast",145.105270385742,-38.4962158203125,0.2,2.09,3.37,10.23,7.27,16.59,2.9,2.48,3.64
"NSW","Bega Valley",149.947372436523,-37.0825157165527,0.2,1.42,2.17,97.69,49.44,257.47,3.56,2.95,4.67
"NT","East Arnhem",136.421051025391,-13.7977819442749,0.2,1.62,1.97,12.53,8.57,21.57,4.14,3.35,5.58
"QLDNorth","Torres",141.894729614258,-10.6091213226318,0.2,2.35,3.59,12.16,8.35,20.83,2.06,1.86,2.38
"SA","Grant",140.684204101562,-38.0832366943359,0.2,1.2,3.56,20.42,13.84,34.45,2.39,2.11,2.83
"NSW","Northern Beaches",151.315795898438,-33.8259620666504,0.2,1.45,3,376.79,157.03,1304.12,2.14,1.93,2.47
"WANorth","Karratha",116.736831665039,-20.5800476074219,0.2,3.75,4.69,20.07,13.05,36.71,2,1.79,2.36
"SA","Copper Coast",137.57893371582,-33.9133415222168,0.2,2.08,3.19,3.59,3.03,4.53,1.94,1.77,2.19
"QLDNorth","Townsville",147.105270385742,-19.2938747406006,0.2,2.28,2.52,49.03,27.47,111.82,9.82,6.97,16.06
"TAS","Devonport",146.368408203125,-41.1228675842285,0.2,2.11,3.37,15.64,10.58,27.01,2.46,2.18,2.91
"NSW","Randwick",151.263153076172,-34.0006294250488,0.2,1.44,3.08,366.44,153.47,1259.04,2.07,1.87,2.38
"QLDNorth","Mackay",149.315780639648,-21.268180847168,0.2,3.86,4.64,57.68,32.28,130.09,3.41,2.82,4.48
"QLDNorth","Cassowary Coast",146.157897949219,-17.5966548919678,0.2,1.95,2.83,48.97,28.09,106.58,4,3.21,5.55
"TAS","Glamorgan-Spring Bay",148.052627563477,-42.5341911315918,0.2,1.18,1.7,20.86,13.53,38.24,4.77,3.83,6.48
"QLDNorth","Cassowary Coast",146.368423461914,-18.4972763061523,0.2,2.3,3.05,43.64,24.71,98.49,4.27,3.37,6.03
"WANorth","Ashburton",115.157897949219,-21.6110496520996,0.2,1.75,2.81,26.21,15.82,54.44,1.9,1.71,2.22
"WANorth","Karratha",117.157897949219,-20.5800476074219,0.2,3.77,4.73,13.16,8.84,23.42,1.9,1.71,2.21
"QLDNorth","Carpentaria",140.789474487305,-17.4963035583496,0.2,2.92,3.8,5.31,4.12,7.62,1.98,1.79,2.28
"QLDNorth","Rockhampton",150.842102050781,-23.602653503418,0.2,3.04,3.77,66.82,36.9,152.88,4.51,3.6,6.21
"QLDSouth","Sunshine Coast",153.157897949219,-26.6982269287109,0.2,1.53,2.61,158.33,78.01,422.93,3.27,2.74,4.18
"QLDNorth","Whitsunday",148.842102050781,-20.2841644287109,0.2,2.71,3,21.41,13.82,39.52,6.48,4.98,9.38
"QLDNorth","Torres",142.157897949219,-10.5573892593384,0.2,2.3,2.66,8.82,6.32,14.23,4.29,3.46,5.82
"QLDSouth","Fraser Coast",152.947372436523,-25.2792816162109,0.2,2.42,3.38,72.69,39.09,174.08,4.81,3.82,6.7
"SA","Unincorporated SA",137.631576538086,-33.0355453491211,0.2,2.64,3.48,3.08,2.66,3.76,2.13,1.92,2.46
"QLDSouth","Gold Coast",153.421051025391,-27.9603595733643,0.2,1.45,2.61,209.98,101.3,571.96,2.54,2.2,3.14
"WANorth","Karratha",116.684211730957,-20.5800476074219,0.2,3.74,4.7,24.7,15.39,48.33,1.99,1.78,2.34
"QLDNorth","Torres",142.315780639648,-10.5056486129761,0.2,2.17,2.75,70.86,37.45,176.09,9.01,6.69,13.53
"QLDNorth","Douglas",145.473678588867,-16.4393119812012,0.2,1.96,2.58,115.08,56.85,313.83,10.39,7.29,17.27
"NSW","Clarence Valley",153.368423461914,-29.4372825622559,0.2,1.37,2.7,373.4,164.25,1163.43,2.5,2.18,3.04
"NT","Roper Gulf",136.894729614258,-15.7314138412476,0.2,1.7,2.55,5.83,4.46,8.59,2.11,1.87,2.51
"QLDNorth","Torres Strait Island",142.210525512695,-10.5056486129761,0.2,2.23,2.5,19.72,12.52,37.92,8.58,6.19,13.68
"VIC","Greater Geelong",144.736846923828,-38.1660194396973,0.2,1.16,1.39,11.15,7.82,18.45,5.39,4.27,7.43
"VIC","Mornington Peninsula",144.894729614258,-38.3313064575195,0.2,1.17,2.75,11.44,8,18.98,2.61,2.27,3.19
"WASouth","Joondalup",115.684211730957,-31.8365268707275,0.2,1.19,3.29,11.65,8.48,17.87,1.68,1.57,1.84
"SA","Onkaparinga",138.421051025391,-35.0841407775879,0.2,2.49,3.35,3.66,3.11,4.56,2.01,1.84,2.27
"QLDNorth","Livingstone",150.789474487305,-23.1195735931396,0.2,2.89,3.68,44.62,26.3,92.83,3.98,3.22,5.4
"VIC","Surf Coast",144.052627563477,-38.4962158203125,0.2,1.71,2.58,15.84,10.64,27.68,4.06,3.3,5.45
"SA","Yorke Peninsula",137.789474487305,-35.041072845459,0.2,2.19,2.84,4.18,3.5,5.3,2.37,2.12,2.75
"QLDNorth","Whitsunday",148.105270385742,-19.8392944335938,0.2,2.23,3.03,22.87,14.12,45.93,2.9,2.44,3.72
"WANorth","Exmouth",114.157897949219,-21.9531078338623,0.2,1.72,2.65,73.07,37.6,191.26,2.51,2.16,3.14
"NSW","Shoalhaven",150.736846923828,-35.0841293334961,0.2,1.41,2.88,295.26,125.6,1002.05,2.16,1.93,2.54
"NSW","Coffs Harbour",153.157897949219,-30.3042221069336,0.2,1.54,2.86,557.71,224.52,2000.81,2.45,2.15,2.97
"VIC","Moyne",142.263153076172,-38.4138069152832,0.2,1.21,2.45,16.34,11.24,27.2,3.88,3.16,5.21
"SA","Onkaparinga",138.421051025391,-35.1702117919922,0.2,2.49,3.35,3.7,3.13,4.62,2.01,1.84,2.27
"WANorth","Ashburton",115.473686218262,-20.6785373687744,0.2,1.71,2.67,148.15,72.83,399.5,2.61,2.22,3.31
"VIC","South Gippsland",146.473678588867,-38.7018203735352,0.2,2.03,2.84,30.24,19.18,56.32,3.4,2.87,4.29
"QLDNorth","Isaac",149.473678588867,-21.7577362060547,0.2,3.88,4.62,32.75,19.48,68.66,3.12,2.61,4.05
"QLDNorth","Cook",145.315795898438,-15.4779872894287,0.2,1.92,2.53,44.72,26.66,91,7.98,5.86,12.41
"VIC","Greater Geelong",144.631576538086,-38.0832366943359,0.2,1.19,1.42,15.26,10.21,26.99,5.72,4.49,8.01
NA,"Christmas Island",105.684211730957,-10.4021415710449,0.2,1.13,2.72,23996.38,5354.34,202954.32,3.39,2.81,4.45
"TAS","West Coast",145,-41.8324203491211,0.2,2.06,4.69,29.08,18.15,55.95,2.12,1.9,2.46
"WASouth","Dundas",128.894729614258,-31.7470779418945,0.2,2.08,3.37,7.36,5.67,10.47,2.32,2.07,2.72
"SA","Kingston (SA)",139.684204101562,-36.9564933776855,0.2,1.66,3.67,5.05,4.12,6.65,2.09,1.89,2.39
"SA","Kangaroo Island",137.210525512695,-36.0258827209473,0.2,2.08,3.14,8.61,6.58,12.33,3.94,3.22,5.23
"TAS","Circular Head",145.315795898438,-40.7651672363281,0.2,2.09,3.12,15.78,10.91,26.12,2.93,2.52,3.63
"SA","Elliston",134.842086791992,-33.650936126709,0.2,1.82,3.74,4.52,3.73,5.86,1.8,1.66,2.01
"WASouth","Mandurah",115.684211730957,-32.5933265686035,0.2,1.03,3.33,6.88,5.37,9.6,1.67,1.56,1.83
"WANorth","Shark Bay",113.473686218262,-25.9435787200928,0.2,1.36,2.91,23.44,14.71,45.4,2.76,2.4,3.35
"VIC","Greater Geelong",144.473663330078,-38.2900199890137,0.2,1.43,2.34,12.35,8.58,20.63,4.37,3.51,5.97
"SA","Port Augusta",137.789474487305,-32.6376457214355,0.2,2.63,3.5,3.13,2.69,3.83,2.09,1.89,2.4
"QLDSouth","Noosa",153.105270385742,-26.3686771392822,0.2,1.54,2.56,140.51,70.2,368.69,3.81,3.13,5.04
"SA","Unincorporated SA",132.421051025391,-32.0151634216309,0.2,2.12,3.85,5.19,4.22,6.85,1.96,1.79,2.21
"WANorth","Derby-West Kimberley",123.578941345215,-17.2954330444336,0.2,5.21,5.44,22.51,13.88,45.37,6.16,4.58,9.56
"SA","Unincorporated SA",136.57893371582,-35.1702117919922,0.2,1.76,3.81,6.57,5.18,9.03,2.01,1.82,2.28
"WANorth","Derby-West Kimberley",123.736831665039,-16.0856781005859,0.2,5.21,5.69,24.17,15.24,46.29,2.95,2.46,3.87
"WANorth","Ashburton",115,-21.464204788208,0.2,1.72,2.76,78.9,41.18,199.13,2.03,1.81,2.42
"SA","Wattle Range",140,-37.5011253356934,0.2,1.22,3.65,13.23,9.57,20.36,2.27,2.02,2.65
"QLDNorth","Torres",142.631576538086,-10.7125587463379,0.2,2.16,2.85,107.82,54.02,287.55,7.66,5.74,11.45
"TAS","Huon Valley",147.105270385742,-43.3047904968262,0.2,1.3,1.5,14.98,10.04,26.44,9.9,6.92,16.63
"QLDNorth","Torres",142.421051025391,-10.4539003372192,0.2,2.17,2.75,88.61,45.71,226.67,9.99,7.31,15.35
NA,"Unincorporated SA",135.736846923828,-35.7701301574707,0.2,1.66,4.46,24.51,16.01,43.81,1.91,1.74,2.16
NA,"Robe",139.526321411133,-37.542854309082,0.2,1.19,3.91,26.45,17.23,47.27,2.11,1.91,2.43
"SA","Unincorporated SA",136.157897949219,-34.9979820251465,0.2,1.75,2.95,7.33,5.68,10.34,2.74,2.39,3.31
"VIC","Unincorporated Vic",146.526321411133,-38.9068374633789,0.2,2.05,2.8,19.98,13.18,35.51,3.58,3.02,4.52
"WANorth","Shark Bay",114.157897949219,-26.3686771392822,0.2,1.43,2.89,8.58,6.24,13.49,2.33,2.07,2.74
NA,"Fraser Coast",153.526321411133,-24.9457492828369,0.2,2.4,3.81,223.77,106.68,620.65,2.88,2.46,3.61
"WASouth","Rockingham",115.684211730957,-32.3269386291504,0.2,1,3.38,9.02,6.78,13.25,1.64,1.54,1.79
"WASouth","Nedlands",115.736831665039,-31.9705352783203,0.2,1.18,3.34,11.46,8.33,17.66,1.64,1.54,1.8
"WANorth","Exmouth",114.105262756348,-22.0994510650635,0.2,1.75,2.72,26.42,15.88,55.36,3.16,2.62,4.16
"WANorth","Ashburton",115.526313781738,-20.826171875,0.2,1.72,2.57,64.96,35.99,148,2.5,2.14,3.15
"SA","Kangaroo Island",137.947372436523,-35.684700012207,0.2,1.7,2.34,4.11,3.44,5.2,2.59,2.28,3.09
"SA","Cleve",136.578948974609,-33.9569969177246,0.2,2.03,2.81,4.53,3.75,5.83,2.29,2.05,2.65
"SA","Lower Eyre Peninsula",136.052627563477,-34.8685684204102,0.2,1.74,2.34,7.52,5.8,10.69,3.52,2.99,4.4
"SA","Whyalla",137.789474487305,-32.9914245605469,0.2,2.64,3.49,3.08,2.66,3.76,2.1,1.89,2.42
"SA","Yorke Peninsula",137.368423461914,-34.9117164611816,0.2,2.17,3.37,4.48,3.69,5.81,1.96,1.8,2.21
"QLDNorth","Mackay",149.894729614258,-21.0227813720703,0.2,3.86,4.77,60.63,33.68,138.22,3.57,2.93,4.75
"VIC","East Gippsland",148,-37.9173889160156,0.2,1.06,2.12,22.01,14.41,39.46,2.43,2.13,2.94
NA,"Mackay",150.315780639648,-20.0866088867188,0.2,3.7,4.74,63.92,35.98,141.44,3,2.52,3.86
"NSW","Ballina",153.631576538086,-28.8398017883301,0.2,1.46,2.76,597.56,242.87,2092.71,2.74,2.35,3.39
"NT","Unincorporated NT",130.526321411133,-12.6194276809692,0.2,4,4.79,77.61,42.33,179.83,2.56,2.23,3.1
"SA","Yankalilla",138.052627563477,-35.5991897583008,0.2,1.71,2.4,3.98,3.34,5.02,2.48,2.19,2.93
"NSW","Port Stephens",152.210525512695,-32.7262115478516,0.2,1.47,2.8,197.52,90.84,593.39,2.44,2.13,2.94
"QLDNorth","Cook",144.842102050781,-14.5121669769287,0.2,1.93,2.62,85.21,46.24,198.04,7.57,5.72,11.15
"QLDNorth","Gladstone",152.473678588867,-22.001895904541,0.2,2.87,4.2,87.43,47.73,200.54,2.55,2.22,3.12
"VIC","Bass Coast",145.368408203125,-38.5785293579102,0.2,2.1,3.69,9.94,7.09,16.06,2.4,2.11,2.87
NA,"Dundas",126.052635192871,-32.3269386291504,0.2,1.31,2.82,8.66,6.51,12.77,2.32,2.07,2.71
"VIC","Mornington Peninsula",144.789474487305,-38.3313064575195,0.2,1.18,2.66,11.31,7.97,18.49,2.65,2.3,3.22
"QLDNorth","Cook",143.421051025391,-12.5680675506592,0.2,1.86,2.61,75.98,41.39,176.76,7.9,5.86,12.02
"QLDNorth","Gladstone",151.894729614258,-23.4096336364746,0.2,2.65,3.74,138.29,69.91,355.17,3.56,2.94,4.67
"VIC","Mornington Peninsula",145.052627563477,-38.4962158203125,0.2,2.09,3.58,10.45,7.41,17.01,2.68,2.31,3.29
"VIC","Kingston (Vic.)",145.105270385742,-38.0832252502441,0.2,1.2,1.44,9.07,6.55,14.41,4.6,3.72,6.15
"WANorth","Wyndham-East Kimberley",124.157897949219,-15.3257808685303,0.2,5.21,5.94,24.94,16.04,45.8,2.54,2.18,3.17
"VIC","Bass Coast",145.368408203125,-38.5373840332031,0.2,2.1,3.06,9.76,6.98,15.72,3.36,2.8,4.38
"VIC","Wyndham",144.684204101562,-38.000358581543,0.2,1.19,1.43,13.8,9.34,24.06,5.58,4.39,7.79
"VIC","Surf Coast",144.368423461914,-38.3313064575195,0.2,1.19,1.87,13.06,8.99,22.1,5.17,4.05,7.32
"SA","Elliston",134.263153076172,-33.9133415222168,0.2,1.75,4.07,6.96,5.43,9.7,1.75,1.63,1.94
"QLDNorth","Cook",143.578948974609,-13.1836938858032,0.2,1.86,2.68,77.11,42.26,177.08,11.3,7.72,19.75
"VIC","Mornington Peninsula",145,-38.2487106323242,0.2,1.18,1.42,11.2,7.84,18.56,5.02,4.02,6.83
"QLDNorth","Cook",145.473678588867,-14.6649475097656,0.2,1.93,2.71,87.76,47.07,208.07,8.78,6.35,13.97
"WASouth","Dandaragan",115,-30.3042221069336,0.2,1.14,3.33,31.1,19.54,58.82,2.04,1.86,2.33
"QLDNorth","Livingstone",150.684204101562,-21.9531078338623,0.2,2.89,4.05,51.03,29.89,106.4,2.72,2.33,3.4
"QLDNorth","Cook",143.684204101562,-13.4909391403198,0.2,1.86,2.69,66.01,37.15,145.8,12.35,8.28,22.17
"QLDNorth","Gladstone",151.368423461914,-23.8435211181641,0.2,2.65,3.4,93.52,48.82,232.58,4.74,3.73,6.68
"SA","Franklin Harbour",136.894729614258,-33.7822418212891,0.2,2.06,2.9,3.99,3.35,5.03,2.13,1.93,2.43
"WANorth","Broome",122.894737243652,-16.3888320922852,0.2,5.2,5.99,30.17,18.69,58.75,2.27,1.99,2.76
"QLDNorth","Palm Island",146.736846923828,-18.7964363098145,0.2,2.3,3.07,40.89,23.49,90.13,4.09,3.26,5.73
"VIC","Greater Geelong",144.578948974609,-38.0832252502441,0.2,1.18,1.41,16.69,11.03,30.02,5.92,4.62,8.36
"NT","Roper Gulf",136.526321411133,-15.528697013855,0.2,1.69,2.55,6.31,4.76,9.49,2.04,1.82,2.42
"VIC","Mornington Peninsula",144.684204101562,-38.2900199890137,0.2,1.14,2.23,12.08,8.48,19.83,3.83,3.14,5.1
"VIC","Mornington Peninsula",144.736831665039,-38.2900199890137,0.2,1.13,2.62,12.54,8.7,20.94,2.64,2.3,3.21
"VIC","Bayside (Vic.)",145,-38.000358581543,0.2,1.19,1.42,10.26,7.25,16.84,5,4,6.83
"VIC","Port Phillip",144.947357177734,-37.8758659362793,0.2,1.19,1.42,10.53,7.4,17.42,5.3,4.18,7.36
"NT","Roper Gulf",135.736846923828,-14.3082876205444,0.2,1.75,2.46,4.38,3.47,6.15,2.26,1.98,2.73
"QLDNorth","Torres",143.263153076172,-9.72852039337158,0.2,2.17,2.69,76.85,41.45,182.06,11.78,8.24,19.5
"SA","Port Augusta",137.842102050781,-32.7262115478516,0.2,2.63,3.51,3.1,2.67,3.79,2.08,1.88,2.39
"WANorth","Karratha",115.526313781738,-20.3828601837158,0.2,1.7,3.02,229.22,102.47,719.63,2.01,1.8,2.37
"QLDNorth","Douglas",145.526321411133,-16.3888320922852,0.2,1.96,2.58,132.22,63.91,372.29,10.35,7.27,17.17
"NT","East Arnhem",135.157897949219,-12.2082605361938,0.2,2.17,2.71,29.32,18.02,58.11,3.84,3.13,5.12
"TAS","Circular Head",144.736846923828,-40.4455947875977,0.2,2.05,3.86,46.1,26.07,103.83,3.06,2.62,3.81
NA,"King Island",144.157897949219,-40.0842666625977,0.2,1.67,2.77,38.83,22.84,82.04,4.38,3.53,5.92
NA,"Cook",145.789474487305,-15.6807527542114,0.2,1.9,2.97,91.06,48.16,221.19,4.98,3.93,7
NA,"Mackay",150.368408203125,-20.5307750701904,0.2,3.72,4.79,34.36,20.92,68.44,3.28,2.75,4.21
"VIC","Bass Coast",145.263153076172,-38.5373840332031,0.2,2.09,3.31,10.28,7.29,16.75,2.93,2.49,3.68
NA,"Pormpuraaw",141.368408203125,-14.5121669769287,0.2,1.94,3.06,10.94,7.48,19.08,2.07,1.87,2.4
"WANorth","Broome",121.947364807129,-18.3974285125732,0.2,5.22,5.82,20.45,13.56,35.97,2.97,2.5,3.85
"VIC","Wyndham",144.842086791992,-37.9173851013184,0.2,1.18,1.41,11.2,7.8,18.75,5.38,4.24,7.49
"WASouth","Manjimup",116,-34.8685684204102,0.2,1.24,3.58,8.74,6.64,12.62,1.91,1.76,2.13
NA,"Whitsunday",149.947372436523,-16.2878265380859,0.2,1.94,3.46,77.79,42.38,180.6,2.11,1.87,2.53
NA,"Whitsunday",148.684204101562,-19.4428100585938,0.2,2.22,3.3,24,14.93,47.24,2.87,2.43,3.66
"SA","Yankalilla",138.210525512695,-35.4707260131836,0.2,1.71,2.54,4,3.36,5.07,2.2,1.98,2.54
"VIC","Mornington Peninsula",144.842086791992,-38.3313064575195,0.2,1.18,2.66,10.55,7.49,17.08,2.73,2.36,3.36
"WANorth","Exmouth",114.157897949219,-21.8066101074219,0.2,1.69,2.73,226.13,98.87,743.85,2.31,2.01,2.82
NA,"Torres",142.526321411133,-9.62476348876953,0.2,2.22,2.73,25.33,15.8,49.33,7.21,5.55,10.3
"WANorth","Wyndham-East Kimberley",128.789474487305,-14.766752243042,0.2,4.08,4.97,449.62,168.02,1921.45,2.93,2.48,3.72
"WASouth","Manjimup",116.736839294434,-35.041072845459,0.2,1.25,3.42,8.13,6.27,11.5,1.91,1.76,2.13
NA,"Mornington",140.210525512695,-15.3765287399292,0.2,2.86,3.99,8.53,6.08,13.98,2.09,1.88,2.43
"QLDNorth","Mornington",139.157897949219,-16.7419166564941,0.2,2.92,3.71,5.2,4.02,7.54,2.39,2.1,2.9
"QLDNorth","Torres",142.157897949219,-10.2468156814575,0.2,2.27,2.65,10.72,7.51,17.79,4.06,3.31,5.41
"WANorth","Karratha",116.947364807129,-20.6785373687744,0.2,3.79,4.66,10.58,7.36,17.89,1.96,1.76,2.31
"QLDNorth","Cairns",145.947357177734,-16.7419147491455,0.2,1.98,2.61,83.59,44.55,201.36,9.71,6.88,15.93
"WASouth","Rockingham",115.684211730957,-32.2379684448242,0.2,1.19,3.59,10.1,7.45,15.26,1.63,1.53,1.78
NA,"Burdekin",148.473678588867,-17.7470703125,0.2,2.26,3.68,76.78,41.96,177.38,2.16,1.9,2.61
"NT","East Arnhem",135.684204101562,-11.8994636535645,0.2,2.16,2.93,37.2,21.71,80.09,3.25,2.73,4.17
NA,"Tiwi Islands",126.842102050781,-10.1432237625122,0.2,3.98,4.6,388.05,171.46,1195.39,10.04,7.27,15.73
"QLDNorth","Northern Peninsula Area",142.105255126953,-10.9709968566895,0.2,2.23,3.51,7.9,5.83,12.16,1.95,1.77,2.24
"WASouth","Augusta Margaret River",115,-34.2619590759277,0.2,1.31,3.77,7.36,5.76,10.21,1.83,1.69,2.03
"QLDNorth","Torres Strait Island",143.052627563477,-10.0914154052734,0.2,2.15,2.79,207.34,95.74,615.4,12.9,8.94,21.57
"WANorth","East Pilbara",119.789474487305,-19.9382705688477,0.2,3.75,4.47,18.92,12.73,32.56,2.36,2.05,2.9
"WANorth","Broome",122.210525512695,-17.0943374633789,0.2,5.22,5.93,18.02,12.05,31.48,2.53,2.17,3.17
"QLDNorth","Cassowary Coast",146.631576538086,-18.2475681304932,0.2,2.29,3.23,64.34,34.51,156.5,3.9,3.12,5.41
"SA","Whyalla",137.57893371582,-33.2998161315918,0.2,2.63,3.47,3.18,2.73,3.92,2.12,1.91,2.45
"SA","Yorke Peninsula",137.789474487305,-34.9979820251465,0.2,2.19,2.53,4.16,3.49,5.27,3.04,2.63,3.7
"WANorth","Broome",123.315788269043,-17.0943374633789,0.2,5.21,5.44,23.13,14.14,47.41,6.23,4.61,9.77
"QLDNorth","Torres",142.684204101562,-10.9193267822266,0.2,2.17,2.83,98.01,50.38,250.35,9.55,6.91,15.02
"QLDNorth","Mornington",139.578948974609,-17.0943374633789,0.2,2.96,3.8,4.12,3.31,5.65,2.07,1.85,2.43
"WANorth","Broome",123.157897949219,-16.3888320922852,0.2,5.18,5.72,51.15,29.13,112.57,3.09,2.58,4.05
"WANorth","Karratha",116.052635192871,-20.826171875,0.2,1.74,2.68,40.14,23.93,82.34,2.07,1.84,2.47
"QLDSouth","Gold Coast",153.526321411133,-28.146110534668,0.2,1.41,2.75,303.14,137,910.67,2.29,2.02,2.76
"QLDNorth","Torres",142.736846923828,-10.9193229675293,0.2,2.16,2.83,119.89,59.55,322.31,10,7.19,15.84
"WANorth","Shark Bay",113.473670959473,-25.2792816162109,0.2,1.3,2.42,243.03,109.38,749.04,4.36,3.52,5.9
"SA","Unincorporated SA",133.315780639648,-32.5046195983887,0.2,2.14,3.51,4.72,3.88,6.11,2.06,1.88,2.34
"QLDNorth","Palm Island",146.842102050781,-18.4473552703857,0.2,2.29,3.31,56.47,30.84,134.03,3.54,2.88,4.81
"WANorth","Wyndham-East Kimberley",127.842102050781,-14.3592748641968,0.2,4.06,4.69,2049.67,635.84,11097.15,3.58,2.91,4.87
"WANorth","Wyndham-East Kimberley",125.894737243652,-14.5121669769287,0.2,4.19,4.27,11.27,8.01,18.14,7.38,5.43,11.48
"NT","East Arnhem",136.789474487305,-13.7466697692871,0.2,1.62,2.37,12.85,8.74,22.28,2.87,2.46,3.54
NA,"Cook",143.842102050781,-12.6194276809692,0.2,1.86,2.97,92.67,49.46,220.89,4.74,3.73,6.68
"QLDNorth","Cook",143.842102050781,-13.8999681472778,0.2,1.93,2.69,72.94,38.67,179.6,6.16,4.85,8.52
"QLDNorth","Torres",142.315795898438,-10.6091165542603,0.2,2.17,2.75,72.46,38.33,179.42,9.22,6.83,13.9
"WANorth","Karratha",115.631576538086,-21.1209907531738,0.2,1.74,2.6,38.03,23.01,76.14,2.52,2.16,3.19
"QLDNorth","Isaac",149.578948974609,-22.1481990814209,0.2,3.94,4.69,10.9,7.76,17.49,3.02,2.55,3.84
"WANorth","Karratha",116.684211730957,-20.5307750701904,0.2,3.75,4.69,21.35,13.77,39.51,2.01,1.79,2.37
"WANorth","Wyndham-East Kimberley",125,-14.410249710083,0.2,4.16,4.87,19.72,13.15,34.41,2.41,2.09,2.95
"TAS","George Town",146.947372436523,-41.0038414001465,0.2,2.07,3.38,16.71,11.11,29.69,2.54,2.23,3.04
NA,"Lower Eyre Peninsula",132,-36.9985275268555,0.2,1.62,4.46,80.46,43.67,187.69,1.91,1.74,2.17
NA,"West Daly",129.157897949219,-14.0531768798828,0.2,4.08,5.16,431.78,168.5,1688.98,2.46,2.15,2.98
"QLDNorth","Cook",143.263153076172,-11.9509553909302,0.2,1.85,2.43,150.47,71.52,433.21,16.31,10.7,29.81
"NT","East Arnhem",136.473678588867,-11.4871845245361,0.2,2.16,2.56,42.63,23.91,98.35,17.62,11.66,31.47
"SA","Lower Eyre Peninsula",134.789474487305,-34.6524314880371,0.2,1.73,4.28,8.51,6.48,12.26,1.76,1.63,1.95
"QLDNorth","Cook",143.736846923828,-13.6444044113159,0.2,1.86,2.72,72.76,39.79,168.54,9.58,6.77,15.79
"NSW","Richmond Valley",153.473678588867,-29.1159839630127,0.2,1.37,2.54,420.03,182.36,1330.27,2.9,2.47,3.64
NA,"Hope Vale",145.315795898438,-15.427264213562,0.2,1.95,2.55,44.37,26.48,90.23,7.88,5.8,12.21
NA,"Whitsunday",151.052627563477,-17.4461059570312,0.2,2.66,4.22,88.81,46.95,216.32,2.07,1.84,2.47
"QLDNorth","Torres",144.210525512695,-9.36522960662842,0.2,2.18,3.17,62.69,34.22,147.54,4.77,3.84,6.43
"QLDNorth","Cassowary Coast",146.157897949219,-17.9474449157715,0.2,2.14,2.96,38.39,22.59,81.11,3.95,3.17,5.46
NA,"Wyndham-East Kimberley",125.578941345215,-11.0226573944092,0.2,4.09,4.82,180.63,88.05,487.76,5.8,4.49,8.32
"WANorth","Wyndham-East Kimberley",127.631576538086,-14.1552562713623,0.2,4.07,4.67,1040.12,371.19,4500.77,3.48,2.84,4.69
"QLDNorth","Cook",144.473678588867,-14.1552562713623,0.2,1.93,2.49,76.39,42.15,173.31,9.8,6.9,16.3
"WANorth","Karratha",116.842102050781,-20.333517074585,0.2,3.75,4.81,21.33,13.67,39.97,1.9,1.71,2.2
"NT","East Arnhem",136.631576538086,-12.9786567687988,0.2,2.19,2.79,17.85,11.63,32.82,5.19,4,7.58
"SA","Yorke Peninsula",137.315795898438,-34.2619476318359,0.2,2.07,3.16,3.83,3.23,4.8,1.97,1.81,2.22
NA,"West Arnhem",132.789474487305,-9.52097320556641,0.2,3.97,4.96,685.6,277.39,2397.28,4.18,3.4,5.59
"WANorth","Broome",122.157897949219,-17.6468105316162,0.2,5.22,5.77,18.06,12.03,31.77,3.44,2.83,4.57
NA,"Tiwi Islands",129.052627563477,-10.8676490783691,0.2,3.97,4.93,570.51,227.62,2079.53,3.38,2.81,4.39
"TAS","Huon Valley",145.947357177734,-43.3430671691895,0.2,1.29,3.83,17.74,11.88,30.96,2.05,1.86,2.37
"QLDNorth","Torres",143.842102050781,-9.1574592590332,0.2,2.19,3.08,42.79,24.97,91.09,4.96,3.99,6.68
"QLDNorth","Mornington",139.842102050781,-16.6915149688721,0.2,2.93,3.75,4.84,3.79,6.88,2.2,1.95,2.6
"WANorth","Wyndham-East Kimberley",126,-14.257287979126,0.2,4.17,4.33,16.27,10.97,28.17,6.42,4.79,9.85
NA,"West Daly",128.473678588867,-12.824764251709,0.2,3.98,5.39,243.8,108.81,763.85,2.11,1.89,2.48
"QLDNorth","Livingstone",151.263153076172,-21.8066101074219,0.2,2.89,4.19,47.65,28.24,97.69,2.49,2.17,3.03
"QLDNorth","Cassowary Coast",146.473678588867,-17.847282409668,0.2,2.13,3.09,63.85,34.89,149.7,3.67,2.98,4.99
NA,"Ashburton",115.368423461914,-20.6292953491211,0.2,1.69,2.72,311.21,136.08,994.92,2.64,2.25,3.36
NA,"Wellington",147.684204101562,-38.2900199890137,0.2,1.08,2.27,16.12,11.09,26.93,2.29,2.02,2.73
NA,"Wyndham-East Kimberley",123,-12.2082614898682,0.2,5.16,6.06,185.93,88.22,527.71,3.46,2.88,4.48
"QLDNorth","Cook",143.736831665039,-13.4909381866455,0.2,1.86,2.69,66.78,37.59,147.34,12.51,8.37,22.53
NA,"West Arnhem",133.157897949219,-10.9709968566895,0.2,3.96,4.8,1816.85,621.54,8159.03,4.2,3.36,5.78
NA,"Unincorporated NSW",159.052627563477,-29.8945064544678,0.2,1.62,3.5,789.25,301.32,3055.79,2.31,2.04,2.76
NA,"Fraser Coast",155.526321411133,-23.2646827697754,0.2,2.38,4.02,1141.64,431.22,4385.49,2.36,2.07,2.84
"WANorth","Wyndham-East Kimberley",125.684211730957,-13.9510526657104,0.2,4.13,4.76,31.94,19.66,62.67,2.72,2.33,3.42
"NSW","Bega Valley",150.105270385742,-36.4079399108887,0.2,1.41,2.63,127.39,61.73,357.98,2.47,2.16,2.96
"WANorth","Port Hedland",119.105262756348,-19.5916023254395,0.2,3.72,4.77,49.55,28.59,106.52,1.99,1.78,2.33
"VIC","Glenelg",141.052627563477,-38.124641418457,0.2,1.21,3.19,15.98,11.18,25.84,2.75,2.38,3.35
"VIC","Glenelg",141.157897949219,-38.1660194396973,0.2,1.21,3.06,16.25,11.33,26.43,2.88,2.49,3.54
"VIC","Glenelg",141.210510253906,-38.2073783874512,0.2,1.21,3.25,16.28,11.34,26.54,2.65,2.31,3.2
"VIC","Glenelg",141.315780639648,-38.2900199890137,0.2,1.21,3.19,16.71,11.59,27.4,2.75,2.39,3.35
"VIC","Glenelg",141.368423461914,-38.3725547790527,0.2,1.21,3.42,18.2,12.48,30.32,2.51,2.2,3
"VIC","Glenelg",141.315795898438,-38.3725547790527,0.2,1.2,3.65,19.36,13.17,32.6,2.34,2.07,2.76
"VIC","Glenelg",141.421051025391,-38.4138069152832,0.2,1.2,3.41,19.87,13.47,33.64,2.52,2.21,3.02
"VIC","Glenelg",141.473663330078,-38.4138069152832,0.2,1.2,3.08,18.73,12.79,31.39,2.84,2.45,3.49
"VIC","Glenelg",141.526321411133,-38.4550247192383,0.2,1.2,3.57,20.49,13.81,34.96,2.39,2.11,2.84
"VIC","Glenelg",141.684204101562,-38.3313064575195,0.2,1.21,2.33,15.95,11.13,25.91,4.05,3.29,5.43
"VIC","Glenelg",141.684204101562,-38.2900199890137,0.2,1.22,2.33,14.94,10.53,23.94,4.04,3.28,5.42
"VIC","Glenelg",141.736831665039,-38.2900199890137,0.2,1.22,2.34,14.71,10.39,23.53,3.99,3.25,5.34
"VIC","Glenelg",141.842086791992,-38.2900199890137,0.2,1.22,2.76,13.83,9.82,21.97,3.17,2.67,4.07
"VIC","Moyne",141.947357177734,-38.3313064575195,0.2,1.22,2.84,13.79,9.79,21.93,3,2.54,3.8
"VIC","Moyne",142.052627563477,-38.3725700378418,0.2,1.22,3.13,14.27,10.07,22.9,2.61,2.27,3.19
"VIC","Moyne",142.157897949219,-38.4138069152832,0.2,1.21,3.1,16.72,11.49,27.85,2.66,2.31,3.24
"VIC","Moyne",142.315795898438,-38.3725700378418,0.2,1.22,2.85,15.17,10.53,25,2.92,2.49,3.66
"VIC","Moyne",142.368423461914,-38.3725700378418,0.2,1.22,2.97,14.4,10.06,23.53,2.68,2.32,3.29
"VIC","Warrnambool",142.473663330078,-38.4138069152832,0.2,1.22,2.94,14.75,10.27,24.25,2.68,2.33,3.27
"VIC","Warrnambool",142.578948974609,-38.4550247192383,0.2,1.22,3.14,14.71,10.21,24.26,2.57,2.25,3.1
"VIC","Moyne",142.684204101562,-38.5373840332031,0.2,1.21,3.22,15.54,10.68,26.05,2.51,2.2,3.01
"VIC","Moyne",142.736831665039,-38.5785293579102,0.2,1.21,3.35,15.68,10.75,26.38,2.42,2.14,2.89
"VIC","Moyne",142.842102050781,-38.6196517944336,0.2,1.71,3.69,15.05,10.38,25.11,2.6,2.26,3.15
"VIC","Corangamite",142.947357177734,-38.6607475280762,0.2,1.71,3.83,14.69,10.17,24.33,2.44,2.14,2.93
"VIC","Corangamite",143.052627563477,-38.6607475280762,0.2,1.72,3.7,13.26,9.34,21.44,2.56,2.23,3.11
"VIC","Corangamite",143.105270385742,-38.7018203735352,0.2,1.72,3.84,13.55,9.51,22.06,2.42,2.13,2.91
"VIC","Corangamite",143.210510253906,-38.7839012145996,0.2,1.71,4,14.53,10.05,24.18,2.34,2.07,2.79
"VIC","Corangamite",143.263153076172,-38.7839012145996,0.2,1.71,3.89,13.86,9.65,22.83,2.43,2.14,2.92
"VIC","Colac Otway",143.315780639648,-38.7839012145996,0.2,1.72,3.73,13.17,9.25,21.45,2.58,2.25,3.14
"VIC","Colac Otway",143.421051025391,-38.8249015808105,0.2,1.72,3.65,12.93,9.1,21,2.66,2.31,3.26
"VIC","Colac Otway",143.473678588867,-38.8249015808105,0.2,1.72,3.8,12.7,8.96,20.57,2.49,2.18,3.01
"VIC","Colac Otway",143.473678588867,-38.8658714294434,0.2,1.71,3.79,14.54,10.05,24.18,2.5,2.19,3.03
"VIC","Colac Otway",143.578948974609,-38.8658828735352,0.2,1.71,3.62,15.57,10.65,26.29,2.65,2.29,3.25
"VIC","Colac Otway",143.631576538086,-38.8249015808105,0.2,1.71,2.79,15.53,10.65,26.13,3.57,2.97,4.6
"VIC","Colac Otway",143.684204101562,-38.7839012145996,0.2,1.71,2.79,15.12,10.42,25.26,3.6,2.99,4.65
"VIC","Colac Otway",143.736846923828,-38.7428741455078,0.2,1.71,2.62,15.49,10.61,26.11,3.76,3.1,4.93
NA,"Colac Otway",143.842086791992,-38.7428741455078,0.2,1.71,3.04,15.45,10.54,26.24,3.33,2.79,4.27
"VIC","Colac Otway",143.947372436523,-38.6607475280762,0.2,1.71,2.63,16.2,10.91,28.15,3.97,3.23,5.32
"VIC","Colac Otway",143.947372436523,-38.6196517944336,0.2,1.7,2.56,16.55,11.1,28.93,4.07,3.3,5.47
"VIC","Surf Coast",144.052627563477,-38.5373840332031,0.2,1.71,2.57,15.75,10.6,27.46,4.13,3.35,5.57
"VIC","Surf Coast",144.157897949219,-38.4962158203125,0.2,1.71,2.43,14.51,9.86,24.98,4.46,3.57,6.14
"VIC","Surf Coast",144.210525512695,-38.4550247192383,0.2,1.71,2.64,13.98,9.54,23.94,4.23,3.42,5.72
"VIC","Surf Coast",144.263153076172,-38.4138069152832,0.2,1.72,2.43,13.69,9.36,23.4,4.67,3.72,6.47
"VIC","Surf Coast",144.315795898438,-38.3725700378418,0.2,1.19,2.12,13.41,9.19,22.83,4.37,3.51,5.97
"VIC","Greater Geelong",144.473663330078,-38.3313064575195,0.2,1.43,2.33,12.34,8.58,20.58,4.42,3.54,6.05
"VIC","Greater Geelong",144.526321411133,-38.2900199890137,0.2,1.43,2.43,12.02,8.39,19.93,4.37,3.51,5.97
"VIC","Greater Geelong",144.57893371582,-38.2900199890137,0.2,1.43,2.49,11.59,8.14,19.03,4.22,3.4,5.74
"VIC","Greater Geelong",144.736846923828,-38.2073783874512,0.2,1.17,1.4,10.42,7.4,16.93,5.28,4.2,7.25
"VIC","Greater Geelong",144.684204101562,-38.0832366943359,0.2,1.19,1.43,13.78,9.35,23.91,5.54,4.37,7.7
"VIC","Greater Geelong",144.578948974609,-38.0418090820312,0.2,1.18,1.41,17.05,11.22,30.9,5.98,4.66,8.46
"VIC","Wyndham",144.631576538086,-38.0418090820312,0.2,1.19,1.42,15.49,10.33,27.54,5.77,4.52,8.1
"VIC","Wyndham",144.736846923828,-38.000358581543,0.2,1.2,1.43,12.79,8.75,21.96,5.47,4.32,7.61
"VIC","Wyndham",144.842102050781,-37.9588737487793,0.2,1.18,1.41,11.28,7.86,18.9,5.35,4.23,7.42
"VIC","Bayside (Vic.)",144.947357177734,-37.9173851013184,0.2,1.19,1.42,10.51,7.4,17.37,5.28,4.17,7.32
"VIC","Kingston (Vic.)",145.105255126953,-38.0418090820312,0.2,1.2,1.44,9.13,6.58,14.54,4.6,3.73,6.16
"VIC","Mornington Peninsula",145.052627563477,-38.1660194396973,0.2,1.19,1.43,9.99,7.11,16.19,4.78,3.85,6.44
"VIC","Mornington Peninsula",145,-38.2073783874512,0.2,1.18,1.42,11.08,7.77,18.35,4.98,3.99,6.76
"VIC","Mornington Peninsula",144.947357177734,-38.2900199890137,0.2,1.17,1.41,11.69,8.13,19.56,5.16,4.11,7.05
"VIC","Mornington Peninsula",144.684204101562,-38.3725662231445,0.2,1.44,2.82,10.84,7.72,17.42,2.92,2.5,3.63
"VIC","Mornington Peninsula",144.789474487305,-38.4138069152832,0.2,1.18,2.62,10.24,7.37,16.19,2.69,2.34,3.27
"VIC","Mornington Peninsula",144.842102050781,-38.4962043762207,0.2,1.18,2.68,10.54,7.51,16.96,2.68,2.32,3.28
"VIC","Mornington Peninsula",144.894729614258,-38.5373840332031,0.2,1.18,2.81,10.67,7.58,17.28,2.63,2.28,3.22
"VIC","Mornington Peninsula",144.947357177734,-38.5373840332031,0.2,1.18,2.79,10.56,7.5,17.1,2.64,2.28,3.23
"VIC","Mornington Peninsula",145,-38.5373840332031,0.2,1.18,2.74,10.55,7.48,17.12,2.64,2.28,3.24
"VIC","Bass Coast",145.210510253906,-38.5373840332031,0.2,2.09,3.25,10.39,7.36,16.94,3.13,2.64,4
"VIC","Bass Coast",145.105255126953,-38.5373840332031,0.2,2.09,3.37,10.41,7.39,16.92,2.92,2.49,3.67
"VIC","Bass Coast",145.315780639648,-38.5373840332031,0.2,2.1,3.05,10.08,7.17,16.37,3.43,2.84,4.48
"VIC","Bass Coast",145.315780639648,-38.5785293579102,0.2,2.09,3.7,10.21,7.25,16.59,2.4,2.11,2.87
"VIC","Bass Coast",145.421051025391,-38.5785293579102,0.2,2.1,3.7,9.67,6.92,15.52,2.38,2.1,2.84
"VIC","Bass Coast",145.473678588867,-38.6196517944336,0.2,2.1,3.64,9.64,6.91,15.47,2.42,2.12,2.9
"VIC","Bass Coast",145.578948974609,-38.7018203735352,0.2,2.09,3.92,10.32,7.32,16.79,2.19,1.96,2.56
"VIC","Bass Coast",145.631576538086,-38.7018203735352,0.2,2.09,3.92,10.26,7.28,16.69,2.18,1.95,2.55
"VIC","Bass Coast",145.684204101562,-38.7018203735352,0.2,2.1,3.86,10.13,7.21,16.42,2.22,1.98,2.6
"VIC","South Gippsland",145.789474487305,-38.7018203735352,0.2,2.1,3.63,9.38,6.75,14.92,2.41,2.12,2.88
"VIC","South Gippsland",145.789474487305,-38.7428741455078,0.2,2.1,3.62,9.49,6.83,15.13,2.43,2.13,2.91
"VIC","South Gippsland",145.842102050781,-38.8248901367188,0.2,2.1,3.72,9.45,6.82,15,2.29,2.03,2.7
"VIC","South Gippsland",145.894729614258,-38.9068412780762,0.2,2.09,4.15,10.27,7.33,16.52,1.98,1.8,2.26
"VIC","South Gippsland",146,-38.9068412780762,0.2,2.1,3.91,9.97,7.16,15.87,2.11,1.9,2.44
"VIC","South Gippsland",146.052627563477,-38.8658828735352,0.2,2.1,3.85,9.79,7.06,15.47,2.12,1.91,2.46
"VIC","South Gippsland",146.105270385742,-38.8658828735352,0.2,2.1,3.75,9.39,6.82,14.68,2.17,1.94,2.52
"VIC","South Gippsland",146.157897949219,-38.9068374633789,0.2,2.11,3.75,8.99,6.58,13.91,2.15,1.93,2.49
"VIC","South Gippsland",146.263153076172,-38.9886817932129,0.2,2.11,3.69,8.27,6.14,12.54,2.12,1.91,2.44
"VIC","Unincorporated Vic",146.263153076172,-39.070426940918,0.2,2.1,3.71,9.17,6.7,14.2,2.15,1.93,2.48
"VIC","South Gippsland",146.315780639648,-39.1112670898438,0.2,2.1,3.26,9.91,7.16,15.6,2.73,2.36,3.33
"VIC","Unincorporated Vic",146.368423461914,-39.1520805358887,0.2,2.08,3.16,12.39,8.65,20.49,3.05,2.6,3.79
"VIC","South Gippsland",146.473678588867,-39.1520690917969,0.2,2.07,3.38,15,10.17,25.83,2.62,2.3,3.14
"VIC","South Gippsland",146.526321411133,-39.0295677185059,0.2,2.05,2.88,18.76,12.4,33.37,3.01,2.59,3.68
"VIC","South Gippsland",146.526321411133,-39.070426940918,0.2,2.06,3.08,18.18,12.04,32.35,2.9,2.51,3.54
"VIC","South Gippsland",146.473678588867,-38.9886817932129,0.2,2.05,2.9,20.73,13.57,37.32,2.98,2.57,3.65
"VIC","South Gippsland",146.473678588867,-38.9477729797363,0.2,2.05,2.91,21.57,14.05,39.06,2.96,2.56,3.62
"VIC","Unincorporated Vic",146.526321411133,-38.9477729797363,0.2,2.05,2.9,19.71,13.01,35.1,2.96,2.56,3.62
"VIC","Wellington",146.526321411133,-38.8249015808105,0.2,2.05,2.82,19.41,13.04,33.45,3.43,2.91,4.29
"VIC","Wellington",146.526321411133,-38.7839012145996,0.2,2.04,2.84,23.88,15.59,42.79,3.33,2.84,4.13
"VIC","Wellington",146.421051025391,-38.7428741455078,0.2,2.03,2.81,29.17,18.53,54.29,3.58,3,4.59
"VIC","Wellington",147.052627563477,-38.5373840332031,0.2,1.12,2.1,8.86,6.56,13.4,2.86,2.46,3.54
"VIC","Wellington",147.105270385742,-38.4962043762207,0.2,1.12,2.08,9,6.58,13.93,2.76,2.37,3.41
"VIC","Wellington",147.210510253906,-38.4138069152832,0.2,1.13,2.07,7.7,5.77,11.49,2.54,2.21,3.1
"VIC","Wellington",147.263153076172,-38.3313064575195,0.2,1.13,2.08,7.66,5.78,11.31,2.4,2.11,2.9
"VIC","Wellington",147.368408203125,-38.2900199890137,0.2,1.12,2.06,8.55,6.4,12.73,2.35,2.07,2.83
"VIC","Wellington",147.473663330078,-38.2073783874512,0.2,1.11,2.05,10.43,7.63,15.97,2.33,2.05,2.78
"VIC","Wellington",147.526321411133,-38.124641418457,0.2,1.09,2.03,13.15,9.35,20.93,2.35,2.07,2.81
"VIC","Wellington",147.631576538086,-38.0832366943359,0.2,1.07,2.01,16.36,11.29,27.09,2.38,2.1,2.86
"VIC","Wellington",147.736831665039,-38.0418090820312,0.2,1.06,2.12,19.49,13.11,33.47,2.38,2.09,2.86
"VIC","East Gippsland",147.842102050781,-37.9588737487793,0.2,1.06,2.11,21.63,14.27,38.26,2.39,2.1,2.88
"VIC","East Gippsland",147.894729614258,-37.9588851928711,0.2,1.06,2.03,22.36,14.67,39.87,2.46,2.15,2.98
"VIC","East Gippsland",148.052627563477,-37.9173889160156,0.2,1.06,2.19,23.79,15.37,43.53,2.39,2.1,2.88
"VIC","East Gippsland",148.157897949219,-37.8758659362793,0.2,1.05,2.08,24.55,15.68,45.77,2.56,2.22,3.12
"VIC","East Gippsland",148.263153076172,-37.8343238830566,0.2,1.05,2.18,26.89,16.87,51.53,2.52,2.19,3.07
"VIC","East Gippsland",148.368408203125,-37.8343200683594,0.2,1.05,2.27,27.02,16.88,52.21,2.49,2.17,3.03
"VIC","East Gippsland",148.526321411133,-37.8343238830566,0.2,1.04,2.35,33.11,19.91,67.85,2.43,2.13,2.95
"VIC","East Gippsland",148.57893371582,-37.8343200683594,0.2,1.04,2.39,32.79,19.7,67.3,2.39,2.1,2.88
"VIC","East Gippsland",148.736831665039,-37.8343200683594,0.2,1.03,2.46,41.06,23.67,89.88,2.36,2.08,2.84
"VIC","East Gippsland",148.789474487305,-37.8343238830566,0.2,1.03,2.47,43.33,24.71,96.44,2.38,2.09,2.86
"VIC","East Gippsland",148.894729614258,-37.8343238830566,0.2,1.03,2.5,49.01,27.33,112.94,2.37,2.09,2.85
"VIC","East Gippsland",149.052627563477,-37.7927551269531,0.2,1.04,2.38,40.11,23.08,88.24,2.52,2.2,3.06
NA,"East Gippsland",149.157897949219,-37.8343238830566,0.2,1.03,2.62,51.52,28.5,120.09,2.31,2.04,2.75
"VIC","East Gippsland",149.263153076172,-37.8343238830566,0.2,1.44,3.1,54.17,29.69,128.1,2.28,2.02,2.7
"VIC","East Gippsland",149.368423461914,-37.7927551269531,0.2,1.44,2.93,58.56,31.7,141.03,2.43,2.14,2.91
"VIC","East Gippsland",149.421051025391,-37.7927551269531,0.2,1.44,2.93,58.33,31.6,140.22,2.43,2.14,2.9
"VIC","East Gippsland",149.473663330078,-37.7927551269531,0.2,1.43,2.97,61.81,33.21,150.36,2.38,2.1,2.83
"VIC","East Gippsland",149.526321411133,-37.7927551269531,0.2,1.43,3.01,67.85,35.99,168.04,2.32,2.06,2.75
"VIC","East Gippsland",149.631576538086,-37.751163482666,0.2,1.43,2.71,73.04,38.38,183.11,2.71,2.35,3.33
"VIC","East Gippsland",149.684204101562,-37.7095489501953,0.2,1.43,2.9,80.73,41.77,206.97,2.52,2.21,3.03
"VIC","East Gippsland",149.736846923828,-37.6679000854492,0.2,1.42,2.66,92.38,46.62,246.19,2.93,2.51,3.65
"VIC","East Gippsland",149.736846923828,-37.6262474060059,0.2,1.42,2.67,90.38,45.74,239.96,2.92,2.5,3.63
"VIC","East Gippsland",149.789474487305,-37.5845642089844,0.2,1.43,2.59,88.41,44.8,234.55,3.19,2.69,4.04
"TAS","Huon Valley",146.684204101562,-43.6484107971191,0.2,1.28,3.71,19.44,12.73,35.15,2.36,2.07,2.85
"TAS","Huon Valley",146.736831665039,-43.6484107971191,0.2,1.28,3.73,18.82,12.4,33.76,2.36,2.07,2.84
"TAS","Huon Valley",146.789474487305,-43.6484107971191,0.2,1.28,3.62,19.45,12.69,35.42,2.43,2.12,2.94
"TAS","Huon Valley",146.842086791992,-43.6484107971191,0.2,1.28,3.54,19.71,12.76,36.44,2.42,2.12,2.94
"TAS","Huon Valley",146.894729614258,-43.6484107971191,0.2,1.28,3.54,19.15,12.4,35.47,2.43,2.12,2.95
"TAS","Huon Valley",146.631576538086,-43.6103286743164,0.2,1.28,3.21,18.63,12.24,33.61,2.56,2.22,3.13
"TAS","Huon Valley",146.947372436523,-43.6103172302246,0.2,1.29,2.79,17.7,11.56,32.46,2.43,2.13,2.93
"TAS","Huon Valley",146,-43.5722198486328,0.2,1.29,4.52,17.7,11.98,30.22,1.83,1.68,2.07
"TAS","Huon Valley",146.052627563477,-43.5722198486328,0.2,1.29,4.35,16.91,11.53,28.61,1.88,1.72,2.13
"TAS","Huon Valley",146.105270385742,-43.5722198486328,0.2,1.29,4.18,17.46,11.82,29.84,1.89,1.72,2.14
"TAS","Huon Valley",146.157897949219,-43.5722198486328,0.2,1.29,4.19,18.06,12.13,31.3,1.88,1.72,2.13
"TAS","Huon Valley",146.210525512695,-43.5722198486328,0.2,1.28,4.05,18.67,12.43,32.8,1.95,1.78,2.22
"TAS","Huon Valley",146.263153076172,-43.5722198486328,0.2,1.28,3.51,19.08,12.61,33.91,2.15,1.93,2.51
"TAS","Huon Valley",146.315795898438,-43.5722198486328,0.2,1.28,2.83,19.47,12.78,35.02,2.67,2.33,3.24
"TAS","Huon Valley",146.368423461914,-43.5722198486328,0.2,1.28,2.8,19.53,12.78,35.34,2.86,2.45,3.56
"TAS","Huon Valley",146.421051025391,-43.5722198486328,0.2,1.28,2.81,19.14,12.54,34.61,2.87,2.46,3.58
"TAS","Huon Valley",146.473678588867,-43.5722198486328,0.2,1.28,3.08,18.79,12.33,33.9,2.6,2.25,3.18
"TAS","Huon Valley",146.526321411133,-43.5722198486328,0.2,1.29,3.24,18.26,12.03,32.78,2.45,2.14,2.97
"TAS","Huon Valley",146.578948974609,-43.5722198486328,0.2,1.29,3.22,17.59,11.64,31.42,2.55,2.21,3.11
"TAS","Huon Valley",146.947372436523,-43.5722198486328,0.2,1.29,2.8,17.8,11.61,32.69,2.42,2.12,2.91
NA,"Huon Valley",145.947372436523,-43.5340766906738,0.2,1.28,4.53,18.98,12.67,33.15,1.82,1.67,2.05
"TAS","Huon Valley",147,-43.5340881347656,0.2,1.29,2.98,17.27,11.32,31.52,2.34,2.06,2.81
"TAS","Kingborough",147.263153076172,-43.5340881347656,0.2,1.29,3.27,15.71,10.46,27.98,2.2,1.96,2.59
"TAS","Kingborough",147.315795898438,-43.5340881347656,0.2,1.3,3.11,15.38,10.28,27.22,2.29,2.03,2.73
NA,"Huon Valley",145.947372436523,-43.4959182739258,0.2,1.28,4.36,18.81,12.53,32.96,1.85,1.69,2.09
"TAS","Huon Valley",147,-43.4959335327148,0.2,1.29,2.49,16.87,11.1,30.57,2.83,2.42,3.54
"TAS","Kingborough",147.210525512695,-43.4959182739258,0.2,1.3,2.68,15.19,10.16,26.86,2.52,2.19,3.07
"TAS","Kingborough",147.368423461914,-43.4959182739258,0.2,1.3,2.74,14.66,9.88,25.64,2.49,2.18,3.02
"TAS","Huon Valley",145.947372436523,-43.4577407836914,0.2,1.28,4.36,18.85,12.53,33.19,1.85,1.69,2.09
"TAS","Huon Valley",147.052627563477,-43.4577522277832,0.2,1.29,2.49,16.28,10.78,29.24,2.83,2.42,3.54
"TAS","Kingborough",147.210525512695,-43.4577522277832,0.2,1.3,2.69,14.7,9.89,25.79,2.51,2.19,3.05
"TAS","Kingborough",147.368423461914,-43.4577522277832,0.2,1.3,2.75,14.28,9.67,24.82,2.48,2.17,3.01
"TAS","Huon Valley",145.947357177734,-43.419548034668,0.2,1.28,4.07,18.61,12.37,32.77,1.94,1.77,2.22
"TAS","Huon Valley",147.052627563477,-43.419548034668,0.2,1.29,2.04,16.34,10.82,29.34,3.73,3.08,4.89
"TAS","Kingborough",147.157897949219,-43.419548034668,0.2,1.29,1.7,15.54,10.37,27.58,6.24,4.74,9.26
"TAS","Kingborough",147.421051025391,-43.419548034668,0.2,1.3,2.36,13.83,9.4,23.87,2.64,2.29,3.22
"TAS","Huon Valley",145.947372436523,-43.3813056945801,0.2,1.29,4.08,18.11,12.09,31.76,1.94,1.77,2.21
"TAS","Kingborough",147.105270385742,-43.3813056945801,0.2,1.29,1.7,15.86,10.55,28.24,6.32,4.78,9.46
"TAS","Kingborough",147.157897949219,-43.3813171386719,0.2,1.29,1.7,15.49,10.33,27.52,6.15,4.67,9.13
"TAS","Kingborough",147.421051025391,-43.3813171386719,0.2,1.3,2.36,13.75,9.36,23.69,2.65,2.3,3.24
"TAS","West Coast",145.842086791992,-43.3430671691895,0.2,1.28,4.2,19.3,12.81,34.01,1.88,1.72,2.14
"TAS","West Coast",145.894729614258,-43.3430671691895,0.2,1.28,4.21,18.47,12.32,32.38,1.87,1.71,2.12
"TAS","Huon Valley",147.105270385742,-43.3430671691895,0.2,1.3,1.5,15.37,10.27,27.23,10.2,7.11,17.22
"TAS","Kingborough",147.157897949219,-43.3430671691895,0.2,1.3,1.51,14.92,10,26.36,9.77,6.86,16.35
"TAS","Kingborough",147.421051025391,-43.3430671691895,0.2,1.3,2.16,13.74,9.36,23.63,3,2.56,3.73
"TAS","West Coast",145.789474487305,-43.3047904968262,0.2,1.28,4.4,20.14,13.27,35.88,1.82,1.67,2.04
"TAS","Huon Valley",147.157897949219,-43.3047904968262,0.2,1.3,1.51,14.33,9.66,25.13,9.37,6.61,15.58
"TAS","Kingborough",147.368423461914,-43.3047790527344,0.2,1.3,2.16,13.81,9.42,23.7,3,2.56,3.72
"TAS","West Coast",145.789474487305,-43.2664909362793,0.2,1.28,4.12,19.81,13.07,35.22,1.93,1.76,2.2
"TAS","Kingborough",147.368423461914,-43.2664909362793,0.2,1.3,2.07,13.82,9.43,23.71,3.23,2.74,4.06
"TAS","Kingborough",147.421051025391,-43.2664909362793,0.2,1.3,2.06,13.73,9.37,23.57,3.24,2.74,4.07
"TAS","Tasman",147.736846923828,-43.2664909362793,0.2,1.3,3.14,15.22,10.18,26.94,2.11,1.89,2.46
"TAS","Tasman",147.789474487305,-43.2664909362793,0.2,1.29,3.21,16.42,10.87,29.48,2.07,1.87,2.41
"TAS","West Coast",145.736846923828,-43.2281532287598,0.2,1.28,4.11,20.22,13.3,36.13,1.93,1.76,2.2
"TAS","Kingborough",147.473678588867,-43.2281532287598,0.2,1.3,2.13,13.85,9.43,23.84,2.97,2.54,3.69
"TAS","Tasman",147.684204101562,-43.2281646728516,0.2,1.3,2.67,14.04,9.5,24.46,2.49,2.17,3.02
"TAS","Tasman",147.842102050781,-43.2281646728516,0.2,1.29,2.56,16.7,11.04,30.02,2.62,2.27,3.2
"TAS","Tasman",147.894729614258,-43.2281646728516,0.2,1.29,2.56,17.2,11.29,31.31,2.61,2.27,3.19
"TAS","Tasman",147.947372436523,-43.2281646728516,0.2,1.28,3.47,18.4,11.96,33.88,1.97,1.78,2.25
"TAS","Tasman",148,-43.2281646728516,0.2,1.28,2.66,22.2,14.02,42.68,2.43,2.14,2.92
"TAS","West Coast",145.736846923828,-43.1898155212402,0.2,1.28,4.12,19.79,13.05,35.25,1.92,1.75,2.19
"TAS","Kingborough",147.473678588867,-43.1898040771484,0.2,1.3,2.13,13.87,9.45,23.86,2.97,2.54,3.69
"TAS","Tasman",147.684204101562,-43.1898155212402,0.2,1.3,2.67,13.94,9.43,24.28,2.48,2.16,3.01
"TAS","Tasman",148.052627563477,-43.1898155212402,0.2,1.27,3.11,23.96,14.97,46.69,2.22,1.98,2.61
"TAS","West Coast",145.684204101562,-43.1514434814453,0.2,1.28,4.17,19.97,13.15,35.67,1.87,1.71,2.12
"TAS","Kingborough",147.421051025391,-43.1514434814453,0.2,1.3,1.53,14.01,9.55,24.03,10.61,7.57,17.04
"TAS","Tasman",147.631576538086,-43.1514434814453,0.2,1.3,2.27,13.44,9.18,23.03,2.82,2.41,3.51
"TAS","Tasman",148.052627563477,-43.1514434814453,0.2,1.27,2.66,23.25,14.58,45.11,2.47,2.17,2.97
"TAS","West Coast",145.684204101562,-43.1130447387695,0.2,1.28,4.17,19.34,12.78,34.34,1.87,1.71,2.12
"TAS","Kingborough",147.421051025391,-43.1130447387695,0.2,1.3,1.53,14.1,9.61,24.19,10.63,7.58,17.07
"TAS","Tasman",147.631576538086,-43.1130447387695,0.2,1.3,2.28,13.52,9.22,23.2,2.8,2.4,3.48
"TAS","Tasman",148.052627563477,-43.1130447387695,0.2,1.18,2.56,23.65,14.81,45.97,2.46,2.16,2.95
"TAS","West Coast",145.631576538086,-43.0746231079102,0.2,1.28,4.1,19.83,13.08,35.34,1.91,1.74,2.18
"TAS","Clarence",147.421051025391,-43.0746231079102,0.2,1.3,1.53,14.16,9.66,24.27,10.56,7.54,16.94
"TAS","Tasman",147.631576538086,-43.0746231079102,0.2,1.3,2.15,13.68,9.31,23.59,2.97,2.53,3.73
"TAS","Tasman",148,-43.0746231079102,0.2,1.27,2.21,24.24,15.17,47.12,2.71,2.36,3.26
"TAS","West Coast",145.578948974609,-43.0361671447754,0.2,1.28,4.09,19.81,13.08,35.22,1.92,1.75,2.19
"TAS","Kingborough",147.368423461914,-43.0361671447754,0.2,1.3,1.54,14.37,9.8,24.57,9.91,7.15,15.67
"TAS","Clarence",147.473678588867,-43.0361785888672,0.2,1.3,2.14,14.05,9.58,24.09,2.9,2.47,3.62
"TAS","Clarence",147.526321411133,-43.0361785888672,0.2,1.3,2.15,13.74,9.39,23.5,2.89,2.47,3.62
"TAS","Tasman",147.631576538086,-43.0361785888672,0.2,1.3,2.15,14.09,9.55,24.49,2.94,2.51,3.68
"TAS","Tasman",148,-43.0361785888672,0.2,1.18,2.12,24.41,15.29,47.3,2.69,2.35,3.24
"TAS","West Coast",145.526321411133,-42.9977073669434,0.2,1.28,3.8,20.37,13.42,36.26,2.05,1.84,2.36
"TAS","West Coast",145.578948974609,-42.9977073669434,0.2,1.28,3.56,19.35,12.82,34.23,2.33,2.07,2.76
"TAS","Clarence",147.421051025391,-42.9977073669434,0.2,1.29,2.15,16.7,11.05,29.93,2.86,2.45,3.57
"TAS","Clarence",147.578948974609,-42.9976959228516,0.2,1.3,2.15,14.87,10.01,25.98,2.93,2.5,3.67
"TAS","Tasman",147.631576538086,-42.9977073669434,0.2,1.3,2.16,15.17,10.16,26.75,2.91,2.49,3.64
"TAS","Tasman",148,-42.9977073669434,0.2,1.18,2.11,24.84,15.53,48.24,2.7,2.36,3.24
"TAS","West Coast",145.473663330078,-42.9592132568359,0.2,1.28,4.05,21.41,14.02,38.43,1.96,1.78,2.25
"TAS","Clarence",147.578948974609,-42.9592132568359,0.2,1.29,2.16,16.61,10.99,29.81,2.91,2.49,3.64
"TAS","Tasman",147.631576538086,-42.9592132568359,0.2,1.29,2.16,16.54,10.93,29.79,2.89,2.47,3.6
"TAS","Tasman",148.052627563477,-42.9592132568359,0.2,1.18,2.32,24.55,15.43,47.25,2.52,2.22,3
"TAS","West Coast",145.421051025391,-42.9206962585449,0.2,1.28,4.36,22.43,14.6,40.58,1.81,1.66,2.02
"TAS","Clarence",147.578948974609,-42.9206962585449,0.2,1.29,2.17,18.38,11.94,33.88,2.87,2.46,3.57
"TAS","Sorell",147.631576538086,-42.9206962585449,0.2,1.29,2.17,17.77,11.6,32.56,2.85,2.45,3.54
"TAS","Tasman",148.052627563477,-42.9206962585449,0.2,1.18,2.32,24.48,15.43,46.82,2.53,2.23,3.01
"TAS","West Coast",145.421051025391,-42.8821563720703,0.2,1.28,4.2,22.28,14.52,40.28,1.86,1.7,2.09
"TAS","Clarence",147.526321411133,-42.8821563720703,0.2,1.28,2.18,18.77,12.18,34.64,2.72,2.35,3.35
"TAS","Sorell",147.57893371582,-42.8821563720703,0.2,1.28,2.18,19.06,12.31,35.52,2.81,2.42,3.48
"TAS","Tasman",148,-42.8821563720703,0.2,1.17,2.02,25.87,16.21,49.84,2.92,2.53,3.56
"TAS","West Coast",145.368408203125,-42.8435897827148,0.2,1.27,4.19,24.16,15.56,44.41,1.86,1.71,2.09
"TAS","Clarence",147.526321411133,-42.8435897827148,0.2,1.28,2.19,19.34,12.5,35.93,2.68,2.32,3.28
"TAS","Clarence",147.57893371582,-42.8435897827148,0.2,1.28,2.19,19.28,12.43,35.98,2.75,2.37,3.39
"TAS","Tasman",147.947372436523,-42.8435897827148,0.2,1.17,2.02,27.18,16.95,52.69,2.9,2.51,3.53
"TAS","West Coast",145.368408203125,-42.8050003051758,0.2,1.27,4.39,24.15,15.53,44.53,1.8,1.66,2.02
"TAS","Sorell",147.526321411133,-42.8050003051758,0.2,1.28,2.2,19.77,12.74,36.86,2.64,2.29,3.22
"TAS","Sorell",147.57893371582,-42.8050003051758,0.2,1.28,2.21,19.67,12.66,36.83,2.7,2.33,3.3
"TAS","Tasman",147.947372436523,-42.8050003051758,0.2,1.17,1.96,27.33,17.04,52.94,3.04,2.61,3.73
"TAS","West Coast",145.368423461914,-42.7663841247559,0.2,1.27,4.28,24.49,15.7,45.29,1.82,1.68,2.04
"TAS","Sorell",147.947372436523,-42.7663841247559,0.2,1.17,1.81,28.82,17.82,56.53,3.8,3.17,4.87
"TAS","West Coast",145.315795898438,-42.7277336120605,0.2,1.27,4.27,27.64,17.39,52.55,1.82,1.68,2.04
"TAS","Glamorgan-Spring Bay",148,-42.7277450561523,0.2,1.17,1.82,27.67,17.2,53.87,3.79,3.17,4.86
"TAS","Glamorgan-Spring Bay",148.052627563477,-42.7277450561523,0.2,1.17,2.14,25.27,15.92,48.23,2.83,2.45,3.45
"TAS","Glamorgan-Spring Bay",148.105270385742,-42.7277450561523,0.2,1.18,2.32,22.01,14.17,40.72,2.6,2.28,3.12
"TAS","West Coast",145.315765380859,-42.6890830993652,0.2,1.27,4.04,28.13,17.63,53.85,1.9,1.74,2.14
"TAS","Glamorgan-Spring Bay",148.157897949219,-42.6890830993652,0.2,1.18,2.14,20.22,13.19,36.71,2.73,2.39,3.3
"TAS","West Coast",145.315795898438,-42.6503982543945,0.2,1.26,4.04,28.52,17.83,54.76,1.9,1.74,2.14
"TAS","Glamorgan-Spring Bay",148.210525512695,-42.6503868103027,0.2,1.18,2.35,21.88,14.06,40.71,2.57,2.26,3.07
"TAS","West Coast",145.263153076172,-42.611686706543,0.2,1.26,4.14,31.02,19.16,60.62,1.89,1.74,2.14
"TAS","Glamorgan-Spring Bay",148.210525512695,-42.611686706543,0.2,1.18,2.3,22.1,14.17,41.22,2.57,2.26,3.08
"TAS","West Coast",145.263153076172,-42.5729522705078,0.2,1.26,4.14,31.29,19.29,61.34,1.89,1.73,2.14
"TAS","Glamorgan-Spring Bay",148.052627563477,-42.5729522705078,0.2,1.18,1.7,21.1,13.65,38.81,4.82,3.86,6.55
"TAS","Glamorgan-Spring Bay",148.105239868164,-42.5729522705078,0.2,1.18,2.02,20.84,13.51,38.25,2.99,2.57,3.69
"TAS","Glamorgan-Spring Bay",148.157897949219,-42.5729522705078,0.2,1.18,2.02,21.11,13.64,38.89,3,2.57,3.7
"TAS","West Coast",145.263153076172,-42.5341949462891,0.2,2.06,5.16,31.32,19.32,61.33,1.79,1.65,2
"TAS","West Coast",145.210525512695,-42.4953994750977,0.2,2.06,5,32.3,19.85,63.54,1.87,1.72,2.11
"TAS","Glamorgan-Spring Bay",148.052627563477,-42.4954109191895,0.2,1.18,1.83,20.66,13.42,37.74,3.49,2.95,4.39
"TAS","West Coast",145.210525512695,-42.4565925598145,0.2,2.06,5,32.26,19.82,63.45,1.87,1.72,2.11
"TAS","Glamorgan-Spring Bay",148.052627563477,-42.4566040039062,0.2,1.18,1.83,20.57,13.38,37.5,3.48,2.94,4.39
"TAS","West Coast",145.210525512695,-42.4177742004395,0.2,2.06,4.86,31.77,19.6,62.13,1.96,1.78,2.24
"TAS","Glamorgan-Spring Bay",148.052627563477,-42.4177703857422,0.2,1.18,1.85,20.64,13.43,37.62,3.43,2.91,4.29
"TAS","West Coast",145.157897949219,-42.3789176940918,0.2,2.06,5.14,31.98,19.74,62.39,1.81,1.67,2.02
"TAS","Glamorgan-Spring Bay",148.052627563477,-42.3789176940918,0.2,1.18,1.85,20.84,13.55,38.04,3.43,2.91,4.29
"TAS","West Coast",145.157897949219,-42.3400382995605,0.2,2.06,5.08,31.95,19.72,62.34,1.83,1.69,2.06
"TAS","Glamorgan-Spring Bay",148.052627563477,-42.3400382995605,0.2,1.18,1.76,21.25,13.77,38.92,4.03,3.33,5.22
"TAS","Glamorgan-Spring Bay",148.263153076172,-42.3400382995605,0.2,1.18,1.88,21.78,14.02,40.39,3.81,3.15,4.98
"TAS","Glamorgan-Spring Bay",148.315795898438,-42.3400382995605,0.2,1.18,2.17,23.14,14.73,43.6,2.9,2.49,3.58
"TAS","West Coast",145.157897949219,-42.3011360168457,0.2,2.06,5.08,31.66,19.57,61.69,1.84,1.69,2.06
"TAS","Glamorgan-Spring Bay",148.052627563477,-42.3011360168457,0.2,1.18,1.76,22.04,14.21,40.67,3.99,3.31,5.18
"TAS","Glamorgan-Spring Bay",148.210510253906,-42.3011360168457,0.2,1.18,1.9,20.39,13.3,37.03,3.54,2.96,4.53
"TAS","Glamorgan-Spring Bay",148.368423461914,-42.3011360168457,0.2,1.17,2.41,25.85,16.18,49.93,2.56,2.24,3.08
"TAS","West Coast",145.157897949219,-42.26220703125,0.2,2.06,5.12,31.42,19.43,61.15,1.85,1.69,2.08
"TAS","Glamorgan-Spring Bay",148.052627563477,-42.26220703125,0.2,1.18,1.65,22.55,14.5,41.73,5.11,4.05,7.04
"TAS","Glamorgan-Spring Bay",148.210510253906,-42.26220703125,0.2,1.18,1.7,21.34,13.83,39.07,4.78,3.82,6.54
"TAS","Glamorgan-Spring Bay",148.368423461914,-42.26220703125,0.2,1.17,2.36,25.51,16.01,49.05,2.62,2.28,3.16
"TAS","West Coast",145.157897949219,-42.2232551574707,0.2,2.06,4.99,31.35,19.39,61.09,1.9,1.73,2.15
"TAS","Glamorgan-Spring Bay",148.105270385742,-42.2232437133789,0.2,1.18,1.61,23.67,15.1,44.33,5.82,4.52,8.32
"TAS","Glamorgan-Spring Bay",148.210525512695,-42.2232437133789,0.2,1.18,1.62,22.23,14.32,41.05,5.33,4.19,7.44
"TAS","Glamorgan-Spring Bay",148.368423461914,-42.2232437133789,0.2,1.17,2.33,25.51,16.03,48.95,2.6,2.28,3.14
"TAS","West Coast",145.210525512695,-42.184268951416,0.2,2.07,4.48,27.52,17.22,52.9,2.11,1.89,2.47
"TAS","West Coast",145.263153076172,-42.1842803955078,0.2,2.07,4.49,23.97,15.32,44.72,2.09,1.88,2.44
"TAS","Glamorgan-Spring Bay",148.105270385742,-42.184268951416,0.2,1.18,1.62,24.42,15.49,46.13,5.66,4.41,8.03
"TAS","Glamorgan-Spring Bay",148.210525512695,-42.184268951416,0.2,1.18,1.63,22.66,14.55,42.09,5.2,4.11,7.22
"TAS","Glamorgan-Spring Bay",148.368423461914,-42.184268951416,0.2,1.17,2.33,25.64,16.12,49.13,2.6,2.27,3.13
"TAS","West Coast",145.263153076172,-42.1452827453613,0.2,2.07,4.49,24.13,15.44,44.88,2.09,1.88,2.44
"TAS","Glamorgan-Spring Bay",148.105270385742,-42.1452827453613,0.2,1.18,1.62,24.65,15.62,46.66,5.53,4.32,7.82
"TAS","Glamorgan-Spring Bay",148.210510253906,-42.1452827453613,0.2,1.18,1.64,22.75,14.59,42.32,5.12,4.06,7.09
"TAS","Glamorgan-Spring Bay",148.368423461914,-42.1452827453613,0.2,1.17,2.32,25.9,16.28,49.61,2.58,2.26,3.1
"TAS","West Coast",145.210525512695,-42.1062469482422,0.2,2.07,4.48,27.46,17.23,52.52,2.12,1.9,2.47
"TAS","Glamorgan-Spring Bay",148.105270385742,-42.106258392334,0.2,1.18,1.63,24.45,15.51,46.2,5.42,4.25,7.63
"TAS","Glamorgan-Spring Bay",148.157897949219,-42.106258392334,0.2,1.18,1.63,23.38,14.94,43.74,5.37,4.21,7.54
"TAS","Glamorgan-Spring Bay",148.210525512695,-42.106258392334,0.2,1.18,1.64,22.77,14.59,42.42,5.03,4,6.95
"TAS","Glamorgan-Spring Bay",148.368423461914,-42.1062469482422,0.2,1.17,2.32,26.27,16.5,50.33,2.58,2.26,3.09
"TAS","West Coast",145.210510253906,-42.067211151123,0.2,2.07,4.55,27.08,17.03,51.63,2.14,1.92,2.51
"TAS","Glamorgan-Spring Bay",148.368423461914,-42.067211151123,0.2,1.17,2.31,26.61,16.7,50.99,2.58,2.26,3.09
"TAS","West Coast",145.210525512695,-42.0281257629395,0.2,2.07,4.39,26.79,16.88,50.89,2.39,2.11,2.85
"TAS","Glamorgan-Spring Bay",148.315795898438,-42.0281257629395,0.2,1.17,2.11,25.88,16.38,48.9,2.97,2.55,3.68
"TAS","West Coast",145.157897949219,-41.9890441894531,0.2,2.07,4.82,27.59,17.33,52.6,2,1.82,2.3
"TAS","West Coast",145.210510253906,-41.9890441894531,0.2,2.07,4.39,26.32,16.65,49.72,2.39,2.11,2.86
"TAS","Glamorgan-Spring Bay",148.315795898438,-41.9890441894531,0.2,1.17,2.11,25.86,16.38,48.77,2.96,2.54,3.65
"TAS","West Coast",145.105239868164,-41.9499244689941,0.2,2.07,4.64,28.42,17.78,54.56,2.11,1.9,2.45
"TAS","Glamorgan-Spring Bay",148.368423461914,-41.9499244689941,0.2,1.17,2.28,27.43,17.19,52.64,2.67,2.33,3.22
"TAS","West Coast",145.105270385742,-41.9107818603516,0.2,2.07,4.64,27.93,17.51,53.47,2.11,1.9,2.45
"TAS","Glamorgan-Spring Bay",148.368423461914,-41.9107666015625,0.2,1.17,2.28,27.64,17.3,53.12,2.66,2.32,3.21
"TAS","West Coast",145.052627563477,-41.8716125488281,0.2,2.07,4.68,28.49,17.83,54.65,2.08,1.87,2.4
"TAS","Glamorgan-Spring Bay",148.315795898438,-41.8716125488281,0.2,1.17,2.11,27.8,17.42,53.23,2.94,2.52,3.63
"TAS","Glamorgan-Spring Bay",148.315795898438,-41.8324203491211,0.2,1.17,2.11,28.09,17.58,53.9,2.95,2.53,3.65
"TAS","West Coast",144.947372436523,-41.7931938171387,0.2,2.06,4.89,30,18.61,58.26,2.01,1.82,2.31
"TAS","Break O'Day",148.315795898438,-41.7931938171387,0.2,1.17,2.11,28.37,17.72,54.62,2.94,2.52,3.63
"TAS","West Coast",144.947372436523,-41.7539672851562,0.2,2.06,4.69,29.63,18.4,57.5,2.17,1.94,2.53
"TAS","Break O'Day",148.315795898438,-41.7539520263672,0.2,1.17,2.11,28.57,17.82,55.16,2.95,2.53,3.65
"TAS","West Coast",144.894729614258,-41.7147026062012,0.2,2.06,4.89,30.47,18.85,59.39,2.02,1.83,2.33
"TAS","Break O'Day",148.315795898438,-41.7147026062012,0.2,1.17,2.11,28.49,17.76,55.04,2.93,2.52,3.63
"TAS","West Coast",144.894729614258,-41.6754150390625,0.2,2.06,4.76,30.11,18.67,58.51,2.15,1.93,2.51
"TAS","Break O'Day",148.315795898438,-41.6754150390625,0.2,1.17,2.14,28.25,17.65,54.36,2.83,2.44,3.48
"TAS","Circular Head",144.842102050781,-41.6360893249512,0.2,2.06,4.74,30.96,19.15,60.37,2.17,1.94,2.53
"TAS","Break O'Day",148.368423461914,-41.6360893249512,0.2,1.17,2.3,29.5,18.24,57.78,2.59,2.27,3.12
"TAS","Circular Head",144.842102050781,-41.596752166748,0.2,2.06,4.51,30.63,18.96,59.66,2.35,2.08,2.8
"TAS","Break O'Day",148.368423461914,-41.596752166748,0.2,1.17,2.3,29.69,18.34,58.23,2.57,2.25,3.1
"TAS","Circular Head",144.842086791992,-41.5574073791504,0.2,2.06,4.61,29.88,18.59,57.73,2.24,1.99,2.64
"TAS","Break O'Day",148.315795898438,-41.5574073791504,0.2,1.17,2.12,29.83,18.44,58.4,2.74,2.37,3.36
"TAS","Circular Head",144.789474487305,-41.5180244445801,0.2,2.06,4.6,29.74,18.52,57.38,2.26,2.01,2.67
"TAS","Break O'Day",148.315795898438,-41.5180244445801,0.2,1.17,2.12,29.81,18.43,58.32,2.73,2.36,3.34
"TAS","Circular Head",144.789474487305,-41.4786148071289,0.2,2.06,4.79,29.1,18.19,55.81,2.13,1.9,2.48
"TAS","Break O'Day",148.315795898438,-41.4786033630371,0.2,1.17,2.14,29.87,18.47,58.43,2.67,2.32,3.25
"TAS","Circular Head",144.736846923828,-41.4391708374023,0.2,2.06,4.78,29.07,18.19,55.7,2.14,1.92,2.5
"TAS","Break O'Day",148.315795898438,-41.4391708374023,0.2,1.17,2.15,30.29,18.69,59.44,2.66,2.31,3.23
"TAS","Circular Head",144.736831665039,-41.3997268676758,0.2,2.07,4.54,28.09,17.65,53.47,2.35,2.08,2.8
"TAS","Break O'Day",148.315795898438,-41.3997268676758,0.2,2.04,3.02,31.49,19.29,62.43,2.61,2.27,3.17
"TAS","Circular Head",144.736831665039,-41.3602485656738,0.2,2.07,4.32,27.41,17.3,51.8,2.72,2.36,3.33
"TAS","Break O'Day",148.315795898438,-41.3602485656738,0.2,2.04,3.01,34.15,20.61,69.28,2.61,2.27,3.18
"TAS","Circular Head",144.684204101562,-41.320743560791,0.2,2.07,4.67,27.78,17.51,52.64,2.16,1.94,2.53
"TAS","Break O'Day",148.368423461914,-41.3207321166992,0.2,2.04,3.24,33.41,20.25,67.36,2.39,2.11,2.85
"TAS","Circular Head",144.684204101562,-41.2812156677246,0.2,2.07,4.37,27.09,17.15,50.99,2.44,2.15,2.93
"TAS","Break O'Day",148.368423461914,-41.2812156677246,0.2,2.04,3.26,34.25,20.65,69.57,2.36,2.09,2.81
"TAS","Circular Head",144.684204101562,-41.2416648864746,0.2,2.07,4.37,26.75,16.99,50.09,2.45,2.15,2.94
"TAS","Break O'Day",148.315795898438,-41.2416534423828,0.2,2.04,3.03,35.61,21.33,73.1,2.55,2.23,3.09
"TAS","Circular Head",144.684204101562,-41.202091217041,0.2,2.07,4.24,26.49,16.88,49.34,2.64,2.3,3.22
"TAS","Break O'Day",148.315795898438,-41.202091217041,0.2,2.03,3.07,36.92,21.95,76.62,2.5,2.19,3
"TAS","Circular Head",144.631576538086,-41.1624908447266,0.2,2.07,4.68,28.3,17.83,53.64,2.2,1.96,2.58
"TAS","Break O'Day",148.315795898438,-41.1624908447266,0.2,2.03,3.12,37.53,22.22,78.43,2.41,2.12,2.87
"TAS","Circular Head",144.631576538086,-41.1228675842285,0.2,2.06,4.68,29.97,18.71,57.5,2.21,1.97,2.6
"TAS","Central Coast (Tas.)",146.157897949219,-41.1228675842285,0.2,2.11,3.18,13.84,9.56,23.15,2.67,2.34,3.21
"TAS","Central Coast (Tas.)",146.210510253906,-41.1228675842285,0.2,2.11,3.23,14.18,9.76,23.88,2.63,2.3,3.15
"TAS","Central Coast (Tas.)",146.263153076172,-41.1228675842285,0.2,2.11,3.29,14.65,10.02,24.86,2.56,2.25,3.06
"TAS","Devonport",146.315780639648,-41.1228675842285,0.2,2.11,3.34,15.2,10.33,26.04,2.51,2.21,2.98
"TAS","Latrobe (Tas.)",146.421051025391,-41.1228675842285,0.2,2.1,3.19,15.83,10.68,27.48,2.69,2.35,3.24
"TAS","Latrobe (Tas.)",146.473663330078,-41.1228675842285,0.2,2.1,3.19,15.86,10.68,27.58,2.68,2.34,3.22
"TAS","Latrobe (Tas.)",146.526321411133,-41.1228675842285,0.2,2.11,3.19,15.79,10.64,27.48,2.67,2.33,3.21
"TAS","Latrobe (Tas.)",146.57893371582,-41.1228675842285,0.2,2.11,3.4,15.74,10.6,27.4,2.46,2.17,2.92
"TAS","Break O'Day",148.315795898438,-41.1228675842285,0.2,2.03,3.12,38.54,22.69,81.3,2.4,2.12,2.86
"TAS","Circular Head",144.631576538086,-41.0832176208496,0.2,2.06,4.6,31.4,19.47,60.81,2.3,2.04,2.73
"TAS","Central Coast (Tas.)",146.052627563477,-41.0832176208496,0.2,2.1,3.08,14.37,9.89,24.16,2.92,2.52,3.57
"TAS","Central Coast (Tas.)",146.105270385742,-41.0832061767578,0.2,2.1,3.17,14.56,9.99,24.61,2.68,2.35,3.23
"TAS","Latrobe (Tas.)",146.631576538086,-41.0832176208496,0.2,2.07,3.37,16.12,10.8,28.26,2.47,2.18,2.93
"TAS","Break O'Day",148.315795898438,-41.0832061767578,0.2,2.03,3.14,40.32,23.53,86.23,2.36,2.08,2.81
"TAS","Circular Head",144.631576538086,-41.0435485839844,0.2,2.06,4.59,32.51,20.07,63.33,2.31,2.05,2.74
"TAS","Burnie",146,-41.0435485839844,0.2,2.1,2.89,14.69,10.08,24.79,3.4,2.87,4.31
"TAS","West Tamar",146.684204101562,-41.0435485839844,0.2,2.07,3.34,16.37,10.94,28.82,2.53,2.23,3.02
"TAS","West Tamar",146.736831665039,-41.0435485839844,0.2,2.07,3.45,16.05,10.76,28.15,2.43,2.15,2.88
"TAS","Break O'Day",148.315795898438,-41.0435485839844,0.2,2.03,3.15,42.89,24.74,93.33,2.34,2.07,2.79
"TAS","Circular Head",144.578948974609,-41.0038414001465,0.2,2.05,4.4,41.56,24.72,85.41,2.62,2.28,3.21
"TAS","Waratah-Wynyard",145.842102050781,-41.0038414001465,0.2,2.1,3.01,13.65,9.53,22.43,3.15,2.68,3.93
"TAS","Burnie",145.947372436523,-41.0038414001465,0.2,2.1,3.11,14.55,10.01,24.42,2.88,2.48,3.52
"TAS","George Town",146.842102050781,-41.0038414001465,0.2,2.07,3.37,15.89,10.67,27.79,2.56,2.25,3.07
"TAS","George Town",146.894729614258,-41.0038528442383,0.2,2.07,3.37,16.46,10.98,29.08,2.55,2.24,3.06
"TAS","Break O'Day",148.368423461914,-41.0038414001465,0.2,2.03,3.32,42.19,24.31,92.14,2.25,2,2.64
"TAS","Circular Head",144.578948974609,-40.9641227722168,0.2,2.05,4.35,44.18,26.06,91.84,2.74,2.36,3.4
"TAS","Waratah-Wynyard",145.789474487305,-40.9641342163086,0.2,2.1,3.09,13.74,9.6,22.52,2.97,2.55,3.67
"TAS","George Town",147,-40.9641342163086,0.2,2.06,3.45,18.68,12.22,33.94,2.48,2.19,2.96
"TAS","George Town",147.052627563477,-40.9641342163086,0.2,2.06,3.41,19.05,12.44,34.71,2.54,2.23,3.04
"TAS","George Town",147.105270385742,-40.9641227722168,0.2,2.06,3.34,19.06,12.46,34.68,2.61,2.28,3.14
"TAS","George Town",147.157897949219,-40.9641342163086,0.2,2.06,3.35,18.65,12.24,33.73,2.58,2.26,3.1
"TAS","Dorset",147.210525512695,-40.9641227722168,0.2,2.07,3.31,17.9,11.82,32.05,2.6,2.28,3.13
"TAS","Dorset",147.421051025391,-40.9641342163086,0.2,2.08,3.13,15.09,10.26,25.87,2.69,2.34,3.25
"TAS","Dorset",147.473678588867,-40.9641227722168,0.2,2.08,3.14,14.22,9.76,24.07,2.67,2.33,3.22
"TAS","Break O'Day",148.368423461914,-40.9641227722168,0.2,2.03,3.32,45.32,25.74,101.31,2.26,2.01,2.66
"TAS","Circular Head",144.631576538086,-40.924388885498,0.2,2.05,4.35,47.69,27.75,101.14,2.74,2.35,3.4
"TAS","Waratah-Wynyard",145.684204101562,-40.924388885498,0.2,2.1,2.85,14.59,10.13,24.11,3.64,3.03,4.69
"TAS","Waratah-Wynyard",145.736846923828,-40.9243774414062,0.2,2.1,3.01,14.09,9.82,23.17,3.19,2.71,4
"TAS","Dorset",147.263153076172,-40.924388885498,0.2,2.07,3.31,17.79,11.79,31.66,2.57,2.25,3.08
"TAS","Dorset",147.315795898438,-40.9243774414062,0.2,2.07,3.47,16.9,11.3,29.69,2.38,2.11,2.81
"TAS","Dorset",147.368423461914,-40.9243774414062,0.2,2.07,3.46,16.26,10.94,28.27,2.38,2.11,2.82
"TAS","Dorset",147.526321411133,-40.924388885498,0.2,2.08,3.15,13.66,9.45,22.82,2.65,2.32,3.2
"TAS","Break O'Day",148.315795898438,-40.9243774414062,0.2,2.02,3.06,49.78,27.79,114.29,2.58,2.25,3.11
"TAS","Circular Head",144.631576538086,-40.8846244812012,0.2,2.05,4.45,50.31,29.09,107.6,2.64,2.28,3.24
"TAS","Waratah-Wynyard",145.578948974609,-40.8846244812012,0.2,2.09,3.03,15.73,10.82,26.27,3.07,2.61,3.84
"TAS","Waratah-Wynyard",145.631576538086,-40.8846244812012,0.2,2.1,3.03,15.18,10.48,25.22,3.08,2.62,3.85
"TAS","Dorset",147.526321411133,-40.8846244812012,0.2,2.08,3.39,14.19,9.78,23.83,2.41,2.14,2.85
"TAS","Dorset",148.263153076172,-40.8846244812012,0.2,2.02,3.16,52.86,29.28,122.63,2.48,2.18,2.98
"TAS","Circular Head",144.684204101562,-40.8448333740234,0.2,2.04,4.18,56.75,32.14,125.22,3.01,2.55,3.82
"TAS","Circular Head",145.421051025391,-40.8448333740234,0.2,2.09,3.06,16.49,11.32,27.61,3.06,2.61,3.83
"TAS","Circular Head",145.473663330078,-40.8448333740234,0.2,2.09,3.06,16.23,11.15,27.11,3.08,2.62,3.85
"TAS","Circular Head",145.526321411133,-40.8448333740234,0.2,2.09,2.95,16.08,11.04,26.93,3.43,2.88,4.38
"TAS","Dorset",147.57893371582,-40.8448333740234,0.2,2.08,3.39,13.28,9.27,21.86,2.4,2.13,2.83
"TAS","Dorset",147.736846923828,-40.8448333740234,0.2,2.09,3.09,11.92,8.51,18.92,2.63,2.3,3.15
"TAS","Dorset",147.789474487305,-40.8448333740234,0.2,2.09,3.21,11.46,8.23,18.06,2.52,2.22,2.99
"TAS","Dorset",147.842086791992,-40.8448333740234,0.2,2.1,3.22,11.07,7.99,17.32,2.5,2.21,2.97
"TAS","Dorset",147.894729614258,-40.8448333740234,0.2,2.1,3.23,10.43,7.59,16.15,2.49,2.2,2.95
"TAS","Dorset",148.210525512695,-40.8448333740234,0.2,2.02,3.11,55.61,30.42,131.74,2.61,2.28,3.15
"TAS","Circular Head",144.684204101562,-40.8050155639648,0.2,2.04,4.18,55.73,31.73,121.87,3.04,2.57,3.86
"TAS","Circular Head",145.315795898438,-40.8050155639648,0.2,2.09,3.12,15.9,10.99,26.33,2.91,2.5,3.6
"TAS","Circular Head",145.368408203125,-40.8050155639648,0.2,2.09,3.06,16.14,11.12,26.84,3.03,2.59,3.78
"TAS","Dorset",147.631576538086,-40.8050155639648,0.2,2.09,3.46,12.08,8.59,19.29,2.36,2.1,2.77
"TAS","Dorset",147.684204101562,-40.8050155639648,0.2,2.1,3.08,10.91,7.9,16.99,2.71,2.36,3.27
"TAS","Dorset",147.894729614258,-40.8050155639648,0.2,2.1,3.22,11.32,8.15,17.76,2.51,2.21,2.98
"TAS","Dorset",148.157897949219,-40.8050155639648,0.2,2.02,3.14,59.19,31.87,144.02,2.52,2.22,3
"TAS","Circular Head",144.631576538086,-40.7651786804199,0.2,2.04,4.43,66.01,36.73,149.01,2.7,2.33,3.33
"TAS","Circular Head",145.105270385742,-40.7651672363281,0.2,2.1,3.1,14.7,10.21,24.24,3.01,2.56,3.78
"TAS","Circular Head",145.157897949219,-40.7651786804199,0.2,2.1,3.09,14.65,10.22,23.97,3.04,2.59,3.82
"TAS","Circular Head",145.210525512695,-40.7651672363281,0.2,2.1,3.09,14.51,10.16,23.59,3.07,2.61,3.85
"TAS","Circular Head",145.263153076172,-40.7651786804199,0.2,2.1,3.09,14.79,10.34,24.1,3.09,2.62,3.87
"TAS","Dorset",147.894729614258,-40.7651786804199,0.2,2.09,3.59,12.7,9,20.36,2.25,2.01,2.63
"TAS","Dorset",148.105270385742,-40.7651672363281,0.2,2.03,3.17,42.3,24.86,88.89,2.49,2.2,2.95
"TAS","Circular Head",144.631576538086,-40.7253150939941,0.2,2.04,4.41,71.7,39.35,165.14,2.76,2.37,3.41
"TAS","Circular Head",145.105270385742,-40.7253036499023,0.2,2.1,3.04,14.89,10.33,24.59,3.4,2.83,4.4
"TAS","Dorset",147.947372436523,-40.7253036499023,0.2,2.06,3.68,18.4,12.25,32.34,2.18,1.96,2.53
"TAS","Dorset",148,-40.7253150939941,0.2,2.05,3.66,25.35,15.98,48.33,2.16,1.94,2.49
"TAS","Dorset",148.052627563477,-40.7253150939941,0.2,2.03,3.53,38.13,22.58,79.58,2.24,2.01,2.6
"TAS","Circular Head",144.631576538086,-40.6854286193848,0.2,2.03,4.43,76.36,41.26,180.35,2.86,2.45,3.58
"TAS","Circular Head",144.789474487305,-40.6854286193848,0.2,2.05,4,38.26,22.01,84.61,3.65,3,4.83
"TAS","Circular Head",144.842086791992,-40.6854286193848,0.2,2.06,4.02,32.48,19.12,69.63,3.47,2.88,4.54
"TAS","Circular Head",145.052627563477,-40.6854286193848,0.2,2.1,3.03,14.85,10.33,24.38,3.43,2.85,4.44
"TAS","Circular Head",144.684204101562,-40.6455192565918,0.2,2.04,4.42,65.07,35.44,153.32,2.87,2.45,3.58
"TAS","Circular Head",144.736846923828,-40.6455078125,0.2,2.05,4.04,45.22,25.81,100.07,3.38,2.81,4.39
"TAS","Circular Head",144.842102050781,-40.6455078125,0.2,2.06,4.04,34.52,20.2,74.43,3.4,2.83,4.41
"TAS","Circular Head",145,-40.6455192565918,0.2,2.1,3.03,14.87,10.38,24.25,3.42,2.85,4.42
"TAS","Circular Head",144.736831665039,-40.605583190918,0.2,2.05,4.1,44.64,25.54,98.43,3.08,2.62,3.86
"TAS","Circular Head",144.789474487305,-40.605583190918,0.2,2.06,4.11,35.25,20.74,75.07,3.03,2.59,3.78
"TAS","Circular Head",144.894729614258,-40.605583190918,0.2,2.07,3.03,27.34,17.07,52.84,3.53,2.94,4.57
"TAS","Circular Head",144.947357177734,-40.605583190918,0.2,2.09,3.04,18.41,12.41,31.61,3.42,2.86,4.4
"TAS","Flinders (Tas.)",148.157897949219,-40.605583190918,0.2,2.03,3.42,36.67,21.58,77.73,2.38,2.12,2.8
"TAS","Flinders (Tas.)",148.210510253906,-40.605583190918,0.2,2.04,3.3,33.47,20.11,68.6,2.46,2.18,2.91
"TAS","Circular Head",144.684204101562,-40.5656242370605,0.2,2.04,4.07,61.1,33.54,142.5,3.27,2.76,4.16
"TAS","Circular Head",144.842102050781,-40.5656242370605,0.2,2.05,3.79,37.78,22.27,79.62,3.27,2.77,4.14
"TAS","Flinders (Tas.)",148.105239868164,-40.5656242370605,0.2,2.1,3.41,10.34,7.54,15.93,2.5,2.2,2.97
"TAS","Flinders (Tas.)",148.263153076172,-40.5656242370605,0.2,2.02,3.24,54.75,30.03,129.18,2.5,2.2,2.97
"TAS","Circular Head",144.684204101562,-40.5256423950195,0.2,2.04,4.06,56.29,31.1,130.47,3.4,2.85,4.36
"TAS","Circular Head",144.842102050781,-40.5256309509277,0.2,2.06,3.78,31.48,19.17,63.12,3.33,2.8,4.23
"TAS","Flinders (Tas.)",148.105270385742,-40.5256309509277,0.2,2.12,3.47,8.55,6.38,12.79,2.39,2.12,2.81
"TAS","Flinders (Tas.)",148.263153076172,-40.5256423950195,0.2,2.02,3.22,55.69,30.55,131.05,2.54,2.23,3.04
"TAS","Flinders (Tas.)",148.315795898438,-40.5256423950195,0.2,2.02,3.35,54.12,29.9,125.92,2.11,1.9,2.45
"TAS","Flinders (Tas.)",148.368423461914,-40.5256423950195,0.2,2.02,3.33,51.32,28.66,117.41,2.15,1.93,2.5
"TAS","Circular Head",144.684204101562,-40.4856376647949,0.2,2.04,4.1,53.41,29.6,123.69,3.08,2.62,3.87
"TAS","Circular Head",144.842102050781,-40.4856262207031,0.2,2.06,3.81,34.05,20.51,69.3,3.25,2.75,4.11
"TAS","Circular Head",144.894729614258,-40.4856376647949,0.2,2.07,3.25,26.87,16.89,51.28,3.57,2.98,4.59
"TAS","Circular Head",144.947372436523,-40.4856376647949,0.2,2.08,3.09,22.51,14.57,41.16,3.39,2.85,4.33
"TAS","Flinders (Tas.)",148,-40.4856376647949,0.2,2.1,3.62,10.66,7.72,16.59,2.25,2.01,2.62
"TAS","Flinders (Tas.)",148.052627563477,-40.4856376647949,0.2,2.11,3.45,9.57,7.03,14.62,2.42,2.14,2.86
"TAS","Flinders (Tas.)",148.105270385742,-40.4856376647949,0.2,2.12,3.47,8.45,6.32,12.62,2.38,2.11,2.8
"TAS","Flinders (Tas.)",148.421051025391,-40.4856376647949,0.2,2.03,3.32,46.37,26.36,103.2,2.16,1.93,2.52
"TAS","Circular Head",144.789474487305,-40.4456062316895,0.2,2.05,3.82,41.22,23.88,89.25,2.73,2.38,3.3
"TAS","Circular Head",144.842102050781,-40.4455947875977,0.2,2.06,3.29,33.09,19.95,67.46,3.44,2.88,4.39
"TAS","Circular Head",145,-40.4456062316895,0.2,2.07,3.09,23.84,15.32,44.03,3.23,2.73,4.08
"TAS","Flinders (Tas.)",147.947372436523,-40.4455947875977,0.2,2.1,3.62,10.09,7.35,15.62,2.25,2.01,2.63
"TAS","Flinders (Tas.)",148.473678588867,-40.4455947875977,0.2,2.03,3.41,48.37,27.29,108.96,2.3,2.04,2.73
"TAS","Circular Head",144.842086791992,-40.4055519104004,0.2,2.05,3.28,37.73,22.18,79.96,3.46,2.9,4.42
"TAS","Circular Head",145,-40.4055557250977,0.2,2.07,3.08,26.23,16.59,49.59,3.33,2.81,4.22
"TAS","Flinders (Tas.)",147.947357177734,-40.4055519104004,0.2,2.11,3.76,9.61,7.05,14.74,2.1,1.9,2.42
"TAS","Flinders (Tas.)",148.473678588867,-40.4055519104004,0.2,2.03,3.4,48.79,27.58,109.41,2.3,2.04,2.73
"TAS","Circular Head",144.894729614258,-40.3654747009277,0.2,2.06,3.94,36.41,21.5,76.75,2.5,2.2,2.98
"TAS","Circular Head",144.947357177734,-40.3654747009277,0.2,2.06,3.83,33.35,20.05,68.31,2.45,2.17,2.9
"TAS","Flinders (Tas.)",148,-40.3654747009277,0.2,2.15,3.81,6.71,5.17,9.62,2,1.82,2.28
"TAS","Flinders (Tas.)",148.421051025391,-40.3654747009277,0.2,2.02,3.39,49.44,28.05,109.91,2.33,2.06,2.78
"TAS","Flinders (Tas.)",148,-40.3253746032715,0.2,2.14,3.81,6.97,5.34,10.05,2.01,1.83,2.29
"TAS","Flinders (Tas.)",148.368423461914,-40.3253631591797,0.2,2.02,3.3,56.8,31.41,131.33,2.36,2.08,2.82
"TAS","Flinders (Tas.)",148,-40.2852478027344,0.2,2.14,3.76,7.2,5.5,10.45,2.01,1.83,2.28
"TAS","Flinders (Tas.)",148.315795898438,-40.2852478027344,0.2,2.02,3.33,56.72,31.22,132.38,2.29,2.03,2.71
"TAS","Flinders (Tas.)",148,-40.2451019287109,0.2,2.13,3.76,7.38,5.62,10.76,2.01,1.83,2.28
"TAS","Flinders (Tas.)",148.315795898438,-40.2450981140137,0.2,2.02,3.34,53.7,29.79,123.98,2.26,2.01,2.68
"TAS","Flinders (Tas.)",148,-40.2049255371094,0.2,2.13,3.75,7.58,5.74,11.1,2.02,1.84,2.28
"TAS","Flinders (Tas.)",148.315795898438,-40.2049255371094,0.2,2.02,3.39,50.53,28.32,114.95,2.21,1.97,2.61
"TAS","Flinders (Tas.)",148,-40.1647300720215,0.2,2.13,3.76,7.76,5.87,11.4,2.02,1.84,2.28
"TAS","Flinders (Tas.)",148.315795898438,-40.1647300720215,0.2,2.02,3.43,49.77,27.98,112.68,2.16,1.93,2.54
"TAS","King Island",143.894729614258,-40.1245079040527,0.2,1.67,4.3,33.58,20.53,66.53,2.53,2.21,3.06
"TAS","King Island",143.947372436523,-40.1245079040527,0.2,1.67,3.71,34.58,20.95,69.55,3.01,2.57,3.77
"TAS","King Island",144,-40.1245079040527,0.2,1.67,3.12,35.91,21.47,73.94,3.26,2.74,4.14
"TAS","Flinders (Tas.)",147.947372436523,-40.1245079040527,0.2,2.11,3.73,9.43,6.95,14.35,2.07,1.88,2.35
"TAS","Flinders (Tas.)",148,-40.1245079040527,0.2,2.12,3.76,8.1,6.09,11.97,2.02,1.84,2.29
"TAS","Flinders (Tas.)",148.315795898438,-40.1244964599609,0.2,2.03,3.43,48.98,27.64,110.11,2.16,1.93,2.53
"TAS","King Island",143.842086791992,-40.0842628479004,0.2,1.68,4.12,30,18.75,57.46,2.68,2.33,3.28
"TAS","King Island",144.052627563477,-40.0842666625977,0.2,1.67,3.28,36.59,21.7,76.4,3.28,2.75,4.21
"TAS","Flinders (Tas.)",147.894729614258,-40.0842666625977,0.2,2.1,3.72,10.08,7.38,15.46,2.08,1.89,2.36
"TAS","Flinders (Tas.)",148.315795898438,-40.0842628479004,0.2,2.03,3.45,47.95,27.2,106.95,2.14,1.91,2.51
"TAS","King Island",143.842102050781,-40.0439834594727,0.2,1.68,4.13,27.79,17.62,52.05,2.64,2.3,3.21
"TAS","King Island",144.105270385742,-40.0439949035645,0.2,1.67,2.78,35.78,21.37,73.81,4.28,3.46,5.76
"TAS","Flinders (Tas.)",147.842102050781,-40.0439834594727,0.2,2.1,3.7,10.28,7.52,15.73,2.11,1.92,2.41
"TAS","Flinders (Tas.)",148.315795898438,-40.0439834594727,0.2,2.03,3.45,46.21,26.41,101.79,2.15,1.92,2.52
"TAS","King Island",143.842102050781,-40.0036926269531,0.2,1.68,3.96,25.76,16.56,47.27,2.69,2.34,3.28
"TAS","King Island",144.157897949219,-40.0037040710449,0.2,1.67,2.77,37.77,22.35,79.01,4.32,3.5,5.79
"TAS","Flinders (Tas.)",147.842102050781,-40.0036926269531,0.2,2.1,3.7,10.75,7.83,16.6,2.12,1.92,2.42
"TAS","Flinders (Tas.)",148.315795898438,-40.0036926269531,0.2,2.03,3.33,44.78,25.75,97.71,2.29,2.03,2.72
"TAS","King Island",143.842102050781,-39.9633865356445,0.2,1.68,3.97,24.38,15.84,44,2.66,2.32,3.24
"TAS","King Island",144.157897949219,-39.9633865356445,0.2,1.67,2.77,40.07,23.41,85.54,4.29,3.48,5.75
"TAS","Flinders (Tas.)",147.789474487305,-39.9633865356445,0.2,2.08,4.06,13.19,9.33,21.16,1.9,1.75,2.12
"TAS","Flinders (Tas.)",147.842102050781,-39.9633865356445,0.2,2.09,3.95,11.74,8.44,18.45,1.95,1.79,2.18
"TAS","Flinders (Tas.)",148.263153076172,-39.9633865356445,0.2,2.03,3.33,38.62,22.88,80.43,2.29,2.02,2.72
"TAS","King Island",143.789474487305,-39.9230499267578,0.2,1.68,4.28,27.45,17.56,50.61,2.38,2.11,2.82
"TAS","King Island",144.157897949219,-39.9230499267578,0.2,1.66,2.78,44.6,25.52,98.39,4.26,3.46,5.69
"TAS","Flinders (Tas.)",147.736831665039,-39.9230499267578,0.2,2.07,4.05,17.65,11.89,30.45,1.93,1.77,2.15
"TAS","Flinders (Tas.)",148.210525512695,-39.9230499267578,0.2,2.03,3.24,38,22.72,77.88,2.45,2.15,2.97
"TAS","King Island",143.789474487305,-39.8826866149902,0.2,1.67,4.2,31.54,19.76,59.89,2.4,2.12,2.84
"TAS","King Island",144.157897949219,-39.8826866149902,0.2,1.66,2.7,48.82,27.43,110.82,4.15,3.38,5.52
"TAS","Flinders (Tas.)",147.736831665039,-39.8826866149902,0.2,2.05,3.92,22.5,14.55,41.22,2,1.83,2.25
"TAS","Flinders (Tas.)",148.157897949219,-39.8826866149902,0.2,2.02,3.24,49.58,28.42,107.94,2.43,2.13,2.93
"TAS","King Island",143.842086791992,-39.8422966003418,0.2,1.67,4.21,31.62,19.7,60.67,2.37,2.1,2.8
"TAS","King Island",144.157897949219,-39.8422966003418,0.2,1.66,2.7,53.24,29.42,123.99,4.14,3.38,5.52
"TAS","Flinders (Tas.)",147.736831665039,-39.8422966003418,0.2,2.04,3.91,30.58,18.84,60.09,2.02,1.85,2.28
"TAS","Flinders (Tas.)",148.105270385742,-39.8422966003418,0.2,2.02,2.94,53.09,30.05,117.95,2.73,2.35,3.38
"TAS","King Island",143.842086791992,-39.801887512207,0.2,1.67,4.21,34.53,21.31,67.06,2.28,2.03,2.67
"TAS","King Island",144.157897949219,-39.801887512207,0.2,1.65,2.67,57.21,31.17,136.18,3.97,3.26,5.23
"TAS","Flinders (Tas.)",147.789474487305,-39.801887512207,0.2,2.03,3.88,43.34,25.37,91.55,2.13,1.93,2.44
"TAS","Flinders (Tas.)",148.052627563477,-39.801887512207,0.2,2.02,2.95,63.37,34.42,150.5,2.72,2.35,3.36
"TAS","King Island",143.789474487305,-39.7614517211914,0.2,1.66,4.12,54.17,31.31,115.36,2.35,2.08,2.78
"TAS","King Island",144.157897949219,-39.7614517211914,0.2,1.65,2.74,60.38,32.56,146.18,3.54,2.95,4.56
"TAS","Flinders (Tas.)",147.842086791992,-39.7614517211914,0.2,2.03,3.78,40.52,24.36,81.79,2.2,1.98,2.55
"TAS","Flinders (Tas.)",148.052627563477,-39.7614517211914,0.2,2.02,2.94,63.64,34.44,152.19,2.76,2.38,3.42
"TAS","King Island",143.789474487305,-39.7209930419922,0.2,1.65,4.1,66.77,37.34,149.08,2.38,2.1,2.83
"TAS","King Island",144.157897949219,-39.7209930419922,0.2,1.65,2.74,66.71,35.4,165.33,3.32,2.8,4.22
"TAS","Flinders (Tas.)",147.894729614258,-39.7209930419922,0.2,2.03,3.71,44.03,25.91,91.94,2.3,2.05,2.68
"TAS","Flinders (Tas.)",147.947372436523,-39.7209815979004,0.2,2.03,2.92,47.72,27.3,104.66,3.11,2.64,3.9
"TAS","Flinders (Tas.)",148,-39.7209930419922,0.2,2.02,2.92,57.15,31.45,133.36,3.1,2.63,3.9
"TAS","King Island",143.842086791992,-39.6805114746094,0.2,1.65,4.12,73.56,40.12,171.14,2.33,2.06,2.76
"TAS","King Island",144.157897949219,-39.6805114746094,0.2,1.65,2.75,69.31,36.64,172.43,3.32,2.8,4.22
"TAS","King Island",143.894729614258,-39.6400032043457,0.2,1.65,4.15,71.94,39.11,168.7,2.21,1.98,2.58
"TAS","King Island",144.105270385742,-39.6400032043457,0.2,1.65,2.99,75.83,39.77,190.22,2.71,2.36,3.27
"TAS","King Island",143.894729614258,-39.5994758605957,0.2,1.65,4.14,69.27,37.78,161.89,2.23,1.99,2.61
"TAS","King Island",144.052627563477,-39.5994758605957,0.2,1.65,2.93,71.88,38.37,174.79,2.87,2.48,3.51
"TAS","King Island",143.947372436523,-39.558910369873,0.2,1.65,3.88,64.95,35.67,150.6,2.27,2.02,2.65
"TAS","King Island",144,-39.5589218139648,0.2,1.66,3.74,56.25,31.49,126.99,2.15,1.93,2.48
"VIC","South Gippsland",146.421051025391,-39.1520805358887,0.2,2.07,3.17,13.67,9.41,23.08,3.04,2.6,3.76
"VIC","South Gippsland",146.473678588867,-39.1112670898438,0.2,2.06,3.39,16.44,11.01,28.86,2.59,2.28,3.09
"VIC","Unincorporated Vic",146.263153076172,-39.0295677185059,0.2,2.11,3.68,8.56,6.32,13.06,2.14,1.93,2.47
"VIC","Unincorporated Vic",146.210510253906,-38.9477729797363,0.2,2.11,3.66,8.84,6.49,13.6,2.23,1.99,2.61
"VIC","South Gippsland",146.263153076172,-38.9477729797363,0.2,2.11,3.69,8.2,6.09,12.4,2.19,1.96,2.55
"VIC","South Gippsland",145.947372436523,-38.9068412780762,0.2,2.1,4.02,10.12,7.24,16.19,2.05,1.86,2.36
"VIC","Colac Otway",143.526321411133,-38.8658828735352,0.2,1.71,3.68,15.18,10.43,25.5,2.58,2.24,3.15
"VIC","South Gippsland",145.842102050781,-38.8658714294434,0.2,2.1,3.98,9.79,7.03,15.62,2.08,1.88,2.4
"VIC","South Gippsland",146.157897949219,-38.8658828735352,0.2,2.11,3.76,8.95,6.55,13.82,2.14,1.92,2.48
"VIC","South Gippsland",146.315795898438,-38.8658714294434,0.2,2.03,3.56,29.53,18.66,55.43,2.46,2.19,2.89
"VIC","South Gippsland",146.368423461914,-38.8658714294434,0.2,2.04,3.58,27.72,17.64,51.59,2.41,2.15,2.82
"VIC","South Gippsland",146.526321411133,-38.8658828735352,0.2,2.05,2.81,20.16,13.35,35.58,3.53,2.98,4.44
"VIC","South Gippsland",146.263153076172,-38.8249015808105,0.2,2.03,3.55,31.18,19.58,59,2.49,2.21,2.93
"VIC","Unincorporated Vic",146.368423461914,-38.8248901367188,0.2,2.04,3.59,27.4,17.49,50.72,2.41,2.14,2.81
"VIC","Colac Otway",143.368408203125,-38.7839012145996,0.2,1.72,3.65,12.8,9.02,20.73,2.64,2.29,3.24
"VIC","Colac Otway",143.421051025391,-38.7839012145996,0.2,1.72,3.66,12.33,8.74,19.8,2.64,2.29,3.23
"VIC","South Gippsland",145.842086791992,-38.7839012145996,0.2,2.1,3.73,9.4,6.78,14.91,2.28,2.02,2.68
"VIC","South Gippsland",146.210525512695,-38.7839012145996,0.2,2.03,3.54,32.96,20.55,62.94,2.52,2.23,2.98
"VIC","Unincorporated Vic",146.368408203125,-38.7839012145996,0.2,2.04,3.59,27.26,17.46,50.2,2.4,2.14,2.8
"VIC","Corangamite",143.157897949219,-38.7428741455078,0.2,1.72,3.83,13.8,9.63,22.63,2.45,2.15,2.95
"VIC","Colac Otway",143.789474487305,-38.7428741455078,0.2,1.71,2.91,15.31,10.48,25.85,3.49,2.92,4.5
"VIC","South Gippsland",146.210525512695,-38.7428741455078,0.2,2.03,3.55,32.1,20.12,60.81,2.51,2.22,2.96
"VIC","Wellington",146.473663330078,-38.7428741455078,0.2,2.03,2.82,32.46,20.33,61.52,3.5,2.94,4.45
"VIC","Colac Otway",143.894729614258,-38.7018203735352,0.2,1.71,3.03,16,10.83,27.55,3.37,2.82,4.33
"VIC","South Gippsland",145.736846923828,-38.7018203735352,0.2,2.1,3.75,9.85,7.04,15.86,2.29,2.04,2.71
"VIC","South Gippsland",146.263153076172,-38.7018203735352,0.2,2.03,3.57,29.67,18.82,55.28,2.47,2.19,2.9
"VIC","South Gippsland",146.315795898438,-38.7018203735352,0.2,2.04,3.59,28.07,17.94,51.76,2.43,2.16,2.85
"VIC","South Gippsland",146.368423461914,-38.7018203735352,0.2,2.04,3.61,26.46,17.07,48.12,2.39,2.13,2.79
"VIC","South Gippsland",146.421051025391,-38.7018203735352,0.2,2.04,2.82,27.17,17.46,49.66,3.46,2.91,4.41
"VIC","South Gippsland",146.526321411133,-38.7018203735352,0.2,2.03,3.01,32.32,20.33,60.84,2.81,2.44,3.42
"VIC","Wellington",146.578948974609,-38.7018203735352,0.2,2.04,3.02,26.2,16.88,47.8,2.82,2.45,3.41
"VIC","Wellington",146.631576538086,-38.7018203735352,0.2,2.05,3.01,21.74,14.34,38.44,2.92,2.53,3.56
"VIC","Wellington",146.684204101562,-38.7018203735352,0.2,2.05,3,19.94,13.33,34.59,3,2.58,3.67
"VIC","Wellington",146.736846923828,-38.7018203735352,0.2,2.06,3.07,18.5,12.49,31.66,2.97,2.55,3.66
"VIC","Wellington",146.789474487305,-38.7018203735352,0.2,1.07,2.07,17.21,11.73,29.08,3.03,2.6,3.76
"VIC","Corangamite",143,-38.6607475280762,0.2,1.71,3.8,14.05,9.81,23.03,2.46,2.16,2.97
"VIC","Bass Coast",145.526321411133,-38.6607475280762,0.2,2.1,3.75,9.77,6.99,15.71,2.32,2.06,2.76
"VIC","Wellington",146.842102050781,-38.6607475280762,0.2,1.07,2.09,16.6,11.37,27.84,3,2.58,3.7
"VIC","Wellington",146.894729614258,-38.6607475280762,0.2,1.08,2.13,14.64,10.21,23.97,3.04,2.6,3.78
"VIC","Moyne",142.789474487305,-38.6196517944336,0.2,1.71,3.8,16.09,10.98,27.23,2.49,2.18,3
"VIC","Corangamite",142.894729614258,-38.6196517944336,0.2,1.71,3.69,13.98,9.75,22.95,2.58,2.25,3.13
"VIC","Wellington",146.947372436523,-38.6196517944336,0.2,1.09,2.12,11.94,8.54,18.92,2.95,2.53,3.66
"VIC","Wellington",147,-38.5785293579102,0.2,1.12,2.13,9.17,6.8,13.81,2.91,2.5,3.59
"VIC","Bass Coast",145.157897949219,-38.5373840332031,0.2,2.09,3.37,10.45,7.4,17.02,2.91,2.48,3.65
"VIC","Wellington",147,-38.5373840332031,0.2,1.12,2.11,8.84,6.59,13.21,2.79,2.41,3.43
"VIC","Moyne",142.631576538086,-38.4962158203125,0.2,1.22,3.14,15.26,10.52,25.45,2.58,2.25,3.11
"VIC","Surf Coast",144.105270385742,-38.4962158203125,0.2,1.71,2.44,15.16,10.24,26.29,4.41,3.53,6.04
"VIC","Wellington",147.052627563477,-38.4962158203125,0.2,1.12,2.09,8.92,6.57,13.62,2.71,2.34,3.33
"VIC","Glenelg",141.578948974609,-38.4550247192383,0.2,1.2,3.51,20.21,13.64,34.42,2.45,2.15,2.92
"VIC","Surf Coast",144.157897949219,-38.4550247192383,0.2,1.71,2.44,14.57,9.88,25.16,4.41,3.54,6.05
"VIC","Mornington Peninsula",144.842102050781,-38.4550247192383,0.2,1.18,2.69,10.39,7.42,16.66,2.67,2.31,3.27
"VIC","Wellington",147.105270385742,-38.4550247192383,0.2,1.12,2.08,8.81,6.47,13.55,2.72,2.34,3.37
"VIC","Moyne",142.105255126953,-38.4138069152832,0.2,1.21,3.09,16.95,11.65,28.22,2.67,2.32,3.26
"VIC","Moyne",142.210510253906,-38.4138069152832,0.2,1.21,2.45,16.51,11.36,27.49,3.89,3.17,5.22
"VIC","Warrnambool",142.421051025391,-38.4138069152832,0.2,1.21,2.96,15.36,10.63,25.41,2.7,2.33,3.3
"VIC","Warrnambool",142.526321411133,-38.4138069152832,0.2,1.22,2.94,14.03,9.83,22.85,2.67,2.32,3.25
"VIC","Wellington",147.157897949219,-38.4138069152832,0.2,1.13,2.07,7.92,5.91,11.9,2.57,2.23,3.14
"VIC","Glenelg",141.684204101562,-38.3725662231445,0.2,1.21,2.8,17.06,11.79,28.13,3.31,2.76,4.3
"VIC","Mornington Peninsula",144.789474487305,-38.3725662231445,0.2,1.18,2.64,11.28,8,18.2,2.64,2.3,3.2
"VIC","Wellington",147.210525512695,-38.3725700378418,0.2,1.14,2.07,7.33,5.55,10.8,2.46,2.15,2.98
"VIC","Glenelg",141.368408203125,-38.3313064575195,0.2,1.21,3.4,16.82,11.65,27.61,2.52,2.21,3.01
"VIC","Moyne",142,-38.3313064575195,0.2,1.23,2.89,12.78,9.17,20.05,2.88,2.46,3.6
"VIC","Glenelg",141.789474487305,-38.2900199890137,0.2,1.22,2.61,14.41,10.2,23.01,3.48,2.88,4.56
"VIC","Moyne",141.894729614258,-38.2900199890137,0.2,1.23,2.77,13.01,9.31,20.48,3.14,2.64,4.01
"VIC","Wellington",147.315795898438,-38.2900199890137,0.2,1.13,2.06,8.19,6.16,12.13,2.36,2.08,2.84
"VIC","Glenelg",141.263153076172,-38.2487106323242,0.2,1.21,3.36,16.2,11.28,26.4,2.54,2.23,3.05
"VIC","Queenscliffe",144.684204101562,-38.2487106323242,0.2,1.13,2.24,13.6,9.32,23.16,3.7,3.04,4.87
"VIC","Wellington",147.368423461914,-38.2487106323242,0.2,1.12,2.06,8.63,6.47,12.78,2.32,2.04,2.77
"VIC","Glenelg",141.263153076172,-38.2073783874512,0.2,1.22,3.26,15.13,10.64,24.37,2.63,2.29,3.18
"VIC","Wellington",147.421051025391,-38.2073783874512,0.2,1.11,2.06,9.59,7.1,14.44,2.32,2.05,2.78
"VIC","Glenelg",141.210510253906,-38.1660194396973,0.2,1.22,3.26,15.33,10.76,24.74,2.64,2.3,3.19
"VIC","Wellington",147.473678588867,-38.1660194396973,0.2,1.1,2.05,11.17,8.11,17.28,2.32,2.05,2.77
"VIC","Glenelg",141.105255126953,-38.124641418457,0.2,1.22,3.06,15.27,10.75,24.52,2.89,2.49,3.55
"VIC","Greater Geelong",144.736846923828,-38.124641418457,0.2,1.16,1.39,11.83,8.22,19.84,5.39,4.27,7.44
"VIC","Mornington Peninsula",145.052627563477,-38.124641418457,0.2,1.19,1.42,9.93,7.06,16.1,4.79,3.85,6.45
"SA","Grant",140.736846923828,-38.0832366943359,0.2,1.2,3.49,19.57,13.35,32.74,2.43,2.14,2.88
"SA","Grant",140.789474487305,-38.0832366943359,0.2,1.2,3.37,18.73,12.85,31.08,2.56,2.24,3.08
"SA","Grant",140.842102050781,-38.0832366943359,0.2,1.21,3.3,17.83,12.32,29.34,2.62,2.29,3.16
"SA","Grant",140.894729614258,-38.0832366943359,0.2,1.21,3.31,16.96,11.79,27.66,2.62,2.29,3.16
"SA","Grant",140.947372436523,-38.0832366943359,0.2,1.21,3.31,16.18,11.32,26.16,2.56,2.24,3.08
"VIC","Glenelg",141,-38.0832366943359,0.2,1.21,3.24,15.48,10.9,24.82,2.63,2.3,3.19
"VIC","Glenelg",141.052627563477,-38.0832366943359,0.2,1.22,3.19,14.68,10.4,23.34,2.74,2.38,3.35
"VIC","Wellington",147.578948974609,-38.0832252502441,0.2,1.08,2.03,15.66,10.87,25.72,2.37,2.08,2.84
"SA","Grant",140.57893371582,-38.0418090820312,0.2,1.2,3.4,20.52,13.9,34.66,2.58,2.27,3.1
"SA","Grant",140.631576538086,-38.0418090820312,0.2,1.2,3.41,19.4,13.24,32.44,2.57,2.26,3.08
"VIC","Kingston (Vic.)",145.052627563477,-38.0418090820312,0.2,1.2,1.43,9.67,6.9,15.64,4.77,3.84,6.43
"VIC","East Gippsland",147.578948974609,-38.0418090820312,0.2,1.07,2.02,16.37,11.29,27.13,2.36,2.08,2.82
"VIC","Wellington",147.631576538086,-38.0418090820312,0.2,1.07,2.01,16.61,11.44,27.6,2.37,2.09,2.84
"SA","Grant",140.473678588867,-38.000358581543,0.2,1.2,3.66,21.09,14.24,35.76,2.27,2.02,2.66
"SA","Grant",140.526321411133,-38.000358581543,0.2,1.2,3.57,20.02,13.62,33.62,2.34,2.08,2.76
"VIC","Wellington",147.684204101562,-38.000358581543,0.2,1.07,2.01,18.99,12.81,32.53,2.37,2.09,2.85
"SA","Grant",140.421051025391,-37.9588851928711,0.2,1.2,3.66,20.82,14.09,35.2,2.28,2.03,2.67
"VIC","Wyndham",144.789474487305,-37.9588851928711,0.2,1.18,1.41,11.84,8.19,20.06,5.43,4.28,7.56
"VIC","Bayside (Vic.)",144.947372436523,-37.9588737487793,0.2,1.19,1.42,10.53,7.41,17.37,5.21,4.13,7.2
"VIC","East Gippsland",147.736846923828,-37.9588851928711,0.2,1.06,2.05,20.48,13.64,35.73,2.41,2.12,2.91
"SA","Grant",140.368408203125,-37.9173851013184,0.2,1.2,3.64,19.92,13.57,33.39,2.28,2.03,2.67
"VIC","Wyndham",144.789474487305,-37.9173889160156,0.2,1.18,1.41,11.72,8.11,19.84,5.46,4.3,7.62
"VIC","East Gippsland",147.789474487305,-37.9173889160156,0.2,1.06,2.06,21.38,14.1,37.84,2.41,2.11,2.9
"VIC","East Gippsland",147.842086791992,-37.9173851013184,0.2,1.06,2.03,20.57,13.64,36.17,2.44,2.14,2.95
"VIC","East Gippsland",147.894729614258,-37.9173889160156,0.2,1.06,2.03,20.59,13.64,36.25,2.44,2.14,2.95
"SA","Grant",140.368408203125,-37.8758659362793,0.2,1.2,3.64,18.83,12.93,31.18,2.28,2.03,2.67
"VIC","East Gippsland",148.105270385742,-37.8758659362793,0.2,1.05,2.08,25.08,16,46.8,2.56,2.22,3.13
"VIC","East Gippsland",148.210510253906,-37.8758659362793,0.2,1.05,2.13,26.37,16.63,50.07,2.53,2.2,3.09
"SA","Grant",140.315780639648,-37.8343200683594,0.2,1.2,3.67,18.46,12.71,30.45,2.26,2.02,2.64
"VIC","East Gippsland",148.315780639648,-37.8343200683594,0.2,1.05,2.23,26,16.36,49.64,2.5,2.18,3.05
"VIC","East Gippsland",148.421051025391,-37.8343238830566,0.2,1.05,2.27,29.43,18.11,58.16,2.5,2.18,3.05
"VIC","East Gippsland",148.631576538086,-37.8343238830566,0.2,1.04,2.39,36.04,21.3,75.91,2.4,2.1,2.9
"VIC","East Gippsland",148.684204101562,-37.8343238830566,0.2,1.04,2.43,37.97,22.21,81.28,2.38,2.09,2.86
"VIC","East Gippsland",148.842086791992,-37.8343200683594,0.2,1.03,2.51,45.69,25.79,103.32,2.37,2.08,2.85
NA,"East Gippsland",149.210510253906,-37.8343200683594,0.2,1.44,3.07,52.07,28.74,121.81,2.28,2.02,2.71
"VIC","East Gippsland",149.315780639648,-37.8343200683594,0.2,1.44,3.12,58.54,31.7,140.85,2.28,2.02,2.7
"SA","Grant",140.315780639648,-37.7927551269531,0.2,1.21,3.57,17.36,12.06,28.3,2.33,2.07,2.74
"VIC","East Gippsland",148.473678588867,-37.7927551269531,0.2,1.05,2.31,29.13,17.88,57.89,2.47,2.15,3
"VIC","East Gippsland",148.526321411133,-37.7927551269531,0.2,1.05,2.36,26.29,16.36,51.25,2.41,2.11,2.92
"VIC","East Gippsland",148.57893371582,-37.7927551269531,0.2,1.05,2.4,24.29,15.29,46.67,2.36,2.08,2.85
"VIC","East Gippsland",148.947372436523,-37.7927551269531,0.2,1.03,2.31,44.14,25.02,99.32,2.58,2.24,3.15
"VIC","East Gippsland",149,-37.7927551269531,0.2,1.03,2.34,41.66,23.83,92.48,2.55,2.22,3.1
"VIC","East Gippsland",149.105255126953,-37.7927551269531,0.2,1.04,2.41,37.62,21.86,81.61,2.51,2.19,3.04
"SA","Wattle Range",140.263153076172,-37.751163482666,0.2,1.21,3.17,16.89,11.77,27.4,2.6,2.28,3.13
"VIC","East Gippsland",149.578948974609,-37.751163482666,0.2,1.43,2.71,72.56,38.16,181.76,2.71,2.34,3.32
"SA","Wattle Range",140.263153076172,-37.7095489501953,0.2,1.21,3.17,15.66,11.03,25.07,2.6,2.28,3.12
"SA","Wattle Range",140.210525512695,-37.667911529541,0.2,1.22,3.23,15.04,10.67,23.84,2.65,2.32,3.2
"SA","Wattle Range",140.157897949219,-37.6262474060059,0.2,1.22,3.41,13.96,10.01,21.79,2.43,2.15,2.87
"SA","Wattle Range",140.157897949219,-37.5845642089844,0.2,1.23,3.38,12.65,9.19,19.37,2.5,2.2,2.98
"VIC","East Gippsland",149.842086791992,-37.5845642089844,0.2,1.43,2.79,87.21,44.28,230.73,2.82,2.43,3.46
"VIC","Unincorporated Vic",149.894729614258,-37.5845642089844,0.2,1.42,2.78,90.93,46.04,240.99,2.84,2.44,3.5
"SA","Wattle Range",140.105255126953,-37.542854309082,0.2,1.23,3.37,12.56,9.15,19.19,2.51,2.21,2.99
"VIC","East Gippsland",149.947372436523,-37.542854309082,0.2,1.42,2.65,95.8,48.33,254.54,3,2.55,3.76
"SA","Wattle Range",140.052627563477,-37.5011253356934,0.2,1.23,3.37,12.17,8.91,18.46,2.52,2.22,3
"NSW","Bega Valley",150,-37.5011253356934,0.2,1.42,2.93,94.26,47.94,246.72,2.75,2.38,3.36
"SA","Wattle Range",139.947357177734,-37.4593696594238,0.2,1.22,3.51,13.22,9.56,20.36,2.36,2.1,2.78
"SA","Wattle Range",140,-37.4593696594238,0.2,1.23,3.66,12.01,8.81,18.16,2.26,2.01,2.64
"SA","Wattle Range",140.052627563477,-37.4593696594238,0.2,1.24,3.67,10.83,8.05,16.08,2.24,2,2.61
"NSW","Bega Valley",150,-37.4593696594238,0.2,1.42,2.73,98.17,49.45,261.07,2.92,2.5,3.63
"SA","Wattle Range",139.894729614258,-37.4175910949707,0.2,1.23,3.51,12.11,8.86,18.39,2.34,2.08,2.74
"NSW","Bega Valley",150,-37.4175910949707,0.2,1.42,2.61,101.05,50.63,270.97,3,2.55,3.76
"SA","Wattle Range",139.894729614258,-37.375789642334,0.2,1.24,3.56,10.4,7.76,15.36,2.26,2.02,2.63
"NSW","Bega Valley",150,-37.375789642334,0.2,1.42,2.61,103.04,51.46,277.67,2.99,2.55,3.76
"SA","Wattle Range",139.894729614258,-37.3339653015137,0.2,1.25,3.38,9.45,7.14,13.74,2.47,2.18,2.92
"NSW","Bega Valley",150,-37.3339653015137,0.2,1.42,2.56,104.88,52.22,283.92,2.9,2.48,3.62
"SA","Robe",139.842102050781,-37.292106628418,0.2,1.25,3.38,9.33,7.06,13.52,2.45,2.17,2.9
"NSW","Bega Valley",150,-37.2921180725098,0.2,1.42,2.33,105.51,52.46,286.3,3.42,2.86,4.41
"SA","Robe",139.842086791992,-37.250244140625,0.2,1.26,3.52,8.75,6.67,12.55,2.31,2.06,2.7
"NSW","Bega Valley",150.052627563477,-37.250244140625,0.2,1.42,2.61,99.04,50.15,260.39,3.05,2.59,3.85
"SA","Robe",139.789474487305,-37.2083511352539,0.2,1.25,3.52,9.03,6.87,13.02,2.32,2.07,2.72
"NSW","Bega Valley",150.052627563477,-37.2083511352539,0.2,1.42,2.59,98.55,49.96,258.58,2.86,2.44,3.59
"SA","Robe",139.736831665039,-37.166431427002,0.2,1.59,3.82,8.78,6.7,12.6,2.23,2,2.59
"NSW","Bega Valley",150.052627563477,-37.166431427002,0.2,1.42,2.6,96.17,49.01,250.34,2.82,2.41,3.53
"SA","Robe",139.736831665039,-37.1244926452637,0.2,1.6,3.83,7.86,6.08,11.07,2.21,1.98,2.56
"NSW","Bega Valley",150,-37.1244926452637,0.2,1.42,2.31,96.22,48.9,251.86,3.81,3.09,5.16
"SA","Robe",139.736846923828,-37.0825271606445,0.2,1.61,3.83,7.26,5.67,10.09,2.19,1.97,2.53
"SA","Robe",139.684204101562,-37.0405387878418,0.2,1.62,3.85,6.53,5.17,8.93,2.14,1.94,2.46
"NSW","Bega Valley",149.947372436523,-37.04052734375,0.2,1.42,2.18,95.25,48.45,249,3.57,2.95,4.68
"SA","Kingston (SA)",139.684204101562,-36.9985275268555,0.2,1.65,3.87,5.56,4.48,7.42,2.09,1.9,2.4
"NSW","Bega Valley",149.947372436523,-36.9985160827637,0.2,1.42,2.51,94.08,47.96,245.19,2.8,2.4,3.49
"NSW","Bega Valley",149.947372436523,-36.9564819335938,0.2,1.42,2.22,93.16,47.57,242.25,3.62,2.98,4.79
"SA","Kingston (SA)",139.684204101562,-36.914436340332,0.2,1.67,3.68,4.86,3.97,6.36,2.08,1.88,2.38
"NSW","Bega Valley",149.947372436523,-36.914436340332,0.2,1.42,2.22,92.69,47.35,240.9,3.62,2.98,4.78
"SA","Kingston (SA)",139.736831665039,-36.8723564147949,0.2,1.68,3.68,4.51,3.72,5.84,2.07,1.87,2.37
"SA","Kingston (SA)",139.789474487305,-36.8723564147949,0.2,1.69,3.68,4.3,3.57,5.53,2.06,1.87,2.36
"SA","Kingston (SA)",139.842086791992,-36.8723564147949,0.2,1.7,3.69,4.09,3.42,5.22,2.05,1.86,2.35
"NSW","Bega Valley",149.947372436523,-36.8723564147949,0.2,1.42,2.36,93.08,47.52,242.05,2.81,2.41,3.49
"SA","Kingston (SA)",139.842086791992,-36.8302536010742,0.2,1.7,3.55,4.08,3.41,5.2,2.09,1.89,2.42
"NSW","Bega Valley",150,-36.8302536010742,0.2,1.42,2.48,95.08,48.35,248.77,2.73,2.35,3.38
"SA","Kingston (SA)",139.842086791992,-36.7881240844727,0.2,1.7,3.56,4.08,3.41,5.2,2.09,1.89,2.41
"NSW","Bega Valley",150,-36.7881240844727,0.2,1.42,2.48,95.5,48.52,250.25,2.73,2.35,3.37
"SA","Kingston (SA)",139.842086791992,-36.7459754943848,0.2,1.7,3.56,4.08,3.41,5.2,2.08,1.88,2.4
NA,"Bega Valley",150.052627563477,-36.7459754943848,0.2,1.41,2.61,98.05,49.65,258.12,2.55,2.22,3.09
"SA","Kingston (SA)",139.842102050781,-36.7037887573242,0.2,1.71,3.56,4.04,3.38,5.13,2.08,1.88,2.39
"NSW","Bega Valley",150.052627563477,-36.703800201416,0.2,1.41,2.61,100.37,50.6,266.01,2.54,2.22,3.09
"SA","Kingston (SA)",139.842102050781,-36.6616058349609,0.2,1.71,3.6,3.98,3.34,5.05,2.04,1.84,2.34
"NSW","Bega Valley",150.052627563477,-36.6616058349609,0.2,1.41,2.6,102.43,51.46,272.86,2.52,2.2,3.05
"SA","Kingston (SA)",139.789474487305,-36.619384765625,0.2,1.71,3.62,3.96,3.32,5,2.02,1.83,2.32
"NSW","Bega Valley",150.052627563477,-36.619384765625,0.2,1.41,2.52,103.15,51.78,275,2.6,2.26,3.18
"SA","Kingston (SA)",139.789474487305,-36.5771408081055,0.2,1.72,3.62,3.85,3.24,4.84,2.01,1.82,2.3
"NSW","Bega Valley",150.105270385742,-36.5771408081055,0.2,1.41,2.72,113.75,56.21,310.38,2.43,2.14,2.91
"SA","Kingston (SA)",139.789474487305,-36.5348777770996,0.2,1.72,3.62,3.78,3.19,4.74,2,1.81,2.28
"NSW","Bega Valley",150.105270385742,-36.5348739624023,0.2,1.41,2.7,116.31,57.24,319.37,2.43,2.14,2.91
"SA","Kingston (SA)",139.789474487305,-36.4925880432129,0.2,1.73,3.62,3.71,3.14,4.64,1.99,1.81,2.27
"NSW","Bega Valley",150.105270385742,-36.4925880432129,0.2,1.41,2.68,119.63,58.58,330.95,2.42,2.13,2.89
"SA","Kingston (SA)",139.789474487305,-36.4502754211426,0.2,1.73,3.63,3.67,3.11,4.57,1.99,1.81,2.27
"NSW","Bega Valley",150.105270385742,-36.4502639770508,0.2,1.41,2.68,123.06,59.99,342.78,2.41,2.12,2.89
"SA","Kingston (SA)",139.789474487305,-36.4079399108887,0.2,1.73,3.69,3.64,3.09,4.54,1.93,1.77,2.19
"SA","Kingston (SA)",139.736846923828,-36.3655700683594,0.2,1.72,3.68,3.75,3.18,4.69,1.91,1.75,2.16
"NSW","Eurobodalla",150.105270385742,-36.3655815124512,0.2,1.41,2.61,130.3,62.91,368.12,2.43,2.14,2.91
"SA","Kingston (SA)",139.736831665039,-36.3232002258301,0.2,1.72,3.68,3.75,3.17,4.69,1.9,1.74,2.14
"NSW","Eurobodalla",150.157897949219,-36.3232002258301,0.2,1.4,2.61,145.04,68.8,420.67,2.42,2.13,2.9
"SA","Kingston (SA)",139.684204101562,-36.2807922363281,0.2,1.71,3.68,3.89,3.27,4.89,1.9,1.74,2.14
"NSW","Eurobodalla",150.157897949219,-36.2807922363281,0.2,1.4,2.72,152.05,71.52,446.83,2.38,2.1,2.84
"SA","Coorong",139.684204101562,-36.2383651733398,0.2,1.72,3.68,3.88,3.27,4.88,1.9,1.74,2.14
"NSW","Eurobodalla",150.157897949219,-36.2383651733398,0.2,1.4,2.72,160.65,74.85,478.81,2.38,2.1,2.84
"SA","Coorong",139.631576538086,-36.195915222168,0.2,1.71,3.65,4.04,3.39,5.11,1.9,1.74,2.14
"NSW","Eurobodalla",150.157897949219,-36.195915222168,0.2,1.4,2.68,168.8,77.96,509.96,2.46,2.16,2.96
"SA","Coorong",139.631576538086,-36.1534423828125,0.2,1.71,3.65,4.04,3.39,5.12,1.9,1.74,2.14
"NSW","Eurobodalla",150.157897949219,-36.1534423828125,0.2,1.4,2.32,176.27,80.76,539.1,3.17,2.67,4.04
"SA","Coorong",139.57893371582,-36.1109466552734,0.2,1.7,3.64,4.16,3.48,5.29,1.92,1.76,2.16
"NSW","Eurobodalla",150.157897949219,-36.1109466552734,0.2,1.4,2.32,183.15,83.32,566.34,3.16,2.66,4.03
"SA","Kangaroo Island",136.894729614258,-36.0684242248535,0.2,2.08,3.79,9,6.85,12.95,2.7,2.34,3.32
"SA","Kangaroo Island",136.947372436523,-36.0684242248535,0.2,2.08,3.79,8.87,6.76,12.74,2.71,2.35,3.33
"SA","Kangaroo Island",137,-36.0684242248535,0.2,2.08,3.82,8.84,6.74,12.71,2.67,2.32,3.26
"SA","Kangaroo Island",137.052627563477,-36.0684242248535,0.2,2.08,3.87,8.89,6.77,12.8,2.62,2.28,3.18
"SA","Kangaroo Island",137.105270385742,-36.0684242248535,0.2,2.08,3.89,9,6.83,13,2.62,2.28,3.18
"SA","Kangaroo Island",137.157897949219,-36.0684242248535,0.2,2.08,3.89,9.08,6.88,13.14,2.61,2.27,3.17
"SA","Kangaroo Island",137.421051025391,-36.0684242248535,0.2,2.08,3.91,8.97,6.83,12.91,2.65,2.31,3.23
"SA","Kangaroo Island",137.473678588867,-36.0684242248535,0.2,1.59,3.27,8.96,6.82,12.87,2.83,2.43,3.49
"SA","Kangaroo Island",137.526321411133,-36.0684242248535,0.2,1.59,3.07,8.99,6.85,12.93,3.02,2.57,3.78
"SA","Kangaroo Island",137.578948974609,-36.0684242248535,0.2,1.59,3.18,9.06,6.89,13.03,2.87,2.47,3.56
"SA","Coorong",139.578948974609,-36.0684127807617,0.2,1.7,3.56,4.11,3.44,5.21,1.99,1.81,2.25
"NSW","Eurobodalla",150.157897949219,-36.0684242248535,0.2,1.38,2.42,188.26,85.19,587.07,2.58,2.24,3.15
"SA","Kangaroo Island",136.684204101562,-36.0258827209473,0.2,2.08,4.4,8.8,6.71,12.62,2.11,1.9,2.43
"SA","Kangaroo Island",136.736846923828,-36.0258827209473,0.2,2.08,3.87,8.71,6.65,12.45,2.59,2.26,3.15
"SA","Kangaroo Island",136.789474487305,-36.0258827209473,0.2,2.08,3.72,8.56,6.56,12.2,2.76,2.38,3.41
"SA","Kangaroo Island",136.842102050781,-36.0258827209473,0.2,2.08,3.79,8.39,6.45,11.9,2.66,2.31,3.25
"SA","Kangaroo Island",137.263153076172,-36.0258827209473,0.2,2.08,3.51,8.43,6.46,12.01,3.1,2.63,3.89
"SA","Kangaroo Island",137.315795898438,-36.0258827209473,0.2,2.09,3.9,8.22,6.33,11.63,2.6,2.27,3.14
"SA","Kangaroo Island",137.368423461914,-36.0258827209473,0.2,2.09,3.92,7.96,6.16,11.19,2.62,2.28,3.17
"SA","Kangaroo Island",137.631576538086,-36.0258827209473,0.2,1.59,2.69,8.89,6.78,12.74,3.53,2.93,4.58
"SA","Coorong",139.578948974609,-36.0258827209473,0.2,1.7,3.57,4.08,3.42,5.16,1.98,1.81,2.25
"NSW","Eurobodalla",150.157897949219,-36.0258827209473,0.2,1.38,2.69,191.21,86.29,598.67,2.34,2.07,2.79
"SA","Kangaroo Island",136.631576538086,-35.9833145141602,0.2,2.09,4.59,8.14,6.26,11.54,1.98,1.8,2.26
"SA","Kangaroo Island",137.631576538086,-35.9833145141602,0.2,1.59,2.7,8.77,6.7,12.55,3.49,2.91,4.53
"SA","Coorong",139.526321411133,-35.9833145141602,0.2,1.7,3.56,4.14,3.47,5.25,1.99,1.81,2.26
"NSW","Eurobodalla",150.210525512695,-35.9833030700684,0.2,1.38,2.69,193.67,87.15,609.31,2.34,2.07,2.8
"SA","Kangaroo Island",136.578948974609,-35.9407272338867,0.2,2.09,4.64,7.79,6.02,10.99,1.93,1.76,2.18
"SA","Kangaroo Island",137.631576538086,-35.9407272338867,0.2,1.59,2.3,8.69,6.65,12.4,4.77,3.76,6.73
"SA","Coorong",139.421051025391,-35.9407272338867,0.2,1.69,3.53,4.31,3.59,5.49,2.06,1.86,2.35
"SA","Coorong",139.473678588867,-35.9407272338867,0.2,1.7,3.54,4.2,3.51,5.33,2.04,1.85,2.34
"NSW","Eurobodalla",150.210525512695,-35.9407157897949,0.2,1.38,2.67,194.65,87.48,613.67,2.35,2.07,2.79
"SA","Kangaroo Island",136.526321411133,-35.8981170654297,0.2,1.75,4.17,7.39,5.75,10.35,1.87,1.72,2.1
"SA","Kangaroo Island",137.684204101562,-35.8981170654297,0.2,1.59,2.31,8.48,6.51,12.07,4.68,3.69,6.57
"SA","Kangaroo Island",137.736831665039,-35.8981170654297,0.2,1.6,2.64,8.37,6.43,11.89,3.66,3.01,4.83
"SA","Kangaroo Island",137.789474487305,-35.8981170654297,0.2,1.6,2.42,8.29,6.38,11.76,4.23,3.4,5.8
"SA","Kangaroo Island",137.842086791992,-35.8981170654297,0.2,1.6,2.67,8.17,6.3,11.56,3.53,2.94,4.6
"SA","Kangaroo Island",137.894729614258,-35.8981170654297,0.2,1.6,2.68,8,6.18,11.28,3.52,2.93,4.58
"SA","Kangaroo Island",137.947357177734,-35.8981170654297,0.2,1.6,3.06,7.78,6.03,10.91,2.82,2.43,3.48
"SA","Kangaroo Island",138,-35.8981170654297,0.2,1.61,3.09,7.62,5.92,10.65,2.78,2.4,3.42
"SA","Kangaroo Island",138.052627563477,-35.8981170654297,0.2,1.61,3.08,7.49,5.83,10.45,2.77,2.4,3.41
"SA","Kangaroo Island",138.105255126953,-35.8981170654297,0.2,1.61,2.43,7.34,5.73,10.22,4.09,3.31,5.55
"SA","Coorong",139.368408203125,-35.8981170654297,0.2,1.7,3.48,4.23,3.53,5.37,2.12,1.91,2.45
"NSW","Eurobodalla",150.210525512695,-35.8981170654297,0.2,1.38,2.64,196.02,87.98,619.29,2.27,2.02,2.67
"SA","Kangaroo Island",136.526321411133,-35.8554801940918,0.2,1.75,4.18,6.93,5.43,9.59,1.85,1.71,2.08
"SA","Kangaroo Island",138.157897949219,-35.8554801940918,0.2,1.62,2.44,6.95,5.46,9.61,4,3.25,5.39
"SA","Coorong",139.315780639648,-35.8554801940918,0.2,1.69,3.4,4.28,3.57,5.45,2.21,1.98,2.58
"NSW","Eurobodalla",150.210525512695,-35.8554801940918,0.2,1.38,2.64,199.4,89.22,632.9,2.26,2.01,2.66
"SA","Kangaroo Island",136.526321411133,-35.8128242492676,0.2,1.75,4.13,6.88,5.39,9.52,1.8,1.66,2.01
"SA","Kangaroo Island",138.157897949219,-35.8128242492676,0.2,1.62,2.04,6.64,5.24,9.09,5.21,4.16,7.12
"SA","Coorong",139.263153076172,-35.8128242492676,0.2,1.69,3.29,4.4,3.65,5.62,2.3,2.05,2.71
"NSW","Eurobodalla",150.263153076172,-35.8128242492676,0.2,1.38,2.79,199.6,89.36,632.79,2.14,1.92,2.49
"SA","Kangaroo Island",136.526321411133,-35.7701416015625,0.2,1.75,4.13,6.95,5.44,9.64,1.79,1.66,2
"SA","Kangaroo Island",138.105270385742,-35.7701301574707,0.2,1.64,2.04,5.93,4.75,7.95,5.13,4.11,6.96
"SA","Coorong",139.210525512695,-35.7701416015625,0.2,1.68,3.29,4.48,3.71,5.76,2.29,2.04,2.69
"NSW","Eurobodalla",150.263153076172,-35.7701416015625,0.2,1.38,2.8,202.17,90.3,643.16,2.13,1.91,2.47
"SA","Kangaroo Island",136.57893371582,-35.7274398803711,0.2,1.76,3.79,6.81,5.34,9.43,1.84,1.69,2.05
"SA","Kangaroo Island",136.631576538086,-35.7274398803711,0.2,2.11,4.15,6.7,5.26,9.25,1.83,1.69,2.04
"SA","Kangaroo Island",138.105270385742,-35.7274398803711,0.2,1.66,2.1,5.03,4.13,6.53,3.95,3.28,5.07
"SA","Yankalilla",138.157897949219,-35.7274398803711,0.2,1.65,2.1,5.34,4.34,7.04,4.02,3.34,5.18
"SA","Yankalilla",138.210510253906,-35.7274398803711,0.2,1.64,2.09,5.77,4.64,7.7,4.11,3.4,5.31
"SA","Coorong",139.157897949219,-35.7274398803711,0.2,1.68,3.18,4.55,3.76,5.86,2.42,2.13,2.88
"NSW","Eurobodalla",150.315795898438,-35.7274398803711,0.2,1.38,2.92,206.65,92.02,660.22,2.04,1.84,2.35
"SA","Kangaroo Island",136.684204101562,-35.6847114562988,0.2,2.11,4.15,6.57,5.18,9.03,1.84,1.7,2.06
"SA","Kangaroo Island",136.736846923828,-35.684700012207,0.2,2.12,3.96,6.41,5.07,8.77,1.83,1.69,2.05
"SA","Kangaroo Island",136.789474487305,-35.6847114562988,0.2,2.12,3.84,6.23,4.95,8.49,1.82,1.68,2.02
"SA","Kangaroo Island",137.631576538086,-35.6847114562988,0.2,2.17,3.05,4.52,3.75,5.79,2.2,1.99,2.53
"SA","Kangaroo Island",137.684204101562,-35.6847114562988,0.2,2.18,3,4.44,3.69,5.68,2.28,2.05,2.64
"SA","Kangaroo Island",137.736846923828,-35.684700012207,0.2,2.18,2.92,4.38,3.64,5.59,2.41,2.15,2.83
"SA","Kangaroo Island",137.789474487305,-35.6847114562988,0.2,2.18,2.93,4.31,3.59,5.49,2.4,2.14,2.8
"SA","Kangaroo Island",137.842102050781,-35.684700012207,0.2,1.7,2.43,4.24,3.54,5.39,2.43,2.16,2.85
"SA","Kangaroo Island",137.894729614258,-35.6847114562988,0.2,1.7,2.34,4.17,3.49,5.3,2.61,2.3,3.12
"SA","Kangaroo Island",138,-35.6847114562988,0.2,1.7,2.27,4.07,3.42,5.15,2.78,2.42,3.37
"SA","Kangaroo Island",138.052627563477,-35.6847114562988,0.2,1.7,2.26,4.11,3.45,5.17,2.82,2.46,3.42
"SA","Yankalilla",138.105270385742,-35.6847114562988,0.2,1.69,2.25,4.28,3.59,5.41,2.99,2.59,3.64
"SA","Yankalilla",138.263153076172,-35.6847114562988,0.2,1.64,2.74,5.86,4.7,7.85,3.12,2.64,3.96
"SA","Yankalilla",138.315795898438,-35.6847114562988,0.2,1.64,2.9,5.81,4.67,7.78,2.87,2.46,3.56
"SA","Yankalilla",138.368423461914,-35.6847114562988,0.2,1.64,2.9,5.78,4.64,7.74,2.86,2.45,3.54
"SA","Yankalilla",138.421051025391,-35.6847114562988,0.2,1.64,2.78,5.73,4.61,7.67,3.07,2.6,3.86
"SA","Victor Harbor",138.473678588867,-35.6847114562988,0.2,1.64,2.78,5.71,4.59,7.64,3.07,2.61,3.87
"SA","Victor Harbor",138.526321411133,-35.6847114562988,0.2,1.64,2.85,5.72,4.59,7.66,2.97,2.53,3.72
"SA","Coorong",139.105270385742,-35.6847114562988,0.2,1.67,3.18,4.7,3.87,6.1,2.45,2.15,2.92
"NSW","Eurobodalla",150.315795898438,-35.6847114562988,0.2,1.38,2.83,209.43,93.06,671.22,2.07,1.87,2.4
"SA","Kangaroo Island",136.842086791992,-35.6419639587402,0.2,2.12,3.73,6.05,4.83,8.17,1.83,1.69,2.04
"SA","Kangaroo Island",136.894729614258,-35.6419639587402,0.2,2.13,3.74,5.82,4.67,7.79,1.82,1.68,2.02
"SA","Kangaroo Island",136.947357177734,-35.6419639587402,0.2,2.13,3.52,5.64,4.55,7.51,1.88,1.73,2.11
"SA","Kangaroo Island",137,-35.6419639587402,0.2,2.14,3.27,5.45,4.42,7.2,2.01,1.83,2.28
"SA","Kangaroo Island",137.052627563477,-35.6419639587402,0.2,2.14,3.51,5.26,4.28,6.9,1.92,1.76,2.16
"SA","Kangaroo Island",137.105255126953,-35.6419639587402,0.2,2.15,3.44,5.09,4.16,6.64,1.92,1.76,2.16
"SA","Kangaroo Island",137.631576538086,-35.6419639587402,0.2,2.17,3.04,4.54,3.76,5.82,2.21,1.99,2.54
"SA","Yankalilla",138.052627563477,-35.6419639587402,0.2,1.71,2.27,3.99,3.36,5.03,2.75,2.39,3.32
"SA","Victor Harbor",138.578948974609,-35.6419639587402,0.2,1.64,2.88,5.78,4.64,7.77,2.93,2.5,3.66
"SA","Coorong",139.052627563477,-35.6419639587402,0.2,1.67,3.04,4.87,3.98,6.38,2.68,2.32,3.27
"NSW","Shoalhaven",150.368423461914,-35.6419639587402,0.2,1.38,3,212.17,94.04,682.79,1.99,1.81,2.29
"SA","Kangaroo Island",137.157897949219,-35.5991897583008,0.2,2.15,3.44,4.94,4.06,6.4,1.92,1.76,2.17
"SA","Kangaroo Island",137.631576538086,-35.5991897583008,0.2,2.17,3.04,4.55,3.77,5.84,2.21,2,2.54
"SA","Coorong",139.052627563477,-35.5991897583008,0.2,1.67,3.05,4.84,3.95,6.35,2.67,2.32,3.27
"NSW","Shoalhaven",150.421051025391,-35.5991897583008,0.2,1.38,2.9,220.52,97.16,715.73,2.06,1.86,2.38
"SA","Kangaroo Island",137.210525512695,-35.5563850402832,0.2,2.15,3.45,4.96,4.08,6.42,1.96,1.79,2.21
"SA","Kangaroo Island",137.263153076172,-35.556396484375,0.2,2.15,3.34,5.05,4.14,6.55,1.99,1.82,2.26
"SA","Kangaroo Island",137.315795898438,-35.5563850402832,0.2,2.15,3.27,5.08,4.17,6.6,2.03,1.85,2.3
"SA","Kangaroo Island",137.368423461914,-35.5563850402832,0.2,2.15,3.21,5.06,4.15,6.58,2.06,1.87,2.34
"SA","Kangaroo Island",137.421051025391,-35.556396484375,0.2,2.15,3.21,5,4.1,6.5,2.05,1.87,2.33
"SA","Kangaroo Island",137.473678588867,-35.5563850402832,0.2,2.16,3.15,4.88,4.02,6.33,2.11,1.91,2.4
"SA","Kangaroo Island",137.526321411133,-35.556396484375,0.2,2.16,3.1,4.74,3.91,6.12,2.17,1.96,2.48
"SA","Kangaroo Island",137.578948974609,-35.5563850402832,0.2,2.17,3.04,4.57,3.78,5.86,2.21,2,2.54
"SA","Yankalilla",138.052627563477,-35.556396484375,0.2,1.7,2.46,4.06,3.4,5.14,2.38,2.12,2.79
"SA","Alexandrina",138.684204101562,-35.556396484375,0.2,1.64,2.61,5.74,4.6,7.73,3.46,2.88,4.49
"SA","Alexandrina",138.736846923828,-35.556396484375,0.2,1.64,2.65,5.61,4.51,7.53,3.35,2.8,4.31
"SA","Coorong",139.052627563477,-35.556396484375,0.2,1.67,3.05,4.81,3.93,6.32,2.67,2.32,3.26
"NSW","Shoalhaven",150.421051025391,-35.556396484375,0.2,1.38,2.79,221.41,97.44,720,2.12,1.9,2.48
"SA","Yankalilla",138.105270385742,-35.5135650634766,0.2,1.7,2.47,4.09,3.42,5.19,2.35,2.09,2.74
"SA","Alexandrina",138.789474487305,-35.5135765075684,0.2,1.65,2.78,5.43,4.38,7.24,3.09,2.62,3.9
"SA","Alexandrina",138.842102050781,-35.5135765075684,0.2,1.65,2.78,5.32,4.3,7.07,3.08,2.61,3.89
"SA","Alexandrina",138.894729614258,-35.5135765075684,0.2,1.66,2.78,5.21,4.22,6.91,3.08,2.61,3.88
"SA","Coorong",139.105270385742,-35.5135650634766,0.2,1.68,3.05,4.57,3.75,5.99,2.66,2.31,3.24
"NSW","Shoalhaven",150.421051025391,-35.5135765075684,0.2,1.38,2.79,223.58,98.25,728.66,2.12,1.9,2.47
"SA","Yankalilla",138.157897949219,-35.4707374572754,0.2,1.7,2.54,4.06,3.4,5.14,2.21,1.99,2.55
"SA","Yankalilla",138.263153076172,-35.4707374572754,0.2,1.71,2.53,3.94,3.31,4.98,2.18,1.97,2.51
"SA","Alexandrina",138.947372436523,-35.4707260131836,0.2,1.67,2.79,4.93,4.01,6.53,3.04,2.58,3.82
"SA","Coorong",139.157897949219,-35.4707374572754,0.2,1.69,3.06,4.35,3.59,5.64,2.63,2.29,3.19
"SA","Coorong",139.210525512695,-35.4707260131836,0.2,1.7,3.06,4.21,3.49,5.43,2.6,2.27,3.16
"SA","Coorong",139.263153076172,-35.4707374572754,0.2,1.7,3.07,4.09,3.4,5.25,2.58,2.25,3.12
"NSW","Shoalhaven",150.421051025391,-35.4707374572754,0.2,1.38,2.9,221.71,97.55,721.21,2.06,1.85,2.38
"SA","Yankalilla",138.263153076172,-35.4278717041016,0.2,1.71,2.53,3.93,3.31,4.96,2.18,1.97,2.51
"SA","Alexandrina",138.947372436523,-35.4278717041016,0.2,1.67,2.79,4.85,3.95,6.42,3.02,2.57,3.79
"SA","Coorong",139.315780639648,-35.4278717041016,0.2,1.71,3.07,4.05,3.37,5.2,2.56,2.24,3.1
"NSW","Shoalhaven",150.473678588867,-35.4278717041016,0.2,1.41,2.83,229.09,100.3,750.54,2.12,1.9,2.47
"SA","Yankalilla",138.315780639648,-35.3849868774414,0.2,1.72,2.53,3.88,3.27,4.88,2.17,1.96,2.5
"SA","Alexandrina",139,-35.3849868774414,0.2,1.68,2.8,4.67,3.82,6.15,2.98,2.54,3.73
"SA","Alexandrina",139.052627563477,-35.3849868774414,0.2,1.68,3.06,4.55,3.73,5.96,2.66,2.31,3.25
"SA","Alexandrina",139.105255126953,-35.3849868774414,0.2,1.69,3.06,4.43,3.64,5.77,2.64,2.3,3.22
"SA","Murray Bridge",139.315780639648,-35.3849868774414,0.2,1.71,3.08,4.03,3.35,5.17,2.56,2.24,3.09
"NSW","Shoalhaven",150.473678588867,-35.3849868774414,0.2,1.41,2.83,227.98,99.95,745.1,2.11,1.89,2.46
"SA","Yankalilla",138.368423461914,-35.3420639038086,0.2,1.72,2.57,3.81,3.21,4.77,2.08,1.89,2.36
"SA","Murray Bridge",139.157897949219,-35.3420753479004,0.2,1.69,3.07,4.25,3.51,5.5,2.61,2.27,3.17
"SA","Murray Bridge",139.210525512695,-35.3420753479004,0.2,1.7,3.07,4.16,3.45,5.37,2.59,2.26,3.15
"SA","Murray Bridge",139.263153076172,-35.3420753479004,0.2,1.7,3.07,4.07,3.38,5.23,2.58,2.25,3.12
"NSW","Shoalhaven",150.473678588867,-35.3420753479004,0.2,1.41,2.89,224.16,98.59,729,2.07,1.86,2.41
"SA","Yorke Peninsula",136.894729614258,-35.299144744873,0.2,2.13,4.01,5.63,4.53,7.52,1.89,1.73,2.12
"SA","Yorke Peninsula",136.947372436523,-35.299144744873,0.2,2.14,3.72,5.48,4.43,7.27,1.98,1.8,2.24
"SA","Onkaparinga",138.421051025391,-35.299144744873,0.2,1.73,2.59,3.72,3.15,4.65,2.02,1.84,2.28
"NSW","Shoalhaven",150.526321411133,-35.299144744873,0.2,1.41,2.75,223.54,98.27,727.95,2.17,1.94,2.55
"SA","Yorke Peninsula",136.842102050781,-35.256175994873,0.2,2.13,4.16,5.66,4.54,7.58,1.85,1.7,2.08
"SA","Yorke Peninsula",137,-35.2561874389648,0.2,2.15,3.56,5.2,4.24,6.83,2.02,1.84,2.3
"SA","Yorke Peninsula",137.052627563477,-35.2561874389648,0.2,2.15,3.07,5.05,4.13,6.6,2.32,2.07,2.7
"SA","Yorke Peninsula",137.105270385742,-35.2561874389648,0.2,2.15,3.08,4.94,4.06,6.42,2.31,2.07,2.69
"SA","Yorke Peninsula",137.157897949219,-35.2561874389648,0.2,2.16,3.08,4.93,4.05,6.4,2.3,2.06,2.67
"SA","Onkaparinga",138.421051025391,-35.2561874389648,0.2,1.73,2.59,3.72,3.15,4.65,2.02,1.84,2.28
"NSW","Shoalhaven",150.578948974609,-35.256175994873,0.2,1.41,2.93,235.31,102.61,775.35,2.04,1.84,2.37
"SA","Yorke Peninsula",136.842102050781,-35.2131996154785,0.2,2.13,4.06,5.59,4.49,7.48,1.87,1.72,2.1
"SA","Yorke Peninsula",137.210525512695,-35.2132110595703,0.2,2.16,3.09,4.93,4.05,6.38,2.28,2.05,2.64
"SA","Onkaparinga",138.421051025391,-35.2132110595703,0.2,2.49,3.35,3.72,3.15,4.64,2.01,1.84,2.28
"NSW","Shoalhaven",150.578948974609,-35.2132110595703,0.2,1.41,2.62,227.3,99.62,743.63,2.37,2.09,2.84
"NSW","Shoalhaven",150.631576538086,-35.2132110595703,0.2,1.41,2.61,235.09,102.66,772.39,2.38,2.09,2.85
"NSW","Unincorp. Other Territories",150.684204101562,-35.2132110595703,0.2,1.41,2.86,245.57,106.71,811.74,2.15,1.92,2.53
"NSW","Unincorp. Other Territories",150.736846923828,-35.2132110595703,0.2,1.41,3.06,267.58,114.82,900.32,2.01,1.81,2.33
"WASouth","Albany",117.57893371582,-35.1702117919922,0.2,1.22,3.71,11.56,8.54,17.31,1.81,1.68,2
"WASouth","Albany",117.631576538086,-35.1702117919922,0.2,1.22,3.71,11.7,8.64,17.53,1.81,1.68,2
"SA","Yorke Peninsula",136.842086791992,-35.1702117919922,0.2,2.14,3.69,5.55,4.46,7.43,1.93,1.77,2.17
"SA","Yorke Peninsula",137.263153076172,-35.1702117919922,0.2,2.16,3.1,4.87,4.01,6.29,2.26,2.03,2.61
"SA","Yorke Peninsula",137.315780639648,-35.1702117919922,0.2,2.16,3.09,4.78,3.95,6.17,2.24,2.01,2.58
"SA","Yorke Peninsula",137.368408203125,-35.1702117919922,0.2,2.16,3.1,4.71,3.89,6.06,2.22,2,2.56
"SA","Yorke Peninsula",137.57893371582,-35.1702117919922,0.2,2.17,3.11,4.6,3.81,5.91,2.11,1.92,2.41
"SA","Yorke Peninsula",137.631576538086,-35.1702117919922,0.2,2.17,3.12,4.55,3.77,5.84,2.08,1.89,2.36
"SA","Yorke Peninsula",137.684204101562,-35.1702117919922,0.2,2.17,3.11,4.5,3.73,5.77,2.04,1.86,2.31
"NSW","Unincorp. Other Territories",150.789474487305,-35.1702117919922,0.2,1.41,3.13,292.45,124.16,997.5,2.01,1.81,2.32
"WASouth","Albany",117.526313781738,-35.1271858215332,0.2,1.23,3.62,9.98,7.5,14.59,1.82,1.69,2.01
"WASouth","Albany",117.684211730957,-35.1271858215332,0.2,1.21,3.38,12.17,8.95,18.29,1.92,1.77,2.14
"WASouth","Albany",117.842102050781,-35.1271858215332,0.2,1.21,3.45,12.15,8.94,18.25,1.9,1.75,2.12
"WASouth","Albany",117.947364807129,-35.1271858215332,0.2,1.21,3.33,12.63,9.25,19.1,1.96,1.8,2.19
"SA","Yorke Peninsula",136.894729614258,-35.1271858215332,0.2,2.14,3.7,5.3,4.29,7.04,1.9,1.74,2.13
"SA","Yorke Peninsula",137.421051025391,-35.1271858215332,0.2,2.16,3.11,4.69,3.88,6.03,2.19,1.97,2.51
"SA","Yorke Peninsula",137.473678588867,-35.1271858215332,0.2,2.17,3.12,4.6,3.81,5.91,2.16,1.95,2.48
"SA","Yorke Peninsula",137.526321411133,-35.1271858215332,0.2,2.17,3.12,4.52,3.75,5.79,2.14,1.94,2.44
"SA","Yorke Peninsula",137.736846923828,-35.1271858215332,0.2,2.18,2.97,4.42,3.67,5.65,2.2,1.99,2.52
"SA","Onkaparinga",138.421051025391,-35.1271858215332,0.2,2.49,3.35,3.68,3.12,4.58,2.01,1.84,2.28
"NSW","Unincorp. Other Territories",150.789474487305,-35.1271858215332,0.2,1.41,2.88,287.21,122.51,971.88,2.17,1.94,2.56
NA,"Manjimup",116.526313781738,-35.0841407775879,0.2,1.24,3.8,8.73,6.65,12.53,1.83,1.69,2.02
"WASouth","Manjimup",116.578948974609,-35.0841407775879,0.2,1.24,3.65,8.57,6.55,12.26,1.87,1.73,2.08
"WASouth","Manjimup",116.631576538086,-35.0841407775879,0.2,1.25,3.66,8.4,6.44,11.97,1.86,1.72,2.07
"WASouth","Manjimup",116.684211730957,-35.0841407775879,0.2,1.25,3.48,8.48,6.5,12.1,1.9,1.75,2.12
"WASouth","Denmark",116.842102050781,-35.0841407775879,0.2,1.24,3.26,8.61,6.59,12.29,1.98,1.82,2.23
"WASouth","Denmark",116.894737243652,-35.0841407775879,0.2,1.24,3.27,8.64,6.61,12.33,1.98,1.81,2.22
"WASouth","Denmark",116.947364807129,-35.0841407775879,0.2,1.24,3.26,8.75,6.68,12.51,2.01,1.84,2.27
"WASouth","Denmark",117,-35.0841407775879,0.2,1.24,3.22,8.93,6.8,12.82,2.05,1.87,2.32
"WASouth","Denmark",117.052635192871,-35.0841407775879,0.2,1.24,3.32,9.2,6.98,13.28,2.01,1.84,2.27
"WASouth","Denmark",117.105262756348,-35.0841407775879,0.2,1.23,3.27,9.58,7.23,13.94,2.03,1.86,2.29
"WASouth","Albany",117.421051025391,-35.0841407775879,0.2,1.23,3.3,9.91,7.46,14.49,1.94,1.79,2.17
"WASouth","Albany",117.473686218262,-35.0841407775879,0.2,1.23,3.64,9.46,7.16,13.7,1.8,1.68,1.99
"WASouth","Albany",117.684211730957,-35.0841407775879,0.2,1.21,2.43,12.41,9.11,18.7,2.56,2.26,3.02
"WASouth","Albany",117.736839294434,-35.0841407775879,0.2,1.22,2.44,11.97,8.82,17.94,2.54,2.25,2.99
"WASouth","Albany",117.789474487305,-35.0841407775879,0.2,1.22,2.44,11.57,8.56,17.27,2.52,2.24,2.96
"WASouth","Albany",118,-35.0841407775879,0.2,1.21,3.18,12.96,9.46,19.66,2.03,1.86,2.29
"SA","Yorke Peninsula",136.894729614258,-35.0841407775879,0.2,2.14,3.79,5.26,4.26,6.97,1.91,1.75,2.15
"SA","Yorke Peninsula",137.789474487305,-35.0841407775879,0.2,2.18,2.83,4.25,3.55,5.4,2.38,2.13,2.77
"WASouth","Manjimup",116.473686218262,-35.041072845459,0.2,1.24,3.86,8.55,6.53,12.26,1.8,1.67,1.99
"WASouth","Denmark",116.789474487305,-35.041072845459,0.2,1.25,3.28,7.9,6.12,11.12,1.94,1.79,2.17
"WASouth","Denmark",117.157897949219,-35.041072845459,0.2,1.23,3.28,9.9,7.43,14.51,2.01,1.84,2.26
"WASouth","Denmark",117.210525512695,-35.041072845459,0.2,1.23,3.23,9.74,7.33,14.22,2,1.83,2.24
"WASouth","Denmark",117.263160705566,-35.041072845459,0.2,1.23,3.29,9.77,7.35,14.27,1.95,1.79,2.17
"WASouth","Denmark",117.315788269043,-35.041072845459,0.2,1.23,3.3,9.65,7.28,14.04,1.94,1.78,2.16
"WASouth","Albany",117.368423461914,-35.041072845459,0.2,1.24,3.32,9.35,7.08,13.52,1.92,1.77,2.14
"WASouth","Albany",118.052635192871,-35.041072845459,0.2,1.21,2.64,12.93,9.45,19.6,2.4,2.14,2.8
"WASouth","Albany",118.105262756348,-35.041072845459,0.2,1.21,3,13.09,9.54,19.9,2.16,1.96,2.48
"SA","Yorke Peninsula",136.894729614258,-35.041072845459,0.2,2.15,3.78,5.21,4.23,6.89,1.92,1.76,2.16
"SA","Marion",138.473678588867,-35.0410614013672,0.2,2.5,3.35,3.55,3.02,4.4,2,1.83,2.26
"NSW","Shoalhaven",150.736846923828,-35.041072845459,0.2,1.41,2.89,296.23,126.09,1003.82,2.15,1.92,2.53
"WASouth","Manjimup",116.421051025391,-34.9979820251465,0.2,1.25,3.77,8.27,6.34,11.78,1.84,1.71,2.05
"WASouth","Albany",118.157897949219,-34.9979820251465,0.2,1.21,2.41,13.37,9.72,20.39,2.65,2.33,3.16
"WASouth","Albany",118.210510253906,-34.9979820251465,0.2,1.21,2.77,13.52,9.81,20.69,2.33,2.09,2.71
"SA","Lower Eyre Peninsula",135.947357177734,-34.9979820251465,0.2,1.76,3.68,6.73,5.28,9.32,2.16,1.94,2.5
"SA","Lower Eyre Peninsula",136,-34.9979820251465,0.2,1.75,3.08,6.96,5.43,9.69,2.67,2.33,3.22
"SA","Yorke Peninsula",136.947357177734,-34.9979820251465,0.2,2.15,3.64,5.11,4.16,6.74,1.88,1.73,2.11
"SA","Holdfast Bay",138.473663330078,-34.9979820251465,0.2,2.5,3.32,3.55,3.02,4.39,2.04,1.86,2.31
"NSW","Shoalhaven",150.789474487305,-34.9979820251465,0.2,1.32,2.83,310.86,131.02,1070.12,2.09,1.88,2.43
"WASouth","Manjimup",116.368423461914,-34.9548645019531,0.2,1.25,3.47,7.99,6.16,11.3,1.98,1.82,2.23
"WASouth","Albany",118.263160705566,-34.9548645019531,0.2,1.2,2.88,14.08,10.16,21.7,2.25,2.02,2.59
"WASouth","Albany",118.315788269043,-34.9548645019531,0.2,1.2,2.65,14.22,10.25,21.98,2.5,2.22,2.93
"WASouth","Albany",118.368423461914,-34.9548645019531,0.2,1.2,2.69,15.08,10.77,23.58,2.48,2.2,2.9
"WASouth","Albany",118.421051025391,-34.9548645019531,0.2,1.2,2.68,16.46,11.61,26.19,2.49,2.22,2.93
"SA","Lower Eyre Peninsula",135.631576538086,-34.9548645019531,0.2,1.75,4.01,6.96,5.44,9.69,1.93,1.77,2.19
"SA","Lower Eyre Peninsula",135.684204101562,-34.9548645019531,0.2,1.76,2.87,6.79,5.32,9.41,3.15,2.66,4
"SA","Lower Eyre Peninsula",135.894729614258,-34.9548645019531,0.2,1.77,3.51,6.29,4.97,8.61,2.36,2.09,2.8
"SA","Lower Eyre Peninsula",136.052627563477,-34.9548645019531,0.2,1.74,2.97,7.55,5.82,10.72,2.88,2.49,3.52
"SA","Yorke Peninsula",136.947372436523,-34.9548530578613,0.2,2.15,3.64,5.11,4.16,6.74,1.87,1.73,2.09
"SA","Yorke Peninsula",137.842102050781,-34.9548530578613,0.2,2.19,2.53,4.15,3.47,5.26,3.03,2.62,3.69
"SA","Charles Sturt",138.473678588867,-34.9548530578613,0.2,2.5,3.33,3.55,3.03,4.4,2.03,1.85,2.3
"NSW","Shoalhaven",150.789474487305,-34.9548645019531,0.2,1.32,2.28,334.12,139.05,1172.49,3.03,2.57,3.82
"WASouth","Manjimup",116.263160705566,-34.9117279052734,0.2,1.25,3.6,8.24,6.33,11.72,1.91,1.76,2.14
"WASouth","Manjimup",116.315788269043,-34.9117279052734,0.2,1.25,3.48,7.89,6.09,11.13,1.97,1.8,2.21
"WASouth","Albany",118.473686218262,-34.9117164611816,0.2,1.19,2.72,18.99,13.13,31.08,2.46,2.19,2.89
"SA","Lower Eyre Peninsula",135.578948974609,-34.9117279052734,0.2,1.76,4.02,6.47,5.11,8.9,1.91,1.74,2.15
"SA","Lower Eyre Peninsula",135.736846923828,-34.9117279052734,0.2,1.76,2.88,6.42,5.07,8.81,3.1,2.63,3.93
"SA","Lower Eyre Peninsula",135.789474487305,-34.9117279052734,0.2,1.77,3.3,6.25,4.95,8.55,2.6,2.26,3.15
"SA","Lower Eyre Peninsula",135.842102050781,-34.9117279052734,0.2,1.77,3.51,6.1,4.85,8.32,2.35,2.08,2.78
"SA","Lower Eyre Peninsula",136.052627563477,-34.9117279052734,0.2,1.74,2.98,7.6,5.85,10.82,2.89,2.5,3.53
"SA","Yorke Peninsula",137,-34.9117279052734,0.2,2.15,3.4,5.09,4.14,6.7,2,1.83,2.26
"SA","Yorke Peninsula",137.421051025391,-34.9117279052734,0.2,2.18,3.39,4.29,3.56,5.54,1.94,1.78,2.18
"SA","Yorke Peninsula",137.842102050781,-34.9117164611816,0.2,2.19,2.53,4.15,3.48,5.26,3.03,2.62,3.69
"SA","Charles Sturt",138.473678588867,-34.9117164611816,0.2,2.5,3.18,3.56,3.03,4.42,2.15,1.95,2.46
"NSW","Shoalhaven",150.789474487305,-34.9117279052734,0.2,1.32,2.28,356.33,146.65,1271.7,3.02,2.56,3.8
"WASouth","Manjimup",116.052635192871,-34.8685684204102,0.2,1.24,3.59,8.73,6.64,12.61,1.9,1.75,2.12
"WASouth","Manjimup",116.105247497559,-34.8685684204102,0.2,1.24,3.74,8.73,6.64,12.58,1.84,1.71,2.05
"WASouth","Manjimup",116.157897949219,-34.8685684204102,0.2,1.24,3.75,8.51,6.5,12.2,1.83,1.7,2.03
"WASouth","Manjimup",116.210510253906,-34.8685684204102,0.2,1.25,3.66,8.12,6.25,11.55,1.86,1.72,2.06
"WASouth","Albany",118.473686218262,-34.8685684204102,0.2,1.19,2.1,19.9,13.67,32.82,3.31,2.82,4.14
"SA","Lower Eyre Peninsula",135.526321411133,-34.8685684204102,0.2,1.77,3.8,6.18,4.91,8.43,1.97,1.79,2.23
"SA","Yorke Peninsula",137.052627563477,-34.8685684204102,0.2,2.15,3.4,5.07,4.12,6.68,1.99,1.82,2.25
"SA","Yorke Peninsula",137.105255126953,-34.8685684204102,0.2,2.15,3.37,5.01,4.08,6.59,2,1.83,2.27
"SA","Yorke Peninsula",137.157897949219,-34.8685684204102,0.2,2.16,3.37,4.93,4.02,6.48,2,1.82,2.25
"SA","Yorke Peninsula",137.210510253906,-34.8685684204102,0.2,2.16,3.38,4.79,3.92,6.26,1.98,1.81,2.24
"SA","Yorke Peninsula",137.263153076172,-34.8685684204102,0.2,2.17,3.37,4.59,3.78,5.96,1.97,1.81,2.22
"SA","Yorke Peninsula",137.315780639648,-34.8685684204102,0.2,2.17,3.38,4.44,3.67,5.74,1.96,1.79,2.2
"SA","Yorke Peninsula",137.421051025391,-34.8685684204102,0.2,2.19,3.33,4.21,3.5,5.4,1.96,1.79,2.2
"SA","Yorke Peninsula",137.842102050781,-34.8685684204102,0.2,2.19,2.47,4.14,3.46,5.24,3.22,2.77,3.95
"NSW","Shoalhaven",150.789474487305,-34.8685684204102,0.2,1.32,2.32,373.17,152.47,1346.02,2.7,2.33,3.32
"WASouth","Manjimup",115.947364807129,-34.8253746032715,0.2,1.31,3.85,7.59,5.85,10.77,1.78,1.65,1.97
NA,"Albany",118.473686218262,-34.8253746032715,0.2,1.18,1.91,20.99,14.32,34.99,3.9,3.22,5.07
"SA","Lower Eyre Peninsula",135.473678588867,-34.8253860473633,0.2,1.77,3.56,5.97,4.76,8.08,2.11,1.9,2.43
"SA","Lower Eyre Peninsula",136.052627563477,-34.8253860473633,0.2,1.75,2.34,7.37,5.69,10.43,3.5,2.97,4.36
"SA","Yorke Peninsula",137.421051025391,-34.8253860473633,0.2,2.19,3.34,4.18,3.48,5.35,1.95,1.79,2.19
"SA","Yorke Peninsula",137.894729614258,-34.8253860473633,0.2,2.19,2.47,4.1,3.43,5.19,3.19,2.74,3.91
"SA","Port Adelaide Enfield",138.473678588867,-34.8253746032715,0.2,2.5,3.18,3.57,3.04,4.44,2.15,1.95,2.46
"NSW","Shoalhaven",150.789474487305,-34.8253860473633,0.2,1.32,2.33,372.83,152.33,1344.94,2.68,2.32,3.3
"WASouth","Manjimup",115.947364807129,-34.7821807861328,0.2,1.32,3.86,7.08,5.51,9.94,1.77,1.64,1.95
"WASouth","Albany",118.473686218262,-34.7821807861328,0.2,1.18,1.92,21.75,14.75,36.55,3.84,3.18,5
NA,"Lower Eyre Peninsula",135.421051025391,-34.7821807861328,0.2,1.78,3.75,5.8,4.64,7.83,2,1.82,2.29
"SA","Lower Eyre Peninsula",136.052627563477,-34.7821807861328,0.2,1.75,2.34,7.26,5.62,10.27,3.47,2.95,4.31
"SA","Yorke Peninsula",137.421051025391,-34.7821807861328,0.2,2.19,3.34,4.19,3.49,5.36,1.95,1.79,2.19
"SA","Yorke Peninsula",137.894729614258,-34.7821807861328,0.2,2.19,2.47,4.1,3.44,5.2,3.19,2.74,3.92
"NSW","Kiama",150.842102050781,-34.7821807861328,0.2,1.32,2.71,393.63,159.99,1428,2.18,1.95,2.55
"WASouth","Manjimup",115.894737243652,-34.7389526367188,0.2,1.32,3.84,6.77,5.29,9.45,1.78,1.65,1.97
"WASouth","Albany",118.526313781738,-34.7389526367188,0.2,1.18,2.07,20.32,13.91,33.7,3.28,2.76,4.18
"WASouth","Albany",118.578948974609,-34.7389526367188,0.2,1.18,2.34,20.28,13.88,33.64,3.03,2.6,3.76
"WASouth","Albany",118.631576538086,-34.7389526367188,0.2,1.18,2.34,21.29,14.46,35.74,3.06,2.61,3.8
"SA","Lower Eyre Peninsula",135.368423461914,-34.7389526367188,0.2,1.78,3.27,5.83,4.66,7.86,2.16,1.94,2.49
"SA","Lower Eyre Peninsula",135.421051025391,-34.7389526367188,0.2,1.78,3.29,5.61,4.51,7.54,2.12,1.92,2.45
"SA","Port Lincoln",135.894729614258,-34.7389526367188,0.2,1.74,3.42,7.66,5.86,11.01,2.72,2.36,3.33
"SA","Lower Eyre Peninsula",135.947372436523,-34.738941192627,0.2,1.74,3.44,7.61,5.83,10.92,2.67,2.32,3.25
"SA","Lower Eyre Peninsula",136,-34.7389526367188,0.2,1.74,2.34,7.47,5.74,10.66,3.57,3.02,4.46
"SA","Yorke Peninsula",137.473678588867,-34.738941192627,0.2,2.19,3.35,4.07,3.4,5.19,1.94,1.78,2.17
"SA","Yorke Peninsula",137.894729614258,-34.7389526367188,0.2,2.19,2.47,4.11,3.44,5.21,3.19,2.74,3.92
"SA","Playford",138.473678588867,-34.738941192627,0.2,2.42,3.1,3.58,3.05,4.45,2.15,1.95,2.46
"NSW","Kiama",150.894729614258,-34.7389526367188,0.2,1.32,2.57,429.78,172.75,1581.98,2.37,2.09,2.82
"WASouth","Manjimup",115.894737243652,-34.6957054138184,0.2,1.33,3.65,6.5,5.1,8.99,1.85,1.71,2.06
"WASouth","Albany",118.684211730957,-34.6957054138184,0.2,1.18,2.55,24.5,16.27,42.49,2.79,2.42,3.37
"SA","Lower Eyre Peninsula",135.315780639648,-34.6957054138184,0.2,1.78,3.51,5.55,4.46,7.45,2.07,1.87,2.37
"SA","Yorke Peninsula",137.473663330078,-34.6957054138184,0.2,2.2,3.35,4.04,3.38,5.14,1.93,1.77,2.17
"SA","Yorke Peninsula",137.894729614258,-34.6957054138184,0.2,2.19,2.51,4.11,3.44,5.21,3.03,2.62,3.67
"SA","Playford",138.473663330078,-34.6957054138184,0.2,2.42,2.83,3.58,3.05,4.44,2.54,2.26,2.99
"NSW","Kiama",150.894729614258,-34.6957054138184,0.2,1.42,2.53,436.67,175.35,1608.18,2.58,2.25,3.14
"WASouth","Manjimup",115.842094421387,-34.6524314880371,0.2,1.33,3.65,6.43,5.06,8.88,1.85,1.71,2.05
"WASouth","Albany",118.736839294434,-34.6524314880371,0.2,1.17,2.36,28.41,18.4,51.1,3.15,2.69,3.95
"SA","Lower Eyre Peninsula",135.315780639648,-34.6524314880371,0.2,1.79,3.68,5.24,4.23,6.98,1.92,1.75,2.17
"SA","Lower Eyre Peninsula",135.894729614258,-34.6524314880371,0.2,1.75,3.44,7.01,5.44,9.88,2.67,2.32,3.25
"SA","Yorke Peninsula",137.473663330078,-34.6524314880371,0.2,2.2,3.35,4,3.35,5.07,1.93,1.77,2.16
"SA","Yorke Peninsula",137.947372436523,-34.6524314880371,0.2,2.2,2.52,4.03,3.38,5.1,2.98,2.59,3.61
"SA","Adelaide Plains",138.421051025391,-34.6524314880371,0.2,2.41,2.83,3.66,3.11,4.56,2.58,2.28,3.04
"NSW","Kiama",150.894729614258,-34.6524314880371,0.2,1.42,2.53,444.84,178.28,1642.03,2.58,2.24,3.13
"WASouth","Manjimup",115.789474487305,-34.6091346740723,0.2,1.33,3.65,6.2,4.9,8.5,1.86,1.72,2.07
"WASouth","Albany",118.736839294434,-34.6091232299805,0.2,1.17,2.37,30.88,19.72,56.7,3.11,2.65,3.86
"SA","Lower Eyre Peninsula",135.315795898438,-34.6091232299805,0.2,1.8,3.46,5.02,4.07,6.66,1.99,1.81,2.27
"SA","Lower Eyre Peninsula",135.947372436523,-34.6091232299805,0.2,1.76,2.46,6.74,5.26,9.41,2.92,2.54,3.53
"SA","Yorke Peninsula",137.473678588867,-34.6091232299805,0.2,2.2,3.39,3.95,3.31,5,1.89,1.74,2.12
"SA","Yorke Peninsula",137.947372436523,-34.6091232299805,0.2,2.2,2.52,4.03,3.38,5.1,2.97,2.58,3.6
"SA","Adelaide Plains",138.421051025391,-34.6091346740723,0.2,2.41,2.83,3.66,3.1,4.55,2.58,2.28,3.04
"NSW","Shellharbour",150.894729614258,-34.6091346740723,0.2,1.42,2.9,457.29,182.52,1698.04,2.1,1.89,2.44
NA,"Manjimup",115.684211730957,-34.5658187866211,0.2,1.33,3.66,6.23,4.93,8.55,1.85,1.71,2.05
"WASouth","Manjimup",115.736839294434,-34.5658187866211,0.2,1.34,3.79,5.97,4.75,8.12,1.8,1.67,2
"WASouth","Albany",118.736839294434,-34.5658187866211,0.2,1.16,2.18,32.84,20.76,61.16,3.33,2.81,4.23
"WASouth","Jerramungup",119.210525512695,-34.5658187866211,0.2,1.17,2.99,29.2,18.67,53.67,2.25,2.02,2.59
"WASouth","Jerramungup",119.263160705566,-34.5658187866211,0.2,1.17,2.9,28.83,18.47,52.86,2.37,2.11,2.76
"SA","Lower Eyre Peninsula",135.315795898438,-34.5658073425293,0.2,1.81,3.47,4.81,3.92,6.37,1.97,1.79,2.24
"SA","Unincorporated SA",135.947372436523,-34.5658187866211,0.2,1.76,2.46,6.48,5.09,8.98,2.92,2.54,3.53
"SA","Yorke Peninsula",137.473678588867,-34.5658187866211,0.2,2.2,3.38,3.89,3.27,4.91,1.91,1.76,2.14
"SA","Yorke Peninsula",137.947372436523,-34.5658073425293,0.2,2.2,2.52,4.03,3.38,5.11,2.97,2.58,3.6
"SA","Adelaide Plains",138.368423461914,-34.5658187866211,0.2,2.41,2.82,3.71,3.15,4.63,2.6,2.3,3.08
"NSW","Shellharbour",150.842102050781,-34.5658073425293,0.2,1.42,2.89,455.19,182.26,1679.97,2.12,1.9,2.46
"WASouth","Manjimup",115.631576538086,-34.5224761962891,0.2,1.34,3.74,6.06,4.81,8.27,1.82,1.69,2.03
"WASouth","Albany",118.789474487305,-34.5224761962891,0.2,1.16,2.18,31.81,20.19,58.94,3.34,2.81,4.25
"WASouth","Albany",118.842102050781,-34.5224761962891,0.2,1.17,2.43,30.11,19.26,55.23,3.02,2.59,3.73
"WASouth","Albany",118.894737243652,-34.5224761962891,0.2,1.17,2.43,29.28,18.79,53.44,3.02,2.59,3.74
"WASouth","Jerramungup",119.157897949219,-34.5224761962891,0.2,1.17,3,27.24,17.61,49.24,2.24,2.02,2.59
"WASouth","Jerramungup",119.315788269043,-34.5224647521973,0.2,1.17,2.85,30.34,19.31,56.11,2.48,2.19,2.93
"SA","Lower Eyre Peninsula",135.315795898438,-34.5224647521973,0.2,1.81,3.47,4.67,3.81,6.16,1.95,1.78,2.21
"SA","Lower Eyre Peninsula",136,-34.5224761962891,0.2,1.76,2.47,6.41,5.04,8.85,2.9,2.52,3.5
"SA","Tumby Bay",136.052627563477,-34.5224761962891,0.2,1.76,2.48,6.36,5.01,8.78,2.85,2.49,3.43
"SA","Tumby Bay",136.105270385742,-34.5224761962891,0.2,1.76,2.49,6.45,5.07,8.92,2.81,2.46,3.38
"SA","Unincorporated SA",137.421051025391,-34.5224761962891,0.2,2.2,3.37,3.98,3.34,5.04,1.92,1.76,2.15
"SA","Yorke Peninsula",137.947372436523,-34.5224647521973,0.2,2.39,2.72,4.04,3.39,5.12,2.97,2.58,3.6
"SA","Adelaide Plains",138.315795898438,-34.5224761962891,0.2,2.41,2.81,3.76,3.18,4.7,2.63,2.32,3.11
"NSW","Shellharbour",150.842102050781,-34.5224647521973,0.2,1.42,2.9,442.03,178.06,1615.9,2.11,1.9,2.46
"WASouth","Nannup",115.578948974609,-34.4791145324707,0.2,1.34,3.57,5.97,4.75,8.12,1.9,1.75,2.13
"WASouth","Jerramungup",118.947364807129,-34.4791145324707,0.2,1.17,2.31,27.72,17.91,50.17,3.06,2.62,3.77
"WASouth","Jerramungup",119,-34.4791145324707,0.2,1.17,2.61,27.21,17.63,49.04,2.58,2.28,3.06
"WASouth","Jerramungup",119.052635192871,-34.4791145324707,0.2,1.17,2.68,26.8,17.41,48.11,2.39,2.14,2.77
"WASouth","Jerramungup",119.105262756348,-34.4791145324707,0.2,1.17,2.69,25.4,16.63,45.09,2.37,2.12,2.75
"WASouth","Jerramungup",119.315788269043,-34.4791145324707,0.2,1.17,2.34,31,19.66,57.62,3.09,2.64,3.86
"WASouth","Jerramungup",119.368423461914,-34.4791145324707,0.2,1.17,2.56,30.28,19.25,56.13,2.75,2.39,3.32
"SA","Lower Eyre Peninsula",135.315795898438,-34.4791030883789,0.2,1.82,3.32,4.56,3.73,6,1.79,1.66,1.99
"SA","Tumby Bay",136.157897949219,-34.4791145324707,0.2,1.76,2.41,6.62,5.18,9.23,2.97,2.58,3.61
"SA","Yorke Peninsula",137.421051025391,-34.4791145324707,0.2,2.06,3.24,3.91,3.29,4.93,1.91,1.75,2.14
"SA","Yorke Peninsula",137.947372436523,-34.4791145324707,0.2,2.39,2.72,4.05,3.39,5.14,2.97,2.57,3.6
"SA","Adelaide Plains",138.263153076172,-34.4791145324707,0.2,2.4,2.81,3.82,3.22,4.79,2.66,2.34,3.15
"NSW","Wollongong",150.842102050781,-34.4791145324707,0.2,1.42,2.66,415.33,169.07,1494.71,2.39,2.11,2.85
"NSW","Wollongong",150.894729614258,-34.4791145324707,0.2,1.42,2.66,436,176.15,1586.26,2.39,2.11,2.85
"WASouth","Nannup",115.473686218262,-34.4357261657715,0.2,1.33,3.67,6.22,4.92,8.5,1.88,1.73,2.1
"WASouth","Nannup",115.526313781738,-34.4357261657715,0.2,1.34,3.65,5.93,4.72,8.05,1.88,1.73,2.1
"WASouth","Jerramungup",119.421051025391,-34.4357261657715,0.2,1.16,2.56,33.21,20.74,63.22,2.75,2.4,3.33
"SA","Lower Eyre Peninsula",135.315795898438,-34.4357147216797,0.2,1.82,3.32,4.51,3.7,5.92,1.79,1.66,1.99
"SA","Tumby Bay",136.157897949219,-34.4357261657715,0.2,1.76,2.42,6.51,5.11,9.03,2.93,2.55,3.55
"SA","Yorke Peninsula",137.421051025391,-34.4357261657715,0.2,2.07,3.24,3.85,3.25,4.85,1.9,1.75,2.13
"SA","Yorke Peninsula",138,-34.4357261657715,0.2,2.39,2.72,4.02,3.37,5.08,2.95,2.56,3.57
"SA","Adelaide Plains",138.263153076172,-34.4357261657715,0.2,2.4,2.81,3.82,3.22,4.79,2.66,2.34,3.15
"NSW","Wollongong",150.947372436523,-34.4357147216797,0.2,1.42,2.66,485.77,192.99,1810.81,2.4,2.11,2.86
"WASouth","Nannup",115.421051025391,-34.3923187255859,0.2,1.34,3.41,6.06,4.82,8.24,2.01,1.84,2.27
"WASouth","Jerramungup",119.421051025391,-34.3923187255859,0.2,1.16,1.76,34.38,21.3,66.28,4.41,3.61,5.81
"WASouth","Jerramungup",119.473670959473,-34.3923187255859,0.2,1.16,2.25,32.7,20.46,62.12,3.32,2.79,4.23
"SA","Lower Eyre Peninsula",135.315780639648,-34.3923187255859,0.2,1.82,3.31,4.51,3.7,5.91,1.79,1.66,1.99
"SA","Tumby Bay",136.157897949219,-34.3923187255859,0.2,1.76,2.43,6.31,4.98,8.68,2.88,2.51,3.47
"SA","Yorke Peninsula",137.421051025391,-34.3923187255859,0.2,2.07,3.19,3.8,3.21,4.77,1.94,1.78,2.18
"SA","Yorke Peninsula",138,-34.3923187255859,0.2,2.39,2.72,4.02,3.37,5.1,2.95,2.56,3.57
"SA","Adelaide Plains",138.263153076172,-34.3923187255859,0.2,2.4,2.81,3.81,3.22,4.77,2.65,2.34,3.14
"NSW","Wollongong",150.947372436523,-34.3923187255859,0.2,1.42,2.44,454.5,182.66,1665.14,2.78,2.4,3.41
"WASouth","Augusta Margaret River",115.105247497559,-34.3488883972168,0.2,1.32,4.01,7.09,5.56,9.79,1.78,1.65,1.97
"WASouth","Augusta Margaret River",115.157897949219,-34.3488883972168,0.2,1.32,4.02,6.78,5.35,9.3,1.77,1.65,1.95
"WASouth","Augusta Margaret River",115.210510253906,-34.3488883972168,0.2,1.33,3.17,6.55,5.18,8.95,2.16,1.96,2.46
"WASouth","Augusta Margaret River",115.263160705566,-34.3488883972168,0.2,1.33,3.18,6.35,5.04,8.66,2.13,1.93,2.42
"WASouth","Augusta Margaret River",115.315773010254,-34.3488883972168,0.2,1.33,3.3,6.17,4.9,8.38,2.05,1.87,2.32
"WASouth","Nannup",115.368408203125,-34.3488883972168,0.2,1.34,3.41,5.93,4.74,8.02,2.01,1.84,2.27
"WASouth","Jerramungup",119.526313781738,-34.3488883972168,0.2,1.17,1.63,29.92,19.02,55.49,7.01,5.28,10.43
"SA","Lower Eyre Peninsula",135.315780639648,-34.3488883972168,0.2,1.82,3.64,4.52,3.71,5.93,1.66,1.56,1.82
"SA","Tumby Bay",136.210525512695,-34.3488883972168,0.2,1.77,2.42,6.19,4.9,8.5,2.82,2.46,3.38
"SA","Yorke Peninsula",137.421051025391,-34.3488883972168,0.2,2.07,3.19,3.73,3.16,4.67,1.94,1.78,2.18
"SA","Yorke Peninsula",138,-34.3488883972168,0.2,2.06,2.39,4.03,3.38,5.1,2.94,2.55,3.56
"SA","Adelaide Plains",138.210510253906,-34.3488883972168,0.2,2.4,2.8,3.9,3.28,4.91,2.69,2.36,3.19
NA,"Wollongong",151,-34.3488883972168,0.2,1.42,2.85,487.44,193.69,1815.77,2.19,1.96,2.55
"WASouth","Augusta Margaret River",115.052635192871,-34.3054351806641,0.2,1.31,4.03,7.29,5.7,10.1,1.76,1.64,1.94
"WASouth","Jerramungup",119.526313781738,-34.3054351806641,0.2,1.17,1.63,29.01,18.53,53.43,6.97,5.25,10.38
"SA","Lower Eyre Peninsula",135.315795898438,-34.3054237365723,0.2,1.82,3.64,4.54,3.72,5.94,1.66,1.56,1.82
"SA","Tumby Bay",136.263153076172,-34.3054351806641,0.2,1.77,2.43,5.93,4.72,8.06,2.78,2.44,3.33
"SA","Yorke Peninsula",137.473678588867,-34.3054237365723,0.2,2.09,3.21,3.58,3.05,4.44,1.91,1.75,2.14
"SA","Yorke Peninsula",138.052627563477,-34.3054351806641,0.2,2.06,2.39,4.03,3.38,5.1,2.94,2.55,3.55
"SA","Wakefield",138.210525512695,-34.3054351806641,0.2,2.4,2.8,3.9,3.28,4.91,2.69,2.36,3.19
"NSW","Wollongong",151,-34.3054351806641,0.2,1.42,2.85,453.06,182.41,1654.3,2.18,1.95,2.55
"WASouth","Ravensthorpe",119.526313781738,-34.2619590759277,0.2,1.17,1.73,29.73,18.9,55.15,4.89,3.87,6.81
"SA","Lower Eyre Peninsula",135.315795898438,-34.2619590759277,0.2,1.82,3.75,4.54,3.72,5.95,1.61,1.52,1.75
"SA","Tumby Bay",136.315795898438,-34.2619476318359,0.2,1.78,2.42,5.63,4.52,7.56,2.72,2.39,3.23
"SA","Yorke Peninsula",137.473678588867,-34.2619476318359,0.2,2.09,3.2,3.55,3.03,4.39,1.91,1.76,2.14
"SA","Yorke Peninsula",138.052627563477,-34.2619590759277,0.2,2.06,2.39,4.04,3.39,5.12,2.94,2.55,3.56
"SA","Wakefield",138.157897949219,-34.2619590759277,0.2,2.06,2.46,3.96,3.33,5.01,2.71,2.38,3.23
NA,"Wollongong",151.052627563477,-34.2619590759277,0.2,1.44,2.95,466.04,187.22,1704.91,2.15,1.93,2.52
"WASouth","Augusta Margaret River",115,-34.2184600830078,0.2,1.31,3.66,7.36,5.76,10.21,1.79,1.66,1.97
"WASouth","Ravensthorpe",119.578948974609,-34.2184600830078,0.2,1.17,2.03,28.34,18.14,52.05,3.5,2.9,4.57
"SA","Lower Eyre Peninsula",135.263153076172,-34.2184600830078,0.2,1.81,3.93,4.68,3.82,6.15,1.61,1.51,1.75
"SA","Tumby Bay",136.315795898438,-34.2184600830078,0.2,1.78,2.4,5.49,4.42,7.33,2.69,2.37,3.2
"SA","Yorke Peninsula",137.473663330078,-34.2184600830078,0.2,2.09,3.2,3.51,3,4.34,1.9,1.74,2.12
"SA","Yorke Peninsula",138.052627563477,-34.2184600830078,0.2,2.06,2.39,4.04,3.38,5.11,2.93,2.55,3.55
"SA","Wakefield",138.105255126953,-34.2184600830078,0.2,2.06,2.46,4,3.35,5.06,2.72,2.39,3.25
"SA","Wakefield",138.157897949219,-34.2184600830078,0.2,2.06,2.47,3.95,3.32,4.99,2.7,2.38,3.22
"NSW","Wollongong",151.052627563477,-34.2184600830078,0.2,1.44,2.87,427.17,174.22,1527.56,2.22,1.98,2.61
NA,"Augusta Margaret River",114.947364807129,-34.1749267578125,0.2,1.31,4.04,7.59,5.91,10.57,1.73,1.62,1.91
"WASouth","Ravensthorpe",119.578948974609,-34.1749382019043,0.2,1.17,2.03,28.74,18.36,52.95,3.46,2.88,4.51
"SA","Lower Eyre Peninsula",135.263153076172,-34.1749382019043,0.2,1.81,3.93,4.67,3.82,6.15,1.61,1.51,1.74
"SA","Tumby Bay",136.368423461914,-34.1749267578125,0.2,1.79,2.4,5.29,4.29,7.01,2.69,2.37,3.21
"SA","Yorke Peninsula",137.473678588867,-34.1749267578125,0.2,2.1,3.22,3.45,2.95,4.25,1.88,1.73,2.1
"NSW","Sutherland",151.105270385742,-34.1749382019043,0.2,1.44,3.07,422.33,172.6,1505.46,2.07,1.87,2.4
"WASouth","Augusta Margaret River",114.947357177734,-34.1313934326172,0.2,1.31,3.96,7.59,5.91,10.59,1.76,1.64,1.95
"WASouth","Ravensthorpe",119.631576538086,-34.1313934326172,0.2,1.17,2.16,28.31,18.17,51.76,3.26,2.73,4.21
"SA","Lower Eyre Peninsula",135.263153076172,-34.1313934326172,0.2,1.81,3.87,4.69,3.83,6.17,1.62,1.52,1.76
"SA","Tumby Bay",136.368423461914,-34.1313934326172,0.2,1.79,2.4,5.18,4.21,6.83,2.7,2.37,3.22
"SA","Yorke Peninsula",137.473663330078,-34.1313934326172,0.2,2.1,3.23,3.36,2.88,4.12,1.86,1.72,2.08
"NSW","Sutherland",151.157897949219,-34.1313934326172,0.2,1.44,3.08,411.98,169.09,1459.19,2.07,1.87,2.39
"WASouth","Augusta Margaret River",114.947364807129,-34.087818145752,0.2,1.31,3.93,7.59,5.91,10.59,1.77,1.64,1.95
"WASouth","Ravensthorpe",119.684211730957,-34.0878295898438,0.2,1.17,2.14,28.21,18.14,51.41,3.39,2.83,4.4
"WASouth","Ravensthorpe",119.736839294434,-34.0878295898438,0.2,1.17,2.14,27.53,17.78,49.85,3.41,2.84,4.43
"SA","Lower Eyre Peninsula",135.263153076172,-34.0878295898438,0.2,1.81,3.66,4.71,3.84,6.21,1.67,1.56,1.82
"SA","Tumby Bay",136.421051025391,-34.0878295898438,0.2,1.8,2.4,4.91,4.02,6.41,2.69,2.36,3.21
"SA","Yorke Peninsula",137.473678588867,-34.087818145752,0.2,2.12,3.23,3.24,2.79,3.94,1.86,1.72,2.08
"NSW","Sutherland",151.210525512695,-34.087818145752,0.2,1.44,2.99,413.7,169.75,1465.52,2.11,1.9,2.44
"WASouth","Augusta Margaret River",114.947357177734,-34.0442390441895,0.2,1.31,3.93,7.55,5.88,10.52,1.77,1.64,1.95
"WASouth","Ravensthorpe",119.789474487305,-34.0442428588867,0.2,1.24,2.47,27.12,17.57,48.88,3.02,2.56,3.83
"WASouth","Esperance",122.105247497559,-34.0442390441895,0.2,1.29,2.28,11.84,8.58,18.31,2.43,2.18,2.8
"WASouth","Esperance",122.157897949219,-34.0442428588867,0.2,1.29,1.82,11.94,8.64,18.48,3.37,2.9,4.12
"WASouth","Esperance",122.210510253906,-34.0442390441895,0.2,1.28,2.04,12.57,9.03,19.68,3.05,2.64,3.7
"WASouth","Esperance",123.210510253906,-34.0442390441895,0.2,1.3,2.73,10.58,7.78,16,2.35,2.11,2.72
"WASouth","Esperance",123.263160705566,-34.0442428588867,0.2,1.3,2.49,10.41,7.68,15.69,2.62,2.32,3.1
"SA","Lower Eyre Peninsula",135.263153076172,-34.0442428588867,0.2,1.81,3.66,4.72,3.85,6.23,1.66,1.56,1.82
"SA","Tumby Bay",136.473678588867,-34.0442390441895,0.2,1.81,2.41,4.66,3.85,6.02,2.69,2.36,3.2
"SA","Copper Coast",137.526321411133,-34.0442390441895,0.2,2.11,3.22,3.35,2.87,4.13,1.89,1.73,2.12
"NSW","Sutherland",151.210525512695,-34.0442390441895,0.2,1.44,3,388.14,160.71,1357.66,2.1,1.89,2.44
"WASouth","Augusta Margaret River",114.947357177734,-34.0006294250488,0.2,1.31,3.85,7.47,5.83,10.39,1.79,1.66,1.98
"WASouth","Ravensthorpe",119.842102050781,-34.0006294250488,0.2,1.24,2.35,25.54,16.69,45.49,3.28,2.75,4.24
"WASouth","Ravensthorpe",119.894737243652,-34.0006294250488,0.2,1.25,2.35,24.36,16.04,42.92,3.28,2.74,4.23
"WASouth","Ravensthorpe",119.947357177734,-34.0006294250488,0.2,1.25,2.53,23.12,15.35,40.22,3,2.55,3.79
"WASouth","Ravensthorpe",120.368408203125,-34.0006294250488,0.2,1.25,3.1,23.26,15.3,41.21,2.38,2.11,2.79
"WASouth","Ravensthorpe",120.421051025391,-34.0006294250488,0.2,1.25,3.09,24.6,16.05,44,2.4,2.13,2.82
"WASouth","Esperance",122.052635192871,-34.0006294250488,0.2,1.3,2.3,9.8,7.28,14.63,2.35,2.12,2.7
"WASouth","Esperance",122.263160705566,-34.0006294250488,0.2,1.28,2.04,13.13,9.37,20.71,3.07,2.66,3.73
"WASouth","Esperance",123.157897949219,-34.0006294250488,0.2,1.3,2.74,9.72,7.23,14.5,2.31,2.08,2.67
"WASouth","Esperance",123.315788269043,-34.0006294250488,0.2,1.3,2.58,10.1,7.49,15.14,2.54,2.24,3.01
"SA","Lower Eyre Peninsula",135.210510253906,-34.0006294250488,0.2,1.81,4.11,4.76,3.88,6.27,1.6,1.51,1.74
"SA","Cleve",136.526321411133,-34.0006294250488,0.2,1.82,2.49,4.6,3.8,5.93,2.54,2.24,3
"SA","Copper Coast",137.526321411133,-34.0006294250488,0.2,2.1,3.22,3.44,2.93,4.27,1.89,1.74,2.13
"WASouth","Augusta Margaret River",114.947357177734,-33.9569969177246,0.2,1.31,3.79,7.38,5.77,10.24,1.79,1.66,1.98
"WASouth","Ravensthorpe",120,-33.9569969177246,0.2,1.26,2.65,20.14,13.67,33.93,2.86,2.45,3.56
"WASouth","Ravensthorpe",120.052635192871,-33.9569969177246,0.2,1.26,2.65,18.88,12.93,31.41,2.86,2.45,3.55
"WASouth","Ravensthorpe",120.105247497559,-33.9569969177246,0.2,1.26,2.65,17.72,12.24,29.18,2.85,2.44,3.54
"WASouth","Ravensthorpe",120.157897949219,-33.9569969177246,0.2,1.27,3.02,16.72,11.63,27.28,2.47,2.17,2.95
"WASouth","Ravensthorpe",120.210510253906,-33.9569969177246,0.2,1.27,3.07,16.41,11.42,26.77,2.41,2.13,2.87
"WASouth","Ravensthorpe",120.263160705566,-33.9569969177246,0.2,1.27,3.11,16.93,11.69,27.99,2.36,2.1,2.78
"WASouth","Ravensthorpe",120.315773010254,-33.9569969177246,0.2,1.27,3.12,16.68,11.51,27.62,2.31,2.06,2.69
"WASouth","Ravensthorpe",120.473686218262,-33.9569969177246,0.2,1.25,2.91,25.46,16.51,46,2.38,2.12,2.8
"WASouth","Esperance",122.052635192871,-33.9569969177246,0.2,1.31,1.86,8.79,6.63,12.84,3.01,2.62,3.6
"WASouth","Esperance",122.315788269043,-33.9569969177246,0.2,1.28,2.05,13,9.3,20.44,3.02,2.61,3.65
"WASouth","Esperance",122.368408203125,-33.9569969177246,0.2,1.28,2.4,12.71,9.11,19.98,2.41,2.15,2.82
"WASouth","Esperance",122.421051025391,-33.9569969177246,0.2,1.28,2.4,12.8,9.15,20.2,2.41,2.15,2.82
"WASouth","Esperance",122.473670959473,-33.9569969177246,0.2,1.28,2.4,12.79,9.13,20.21,2.43,2.16,2.84
"WASouth","Esperance",122.526313781738,-33.9569969177246,0.2,1.28,2.4,12.69,9.08,20.02,2.44,2.17,2.86
"WASouth","Esperance",122.57893371582,-33.9569969177246,0.2,1.28,3.03,12.6,9.03,19.82,2.07,1.88,2.34
"WASouth","Esperance",123.105247497559,-33.9569969177246,0.2,1.31,2.74,9.49,7.08,14.07,2.3,2.07,2.65
"WASouth","Esperance",123.315788269043,-33.9569969177246,0.2,1.3,2.58,9.87,7.34,14.74,2.52,2.23,2.99
"WASouth","Esperance",123.473670959473,-33.9569969177246,0.2,1.3,2.58,9.63,7.18,14.29,2.69,2.37,3.21
"WASouth","Esperance",123.526313781738,-33.9569969177246,0.2,1.3,2.61,10.06,7.46,15.07,2.7,2.37,3.22
"SA","Elliston",135.157897949219,-33.9569969177246,0.2,1.81,3.97,4.72,3.86,6.19,1.66,1.55,1.82
"SA","Copper Coast",137.526321411133,-33.9569969177246,0.2,2.09,3.18,3.58,3.03,4.48,1.95,1.78,2.21
"NSW","Randwick",151.263153076172,-33.9569969177246,0.2,1.44,3.09,353.55,148.79,1206.77,2.06,1.86,2.37
"WASouth","Augusta Margaret River",114.947357177734,-33.9133415222168,0.2,1.31,3.79,7.27,5.69,10.06,1.79,1.66,1.98
"WASouth","Ravensthorpe",120.526313781738,-33.9133415222168,0.2,1.25,2.91,24.89,16.19,44.81,2.39,2.12,2.82
"WASouth","Ravensthorpe",120.57893371582,-33.9133415222168,0.2,1.25,2.91,23.29,15.3,41.28,2.39,2.12,2.82
"WASouth","Esperance",121.631576538086,-33.9133415222168,0.2,1.28,2.89,12.77,9.17,20,2.06,1.88,2.31
"WASouth","Esperance",121.684211730957,-33.9133415222168,0.2,1.29,2.58,12.2,8.8,18.96,2.22,2.01,2.53
"WASouth","Esperance",121.736831665039,-33.9133415222168,0.2,1.29,2.55,11.63,8.45,17.94,2.28,2.06,2.62
"WASouth","Esperance",121.789474487305,-33.9133415222168,0.2,1.29,2.6,10.9,7.99,16.61,2.3,2.07,2.66
"WASouth","Esperance",121.842094421387,-33.9133415222168,0.2,1.3,2.63,10.51,7.74,15.92,2.29,2.06,2.63
"WASouth","Esperance",122.052635192871,-33.9133415222168,0.2,1.32,1.87,8.07,6.16,11.61,2.93,2.56,3.49
"WASouth","Esperance",122.631576538086,-33.9133415222168,0.2,1.29,3.04,11.93,8.62,18.54,2.05,1.87,2.32
"WASouth","Esperance",122.684211730957,-33.9133415222168,0.2,1.29,3.19,11.45,8.32,17.64,1.98,1.81,2.22
"WASouth","Esperance",122.736831665039,-33.9133415222168,0.2,1.29,3.4,11.32,8.24,17.4,1.88,1.73,2.09
"WASouth","Esperance",122.789474487305,-33.9133415222168,0.2,1.29,3.49,11.19,8.16,17.17,1.84,1.7,2.03
"WASouth","Esperance",122.842094421387,-33.9133415222168,0.2,1.29,3.64,10.99,8.03,16.8,1.81,1.68,1.99
"WASouth","Esperance",122.894737243652,-33.9133415222168,0.2,1.3,3.64,10.76,7.88,16.38,1.81,1.68,1.99
"WASouth","Esperance",122.947357177734,-33.9133415222168,0.2,1.3,3.68,10.48,7.71,15.88,1.78,1.66,1.96
"WASouth","Esperance",123,-33.9133415222168,0.2,1.3,3.63,10.13,7.49,15.24,1.81,1.68,1.99
"WASouth","Esperance",123.052635192871,-33.9133415222168,0.2,1.3,2.75,9.67,7.2,14.4,2.29,2.06,2.65
"WASouth","Esperance",123.105247497559,-33.9133415222168,0.2,1.31,2.75,9.07,6.82,13.3,2.28,2.05,2.62
"WASouth","Esperance",123.368423461914,-33.9133415222168,0.2,1.31,2.35,9.49,7.1,14.02,2.91,2.53,3.51
"WASouth","Esperance",123.421051025391,-33.9133415222168,0.2,1.31,2.36,9.02,6.8,13.19,2.88,2.51,3.48
"WASouth","Esperance",123.578948974609,-33.9133415222168,0.2,1.3,2.46,10.69,7.86,16.2,2.97,2.57,3.63
"SA","Elliston",135.157897949219,-33.9133415222168,0.2,1.82,3.97,4.6,3.77,6,1.66,1.55,1.81
"SA","Cleve",136.631576538086,-33.9133415222168,0.2,2.03,2.82,4.44,3.68,5.69,2.27,2.04,2.63
"NSW","Waverley",151.315795898438,-33.9133415222168,0.2,1.44,3.1,365.15,153.06,1252.75,2.07,1.87,2.38
"WASouth","Augusta Margaret River",114.947357177734,-33.8696632385254,0.2,1.32,3.76,7.12,5.59,9.82,1.79,1.66,1.98
"WASouth","Ravensthorpe",120.631576538086,-33.8696632385254,0.2,1.25,2.92,21.61,14.36,37.68,2.39,2.12,2.83
"WASouth","Ravensthorpe",120.684211730957,-33.8696632385254,0.2,1.25,3.08,20.77,13.88,35.96,2.21,1.99,2.56
"WASouth","Ravensthorpe",120.736831665039,-33.8696632385254,0.2,1.26,2.99,20.32,13.6,35.13,2.21,1.99,2.55
"WASouth","Esperance",120.789474487305,-33.8696632385254,0.2,1.26,2.99,20.31,13.59,35.13,2.21,1.99,2.55
"WASouth","Esperance",120.842094421387,-33.8696632385254,0.2,1.26,3,20.17,13.5,34.86,2.21,1.99,2.56
"WASouth","Esperance",120.894737243652,-33.8696632385254,0.2,1.26,3,19.82,13.29,34.16,2.22,1.99,2.56
"WASouth","Esperance",120.947357177734,-33.8696632385254,0.2,1.26,3.04,19.23,12.96,32.95,2.18,1.97,2.51
"WASouth","Esperance",121,-33.8696632385254,0.2,1.26,3.03,18.5,12.55,31.36,2.18,1.97,2.52
"WASouth","Esperance",121.052635192871,-33.8696632385254,0.2,1.26,3.08,17.67,12.08,29.63,2.14,1.93,2.46
"WASouth","Esperance",121.105247497559,-33.8696632385254,0.2,1.26,2.84,17.41,11.94,29.1,2.24,2.02,2.59
"WASouth","Esperance",121.157897949219,-33.8696632385254,0.2,1.26,2.84,17.06,11.73,28.36,2.25,2.02,2.6
"WASouth","Esperance",121.210510253906,-33.8696632385254,0.2,1.27,2.89,16.41,11.35,27.06,2.19,1.98,2.51
"WASouth","Esperance",121.473670959473,-33.8696632385254,0.2,1.28,3.08,13.91,9.86,22.18,2.01,1.84,2.25
"WASouth","Esperance",121.526313781738,-33.8696632385254,0.2,1.28,3.04,12.8,9.19,20.05,2.02,1.85,2.26
"WASouth","Esperance",121.57893371582,-33.8696632385254,0.2,1.29,2.33,11.88,8.63,18.31,2.54,2.26,2.95
"WASouth","Esperance",121.947357177734,-33.8696632385254,0.2,1.31,1.57,9.33,6.97,13.83,4.45,3.69,5.71
"WASouth","Esperance",122,-33.8696632385254,0.2,1.32,1.85,8.49,6.43,12.34,3.13,2.71,3.78
"WASouth","Esperance",122.052635192871,-33.8696632385254,0.2,1.33,1.86,7.49,5.78,10.61,3.03,2.64,3.65
"WASouth","Esperance",123.631576538086,-33.8696632385254,0.2,1.3,2.47,10.69,7.86,16.19,2.94,2.54,3.57
"WASouth","Esperance",123.684211730957,-33.8696632385254,0.2,1.3,2.48,10.45,7.71,15.75,3.01,2.59,3.69
"SA","Elliston",135.105255126953,-33.8696632385254,0.2,1.81,3.69,4.64,3.8,6.05,1.73,1.61,1.91
"SA","Franklin Harbour",136.684204101562,-33.8696632385254,0.2,2.04,2.83,4.28,3.57,5.46,2.24,2.02,2.59
"SA","Franklin Harbour",136.736831665039,-33.8696632385254,0.2,2.05,2.84,4.2,3.51,5.34,2.22,2,2.55
"SA","Copper Coast",137.57893371582,-33.8696632385254,0.2,2.08,3.2,3.61,3.04,4.57,1.94,1.77,2.2
"WASouth","Augusta Margaret River",114.947357177734,-33.8259620666504,0.2,1.32,3.76,7.04,5.53,9.69,1.77,1.65,1.96
"WASouth","Esperance",121.263160705566,-33.8259620666504,0.2,1.27,2.92,15.93,11.05,26.18,2.13,1.93,2.42
"WASouth","Esperance",121.315773010254,-33.8259620666504,0.2,1.27,2.92,15.34,10.7,25.04,2.12,1.93,2.42
"WASouth","Esperance",121.368408203125,-33.8259620666504,0.2,1.27,3.07,14.8,10.36,24.01,2.04,1.86,2.29
"WASouth","Esperance",121.421051025391,-33.8259620666504,0.2,1.28,3.08,13.91,9.83,22.29,2.03,1.86,2.28
"WASouth","Esperance",123.736839294434,-33.8259620666504,0.2,1.29,2.48,11.01,8.07,16.76,3.02,2.6,3.72
"SA","Elliston",135.052627563477,-33.8259620666504,0.2,1.81,3.81,4.68,3.83,6.11,1.77,1.64,1.97
"SA","Franklin Harbour",136.789474487305,-33.8259620666504,0.2,2.05,2.84,4.17,3.48,5.3,2.2,1.99,2.54
"SA","Franklin Harbour",136.842086791992,-33.8259620666504,0.2,2.05,2.9,4.06,3.41,5.15,2.12,1.92,2.42
"SA","Copper Coast",137.631576538086,-33.8259620666504,0.2,2.08,3.2,3.6,3.03,4.55,1.93,1.77,2.19
"WASouth","Busselton",114.947357177734,-33.7822380065918,0.2,1.32,3.76,7.09,5.56,9.77,1.77,1.65,1.96
"WASouth","Esperance",123.736839294434,-33.7822380065918,0.2,1.29,2.48,11.14,8.15,17.02,3,2.58,3.69
"SA","Elliston",135,-33.7822418212891,0.2,1.81,3.9,4.71,3.86,6.17,1.75,1.62,1.94
"SA","Copper Coast",137.631576538086,-33.7822418212891,0.2,2.08,3.2,3.59,3.02,4.55,1.93,1.77,2.19
"NSW","Northern Beaches",151.315795898438,-33.7822380065918,0.2,1.45,3.01,383.42,159.27,1333.94,2.14,1.93,2.47
"WASouth","Busselton",114.947357177734,-33.7384948730469,0.2,1.32,3.77,7.1,5.57,9.8,1.76,1.63,1.94
"WASouth","Esperance",123.789474487305,-33.7384948730469,0.2,1.29,2.73,11.24,8.19,17.25,2.79,2.43,3.37
"SA","Elliston",134.947357177734,-33.7384948730469,0.2,1.81,3.77,4.73,3.87,6.2,1.84,1.7,2.07
"SA","Franklin Harbour",136.947372436523,-33.7384948730469,0.2,2.07,2.91,3.86,3.26,4.84,2.12,1.92,2.42
"SA","Franklin Harbour",137,-33.7384948730469,0.2,2.07,2.92,3.74,3.17,4.66,2.1,1.9,2.39
"SA","Franklin Harbour",137.052627563477,-33.7384948730469,0.2,2.09,2.93,3.59,3.06,4.44,2.08,1.89,2.37
"SA","Franklin Harbour",137.105255126953,-33.7384948730469,0.2,2.1,2.94,3.44,2.95,4.23,2.07,1.88,2.35
"SA","Franklin Harbour",137.157897949219,-33.7384948730469,0.2,2.11,2.93,3.35,2.88,4.1,2.12,1.92,2.43
"SA","Barunga West",137.684204101562,-33.7384948730469,0.2,2.1,3.21,3.42,2.9,4.3,1.94,1.77,2.2
"NSW","Northern Beaches",151.315795898438,-33.7384948730469,0.2,1.45,2.93,374.58,155.87,1301.19,2.21,1.99,2.56
"WASouth","Busselton",114.947364807129,-33.6947174072266,0.2,1.31,3.79,7.25,5.67,10.04,1.74,1.62,1.91
"WASouth","Esperance",123.789474487305,-33.6947288513184,0.2,1.29,2.23,11.32,8.23,17.45,3.6,3.03,4.54
"SA","Elliston",134.894729614258,-33.6947288513184,0.2,1.81,3.74,4.69,3.85,6.13,1.8,1.66,2.01
"SA","Franklin Harbour",137.210525512695,-33.6947174072266,0.2,2.07,2.91,3.85,3.23,4.89,2.2,1.97,2.55
"SA","Barunga West",137.736846923828,-33.6947174072266,0.2,2.11,3.22,3.3,2.81,4.11,1.92,1.76,2.17
"NSW","Northern Beaches",151.368423461914,-33.6947174072266,0.2,1.45,3.04,385.49,159.15,1357.12,2.15,1.94,2.48
"WASouth","Busselton",114.947357177734,-33.650936126709,0.2,1.31,3.79,7.47,5.82,10.4,1.74,1.62,1.91
"WASouth","Esperance",123.842102050781,-33.650936126709,0.2,1.29,2.23,11.62,8.39,18.1,3.65,3.07,4.62
"WASouth","Esperance",123.894737243652,-33.650936126709,0.2,1.29,2.23,11.22,8.15,17.33,3.64,3.06,4.61
"SA","Franklin Harbour",137.210525512695,-33.650936126709,0.2,2.06,2.92,3.88,3.24,4.95,2.19,1.97,2.55
"SA","Barunga West",137.789474487305,-33.650936126709,0.2,2.12,3.23,3.19,2.73,3.95,1.9,1.74,2.14
"NSW","Northern Beaches",151.368423461914,-33.650936126709,0.2,1.46,3.05,370.63,153.96,1293.26,2.15,1.94,2.48
NA,"Busselton",114.947364807129,-33.6071128845215,0.2,1.31,3.8,7.79,6.03,10.93,1.74,1.62,1.91
"WASouth","Busselton",115.157897949219,-33.6071243286133,0.2,1.29,2.84,8.78,6.63,12.83,2.08,1.88,2.39
"WASouth","Busselton",115.210525512695,-33.6071128845215,0.2,1.3,2.83,8.39,6.37,12.14,2.09,1.89,2.4
"WASouth","Busselton",115.263160705566,-33.6071243286133,0.2,1.3,2.78,8.02,6.13,11.49,2.12,1.91,2.45
"WASouth","Busselton",115.315788269043,-33.6071128845215,0.2,1.31,2.78,7.53,5.81,10.67,2.12,1.91,2.45
"WASouth","Busselton",115.368423461914,-33.6071128845215,0.2,1.31,2.79,7.3,5.65,10.31,2.11,1.9,2.44
"WASouth","Esperance",123.947364807129,-33.6071243286133,0.2,1.29,2.23,11.25,8.17,17.4,3.65,3.07,4.63
"SA","Elliston",134.842102050781,-33.6071128845215,0.2,1.83,3.65,4.33,3.59,5.57,1.79,1.65,1.99
"SA","Franklin Harbour",137.263153076172,-33.6071243286133,0.2,2.06,2.93,3.88,3.24,4.98,2.18,1.96,2.53
"SA","Barunga West",137.842102050781,-33.6071128845215,0.2,2.13,3.25,3.08,2.65,3.78,1.88,1.72,2.11
"NSW","Northern Beaches",151.368423461914,-33.6071128845215,0.2,1.46,2.97,354.22,148.45,1218.9,2.2,1.97,2.54
"WASouth","Busselton",114.947364807129,-33.5632781982422,0.2,1.3,3.93,8.19,6.3,11.6,1.7,1.59,1.86
"WASouth","Busselton",115.105262756348,-33.5632781982422,0.2,1.29,2.85,8.97,6.75,13.15,2.07,1.87,2.37
"WASouth","Capel",115.421051025391,-33.563289642334,0.2,1.31,2.97,7.59,5.83,10.82,2.07,1.87,2.38
"WASouth","Esperance",124,-33.563289642334,0.2,1.29,2.53,11.09,8.08,17.02,3.17,2.71,3.92
"SA","Elliston",134.842102050781,-33.5632781982422,0.2,1.83,3.66,4.24,3.52,5.43,1.7,1.59,1.86
"SA","Franklin Harbour",137.263153076172,-33.563289642334,0.2,2.07,2.93,3.87,3.22,4.97,2.17,1.95,2.52
"SA","Barunga West",137.894729614258,-33.563289642334,0.2,2.8,3.92,3,2.6,3.66,1.86,1.71,2.09
"NSW","Central Coast (NSW)",151.368423461914,-33.563289642334,0.2,1.46,2.85,331.92,140.86,1120.23,2.31,2.06,2.7
"WASouth","Busselton",115,-33.5194358825684,0.2,1.29,3.52,8.78,6.66,12.72,1.82,1.68,2.01
"WASouth","Busselton",115.052635192871,-33.5194358825684,0.2,1.29,2.89,8.76,6.64,12.74,2.1,1.9,2.4
"WASouth","Capel",115.473670959473,-33.5194358825684,0.2,1.31,2.98,7.45,5.73,10.63,2.07,1.87,2.37
"WASouth","Esperance",124,-33.5194358825684,0.2,1.29,2.32,10.92,7.98,16.7,3.23,2.74,4.06
"SA","Elliston",134.842086791992,-33.5194358825684,0.2,1.83,3.66,4.19,3.49,5.35,1.7,1.59,1.86
"SA","Franklin Harbour",137.315795898438,-33.5194358825684,0.2,2.07,2.93,3.77,3.15,4.82,2.19,1.96,2.54
"SA","Barunga West",137.894729614258,-33.5194358825684,0.2,2.8,3.92,3,2.6,3.66,1.86,1.71,2.09
"NSW","Central Coast (NSW)",151.421051025391,-33.5194358825684,0.2,1.46,2.85,279.22,121.4,911.1,2.3,2.05,2.69
"WASouth","Capel",115.526313781738,-33.4755554199219,0.2,1.3,3.07,7.83,5.97,11.3,2.03,1.84,2.32
"WASouth","Esperance",124,-33.4755554199219,0.2,1.3,2.23,10.76,7.89,16.4,3.33,2.81,4.24
"SA","Elliston",134.842086791992,-33.4755554199219,0.2,1.84,3.57,4.15,3.46,5.3,1.72,1.6,1.88
"SA","Franklin Harbour",137.315795898438,-33.4755554199219,0.2,2.07,2.93,3.73,3.12,4.76,2.19,1.96,2.54
"SA","Port Pirie",137.894729614258,-33.4755554199219,0.2,2.8,3.92,3,2.6,3.66,1.86,1.71,2.09
"NSW","Central Coast (NSW)",151.473678588867,-33.4755554199219,0.2,1.47,2.9,214.16,96.99,658.91,2.29,2.05,2.68
"WASouth","Capel",115.526313781738,-33.4316558837891,0.2,1.3,3.07,8.41,6.36,12.29,2.04,1.85,2.34
"WASouth","Esperance",124,-33.4316558837891,0.2,1.3,2.16,10.53,7.74,15.97,3.41,2.86,4.38
"SA","Elliston",134.842086791992,-33.4316558837891,0.2,1.84,3.56,4.12,3.44,5.25,1.71,1.59,1.87
"SA","Franklin Harbour",137.368423461914,-33.4316558837891,0.2,2.59,3.45,3.56,3,4.5,2.17,1.95,2.52
"SA","Port Pirie",137.894729614258,-33.4316558837891,0.2,2.8,3.92,3,2.59,3.65,1.86,1.71,2.09
"NSW","Central Coast (NSW)",151.473678588867,-33.4316558837891,0.2,1.47,2.91,160.53,76.49,457.4,2.29,2.04,2.67
"WASouth","Capel",115.578948974609,-33.3877182006836,0.2,1.29,3.14,8.6,6.48,12.63,1.99,1.81,2.27
"WASouth","Esperance",124.052635192871,-33.3877296447754,0.2,1.3,2.16,9.91,7.35,14.84,3.47,2.9,4.46
"SA","Elliston",134.789474487305,-33.3877296447754,0.2,2.17,3.88,4.19,3.49,5.35,1.71,1.6,1.88
"SA","Franklin Harbour",137.421051025391,-33.3877296447754,0.2,2.61,3.46,3.31,2.82,4.11,2.15,1.93,2.49
"SA","Port Pirie",137.842102050781,-33.3877182006836,0.2,2.8,3.92,3.01,2.6,3.66,1.87,1.72,2.1
"NSW","Central Coast (NSW)",151.473678588867,-33.3877182006836,0.2,1.48,2.98,140.49,68.46,387.1,2.24,2,2.61
"WASouth","Bunbury",115.57893371582,-33.3437843322754,0.2,1.29,3.14,8.75,6.59,12.87,1.99,1.81,2.27
"WASouth","Esperance",124.052635192871,-33.3437843322754,0.2,1.31,2.16,9.59,7.16,14.24,3.45,2.89,4.42
"SA","Elliston",134.789474487305,-33.3437843322754,0.2,2.17,4.06,4.14,3.46,5.27,1.67,1.56,1.82
"SA","Franklin Harbour",137.421051025391,-33.3437843322754,0.2,2.62,3.46,3.26,2.79,4.04,2.14,1.93,2.48
"SA","Port Pirie",137.842086791992,-33.3437843322754,0.2,2.81,3.92,2.99,2.59,3.63,1.87,1.72,2.1
"NSW","Central Coast (NSW)",151.473678588867,-33.3437843322754,0.2,1.48,2.74,121.08,60.46,321.82,2.44,2.14,2.91
"WASouth","Esperance",124.052635192871,-33.2998161315918,0.2,1.3,2.17,9.64,7.19,14.31,3.43,2.88,4.39
"SA","Elliston",134.736831665039,-33.2998161315918,0.2,2.16,4.05,4.23,3.53,5.41,1.67,1.57,1.83
"SA","Whyalla",137.421051025391,-33.2998161315918,0.2,2.62,3.46,3.24,2.77,4,2.14,1.93,2.47
"SA","Port Pirie",137.789474487305,-33.2998161315918,0.2,2.81,3.65,2.98,2.59,3.62,2.09,1.88,2.4
"NSW","Central Coast (NSW)",151.473678588867,-33.2998161315918,0.2,1.48,2.75,106.19,54.14,273.83,2.42,2.13,2.9
"WASouth","Harvey",115.631576538086,-33.2558288574219,0.2,1.3,3.3,8.33,6.31,12.13,1.91,1.75,2.14
"WASouth","Esperance",124.052635192871,-33.2558288574219,0.2,1.3,2.19,9.81,7.31,14.58,3.29,2.78,4.16
"SA","Streaky Bay",134.631576538086,-33.2558288574219,0.2,2.16,4.07,4.39,3.64,5.65,1.72,1.61,1.9
"SA","Elliston",134.684204101562,-33.2558288574219,0.2,2.16,4.08,4.28,3.56,5.48,1.73,1.61,1.9
"SA","Whyalla",137.421051025391,-33.2558288574219,0.2,2.62,3.46,3.22,2.76,3.98,2.14,1.93,2.47
"SA","Port Pirie",137.789474487305,-33.2558288574219,0.2,2.8,3.65,3,2.6,3.64,2.09,1.89,2.41
"NSW","Central Coast (NSW)",151.473678588867,-33.2558288574219,0.2,1.48,2.76,105.03,53.48,271.76,2.4,2.12,2.87
"NSW","Central Coast (NSW)",151.526321411133,-33.2558288574219,0.2,1.48,2.95,101.3,52.02,258.52,2.3,2.05,2.72
"NSW","Central Coast (NSW)",151.57893371582,-33.2558288574219,0.2,1.41,2.88,123.65,61.6,329.65,2.32,2.05,2.74
"WASouth","Harvey",115.631576538086,-33.2118148803711,0.2,1.29,3.3,8.69,6.55,12.73,1.91,1.75,2.15
"WASouth","Esperance",124.105262756348,-33.2118148803711,0.2,1.31,2.12,9.14,6.89,13.37,3.41,2.87,4.34
"SA","Streaky Bay",134.526321411133,-33.2118148803711,0.2,2.15,3.79,4.47,3.7,5.76,1.88,1.73,2.11
"SA","Streaky Bay",134.57893371582,-33.2118148803711,0.2,2.16,3.59,4.34,3.6,5.56,1.97,1.8,2.23
"SA","Whyalla",137.421051025391,-33.2118148803711,0.2,2.62,3.47,3.22,2.76,3.97,2.14,1.93,2.47
"SA","Port Pirie",137.789474487305,-33.2118148803711,0.2,2.8,3.65,3.03,2.62,3.68,2.09,1.89,2.41
"NSW","Central Coast (NSW)",151.631576538086,-33.2118148803711,0.2,1.41,2.92,142.3,69.29,392.26,2.31,2.05,2.74
"WASouth","Harvey",115.631576538086,-33.167781829834,0.2,1.29,3.3,9.03,6.77,13.31,1.91,1.75,2.15
"WASouth","Esperance",124.105262756348,-33.167781829834,0.2,1.31,2.13,9.21,6.94,13.45,3.35,2.83,4.24
"SA","Streaky Bay",134.315795898438,-33.167781829834,0.2,2.15,4.1,4.61,3.8,5.96,1.81,1.67,2.01
"SA","Streaky Bay",134.368423461914,-33.167781829834,0.2,2.15,3.76,4.56,3.77,5.9,1.95,1.78,2.21
"SA","Streaky Bay",134.421051025391,-33.167781829834,0.2,2.15,3.76,4.53,3.74,5.85,1.94,1.78,2.2
"SA","Streaky Bay",134.473678588867,-33.167781829834,0.2,2.15,3.8,4.45,3.68,5.73,1.91,1.75,2.14
"SA","Whyalla",137.473678588867,-33.1677703857422,0.2,2.63,3.47,3.18,2.73,3.91,2.14,1.93,2.48
"SA","Port Pirie",137.842102050781,-33.1677703857422,0.2,2.8,3.65,3.02,2.62,3.68,2.09,1.89,2.41
"SA","Port Pirie",137.894729614258,-33.167781829834,0.2,2.81,3.66,2.97,2.58,3.6,2.07,1.87,2.38
"SA","Port Pirie",137.947372436523,-33.1677703857422,0.2,2.81,3.67,2.93,2.55,3.55,2.05,1.86,2.36
"NSW","Lake Macquarie",151.684204101562,-33.167781829834,0.2,1.41,2.91,181.45,84.49,535.6,2.32,2.06,2.75
"WASouth","Harvey",115.631576538086,-33.1237258911133,0.2,1.29,3.36,9.22,6.9,13.65,1.88,1.73,2.11
"WASouth","Esperance",124.157897949219,-33.1237258911133,0.2,1.31,2.14,9.59,7.17,14.21,3.26,2.76,4.1
"SA","Streaky Bay",134.263153076172,-33.1237258911133,0.2,2.16,4.2,4.28,3.57,5.47,1.8,1.66,2
"SA","Whyalla",137.473678588867,-33.1237258911133,0.2,2.63,3.47,3.18,2.73,3.91,2.14,1.93,2.48
"SA","Whyalla",137.526321411133,-33.1237258911133,0.2,2.63,3.47,3.15,2.71,3.86,2.14,1.92,2.47
"NSW","Lake Macquarie",151.684204101562,-33.1237258911133,0.2,1.41,2.81,177.4,82.64,524.34,2.42,2.13,2.89
"WASouth","Harvey",115.631576538086,-33.079647064209,0.2,1.29,3.36,9.19,6.88,13.58,1.88,1.73,2.11
"WASouth","Esperance",124.210525512695,-33.079647064209,0.2,1.31,2.14,9.34,7,13.78,3.11,2.66,3.85
"SA","Streaky Bay",134.210510253906,-33.079647064209,0.2,2.16,4.25,4.27,3.56,5.45,1.75,1.62,1.94
"SA","Streaky Bay",134.263153076172,-33.079647064209,0.2,2.17,4.21,4.12,3.45,5.22,1.79,1.65,1.99
"SA","Unincorporated SA",137.578948974609,-33.079647064209,0.2,2.64,3.47,3.08,2.66,3.76,2.14,1.92,2.47
"SA","Mount Remarkable",138,-33.079647064209,0.2,2.81,3.67,2.94,2.55,3.56,2.04,1.85,2.34
"NSW","Lake Macquarie",151.684204101562,-33.079647064209,0.2,1.41,2.91,168.52,79.01,493.86,2.31,2.04,2.75
"WASouth","Harvey",115.631576538086,-33.0355453491211,0.2,1.29,3.36,8.98,6.75,13.21,1.88,1.73,2.1
"WASouth","Esperance",124.210525512695,-33.0355453491211,0.2,1.31,2.15,9.17,6.9,13.46,3.06,2.62,3.78
"WASouth","Dundas",124.263160705566,-33.0355453491211,0.2,1.31,2.14,8.9,6.71,13.02,3.06,2.63,3.78
"SA","Streaky Bay",134.157897949219,-33.0355453491211,0.2,2.17,4.37,4.07,3.41,5.16,1.72,1.6,1.89
"SA","Whyalla",137.684204101562,-33.0355453491211,0.2,2.64,3.48,3.07,2.65,3.75,2.12,1.91,2.45
"SA","Whyalla",137.736831665039,-33.0355453491211,0.2,2.64,3.49,3.07,2.65,3.75,2.11,1.9,2.44
"SA","Mount Remarkable",138,-33.0355453491211,0.2,2.81,3.67,2.96,2.57,3.6,2.05,1.85,2.35
"NSW","Lake Macquarie",151.684204101562,-33.0355453491211,0.2,1.41,2.92,151.81,72.35,434.37,2.3,2.03,2.73
"NSW","Lake Macquarie",151.736831665039,-33.0355453491211,0.2,1.41,2.91,163.51,76.86,477.95,2.3,2.04,2.74
"WASouth","Harvey",115.631576538086,-32.9914245605469,0.2,1.02,3.12,8.78,6.61,12.87,1.84,1.7,2.06
"WASouth","Dundas",124.315788269043,-32.9914245605469,0.2,1.31,2.14,8.75,6.62,12.77,2.96,2.56,3.63
"WASouth","Dundas",124.368423461914,-32.9914245605469,0.2,1.32,2.3,8.43,6.41,12.2,2.79,2.42,3.38
"SA","Streaky Bay",134.157897949219,-32.9914245605469,0.2,2.18,4.31,3.89,3.28,4.89,1.74,1.61,1.92
"SA","Mount Remarkable",137.947372436523,-32.9914245605469,0.2,2.8,3.67,3.01,2.61,3.67,2.06,1.87,2.37
"NSW","Lake Macquarie",151.789474487305,-32.9914245605469,0.2,1.41,2.97,181.02,83.54,544.23,2.22,1.97,2.62
"WASouth","Harvey",115.631576538086,-32.9472770690918,0.2,1.02,3.18,8.64,6.53,12.63,1.8,1.67,2
"WASouth","Dundas",124.421051025391,-32.9472770690918,0.2,1.32,2.3,8.1,6.19,11.64,2.77,2.41,3.36
"WASouth","Dundas",124.473686218262,-32.9472770690918,0.2,1.32,2.28,7.87,6.04,11.23,2.73,2.38,3.28
"WASouth","Dundas",124.526313781738,-32.9472770690918,0.2,1.33,2.28,7.71,5.94,10.96,2.73,2.38,3.29
"WASouth","Dundas",124.578948974609,-32.9472770690918,0.2,1.33,2.46,7.57,5.85,10.72,2.58,2.27,3.09
"WASouth","Dundas",124.631576538086,-32.9472770690918,0.2,1.33,2.46,7.49,5.79,10.57,2.59,2.27,3.1
"WASouth","Dundas",124.684211730957,-32.9472770690918,0.2,1.33,2.54,7.49,5.79,10.57,2.54,2.23,3.04
"WASouth","Dundas",124.736839294434,-32.9472770690918,0.2,1.33,2.64,7.58,5.85,10.73,2.49,2.19,2.97
"SA","Streaky Bay",134.157897949219,-32.9472770690918,0.2,2.19,4.31,3.8,3.22,4.76,1.73,1.61,1.91
"SA","Whyalla",137.842102050781,-32.947265625,0.2,2.64,3.5,3.07,2.65,3.75,2.08,1.88,2.39
"SA","Mount Remarkable",137.894729614258,-32.9472770690918,0.2,2.8,3.66,3.06,2.64,3.74,2.07,1.87,2.38
"NSW","Newcastle",151.789474487305,-32.9472770690918,0.2,1.41,2.97,165.33,77.25,488.72,2.21,1.97,2.61
"WASouth","Waroona",115.631576538086,-32.9031105041504,0.2,1.02,3.18,8.68,6.56,12.69,1.8,1.67,2
"WASouth","Dundas",124.789474487305,-32.9031105041504,0.2,1.33,2.72,7.74,5.96,11.01,2.44,2.15,2.9
"WASouth","Dundas",124.842102050781,-32.9031105041504,0.2,1.33,2.8,7.65,5.9,10.86,2.39,2.11,2.84
"SA","Streaky Bay",134.105270385742,-32.9030990600586,0.2,2.19,4.25,3.77,3.19,4.71,1.72,1.61,1.9
"SA","Whyalla",137.842102050781,-32.9030990600586,0.2,2.64,3.51,3.09,2.66,3.78,2.08,1.88,2.39
"SA","Mount Remarkable",137.894729614258,-32.9031105041504,0.2,2.64,3.51,3.08,2.66,3.77,2.07,1.87,2.37
NA,"Waroona",115.578948974609,-32.8589096069336,0.2,1.01,3.22,9.14,6.87,13.43,1.78,1.65,1.97
"WASouth","Dundas",124.894737243652,-32.8589210510254,0.2,1.32,2.5,8.19,6.25,11.8,2.58,2.27,3.08
"SA","Streaky Bay",134.105270385742,-32.8589096069336,0.2,2.2,4.05,3.69,3.13,4.6,1.72,1.61,1.89
"SA","Whyalla",137.842102050781,-32.8589096069336,0.2,2.63,3.51,3.11,2.68,3.81,2.07,1.87,2.37
"SA","Mount Remarkable",137.894729614258,-32.8589210510254,0.2,2.64,3.51,3.1,2.67,3.79,2.06,1.87,2.37
"NSW","Port Stephens",151.842102050781,-32.8589210510254,0.2,1.41,2.77,127.47,61.56,360.75,2.36,2.08,2.83
"NSW","Port Stephens",151.894729614258,-32.8589210510254,0.2,1.41,2.77,141.18,67.37,405.53,2.37,2.08,2.84
"NSW","Port Stephens",151.947372436523,-32.8589210510254,0.2,1.41,2.98,166.88,77.76,495.58,2.19,1.95,2.59
"WASouth","Waroona",115.578948974609,-32.8147010803223,0.2,1.01,3.22,9.12,6.86,13.37,1.78,1.65,1.97
"WASouth","Dundas",124.947364807129,-32.8147125244141,0.2,1.32,2.45,8.18,6.23,11.78,2.58,2.27,3.07
"SA","Streaky Bay",134.105270385742,-32.8147125244141,0.2,2.2,4.12,3.67,3.11,4.56,1.71,1.6,1.88
"SA","Whyalla",137.842102050781,-32.8147010803223,0.2,2.63,3.51,3.11,2.68,3.81,2.07,1.88,2.38
"SA","Mount Remarkable",137.894729614258,-32.8147125244141,0.2,2.63,3.51,3.1,2.67,3.79,2.07,1.87,2.37
"NSW","Port Stephens",152,-32.8147125244141,0.2,1.47,3.18,189.73,86.91,576.65,2.08,1.87,2.43
"NSW","Port Stephens",152.052627563477,-32.8147125244141,0.2,1.47,2.96,188.58,86.55,571.14,2.23,1.98,2.64
"NSW","Port Stephens",152.105270385742,-32.8147125244141,0.2,1.47,3.21,204.1,92.83,625.29,2.03,1.83,2.35
"WASouth","Mandurah",115.578948974609,-32.7704658508301,0.2,1.02,3.37,8.99,6.79,13.14,1.73,1.61,1.9
"WASouth","Dundas",125,-32.7704772949219,0.2,1.32,2.71,7.83,6,11.2,2.37,2.11,2.79
"WASouth","Dundas",125.052635192871,-32.7704772949219,0.2,1.33,2.8,7.76,5.95,11.1,2.33,2.08,2.74
NA,"Dundas",125.105262756348,-32.7704772949219,0.2,1.32,2.89,7.88,6.03,11.34,2.29,2.04,2.68
"SA","Streaky Bay",134.052627563477,-32.7704772949219,0.2,2.2,4.12,3.68,3.12,4.59,1.72,1.6,1.89
"SA","Port Augusta",137.789474487305,-32.7704772949219,0.2,2.63,3.5,3.11,2.68,3.8,2.08,1.89,2.39
"SA","Port Augusta",137.894729614258,-32.7704772949219,0.2,2.63,3.51,3.1,2.67,3.8,2.07,1.87,2.38
"NSW","Port Stephens",152.157897949219,-32.7704772949219,0.2,1.47,3.21,200.79,91.92,607.96,2.04,1.84,2.36
"WASouth","Mandurah",115.578948974609,-32.7262115478516,0.2,1.02,3.39,8.68,6.59,12.56,1.71,1.6,1.88
"WASouth","Dundas",125.157897949219,-32.7262229919434,0.2,1.32,2.71,8.07,6.14,11.68,2.39,2.12,2.8
"SA","Streaky Bay",134.052627563477,-32.7262229919434,0.2,2.2,3.33,3.61,3.07,4.48,2.15,1.95,2.46
"SA","Port Augusta",137.789474487305,-32.7262229919434,0.2,2.63,3.5,3.11,2.68,3.81,2.09,1.89,2.4
"WASouth","Mandurah",115.578948974609,-32.6819343566895,0.2,1.02,3.4,8.6,6.54,12.43,1.7,1.59,1.86
"WASouth","Dundas",125.210525512695,-32.6819458007812,0.2,1.32,2.47,7.87,6.01,11.37,2.56,2.26,3.03
"SA","Streaky Bay",134.105270385742,-32.6819343566895,0.2,2.22,3.35,3.44,2.95,4.23,2.1,1.91,2.38
"SA","Streaky Bay",134.157897949219,-32.6819458007812,0.2,2.23,3.37,3.27,2.82,3.98,2.05,1.87,2.32
"SA","Streaky Bay",134.210525512695,-32.6819343566895,0.2,2.25,3.39,3.08,2.68,3.71,2.01,1.84,2.27
"SA","Port Augusta",137.789474487305,-32.6819458007812,0.2,2.63,3.5,3.12,2.69,3.82,2.09,1.89,2.4
"SA","Port Augusta",137.842102050781,-32.6819343566895,0.2,2.63,3.51,3.1,2.68,3.8,2.08,1.88,2.39
"NSW","Mid-Coast",152.210525512695,-32.6819343566895,0.2,1.47,2.96,196.12,90.22,589.22,2.26,2,2.67
"WASouth","Mandurah",115.578948974609,-32.6376342773438,0.2,1.16,3.54,8.88,6.72,12.93,1.69,1.58,1.86
"WASouth","Dundas",125.263160705566,-32.6376457214355,0.2,1.33,2.74,7.75,5.92,11.15,2.36,2.1,2.77
"WASouth","Dundas",125.315788269043,-32.6376457214355,0.2,1.33,2.83,7.7,5.89,11.08,2.3,2.06,2.69
"WASouth","Dundas",125.368423461914,-32.6376457214355,0.2,1.32,2.9,7.83,5.97,11.3,2.28,2.04,2.67
"WASouth","Dundas",125.421051025391,-32.6376457214355,0.2,1.32,2.9,8.04,6.11,11.66,2.29,2.05,2.67
NA,"Dundas",125.473686218262,-32.6376457214355,0.2,1.32,2.96,8.29,6.27,12.09,2.26,2.02,2.63
"SA","Streaky Bay",134.210525512695,-32.6376342773438,0.2,2.25,3.39,3.06,2.66,3.69,2.01,1.84,2.26
"SA","Port Augusta",137.842102050781,-32.6376457214355,0.2,2.63,3.51,3.11,2.68,3.8,2.08,1.88,2.39
"NSW","Mid-Coast",152.210525512695,-32.6376457214355,0.2,1.47,2.97,196.35,90.26,590.75,2.24,1.99,2.66
"NSW","Mid-Coast",152.263153076172,-32.6376457214355,0.2,1.47,2.96,187.35,86.83,556.67,2.24,1.99,2.66
"WASouth","Mandurah",115.631576538086,-32.5933265686035,0.2,1.17,3.46,7.84,6.01,11.22,1.69,1.58,1.85
"WASouth","Dundas",125.526313781738,-32.5933265686035,0.2,1.31,2.82,8.64,6.51,12.69,2.33,2.08,2.72
"SA","Streaky Bay",134.210525512695,-32.5933151245117,0.2,2.26,3.4,3.04,2.65,3.66,2,1.83,2.25
"NSW","Mid-Coast",152.315795898438,-32.5933151245117,0.2,1.47,2.98,215.87,98.2,657.91,2.19,1.95,2.57
"WASouth","Mandurah",115.684211730957,-32.5489845275879,0.2,1.02,3.33,7.2,5.58,10.16,1.67,1.57,1.83
"WASouth","Dundas",125.578948974609,-32.5489845275879,0.2,1.31,2.55,8.84,6.64,13.03,2.53,2.24,3
"SA","Ceduna",133.894729614258,-32.5489845275879,0.2,2.19,4.08,3.77,3.19,4.72,1.78,1.65,1.97
"SA","Ceduna",133.947372436523,-32.5489845275879,0.2,2.2,3.96,3.63,3.09,4.51,1.85,1.71,2.07
"SA","Streaky Bay",134.210525512695,-32.5489845275879,0.2,2.26,3.4,3.01,2.63,3.62,1.99,1.82,2.24
"NSW","Mid-Coast",152.315795898438,-32.5489845275879,0.2,1.47,2.99,215.98,98.3,657.54,2.17,1.94,2.55
"NSW","Mid-Coast",152.368423461914,-32.5489845275879,0.2,1.47,3,208.82,95.16,635.96,2.13,1.91,2.49
"WASouth","Mandurah",115.684211730957,-32.5046195983887,0.2,1.01,3.33,7.54,5.81,10.69,1.68,1.57,1.83
"WASouth","Dundas",125.631576538086,-32.5046195983887,0.2,1.31,2.56,9.1,6.8,13.51,2.52,2.23,2.97
"WASouth","Dundas",125.684211730957,-32.5046195983887,0.2,1.31,2.86,9.07,6.78,13.46,2.28,2.04,2.64
"SA","Ceduna",133.842086791992,-32.5046195983887,0.2,2.19,4.03,3.83,3.23,4.81,1.82,1.68,2.02
"SA","Ceduna",134,-32.5046195983887,0.2,2.21,3.97,3.53,3.02,4.36,1.83,1.69,2.04
"SA","Ceduna",134.052627563477,-32.5046195983887,0.2,2.22,3.99,3.37,2.9,4.13,1.81,1.67,2.01
"SA","Ceduna",134.105255126953,-32.5046195983887,0.2,2.24,4,3.22,2.78,3.9,1.79,1.66,1.98
"SA","Streaky Bay",134.157897949219,-32.5046195983887,0.2,2.25,4.02,3.08,2.68,3.7,1.77,1.64,1.95
"NSW","Mid-Coast",152.421051025391,-32.5046195983887,0.2,1.47,2.99,199.55,91.6,601.21,2.14,1.91,2.49
"NSW","Mid-Coast",152.473678588867,-32.5046195983887,0.2,1.47,3.21,207.91,94.82,632.36,2,1.81,2.29
"WASouth","Mandurah",115.684211730957,-32.4602317810059,0.2,1.01,3.32,8.03,6.14,11.52,1.67,1.57,1.83
"WASouth","Dundas",125.736839294434,-32.4602317810059,0.2,1.31,2.77,9.25,6.9,13.76,2.36,2.11,2.76
"SA","Ceduna",133.842086791992,-32.4602317810059,0.2,2.19,3.73,3.72,3.15,4.65,1.98,1.8,2.24
"NSW","Mid-Coast",152.526321411133,-32.4602317810059,0.2,1.21,2.78,228.87,102.95,709.76,2.15,1.93,2.51
"WASouth","Rockingham",115.684211730957,-32.4158248901367,0.2,1,3.34,8.3,6.32,11.98,1.66,1.55,1.81
"WASouth","Dundas",125.736839294434,-32.4158248901367,0.2,1.31,2.77,9.14,6.84,13.56,2.35,2.1,2.75
"WASouth","Dundas",125.789474487305,-32.4158248901367,0.2,1.31,2.5,8.97,6.73,13.27,2.64,2.32,3.15
"SA","Ceduna",133.842102050781,-32.4158134460449,0.2,2.2,3.74,3.62,3.08,4.51,1.95,1.78,2.2
"NSW","Mid-Coast",152.578948974609,-32.4158134460449,0.2,1.21,2.84,273.05,119.35,883.25,2.09,1.89,2.41
"WASouth","Rockingham",115.684211730957,-32.3713912963867,0.2,1,3.34,8.5,6.45,12.31,1.66,1.55,1.81
"WASouth","Dundas",125.842102050781,-32.3713912963867,0.2,1.31,2.78,8.94,6.7,13.23,2.36,2.1,2.76
"SA","Unincorporated SA",133.842086791992,-32.3713912963867,0.2,2.21,3.76,3.51,3,4.34,1.92,1.76,2.16
"NSW","Mid-Coast",152.578948974609,-32.3713912963867,0.2,1.21,2.84,279.46,121.58,910.84,2.09,1.89,2.41
"WASouth","Dundas",125.894737243652,-32.3269386291504,0.2,1.31,2.5,8.8,6.6,12.98,2.62,2.3,3.13
"WASouth","Dundas",125.947364807129,-32.3269386291504,0.2,1.31,2.5,8.66,6.51,12.77,2.6,2.29,3.09
"WASouth","Dundas",126,-32.3269386291504,0.2,1.31,2.76,8.64,6.49,12.72,2.36,2.1,2.76
"WASouth","Dundas",126.578948974609,-32.3269386291504,0.2,1.33,3.09,7.69,5.88,11.09,2.14,1.93,2.47
"WASouth","Dundas",126.631576538086,-32.3269386291504,0.2,1.33,3.09,7.75,5.91,11.21,2.14,1.93,2.47
"WASouth","Dundas",126.684211730957,-32.3269386291504,0.2,1.33,3.1,7.74,5.9,11.22,2.14,1.93,2.46
"WASouth","Dundas",126.736839294434,-32.3269386291504,0.2,1.33,3.1,7.63,5.82,11.04,2.13,1.92,2.45
"WASouth","Dundas",126.789474487305,-32.3269386291504,0.2,1.33,3.12,7.58,5.78,10.95,2.11,1.91,2.43
"WASouth","Dundas",126.842102050781,-32.3269386291504,0.2,1.33,3.14,7.69,5.85,11.15,2.09,1.9,2.4
"SA","Unincorporated SA",133.842102050781,-32.3269309997559,0.2,2.22,3.77,3.42,2.93,4.2,1.9,1.74,2.13
"NSW","Mid-Coast",152.526321411133,-32.3269386291504,0.2,1.21,2.4,298.1,128.54,983.38,2.45,2.17,2.89
"WASouth","Rockingham",115.684211730957,-32.2824668884277,0.2,1.2,3.59,9.55,7.11,14.22,1.63,1.53,1.78
"WASouth","Dundas",126.105262756348,-32.2824668884277,0.2,1.32,2.88,8.6,6.47,12.67,2.26,2.02,2.62
"WASouth","Dundas",126.157897949219,-32.2824668884277,0.2,1.32,2.88,8.33,6.29,12.19,2.24,2.01,2.6
"WASouth","Dundas",126.210525512695,-32.2824668884277,0.2,1.32,2.94,8.13,6.16,11.84,2.21,1.98,2.55
"WASouth","Dundas",126.263160705566,-32.2824668884277,0.2,1.32,2.97,7.97,6.06,11.57,2.18,1.96,2.52
"WASouth","Dundas",126.315788269043,-32.2824668884277,0.2,1.32,2.97,7.9,6.02,11.45,2.19,1.97,2.53
"WASouth","Dundas",126.368423461914,-32.2824668884277,0.2,1.32,2.98,7.82,5.96,11.29,2.18,1.96,2.51
"WASouth","Dundas",126.421051025391,-32.2824668884277,0.2,1.33,2.98,7.62,5.84,10.96,2.17,1.95,2.5
"WASouth","Dundas",126.473686218262,-32.2824668884277,0.2,1.33,3.09,7.23,5.58,10.3,2.14,1.93,2.47
"WASouth","Dundas",126.526313781738,-32.2824668884277,0.2,1.34,3.1,6.74,5.24,9.46,2.13,1.92,2.45
"WASouth","Dundas",126.894737243652,-32.2824668884277,0.2,1.32,3.15,8.14,6.13,12.01,2.08,1.88,2.37
"WASouth","Dundas",126.947364807129,-32.2824668884277,0.2,1.33,3.17,7.61,5.78,11.09,2.07,1.87,2.36
"WASouth","Dundas",127,-32.2824668884277,0.2,1.33,3.17,7.5,5.71,10.88,2.06,1.87,2.36
"WASouth","Dundas",127.052635192871,-32.2824668884277,0.2,1.33,3.17,7.51,5.72,10.89,2.06,1.87,2.36
"WASouth","Dundas",127.105262756348,-32.2824668884277,0.2,1.33,3.18,7.53,5.74,10.92,2.05,1.86,2.34
"WASouth","Dundas",127.157897949219,-32.2824668884277,0.2,1.33,3.18,7.5,5.73,10.86,2.04,1.85,2.33
"WASouth","Dundas",127.210525512695,-32.2824668884277,0.2,1.33,3.19,7.49,5.72,10.81,2.02,1.84,2.3
"WASouth","Dundas",127.263160705566,-32.2824668884277,0.2,1.33,3.2,7.57,5.78,10.93,2,1.83,2.27
"WASouth","Dundas",127.315788269043,-32.2824668884277,0.2,1.32,3.09,7.82,5.96,11.33,2.02,1.84,2.29
"WASouth","Dundas",127.368423461914,-32.2824668884277,0.2,1.32,3.09,8.14,6.17,11.84,2.02,1.84,2.29
"SA","Ceduna",133.736846923828,-32.2824668884277,0.2,2.2,3.34,3.64,3.1,4.53,2.02,1.85,2.28
"SA","Ceduna",133.789474487305,-32.2824668884277,0.2,2.21,3.36,3.56,3.03,4.4,2,1.83,2.25
"SA","Ceduna",133.842102050781,-32.2824668884277,0.2,2.22,3.78,3.4,2.92,4.18,1.89,1.73,2.12
"NSW","Mid-Coast",152.526321411133,-32.2824668884277,0.2,1.21,2.36,309.22,132.27,1033.35,2.55,2.24,3.04
"WASouth","Kwinana",115.736831665039,-32.2379684448242,0.2,1.2,3.61,9.07,6.77,13.5,1.62,1.52,1.76
"WASouth","Dundas",127.421051025391,-32.2379684448242,0.2,1.32,3.1,8.41,6.35,12.31,2.01,1.83,2.27
"WASouth","Dundas",127.473670959473,-32.2379684448242,0.2,1.32,3.14,7.93,6.04,11.48,1.98,1.81,2.23
"WASouth","Dundas",127.526313781738,-32.2379684448242,0.2,1.32,3.17,7.87,6.01,11.35,1.96,1.8,2.21
"SA","Unincorporated SA",133.210510253906,-32.2379684448242,0.2,2.17,3.84,4.18,3.5,5.3,1.86,1.72,2.08
"SA","Ceduna",133.263153076172,-32.2379684448242,0.2,2.17,3.54,4.13,3.46,5.23,1.96,1.8,2.21
"SA","Unincorporated SA",133.684204101562,-32.2379684448242,0.2,2.21,3.35,3.56,3.04,4.41,2.01,1.83,2.26
"NSW","Mid-Coast",152.526321411133,-32.2379684448242,0.2,1.21,2.36,325.58,137.71,1107.96,2.54,2.24,3.03
"WASouth","Kwinana",115.736839294434,-32.1934394836426,0.2,1.2,3.6,9.6,7.11,14.43,1.62,1.52,1.76
"WASouth","Dundas",127.578948974609,-32.1934509277344,0.2,1.32,3.07,8.13,6.18,11.78,1.97,1.81,2.22
"WASouth","Dundas",127.631576538086,-32.1934509277344,0.2,2.07,3.82,7.67,5.88,10.99,1.96,1.8,2.21
"SA","Unincorporated SA",133.157897949219,-32.1934509277344,0.2,2.17,4.06,4.13,3.46,5.22,1.78,1.65,1.96
"SA","Ceduna",133.315795898438,-32.1934509277344,0.2,2.17,3.53,4.09,3.43,5.17,1.93,1.78,2.16
"SA","Ceduna",133.368423461914,-32.1934509277344,0.2,2.18,3.45,3.98,3.35,5.02,1.89,1.74,2.1
"SA","Ceduna",133.421051025391,-32.1934509277344,0.2,2.18,3.46,3.92,3.3,4.93,1.88,1.74,2.09
"NSW","Mid-Coast",152.526321411133,-32.1934509277344,0.2,1.21,2.62,353.2,146.58,1240.27,2.25,2.01,2.62
"WASouth","Cockburn",115.736839294434,-32.1489028930664,0.2,1.19,3.5,10.28,7.55,15.62,1.64,1.54,1.79
"WASouth","Dundas",127.684211730957,-32.1489105224609,0.2,2.07,3.83,7.53,5.79,10.73,1.96,1.8,2.21
"WASouth","Dundas",127.736839294434,-32.1489105224609,0.2,2.08,3.88,7.21,5.58,10.21,1.93,1.77,2.17
"SA","Unincorporated SA",133.105270385742,-32.1489105224609,0.2,2.17,4.05,4.16,3.48,5.27,1.83,1.69,2.04
"SA","Ceduna",133.473678588867,-32.1489105224609,0.2,2.18,3.47,3.86,3.26,4.85,1.86,1.72,2.06
"SA","Ceduna",133.526321411133,-32.1489105224609,0.2,2.19,3.48,3.76,3.18,4.7,1.84,1.7,2.04
"SA","Ceduna",133.578948974609,-32.1489105224609,0.2,2.19,3.5,3.71,3.14,4.62,1.81,1.68,2
"NSW","Mid-Coast",152.526321411133,-32.1489105224609,0.2,1.21,2.55,389.34,158.12,1416.13,2.34,2.08,2.74
"WASouth","Cockburn",115.736831665039,-32.1043510437012,0.2,1.19,3.5,10.94,7.98,16.79,1.64,1.54,1.79
"WASouth","Dundas",127.789474487305,-32.1043510437012,0.2,2.08,3.78,6.94,5.39,9.77,1.98,1.81,2.24
"WASouth","Dundas",127.842094421387,-32.1043510437012,0.2,2.09,3.79,6.64,5.18,9.29,1.98,1.81,2.23
"WASouth","Dundas",127.894737243652,-32.1043510437012,0.2,2.09,3.79,6.54,5.11,9.12,1.98,1.81,2.24
"WASouth","Dundas",127.947357177734,-32.1043510437012,0.2,2.09,3.84,6.57,5.14,9.18,1.96,1.79,2.2
"WASouth","Dundas",128,-32.1043510437012,0.2,2.09,3.87,6.69,5.22,9.36,1.94,1.78,2.18
"WASouth","Dundas",128.052627563477,-32.1043510437012,0.2,2.09,3.73,6.83,5.32,9.59,2.05,1.87,2.34
"SA","Unincorporated SA",132.947357177734,-32.1043510437012,0.2,2.14,4.05,4.66,3.84,6.03,1.82,1.68,2.03
"SA","Unincorporated SA",133,-32.1043510437012,0.2,2.15,3.78,4.49,3.72,5.77,1.93,1.77,2.17
"NSW","Mid-Coast",152.526321411133,-32.1043510437012,0.2,1.2,2.55,417.95,167.04,1560.77,2.33,2.08,2.74
"WASouth","Dundas",128.105270385742,-32.0597686767578,0.2,2.09,3.72,6.85,5.33,9.6,2.07,1.88,2.36
"WASouth","Dundas",128.157897949219,-32.0597686767578,0.2,2.09,3.73,6.76,5.28,9.45,2.06,1.87,2.35
"WASouth","Dundas",128.210510253906,-32.0597686767578,0.2,2.08,3.78,6.9,5.38,9.68,2.02,1.84,2.29
"SA","Unincorporated SA",132.210510253906,-32.0597686767578,0.2,2.12,4.06,5.29,4.28,7,1.85,1.71,2.07
"SA","Unincorporated SA",132.263153076172,-32.0597686767578,0.2,2.12,3.89,5.31,4.31,7.04,1.92,1.76,2.16
"SA","Unincorporated SA",132.315780639648,-32.0597686767578,0.2,2.12,3.82,5.34,4.32,7.08,1.97,1.8,2.23
"SA","Unincorporated SA",132.894729614258,-32.0597686767578,0.2,2.14,3.91,4.71,3.88,6.12,1.88,1.73,2.1
"NSW","Mid-Coast",152.578948974609,-32.0597686767578,0.2,1.2,2.46,425.36,169.67,1592.15,2.45,2.16,2.9
"WASouth","Cottesloe",115.736831665039,-32.0151634216309,0.2,1.18,3.34,11.48,8.34,17.7,1.64,1.54,1.79
"WASouth","Dundas",128.263153076172,-32.0151634216309,0.2,2.08,3.68,6.96,5.41,9.77,2.08,1.89,2.38
"WASouth","Dundas",128.315780639648,-32.0151634216309,0.2,2.08,3.68,6.91,5.38,9.69,2.08,1.89,2.37
"SA","Unincorporated SA",132.157897949219,-32.0151634216309,0.2,2.14,3.96,4.75,3.9,6.18,1.87,1.72,2.1
"SA","Unincorporated SA",132.368423461914,-32.0151634216309,0.2,2.12,3.84,5.39,4.36,7.15,1.97,1.8,2.23
"SA","Unincorporated SA",132.473678588867,-32.0151634216309,0.2,2.13,3.89,5.05,4.12,6.63,1.95,1.78,2.2
"SA","Unincorporated SA",132.842086791992,-32.0151634216309,0.2,2.14,3.69,4.72,3.88,6.13,2.01,1.83,2.28
"NSW","Mid-Coast",152.578948974609,-32.0151634216309,0.2,1.2,2.46,440.72,174.67,1666.08,2.44,2.16,2.9
"WASouth","Dundas",128.368423461914,-31.9705352783203,0.2,2.08,3.56,7.09,5.5,10,2.16,1.95,2.49
"SA","Unincorporated SA",132.105255126953,-31.9705352783203,0.2,2.15,3.97,4.59,3.78,5.95,1.86,1.71,2.08
"SA","Unincorporated SA",132.526321411133,-31.9705352783203,0.2,2.14,3.5,4.84,3.97,6.3,2.25,2.01,2.61
"SA","Unincorporated SA",132.57893371582,-31.9705352783203,0.2,2.14,3.6,4.76,3.91,6.18,2.13,1.92,2.45
"SA","Unincorporated SA",132.631576538086,-31.9705352783203,0.2,2.14,3.6,4.75,3.91,6.17,2.12,1.91,2.43
"SA","Unincorporated SA",132.684204101562,-31.9705352783203,0.2,2.14,3.65,4.76,3.92,6.19,2.07,1.88,2.36
"SA","Unincorporated SA",132.736831665039,-31.9705352783203,0.2,2.14,3.7,4.75,3.91,6.17,2.03,1.85,2.31
"SA","Unincorporated SA",132.789474487305,-31.9705352783203,0.2,2.14,3.69,4.68,3.85,6.06,2.01,1.83,2.28
"NSW","Mid-Coast",152.631576538086,-31.9705352783203,0.2,1.54,2.92,450.94,177.25,1730.38,2.32,2.06,2.73
"WASouth","Cambridge",115.684211730957,-31.9258880615234,0.2,1.19,3.33,11.71,8.52,17.97,1.65,1.54,1.8
"WASouth","Dundas",128.368423461914,-31.9258880615234,0.2,2.08,3.58,7.04,5.46,9.94,2.14,1.93,2.46
"WASouth","Dundas",128.421051025391,-31.9258880615234,0.2,2.09,3.58,6.84,5.32,9.6,2.13,1.93,2.45
"WASouth","Dundas",128.473678588867,-31.9258880615234,0.2,2.09,3.58,6.86,5.33,9.64,2.13,1.93,2.45
"SA","Unincorporated SA",132,-31.9258880615234,0.2,2.14,4.1,4.77,3.91,6.23,1.81,1.68,2.02
"SA","Unincorporated SA",132.052627563477,-31.9258880615234,0.2,2.15,4.02,4.57,3.76,5.92,1.8,1.67,2
"NSW","Mid-Coast",152.631576538086,-31.9258880615234,0.2,1.54,2.92,435.63,172.06,1660.47,2.32,2.06,2.72
"WASouth","Stirling",115.684211730957,-31.881217956543,0.2,1.19,3.29,11.56,8.43,17.68,1.68,1.57,1.84
"WASouth","Dundas",128.526321411133,-31.881217956543,0.2,2.08,3.7,6.96,5.4,9.81,2.05,1.86,2.33
"WASouth","Dundas",128.578948974609,-31.881217956543,0.2,2.09,3.59,6.77,5.27,9.5,2.11,1.91,2.41
"WASouth","Dundas",128.631576538086,-31.881217956543,0.2,2.08,3.59,6.92,5.37,9.74,2.12,1.92,2.43
"SA","Unincorporated SA",131.947372436523,-31.881217956543,0.2,2.14,3.99,4.76,3.9,6.23,1.86,1.71,2.08
"NSW","Mid-Coast",152.631576538086,-31.881217956543,0.2,1.54,2.97,414.38,165.11,1558.48,2.25,2.01,2.63
"NSW","Mid-Coast",152.684204101562,-31.881217956543,0.2,1.54,2.97,427.51,169.51,1619.33,2.25,2.01,2.63
"WASouth","Dundas",128.684204101562,-31.8365268707275,0.2,2.08,3.38,7.16,5.53,10.14,2.28,2.04,2.66
"SA","Unincorporated SA",131.842086791992,-31.8365249633789,0.2,2.13,4.07,5.06,4.11,6.7,1.83,1.69,2.05
"SA","Unincorporated SA",131.894729614258,-31.8365268707275,0.2,2.14,4.08,4.85,3.96,6.38,1.82,1.68,2.02
"NSW","Mid-Coast",152.736846923828,-31.8365249633789,0.2,1.54,3.06,441.72,174.81,1674.54,2.19,1.96,2.55
"WASouth","Joondalup",115.684211730957,-31.7918128967285,0.2,1.19,3.42,11.82,8.59,18.21,1.67,1.56,1.83
"WASouth","Dundas",128.684204101562,-31.7918128967285,0.2,2.08,3.39,7.08,5.48,10.02,2.25,2.02,2.61
"WASouth","Dundas",128.736846923828,-31.7918128967285,0.2,2.09,3.4,6.84,5.32,9.62,2.25,2.01,2.61
"WASouth","Dundas",128.789474487305,-31.7918128967285,0.2,2.08,3.37,6.93,5.38,9.76,2.29,2.05,2.68
"WASouth","Dundas",128.842102050781,-31.7918128967285,0.2,2.08,3.37,7.21,5.57,10.23,2.32,2.07,2.71
"SA","Unincorporated SA",131.789474487305,-31.7918128967285,0.2,2.13,4.02,5.02,4.07,6.64,1.87,1.72,2.09
"NSW","Mid-Coast",152.789474487305,-31.7918128967285,0.2,1.54,3.05,467.58,183.52,1793.24,2.18,1.96,2.53
"WASouth","Joondalup",115.684211730957,-31.7470779418945,0.2,1.18,3.42,12.03,8.71,18.61,1.72,1.6,1.89
"WASouth","Dundas",128.947357177734,-31.7470760345459,0.2,2.08,3.36,7.32,5.64,10.43,2.33,2.08,2.73
NA,"Dundas",129,-31.7470779418945,0.2,2.07,3.35,7.52,5.77,10.78,2.34,2.08,2.74
"SA","Unincorporated SA",131.736831665039,-31.7470760345459,0.2,2.13,3.93,5.01,4.07,6.64,1.9,1.74,2.13
"NSW","Mid-Coast",152.789474487305,-31.7470779418945,0.2,1.54,2.94,455.4,179.59,1733.91,2.29,2.04,2.69
"WASouth","Wanneroo",115.631576538086,-31.702320098877,0.2,1.18,3.41,13.13,9.4,20.59,1.73,1.61,1.91
"SA","Unincorporated SA",129.052627563477,-31.702320098877,0.2,2.07,3.47,7.57,5.8,10.85,2.24,2.01,2.6
"SA","Unincorporated SA",129.105270385742,-31.702320098877,0.2,2.08,3.55,7.38,5.68,10.55,2.2,1.98,2.54
"SA","Unincorporated SA",129.157897949219,-31.702320098877,0.2,2.08,3.55,7.29,5.62,10.4,2.19,1.97,2.54
"SA","Unincorporated SA",129.210525512695,-31.702320098877,0.2,2.08,3.62,7.19,5.55,10.23,2.16,1.94,2.48
"SA","Unincorporated SA",129.263153076172,-31.702320098877,0.2,2.08,3.69,7.07,5.47,10.02,2.12,1.92,2.44
NA,"Unincorporated SA",129.315795898438,-31.702320098877,0.2,2.08,3.74,6.96,5.39,9.84,2.1,1.9,2.4
NA,"Unincorporated SA",129.368423461914,-31.702320098877,0.2,2.09,3.77,6.85,5.32,9.65,2.09,1.89,2.38
NA,"Unincorporated SA",129.421051025391,-31.702320098877,0.2,2.09,3.77,6.73,5.24,9.44,2.09,1.89,2.38
NA,"Unincorporated SA",129.473678588867,-31.702320098877,0.2,2.09,3.79,6.63,5.18,9.27,2.08,1.89,2.38
"SA","Unincorporated SA",131.631576538086,-31.702320098877,0.2,2.13,4,5.12,4.14,6.8,1.87,1.72,2.09
"SA","Unincorporated SA",131.684204101562,-31.702320098877,0.2,2.13,4,4.98,4.05,6.6,1.88,1.73,2.1
"NSW","Port Macquarie-Hastings",152.789474487305,-31.702320098877,0.2,1.54,2.95,434.2,172.78,1630.14,2.29,2.04,2.69
"WASouth","Wanneroo",115.631576538086,-31.6575412750244,0.2,1.18,3.34,12.78,9.19,19.96,1.8,1.67,2.01
"SA","Unincorporated SA",129.526321411133,-31.6575412750244,0.2,2.1,3.66,6.29,4.96,8.67,2.14,1.94,2.46
"SA","Unincorporated SA",129.57893371582,-31.6575412750244,0.2,2.1,3.7,6,4.76,8.21,2.12,1.92,2.43
"SA","Unincorporated SA",129.631576538086,-31.6575412750244,0.2,2.11,3.7,5.84,4.65,7.94,2.13,1.93,2.45
"SA","Unincorporated SA",129.684204101562,-31.6575412750244,0.2,2.11,3.71,5.72,4.57,7.74,2.13,1.93,2.44
"SA","Unincorporated SA",129.736831665039,-31.6575412750244,0.2,2.11,3.73,5.64,4.51,7.6,2.12,1.92,2.43
"SA","Unincorporated SA",129.789474487305,-31.6575412750244,0.2,2.11,3.73,5.62,4.5,7.57,2.12,1.92,2.42
"SA","Unincorporated SA",129.842086791992,-31.6575412750244,0.2,2.11,3.74,5.64,4.52,7.59,2.12,1.92,2.43
"SA","Unincorporated SA",131.526321411133,-31.6575412750244,0.2,2.13,3.95,5.05,4.1,6.69,1.9,1.75,2.14
"SA","Unincorporated SA",131.57893371582,-31.6575412750244,0.2,2.13,3.9,4.91,4,6.48,1.91,1.75,2.14
"NSW","Port Macquarie-Hastings",152.842102050781,-31.6575412750244,0.2,1.54,2.84,444.57,176.24,1678.28,2.43,2.14,2.88
"WASouth","Wanneroo",115.631576538086,-31.6127414703369,0.2,1.18,3.35,12.41,8.96,19.27,1.8,1.66,2
"SA","Unincorporated SA",129.894729614258,-31.6127414703369,0.2,2.12,3.24,5.45,4.39,7.27,2.48,2.2,2.92
"SA","Unincorporated SA",129.947357177734,-31.6127414703369,0.2,2.12,3.25,5.31,4.29,7.06,2.47,2.19,2.9
"SA","Unincorporated SA",130,-31.6127414703369,0.2,2.12,3.54,5.24,4.24,6.94,2.22,2,2.56
"SA","Unincorporated SA",130.052627563477,-31.6127414703369,0.2,2.13,3.62,5.16,4.19,6.83,2.17,1.96,2.49
"SA","Unincorporated SA",130.105255126953,-31.6127414703369,0.2,2.13,3.65,5.09,4.14,6.72,2.15,1.94,2.46
"SA","Unincorporated SA",130.157897949219,-31.6127414703369,0.2,2.13,3.65,5.05,4.11,6.65,2.15,1.94,2.46
"SA","Unincorporated SA",130.210510253906,-31.6127414703369,0.2,2.13,3.66,5.02,4.09,6.61,2.14,1.93,2.44
"SA","Unincorporated SA",130.263153076172,-31.6127414703369,0.2,2.13,3.71,5.04,4.11,6.64,2.11,1.91,2.41
"SA","Unincorporated SA",130.315780639648,-31.6127414703369,0.2,2.13,3.7,5.1,4.15,6.74,2.11,1.91,2.41
"SA","Unincorporated SA",130.368408203125,-31.6127414703369,0.2,2.13,3.7,5.17,4.19,6.84,2.1,1.91,2.4
"SA","Unincorporated SA",130.421051025391,-31.6127414703369,0.2,2.12,3.7,5.21,4.23,6.91,2.1,1.91,2.4
"SA","Unincorporated SA",130.473678588867,-31.6127414703369,0.2,2.12,3.72,5.23,4.24,6.93,2.09,1.9,2.38
"SA","Unincorporated SA",130.526321411133,-31.6127414703369,0.2,2.12,3.74,5.2,4.22,6.89,2.07,1.88,2.36
"SA","Unincorporated SA",130.57893371582,-31.6127414703369,0.2,2.13,3.76,5.16,4.19,6.82,2.07,1.88,2.35
"SA","Unincorporated SA",130.631576538086,-31.6127414703369,0.2,2.12,3.76,5.19,4.21,6.86,2.07,1.88,2.36
"SA","Unincorporated SA",130.684204101562,-31.6127414703369,0.2,2.12,3.93,5.25,4.25,6.96,1.98,1.81,2.23
"SA","Unincorporated SA",130.736831665039,-31.6127414703369,0.2,2.12,3.93,5.32,4.3,7.08,1.97,1.8,2.22
"SA","Unincorporated SA",130.789474487305,-31.6127414703369,0.2,2.12,3.92,5.38,4.34,7.18,1.96,1.8,2.21
"SA","Unincorporated SA",130.842086791992,-31.6127414703369,0.2,2.12,3.29,5.41,4.36,7.23,2.4,2.14,2.82
"SA","Unincorporated SA",130.894729614258,-31.6127414703369,0.2,2.12,3.29,5.41,4.36,7.23,2.4,2.14,2.82
"SA","Unincorporated SA",130.947357177734,-31.6127414703369,0.2,2.12,3.64,5.41,4.36,7.23,2.09,1.9,2.38
"SA","Unincorporated SA",131.421051025391,-31.6127414703369,0.2,2.13,3.88,5.1,4.13,6.77,1.93,1.77,2.17
"SA","Unincorporated SA",131.473678588867,-31.6127414703369,0.2,2.13,3.84,4.95,4.03,6.53,1.93,1.77,2.17
"NSW","Port Macquarie-Hastings",152.894729614258,-31.6127414703369,0.2,1.38,2.55,470.24,184.99,1794.04,2.66,2.32,3.22
"WASouth","Wanneroo",115.578948974609,-31.5679206848145,0.2,1.17,3.42,14.38,10.17,22.96,1.84,1.69,2.06
"SA","Unincorporated SA",131,-31.5679206848145,0.2,2.12,3.74,5.42,4.36,7.26,2.01,1.83,2.28
"SA","Unincorporated SA",131.052627563477,-31.5679206848145,0.2,2.12,3.81,5.3,4.28,7.06,1.97,1.8,2.22
"SA","Unincorporated SA",131.368423461914,-31.5679206848145,0.2,2.13,3.89,5.04,4.09,6.68,1.91,1.76,2.15
"NSW","Port Macquarie-Hastings",152.894729614258,-31.5679206848145,0.2,1.39,2.55,448.73,177.97,1691.02,2.66,2.32,3.22
NA,"Wanneroo",115.526313781738,-31.5230770111084,0.2,1.17,3.44,14.29,10.13,22.7,1.87,1.72,2.1
"SA","Unincorporated SA",131.105270385742,-31.5230770111084,0.2,2.12,3.55,5.25,4.24,6.98,2.14,1.93,2.46
"SA","Unincorporated SA",131.263153076172,-31.5230770111084,0.2,2.12,3.68,5.18,4.19,6.91,2.02,1.84,2.3
"SA","Unincorporated SA",131.315780639648,-31.5230770111084,0.2,2.13,3.66,5.11,4.13,6.81,2.02,1.84,2.29
"NSW","Port Macquarie-Hastings",152.947372436523,-31.5230770111084,0.2,1.38,2.71,493.67,193.21,1894.69,2.43,2.15,2.89
"WASouth","Wanneroo",115.526313781738,-31.4782123565674,0.2,1.18,3.37,13.6,9.71,21.43,1.95,1.78,2.21
"SA","Unincorporated SA",131.157897949219,-31.4782123565674,0.2,2.12,3.56,5.19,4.2,6.89,2.12,1.92,2.43
"SA","Unincorporated SA",131.210525512695,-31.4782123565674,0.2,2.13,3.65,5.07,4.11,6.71,2.04,1.86,2.32
"NSW","Port Macquarie-Hastings",152.947372436523,-31.4782009124756,0.2,1.38,2.51,495.3,193.72,1902.9,2.72,2.36,3.31
"WASouth","Gingin",115.473670959473,-31.4333267211914,0.2,1.17,3.36,14.45,10.25,22.92,1.97,1.8,2.24
"NSW","Port Macquarie-Hastings",152.947372436523,-31.4333267211914,0.2,1.38,2.51,491.47,192.53,1883.44,2.72,2.36,3.31
"WASouth","Gingin",115.473686218262,-31.3884181976318,0.2,1.17,3.42,14.22,10.11,22.49,1.93,1.76,2.19
"NSW","Port Macquarie-Hastings",152.947372436523,-31.38840675354,0.2,1.38,2.76,487.84,191.43,1864.34,2.37,2.09,2.81
NA,"Gingin",115.421051025391,-31.3434886932373,0.2,1.16,3.4,16.28,11.37,26.38,1.95,1.78,2.21
"NSW","Port Macquarie-Hastings",152.947372436523,-31.3434886932373,0.2,1.38,2.65,478.98,188.7,1818.89,2.51,2.2,3.02
"WASouth","Gingin",115.421051025391,-31.2985382080078,0.2,1.16,3.4,17.1,11.85,28.06,2.1,1.89,2.41
"NSW","Port Macquarie-Hastings",153,-31.2985382080078,0.2,1.38,2.51,534.91,207.64,2072.17,2.74,2.36,3.38
"WASouth","Gingin",115.368408203125,-31.2535667419434,0.2,1.15,3.39,19.72,13.4,33.22,2.12,1.91,2.45
"NSW","Kempsey",153,-31.2535667419434,0.2,1.38,2.51,530.01,206.33,2042.89,2.73,2.36,3.37
"WASouth","Gingin",115.368423461914,-31.2085609436035,0.2,1.15,3.39,20.6,13.9,35.04,2.12,1.91,2.45
"NSW","Kempsey",153,-31.2085723876953,0.2,1.38,2.4,523.38,204.49,2004.78,2.86,2.45,3.56
"WASouth","Gingin",115.368423461914,-31.1635570526123,0.2,1.15,3.32,21.35,14.33,36.61,2.06,1.87,2.37
"NSW","Kempsey",153,-31.1635570526123,0.2,1.38,2.4,506.18,199.09,1918.64,2.86,2.45,3.55
"WASouth","Gingin",115.315773010254,-31.1185207366943,0.2,1.15,3.31,23.96,15.81,42.07,2.08,1.88,2.39
"NSW","Kempsey",153.052627563477,-31.1185207366943,0.2,1.38,2.71,623.67,237.93,2468.23,2.43,2.13,2.91
"WASouth","Gingin",115.315773010254,-31.0734634399414,0.2,1.15,3.31,24.27,15.97,42.8,2.08,1.88,2.38
"NSW","Kempsey",153.052627563477,-31.0734634399414,0.2,1.38,2.58,620.19,237.02,2446.81,2.6,2.26,3.19
"WASouth","Gingin",115.315788269043,-31.0283832550049,0.2,1.15,3.3,24.51,16.1,43.33,2.05,1.86,2.34
"NSW","Kempsey",153.052627563477,-31.0283832550049,0.2,1.38,2.45,608.14,233.5,2380.98,2.77,2.37,3.45
"WASouth","Gingin",115.263160705566,-30.9832820892334,0.2,1.14,3.29,26.72,17.33,48.1,2.06,1.87,2.36
"NSW","Kempsey",153.052627563477,-30.9832820892334,0.2,1.38,2.45,579.98,224.69,2239.37,2.76,2.37,3.44
"WASouth","Gingin",115.263160705566,-30.9381618499756,0.2,1.14,3.22,26.7,17.3,48.13,2.12,1.92,2.44
"NSW","Kempsey",153.105270385742,-30.938159942627,0.2,1.38,2.77,739.3,276.41,3001.63,2.36,2.08,2.83
"WASouth","Dandaragan",115.210510253906,-30.8930168151855,0.2,1.14,3.21,28.72,18.43,52.52,2.14,1.93,2.46
"NSW","Kempsey",153.105270385742,-30.8930168151855,0.2,1.38,2.77,742.1,277.96,3000.89,2.36,2.08,2.84
"WASouth","Dandaragan",115.157897949219,-30.8478527069092,0.2,1.14,3.29,29.27,18.74,53.64,2.08,1.89,2.39
"NSW","Kempsey",153.052627563477,-30.8478527069092,0.2,1.53,2.6,651.06,250.14,2530.26,2.59,2.24,3.2
"WASouth","Dandaragan",115.157897949219,-30.8026676177979,0.2,1.14,3.29,29.17,18.68,53.5,2.08,1.88,2.38
"NSW","Kempsey",153.052627563477,-30.8026676177979,0.2,1.53,2.65,657.78,252.58,2556.87,2.65,2.28,3.3
"WASouth","Dandaragan",115.105247497559,-30.7574596405029,0.2,1.14,3.32,29.98,19.11,55.31,2.06,1.87,2.35
"NSW","Nambucca Valley",153.052627563477,-30.7574596405029,0.2,1.53,2.72,653.61,251.8,2525.37,2.57,2.22,3.16
"WASouth","Dandaragan",115.105247497559,-30.712230682373,0.2,1.14,3.32,30.41,19.33,56.35,2.05,1.86,2.34
"NSW","Nambucca Valley",153,-30.712230682373,0.2,1.54,2.43,582.89,229.46,2178.11,3.04,2.56,3.9
"WASouth","Dandaragan",115.105247497559,-30.6669826507568,0.2,1.14,3.32,30.65,19.45,56.99,2.04,1.86,2.34
"NSW","Nambucca Valley",153,-30.6669826507568,0.2,1.54,2.71,560.72,222.12,2076.06,2.6,2.25,3.2
"WASouth","Dandaragan",115.105247497559,-30.621711730957,0.2,1.14,3.34,30.87,19.55,57.54,2.03,1.85,2.32
"NSW","Nambucca Valley",153.052627563477,-30.621711730957,0.2,1.54,2.68,612.16,239.35,2309.2,2.66,2.3,3.3
"WASouth","Dandaragan",115.052635192871,-30.5764198303223,0.2,1.13,3.33,33.1,20.72,62.75,2.04,1.86,2.34
"NSW","Nambucca Valley",153.052627563477,-30.5764198303223,0.2,1.54,2.69,593.68,233.51,2218.8,2.66,2.29,3.29
"WASouth","Dandaragan",115.052635192871,-30.5311069488525,0.2,1.13,3.29,33.49,20.91,63.76,2.17,1.95,2.5
"NSW","Bellingen",153.052627563477,-30.5311069488525,0.2,1.54,2.65,564.14,224.09,2076.32,2.74,2.36,3.42
"WASouth","Dandaragan",115,-30.4857711791992,0.2,1.13,3.28,33.64,20.99,64.1,2.18,1.96,2.52
"NSW","Bellingen",153.052627563477,-30.4857711791992,0.2,1.54,2.65,518.86,209.15,1867.77,2.74,2.35,3.41
"WASouth","Dandaragan",115,-30.4404163360596,0.2,1.13,3.39,33.4,20.82,63.79,1.99,1.81,2.26
"NSW","Coffs Harbour",153.105270385742,-30.4404163360596,0.2,1.54,2.81,594.43,234.94,2200.09,2.5,2.18,3.05
"WASouth","Dandaragan",115,-30.3950386047363,0.2,1.13,3.38,33.06,20.61,63.17,2,1.82,2.27
"NSW","Coffs Harbour",153.105270385742,-30.3950386047363,0.2,1.54,2.74,543.6,218.63,1957.98,2.62,2.27,3.21
"WASouth","Dandaragan",115,-30.3496417999268,0.2,1.14,3.32,32.21,20.14,61.32,2.05,1.86,2.34
"NSW","Coffs Harbour",153.157897949219,-30.3496417999268,0.2,1.54,2.86,621.72,245.12,2303.64,2.46,2.15,2.97
"WASouth","Dandaragan",115,-30.2587833404541,0.2,1.14,3.28,30.05,18.98,56.43,2.11,1.91,2.42
"NSW","Coffs Harbour",153.210525512695,-30.2587833404541,0.2,1.53,2.74,656.36,257.39,2447.11,2.72,2.34,3.36
"WASouth","Dandaragan",115,-30.213321685791,0.2,1.14,3.16,31,19.44,58.84,2.21,1.99,2.56
"NSW","Coffs Harbour",153.210525512695,-30.213321685791,0.2,1.54,2.85,602.84,240.68,2184.67,2.51,2.19,3.04
"WASouth","Dandaragan",115,-30.1678409576416,0.2,1.14,3.16,32.59,20.22,62.88,2.2,1.98,2.55
"NSW","Coffs Harbour",153.210525512695,-30.167839050293,0.2,1.54,2.85,534.46,218.52,1866.4,2.5,2.19,3.03
"WASouth","Coorow",115,-30.1223373413086,0.2,1.13,3.16,34.03,20.91,66.73,2.2,1.98,2.54
"NSW","Coffs Harbour",153.263153076172,-30.1223373413086,0.2,1.54,2.8,633.65,250.54,2330.9,2.54,2.21,3.1
"WASouth","Coorow",115,-30.0768127441406,0.2,1.13,3.26,34.93,21.33,69.17,2.1,1.9,2.41
"NSW","Coffs Harbour",153.263153076172,-30.0768127441406,0.2,1.54,2.75,595.43,238.39,2147.93,2.63,2.28,3.23
"WASouth","Coorow",114.947357177734,-30.0312671661377,0.2,1.13,3.22,33.17,20.44,64.74,2.14,1.93,2.46
"NSW","Coffs Harbour",153.263153076172,-30.0312671661377,0.2,1.54,2.75,554.68,225.12,1959.39,2.62,2.27,3.22
"WASouth","Coorow",114.947357177734,-29.9857025146484,0.2,1.14,3.22,31.45,19.53,60.79,2.13,1.92,2.44
"NSW","Clarence Valley",153.263153076172,-29.9857025146484,0.2,1.54,2.92,497.78,206.24,1703.35,2.41,2.12,2.9
"WASouth","Coorow",114.947357177734,-29.9401149749756,0.2,1.14,3.22,30.69,19.08,59.28,2.16,1.95,2.48
"NSW","Clarence Valley",153.315795898438,-29.9401149749756,0.2,1.54,2.87,604.3,242.24,2172.24,2.49,2.18,3.02
"WASouth","Carnamah",114.947364807129,-29.8944969177246,0.2,1.14,3.22,31.07,19.23,60.48,2.14,1.94,2.47
"NSW","Clarence Valley",153.315795898438,-29.8944969177246,0.2,1.54,2.85,582.52,235.95,2057.67,2.5,2.19,3.04
"WASouth","Carnamah",114.947357177734,-29.8488788604736,0.2,1.14,3.22,31.96,19.63,62.93,2.14,1.93,2.45
"NSW","Clarence Valley",153.315795898438,-29.8488788604736,0.2,1.36,2.68,566.38,231.06,1977.4,2.49,2.18,3.02
"WASouth","Carnamah",114.894737243652,-29.8032283782959,0.2,1.14,3.16,27.9,17.45,53.64,2.13,1.93,2.45
"NSW","Clarence Valley",153.315795898438,-29.8032283782959,0.2,1.36,2.59,544.36,224.21,1871.19,2.65,2.29,3.26
"WASouth","Carnamah",114.894737243652,-29.7575588226318,0.2,1.14,3.12,27.17,17.03,52.07,2.1,1.9,2.41
"NSW","Clarence Valley",153.315795898438,-29.7575588226318,0.2,1.36,2.55,496.71,208.42,1658.7,2.75,2.36,3.42
NA,"Carnamah",114.894737243652,-29.7118663787842,0.2,1.14,3.12,27.77,17.31,53.78,2.09,1.89,2.39
"NSW","Clarence Valley",153.315795898438,-29.7118682861328,0.2,1.37,2.56,419.36,181.42,1337.44,2.74,2.35,3.4
NA,"Irwin",114.894737243652,-29.6661548614502,0.2,1.14,3,29.35,18.06,58.01,2.1,1.9,2.4
"NSW","Clarence Valley",153.368423461914,-29.666145324707,0.2,1.36,2.76,486.71,204.77,1619.49,2.39,2.1,2.87
"WASouth","Irwin",114.894737243652,-29.6204223632812,0.2,1.14,3,30.16,18.42,60.36,2.09,1.9,2.39
"NSW","Clarence Valley",153.368423461914,-29.6204109191895,0.2,1.37,2.73,437.53,187.43,1417.45,2.44,2.14,2.95
"WASouth","Irwin",114.947357177734,-29.5746688842773,0.2,1.15,3.01,24.55,15.54,46.56,2.06,1.87,2.35
"NSW","Clarence Valley",153.368423461914,-29.5746688842773,0.2,1.37,2.73,394.71,171.91,1248.26,2.44,2.13,2.94
"WASouth","Irwin",114.947364807129,-29.5288829803467,0.2,1.14,3.01,26.02,16.3,50.11,2.07,1.88,2.36
"NSW","Clarence Valley",153.368423461914,-29.5288829803467,0.2,1.37,2.72,372.84,163.98,1162.15,2.47,2.16,2.98
"WASouth","Irwin",114.947364807129,-29.4830894470215,0.2,1.13,3.08,28.17,17.39,55.52,2.19,1.96,2.54
"NSW","Clarence Valley",153.368423461914,-29.4830894470215,0.2,1.37,2.69,366.89,161.87,1138.05,2.51,2.19,3.05
"WASouth","Irwin",114.947357177734,-29.4372825622559,0.2,1.13,3.08,29.71,18.17,59.39,2.18,1.96,2.53
"WASouth","Irwin",114.947357177734,-29.3914470672607,0.2,1.13,3.04,30.42,18.55,61.01,2.21,1.98,2.57
"NSW","Clarence Valley",153.368423461914,-29.3914470672607,0.2,1.37,2.66,380.08,166.92,1186.3,2.58,2.24,3.16
"WASouth","Irwin",114.894737243652,-29.3455905914307,0.2,1.13,2.99,31.26,18.9,63.65,2.24,2,2.61
"NSW","Clarence Valley",153.368423461914,-29.3455905914307,0.2,1.37,2.61,372.39,164.33,1153.48,2.7,2.33,3.34
"WASouth","Irwin",114.894737243652,-29.299711227417,0.2,1.13,2.95,31.88,19.18,65.42,2.24,2,2.61
"NSW","Clarence Valley",153.368423461914,-29.299711227417,0.2,1.37,2.61,356.44,158.78,1087.86,2.7,2.33,3.34
"WASouth","Irwin",114.894737243652,-29.253812789917,0.2,1.13,2.95,32.3,19.37,66.64,2.24,2.01,2.61
"NSW","Richmond Valley",153.368423461914,-29.253812789917,0.2,1.37,2.61,314.09,142.94,928.8,2.69,2.32,3.33
"WASouth","Irwin",114.842102050781,-29.2078838348389,0.2,1.13,2.9,30.24,18.27,61.87,2.26,2.02,2.63
"NSW","Richmond Valley",153.421051025391,-29.207893371582,0.2,1.37,2.68,314.97,143.28,931.85,2.6,2.26,3.19
"WASouth","Irwin",114.842094421387,-29.1619548797607,0.2,1.13,2.84,28.23,17.24,56.82,2.3,2.05,2.69
"NSW","Richmond Valley",153.473678588867,-29.1619548797607,0.2,1.37,2.54,423.35,183.64,1342.23,2.9,2.47,3.65
"WASouth","Irwin",114.842102050781,-29.1159934997559,0.2,1.13,2.85,26.71,16.47,52.99,2.3,2.05,2.68
"WASouth","Greater Geraldton",114.789474487305,-29.0700130462646,0.2,1.14,2.87,25.58,15.93,49.96,2.43,2.15,2.88
"NSW","Richmond Valley",153.473678588867,-29.0700035095215,0.2,1.37,2.72,411.25,178.95,1298.92,2.54,2.21,3.09
"WASouth","Greater Geraldton",114.736831665039,-29.0240116119385,0.2,1.14,2.87,24.51,15.37,47.36,2.44,2.16,2.9
"NSW","Richmond Valley",153.473678588867,-29.0240116119385,0.2,1.37,2.64,372.03,164.44,1148.71,2.71,2.34,3.35
"WASouth","Greater Geraldton",114.684211730957,-28.9779891967773,0.2,1.14,2.86,24.16,15.21,46.4,2.55,2.24,3.06
"NSW","Ballina",153.526321411133,-28.9779891967773,0.2,1.46,2.73,474.12,201.78,1546.22,2.74,2.36,3.4
"WASouth","Greater Geraldton",114.631576538086,-28.9319477081299,0.2,1.14,2.84,24.99,15.67,48.23,2.61,2.28,3.16
"NSW","Ballina",153.526321411133,-28.9319477081299,0.2,1.46,2.86,421.29,182.5,1339.66,2.52,2.2,3.07
"WASouth","Greater Geraldton",114.631576538086,-28.8858852386475,0.2,1.14,2.84,24.76,15.55,47.68,2.61,2.28,3.14
"NSW","Ballina",153.578948974609,-28.8858852386475,0.2,1.46,2.76,440.84,189.13,1423.28,2.71,2.34,3.36
"WASouth","Greater Geraldton",114.578948974609,-28.8397903442383,0.2,1.14,2.81,25.3,15.89,48.59,2.61,2.28,3.15
"NSW","Ballina",153.631576538086,-28.7936973571777,0.2,1.46,2.93,565.5,231.34,1964.04,2.42,2.12,2.93
"WASouth","Greater Geraldton",114.578948974609,-28.7475624084473,0.2,1.14,2.64,24.11,15.3,45.59,2.57,2.25,3.09
"NSW","Byron",153.631576538086,-28.7475738525391,0.2,1.46,2.9,554.6,227.09,1925.49,2.46,2.15,2.99
"WASouth","Greater Geraldton",114.57893371582,-28.7014293670654,0.2,1.14,2.64,23.02,14.73,43,2.58,2.26,3.11
"NSW","Byron",153.631576538086,-28.7014293670654,0.2,1.46,2.9,548.99,224.67,1909.63,2.46,2.15,2.98
"WASouth","Chapman Valley",114.57893371582,-28.6552639007568,0.2,1.14,2.54,22.68,14.55,42.18,2.58,2.26,3.1
"NSW","Byron",153.631576538086,-28.6552639007568,0.2,1.46,2.87,550.59,224.74,1924.53,2.49,2.17,3.03
NA,"Chapman Valley",114.526313781738,-28.6090793609619,0.2,1.13,2.47,26.24,16.48,50.28,2.53,2.23,3.03
"NSW","Byron",153.578948974609,-28.6090793609619,0.2,1.46,2.57,524.16,215.15,1819.24,2.55,2.21,3.16
"WASouth","Chapman Valley",114.526313781738,-28.562873840332,0.2,1.13,2.33,27.01,16.88,52.14,2.66,2.32,3.19
"NSW","Byron",153.578948974609,-28.562873840332,0.2,1.46,2.63,495.56,205.07,1700.39,2.56,2.21,3.15
NA,"Northampton",114.473670959473,-28.5166473388672,0.2,1.13,2.45,29.46,18.22,57.63,2.51,2.21,2.99
"NSW","Byron",153.578948974609,-28.5166473388672,0.2,1.46,2.63,481.77,200.14,1644.24,2.55,2.21,3.14
"WASouth","Northampton",114.473670959473,-28.4703998565674,0.2,1.13,2.37,30.52,18.74,60.35,2.6,2.28,3.12
"NSW","Tweed",153.578948974609,-28.4703998565674,0.2,1.46,2.7,465.09,194.35,1573.68,2.54,2.2,3.12
"WASouth","Northampton",114.421051025391,-28.4241333007812,0.2,1.12,2.35,33.41,20.27,67.18,2.69,2.35,3.25
"NSW","Tweed",153.578948974609,-28.4241237640381,0.2,1.46,2.69,442.51,186.47,1478.78,2.54,2.2,3.12
"WASouth","Northampton",114.368423461914,-28.3778476715088,0.2,1.12,2.34,38.02,22.61,78.68,2.72,2.37,3.3
"NSW","Tweed",153.578948974609,-28.377836227417,0.2,1.46,2.69,414.44,176.61,1362.01,2.53,2.2,3.11
NA,"Northampton",114.315780639648,-28.3315410614014,0.2,1.12,2.34,42.21,24.65,89.84,2.69,2.35,3.25
"NSW","Tweed",153.578948974609,-28.3315410614014,0.2,1.41,2.63,386.89,166.74,1250.55,2.53,2.19,3.1
"WASouth","Northampton",114.315788269043,-28.285213470459,0.2,1.12,2.34,42.89,24.91,92.09,2.7,2.35,3.26
"NSW","Tweed",153.578948974609,-28.2852020263672,0.2,1.41,2.64,363,158.04,1156.12,2.5,2.17,3.06
"WASouth","Northampton",114.263160705566,-28.2388668060303,0.2,1.11,2.42,45.51,26.31,98.18,2.78,2.4,3.43
"NSW","Tweed",153.578948974609,-28.2388668060303,0.2,1.41,2.65,351.35,154.18,1104.77,2.49,2.16,3.05
"WASouth","Northampton",114.210525512695,-28.1924991607666,0.2,1.11,2.41,49.94,28.5,109.67,2.82,2.42,3.48
"NSW","Tweed",153.578948974609,-28.1924877166748,0.2,1.41,2.67,338.14,149.05,1057.23,2.41,2.1,2.94
"WASouth","Northampton",114.157897949219,-28.146110534668,0.2,1.11,2.55,58.6,32.55,133.95,2.76,2.37,3.42
"WASouth","Northampton",114.157897949219,-28.099702835083,0.2,1.11,2.46,60.93,33.54,141.33,2.65,2.3,3.22
"QLDSouth","Gold Coast",153.473678588867,-28.0996932983398,0.2,1.41,2.65,272.63,125.94,791.53,2.33,2.04,2.82
"WASouth","Northampton",114.105262756348,-28.0532646179199,0.2,1.1,2.44,64.21,35.38,147.98,2.71,2.35,3.32
"QLDSouth","Gold Coast",153.473678588867,-28.0532646179199,0.2,1.44,2.69,255.85,119.44,731.42,2.33,2.04,2.82
"WASouth","Northampton",114.105262756348,-28.0068168640137,0.2,1.1,2.41,67.53,36.91,157.5,2.6,2.28,3.14
"QLDSouth","Gold Coast",153.421051025391,-28.0068264007568,0.2,1.45,2.61,217.87,104.82,594.98,2.55,2.2,3.15
"WASouth","Northampton",114.105262756348,-27.9603481292725,0.2,1.1,2.64,73.56,39.63,175.38,2.51,2.2,3.03
"WASouth","Northampton",114.105262756348,-27.9138717651367,0.2,1.1,2.64,79.13,42.07,192.47,2.52,2.2,3.04
"QLDSouth","Gold Coast",153.421051025391,-27.9138717651367,0.2,1.45,2.61,198.84,96.52,537.37,2.53,2.19,3.13
"WASouth","Northampton",114.052635192871,-27.8673629760742,0.2,1.1,2.62,87.38,45.97,215.12,2.59,2.26,3.15
"QLDSouth","Gold Coast",153.421051025391,-27.8673629760742,0.2,1.45,2.65,184.3,90.33,491.83,2.55,2.21,3.15
NA,"Northampton",114.052635192871,-27.8208351135254,0.2,1.1,2.63,91.86,47.94,228.91,2.57,2.24,3.11
"QLDSouth","Gold Coast",153.421051025391,-27.8208351135254,0.2,1.45,2.6,169.11,83.81,444.58,2.67,2.29,3.32
"WASouth","Northampton",114.105262756348,-27.7742767333984,0.2,1.1,2.63,83.6,44.06,205.84,2.55,2.23,3.09
"QLDSouth","Gold Coast",153.473678588867,-27.7742767333984,0.2,1.44,2.59,239.48,111.68,689.28,2.7,2.32,3.38
"WASouth","Northampton",114.105262756348,-27.7277088165283,0.2,1.1,2.34,90.72,47.28,226.96,2.95,2.52,3.7
"QLDSouth","Redland",153.473678588867,-27.7277088165283,0.2,1.44,2.86,242.91,112.64,706.12,2.29,2.02,2.74
"WASouth","Northampton",114.105255126953,-27.681131362915,0.2,1.1,2.56,94.35,48.97,237.21,2.31,2.07,2.68
"QLDSouth","Redland",153.473678588867,-27.681131362915,0.2,1.44,2.54,234.04,108.8,678.93,2.88,2.44,3.65
"WASouth","Northampton",114.105255126953,-27.6345233917236,0.2,1.1,2.56,93.65,48.75,234.19,2.3,2.06,2.67
"QLDSouth","Redland",153.473678588867,-27.6345233917236,0.2,1.45,2.55,215.59,101.34,615.99,2.88,2.44,3.65
"WASouth","Northampton",114.105262756348,-27.5878963470459,0.2,1.1,2.77,96.61,50.16,242.17,2.24,2.01,2.6
"QLDSouth","Redland",153.526321411133,-27.5878963470459,0.2,1.79,3.14,233.43,107.78,686.35,2.5,2.18,3.04
NA,"Northampton",114.052635192871,-27.5412483215332,0.2,1.09,2.72,108.26,55.65,274.28,2.29,2.05,2.66
"QLDSouth","Redland",153.315795898438,-27.5412483215332,0.2,1.78,2.88,294.44,128.09,955.39,2.78,2.37,3.5
"QLDSouth","Redland",153.368408203125,-27.5412483215332,0.2,1.78,3.09,285.71,124.42,927.55,2.58,2.24,3.16
"QLDSouth","Redland",153.526321411133,-27.5412483215332,0.2,1.79,3.11,212.34,99.43,611.98,2.64,2.29,3.24
"WASouth","Northampton",114.052635192871,-27.4945812225342,0.2,1.09,2.61,108.8,55.92,275.62,2.47,2.19,2.92
"QLDSouth","Redland",153.315795898438,-27.4945812225342,0.2,1.78,2.96,265.38,117.84,833.85,2.92,2.48,3.69
"QLDSouth","Redland",153.368408203125,-27.4945812225342,0.2,1.78,2.95,276.14,120.91,889.27,2.93,2.49,3.7
NA,"Redland",153.578948974609,-27.4945812225342,0.2,1.79,3.24,249.05,113.65,745.51,2.42,2.12,2.92
NA,"Northampton",114,-27.4478931427002,0.2,1.09,2.75,140.07,69.21,375.64,2.41,2.14,2.83
"QLDSouth","Redland",153.263153076172,-27.4478931427002,0.2,1.78,2.96,425.05,172.64,1533.44,2.95,2.5,3.73
"QLDSouth","Redland",153.368423461914,-27.447883605957,0.2,1.79,2.96,257.86,113.96,819.88,2.96,2.51,3.73
"QLDSouth","Redland",153.578948974609,-27.447883605957,0.2,1.79,3.24,250.3,114.02,751.5,2.42,2.12,2.93
"WASouth","Northampton",114,-27.4011878967285,0.2,1.09,2.75,142.87,70.3,385.67,2.43,2.15,2.85
"QLDSouth","Brisbane",153.210525512695,-27.4011878967285,0.2,1.77,2.89,589.29,227.93,2279.34,2.81,2.39,3.56
"QLDSouth","Redland",153.368408203125,-27.4011878967285,0.2,1.79,2.81,225.08,103.04,674.92,3.08,2.58,3.99
"QLDSouth","Redland",153.526321411133,-27.4011878967285,0.2,1.79,2.81,228.64,105.67,672.08,3.11,2.61,4.03
NA,"Northampton",113.947357177734,-27.3544616699219,0.2,1.08,2.76,210.93,98.32,613.67,2.51,2.22,2.98
"QLDSouth","Brisbane",153.421051025391,-27.3544616699219,0.2,1.79,2.88,211.81,99.22,610.08,2.89,2.45,3.68
"QLDSouth","Brisbane",153.473678588867,-27.3544616699219,0.2,1.79,3.03,215.5,100.63,623.78,2.64,2.27,3.28
"WASouth","Northampton",113.947357177734,-27.3077144622803,0.2,1.08,2.76,236.42,108.8,698.87,2.52,2.22,2.99
"QLDSouth","Brisbane",153.157897949219,-27.3077144622803,0.2,1.78,2.9,469.25,190.48,1680.15,2.8,2.38,3.54
"WASouth","Northampton",113.947357177734,-27.2609481811523,0.2,1.08,2.74,240.8,110.96,709.08,2.53,2.23,3
"QLDSouth","Moreton Bay",153.157897949219,-27.2609481811523,0.2,1.78,2.25,316.21,137.95,1014.05,6.41,4.81,9.73
"WANorth","Shark Bay",113.894737243652,-27.2141628265381,0.2,1.08,2.75,262.55,120.12,778.66,2.61,2.29,3.13
"QLDSouth","Moreton Bay",153.157897949219,-27.2141628265381,0.2,1.79,2.25,237.19,109.57,695.87,6.5,4.86,9.89
"WANorth","Shark Bay",113.894737243652,-27.1673564910889,0.2,1.08,2.75,239.83,111.28,697.03,2.62,2.3,3.13
"QLDSouth","Moreton Bay",153.157897949219,-27.1673564910889,0.2,1.79,2.25,201.48,95.95,564.23,6.51,4.87,9.91
"WANorth","Shark Bay",113.842102050781,-27.1205215454102,0.2,1.08,2.7,265.37,121.36,787.09,2.73,2.38,3.28
"QLDSouth","Moreton Bay",153.210525512695,-27.1205215454102,0.2,1.79,2.24,167.44,82.37,446.66,6.89,5.11,10.64
"WANorth","Shark Bay",113.842094421387,-27.0736865997314,0.2,1.08,2.79,239.97,111.57,694.73,2.57,2.26,3.07
"QLDSouth","Moreton Bay",153.210525512695,-27.0736865997314,0.2,1.79,2.54,152.57,76.19,398.23,4.33,3.45,6.02
"WANorth","Shark Bay",113.789474487305,-27.0268230438232,0.2,1.08,2.69,261.22,120.07,768.13,2.76,2.41,3.33
"QLDSouth","Moreton Bay",153.210525512695,-27.0268135070801,0.2,1.79,2.54,150.94,75.4,394.13,4.34,3.45,6.03
NA,"Shark Bay",113.736839294434,-26.9799289703369,0.2,1.08,2.78,262.47,120.31,775.65,2.68,2.34,3.22
"QLDSouth","Moreton Bay",153.210525512695,-26.9799289703369,0.2,1.54,2.28,147.91,74.03,385.28,4.34,3.46,6.04
"WANorth","Shark Bay",113.736831665039,-26.9330368041992,0.2,1.08,2.75,231.77,108.43,664.74,2.73,2.38,3.3
"QLDSouth","Sunshine Coast",153.157897949219,-26.9330368041992,0.2,1.53,2.43,153.72,76.41,404.52,3.56,2.94,4.71
"WANorth","Shark Bay",113.684211730957,-26.8861122131348,0.2,1.3,3.05,214.55,101.19,609.25,2.64,2.31,3.16
"QLDSouth","Sunshine Coast",153.157897949219,-26.8861122131348,0.2,1.54,2.54,143.62,72.12,372.52,3.28,2.75,4.23
"WANorth","Shark Bay",113.684211730957,-26.8391704559326,0.2,1.3,3.05,192.37,92.26,533.33,2.64,2.31,3.16
"QLDSouth","Sunshine Coast",153.157897949219,-26.8391704559326,0.2,1.54,2.53,142.49,71.7,368.41,3.3,2.76,4.25
"WANorth","Shark Bay",113.631576538086,-26.7922077178955,0.2,1.3,3.04,197.83,94.61,550.28,2.73,2.38,3.3
"QLDSouth","Sunshine Coast",153.157897949219,-26.7922077178955,0.2,1.54,2.55,148.67,74.19,389.27,3.44,2.87,4.46
"WANorth","Shark Bay",113.578948974609,-26.7452163696289,0.2,1.3,3.01,201.65,96.57,558.67,2.84,2.46,3.44
"QLDSouth","Sunshine Coast",153.157897949219,-26.7452278137207,0.2,1.53,2.55,154.11,76.33,408.29,3.44,2.87,4.46
"WANorth","Shark Bay",113.578948974609,-26.6982269287109,0.2,1.3,3.01,195.22,93.85,538.22,2.84,2.46,3.44
"WANorth","Shark Bay",113.526313781738,-26.6512069702148,0.2,1.3,3.05,199.08,95.89,545.97,2.97,2.56,3.64
"QLDSouth","Sunshine Coast",153.157897949219,-26.6512069702148,0.2,1.53,2.61,159.08,78.21,426.48,3.27,2.75,4.19
"WANorth","Shark Bay",113.473686218262,-26.6041660308838,0.2,1.3,3.05,202,97.27,553.78,3.12,2.66,3.88
"QLDSouth","Sunshine Coast",153.105270385742,-26.6041564941406,0.2,1.53,2.51,203.08,95.77,579.38,3.84,3.16,5.07
"WANorth","Shark Bay",113.421051025391,-26.557107925415,0.2,1.3,3.04,198.71,96.09,541.03,3.15,2.69,3.92
"WANorth","Shark Bay",113.684211730957,-26.557107925415,0.2,1.41,3.01,10.02,7.1,16.39,2.16,1.95,2.48
"WANorth","Shark Bay",113.736839294434,-26.5570964813232,0.2,1.42,3.02,9.72,6.91,15.82,2.14,1.94,2.45
"WANorth","Shark Bay",113.789474487305,-26.557107925415,0.2,1.42,2.99,9.41,6.72,15.23,2.13,1.93,2.43
"QLDSouth","Sunshine Coast",153.105270385742,-26.5570964813232,0.2,1.53,2.51,193.37,92.04,543.77,3.84,3.16,5.07
"WANorth","Shark Bay",113.368408203125,-26.5100288391113,0.2,1.3,3.04,212.95,102.34,583.8,3.16,2.69,3.93
"WANorth","Shark Bay",113.684211730957,-26.5100288391113,0.2,1.41,3.02,10.22,7.22,16.8,2.15,1.95,2.47
"WANorth","Shark Bay",113.842094421387,-26.5100288391113,0.2,1.42,3,9.2,6.59,14.82,2.11,1.91,2.41
"QLDSouth","Sunshine Coast",153.105270385742,-26.5100288391113,0.2,1.53,2.51,193.69,92.16,545.07,3.85,3.17,5.08
"WANorth","Shark Bay",113.315788269043,-26.4629306793213,0.2,1.3,3.05,229.04,109.33,632.77,3.04,2.61,3.75
"WANorth","Shark Bay",113.631576538086,-26.4629306793213,0.2,1.41,3.03,10.59,7.44,17.52,2.19,1.97,2.52
"WANorth","Shark Bay",113.842102050781,-26.4629211425781,0.2,1.42,3.05,9.36,6.69,15.11,2.11,1.91,2.41
"QLDSouth","Noosa",153.157897949219,-26.4629306793213,0.2,1.53,2.56,158.24,77.73,425.16,3.77,3.11,4.95
"WANorth","Shark Bay",113.263160705566,-26.4158134460449,0.2,1.3,3.08,235.1,112.08,649.88,2.86,2.48,3.48
"WANorth","Shark Bay",113.578948974609,-26.4158039093018,0.2,1.4,3,11.24,7.83,18.8,2.25,2.02,2.61
"WANorth","Shark Bay",113.842102050781,-26.4158039093018,0.2,1.42,3.05,9.57,6.82,15.53,2.11,1.91,2.41
"QLDSouth","Noosa",153.157897949219,-26.4158134460449,0.2,1.54,2.55,145.39,72.32,383.78,3.87,3.18,5.13
"WANorth","Shark Bay",113.263160705566,-26.3686771392822,0.2,1.3,3.08,213.27,102.76,581.73,2.86,2.48,3.49
"WANorth","Shark Bay",113.578948974609,-26.3686771392822,0.2,1.4,3.01,11.27,7.86,18.85,2.24,2.01,2.59
"WANorth","Shark Bay",113.842094421387,-26.3686771392822,0.2,1.42,3.06,9.78,6.94,15.95,2.11,1.91,2.41
"WANorth","Shark Bay",114.052635192871,-26.3686771392822,0.2,1.42,2.94,9.35,6.7,15.03,2.32,2.06,2.71
"WANorth","Shark Bay",114.105255126953,-26.3686771392822,0.2,1.42,2.95,8.96,6.47,14.24,2.29,2.04,2.67
"WANorth","Shark Bay",113.263160705566,-26.3215217590332,0.2,1.3,2.99,209.41,101.04,570.45,3.08,2.64,3.8
"WANorth","Shark Bay",113.578948974609,-26.32151222229,0.2,1.4,3.01,11.49,7.99,19.29,2.23,2,2.59
"WANorth","Shark Bay",113.842102050781,-26.3215217590332,0.2,1.41,3.05,9.96,7.05,16.3,2.17,1.96,2.5
"WANorth","Shark Bay",114.052635192871,-26.3215217590332,0.2,1.42,2.94,9.45,6.77,15.2,2.31,2.06,2.7
"WANorth","Shark Bay",114.157897949219,-26.3215217590332,0.2,1.43,2.96,8.71,6.33,13.72,2.26,2.02,2.64
"QLDSouth","Noosa",153.105270385742,-26.32151222229,0.2,1.54,2.57,128.37,65.03,330.17,3.81,3.12,5.05
"WANorth","Shark Bay",113.210517883301,-26.2743473052979,0.2,1.3,3.03,233.11,111.14,644.6,3.01,2.59,3.71
"WANorth","Shark Bay",113.526313781738,-26.2743473052979,0.2,1.4,2.94,12.34,8.5,20.97,2.3,2.05,2.67
"WANorth","Shark Bay",113.736831665039,-26.2743473052979,0.2,1.41,3.03,10.9,7.62,18.18,2.23,2,2.58
"WANorth","Shark Bay",113.789474487305,-26.2743473052979,0.2,1.41,3.03,10.49,7.37,17.35,2.21,1.99,2.56
"WANorth","Shark Bay",114,-26.2743473052979,0.2,1.42,2.99,9.75,6.96,15.74,2.31,2.06,2.71
"WANorth","Shark Bay",114.157897949219,-26.2743473052979,0.2,1.43,2.97,8.76,6.36,13.78,2.25,2.02,2.62
"QLDSouth","Noosa",153.105270385742,-26.2743473052979,0.2,1.54,2.59,116.8,59.98,294.73,3.82,3.13,5.06
"WANorth","Shark Bay",113.157897949219,-26.2271537780762,0.2,1.3,3.08,304.78,139.57,892.48,3.03,2.6,3.73
"WANorth","Shark Bay",113.526313781738,-26.2271537780762,0.2,1.4,2.94,12.6,8.66,21.46,2.3,2.05,2.68
"WANorth","Shark Bay",113.684211730957,-26.2271537780762,0.2,1.4,2.97,11.37,7.9,19.12,2.23,2,2.59
"WANorth","Shark Bay",114,-26.2271537780762,0.2,1.42,2.99,9.73,6.96,15.66,2.41,2.14,2.86
"WANorth","Shark Bay",114.157897949219,-26.2271537780762,0.2,1.43,2.98,8.7,6.33,13.64,2.24,2.01,2.6
"QLDSouth","Noosa",153.105270385742,-26.2271537780762,0.2,1.54,2.63,108.41,56.21,270.01,3.84,3.14,5.1
"WANorth","Shark Bay",113.157897949219,-26.1799411773682,0.2,1.3,3.07,299.81,137.1,881.27,3.03,2.6,3.74
"WANorth","Shark Bay",113.473686218262,-26.1799411773682,0.2,1.39,2.91,13.86,9.36,24.22,2.41,2.13,2.84
"WANorth","Shark Bay",113.631576538086,-26.1799411773682,0.2,1.4,2.96,12.07,8.32,20.49,2.26,2.02,2.62
"WANorth","Shark Bay",114,-26.1799411773682,0.2,1.41,2.99,10.1,7.18,16.36,2.43,2.15,2.89
"WANorth","Shark Bay",114.157897949219,-26.1799411773682,0.2,1.42,3.02,8.92,6.47,14.04,2.27,2.03,2.66
NA,"Noosa",153.157897949219,-26.1799411773682,0.2,1.54,2.63,113.73,58.51,286.61,3.87,3.17,5.15
"WANorth","Shark Bay",113.157897949219,-26.1327075958252,0.2,1.3,3.06,286.82,131.71,839.14,3.06,2.62,3.78
"WANorth","Shark Bay",113.421051025391,-26.1327075958252,0.2,1.38,2.75,16.76,11.03,30.38,2.54,2.23,3.04
"WANorth","Shark Bay",113.578948974609,-26.1327075958252,0.2,1.4,2.95,12.47,8.57,21.27,2.33,2.08,2.73
"WANorth","Shark Bay",113.736839294434,-26.132698059082,0.2,1.39,2.83,13.65,9.27,23.66,2.71,2.35,3.31
"WANorth","Shark Bay",113.789474487305,-26.1327075958252,0.2,1.4,2.85,12.75,8.77,21.67,2.66,2.31,3.23
"WANorth","Shark Bay",114,-26.1327075958252,0.2,1.41,2.99,10.36,7.34,16.87,2.45,2.16,2.92
"WANorth","Shark Bay",114.210525512695,-26.132698059082,0.2,1.43,3.02,8.74,6.37,13.66,2.27,2.03,2.65
"QLDSouth","Gympie",153.157897949219,-26.1327075958252,0.2,1.54,2.63,107.87,55.79,270.11,4.04,3.29,5.41
"WANorth","Shark Bay",113.157897949219,-26.0854568481445,0.2,1.3,2.99,267.11,123.92,770.37,3.21,2.73,4.01
"WANorth","Shark Bay",113.421051025391,-26.0854568481445,0.2,1.37,2.76,19.28,12.51,35.55,2.54,2.23,3.03
"WANorth","Shark Bay",113.526313781738,-26.0854568481445,0.2,1.37,2.79,18.24,11.81,33.93,2.42,2.14,2.85
"WANorth","Shark Bay",113.736839294434,-26.0854568481445,0.2,1.39,2.84,14.14,9.57,24.59,2.7,2.35,3.3
"WANorth","Shark Bay",113.789474487305,-26.0854568481445,0.2,1.39,2.86,13.16,9.03,22.43,2.65,2.31,3.22
"WANorth","Shark Bay",113.947364807129,-26.0854568481445,0.2,1.41,2.91,10.64,7.52,17.36,2.44,2.15,2.91
"WANorth","Carnarvon",114.210517883301,-26.0854568481445,0.2,1.43,3.02,8.86,6.45,13.89,2.29,2.04,2.68
"QLDSouth","Gympie",153.157897949219,-26.0854568481445,0.2,1.54,2.6,107.38,55.4,270.32,4.4,3.55,5.97
"WANorth","Shark Bay",113.105262756348,-26.0381870269775,0.2,1.3,2.99,328.21,147.92,985.52,3.22,2.74,4.03
"WANorth","Shark Bay",113.263160705566,-26.0381851196289,0.2,1.35,2.89,29.6,17.67,62.19,2.74,2.4,3.29
"WANorth","Shark Bay",113.315788269043,-26.0381755828857,0.2,1.35,2.9,27.4,16.61,56.16,2.7,2.36,3.24
"WANorth","Shark Bay",113.368423461914,-26.0381755828857,0.2,1.36,2.91,23.11,14.56,44.51,2.65,2.32,3.17
"WANorth","Shark Bay",113.526313781738,-26.0381870269775,0.2,1.37,2.79,20.3,13.05,37.93,2.42,2.15,2.87
"WANorth","Shark Bay",113.736839294434,-26.0381755828857,0.2,1.39,2.71,14.59,9.85,25.48,2.68,2.33,3.25
"WANorth","Shark Bay",113.842102050781,-26.0381755828857,0.2,1.4,2.87,12.58,8.72,21.09,2.61,2.27,3.15
"WANorth","Shark Bay",113.894737243652,-26.0381851196289,0.2,1.4,2.89,11.85,8.27,19.68,2.55,2.23,3.06
"WANorth","Carnarvon",114.157897949219,-26.0381851196289,0.2,1.42,3,9.39,6.77,14.88,2.42,2.14,2.88
NA,"Gympie",153.210525512695,-26.0381755828857,0.2,1.54,2.74,108.74,56.19,272.61,3.75,3.08,4.97
"WANorth","Shark Bay",113.052635192871,-25.9908962249756,0.2,1.29,3.01,398.96,174.94,1244.5,3.32,2.82,4.18
"WANorth","Shark Bay",113.210525512695,-25.9908962249756,0.2,1.34,2.88,41.29,23.45,93.07,2.87,2.49,3.48
"WANorth","Shark Bay",113.473670959473,-25.9908962249756,0.2,1.36,2.92,22.16,14.09,42.04,2.66,2.33,3.2
"WANorth","Shark Bay",113.736839294434,-25.9908962249756,0.2,1.39,2.72,14.82,10,25.86,2.66,2.32,3.22
"WANorth","Carnarvon",114.157897949219,-25.9908962249756,0.2,1.42,3,9.5,6.85,15.08,2.45,2.16,2.93
"QLDSouth","Gympie",153.210525512695,-25.9908962249756,0.2,1.54,2.74,104.48,54.27,260.08,3.79,3.11,5.04
"WANorth","Shark Bay",113,-25.9435882568359,0.2,1.29,3.05,473.21,202.38,1529.09,3.11,2.66,3.85
"WANorth","Shark Bay",113.157897949219,-25.9435882568359,0.2,1.33,2.9,50.31,27.79,117.84,3.05,2.62,3.76
"WANorth","Shark Bay",113.789474487305,-25.9435882568359,0.2,1.39,2.75,13.16,9.06,22.26,2.57,2.25,3.09
"WANorth","Carnarvon",114.210525512695,-25.9435787200928,0.2,1.42,2.97,8.97,6.51,14.09,2.35,2.08,2.79
"QLDSouth","Gympie",153.210525512695,-25.9435787200928,0.2,2.41,3.42,102.82,53.49,255.59,4.89,3.84,6.91
"WANorth","Shark Bay",113,-25.89626121521,0.2,1.29,2.96,474.19,202.28,1539.53,3.36,2.85,4.22
"WANorth","Shark Bay",113.157897949219,-25.89626121521,0.2,1.33,2.9,56.45,30.77,134.45,3.07,2.64,3.79
"WANorth","Shark Bay",113.473670959473,-25.89626121521,0.2,1.35,2.91,27.78,16.96,56.07,2.84,2.46,3.48
"WANorth","Shark Bay",113.789474487305,-25.89626121521,0.2,1.39,2.76,13.64,9.35,23.24,2.56,2.24,3.08
"WANorth","Carnarvon",114.210517883301,-25.89626121521,0.2,1.42,2.97,9.25,6.68,14.65,2.38,2.1,2.82
"QLDSouth","Gympie",153.157897949219,-25.89626121521,0.2,2.41,3.58,93.52,49.22,228.88,3.58,2.96,4.72
"WANorth","Shark Bay",112.947357177734,-25.848913192749,0.2,1.29,3.03,515.62,217.13,1705.32,3.21,2.74,4
"WANorth","Shark Bay",113.157897949219,-25.848913192749,0.2,1.33,2.85,59.49,32.36,141.66,3.21,2.73,3.99
"WANorth","Shark Bay",113.421051025391,-25.848913192749,0.2,1.34,2.9,40.34,23.37,87.52,2.96,2.55,3.65
"WANorth","Shark Bay",113.789474487305,-25.848913192749,0.2,1.39,2.88,14.31,9.73,24.61,2.87,2.46,3.57
"WANorth","Carnarvon",114.157897949219,-25.848913192749,0.2,1.41,2.82,10.43,7.4,16.96,2.39,2.12,2.84
"QLDSouth","Gympie",153.105270385742,-25.848913192749,0.2,2.41,3.59,91.62,48.26,224.23,3.55,2.94,4.66
"WANorth","Shark Bay",112.947364807129,-25.8015384674072,0.2,1.29,3.04,493.55,209.3,1615.74,3.04,2.61,3.75
"WANorth","Shark Bay",113.157897949219,-25.8015480041504,0.2,1.33,2.86,62.81,34.18,148.7,3.23,2.75,4.02
"WANorth","Shark Bay",113.421051025391,-25.8015480041504,0.2,1.33,2.9,52.53,29.31,120.13,3.01,2.59,3.72
"WANorth","Shark Bay",113.736839294434,-25.8015384674072,0.2,1.35,2.89,34.79,20.13,76.77,2.99,2.56,3.72
"WANorth","Carnarvon",114.105262756348,-25.8015384674072,0.2,1.4,2.82,11.76,8.2,19.58,2.43,2.14,2.9
"QLDSouth","Fraser Coast",153.105270385742,-25.8015384674072,0.2,2.41,3.49,92.97,48.76,229.17,4.01,3.26,5.38
"WANorth","Shark Bay",112.947357177734,-25.7541637420654,0.2,1.29,3.01,488.46,207.81,1590.53,3.07,2.64,3.79
"WANorth","Shark Bay",113.105262756348,-25.7541637420654,0.2,1.32,2.86,75.75,40.18,185.7,3.27,2.78,4.09
"WANorth","Shark Bay",113.421051025391,-25.7541637420654,0.2,1.33,2.87,63.63,34.63,150.44,3.16,2.7,3.93
"WANorth","Shark Bay",113.684211730957,-25.7541637420654,0.2,1.33,2.89,61.64,32.38,157.19,3.02,2.58,3.77
"WANorth","Carnarvon",114.105255126953,-25.7541637420654,0.2,1.4,2.82,11.59,8.13,19.1,2.45,2.16,2.93
"QLDSouth","Fraser Coast",153.105270385742,-25.7541637420654,0.2,2.41,3.5,95.49,49.81,237.38,3.98,3.24,5.34
NA,"Shark Bay",112.894737243652,-25.7067604064941,0.2,1.29,2.98,544.42,228.71,1801.71,4.18,3.4,5.58
"WANorth","Shark Bay",113.105262756348,-25.706750869751,0.2,1.32,2.87,79.72,42.46,193.01,3.8,3.13,4.99
"WANorth","Shark Bay",113.368423461914,-25.706750869751,0.2,1.32,2.26,71.46,38.46,171.04,2.76,2.38,3.39
"WANorth","Shark Bay",113.631576538086,-25.7067604064941,0.2,1.32,2.28,77.16,39.2,206.43,2.62,2.28,3.18
"WANorth","Carnarvon",114.052635192871,-25.7067604064941,0.2,1.39,2.94,14.23,9.71,24.34,2.77,2.38,3.42
"QLDSouth","Fraser Coast",153.105270385742,-25.706750869751,0.2,2.41,3.5,96.81,50.3,242.27,3.94,3.21,5.27
"WANorth","Shark Bay",112.894737243652,-25.6593379974365,0.2,1.29,2.92,498.99,212.38,1620.98,4.37,3.54,5.86
"WANorth","Shark Bay",113.105262756348,-25.6593379974365,0.2,1.32,2.85,83.61,44.6,201.07,3.36,2.85,4.21
"WANorth","Shark Bay",113.368408203125,-25.6593379974365,0.2,1.32,2.25,76.9,41.16,185,2.79,2.4,3.44
"WANorth","Shark Bay",113.631576538086,-25.6593379974365,0.2,1.32,2.28,87.48,43.61,240.41,2.65,2.3,3.23
"WANorth","Carnarvon",114,-25.6593379974365,0.2,1.34,2.33,37.34,21.46,82.95,2.45,2.15,2.94
"QLDSouth","Fraser Coast",153.105270385742,-25.6593379974365,0.2,2.41,3.54,95.42,49.56,239.27,3.81,3.12,5.04
"WANorth","Shark Bay",112.894737243652,-25.6118965148926,0.2,1.29,2.93,464.7,199.9,1487.05,4.12,3.37,5.48
"WANorth","Shark Bay",113.052635192871,-25.6118965148926,0.2,1.32,2.86,89.99,47.55,219.26,3.36,2.85,4.21
"WANorth","Shark Bay",113.421051025391,-25.6118965148926,0.2,1.32,2.25,72.2,38.91,172.19,2.78,2.4,3.43
"WANorth","Shark Bay",113.578948974609,-25.6118965148926,0.2,1.32,2.26,96.78,47.82,268.15,2.74,2.37,3.37
"WANorth","Carnarvon",114,-25.6118965148926,0.2,1.34,2.31,46.22,25.59,108.73,2.51,2.19,3.02
NA,"Fraser Coast",153.157897949219,-25.6118965148926,0.2,2.41,3.52,100.36,51.9,252.79,3.97,3.24,5.31
"WANorth","Shark Bay",112.894737243652,-25.5644359588623,0.2,1.29,2.9,434.26,188.47,1372.98,4.2,3.41,5.63
"WANorth","Shark Bay",113.052635192871,-25.5644359588623,0.2,1.31,2.2,108.65,55.78,275.84,3.24,2.73,4.15
"WANorth","Shark Bay",113.473686218262,-25.5644264221191,0.2,1.31,2.25,116.34,56.82,324.43,2.84,2.44,3.52
"WANorth","Shark Bay",113.526313781738,-25.5644359588623,0.2,1.31,2.25,138.12,64.37,417.62,2.83,2.43,3.51
"WANorth","Carnarvon",114,-25.5644359588623,0.2,1.33,2.3,50.18,27.46,119.91,2.57,2.24,3.12
"QLDSouth","Fraser Coast",153.157897949219,-25.5644359588623,0.2,2.41,3.53,99.81,51.59,251.78,3.91,3.2,5.21
"WANorth","Shark Bay",112.894737243652,-25.5169563293457,0.2,1.29,2.9,418.28,182.61,1311.2,4.21,3.42,5.64
"WANorth","Shark Bay",113.052635192871,-25.5169563293457,0.2,1.31,2.19,149.53,72.6,412.86,3.38,2.82,4.37
"WANorth","Carnarvon",113.947364807129,-25.5169582366943,0.2,1.33,2.28,60.81,32.57,149.13,2.67,2.32,3.28
"QLDSouth","Fraser Coast",153.157897949219,-25.5169582366943,0.2,2.41,3.67,96.87,50.19,243.77,3.37,2.81,4.37
"WANorth","Shark Bay",112.947357177734,-25.4694595336914,0.2,1.29,2.5,407.08,174.58,1323.18,3.96,3.22,5.31
"WANorth","Shark Bay",113,-25.4694595336914,0.2,1.29,2.26,376.95,160.74,1246.52,3.57,2.96,4.67
"WANorth","Carnarvon",113.894737243652,-25.4694595336914,0.2,1.32,2.03,77.32,39.76,201.63,3.45,2.86,4.51
NA,"Fraser Coast",153.210525512695,-25.4694595336914,0.2,2.41,3.62,107.13,54.66,275.62,3.62,2.99,4.77
"WANorth","Carnarvon",113.894737243652,-25.4219436645508,0.2,1.32,2.03,86.24,43.55,231,3.57,2.95,4.71
"QLDSouth","Fraser Coast",153.210525512695,-25.4219436645508,0.2,2.41,3.59,106.13,54.04,274.4,3.65,3,4.82
"WANorth","Carnarvon",113.842094421387,-25.3744087219238,0.2,1.31,2.01,113.64,54.78,326.38,3.82,3.11,5.14
"QLDSouth","Fraser Coast",152.947372436523,-25.3744087219238,0.2,2.42,3.35,64.45,35.04,152.51,4.98,3.92,7.02
"QLDSouth","Fraser Coast",153,-25.3744087219238,0.2,2.42,3.34,62.85,34.26,148.23,5,3.93,7.04
NA,"Fraser Coast",153.263153076172,-25.3744087219238,0.2,2.41,3.71,113.68,57.7,294.04,3.38,2.81,4.4
"WANorth","Carnarvon",113.842094421387,-25.3268547058105,0.2,1.31,2,146.86,67.79,450.27,4,3.23,5.44
"QLDSouth","Fraser Coast",152.947372436523,-25.3268547058105,0.2,2.42,3.36,67.73,36.68,160.83,4.93,3.89,6.92
"QLDSouth","Fraser Coast",153,-25.3268547058105,0.2,2.42,3.36,65.59,35.67,154.97,4.92,3.88,6.89
"QLDSouth","Fraser Coast",153.263153076172,-25.3268547058105,0.2,2.41,3.65,106.46,54.54,271.81,3.55,2.94,4.67
"WANorth","Carnarvon",113.842094421387,-25.2792816162109,0.2,1.3,2,190.04,84.18,618.88,4.17,3.35,5.73
"QLDSouth","Fraser Coast",153,-25.2792816162109,0.2,2.42,3.37,67.71,36.78,159.86,4.8,3.81,6.66
"QLDSouth","Fraser Coast",153.263153076172,-25.2792816162109,0.2,2.41,3.61,100.64,51.94,254.37,3.54,2.93,4.66
"WANorth","Carnarvon",113.789474487305,-25.231689453125,0.2,1.31,1.98,169.92,78.07,518.46,4.49,3.56,6.29
"QLDSouth","Fraser Coast",152.684204101562,-25.231689453125,0.2,2.42,3.06,76.97,41.28,184.39,4.25,3.39,5.89
"QLDSouth","Fraser Coast",152.736831665039,-25.231689453125,0.2,2.42,3.06,79.07,42.3,190.01,4.23,3.38,5.86
"QLDSouth","Fraser Coast",152.789474487305,-25.231689453125,0.2,2.42,3.42,80.94,43.08,196.07,4.51,3.62,6.16
"QLDSouth","Fraser Coast",152.842102050781,-25.231689453125,0.2,2.42,3.41,81.54,43.26,198.68,4.52,3.62,6.17
"QLDSouth","Fraser Coast",152.894729614258,-25.231689453125,0.2,2.42,3.41,78.32,41.79,189.24,4.55,3.65,6.23
"QLDSouth","Fraser Coast",153,-25.231689453125,0.2,2.42,3.4,74.53,40.01,178.7,4.66,3.72,6.42
"QLDSouth","Fraser Coast",153.315795898438,-25.231689453125,0.2,2.41,3.65,125.62,62.9,331.06,3.58,2.95,4.71
"WANorth","Carnarvon",113.789474487305,-25.1840801239014,0.2,1.31,1.97,161.64,75.93,473.64,4.7,3.7,6.67
"QLDSouth","Fraser Coast",152.684204101562,-25.1840801239014,0.2,2.41,3.06,82.65,44.01,199.66,4.34,3.45,6.04
"QLDSouth","Fraser Coast",153,-25.1840801239014,0.2,2.41,3.42,94.11,48.83,236.72,4.46,3.59,6.06
"QLDSouth","Fraser Coast",153.315795898438,-25.1840801239014,0.2,2.41,3.65,120.71,60.69,316.57,3.55,2.93,4.67
"WANorth","Carnarvon",113.736831665039,-25.1364517211914,0.2,1.3,1.96,333.05,140.07,1144.33,4.99,3.88,7.2
"QLDSouth","Bundaberg",152.631576538086,-25.1364517211914,0.2,2.42,3.06,81.8,43.65,196.98,4.4,3.49,6.15
"QLDSouth","Fraser Coast",153.052627563477,-25.1364517211914,0.2,2.41,3.44,124.53,61.97,332.52,4.36,3.52,5.9
NA,"Fraser Coast",153.368423461914,-25.1364517211914,0.2,2.4,3.73,151.64,73.94,414.72,3.27,2.73,4.21
"WANorth","Carnarvon",113.684211730957,-25.0888042449951,0.2,1.29,1.95,604.37,233.42,2339.32,5.21,4.01,7.6
"QLDSouth","Bundaberg",152.578948974609,-25.0888042449951,0.2,2.42,3.07,77.14,41.59,182.94,4.41,3.5,6.17
"QLDSouth","Fraser Coast",153.105255126953,-25.0888042449951,0.2,2.4,3.45,157.38,76.71,429.5,4.39,3.54,5.96
"QLDSouth","Fraser Coast",153.368423461914,-25.0888042449951,0.2,2.4,3.7,154.53,75.1,424.74,3.34,2.79,4.33
"WANorth","Carnarvon",113.631576538086,-25.0411376953125,0.2,1.28,1.94,1028.96,370.69,4372.91,5.36,4.11,7.9
"QLDSouth","Bundaberg",152.578948974609,-25.0411376953125,0.2,2.14,2.79,80.26,43.02,191.85,4.5,3.56,6.33
"QLDSouth","Fraser Coast",153.157897949219,-25.0411376953125,0.2,2.4,3.56,178.4,85.95,493.1,3.8,3.11,5.04
"QLDSouth","Fraser Coast",153.368423461914,-25.0411376953125,0.2,2.4,3.69,161.27,77.89,447.13,3.35,2.79,4.34
"WANorth","Carnarvon",113.631576538086,-24.9934539794922,0.2,1.28,1.94,1482.24,508.59,6729.64,5.39,4.13,7.95
"QLDSouth","Bundaberg",152.526321411133,-24.9934539794922,0.2,2.14,2.8,77.69,41.68,185.9,4.41,3.5,6.18
"QLDSouth","Fraser Coast",153.157897949219,-24.9934539794922,0.2,2.4,2.96,178.5,85.76,496,4.82,3.78,6.88
"QLDSouth","Fraser Coast",153.368423461914,-24.993444442749,0.2,2.4,3.68,169.16,81.19,473.07,3.35,2.8,4.34
"WANorth","Carnarvon",113.631576538086,-24.9457492828369,0.2,1.28,1.94,1745.14,586.83,8135.19,5.42,4.15,7.99
"QLDSouth","Bundaberg",152.526321411133,-24.9457492828369,0.2,2.14,2.8,78.96,42.22,189.86,4.46,3.53,6.26
"QLDSouth","Fraser Coast",153.157897949219,-24.9457492828369,0.2,2.4,2.95,180.53,86.71,501.55,4.96,3.87,7.12
"QLDSouth","Fraser Coast",153.368423461914,-24.9457416534424,0.2,2.4,3.68,178.59,85.17,503.56,3.33,2.78,4.31
"QLDSouth","Bundaberg",152.526321411133,-24.8980293273926,0.2,2.14,2.8,79.24,42.27,191.42,4.51,3.57,6.34
"QLDSouth","Fraser Coast",153.157897949219,-24.8980293273926,0.2,2.4,2.95,180.16,86.59,499.94,5.12,3.97,7.4
"QLDSouth","Fraser Coast",153.315795898438,-24.8980293273926,0.2,2.4,3.7,174.85,83.48,492.62,3.19,2.68,4.1
"WANorth","Carnarvon",113.57893371582,-24.8502883911133,0.2,1.28,1.99,1016.17,380.01,4014.92,4.71,3.68,6.75
"QLDSouth","Bundaberg",152.526321411133,-24.8502883911133,0.2,2.14,2.8,81.35,43.26,197.31,4.54,3.59,6.38
"QLDSouth","Fraser Coast",153.157897949219,-24.8502883911133,0.2,2.4,3.01,175.13,84.59,482.44,4.9,3.84,6.99
"QLDSouth","Fraser Coast",153.315795898438,-24.8502883911133,0.2,2.4,3.7,175.27,83.65,494.1,3.18,2.67,4.09
"WANorth","Carnarvon",113.57893371582,-24.8025302886963,0.2,1.29,2.04,536.1,222.59,1816.6,4.29,3.4,6.04
"QLDSouth","Bundaberg",152.473678588867,-24.8025302886963,0.2,2.14,2.81,78.24,41.77,188.88,4.38,3.48,6.11
"QLDSouth","Fraser Coast",153.157897949219,-24.8025302886963,0.2,2.4,3.01,168.05,81.77,457.78,5.03,3.92,7.21
"QLDSouth","Fraser Coast",153.315795898438,-24.8025302886963,0.2,2.4,3.7,181.6,86.36,514.16,3.22,2.7,4.14
"WANorth","Carnarvon",113.57893371582,-24.754753112793,0.2,1.3,2.14,343.17,153.8,1038.13,4.13,3.32,5.66
"QLDSouth","Fraser Coast",153.157897949219,-24.754753112793,0.2,2.4,3,161.62,79.11,436.51,5.14,3.99,7.41
"QLDSouth","Fraser Coast",153.315795898438,-24.754753112793,0.2,2.4,3.7,189.65,89.9,538.44,3.18,2.67,4.08
"WANorth","Carnarvon",113.57893371582,-24.706958770752,0.2,1.29,2.21,402.3,176.99,1246.33,5.45,4.25,7.75
"QLDSouth","Bundaberg",152.315795898438,-24.706958770752,0.2,2.15,3.04,61.53,34.27,139.35,3.8,3.08,5.16
"QLDSouth","Bundaberg",152.368408203125,-24.706958770752,0.2,2.14,2.89,68.39,37.5,158.43,4.1,3.29,5.65
"QLDSouth","Fraser Coast",153.210510253906,-24.706958770752,0.2,2.4,3,157.57,77.02,427.58,5.31,4.1,7.72
"QLDSouth","Fraser Coast",153.263153076172,-24.706958770752,0.2,2.4,3.62,172.92,83.25,479.73,3.39,2.82,4.41
"WANorth","Carnarvon",113.526313781738,-24.6591453552246,0.2,1.28,2.2,1385.52,507.57,5563.49,5.69,4.41,8.18
"QLDSouth","Bundaberg",152.263153076172,-24.6591453552246,0.2,2.15,3.03,60.43,33.82,135.73,3.86,3.12,5.26
"WANorth","Carnarvon",113.473686218262,-24.6113128662109,0.2,1.28,2.19,954.84,368.16,3572.92,6.14,4.7,9
"QLDSouth","Bundaberg",152.157897949219,-24.6113128662109,0.2,2.15,2.95,61.02,34.35,135.49,4.19,3.35,5.8
"QLDSouth","Bundaberg",152.210525512695,-24.6113033294678,0.2,2.15,3.03,60.38,33.94,134.49,3.91,3.16,5.35
"WANorth","Carnarvon",113.421051025391,-24.5634632110596,0.2,1.29,2.26,787.69,310.94,2857.8,6,4.63,8.64
"QLDSouth","Bundaberg",152.157897949219,-24.5634632110596,0.2,2.14,2.94,63.3,35.43,141.73,4.29,3.42,5.97
"WANorth","Carnarvon",113.421051025391,-24.5155944824219,0.2,1.29,2.26,840.71,330.01,3068.46,6.08,4.68,8.77
"QLDNorth","Gladstone",152.052627563477,-24.5155944824219,0.2,2.14,2.94,70.12,38.79,159.32,4.26,3.4,5.92
"QLDSouth","Bundaberg",152.105270385742,-24.5155849456787,0.2,2.14,2.94,68.46,37.97,155.1,4.36,3.46,6.09
"WANorth","Carnarvon",113.368408203125,-24.4677085876465,0.2,1.29,2.25,736.88,294.71,2620.32,8.33,6.12,12.83
"QLDNorth","Gladstone",152,-24.4677085876465,0.2,2.14,2.95,76.95,41.95,178.57,4.22,3.37,5.85
"WANorth","Carnarvon",113.368408203125,-24.4198017120361,0.2,1.29,2.51,686.83,279.49,2374.98,5.79,4.45,8.42
"QLDNorth","Gladstone",152,-24.4198036193848,0.2,2.14,2.95,81.01,43.8,190.31,4.25,3.39,5.91
"WANorth","Carnarvon",113.368423461914,-24.3718700408936,0.2,1.29,2.51,628.16,260.67,2106.25,5.86,4.49,8.55
"QLDNorth","Gladstone",152,-24.3718795776367,0.2,2.14,2.94,84.6,45.44,200.59,4.43,3.51,6.21
"WANorth","Carnarvon",113.368423461914,-24.3239288330078,0.2,1.29,2.54,634.52,263.83,2118.21,6.43,4.84,9.65
"QLDNorth","Gladstone",152,-24.323938369751,0.2,2.14,2.94,86.5,46.31,206.02,4.5,3.56,6.33
"WANorth","Carnarvon",113.368408203125,-24.2759780883789,0.2,1.29,2.54,680.01,279.33,2311.44,6.88,5.12,10.52
"QLDNorth","Gladstone",152,-24.2759780883789,0.2,2.14,2.93,84.49,45.44,199.88,4.6,3.62,6.51
"WANorth","Carnarvon",113.368408203125,-24.2280006408691,0.2,1.29,2.29,678.46,278.04,2316.87,5.21,4.06,7.45
NA,"Gladstone",152,-24.2280006408691,0.2,2.14,2.92,76.39,41.76,176.45,4.77,3.73,6.8
"WANorth","Carnarvon",113.368423461914,-24.1799964904785,0.2,1.29,2.29,662.98,272.69,2252,5.26,4.09,7.53
"QLDNorth","Gladstone",151.947372436523,-24.1799964904785,0.2,2.66,3.43,61.6,34.94,134.69,4.8,3.75,6.87
NA,"Carnarvon",113.368423461914,-24.1319828033447,0.2,1.29,2.42,627.66,261.38,2090.81,6.87,5.12,10.48
"QLDNorth","Gladstone",151.842102050781,-24.1319828033447,0.2,2.66,3.47,71.95,39.89,162.53,4.3,3.43,5.97
"QLDNorth","Gladstone",151.894729614258,-24.1319904327393,0.2,2.66,3.47,70.63,39.3,158.66,4.38,3.48,6.11
"WANorth","Carnarvon",113.368423461914,-24.0839500427246,0.2,1.29,2.42,587.33,248.27,1910.78,8.5,6.12,13.66
"QLDNorth","Gladstone",151.789474487305,-24.0839595794678,0.2,2.66,3.47,81,44.06,188.02,4.18,3.35,5.76
"WANorth","Carnarvon",113.368423461914,-24.0359001159668,0.2,1.29,2.41,558.53,238.9,1783.54,8.67,6.22,14.01
"QLDNorth","Gladstone",151.578948974609,-24.0359001159668,0.2,2.65,3.36,112.86,57.43,290.65,5.17,4,7.48
"QLDNorth","Gladstone",151.631576538086,-24.03590965271,0.2,2.65,3.35,115.55,58.69,298.12,5.28,4.07,7.68
"QLDNorth","Gladstone",151.789474487305,-24.03590965271,0.2,2.66,3.47,86.7,46.68,204.27,4.19,3.36,5.78
"WANorth","Carnarvon",113.421051025391,-23.9878406524658,0.2,1.29,2.41,455.62,199.9,1406.55,7.6,5.55,11.99
"QLDNorth","Gladstone",151.473678588867,-23.9878406524658,0.2,2.65,3.38,104.79,53.83,266.52,5.01,3.9,7.18
"QLDNorth","Gladstone",151.526321411133,-23.9878406524658,0.2,2.65,3.37,107.99,55.34,275.28,5.11,3.97,7.37
"QLDNorth","Gladstone",151.684204101562,-23.9878406524658,0.2,2.65,3.36,109.91,56.79,275.35,5.14,3.99,7.44
"QLDNorth","Gladstone",151.736831665039,-23.9878406524658,0.2,2.65,3.37,107.69,55.88,268.04,5.02,3.91,7.22
"WANorth","Carnarvon",113.421051025391,-23.9397563934326,0.2,1.29,2.42,569.9,242.18,1839.66,7.01,5.17,10.9
"WANorth","Carnarvon",113.421051025391,-23.8916511535645,0.2,1.29,2.42,654.08,272.32,2173.4,6.97,5.15,10.82
"QLDNorth","Gladstone",151.421051025391,-23.8916511535645,0.2,2.65,3.39,103.08,53.02,261.83,4.86,3.81,6.91
"WANorth","Carnarvon",113.473686218262,-23.8435211181641,0.2,1.29,2.23,620.89,258.18,2075.48,4.82,3.76,6.96
"WANorth","Carnarvon",113.473686218262,-23.7953815460205,0.2,1.29,2.34,714.47,291.9,2445.1,5.82,4.42,8.69
"WANorth","Carnarvon",113.526313781738,-23.7472324371338,0.2,1.29,2.19,672.14,276.67,2277.66,4.9,3.8,7.11
"QLDNorth","Gladstone",151.315795898438,-23.7472324371338,0.2,2.66,3.45,78.38,42.15,186.51,4,3.24,5.44
"WANorth","Carnarvon",113.526313781738,-23.6990585327148,0.2,1.29,2.28,768.63,311.72,2653.68,5.51,4.21,8.16
"QLDNorth","Gladstone",151.315795898438,-23.6990585327148,0.2,2.67,3.46,74.57,40.46,175.15,4.01,3.24,5.46
"WANorth","Carnarvon",113.57893371582,-23.6508636474609,0.2,1.29,2.27,889.38,354.46,3141.13,5.51,4.21,8.17
"QLDNorth","Gladstone",151.315795898438,-23.6508636474609,0.2,2.67,3.49,71.11,38.87,165.21,3.87,3.15,5.2
"WANorth","Carnarvon",113.631576538086,-23.602653503418,0.2,1.28,2.14,1255.86,477.16,4738.43,4.83,3.75,7.03
"QLDNorth","Gladstone",150.894729614258,-23.602653503418,0.2,3.04,3.76,70.02,38.45,161.38,4.6,3.66,6.37
"QLDNorth","Gladstone",151.315795898438,-23.602653503418,0.2,2.67,3.49,69.44,38.12,160.2,3.93,3.19,5.31
"WANorth","Carnarvon",113.684211730957,-23.5544242858887,0.2,1.28,2.08,1587.24,585.15,6236.93,4.95,3.82,7.26
"QLDNorth","Rockhampton",150.842102050781,-23.5544242858887,0.2,3.04,3.77,66.58,36.85,151.71,4.45,3.56,6.13
"QLDNorth","Gladstone",150.947357177734,-23.5544242858887,0.2,3.04,3.76,77.59,42.15,181.18,4.62,3.67,6.43
"QLDNorth","Gladstone",151.263153076172,-23.5544242858887,0.2,2.67,3.48,62.4,35.05,138.91,4.01,3.25,5.43
"WANorth","Carnarvon",113.736831665039,-23.5061779022217,0.2,1.28,2.02,1797.73,649.42,7276.37,5.89,4.41,9.03
"QLDNorth","Livingstone",150.842102050781,-23.5061779022217,0.2,3.04,3.79,67.96,37.46,155.88,4.36,3.49,5.99
"QLDNorth","Gladstone",150.947357177734,-23.5061779022217,0.2,3.04,3.78,76.82,41.79,179.05,4.53,3.6,6.28
"QLDNorth","Gladstone",151.210525512695,-23.5061779022217,0.2,3.05,3.85,52.96,30.69,112.4,4.03,3.26,5.48
"WANorth","Carnarvon",113.736831665039,-23.457914352417,0.2,1.28,2.02,1705.12,621.5,6811.17,6.1,4.55,9.44
"QLDNorth","Livingstone",150.842102050781,-23.457914352417,0.2,3.04,3.9,66.89,36.81,154.08,3.76,3.08,5.01
"QLDNorth","Gladstone",150.947357177734,-23.457914352417,0.2,3.04,3.89,79.21,42.78,186.78,3.86,3.15,5.18
"QLDNorth","Gladstone",151.105270385742,-23.457914352417,0.2,3.04,3.84,57.8,33.05,125.05,3.97,3.21,5.41
"QLDNorth","Gladstone",151.157897949219,-23.457914352417,0.2,3.04,3.84,58.54,33.5,126.29,4.03,3.25,5.5
"WANorth","Carnarvon",113.736831665039,-23.4096336364746,0.2,1.28,2.12,1479.21,548.22,5782.91,6.78,5.03,10.46
"QLDNorth","Livingstone",150.842102050781,-23.4096336364746,0.2,3.04,3.91,64.87,35.76,149.24,3.68,3.02,4.87
"QLDNorth","Gladstone",151,-23.4096336364746,0.2,3.04,3.92,74.06,40.31,172.91,3.67,3.01,4.87
"QLDNorth","Gladstone",151.052627563477,-23.4096336364746,0.2,3.04,3.92,71.96,39.49,165.68,3.63,2.99,4.81
"WANorth","Carnarvon",113.736831665039,-23.3613338470459,0.2,1.67,2.55,1291.64,484.94,4974.79,7.05,5.22,10.86
"QLDNorth","Livingstone",150.842102050781,-23.3613338470459,0.2,2.88,3.76,65.36,35.81,152.11,3.61,2.97,4.77
"WANorth","Carnarvon",113.736831665039,-23.3130168914795,0.2,1.68,2.55,1153.22,437.54,4389.29,7.07,5.24,10.89
"QLDNorth","Livingstone",150.842102050781,-23.3130168914795,0.2,2.88,3.74,62.77,34.47,145.95,3.77,3.08,5.03
"WANorth","Carnarvon",113.736831665039,-23.2646827697754,0.2,1.68,2.58,1121.53,426.41,4260.09,7.43,5.48,11.49
"QLDNorth","Livingstone",150.842102050781,-23.2646827697754,0.2,2.88,3.75,58.45,32.39,134.31,3.68,3.02,4.9
"WANorth","Carnarvon",113.736831665039,-23.216329574585,0.2,1.67,2.6,1187.2,447.59,4563.82,8.06,5.88,12.66
"QLDNorth","Livingstone",150.842102050781,-23.216329574585,0.2,2.88,3.75,52.1,29.53,115.52,3.66,3,4.86
"WANorth","Carnarvon",113.736839294434,-23.1679515838623,0.2,1.67,2.6,1254.27,468.01,4898.17,8.09,5.9,12.71
"QLDNorth","Livingstone",150.842102050781,-23.1679515838623,0.2,2.89,3.75,44.86,26.23,94.72,3.66,3,4.87
"WANorth","Carnarvon",113.736839294434,-23.1195640563965,0.2,1.67,2.6,1179.68,442.7,4577.31,7.98,5.83,12.53
"WANorth","Carnarvon",113.736831665039,-23.0711688995361,0.2,1.68,2.64,1074.47,408.39,4096.76,8.01,5.85,12.57
"QLDNorth","Livingstone",150.789474487305,-23.0711688995361,0.2,2.89,3.68,44.03,26.01,91.27,3.96,3.21,5.36
"WANorth","Carnarvon",113.789474487305,-23.0227451324463,0.2,1.68,2.64,821.26,328.06,2904.19,8.75,6.31,13.96
"QLDNorth","Livingstone",150.789474487305,-23.0227451324463,0.2,2.89,3.68,43.05,25.56,88.55,3.95,3.2,5.35
"WANorth","Carnarvon",113.789474487305,-22.9743061065674,0.2,1.68,2.64,876.07,342.4,3214.56,8.83,6.37,14.11
"QLDNorth","Livingstone",150.789474487305,-22.9743061065674,0.2,2.89,3.68,42.43,25.27,86.81,3.94,3.19,5.33
"WANorth","Exmouth",113.736839294434,-22.9258422851562,0.2,1.68,2.67,733.01,291.46,2636.96,10.5,7.4,17.28
"QLDNorth","Livingstone",150.842102050781,-22.9258422851562,0.2,2.89,3.67,44.87,26.59,92.36,4.05,3.27,5.52
"WANorth","Exmouth",113.736831665039,-22.8773765563965,0.2,1.68,2.65,683.08,273.46,2438.29,14.18,9.54,24.95
"QLDNorth","Livingstone",150.842102050781,-22.8773765563965,0.2,2.89,3.67,44.26,26.31,90.61,4.06,3.28,5.54
"WANorth","Exmouth",113.736839294434,-22.8288841247559,0.2,1.68,2.64,678.13,270.75,2434.59,14.35,9.64,25.35
"QLDNorth","Livingstone",150.842102050781,-22.8288745880127,0.2,2.89,3.7,43.57,26.02,88.55,3.89,3.16,5.25
"WANorth","Exmouth",113.684211730957,-22.7803764343262,0.2,1.68,2.77,588.17,239.81,2049.71,13.59,9.15,23.98
"QLDNorth","Livingstone",150.842102050781,-22.7803764343262,0.2,2.89,3.69,43.02,25.83,86.65,3.92,3.18,5.29
"WANorth","Exmouth",113.684211730957,-22.7318496704102,0.2,1.68,2.77,554.15,227.42,1915.58,13.87,9.3,24.63
"QLDNorth","Livingstone",150.842102050781,-22.7318496704102,0.2,2.89,3.84,41.89,25.37,83.14,3.3,2.76,4.27
"WANorth","Exmouth",113.631576538086,-22.6833057403564,0.2,1.68,2.84,539.43,221.64,1864.33,8.97,6.36,14.8
"QLDNorth","Livingstone",150.842102050781,-22.6832981109619,0.2,2.89,3.82,45.86,27.51,92.08,3.39,2.82,4.42
"WANorth","Exmouth",113.631576538086,-22.6347465515137,0.2,1.68,2.84,514.18,212.25,1767.62,9.04,6.4,14.93
"QLDNorth","Livingstone",150.842102050781,-22.6347465515137,0.2,2.88,3.81,54.87,32.12,113.96,3.4,2.83,4.45
"WANorth","Exmouth",113.631576538086,-22.5861682891846,0.2,1.68,2.84,496.59,205.6,1702.1,6.24,4.7,9.43
"QLDNorth","Livingstone",150.789474487305,-22.5861682891846,0.2,2.88,3.58,64.27,36.54,139.47,4.49,3.55,6.32
"WANorth","Exmouth",113.631576538086,-22.5375728607178,0.2,1.68,2.89,486.97,201.95,1666.25,5.65,4.29,8.43
"QLDNorth","Livingstone",150.473678588867,-22.5375728607178,0.2,2.9,3.62,30.13,18.7,58.45,3.97,3.2,5.41
"QLDNorth","Livingstone",150.526321411133,-22.5375728607178,0.2,2.9,3.61,30.53,18.91,59.4,4.02,3.24,5.51
"QLDNorth","Livingstone",150.789474487305,-22.5375728607178,0.2,2.88,3.58,67.24,37.83,148.36,4.47,3.54,6.29
"WANorth","Exmouth",113.684211730957,-22.4889602661133,0.2,1.69,2.77,448.9,188.11,1514.86,4.47,3.52,6.32
"WANorth","Exmouth",114.157897949219,-22.4889602661133,0.2,1.81,2.7,10.08,6.89,17.76,2.22,1.95,2.72
"WANorth","Exmouth",114.210517883301,-22.4889602661133,0.2,1.81,2.71,10.19,6.95,18,2.22,1.94,2.71
"QLDNorth","Livingstone",150.421051025391,-22.4889602661133,0.2,2.9,3.64,30.45,18.92,58.91,3.82,3.1,5.16
"QLDNorth","Livingstone",150.526321411133,-22.4889602661133,0.2,2.9,3.62,30.7,19.02,59.66,3.99,3.22,5.44
"QLDNorth","Livingstone",150.789474487305,-22.4889602661133,0.2,2.88,3.81,66.93,37.43,149.5,3.29,2.74,4.28
"WANorth","Exmouth",113.684211730957,-22.4403324127197,0.2,1.68,2.76,483.43,199.74,1667.16,4.52,3.56,6.42
"WANorth","Exmouth",114.157897949219,-22.4403324127197,0.2,1.8,2.69,10.85,7.34,19.38,2.27,1.98,2.78
"WANorth","Exmouth",114.210517883301,-22.4403324127197,0.2,1.8,2.69,11.08,7.48,19.84,2.27,1.98,2.79
"QLDNorth","Livingstone",150.368423461914,-22.4403324127197,0.2,2.9,3.66,31.6,19.61,61.12,3.66,3,4.88
"QLDNorth","Livingstone",150.473678588867,-22.4403324127197,0.2,2.9,3.64,32.71,20.19,63.71,3.74,3.05,5.03
"QLDNorth","Livingstone",150.789474487305,-22.4403324127197,0.2,2.88,3.82,64.14,35.95,143.05,3.26,2.72,4.23
"WANorth","Exmouth",113.736831665039,-22.3916854858398,0.2,1.68,2.63,488.54,200.95,1698.26,3.33,2.75,4.44
"WANorth","Exmouth",114.210525512695,-22.3916854858398,0.2,1.79,2.68,11.93,8.01,21.49,2.33,2.03,2.89
"WANorth","Exmouth",114.263160705566,-22.3916854858398,0.2,1.8,2.69,11.49,7.78,20.33,2.34,2.03,2.89
"WANorth","Exmouth",114.315780639648,-22.3916854858398,0.2,1.79,2.64,11.74,7.9,21.03,2.5,2.15,3.13
"WANorth","Exmouth",114.368408203125,-22.3916854858398,0.2,1.79,2.64,11.7,7.87,21.02,2.51,2.15,3.14
"QLDNorth","Isaac",149.736846923828,-22.3916854858398,0.2,3.93,4.62,13.61,9.32,23.19,3.25,2.71,4.23
"QLDNorth","Livingstone",149.789474487305,-22.3916854858398,0.2,2.94,3.63,14.1,9.62,24.14,3.31,2.75,4.31
"QLDNorth","Livingstone",149.842102050781,-22.3916854858398,0.2,2.94,3.62,14.49,9.87,24.84,3.35,2.79,4.39
"QLDNorth","Livingstone",149.894729614258,-22.3916854858398,0.2,2.94,3.62,14.65,9.99,25.05,3.42,2.83,4.49
"QLDNorth","Livingstone",150.368423461914,-22.3916854858398,0.2,2.9,3.63,30.41,19.02,58.09,3.74,3.05,5.02
"QLDNorth","Livingstone",150.473678588867,-22.3916854858398,0.2,2.9,3.65,32.25,20.03,62.13,3.7,3.02,4.95
"QLDNorth","Livingstone",150.736846923828,-22.3916854858398,0.2,2.88,3.88,54.43,31.16,117.97,3.06,2.58,3.9
"WANorth","Exmouth",113.736839294434,-22.3430137634277,0.2,1.68,2.78,527.35,213.57,1878.29,4.24,3.37,5.95
"WANorth","Exmouth",114.210525512695,-22.3430137634277,0.2,1.79,2.61,13.27,8.81,24.18,2.59,2.21,3.28
"WANorth","Exmouth",114.368423461914,-22.3430137634277,0.2,1.79,2.62,13.17,8.69,24.31,2.6,2.22,3.29
"QLDNorth","Isaac",149.631576538086,-22.3430213928223,0.2,3.93,4.64,12.42,8.58,20.95,3.15,2.65,4.06
"QLDNorth","Isaac",149.684204101562,-22.3430213928223,0.2,3.93,4.64,12.61,8.71,21.26,3.19,2.67,4.12
"QLDNorth","Livingstone",149.894729614258,-22.3430213928223,0.2,2.94,3.62,14.32,9.79,24.39,3.38,2.8,4.42
"QLDNorth","Livingstone",150.263153076172,-22.3430213928223,0.2,2.9,3.57,28.73,18.05,54.62,3.88,3.15,5.25
"QLDNorth","Livingstone",150.315795898438,-22.3430137634277,0.2,2.9,3.56,30.41,18.96,58.48,3.94,3.19,5.36
"QLDNorth","Livingstone",150.473678588867,-22.3430233001709,0.2,2.9,3.66,30.76,19.25,58.6,3.65,2.99,4.89
"QLDNorth","Livingstone",150.684204101562,-22.3430213928223,0.2,2.89,3.7,46.39,27.16,97.44,3.63,2.98,4.86
"WANorth","Exmouth",113.789474487305,-22.2943420410156,0.2,1.68,2.63,557.4,222.33,2036.7,3.36,2.77,4.5
"WANorth","Exmouth",114.157897949219,-22.2943420410156,0.2,1.77,2.6,15.86,10.25,30.02,2.71,2.3,3.46
"WANorth","Exmouth",114.421051025391,-22.2943420410156,0.2,1.78,2.6,13.8,9.04,25.71,2.74,2.32,3.51
"QLDNorth","Isaac",149.631576538086,-22.2943420410156,0.2,3.93,4.65,12.36,8.55,20.83,3.13,2.63,4.01
"QLDNorth","Livingstone",149.894729614258,-22.2943420410156,0.2,3.93,4.61,13.66,9.4,23.07,3.35,2.79,4.37
"QLDNorth","Livingstone",150.210525512695,-22.2943344116211,0.2,2.91,3.58,27.13,17.24,50.69,3.76,3.07,5.04
"QLDNorth","Livingstone",150.421051025391,-22.2943420410156,0.2,2.91,3.63,27.38,17.49,50.65,3.88,3.14,5.3
"QLDNorth","Livingstone",150.578948974609,-22.2943344116211,0.2,2.89,3.71,38.97,23.5,78.38,3.65,2.98,4.88
"QLDNorth","Livingstone",150.631576538086,-22.2943420410156,0.2,2.89,3.7,38.95,23.49,78.35,3.67,3,4.91
"WANorth","Exmouth",113.789474487305,-22.2456455230713,0.2,1.68,2.63,580.97,229.71,2152.7,3.4,2.79,4.55
"WANorth","Exmouth",114.157897949219,-22.2456455230713,0.2,1.77,2.58,18.34,11.59,35.9,2.82,2.38,3.63
"WANorth","Ashburton",114.421051025391,-22.2456455230713,0.2,1.77,2.58,16.19,10.37,31.19,2.86,2.41,3.71
"QLDNorth","Isaac",149.578948974609,-22.2456455230713,0.2,3.94,4.67,11.05,7.82,17.94,3.03,2.56,3.86
"QLDNorth","Livingstone",149.894729614258,-22.2456455230713,0.2,3.92,4.62,14.05,9.61,23.92,3.33,2.77,4.32
"QLDNorth","Livingstone",150.210525512695,-22.2456455230713,0.2,2.91,3.59,27.37,17.38,51.17,3.7,3.03,4.93
"QLDNorth","Livingstone",150.421051025391,-22.2456455230713,0.2,2.91,3.65,27.43,17.43,51.21,3.79,3.08,5.11
"QLDNorth","Livingstone",150.578948974609,-22.2456455230713,0.2,2.89,3.7,40.3,24.29,80.97,3.67,3,4.93
"WANorth","Exmouth",113.789474487305,-22.1969318389893,0.2,1.68,2.77,611.21,239.21,2301.44,4.33,3.43,6.11
"WANorth","Exmouth",114.105262756348,-22.1969299316406,0.2,1.76,2.57,20.63,12.83,41.26,2.98,2.49,3.89
"WANorth","Ashburton",114.421051025391,-22.1969318389893,0.2,1.76,2.73,19.28,12.04,38.41,2.02,1.8,2.4
"QLDNorth","Isaac",149.578948974609,-22.1969299316406,0.2,3.95,4.68,10.42,7.48,16.5,3.03,2.56,3.86
"QLDNorth","Livingstone",149.842102050781,-22.1969299316406,0.2,3.92,4.66,13.86,9.57,23.24,3.18,2.67,4.08
"QLDNorth","Livingstone",150.157897949219,-22.1969299316406,0.2,2.91,3.6,26.8,17.06,49.96,3.63,2.98,4.81
"QLDNorth","Livingstone",150.473678588867,-22.1969299316406,0.2,2.89,3.68,49.02,28.37,104.89,3.59,2.95,4.77
"QLDNorth","Livingstone",150.526321411133,-22.1969299316406,0.2,2.89,3.66,47.4,27.94,98.2,3.75,3.05,5.07
"WANorth","Exmouth",113.842094421387,-22.1481990814209,0.2,1.68,2.54,580.66,227.27,2195.69,4.33,3.43,6.1
"WANorth","Exmouth",114.105262756348,-22.1481990814209,0.2,1.75,2.56,23.31,14.25,47.69,3.1,2.57,4.09
"WANorth","Ashburton",114.473678588867,-22.1481990814209,0.2,1.76,2.73,22.81,13.85,47.49,2.03,1.81,2.41
"QLDNorth","Livingstone",149.842102050781,-22.1481990814209,0.2,3.92,4.67,15.1,10.22,26.11,3.15,2.64,4.05
"QLDNorth","Livingstone",150.105270385742,-22.1481990814209,0.2,3.89,4.58,27.68,17.58,51.68,3.6,2.96,4.77
"WANorth","Exmouth",113.842094421387,-22.0994510650635,0.2,1.68,2.71,608.12,236.17,2326.67,4.57,3.59,6.5
"WANorth","Ashburton",114.473678588867,-22.0994510650635,0.2,1.74,2.71,29.45,17.26,64.29,2.07,1.84,2.48
"QLDNorth","Isaac",149.578948974609,-22.0994510650635,0.2,3.94,4.68,11.66,8.16,19.29,2.88,2.45,3.65
"QLDNorth","Livingstone",149.842102050781,-22.0994510650635,0.2,3.92,4.68,15.63,10.49,27.39,3.14,2.64,4.04
"QLDNorth","Livingstone",150,-22.0994510650635,0.2,3.88,4.59,36.23,21.7,74.25,3.52,2.9,4.66
"QLDNorth","Livingstone",150.052627563477,-22.0994510650635,0.2,3.88,4.6,35.45,21.5,71.06,3.66,3,4.87
"WANorth","Exmouth",113.894737243652,-22.050687789917,0.2,1.68,2.7,604.46,233.3,2342.81,4.54,3.57,6.46
"WANorth","Exmouth",114.157897949219,-22.050687789917,0.2,1.73,2.66,40.76,22.9,94.18,2.38,2.07,2.95
"WANorth","Ashburton",114.526313781738,-22.050687789917,0.2,1.74,2.71,29.05,16.96,64.08,2.08,1.84,2.49
"QLDNorth","Isaac",149.526321411133,-22.050687789917,0.2,3.92,4.69,14.13,9.54,24.68,2.83,2.41,3.57
"QLDNorth","Livingstone",149.894729614258,-22.050687789917,0.2,3.89,4.68,28.01,17.2,55.78,3.15,2.65,4.05
"QLDNorth","Livingstone",149.947357177734,-22.050687789917,0.2,3.9,4.65,20.81,13.56,37.79,3.28,2.74,4.23
"WANorth","Exmouth",113.894737243652,-22.0019054412842,0.2,1.68,2.79,620.15,238.5,2415.55,4.03,3.22,5.62
"WANorth","Exmouth",114.157897949219,-22.0019054412842,0.2,1.72,2.65,55.98,29.97,138.52,2.45,2.11,3.04
"WANorth","Ashburton",114.578948974609,-22.001895904541,0.2,1.74,2.87,29.27,17.04,64.92,1.83,1.66,2.12
"QLDNorth","Isaac",149.526321411133,-22.0019054412842,0.2,3.92,4.69,13.95,9.44,24.29,2.83,2.41,3.57
"WANorth","Exmouth",113.894737243652,-21.9531078338623,0.2,1.68,2.9,669.01,254.34,2649.5,3.84,3.08,5.3
"WANorth","Ashburton",114.578941345215,-21.9531059265137,0.2,1.74,2.85,37.17,20.9,86.48,1.85,1.68,2.15
"QLDNorth","Isaac",149.526321411133,-21.9531078338623,0.2,3.93,4.68,13.3,9.09,22.76,2.88,2.44,3.64
"WANorth","Exmouth",113.947364807129,-21.9042835235596,0.2,1.68,2.66,684.07,258.34,2740.37,2.95,2.48,3.82
"WANorth","Exmouth",114.157897949219,-21.9042911529541,0.2,1.71,2.68,84.7,42.86,226.38,2.39,2.07,2.95
"WANorth","Ashburton",114.631576538086,-21.9042911529541,0.2,1.74,2.85,37.73,21.2,87.79,1.86,1.68,2.16
"QLDNorth","Isaac",149.526321411133,-21.9042911529541,0.2,3.93,4.66,13.51,9.21,23.22,2.92,2.47,3.71
"WANorth","Exmouth",113.947364807129,-21.8554515838623,0.2,1.68,2.82,767.74,285.12,3149.14,3.4,2.79,4.57
"WANorth","Exmouth",114.157897949219,-21.8554592132568,0.2,1.7,2.67,125.18,59.76,363.38,2.46,2.12,3.05
"WANorth","Ashburton",114.631576538086,-21.8554592132568,0.2,1.73,2.84,46.28,25.38,110.96,1.88,1.7,2.19
"QLDNorth","Isaac",149.526321411133,-21.8554592132568,0.2,3.93,4.66,13.56,9.34,22.88,2.89,2.46,3.66
"WANorth","Exmouth",114,-21.8066101074219,0.2,1.68,2.79,582.81,223.72,2291.82,2.97,2.49,3.86
"WANorth","Exmouth",114.052635192871,-21.8066101074219,0.2,1.69,2.64,428.14,171.39,1589.84,2.63,2.25,3.32
"WANorth","Exmouth",114.105255126953,-21.8066101074219,0.2,1.69,2.65,316.5,132.11,1109.7,2.6,2.23,3.27
"WANorth","Ashburton",114.684211730957,-21.8066101074219,0.2,1.74,2.87,43.53,24.07,103.24,1.84,1.67,2.13
"WANorth","Ashburton",114.736831665039,-21.8066101074219,0.2,1.74,2.88,37.94,21.35,87.97,1.82,1.65,2.1
"QLDNorth","Isaac",149.526321411133,-21.8066101074219,0.2,3.9,4.64,23.61,14.86,45.44,2.97,2.51,3.79
"WANorth","Ashburton",114.789474487305,-21.7577457427979,0.2,1.74,2.88,40.29,22.48,94.54,1.82,1.66,2.11
"WANorth","Ashburton",114.842102050781,-21.708854675293,0.2,1.74,2.89,35.41,20.13,80.92,1.81,1.65,2.09
"WANorth","Ashburton",114.894737243652,-21.7088623046875,0.2,1.75,2.84,27.81,16.38,60.45,1.87,1.69,2.17
"QLDNorth","Isaac",149.473678588867,-21.7088623046875,0.2,3.88,4.61,33.62,19.97,70.5,3.13,2.61,4.06
"WANorth","Ashburton",114.947364807129,-21.6599559783936,0.2,1.76,2.84,24.7,14.94,51.4,1.86,1.68,2.16
"WANorth","Ashburton",115,-21.6599636077881,0.2,1.76,2.84,22.6,13.84,46.23,1.85,1.68,2.15
"WANorth","Ashburton",115.052635192871,-21.6599636077881,0.2,1.76,2.84,22.38,13.71,45.81,1.85,1.67,2.15
"QLDNorth","Mackay",149.526321411133,-21.6599636077881,0.2,3.89,4.6,28.36,17.61,55.24,3.27,2.71,4.28
"WANorth","Ashburton",115.105262756348,-21.6110401153564,0.2,1.75,2.82,27.49,16.4,58.23,1.89,1.71,2.21
"QLDNorth","Mackay",149.526321411133,-21.6110496520996,0.2,3.9,4.58,24,15.33,44.8,3.34,2.77,4.4
"WANorth","Ashburton",115.210525512695,-21.5621089935303,0.2,1.75,2.76,30.78,18.57,63.02,1.99,1.78,2.36
"WANorth","Ashburton",115.263160705566,-21.5621166229248,0.2,1.74,2.75,33.64,20.12,69.57,2,1.78,2.37
"WANorth","Ashburton",115.315788269043,-21.5621089935303,0.2,1.74,2.71,41.4,23.99,89.58,2.06,1.83,2.47
"WANorth","Ashburton",115.368423461914,-21.5621089935303,0.2,1.73,2.7,47.89,27.06,107.61,2.07,1.83,2.49
"QLDNorth","Mackay",149.421051025391,-21.5621166229248,0.2,3.89,4.66,27.58,17.23,53.16,3.13,2.62,4.05
"QLDNorth","Mackay",149.473678588867,-21.5621089935303,0.2,3.89,4.66,28.03,17.49,54.06,3.16,2.64,4.09
"WANorth","Ashburton",115.421051025391,-21.5131683349609,0.2,1.73,2.66,46.8,26.76,102.88,2.16,1.9,2.62
"WANorth","Ashburton",115.473678588867,-21.5131683349609,0.2,1.73,2.65,45.52,26.09,99.84,2.16,1.9,2.63
"QLDNorth","Mackay",149.315795898438,-21.5131683349609,0.2,3.89,4.64,28.03,17.43,54.45,3.15,2.64,4.07
"QLDNorth","Mackay",149.368408203125,-21.5131683349609,0.2,3.89,4.64,27.73,17.33,53.39,3.18,2.66,4.12
"WANorth","Ashburton",115.526313781738,-21.464204788208,0.2,1.74,2.63,42.64,24.92,90.52,2.23,1.95,2.73
"QLDNorth","Mackay",149.315795898438,-21.464204788208,0.2,3.89,4.64,27.71,17.29,53.54,3.26,2.71,4.26
"WANorth","Ashburton",115.578941345215,-21.4152221679688,0.2,1.74,2.61,38.5,22.99,78.92,2.28,1.99,2.82
"QLDNorth","Mackay",149.368423461914,-21.4152221679688,0.2,3.89,4.63,30.48,18.87,59.35,3.32,2.76,4.35
"WANorth","Karratha",115.578941345215,-21.3662242889404,0.2,1.74,2.61,38.56,23.18,78.03,2.32,2.01,2.87
"QLDNorth","Mackay",149.368423461914,-21.3662242889404,0.2,3.88,4.63,39.49,23.46,81.68,3.33,2.77,4.36
"WANorth","Karratha",115.631576538086,-21.317211151123,0.2,1.74,2.6,34.22,21.03,67.02,2.49,2.13,3.14
"QLDNorth","Mackay",149.368423461914,-21.317211151123,0.2,3.87,4.64,50.07,28.66,109.3,3.42,2.83,4.5
"WANorth","Karratha",115.684211730957,-21.268180847168,0.2,1.75,2.61,29.18,18.44,54.84,2.42,2.09,3.03
"WANorth","Karratha",115.736831665039,-21.268180847168,0.2,1.75,2.61,29.48,18.58,55.66,2.37,2.05,2.96
"WANorth","Karratha",115.789474487305,-21.268180847168,0.2,1.75,2.67,30.5,19.07,58.26,2.12,1.88,2.54
"QLDNorth","Mackay",149.263153076172,-21.268180847168,0.2,3.87,4.6,53.5,30.27,118.84,3.68,3.01,4.92
"WANorth","Karratha",115.842094421387,-21.2191333770752,0.2,1.75,2.68,28.76,18.26,53.59,2.09,1.85,2.49
"QLDNorth","Mackay",149.210525512695,-21.2191333770752,0.2,3.87,4.6,51.22,29.08,113.45,3.65,2.99,4.87
"WANorth","Karratha",115.842094421387,-21.1700687408447,0.2,1.75,2.67,31.27,19.64,59.1,2.1,1.86,2.51
"QLDNorth","Mackay",149.210525512695,-21.1700687408447,0.2,3.7,4.44,52.19,29.51,116.31,3.65,2.99,4.87
"WANorth","Karratha",115.894737243652,-21.1209907531738,0.2,1.75,2.68,32.99,20.51,63.35,2.08,1.85,2.49
"WANorth","Karratha",115.947364807129,-21.0718860626221,0.2,1.74,2.7,34.57,21.26,67.55,2.04,1.82,2.43
"QLDNorth","Mackay",149.263153076172,-21.0718936920166,0.2,3.7,4.44,64.06,35.21,148.43,3.74,3.05,5.01
"WANorth","Karratha",116,-21.0227813720703,0.2,1.74,2.7,33.82,20.8,66.2,2.03,1.8,2.4
"WANorth","Karratha",116.052635192871,-21.0227813720703,0.2,1.74,2.69,34.77,21.3,68.43,2.03,1.81,2.41
"QLDNorth","Mackay",149.210525512695,-21.0227813720703,0.2,3.7,4.34,53.17,30.14,117.69,3.84,3.13,5.15
"WANorth","Karratha",116.105255126953,-20.973653793335,0.2,1.74,2.66,38.44,23.13,77.67,2.05,1.83,2.45
"WANorth","Karratha",116.157897949219,-20.973653793335,0.2,1.74,2.66,40.07,23.97,81.7,2.07,1.84,2.47
"QLDNorth","Mackay",149.052627563477,-20.973653793335,0.2,3.71,4.36,38.17,22.71,78.96,3.5,2.89,4.61
"QLDNorth","Mackay",149.105255126953,-20.973653793335,0.2,3.71,4.36,39.26,23.23,81.86,3.51,2.9,4.62
"QLDNorth","Mackay",149.157897949219,-20.973653793335,0.2,3.71,4.36,38.95,23.07,81.07,3.52,2.91,4.64
"WANorth","Karratha",116.157897949219,-20.9245090484619,0.2,1.74,2.65,40.44,24.13,82.8,2.09,1.85,2.5
"QLDNorth","Mackay",149.052627563477,-20.9245090484619,0.2,3.71,4.36,39.25,23.22,81.87,3.52,2.9,4.64
"WANorth","Ashburton",115.36841583252,-20.8753490447998,0.2,1.71,2.57,101.78,55.31,233.08,3.07,2.55,4.06
"WANorth","Ashburton",115.421051025391,-20.8753490447998,0.2,1.73,2.56,60.76,35.12,128.29,3.04,2.53,4.01
"WANorth","Karratha",116.157897949219,-20.8753490447998,0.2,1.74,2.64,42.08,24.94,86.96,2.1,1.86,2.52
"QLDNorth","Mackay",148.894729614258,-20.8753490447998,0.2,3.71,4,37.51,22.38,77.29,6.83,5.14,10.23
"QLDNorth","Mackay",148.947357177734,-20.8753490447998,0.2,3.71,4.34,38.33,22.74,79.68,3.83,3.12,5.15
"QLDNorth","Mackay",149,-20.8753490447998,0.2,3.71,4.34,39.33,23.19,82.56,3.85,3.13,5.18
"WANorth","Ashburton",115.315780639648,-20.826171875,0.2,1.69,2.66,466.65,193.34,1605.22,2.82,2.38,3.64
"WANorth","Ashburton",115.473686218262,-20.826171875,0.2,1.73,2.55,46.31,27.57,94.3,2.59,2.21,3.31
"WANorth","Karratha",116.210517883301,-20.826171875,0.2,1.73,2.62,55.03,30.53,126.75,2.11,1.87,2.53
"WANorth","Karratha",116.263160705566,-20.826171875,0.2,1.73,2.62,58.16,31.72,138,2.1,1.86,2.51
"WANorth","Karratha",116.315780639648,-20.826171875,0.2,1.73,2.62,52.19,28.97,120.71,2.09,1.85,2.5
"WANorth","Karratha",116.36841583252,-20.826171875,0.2,1.73,2.63,46.45,26.28,104.42,2.08,1.84,2.49
"WANorth","Karratha",116.421051025391,-20.826171875,0.2,1.74,2.62,41.97,24.17,91.81,2.09,1.85,2.5
"QLDNorth","Mackay",148.842102050781,-20.826171875,0.2,3.72,4.01,34.78,21.08,69.86,6.64,5.02,9.89
"WANorth","Ashburton",115.315788269043,-20.7769718170166,0.2,1.69,2.58,480.01,196.42,1688.21,2.68,2.28,3.42
"WANorth","Ashburton",115.526313781738,-20.7769794464111,0.2,1.71,2.57,102.35,50.72,280.4,2.46,2.11,3.09
"WANorth","Karratha",116.473686218262,-20.7769718170166,0.2,1.75,2.62,31.1,18.91,62.6,2.14,1.89,2.57
"QLDNorth","Mackay",148.842102050781,-20.7769718170166,0.2,2.69,2.98,35.08,21.17,71.03,6.56,4.97,9.75
"WANorth","Ashburton",115.315788269043,-20.72776222229,0.2,1.69,2.58,452.47,186.44,1577.3,2.69,2.28,3.43
"WANorth","Ashburton",115.526313781738,-20.7277698516846,0.2,1.72,2.57,87.7,44.82,228.85,2.45,2.1,3.07
"WANorth","Karratha",116.526313781738,-20.7277698516846,0.2,1.75,2.62,30.3,18.47,60.87,2.15,1.9,2.59
"QLDNorth","Mackay",148.842102050781,-20.72776222229,0.2,2.69,2.98,34.86,21,70.87,6.41,4.87,9.46
"WANorth","Ashburton",115.368423461914,-20.6785373687744,0.2,1.7,2.67,252.89,113.6,779.71,2.69,2.28,3.44
"WANorth","Ashburton",115.421051025391,-20.6785449981689,0.2,1.7,2.67,218.15,100.68,645.47,2.65,2.26,3.39
"WANorth","Karratha",116.578948974609,-20.6785373687744,0.2,1.75,2.61,27.91,17.27,54.77,2.16,1.91,2.61
"WANorth","Karratha",116.842102050781,-20.6785373687744,0.2,3.8,4.66,9.96,6.99,16.61,1.95,1.75,2.29
"WANorth","Karratha",116.894737243652,-20.6785449981689,0.2,3.79,4.66,10.24,7.16,17.19,1.96,1.76,2.3
"WANorth","Karratha",117.263160705566,-20.6785449981689,0.2,3.79,4.79,10.8,7.42,18.68,1.82,1.65,2.11
"WANorth","Karratha",117.315788269043,-20.6785373687744,0.2,3.79,4.78,10.82,7.44,18.7,1.83,1.66,2.12
"WANorth","Karratha",117.368423461914,-20.6785373687744,0.2,3.79,4.77,10.68,7.36,18.4,1.84,1.66,2.13
"WANorth","Karratha",117.421051025391,-20.6785449981689,0.2,3.79,4.77,10.35,7.17,17.68,1.84,1.67,2.13
"WANorth","Karratha",117.473686218262,-20.6785373687744,0.2,3.8,4.84,9.99,6.97,16.88,1.79,1.63,2.06
"WANorth","Karratha",117.526313781738,-20.6785449981689,0.2,3.8,4.83,9.84,6.89,16.54,1.8,1.63,2.07
"WANorth","Karratha",117.578948974609,-20.6785373687744,0.2,3.8,4.89,9.98,6.98,16.8,1.74,1.59,1.99
"QLDNorth","Mackay",148.736846923828,-20.6785373687744,0.2,2.69,2.99,28.98,18.09,55.77,6.07,4.66,8.83
"QLDNorth","Mackay",148.789474487305,-20.6785449981689,0.2,2.69,2.99,29.72,18.45,57.7,6.14,4.71,8.97
"WANorth","Karratha",116.578948974609,-20.6292953491211,0.2,1.75,2.6,26.98,16.84,52.2,2.19,1.93,2.66
"WANorth","Karratha",116.842102050781,-20.6293048858643,0.2,3.79,4.66,10.11,7.08,16.93,1.96,1.76,2.3
"WANorth","Karratha",117,-20.6293048858643,0.2,3.78,4.67,11.5,7.9,19.75,1.94,1.75,2.28
"WANorth","Karratha",117.052635192871,-20.6293048858643,0.2,3.78,4.74,12.61,8.54,22.17,1.88,1.7,2.18
"WANorth","Karratha",117.210525512695,-20.6292953491211,0.2,3.78,4.77,11.77,8,20.64,1.84,1.67,2.14
"WANorth","Karratha",117.631576538086,-20.6293048858643,0.2,3.79,4.88,10.61,7.35,18.05,1.75,1.6,2.01
"QLDNorth","Mackay",148.736846923828,-20.6292953491211,0.2,2.69,2.99,27.75,17.43,52.93,5.97,4.59,8.66
"WANorth","Karratha",116.631576538086,-20.5800476074219,0.2,1.75,2.83,26.46,16.35,52.33,1.88,1.7,2.19
"WANorth","Karratha",116.894737243652,-20.5800476074219,0.2,3.79,4.68,10.35,7.23,17.38,1.94,1.75,2.28
"WANorth","Karratha",117.105255126953,-20.5800476074219,0.2,3.77,4.73,13.19,8.87,23.43,1.9,1.71,2.22
"WANorth","Karratha",117.684211730957,-20.5800476074219,0.2,3.79,4.86,10.61,7.35,18.1,1.76,1.61,2.03
"WANorth","Port Hedland",117.736831665039,-20.5800476074219,0.2,3.79,4.84,10.22,7.11,17.32,1.78,1.62,2.05
"WANorth","Port Hedland",117.789474487305,-20.5800476074219,0.2,3.8,4.84,10.07,7.02,17.02,1.78,1.62,2.05
"WANorth","Port Hedland",117.842094421387,-20.5800476074219,0.2,3.79,4.83,10.15,7.07,17.16,1.79,1.63,2.07
"QLDNorth","Mackay",148.684204101562,-20.5800476074219,0.2,2.69,2.99,27.83,17.5,52.93,5.87,4.52,8.48
"QLDNorth","Whitsunday",148.842102050781,-20.5800476074219,0.2,2.7,2.99,26.96,16.95,51.42,6.12,4.69,8.94
"QLDNorth","Whitsunday",148.894729614258,-20.5800476074219,0.2,2.69,2.98,32.14,19.49,64.93,6.44,4.88,9.53
"WANorth","Karratha",116.736831665039,-20.5307750701904,0.2,3.75,4.69,19.79,12.95,35.78,2.02,1.8,2.39
"WANorth","Karratha",116.894737243652,-20.5307750701904,0.2,3.79,4.68,10.63,7.4,17.93,1.94,1.75,2.27
"WANorth","Port Hedland",117.894737243652,-20.5307750701904,0.2,3.79,4.81,10.96,7.56,18.76,1.82,1.65,2.1
"QLDNorth","Whitsunday",148.684204101562,-20.5307750701904,0.2,2.7,2.98,25.97,16.49,48.76,5.92,4.55,8.61
"QLDNorth","Whitsunday",148.736831665039,-20.5307750701904,0.2,2.7,2.98,25.33,16.16,47.19,6,4.6,8.76
"QLDNorth","Whitsunday",148.789474487305,-20.5307750701904,0.2,2.7,2.99,24.69,15.82,45.71,5.92,4.56,8.58
"QLDNorth","Whitsunday",148.947372436523,-20.5307750701904,0.2,2.69,2.98,30.83,18.78,61.94,6.97,5.22,10.51
"WANorth","Karratha",116.736839294434,-20.4814777374268,0.2,3.75,4.68,20.85,13.53,38.12,2.03,1.81,2.4
"WANorth","Karratha",116.947364807129,-20.4814777374268,0.2,3.78,4.7,12.44,8.48,21.56,1.95,1.75,2.28
"WANorth","Port Hedland",117.894737243652,-20.4814853668213,0.2,3.78,4.8,11.68,8.01,20.13,1.83,1.66,2.12
"QLDNorth","Whitsunday",148.947372436523,-20.4814777374268,0.2,2.7,2.96,23.38,14.9,43.94,7.32,5.45,11.13
"WANorth","Karratha",116.789474487305,-20.4321823120117,0.2,3.75,4.78,20.72,13.43,38.04,1.94,1.74,2.27
"WANorth","Karratha",116.947364807129,-20.4321823120117,0.2,3.77,4.7,13.53,9.17,23.56,1.96,1.76,2.3
"WANorth","Port Hedland",117.947357177734,-20.4321823120117,0.2,3.78,4.81,11.73,8.04,20.19,1.83,1.66,2.12
"WANorth","Port Hedland",118,-20.4321823120117,0.2,3.78,4.81,11.91,8.15,20.59,1.84,1.66,2.13
"QLDNorth","Whitsunday",148.894729614258,-20.4321823120117,0.2,2.71,3,19.13,12.55,34.49,6.93,5.23,10.32
"WANorth","Karratha",116.842102050781,-20.3828525543213,0.2,3.75,4.82,18.94,12.37,34.5,1.89,1.7,2.19
"WANorth","Karratha",116.894737243652,-20.3828601837158,0.2,3.76,4.81,17.44,11.48,31.5,1.89,1.7,2.19
"WANorth","Port Hedland",118.052635192871,-20.3828601837158,0.2,3.78,4.8,12.59,8.58,21.85,1.85,1.67,2.14
"QLDNorth","Whitsunday",148.894729614258,-20.3828601837158,0.2,2.71,2.99,20.32,13.15,37.51,7.18,5.4,10.73
"QLDNorth","Whitsunday",148.947372436523,-20.3828620910645,0.2,2.71,3.02,19.21,12.58,34.75,6.69,5.05,9.96
"QLDNorth","Whitsunday",149,-20.3828620910645,0.2,2.71,3.1,19.5,12.73,35.47,5.77,4.43,8.4
"WANorth","Port Hedland",118.105262756348,-20.333517074585,0.2,3.78,4.8,12.9,8.77,22.39,1.86,1.68,2.15
"WANorth","Port Hedland",118.157897949219,-20.3335247039795,0.2,3.77,4.79,13.33,9.02,23.35,1.86,1.69,2.16
"WANorth","Port Hedland",118.210525512695,-20.333517074585,0.2,3.78,4.78,12.74,8.71,21.91,1.88,1.69,2.18
"WANorth","Port Hedland",118.263160705566,-20.3335247039795,0.2,3.78,4.77,12.34,8.51,20.93,1.89,1.71,2.2
"WANorth","Port Hedland",118.315788269043,-20.333517074585,0.2,3.78,4.75,12.83,8.81,21.85,1.91,1.72,2.22
"WANorth","Port Hedland",118.368423461914,-20.333517074585,0.2,3.77,4.76,13.4,9.16,22.99,1.91,1.72,2.22
"QLDNorth","Whitsunday",148.894729614258,-20.3335247039795,0.2,2.69,2.94,27.22,16.87,53.37,7.96,5.94,11.97
"QLDNorth","Whitsunday",149.052627563477,-20.3335247039795,0.2,2.7,3.61,25.16,15.74,48.76,3.94,3.17,5.39
"WANorth","Port Hedland",118.421051025391,-20.2841739654541,0.2,3.77,4.74,14.8,9.99,25.8,1.94,1.74,2.26
"WANorth","Port Hedland",118.473686218262,-20.2841644287109,0.2,3.76,4.74,15.74,10.52,27.79,1.94,1.75,2.27
"WANorth","Port Hedland",118.526313781738,-20.2841739654541,0.2,3.76,4.72,16.53,10.98,29.47,1.96,1.76,2.3
"WANorth","Port Hedland",118.631576538086,-20.2841739654541,0.2,3.76,4.66,17.18,11.36,30.81,2.07,1.84,2.46
"WANorth","Port Hedland",118.684211730957,-20.2841739654541,0.2,3.76,4.65,17.17,11.35,30.77,2.09,1.86,2.49
"WANorth","Port Hedland",118.736839294434,-20.2841644287109,0.2,3.76,4.64,17.59,11.58,31.7,2.11,1.87,2.51
"QLDNorth","Whitsunday",148.894729614258,-20.2841739654541,0.2,2.71,3,18.35,12.14,32.67,6.85,5.22,10.02
"QLDNorth","Whitsunday",149.052627563477,-20.2841739654541,0.2,2.7,3.34,23.63,14.96,44.91,4.74,3.73,6.69
"WANorth","Port Hedland",118.789474487305,-20.234806060791,0.2,3.75,4.63,20.68,13.25,38.84,2.13,1.89,2.55
"WANorth","Port Hedland",118.842094421387,-20.234806060791,0.2,3.75,4.63,20.67,13.24,38.9,2.13,1.88,2.54
"QLDNorth","Whitsunday",148.842102050781,-20.234806060791,0.2,2.71,3,20.38,13.21,37.46,6.49,4.97,9.45
"QLDNorth","Whitsunday",148.894729614258,-20.234806060791,0.2,2.71,3,20.87,13.47,38.64,6.6,5.04,9.62
"QLDNorth","Whitsunday",149.052627563477,-20.234806060791,0.2,2.71,3.43,19.98,13.05,36.2,3.59,2.94,4.8
"WANorth","Port Hedland",118.842094421387,-20.1854228973389,0.2,3.74,4.62,22.84,14.42,43.85,2.14,1.9,2.57
"QLDNorth","Whitsunday",148.684204101562,-20.1854228973389,0.2,2.71,3.2,19.11,12.41,35.16,3.77,3.09,5.01
"QLDNorth","Whitsunday",148.736831665039,-20.1854228973389,0.2,2.71,3.19,19.17,12.46,35.25,3.81,3.12,5.07
"QLDNorth","Whitsunday",148.789474487305,-20.1854228973389,0.2,2.71,3.05,19.17,12.47,35.2,5.31,4.16,7.51
"QLDNorth","Whitsunday",148.894729614258,-20.1854228973389,0.2,2.71,3.02,20.21,13.06,37.43,6.03,4.65,8.69
"QLDNorth","Whitsunday",149.052627563477,-20.1854228973389,0.2,2.71,3.43,18.1,12.01,32.06,3.73,3.04,5.02
"WANorth","Port Hedland",118.894737243652,-20.1360244750977,0.2,3.74,4.61,24.76,15.46,48.27,2.16,1.91,2.58
"QLDNorth","Whitsunday",148.631576538086,-20.1360244750977,0.2,2.71,3.36,19.33,12.51,35.8,3.34,2.78,4.35
"QLDNorth","Whitsunday",148.842102050781,-20.1360244750977,0.2,2.71,3.09,19.08,12.4,35.04,4.58,3.67,6.29
"QLDNorth","Whitsunday",149,-20.1360244750977,0.2,2.71,3.46,17.93,11.86,32,4.2,3.36,5.82
"WANorth","Port Hedland",118.947357177734,-20.0866088867188,0.2,3.74,4.62,25.96,16.14,50.78,2.15,1.9,2.57
"QLDNorth","Whitsunday",148.315795898438,-20.0866088867188,0.2,2.23,2.57,20.26,12.64,40.24,4.58,3.63,6.41
"QLDNorth","Whitsunday",148.368408203125,-20.0866088867188,0.2,2.23,2.57,20.2,12.61,40.08,4.66,3.69,6.54
"QLDNorth","Whitsunday",148.631576538086,-20.0866088867188,0.2,2.71,3.36,18.9,12.26,34.91,3.33,2.77,4.32
"QLDNorth","Whitsunday",148.842102050781,-20.0866088867188,0.2,2.71,3.27,19.27,12.5,35.54,3.32,2.77,4.3
"QLDNorth","Whitsunday",149,-20.0866088867188,0.2,2.72,3.6,17.52,11.64,31.1,3.6,2.95,4.83
"WANorth","Port Hedland",119,-20.0371780395508,0.2,3.73,4.59,29.53,18.13,58.6,2.19,1.93,2.64
"WANorth","East Pilbara",119.526313781738,-20.0371780395508,0.2,3.74,4.56,23.64,15.26,43.3,2.2,1.94,2.65
"WANorth","East Pilbara",119.578941345215,-20.0371780395508,0.2,3.74,4.49,23.06,14.95,41.94,2.32,2.02,2.83
"WANorth","East Pilbara",119.631576538086,-20.0371780395508,0.2,3.74,4.48,22.42,14.6,40.52,2.35,2.04,2.88
"QLDNorth","Whitsunday",148.315795898438,-20.0371780395508,0.2,2.23,2.57,19.81,12.43,39.03,4.6,3.64,6.44
"QLDNorth","Whitsunday",148.368408203125,-20.0371780395508,0.2,2.23,2.56,19.91,12.48,39.29,4.68,3.7,6.56
"QLDNorth","Whitsunday",148.526321411133,-20.0371780395508,0.2,2.24,2.95,18.45,11.93,34.34,3.53,2.89,4.7
"QLDNorth","Whitsunday",148.57893371582,-20.0371780395508,0.2,2.24,3.01,18.38,11.9,34.17,3.28,2.72,4.29
"QLDNorth","Whitsunday",148.894729614258,-20.0371780395508,0.2,2.72,3.27,16.27,10.96,28.21,3.42,2.85,4.46
"QLDNorth","Whitsunday",148.947357177734,-20.0371780395508,0.2,2.71,3.32,19.13,12.57,34.37,3.86,3.14,5.18
"WANorth","Port Hedland",119.052635192871,-19.9877319335938,0.2,3.73,4.6,30.31,18.73,59.26,2.17,1.92,2.61
"WANorth","Port Hedland",119.105255126953,-19.9877319335938,0.2,3.73,4.6,28.82,17.97,55.62,2.18,1.93,2.62
"WANorth","Port Hedland",119.368423461914,-19.9877319335938,0.2,3.74,4.58,24.51,15.68,45.54,2.14,1.9,2.57
"WANorth","Port Hedland",119.421051025391,-19.9877319335938,0.2,3.74,4.57,25.36,16.18,47.26,2.17,1.92,2.61
"WANorth","Port Hedland",119.473678588867,-19.9877319335938,0.2,3.74,4.56,25.43,16.24,47.29,2.2,1.94,2.65
"WANorth","East Pilbara",119.684211730957,-19.9877319335938,0.2,3.74,4.46,22.62,14.73,40.86,2.4,2.08,2.96
"QLDNorth","Whitsunday",148.263153076172,-19.9877319335938,0.2,2.23,2.97,20.39,12.76,40.24,3.13,2.6,4.11
"QLDNorth","Whitsunday",148.368408203125,-19.9877319335938,0.2,2.23,2.73,19.89,12.49,39.04,3.66,2.99,4.92
"QLDNorth","Whitsunday",148.526321411133,-19.9877338409424,0.2,2.24,2.95,17.68,11.51,32.6,3.55,2.9,4.75
"WANorth","Port Hedland",119.157897949219,-19.9382705688477,0.2,3.73,4.66,31.7,19.63,61.54,2.05,1.83,2.42
"WANorth","Port Hedland",119.210517883301,-19.9382705688477,0.2,3.73,4.65,30.2,18.84,58.03,2.06,1.84,2.44
"WANorth","Port Hedland",119.263160705566,-19.9382705688477,0.2,3.73,4.65,28.79,18.07,54.87,2.06,1.83,2.44
"WANorth","Port Hedland",119.315780639648,-19.9382705688477,0.2,3.74,4.65,27.74,17.5,52.51,2.07,1.84,2.45
"WANorth","East Pilbara",119.736831665039,-19.9382705688477,0.2,3.75,4.46,21.41,14.16,37.69,2.38,2.07,2.93
"WANorth","East Pilbara",119.842094421387,-19.9382705688477,0.2,3.75,4.46,18.8,12.64,32.37,2.37,2.06,2.92
"WANorth","East Pilbara",119.894737243652,-19.9382705688477,0.2,3.75,4.46,18.37,12.39,31.51,2.39,2.07,2.94
"WANorth","East Pilbara",119.947357177734,-19.9382705688477,0.2,3.76,4.45,17.83,12.09,30.34,2.41,2.09,2.98
"WANorth","East Pilbara",120,-19.9382705688477,0.2,3.76,4.48,17.55,11.95,29.67,2.34,2.04,2.88
"QLDNorth","Whitsunday",148.157897949219,-19.9382705688477,0.2,2.23,2.99,22.29,13.78,44.75,3.02,2.53,3.93
"QLDNorth","Whitsunday",148.210510253906,-19.9382705688477,0.2,2.23,2.98,21.53,13.37,42.97,3.08,2.57,4.02
"QLDNorth","Whitsunday",148.421051025391,-19.9382705688477,0.2,2.24,2.98,18.71,11.97,35.59,3.27,2.7,4.37
"QLDNorth","Whitsunday",148.473678588867,-19.9382705688477,0.2,2.24,3.03,18.12,11.71,33.86,3.21,2.65,4.24
"WANorth","Broome",120.052635192871,-19.8887939453125,0.2,3.75,4.44,19.06,12.83,32.75,2.46,2.13,3.07
"WANorth","Broome",120.105255126953,-19.8887939453125,0.2,3.75,4.41,19.05,12.78,32.93,2.55,2.19,3.2
"WANorth","Broome",120.157897949219,-19.8887939453125,0.2,3.75,4.41,18.63,12.51,32.19,2.57,2.2,3.23
"WANorth","Broome",120.210517883301,-19.8887939453125,0.2,3.75,4.4,18.75,12.57,32.53,2.6,2.22,3.27
"QLDNorth","Whitsunday",148.105270385742,-19.8887939453125,0.2,2.23,3.03,22.58,13.95,45.34,2.9,2.44,3.73
"WANorth","Broome",120.263160705566,-19.8393020629883,0.2,3.75,4.39,21.04,13.86,37.4,2.62,2.24,3.3
"WANorth","Broome",120.315788269043,-19.8392944335938,0.2,3.75,4.38,21.46,14.17,37.91,2.6,2.22,3.28
"WANorth","Broome",120.368423461914,-19.8392944335938,0.2,3.75,4.4,19.55,13.12,33.73,2.56,2.19,3.22
"QLDNorth","Whitsunday",147.894729614258,-19.8393020629883,0.2,2.23,2.94,21.44,13.49,41.65,3.17,2.63,4.15
"QLDNorth","Whitsunday",147.947372436523,-19.8392944335938,0.2,2.23,3.04,23,14.3,45.52,2.83,2.4,3.61
NA,"Whitsunday",148,-19.8393020629883,0.2,2.23,3.04,23.31,14.42,46.51,2.84,2.41,3.64
"QLDNorth","Whitsunday",148.052627563477,-19.8393020629883,0.2,2.23,3.03,22.93,14.18,45.86,2.86,2.42,3.67
"WANorth","Broome",120.421051025391,-19.789794921875,0.2,3.75,4.4,18.6,12.55,31.87,2.57,2.2,3.24
"WANorth","Broome",120.473686218262,-19.7897853851318,0.2,3.76,4.4,17.59,11.91,30.05,2.58,2.21,3.25
"WANorth","Broome",120.526313781738,-19.789794921875,0.2,3.76,4.39,16.99,11.54,28.95,2.6,2.22,3.29
"QLDNorth","Burdekin",147.631576538086,-19.789794921875,0.2,2.22,2.98,27.02,16.51,54.56,2.94,2.48,3.79
"QLDNorth","Burdekin",147.684204101562,-19.789794921875,0.2,2.22,2.98,29.65,17.87,61.01,2.98,2.5,3.84
"QLDNorth","Whitsunday",147.894729614258,-19.789794921875,0.2,2.23,2.93,21.22,13.37,41.17,3.17,2.64,4.15
"WANorth","Broome",120.578948974609,-19.7402629852295,0.2,3.76,4.38,16.11,10.99,27.32,2.67,2.27,3.39
"WANorth","Broome",120.631576538086,-19.740270614624,0.2,3.76,4.36,15.74,10.78,26.53,2.77,2.34,3.56
"WANorth","Broome",120.684211730957,-19.740270614624,0.2,3.76,4.36,15.4,10.59,25.8,2.8,2.36,3.61
"WANorth","Broome",120.736839294434,-19.7402629852295,0.2,3.77,4.35,15.11,10.41,25.27,2.82,2.38,3.64
"QLDNorth","Burdekin",147.631576538086,-19.740270614624,0.2,2.22,2.98,26.15,16.05,52.46,2.94,2.47,3.79
"QLDNorth","Whitsunday",147.684204101562,-19.740270614624,0.2,2.22,2.98,29.07,17.57,59.62,2.98,2.5,3.84
"QLDNorth","Whitsunday",147.894729614258,-19.740270614624,0.2,2.23,2.93,21.76,13.65,42.49,3.19,2.65,4.19
"WANorth","Broome",120.789474487305,-19.6907329559326,0.2,5.24,5.79,14.34,9.9,23.95,3.03,2.52,3.97
"QLDNorth","Burdekin",147.631576538086,-19.6907329559326,0.2,2.22,2.98,26.26,16.11,52.69,2.96,2.49,3.81
"QLDNorth","Whitsunday",147.736831665039,-19.6907329559326,0.2,2.21,2.97,30.41,18.19,63.39,3.04,2.55,3.95
"QLDNorth","Whitsunday",147.789474487305,-19.6907329559326,0.2,2.22,2.97,28.24,17.05,58.17,3.06,2.56,3.98
"QLDNorth","Whitsunday",147.842102050781,-19.6907329559326,0.2,2.22,3.02,25.26,15.53,50.72,2.95,2.48,3.81
"WANorth","Broome",120.842094421387,-19.6411781311035,0.2,5.25,5.77,11.43,8.15,18.26,3.13,2.6,4.13
"WANorth","Broome",120.894737243652,-19.6411781311035,0.2,5.26,5.76,10.04,7.29,15.64,3.2,2.64,4.24
"WANorth","Broome",120.947357177734,-19.6411781311035,0.2,5.27,5.76,9.37,6.87,14.39,3.23,2.67,4.3
"QLDNorth","Burdekin",147.631576538086,-19.6411781311035,0.2,2.3,3.05,26.43,16.21,53.03,2.98,2.5,3.85
"WANorth","Broome",121,-19.591609954834,0.2,5.27,5.74,9.01,6.64,13.75,3.47,2.83,4.7
"QLDNorth","Burdekin",147.578948974609,-19.5916023254395,0.2,2.3,3.2,25.29,15.6,50.36,2.79,2.37,3.55
"WANorth","Broome",121.052635192871,-19.5420246124268,0.2,5.28,5.74,8.77,6.48,13.37,3.5,2.86,4.75
"QLDNorth","Burdekin",147.578948974609,-19.5420246124268,0.2,2.3,3.19,25.41,15.68,50.62,2.8,2.38,3.57
"WANorth","Broome",121.105262756348,-19.4924182891846,0.2,5.28,5.74,8.77,6.47,13.37,3.53,2.88,4.8
"WANorth","Broome",121.157897949219,-19.4924259185791,0.2,5.28,5.74,8.72,6.44,13.29,3.53,2.87,4.79
"QLDNorth","Burdekin",147.526321411133,-19.4924259185791,0.2,2.29,3.19,29.66,17.89,60.94,2.89,2.44,3.71
"WANorth","Broome",121.210525512695,-19.4428024291992,0.2,5.28,5.75,8.7,6.42,13.3,3.52,2.87,4.76
"QLDNorth","Burdekin",147.473678588867,-19.4428024291992,0.2,2.29,3.19,36.18,21.18,77.61,2.99,2.51,3.86
"WANorth","Broome",121.210517883301,-19.3931789398193,0.2,5.28,5.75,8.61,6.35,13.17,3.54,2.88,4.8
"QLDNorth","Townsville",147.105270385742,-19.3931789398193,0.2,2.31,2.55,48.39,27.25,109.39,9.96,7.04,16.37
"QLDNorth","Burdekin",147.157897949219,-19.3931789398193,0.2,2.31,2.55,49.52,27.76,112.69,10.29,7.23,17.04
"QLDNorth","Burdekin",147.210525512695,-19.3931789398193,0.2,2.27,2.51,53.12,29.47,122.76,10.58,7.41,17.64
"QLDNorth","Burdekin",147.263153076172,-19.3931789398193,0.2,2.27,2.51,55.03,30.32,128.54,10.57,7.4,17.59
"QLDNorth","Burdekin",147.315780639648,-19.3931789398193,0.2,2.27,2.51,56.38,30.86,133.16,10.28,7.24,16.96
"QLDNorth","Burdekin",147.368408203125,-19.3931789398193,0.2,2.27,3.17,54.89,30.08,129.62,3.19,2.66,4.19
"QLDNorth","Burdekin",147.421051025391,-19.3931789398193,0.2,2.28,3.19,49.62,27.53,115.37,3.08,2.58,4.01
"WANorth","Broome",121.263160705566,-19.3435344696045,0.2,5.27,5.75,8.97,6.55,13.92,3.56,2.9,4.82
"QLDNorth","Townsville",147.105270385742,-19.34352684021,0.2,2.31,2.55,48.09,27.1,108.62,9.88,6.99,16.19
"WANorth","Broome",121.315780639648,-19.2938747406006,0.2,5.27,5.76,9.18,6.7,14.26,3.51,2.87,4.73
"WANorth","Broome",121.36841583252,-19.2938747406006,0.2,5.27,5.76,9.08,6.64,14.04,3.46,2.83,4.65
"QLDNorth","Townsville",146.894729614258,-19.2938747406006,0.2,2.38,2.63,33.53,19.91,70.31,8.87,6.4,14.12
"QLDNorth","Townsville",146.947357177734,-19.2938747406006,0.2,2.32,2.56,34.04,20.18,71.57,9.07,6.53,14.51
"WANorth","Broome",121.368423461914,-19.2441902160645,0.2,5.27,5.76,9.21,6.71,14.35,3.47,2.84,4.65
"QLDNorth","Townsville",146.947372436523,-19.2441902160645,0.2,2.32,2.56,35.26,20.79,74.68,9.25,6.63,14.86
"QLDNorth","Townsville",147.105270385742,-19.2441902160645,0.2,2.27,2.52,50.15,27.88,115.97,9.76,6.93,15.9
"WANorth","Broome",121.421051025391,-19.194507598877,0.2,5.27,5.77,9.52,6.9,14.95,3.4,2.79,4.54
"QLDNorth","Townsville",146.947372436523,-19.194507598877,0.2,2.38,3.18,38.65,22.49,83.39,3.7,3.01,5.01
"QLDNorth","Townsville",147.105270385742,-19.194507598877,0.2,2.31,3.15,50.21,27.9,116.22,3.41,2.81,4.53
"WANorth","Broome",121.473678588867,-19.1448020935059,0.2,5.27,5.78,9.68,6.99,15.26,3.29,2.72,4.34
"QLDNorth","Townsville",146.631576538086,-19.1448020935059,0.2,2.39,3.14,31.42,18.8,65.25,3.88,3.13,5.31
"QLDNorth","Townsville",146.684204101562,-19.1448020935059,0.2,2.39,3.14,32.49,19.3,68.37,3.93,3.17,5.39
"QLDNorth","Townsville",146.736831665039,-19.1448020935059,0.2,2.38,3.16,33.19,19.61,70.45,3.87,3.12,5.28
"QLDNorth","Townsville",146.947372436523,-19.1448020935059,0.2,2.38,3.18,40.73,23.48,89.15,3.72,3.02,5.04
"QLDNorth","Townsville",147,-19.1448020935059,0.2,2.31,3.12,41.76,23.94,92.26,3.76,3.05,5.09
"QLDNorth","Townsville",147.052627563477,-19.1448020935059,0.2,2.31,3.14,44.8,25.38,100.72,3.54,2.9,4.73
"WANorth","Broome",121.526313781738,-19.0950813293457,0.2,5.27,5.78,9.87,7.12,15.59,3.31,2.74,4.37
"QLDNorth","Townsville",146.526321411133,-19.0950813293457,0.2,2.39,3.15,29.93,18.08,61.29,3.82,3.09,5.22
"QLDNorth","Townsville",146.578948974609,-19.0950736999512,0.2,2.39,3.14,30.79,18.5,63.58,3.86,3.12,5.28
"QLDNorth","Townsville",146.736846923828,-19.0950736999512,0.2,2.38,3.14,34.21,20.1,73.15,4.01,3.22,5.53
"QLDNorth","Townsville",146.894729614258,-19.0950813293457,0.2,2.38,3.18,39.93,23.11,86.9,3.76,3.05,5.11
"WANorth","Broome",121.526313781738,-19.0453453063965,0.2,5.26,5.78,10.03,7.21,15.9,3.34,2.76,4.41
"QLDNorth","Townsville",146.473678588867,-19.0453453063965,0.2,2.39,3.16,30.33,18.26,62.45,3.73,3.02,5.08
"QLDNorth","Townsville",146.789474487305,-19.0453453063965,0.2,2.38,3.17,37.52,21.82,81.3,3.87,3.12,5.3
"QLDNorth","Townsville",146.842102050781,-19.0453453063965,0.2,2.38,3.18,37.3,21.78,80.19,3.9,3.14,5.35
"WANorth","Broome",121.526313781738,-18.9955959320068,0.2,5.26,5.77,10.3,7.38,16.44,3.36,2.78,4.43
"QLDNorth","Townsville",146.421051025391,-18.9955959320068,0.2,2.39,3.12,30.12,18.15,61.92,3.77,3.04,5.15
"WANorth","Broome",121.526313781738,-18.9458293914795,0.2,5.26,5.77,10.76,7.66,17.33,3.35,2.77,4.41
"QLDNorth","Townsville",146.315795898438,-18.9458293914795,0.2,2.31,3.02,27.77,17.01,55.65,3.83,3.09,5.26
"QLDNorth","Townsville",146.368408203125,-18.9458293914795,0.2,2.31,3.04,29.36,17.82,59.63,3.71,3,5.05
"WANorth","Broome",121.578948974609,-18.8960418701172,0.2,5.25,5.78,11.43,8.08,18.57,3.29,2.73,4.3
"QLDNorth","Hinchinbrook",146.315795898438,-18.8960418701172,0.2,2.31,3.03,27.02,16.61,53.91,3.8,3.06,5.21
"WANorth","Broome",121.578948974609,-18.8462467193604,0.2,5.25,5.78,11.89,8.34,19.52,3.33,2.76,4.37
"QLDNorth","Hinchinbrook",146.315795898438,-18.8462467193604,0.2,2.31,2.97,26.73,16.42,53.39,3.99,3.2,5.54
"QLDNorth","Palm Island",146.578948974609,-18.8462543487549,0.2,2.31,3.03,33.08,19.65,69.48,3.91,3.14,5.4
"QLDNorth","Palm Island",146.631576538086,-18.8462543487549,0.2,2.3,3.08,34.36,20.3,72.7,3.89,3.12,5.37
"QLDNorth","Palm Island",146.684204101562,-18.8462543487549,0.2,2.38,3.15,35.37,20.82,75.2,3.96,3.17,5.5
"WANorth","Broome",121.578948974609,-18.7964363098145,0.2,5.25,5.77,12.49,8.69,20.75,3.35,2.78,4.39
"QLDNorth","Hinchinbrook",146.315795898438,-18.7964363098145,0.2,2.31,2.97,26.78,16.43,53.67,4,3.2,5.56
"QLDNorth","Palm Island",146.526321411133,-18.796443939209,0.2,2.31,3.03,33.05,19.62,69.5,3.92,3.15,5.42
"WANorth","Broome",121.631576538086,-18.7466201782227,0.2,5.24,5.78,13.21,9.15,22.1,3.25,2.71,4.24
"QLDNorth","Hinchinbrook",146.315795898438,-18.7466201782227,0.2,2.31,2.97,26.92,16.48,54.12,4.03,3.22,5.62
"QLDNorth","Palm Island",146.526321411133,-18.7466201782227,0.2,2.3,3.01,34.28,20.23,72.7,4.17,3.32,5.84
"QLDNorth","Palm Island",146.736846923828,-18.7466201782227,0.2,2.3,3.12,43.68,24.79,98.1,3.98,3.18,5.56
"WANorth","Broome",121.631576538086,-18.6967792510986,0.2,5.24,5.78,13.29,9.2,22.22,3.25,2.7,4.24
"QLDNorth","Hinchinbrook",146.315795898438,-18.6967735290527,0.2,2.31,2.97,26.49,16.25,53.11,4.07,3.24,5.68
"QLDNorth","Palm Island",146.526321411133,-18.6967792510986,0.2,2.3,3.01,35.68,20.94,76.24,4.31,3.41,6.09
"QLDNorth","Palm Island",146.684204101562,-18.6967792510986,0.2,2.29,3.08,46.34,26.02,105.8,4.23,3.35,5.97
"WANorth","Broome",121.684211730957,-18.6469268798828,0.2,5.25,5.82,12.58,8.81,20.64,3.01,2.52,3.89
"WANorth","Broome",121.736839294434,-18.6469192504883,0.2,5.25,5.81,12.1,8.54,19.59,3.09,2.58,4.03
"QLDNorth","Hinchinbrook",146.315795898438,-18.6469268798828,0.2,2.32,2.98,25.76,15.86,51.39,4.06,3.24,5.68
"QLDNorth","Palm Island",146.578948974609,-18.6469192504883,0.2,2.3,3,42.97,24.44,96.22,4.56,3.57,6.53
"QLDNorth","Palm Island",146.631576538086,-18.6469268798828,0.2,2.29,3,45.53,25.64,103.51,4.62,3.62,6.63
"WANorth","Broome",121.736839294434,-18.5970497131348,0.2,5.25,5.8,12.18,8.6,19.73,3.14,2.62,4.11
"QLDNorth","Hinchinbrook",146.368423461914,-18.5970497131348,0.2,2.3,2.97,39.45,22.84,85.89,4.42,3.48,6.3
"WANorth","Broome",121.736831665039,-18.5471744537354,0.2,5.25,5.8,12.41,8.74,20.18,3.16,2.63,4.15
"QLDNorth","Hinchinbrook",146.368423461914,-18.5471744537354,0.2,2.3,3.05,43.13,24.51,96.73,4.17,3.31,5.87
"WANorth","Broome",121.736831665039,-18.4972763061523,0.2,5.24,5.8,12.93,9.04,21.24,3.15,2.62,4.13
"WANorth","Broome",121.789474487305,-18.4473628997803,0.2,5.23,5.84,16.15,10.9,27.93,2.92,2.46,3.75
"QLDNorth","Cassowary Coast",146.368423461914,-18.4473552703857,0.2,2.29,3.04,45.54,25.64,103.56,4.36,3.44,6.2
"WANorth","Broome",121.842102050781,-18.3974285125732,0.2,5.21,5.83,22.39,14.62,40.29,2.93,2.46,3.78
NA,"Broome",121.894737243652,-18.3974361419678,0.2,5.22,5.82,21.78,14.3,38.84,2.95,2.48,3.82
"QLDNorth","Cassowary Coast",146.368423461914,-18.3974285125732,0.2,2.29,3.08,49.16,27.39,113.42,4.23,3.35,5.99
"WANorth","Broome",122,-18.3474941253662,0.2,5.22,5.79,20.82,13.67,37.27,3.09,2.58,4.03
"QLDNorth","Cassowary Coast",146.368423461914,-18.3474941253662,0.2,2.29,3.1,52.15,28.82,121.67,4.25,3.36,6.01
"WANorth","Broome",122.052635192871,-18.2975387573242,0.2,5.22,5.75,19.18,12.63,34.33,3.3,2.73,4.34
"WANorth","Broome",122.105255126953,-18.2975387573242,0.2,5.23,5.74,17.44,11.65,30.6,3.39,2.79,4.48
"QLDNorth","Cassowary Coast",146.315795898438,-18.2975387573242,0.2,2.29,3.1,49.49,27.78,112.39,4.29,3.39,6.07
"WANorth","Broome",122.157897949219,-18.2475681304932,0.2,5.22,5.73,17.98,11.96,31.7,3.47,2.85,4.61
"QLDNorth","Cassowary Coast",146.315795898438,-18.2475605010986,0.2,2.45,3.26,48.14,27.18,108.34,4.29,3.39,6.09
"WANorth","Broome",122.210525512695,-18.1975765228271,0.2,5.24,5.71,14.02,9.67,23.47,3.7,3.02,4.97
"WANorth","Broome",122.263160705566,-18.197582244873,0.2,5.24,5.71,13.85,9.58,23.14,3.72,3.03,5.02
"QLDNorth","Cassowary Coast",146.210525512695,-18.1975765228271,0.2,2.46,3.26,38.53,22.6,81.85,4.08,3.25,5.7
"QLDNorth","Cassowary Coast",146.263153076172,-18.197582244873,0.2,2.46,3.27,37.21,22.05,77.75,4.25,3.36,6.02
"WANorth","Broome",122.315780639648,-18.1475849151611,0.2,5.24,5.69,14.39,9.91,24.16,3.88,3.13,5.28
"QLDNorth","Cassowary Coast",146,-18.1475849151611,0.2,2.46,3.28,35.57,21.24,73.46,3.57,2.92,4.79
"QLDNorth","Cassowary Coast",146.052627563477,-18.1475849151611,0.2,2.46,3.28,36.64,21.69,76.74,3.58,2.93,4.81
"QLDNorth","Cassowary Coast",146.105255126953,-18.1475849151611,0.2,2.46,3.27,37.48,22,79.7,3.65,2.98,4.92
"QLDNorth","Cassowary Coast",146.157897949219,-18.1475849151611,0.2,2.46,3.27,38.9,22.66,83.76,3.8,3.08,5.2
"WANorth","Broome",122.315788269043,-18.097562789917,0.2,5.25,5.67,12.1,8.54,19.6,4.12,3.31,5.65
"QLDNorth","Cassowary Coast",146,-18.0975704193115,0.2,2.46,3.28,34.68,20.77,71.32,3.54,2.9,4.74
"WANorth","Broome",122.315780639648,-18.0475425720215,0.2,5.26,5.68,11.01,7.87,17.54,4.05,3.27,5.5
"QLDNorth","Cassowary Coast",146,-18.0475425720215,0.2,2.46,3.28,33.63,20.21,68.89,3.51,2.88,4.68
"WANorth","Broome",122.263160705566,-17.997501373291,0.2,5.26,5.67,10.6,7.63,16.7,4.21,3.38,5.77
"QLDNorth","Cassowary Coast",146.052627563477,-17.997501373291,0.2,2.15,2.97,34.17,20.4,70.82,3.54,2.9,4.74
"QLDNorth","Cassowary Coast",146.105255126953,-17.997501373291,0.2,2.15,2.97,35.83,21.19,75.35,3.6,2.94,4.84
"WANorth","Broome",122.157897949219,-17.9474449157715,0.2,5.24,5.71,13.06,9.15,21.38,3.81,3.11,5.12
"WANorth","Broome",122.157897949219,-17.8973731994629,0.2,5.24,5.73,14.06,9.74,23.39,3.66,3,4.88
"QLDNorth","Carpentaria",140.421051025391,-17.8973731994629,0.2,2.92,3.81,5.14,4.03,7.28,1.97,1.79,2.27
"QLDNorth","Carpentaria",140.473678588867,-17.8973731994629,0.2,2.92,3.81,5.21,4.07,7.4,1.98,1.79,2.28
"QLDNorth","Cassowary Coast",146.157897949219,-17.8973731994629,0.2,2.14,2.95,37.99,22.52,79.09,4.02,3.21,5.59
"WANorth","Broome",122.157897949219,-17.8472881317139,0.2,5.23,5.74,15.41,10.52,26.16,3.58,2.94,4.75
"QLDNorth","Carpentaria",140.210525512695,-17.847282409668,0.2,2.93,3.83,4.88,3.85,6.85,1.95,1.77,2.24
"QLDNorth","Carpentaria",140.263153076172,-17.8472881317139,0.2,2.93,3.83,4.96,3.9,6.99,1.95,1.77,2.24
"QLDNorth","Carpentaria",140.315795898438,-17.847282409668,0.2,2.93,3.82,5.03,3.95,7.1,1.96,1.78,2.25
"QLDNorth","Carpentaria",140.368423461914,-17.847282409668,0.2,2.92,3.82,5.1,4,7.22,1.97,1.78,2.26
"QLDNorth","Carpentaria",140.526321411133,-17.8472881317139,0.2,2.92,3.8,5.33,4.15,7.6,1.99,1.8,2.29
"QLDNorth","Cassowary Coast",146.157897949219,-17.8472881317139,0.2,2.14,2.95,37.86,22.61,77.75,4.07,3.25,5.68
"WANorth","Broome",122.157897949219,-17.7971897125244,0.2,5.23,5.76,16.47,11.14,28.37,3.46,2.86,4.58
"QLDNorth","Carpentaria",140.157897949219,-17.7971897125244,0.2,2.93,3.83,4.81,3.8,6.74,1.95,1.77,2.24
"QLDNorth","Carpentaria",140.578948974609,-17.7971820831299,0.2,2.91,3.8,5.45,4.23,7.82,1.99,1.8,2.3
"QLDNorth","Cassowary Coast",146.157897949219,-17.7971897125244,0.2,2.14,2.99,39.99,23.73,82.8,3.88,3.12,5.34
"WANorth","Broome",122.157897949219,-17.7470779418945,0.2,5.23,5.77,17.29,11.6,30.08,3.41,2.81,4.51
"QLDNorth","Carpentaria",140,-17.7470779418945,0.2,2.94,3.84,4.56,3.63,6.32,1.94,1.76,2.23
"QLDNorth","Carpentaria",140.052627563477,-17.7470779418945,0.2,2.94,3.84,4.64,3.68,6.44,1.95,1.76,2.24
"QLDNorth","Carpentaria",140.105270385742,-17.7470703125,0.2,2.94,3.83,4.72,3.74,6.59,1.95,1.77,2.24
"QLDNorth","Carpentaria",140.578948974609,-17.7470703125,0.2,2.91,3.8,5.49,4.25,7.89,1.99,1.8,2.29
"QLDNorth","Cassowary Coast",146.157897949219,-17.7470779418945,0.2,2.14,3.01,44.68,26,95.3,3.79,3.06,5.2
"WANorth","Broome",122.157897949219,-17.6969509124756,0.2,5.23,5.78,17.79,11.87,31.21,3.41,2.81,4.53
"QLDNorth","Burke",139.526321411133,-17.6969509124756,0.2,2.95,3.82,4.45,3.56,6.14,2,1.8,2.32
"QLDNorth","Burke",139.57893371582,-17.6969509124756,0.2,2.95,3.82,4.51,3.59,6.22,2,1.8,2.32
"QLDNorth","Burke",139.631576538086,-17.6969509124756,0.2,2.94,3.81,4.55,3.62,6.28,2,1.81,2.32
"QLDNorth","Burke",139.684204101562,-17.6969509124756,0.2,2.94,3.81,4.59,3.66,6.35,2,1.81,2.32
"QLDNorth","Burke",139.736831665039,-17.6969509124756,0.2,2.94,3.81,4.63,3.69,6.42,2.01,1.81,2.33
"QLDNorth","Carpentaria",139.947372436523,-17.6969509124756,0.2,2.94,3.84,4.52,3.6,6.26,1.94,1.76,2.23
"QLDNorth","Carpentaria",140.57893371582,-17.6969509124756,0.2,2.91,3.8,5.46,4.23,7.85,1.99,1.8,2.29
"QLDNorth","Cassowary Coast",146.157897949219,-17.6969509124756,0.2,1.96,2.84,48.42,27.75,105.66,3.84,3.09,5.27
"QLDNorth","Burke",139.526321411133,-17.6468105316162,0.2,2.95,3.82,4.43,3.54,6.11,2,1.8,2.32
"QLDNorth","Burke",139.736831665039,-17.6468105316162,0.2,2.94,3.81,4.6,3.67,6.37,2.01,1.81,2.33
"QLDNorth","Carpentaria",139.894729614258,-17.6468105316162,0.2,2.95,3.84,4.49,3.58,6.2,1.95,1.76,2.24
"QLDNorth","Carpentaria",140.57893371582,-17.6468105316162,0.2,2.91,3.8,5.39,4.18,7.73,1.98,1.79,2.28
"QLDNorth","Cassowary Coast",146.157897949219,-17.6468105316162,0.2,1.95,2.84,50.13,28.58,110.24,3.88,3.13,5.35
"WANorth","Broome",122.105255126953,-17.5966548919678,0.2,5.23,5.79,17.59,11.78,30.67,3.37,2.77,4.48
"QLDNorth","Burke",139.368423461914,-17.5966548919678,0.2,2.96,3.81,4.2,3.38,5.74,2.01,1.81,2.34
"QLDNorth","Burke",139.421051025391,-17.5966548919678,0.2,2.96,3.81,4.26,3.42,5.83,2.01,1.81,2.34
"QLDNorth","Burke",139.473678588867,-17.5966548919678,0.2,2.95,3.82,4.32,3.46,5.93,2,1.8,2.32
"QLDNorth","Burke",139.789474487305,-17.5966548919678,0.2,2.95,3.82,4.49,3.59,6.2,1.99,1.8,2.3
"QLDNorth","Carpentaria",139.842102050781,-17.5966548919678,0.2,2.95,3.83,4.47,3.57,6.16,1.97,1.78,2.27
"QLDNorth","Carpentaria",140.631576538086,-17.5966548919678,0.2,2.92,3.8,5.21,4.07,7.42,1.98,1.79,2.28
"WANorth","Broome",122.105255126953,-17.5464859008789,0.2,5.23,5.79,17.15,11.56,29.62,3.37,2.77,4.49
"QLDNorth","Burke",139.315795898438,-17.5464859008789,0.2,2.96,3.81,4.13,3.33,5.62,2.01,1.81,2.34
"QLDNorth","Carpentaria",140.684204101562,-17.5464859008789,0.2,2.92,3.81,5.07,3.98,7.16,1.97,1.79,2.27
NA,"Cassowary Coast",146.157897949219,-17.5464859008789,0.2,1.96,2.79,46.87,27.19,100.2,4.28,3.4,6.01
"WANorth","Broome",122.105262756348,-17.4962959289551,0.2,5.22,5.79,19.51,12.89,34.69,3.33,2.74,4.42
"WANorth","Derby-West Kimberley",123.526313781738,-17.4963035583496,0.2,5.23,5.43,16.89,10.87,32,5.9,4.41,9.11
"WANorth","Derby-West Kimberley",123.578948974609,-17.4962959289551,0.2,5.23,5.42,17.15,11.04,32.46,6.09,4.52,9.47
"QLDNorth","Burke",139.263153076172,-17.4963035583496,0.2,2.97,3.82,4.04,3.26,5.49,2.01,1.81,2.34
"QLDNorth","Carpentaria",140.736846923828,-17.4962959289551,0.2,2.92,3.81,5.2,4.05,7.42,1.97,1.79,2.27
"QLDNorth","Cassowary Coast",146.105270385742,-17.4962959289551,0.2,1.96,2.79,44.1,25.9,92.44,4.27,3.4,5.98
"WANorth","Broome",122.105262756348,-17.4460983276367,0.2,5.22,5.8,21.37,13.88,38.93,3.29,2.72,4.35
"WANorth","Derby-West Kimberley",123.526313781738,-17.4461059570312,0.2,5.23,5.43,17.21,11.04,32.78,6.01,4.47,9.32
"WANorth","Derby-West Kimberley",123.578948974609,-17.4460983276367,0.2,5.23,5.42,17.39,11.15,33.15,6.07,4.51,9.43
"QLDNorth","Burke",139.263153076172,-17.4461059570312,0.2,2.97,3.82,4.01,3.24,5.43,2.02,1.81,2.35
"QLDNorth","Carpentaria",140.842102050781,-17.4460983276367,0.2,2.91,3.79,5.52,4.26,8,1.99,1.8,2.29
"QLDNorth","Cassowary Coast",146.105270385742,-17.4460983276367,0.2,1.96,2.79,44.35,26.04,92.96,4.3,3.41,6.03
"WANorth","Broome",122.105255126953,-17.3958950042725,0.2,5.21,5.8,22.76,14.64,42.08,3.26,2.69,4.31
"WANorth","Derby-West Kimberley",123.526313781738,-17.3958969116211,0.2,5.23,5.43,17.22,11.05,32.8,6.03,4.49,9.38
"WANorth","Derby-West Kimberley",123.578941345215,-17.3958950042725,0.2,5.23,5.43,17.61,11.26,33.71,6.1,4.53,9.51
"QLDNorth","Burke",139.263153076172,-17.3958969116211,0.2,2.97,3.82,3.96,3.21,5.36,2.02,1.81,2.35
"QLDNorth","Carpentaria",140.894729614258,-17.3958950042725,0.2,2.91,3.79,5.66,4.35,8.27,2,1.8,2.31
"QLDNorth","Cairns",146.105270385742,-17.3958950042725,0.2,1.96,2.81,44.42,26.13,92.82,4.27,3.4,5.96
"WANorth","Broome",122.105255126953,-17.3456707000732,0.2,5.21,5.88,23.26,14.89,43.38,2.88,2.42,3.72
"WANorth","Derby-West Kimberley",123.473686218262,-17.3456707000732,0.2,5.22,5.44,20.16,12.62,39.83,5.96,4.46,9.2
"WANorth","Derby-West Kimberley",123.578941345215,-17.3456707000732,0.2,5.22,5.44,18.98,12.03,36.8,6.09,4.53,9.46
"QLDNorth","Burke",139.210525512695,-17.3456707000732,0.2,2.98,3.7,3.83,3.12,5.15,2.25,1.99,2.68
"QLDNorth","Carpentaria",140.894729614258,-17.3456726074219,0.2,2.9,3.81,5.74,4.4,8.43,1.97,1.78,2.27
NA,"Cairns",146.105270385742,-17.3456707000732,0.2,1.96,2.82,43.8,25.9,90.7,4.37,3.46,6.13
"WANorth","Broome",122.105255126953,-17.2954330444336,0.2,5.21,5.9,23.86,15.2,44.77,2.8,2.36,3.6
"WANorth","Derby-West Kimberley",123.421051025391,-17.2954330444336,0.2,5.21,5.44,23.08,14.15,46.98,6.02,4.5,9.3
"QLDNorth","Burke",139.210525512695,-17.2954330444336,0.2,2.98,3.7,3.78,3.08,5.08,2.25,1.99,2.68
"QLDNorth","Carpentaria",140.947357177734,-17.2954330444336,0.2,2.9,3.81,5.82,4.45,8.56,1.97,1.79,2.28
"QLDNorth","Cairns",146.052627563477,-17.2954330444336,0.2,1.96,2.56,44.57,26.31,92.48,6.4,4.8,9.69
"WANorth","Broome",122.157897949219,-17.2451820373535,0.2,5.21,5.92,21.91,14.14,40.38,2.7,2.29,3.44
"WANorth","Derby-West Kimberley",123.421051025391,-17.2451820373535,0.2,5.21,5.44,23.89,14.65,48.39,6.06,4.52,9.34
"WANorth","Derby-West Kimberley",123.578941345215,-17.2451820373535,0.2,5.21,5.44,25.53,15.54,52.22,6.38,4.73,9.95
"QLDNorth","Burke",139.210525512695,-17.2451820373535,0.2,2.99,3.7,3.73,3.05,4.99,2.25,1.99,2.68
"QLDNorth","Carpentaria",140.947357177734,-17.2451820373535,0.2,2.9,3.81,5.89,4.49,8.7,1.98,1.79,2.29
"QLDNorth","Cairns",146,-17.2451820373535,0.2,1.96,2.56,45.66,26.86,95.23,6.36,4.78,9.59
"WANorth","Broome",122.210525512695,-17.1949100494385,0.2,5.22,5.92,19.16,12.65,34.14,2.7,2.3,3.45
"WANorth","Broome",123.421051025391,-17.1949157714844,0.2,5.21,5.44,26.21,15.84,54.31,5.94,4.45,9.1
"WANorth","Derby-West Kimberley",123.578948974609,-17.1949100494385,0.2,5.2,5.43,28.24,16.97,58.74,6.28,4.67,9.73
"QLDNorth","Burke",139.157897949219,-17.1949157714844,0.2,3,3.71,3.63,2.98,4.85,2.24,1.98,2.66
"QLDNorth","Carpentaria",140.947372436523,-17.1949100494385,0.2,2.9,3.8,5.93,4.52,8.76,1.99,1.8,2.3
"QLDNorth","Cairns",146,-17.1949157714844,0.2,1.99,2.6,46.52,27.25,97.62,6.42,4.82,9.7
"WANorth","Broome",122.210517883301,-17.1446361541748,0.2,5.22,5.91,18.67,12.39,32.97,2.72,2.31,3.48
"WANorth","Broome",123.368423461914,-17.1446361541748,0.2,5.21,5.44,26.15,15.55,56.05,5.84,4.38,8.95
"WANorth","Derby-West Kimberley",123.578941345215,-17.1446361541748,0.2,5.2,5.43,30.49,17.99,65.44,6.01,4.49,9.26
"WANorth","Derby-West Kimberley",123.789474487305,-17.1446361541748,0.2,5.2,5.38,30.53,18.26,63.66,8.18,5.81,13.57
"WANorth","Derby-West Kimberley",123.842094421387,-17.1446361541748,0.2,5.2,5.38,35.2,20.5,76.52,8.56,6.04,14.34
"QLDNorth","Burke",139.157897949219,-17.1446361541748,0.2,3,3.72,3.62,2.97,4.82,2.23,1.98,2.66
"QLDNorth","Carpentaria",140.947357177734,-17.1446361541748,0.2,2.9,3.8,5.94,4.52,8.78,2,1.8,2.31
"QLDNorth","Cairns",146,-17.1446361541748,0.2,1.99,2.54,47.91,27.94,101.24,8.03,5.83,12.77
"WANorth","Derby-West Kimberley",123.578948974609,-17.0943374633789,0.2,5.2,5.43,31.2,18.11,69.13,6.35,4.7,9.9
"WANorth","Derby-West Kimberley",123.736839294434,-17.0943374633789,0.2,5.2,5.38,33.48,19.64,72.05,8.29,5.87,13.85
"WANorth","Derby-West Kimberley",123.842102050781,-17.0943450927734,0.2,5.2,5.38,32.91,19.45,69.81,8.46,5.98,14.18
"QLDNorth","Burke",139.157897949219,-17.0943431854248,0.2,2.99,3.72,3.68,3.01,4.93,2.24,1.98,2.66
"QLDNorth","Carpentaria",140.947372436523,-17.0943374633789,0.2,2.9,3.8,5.97,4.54,8.83,2,1.81,2.32
NA,"Cairns",146,-17.0943431854248,0.2,1.99,2.54,49.88,28.91,106.29,8.25,5.97,13.17
"WANorth","Broome",122.263160705566,-17.0440368652344,0.2,5.22,5.92,19.36,12.78,34.46,2.48,2.14,3.09
"WANorth","Broome",123.315788269043,-17.0440368652344,0.2,5.21,5.44,26.89,16.09,56.73,6.35,4.69,9.96
"WANorth","Derby-West Kimberley",123.631576538086,-17.0440368652344,0.2,5.2,5.41,30.17,17.9,64.04,7.34,5.3,11.91
"WANorth","Derby-West Kimberley",123.684211730957,-17.0440368652344,0.2,5.2,5.4,31.38,18.55,66.87,7.7,5.52,12.64
"WANorth","Derby-West Kimberley",123.789474487305,-17.044038772583,0.2,5.19,5.39,35.52,20.57,78.06,7.92,5.66,13.03
"QLDNorth","Doomadgee",139.052627563477,-17.0440368652344,0.2,2.96,3.71,4.2,3.36,5.81,2.29,2.02,2.75
"QLDNorth","Burke",139.105255126953,-17.0440368652344,0.2,2.96,3.71,4.22,3.38,5.83,2.3,2.02,2.75
"QLDNorth","Carpentaria",140.947357177734,-17.0440368652344,0.2,2.89,3.8,6.16,4.67,9.2,2.01,1.81,2.32
NA,"Yarrabah",145.947372436523,-17.0440368652344,0.2,1.99,2.54,51.7,29.72,111.64,8.3,6,13.24
"WANorth","Broome",122.315780639648,-16.9937171936035,0.2,5.22,5.91,19.58,12.89,35.03,2.49,2.15,3.1
"WANorth","Broome",122.36841583252,-16.9937171936035,0.2,5.22,5.89,19.2,12.69,34.14,2.52,2.17,3.15
"WANorth","Broome",123.315788269043,-16.9937171936035,0.2,5.19,5.43,40.66,22.69,95.24,6.71,4.92,10.64
"WANorth","Derby-West Kimberley",123.789474487305,-16.9937171936035,0.2,5.19,5.39,37.48,21.52,83.39,8.19,5.82,13.6
"QLDNorth","Doomadgee",139,-16.9937171936035,0.2,2.94,3.71,4.53,3.58,6.38,2.31,2.03,2.77
"QLDNorth","Carpentaria",140.947357177734,-16.9937171936035,0.2,2.89,3.83,6.53,4.89,9.92,1.99,1.8,2.31
"QLDNorth","Yarrabah",145.947372436523,-16.9937171936035,0.2,1.99,2.54,51.9,29.82,112.16,8.22,5.96,13.09
"WANorth","Broome",122.421051025391,-16.9433841705322,0.2,5.22,5.88,19.83,13.05,35.46,2.53,2.18,3.17
"WANorth","Broome",122.473686218262,-16.9433765411377,0.2,5.22,5.89,19.98,13.15,35.68,2.52,2.17,3.15
"WANorth","Broome",123.263160705566,-16.9433841705322,0.2,5.19,5.42,43.35,24.2,100.87,6.7,4.93,10.53
"WANorth","Derby-West Kimberley",123.842102050781,-16.9433765411377,0.2,5.19,5.39,36.13,20.99,78.74,8.08,5.76,13.36
"QLDNorth","Doomadgee",138.947372436523,-16.9433765411377,0.2,2.94,3.71,4.59,3.62,6.49,2.36,2.07,2.85
"QLDNorth","Carpentaria",141,-16.9433841705322,0.2,2.88,3.83,6.75,5.03,10.34,2.02,1.81,2.34
"QLDNorth","Cairns",146,-16.9433841705322,0.2,1.99,2.71,60.17,33.88,133.7,6.48,4.88,9.77
"WANorth","Broome",122.526313781738,-16.8930377960205,0.2,5.22,5.88,18.97,12.57,33.58,2.54,2.18,3.17
"WANorth","Broome",123.210525512695,-16.893030166626,0.2,5.2,5.47,34.35,19.84,76.11,5.58,4.2,8.54
"WANorth","Derby-West Kimberley",123.789474487305,-16.8930377960205,0.2,5.2,5.39,29.91,18.17,60.55,8.63,6.08,14.51
"WANorth","Derby-West Kimberley",123.842102050781,-16.8930377960205,0.2,5.19,5.39,38.78,22.32,85.6,8.42,5.96,14.06
"QLDNorth","Burke",138.842102050781,-16.893030166626,0.2,2.95,3.72,4.45,3.52,6.24,2.4,2.09,2.91
"QLDNorth","Doomadgee",138.894729614258,-16.8930377960205,0.2,2.94,3.71,4.52,3.58,6.37,2.4,2.1,2.92
"QLDNorth","Carpentaria",141.052627563477,-16.8930377960205,0.2,2.88,3.82,6.82,5.08,10.44,2.05,1.84,2.39
"QLDNorth","Cairns",146,-16.8930377960205,0.2,1.98,2.72,66.05,36.66,149.84,6.84,5.11,10.37
"WANorth","Broome",122.526313781738,-16.8426761627197,0.2,5.22,5.87,19.04,12.62,33.7,2.57,2.21,3.23
"WANorth","Broome",123.210525512695,-16.8426761627197,0.2,5.19,5.46,41.24,23.2,94.86,5.96,4.43,9.29
"WANorth","Derby-West Kimberley",123.736831665039,-16.8426761627197,0.2,5.18,5.38,50.2,27.82,116.86,8.95,6.28,15.08
"QLDNorth","Burke",138.789474487305,-16.8426761627197,0.2,2.94,3.72,4.55,3.59,6.44,2.39,2.09,2.91
"QLDNorth","Carpentaria",141.052627563477,-16.8426761627197,0.2,2.88,3.82,7.06,5.22,10.91,2.06,1.85,2.41
"QLDNorth","Yarrabah",145.894729614258,-16.8426761627197,0.2,1.98,2.61,75.99,41.01,180.03,9.35,6.67,15.2
"QLDNorth","Yarrabah",145.947357177734,-16.8426761627197,0.2,1.98,2.61,75.36,40.84,177.19,9.23,6.6,14.96
"WANorth","Broome",122.526313781738,-16.7923030853271,0.2,5.22,5.87,18.85,12.51,33.33,2.61,2.23,3.27
"WANorth","Broome",123.157897949219,-16.7923030853271,0.2,5.18,5.43,58.68,31.63,142.55,7.18,5.19,11.68
"WANorth","Derby-West Kimberley",123.631576538086,-16.7923030853271,0.2,5.17,5.37,74.01,38.71,187.08,9.84,6.77,17.18
"WANorth","Derby-West Kimberley",123.684211730957,-16.7923030853271,0.2,5.18,5.37,68.19,36.22,168.32,9.61,6.66,16.53
"QLDNorth","Burke",138.315795898438,-16.7923030853271,0.2,2.95,3.75,4.47,3.53,6.28,2.28,2.01,2.74
"QLDNorth","Burke",138.368408203125,-16.7923030853271,0.2,2.94,3.74,4.54,3.58,6.4,2.31,2.03,2.78
"QLDNorth","Burke",138.421051025391,-16.7923030853271,0.2,2.94,3.73,4.6,3.62,6.51,2.33,2.05,2.82
"QLDNorth","Burke",138.473678588867,-16.7923030853271,0.2,2.94,3.73,4.67,3.67,6.62,2.35,2.06,2.84
"QLDNorth","Burke",138.526321411133,-16.7923030853271,0.2,2.94,3.72,4.73,3.71,6.74,2.37,2.07,2.86
"QLDNorth","Burke",138.57893371582,-16.7923030853271,0.2,2.93,3.72,4.79,3.75,6.85,2.38,2.08,2.88
"QLDNorth","Burke",138.631576538086,-16.7923030853271,0.2,2.93,3.71,4.85,3.79,6.96,2.39,2.09,2.9
"QLDNorth","Burke",138.684204101562,-16.7923030853271,0.2,2.93,3.72,4.85,3.78,6.95,2.4,2.1,2.92
"QLDNorth","Burke",138.736831665039,-16.7923030853271,0.2,2.93,3.72,4.8,3.75,6.87,2.41,2.11,2.93
"QLDNorth","Carpentaria",141.105255126953,-16.7923030853271,0.2,2.87,3.82,7.58,5.53,11.94,2.07,1.86,2.43
"QLDNorth","Cairns",145.736846923828,-16.7923030853271,0.2,1.98,2.52,87.86,46.08,217.61,11.67,8.06,19.82
NA,"Cairns",145.789474487305,-16.7923030853271,0.2,1.98,2.52,90.64,47.25,226.64,11.54,7.99,19.52
"WANorth","Broome",122.578941345215,-16.7419147491455,0.2,5.22,5.86,18.72,12.39,33.25,2.59,2.22,3.25
"WANorth","Broome",122.631576538086,-16.7419147491455,0.2,5.22,5.95,19.02,12.55,33.96,2.34,2.04,2.87
"WANorth","Broome",122.684211730957,-16.7419147491455,0.2,5.22,5.96,19.23,12.67,34.42,2.33,2.03,2.85
"WANorth","Broome",122.736831665039,-16.7419147491455,0.2,5.22,5.96,19.06,12.59,33.97,2.32,2.02,2.84
"WANorth","Broome",123.157897949219,-16.7419166564941,0.2,5.18,5.42,62.73,33.76,151.86,7.63,5.47,12.52
"WANorth","Derby-West Kimberley",123.578941345215,-16.7419147491455,0.2,5.18,5.39,55.87,30.42,133.55,8.16,5.83,13.39
"QLDNorth","Burke",138.263153076172,-16.7419147491455,0.2,2.94,3.76,4.57,3.6,6.45,2.24,1.98,2.68
"QLDNorth","Mornington",139.210525512695,-16.7419147491455,0.2,2.93,3.7,4.96,3.86,7.12,2.38,2.09,2.88
"QLDNorth","Mornington",139.263153076172,-16.7419166564941,0.2,2.94,3.71,4.68,3.68,6.65,2.36,2.07,2.85
"QLDNorth","Mornington",139.315780639648,-16.7419147491455,0.2,2.95,3.71,4.43,3.51,6.21,2.34,2.06,2.82
"QLDNorth","Carpentaria",141.157897949219,-16.7419147491455,0.2,2.87,3.82,7.7,5.61,12.18,2.09,1.87,2.45
"QLDNorth","Cairns",145.736846923828,-16.7419147491455,0.2,1.98,2.48,88.65,46.49,219.42,11.65,8.09,19.6
"WANorth","Broome",122.736831665039,-16.6915149688721,0.2,5.22,5.95,19,12.57,33.72,2.35,2.05,2.89
"WANorth","Broome",123.105262756348,-16.6915149688721,0.2,5.2,5.42,34.74,20.48,73.77,7.08,5.12,11.5
"WANorth","Derby-West Kimberley",123.526313781738,-16.6915149688721,0.2,5.18,5.38,49.54,27.47,115.34,9.74,6.69,17.06
"QLDNorth","Burke",138.210525512695,-16.6915149688721,0.2,2.93,3.75,4.77,3.74,6.8,2.27,2,2.72
"QLDNorth","Mornington",139.105255126953,-16.6915149688721,0.2,2.91,3.68,5.61,4.28,8.3,2.51,2.18,3.08
"QLDNorth","Mornington",139.368423461914,-16.6915149688721,0.2,2.96,3.81,4.21,3.36,5.84,2.2,1.95,2.61
"QLDNorth","Mornington",139.421051025391,-16.6915149688721,0.2,2.96,3.71,4.29,3.42,5.98,2.28,2.01,2.72
"QLDNorth","Mornington",139.473678588867,-16.6915149688721,0.2,2.95,3.71,4.38,3.48,6.14,2.29,2.02,2.75
"QLDNorth","Carpentaria",141.210525512695,-16.6915149688721,0.2,2.87,3.81,7.82,5.69,12.38,2.11,1.89,2.48
"QLDNorth","Cairns",145.684204101562,-16.6915149688721,0.2,1.97,2.47,93.22,48.39,234.49,11.81,8.18,19.9
"WANorth","Broome",122.736831665039,-16.6411018371582,0.2,5.22,5.94,20.23,13.25,36.43,2.38,2.06,2.92
"WANorth","Broome",123.052635192871,-16.6411018371582,0.2,5.2,5.42,32.67,19.17,70.39,6.82,4.95,11.05
"WANorth","Derby-West Kimberley",123.473678588867,-16.6411018371582,0.2,5.18,5.36,65.13,34.69,160.56,11.54,7.76,20.76
"QLDNorth","Burke",138.105270385742,-16.6411018371582,0.2,2.92,3.75,5.15,3.99,7.46,2.25,1.99,2.68
"QLDNorth","Burke",138.157897949219,-16.6411018371582,0.2,2.92,3.74,5.18,4.01,7.52,2.27,2.01,2.72
"QLDNorth","Mornington",139.105255126953,-16.6411018371582,0.2,2.9,3.7,5.92,4.48,8.88,2.52,2.19,3.09
"QLDNorth","Mornington",139.526321411133,-16.6411018371582,0.2,2.95,3.71,4.48,3.54,6.31,2.3,2.03,2.76
"QLDNorth","Carpentaria",141.210525512695,-16.6411018371582,0.2,2.86,3.8,7.93,5.76,12.6,2.12,1.9,2.5
NA,"Douglas",145.631576538086,-16.6411018371582,0.2,1.96,2.53,107.82,54.56,281.85,11.55,8.01,19.47
"WANorth","Broome",122.736831665039,-16.5906734466553,0.2,5.21,5.94,22.28,14.34,41.19,2.39,2.07,2.95
"WANorth","Broome",123.052635192871,-16.5906734466553,0.2,5.2,5.42,33.99,19.9,73.3,7.28,5.22,11.99
"WANorth","Derby-West Kimberley",123.421051025391,-16.5906734466553,0.2,5.18,5.38,65.58,35.18,159.2,9.44,6.58,16.08
"QLDNorth","Burke",138.052627563477,-16.5906734466553,0.2,2.92,3.74,5.18,4.01,7.5,2.26,2,2.7
"QLDNorth","Mornington",139.157897949219,-16.5906734466553,0.2,2.89,3.69,6.41,4.8,9.77,2.57,2.23,3.17
"QLDNorth","Mornington",139.526321411133,-16.5906734466553,0.2,2.95,3.85,4.51,3.56,6.35,2.15,1.92,2.54
"QLDNorth","Carpentaria",141.210525512695,-16.5906734466553,0.2,2.86,3.8,7.97,5.79,12.66,2.14,1.9,2.52
"QLDNorth","Douglas",145.578948974609,-16.5906734466553,0.2,1.96,2.53,111.56,56.02,295.23,11.69,8.06,19.89
"WANorth","Broome",122.789474487305,-16.5402336120605,0.2,5.21,5.94,27.07,16.84,52.69,2.35,2.05,2.89
"WANorth","Broome",123.052635192871,-16.5402336120605,0.2,5.2,6.07,32.55,19.36,68.21,2.19,1.93,2.63
"WANorth","Derby-West Kimberley",123.421051025391,-16.5402336120605,0.2,5.19,5.38,42.15,24.01,94.27,9.19,6.39,15.77
"QLDNorth","Burke",138.052627563477,-16.5402336120605,0.2,2.92,3.73,5.21,4.03,7.57,2.29,2.02,2.74
NA,"Mornington",139.157897949219,-16.5402336120605,0.2,2.89,3.68,6.46,4.83,9.86,2.58,2.24,3.18
"QLDNorth","Mornington",139.526321411133,-16.5402336120605,0.2,2.94,3.83,4.53,3.58,6.4,2.18,1.94,2.58
"QLDNorth","Mornington",139.578948974609,-16.5402336120605,0.2,2.94,3.84,4.67,3.66,6.64,2.17,1.93,2.56
"QLDNorth","Mornington",139.631576538086,-16.5402336120605,0.2,2.93,3.83,4.83,3.77,6.93,2.18,1.94,2.58
"QLDNorth","Carpentaria",141.263153076172,-16.5402336120605,0.2,2.86,3.81,7.88,5.75,12.43,2.15,1.91,2.53
"QLDNorth","Douglas",145.526321411133,-16.5402336120605,0.2,1.97,2.54,104.54,52.9,273.98,11.69,8.06,19.93
"WANorth","Broome",122.842094421387,-16.4897804260254,0.2,5.2,5.94,33.64,20.32,68.24,2.35,2.05,2.89
"WANorth","Broome",123.052635192871,-16.4897804260254,0.2,5.19,6.05,39.54,22.87,86.25,2.23,1.96,2.69
"WANorth","Derby-West Kimberley",123.421051025391,-16.4897804260254,0.2,5.18,5.38,48.69,27.68,107.94,9.82,6.74,17.19
"NT","Roper Gulf",137.947372436523,-16.4897804260254,0.2,2.91,3.72,5.35,4.12,7.82,2.32,2.04,2.78
"NT","Roper Gulf",138,-16.4897804260254,0.2,2.91,3.72,5.4,4.15,7.92,2.33,2.05,2.8
"QLDNorth","Mornington",139.210525512695,-16.4897804260254,0.2,2.89,3.68,6.4,4.8,9.74,2.59,2.24,3.2
"QLDNorth","Mornington",139.263153076172,-16.4897804260254,0.2,2.89,3.7,6.36,4.78,9.64,2.58,2.23,3.17
"QLDNorth","Mornington",139.684204101562,-16.4897804260254,0.2,2.92,3.82,5.11,3.96,7.4,2.22,1.97,2.62
"QLDNorth","Carpentaria",141.315780639648,-16.4897804260254,0.2,2.86,3.81,8.01,5.83,12.65,2.16,1.92,2.56
"QLDNorth","Douglas",145.526321411133,-16.4897804260254,0.2,1.96,2.54,116.01,57.56,313.44,11.57,7.99,19.69
"WANorth","Broome",122.842094421387,-16.4393119812012,0.2,5.2,5.97,34.48,20.82,69.78,2.3,2.01,2.81
"WANorth","Broome",123.052635192871,-16.4393138885498,0.2,5.19,6.01,48.26,27.34,107.83,2.34,2.04,2.85
"WANorth","Derby-West Kimberley",123.473678588867,-16.4393119812012,0.2,5.19,5.37,46.62,27.18,98.78,9.65,6.73,16.4
"NT","Roper Gulf",137.894729614258,-16.4393119812012,0.2,1.71,2.52,5.32,4.1,7.76,2.32,2.05,2.79
"QLDNorth","Mornington",139.315780639648,-16.4393119812012,0.2,2.9,3.73,6.08,4.6,9.13,2.55,2.22,3.13
"QLDNorth","Mornington",139.368408203125,-16.4393119812012,0.2,2.9,3.76,5.92,4.49,8.82,2.5,2.17,3.04
"QLDNorth","Mornington",139.421051025391,-16.4393119812012,0.2,2.9,3.76,5.88,4.47,8.73,2.48,2.16,3.02
"QLDNorth","Mornington",139.684204101562,-16.4393138885498,0.2,2.91,3.79,5.41,4.15,7.95,2.29,2.02,2.73
"QLDNorth","Carpentaria",141.315780639648,-16.4393119812012,0.2,2.86,3.82,8.21,5.95,13.04,2.14,1.91,2.51
"QLDNorth","Douglas",145.421051025391,-16.4393119812012,0.2,1.97,2.58,97.38,49.48,254.69,10.21,7.18,16.94
"WANorth","Broome",123.052635192871,-16.3888320922852,0.2,5.18,6,52.5,29.63,117.32,2.3,2.02,2.79
"WANorth","Derby-West Kimberley",123.526313781738,-16.3888320922852,0.2,5.19,5.86,40.45,24.2,82.36,2.58,2.22,3.21
"WANorth","Derby-West Kimberley",124.578948974609,-16.3888320922852,0.2,5.07,6.43,1.03559820522459e+69,NA,NA,2.22,1.98,2.63
"WANorth","Derby-West Kimberley",124.631576538086,-16.3888320922852,0.2,5.07,6.37,7.15875016848956e+72,NA,NA,2.36,2.08,2.83
"NT","Roper Gulf",137.842102050781,-16.3888320922852,0.2,1.72,2.54,5.31,4.09,7.74,2.28,2.01,2.73
"QLDNorth","Mornington",139.473678588867,-16.3888320922852,0.2,2.9,3.77,5.8,4.42,8.61,2.46,2.15,2.98
"QLDNorth","Mornington",139.526321411133,-16.3888320922852,0.2,2.9,3.8,5.77,4.4,8.57,2.38,2.09,2.86
"QLDNorth","Mornington",139.57893371582,-16.3888320922852,0.2,2.9,3.8,5.73,4.37,8.5,2.35,2.07,2.82
"QLDNorth","Mornington",139.631576538086,-16.3888320922852,0.2,2.91,3.78,5.67,4.33,8.38,2.33,2.05,2.78
"QLDNorth","Carpentaria",141.315780639648,-16.3888320922852,0.2,2.86,3.81,8.41,6.07,13.44,2.14,1.91,2.52
"QLDNorth","Douglas",145.421051025391,-16.3888320922852,0.2,1.97,2.59,97.76,49.44,258.06,9.84,6.95,16.2
"WANorth","Broome",122.947364807129,-16.3383388519287,0.2,5.19,6.05,36.79,21.81,76.89,2.24,1.97,2.71
"WANorth","Broome",123,-16.3383388519287,0.2,5.2,5.95,32.78,19.79,66.64,2.43,2.1,3
"WANorth","Derby-West Kimberley",123.526313781738,-16.3383407592773,0.2,5.19,5.85,37.97,23.03,75.7,2.63,2.26,3.29
"WANorth","Derby-West Kimberley",124.263160705566,-16.3383388519287,0.2,5.27,5.65,9.07,6.72,13.73,3.12,2.6,4.06
"WANorth","Derby-West Kimberley",124.315780639648,-16.3383388519287,0.2,5.28,5.65,8.27,6.21,12.25,3.1,2.59,4.04
"WANorth","Derby-West Kimberley",124.578948974609,-16.3383388519287,0.2,5.07,6.36,1.06154844599366e+144,2.613467216498e+143,4.36367056324685e+144,2.38,2.1,2.86
"WANorth","Derby-West Kimberley",124.631576538086,-16.3383407592773,0.2,5.07,6.37,8.67798122998363e+62,6.49331314178416e+62,1.16112026003455e+63,2.38,2.09,2.85
"NT","Roper Gulf",137.789474487305,-16.3383388519287,0.2,1.71,2.56,5.32,4.1,7.74,2.25,1.99,2.68
"QLDNorth","Carpentaria",141.315780639648,-16.3383388519287,0.2,2.86,3.81,8.56,6.16,13.75,2.15,1.92,2.53
"QLDNorth","Douglas",145.473678588867,-16.3383388519287,0.2,1.96,2.58,125.59,60.93,352.53,9.95,7.03,16.37
"WANorth","Derby-West Kimberley",123.473686218262,-16.2878265380859,0.2,5.19,5.84,42.45,25.25,87.15,2.64,2.26,3.3
"WANorth","Derby-West Kimberley",124.210525512695,-16.2878265380859,0.2,5.27,5.65,9.03,6.7,13.62,3.15,2.62,4.14
"WANorth","Derby-West Kimberley",124.368423461914,-16.2878265380859,0.2,5.28,5.65,8.86,6.58,13.36,3.14,2.62,4.1
"NT","Roper Gulf",137.789474487305,-16.2878322601318,0.2,1.71,2.56,5.37,4.14,7.84,2.26,2,2.7
"QLDNorth","Carpentaria",141.315795898438,-16.2878265380859,0.2,2.85,3.81,8.77,6.28,14.17,2.16,1.92,2.54
"QLDNorth","Douglas",145.473678588867,-16.2878265380859,0.2,1.96,2.61,124.48,60.4,349.63,9.34,6.66,15.15
"WANorth","Derby-West Kimberley",123.473686218262,-16.2373065948486,0.2,5.2,5.59,34.82,20.78,72.11,3.61,2.92,4.97
"WANorth","Derby-West Kimberley",124,-16.2373142242432,0.2,5.25,5.63,12.1,8.59,19.39,3.18,2.63,4.25
"WANorth","Derby-West Kimberley",124.052635192871,-16.2373142242432,0.2,5.25,5.65,11.7,8.34,18.64,3.18,2.63,4.23
"WANorth","Derby-West Kimberley",124.105262756348,-16.2373065948486,0.2,5.26,5.65,11.12,7.99,17.52,3.19,2.64,4.24
"WANorth","Derby-West Kimberley",124.157897949219,-16.2373142242432,0.2,5.26,5.64,10.59,7.67,16.53,3.19,2.64,4.22
"WANorth","Derby-West Kimberley",124.368423461914,-16.2373065948486,0.2,5.27,5.64,9.09,6.72,13.79,3.17,2.64,4.16
"NT","Roper Gulf",137.736846923828,-16.2373065948486,0.2,1.71,2.55,5.63,4.31,8.3,2.28,2.01,2.73
"QLDNorth","Carpentaria",141.368423461914,-16.2373065948486,0.2,2.85,3.81,9.14,6.5,14.92,2.17,1.93,2.55
"QLDNorth","Douglas",145.473678588867,-16.2373142242432,0.2,1.96,2.65,122.33,59.45,343.02,8.52,6.18,13.5
"WANorth","Derby-West Kimberley",123.473686218262,-16.1867752075195,0.2,5.21,5.58,26.08,16.33,50.29,3.69,2.97,5.11
"WANorth","Derby-West Kimberley",123.894737243652,-16.1867828369141,0.2,5.23,5.64,16.23,11.03,27.68,3.15,2.6,4.23
"WANorth","Derby-West Kimberley",123.947364807129,-16.1867752075195,0.2,5.23,5.63,15.29,10.47,25.82,3.17,2.61,4.24
"WANorth","Derby-West Kimberley",124.368423461914,-16.1867752075195,0.2,5.27,5.64,9.43,6.93,14.43,3.19,2.65,4.2
"NT","Roper Gulf",137.473678588867,-16.1867752075195,0.2,1.7,2.54,5.79,4.42,8.55,2.27,2,2.72
"NT","Roper Gulf",137.526321411133,-16.1867828369141,0.2,1.7,2.54,5.85,4.46,8.66,2.28,2.01,2.74
"NT","Roper Gulf",137.578948974609,-16.1867752075195,0.2,1.7,2.53,5.89,4.48,8.75,2.29,2.02,2.75
"NT","Roper Gulf",137.631576538086,-16.1867828369141,0.2,1.7,2.53,5.89,4.48,8.76,2.3,2.03,2.77
"NT","Roper Gulf",137.684204101562,-16.1867828369141,0.2,1.7,2.54,5.88,4.47,8.75,2.3,2.02,2.76
"QLDNorth","Carpentaria",141.368423461914,-16.1867752075195,0.2,2.85,3.83,9.34,6.62,15.33,2.11,1.89,2.46
NA,"Douglas",145.526321411133,-16.1867828369141,0.2,1.96,2.64,110.67,55.48,294.11,9.56,6.8,15.57
"WANorth","Derby-West Kimberley",123.526313781738,-16.1362361907959,0.2,5.22,5.55,21.22,13.69,39.28,3.79,3.04,5.27
"WANorth","Derby-West Kimberley",123.578941345215,-16.1362361907959,0.2,5.21,5.55,22.42,14.3,42.23,3.74,3,5.18
"WANorth","Derby-West Kimberley",123.631576538086,-16.1362361907959,0.2,5.21,5.55,23.7,14.97,45.31,3.76,3.02,5.22
"WANorth","Derby-West Kimberley",123.842102050781,-16.1362361907959,0.2,5.22,5.65,21.33,13.92,38.52,3.1,2.56,4.14
"WANorth","Derby-West Kimberley",124.36841583252,-16.1362361907959,0.2,5.26,5.68,10.21,7.4,15.93,3.1,2.59,4.06
"NT","Roper Gulf",137.368423461914,-16.1362361907959,0.2,1.7,2.51,5.75,4.4,8.46,2.29,2.01,2.75
"NT","Roper Gulf",137.421051025391,-16.1362361907959,0.2,1.7,2.54,5.82,4.44,8.6,2.27,2,2.72
"QLDNorth","Carpentaria",141.368408203125,-16.1362361907959,0.2,2.85,3.83,9.46,6.7,15.59,2.11,1.9,2.47
NA,"Douglas",145.526321411133,-16.1362361907959,0.2,1.97,2.64,101.51,51.94,260.89,9.73,6.9,15.92
"WANorth","Derby-West Kimberley",123.684211730957,-16.0856781005859,0.2,5.21,5.55,23.57,14.88,45.07,3.77,3.02,5.24
"WANorth","Derby-West Kimberley",123.789474487305,-16.0856781005859,0.2,5.21,5.67,26.32,16.5,50.62,3,2.5,3.96
"WANorth","Derby-West Kimberley",124.421051025391,-16.0856781005859,0.2,5.26,5.68,11.14,7.95,17.79,3.1,2.59,4.06
"WANorth","Derby-West Kimberley",124.473678588867,-16.0856781005859,0.2,5.26,5.6,11.09,7.92,17.7,3.68,3,4.94
"WANorth","Derby-West Kimberley",124.526313781738,-16.0856781005859,0.2,5.26,5.6,10.74,7.72,16.97,3.66,2.99,4.9
"WANorth","Derby-West Kimberley",124.578941345215,-16.0856781005859,0.2,5.26,5.6,10.49,7.58,16.47,3.62,2.97,4.84
"NT","Roper Gulf",137.315795898438,-16.0856781005859,0.2,1.7,2.51,5.77,4.42,8.48,2.28,2.01,2.74
"QLDNorth","Carpentaria",141.421051025391,-16.0856781005859,0.2,2.85,3.83,9.42,6.67,15.49,2.12,1.9,2.47
"QLDNorth","Douglas",145.526321411133,-16.0856781005859,0.2,1.97,2.69,98.34,50.96,247.16,8.86,6.37,14.22
"WANorth","Wyndham-East Kimberley",124.526313781738,-16.0351085662842,0.2,5.26,5.6,10.51,7.58,16.52,3.67,3,4.92
"WANorth","Derby-West Kimberley",124.578941345215,-16.0351085662842,0.2,5.26,5.6,9.98,7.26,15.48,3.65,2.99,4.9
"NT","Roper Gulf",137.263153076172,-16.0351085662842,0.2,1.7,2.51,5.85,4.47,8.6,2.29,2.02,2.76
"QLDNorth","Carpentaria",141.421051025391,-16.0351085662842,0.2,2.85,3.83,9.49,6.71,15.65,2.12,1.9,2.47
NA,"Douglas",145.526321411133,-16.0351085662842,0.2,1.97,2.68,96.46,50.4,238.9,8.97,6.44,14.45
"WANorth","Wyndham-East Kimberley",124.473686218262,-15.9845237731934,0.2,5.25,5.6,11.73,8.32,18.92,3.69,3.01,4.97
"NT","Roper Gulf",136.684204101562,-15.9845237731934,0.2,1.7,2.57,5.71,4.39,8.34,2.06,1.83,2.43
"NT","Roper Gulf",136.736846923828,-15.9845180511475,0.2,1.7,2.56,5.88,4.49,8.63,2.08,1.85,2.47
"NT","Roper Gulf",136.789474487305,-15.9845237731934,0.2,1.7,2.55,6.01,4.58,8.87,2.1,1.87,2.5
"NT","Roper Gulf",136.842102050781,-15.9845180511475,0.2,1.69,2.54,6.14,4.67,9.12,2.12,1.88,2.53
"NT","Roper Gulf",136.894729614258,-15.9845237731934,0.2,1.69,2.53,6.22,4.72,9.27,2.14,1.9,2.56
"NT","Roper Gulf",136.947372436523,-15.9845180511475,0.2,1.69,2.53,6.32,4.77,9.45,2.16,1.91,2.59
"NT","Roper Gulf",137,-15.9845237731934,0.2,1.69,2.52,6.46,4.86,9.73,2.22,1.95,2.66
"NT","Roper Gulf",137.052627563477,-15.9845237731934,0.2,1.68,2.52,6.58,4.93,9.96,2.24,1.97,2.69
"NT","Roper Gulf",137.105270385742,-15.9845180511475,0.2,1.69,2.51,6.52,4.9,9.85,2.25,1.98,2.72
"NT","Roper Gulf",137.157897949219,-15.9845237731934,0.2,1.69,2.51,6.37,4.8,9.56,2.3,2.02,2.78
"NT","Roper Gulf",137.210525512695,-15.9845180511475,0.2,1.69,2.5,6.21,4.7,9.28,2.31,2.03,2.79
"QLDNorth","Carpentaria",141.421051025391,-15.9845237731934,0.2,2.85,3.83,9.54,6.74,15.77,2.13,1.91,2.48
"QLDNorth","Douglas",145.473678588867,-15.9845180511475,0.2,1.97,2.72,85.08,45.55,202.86,8.21,5.97,12.96
"WANorth","Wyndham-East Kimberley",124.421051025391,-15.9339265823364,0.2,5.24,5.59,13.52,9.37,22.54,3.8,3.08,5.17
"NT","Roper Gulf",136.631576538086,-15.9339265823364,0.2,1.71,2.58,5.45,4.22,7.89,2.03,1.82,2.4
"QLDNorth","Carpentaria",141.368423461914,-15.9339208602905,0.2,2.85,3.83,9.07,6.45,14.84,2.12,1.9,2.48
NA,"Douglas",145.473678588867,-15.9339208602905,0.2,1.91,2.67,82.85,44.58,196.03,7.98,5.83,12.51
"WANorth","Wyndham-East Kimberley",124.421051025391,-15.8833179473877,0.2,5.24,5.59,14.01,9.62,23.69,3.87,3.13,5.29
"NT","Roper Gulf",136.631576538086,-15.8833179473877,0.2,1.71,2.6,5.39,4.17,7.78,2,1.79,2.35
"QLDNorth","Carpentaria",141.368408203125,-15.8833179473877,0.2,2.85,3.83,9.08,6.45,14.9,2.13,1.91,2.49
"QLDNorth","Douglas",145.421051025391,-15.8833179473877,0.2,1.91,2.61,77.96,42.29,182.45,8.59,6.22,13.6
"WANorth","Wyndham-East Kimberley",124.36841583252,-15.8326959609985,0.2,5.23,5.58,15.81,10.76,26.95,3.99,3.2,5.53
"NT","Roper Gulf",136.631576538086,-15.8326959609985,0.2,1.71,2.6,5.32,4.13,7.66,1.99,1.78,2.33
"NT","Roper Gulf",136.684204101562,-15.8326959609985,0.2,1.71,2.59,5.51,4.25,7.98,2.01,1.8,2.36
"NT","Roper Gulf",137,-15.8326959609985,0.2,1.69,2.53,6.27,4.74,9.39,2.17,1.92,2.6
"NT","Roper Gulf",137.052627563477,-15.8326959609985,0.2,1.69,2.52,6.43,4.84,9.69,2.19,1.94,2.63
"QLDNorth","Carpentaria",141.368408203125,-15.8326959609985,0.2,2.85,3.83,9.14,6.48,15.05,2.13,1.91,2.49
"QLDNorth","Cook",145.421051025391,-15.8326959609985,0.2,1.91,2.61,74.03,40.61,170.29,8.51,6.17,13.44
"WANorth","Wyndham-East Kimberley",124.36841583252,-15.7820606231689,0.2,5.24,5.59,13.88,9.65,22.95,4.12,3.29,5.75
"NT","Roper Gulf",136.736846923828,-15.7820606231689,0.2,1.71,2.59,5.57,4.29,8.09,2.02,1.8,2.37
"NT","Roper Gulf",136.789474487305,-15.7820606231689,0.2,1.7,2.58,5.69,4.37,8.31,2.04,1.82,2.4
"NT","Roper Gulf",136.947357177734,-15.7820606231689,0.2,1.7,2.54,6.03,4.59,8.95,2.14,1.9,2.56
"NT","Roper Gulf",137.105270385742,-15.7820606231689,0.2,1.69,2.53,6.53,4.91,9.86,2.22,1.96,2.67
NA,"Carpentaria",141.368408203125,-15.7820606231689,0.2,2.85,3.83,9.2,6.51,15.21,2.14,1.91,2.49
"QLDNorth","Cook",145.421051025391,-15.7820606231689,0.2,1.91,2.61,69.32,38.55,155.99,8.47,6.15,13.37
"WANorth","Wyndham-East Kimberley",124.368423461914,-15.7314071655273,0.2,5.25,5.6,12.46,8.79,20.19,4.06,3.25,5.62
"NT","Roper Gulf",136.473678588867,-15.7314071655273,0.2,1.7,2.55,5.97,4.53,8.92,2.02,1.81,2.39
"NT","Roper Gulf",136.526321411133,-15.7314128875732,0.2,1.69,2.54,6.18,4.66,9.3,2.05,1.83,2.43
"NT","Roper Gulf",136.578948974609,-15.7314071655273,0.2,1.69,2.52,6.39,4.8,9.65,2.2,1.94,2.66
"NT","Roper Gulf",136.842102050781,-15.7314138412476,0.2,1.7,2.58,5.69,4.37,8.33,2.04,1.82,2.41
"NT","Roper Gulf",137.105270385742,-15.7314071655273,0.2,1.69,2.52,6.54,4.91,9.88,2.19,1.93,2.62
NA,"Carpentaria",141.368423461914,-15.7314071655273,0.2,2.85,3.83,9.25,6.53,15.33,2.15,1.92,2.51
"QLDNorth","Cook",145.421051025391,-15.7314128875732,0.2,1.91,2.62,65.59,36.9,145.03,8.42,6.12,13.28
"WANorth","Wyndham-East Kimberley",124.368423461914,-15.6807470321655,0.2,5.24,5.64,13.98,9.65,23.4,3.76,3.05,5.1
"NT","Roper Gulf",136.473678588867,-15.6807470321655,0.2,1.7,2.56,5.98,4.53,8.95,2.02,1.8,2.38
"NT","Roper Gulf",136.631576538086,-15.6807527542114,0.2,1.68,2.51,6.67,4.99,10.15,2.24,1.97,2.71
"NT","Roper Gulf",137.105270385742,-15.6807470321655,0.2,1.68,2.52,6.66,4.99,10.11,2.2,1.94,2.64
NA,"Carpentaria",141.368423461914,-15.6807470321655,0.2,2.85,3.84,9.22,6.51,15.29,2.14,1.92,2.5
"QLDNorth","Cook",145.421051025391,-15.6807527542114,0.2,1.91,2.62,64.11,36.25,140.64,8.36,6.08,13.17
"WANorth","Wyndham-East Kimberley",124.368423461914,-15.6300735473633,0.2,5.23,5.66,16.08,10.85,27.85,3.82,3.09,5.19
"NT","Roper Gulf",136.421051025391,-15.6300802230835,0.2,1.7,2.57,5.83,4.43,8.67,1.99,1.78,2.34
"NT","Roper Gulf",136.684204101562,-15.6300802230835,0.2,1.68,2.49,6.62,4.97,10.01,2.28,1.99,2.77
"NT","Roper Gulf",137.105270385742,-15.6300735473633,0.2,1.68,2.51,6.86,5.11,10.5,2.23,1.96,2.68
"QLDNorth","Carpentaria",141.421051025391,-15.6300802230835,0.2,2.86,3.87,8.5,6.08,13.86,2.1,1.89,2.44
"QLDNorth","Cook",145.368423461914,-15.6300735473633,0.2,1.92,2.62,56.55,32.54,121.06,8.02,5.87,12.53
"WANorth","Wyndham-East Kimberley",124.368423461914,-15.5793886184692,0.2,5.23,5.66,17.1,11.43,30.03,3.83,3.1,5.23
"NT","Roper Gulf",136.315795898438,-15.5793886184692,0.2,1.71,2.58,5.63,4.3,8.32,1.95,1.75,2.28
"NT","Roper Gulf",136.368423461914,-15.5793886184692,0.2,1.7,2.57,5.83,4.44,8.68,1.97,1.76,2.31
"NT","Roper Gulf",136.736846923828,-15.5793886184692,0.2,1.69,2.52,6.25,4.74,9.26,2.16,1.91,2.59
"NT","Roper Gulf",136.789474487305,-15.5793952941895,0.2,1.69,2.5,6.36,4.81,9.49,2.26,1.98,2.74
"NT","Roper Gulf",136.842102050781,-15.5793886184692,0.2,1.69,2.5,6.49,4.89,9.75,2.25,1.97,2.72
"NT","Roper Gulf",136.894729614258,-15.5793952941895,0.2,1.68,2.51,6.65,4.99,10.05,2.23,1.96,2.7
"NT","Roper Gulf",136.947372436523,-15.5793886184692,0.2,1.68,2.51,6.81,5.08,10.36,2.22,1.96,2.68
"NT","Roper Gulf",137,-15.5793952941895,0.2,1.68,2.51,6.94,5.16,10.62,2.23,1.96,2.68
"NT","Roper Gulf",137.052627563477,-15.5793952941895,0.2,1.68,2.5,7.06,5.24,10.87,2.27,2,2.75
"QLDNorth","Carpentaria",141.421051025391,-15.5793952941895,0.2,2.86,3.87,8.64,6.16,14.17,2.1,1.89,2.44
"QLDNorth","Cook",145.368423461914,-15.5793886184692,0.2,1.92,2.52,53.15,30.96,111.67,8.34,6.09,13.06
"WANorth","Wyndham-East Kimberley",124.421051025391,-15.528697013855,0.2,5.23,5.51,15.12,10.34,25.6,5.78,4.41,8.54
"NT","Roper Gulf",136.263153076172,-15.528697013855,0.2,1.71,2.59,5.45,4.19,8,1.93,1.73,2.25
"QLDNorth","Carpentaria",141.421051025391,-15.528697013855,0.2,2.85,3.87,8.67,6.17,14.24,2.1,1.89,2.44
"QLDNorth","Cook",145.368423461914,-15.5286903381348,0.2,1.92,2.52,51.68,30.32,107.37,8.31,6.07,13.01
"WANorth","Wyndham-East Kimberley",124.421051025391,-15.4779872894287,0.2,5.23,5.5,16.23,10.99,27.88,6.46,4.86,9.74
"WANorth","Wyndham-East Kimberley",125,-15.4779872894287,0.2,4.01,4.64,3.36819346689543e+34,3.81566037027328e+33,3.37323827693962e+35,4.68,3.73,6.44
"WANorth","Wyndham-East Kimberley",125.052635192871,-15.4779872894287,0.2,4.01,4.64,1.32938562121281e+27,5.94754442256747e+24,9.23010345550996e+29,4.62,3.69,6.34
"NT","Roper Gulf",136.263153076172,-15.4779872894287,0.2,1.71,2.59,5.45,4.19,7.99,1.93,1.73,2.25
NA,"Carpentaria",141.421051025391,-15.4779872894287,0.2,2.86,3.89,8.66,6.16,14.22,2.08,1.87,2.4
"WANorth","Wyndham-East Kimberley",124.421051025391,-15.427264213562,0.2,5.23,5.41,16.99,11.43,29.44,8.57,6.2,13.64
"WANorth","Wyndham-East Kimberley",125,-15.427264213562,0.2,4.01,4.63,1.66300911434751e+97,8.77286976093077e+96,3.16405290502501e+97,4.76,3.79,6.58
"WANorth","Wyndham-East Kimberley",125.052635192871,-15.427264213562,0.2,4.01,4.64,1.67888508477072e+54,1.37523017564647e+54,2.05089929757158e+54,4.71,3.75,6.5
"NT","Roper Gulf",136.210525512695,-15.4272575378418,0.2,1.71,2.6,5.32,4.1,7.75,1.91,1.72,2.23
"QLDNorth","Kowanyama",141.473678588867,-15.4272575378418,0.2,2.86,3.92,8.34,5.97,13.58,2.06,1.85,2.38
"WANorth","Wyndham-East Kimberley",124.36841583252,-15.3765287399292,0.2,5.22,5.4,17.99,12,31.59,9.51,6.76,15.52
"WANorth","Wyndham-East Kimberley",124.421051025391,-15.3765287399292,0.2,5.23,5.41,17.15,11.53,29.78,8.93,6.41,14.36
"WANorth","Wyndham-East Kimberley",125,-15.3765287399292,0.2,4.01,4.62,3.71613548435976e+62,NA,NA,4.87,3.86,6.77
"WANorth","Wyndham-East Kimberley",125.052635192871,-15.3765287399292,0.2,4.01,4.63,1.83932079968563e+44,1.61057670231696e+44,2.10128154394702e+44,4.8,3.81,6.66
"WANorth","Wyndham-East Kimberley",128.052627563477,-15.3765287399292,0.2,4.01,4.78,3.49320145839291e+24,5.72881387439617e+21,1.39986619132444e+28,4.59,3.63,6.47
"WANorth","Wyndham-East Kimberley",128.157897949219,-15.3765287399292,0.2,4.01,4.78,4.24376210592776e+62,3.23846202379883e+62,5.5667939889313e+62,4.66,3.67,6.59
"WANorth","Wyndham-East Kimberley",128.210525512695,-15.3765287399292,0.2,4.01,4.78,5.83060914049799e+49,4.92950722144954e+49,6.89983359923971e+49,4.69,3.69,6.64
"NT","Roper Gulf",136.105270385742,-15.3765287399292,0.2,1.73,2.61,4.99,3.89,7.16,1.9,1.71,2.21
"NT","Roper Gulf",136.157897949219,-15.3765287399292,0.2,1.72,2.61,5.18,4.02,7.5,1.9,1.72,2.22
"QLDNorth","Kowanyama",141.526321411133,-15.3765287399292,0.2,2.86,3.94,8.29,5.94,13.46,2.05,1.85,2.36
NA,"Hope Vale",145.368423461914,-15.3765287399292,0.2,1.94,2.76,58.87,33.88,125.63,6.57,4.98,9.74
"WANorth","Wyndham-East Kimberley",124.315788269043,-15.3257751464844,0.2,5.21,5.37,25.92,16.46,48.67,7.43,5.39,11.95
"WANorth","Wyndham-East Kimberley",128.052627563477,-15.3257818222046,0.2,4.01,4.78,2.55385441982033e+22,50023017913340231680,9.51537145744138e+25,4.62,3.64,6.51
"WANorth","Wyndham-East Kimberley",128.105270385742,-15.3257818222046,0.2,4.01,4.78,8.55536753797729e+36,6.71809456495832e+35,1.28103577896005e+38,4.66,3.67,6.58
"WANorth","Wyndham-East Kimberley",128.157897949219,-15.3257818222046,0.2,4.01,4.78,4.08533046004584e+78,NA,NA,4.69,3.69,6.64
"WANorth","Wyndham-East Kimberley",128.210525512695,-15.3257751464844,0.2,4.01,4.78,2.93806380688096e+75,NA,NA,4.72,3.71,6.69
"NT","Roper Gulf",136.052627563477,-15.3257808685303,0.2,1.73,2.61,4.87,3.81,6.96,1.9,1.71,2.2
"QLDNorth","Kowanyama",141.526321411133,-15.3257808685303,0.2,2.86,3.93,8.6,6.13,14.11,2.06,1.86,2.38
"QLDNorth","Hope Vale",145.368423461914,-15.3257751464844,0.2,1.94,2.76,59.2,34.07,126.33,6.62,5.02,9.82
"WANorth","Wyndham-East Kimberley",124.315788269043,-15.2750148773193,0.2,5.21,5.67,24.78,15.96,45.4,3.35,2.74,4.52
"WANorth","Wyndham-East Kimberley",128.210525512695,-15.2750148773193,0.2,4.01,4.78,1.31483920341836e+110,5.7898894239563e+109,3.00188773287151e+110,4.76,3.74,6.76
"WANorth","Wyndham-East Kimberley",128.263153076172,-15.2750205993652,0.2,4.01,4.78,2.78851498073505e+46,2.40920553006172e+46,3.22883771927279e+46,4.81,3.77,6.85
"NT","Roper Gulf",136,-15.2750205993652,0.2,1.73,2.6,4.79,3.76,6.8,1.92,1.73,2.23
"QLDNorth","Kowanyama",141.578948974609,-15.2750148773193,0.2,2.86,3.93,8.62,6.14,14.14,2.06,1.86,2.38
"QLDNorth","Hope Vale",145.368423461914,-15.2750148773193,0.2,1.94,2.76,60.63,34.76,130.08,6.64,5.03,9.85
"WANorth","Wyndham-East Kimberley",124.368423461914,-15.2242431640625,0.2,5.22,5.78,19.22,12.75,33.9,2.86,2.42,3.66
"WANorth","Wyndham-East Kimberley",124.421051025391,-15.2242488861084,0.2,5.22,5.78,18.03,11.99,31.8,2.83,2.4,3.59
"WANorth","Wyndham-East Kimberley",124.473686218262,-15.2242431640625,0.2,5.23,5.67,16.54,11.13,28.69,3.34,2.76,4.43
"WANorth","Wyndham-East Kimberley",124.526313781738,-15.2242488861084,0.2,4.17,4.39,15.51,10.54,26.55,5.73,4.35,8.6
"WANorth","Wyndham-East Kimberley",124.578948974609,-15.2242431640625,0.2,4.17,4.44,14.81,10.14,25.12,4.65,3.65,6.65
"WANorth","Wyndham-East Kimberley",124.631576538086,-15.2242488861084,0.2,4.17,4.44,14.23,9.79,23.93,4.61,3.62,6.57
"WANorth","Wyndham-East Kimberley",124.684211730957,-15.2242488861084,0.2,4.18,4.35,13.67,9.47,22.79,6,4.55,8.93
"WANorth","Wyndham-East Kimberley",124.736839294434,-15.2242431640625,0.2,4.18,4.25,13.23,9.21,21.9,9.13,6.63,14.35
"WANorth","Wyndham-East Kimberley",124.789474487305,-15.2242488861084,0.2,4.18,4.26,12.92,9.02,21.26,9,6.55,14.1
"WANorth","Wyndham-East Kimberley",124.842102050781,-15.2242431640625,0.2,4.18,4.26,12.67,8.88,20.76,8.99,6.54,14.07
"WANorth","Wyndham-East Kimberley",128.210525512695,-15.2242431640625,0.2,4.01,4.77,2.55821133298356e+56,2.06086330131857e+56,3.17787809436272e+56,4.81,3.77,6.84
"WANorth","Wyndham-East Kimberley",128.263153076172,-15.2242488861084,0.2,4.01,4.77,1.22801353244138e+35,1.1014261685942e+34,1.59562169413905e+36,4.87,3.81,6.95
"NT","Roper Gulf",135.894729614258,-15.2242488861084,0.2,1.74,2.61,4.52,3.58,6.33,1.91,1.72,2.22
"NT","Roper Gulf",135.947372436523,-15.2242431640625,0.2,1.74,2.6,4.71,3.71,6.64,1.91,1.73,2.23
"QLDNorth","Kowanyama",141.578948974609,-15.2242431640625,0.2,2.85,3.92,8.9,6.31,14.73,2.07,1.86,2.39
"QLDNorth","Hope Vale",145.315795898438,-15.2242431640625,0.2,1.94,2.76,59.05,33.84,126.99,6.47,4.92,9.55
"WANorth","Wyndham-East Kimberley",124.842102050781,-15.1734647750854,0.2,4.18,4.25,12.89,9.01,21.19,9.14,6.64,14.35
"WANorth","Wyndham-East Kimberley",128.210525512695,-15.1734647750854,0.2,4.01,4.77,8.38662463907785e+31,6.56043345549886e+30,1.29623483362915e+33,4.85,3.8,6.93
"WANorth","Wyndham-East Kimberley",128.263153076172,-15.1734647750854,0.2,4.01,4.76,7.32007318306391e+26,3.37537035027001e+24,4.92694538346188e+29,4.93,3.85,7.06
"NT","Victoria Daly",129.157897949219,-15.1734647750854,0.2,4.12,4.78,46.66,25.45,113.07,3.96,3.23,5.3
"NT","Victoria Daly",129.210525512695,-15.1734647750854,0.2,4.12,4.78,44.13,24.3,105.52,3.96,3.23,5.29
"NT","Victoria Daly",129.263153076172,-15.1734647750854,0.2,4.13,4.78,39.04,22.01,89.91,3.99,3.25,5.36
"NT","Roper Gulf",135.842102050781,-15.1734647750854,0.2,1.75,2.61,4.37,3.48,6.07,1.9,1.71,2.21
"QLDNorth","Kowanyama",141.57893371582,-15.1734647750854,0.2,2.85,3.92,9.1,6.43,15.15,2.07,1.87,2.4
"QLDNorth","Cook",145.315795898438,-15.1734647750854,0.2,1.94,2.86,59,33.77,127.16,5.39,4.23,7.56
"WANorth","Wyndham-East Kimberley",124.842102050781,-15.1226682662964,0.2,4.18,4.35,13.13,9.16,21.65,6.88,5.14,10.46
"WANorth","Wyndham-East Kimberley",125.315788269043,-15.1226682662964,0.2,4.22,4.24,7.83,5.87,11.65,7.39,5.58,10.9
"WANorth","Wyndham-East Kimberley",125.36841583252,-15.1226682662964,0.2,4.23,4.24,7.66,5.76,11.37,7.23,5.48,10.63
"NT","Victoria Daly",129.105270385742,-15.1226682662964,0.2,4.12,4.79,49.23,26.34,123.67,3.82,3.13,5.07
"NT","Victoria Daly",129.263153076172,-15.1226682662964,0.2,4.12,4.78,42.67,23.68,100.63,3.97,3.23,5.31
"NT","Victoria Daly",129.578948974609,-15.1226682662964,0.2,4.12,4.78,47.28,25.9,113.42,3.98,3.24,5.33
"NT","Victoria Daly",129.631576538086,-15.1226682662964,0.2,4.12,4.78,45.16,24.94,107.05,3.95,3.22,5.27
"NT","Roper Gulf",135.684204101562,-15.1226682662964,0.2,1.75,2.63,4.41,3.49,6.19,1.88,1.7,2.19
"NT","Roper Gulf",135.736831665039,-15.1226682662964,0.2,1.75,2.62,4.47,3.54,6.28,1.89,1.71,2.2
"NT","Roper Gulf",135.789474487305,-15.1226682662964,0.2,1.75,2.61,4.48,3.55,6.27,1.9,1.72,2.21
"QLDNorth","Kowanyama",141.57893371582,-15.1226682662964,0.2,1.96,3.07,9.26,6.52,15.47,2.04,1.85,2.36
"QLDNorth","Cook",145.315795898438,-15.1226682662964,0.2,1.94,2.87,59.84,34.17,129.42,5.28,4.16,7.37
"WANorth","Wyndham-East Kimberley",124.842102050781,-15.071852684021,0.2,4.18,4.33,13.35,9.29,22.09,7.75,5.71,11.98
"WANorth","Wyndham-East Kimberley",125.263160705566,-15.0718593597412,0.2,4.21,4.23,8.59,6.4,12.88,8.14,6.1,12.12
"WANorth","Wyndham-East Kimberley",125.315788269043,-15.0718593597412,0.2,4.22,4.23,8.33,6.2,12.54,7.83,5.87,11.67
"WANorth","Wyndham-East Kimberley",125.368423461914,-15.0718593597412,0.2,4.22,4.24,7.89,5.91,11.78,7.43,5.61,10.98
"NT","Victoria Daly",129.052627563477,-15.0718593597412,0.2,4.12,4.79,43.27,23.88,103.18,3.85,3.16,5.11
"NT","Victoria Daly",129.315795898438,-15.071852684021,0.2,4.12,4.78,47.14,25.68,114.48,3.96,3.23,5.3
"NT","Victoria Daly",129.368423461914,-15.071852684021,0.2,4.12,4.78,53.15,28.39,132.9,3.91,3.2,5.21
"NT","Victoria Daly",129.421051025391,-15.0718593597412,0.2,4.12,4.78,47.26,25.8,114.25,3.91,3.2,5.21
"NT","Victoria Daly",129.473678588867,-15.071852684021,0.2,4.12,4.78,47.37,25.84,114.65,3.92,3.2,5.23
"NT","Victoria Daly",129.526321411133,-15.0718593597412,0.2,4.12,4.78,45.35,25,107.83,3.92,3.2,5.22
"NT","Victoria Daly",129.631576538086,-15.0718593597412,0.2,4.12,4.78,51.63,27.91,126.25,3.94,3.21,5.25
"NT","Roper Gulf",135.684204101562,-15.0718593597412,0.2,1.75,2.63,4.4,3.48,6.18,1.89,1.7,2.19
"QLDNorth","Kowanyama",141.631576538086,-15.0718593597412,0.2,1.96,3.06,9.08,6.42,15.08,2.03,1.84,2.34
"QLDNorth","Hope Vale",145.315795898438,-15.0718593597412,0.2,1.94,2.82,60.93,34.67,132.54,5.45,4.27,7.64
"WANorth","Wyndham-East Kimberley",124.894737243652,-15.0210380554199,0.2,4.18,4.33,13.87,9.59,23.2,8.01,5.87,12.48
"WANorth","Wyndham-East Kimberley",125.105262756348,-15.0210380554199,0.2,4.18,4.19,13.93,9.65,23.17,12.99,9.07,21.4
"WANorth","Wyndham-East Kimberley",125.157897949219,-15.0210380554199,0.2,4.18,4.2,13.22,9.23,21.74,12.22,8.63,19.78
"WANorth","Wyndham-East Kimberley",125.210517883301,-15.0210380554199,0.2,4.19,4.2,12.12,8.58,19.53,11.09,7.94,17.58
"WANorth","Wyndham-East Kimberley",125.263160705566,-15.0210380554199,0.2,4.19,4.21,10.9,7.82,17.26,9.98,7.23,15.63
"WANorth","Wyndham-East Kimberley",128.105270385742,-15.0210380554199,0.2,4.07,4.48,742.06,274.63,3074.92,7.2,5.3,11.25
"WANorth","Wyndham-East Kimberley",128.157897949219,-15.0210380554199,0.2,4.07,4.48,710.91,265.43,2904.79,7.14,5.26,11.12
"WANorth","Wyndham-East Kimberley",128.210525512695,-15.0210380554199,0.2,4.07,4.48,695.47,259.95,2840.92,7.06,5.21,10.96
"WANorth","Wyndham-East Kimberley",128.368423461914,-15.0210380554199,0.2,4.07,4.48,878.13,316.63,3778.56,6.75,5.01,10.4
"WANorth","Wyndham-East Kimberley",128.421051025391,-15.0210380554199,0.2,4.07,4.48,864.89,313.49,3687.27,6.76,5.02,10.42
"WANorth","Wyndham-East Kimberley",128.473678588867,-15.0210380554199,0.2,4.07,4.48,851.9,309.81,3612.43,6.81,5.05,10.51
"WANorth","Wyndham-East Kimberley",129,-15.0210380554199,0.2,4.13,4.8,37.63,20.96,89.3,3.76,3.1,4.95
"NT","Victoria Daly",129.631576538086,-15.0210380554199,0.2,4.12,4.78,53.74,28.97,131.57,3.93,3.21,5.23
"NT","Roper Gulf",135.526321411133,-15.0210380554199,0.2,1.76,2.63,4.11,3.28,5.75,1.89,1.7,2.19
"NT","Roper Gulf",135.57893371582,-15.0210380554199,0.2,1.76,2.63,4.2,3.34,5.88,1.89,1.71,2.2
"NT","Roper Gulf",135.631576538086,-15.0210380554199,0.2,1.75,2.62,4.31,3.41,6.05,1.91,1.72,2.22
"QLDNorth","Pormpuraaw",141.631576538086,-15.0210380554199,0.2,1.96,3.06,9.33,6.56,15.59,2.03,1.84,2.34
"QLDNorth","Hope Vale",145.368423461914,-15.0210380554199,0.2,1.93,2.81,73.88,41.08,165.58,5.76,4.48,8.17
"WANorth","Wyndham-East Kimberley",124.947364807129,-14.9702043533325,0.2,4.17,4.66,15.35,10.47,26.14,3.01,2.53,3.88
"WANorth","Wyndham-East Kimberley",125,-14.9702043533325,0.2,4.17,4.5,16.12,10.96,27.47,4.17,3.32,5.82
"WANorth","Wyndham-East Kimberley",125.052635192871,-14.9702043533325,0.2,4.17,4.18,15.09,10.41,25.17,17.75,11.76,31.62
"WANorth","Wyndham-East Kimberley",125.210517883301,-14.9702043533325,0.2,4.18,4.2,13.35,9.31,22,12.27,8.66,19.89
"WANorth","Wyndham-East Kimberley",128.105270385742,-14.9702043533325,0.2,4.07,4.48,755.71,278,3165.14,7.13,5.26,11.11
"WANorth","Wyndham-East Kimberley",128.263153076172,-14.9702043533325,0.2,4.07,4.48,852.24,306.43,3698.77,6.69,4.98,10.26
"WANorth","Wyndham-East Kimberley",128.315780639648,-14.9702043533325,0.2,4.07,4.48,846.62,304.14,3683.56,6.67,4.96,10.24
"WANorth","Wyndham-East Kimberley",128.473678588867,-14.9702043533325,0.2,4.07,4.48,864.32,314.2,3663.07,6.77,5.03,10.42
"WANorth","Wyndham-East Kimberley",128.894729614258,-14.9702043533325,0.2,4.13,4.79,36.9,20.5,88.25,3.79,3.11,5.02
"WANorth","Wyndham-East Kimberley",128.947357177734,-14.9702043533325,0.2,4.14,4.78,30.62,17.71,68.51,3.95,3.23,5.27
"NT","Victoria Daly",129.631576538086,-14.9702053070068,0.2,4.12,4.78,54.04,29.16,132.03,3.98,3.24,5.32
"NT","Roper Gulf",135.473678588867,-14.9702043533325,0.2,1.77,2.64,4,3.2,5.56,1.88,1.7,2.18
"QLDNorth","Pormpuraaw",141.631576538086,-14.9702053070068,0.2,1.96,3.06,9.59,6.71,16.13,2.04,1.84,2.35
"QLDNorth","Hope Vale",145.368423461914,-14.9702043533325,0.2,1.93,2.81,77.97,43,176.84,5.82,4.52,8.28
"WANorth","Wyndham-East Kimberley",125.210517883301,-14.9193592071533,0.2,4.17,4.19,14.25,9.84,23.84,13.49,9.35,22.47
"WANorth","Wyndham-East Kimberley",128.105270385742,-14.9193592071533,0.2,4.07,4.48,825.86,298.65,3552.8,7.13,5.25,11.1
"WANorth","Wyndham-East Kimberley",128.473678588867,-14.9193592071533,0.2,4.07,4.48,817.64,300.05,3416.66,6.62,4.93,10.13
"WANorth","Wyndham-East Kimberley",128.842102050781,-14.9193592071533,0.2,4.12,4.89,50.25,26.86,126.2,3.36,2.81,4.32
"NT","Victoria Daly",129.631576538086,-14.9193601608276,0.2,4.12,4.78,48.66,26.73,115.7,4.06,3.3,5.46
"NT","Roper Gulf",135.421051025391,-14.9193592071533,0.2,1.78,2.65,3.91,3.14,5.41,1.87,1.69,2.17
"QLDNorth","Pormpuraaw",141.57893371582,-14.9193592071533,0.2,1.95,3.05,9.82,6.85,16.65,2.04,1.84,2.35
"QLDNorth","Hope Vale",145.315795898438,-14.9193592071533,0.2,1.93,2.79,78.46,43.04,179.69,5.63,4.41,7.91
"WANorth","Wyndham-East Kimberley",125.210525512695,-14.8685026168823,0.2,4.17,4.19,14.69,10.14,24.48,14.02,9.69,23.42
"WANorth","Wyndham-East Kimberley",128.157897949219,-14.8685026168823,0.2,4.07,4.48,933.9,330.29,4157.42,6.82,5.05,10.52
"WANorth","Wyndham-East Kimberley",128.473678588867,-14.8684959411621,0.2,4.07,4.49,914.53,326.13,4010.34,6.41,4.81,9.73
"WANorth","Wyndham-East Kimberley",128.631576538086,-14.868501663208,0.2,4.07,4.56,616.97,218.61,2856.26,4.93,3.84,7.07
"WANorth","Wyndham-East Kimberley",128.684204101562,-14.868501663208,0.2,4.08,4.57,436.38,164.6,1833.47,4.82,3.77,6.87
"WANorth","Wyndham-East Kimberley",128.736846923828,-14.8684959411621,0.2,4.08,4.92,280.61,115.42,1026.98,2.87,2.44,3.64
"WANorth","Wyndham-East Kimberley",128.789474487305,-14.868501663208,0.2,4.09,5.01,195.52,86.97,629.4,2.74,2.35,3.44
"NT","Victoria Daly",129.631576538086,-14.868501663208,0.2,4.12,4.77,43.51,24.38,100.38,4.2,3.39,5.7
"NT","Roper Gulf",135.421051025391,-14.868501663208,0.2,1.78,2.65,3.88,3.12,5.36,1.88,1.7,2.19
"QLDNorth","Pormpuraaw",141.578948974609,-14.8684959411621,0.2,1.95,3.06,9.99,6.94,16.99,2.04,1.84,2.34
"QLDNorth","Hope Vale",145.210525512695,-14.8684959411621,0.2,1.93,2.84,73.52,40.56,167.3,5.43,4.28,7.57
"QLDNorth","Hope Vale",145.263153076172,-14.868501663208,0.2,1.93,2.84,75.39,41.52,171.83,5.45,4.3,7.59
"WANorth","Wyndham-East Kimberley",125.157897949219,-14.8176326751709,0.2,4.17,4.5,14.73,10.18,24.55,4.26,3.38,5.97
"WANorth","Wyndham-East Kimberley",128.210525512695,-14.8176326751709,0.2,4.07,4.51,1095.07,372.63,5200.33,6.09,4.59,9.18
"WANorth","Wyndham-East Kimberley",128.526321411133,-14.8176326751709,0.2,4.07,4.53,768.95,270.75,3522.69,5.64,4.32,8.3
"WANorth","Wyndham-East Kimberley",128.57893371582,-14.8176326751709,0.2,4.07,4.54,867.39,293.7,4265.71,5.39,4.15,7.87
"NT","West Daly",129.684204101562,-14.8176326751709,0.2,4.12,4.76,43.86,24.57,101.09,4.31,3.46,5.91
"NT","Roper Gulf",135.421051025391,-14.8176326751709,0.2,1.78,2.65,3.85,3.1,5.32,1.9,1.72,2.22
"QLDNorth","Pormpuraaw",141.57893371582,-14.8176326751709,0.2,1.95,3.05,10.25,7.1,17.56,2.04,1.84,2.35
"QLDNorth","Cook",145.105270385742,-14.8176326751709,0.2,1.94,2.83,62.8,35.49,138.03,5.55,4.35,7.78
"QLDNorth","Hope Vale",145.157897949219,-14.8176326751709,0.2,1.93,2.82,65.62,36.89,145.3,5.63,4.41,7.93
"WANorth","Wyndham-East Kimberley",125.157897949219,-14.766752243042,0.2,4.18,4.5,13.52,9.42,22.28,4.3,3.41,6.02
"WANorth","Wyndham-East Kimberley",128.210525512695,-14.7667512893677,0.2,4.07,4.52,1248.93,410.19,6305.14,5.8,4.41,8.65
"NT","West Daly",129.684204101562,-14.766752243042,0.2,4.12,4.76,46,25.59,107.09,4.3,3.46,5.87
"NT","Roper Gulf",135.421051025391,-14.766752243042,0.2,1.78,2.66,3.84,3.09,5.29,1.9,1.71,2.21
"QLDNorth","Pormpuraaw",141.526321411133,-14.766752243042,0.2,1.95,3.05,10.42,7.19,17.96,2.04,1.85,2.35
"QLDNorth","Cook",145,-14.7667512893677,0.2,1.93,2.82,75.69,41.54,173.67,5.64,4.41,7.94
"QLDNorth","Cook",145.052627563477,-14.7667512893677,0.2,1.93,2.82,72.95,40.31,165.64,5.71,4.46,8.06
"WANorth","Wyndham-East Kimberley",125.157897949219,-14.7158584594727,0.2,4.18,4.5,13.22,9.24,21.68,4.37,3.46,6.14
"WANorth","Wyndham-East Kimberley",128.210525512695,-14.7158517837524,0.2,4.06,4.54,1962.55,587.98,11489.23,5.34,4.12,7.78
"NT","West Daly",129.684204101562,-14.7158584594727,0.2,4.12,4.76,53.2,28.78,129.52,4.28,3.45,5.84
"NT","Roper Gulf",135.421051025391,-14.7158584594727,0.2,1.78,2.51,3.82,3.08,5.26,2.12,1.88,2.54
"QLDNorth","Pormpuraaw",141.526321411133,-14.7158584594727,0.2,1.95,3.06,10.53,7.25,18.19,2.04,1.84,2.34
"QLDNorth","Cook",145,-14.7158584594727,0.2,1.93,2.78,76.29,41.72,176.09,6.48,4.95,9.43
"WANorth","Wyndham-East Kimberley",125.105262756348,-14.6649532318115,0.2,4.18,4.66,13.11,9.17,21.49,3.12,2.6,4.06
"WANorth","Wyndham-East Kimberley",125.157897949219,-14.6649532318115,0.2,4.18,4.49,12.87,9.04,20.98,4.45,3.51,6.28
"WANorth","Wyndham-East Kimberley",128.210525512695,-14.6649475097656,0.2,4.07,4.55,1590.39,523.41,7807.8,5.01,3.91,7.19
"NT","West Daly",129.684204101562,-14.6649532318115,0.2,4.12,4.77,53.51,28.78,131.81,4.26,3.43,5.79
"NT","Roper Gulf",135.421051025391,-14.6649532318115,0.2,1.78,2.51,3.8,3.06,5.22,2.12,1.88,2.53
"NT","Roper Gulf",135.473678588867,-14.6649532318115,0.2,1.78,2.51,3.88,3.12,5.35,2.13,1.89,2.54
"QLDNorth","Pormpuraaw",141.526321411133,-14.6649532318115,0.2,1.95,3.07,10.64,7.31,18.41,2.04,1.84,2.35
"QLDNorth","Cook",145,-14.6649532318115,0.2,1.93,2.77,80.94,43.92,188.76,6.59,5.02,9.66
"WANorth","Wyndham-East Kimberley",125.052635192871,-14.6140356063843,0.2,4.18,4.68,13.72,9.58,22.49,3.09,2.59,4
"WANorth","Wyndham-East Kimberley",128.105270385742,-14.6140298843384,0.2,4.07,4.67,1680.38,520.03,9331.65,3.91,3.16,5.31
"WANorth","Wyndham-East Kimberley",128.157897949219,-14.6140356063843,0.2,4.06,4.66,2423.38,715.09,14329.75,3.95,3.19,5.38
"NT","West Daly",129.684204101562,-14.6140356063843,0.2,4.12,4.77,49.9,27.1,121.21,4.28,3.44,5.84
"NT","Roper Gulf",135.526321411133,-14.6140365600586,0.2,1.77,2.5,4.01,3.21,5.56,2.15,1.9,2.57
"QLDNorth","Pormpuraaw",141.526321411133,-14.6140356063843,0.2,1.95,3.07,10.74,7.37,18.64,2.04,1.85,2.35
"QLDNorth","Cook",144.947372436523,-14.6140298843384,0.2,1.93,2.67,87.06,46.81,205.58,10.96,7.59,18.6
"WANorth","Wyndham-East Kimberley",125.052635192871,-14.5631074905396,0.2,4.17,4.68,15.79,10.83,26.53,3.11,2.6,4.04
"WANorth","Wyndham-East Kimberley",128,-14.5631074905396,0.2,4.07,4.72,1686.09,526.01,9201.07,3.47,2.85,4.64
"WANorth","Wyndham-East Kimberley",128.052627563477,-14.5631074905396,0.2,4.06,4.77,2069.03,627.58,11731.87,3.23,2.69,4.23
"NT","West Daly",129.526321411133,-14.5631074905396,0.2,4.13,4.79,33.78,19.52,74.96,3.83,3.16,5.03
"NT","West Daly",129.578948974609,-14.5631074905396,0.2,4.12,4.77,45.08,24.7,108.66,4.23,3.41,5.73
"NT","West Daly",129.684204101562,-14.5631074905396,0.2,4.12,4.76,48.91,26.72,117.6,4.35,3.49,5.95
"NT","Roper Gulf",135.578948974609,-14.5631008148193,0.2,1.76,2.5,4.16,3.32,5.8,2.17,1.92,2.6
"QLDNorth","Pormpuraaw",141.526321411133,-14.5631074905396,0.2,1.95,3.07,10.85,7.44,18.89,2.05,1.85,2.36
"QLDNorth","Cook",144.842102050781,-14.5631008148193,0.2,1.93,2.62,84.43,45.88,195.8,7.21,5.5,10.48
"QLDNorth","Cook",144.894729614258,-14.5631074905396,0.2,1.93,2.62,85.66,46.43,199.38,7.47,5.66,10.95
"WANorth","Wyndham-East Kimberley",125.105255126953,-14.5121669769287,0.2,4.16,4.78,17.51,11.88,29.8,2.54,2.19,3.16
"WANorth","Wyndham-East Kimberley",125.263160705566,-14.5121669769287,0.2,4.15,4.77,21.17,13.84,38.14,2.52,2.17,3.13
"WANorth","Wyndham-East Kimberley",125.315780639648,-14.5121669769287,0.2,4.16,4.77,19.7,13.03,34.89,2.51,2.17,3.12
"WANorth","Wyndham-East Kimberley",125.36841583252,-14.5121669769287,0.2,4.16,4.77,18.51,12.37,32.29,2.51,2.16,3.11
"WANorth","Wyndham-East Kimberley",125.421051025391,-14.5121669769287,0.2,4.16,4.62,17.3,11.69,29.74,3.06,2.55,3.99
"WANorth","Wyndham-East Kimberley",125.947364807129,-14.5121669769287,0.2,4.19,4.27,11.11,7.92,17.83,7.39,5.44,11.5
"WANorth","Wyndham-East Kimberley",126,-14.5121669769287,0.2,4.19,4.27,10.97,7.83,17.55,7.39,5.44,11.49
"WANorth","Wyndham-East Kimberley",127.947364807129,-14.5121669769287,0.2,4.07,4.66,1431.59,462.21,7388.79,3.83,3.08,5.26
"NT","West Daly",129.421051025391,-14.5121669769287,0.2,4.11,4.79,87.81,43.21,247.97,4.06,3.31,5.4
"NT","West Daly",129.473678588867,-14.5121669769287,0.2,4.11,4.79,76.08,38.46,205.97,4.13,3.36,5.53
"NT","West Daly",129.631576538086,-14.5121669769287,0.2,4.12,4.75,57.66,30.82,142.75,4.4,3.52,6.05
"NT","West Daly",129.684204101562,-14.5121669769287,0.2,4.12,4.76,47.5,26.22,112.01,4.38,3.51,6.02
"NT","Roper Gulf",135.578948974609,-14.5121669769287,0.2,1.76,2.51,4.13,3.3,5.75,2.16,1.91,2.6
"QLDNorth","Pormpuraaw",141.526321411133,-14.5121669769287,0.2,1.94,3.07,10.96,7.5,19.12,2.05,1.85,2.37
"QLDNorth","Cook",144.736846923828,-14.5121669769287,0.2,1.93,2.62,85.36,46.18,199.49,7.2,5.49,10.48
"QLDNorth","Cook",144.789474487305,-14.5121669769287,0.2,1.93,2.62,84.6,45.93,196.47,7.48,5.66,10.99
"WANorth","Wyndham-East Kimberley",125.105262756348,-14.4612083435059,0.2,4.16,4.77,18.64,12.54,32.1,2.57,2.21,3.21
"WANorth","Wyndham-East Kimberley",125.263160705566,-14.4612140655518,0.2,4.15,4.77,20.74,13.64,37.01,2.54,2.19,3.16
"WANorth","Wyndham-East Kimberley",125.473686218262,-14.4612083435059,0.2,4.16,4.62,17.48,11.8,30.08,3.06,2.56,3.99
"WANorth","Wyndham-East Kimberley",125.526313781738,-14.4612140655518,0.2,4.16,4.55,17.2,11.62,29.58,3.46,2.83,4.66
"WANorth","Wyndham-East Kimberley",125.894737243652,-14.4612140655518,0.2,4.19,4.27,11.24,8,18.05,7.44,5.47,11.61
"WANorth","Wyndham-East Kimberley",126,-14.4612140655518,0.2,4.19,4.27,10.96,7.82,17.52,7.39,5.44,11.49
"WANorth","Wyndham-East Kimberley",127.947364807129,-14.4612083435059,0.2,4.07,4.66,1525.62,489.11,7940.25,3.83,3.08,5.26
"NT","West Daly",129.368423461914,-14.4612140655518,0.2,4.1,4.92,130.94,61.51,391.37,3.24,2.73,4.1
"NT","Roper Gulf",135.631576538086,-14.4612140655518,0.2,1.76,2.51,4.18,3.34,5.83,2.18,1.93,2.62
"QLDNorth","Pormpuraaw",141.526321411133,-14.4612140655518,0.2,1.94,3.07,11.08,7.57,19.38,2.05,1.85,2.37
"QLDNorth","Cook",143.842102050781,-14.4612083435059,0.2,1.95,2.28,45.05,25.92,98.17,9.23,6.68,14.6
"QLDNorth","Cook",143.894729614258,-14.4612140655518,0.2,1.95,2.28,44.91,25.85,97.83,9.23,6.67,14.6
"QLDNorth","Cook",143.947372436523,-14.4612083435059,0.2,1.95,2.28,44.65,25.71,97.19,9.2,6.65,14.54
"QLDNorth","Cook",144,-14.4612140655518,0.2,1.95,2.28,44.46,25.62,96.74,9.19,6.65,14.54
"QLDNorth","Cook",144.052627563477,-14.4612140655518,0.2,1.95,2.28,44.4,25.58,96.64,9.17,6.63,14.5
"QLDNorth","Cook",144.105270385742,-14.4612083435059,0.2,1.95,2.28,44.35,25.54,96.57,9.14,6.61,14.45
"QLDNorth","Cook",144.684204101562,-14.4612140655518,0.2,1.93,2.63,86.76,46.75,204.1,7.22,5.5,10.51
"WANorth","Wyndham-East Kimberley",125.157897949219,-14.410249710083,0.2,4.16,4.77,19.79,13.21,34.48,2.58,2.22,3.22
"WANorth","Wyndham-East Kimberley",125.210525512695,-14.4102439880371,0.2,4.16,4.77,19.51,13.03,33.97,2.57,2.21,3.2
"WANorth","Wyndham-East Kimberley",125.578948974609,-14.4102439880371,0.2,4.16,4.55,17.74,11.94,30.64,3.46,2.83,4.65
"WANorth","Wyndham-East Kimberley",125.736839294434,-14.4102439880371,0.2,4.17,4.26,16.12,10.79,28.32,8.28,5.96,13.32
"WANorth","Wyndham-East Kimberley",125.789474487305,-14.410249710083,0.2,4.17,4.26,15.16,10.27,26.18,8.24,5.94,13.24
"WANorth","Wyndham-East Kimberley",125.842102050781,-14.4102439880371,0.2,4.18,4.26,13.59,9.39,22.78,8.11,5.87,12.97
"WANorth","Wyndham-East Kimberley",125.947364807129,-14.4102439880371,0.2,4.19,4.27,11.17,7.97,17.83,7.74,5.65,12.2
"WANorth","Wyndham-East Kimberley",127.894737243652,-14.410249710083,0.2,4.06,4.67,1924.88,600.23,10373.5,3.74,3.02,5.12
"NT","West Daly",129.315795898438,-14.4102439880371,0.2,4.08,4.94,270.19,112.34,970.01,3.09,2.62,3.9
"NT","Roper Gulf",135.684204101562,-14.410249710083,0.2,1.75,2.51,4.29,3.41,6.01,2.21,1.95,2.66
"QLDNorth","Pormpuraaw",141.526321411133,-14.410249710083,0.2,1.94,3.07,11.18,7.62,19.57,2.05,1.85,2.37
"QLDNorth","Cook",143.789474487305,-14.410249710083,0.2,1.95,2.28,44.58,25.71,96.82,9.33,6.74,14.77
"QLDNorth","Cook",144.157897949219,-14.410249710083,0.2,1.95,2.28,43.83,25.27,95.35,9.06,6.56,14.32
"QLDNorth","Cook",144.631576538086,-14.410249710083,0.2,1.93,2.63,88.95,47.71,210.73,7.31,5.56,10.68
"WANorth","Wyndham-East Kimberley",125.578941345215,-14.3592748641968,0.2,4.16,4.55,18.71,12.51,32.58,3.51,2.87,4.73
"WANorth","Wyndham-East Kimberley",125.736839294434,-14.3592748641968,0.2,4.16,4.26,17.2,11.41,30.61,8.56,6.14,13.88
"WANorth","Wyndham-East Kimberley",125.947364807129,-14.3592748641968,0.2,4.18,4.26,12.44,8.74,20.32,8.11,5.87,12.94
"WANorth","Wyndham-East Kimberley",127.789474487305,-14.3592748641968,0.2,4.07,4.7,1538.25,495.17,7931.49,3.54,2.88,4.8
"NT","West Daly",129.315780639648,-14.3592748641968,0.2,4.08,4.97,365.73,144.88,1410.04,2.87,2.45,3.57
"NT","Roper Gulf",135.684204101562,-14.3592748641968,0.2,1.76,2.45,4.25,3.38,5.93,2.26,1.99,2.73
"QLDNorth","Pormpuraaw",141.526321411133,-14.3592748641968,0.2,1.94,3.07,11.27,7.68,19.76,2.06,1.86,2.38
"QLDNorth","Cook",143.789474487305,-14.3592748641968,0.2,1.95,2.28,44.69,25.76,97.1,9.36,6.76,14.81
"QLDNorth","Cook",144.157897949219,-14.3592748641968,0.2,1.95,2.28,43.74,25.24,95,9.1,6.59,14.36
"QLDNorth","Cook",144.631576538086,-14.3592748641968,0.2,1.93,2.62,89.22,47.84,211.43,7.5,5.67,11.03
"WANorth","Wyndham-East Kimberley",125.578948974609,-14.3082809448242,0.2,4.15,4.54,20.1,13.32,35.42,3.54,2.89,4.78
"WANorth","Wyndham-East Kimberley",125.736839294434,-14.3082809448242,0.2,4.16,4.25,19.79,12.86,36.31,8.98,6.39,14.71
"WANorth","Wyndham-East Kimberley",126,-14.3082866668701,0.2,4.17,4.33,15.42,10.48,26.44,6.26,4.69,9.54
"WANorth","Wyndham-East Kimberley",127.789474487305,-14.3082866668701,0.2,4.06,4.72,1911.66,598.44,10225.52,3.44,2.81,4.64
"NT","West Daly",129.368423461914,-14.3082809448242,0.2,4.09,4.97,161.34,74.37,491.46,2.85,2.44,3.54
"NT","East Arnhem",136.578948974609,-14.3082876205444,0.2,1.72,2.52,5.25,4.07,7.57,2.25,1.98,2.69
"NT","East Arnhem",136.631576538086,-14.3082876205444,0.2,1.71,2.52,5.36,4.14,7.77,2.26,1.99,2.71
"NT","East Arnhem",136.684204101562,-14.3082876205444,0.2,1.71,2.53,5.52,4.25,8.05,2.27,2,2.72
"NT","East Arnhem",136.736846923828,-14.3082876205444,0.2,1.7,2.54,5.68,4.35,8.35,2.28,2.01,2.73
"NT","East Arnhem",136.789474487305,-14.3082876205444,0.2,1.7,2.56,5.81,4.44,8.57,2.27,2,2.72
"NT","East Arnhem",136.842102050781,-14.3082876205444,0.2,1.7,2.58,6.01,4.57,8.93,2.25,1.99,2.7
"NT","East Arnhem",136.894729614258,-14.3082876205444,0.2,1.69,2.56,6.46,4.86,9.74,2.3,2.02,2.77
"NT","East Arnhem",136.947372436523,-14.3082876205444,0.2,1.67,2.62,7.21,5.34,11.11,2.25,1.99,2.7
"QLDNorth","Pormpuraaw",141.578948974609,-14.3082809448242,0.2,1.94,3.09,11.17,7.63,19.5,2.07,1.87,2.39
"QLDNorth","Cook",143.789474487305,-14.3082866668701,0.2,1.95,2.28,45.26,26.04,98.59,9.38,6.77,14.84
"QLDNorth","Cook",144.157897949219,-14.3082866668701,0.2,1.95,2.28,45.14,25.9,98.83,9.07,6.57,14.3
"QLDNorth","Cook",144.631576538086,-14.3082866668701,0.2,1.93,2.62,88.12,47.4,207.78,7.8,5.86,11.6
"WANorth","Wyndham-East Kimberley",125.578948974609,-14.2572822570801,0.2,4.15,4.54,22.29,14.56,40.07,3.54,2.89,4.78
"WANorth","Wyndham-East Kimberley",125.736839294434,-14.2572822570801,0.2,4.15,4.27,23.71,15,45.15,8.32,5.97,13.46
"WANorth","Wyndham-East Kimberley",127.736839294434,-14.2572822570801,0.2,4.06,4.72,2047.11,642.49,10820.1,3.39,2.78,4.56
"NT","West Daly",129.368423461914,-14.2572822570801,0.2,4.09,4.96,198.16,87.53,646.45,2.87,2.45,3.58
"NT","Roper Gulf",135.789474487305,-14.257287979126,0.2,1.74,2.47,4.56,3.59,6.45,2.25,1.98,2.72
"NT","East Arnhem",136.473678588867,-14.257287979126,0.2,1.73,2.51,5.01,3.91,7.17,2.24,1.98,2.68
"NT","East Arnhem",136.526321411133,-14.257287979126,0.2,1.72,2.52,5.02,3.92,7.19,2.23,1.97,2.67
"NT","East Arnhem",137,-14.257287979126,0.2,1.65,2.52,9.45,6.71,15.5,2.46,2.13,3.01
"QLDNorth","Pormpuraaw",141.578948974609,-14.2572822570801,0.2,1.94,3.09,11.32,7.72,19.82,2.08,1.87,2.4
"QLDNorth","Cook",143.736846923828,-14.2572822570801,0.2,1.94,2.28,47.08,26.93,103.47,9.42,6.8,14.91
"QLDNorth","Cook",144.157897949219,-14.257287979126,0.2,1.94,2.28,49.38,27.89,110.75,8.96,6.51,14.06
"QLDNorth","Cook",144.315795898438,-14.2572822570801,0.2,1.94,2.44,59.51,34.1,127.94,7.82,5.78,12.02
"QLDNorth","Cook",144.368423461914,-14.2572822570801,0.2,1.94,2.45,59.78,34.24,128.59,9.16,6.49,15.09
"QLDNorth","Cook",144.421051025391,-14.257287979126,0.2,1.94,2.45,59.9,34.29,128.92,9.39,6.62,15.61
"QLDNorth","Cook",144.631576538086,-14.257287979126,0.2,1.93,2.64,86.44,46.71,202.22,8.25,6.01,13
"WANorth","Wyndham-East Kimberley",125.631576538086,-14.20627784729,0.2,4.14,4.48,29.05,18.12,55.95,4.24,3.35,6.02
"WANorth","Wyndham-East Kimberley",125.684211730957,-14.20627784729,0.2,4.14,4.48,28.46,17.83,54.44,4.2,3.32,5.95
"WANorth","Wyndham-East Kimberley",126.052635192871,-14.20627784729,0.2,4.17,4.31,16,10.85,27.45,7.77,5.62,12.44
"WANorth","Wyndham-East Kimberley",126.105255126953,-14.20627784729,0.2,4.17,4.31,15.14,10.36,25.64,7.88,5.69,12.68
"WANorth","Wyndham-East Kimberley",127.684211730957,-14.20627784729,0.2,4.07,4.73,1482.08,494.81,7111.78,3.34,2.74,4.47
"NT","West Daly",129.368408203125,-14.20627784729,0.2,4.09,4.96,212.55,92.27,714.11,2.9,2.48,3.62
"NT","Roper Gulf",135.842102050781,-14.20627784729,0.2,1.74,2.49,4.5,3.56,6.35,2.24,1.97,2.69
"NT","East Arnhem",136.421051025391,-14.20627784729,0.2,1.73,2.44,4.77,3.74,6.77,2.33,2.04,2.81
"NT","East Arnhem",137,-14.20627784729,0.2,1.64,2.49,10.47,7.3,17.6,2.53,2.19,3.11
"QLDNorth","Pormpuraaw",141.57893371582,-14.20627784729,0.2,1.94,3.09,11.43,7.78,20.04,2.08,1.87,2.4
"QLDNorth","Cook",143.736846923828,-14.20627784729,0.2,1.94,2.28,47.68,27.21,105.09,9.45,6.82,14.95
"QLDNorth","Cook",144.157897949219,-14.20627784729,0.2,1.94,2.29,57.09,31.45,132.98,8.61,6.31,13.35
"QLDNorth","Cook",144.315795898438,-14.20627784729,0.2,1.94,2.45,63.21,35.86,137.93,7.69,5.71,11.71
"QLDNorth","Cook",144.421051025391,-14.20627784729,0.2,1.94,2.45,63.64,36.11,138.78,9.57,6.73,15.94
"QLDNorth","Cook",144.631576538086,-14.20627784729,0.2,1.93,2.63,83.59,45.5,193.33,8.52,6.16,13.56
"WANorth","Wyndham-East Kimberley",126.052635192871,-14.1552562713623,0.2,4.17,4.31,15.76,10.73,26.87,7.91,5.72,12.73
"WANorth","Wyndham-East Kimberley",126.105255126953,-14.1552562713623,0.2,4.17,4.31,15.35,10.49,26.04,8.05,5.79,13.01
"WANorth","Wyndham-East Kimberley",126.578948974609,-14.1552562713623,0.2,4.24,4.48,6.9,5.46,9.42,5.14,4.01,7.33
"WANorth","Wyndham-East Kimberley",126.631576538086,-14.1552562713623,0.2,4.24,4.54,6.96,5.5,9.52,4.39,3.49,6.12
"NT","West Daly",129.421051025391,-14.1552562713623,0.2,4.09,5.13,182.16,79.86,609.07,2.46,2.15,2.97
"NT","West Daly",129.473678588867,-14.1552562713623,0.2,4.09,5.13,154.05,69.56,492.35,2.43,2.13,2.93
"NT","Roper Gulf",135.894729614258,-14.1552562713623,0.2,1.75,2.5,4.38,3.48,6.12,2.22,1.96,2.66
"NT","East Arnhem",136.368408203125,-14.1552562713623,0.2,1.74,2.44,4.72,3.71,6.71,2.31,2.03,2.79
"NT","East Arnhem",136.789474487305,-14.1552562713623,0.2,1.63,2.28,11.46,7.9,19.55,2.87,2.45,3.6
"NT","East Arnhem",136.842102050781,-14.1552562713623,0.2,1.63,2.27,11.93,8.17,20.55,2.92,2.49,3.68
"NT","East Arnhem",136.894729614258,-14.1552562713623,0.2,1.63,2.27,11.94,8.17,20.61,2.96,2.51,3.75
"NT","East Arnhem",136.947357177734,-14.1552562713623,0.2,1.63,2.47,11.64,8,19.98,2.6,2.25,3.22
"QLDNorth","Pormpuraaw",141.57893371582,-14.1552562713623,0.2,1.94,3.09,11.5,7.83,20.19,2.08,1.87,2.4
"QLDNorth","Cook",143.736846923828,-14.1552562713623,0.2,1.94,2.28,49.07,27.89,108.76,9.42,6.81,14.88
"QLDNorth","Cook",144.210525512695,-14.1552562713623,0.2,1.93,2.3,73.59,39.53,176.36,8.45,6.21,12.99
"QLDNorth","Cook",144.263153076172,-14.1552562713623,0.2,1.93,2.41,74.06,40.35,172.6,6.72,5.16,9.68
"QLDNorth","Cook",144.526321411133,-14.1552562713623,0.2,1.93,2.58,81.19,44.36,186.93,8.95,6.4,14.52
"QLDNorth","Cook",144.57893371582,-14.1552562713623,0.2,1.93,2.63,85.3,46.21,198.89,8.69,6.25,13.95
"WANorth","Wyndham-East Kimberley",126,-14.1042222976685,0.2,4.16,4.31,19.15,12.66,34.04,7.8,5.65,12.5
"WANorth","Wyndham-East Kimberley",126.263160705566,-14.1042222976685,0.2,4.16,4.37,18.2,12.26,31.34,5.81,4.51,8.3
"WANorth","Wyndham-East Kimberley",126.315788269043,-14.1042165756226,0.2,4.16,4.37,18.04,12.16,31.03,5.77,4.48,8.23
"WANorth","Wyndham-East Kimberley",126.526313781738,-14.1042222976685,0.2,4.23,4.48,7.37,5.77,10.2,5.16,4.03,7.36
"WANorth","Wyndham-East Kimberley",126.684211730957,-14.1042222976685,0.2,4.23,4.54,7.46,5.82,10.35,4.37,3.47,6.09
"WANorth","Wyndham-East Kimberley",127.578948974609,-14.1042165756226,0.2,4.07,4.68,855.78,314.78,3544.53,3.45,2.82,4.64
"NT","West Daly",129.473678588867,-14.1042165756226,0.2,4.09,5.13,166.7,74.86,534.61,2.44,2.14,2.95
"NT","Roper Gulf",135.947372436523,-14.1042165756226,0.2,1.75,2.5,4.43,3.52,6.19,2.2,1.95,2.63
"NT","East Arnhem",136.368423461914,-14.1042165756226,0.2,1.74,2.45,4.67,3.68,6.63,2.3,2.03,2.78
"NT","East Arnhem",136.789474487305,-14.1042222976685,0.2,1.63,2.29,11.61,7.99,19.89,2.86,2.44,3.59
"QLDNorth","Aurukun",141.578948974609,-14.1042222976685,0.2,1.94,3.09,11.65,7.91,20.5,2.08,1.88,2.4
"QLDNorth","Cook",143.736846923828,-14.1042165756226,0.2,1.94,2.28,49.93,28.31,111.07,9.36,6.78,14.71
"WANorth","Wyndham-East Kimberley",125.947364807129,-14.0531711578369,0.2,4.14,4.48,25.89,16.4,48.81,4.3,3.4,6.09
"WANorth","Wyndham-East Kimberley",126.263160705566,-14.0531768798828,0.2,4.16,4.37,19.26,12.87,33.52,5.88,4.55,8.41
"WANorth","Wyndham-East Kimberley",126.315788269043,-14.0531711578369,0.2,4.16,4.37,19.31,12.89,33.63,5.86,4.54,8.39
"WANorth","Wyndham-East Kimberley",126.526313781738,-14.0531768798828,0.2,4.22,4.48,7.71,5.99,10.79,5.14,4.02,7.31
"WANorth","Wyndham-East Kimberley",126.684211730957,-14.0531768798828,0.2,4.22,4.54,7.97,6.16,11.23,4.39,3.49,6.13
"WANorth","Wyndham-East Kimberley",127.526313781738,-14.0531768798828,0.2,4.08,4.67,431.39,178.37,1499.46,3.63,2.94,4.96
"NT","West Daly",129.526321411133,-14.0531768798828,0.2,4.09,5.22,229.14,98.7,776.6,2.19,1.95,2.59
"NT","West Daly",129.578948974609,-14.0531711578369,0.2,4.09,5.23,180.47,80.92,575.96,2.16,1.92,2.54
"NT","Roper Gulf",135.947372436523,-14.0531711578369,0.2,1.75,2.08,4.38,3.49,6.11,2.94,2.48,3.79
"NT","East Arnhem",136.368423461914,-14.0531711578369,0.2,1.74,2.06,4.64,3.65,6.57,3.02,2.53,3.92
"NT","East Arnhem",136.789474487305,-14.0531768798828,0.2,1.63,2.29,11.6,7.98,19.87,2.86,2.44,3.59
"QLDNorth","Aurukun",141.526321411133,-14.0531768798828,0.2,1.94,3.09,11.6,7.88,20.39,2.08,1.88,2.41
"QLDNorth","Cook",143.684204101562,-14.0531768798828,0.2,1.94,2.41,56.21,31.17,129.34,6.51,5.07,9.17
"WANorth","Wyndham-East Kimberley",125.947364807129,-14.0021152496338,0.2,4.14,4.57,30.11,18.68,58.48,3.73,3.02,5.08
"WANorth","Wyndham-East Kimberley",126.263160705566,-14.0021209716797,0.2,4.15,4.37,21.44,14.12,38.07,6.03,4.65,8.68
"WANorth","Wyndham-East Kimberley",126.368423461914,-14.0021152496338,0.2,4.15,4.37,21.8,14.33,38.83,5.94,4.59,8.54
"WANorth","Wyndham-East Kimberley",126.526313781738,-14.0021209716797,0.2,4.21,4.49,8.54,6.53,12.23,5.2,4.05,7.42
"WANorth","Wyndham-East Kimberley",126.736839294434,-14.0021152496338,0.2,4.21,4.55,9.44,7.1,13.85,4.3,3.43,5.99
"WANorth","Wyndham-East Kimberley",127.526313781738,-14.0021209716797,0.2,4.08,4.84,273.66,122.77,840.47,2.96,2.49,3.81
"NT","West Daly",129.631576538086,-14.0021209716797,0.2,3.98,5.14,205.09,90.7,665.03,2.09,1.87,2.45
"NT","Roper Gulf",135.947372436523,-14.0021152496338,0.2,1.75,2.09,4.33,3.45,6.02,2.9,2.45,3.72
"NT","East Arnhem",136.368423461914,-14.0021152496338,0.2,1.74,2.06,4.68,3.68,6.64,3,2.52,3.89
"NT","East Arnhem",136.789474487305,-14.0021209716797,0.2,1.63,2.33,11.34,7.83,19.28,2.93,2.48,3.74
"QLDNorth","Aurukun",141.473678588867,-14.0021209716797,0.2,1.94,3.09,11.79,7.99,20.84,2.1,1.89,2.43
"QLDNorth","Aurukun",141.526321411133,-14.0021209716797,0.2,1.94,3.09,11.8,8,20.84,2.09,1.88,2.42
"QLDNorth","Cook",143.684204101562,-14.0021209716797,0.2,1.94,2.7,59.89,32.8,140.58,5.83,4.62,7.99
"WANorth","Wyndham-East Kimberley",126,-13.9510526657104,0.2,4.12,4.62,43.1,25.04,92.47,3.41,2.81,4.55
"WANorth","Wyndham-East Kimberley",126.210525512695,-13.9510469436646,0.2,4.14,4.36,29.61,18.83,54.9,6.41,4.89,9.4
"WANorth","Wyndham-East Kimberley",126.421051025391,-13.9510526657104,0.2,4.16,4.49,19.55,13.11,33.75,4.96,3.89,7.03
"WANorth","Wyndham-East Kimberley",126.473686218262,-13.9510469436646,0.2,4.17,4.49,14.78,10.35,24.01,5.11,3.98,7.29
"WANorth","Wyndham-East Kimberley",126.736839294434,-13.9510469436646,0.2,4.2,4.55,10.33,7.65,15.49,4.33,3.44,6.05
"WANorth","Wyndham-East Kimberley",127.473686218262,-13.9510469436646,0.2,4.1,4.92,94.63,49.73,232.06,2.7,2.31,3.38
"NT","West Daly",129.684204101562,-13.9510526657104,0.2,3.97,5.13,430.12,165.84,1726.79,2.09,1.87,2.44
"NT","Roper Gulf",135.947372436523,-13.9510536193848,0.2,1.76,2.1,4.22,3.38,5.84,2.86,2.42,3.65
"NT","East Arnhem",136.368423461914,-13.9510469436646,0.2,1.73,2.06,4.95,3.86,7.11,3.01,2.53,3.89
"NT","East Arnhem",136.842102050781,-13.9510536193848,0.2,1.63,2.33,11.36,7.85,19.31,2.94,2.49,3.75
NA,"Aurukun",141.421051025391,-13.9510526657104,0.2,1.94,3.09,11.34,7.73,19.86,2.1,1.89,2.43
"QLDNorth","Cook",143.631576538086,-13.9510526657104,0.2,1.86,2.63,65.49,35.2,158.43,5.97,4.72,8.21
"WANorth","Wyndham-East Kimberley",126.052635192871,-13.8999738693237,0.2,4.12,4.68,51.9,29.54,114.16,3.31,2.75,4.33
"WANorth","Wyndham-East Kimberley",126.105262756348,-13.8999681472778,0.2,4.12,4.6,49.37,28.73,104.47,3.78,3.07,5.12
"WANorth","Wyndham-East Kimberley",126.157897949219,-13.8999738693237,0.2,4.13,4.61,39.55,24.06,78.16,3.8,3.09,5.15
"WANorth","Wyndham-East Kimberley",126.736839294434,-13.8999681472778,0.2,4.19,4.56,11.26,8.2,17.32,4.32,3.43,6.03
"WANorth","Wyndham-East Kimberley",127.368423461914,-13.8999681472778,0.2,4.15,4.81,21.84,14,40.84,3.01,2.52,3.9
"WANorth","Wyndham-East Kimberley",127.421051025391,-13.8999738693237,0.2,4.14,4.81,30.49,18.67,60.66,3.05,2.55,3.96
"NT","West Daly",129.684204101562,-13.8999738693237,0.2,3.97,5.12,503.33,190.34,2071.39,2.1,1.88,2.46
"NT","Roper Gulf",136,-13.8999738693237,0.2,1.76,2.1,4.22,3.37,5.83,2.84,2.41,3.62
"NT","East Arnhem",136.368423461914,-13.8999681472778,0.2,1.7,2.04,5.68,4.34,8.37,3.14,2.62,4.09
"NT","East Arnhem",136.894729614258,-13.8999738693237,0.2,1.63,2.42,11.57,7.98,19.76,2.85,2.42,3.61
"QLDNorth","Aurukun",141.421051025391,-13.8999738693237,0.2,1.94,3.1,11.09,7.59,19.3,2.1,1.89,2.43
"QLDNorth","Cook",143.631576538086,-13.8999738693237,0.2,1.86,2.63,69.87,37.16,171.56,6.06,4.78,8.36
"WANorth","Wyndham-East Kimberley",126.736839294434,-13.8488836288452,0.2,4.19,4.57,12.07,8.64,19.05,4.26,3.4,5.92
"WANorth","Wyndham-East Kimberley",127.105262756348,-13.8488836288452,0.2,4.24,4.88,6.82,5.2,9.94,2.86,2.42,3.62
"WANorth","Wyndham-East Kimberley",127.157897949219,-13.8488836288452,0.2,4.24,4.89,6.94,5.27,10.19,2.87,2.43,3.64
"WANorth","Wyndham-East Kimberley",127.210517883301,-13.8488836288452,0.2,4.23,4.9,7.15,5.4,10.6,2.83,2.4,3.59
"WANorth","Wyndham-East Kimberley",127.263160705566,-13.8488836288452,0.2,4.23,5.02,7.31,5.5,10.9,2.58,2.23,3.2
"WANorth","Wyndham-East Kimberley",127.315780639648,-13.8488836288452,0.2,4.22,4.93,8.42,6.19,12.98,2.71,2.31,3.41
"NT","West Daly",129.684204101562,-13.8488836288452,0.2,3.97,5.12,507.57,193.51,2051.46,2.11,1.89,2.48
"NT","Roper Gulf",136.052627563477,-13.8488836288452,0.2,1.76,2.11,4.2,3.36,5.81,2.82,2.39,3.58
"NT","East Arnhem",136.105255126953,-13.8488836288452,0.2,1.76,2.1,4.25,3.39,5.89,2.83,2.4,3.61
"NT","East Arnhem",136.157897949219,-13.8488836288452,0.2,1.75,2.1,4.3,3.43,5.97,2.86,2.42,3.65
"NT","East Arnhem",136.210525512695,-13.8488836288452,0.2,1.75,2.09,4.35,3.46,6.05,2.91,2.46,3.73
"NT","East Arnhem",136.263153076172,-13.8488836288452,0.2,1.73,2.06,4.98,3.88,7.13,3.01,2.53,3.89
"NT","East Arnhem",136.368408203125,-13.8488836288452,0.2,1.67,1.99,7.34,5.42,11.38,3.67,2.99,4.93
"NT","East Arnhem",136.947372436523,-13.8488836288452,0.2,1.62,2.48,12.4,8.46,21.51,2.78,2.38,3.5
"QLDNorth","Aurukun",141.473678588867,-13.8488836288452,0.2,1.95,3.11,10.22,7.1,17.38,2.07,1.87,2.4
"QLDNorth","Cook",143.578948974609,-13.8488836288452,0.2,1.86,2.63,74.1,39.23,182.73,6.06,4.78,8.35
"WANorth","Wyndham-East Kimberley",126.736839294434,-13.797776222229,0.2,4.18,4.66,12.78,9.04,20.56,3.77,3.08,5.04
"WANorth","Wyndham-East Kimberley",127.052635192871,-13.7977819442749,0.2,4.24,4.91,6.89,5.25,10.04,2.83,2.41,3.57
"NT","West Daly",129.684204101562,-13.7977819442749,0.2,3.97,5.11,505.9,194.12,2018.11,2.14,1.91,2.51
"NT","East Arnhem",136.315795898438,-13.797776222229,0.2,1.64,1.96,10.11,7.11,16.75,4.05,3.28,5.47
"NT","East Arnhem",136.736846923828,-13.797776222229,0.2,1.63,2.33,12.03,8.28,20.51,3.25,2.73,4.18
"NT","East Arnhem",136.789474487305,-13.7977819442749,0.2,1.63,2.33,12.28,8.42,21.06,3.24,2.72,4.15
"NT","East Arnhem",136.947372436523,-13.797776222229,0.2,1.62,2.46,12.79,8.68,22.32,2.86,2.44,3.61
"QLDNorth","Aurukun",141.473678588867,-13.797776222229,0.2,1.95,3.1,10.34,7.17,17.62,2.08,1.87,2.41
"QLDNorth","Cook",143.578948974609,-13.797776222229,0.2,1.86,2.63,71.26,38.11,172.75,6.15,4.84,8.5
"WANorth","Wyndham-East Kimberley",126.789474487305,-13.7466697692871,0.2,4.19,4.7,10.84,7.86,16.86,3.62,2.99,4.77
"WANorth","Wyndham-East Kimberley",126.842102050781,-13.7466697692871,0.2,4.2,4.84,10.07,7.36,15.47,3.15,2.66,4.02
"WANorth","Wyndham-East Kimberley",127,-13.7466697692871,0.2,4.24,4.88,6.97,5.32,10.13,2.89,2.46,3.63
"NT","West Daly",129.736831665039,-13.7466697692871,0.2,3.98,5.1,341.29,142.05,1194.96,2.13,1.9,2.5
"NT","East Arnhem",136.315795898438,-13.7466697692871,0.2,1.63,1.97,11.12,7.76,18.57,4.12,3.34,5.55
"NT","East Arnhem",136.473678588867,-13.7466697692871,0.2,1.61,2.03,14.59,9.75,25.96,4.08,3.31,5.51
"NT","East Arnhem",136.736846923828,-13.7466697692871,0.2,1.62,2.25,12.57,8.59,21.65,3.07,2.61,3.86
"NT","East Arnhem",136.947372436523,-13.7466697692871,0.2,1.62,2.45,12.56,8.56,21.76,2.94,2.49,3.71
"QLDNorth","Aurukun",141.473678588867,-13.7466697692871,0.2,1.95,3.1,10.35,7.18,17.64,2.08,1.87,2.41
"QLDNorth","Cook",143.578948974609,-13.7466697692871,0.2,1.86,2.72,69.02,37.28,164.46,9.15,6.52,14.88
"WANorth","Wyndham-East Kimberley",126.894737243652,-13.6955451965332,0.2,4.23,4.92,7.49,5.71,10.84,2.9,2.47,3.64
"WANorth","Wyndham-East Kimberley",126.947364807129,-13.6955451965332,0.2,4.24,4.96,6.95,5.34,9.97,2.78,2.38,3.47
"NT","West Daly",129.736831665039,-13.6955451965332,0.2,3.98,5.09,267.67,118.33,847.87,2.14,1.91,2.52
"NT","Roper Gulf",135.894729614258,-13.6955451965332,0.2,1.62,1.96,13.21,8.94,23.1,4.39,3.52,6.01
"NT","Roper Gulf",135.947357177734,-13.6955451965332,0.2,1.62,1.96,13.67,9.21,24.11,4.41,3.53,6.04
"NT","Roper Gulf",136,-13.6955451965332,0.2,1.62,1.96,14.06,9.42,24.98,4.36,3.5,5.96
"NT","Roper Gulf",136.052627563477,-13.6955451965332,0.2,1.61,1.96,14.62,9.74,26.18,4.31,3.47,5.88
"NT","East Arnhem",136.105255126953,-13.6955451965332,0.2,1.61,1.96,15.09,10,27.2,4.31,3.47,5.88
"NT","East Arnhem",136.157897949219,-13.6955451965332,0.2,1.61,1.96,15.34,10.15,27.75,4.29,3.45,5.86
"NT","East Arnhem",136.315795898438,-13.6955451965332,0.2,1.62,1.97,13.14,8.92,22.84,4.21,3.4,5.7
"NT","East Arnhem",136.526321411133,-13.6955451965332,0.2,1.62,2.02,13.64,9.22,23.84,4.19,3.39,5.68
"NT","East Arnhem",136.57893371582,-13.6955451965332,0.2,1.62,2.03,13.39,9.09,23.23,4.15,3.36,5.6
"NT","East Arnhem",136.736846923828,-13.6955451965332,0.2,1.62,2.24,13.5,9.12,23.68,3.19,2.7,4.03
"NT","East Arnhem",136.842102050781,-13.6955451965332,0.2,1.62,2.37,14.16,9.46,25.25,2.95,2.52,3.66
"NT","East Arnhem",136.894729614258,-13.6955451965332,0.2,1.62,2.36,13.96,9.35,24.83,3.01,2.57,3.76
"QLDNorth","Aurukun",141.473678588867,-13.6955451965332,0.2,1.95,3.1,10.23,7.11,17.35,2.08,1.87,2.4
"QLDNorth","Cook",143.578948974609,-13.6955451965332,0.2,1.86,2.72,67.92,36.92,160.09,9.35,6.63,15.36
"NT","West Daly",129.736846923828,-13.6444044113159,0.2,3.99,5.08,165.37,81.08,444.42,2.15,1.92,2.53
"NT","Roper Gulf",135.894729614258,-13.6444101333618,0.2,1.62,1.96,13.2,8.94,23.1,4.38,3.51,5.99
"NT","East Arnhem",136.210525512695,-13.6444044113159,0.2,1.61,1.96,14.8,9.87,26.44,4.41,3.53,6.03
"NT","East Arnhem",136.263153076172,-13.6444101333618,0.2,1.62,1.96,14.18,9.53,25.04,4.37,3.51,5.96
"NT","East Arnhem",136.631576538086,-13.6444101333618,0.2,1.62,2.12,13.61,9.22,23.75,3.79,3.13,4.96
"NT","East Arnhem",136.684204101562,-13.6444101333618,0.2,1.62,2.23,13.62,9.21,23.81,3.37,2.83,4.3
"QLDNorth","Aurukun",141.473678588867,-13.6444044113159,0.2,1.95,3.11,10.02,7,16.87,2.07,1.87,2.39
"QLDNorth","Cook",143.578948974609,-13.6444101333618,0.2,1.87,2.72,63.07,34.79,145.25,9.44,6.67,15.6
"NT","West Daly",129.789474487305,-13.5932636260986,0.2,4,5.1,96.71,51.57,230.19,2.12,1.89,2.48
"NT","Roper Gulf",135.894729614258,-13.5932636260986,0.2,1.62,1.96,13.33,9.01,23.38,4.38,3.51,6
"QLDNorth","Aurukun",141.473678588867,-13.5932588577271,0.2,1.95,3.11,9.69,6.81,16.13,2.06,1.86,2.38
"QLDNorth","Cook",143.631576538086,-13.5932636260986,0.2,1.87,2.7,61.74,34.73,137.16,11.9,8.03,21.16
"NT","West Daly",129.789474487305,-13.542106628418,0.2,4,5.07,88.33,47.78,206,2.15,1.92,2.53
"NT","Roper Gulf",135.894729614258,-13.542106628418,0.2,1.62,1.96,13.49,9.1,23.71,4.39,3.52,6.02
"QLDNorth","Aurukun",141.526321411133,-13.542106628418,0.2,1.98,3.31,7.71,5.65,12.04,1.86,1.71,2.11
"QLDNorth","Cook",143.631576538086,-13.542106628418,0.2,1.87,2.7,59.43,33.89,129,12.09,8.13,21.61
"NT","West Daly",129.842102050781,-13.4909381866455,0.2,4,4.91,86.59,46.17,207.85,2.4,2.1,2.88
"NT","West Daly",129.894729614258,-13.4909381866455,0.2,4.01,4.89,73.76,40,173.51,2.43,2.13,2.92
"NT","West Daly",129.947357177734,-13.4909381866455,0.2,4.01,4.78,58.4,32.7,131.46,2.73,2.35,3.37
"NT","West Daly",130,-13.4909381866455,0.2,4.02,4.77,49.44,28.37,107.5,2.75,2.36,3.41
"NT","West Daly",130.052627563477,-13.4909381866455,0.2,4.02,4.76,45.06,26.21,96.08,2.75,2.36,3.4
"NT","Roper Gulf",135.894729614258,-13.4909391403198,0.2,1.62,2.1,13.65,9.2,24.05,4.79,3.76,6.78
"QLDNorth","Aurukun",141.578948974609,-13.4909381866455,0.2,1.99,3.33,6.86,5.13,10.43,1.84,1.68,2.07
"QLDNorth","Cook",143.631576538086,-13.4909391403198,0.2,1.86,2.7,65.57,36.87,145.14,12.14,8.16,21.72
"NT","West Daly",130.105270385742,-13.4397535324097,0.2,4.02,4.76,43.6,25.45,92.61,2.75,2.37,3.41
"NT","Roper Gulf",135.894729614258,-13.4397592544556,0.2,1.62,2.1,13.89,9.33,24.55,4.86,3.81,6.91
"QLDNorth","Aurukun",141.578948974609,-13.4397535324097,0.2,1.99,3.33,7.05,5.24,10.78,1.84,1.69,2.08
"QLDNorth","Cook",143.631576538086,-13.4397592544556,0.2,1.86,2.7,68.86,38.44,154,12.13,8.16,21.69
"NT","West Daly",130.157897949219,-13.3885688781738,0.2,4.02,4.75,40.9,24.13,85.54,2.75,2.37,3.41
"NT","East Arnhem",135.894729614258,-13.3885688781738,0.2,1.62,2.1,14.17,9.49,25.15,4.92,3.85,7.01
"QLDNorth","Aurukun",141.578948974609,-13.3885688781738,0.2,1.99,3.34,7.1,5.27,10.87,1.84,1.68,2.08
"QLDNorth","Lockhart River",143.631576538086,-13.3885688781738,0.2,1.86,2.7,72.67,40.23,164.46,12.2,8.2,21.83
"NT","West Daly",130.210525512695,-13.3373680114746,0.2,4.02,4.75,40.14,23.71,83.8,2.74,2.35,3.39
"NT","West Daly",130.263153076172,-13.3373680114746,0.2,4.02,4.75,38.54,22.89,79.89,2.72,2.34,3.37
"NT","East Arnhem",135.894729614258,-13.3373680114746,0.2,1.61,2.1,14.39,9.62,25.63,4.97,3.88,7.09
"QLDNorth","Aurukun",141.631576538086,-13.3373680114746,0.2,2,3.36,6.43,4.86,9.62,1.81,1.66,2.05
"QLDNorth","Lockhart River",143.578948974609,-13.3373680114746,0.2,1.86,2.68,76,41.73,174.17,11.2,7.65,19.57
"NT","Unincorporated NT",130.263153076172,-13.2861557006836,0.2,4.02,4.75,40.01,23.63,83.59,2.73,2.35,3.38
"NT","East Arnhem",135.894729614258,-13.2861557006836,0.2,1.61,2.11,14.45,9.66,25.76,5,3.91,7.16
"NT","East Arnhem",135.947357177734,-13.2861557006836,0.2,1.61,2.11,14.76,9.83,26.44,4.96,3.88,7.07
"NT","East Arnhem",136,-13.2861557006836,0.2,1.61,2.1,15.03,9.98,27.03,4.92,3.85,6.99
"NT","East Arnhem",136.052627563477,-13.2861557006836,0.2,1.61,2.1,15.29,10.12,27.6,4.89,3.84,6.93
"NT","East Arnhem",136.105255126953,-13.2861557006836,0.2,1.61,2.1,15.38,10.18,27.78,4.86,3.82,6.87
"NT","East Arnhem",136.157897949219,-13.2861557006836,0.2,1.61,2.1,15.08,10.03,27.02,4.87,3.83,6.89
"NT","East Arnhem",136.210525512695,-13.2861557006836,0.2,1.61,2.1,14.97,9.98,26.69,4.91,3.85,6.96
"NT","East Arnhem",136.368408203125,-13.2861557006836,0.2,1.62,2.12,13.94,9.41,24.44,4.82,3.78,6.85
"NT","East Arnhem",136.421051025391,-13.2861557006836,0.2,1.62,2.11,13.39,9.1,23.2,4.92,3.85,7.03
"QLDNorth","Aurukun",141.631576538086,-13.2861557006836,0.2,1.99,3.34,6.68,5.01,10.11,1.83,1.68,2.08
"QLDNorth","Cook",143.578948974609,-13.2861557006836,0.2,1.86,2.68,75.51,41.48,172.96,11.16,7.63,19.45
"NT","Unincorporated NT",130.210525512695,-13.2349328994751,0.2,4.02,4.75,44.03,25.67,93.65,2.75,2.37,3.42
"NT","East Arnhem",136.263153076172,-13.2349328994751,0.2,1.61,2.1,15.51,10.3,27.81,4.87,3.82,6.91
"NT","East Arnhem",136.315780639648,-13.2349328994751,0.2,1.61,2.14,15.43,10.25,27.64,4.56,3.61,6.4
"NT","East Arnhem",136.473678588867,-13.2349328994751,0.2,1.62,2.17,13.86,9.38,24.13,4.61,3.63,6.52
"QLDNorth","Cook",141.631576538086,-13.2349328994751,0.2,1.99,3.29,6.97,5.19,10.67,1.88,1.71,2.14
"QLDNorth","Cook",143.578948974609,-13.2349328994751,0.2,1.86,2.68,75.89,41.66,173.98,11.21,7.66,19.56
"NT","Unincorporated NT",130.157897949219,-13.1836996078491,0.2,4.01,4.75,50.92,29.09,111.37,2.76,2.38,3.43
"NT","East Arnhem",136.526321411133,-13.1836986541748,0.2,1.61,2.2,15.04,10.03,26.83,4.51,3.56,6.37
NA,"Cook",141.578948974609,-13.1836938858032,0.2,1.98,3.28,7.53,5.53,11.76,1.9,1.73,2.17
"NT","Unincorporated NT",130.105255126953,-13.1324548721313,0.2,4.01,4.96,69.03,37.82,160.02,2.31,2.04,2.75
"NT","East Arnhem",136.526321411133,-13.1324548721313,0.2,1.61,2.15,15.45,10.25,27.74,4.81,3.76,6.91
"QLDNorth","Cook",141.578948974609,-13.1324548721313,0.2,1.98,3.28,7.79,5.68,12.28,1.9,1.73,2.17
"QLDNorth","Cook",143.578948974609,-13.1324548721313,0.2,1.86,2.68,79.6,43.55,183,11.4,7.77,19.95
"NT","Unincorporated NT",130.105255126953,-13.0811996459961,0.2,4,4.97,82.84,44.32,198.24,2.31,2.04,2.75
"NT","East Arnhem",136.578948974609,-13.0811996459961,0.2,1.61,2.15,16.06,10.59,29.14,4.85,3.79,6.95
"QLDNorth","Cook",141.578948974609,-13.0811996459961,0.2,1.97,3.22,8.05,5.84,12.81,1.95,1.77,2.24
"QLDNorth","Lockhart River",143.578948974609,-13.0811996459961,0.2,1.86,2.68,79.16,43.29,182.24,11.48,7.82,20.13
"NT","Unincorporated NT",130.105255126953,-13.0299339294434,0.2,4,5,98.68,51.65,243.1,2.31,2.04,2.74
"NT","East Arnhem",136.578948974609,-13.0299339294434,0.2,2.2,2.75,16.34,10.76,29.65,4.85,3.79,6.96
"QLDNorth","Cook",141.578948974609,-13.0299339294434,0.2,1.97,3.22,8.27,5.97,13.25,1.95,1.77,2.25
"QLDNorth","Lockhart River",143.578948974609,-13.0299339294434,0.2,1.86,2.72,79.69,43.56,183.51,9.98,6.96,16.87
"NT","Unincorporated NT",130.105270385742,-12.9786520004272,0.2,4,5,112.56,57.82,284.65,2.29,2.03,2.72
"QLDNorth","Cook",141.578948974609,-12.9786520004272,0.2,1.97,3.22,8.52,6.12,13.76,1.96,1.78,2.26
"QLDNorth","Lockhart River",143.578948974609,-12.9786520004272,0.2,1.86,2.73,79.5,43.48,182.93,8.67,6.22,13.98
"NT","Unincorporated NT",130.105270385742,-12.9273643493652,0.2,3.99,4.98,121.22,61.61,311.12,2.33,2.06,2.77
"NT","East Arnhem",136.631576538086,-12.9273700714111,0.2,2.19,2.79,18.21,11.86,33.48,5.24,4.04,7.66
"QLDNorth","Cook",141.578948974609,-12.9273643493652,0.2,1.96,3.21,8.83,6.31,14.38,1.97,1.78,2.26
"QLDNorth","Lockhart River",143.578948974609,-12.9273643493652,0.2,1.86,2.73,78.75,43.15,180.72,8.55,6.16,13.71
"NT","Unincorporated NT",130.157897949219,-12.876072883606,0.2,3.99,4.95,116.8,59.81,296.3,2.35,2.07,2.81
"NT","Unincorporated NT",130.210525512695,-12.876072883606,0.2,4,4.96,105.66,54.93,262.38,2.33,2.06,2.78
"NT","Unincorporated NT",130.263153076172,-12.876072883606,0.2,4,4.96,97.58,51.34,238.25,2.31,2.04,2.75
"NT","Unincorporated NT",130.315780639648,-12.876072883606,0.2,4,4.96,90.96,48.39,218.54,2.3,2.03,2.73
"NT","East Arnhem",136.578948974609,-12.876072883606,0.2,2.19,2.74,18.82,12.22,34.71,5.64,4.3,8.39
"QLDNorth","Cook",141.631576538086,-12.876072883606,0.2,1.97,3.23,8.46,6.08,13.65,1.95,1.77,2.24
"QLDNorth","Lockhart River",143.578948974609,-12.876072883606,0.2,1.86,2.73,76.66,42.17,174.93,8.37,6.05,13.32
"NT","Unincorporated NT",130.315780639648,-12.824764251709,0.2,4,4.96,92.15,48.94,221.9,2.31,2.04,2.76
"NT","East Arnhem",136.578948974609,-12.824764251709,0.2,2.19,2.7,18.97,12.31,35.01,6.08,4.57,9.21
"QLDNorth","Cook",141.684204101562,-12.824764251709,0.2,1.97,3.25,8.15,5.89,13.06,1.93,1.76,2.22
"QLDNorth","Lockhart River",143.421051025391,-12.824764251709,0.2,1.86,2.61,70.14,38.71,160.14,7.62,5.7,11.42
"QLDNorth","Lockhart River",143.473678588867,-12.824764251709,0.2,1.86,2.76,72.35,39.88,165.14,6.44,4.91,9.42
"QLDNorth","Lockhart River",143.526321411133,-12.824764251709,0.2,1.86,2.76,73.28,40.47,166.52,6.58,5.01,9.68
"NT","Unincorporated NT",130.315795898438,-12.7734403610229,0.2,4,4.95,93.52,49.57,225.8,2.33,2.05,2.77
"NT","East Arnhem",136.631576538086,-12.7734460830688,0.2,2.19,2.71,18.29,11.94,33.41,6.05,4.55,9.16
"QLDNorth","Aurukun",141.736846923828,-12.7734403610229,0.2,1.98,3.26,7.76,5.65,12.29,1.91,1.74,2.18
"QLDNorth","Lockhart River",143.421051025391,-12.7734460830688,0.2,1.86,2.61,68.76,38.04,156.45,7.61,5.69,11.43
"NT","Unincorporated NT",130.315795898438,-12.7221117019653,0.2,4,4.94,92.13,48.81,222.91,2.33,2.06,2.78
"NT","East Arnhem",136.684204101562,-12.7221174240112,0.2,2.19,2.71,18.81,12.22,34.64,6.13,4.61,9.29
"QLDNorth","Aurukun",141.736846923828,-12.7221117019653,0.2,1.97,3.26,8.02,5.8,12.81,1.91,1.74,2.19
"QLDNorth","Cook",143.421051025391,-12.7221174240112,0.2,1.86,2.61,67.86,37.6,154.12,7.61,5.69,11.43
"NT","Unincorporated NT",130.315780639648,-12.6707773208618,0.2,4,4.93,85.17,45.63,202.79,2.34,2.07,2.8
"NT","East Arnhem",136.736846923828,-12.6707773208618,0.2,2.19,2.74,19.8,12.76,36.88,5.74,4.37,8.54
"QLDNorth","Cook",143.473678588867,-12.6707773208618,0.2,1.86,2.61,71.09,39.28,161.68,7.72,5.77,11.61
"NT","Unincorporated NT",130.368408203125,-12.6194276809692,0.2,4,4.95,74.13,40.79,169.5,2.31,2.04,2.74
"NT","Unincorporated NT",130.421051025391,-12.6194276809692,0.2,4,4.95,75.44,41.34,173.56,2.29,2.03,2.71
"NT","Unincorporated NT",130.473678588867,-12.6194276809692,0.2,4,4.79,75.46,41.34,173.72,2.59,2.25,3.14
"NT","East Arnhem",136.736846923828,-12.6194276809692,0.2,2.19,2.74,20.47,13.14,38.39,5.78,4.39,8.62
"QLDNorth","Cook",141.631576538086,-12.6194276809692,0.2,1.95,3.24,10.07,7.04,16.96,1.97,1.79,2.26
"QLDNorth","Cook",141.684204101562,-12.6194276809692,0.2,1.96,3.26,9.43,6.65,15.64,1.94,1.76,2.23
"QLDNorth","Napranum",141.736831665039,-12.6194276809692,0.2,1.97,3.27,8.5,6.1,13.77,1.93,1.75,2.2
"QLDNorth","Napranum",141.789474487305,-12.6194276809692,0.2,1.98,3.28,7.74,5.64,12.26,1.91,1.74,2.18
"QLDNorth","Cook",143.473678588867,-12.6194276809692,0.2,1.86,2.61,72.87,40.12,166.6,7.79,5.81,11.74
"NT","Unincorporated NT",130.526321411133,-12.5680685043335,0.2,4.01,4.79,73.4,40.5,167.05,2.59,2.25,3.14
"NT","East Arnhem",136.789474487305,-12.5680685043335,0.2,2.18,2.81,21.37,13.65,40.32,5.25,4.05,7.68
"QLDNorth","Cook",141.578948974609,-12.5680675506592,0.2,1.95,3.24,10.05,7.05,16.76,1.99,1.8,2.28
"NT","Unincorporated NT",130.526321411133,-12.5166969299316,0.2,4.01,4.78,68.21,38.16,151.96,2.62,2.28,3.2
"NT","East Arnhem",136.789474487305,-12.5166969299316,0.2,2.18,2.73,21.8,13.9,41.18,5.68,4.33,8.43
"QLDNorth","Napranum",141.578948974609,-12.5166921615601,0.2,1.95,3.27,9.74,6.88,16.07,1.96,1.78,2.24
"QLDNorth","Cook",143.315795898438,-12.5166921615601,0.2,1.86,2.61,70.18,38.16,164.89,8.04,5.91,12.41
"QLDNorth","Cook",143.368423461914,-12.5166921615601,0.2,1.86,2.61,73.83,39.96,174.33,8.09,5.96,12.48
"NT","Unincorporated NT",130.578948974609,-12.4653167724609,0.2,4.01,4.78,54.16,31.43,114.47,2.63,2.29,3.21
"NT","East Arnhem",136,-12.4653167724609,0.2,2.19,3.1,19.74,12.64,37.29,2.58,2.26,3.11
"NT","East Arnhem",136.052627563477,-12.4653167724609,0.2,2.19,2.55,19.03,12.27,35.56,5.41,4.2,7.76
"NT","East Arnhem",136.105255126953,-12.4653167724609,0.2,2.19,2.55,17.83,11.63,32.72,5.31,4.14,7.56
"NT","East Arnhem",136.157897949219,-12.4653167724609,0.2,2.2,2.55,16.92,11.15,30.58,5.21,4.08,7.37
"NT","East Arnhem",136.210525512695,-12.4653167724609,0.2,2.2,2.56,16.55,10.96,29.71,5.12,4.02,7.21
"NT","East Arnhem",136.842102050781,-12.4653167724609,0.2,2.18,2.73,22.33,14.21,42.27,5.55,4.25,8.19
"QLDNorth","Napranum",141.578948974609,-12.4653167724609,0.2,1.95,3.3,9.86,6.95,16.33,1.94,1.76,2.22
"QLDNorth","Cook",143.315795898438,-12.4653167724609,0.2,1.86,2.61,71.94,38.88,170.68,8.09,5.94,12.57
"NT","Unincorporated NT",130.578948974609,-12.4139251708984,0.2,4.01,4.78,55.39,32.13,116.95,2.67,2.31,3.26
"NT","Unincorporated NT",130.736846923828,-12.4139251708984,0.2,4,4.66,74.26,40.86,169.79,2.96,2.53,3.69
"NT","East Arnhem",136,-12.4139261245728,0.2,2.19,3.1,20,12.8,37.76,2.59,2.26,3.12
"NT","East Arnhem",136.263153076172,-12.4139251708984,0.2,2.2,2.55,16.49,10.9,29.65,5.15,4.04,7.25
"NT","East Arnhem",136.894729614258,-12.4139261245728,0.2,2.18,2.74,22.19,14.16,41.75,5.8,4.41,8.64
"QLDNorth","Napranum",141.631576538086,-12.4139251708984,0.2,1.96,3.29,8.89,6.37,14.39,1.94,1.76,2.22
"QLDNorth","Cook",143.315795898438,-12.4139251708984,0.2,1.86,2.61,87.7,45.58,221.19,8.47,6.15,13.39
"NT","Unincorporated NT",130.631576538086,-12.3625249862671,0.2,4,4.67,87.2,46.91,205.62,3.03,2.58,3.8
"NT","Unincorporated NT",130.684204101562,-12.3625249862671,0.2,4,4.66,80.91,44.07,187.41,3.01,2.56,3.77
"NT","Darwin",130.789474487305,-12.3625249862671,0.2,4,4.66,79.37,43.25,183.91,2.94,2.51,3.66
"NT","East Arnhem",136,-12.3625249862671,0.2,2.18,3.09,21.23,13.46,40.67,2.59,2.27,3.13
"NT","East Arnhem",136.315780639648,-12.3625249862671,0.2,2.2,2.56,17.32,11.35,31.58,4.97,3.93,6.95
"NT","East Arnhem",136.947372436523,-12.3625249862671,0.2,2.19,2.74,20.92,13.55,38.43,5.74,4.37,8.5
"QLDNorth","Napranum",141.631576538086,-12.3625249862671,0.2,1.96,3.28,9.26,6.59,15.13,1.94,1.77,2.22
"QLDNorth","Cook",143.315795898438,-12.3625249862671,0.2,1.85,2.5,112.21,55.52,305.75,11.67,8.02,20.04
"NT","Darwin",130.842102050781,-12.311107635498,0.2,4,4.67,82.61,45.18,189.59,2.87,2.46,3.56
"NT","Darwin",130.894729614258,-12.3111133575439,0.2,4.01,4.3,69.06,38.86,152.05,7.05,5.32,10.48
"NT","Litchfield",130.947372436523,-12.311107635498,0.2,4.01,4.3,61.61,35.27,132.38,6.95,5.25,10.3
"NT","Unincorporated NT",132,-12.3111133575439,0.2,3.99,4.52,162.78,80.29,432.99,3.61,2.98,4.72
"NT","Unincorporated NT",132.052627563477,-12.3111133575439,0.2,3.99,4.53,153.91,76.65,403.6,3.54,2.94,4.61
"NT","East Arnhem",136,-12.3111133575439,0.2,2.18,3.09,23.02,14.38,45.08,2.61,2.28,3.15
"NT","East Arnhem",136.315795898438,-12.311107635498,0.2,2.2,2.56,17.14,11.27,31.06,5.01,3.95,7.01
"NT","East Arnhem",136.947372436523,-12.311107635498,0.2,2.18,2.81,22.38,14.37,41.64,5.6,4.26,8.34
NA,"Napranum",141.631576538086,-12.3111133575439,0.2,1.96,3.28,9.54,6.75,15.69,1.95,1.77,2.23
"QLDNorth","Cook",143.105270385742,-12.311107635498,0.2,1.86,2.51,68.14,37.07,160.28,10.71,7.46,18.01
"QLDNorth","Cook",143.157897949219,-12.3111133575439,0.2,1.86,2.51,73.66,39.72,175.27,10.84,7.54,18.27
"QLDNorth","Cook",143.210525512695,-12.311107635498,0.2,1.86,2.51,77.86,41.85,185.59,10.75,7.49,18.05
"QLDNorth","Cook",143.263153076172,-12.3111133575439,0.2,1.86,2.5,76.26,41.48,177.93,11.4,7.85,19.51
"NT","Litchfield",130.947372436523,-12.2596874237061,0.2,4.01,4.3,61.94,35.45,133.14,7.01,5.29,10.42
"NT","Unincorporated NT",131.421051025391,-12.2596921920776,0.2,3.97,4.23,782.42,295.3,3101.55,9.66,6.74,16.36
"NT","Unincorporated NT",131.473678588867,-12.2596874237061,0.2,3.97,4.23,754.54,287.11,2951.73,9.51,6.67,15.96
"NT","Unincorporated NT",131.526321411133,-12.2596921920776,0.2,3.97,4.24,676.91,262.93,2565.29,9.49,6.67,15.85
"NT","Unincorporated NT",131.578948974609,-12.2596874237061,0.2,3.97,4.24,603.51,240.35,2197.45,9.36,6.6,15.52
"NT","Unincorporated NT",131.631576538086,-12.2596921920776,0.2,3.97,4.24,512.95,210.66,1781.58,8.71,6.19,14.34
"NT","Unincorporated NT",131.684204101562,-12.2596921920776,0.2,3.98,4.41,390.25,168.17,1260.84,4.54,3.61,6.31
"NT","Unincorporated NT",131.736846923828,-12.2596874237061,0.2,3.98,4.46,239.79,110.94,700.81,4.1,3.32,5.53
"NT","Unincorporated NT",131.789474487305,-12.2596921920776,0.2,3.98,4.49,240.8,111.97,696.7,3.91,3.2,5.2
"NT","Unincorporated NT",131.947372436523,-12.2596874237061,0.2,3.99,4.51,157.22,78.08,413.79,3.68,3.03,4.82
"NT","West Arnhem",132.105270385742,-12.2596874237061,0.2,3.99,4.51,132.04,67.33,334.62,3.72,3.06,4.89
"NT","East Arnhem",135.684204101562,-12.2596921920776,0.2,2.17,2.88,29,17.41,60.31,3.19,2.69,4.04
"NT","East Arnhem",135.736846923828,-12.2596874237061,0.2,2.17,2.88,28.54,17.19,59.03,3.18,2.69,4.02
"NT","East Arnhem",136,-12.2596921920776,0.2,2.18,3.1,24.63,15.2,49.16,2.61,2.28,3.16
"NT","East Arnhem",136.210525512695,-12.2596921920776,0.2,2.19,2.55,18.16,11.85,33.23,5.45,4.24,7.79
"NT","East Arnhem",136.263153076172,-12.2596921920776,0.2,2.19,2.56,17.53,11.5,31.85,5.13,4.04,7.2
"NT","East Arnhem",136.315795898438,-12.2596921920776,0.2,2.19,2.56,17.45,11.46,31.69,5.08,4,7.13
"NT","East Arnhem",136.947372436523,-12.2596874237061,0.2,2.17,2.83,26.75,16.58,52.54,5.5,4.21,8.13
"QLDNorth","Napranum",141.684204101562,-12.2596921920776,0.2,1.97,3.32,8.62,6.2,13.87,1.91,1.74,2.18
"QLDNorth","Cook",143.105270385742,-12.2596874237061,0.2,1.86,2.52,65.42,35.75,153.04,10.56,7.37,17.71
"NT","Litchfield",130.947357177734,-12.2082605361938,0.2,4.01,4.3,62.72,35.92,134.48,7.16,5.38,10.7
"NT","Unincorporated NT",131.368423461914,-12.2082605361938,0.2,3.97,4.23,787.67,298.5,3095.22,9.78,6.8,16.67
"NT","Unincorporated NT",131.842102050781,-12.2082605361938,0.2,4,4.51,108.69,56.9,265.77,3.68,3.04,4.84
"NT","Unincorporated NT",131.894729614258,-12.2082605361938,0.2,3.99,4.5,146.54,73.32,382.23,3.76,3.09,4.98
"NT","West Arnhem",132.157897949219,-12.2082605361938,0.2,3.99,4.51,123.55,63.05,314.22,3.68,3.04,4.83
"NT","East Arnhem",135,-12.2082605361938,0.2,2.17,2.7,31.4,19.09,63.2,3.93,3.2,5.27
"NT","East Arnhem",135.052627563477,-12.2082605361938,0.2,2.17,2.7,31.2,18.99,62.75,3.9,3.18,5.23
"NT","East Arnhem",135.105255126953,-12.2082605361938,0.2,2.17,2.7,30.39,18.57,60.75,3.88,3.16,5.19
"NT","East Arnhem",135.210525512695,-12.2082605361938,0.2,2.17,2.71,29.01,17.84,57.42,3.8,3.11,5.07
"NT","East Arnhem",135.684204101562,-12.2082614898682,0.2,2.17,2.88,29.81,17.81,62.46,3.21,2.71,4.08
"NT","East Arnhem",135.789474487305,-12.2082605361938,0.2,2.17,2.89,27.96,16.93,57.34,3.16,2.68,3.99
"NT","East Arnhem",136,-12.2082614898682,0.2,2.17,3.09,26.82,16.39,54.21,2.68,2.33,3.26
"NT","East Arnhem",136.157897949219,-12.2082614898682,0.2,2.18,2.55,22.54,14.17,43.68,5.52,4.27,7.96
"NT","East Arnhem",136.631576538086,-12.2082605361938,0.2,2.17,2.48,32.79,19.77,66.83,8.42,6.15,13.16
"NT","East Arnhem",136.894729614258,-12.2082605361938,0.2,2.16,2.74,34.44,20.41,72.4,5.83,4.46,8.59
"QLDNorth","Napranum",141.684204101562,-12.2082614898682,0.2,1.96,3.33,8.79,6.31,14.19,1.91,1.74,2.18
"QLDNorth","Cook",143.105270385742,-12.2082605361938,0.2,1.86,2.52,64.27,35.16,150.2,10.38,7.27,17.35
"NT","Litchfield",130.947372436523,-12.156813621521,0.2,4.01,4.29,59.06,34.25,124.19,7.32,5.48,11.03
"NT","Litchfield",131.157897949219,-12.1568193435669,0.2,3.97,4.27,693.93,267.07,2672.71,9.4,6.77,14.99
"NT","Unincorporated NT",131.210525512695,-12.156813621521,0.2,3.97,4.17,653.6,254.48,2472.36,20.77,13.15,39.96
"NT","Unincorporated NT",131.368423461914,-12.156813621521,0.2,3.97,4.23,695.69,268.81,2657.92,9.82,6.82,16.76
"NT","West Arnhem",132.210525512695,-12.156813621521,0.2,4.01,4.55,62.87,35.2,140.78,3.44,2.87,4.43
"NT","West Arnhem",132.263153076172,-12.1568193435669,0.2,4.03,4.57,34.45,21.05,68.18,3.31,2.78,4.23
"NT","West Arnhem",132.315795898438,-12.156813621521,0.2,4.03,4.57,31.36,19.03,63.32,3.26,2.75,4.17
"NT","West Arnhem",132.368423461914,-12.156813621521,0.2,4.03,4.57,33.19,19.99,67.77,3.25,2.73,4.15
"NT","West Arnhem",132.421051025391,-12.1568193435669,0.2,4.02,4.57,37.22,22.09,77.55,3.26,2.74,4.17
"NT","East Arnhem",134.947372436523,-12.156813621521,0.2,2.17,2.95,33.29,20,68.26,2.99,2.54,3.76
"NT","East Arnhem",135.263153076172,-12.1568193435669,0.2,2.17,2.72,27.86,17.24,54.72,3.77,3.09,5.02
"NT","East Arnhem",135.684204101562,-12.1568193435669,0.2,2.17,2.87,30.71,18.26,64.8,3.24,2.73,4.11
"NT","East Arnhem",135.736846923828,-12.1568193435669,0.2,2.17,2.88,29.48,17.67,61.38,3.2,2.71,4.06
"NT","East Arnhem",135.842102050781,-12.156813621521,0.2,2.17,3.04,26.78,16.41,53.81,2.76,2.4,3.37
"NT","East Arnhem",135.894729614258,-12.1568193435669,0.2,2.18,3.06,25.59,15.85,50.54,2.72,2.36,3.3
"NT","East Arnhem",135.947372436523,-12.156813621521,0.2,2.18,3.08,23.92,15.04,46.08,2.67,2.33,3.24
"NT","East Arnhem",136.157897949219,-12.1568193435669,0.2,2.18,2.55,24.31,15.15,47.6,5.41,4.2,7.74
"NT","East Arnhem",136.631576538086,-12.1568193435669,0.2,2.16,2.47,37.43,22.08,78.89,8.81,6.37,13.97
"NT","East Arnhem",136.736846923828,-12.156813621521,0.2,2.16,2.48,36.21,21.43,76.01,8.48,6.13,13.48
"NT","East Arnhem",136.789474487305,-12.1568193435669,0.2,2.16,2.76,36.13,21.35,76.03,5.78,4.42,8.53
"NT","East Arnhem",136.842102050781,-12.156813621521,0.2,2.16,2.77,35.88,21.2,75.64,5.61,4.31,8.2
"QLDNorth","Mapoon",141.736846923828,-12.156813621521,0.2,1.97,3.3,7.86,5.75,12.3,1.92,1.75,2.19
"QLDNorth","Cook",143.105270385742,-12.1568193435669,0.2,1.86,2.52,63.17,34.58,147.73,10.19,7.15,16.95
"NT","Unincorporated NT",131,-12.1053676605225,0.2,4,4.28,111.48,57.8,277.09,7.23,5.41,10.9
"NT","Unincorporated NT",131.052627563477,-12.1053676605225,0.2,3.98,4.27,205.97,96.05,599.86,8.15,5.98,12.64
"NT","Unincorporated NT",131.105270385742,-12.1053628921509,0.2,3.98,4.27,346.41,150.32,1114.51,9,6.51,14.23
"NT","Unincorporated NT",131.210525512695,-12.1053628921509,0.2,3.97,4.17,781.58,294.99,3098.36,19.71,12.56,37.61
"NT","Unincorporated NT",131.368423461914,-12.1053628921509,0.2,3.97,4.23,585.1,232.64,2142.83,9.91,6.88,16.95
"NT","West Arnhem",132.473678588867,-12.1053628921509,0.2,4.01,4.54,59.67,33.32,134.8,3.47,2.88,4.51
"NT","West Arnhem",132.526321411133,-12.1053676605225,0.2,4,4.47,99.32,51.32,250.74,3.96,3.23,5.3
"NT","West Arnhem",132.578948974609,-12.1053628921509,0.2,3.99,4.46,147.29,71.32,409.44,3.99,3.25,5.35
"NT","West Arnhem",132.631576538086,-12.1053676605225,0.2,3.99,4.46,178.21,83.33,522.49,3.99,3.25,5.35
"NT","East Arnhem",134.947372436523,-12.1053628921509,0.2,2.17,2.96,32.13,19.39,65.47,2.99,2.54,3.75
"NT","East Arnhem",135.315795898438,-12.1053628921509,0.2,2.18,2.73,26.2,16.36,50.77,3.73,3.06,4.94
"NT","East Arnhem",135.789474487305,-12.1053686141968,0.2,2.17,3.03,28.34,17.16,58.06,2.81,2.43,3.44
"NT","East Arnhem",136.105270385742,-12.1053628921509,0.2,2.18,3.1,24.34,15.16,47.73,2.66,2.32,3.23
"NT","East Arnhem",136.631576538086,-12.1053676605225,0.2,2.16,2.47,44.03,25.22,96.98,9.36,6.68,15.17
"QLDNorth","Mapoon",141.736846923828,-12.1053628921509,0.2,1.97,3.3,8.01,5.85,12.55,1.93,1.75,2.2
"QLDNorth","Cook",143.157897949219,-12.1053676605225,0.2,1.85,2.52,100.16,50.67,263.64,10.34,7.25,17.26
"NT","Unincorporated NT",131.263153076172,-12.0539064407349,0.2,3.96,4.19,1154.04,417.53,4815.76,15.69,10.25,29.07
"NT","Unincorporated NT",131.315780639648,-12.0539064407349,0.2,3.96,4.21,1276.47,457.57,5380.48,13.44,8.99,24.03
"NT","West Arnhem",132.631576538086,-12.0539073944092,0.2,3.99,4.46,163.74,78.09,464.82,3.97,3.23,5.32
"NT","West Arnhem",134.368423461914,-12.0539064407349,0.2,2.14,2.91,81.32,43.57,194.34,3.35,2.79,4.35
"NT","West Arnhem",134.421051025391,-12.0539064407349,0.2,2.14,2.92,84.38,44.88,203.93,3.31,2.76,4.3
"NT","West Arnhem",134.473678588867,-12.0539064407349,0.2,2.14,2.94,87.42,46.18,213.6,3.22,2.7,4.13
"NT","West Arnhem",134.526321411133,-12.0539064407349,0.2,2.14,2.96,88.44,46.53,217.57,3.15,2.66,4.02
"NT","West Arnhem",134.578948974609,-12.0539064407349,0.2,2.14,2.97,90.49,47.23,225.7,3.07,2.6,3.88
"NT","East Arnhem",134.947372436523,-12.0539064407349,0.2,2.17,2.97,28.99,17.8,57.61,2.97,2.53,3.73
"NT","East Arnhem",135.368423461914,-12.0539064407349,0.2,2.17,2.73,27.1,16.75,53.44,3.78,3.09,5.03
"NT","East Arnhem",135.421051025391,-12.0539064407349,0.2,2.17,2.74,27.59,16.98,54.82,3.75,3.08,4.99
"NT","East Arnhem",135.473678588867,-12.0539064407349,0.2,2.17,2.75,27.79,17.07,55.41,3.69,3.03,4.88
"NT","East Arnhem",135.842102050781,-12.0539064407349,0.2,2.17,3.05,28.32,17.19,57.69,2.77,2.4,3.38
"NT","East Arnhem",136.105255126953,-12.0539064407349,0.2,2.17,3.08,27.88,16.96,56.69,2.72,2.36,3.31
"NT","East Arnhem",136.578948974609,-12.0539064407349,0.2,2.16,2.47,42.72,24.61,93.23,9.35,6.65,15.23
"QLDNorth","Mapoon",141.789474487305,-12.0539064407349,0.2,1.98,3.31,7.21,5.36,10.99,1.9,1.73,2.17
"QLDNorth","Cook",143.157897949219,-12.0539073944092,0.2,1.85,2.48,125.03,60.91,348.19,11.65,8,20.02
"NT","West Arnhem",132.631576538086,-12.0024356842041,0.2,3.99,4.46,129.47,64.61,342.63,3.94,3.21,5.28
"NT","West Arnhem",134.210525512695,-12.0024356842041,0.2,2.14,2.88,86.68,46.04,209.64,3.62,2.97,4.82
"NT","West Arnhem",134.263153076172,-12.0024356842041,0.2,2.14,2.88,86.06,45.77,207.69,3.55,2.92,4.69
"NT","West Arnhem",134.315780639648,-12.0024356842041,0.2,2.14,2.89,85.15,45.35,205.1,3.5,2.89,4.61
"NT","West Arnhem",134.631576538086,-12.0024356842041,0.2,2.13,2.99,106.46,53.66,280.75,3,2.55,3.77
"NT","East Arnhem",134.842102050781,-12.0024356842041,0.2,2.14,3.03,76.56,41.15,182.7,2.77,2.39,3.42
"NT","East Arnhem",134.894729614258,-12.0024356842041,0.2,2.14,3.02,70.37,37.82,169.19,2.79,2.4,3.45
"NT","East Arnhem",135.526321411133,-12.0024356842041,0.2,2.17,2.81,28.44,17.35,57.36,3.5,2.9,4.59
"NT","East Arnhem",135.842102050781,-12.0024356842041,0.2,2.17,3.05,32.77,19.51,68.52,2.8,2.42,3.42
"NT","East Arnhem",136.157897949219,-12.0024356842041,0.2,2.17,2.51,29.46,17.83,60.2,7.25,5.36,11.22
"NT","East Arnhem",136.578948974609,-12.0024356842041,0.2,2.15,2.47,46.93,26.42,106.48,9.57,6.79,15.7
"QLDNorth","Mapoon",141.789474487305,-12.0024356842041,0.2,1.98,3.32,7.3,5.43,11.13,1.91,1.74,2.17
"QLDNorth","Cook",143.157897949219,-12.0024356842041,0.2,1.85,2.42,133.96,64.77,376.55,15.2,10.08,27.36
"NT","Tiwi Islands",130.947357177734,-11.9509544372559,0.2,4,4.29,77.92,43.04,176.23,7.14,5.35,10.75
"NT","Tiwi Islands",131,-11.9509553909302,0.2,4,4.28,108.83,57.29,263.29,7.35,5.49,11.13
"NT","West Arnhem",132.631576538086,-11.9509553909302,0.2,4,4.46,107.09,55.24,269.74,3.96,3.23,5.31
"NT","West Arnhem",134.210525512695,-11.9509544372559,0.2,2.14,2.88,92.85,48.81,227.94,3.64,2.98,4.85
"NT","West Arnhem",134.684204101562,-11.9509544372559,0.2,2.13,3.02,127.7,62.33,353.6,2.85,2.45,3.55
"NT","West Arnhem",134.736831665039,-11.9509544372559,0.2,2.13,3.05,109.46,55.54,284.16,2.7,2.34,3.32
"NT","East Arnhem",134.789474487305,-11.9509544372559,0.2,2.14,3.06,77.44,41.54,185.38,2.67,2.32,3.27
"NT","East Arnhem",135.578948974609,-11.9509544372559,0.2,2.17,2.81,32.9,19.55,69.04,3.67,3.02,4.86
"NT","East Arnhem",135.631576538086,-11.9509544372559,0.2,2.17,2.81,32.59,19.41,68.13,3.67,3.02,4.85
"NT","East Arnhem",135.842102050781,-11.9509544372559,0.2,2.17,3.03,31.75,18.99,65.98,2.89,2.49,3.56
"NT","East Arnhem",136.210525512695,-11.9509544372559,0.2,2.17,2.49,30.94,18.41,65.12,7.87,5.74,12.39
"NT","East Arnhem",136.263153076172,-11.9509544372559,0.2,2.17,2.49,32.91,19.35,70.59,8.11,5.89,12.87
"NT","East Arnhem",136.315780639648,-11.9509544372559,0.2,2.17,2.49,33.29,19.52,71.76,8.12,5.9,12.9
"NT","East Arnhem",136.368423461914,-11.9509544372559,0.2,2.17,2.5,33.19,19.47,71.48,8.05,5.85,12.73
"NT","East Arnhem",136.526321411133,-11.9509544372559,0.2,2.15,2.47,58.58,31.57,142.36,9.43,6.69,15.46
"QLDNorth","Mapoon",141.842102050781,-11.9509544372559,0.2,1.99,3.29,6.61,5,9.83,1.93,1.76,2.2
"QLDNorth","Mapoon",141.894729614258,-11.9509544372559,0.2,2,3.31,6.19,4.72,9.08,1.91,1.74,2.17
"QLDNorth","Cook",143.157897949219,-11.9509553909302,0.2,1.85,2.35,160.55,77.03,451.21,20.82,13.18,40.03
"NT","Tiwi Islands",130.473678588867,-11.8994636535645,0.2,4.01,4.55,68.67,38.41,152.98,3.87,3.19,5.06
"NT","Tiwi Islands",130.526321411133,-11.8994636535645,0.2,4.01,4.51,58.72,33.71,125.97,4.13,3.37,5.47
"NT","Tiwi Islands",130.789474487305,-11.8994636535645,0.2,4,4.53,84.45,46.43,191.6,3.71,3.08,4.82
"NT","Tiwi Islands",130.842102050781,-11.8994636535645,0.2,4.01,4.54,72.32,40.68,158.81,3.62,3.01,4.69
"NT","Tiwi Islands",130.894729614258,-11.8994636535645,0.2,4.01,4.3,60.18,34.76,127.4,7.05,5.31,10.52
"NT","Tiwi Islands",131.052627563477,-11.8994636535645,0.2,3.97,4.28,558.29,220.21,2085.83,8.29,6.07,12.86
"NT","West Arnhem",132.631576538086,-11.8994636535645,0.2,4,4.46,89.84,47.95,214.66,3.96,3.23,5.3
"NT","West Arnhem",133.894729614258,-11.8994636535645,0.2,2.14,2.89,72.73,39.02,174.95,3.49,2.88,4.61
"NT","West Arnhem",133.947357177734,-11.8994636535645,0.2,2.14,2.88,85.11,44.51,212.59,3.62,2.96,4.84
"NT","West Arnhem",134.157897949219,-11.8994636535645,0.2,2.14,2.88,98.81,51.16,248.6,3.61,2.97,4.81
"NT","East Arnhem",135.736831665039,-11.8994636535645,0.2,2.16,2.95,37.27,21.76,80.2,3.19,2.69,4.06
"NT","East Arnhem",135.789474487305,-11.8994636535645,0.2,2.16,2.97,37.87,22.16,80.98,3.17,2.68,4.02
"NT","East Arnhem",136.368423461914,-11.8994636535645,0.2,2.16,2.49,37.2,21.39,82.57,8.33,6.03,13.26
"NT","East Arnhem",136.526321411133,-11.8994636535645,0.2,2.15,2.64,57.03,30.79,138.38,9.65,6.87,15.7
"QLDNorth","Cook",141.894729614258,-11.8994636535645,0.2,2,3.3,6.38,4.85,9.42,1.92,1.75,2.19
"QLDNorth","Cook",142.947372436523,-11.8994636535645,0.2,1.86,2.36,84.98,44.54,211.38,16.68,11.02,30.02
"QLDNorth","Cook",143,-11.8994636535645,0.2,1.85,2.36,104.21,52.88,271.63,16.63,11,29.84
"QLDNorth","Cook",143.052627563477,-11.8994636535645,0.2,1.85,2.36,122.95,60.75,333.26,15.83,10.57,28.01
"QLDNorth","Cook",143.105255126953,-11.8994636535645,0.2,1.85,2.36,117.88,59.24,310.11,16.84,11.1,30.4
"NT","Tiwi Islands",130.052627563477,-11.8479633331299,0.2,4,4.83,104.52,54.81,255.45,2.69,2.34,3.26
"NT","Tiwi Islands",130.105270385742,-11.8479633331299,0.2,3.99,4.83,132.44,66.54,345.38,2.67,2.33,3.22
"NT","Tiwi Islands",130.157897949219,-11.8479633331299,0.2,3.99,4.58,133.75,66.56,354.99,3.73,3.11,4.79
"NT","Tiwi Islands",130.210525512695,-11.8479633331299,0.2,4,4.58,105.84,54.53,267.45,3.7,3.09,4.75
"NT","Tiwi Islands",130.263153076172,-11.8479633331299,0.2,4,4.52,95.74,50.81,230.17,4.02,3.31,5.25
"NT","Tiwi Islands",130.315795898438,-11.8479633331299,0.2,4.01,4.51,72.74,40.86,160.16,4.12,3.38,5.42
"NT","Tiwi Islands",130.368423461914,-11.8479633331299,0.2,4.01,4.59,64.93,37.07,139.67,3.55,2.97,4.55
"NT","Tiwi Islands",130.421051025391,-11.8479633331299,0.2,4.01,4.59,69.74,39.28,153.2,3.54,2.96,4.55
"NT","Tiwi Islands",130.578948974609,-11.8479633331299,0.2,4,4.46,76.12,42.04,172.48,4.51,3.63,6.12
"NT","Tiwi Islands",130.631576538086,-11.8479633331299,0.2,4,4.46,76.3,42.15,172.7,4.49,3.61,6.08
"NT","Tiwi Islands",130.684204101562,-11.8479633331299,0.2,4,4.46,75.57,41.83,170.51,4.45,3.59,6.02
"NT","Tiwi Islands",130.736846923828,-11.8479633331299,0.2,4,4.46,74.1,41.15,166.48,4.39,3.55,5.91
"NT","Tiwi Islands",131.105270385742,-11.8479633331299,0.2,3.97,4.17,980.75,351.44,4230.98,16.87,10.93,31.54
"NT","Tiwi Islands",131.157897949219,-11.8479633331299,0.2,3.96,4.18,1091.82,388.65,4728.63,16.76,10.88,31.27
"NT","West Arnhem",132.631576538086,-11.8479633331299,0.2,4,4.45,91.43,48.69,219.12,3.96,3.23,5.29
"NT","West Arnhem",133.894729614258,-11.8479633331299,0.2,2.14,2.88,77.89,41.34,190.33,3.54,2.91,4.69
"NT","West Arnhem",134,-11.8479633331299,0.2,2.13,2.89,107.56,53.95,286.27,3.55,2.92,4.72
"NT","West Arnhem",134.052627563477,-11.8479633331299,0.2,2.13,2.89,103.6,52.47,271.22,3.51,2.89,4.65
"NT","West Arnhem",134.105270385742,-11.8479585647583,0.2,2.14,2.89,96.67,49.88,245.34,3.5,2.88,4.63
"NT","East Arnhem",136.421051025391,-11.8479633331299,0.2,2.15,2.66,47.63,26.29,112.42,7.58,5.64,11.49
"NT","East Arnhem",136.473678588867,-11.8479585647583,0.2,2.15,2.65,51.54,28.21,122.8,8.64,6.29,13.53
NA,"Cook",141.894729614258,-11.8479633331299,0.2,2,3.3,6.48,4.92,9.6,1.92,1.75,2.19
"QLDNorth","Cook",142.947372436523,-11.8479585647583,0.2,1.86,2.37,81.4,42.93,200.65,16.62,10.98,29.91
"NT","Tiwi Islands",130,-11.7964534759521,0.2,4,4.95,99.24,53.79,228.69,2.42,2.13,2.87
"NT","Tiwi Islands",131.210525512695,-11.7964534759521,0.2,3.96,4.2,1303.37,456.86,5733.33,13.37,8.86,24.42
"NT","Tiwi Islands",131.263153076172,-11.7964534759521,0.2,3.96,4.2,1318.53,470.73,5587.67,12.63,8.46,22.73
"NT","West Arnhem",132.578948974609,-11.7964534759521,0.2,4.01,4.45,66.81,37.24,150.09,4.08,3.32,5.44
"NT","West Arnhem",133.578948974609,-11.7964477539062,0.2,3.97,4.73,518.19,191.96,2221.37,3.45,2.83,4.6
"NT","West Arnhem",133.631576538086,-11.7964534759521,0.2,3.97,4.74,582.91,212.72,2548.1,3.43,2.82,4.56
"NT","West Arnhem",133.947372436523,-11.7964477539062,0.2,2.13,2.91,133.41,64.31,377.42,3.38,2.8,4.43
"QLDNorth","Cook",141.947372436523,-11.7964477539062,0.2,2,3.32,6.16,4.71,9.02,1.89,1.73,2.15
"QLDNorth","Cook",142.894729614258,-11.7964534759521,0.2,1.85,2.44,104.4,52.8,273.94,12.6,8.65,21.5
"NT","Tiwi Islands",130,-11.7449331283569,0.2,3.99,4.94,139.54,71.05,353.34,2.46,2.17,2.93
"NT","Tiwi Islands",131.315795898438,-11.7449331283569,0.2,3.97,4.21,751.01,298.42,2700.17,11.37,7.68,20.27
"NT","West Arnhem",132.526321411133,-11.7449331283569,0.2,4.02,4.44,43.37,25.89,88.21,4.43,3.57,6.01
"NT","West Arnhem",133.368423461914,-11.7449283599854,0.2,3.98,4.54,320.77,126.28,1271.36,4.31,3.38,6.17
"NT","West Arnhem",133.421051025391,-11.7449331283569,0.2,3.98,4.54,388.3,148,1615.96,4.33,3.4,6.2
"NT","West Arnhem",133.473678588867,-11.7449283599854,0.2,3.97,4.73,467.61,173.47,2021.38,3.45,2.83,4.61
"NT","West Arnhem",133.526321411133,-11.7449331283569,0.2,3.97,4.73,541.71,197.99,2379.13,3.46,2.84,4.63
"NT","West Arnhem",133.684204101562,-11.7449331283569,0.2,3.97,4.73,800.61,280.88,3680.55,3.48,2.86,4.65
"NT","West Arnhem",133.736846923828,-11.7449283599854,0.2,2.1,2.87,887.53,308,4131.05,3.47,2.85,4.62
"NT","West Arnhem",133.947372436523,-11.7449283599854,0.2,2.12,2.91,214.72,95.8,680.73,3.35,2.78,4.38
"QLDNorth","Cook",141.947372436523,-11.7449283599854,0.2,2,3.33,6.36,4.84,9.38,1.89,1.73,2.15
"QLDNorth","Cook",142.894729614258,-11.7449331283569,0.2,2.16,2.75,107.27,54.18,281.6,12.56,8.62,21.46
"NT","Tiwi Islands",130.052627563477,-11.6934032440186,0.2,4,4.95,105.96,55.75,257.01,2.47,2.18,2.95
"NT","Tiwi Islands",131.368423461914,-11.693398475647,0.2,3.97,4.28,779.34,305.36,2870.86,7.38,5.34,11.88
"NT","West Arnhem",132.473678588867,-11.693398475647,0.2,4.02,4.44,42.92,25.6,87.58,4.49,3.61,6.09
"NT","West Arnhem",133.157897949219,-11.6934032440186,0.2,3.98,4.53,204.64,88.68,692.73,4.29,3.39,6.11
"NT","West Arnhem",133.210525512695,-11.693398475647,0.2,3.98,4.53,216.07,92.9,739.58,4.3,3.39,6.12
"NT","West Arnhem",133.263153076172,-11.6934032440186,0.2,3.98,4.53,227.1,96.95,785.15,4.31,3.4,6.15
"NT","West Arnhem",133.315795898438,-11.693398475647,0.2,3.98,4.53,216.74,93.5,736.54,4.33,3.4,6.19
"NT","West Arnhem",133.789474487305,-11.6934032440186,0.2,2.1,2.89,1120.26,380.86,5318.06,3.4,2.81,4.51
"NT","West Arnhem",133.842102050781,-11.693398475647,0.2,2.1,2.9,991.71,345.76,4521.08,3.38,2.79,4.47
"NT","West Arnhem",133.894729614258,-11.6934032440186,0.2,2.1,2.9,888.99,313.94,3988.47,3.39,2.8,4.48
"NT","East Arnhem",136.210525512695,-11.6934032440186,0.2,2.15,3.23,52.49,28.45,127.37,2.51,2.21,2.99
"NT","East Arnhem",136.263153076172,-11.6934032440186,0.2,2.15,3.23,53.13,28.72,129.59,2.52,2.22,3
NA,"Cook",141.947372436523,-11.693398475647,0.2,2,3.32,6.47,4.92,9.57,1.9,1.73,2.16
"QLDNorth","Cook",142.894729614258,-11.6934032440186,0.2,2.16,2.75,108.34,54.95,281.74,13.29,9.01,23.18
"NT","Tiwi Islands",130.105270385742,-11.6418590545654,0.2,3.99,4.94,165.04,79.07,464.07,2.51,2.21,3.02
"NT","Tiwi Islands",130.157897949219,-11.641863822937,0.2,3.99,4.95,157.02,75.84,436.32,2.49,2.19,2.98
"NT","Tiwi Islands",131.368423461914,-11.641863822937,0.2,3.97,4.29,757.39,295.41,2821.2,7.06,5.15,11.24
"NT","Tiwi Islands",131.421051025391,-11.641863822937,0.2,3.97,4.29,596.36,242.65,2084.37,7.09,5.17,11.28
"NT","West Arnhem",132.473678588867,-11.6418590545654,0.2,4.01,4.43,54.74,31.41,118.04,4.58,3.67,6.25
"NT","West Arnhem",133.157897949219,-11.641863822937,0.2,3.98,4.52,236.17,99.88,829.53,4.39,3.45,6.28
"NT","East Arnhem",136.157897949219,-11.641863822937,0.2,2.16,3.2,35.65,20.81,77.04,2.57,2.25,3.08
"NT","East Arnhem",136.315795898438,-11.6418590545654,0.2,2.15,3.24,53.7,29.22,129.01,2.48,2.19,2.94
"QLDNorth","Cook",142,-11.641863822937,0.2,2.01,3.33,6.06,4.65,8.82,1.88,1.72,2.14
"QLDNorth","Cook",142.894729614258,-11.641863822937,0.2,2.16,2.74,107.52,54.44,280.75,13.73,9.23,24.24
"NT","Tiwi Islands",130.157897949219,-11.5903148651123,0.2,3.99,4.92,174.12,82.86,494.01,2.59,2.26,3.14
"NT","Tiwi Islands",131.473678588867,-11.5903148651123,0.2,3.98,4.3,250.12,115.59,730.22,6.89,5.07,10.82
"NT","West Arnhem",132.526321411133,-11.5903148651123,0.2,4.01,4.42,59.88,33.61,133.89,4.87,3.85,6.78
NA,"West Arnhem",133.157897949219,-11.5903148651123,0.2,3.98,4.52,300.55,121.72,1128.58,4.49,3.52,6.45
"NT","East Arnhem",136.157897949219,-11.5903148651123,0.2,2.16,3.17,34.29,20.25,72.65,2.69,2.34,3.27
"NT","East Arnhem",136.315795898438,-11.5903100967407,0.2,2.15,3.23,54.72,29.62,132.56,2.51,2.21,2.98
"QLDNorth","Cook",142,-11.5903148651123,0.2,2.41,3.72,6.19,4.74,9.05,1.9,1.73,2.16
"QLDNorth","Cook",142.894729614258,-11.5903148651123,0.2,2.16,2.8,114.7,57.37,305.18,11.99,8.23,20.55
"NT","Tiwi Islands",130.157897949219,-11.5387573242188,0.2,3.99,4.94,197.89,92.43,576.45,2.62,2.28,3.18
"NT","Tiwi Islands",131.526321411133,-11.5387573242188,0.2,4,4.44,85.85,45.88,205.29,4.59,3.64,6.39
"NT","West Arnhem",132.052627563477,-11.5387573242188,0.2,3.99,4.36,127.87,65.5,322.03,6.71,5.07,9.99
"NT","West Arnhem",132.105255126953,-11.5387573242188,0.2,4,4.4,84.94,45.29,204.22,5.62,4.37,8.01
"NT","West Arnhem",132.157897949219,-11.5387573242188,0.2,4.02,4.41,47.16,27.05,102.98,5.2,4.1,7.24
"NT","West Arnhem",132.473678588867,-11.5387573242188,0.2,4.01,4.41,63.82,35.56,144.06,4.99,3.94,6.96
"NT","West Arnhem",132.526321411133,-11.5387573242188,0.2,4.01,4.41,62.07,34.63,140.03,4.95,3.91,6.91
"NT","West Arnhem",133.105270385742,-11.5387573242188,0.2,3.98,4.54,396.08,153.47,1587.3,5.06,3.89,7.47
"NT","East Arnhem",136.210525512695,-11.5387573242188,0.2,2.16,3.12,40.02,22.98,88.49,2.88,2.48,3.55
"NT","East Arnhem",136.263153076172,-11.5387573242188,0.2,2.16,3.14,35.52,20.86,75.85,2.8,2.43,3.43
NA,"Cook",142,-11.5387573242188,0.2,2.41,3.72,6.22,4.76,9.09,1.91,1.74,2.17
"QLDNorth","Cook",142.894729614258,-11.5387573242188,0.2,2.16,2.8,148.26,71.14,419.41,11.56,7.98,19.63
"NT","Tiwi Islands",130.157897949219,-11.4871892929077,0.2,3.98,4.96,220.6,101.58,655,2.64,2.3,3.22
"NT","Tiwi Islands",131.526321411133,-11.4871892929077,0.2,4.01,4.52,61.91,34.43,140.55,3.77,3.1,5.01
"NT","West Arnhem",132,-11.4871892929077,0.2,4,4.34,82.06,43.93,196.29,7.26,5.45,10.88
"NT","West Arnhem",132.210525512695,-11.4871892929077,0.2,4.02,4.39,40.8,24.3,83.77,5.59,4.37,7.92
"NT","West Arnhem",132.263153076172,-11.4871892929077,0.2,4.02,4.42,42.04,24.97,86.56,4.86,3.87,6.69
"NT","West Arnhem",132.315795898438,-11.4871892929077,0.2,4.02,4.42,43.96,26.04,90.68,4.84,3.85,6.66
"NT","West Arnhem",132.368423461914,-11.4871892929077,0.2,4.02,4.42,45.08,26.65,93.19,4.86,3.86,6.69
"NT","West Arnhem",132.421051025391,-11.4871892929077,0.2,4.02,4.43,47.78,28,99.96,4.8,3.83,6.61
"NT","West Arnhem",133.105270385742,-11.4871845245361,0.2,3.97,4.53,566.14,207.31,2464.24,5.19,3.98,7.7
"QLDNorth","Cook",142.052627563477,-11.4871892929077,0.2,2.43,3.73,5.73,4.44,8.23,1.89,1.73,2.15
"QLDNorth","Cook",142.894729614258,-11.4871892929077,0.2,2.15,2.8,169.53,79.3,498.8,11,7.67,18.42
"NT","Tiwi Islands",130.157897949219,-11.4356117248535,0.2,3.98,4.96,242.02,110.48,725.58,2.64,2.29,3.21
"NT","Tiwi Islands",131.526321411133,-11.4356117248535,0.2,4.02,4.53,43.9,25.76,92.19,3.91,3.2,5.2
"NT","West Arnhem",132,-11.4356117248535,0.2,4,4.34,77.5,41.86,183.04,7.11,5.37,10.56
"NT","West Arnhem",132.684204101562,-11.4356117248535,0.2,3.98,4.43,238.32,106.21,750.28,8.24,5.91,13.39
"NT","West Arnhem",132.736831665039,-11.4356117248535,0.2,3.98,4.43,263.6,115.82,846.37,8.28,5.93,13.48
"NT","West Arnhem",133.052627563477,-11.4356117248535,0.2,3.97,4.46,643.37,233.67,2811.58,7.09,5.19,11.24
"QLDNorth","Cook",142.052627563477,-11.4356117248535,0.2,2.42,3.72,5.87,4.53,8.46,1.9,1.73,2.16
"QLDNorth","Cook",142.894729614258,-11.4356117248535,0.2,2.16,2.79,160.12,75.68,463.71,9.18,6.65,14.48
"NT","Tiwi Islands",130.210525512695,-11.3840246200562,0.2,3.97,4.98,434.36,181.75,1473.87,2.61,2.27,3.17
"NT","Tiwi Islands",131.526321411133,-11.3840246200562,0.2,3.99,4.47,136.77,70.26,340.95,4.86,3.82,6.89
"NT","West Arnhem",131.894729614258,-11.3840246200562,0.2,4.01,4.38,53.88,30.47,119.72,6.61,4.99,9.86
"NT","West Arnhem",131.947357177734,-11.3840246200562,0.2,4.01,4.38,64.89,35.64,150.38,6.52,4.94,9.64
"NT","West Arnhem",132.631576538086,-11.3840246200562,0.2,3.98,4.43,222.88,100.62,687.73,8.78,6.25,14.42
"NT","West Arnhem",132.789474487305,-11.3840246200562,0.2,3.98,4.42,332.89,142.19,1108.59,8.74,6.21,14.4
"NT","West Arnhem",133,-11.3840246200562,0.2,3.97,4.52,695.64,251.61,3042.08,7.24,5.3,11.39
"NT","East Arnhem",136.578948974609,-11.3840246200562,0.2,2.15,2.57,51.87,28.13,125.88,17.5,11.63,31.02
"NT","East Arnhem",136.631576538086,-11.3840246200562,0.2,2.15,2.65,51.29,27.9,123.9,12.35,8.6,20.54
NA,"Cook",142.052627563477,-11.3840246200562,0.2,2.42,3.71,5.93,4.57,8.56,1.91,1.74,2.17
"QLDNorth","Cook",142.894729614258,-11.3840246200562,0.2,2.16,2.79,157.91,74.96,453.94,8.44,6.21,12.97
"NT","Tiwi Islands",130.263153076172,-11.3324289321899,0.2,3.98,4.99,386.9,165.49,1269.15,2.61,2.27,3.18
"NT","Tiwi Islands",130.315780639648,-11.3324289321899,0.2,3.98,4.77,339.6,148.71,1074.93,3.22,2.69,4.17
"NT","Tiwi Islands",130.631576538086,-11.3324289321899,0.2,3.96,4.61,2642.1,853.06,12897.4,4.29,3.38,6.11
"NT","Tiwi Islands",130.684204101562,-11.3324289321899,0.2,3.96,4.63,2586.27,836.02,12617.38,4.11,3.27,5.78
"NT","Tiwi Islands",130.736831665039,-11.3324289321899,0.2,3.96,4.65,2908.38,920.14,14662.28,3.93,3.15,5.44
"NT","Tiwi Islands",130.789474487305,-11.3324289321899,0.2,3.96,4.65,3367.9,1040.29,17588.72,3.9,3.13,5.37
"NT","Tiwi Islands",130.842102050781,-11.3324289321899,0.2,3.96,4.66,3305.96,1027.66,17075.94,3.81,3.08,5.22
"NT","Tiwi Islands",131.473678588867,-11.3324289321899,0.2,3.96,4.5,2432.36,819.47,11001.25,4.56,3.58,6.5
"NT","West Arnhem",131.842102050781,-11.3324289321899,0.2,4.01,4.57,52.46,29.82,115.64,4.05,3.29,5.45
"NT","West Arnhem",132.631576538086,-11.3324289321899,0.2,3.98,4.42,254.49,112.42,810.9,10.51,7.32,17.72
"NT","West Arnhem",132.842102050781,-11.3324289321899,0.2,3.98,4.44,374.87,158.06,1268.29,11.34,7.79,19.55
"NT","West Arnhem",132.894729614258,-11.3324289321899,0.2,3.97,4.44,529.24,208.49,1991.6,11.45,7.84,19.82
"NT","West Arnhem",132.947357177734,-11.3324289321899,0.2,3.97,4.51,721.76,265.43,3037.91,7.7,5.59,12.26
"NT","East Arnhem",136.526321411133,-11.3324289321899,0.2,2.17,3.15,33.57,19.94,70.39,2.72,2.36,3.31
"NT","East Arnhem",136.684204101562,-11.3324289321899,0.2,2.15,2.7,48.43,26.66,114.76,10.67,7.53,17.47
"QLDNorth","Cook",142.105255126953,-11.3324289321899,0.2,2.43,3.72,5.51,4.29,7.82,1.89,1.73,2.14
"QLDNorth","Cook",142.894729614258,-11.3324289321899,0.2,2.16,2.79,138.36,67.23,383.96,8.58,6.3,13.23
"NT","Tiwi Islands",130.315795898438,-11.2808179855347,0.2,3.98,4.76,393.07,168.34,1284.55,3.27,2.73,4.25
"NT","Tiwi Islands",130.631576538086,-11.2808227539062,0.2,3.96,4.61,2900.59,916.48,14664.13,4.41,3.46,6.31
"NT","Tiwi Islands",130.894729614258,-11.2808227539062,0.2,3.95,4.65,4109.67,1234.71,22302.45,3.9,3.14,5.37
"NT","Tiwi Islands",130.947372436523,-11.2808179855347,0.2,3.95,4.66,3900.47,1185.21,20787.9,3.85,3.11,5.27
"NT","Tiwi Islands",131,-11.2808227539062,0.2,3.96,4.72,3437.84,1072.44,17577.95,3.69,3.01,4.98
"NT","Tiwi Islands",131.052627563477,-11.2808227539062,0.2,3.96,4.72,3480.23,1089.87,17643.26,3.72,3.03,5
"NT","Tiwi Islands",131.473678588867,-11.2808179855347,0.2,3.96,4.5,3579.55,1124.84,17985.56,5.12,3.95,7.48
"NT","West Arnhem",131.789474487305,-11.2808227539062,0.2,3.97,4.49,519.9,224.04,1645.1,4.7,3.75,6.49
"NT","West Arnhem",132.631576538086,-11.2808227539062,0.2,3.98,4.41,315.78,134.79,1057.89,11.91,8.14,20.61
NA,"East Arnhem",136.526321411133,-11.2808227539062,0.2,2.17,3.13,33.77,20.15,70.12,2.81,2.43,3.44
"NT","East Arnhem",136.684204101562,-11.2808227539062,0.2,2.15,2.7,48.47,26.64,115.16,10.64,7.51,17.44
"QLDNorth","Cook",142.105270385742,-11.2808179855347,0.2,2.27,3.6,5.67,4.4,8.1,1.87,1.71,2.12
"QLDNorth","Cook",142.842102050781,-11.2808179855347,0.2,2.16,2.79,109,55.37,282.4,8.95,6.52,13.98
"NT","Tiwi Islands",130.315780639648,-11.229208946228,0.2,3.97,4.75,442.5,186.5,1478.19,3.35,2.78,4.38
"NT","Tiwi Islands",130.526321411133,-11.229208946228,0.2,3.96,4.58,2969.39,918,15646.33,4.8,3.71,7.04
"NT","Tiwi Islands",130.578948974609,-11.229208946228,0.2,3.96,4.6,3095.35,952.11,16417.41,4.49,3.51,6.46
"NT","Tiwi Islands",131.105255126953,-11.229208946228,0.2,3.96,4.72,2879.18,942.92,13578.7,3.8,3.09,5.11
"NT","Tiwi Islands",131.157897949219,-11.229208946228,0.2,3.96,4.64,2496.41,850.43,11032.51,4.29,3.43,5.94
"NT","Tiwi Islands",131.368423461914,-11.229208946228,0.2,3.96,4.53,2784.23,863.76,14650.16,5.68,4.31,8.47
"NT","Tiwi Islands",131.421051025391,-11.229208946228,0.2,3.96,4.53,3012.94,918.99,16291.63,5.61,4.27,8.36
"NT","West Arnhem",131.789474487305,-11.229208946228,0.2,3.96,4.72,3621.39,1167.31,17310.24,3.27,2.74,4.2
"NT","West Arnhem",132.631576538086,-11.229208946228,0.2,3.97,4.4,421.29,172.69,1493.09,13.83,9.26,24.65
"NT","East Arnhem",136.578948974609,-11.229208946228,0.2,2.16,3.15,34.69,20.49,73.34,2.76,2.39,3.37
"NT","East Arnhem",136.631576538086,-11.229208946228,0.2,2.16,3.19,33.9,20.01,71.96,2.63,2.29,3.17
"QLDNorth","Cook",142.105255126953,-11.229208946228,0.2,2.27,3.59,5.87,4.53,8.45,1.88,1.72,2.14
"QLDNorth","Cook",142.842102050781,-11.229208946228,0.2,2.16,2.81,114.15,57.29,301.89,8.68,6.36,13.46
"NT","Tiwi Islands",130.315780639648,-11.1775846481323,0.2,3.97,4.74,423.82,180.03,1399.11,3.41,2.82,4.48
"NT","Tiwi Islands",130.473678588867,-11.1775846481323,0.2,3.96,4.57,2519.76,797.15,12859.26,4.87,3.76,7.16
"NT","Tiwi Islands",131.210525512695,-11.1775846481323,0.2,3.96,4.63,3181.39,1005.33,15959.12,4.47,3.55,6.26
"NT","Tiwi Islands",131.263153076172,-11.1775846481323,0.2,3.96,4.63,3233.77,1005.43,16726.55,4.43,3.52,6.2
"NT","Tiwi Islands",131.315780639648,-11.1775846481323,0.2,3.96,4.65,3255.53,994.22,17440.88,4.22,3.38,5.85
"NT","West Arnhem",131.842102050781,-11.1775846481323,0.2,3.95,4.71,5682.62,1603.23,34006.6,3.15,2.66,4.01
"NT","West Arnhem",131.894729614258,-11.1775846481323,0.2,3.96,4.77,3631.5,1099.87,19596.55,3.02,2.57,3.81
"NT","West Arnhem",131.947357177734,-11.1775846481323,0.2,3.96,4.78,3490.76,1063.59,18676.05,3,2.55,3.77
"NT","West Arnhem",132.421051025391,-11.1775846481323,0.2,3.96,4.84,1485.92,524.69,6372.88,3.2,2.69,4.09
"NT","West Arnhem",132.473678588867,-11.1775846481323,0.2,3.96,4.46,1601.24,555.97,7055.69,7.58,5.5,12.15
"NT","West Arnhem",132.631576538086,-11.1775846481323,0.2,3.97,4.39,580.63,228.7,2167.99,14.85,9.83,26.88
"QLDNorth","Northern Peninsula Area",142.105255126953,-11.1775846481323,0.2,2.26,3.58,6.08,4.67,8.82,1.89,1.73,2.15
"QLDNorth","Cook",142.842102050781,-11.1775846481323,0.2,2.16,2.81,132.86,64.65,368.94,9.08,6.6,14.23
"NT","Tiwi Islands",130.368423461914,-11.1259460449219,0.2,3.97,4.72,882.83,332.59,3477.07,3.57,2.92,4.76
"NT","Tiwi Islands",130.421051025391,-11.1259508132935,0.2,3.96,4.72,1358.48,476.43,5948.7,3.6,2.95,4.83
"NT","West Arnhem",132,-11.1259508132935,0.2,3.96,4.76,3421.56,1042.87,18324.24,3.27,2.74,4.2
"NT","West Arnhem",132.052627563477,-11.1259508132935,0.2,3.96,4.76,3763.62,1129.08,20636.18,3.27,2.74,4.2
"NT","West Arnhem",132.105270385742,-11.1259460449219,0.2,3.95,4.76,3946.8,1176.67,21823.29,3.28,2.75,4.22
"NT","West Arnhem",132.157897949219,-11.1259508132935,0.2,3.95,4.81,4063.68,1211.33,22420.74,3.2,2.7,4.09
"NT","West Arnhem",132.210525512695,-11.1259460449219,0.2,3.95,4.79,3974.21,1199.05,21447.67,3.26,2.74,4.19
"NT","West Arnhem",132.263153076172,-11.1259508132935,0.2,3.95,4.79,3869.17,1181.09,20449.24,3.27,2.74,4.19
"NT","West Arnhem",132.315795898438,-11.1259460449219,0.2,3.96,4.79,3600.16,1118.23,18496.3,3.26,2.74,4.18
"NT","West Arnhem",132.368423461914,-11.1259460449219,0.2,3.96,4.83,2844.19,919.17,13777.23,3.3,2.76,4.25
"NT","West Arnhem",132.473678588867,-11.1259460449219,0.2,3.96,4.45,2027.96,686.89,9205.47,8.08,5.8,13.14
"NT","West Arnhem",132.631576538086,-11.1259508132935,0.2,3.97,4.44,717.08,275.85,2756.9,9.31,6.64,15.15
"QLDNorth","Northern Peninsula Area",142.105270385742,-11.1259460449219,0.2,2.26,3.58,6.31,4.82,9.21,1.89,1.73,2.15
"QLDNorth","Cook",142.842102050781,-11.1259460449219,0.2,2.15,2.81,166.79,78,491.77,9.51,6.86,15.06
"NT","West Arnhem",132.473678588867,-11.0743045806885,0.2,3.96,4.82,3156.64,1001.01,15736.69,3.58,2.95,4.72
"NT","West Arnhem",132.631576538086,-11.0743093490601,0.2,3.97,4.44,768.99,294.06,2974.18,9.26,6.61,15
"QLDNorth","Northern Peninsula Area",142.105270385742,-11.0743045806885,0.2,2.26,3.57,6.51,4.95,9.57,1.91,1.74,2.18
"QLDNorth","Cook",142.842102050781,-11.0743045806885,0.2,2.15,2.8,194.03,88.76,590.13,10.21,7.28,16.45
"NT","West Arnhem",132.473678588867,-11.0226573944092,0.2,3.95,4.8,5861.09,1693.22,33381.27,3.77,3.08,5.02
"NT","West Arnhem",132.631576538086,-11.0226583480835,0.2,3.97,4.55,762.67,293.62,2912.58,6.06,4.6,9.02
"QLDNorth","Northern Peninsula Area",142.105255126953,-11.0226573944092,0.2,2.25,3.52,6.8,5.15,10.08,1.94,1.77,2.23
"QLDNorth","Cook",142.789474487305,-11.0226573944092,0.2,2.15,2.79,178.2,82.93,527.52,11.39,7.98,18.81
"NT","West Arnhem",132.526321411133,-10.9709968566895,0.2,3.96,4.77,2940.26,925.92,14946.1,4.16,3.35,5.67
"NT","West Arnhem",132.578948974609,-10.9709968566895,0.2,3.96,4.76,1376.57,492.91,5780.1,4.2,3.38,5.73
"QLDNorth","Torres",142.789474487305,-10.9709968566895,0.2,2.16,2.83,153.9,73.35,439.77,9.83,7.09,15.53
"QLDNorth","Torres",142.157897949219,-10.9193267822266,0.2,2.22,3.51,9.09,6.55,14.46,1.94,1.77,2.22
"QLDNorth","Torres",142.210525512695,-10.9193229675293,0.2,2.23,2.71,8.37,6.1,13.14,3.73,3.06,4.96
"QLDNorth","Northern Peninsula Area",142.263153076172,-10.8676490783691,0.2,2.25,2.69,6.59,4.96,9.9,4.51,3.58,6.29
"QLDNorth","Northern Peninsula Area",142.315780639648,-10.8676490783691,0.2,2.31,2.74,6.36,4.81,9.49,4.52,3.59,6.31
"QLDNorth","Torres",142.631576538086,-10.8676490783691,0.2,2.16,2.85,113.49,56.82,301.72,8.36,6.17,12.79
"QLDNorth","Northern Peninsula Area",142.315780639648,-10.8159608840942,0.2,2.3,2.72,6.77,5.06,10.29,4.72,3.72,6.64
"QLDNorth","Northern Peninsula Area",142.631576538086,-10.8159608840942,0.2,2.16,2.85,111.32,55.74,296.34,8.17,6.05,12.45
"QLDNorth","Torres",142.105270385742,-10.7642641067505,0.2,2.29,3.58,10.45,7.36,17.22,1.97,1.79,2.25
"QLDNorth","Torres",142.157897949219,-10.7642641067505,0.2,2.21,2.69,10.04,7.08,16.54,4.23,3.4,5.78
"QLDNorth","Torres",142.210525512695,-10.7642641067505,0.2,2.24,2.68,7.62,5.59,11.87,4.7,3.71,6.62
"QLDNorth","Torres",142.263153076172,-10.7642641067505,0.2,2.25,2.67,6.6,4.95,9.95,4.92,3.85,7.01
"QLDNorth","Torres",142.368423461914,-10.7642593383789,0.2,2.22,2.68,17.46,11.32,32.49,12.17,8.39,20.65
"QLDNorth","Torres",142.631576538086,-10.7642641067505,0.2,2.16,2.85,107.39,53.91,285.29,7.95,5.91,12.04
"QLDNorth","Torres",142.052627563477,-10.7125587463379,0.2,2.29,3.54,9.59,6.86,15.44,2.01,1.82,2.31
"QLDNorth","Torres",142.315795898438,-10.7125587463379,0.2,2.22,2.7,18.77,12.13,34.97,11.36,8,18.6
"QLDNorth","Torres",142.368423461914,-10.7125587463379,0.2,2.21,2.74,21.29,13.62,40.05,9.16,6.75,13.95
"QLDNorth","Torres",142.052627563477,-10.6608448028564,0.2,2.3,2.71,9.48,6.79,15.25,3.84,3.17,5.02
"QLDNorth","Torres",142.315795898438,-10.6608448028564,0.2,2.18,2.83,58.09,31.95,135.51,7.03,5.41,10.06
"QLDNorth","Torres",142.421051025391,-10.6608448028564,0.2,2.17,2.84,81.81,42.55,207.34,8.1,6.08,12.02
"QLDNorth","Torres",142.473678588867,-10.6608448028564,0.2,2.17,2.85,93.05,47.52,241.91,8.45,6.29,12.71
"QLDNorth","Torres",142.526321411133,-10.6608448028564,0.2,2.16,2.85,104.86,52.34,282.46,8.22,6.14,12.33
"QLDNorth","Torres",142.578948974609,-10.6608448028564,0.2,2.16,2.85,126.45,60.91,359.96,7.71,5.8,11.41
"QLDNorth","Torres",142.105270385742,-10.6091165542603,0.2,2.3,2.69,8.93,6.44,14.23,4.13,3.35,5.53
"QLDNorth","Torres",142.315795898438,-10.5573892593384,0.2,2.17,2.75,75.72,39.8,189.11,8.98,6.68,13.48
"QLDNorth","Torres",142.263153076172,-10.5056486129761,0.2,2.21,2.53,29.86,18.34,59.13,19.07,12.4,35.04
"QLDNorth","Torres",142.210525512695,-10.2986001968384,0.2,2.23,2.5,21.08,13.46,39.82,10.99,7.63,18.56
"QLDNorth","Torres Strait Island",142.263153076172,-10.2986001968384,0.2,2.2,2.56,36.67,21.73,76.72,18.68,12.24,33.83
"QLDNorth","Torres Strait Island",142.315780639648,-10.2986001968384,0.2,2.19,2.63,52.04,28.8,121.12,12.2,8.64,19.65
"QLDNorth","Torres Strait Island",142.368423461914,-10.2468118667603,0.2,2.2,2.67,46.55,26.79,101.13,11.59,8.28,18.42
"QLDNorth","Torres",142.105270385742,-10.1950244903564,0.2,2.27,2.65,11.11,7.76,18.51,4.14,3.37,5.53
"QLDNorth","Torres",142.157897949219,-10.1950244903564,0.2,2.27,2.66,10.66,7.5,17.61,4.02,3.28,5.34
"QLDNorth","Torres Strait Island",142.368423461914,-10.1950197219849,0.2,2.2,2.67,46.09,26.59,99.73,10.8,7.79,16.93
"QLDNorth","Torres",142.052627563477,-10.1432237625122,0.2,2.27,2.66,10.43,7.32,17.3,4.17,3.39,5.59
"QLDNorth","Torres",142.368423461914,-10.1432237625122,0.2,2.2,2.68,43.65,25.35,93.59,9.89,7.24,15.17
"QLDNorth","Torres",142.052627563477,-10.0914154052734,0.2,2.26,2.64,11.36,7.86,19.25,4.41,3.55,5.99
"QLDNorth","Torres",142.263153076172,-10.0914144515991,0.2,2.21,2.63,31.53,18.92,65.16,8.79,6.61,12.92
"QLDNorth","Torres",142.315780639648,-10.0914144515991,0.2,2.2,2.66,39.95,23.12,86.9,8.74,6.58,12.87
"QLDNorth","Torres",142.105270385742,-10.0395927429199,0.2,2.25,2.57,14.45,9.57,26.22,4.97,3.92,6.95
"QLDNorth","Torres Strait Island",142.157897949219,-10.0395965576172,0.2,2.26,2.54,11.94,8.23,20.34,6.53,4.91,9.81
"QLDNorth","Torres Strait Island",142.210525512695,-10.0395927429199,0.2,2.26,2.51,12.26,8.43,20.93,12.68,8.65,21.89
